# 3ds Max Wavefront OBJ Exporter v0.99 - (c)2007 guruware
# File Created: 19.05.2025 10:51:24

mtllib Bathroom-accessories-072.mtl

#
# object Bathroom_accessories_072
#

v  5.6521 12.7723 -0.8914
v  5.6519 12.7665 -0.8329
v  -4.1037 12.7665 -0.8329
v  -4.1037 12.7723 -0.8914
v  5.6526 12.7893 -0.9477
v  -4.1037 12.7893 -0.9477
v  5.6536 12.8171 -0.9996
v  -4.1037 12.8171 -0.9996
v  5.6548 12.8544 -1.0450
v  -4.1037 12.8544 -1.0450
v  5.6563 12.8998 -1.0823
v  -4.1037 12.8998 -1.0824
v  5.6580 12.9517 -1.1101
v  -4.1037 12.9517 -1.1101
v  5.6599 13.0080 -1.1271
v  -4.1037 13.0080 -1.1271
v  5.6618 13.0665 -1.1329
v  -4.1037 13.0665 -1.1329
v  5.6637 13.1250 -1.1271
v  -4.1037 13.1250 -1.1271
v  5.6656 13.1813 -1.1101
v  -4.1037 13.1813 -1.1101
v  5.6673 13.2332 -1.0823
v  -4.1037 13.2332 -1.0824
v  5.6688 13.2786 -1.0450
v  -4.1037 13.2786 -1.0450
v  5.6700 13.3159 -0.9996
v  -4.1037 13.3159 -0.9996
v  5.6709 13.3437 -0.9477
v  -4.1037 13.3437 -0.9477
v  5.6715 13.3607 -0.8914
v  -4.1037 13.3607 -0.8914
v  5.6717 13.3665 -0.8329
v  -4.1037 13.3665 -0.8329
v  5.6715 13.3607 -0.7744
v  -4.1037 13.3607 -0.7744
v  5.6709 13.3437 -0.7181
v  -4.1037 13.3437 -0.7181
v  5.6700 13.3159 -0.6662
v  -4.1037 13.3159 -0.6662
v  5.6688 13.2786 -0.6208
v  -4.1037 13.2786 -0.6208
v  5.6673 13.2332 -0.5835
v  -4.1037 13.2332 -0.5835
v  5.6656 13.1813 -0.5557
v  -4.1037 13.1813 -0.5557
v  5.6637 13.1250 -0.5387
v  -4.1037 13.1250 -0.5387
v  5.6618 13.0665 -0.5329
v  -4.1037 13.0665 -0.5329
v  5.6599 13.0080 -0.5387
v  -4.1037 13.0080 -0.5387
v  5.6580 12.9517 -0.5557
v  -4.1037 12.9517 -0.5557
v  5.6563 12.8998 -0.5835
v  -4.1037 12.8998 -0.5835
v  5.6548 12.8544 -0.6208
v  -4.1037 12.8544 -0.6208
v  5.6536 12.8171 -0.6662
v  -4.1037 12.8171 -0.6662
v  5.6526 12.7893 -0.7181
v  -4.1037 12.7893 -0.7181
v  5.6521 12.7723 -0.7744
v  -4.1037 12.7723 -0.7744
v  6.0698 12.7447 -0.8914
v  6.0689 12.7390 -0.8329
v  6.0726 12.7616 -0.9477
v  6.0772 12.7891 -0.9996
v  6.0834 12.8261 -1.0450
v  6.0909 12.8711 -1.0823
v  6.0995 12.9225 -1.1101
v  6.1088 12.9783 -1.1271
v  6.1185 13.0363 -1.1329
v  6.1282 13.0944 -1.1271
v  6.1375 13.1501 -1.1101
v  6.1460 13.2016 -1.0823
v  6.1536 13.2466 -1.0450
v  6.1597 13.2836 -0.9996
v  6.1643 13.3111 -0.9477
v  6.1671 13.3280 -0.8914
v  6.1681 13.3337 -0.8329
v  6.1671 13.3280 -0.7744
v  6.1643 13.3111 -0.7181
v  6.1597 13.2836 -0.6662
v  6.1536 13.2466 -0.6208
v  6.1460 13.2016 -0.5835
v  6.1375 13.1501 -0.5557
v  6.1282 13.0944 -0.5387
v  6.1185 13.0363 -0.5329
v  6.1088 12.9783 -0.5387
v  6.0995 12.9225 -0.5557
v  6.0909 12.8711 -0.5835
v  6.0834 12.8261 -0.6208
v  6.0772 12.7891 -0.6662
v  6.0726 12.7616 -0.7181
v  6.0698 12.7447 -0.7744
v  6.3322 12.6736 -0.8914
v  6.3298 12.6683 -0.8329
v  6.3393 12.6894 -0.9477
v  6.3508 12.7150 -0.9996
v  6.3662 12.7495 -1.0450
v  6.3851 12.7915 -1.0823
v  6.4066 12.8394 -1.1101
v  6.4299 12.8914 -1.1271
v  6.4541 12.9454 -1.1329
v  6.4784 12.9995 -1.1271
v  6.5017 13.0515 -1.1101
v  6.5232 13.0994 -1.0823
v  6.5420 13.1414 -1.0450
v  6.5575 13.1759 -0.9996
v  6.5690 13.2015 -0.9477
v  6.5760 13.2173 -0.8914
v  6.5784 13.2226 -0.8329
v  6.5760 13.2173 -0.7744
v  6.5690 13.2015 -0.7181
v  6.5575 13.1759 -0.6662
v  6.5420 13.1414 -0.6208
v  6.5232 13.0994 -0.5835
v  6.5017 13.0515 -0.5557
v  6.4784 12.9995 -0.5387
v  6.4541 12.9454 -0.5329
v  6.4299 12.8914 -0.5387
v  6.4066 12.8394 -0.5557
v  6.3851 12.7915 -0.5835
v  6.3662 12.7495 -0.6208
v  6.3508 12.7150 -0.6662
v  6.3393 12.6894 -0.7181
v  6.3322 12.6736 -0.7744
v  6.4784 12.5781 -0.8914
v  6.4743 12.5739 -0.8329
v  6.4905 12.5906 -0.9477
v  6.5102 12.6109 -0.9996
v  6.5367 12.6381 -1.0450
v  6.5689 12.6713 -1.0823
v  6.6057 12.7092 -1.1101
v  6.6457 12.7504 -1.1271
v  6.6872 12.7932 -1.1329
v  6.7288 12.8359 -1.1271
v  6.7687 12.8771 -1.1101
v  6.8055 12.9150 -1.0823
v  6.8378 12.9482 -1.0450
v  6.8643 12.9754 -0.9996
v  6.8839 12.9957 -0.9477
v  6.8961 13.0082 -0.8914
v  6.9001 13.0124 -0.8329
v  6.8961 13.0082 -0.7744
v  6.8839 12.9957 -0.7181
v  6.8643 12.9754 -0.6662
v  6.8378 12.9482 -0.6208
v  6.8055 12.9150 -0.5835
v  6.7687 12.8771 -0.5557
v  6.7288 12.8359 -0.5387
v  6.6872 12.7932 -0.5329
v  6.6457 12.7504 -0.5387
v  6.6057 12.7092 -0.5557
v  6.5689 12.6713 -0.5835
v  6.5367 12.6381 -0.6208
v  6.5102 12.6109 -0.6662
v  6.4905 12.5906 -0.7181
v  6.4784 12.5781 -0.7744
v  6.5681 12.4491 -0.8914
v  6.5629 12.4466 -0.8329
v  6.5837 12.4567 -0.9477
v  6.6090 12.4689 -0.9996
v  6.6430 12.4853 -1.0450
v  6.6844 12.5054 -1.0823
v  6.7317 12.5283 -1.1101
v  6.7830 12.5531 -1.1271
v  6.8363 12.5789 -1.1329
v  6.8897 12.6047 -1.1271
v  6.9410 12.6295 -1.1101
v  6.9882 12.6524 -1.0823
v  7.0297 12.6724 -1.0450
v  7.0637 12.6889 -0.9996
v  7.0889 12.7011 -0.9477
v  7.1045 12.7086 -0.8914
v  7.1098 12.7112 -0.8329
v  7.1045 12.7086 -0.7744
v  7.0889 12.7011 -0.7181
v  7.0637 12.6889 -0.6662
v  7.0297 12.6724 -0.6208
v  6.9882 12.6524 -0.5835
v  6.9410 12.6295 -0.5557
v  6.8897 12.6047 -0.5387
v  6.8363 12.5789 -0.5329
v  6.7830 12.5531 -0.5387
v  6.7317 12.5283 -0.5557
v  6.6844 12.5054 -0.5835
v  6.6430 12.4853 -0.6208
v  6.6090 12.4689 -0.6662
v  6.5837 12.4567 -0.7181
v  6.5681 12.4491 -0.7744
v  6.6303 12.2432 -0.8914
v  6.6246 12.2421 -0.8329
v  6.6471 12.2466 -0.9477
v  6.6744 12.2522 -0.9996
v  6.7111 12.2596 -1.0450
v  6.7558 12.2687 -1.0823
v  6.8069 12.2791 -1.1101
v  6.8623 12.2903 -1.1271
v  6.9199 12.3020 -1.1329
v  6.9775 12.3137 -1.1271
v  7.0329 12.3249 -1.1101
v  7.0839 12.3353 -1.0823
v  7.1287 12.3444 -1.0450
v  7.1654 12.3518 -0.9996
v  7.1927 12.3573 -0.9477
v  7.2095 12.3607 -0.8914
v  7.2152 12.3619 -0.8329
v  7.2095 12.3607 -0.7744
v  7.1927 12.3573 -0.7181
v  7.1654 12.3518 -0.6662
v  7.1287 12.3444 -0.6208
v  7.0839 12.3353 -0.5835
v  7.0329 12.3249 -0.5557
v  6.9775 12.3137 -0.5387
v  6.9199 12.3020 -0.5329
v  6.8623 12.2903 -0.5387
v  6.8069 12.2791 -0.5557
v  6.7558 12.2687 -0.5835
v  6.7111 12.2596 -0.6208
v  6.6744 12.2522 -0.6662
v  6.6471 12.2466 -0.7181
v  6.6303 12.2432 -0.7744
v  6.6625 11.9432 -0.8914
v  6.6568 11.9428 -0.8329
v  6.6796 11.9442 -0.9477
v  6.7073 11.9460 -0.9996
v  6.7446 11.9484 -1.0450
v  6.7900 11.9513 -1.0823
v  6.8418 11.9546 -1.1101
v  6.8980 11.9581 -1.1271
v  6.9565 11.9619 -1.1329
v  7.0149 11.9656 -1.1271
v  7.0711 11.9692 -1.1101
v  7.1229 11.9725 -1.0823
v  7.1684 11.9753 -1.0450
v  7.2056 11.9777 -0.9996
v  7.2333 11.9795 -0.9477
v  7.2504 11.9806 -0.8914
v  7.2561 11.9809 -0.8329
v  7.2504 11.9806 -0.7744
v  7.2333 11.9795 -0.7181
v  7.2056 11.9777 -0.6662
v  7.1684 11.9753 -0.6208
v  7.1229 11.9725 -0.5835
v  7.0711 11.9692 -0.5557
v  7.0149 11.9656 -0.5387
v  6.9565 11.9619 -0.5329
v  6.8980 11.9581 -0.5387
v  6.8418 11.9546 -0.5557
v  6.7900 11.9513 -0.5835
v  6.7446 11.9484 -0.6208
v  6.7073 11.9460 -0.6662
v  6.6796 11.9442 -0.7181
v  6.6625 11.9432 -0.7744
v  6.6703 11.5549 -0.8914
v  6.6645 11.5549 -0.8329
v  6.6874 11.5551 -0.9477
v  6.7151 11.5554 -0.9996
v  6.7524 11.5558 -1.0450
v  6.7979 11.5562 -1.0823
v  6.8497 11.5567 -1.1101
v  6.9060 11.5573 -1.1271
v  6.9645 11.5579 -1.1329
v  7.0231 11.5584 -1.1271
v  7.0793 11.5590 -1.1101
v  7.1312 11.5595 -1.0823
v  7.1767 11.5600 -1.0450
v  7.2140 11.5603 -0.9996
v  7.2417 11.5606 -0.9477
v  7.2588 11.5608 -0.8914
v  7.2645 11.5608 -0.8329
v  7.2588 11.5608 -0.7744
v  7.2417 11.5606 -0.7181
v  7.2140 11.5603 -0.6662
v  7.1767 11.5600 -0.6208
v  7.1312 11.5595 -0.5835
v  7.0793 11.5590 -0.5557
v  7.0231 11.5584 -0.5387
v  6.9645 11.5579 -0.5329
v  6.9060 11.5573 -0.5387
v  6.8497 11.5567 -0.5557
v  6.7979 11.5562 -0.5835
v  6.7524 11.5558 -0.6208
v  6.7151 11.5554 -0.6662
v  6.6874 11.5551 -0.7181
v  6.6703 11.5549 -0.7744
v  6.6703 9.5010 -0.8915
v  6.6645 9.5044 -0.8330
v  6.6874 9.4978 -0.9478
v  6.7151 9.4948 -0.9997
v  6.7525 9.4922 -1.0451
v  6.7979 9.4901 -1.0824
v  6.8498 9.4885 -1.1101
v  6.9061 9.4875 -1.1272
v  6.9646 9.4872 -1.1329
v  7.0231 9.4875 -1.1271
v  7.0794 9.4885 -1.1100
v  7.1313 9.4901 -1.0823
v  7.1767 9.4922 -1.0450
v  7.2140 9.4948 -0.9995
v  7.2417 9.4978 -0.9476
v  7.2588 9.5010 -0.8914
v  7.2645 9.5044 -0.8328
v  7.2588 9.5077 -0.7743
v  7.2417 9.5109 -0.7180
v  7.2139 9.5139 -0.6662
v  7.1766 9.5165 -0.6207
v  7.1311 9.5186 -0.5834
v  7.0793 9.5202 -0.5557
v  7.0230 9.5212 -0.5387
v  6.9645 9.5215 -0.5329
v  6.9059 9.5212 -0.5387
v  6.8497 9.5202 -0.5558
v  6.7978 9.5186 -0.5835
v  6.7523 9.5165 -0.6208
v  6.7151 9.5139 -0.6663
v  6.6873 9.5109 -0.7182
v  6.6703 9.5077 -0.7745
v  6.6703 9.1357 -0.8496
v  6.6645 9.1481 -0.7921
v  6.6874 9.1237 -0.9049
v  6.7152 9.1127 -0.9558
v  6.7525 9.1030 -1.0004
v  6.7979 9.0951 -1.0371
v  6.8498 9.0892 -1.0643
v  6.9061 9.0856 -1.0810
v  6.9646 9.0843 -1.0867
v  7.0232 9.0856 -1.0810
v  7.0794 9.0892 -1.0642
v  7.1313 9.0951 -1.0370
v  7.1767 9.1030 -1.0003
v  7.2140 9.1127 -0.9557
v  7.2417 9.1237 -0.9047
v  7.2588 9.1357 -0.8494
v  7.2645 9.1482 -0.7919
v  7.2588 9.1606 -0.7345
v  7.2417 9.1726 -0.6792
v  7.2139 9.1836 -0.6283
v  7.1766 9.1933 -0.5836
v  7.1311 9.2012 -0.5470
v  7.0793 9.2071 -0.5198
v  7.0230 9.2107 -0.5030
v  6.9645 9.2119 -0.4974
v  6.9059 9.2107 -0.5031
v  6.8497 9.2071 -0.5198
v  6.7978 9.2012 -0.5471
v  6.7524 9.1932 -0.5837
v  6.7151 9.1836 -0.6284
v  6.6873 9.1725 -0.6793
v  6.6703 9.1606 -0.7346
v  6.6703 8.7829 -0.7358
v  6.6645 8.8051 -0.6814
v  6.6874 8.7614 -0.7880
v  6.7152 8.7417 -0.8361
v  6.7525 8.7244 -0.8783
v  6.7979 8.7102 -0.9129
v  6.8498 8.6997 -0.9386
v  6.9061 8.6932 -0.9544
v  6.9646 8.6910 -0.9598
v  7.0232 8.6932 -0.9544
v  7.0794 8.6997 -0.9385
v  7.1313 8.7103 -0.9128
v  7.1767 8.7245 -0.8782
v  7.2140 8.7418 -0.8360
v  7.2417 8.7615 -0.7878
v  7.2588 8.7829 -0.7356
v  7.2645 8.8052 -0.6813
v  7.2588 8.8275 -0.6270
v  7.2417 8.8489 -0.5748
v  7.2139 8.8686 -0.5266
v  7.1766 8.8859 -0.4844
v  7.1311 8.9001 -0.4498
v  7.0793 8.9106 -0.4241
v  7.0230 8.9171 -0.4083
v  6.9645 8.9193 -0.4030
v  6.9059 8.9171 -0.4083
v  6.8497 8.9106 -0.4242
v  6.7978 8.9000 -0.4499
v  6.7524 8.8858 -0.4846
v  6.7151 8.8685 -0.5268
v  6.6873 8.8488 -0.5749
v  6.6703 8.8274 -0.6271
v  6.6703 8.4527 -0.5697
v  6.6645 8.4821 -0.5190
v  6.6874 8.4244 -0.6185
v  6.7151 8.3984 -0.6634
v  6.7525 8.3755 -0.7028
v  6.7979 8.3568 -0.7351
v  6.8498 8.3429 -0.7591
v  6.9061 8.3343 -0.7739
v  6.9646 8.3314 -0.7789
v  7.0231 8.3343 -0.7739
v  7.0794 8.3429 -0.7591
v  7.1313 8.3568 -0.7350
v  7.1767 8.3756 -0.7027
v  7.2140 8.3984 -0.6633
v  7.2417 8.4245 -0.6183
v  7.2588 8.4528 -0.5696
v  7.2645 8.4822 -0.5188
v  7.2588 8.5116 -0.4681
v  7.2417 8.5399 -0.4194
v  7.2139 8.5660 -0.3744
v  7.1766 8.5888 -0.3350
v  7.1311 8.6076 -0.3027
v  7.0793 8.6215 -0.2787
v  7.0230 8.6301 -0.2639
v  6.9645 8.6330 -0.2589
v  6.9059 8.6301 -0.2640
v  6.8496 8.6215 -0.2788
v  6.7978 8.6075 -0.3028
v  6.7523 8.5888 -0.3351
v  6.7150 8.5659 -0.3745
v  6.6873 8.5398 -0.4195
v  6.6703 8.5116 -0.4683
v  6.6703 8.1513 -0.3700
v  6.6645 8.1859 -0.3227
v  6.6874 8.1180 -0.4154
v  6.7151 8.0873 -0.4573
v  6.7525 8.0604 -0.4940
v  6.7979 8.0384 -0.5242
v  6.8498 8.0220 -0.5465
v  6.9061 8.0119 -0.5603
v  6.9646 8.0085 -0.5649
v  7.0231 8.0119 -0.5603
v  7.0794 8.0220 -0.5465
v  7.1313 8.0384 -0.5241
v  7.1767 8.0605 -0.4939
v  7.2140 8.0874 -0.4572
v  7.2417 8.1181 -0.4153
v  7.2588 8.1514 -0.3699
v  7.2645 8.1860 -0.3226
v  7.2588 8.2206 -0.2753
v  7.2417 8.2539 -0.2299
v  7.2139 8.2846 -0.1880
v  7.1766 8.3115 -0.1513
v  7.1311 8.3335 -0.1212
v  7.0793 8.3499 -0.0988
v  7.0230 8.3600 -0.0850
v  6.9645 8.3634 -0.0804
v  6.9059 8.3600 -0.0850
v  6.8497 8.3499 -0.0988
v  6.7978 8.3335 -0.1212
v  6.7523 8.3114 -0.1514
v  6.7151 8.2845 -0.1881
v  6.6873 8.2538 -0.2300
v  6.6703 8.2205 -0.2754
v  6.6703 7.8847 -0.1547
v  6.6645 7.9232 -0.1106
v  6.6874 7.8476 -0.1972
v  6.7151 7.8135 -0.2363
v  6.7525 7.7836 -0.2705
v  6.7979 7.7590 -0.2986
v  6.8498 7.7408 -0.3195
v  6.9061 7.7296 -0.3324
v  6.9646 7.7258 -0.3367
v  7.0231 7.7296 -0.3324
v  7.0794 7.7408 -0.3195
v  7.1313 7.7591 -0.2986
v  7.1767 7.7836 -0.2704
v  7.2140 7.8136 -0.2362
v  7.2417 7.8477 -0.1970
v  7.2588 7.8848 -0.1546
v  7.2645 7.9233 -0.1105
v  7.2588 7.9618 -0.0664
v  7.2417 7.9988 -0.0240
v  7.2139 8.0330 0.0151
v  7.1766 8.0629 0.0494
v  7.1311 8.0874 0.0775
v  7.0793 8.1057 0.0984
v  7.0230 8.1169 0.1113
v  6.9645 8.1207 0.1156
v  6.9059 8.1169 0.1112
v  6.8497 8.1056 0.0984
v  6.7978 8.0874 0.0774
v  6.7523 8.0628 0.0493
v  6.7150 8.0329 0.0150
v  6.6873 7.9987 -0.0241
v  6.6703 7.9617 -0.0665
v  6.6703 7.6591 0.0581
v  6.6645 7.7007 0.0993
v  6.6874 7.6191 0.0185
v  6.7151 7.5822 -0.0180
v  6.7525 7.5499 -0.0500
v  6.7979 7.5233 -0.0763
v  6.8498 7.5036 -0.0958
v  6.9061 7.4915 -0.1078
v  6.9646 7.4874 -0.1118
v  7.0231 7.4915 -0.1077
v  7.0794 7.5037 -0.0957
v  7.1313 7.5234 -0.0762
v  7.1767 7.5499 -0.0499
v  7.2140 7.5823 -0.0179
v  7.2417 7.6192 0.0186
v  7.2588 7.6592 0.0582
v  7.2645 7.7008 0.0994
v  7.2588 7.7424 0.1406
v  7.2417 7.7824 0.1802
v  7.2139 7.8193 0.2167
v  7.1766 7.8516 0.2487
v  7.1311 7.8782 0.2750
v  7.0793 7.8979 0.2945
v  7.0230 7.9100 0.3065
v  6.9645 7.9141 0.3105
v  6.9059 7.9100 0.3065
v  6.8497 7.8978 0.2944
v  6.7978 7.8781 0.2749
v  6.7523 7.8515 0.2487
v  6.7150 7.8192 0.2166
v  6.6873 7.7823 0.1801
v  6.6703 7.7423 0.1405
v  6.6703 7.4838 0.2477
v  6.6645 7.5275 0.2867
v  6.6874 7.4417 0.2104
v  6.7151 7.4028 0.1761
v  6.7524 7.3686 0.1461
v  6.7979 7.3404 0.1216
v  6.8498 7.3193 0.1036
v  6.9060 7.3062 0.0927
v  6.9646 7.3014 0.0893
v  7.0231 7.3053 0.0936
v  7.0794 7.3176 0.1055
v  7.1312 7.3379 0.1244
v  7.1767 7.3654 0.1496
v  7.2140 7.3990 0.1802
v  7.2417 7.4375 0.2150
v  7.2588 7.4794 0.2526
v  7.2645 7.5230 0.2916
v  7.2588 7.5667 0.3306
v  7.2417 7.6088 0.3679
v  7.2140 7.6477 0.4022
v  7.1767 7.6819 0.4322
v  7.1312 7.7101 0.4567
v  7.0793 7.7312 0.4747
v  7.0230 7.7443 0.4856
v  6.9645 7.7491 0.4890
v  6.9060 7.7452 0.4847
v  6.8497 7.7329 0.4728
v  6.7978 7.7126 0.4539
v  6.7524 7.6851 0.4287
v  6.7151 7.6515 0.3981
v  6.6874 7.6130 0.3633
v  6.6703 7.5711 0.3257
v  6.6613 7.2250 0.5481
v  6.6556 7.2696 0.5860
v  6.6783 7.1817 0.5122
v  6.7060 7.1412 0.4796
v  6.7432 7.1052 0.4518
v  6.7886 7.0750 0.4296
v  6.8404 7.0518 0.4140
v  6.8966 7.0365 0.4056
v  6.9550 7.0296 0.4046
v  7.0135 7.0315 0.4112
v  7.0697 7.0420 0.4251
v  7.1215 7.0608 0.4457
v  7.1670 7.0871 0.4723
v  7.2043 7.1200 0.5038
v  7.2320 7.1581 0.5390
v  7.2491 7.2000 0.5765
v  7.2549 7.2441 0.6150
v  7.2491 7.2886 0.6530
v  7.2321 7.3320 0.6889
v  7.2045 7.3724 0.7214
v  7.1672 7.4085 0.7493
v  7.1219 7.4386 0.7715
v  7.0701 7.4618 0.7871
v  7.0139 7.4772 0.7955
v  6.9554 7.4840 0.7964
v  6.8970 7.4822 0.7898
v  6.8407 7.4716 0.7760
v  6.7889 7.4528 0.7554
v  6.7435 7.4265 0.7288
v  6.7062 7.3937 0.6973
v  6.6785 7.3556 0.6621
v  6.6614 7.3137 0.6245
v  6.6283 7.0225 0.7830
v  6.6227 7.0676 0.8204
v  6.6451 6.9778 0.7486
v  6.6724 6.9351 0.7187
v  6.7092 6.8961 0.6943
v  6.7540 6.8623 0.6763
v  6.8051 6.8350 0.6655
v  6.8605 6.8151 0.6623
v  6.9182 6.8036 0.6668
v  6.9759 6.8008 0.6788
v  7.0314 6.8068 0.6979
v  7.0825 6.8215 0.7233
v  7.1274 6.8442 0.7541
v  7.1642 6.8740 0.7891
v  7.1916 6.9099 0.8269
v  7.2084 6.9504 0.8660
v  7.2141 6.9941 0.9050
v  7.2085 7.0391 0.9424
v  7.1917 7.0838 0.9768
v  7.1644 7.1265 1.0067
v  7.1277 7.1655 1.0312
v  7.0829 7.1993 1.0491
v  7.0318 7.2267 1.0599
v  6.9763 7.2465 1.0631
v  6.9186 7.2580 1.0586
v  6.8609 7.2608 1.0466
v  6.8054 7.2548 1.0275
v  6.7543 7.2401 1.0021
v  6.7094 7.2175 0.9713
v  6.6726 7.1876 0.9363
v  6.6453 7.1517 0.8986
v  6.6284 7.1112 0.8594
v  6.5679 6.8791 0.9493
v  6.5626 6.9250 0.9858
v  6.5837 6.8321 0.9177
v  6.6094 6.7856 0.8922
v  6.6439 6.7414 0.8737
v  6.6861 6.7013 0.8630
v  6.7342 6.6668 0.8606
v  6.7864 6.6392 0.8664
v  6.8406 6.6196 0.8802
v  6.8949 6.6087 0.9016
v  6.9472 6.6070 0.9297
v  6.9953 6.6145 0.9635
v  7.0375 6.6309 1.0015
v  7.0721 6.6556 1.0424
v  7.0979 6.6877 1.0847
v  7.1137 6.7258 1.1266
v  7.1191 6.7686 1.1665
v  7.1138 6.8145 1.2030
v  7.0980 6.8615 1.2346
v  7.0723 6.9080 1.2601
v  7.0377 6.9522 1.2786
v  6.9956 6.9923 1.2893
v  6.9475 7.0268 1.2917
v  6.8953 7.0544 1.2859
v  6.8410 7.0740 1.2721
v  6.7867 7.0849 1.2507
v  6.7345 7.0866 1.2226
v  6.6864 7.0791 1.1888
v  6.6442 7.0627 1.1508
v  6.6096 7.0380 1.1099
v  6.5838 7.0060 1.0676
v  6.5679 6.9678 1.0257
v  6.4854 6.7899 1.0528
v  6.4810 6.8368 1.0881
v  6.4983 6.7398 1.0248
v  6.5194 6.6883 1.0051
v  6.5478 6.6374 0.9944
v  6.5823 6.5891 0.9933
v  6.6218 6.5452 1.0017
v  6.6646 6.5074 1.0192
v  6.7091 6.4773 1.0454
v  6.7536 6.4558 1.0790
v  6.7964 6.4439 1.1189
v  6.8359 6.4420 1.1635
v  6.8705 6.4502 1.2111
v  6.8989 6.4682 1.2599
v  6.9200 6.4952 1.3079
v  6.9330 6.5303 1.3534
v  6.9375 6.5721 1.3946
v  6.9331 6.6189 1.4299
v  6.9201 6.6691 1.4579
v  6.8991 6.7206 1.4776
v  6.8707 6.7714 1.4883
v  6.8362 6.8197 1.4894
v  6.7967 6.8636 1.4810
v  6.7539 6.9014 1.4634
v  6.7094 6.9316 1.4373
v  6.6649 6.9530 1.4036
v  6.6221 6.9649 1.3637
v  6.5826 6.9668 1.3191
v  6.5480 6.9586 1.2716
v  6.5196 6.9406 1.2228
v  6.4985 6.9136 1.1748
v  6.4854 6.8785 1.1293
v  6.3695 6.7310 1.1212
v  6.3668 6.7786 1.1555
v  6.3777 6.6784 1.0960
v  6.3909 6.6229 1.0809
v  6.4088 6.5667 1.0764
v  6.4305 6.5118 1.0829
v  6.4553 6.4605 1.0999
v  6.4822 6.4147 1.1269
v  6.5103 6.3761 1.1627
v  6.5383 6.3462 1.2062
v  6.5652 6.3262 1.2554
v  6.5900 6.3169 1.3087
v  6.6118 6.3185 1.3639
v  6.6296 6.3311 1.4188
v  6.6429 6.3542 1.4715
v  6.6511 6.3868 1.5198
v  6.6539 6.4278 1.5620
v  6.6511 6.4754 1.5963
v  6.6430 6.5280 1.6215
v  6.6297 6.5835 1.6366
v  6.6119 6.6397 1.6411
v  6.5902 6.6946 1.6346
v  6.5653 6.7459 1.6176
v  6.5384 6.7917 1.5906
v  6.5104 6.8303 1.5548
v  6.4824 6.8602 1.5113
v  6.4555 6.8802 1.4621
v  6.4307 6.8895 1.4088
v  6.4089 6.8878 1.3536
v  6.3910 6.8752 1.2987
v  6.3777 6.8522 1.2460
v  6.3696 6.8196 1.1977
v  6.1717 6.6882 1.1708
v  6.1706 6.7362 1.2047
v  6.1752 6.6346 1.1468
v  6.1807 6.5774 1.1336
v  6.1882 6.5190 1.1318
v  6.1973 6.4614 1.1413
v  6.2078 6.4070 1.1620
v  6.2191 6.3578 1.1929
v  6.2308 6.3157 1.2328
v  6.2426 6.2823 1.2803
v  6.2539 6.2589 1.3335
v  6.2643 6.2465 1.3904
v  6.2735 6.2454 1.4487
v  6.2810 6.2557 1.5063
v  6.2865 6.2771 1.5609
v  6.2900 6.3087 1.6104
v  6.2911 6.3493 1.6530
v  6.2900 6.3973 1.6869
v  6.2866 6.4510 1.7109
v  6.2810 6.5081 1.7241
v  6.2735 6.5666 1.7259
v  6.2644 6.6241 1.7163
v  6.2540 6.6786 1.6957
v  6.2427 6.7278 1.6648
v  6.2309 6.7699 1.6249
v  6.2191 6.8032 1.5774
v  6.2078 6.8266 1.5242
v  6.1974 6.8391 1.4673
v  6.1883 6.8401 1.4090
v  6.1808 6.8298 1.3514
v  6.1752 6.8084 1.2968
v  6.1717 6.7768 1.2473
v  5.8455 6.6707 1.1911
v  5.8452 6.7187 1.2250
v  5.8462 6.6169 1.1673
v  5.8473 6.5595 1.1544
v  5.8488 6.5007 1.1529
v  5.8507 6.4428 1.1629
v  5.8528 6.3879 1.1841
v  5.8551 6.3382 1.2155
v  5.8575 6.2956 1.2561
v  5.8599 6.2617 1.3042
v  5.8622 6.2379 1.3579
v  5.8644 6.2250 1.4153
v  5.8662 6.2235 1.4741
v  5.8678 6.2336 1.5320
v  5.8689 6.2547 1.5869
v  5.8696 6.2862 1.6366
v  5.8699 6.3267 1.6792
v  5.8696 6.3748 1.7131
v  5.8689 6.4285 1.7369
v  5.8678 6.4859 1.7498
v  5.8663 6.5447 1.7513
v  5.8644 6.6026 1.7413
v  5.8623 6.6575 1.7201
v  5.8600 6.7072 1.6887
v  5.8576 6.7498 1.6481
v  5.8552 6.7837 1.6001
v  5.8529 6.8075 1.5463
v  5.8507 6.8204 1.4889
v  5.8489 6.8219 1.4301
v  5.8473 6.8119 1.3722
v  5.8462 6.7907 1.3173
v  5.8455 6.7593 1.2676
v  -5.0487 6.6707 1.1911
v  -5.0485 6.7187 1.2250
v  -5.0494 6.6169 1.1673
v  -5.0504 6.5595 1.1544
v  -5.0519 6.5007 1.1529
v  -5.0536 6.4428 1.1629
v  -5.0556 6.3879 1.1841
v  -5.0577 6.3382 1.2155
v  -5.0600 6.2956 1.2561
v  -5.0622 6.2617 1.3042
v  -5.0644 6.2379 1.3579
v  -5.0663 6.2250 1.4153
v  -5.0681 6.2235 1.4741
v  -5.0695 6.2336 1.5320
v  -5.0706 6.2547 1.5869
v  -5.0712 6.2862 1.6366
v  -5.0714 6.3267 1.6792
v  -5.0712 6.3748 1.7131
v  -5.0706 6.4285 1.7369
v  -5.0695 6.4859 1.7498
v  -5.0681 6.5447 1.7513
v  -5.0664 6.6026 1.7413
v  -5.0644 6.6575 1.7201
v  -5.0622 6.7072 1.6887
v  -5.0600 6.7498 1.6481
v  -5.0578 6.7837 1.6001
v  -5.0556 6.8075 1.5463
v  -5.0536 6.8204 1.4889
v  -5.0519 6.8219 1.4301
v  -5.0505 6.8119 1.3722
v  -5.0494 6.7907 1.3173
v  -5.0487 6.7593 1.2676
v  -5.4661 6.6915 1.1669
v  -5.4651 6.7396 1.2008
v  -5.4689 6.6379 1.1429
v  -5.4735 6.5807 1.1298
v  -5.4796 6.5221 1.1281
v  -5.4871 6.4645 1.1378
v  -5.4957 6.4099 1.1586
v  -5.5050 6.3606 1.1896
v  -5.5147 6.3183 1.2297
v  -5.5244 6.2848 1.2773
v  -5.5337 6.2613 1.3307
v  -5.5422 6.2488 1.3877
v  -5.5497 6.2476 1.4461
v  -5.5559 6.2579 1.5038
v  -5.5605 6.2792 1.5585
v  -5.5633 6.3108 1.6081
v  -5.5643 6.3513 1.6506
v  -5.5633 6.3994 1.6845
v  -5.5605 6.4530 1.7085
v  -5.5559 6.5102 1.7216
v  -5.5498 6.5688 1.7234
v  -5.5423 6.6264 1.7137
v  -5.5337 6.6810 1.6929
v  -5.5244 6.7303 1.6619
v  -5.5147 6.7726 1.6218
v  -5.5050 6.8061 1.5741
v  -5.4957 6.8296 1.5208
v  -5.4872 6.8421 1.4638
v  -5.4797 6.8433 1.4053
v  -5.4735 6.8330 1.3476
v  -5.4689 6.8117 1.2930
v  -5.4661 6.7801 1.2434
v  -5.7876 6.7461 1.1036
v  -5.7856 6.7940 1.1377
v  -5.7935 6.6930 1.0790
v  -5.8031 6.6366 1.0649
v  -5.8161 6.5792 1.0619
v  -5.8319 6.5230 1.0699
v  -5.8499 6.4700 1.0888
v  -5.8694 6.4224 1.1179
v  -5.8897 6.3820 1.1559
v  -5.9101 6.3503 1.2014
v  -5.9296 6.3286 1.2527
v  -5.9476 6.3176 1.3079
v  -5.9634 6.3178 1.3647
v  -5.9764 6.3292 1.4210
v  -5.9860 6.3514 1.4747
v  -5.9920 6.3835 1.5237
v  -5.9940 6.4243 1.5660
v  -5.9920 6.4721 1.6002
v  -5.9861 6.5252 1.6247
v  -5.9765 6.5816 1.6388
v  -5.9635 6.6390 1.6419
v  -5.9477 6.6952 1.6338
v  -5.9297 6.7482 1.6149
v  -5.9102 6.7958 1.5859
v  -5.8899 6.8362 1.5479
v  -5.8695 6.8679 1.5024
v  -5.8500 6.8897 1.4510
v  -5.8320 6.9006 1.3959
v  -5.8162 6.9004 1.3391
v  -5.8032 6.8890 1.2827
v  -5.7936 6.8668 1.2291
v  -5.7876 6.8347 1.1801
v  -6.0447 6.8275 1.0092
v  -6.0417 6.8751 1.0437
v  -6.0536 6.7753 0.9835
v  -6.0681 6.7205 0.9676
v  -6.0876 6.6652 0.9621
v  -6.1114 6.6115 0.9673
v  -6.1385 6.5614 0.9828
v  -6.1679 6.5169 1.0082
v  -6.1985 6.4797 1.0425
v  -6.2291 6.4513 1.0843
v  -6.2585 6.4327 1.1320
v  -6.2856 6.4246 1.1837
v  -6.3094 6.4273 1.2376
v  -6.3289 6.4408 1.2916
v  -6.3434 6.4646 1.3435
v  -6.3524 6.4976 1.3913
v  -6.3554 6.5387 1.4333
v  -6.3524 6.5862 1.4678
v  -6.3435 6.6384 1.4935
v  -6.3290 6.6932 1.5093
v  -6.3095 6.7485 1.5148
v  -6.2858 6.8023 1.5097
v  -6.2587 6.8523 1.4941
v  -6.2293 6.8968 1.4687
v  -6.1987 6.9340 1.4345
v  -6.1681 6.9624 1.3927
v  -6.1387 6.9811 1.3450
v  -6.1115 6.9892 1.2932
v  -6.0878 6.9864 1.2393
v  -6.0682 6.9729 1.1854
v  -6.0537 6.9492 1.1335
v  -6.0448 6.9161 1.0856
v  -6.2591 6.9324 0.8875
v  -6.2553 6.9795 0.9225
v  -6.2704 6.8814 0.8605
v  -6.2888 6.8285 0.8424
v  -6.3135 6.7757 0.8340
v  -6.3436 6.7251 0.8355
v  -6.3780 6.6786 0.8469
v  -6.4153 6.6379 0.8679
v  -6.4541 6.6048 0.8974
v  -6.4929 6.5804 0.9345
v  -6.5302 6.5656 0.9778
v  -6.5646 6.5611 1.0254
v  -6.5948 6.5670 1.0757
v  -6.6196 6.5830 1.1267
v  -6.6380 6.6086 1.1763
v  -6.6493 6.6429 1.2228
v  -6.6532 6.6843 1.2643
v  -6.6494 6.7315 1.2993
v  -6.6381 6.7825 1.3263
v  -6.6197 6.8354 1.3444
v  -6.5950 6.8882 1.3529
v  -6.5648 6.9388 1.3513
v  -6.5305 6.9853 1.3399
v  -6.4932 7.0259 1.3190
v  -6.4544 7.0591 1.2894
v  -6.4155 7.0835 1.2523
v  -6.3782 7.0982 1.2091
v  -6.3438 7.1028 1.1614
v  -6.3137 7.0969 1.1111
v  -6.2889 7.0808 1.0602
v  -6.2705 7.0552 1.0105
v  -6.2592 7.0210 0.9640
v  -6.4476 7.0594 0.7402
v  -6.4432 7.1062 0.7755
v  -6.4605 7.0095 0.7119
v  -6.4814 6.9583 0.6918
v  -6.5096 6.9079 0.6806
v  -6.5440 6.8601 0.6788
v  -6.5832 6.8169 0.6865
v  -6.6257 6.7798 0.7033
v  -6.6700 6.7503 0.7286
v  -6.7142 6.7295 0.7615
v  -6.7568 6.7183 0.8006
v  -6.7960 6.7170 0.8445
v  -6.8304 6.7258 0.8915
v  -6.8586 6.7442 0.9397
v  -6.8796 6.7715 0.9874
v  -6.8926 6.8068 1.0326
v  -6.8969 6.8487 1.0737
v  -6.8926 6.8955 1.1091
v  -6.8797 6.9454 1.1374
v  -6.8588 6.9966 1.1575
v  -6.8306 7.0470 1.1686
v  -6.7962 7.0948 1.1704
v  -6.7570 7.1380 1.1627
v  -6.7145 7.1751 1.1459
v  -6.6702 7.2046 1.1206
v  -6.6260 7.2253 1.0878
v  -6.5834 7.2366 1.0486
v  -6.5442 7.2378 1.0048
v  -6.5098 7.2291 0.9578
v  -6.4815 7.2107 0.9096
v  -6.4606 7.1833 0.8619
v  -6.4476 7.1480 0.8166
v  -6.6221 7.2061 0.5700
v  -6.6175 7.2527 0.6056
v  -6.6358 7.1569 0.5409
v  -6.6582 7.1069 0.5194
v  -6.6882 7.0580 0.5064
v  -6.7249 7.0122 0.5024
v  -6.7667 6.9711 0.5075
v  -6.8121 6.9364 0.5216
v  -6.8593 6.9094 0.5441
v  -6.9065 6.8911 0.5740
v  -6.9519 6.8823 0.6104
v  -6.9937 6.8832 0.6517
v  -7.0304 6.8939 0.6965
v  -7.0605 6.9139 0.7429
v  -7.0829 6.9424 0.7892
v  -7.0967 6.9784 0.8336
v  -7.1014 7.0205 0.8744
v  -7.0967 7.0670 0.9100
v  -7.0830 7.1163 0.9391
v  -7.0607 7.1663 0.9606
v  -7.0306 7.2151 0.9736
v  -6.9940 7.2610 0.9776
v  -6.9521 7.3020 0.9725
v  -6.9068 7.3367 0.9584
v  -6.8596 7.3637 0.9360
v  -6.8124 7.3820 0.9060
v  -6.7670 7.3909 0.8696
v  -6.7251 7.3899 0.8283
v  -6.6884 7.3793 0.7836
v  -6.6583 7.3593 0.7371
v  -6.6360 7.3308 0.6909
v  -6.6222 7.2948 0.6464
v  -6.7651 7.3409 0.4136
v  -6.7604 7.3874 0.4494
v  -6.7791 7.2920 0.3842
v  -6.8019 7.2424 0.3623
v  -6.8325 7.1941 0.3487
v  -6.8699 7.1489 0.3439
v  -6.9125 7.1086 0.3481
v  -6.9587 7.0747 0.3612
v  -7.0068 7.0486 0.3827
v  -7.0550 7.0311 0.4116
v  -7.1012 7.0231 0.4470
v  -7.1439 7.0248 0.4875
v  -7.1813 7.0361 0.5314
v  -7.2120 7.0567 0.5772
v  -7.2348 7.0856 0.6230
v  -7.2489 7.1219 0.6672
v  -7.2536 7.1640 0.7079
v  -7.2489 7.2105 0.7436
v  -7.2349 7.2595 0.7730
v  -7.2121 7.3091 0.7950
v  -7.1815 7.3574 0.8086
v  -7.1441 7.4025 0.8134
v  -7.1015 7.4428 0.8091
v  -7.0553 7.4767 0.7960
v  -7.0072 7.5029 0.7746
v  -6.9590 7.5203 0.7456
v  -6.9128 7.5283 0.7102
v  -6.8701 7.5266 0.6697
v  -6.8327 7.5153 0.6258
v  -6.8020 7.4948 0.5800
v  -6.7792 7.4658 0.5342
v  -6.7651 7.4296 0.4901
v  -4.1537 12.8871 -0.8329
v  -4.1537 12.8905 -0.7979
v  -4.1537 12.9007 -0.7642
v  -4.1537 12.9173 -0.7332
v  -4.1537 12.9396 -0.7060
v  -4.1537 12.9668 -0.6837
v  -4.1537 12.9978 -0.6671
v  -4.1537 13.0315 -0.6569
v  -4.1537 13.0665 -0.6535
v  -4.1537 13.1015 -0.6569
v  -4.1537 13.1352 -0.6671
v  -4.1537 13.1662 -0.6837
v  -4.1537 13.1934 -0.7060
v  -4.1537 13.2157 -0.7332
v  -4.1537 13.2323 -0.7642
v  -4.1537 13.2425 -0.7979
v  -4.1537 13.2459 -0.8329
v  -4.1537 13.2425 -0.8679
v  -4.1537 13.2323 -0.9016
v  -4.1537 13.2157 -0.9326
v  -4.1537 13.1934 -0.9598
v  -4.1537 13.1662 -0.9821
v  -4.1537 13.1352 -0.9987
v  -4.1537 13.1015 -1.0089
v  -4.1537 13.0665 -1.0123
v  -4.1537 13.0315 -1.0089
v  -4.1537 12.9978 -0.9987
v  -4.1537 12.9668 -0.9821
v  -4.1537 12.9396 -0.9598
v  -4.1537 12.9173 -0.9326
v  -4.1537 12.9007 -0.9016
v  -4.1537 12.8905 -0.8679
v  -6.8992 7.4162 0.5209
v  -6.8908 7.3946 0.4945
v  -6.8880 7.3693 0.4702
v  -6.8908 7.3415 0.4488
v  -6.8992 7.3123 0.4312
v  -6.9128 7.2826 0.4181
v  -6.9311 7.2537 0.4099
v  -6.9534 7.2267 0.4071
v  -6.9789 7.2026 0.4096
v  -7.0066 7.1823 0.4175
v  -7.0354 7.1667 0.4303
v  -7.0642 7.1563 0.4476
v  -7.0918 7.1515 0.4688
v  -7.1173 7.1525 0.4930
v  -7.1397 7.1593 0.5193
v  -7.1581 7.1715 0.5466
v  -7.1717 7.1889 0.5740
v  -7.1801 7.2105 0.6004
v  -7.1830 7.2358 0.6248
v  -7.1801 7.2636 0.6462
v  -7.1718 7.2928 0.6637
v  -7.1582 7.3225 0.6769
v  -7.1398 7.3514 0.6850
v  -7.1175 7.3784 0.6879
v  -7.0920 7.4025 0.6853
v  -7.0643 7.4228 0.6775
v  -7.0356 7.4384 0.6647
v  -7.0068 7.4488 0.6473
v  -6.9791 7.4536 0.6262
v  -6.9536 7.4526 0.6020
v  -6.9312 7.4458 0.5757
v  -6.9129 7.4336 0.5483
v  -6.8339 7.3569 0.4100
v  -6.8422 7.3547 0.4156
v  -6.8384 7.3918 0.4442
v  -6.8299 7.3956 0.4398
v  -6.8422 7.4255 0.4767
v  -6.8339 7.4307 0.4737
v  -6.8535 7.4544 0.5120
v  -6.8456 7.4610 0.5105
v  -6.8717 7.4776 0.5486
v  -6.8647 7.4851 0.5486
v  -6.8962 7.4940 0.5852
v  -6.8902 7.5022 0.5868
v  -6.9261 7.5030 0.6203
v  -6.9214 7.5116 0.6234
v  -6.9602 7.5044 0.6526
v  -6.9569 7.5131 0.6571
v  -6.9971 7.4980 0.6809
v  -6.9955 7.5064 0.6866
v  -7.0356 7.4841 0.7041
v  -7.0356 7.4918 0.7108
v  -7.0740 7.4632 0.7212
v  -7.0757 7.4701 0.7287
v  -7.1110 7.4361 0.7317
v  -7.1142 7.4418 0.7396
v  -7.1451 7.4039 0.7350
v  -7.1498 7.4082 0.7431
v  -7.1749 7.3678 0.7312
v  -7.1809 7.3706 0.7391
v  -7.1994 7.3292 0.7203
v  -7.2064 7.3303 0.7278
v  -7.2176 7.2896 0.7028
v  -7.2254 7.2890 0.7095
v  -7.2288 7.2505 0.6793
v  -7.2371 7.2482 0.6850
v  -7.2325 7.2133 0.6508
v  -7.2410 7.2095 0.6552
v  -7.2287 7.1796 0.6182
v  -7.2370 7.1744 0.6213
v  -7.2175 7.1507 0.5830
v  -7.2253 7.1441 0.5845
v  -7.1993 7.1275 0.5464
v  -7.2063 7.1200 0.5463
v  -7.1747 7.1111 0.5098
v  -7.1807 7.1029 0.5082
v  -7.1449 7.1021 0.4747
v  -7.1495 7.0935 0.4715
v  -7.1108 7.1007 0.4423
v  -7.1140 7.0921 0.4378
v  -7.0738 7.1071 0.4141
v  -7.0754 7.0987 0.4083
v  -7.0353 7.1210 0.3909
v  -7.0353 7.1133 0.3842
v  -6.9969 7.1419 0.3738
v  -6.9952 7.1350 0.3663
v  -6.9599 7.1690 0.3633
v  -6.9567 7.1633 0.3554
v  -6.9259 7.2012 0.3599
v  -6.9212 7.1969 0.3519
v  -6.8960 7.2373 0.3637
v  -6.8901 7.2345 0.3558
v  -6.8715 7.2759 0.3746
v  -6.8645 7.2748 0.3672
v  -6.8534 7.3155 0.3921
v  -6.8455 7.3161 0.3855
v  -6.8140 7.4012 0.4333
v  -6.8182 7.3597 0.4013
v  -6.8307 7.3160 0.3751
v  -6.8511 7.2717 0.3555
v  -6.8784 7.2285 0.3433
v  -6.9118 7.1882 0.3390
v  -6.9499 7.1522 0.3428
v  -6.9912 7.1219 0.3545
v  -7.0342 7.0986 0.3737
v  -7.0772 7.0830 0.3996
v  -7.1185 7.0758 0.4312
v  -7.1566 7.0773 0.4673
v  -7.1900 7.0874 0.5066
v  -7.2174 7.1058 0.5475
v  -7.2378 7.1317 0.5884
v  -7.2504 7.1641 0.6278
v  -7.2547 7.2017 0.6642
v  -7.2504 7.2432 0.6961
v  -7.2379 7.2870 0.7224
v  -7.2176 7.3313 0.7420
v  -7.1902 7.3744 0.7542
v  -7.1568 7.4148 0.7584
v  -7.1188 7.4508 0.7546
v  -7.0774 7.4810 0.7429
v  -7.0345 7.5044 0.7238
v  -6.9915 7.5200 0.6979
v  -6.9501 7.5271 0.6663
v  -6.9120 7.5256 0.6301
v  -6.8786 7.5155 0.5909
v  -6.8512 7.4972 0.5500
v  -6.8308 7.4713 0.5090
v  -6.8183 7.4389 0.4696
v  -6.7991 7.4032 0.4310
v  -6.8035 7.3596 0.3974
v  -6.7852 7.4016 0.4329
v  -6.7898 7.3564 0.3981
v  -6.7723 7.3963 0.4390
v  -6.7769 7.3501 0.4035
v  -6.8167 7.3135 0.3697
v  -6.8034 7.3087 0.3695
v  -6.7909 7.3015 0.3743
v  -6.8381 7.2669 0.3491
v  -6.8255 7.2604 0.3481
v  -6.8135 7.2522 0.3525
v  -6.8669 7.2215 0.3363
v  -6.8554 7.2134 0.3349
v  -6.8439 7.2043 0.3390
v  -6.9020 7.1790 0.3318
v  -6.8917 7.1694 0.3302
v  -6.8810 7.1594 0.3342
v  -6.9421 7.1412 0.3358
v  -6.9332 7.1302 0.3343
v  -6.9234 7.1194 0.3384
v  -6.9855 7.1093 0.3481
v  -6.9782 7.0972 0.3471
v  -6.9693 7.0857 0.3514
v  -7.0308 7.0847 0.3683
v  -7.0251 7.0718 0.3680
v  -7.0171 7.0597 0.3728
v  -7.0760 7.0684 0.3955
v  -7.0719 7.0548 0.3962
v  -7.0649 7.0424 0.4015
v  -7.1195 7.0608 0.4288
v  -7.1169 7.0470 0.4306
v  -7.1109 7.0345 0.4367
v  -7.1596 7.0624 0.4668
v  -7.1585 7.0487 0.4700
v  -7.1532 7.0361 0.4769
v  -7.1947 7.0731 0.5081
v  -7.1949 7.0597 0.5128
v  -7.1904 7.0474 0.5206
v  -7.2236 7.0924 0.5511
v  -7.2247 7.0797 0.5573
v  -7.2209 7.0678 0.5660
v  -7.2450 7.1196 0.5942
v  -7.2469 7.1079 0.6019
v  -7.2435 7.0965 0.6115
v  -7.2583 7.1537 0.6357
v  -7.2606 7.1432 0.6449
v  -7.2575 7.1326 0.6554
v  -7.2627 7.1933 0.6740
v  -7.2653 7.1842 0.6845
v  -7.2622 7.1745 0.6958
v  -7.2583 7.2370 0.7076
v  -7.2607 7.2294 0.7193
v  -7.2576 7.2206 0.7313
v  -7.2452 7.2830 0.7352
v  -7.2471 7.2771 0.7479
v  -7.2436 7.2692 0.7605
v  -7.2238 7.3296 0.7558
v  -7.2249 7.3254 0.7693
v  -7.2210 7.3185 0.7823
v  -7.1949 7.3750 0.7686
v  -7.1951 7.3724 0.7825
v  -7.1906 7.3665 0.7958
v  -7.1598 7.4175 0.7731
v  -7.1587 7.4163 0.7872
v  -7.1535 7.4114 0.8006
v  -7.1198 7.4554 0.7691
v  -7.1172 7.4556 0.7830
v  -7.1111 7.4514 0.7964
v  -7.0763 7.4872 0.7568
v  -7.0722 7.4885 0.7703
v  -7.0652 7.4850 0.7834
v  -7.0311 7.5118 0.7367
v  -7.0254 7.5140 0.7494
v  -7.0174 7.5110 0.7621
v  -6.9858 7.5282 0.7094
v  -6.9785 7.5309 0.7212
v  -6.9696 7.5283 0.7333
v  -6.9423 7.5357 0.6761
v  -6.9335 7.5388 0.6868
v  -6.9236 7.5363 0.6981
v  -6.9022 7.5341 0.6381
v  -6.8920 7.5371 0.6474
v  -6.8813 7.5346 0.6579
v  -6.8671 7.5235 0.5968
v  -6.8556 7.5261 0.6046
v  -6.8441 7.5234 0.6143
v  -6.8382 7.5042 0.5538
v  -6.8257 7.5061 0.5601
v  -6.8136 7.5030 0.5688
v  -6.8168 7.4769 0.5107
v  -6.8035 7.4779 0.5154
v  -6.7910 7.4742 0.5233
v  -6.8036 7.4429 0.4692
v  -6.7898 7.4426 0.4725
v  -6.7770 7.4382 0.4795
v  -4.1537 12.8165 -0.8329
v  -4.1537 12.8268 -0.8329
v  -4.1537 12.8314 -0.8797
v  -4.1537 12.8213 -0.8817
v  -4.1537 12.8450 -0.9246
v  -4.1537 12.8355 -0.9286
v  -4.1537 12.8672 -0.9661
v  -4.1537 12.8586 -0.9718
v  -4.1537 12.8970 -1.0024
v  -4.1537 12.8897 -1.0097
v  -4.1537 12.9333 -1.0322
v  -4.1537 12.9276 -1.0408
v  -4.1537 12.9748 -1.0544
v  -4.1537 12.9708 -1.0639
v  -4.1537 13.0197 -1.0680
v  -4.1537 13.0177 -1.0781
v  -4.1537 13.0665 -1.0726
v  -4.1537 13.0665 -1.0829
v  -4.1537 13.1133 -1.0680
v  -4.1537 13.1153 -1.0781
v  -4.1537 13.1582 -1.0544
v  -4.1537 13.1622 -1.0639
v  -4.1537 13.1997 -1.0322
v  -4.1537 13.2054 -1.0408
v  -4.1537 13.2360 -1.0024
v  -4.1537 13.2433 -1.0097
v  -4.1537 13.2658 -0.9661
v  -4.1537 13.2744 -0.9718
v  -4.1537 13.2880 -0.9246
v  -4.1537 13.2975 -0.9286
v  -4.1537 13.3016 -0.8797
v  -4.1537 13.3117 -0.8817
v  -4.1537 13.3062 -0.8329
v  -4.1537 13.3165 -0.8329
v  -4.1537 13.3016 -0.7861
v  -4.1537 13.3117 -0.7841
v  -4.1537 13.2880 -0.7412
v  -4.1537 13.2975 -0.7372
v  -4.1537 13.2658 -0.6997
v  -4.1537 13.2744 -0.6940
v  -4.1537 13.2360 -0.6634
v  -4.1537 13.2433 -0.6561
v  -4.1537 13.1997 -0.6336
v  -4.1537 13.2054 -0.6250
v  -4.1537 13.1582 -0.6114
v  -4.1537 13.1622 -0.6019
v  -4.1537 13.1133 -0.5978
v  -4.1537 13.1153 -0.5877
v  -4.1537 13.0665 -0.5932
v  -4.1537 13.0665 -0.5829
v  -4.1537 13.0197 -0.5978
v  -4.1537 13.0177 -0.5877
v  -4.1537 12.9748 -0.6114
v  -4.1537 12.9708 -0.6019
v  -4.1537 12.9333 -0.6336
v  -4.1537 12.9276 -0.6250
v  -4.1537 12.8970 -0.6634
v  -4.1537 12.8897 -0.6561
v  -4.1537 12.8672 -0.6997
v  -4.1537 12.8586 -0.6940
v  -4.1537 12.8450 -0.7412
v  -4.1537 12.8355 -0.7372
v  -4.1537 12.8314 -0.7861
v  -4.1537 12.8213 -0.7841
v  -4.1517 12.8037 -0.8852
v  -4.1517 12.7985 -0.8329
v  -4.1517 12.8189 -0.9355
v  -4.1517 12.8437 -0.9818
v  -4.1517 12.8770 -1.0224
v  -4.1517 12.9176 -1.0557
v  -4.1517 12.9639 -1.0805
v  -4.1517 13.0142 -1.0958
v  -4.1517 13.0665 -1.1009
v  -4.1517 13.1188 -1.0958
v  -4.1517 13.1691 -1.0805
v  -4.1517 13.2154 -1.0557
v  -4.1517 13.2560 -1.0224
v  -4.1517 13.2893 -0.9818
v  -4.1517 13.3141 -0.9355
v  -4.1517 13.3294 -0.8852
v  -4.1517 13.3345 -0.8329
v  -4.1517 13.3294 -0.7806
v  -4.1517 13.3141 -0.7304
v  -4.1517 13.2893 -0.6840
v  -4.1517 13.2560 -0.6434
v  -4.1517 13.2154 -0.6101
v  -4.1517 13.1691 -0.5853
v  -4.1517 13.1188 -0.5701
v  -4.1517 13.0665 -0.5649
v  -4.1517 13.0142 -0.5701
v  -4.1517 12.9639 -0.5853
v  -4.1517 12.9176 -0.6101
v  -4.1517 12.8770 -0.6434
v  -4.1517 12.8437 -0.6840
v  -4.1517 12.8189 -0.7304
v  -4.1517 12.8037 -0.7806
v  -4.1457 12.7899 -0.8879
v  -4.1457 12.7845 -0.8329
v  -4.1357 12.7801 -0.8899
v  -4.1357 12.7745 -0.8329
v  -4.1217 12.7742 -0.8910
v  -4.1217 12.7685 -0.8329
v  -4.1457 12.8060 -0.9408
v  -4.1357 12.7967 -0.9447
v  -4.1217 12.7912 -0.9469
v  -4.1457 12.8320 -0.9896
v  -4.1357 12.8237 -0.9951
v  -4.1217 12.8187 -0.9985
v  -4.1457 12.8671 -1.0323
v  -4.1357 12.8600 -1.0394
v  -4.1217 12.8558 -1.0436
v  -4.1457 12.9098 -1.0674
v  -4.1357 12.9043 -1.0757
v  -4.1217 12.9009 -1.0807
v  -4.1457 12.9586 -1.0934
v  -4.1357 12.9548 -1.1027
v  -4.1217 12.9525 -1.1082
v  -4.1457 13.0115 -1.1095
v  -4.1357 13.0095 -1.1193
v  -4.1217 13.0084 -1.1252
v  -4.1457 13.0665 -1.1149
v  -4.1357 13.0665 -1.1249
v  -4.1217 13.0665 -1.1309
v  -4.1457 13.1215 -1.1095
v  -4.1357 13.1235 -1.1193
v  -4.1217 13.1246 -1.1252
v  -4.1457 13.1744 -1.0934
v  -4.1357 13.1783 -1.1027
v  -4.1217 13.1805 -1.1082
v  -4.1457 13.2232 -1.0674
v  -4.1357 13.2287 -1.0757
v  -4.1217 13.2321 -1.0807
v  -4.1457 13.2659 -1.0323
v  -4.1357 13.2730 -1.0394
v  -4.1217 13.2772 -1.0436
v  -4.1457 13.3010 -0.9896
v  -4.1357 13.3093 -0.9951
v  -4.1217 13.3143 -0.9985
v  -4.1457 13.3270 -0.9408
v  -4.1357 13.3363 -0.9447
v  -4.1217 13.3418 -0.9469
v  -4.1457 13.3431 -0.8879
v  -4.1357 13.3529 -0.8899
v  -4.1217 13.3588 -0.8910
v  -4.1457 13.3485 -0.8329
v  -4.1357 13.3585 -0.8329
v  -4.1217 13.3645 -0.8329
v  -4.1457 13.3431 -0.7779
v  -4.1357 13.3529 -0.7759
v  -4.1217 13.3588 -0.7748
v  -4.1457 13.3270 -0.7250
v  -4.1357 13.3363 -0.7212
v  -4.1217 13.3418 -0.7189
v  -4.1457 13.3010 -0.6762
v  -4.1357 13.3093 -0.6707
v  -4.1217 13.3143 -0.6673
v  -4.1457 13.2659 -0.6335
v  -4.1357 13.2730 -0.6264
v  -4.1217 13.2772 -0.6222
v  -4.1457 13.2232 -0.5984
v  -4.1357 13.2287 -0.5901
v  -4.1217 13.2321 -0.5851
v  -4.1457 13.1744 -0.5724
v  -4.1357 13.1783 -0.5631
v  -4.1217 13.1805 -0.5576
v  -4.1457 13.1215 -0.5563
v  -4.1357 13.1235 -0.5465
v  -4.1217 13.1246 -0.5406
v  -4.1457 13.0665 -0.5509
v  -4.1357 13.0665 -0.5409
v  -4.1217 13.0665 -0.5349
v  -4.1457 13.0115 -0.5563
v  -4.1357 13.0095 -0.5465
v  -4.1217 13.0084 -0.5406
v  -4.1457 12.9586 -0.5724
v  -4.1357 12.9548 -0.5631
v  -4.1217 12.9525 -0.5576
v  -4.1457 12.9098 -0.5984
v  -4.1357 12.9043 -0.5901
v  -4.1217 12.9009 -0.5851
v  -4.1457 12.8671 -0.6335
v  -4.1357 12.8600 -0.6264
v  -4.1217 12.8558 -0.6222
v  -4.1457 12.8320 -0.6762
v  -4.1357 12.8237 -0.6707
v  -4.1217 12.8187 -0.6673
v  -4.1457 12.8060 -0.7250
v  -4.1357 12.7967 -0.7212
v  -4.1217 12.7912 -0.7189
v  -4.1457 12.7899 -0.7779
v  -4.1357 12.7801 -0.7759
v  -4.1217 12.7742 -0.7748
v  5.4546 6.8132 1.1429
v  5.4546 6.8271 1.3719
v  -4.6579 6.8271 1.3719
v  -4.6579 6.8132 1.1429
v  5.4546 6.7719 0.9172
v  -4.6579 6.7719 0.9172
v  5.4546 6.7036 0.6981
v  -4.6579 6.7036 0.6981
v  5.4546 6.6094 0.4888
v  -4.6579 6.6094 0.4888
v  5.4546 6.4907 0.2924
v  -4.6579 6.4907 0.2924
v  5.4546 6.3492 0.1118
v  -4.6579 6.3492 0.1118
v  5.4546 6.1869 -0.0505
v  -4.6579 6.1869 -0.0505
v  5.4546 6.0063 -0.1920
v  -4.6579 6.0062 -0.1920
v  5.4546 5.8099 -0.3107
v  -4.6579 5.8099 -0.3107
v  5.4546 5.6006 -0.4049
v  -4.6579 5.6006 -0.4049
v  5.4546 5.3815 -0.4732
v  -4.6579 5.3815 -0.4732
v  5.4546 5.1558 -0.5145
v  -4.6579 5.1558 -0.5145
v  5.4546 4.9267 -0.5284
v  -4.6579 4.9267 -0.5284
v  5.4546 4.6977 -0.5145
v  -4.6579 4.6977 -0.5145
v  5.4546 4.4720 -0.4732
v  -4.6579 4.4720 -0.4732
v  5.4546 4.2529 -0.4049
v  -4.6579 4.2529 -0.4049
v  5.4546 4.0436 -0.3107
v  -4.6579 4.0436 -0.3107
v  5.4546 3.8472 -0.1920
v  -4.6579 3.8472 -0.1920
v  5.4546 3.6666 -0.0505
v  -4.6579 3.6666 -0.0505
v  5.4546 3.5043 0.1118
v  -4.6579 3.5043 0.1118
v  5.4546 3.3628 0.2924
v  -4.6579 3.3628 0.2924
v  5.4546 3.2441 0.4888
v  -4.6579 3.2441 0.4888
v  5.4546 3.1499 0.6981
v  -4.6579 3.1499 0.6981
v  5.4546 3.0816 0.9172
v  -4.6579 3.0816 0.9172
v  5.4546 3.0403 1.1429
v  -4.6579 3.0403 1.1429
v  5.4546 3.0264 1.3719
v  -4.6579 3.0264 1.3719
v  5.4546 3.0403 1.6010
v  -4.6579 3.0403 1.6010
v  5.4546 3.0816 1.8267
v  -4.6579 3.0816 1.8267
v  5.4546 3.1499 2.0458
v  -4.6579 3.1499 2.0458
v  5.4546 3.2441 2.2551
v  -4.6579 3.2441 2.2551
v  5.4546 3.3628 2.4514
v  -4.6579 3.3628 2.4515
v  5.4546 3.5043 2.6321
v  -4.6579 3.5043 2.6321
v  5.4546 3.6666 2.7944
v  -4.6579 3.6666 2.7944
v  5.4546 3.8472 2.9359
v  -4.6579 3.8472 2.9359
v  5.4546 4.0436 3.0546
v  -4.6579 4.0436 3.0546
v  5.4546 4.2529 3.1488
v  -4.6579 4.2529 3.1488
v  5.4546 4.4720 3.2170
v  -4.6579 4.4720 3.2171
v  5.4546 4.6977 3.2584
v  -4.6579 4.6977 3.2584
v  5.4546 4.9267 3.2723
v  -4.6579 4.9267 3.2723
v  5.4546 5.1558 3.2584
v  -4.6579 5.1558 3.2584
v  5.4546 5.3815 3.2170
v  -4.6579 5.3815 3.2171
v  5.4546 5.6006 3.1488
v  -4.6579 5.6006 3.1488
v  5.4546 5.8099 3.0546
v  -4.6579 5.8099 3.0546
v  5.4546 6.0063 2.9359
v  -4.6579 6.0062 2.9359
v  5.4546 6.1869 2.7944
v  -4.6579 6.1869 2.7944
v  5.4546 6.3492 2.6321
v  -4.6579 6.3492 2.6321
v  5.4546 6.4907 2.4514
v  -4.6579 6.4907 2.4514
v  5.4546 6.6094 2.2551
v  -4.6579 6.6094 2.2551
v  5.4546 6.7036 2.0458
v  -4.6579 6.7036 2.0458
v  5.4546 6.7719 1.8267
v  -4.6579 6.7719 1.8267
v  5.4546 6.8132 1.6010
v  -4.6579 6.8132 1.6010
v  5.4546 9.8535 1.3719
v  5.4546 9.8176 0.7781
v  -4.6580 9.8535 1.3719
v  -4.6580 9.8176 0.7781
v  5.4546 9.7103 0.1929
v  -4.6580 9.7103 0.1929
v  5.4546 9.5333 -0.3751
v  -4.6580 9.5333 -0.3751
v  5.4546 9.2891 -0.9176
v  -4.6580 9.2891 -0.9176
v  5.4546 8.9814 -1.4268
v  -4.6580 8.9814 -1.4268
v  5.4546 8.6145 -1.8951
v  -4.6580 8.6145 -1.8951
v  5.4546 8.1938 -2.3158
v  -4.6580 8.1938 -2.3158
v  5.4546 7.7254 -2.6827
v  -4.6580 7.7254 -2.6827
v  5.4546 7.2163 -2.9905
v  -4.6580 7.2163 -2.9905
v  5.4546 6.6738 -3.2346
v  -4.6580 6.6738 -3.2346
v  5.4546 6.1058 -3.4116
v  -4.6580 6.1058 -3.4116
v  5.4546 5.5206 -3.5189
v  -4.6580 5.5206 -3.5189
v  5.4546 4.9267 -3.5548
v  -4.6580 4.9267 -3.5548
v  5.4546 4.3329 -3.5189
v  -4.6580 4.3329 -3.5189
v  5.4546 3.7477 -3.4116
v  -4.6580 3.7477 -3.4116
v  5.4546 3.1797 -3.2346
v  -4.6580 3.1797 -3.2346
v  5.4546 2.6372 -2.9905
v  -4.6580 2.6372 -2.9905
v  5.4546 2.1280 -2.6827
v  -4.6580 2.1280 -2.6827
v  5.4546 1.6597 -2.3158
v  -4.6580 1.6597 -2.3158
v  5.4546 1.2390 -1.8951
v  -4.6580 1.2390 -1.8951
v  5.4546 0.8721 -1.4268
v  -4.6580 0.8721 -1.4268
v  5.4546 0.5643 -0.9176
v  -4.6580 0.5643 -0.9176
v  5.4546 0.3202 -0.3751
v  -4.6579 0.3202 -0.3751
v  5.4546 0.1432 0.1929
v  -4.6579 0.1432 0.1929
v  5.4546 0.0359 0.7781
v  -4.6579 0.0359 0.7781
v  5.4546 0.0000 1.3719
v  -4.6579 0.0000 1.3719
v  5.4546 0.0359 1.9658
v  -4.6579 0.0359 1.9658
v  5.4546 0.1432 2.5510
v  -4.6579 0.1432 2.5510
v  5.4546 0.3202 3.1190
v  -4.6579 0.3202 3.1190
v  5.4546 0.5643 3.6615
v  -4.6579 0.5643 3.6615
v  5.4546 0.8721 4.1706
v  -4.6579 0.8721 4.1706
v  5.4546 1.2390 4.6390
v  -4.6579 1.2390 4.6390
v  5.4546 1.6597 5.0596
v  -4.6579 1.6597 5.0597
v  5.4546 2.1280 5.4266
v  -4.6579 2.1280 5.4266
v  5.4546 2.6372 5.7343
v  -4.6579 2.6372 5.7343
v  5.4546 3.1797 5.9785
v  -4.6579 3.1797 5.9785
v  5.4546 3.7477 6.1555
v  -4.6579 3.7477 6.1555
v  5.4546 4.3329 6.2627
v  -4.6579 4.3329 6.2628
v  5.4546 4.9267 6.2987
v  -4.6579 4.9267 6.2987
v  5.4546 5.5206 6.2627
v  -4.6579 5.5206 6.2628
v  5.4546 6.1058 6.1555
v  -4.6579 6.1058 6.1555
v  5.4546 6.6738 5.9785
v  -4.6579 6.6738 5.9785
v  5.4546 7.2163 5.7343
v  -4.6579 7.2163 5.7343
v  5.4546 7.7254 5.4266
v  -4.6579 7.7254 5.4266
v  5.4546 8.1938 5.0596
v  -4.6579 8.1938 5.0597
v  5.4546 8.6145 4.6390
v  -4.6579 8.6145 4.6390
v  5.4546 8.9814 4.1706
v  -4.6579 8.9814 4.1706
v  5.4546 9.2891 3.6615
v  -4.6580 9.2891 3.6615
v  5.4546 9.5333 3.1190
v  -4.6580 9.5333 3.1190
v  5.4546 9.7103 2.5510
v  -4.6580 9.7103 2.5510
v  5.4546 9.8176 1.9658
v  -4.6580 9.8176 1.9658
v  5.4546 0.8568 6.2987
v  5.4546 1.5351 6.2987
v  -4.6579 1.5351 6.2987
v  -4.6579 0.8568 6.2987
v  5.4546 2.2135 6.2987
v  -4.6579 2.2135 6.2987
v  5.4546 2.8918 6.2987
v  -4.6579 2.8918 6.2987
v  5.4546 3.5701 6.2987
v  -4.6579 3.5701 6.2987
v  5.4546 4.2484 6.2987
v  -4.6579 4.2484 6.2987
v  -4.6579 0.2881 6.2987
v  5.4546 0.2881 6.2987
v  3.2307 12.5322 -6.2987
v  2.6731 12.6431 -6.2987
v  2.6687 13.0339 -6.2987
v  3.2806 13.0339 -6.2987
v  3.6319 12.4524 -6.2987
v  3.6897 13.0339 -6.2987
v  3.4628 11.8931 -6.2987
v  3.0848 12.0497 -6.2987
v  2.5195 12.2838 -6.2987
v  3.8351 12.4120 -5.8636
v  3.6542 11.8138 -5.8636
v  3.6542 11.8138 -6.1320
v  3.8351 12.4120 -6.1320
v  3.8969 13.0339 -5.8636
v  3.8969 13.0339 -6.1320
v  3.8969 13.0339 -5.5951
v  3.8351 12.4120 -5.5951
v  3.6542 11.8138 -5.5951
v  3.5144 12.4758 -5.4092
v  3.3521 11.9389 -5.4092
v  3.5385 11.8617 -5.4211
v  3.7123 12.4364 -5.4211
v  3.5699 13.0339 -5.4092
v  3.7717 13.0339 -5.4211
v  3.3682 13.0339 -5.3973
v  3.3166 12.5151 -5.3973
v  3.1657 12.0162 -5.3973
v  3.1948 12.5394 -5.3784
v  3.2025 12.5378 -5.3875
v  3.2519 13.0339 -5.3875
v  3.2439 13.0339 -5.3784
v  3.1953 12.5393 -5.3645
v  3.2445 13.0339 -5.3645
v  3.0514 12.0635 -5.3645
v  3.0510 12.0637 -5.3784
v  3.0583 12.0607 -5.3875
v  3.1947 12.5394 -5.3457
v  3.2439 13.0339 -5.3457
v  3.1921 12.5399 -5.3227
v  3.2412 13.0339 -5.3227
v  3.0485 12.0647 -5.3227
v  3.0509 12.0637 -5.3457
v  3.1865 12.5410 -5.2963
v  3.2356 13.0339 -5.2963
v  3.1770 12.5429 -5.2675
v  3.2258 13.0339 -5.2675
v  3.0342 12.0706 -5.2675
v  3.0432 12.0669 -5.2963
v  3.1626 12.5458 -5.2369
v  3.2111 13.0339 -5.2369
v  3.1422 12.5498 -5.2053
v  3.1904 13.0339 -5.2053
v  3.0015 12.0842 -5.2053
v  3.0206 12.0763 -5.2369
v  3.1151 12.5552 -5.1737
v  3.1627 13.0339 -5.1737
v  3.0801 12.5622 -5.1427
v  3.1270 13.0339 -5.1427
v  2.9430 12.1084 -5.1427
v  2.9759 12.0948 -5.1737
v  3.0364 12.5709 -5.1132
v  3.0825 13.0339 -5.1132
v  2.9830 12.5815 -5.0860
v  3.0280 13.0339 -5.0860
v  2.8514 12.1463 -5.0860
v  2.9018 12.1255 -5.1132
v  2.9189 12.5942 -5.0619
v  2.9626 13.0339 -5.0619
v  2.8255 12.6128 -5.0253
v  2.8674 13.0339 -5.0253
v  2.7031 12.2078 -5.0253
v  2.7910 12.1714 -5.0619
v  2.6844 12.6409 -4.9607
v  2.7234 13.0339 -4.9607
v  2.5308 12.6714 -4.8697
v  2.5669 13.0339 -4.8697
v  2.4254 12.3228 -4.8697
v  2.5701 12.2629 -4.9607
v  2.4004 12.6974 -4.7535
v  2.4338 13.0339 -4.7535
v  2.2910 12.7191 -4.6220
v  2.3223 13.0339 -4.6220
v  2.1995 12.4164 -4.6220
v  2.3025 12.3737 -4.7535
v  2.2010 12.7370 -4.4851
v  2.2305 13.0339 -4.4851
v  2.1284 12.7515 -4.3474
v  2.1564 13.0339 -4.3474
v  2.0462 12.4799 -4.3474
v  2.1147 12.4515 -4.4851
v  2.0712 12.7628 -4.2136
v  2.0982 13.0339 -4.2136
v  2.0277 12.7715 -4.0855
v  2.0538 13.0339 -4.0855
v  1.9514 12.5191 -4.0855
v  1.9924 12.5022 -4.2136
v  1.9959 12.7778 -3.9651
v  2.0213 13.0339 -3.9651
v  1.9739 12.7822 -3.8568
v  1.9989 13.0339 -3.8568
v  1.9008 12.5401 -3.8568
v  1.9214 12.5316 -3.9651
v  1.9599 12.7850 -3.7652
v  1.9847 13.0339 -3.7652
v  1.9520 12.7866 -3.6948
v  1.9766 13.0339 -3.6948
v  1.8801 12.5487 -3.6948
v  1.8876 12.5456 -3.7652
v  1.9482 12.7873 -3.6502
v  1.9728 13.0339 -3.6502
v  1.9458 12.7878 -3.6136
v  1.9702 13.0339 -3.6136
v  1.8742 12.5511 -3.6136
v  1.8766 12.5501 -3.6502
v  1.9417 12.7886 -3.5675
v  1.9661 13.0339 -3.5675
v  1.9345 12.7900 -3.5176
v  1.9587 13.0339 -3.5176
v  1.8636 12.5555 -3.5176
v  1.8704 12.5527 -3.5675
v  1.9227 12.7924 -3.4696
v  1.9467 13.0339 -3.4696
v  1.9067 12.7956 -3.4237
v  1.9304 13.0339 -3.4237
v  1.8374 12.5664 -3.4237
v  1.8525 12.5601 -3.4696
v  1.8866 12.7996 -3.3802
v  1.9099 13.0339 -3.3802
v  1.8627 12.8043 -3.3394
v  1.8855 13.0339 -3.3394
v  1.7959 12.5836 -3.3394
v  1.8184 12.5742 -3.3802
v  1.8352 12.8098 -3.3017
v  1.8575 13.0339 -3.3017
v  1.8045 12.8159 -3.2671
v  1.8261 13.0339 -3.2671
v  1.7411 12.6063 -3.2671
v  1.7700 12.5943 -3.3017
v  1.7707 12.8226 -3.2362
v  1.7917 13.0339 -3.2362
v  1.7342 12.8299 -3.2090
v  1.7545 13.0339 -3.2090
v  1.6749 12.6337 -3.2090
v  1.7093 12.6194 -3.2362
v  1.6952 12.8377 -3.1859
v  1.7147 13.0339 -3.1859
v  1.6539 12.8459 -3.1673
v  1.6726 13.0339 -3.1673
v  1.5992 12.6650 -3.1673
v  1.6381 12.6489 -3.1859
v  1.6106 12.8545 -3.1532
v  1.6284 13.0339 -3.1532
v  1.5773 12.8611 -3.1390
v  1.5945 13.0339 -3.1390
v  1.5271 12.6949 -3.1390
v  1.5584 12.6819 -3.1532
v  1.5662 12.8633 -3.1197
v  1.5831 13.0339 -3.1197
v  1.5651 12.8635 -3.0982
v  1.5821 13.0339 -3.0982
v  1.5156 12.6997 -3.0982
v  1.5166 12.6992 -3.1197
v  1.5622 12.8641 -3.0773
v  1.5791 13.0339 -3.0773
v  1.5576 12.8650 -3.0572
v  1.5743 13.0339 -3.0572
v  1.5085 12.7026 -3.0572
v  1.5129 12.7008 -3.0773
v  1.5512 12.8663 -3.0382
v  1.5678 13.0339 -3.0382
v  1.5431 12.8679 -3.0204
v  1.5596 13.0339 -3.0203
v  1.4949 12.7082 -3.0204
v  1.5024 12.7051 -3.0382
v  1.5335 12.8698 -3.0039
v  1.5499 13.0339 -3.0039
v  1.5225 12.8720 -2.9891
v  1.5385 13.0339 -2.9891
v  1.4754 12.7163 -2.9891
v  1.4858 12.7120 -3.0039
v  1.5100 12.8745 -2.9760
v  1.5258 13.0339 -2.9760
v  1.4961 12.8772 -2.9649
v  1.5117 13.0339 -2.9649
v  1.4506 12.7266 -2.9649
v  1.4636 12.7212 -2.9760
v  1.4811 12.8802 -2.9559
v  1.4963 13.0339 -2.9559
v  1.4648 12.8835 -2.9493
v  1.4798 13.0339 -2.9493
v  1.4211 12.7388 -2.9493
v  1.4364 12.7325 -2.9559
v  1.4474 12.8869 -2.9452
v  1.4621 13.0339 -2.9452
v  1.4182 12.8927 -2.9431
v  1.4322 13.0339 -2.9431
v  1.3772 12.7570 -2.9431
v  1.4047 12.7456 -2.9452
v  1.3663 12.9031 -2.9424
v  1.3793 13.0339 -2.9424
v  1.3034 12.9156 -2.9409
v  1.3151 13.0339 -2.9409
v  1.2690 12.8018 -2.9409
v  1.3282 12.7773 -2.9424
v  1.2412 12.9279 -2.9362
v  1.2518 13.0339 -2.9362
v  1.1840 12.9393 -2.9271
v  1.1934 13.0339 -2.9271
v  1.1565 12.8484 -2.9271
v  1.2104 12.8261 -2.9362
v  1.1356 12.9489 -2.9123
v  1.1441 13.0339 -2.9123
v  1.0954 12.9569 -2.8923
v  1.1031 13.0339 -2.8923
v  1.0731 12.8830 -2.8923
v  1.1109 12.8673 -2.9123
v  1.0627 12.9635 -2.8677
v  1.0697 13.0339 -2.8677
v  1.0367 12.9686 -2.8388
v  1.0431 13.0339 -2.8388
v  1.0177 12.9059 -2.8388
v  1.0422 12.8957 -2.8677
v  1.0166 12.9726 -2.8061
v  1.0226 13.0339 -2.8061
v  1.0017 12.9756 -2.7702
v  1.0074 13.0339 -2.7702
v  0.9847 12.9196 -2.7702
v  0.9987 12.9137 -2.8061
v  0.9912 12.9777 -2.7313
v  0.9968 13.0339 -2.7313
v  0.9845 12.9790 -2.6896
v  0.9899 13.0339 -2.6896
v  0.9686 12.9263 -2.6896
v  0.9749 12.9236 -2.7313
v  0.9807 12.9798 -2.6449
v  0.9861 13.0339 -2.6449
v  0.9792 12.9801 -2.5973
v  0.9846 13.0339 -2.5973
v  0.9636 12.9283 -2.5973
v  0.9650 12.9277 -2.6449
v  0.9792 12.9801 -2.5470
v  0.9845 13.0339 -2.5470
v  0.9798 12.9799 -2.4334
v  0.9852 13.0339 -2.4334
v  0.9641 12.9281 -2.4334
v  0.9635 12.9283 -2.5470
v  0.9802 12.9799 -2.1962
v  0.9856 13.0339 -2.1962
v  0.9805 12.9798 -1.9684
v  0.9858 13.0339 -1.9684
v  0.9647 12.9278 -1.9684
v  0.9645 12.9279 -2.1962
v  1.0600 12.9640 -1.8370
v  1.0005 12.9758 -1.8647
v  1.0062 13.0339 -1.8647
v  1.0669 13.0339 -1.8370
v  1.1375 12.9486 -1.8021
v  1.1460 13.0339 -1.8021
v  1.1127 12.8665 -1.8021
v  1.0397 12.8968 -1.8370
v  0.9836 12.9200 -1.8647
v  1.2115 12.9338 -1.7617
v  1.2215 13.0339 -1.7617
v  1.2817 12.9199 -1.7142
v  1.2930 13.0339 -1.7142
v  1.2485 12.8103 -1.7142
v  1.1825 12.8376 -1.7617
v  1.3475 12.9068 -1.6578
v  1.3601 13.0339 -1.6578
v  1.4085 12.8947 -1.5918
v  1.4224 13.0339 -1.5918
v  1.3680 12.7608 -1.5918
v  1.3105 12.7846 -1.6578
v  1.4644 12.8836 -1.5153
v  1.4793 13.0339 -1.5153
v  1.5145 12.8736 -1.4304
v  1.5305 13.0339 -1.4304
v  1.4679 12.7194 -1.4304
v  1.4207 12.7390 -1.5153
v  1.5585 12.8648 -1.3389
v  1.5753 13.0339 -1.3389
v  1.5957 12.8574 -1.2431
v  1.6132 13.0339 -1.2431
v  1.5444 12.6877 -1.2431
v  1.5093 12.7023 -1.3389
v  1.6256 12.8515 -1.1455
v  1.6437 13.0339 -1.1455
v  1.6476 12.8471 -1.0454
v  1.6662 13.0339 -1.0454
v  1.5933 12.6675 -1.0454
v  1.5725 12.6761 -1.1455
v  1.6611 12.8444 -0.9424
v  1.6799 13.0339 -0.9424
v  1.6677 12.8431 -0.8535
v  1.6867 13.0339 -0.8535
v  1.6122 12.6596 -0.8535
v  1.6060 12.6622 -0.9424
v  1.6689 12.8429 -0.7956
v  1.6879 13.0339 -0.7956
v  1.6668 12.8433 -0.7534
v  1.6858 13.0339 -0.7534
v  1.6114 12.6600 -0.7534
v  1.6134 12.6591 -0.7956
v  1.6633 12.8440 -0.7119
v  1.6822 13.0339 -0.7119
v  1.6584 12.8450 -0.6708
v  1.6772 13.0339 -0.6708
v  1.6035 12.6632 -0.6708
v  1.6081 12.6613 -0.7119
v  1.6523 12.8462 -0.6304
v  1.6709 13.0339 -0.6304
v  1.6448 12.8477 -0.5905
v  1.6633 13.0339 -0.5905
v  1.5907 12.6686 -0.5905
v  1.5977 12.6657 -0.6304
v  1.6361 12.8494 -0.5511
v  1.6544 13.0339 -0.5511
v  1.6262 12.8514 -0.5124
v  1.6443 13.0339 -0.5124
v  1.5731 12.6758 -0.5124
v  1.5825 12.6720 -0.5511
v  1.6151 12.8536 -0.4742
v  1.6330 13.0339 -0.4742
v  1.6029 12.8560 -0.4367
v  1.6206 13.0339 -0.4367
v  1.5512 12.6849 -0.4367
v  1.5627 12.6802 -0.4742
v  1.5895 12.8587 -0.3999
v  1.6069 13.0339 -0.3999
v  1.5741 12.8617 -0.3620
v  1.5912 13.0339 -0.3620
v  1.5240 12.6962 -0.3620
v  1.5386 12.6901 -0.3999
v  1.5555 12.8654 -0.3210
v  1.5723 13.0339 -0.3210
v  1.5302 12.8705 -0.2730
v  1.5464 13.0339 -0.2730
v  1.4827 12.7133 -0.2730
v  1.5066 12.7034 -0.3210
v  1.4943 12.8776 -0.2141
v  1.5098 13.0339 -0.2141
v  1.4513 12.8862 -0.1527
v  1.4660 13.0339 -0.1527
v  1.4083 12.7441 -0.1527
v  1.4488 12.7273 -0.2141
v  1.4047 12.8954 -0.0970
v  1.4184 13.0339 -0.0970
v  1.3547 12.9054 -0.0469
v  1.3674 13.0339 -0.0469
v  1.3173 12.7818 -0.0469
v  1.3644 12.7623 -0.0970
v  1.3015 12.9160 -0.0021
v  1.3132 13.0339 -0.0021
v  1.2453 12.9271 0.0375
v  1.2559 13.0339 0.0375
v  1.2142 12.8245 0.0375
v  1.2672 12.8026 -0.0021
v  1.1863 12.9389 0.0721
v  1.1957 13.0339 0.0721
v  1.1246 12.9511 0.1020
v  1.1329 13.0339 0.1020
v  1.1006 12.8716 0.1020
v  1.1586 12.8475 0.0721
v  1.0606 12.9639 0.1275
v  1.0675 13.0339 0.1275
v  0.9941 12.9771 0.1490
v  0.9998 13.0339 0.1490
v  0.9776 12.9225 0.1490
v  1.0402 12.8966 0.1275
v  0.9255 12.9907 0.1665
v  0.9298 13.0339 0.1665
v  0.8610 13.0036 0.1793
v  0.8609 13.0339 0.1796
v  0.8493 12.9757 0.1796
v  0.9130 12.9493 0.1665
v  0.8068 13.0143 0.1865
v  0.7960 13.0339 0.1877
v  0.7894 13.0005 0.1877
v  0.7088 13.0339 0.1940
v  2.8467 11.6053 -6.2987
v  2.3741 11.9211 -6.2987
v  3.1869 11.3781 -6.2987
v  2.8166 10.9260 -6.2987
v  2.5273 11.2153 -6.2987
v  2.0946 11.6480 -6.2987
v  3.3591 11.2629 -5.8636
v  2.9631 10.7795 -5.8636
v  2.9631 10.7795 -6.1320
v  3.3591 11.2629 -6.1320
v  3.3591 11.2629 -5.5951
v  2.9631 10.7795 -5.5951
v  3.0873 11.4446 -5.4092
v  2.7319 11.0107 -5.4092
v  2.8746 10.8681 -5.4211
v  3.2550 11.3325 -5.4211
v  2.9195 11.5567 -5.3973
v  2.5892 11.1534 -5.3973
v  2.8163 11.6257 -5.3784
v  2.8229 11.6213 -5.3875
v  2.8167 11.6254 -5.3645
v  2.5018 11.2409 -5.3645
v  2.5014 11.2412 -5.3784
v  2.5070 11.2356 -5.3875
v  2.8162 11.6257 -5.3457
v  2.8140 11.6272 -5.3227
v  2.4995 11.2431 -5.3227
v  2.5014 11.2413 -5.3457
v  2.8093 11.6303 -5.2963
v  2.8012 11.6357 -5.2675
v  2.4886 11.2540 -5.2675
v  2.4955 11.2472 -5.2963
v  2.7890 11.6439 -5.2369
v  2.7718 11.6554 -5.2053
v  2.4635 11.2791 -5.2053
v  2.4782 11.2644 -5.2369
v  2.7487 11.6708 -5.1737
v  2.7191 11.6906 -5.1427
v  2.4188 11.3239 -5.1427
v  2.4440 11.2987 -5.1737
v  2.6821 11.7154 -5.1132
v  2.6368 11.7456 -5.0860
v  2.3487 11.3939 -5.0860
v  2.3872 11.3554 -5.1132
v  2.5824 11.7819 -5.0619
v  2.5033 11.8348 -5.0253
v  2.2351 11.5075 -5.0253
v  2.3025 11.4402 -5.0619
v  2.3836 11.9148 -4.9607
v  2.2534 12.0017 -4.8697
v  2.0226 11.7200 -4.8697
v  2.1334 11.6093 -4.9607
v  2.1428 12.0757 -4.7535
v  2.0501 12.1376 -4.6220
v  1.8497 11.8929 -4.6220
v  1.9286 11.8141 -4.7535
v  1.9738 12.1886 -4.4851
v  1.9122 12.2297 -4.3474
v  1.7324 12.0102 -4.3474
v  1.7848 11.9578 -4.4851
v  1.8638 12.2621 -4.2136
v  1.8269 12.2868 -4.0855
v  1.6598 12.0828 -4.0855
v  1.6912 12.0514 -4.2136
v  1.7999 12.3048 -3.9651
v  1.7813 12.3172 -3.8568
v  1.6211 12.1216 -3.8568
v  1.6369 12.1057 -3.9651
v  1.7695 12.3251 -3.7652
v  1.7627 12.3296 -3.6948
v  1.6053 12.1374 -3.6948
v  1.6110 12.1317 -3.7652
v  1.7596 12.3318 -3.6502
v  1.7575 12.3332 -3.6136
v  1.6008 12.1419 -3.6136
v  1.6026 12.1401 -3.6502
v  1.7540 12.3355 -3.5675
v  1.7479 12.3396 -3.5176
v  1.5926 12.1500 -3.5176
v  1.5978 12.1448 -3.5675
v  1.7379 12.3462 -3.4696
v  1.7243 12.3553 -3.4237
v  1.5726 12.1701 -3.4237
v  1.5842 12.1585 -3.4696
v  1.7073 12.3667 -3.3802
v  1.6870 12.3802 -3.3394
v  1.5408 12.2018 -3.3394
v  1.5581 12.1846 -3.3802
v  1.6637 12.3958 -3.3017
v  1.6377 12.4132 -3.2671
v  1.4989 12.2438 -3.2671
v  1.5210 12.2216 -3.3017
v  1.6090 12.4323 -3.2362
v  1.5781 12.4530 -3.2090
v  1.4482 12.2944 -3.2090
v  1.4745 12.2681 -3.2362
v  1.5450 12.4751 -3.1859
v  1.5100 12.4985 -3.1673
v  1.3903 12.3524 -3.1673
v  1.4201 12.3226 -3.1859
v  1.4733 12.5230 -3.1532
v  1.4451 12.5419 -3.1390
v  1.3351 12.4076 -3.1390
v  1.3591 12.3836 -3.1532
v  1.4356 12.5482 -3.1197
v  1.4348 12.5488 -3.0982
v  1.3263 12.4163 -3.0982
v  1.3270 12.4156 -3.1197
v  1.4323 12.5504 -3.0773
v  1.4283 12.5531 -3.0572
v  1.3208 12.4218 -3.0572
v  1.3242 12.4184 -3.0773
v  1.4229 12.5567 -3.0382
v  1.4161 12.5612 -3.0204
v  1.3104 12.4322 -3.0204
v  1.3162 12.4264 -3.0382
v  1.4080 12.5667 -3.0039
v  1.3986 12.5729 -2.9891
v  1.2955 12.4471 -2.9891
v  1.3035 12.4391 -3.0039
v  1.3880 12.5800 -2.9760
v  1.3763 12.5879 -2.9649
v  1.2765 12.4661 -2.9649
v  1.2865 12.4561 -2.9760
v  1.3635 12.5964 -2.9559
v  1.3497 12.6056 -2.9493
v  1.2539 12.4887 -2.9493
v  1.2657 12.4770 -2.9559
v  1.3350 12.6154 -2.9452
v  1.3102 12.6320 -2.9431
v  1.2203 12.5223 -2.9431
v  1.2414 12.5012 -2.9452
v  1.2662 12.6614 -2.9424
v  1.2128 12.6971 -2.9409
v  1.1375 12.6051 -2.9409
v  1.1829 12.5598 -2.9424
v  1.1602 12.7322 -2.9362
v  1.1116 12.7647 -2.9271
v  1.0514 12.6912 -2.9271
v  1.0927 12.6499 -2.9362
v  1.0706 12.7921 -2.9123
v  1.0366 12.8148 -2.8923
v  0.9876 12.7550 -2.8923
v  1.0166 12.7261 -2.9123
v  1.0088 12.8334 -2.8677
v  0.9867 12.8481 -2.8388
v  0.9452 12.7974 -2.8388
v  0.9640 12.7786 -2.8677
v  0.9697 12.8595 -2.8061
v  0.9571 12.8680 -2.7702
v  0.9200 12.8227 -2.7702
v  0.9307 12.8119 -2.8061
v  0.9482 12.8739 -2.7313
v  0.9425 12.8777 -2.6896
v  0.9076 12.8350 -2.6896
v  0.9124 12.8302 -2.7313
v  0.9393 12.8798 -2.6449
v  0.9380 12.8807 -2.5973
v  0.9038 12.8388 -2.5973
v  0.9049 12.8377 -2.6449
v  0.9380 12.8807 -2.5470
v  0.9385 12.8803 -2.4334
v  0.9042 12.8384 -2.4334
v  0.9038 12.8389 -2.5470
v  0.9389 12.8801 -2.1962
v  0.9391 12.8800 -1.9684
v  0.9047 12.8379 -1.9684
v  0.9045 12.8381 -2.1962
v  1.0065 12.8349 -1.8370
v  0.9561 12.8686 -1.8647
v  1.0723 12.7910 -1.8021
v  1.0179 12.7247 -1.8021
v  0.9620 12.7806 -1.8370
v  0.9191 12.8235 -1.8647
v  1.1350 12.7491 -1.7617
v  1.1944 12.7093 -1.7142
v  1.1219 12.6208 -1.7142
v  1.0713 12.6713 -1.7617
v  1.2502 12.6721 -1.6578
v  1.3020 12.6375 -1.5918
v  1.2133 12.5293 -1.5918
v  1.1693 12.5733 -1.6578
v  1.3493 12.6058 -1.5153
v  1.3919 12.5774 -1.4304
v  1.2898 12.4528 -1.4304
v  1.2536 12.4890 -1.5153
v  1.4291 12.5525 -1.3389
v  1.4607 12.5315 -1.2431
v  1.3483 12.3943 -1.2431
v  1.3215 12.4211 -1.3389
v  1.4860 12.5145 -1.1455
v  1.5047 12.5021 -1.0454
v  1.3858 12.3569 -1.0454
v  1.3699 12.3728 -1.1455
v  1.5161 12.4944 -0.9424
v  1.5217 12.4907 -0.8535
v  1.4003 12.3424 -0.8535
v  1.3955 12.3471 -0.9424
v  1.5228 12.4900 -0.7956
v  1.5210 12.4912 -0.7534
v  1.3996 12.3430 -0.7534
v  1.4011 12.3415 -0.7956
v  1.5180 12.4932 -0.7119
v  1.5139 12.4959 -0.6708
v  1.3936 12.3491 -0.6708
v  1.3971 12.3456 -0.7119
v  1.5086 12.4994 -0.6304
v  1.5023 12.5036 -0.5905
v  1.3837 12.3589 -0.5905
v  1.3891 12.3535 -0.6304
v  1.4949 12.5086 -0.5511
v  1.4865 12.5142 -0.5124
v  1.3703 12.3723 -0.5124
v  1.3775 12.3652 -0.5511
v  1.4771 12.5205 -0.4742
v  1.4667 12.5274 -0.4367
v  1.3535 12.3891 -0.4367
v  1.3623 12.3803 -0.4742
v  1.4554 12.5350 -0.3999
v  1.4423 12.5437 -0.3620
v  1.3327 12.4099 -0.3620
v  1.3439 12.3988 -0.3999
v  1.4266 12.5542 -0.3210
v  1.4051 12.5686 -0.2730
v  1.3011 12.4415 -0.2730
v  1.3194 12.4233 -0.3210
v  1.3747 12.5889 -0.2141
v  1.3383 12.6133 -0.1527
v  1.2442 12.4984 -0.1527
v  1.2752 12.4674 -0.2141
v  1.2987 12.6397 -0.0970
v  1.2563 12.6680 -0.0469
v  1.1745 12.5681 -0.0469
v  1.2106 12.5320 -0.0970
v  1.2112 12.6981 -0.0021
v  1.1636 12.7300 0.0375
v  1.0956 12.6470 0.0375
v  1.1362 12.6065 -0.0021
v  1.1136 12.7634 0.0721
v  1.0613 12.7983 0.1020
v  1.0087 12.7340 0.1020
v  1.0531 12.6895 0.0721
v  1.0070 12.8346 0.1275
v  0.9507 12.8722 0.1490
v  0.9146 12.8281 0.1490
v  0.9624 12.7802 0.1275
v  0.8925 12.9111 0.1665
v  0.8379 12.9476 0.1793
v  0.8163 12.9263 0.1796
v  0.8651 12.8775 0.1665
v  0.7919 12.9783 0.1865
v  0.7705 12.9722 0.1877
v  2.1373 10.8959 -6.2987
v  1.8215 11.3685 -6.2987
v  2.3646 10.5558 -6.2987
v  1.8495 10.2798 -6.2987
v  1.6930 10.6578 -6.2987
v  1.4588 11.2231 -6.2987
v  2.4797 10.3835 -5.8636
v  1.9288 10.0884 -5.8636
v  1.9288 10.0884 -6.1320
v  2.4797 10.3835 -6.1320
v  2.4797 10.3835 -5.5951
v  1.9288 10.0884 -5.5951
v  2.2980 10.6554 -5.4092
v  1.8037 10.3905 -5.4092
v  1.8809 10.2041 -5.4211
v  2.4101 10.4876 -5.4211
v  2.1860 10.8231 -5.3973
v  1.7265 10.5769 -5.3973
v  2.1170 10.9263 -5.3784
v  2.1214 10.9198 -5.3875
v  2.1173 10.9259 -5.3645
v  1.6791 10.6912 -5.3645
v  1.6789 10.6917 -5.3784
v  1.6820 10.6844 -5.3875
v  2.1169 10.9264 -5.3457
v  2.1155 10.9286 -5.3227
v  1.6779 10.6942 -5.3227
v  1.6789 10.6917 -5.3457
v  2.1123 10.9333 -5.2963
v  2.1069 10.9414 -5.2675
v  1.6720 10.7084 -5.2675
v  1.6757 10.6994 -5.2963
v  2.0987 10.9536 -5.2369
v  2.0872 10.9709 -5.2053
v  1.6585 10.7412 -5.2053
v  1.6664 10.7220 -5.2369
v  2.0718 10.9939 -5.1737
v  2.0520 11.0235 -5.1427
v  1.6342 10.7997 -5.1427
v  1.6478 10.7667 -5.1737
v  2.0273 11.0606 -5.1132
v  1.9970 11.1059 -5.0860
v  1.5963 10.8912 -5.0860
v  1.6172 10.8409 -5.1132
v  1.9607 11.1602 -5.0619
v  1.9078 11.2394 -5.0253
v  1.5348 11.0396 -5.0253
v  1.5713 10.9516 -5.0619
v  1.8279 11.3590 -4.9607
v  1.7409 11.4892 -4.8697
v  1.4198 11.3172 -4.8697
v  1.4798 11.1726 -4.9607
v  1.6670 11.5998 -4.7535
v  1.6051 11.6925 -4.6220
v  1.3263 11.5431 -4.6220
v  1.3689 11.4401 -4.7535
v  1.5541 11.7688 -4.4851
v  1.5129 11.8304 -4.3474
v  1.2628 11.6964 -4.3474
v  1.2911 11.6279 -4.4851
v  1.4805 11.8788 -4.2136
v  1.4559 11.9157 -4.0855
v  1.2235 11.7912 -4.0855
v  1.2405 11.7502 -4.2136
v  1.4379 11.9427 -3.9651
v  1.4254 11.9613 -3.8568
v  1.2025 11.8419 -3.8568
v  1.2111 11.8212 -3.9651
v  1.4175 11.9732 -3.7652
v  1.4130 11.9799 -3.6948
v  1.1940 11.8625 -3.6948
v  1.1970 11.8551 -3.7652
v  1.4109 11.9831 -3.6502
v  1.4095 11.9852 -3.6136
v  1.1915 11.8684 -3.6136
v  1.1925 11.8661 -3.6502
v  1.4072 11.9887 -3.5675
v  1.4031 11.9948 -3.5176
v  1.1871 11.8790 -3.5176
v  1.1899 11.8723 -3.5675
v  1.3964 12.0047 -3.4696
v  1.3873 12.0183 -3.4237
v  1.1763 11.9053 -3.4237
v  1.1825 11.8901 -3.4696
v  1.3759 12.0354 -3.3802
v  1.3624 12.0557 -3.3394
v  1.1591 11.9467 -3.3394
v  1.1684 11.9242 -3.3802
v  1.3469 12.0789 -3.3017
v  1.3294 12.1050 -3.2671
v  1.1364 12.0015 -3.2671
v  1.1484 11.9726 -3.3017
v  1.3103 12.1336 -3.2362
v  1.2896 12.1646 -3.2090
v  1.1090 12.0678 -3.2090
v  1.1232 12.0333 -3.2362
v  1.2675 12.1976 -3.1859
v  1.2441 12.2327 -3.1673
v  1.0776 12.1434 -3.1673
v  1.0937 12.1045 -3.1859
v  1.2196 12.2694 -3.1532
v  1.2008 12.2975 -3.1390
v  1.0477 12.2156 -3.1390
v  1.0607 12.1842 -3.1532
v  1.1945 12.3070 -3.1197
v  1.1939 12.3079 -3.0982
v  1.0430 12.2270 -3.0982
v  1.0434 12.2261 -3.1197
v  1.1922 12.3103 -3.0773
v  1.1896 12.3143 -3.0572
v  1.0400 12.2342 -3.0572
v  1.0419 12.2298 -3.0773
v  1.1860 12.3197 -3.0382
v  1.1814 12.3265 -3.0204
v  1.0344 12.2478 -3.0204
v  1.0375 12.2402 -3.0382
v  1.1760 12.3347 -3.0039
v  1.1697 12.3441 -2.9891
v  1.0263 12.2672 -2.9891
v  1.0306 12.2568 -3.0039
v  1.1626 12.3546 -2.9760
v  1.1548 12.3664 -2.9649
v  1.0160 12.2920 -2.9649
v  1.0214 12.2790 -2.9760
v  1.1462 12.3791 -2.9559
v  1.1370 12.3929 -2.9493
v  1.0038 12.3216 -2.9493
v  1.0102 12.3062 -2.9559
v  1.1272 12.4076 -2.9452
v  1.1106 12.4324 -2.9431
v  0.9856 12.3655 -2.9431
v  0.9970 12.3379 -2.9452
v  1.0812 12.4765 -2.9424
v  1.0456 12.5298 -2.9409
v  0.9408 12.4737 -2.9409
v  0.9654 12.4144 -2.9424
v  1.0104 12.5825 -2.9362
v  0.9780 12.6310 -2.9271
v  0.8942 12.5862 -2.9271
v  0.9166 12.5322 -2.9362
v  0.9506 12.6720 -2.9123
v  0.9278 12.7061 -2.8923
v  0.8597 12.6696 -2.8923
v  0.8754 12.6317 -2.9123
v  0.9093 12.7338 -2.8677
v  0.8945 12.7559 -2.8388
v  0.8367 12.7249 -2.8388
v  0.8469 12.7004 -2.8677
v  0.8831 12.7729 -2.8061
v  0.8747 12.7856 -2.7702
v  0.8231 12.7579 -2.7702
v  0.8289 12.7439 -2.8061
v  0.8688 12.7944 -2.7313
v  0.8650 12.8001 -2.6896
v  0.8164 12.7741 -2.6896
v  0.8190 12.7678 -2.7313
v  0.8628 12.8033 -2.6449
v  0.8620 12.8046 -2.5973
v  0.8143 12.7791 -2.5973
v  0.8149 12.7776 -2.6449
v  0.8620 12.8046 -2.5470
v  0.8623 12.8041 -2.4334
v  0.8145 12.7785 -2.4334
v  0.8143 12.7791 -2.5470
v  0.8625 12.8037 -2.1962
v  0.8627 12.8035 -1.9684
v  0.8148 12.7779 -1.9684
v  0.8147 12.7781 -2.1962
v  0.9077 12.7361 -1.8370
v  0.8740 12.7866 -1.8647
v  0.9516 12.6704 -1.8021
v  0.8761 12.6299 -1.8021
v  0.8458 12.7030 -1.8370
v  0.8226 12.7590 -1.8647
v  0.9936 12.6076 -1.7617
v  1.0333 12.5482 -1.7142
v  0.9323 12.4941 -1.7142
v  0.9050 12.5602 -1.7617
v  1.0706 12.4924 -1.6578
v  1.1051 12.4406 -1.5918
v  0.9819 12.3746 -1.5918
v  0.9580 12.4321 -1.6578
v  1.1368 12.3933 -1.5153
v  1.1652 12.3508 -1.4304
v  1.0232 12.2747 -1.4304
v  1.0036 12.3220 -1.5153
v  1.1901 12.3135 -1.3389
v  1.2112 12.2820 -1.2431
v  1.0549 12.1983 -1.2431
v  1.0404 12.2333 -1.3389
v  1.2281 12.2566 -1.1455
v  1.2406 12.2380 -1.0454
v  1.0752 12.1494 -1.0454
v  1.0666 12.1701 -1.1455
v  1.2482 12.2265 -0.9424
v  1.2520 12.2209 -0.8535
v  1.0830 12.1304 -0.8535
v  1.0804 12.1366 -0.9424
v  1.2527 12.2199 -0.7956
v  1.2515 12.2217 -0.7534
v  1.0827 12.1312 -0.7534
v  1.0835 12.1292 -0.7956
v  1.2495 12.2246 -0.7119
v  1.2467 12.2288 -0.6708
v  1.0794 12.1391 -0.6708
v  1.0813 12.1345 -0.7119
v  1.2432 12.2340 -0.6304
v  1.2390 12.2403 -0.5905
v  1.0741 12.1520 -0.5905
v  1.0770 12.1449 -0.6304
v  1.2341 12.2477 -0.5511
v  1.2285 12.2561 -0.5124
v  1.0668 12.1695 -0.5124
v  1.0707 12.1602 -0.5511
v  1.2222 12.2655 -0.4742
v  1.2152 12.2759 -0.4367
v  1.0577 12.1915 -0.4367
v  1.0625 12.1800 -0.4742
v  1.2077 12.2872 -0.3999
v  1.1989 12.3003 -0.3620
v  1.0465 12.2186 -0.3620
v  1.0525 12.2041 -0.3999
v  1.1884 12.3160 -0.3210
v  1.1741 12.3375 -0.2730
v  1.0293 12.2600 -0.2730
v  1.0392 12.2361 -0.3210
v  1.1537 12.3679 -0.2141
v  1.1294 12.4044 -0.1527
v  0.9986 12.3343 -0.1527
v  1.0153 12.2938 -0.2141
v  1.1030 12.4439 -0.0970
v  1.0746 12.4863 -0.0469
v  0.9608 12.4253 -0.0469
v  0.9804 12.3782 -0.0970
v  1.0445 12.5314 -0.0021
v  1.0127 12.5790 0.0375
v  0.9181 12.5284 0.0375
v  0.9401 12.4755 -0.0021
v  0.9793 12.6291 0.0721
v  0.9443 12.6813 0.1020
v  0.8711 12.6420 0.1020
v  0.8951 12.5840 0.0721
v  0.9080 12.7356 0.1275
v  0.8704 12.7919 0.1490
v  0.8201 12.7650 0.1490
v  0.8461 12.7024 0.1275
v  0.8316 12.8501 0.1665
v  0.7950 12.9048 0.1793
v  0.7670 12.8934 0.1796
v  0.7934 12.8296 0.1665
v  0.7643 12.9507 0.1865
v  0.7422 12.9532 0.1877
v  1.2104 10.5120 -6.2987
v  1.0995 11.0695 -6.2987
v  1.2902 10.1108 -6.2987
v  0.7088 10.0529 -6.2987
v  0.7088 10.4621 -6.2987
v  0.7088 11.0740 -6.2987
v  1.3306 9.9075 -5.8636
v  0.7088 9.8457 -5.8636
v  0.7088 9.8457 -6.1320
v  1.3306 9.9075 -6.1320
v  1.3306 9.9075 -5.5951
v  0.7088 9.8457 -5.5951
v  1.2669 10.2282 -5.4092
v  0.7088 10.1727 -5.4092
v  0.7088 9.9710 -5.4211
v  1.3062 10.0304 -5.4211
v  1.2275 10.4261 -5.3973
v  0.7088 10.3745 -5.3973
v  1.2033 10.5479 -5.3784
v  1.2048 10.5401 -5.3875
v  1.2034 10.5474 -5.3645
v  0.7088 10.4982 -5.3645
v  0.7088 10.4987 -5.3784
v  0.7088 10.4908 -5.3875
v  1.2033 10.5479 -5.3457
v  1.2028 10.5505 -5.3227
v  0.7088 10.5014 -5.3227
v  0.7088 10.4988 -5.3457
v  1.2016 10.5561 -5.2963
v  1.1997 10.5656 -5.2675
v  0.7088 10.5168 -5.2675
v  0.7088 10.5071 -5.2963
v  1.1969 10.5801 -5.2369
v  1.1928 10.6004 -5.2053
v  0.7088 10.5523 -5.2053
v  0.7088 10.5315 -5.2369
v  1.1874 10.6276 -5.1737
v  1.1805 10.6625 -5.1427
v  0.7088 10.6156 -5.1427
v  0.7088 10.5800 -5.1737
v  1.1718 10.7062 -5.1132
v  1.1611 10.7597 -5.0860
v  0.7088 10.7147 -5.0860
v  0.7088 10.6602 -5.1132
v  1.1484 10.8238 -5.0619
v  1.1298 10.9171 -5.0253
v  0.7088 10.8753 -5.0253
v  0.7088 10.7801 -5.0619
v  1.1017 11.0583 -4.9608
v  1.0712 11.2118 -4.8697
v  0.7088 11.1758 -4.8697
v  0.7088 11.0192 -4.9607
v  1.0453 11.3423 -4.7535
v  1.0235 11.4516 -4.6220
v  0.7088 11.4203 -4.6220
v  0.7088 11.3088 -4.7535
v  1.0056 11.5416 -4.4851
v  0.9912 11.6143 -4.3474
v  0.7088 11.5862 -4.3474
v  0.7088 11.5121 -4.4851
v  0.9798 11.6714 -4.2136
v  0.9711 11.7149 -4.0855
v  0.7088 11.6889 -4.0855
v  0.7088 11.6445 -4.2136
v  0.9648 11.7467 -3.9651
v  0.9604 11.7687 -3.8568
v  0.7088 11.7437 -3.8568
v  0.7088 11.7213 -3.9651
v  0.9576 11.7827 -3.7652
v  0.9561 11.7906 -3.6948
v  0.7088 11.7660 -3.6948
v  0.7088 11.7579 -3.7652
v  0.9553 11.7944 -3.6502
v  0.9548 11.7969 -3.6136
v  0.7088 11.7724 -3.6136
v  0.7088 11.7699 -3.6502
v  0.9540 11.8010 -3.5675
v  0.9526 11.8082 -3.5176
v  0.7088 11.7839 -3.5176
v  0.7088 11.7766 -3.5675
v  0.9503 11.8199 -3.4696
v  0.9471 11.8360 -3.4237
v  0.7088 11.8123 -3.4237
v  0.7088 11.7959 -3.4696
v  0.9431 11.8561 -3.3802
v  0.9383 11.8800 -3.3394
v  0.7088 11.8572 -3.3394
v  0.7088 11.8328 -3.3802
v  0.9328 11.9074 -3.3017
v  0.9267 11.9382 -3.2671
v  0.7088 11.9165 -3.2671
v  0.7088 11.8852 -3.3017
v  0.9200 11.9719 -3.2362
v  0.9127 12.0084 -3.2090
v  0.7088 11.9882 -3.2090
v  0.7088 11.9509 -3.2362
v  0.9050 12.0475 -3.1859
v  0.8968 12.0888 -3.1673
v  0.7088 12.0701 -3.1673
v  0.7088 12.0280 -3.1859
v  0.8882 12.1321 -3.1532
v  0.8815 12.1653 -3.1390
v  0.7088 12.1481 -3.1390
v  0.7088 12.1142 -3.1532
v  0.8793 12.1765 -3.1197
v  0.8791 12.1775 -3.0982
v  0.7088 12.1605 -3.0982
v  0.7088 12.1595 -3.1197
v  0.8785 12.1804 -3.0773
v  0.8776 12.1851 -3.0572
v  0.7088 12.1683 -3.0572
v  0.7088 12.1635 -3.0773
v  0.8763 12.1915 -3.0382
v  0.8747 12.1995 -3.0204
v  0.7088 12.1830 -3.0204
v  0.7088 12.1748 -3.0382
v  0.8728 12.2091 -3.0039
v  0.8706 12.2202 -2.9891
v  0.7088 12.2041 -2.9891
v  0.7088 12.1928 -3.0039
v  0.8681 12.2327 -2.9760
v  0.8654 12.2465 -2.9649
v  0.7088 12.2309 -2.9649
v  0.7088 12.2168 -2.9760
v  0.8624 12.2616 -2.9559
v  0.8592 12.2778 -2.9493
v  0.7088 12.2629 -2.9493
v  0.7088 12.2463 -2.9559
v  0.8557 12.2952 -2.9452
v  0.8499 12.3244 -2.9431
v  0.7088 12.3104 -2.9431
v  0.7088 12.2806 -2.9452
v  0.8396 12.3764 -2.9424
v  0.8271 12.4393 -2.9409
v  0.7088 12.4275 -2.9409
v  0.7088 12.3634 -2.9424
v  0.8147 12.5014 -2.9362
v  0.8033 12.5587 -2.9271
v  0.7088 12.5493 -2.9271
v  0.7088 12.4909 -2.9362
v  0.7937 12.6070 -2.9123
v  0.7857 12.6472 -2.8923
v  0.7088 12.6395 -2.8923
v  0.7088 12.5986 -2.9123
v  0.7792 12.6799 -2.8677
v  0.7740 12.7060 -2.8388
v  0.7088 12.6995 -2.8388
v  0.7088 12.6729 -2.8677
v  0.7700 12.7261 -2.8061
v  0.7670 12.7410 -2.7702
v  0.7088 12.7352 -2.7702
v  0.7088 12.7200 -2.8061
v  0.7650 12.7514 -2.7313
v  0.7636 12.7581 -2.6896
v  0.7088 12.7527 -2.6896
v  0.7088 12.7458 -2.7313
v  0.7629 12.7619 -2.6449
v  0.7626 12.7634 -2.5973
v  0.7088 12.7581 -2.5973
v  0.7088 12.7565 -2.6449
v  0.7626 12.7634 -2.5470
v  0.7627 12.7628 -2.4334
v  0.7088 12.7575 -2.4334
v  0.7088 12.7581 -2.5470
v  0.7628 12.7624 -2.1962
v  0.7628 12.7622 -1.9684
v  0.7088 12.7568 -1.9684
v  0.7088 12.7571 -2.1962
v  0.7786 12.6827 -1.8370
v  0.7668 12.7422 -1.8647
v  0.7941 12.6051 -1.8021
v  0.7088 12.5966 -1.8021
v  0.7088 12.6757 -1.8370
v  0.7088 12.7364 -1.8647
v  0.8088 12.5311 -1.7617
v  0.8227 12.4610 -1.7142
v  0.7088 12.4496 -1.7142
v  0.7088 12.5211 -1.7617
v  0.8358 12.3952 -1.6578
v  0.8480 12.3341 -1.5918
v  0.7088 12.3203 -1.5918
v  0.7088 12.3825 -1.6578
v  0.8591 12.2783 -1.5153
v  0.8690 12.2281 -1.4304
v  0.7088 12.2122 -1.4304
v  0.7088 12.2633 -1.5153
v  0.8778 12.1842 -1.3389
v  0.8852 12.1470 -1.2431
v  0.7088 12.1294 -1.2431
v  0.7088 12.1673 -1.3389
v  0.8911 12.1171 -1.1455
v  0.8955 12.0951 -1.0454
v  0.7088 12.0765 -1.0454
v  0.7088 12.0989 -1.1455
v  0.8982 12.0815 -0.9424
v  0.8995 12.0749 -0.8535
v  0.7088 12.0560 -0.8535
v  0.7088 12.0627 -0.9424
v  0.8998 12.0737 -0.7956
v  0.8993 12.0758 -0.7534
v  0.7088 12.0569 -0.7534
v  0.7088 12.0547 -0.7956
v  0.8986 12.0793 -0.7119
v  0.8977 12.0842 -0.6708
v  0.7088 12.0654 -0.6708
v  0.7088 12.0604 -0.7119
v  0.8965 12.0904 -0.6304
v  0.8950 12.0978 -0.5905
v  0.7088 12.0793 -0.5905
v  0.7088 12.0717 -0.6304
v  0.8932 12.1065 -0.5511
v  0.8913 12.1164 -0.5124
v  0.7088 12.0983 -0.5124
v  0.7088 12.0882 -0.5511
v  0.8891 12.1275 -0.4742
v  0.8866 12.1398 -0.4367
v  0.7088 12.1221 -0.4367
v  0.7088 12.1096 -0.4742
v  0.8840 12.1531 -0.3999
v  0.8809 12.1686 -0.3620
v  0.7088 12.1514 -0.3620
v  0.7088 12.1357 -0.3999
v  0.8772 12.1871 -0.3210
v  0.8722 12.2125 -0.2730
v  0.7088 12.1962 -0.2730
v  0.7088 12.1704 -0.3210
v  0.8650 12.2484 -0.2141
v  0.8565 12.2913 -0.1527
v  0.7088 12.2766 -0.1527
v  0.7088 12.2328 -0.2141
v  0.8472 12.3379 -0.0970
v  0.8373 12.3880 -0.0469
v  0.7088 12.3752 -0.0469
v  0.7088 12.3242 -0.0970
v  0.8267 12.4412 -0.0021
v  0.8155 12.4974 0.0375
v  0.7088 12.4868 0.0375
v  0.7088 12.4294 -0.0021
v  0.8038 12.5564 0.0721
v  0.7915 12.6180 0.1020
v  0.7088 12.6098 0.1020
v  0.7088 12.5469 0.0721
v  0.7787 12.6821 0.1275
v  0.7655 12.7485 0.1490
v  0.7088 12.7429 0.1490
v  0.7088 12.6751 0.1275
v  0.7519 12.8171 0.1665
v  0.7391 12.8816 0.1793
v  0.7088 12.8818 0.1796
v  0.7088 12.8128 0.1665
v  0.7283 12.9358 0.1865
v  0.7088 12.9466 0.1877
v  0.2071 10.5120 -6.2987
v  0.3180 11.0695 -6.2987
v  0.1273 10.1108 -6.2987
v  -0.4320 10.2798 -6.2987
v  -0.2754 10.6578 -6.2987
v  -0.0412 11.2232 -6.2987
v  0.0869 9.9075 -5.8636
v  -0.5113 10.0884 -5.8636
v  -0.5113 10.0884 -6.1320
v  0.0869 9.9075 -6.1320
v  0.0869 9.9075 -5.5951
v  -0.5113 10.0884 -5.5951
v  0.1507 10.2282 -5.4092
v  -0.3861 10.3905 -5.4092
v  -0.4633 10.2041 -5.4211
v  0.1113 10.0304 -5.4211
v  0.1901 10.4261 -5.3973
v  -0.3089 10.5769 -5.3973
v  0.2143 10.5479 -5.3784
v  0.2127 10.5401 -5.3875
v  0.2142 10.5474 -5.3645
v  -0.2616 10.6912 -5.3645
v  -0.2614 10.6917 -5.3784
v  -0.2644 10.6844 -5.3875
v  0.2143 10.5479 -5.3457
v  0.2148 10.5505 -5.3227
v  -0.2603 10.6942 -5.3227
v  -0.2614 10.6917 -5.3457
v  0.2159 10.5561 -5.2963
v  0.2178 10.5656 -5.2675
v  -0.2545 10.7084 -5.2675
v  -0.2582 10.6994 -5.2963
v  0.2207 10.5801 -5.2369
v  0.2247 10.6004 -5.2053
v  -0.2409 10.7412 -5.2053
v  -0.2488 10.7220 -5.2369
v  0.2301 10.6276 -5.1737
v  0.2371 10.6625 -5.1427
v  -0.2166 10.7997 -5.1427
v  -0.2303 10.7667 -5.1737
v  0.2458 10.7062 -5.1132
v  0.2564 10.7597 -5.0860
v  -0.1787 10.8912 -5.0860
v  -0.1996 10.8409 -5.1132
v  0.2692 10.8238 -5.0619
v  0.2877 10.9171 -5.0253
v  -0.1173 11.0396 -5.0253
v  -0.1537 10.9516 -5.0619
v  0.3158 11.0583 -4.9607
v  0.3464 11.2118 -4.8697
v  -0.0023 11.3172 -4.8697
v  -0.0622 11.1726 -4.9607
v  0.3723 11.3423 -4.7535
v  0.3941 11.4516 -4.6220
v  0.0913 11.5431 -4.6220
v  0.0486 11.4401 -4.7535
v  0.4120 11.5416 -4.4851
v  0.4264 11.6143 -4.3474
v  0.1548 11.6964 -4.3474
v  0.1264 11.6279 -4.4851
v  0.4378 11.6714 -4.2136
v  0.4464 11.7149 -4.0855
v  0.1941 11.7912 -4.0855
v  0.1771 11.7502 -4.2136
v  0.4528 11.7467 -3.9651
v  0.4571 11.7687 -3.8568
v  0.2151 11.8419 -3.8568
v  0.2065 11.8212 -3.9651
v  0.4599 11.7827 -3.7652
v  0.4615 11.7906 -3.6948
v  0.2236 11.8625 -3.6948
v  0.2205 11.8551 -3.7652
v  0.4622 11.7944 -3.6502
v  0.4627 11.7969 -3.6136
v  0.2261 11.8684 -3.6136
v  0.2251 11.8661 -3.6502
v  0.4636 11.8010 -3.5675
v  0.4650 11.8081 -3.5176
v  0.2305 11.8790 -3.5176
v  0.2276 11.8723 -3.5675
v  0.4673 11.8199 -3.4696
v  0.4705 11.8360 -3.4237
v  0.2413 11.9053 -3.4237
v  0.2350 11.8901 -3.4696
v  0.4745 11.8561 -3.3802
v  0.4793 11.8800 -3.3394
v  0.2585 11.9467 -3.3394
v  0.2492 11.9242 -3.3802
v  0.4847 11.9074 -3.3017
v  0.4908 11.9382 -3.2671
v  0.2812 12.0015 -3.2671
v  0.2692 11.9726 -3.3017
v  0.4976 11.9719 -3.2362
v  0.5048 12.0084 -3.2090
v  0.3086 12.0678 -3.2090
v  0.2944 12.0333 -3.2362
v  0.5126 12.0475 -3.1859
v  0.5208 12.0888 -3.1673
v  0.3400 12.1434 -3.1673
v  0.3238 12.1045 -3.1859
v  0.5294 12.1321 -3.1532
v  0.5360 12.1653 -3.1390
v  0.3698 12.2155 -3.1390
v  0.3569 12.1842 -3.1532
v  0.5382 12.1765 -3.1197
v  0.5384 12.1775 -3.0982
v  0.3746 12.2270 -3.0982
v  0.3742 12.2260 -3.1197
v  0.5390 12.1804 -3.0773
v  0.5400 12.1851 -3.0572
v  0.3775 12.2342 -3.0572
v  0.3757 12.2297 -3.0773
v  0.5412 12.1915 -3.0382
v  0.5428 12.1995 -3.0204
v  0.3832 12.2478 -3.0204
v  0.3800 12.2402 -3.0382
v  0.5447 12.2091 -3.0039
v  0.5469 12.2202 -2.9891
v  0.3912 12.2672 -2.9891
v  0.3869 12.2568 -3.0039
v  0.5494 12.2327 -2.9760
v  0.5522 12.2465 -2.9649
v  0.4015 12.2920 -2.9649
v  0.3961 12.2790 -2.9760
v  0.5552 12.2616 -2.9559
v  0.5584 12.2778 -2.9493
v  0.4137 12.3216 -2.9493
v  0.4074 12.3062 -2.9559
v  0.5619 12.2952 -2.9452
v  0.5677 12.3244 -2.9431
v  0.4319 12.3655 -2.9431
v  0.4205 12.3379 -2.9452
v  0.5780 12.3764 -2.9424
v  0.5905 12.4393 -2.9409
v  0.4768 12.4737 -2.9409
v  0.4522 12.4144 -2.9424
v  0.6029 12.5014 -2.9362
v  0.6143 12.5587 -2.9271
v  0.5233 12.5862 -2.9271
v  0.5010 12.5322 -2.9362
v  0.6239 12.6070 -2.9123
v  0.6319 12.6472 -2.8923
v  0.5579 12.6696 -2.8923
v  0.5422 12.6317 -2.9123
v  0.6384 12.6799 -2.8677
v  0.6436 12.7060 -2.8388
v  0.5808 12.7249 -2.8388
v  0.5707 12.7004 -2.8677
v  0.6476 12.7261 -2.8061
v  0.6505 12.7410 -2.7702
v  0.5945 12.7579 -2.7702
v  0.5887 12.7439 -2.8061
v  0.6526 12.7514 -2.7313
v  0.6539 12.7581 -2.6896
v  0.6012 12.7741 -2.6896
v  0.5986 12.7677 -2.7313
v  0.6547 12.7619 -2.6449
v  0.6550 12.7634 -2.5973
v  0.6032 12.7791 -2.5973
v  0.6027 12.7776 -2.6449
v  0.6550 12.7634 -2.5470
v  0.6549 12.7628 -2.4334
v  0.6030 12.7785 -2.4334
v  0.6033 12.7791 -2.5470
v  0.6548 12.7624 -2.1962
v  0.6547 12.7622 -1.9684
v  0.6028 12.7779 -1.9684
v  0.6029 12.7781 -2.1962
v  0.6389 12.6827 -1.8370
v  0.6508 12.7422 -1.8647
v  0.6235 12.6051 -1.8021
v  0.5415 12.6299 -1.8021
v  0.5717 12.7030 -1.8370
v  0.5949 12.7590 -1.8647
v  0.6088 12.5311 -1.7617
v  0.5948 12.4610 -1.7142
v  0.4852 12.4941 -1.7142
v  0.5126 12.5602 -1.7617
v  0.5817 12.3952 -1.6578
v  0.5696 12.3341 -1.5918
v  0.4357 12.3746 -1.5918
v  0.4595 12.4321 -1.6578
v  0.5585 12.2783 -1.5153
v  0.5485 12.2281 -1.4304
v  0.3944 12.2747 -1.4304
v  0.4139 12.3220 -1.5153
v  0.5398 12.1842 -1.3389
v  0.5324 12.1470 -1.2431
v  0.3627 12.1983 -1.2431
v  0.3772 12.2333 -1.3389
v  0.5264 12.1171 -1.1455
v  0.5220 12.0951 -1.0454
v  0.3424 12.1494 -1.0454
v  0.3510 12.1701 -1.1455
v  0.5194 12.0815 -0.9424
v  0.5180 12.0749 -0.8535
v  0.3346 12.1304 -0.8535
v  0.3371 12.1366 -0.9424
v  0.5178 12.0737 -0.7956
v  0.5182 12.0758 -0.7534
v  0.3349 12.1312 -0.7534
v  0.3341 12.1292 -0.7956
v  0.5189 12.0793 -0.7119
v  0.5199 12.0842 -0.6708
v  0.3382 12.1391 -0.6708
v  0.3363 12.1345 -0.7119
v  0.5211 12.0904 -0.6304
v  0.5226 12.0978 -0.5905
v  0.3435 12.1520 -0.5905
v  0.3406 12.1449 -0.6304
v  0.5243 12.1065 -0.5511
v  0.5263 12.1164 -0.5124
v  0.3508 12.1695 -0.5124
v  0.3469 12.1602 -0.5511
v  0.5285 12.1275 -0.4742
v  0.5309 12.1398 -0.4367
v  0.3599 12.1915 -0.4367
v  0.3551 12.1800 -0.4742
v  0.5336 12.1531 -0.3999
v  0.5367 12.1686 -0.3620
v  0.3711 12.2186 -0.3620
v  0.3651 12.2041 -0.3999
v  0.5404 12.1871 -0.3210
v  0.5454 12.2125 -0.2730
v  0.3882 12.2600 -0.2730
v  0.3783 12.2361 -0.3210
v  0.5525 12.2484 -0.2141
v  0.5611 12.2913 -0.1527
v  0.4190 12.3343 -0.1527
v  0.4022 12.2938 -0.2141
v  0.5704 12.3379 -0.0970
v  0.5803 12.3880 -0.0469
v  0.4567 12.4253 -0.0469
v  0.4372 12.3782 -0.0970
v  0.5909 12.4412 -0.0021
v  0.6021 12.4974 0.0375
v  0.4994 12.5284 0.0375
v  0.4775 12.4755 -0.0021
v  0.6138 12.5564 0.0721
v  0.6261 12.6180 0.1020
v  0.5465 12.6420 0.1020
v  0.5224 12.5840 0.0721
v  0.6388 12.6821 0.1275
v  0.6520 12.7485 0.1490
v  0.5974 12.7650 0.1490
v  0.5715 12.7024 0.1275
v  0.6657 12.8171 0.1665
v  0.6785 12.8816 0.1793
v  0.6506 12.8934 0.1796
v  0.6242 12.8296 0.1665
v  0.6893 12.9358 0.1865
v  0.6754 12.9532 0.1877
v  -0.7198 10.8959 -6.2987
v  -0.4039 11.3685 -6.2987
v  -0.9470 10.5558 -6.2987
v  -1.3991 10.9260 -6.2987
v  -1.1098 11.2153 -6.2987
v  -0.6771 11.6480 -6.2987
v  -1.0621 10.3835 -5.8636
v  -1.5456 10.7795 -5.8636
v  -1.5456 10.7795 -6.1320
v  -1.0621 10.3835 -6.1320
v  -1.0621 10.3835 -5.5951
v  -1.5456 10.7795 -5.5951
v  -0.8805 10.6554 -5.4092
v  -1.3144 11.0107 -5.4092
v  -1.4570 10.8681 -5.4211
v  -0.9926 10.4876 -5.4211
v  -0.7684 10.8231 -5.3973
v  -1.1717 11.1534 -5.3973
v  -0.6994 10.9263 -5.3784
v  -0.7038 10.9198 -5.3875
v  -0.6997 10.9259 -5.3645
v  -1.0842 11.2409 -5.3645
v  -1.0839 11.2412 -5.3784
v  -1.0894 11.2356 -5.3875
v  -0.6994 10.9264 -5.3457
v  -0.6979 10.9286 -5.3227
v  -1.0819 11.2431 -5.3227
v  -1.0838 11.2413 -5.3457
v  -0.6948 10.9333 -5.2963
v  -0.6894 10.9414 -5.2675
v  -1.0711 11.2540 -5.2675
v  -1.0779 11.2472 -5.2963
v  -0.6812 10.9536 -5.2369
v  -0.6697 10.9709 -5.2053
v  -1.0460 11.2791 -5.2053
v  -1.0606 11.2644 -5.2369
v  -0.6543 10.9939 -5.1737
v  -0.6345 11.0235 -5.1427
v  -1.0012 11.3239 -5.1427
v  -1.0264 11.2987 -5.1737
v  -0.6097 11.0606 -5.1132
v  -0.5794 11.1059 -5.0860
v  -0.9311 11.3939 -5.0860
v  -0.9697 11.3554 -5.1132
v  -0.5431 11.1602 -5.0619
v  -0.4902 11.2394 -5.0253
v  -0.8176 11.5075 -5.0253
v  -0.8849 11.4402 -5.0619
v  -0.4103 11.3590 -4.9607
v  -0.3233 11.4892 -4.8697
v  -0.6051 11.7200 -4.8697
v  -0.7158 11.6093 -4.9607
v  -0.2494 11.5998 -4.7535
v  -0.1875 11.6925 -4.6220
v  -0.4322 11.8929 -4.6220
v  -0.5110 11.8141 -4.7535
v  -0.1365 11.7688 -4.4851
v  -0.0953 11.8304 -4.3474
v  -0.3149 12.0102 -4.3474
v  -0.3672 11.9578 -4.4851
v  -0.0630 11.8788 -4.2136
v  -0.0383 11.9157 -4.0855
v  -0.2423 12.0828 -4.0855
v  -0.2737 12.0514 -4.2136
v  -0.0203 11.9427 -3.9651
v  -0.0079 11.9613 -3.8568
v  -0.2035 12.1216 -3.8568
v  -0.2194 12.1057 -3.9651
v  0.0001 11.9732 -3.7652
v  0.0046 11.9799 -3.6948
v  -0.1877 12.1374 -3.6948
v  -0.1934 12.1317 -3.7652
v  0.0067 11.9831 -3.6502
v  0.0081 11.9852 -3.6136
v  -0.1832 12.1419 -3.6136
v  -0.1850 12.1401 -3.6502
v  0.0104 11.9887 -3.5675
v  0.0145 11.9948 -3.5176
v  -0.1751 12.1500 -3.5176
v  -0.1803 12.1448 -3.5675
v  0.0211 12.0047 -3.4696
v  0.0302 12.0183 -3.4237
v  -0.1550 12.1701 -3.4237
v  -0.1666 12.1585 -3.4696
v  0.0416 12.0354 -3.3802
v  0.0552 12.0556 -3.3394
v  -0.1233 12.2018 -3.3394
v  -0.1405 12.1846 -3.3802
v  0.0707 12.0789 -3.3017
v  0.0881 12.1050 -3.2671
v  -0.0813 12.2438 -3.2671
v  -0.1035 12.2216 -3.3017
v  0.1072 12.1336 -3.2362
v  0.1279 12.1646 -3.2090
v  -0.0306 12.2944 -3.2090
v  -0.0570 12.2681 -3.2362
v  0.1500 12.1976 -3.1859
v  0.1734 12.2327 -3.1673
v  0.0273 12.3524 -3.1673
v  -0.0025 12.3226 -3.1859
v  0.1980 12.2694 -3.1532
v  0.2168 12.2975 -3.1390
v  0.0825 12.4076 -3.1390
v  0.0585 12.3836 -3.1532
v  0.2231 12.3070 -3.1197
v  0.2237 12.3079 -3.0982
v  0.0912 12.4163 -3.0982
v  0.0905 12.4156 -3.1197
v  0.2253 12.3103 -3.0773
v  0.2280 12.3143 -3.0572
v  0.0967 12.4218 -3.0572
v  0.0933 12.4184 -3.0773
v  0.2316 12.3197 -3.0382
v  0.2362 12.3265 -3.0204
v  0.1071 12.4322 -3.0204
v  0.1013 12.4264 -3.0382
v  0.2416 12.3347 -3.0039
v  0.2479 12.3441 -2.9891
v  0.1220 12.4471 -2.9891
v  0.1140 12.4391 -3.0039
v  0.2550 12.3546 -2.9760
v  0.2628 12.3664 -2.9649
v  0.1410 12.4661 -2.9649
v  0.1310 12.4561 -2.9760
v  0.2713 12.3791 -2.9559
v  0.2805 12.3929 -2.9493
v  0.1636 12.4887 -2.9493
v  0.1519 12.4770 -2.9559
v  0.2904 12.4076 -2.9452
v  0.3069 12.4324 -2.9431
v  0.1972 12.5223 -2.9431
v  0.1761 12.5012 -2.9452
v  0.3363 12.4765 -2.9424
v  0.3720 12.5298 -2.9409
v  0.2800 12.6051 -2.9409
v  0.2347 12.5598 -2.9424
v  0.4072 12.5825 -2.9362
v  0.4396 12.6310 -2.9271
v  0.3661 12.6912 -2.9271
v  0.3248 12.6499 -2.9362
v  0.4670 12.6720 -2.9123
v  0.4898 12.7061 -2.8923
v  0.4300 12.7550 -2.8923
v  0.4010 12.7261 -2.9123
v  0.5083 12.7338 -2.8677
v  0.5231 12.7559 -2.8388
v  0.4723 12.7974 -2.8388
v  0.4536 12.7786 -2.8677
v  0.5344 12.7729 -2.8061
v  0.5429 12.7856 -2.7702
v  0.4976 12.8227 -2.7702
v  0.4869 12.8119 -2.8061
v  0.5488 12.7944 -2.7313
v  0.5526 12.8001 -2.6896
v  0.5100 12.8350 -2.6896
v  0.5051 12.8302 -2.7313
v  0.5547 12.8033 -2.6449
v  0.5556 12.8046 -2.5973
v  0.5138 12.8388 -2.5973
v  0.5127 12.8377 -2.6449
v  0.5556 12.8046 -2.5470
v  0.5553 12.8041 -2.4334
v  0.5134 12.8384 -2.4334
v  0.5138 12.8389 -2.5470
v  0.5550 12.8037 -2.1962
v  0.5549 12.8035 -1.9684
v  0.5129 12.8379 -1.9684
v  0.5130 12.8381 -2.1962
v  0.5098 12.7361 -1.8370
v  0.5435 12.7866 -1.8647
v  0.4659 12.6704 -1.8021
v  0.3996 12.7247 -1.8021
v  0.4555 12.7806 -1.8370
v  0.4984 12.8235 -1.8647
v  0.4240 12.6076 -1.7617
v  0.3843 12.5482 -1.7142
v  0.2957 12.6208 -1.7142
v  0.3462 12.6713 -1.7617
v  0.3470 12.4924 -1.6578
v  0.3124 12.4407 -1.5918
v  0.2042 12.5293 -1.5918
v  0.2482 12.5733 -1.6578
v  0.2808 12.3933 -1.5153
v  0.2524 12.3508 -1.4304
v  0.1278 12.4528 -1.4304
v  0.1639 12.4890 -1.5153
v  0.2275 12.3135 -1.3389
v  0.2064 12.2820 -1.2431
v  0.0692 12.3943 -1.2431
v  0.0961 12.4211 -1.3389
v  0.1895 12.2566 -1.1455
v  0.1770 12.2380 -1.0454
v  0.0318 12.3569 -1.0454
v  0.0477 12.3728 -1.1455
v  0.1693 12.2265 -0.9424
v  0.1656 12.2209 -0.8535
v  0.0173 12.3424 -0.8535
v  0.0221 12.3471 -0.9424
v  0.1649 12.2199 -0.7956
v  0.1661 12.2217 -0.7534
v  0.0179 12.3430 -0.7534
v  0.0164 12.3415 -0.7956
v  0.1681 12.2246 -0.7119
v  0.1708 12.2288 -0.6708
v  0.0240 12.3491 -0.6708
v  0.0205 12.3456 -0.7119
v  0.1743 12.2340 -0.6304
v  0.1786 12.2403 -0.5905
v  0.0338 12.3589 -0.5905
v  0.0284 12.3535 -0.6304
v  0.1835 12.2477 -0.5511
v  0.1891 12.2561 -0.5124
v  0.0472 12.3723 -0.5124
v  0.0401 12.3652 -0.5511
v  0.1954 12.2655 -0.4742
v  0.2023 12.2759 -0.4367
v  0.0641 12.3891 -0.4367
v  0.0552 12.3803 -0.4742
v  0.2099 12.2872 -0.3999
v  0.2186 12.3003 -0.3620
v  0.0848 12.4099 -0.3620
v  0.0737 12.3988 -0.3999
v  0.2291 12.3160 -0.3210
v  0.2435 12.3375 -0.2730
v  0.1165 12.4415 -0.2730
v  0.0982 12.4233 -0.3210
v  0.2638 12.3679 -0.2141
v  0.2882 12.4044 -0.1527
v  0.1733 12.4984 -0.1527
v  0.1424 12.4674 -0.2141
v  0.3146 12.4439 -0.0970
v  0.3429 12.4863 -0.0469
v  0.2430 12.5681 -0.0469
v  0.2070 12.5320 -0.0970
v  0.3730 12.5314 -0.0021
v  0.4049 12.5790 0.0375
v  0.3219 12.6470 0.0375
v  0.2814 12.6065 -0.0021
v  0.4383 12.6291 0.0721
v  0.4732 12.6813 0.1020
v  0.4089 12.7340 0.1020
v  0.3645 12.6895 0.0721
v  0.5095 12.7356 0.1275
v  0.5471 12.7919 0.1490
v  0.5030 12.8281 0.1490
v  0.4551 12.7802 0.1275
v  0.5860 12.8501 0.1665
v  0.6225 12.9048 0.1793
v  0.6012 12.9263 0.1796
v  0.5525 12.8775 0.1665
v  0.6532 12.9507 0.1865
v  0.6471 12.9722 0.1877
v  -1.4292 11.6053 -6.2987
v  -0.9565 11.9211 -6.2987
v  -1.7693 11.3781 -6.2987
v  -2.0452 11.8931 -6.2987
v  -1.6672 12.0497 -6.2987
v  -1.1019 12.2838 -6.2987
v  -1.9416 11.2629 -5.8636
v  -2.2367 11.8138 -5.8636
v  -2.2367 11.8138 -6.1320
v  -1.9416 11.2629 -6.1320
v  -1.9416 11.2629 -5.5951
v  -2.2367 11.8138 -5.5951
v  -1.6697 11.4446 -5.4092
v  -1.9346 11.9389 -5.4092
v  -2.1210 11.8617 -5.4211
v  -1.8375 11.3325 -5.4211
v  -1.5020 11.5567 -5.3973
v  -1.7482 12.0162 -5.3973
v  -1.3987 11.6257 -5.3784
v  -1.4053 11.6213 -5.3875
v  -1.3992 11.6254 -5.3645
v  -1.6339 12.0635 -5.3645
v  -1.6334 12.0637 -5.3784
v  -1.6407 12.0607 -5.3875
v  -1.3987 11.6257 -5.3457
v  -1.3965 11.6272 -5.3227
v  -1.6309 12.0647 -5.3227
v  -1.6334 12.0637 -5.3457
v  -1.3918 11.6303 -5.2963
v  -1.3837 11.6357 -5.2675
v  -1.6167 12.0706 -5.2675
v  -1.6257 12.0669 -5.2963
v  -1.3714 11.6439 -5.2369
v  -1.3542 11.6554 -5.2053
v  -1.5839 12.0842 -5.2053
v  -1.6031 12.0763 -5.2369
v  -1.3312 11.6708 -5.1737
v  -1.3016 11.6906 -5.1427
v  -1.5254 12.1084 -5.1427
v  -1.5583 12.0948 -5.1737
v  -1.2645 11.7154 -5.1132
v  -1.2192 11.7456 -5.0860
v  -1.4339 12.1463 -5.0860
v  -1.4842 12.1255 -5.1132
v  -1.1648 11.7819 -5.0619
v  -1.0857 11.8348 -5.0253
v  -1.2855 12.2078 -5.0253
v  -1.3735 12.1714 -5.0619
v  -0.9660 11.9148 -4.9607
v  -0.8359 12.0017 -4.8697
v  -1.0079 12.3228 -4.8697
v  -1.1525 12.2629 -4.9607
v  -0.7253 12.0757 -4.7535
v  -0.6326 12.1376 -4.6220
v  -0.7819 12.4164 -4.6220
v  -0.8849 12.3737 -4.7535
v  -0.5563 12.1886 -4.4851
v  -0.4947 12.2297 -4.3474
v  -0.6287 12.4799 -4.3474
v  -0.6971 12.4515 -4.4851
v  -0.4462 12.2621 -4.2136
v  -0.4093 12.2868 -4.0855
v  -0.5338 12.5191 -4.0855
v  -0.5749 12.5022 -4.2136
v  -0.3824 12.3048 -3.9651
v  -0.3638 12.3172 -3.8568
v  -0.4832 12.5401 -3.8568
v  -0.5039 12.5316 -3.9651
v  -0.3519 12.3251 -3.7652
v  -0.3452 12.3296 -3.6948
v  -0.4625 12.5487 -3.6948
v  -0.4700 12.5456 -3.7652
v  -0.3420 12.3318 -3.6502
v  -0.3399 12.3332 -3.6136
v  -0.4567 12.5511 -3.6136
v  -0.4590 12.5501 -3.6502
v  -0.3364 12.3355 -3.5675
v  -0.3303 12.3396 -3.5176
v  -0.4460 12.5555 -3.5176
v  -0.4528 12.5527 -3.5675
v  -0.3204 12.3462 -3.4696
v  -0.3067 12.3553 -3.4237
v  -0.4198 12.5664 -3.4237
v  -0.4349 12.5601 -3.4696
v  -0.2897 12.3667 -3.3802
v  -0.2694 12.3802 -3.3394
v  -0.3784 12.5836 -3.3394
v  -0.4009 12.5742 -3.3802
v  -0.2461 12.3958 -3.3017
v  -0.2201 12.4132 -3.2671
v  -0.3235 12.6063 -3.2671
v  -0.3525 12.5943 -3.3017
v  -0.1915 12.4323 -3.2362
v  -0.1605 12.4530 -3.2090
v  -0.2573 12.6337 -3.2090
v  -0.2917 12.6194 -3.2362
v  -0.1274 12.4751 -3.1859
v  -0.0924 12.4985 -3.1673
v  -0.1816 12.6650 -3.1673
v  -0.2205 12.6489 -3.1859
v  -0.0557 12.5230 -3.1532
v  -0.0275 12.5419 -3.1390
v  -0.1095 12.6949 -3.1390
v  -0.1408 12.6819 -3.1532
v  -0.0181 12.5482 -3.1197
v  -0.0172 12.5488 -3.0982
v  -0.0981 12.6997 -3.0982
v  -0.0990 12.6992 -3.1197
v  -0.0148 12.5504 -3.0773
v  -0.0108 12.5531 -3.0572
v  -0.0909 12.7026 -3.0572
v  -0.0953 12.7008 -3.0773
v  -0.0054 12.5567 -3.0382
v  0.0014 12.5612 -3.0204
v  -0.0773 12.7082 -3.0204
v  -0.0849 12.7051 -3.0382
v  0.0096 12.5667 -3.0039
v  0.0190 12.5729 -2.9891
v  -0.0578 12.7163 -2.9891
v  -0.0683 12.7120 -3.0039
v  0.0296 12.5800 -2.9760
v  0.0413 12.5879 -2.9649
v  -0.0330 12.7266 -2.9649
v  -0.0461 12.7212 -2.9760
v  0.0541 12.5964 -2.9559
v  0.0679 12.6056 -2.9493
v  -0.0035 12.7388 -2.9493
v  -0.0188 12.7325 -2.9559
v  0.0826 12.6154 -2.9452
v  0.1074 12.6320 -2.9431
v  0.0404 12.7570 -2.9431
v  0.0129 12.7456 -2.9452
v  0.1514 12.6614 -2.9424
v  0.2047 12.6971 -2.9409
v  0.1486 12.8018 -2.9409
v  0.0893 12.7773 -2.9424
v  0.2574 12.7322 -2.9362
v  0.3059 12.7647 -2.9271
v  0.2611 12.8484 -2.9271
v  0.2071 12.8261 -2.9362
v  0.3469 12.7921 -2.9123
v  0.3810 12.8148 -2.8923
v  0.3445 12.8830 -2.8923
v  0.3066 12.8673 -2.9123
v  0.4087 12.8334 -2.8677
v  0.4308 12.8481 -2.8388
v  0.3999 12.9059 -2.8388
v  0.3753 12.8957 -2.8677
v  0.4479 12.8595 -2.8061
v  0.4605 12.8680 -2.7702
v  0.4328 12.9196 -2.7702
v  0.4188 12.9137 -2.8061
v  0.4693 12.8739 -2.7313
v  0.4750 12.8777 -2.6896
v  0.4490 12.9263 -2.6896
v  0.4427 12.9236 -2.7313
v  0.4782 12.8798 -2.6449
v  0.4795 12.8807 -2.5973
v  0.4540 12.9283 -2.5973
v  0.4525 12.9277 -2.6449
v  0.4795 12.8807 -2.5470
v  0.4790 12.8803 -2.4334
v  0.4534 12.9281 -2.4334
v  0.4540 12.9283 -2.5470
v  0.4787 12.8801 -2.1962
v  0.4784 12.8800 -1.9684
v  0.4528 12.9278 -1.9684
v  0.4530 12.9279 -2.1962
v  0.4110 12.8349 -1.8370
v  0.4615 12.8686 -1.8647
v  0.3453 12.7910 -1.8021
v  0.3048 12.8665 -1.8021
v  0.3779 12.8968 -1.8370
v  0.4340 12.9200 -1.8647
v  0.2825 12.7491 -1.7617
v  0.2231 12.7093 -1.7142
v  0.1690 12.8103 -1.7142
v  0.2351 12.8376 -1.7617
v  0.1673 12.6721 -1.6578
v  0.1156 12.6375 -1.5918
v  0.0495 12.7608 -1.5918
v  0.1070 12.7846 -1.6578
v  0.0682 12.6059 -1.5153
v  0.0257 12.5774 -1.4304
v  -0.0504 12.7194 -1.4304
v  -0.0031 12.7390 -1.5153
v  -0.0116 12.5525 -1.3389
v  -0.0431 12.5315 -1.2431
v  -0.1268 12.6877 -1.2431
v  -0.0918 12.7023 -1.3389
v  -0.0684 12.5145 -1.1455
v  -0.0871 12.5021 -1.0454
v  -0.1757 12.6675 -1.0454
v  -0.1550 12.6761 -1.1455
v  -0.0986 12.4944 -0.9424
v  -0.1042 12.4907 -0.8535
v  -0.1947 12.6596 -0.8535
v  -0.1885 12.6622 -0.9424
v  -0.1052 12.4900 -0.7956
v  -0.1034 12.4912 -0.7534
v  -0.1938 12.6600 -0.7534
v  -0.1958 12.6591 -0.7956
v  -0.1004 12.4932 -0.7119
v  -0.0963 12.4959 -0.6708
v  -0.1860 12.6632 -0.6708
v  -0.1905 12.6613 -0.7119
v  -0.0911 12.4994 -0.6304
v  -0.0848 12.5036 -0.5905
v  -0.1731 12.6686 -0.5905
v  -0.1801 12.6657 -0.6304
v  -0.0774 12.5086 -0.5511
v  -0.0690 12.5142 -0.5124
v  -0.1556 12.6758 -0.5124
v  -0.1649 12.6720 -0.5511
v  -0.0596 12.5205 -0.4742
v  -0.0492 12.5274 -0.4367
v  -0.1336 12.6849 -0.4367
v  -0.1451 12.6802 -0.4742
v  -0.0379 12.5350 -0.3999
v  -0.0248 12.5437 -0.3620
v  -0.1065 12.6962 -0.3620
v  -0.1210 12.6901 -0.3999
v  -0.0091 12.5542 -0.3210
v  0.0124 12.5686 -0.2730
v  -0.0651 12.7133 -0.2730
v  -0.0890 12.7034 -0.3210
v  0.0429 12.5889 -0.2141
v  0.0793 12.6133 -0.1527
v  0.0092 12.7441 -0.1527
v  -0.0313 12.7273 -0.2141
v  0.1188 12.6397 -0.0970
v  0.1612 12.6680 -0.0469
v  0.1003 12.7818 -0.0469
v  0.0531 12.7623 -0.0970
v  0.2063 12.6981 -0.0021
v  0.2540 12.7300 0.0375
v  0.2033 12.8245 0.0375
v  0.1504 12.8026 -0.0021
v  0.3040 12.7634 0.0721
v  0.3562 12.7983 0.1020
v  0.3170 12.8716 0.1020
v  0.2589 12.8475 0.0721
v  0.4106 12.8346 0.1275
v  0.4669 12.8722 0.1490
v  0.4399 12.9225 0.1490
v  0.3774 12.8966 0.1275
v  0.5250 12.9111 0.1665
v  0.5797 12.9476 0.1793
v  0.5683 12.9757 0.1796
v  0.5045 12.9493 0.1665
v  0.6257 12.9783 0.1865
v  0.6282 13.0005 0.1877
v  -1.8131 12.5322 -6.2987
v  -1.2556 12.6431 -6.2987
v  -2.2143 12.4524 -6.2987
v  -2.2721 13.0339 -6.2987
v  -1.8630 13.0339 -6.2987
v  -1.2511 13.0339 -6.2987
v  -2.4175 12.4120 -5.8636
v  -2.4794 13.0339 -5.8636
v  -2.4794 13.0339 -6.1320
v  -2.4175 12.4120 -6.1320
v  -2.4175 12.4120 -5.5951
v  -2.4794 13.0339 -5.5951
v  -2.0969 12.4758 -5.4092
v  -2.1524 13.0339 -5.4092
v  -2.3541 13.0339 -5.4211
v  -2.2947 12.4364 -5.4211
v  -1.8990 12.5151 -5.3973
v  -1.9506 13.0339 -5.3973
v  -1.7772 12.5394 -5.3784
v  -1.7850 12.5378 -5.3875
v  -1.7777 12.5393 -5.3645
v  -1.8269 13.0339 -5.3645
v  -1.8264 13.0339 -5.3784
v  -1.8343 13.0339 -5.3875
v  -1.7771 12.5394 -5.3457
v  -1.7745 12.5399 -5.3227
v  -1.8237 13.0339 -5.3227
v  -1.8263 13.0339 -5.3457
v  -1.7690 12.5410 -5.2963
v  -1.7594 12.5429 -5.2675
v  -1.8083 13.0339 -5.2675
v  -1.8180 13.0339 -5.2963
v  -1.7450 12.5458 -5.2369
v  -1.7247 12.5498 -5.2053
v  -1.7728 13.0339 -5.2053
v  -1.7935 13.0339 -5.2369
v  -1.6975 12.5552 -5.1737
v  -1.6626 12.5622 -5.1427
v  -1.7095 13.0339 -5.1427
v  -1.7451 13.0339 -5.1737
v  -1.6189 12.5709 -5.1132
v  -1.5654 12.5815 -5.0860
v  -1.6104 13.0339 -5.0860
v  -1.6649 13.0339 -5.1132
v  -1.5013 12.5942 -5.0619
v  -1.4079 12.6128 -5.0253
v  -1.4498 13.0339 -5.0253
v  -1.5450 13.0339 -5.0619
v  -1.2668 12.6409 -4.9608
v  -1.1133 12.6714 -4.8697
v  -1.1493 13.0339 -4.8697
v  -1.3059 13.0339 -4.9607
v  -0.9828 12.6974 -4.7535
v  -0.8735 12.7191 -4.6220
v  -0.9048 13.0339 -4.6220
v  -1.0162 13.0339 -4.7535
v  -0.7834 12.7370 -4.4851
v  -0.7108 12.7515 -4.3474
v  -0.7389 13.0339 -4.3474
v  -0.8130 13.0339 -4.4851
v  -0.6537 12.7628 -4.2136
v  -0.6101 12.7715 -4.0855
v  -0.6362 13.0339 -4.0855
v  -0.6806 13.0339 -4.2136
v  -0.5783 12.7778 -3.9651
v  -0.5564 12.7822 -3.8568
v  -0.5814 13.0339 -3.8568
v  -0.6038 13.0339 -3.9651
v  -0.5424 12.7850 -3.7652
v  -0.5344 12.7866 -3.6948
v  -0.5590 13.0339 -3.6948
v  -0.5671 13.0339 -3.7652
v  -0.5307 12.7873 -3.6502
v  -0.5282 12.7878 -3.6136
v  -0.5527 13.0339 -3.6136
v  -0.5552 13.0339 -3.6502
v  -0.5241 12.7886 -3.5675
v  -0.5169 12.7900 -3.5176
v  -0.5412 13.0339 -3.5176
v  -0.5485 13.0339 -3.5675
v  -0.5052 12.7924 -3.4696
v  -0.4891 12.7956 -3.4237
v  -0.5128 13.0339 -3.4237
v  -0.5292 13.0339 -3.4696
v  -0.4690 12.7996 -3.3802
v  -0.4451 12.8043 -3.3394
v  -0.4679 13.0339 -3.3394
v  -0.4923 13.0339 -3.3802
v  -0.4176 12.8098 -3.3017
v  -0.3869 12.8159 -3.2671
v  -0.4086 13.0339 -3.2671
v  -0.4399 13.0339 -3.3017
v  -0.3532 12.8226 -3.2362
v  -0.3166 12.8299 -3.2090
v  -0.3369 13.0339 -3.2090
v  -0.3742 13.0339 -3.2362
v  -0.2776 12.8377 -3.1859
v  -0.2363 12.8459 -3.1673
v  -0.2550 13.0339 -3.1673
v  -0.2971 13.0339 -3.1859
v  -0.1930 12.8545 -3.1532
v  -0.1598 12.8611 -3.1390
v  -0.1769 13.0339 -3.1390
v  -0.2108 13.0339 -3.1532
v  -0.1486 12.8633 -3.1197
v  -0.1476 12.8635 -3.0982
v  -0.1645 13.0339 -3.0982
v  -0.1656 13.0339 -3.1197
v  -0.1447 12.8641 -3.0773
v  -0.1400 12.8650 -3.0572
v  -0.1568 13.0339 -3.0572
v  -0.1616 13.0339 -3.0773
v  -0.1336 12.8663 -3.0382
v  -0.1256 12.8679 -3.0204
v  -0.1421 13.0339 -3.0204
v  -0.1503 13.0339 -3.0382
v  -0.1160 12.8698 -3.0039
v  -0.1049 12.8720 -2.9891
v  -0.1210 13.0339 -2.9891
v  -0.1323 13.0339 -3.0039
v  -0.0924 12.8745 -2.9760
v  -0.0786 12.8772 -2.9649
v  -0.0942 13.0339 -2.9649
v  -0.1082 13.0339 -2.9760
v  -0.0635 12.8802 -2.9559
v  -0.0472 12.8835 -2.9493
v  -0.0622 13.0339 -2.9493
v  -0.0788 13.0339 -2.9559
v  -0.0299 12.8869 -2.9452
v  -0.0006 12.8927 -2.9431
v  -0.0146 13.0339 -2.9431
v  -0.0445 13.0339 -2.9452
v  0.0513 12.9031 -2.9424
v  0.1142 12.9156 -2.9409
v  0.1024 13.0339 -2.9409
v  0.0383 13.0339 -2.9424
v  0.1763 12.9279 -2.9362
v  0.2336 12.9393 -2.9271
v  0.2242 13.0339 -2.9271
v  0.1658 13.0339 -2.9362
v  0.2819 12.9489 -2.9123
v  0.3221 12.9569 -2.8923
v  0.3145 13.0339 -2.8923
v  0.2735 13.0339 -2.9123
v  0.3549 12.9635 -2.8677
v  0.3809 12.9686 -2.8388
v  0.3744 13.0339 -2.8388
v  0.3479 13.0339 -2.8677
v  0.4010 12.9726 -2.8061
v  0.4159 12.9756 -2.7702
v  0.4101 13.0339 -2.7702
v  0.3949 13.0339 -2.8061
v  0.4263 12.9777 -2.7313
v  0.4331 12.9790 -2.6896
v  0.4276 13.0339 -2.6896
v  0.4208 13.0339 -2.7313
v  0.4368 12.9798 -2.6449
v  0.4383 12.9801 -2.5973
v  0.4330 13.0339 -2.5973
v  0.4314 13.0339 -2.6449
v  0.4384 12.9801 -2.5470
v  0.4378 12.9799 -2.4334
v  0.4324 13.0339 -2.4334
v  0.4330 13.0339 -2.5470
v  0.4374 12.9799 -2.1962
v  0.4371 12.9798 -1.9684
v  0.4317 13.0339 -1.9684
v  0.4320 13.0339 -2.1962
v  0.3576 12.9640 -1.8370
v  0.4171 12.9758 -1.8647
v  0.2800 12.9486 -1.8021
v  0.2716 13.0339 -1.8021
v  0.3506 13.0339 -1.8370
v  0.4113 13.0339 -1.8647
v  0.2060 12.9338 -1.7617
v  0.1359 12.9199 -1.7142
v  0.1246 13.0339 -1.7142
v  0.1961 13.0339 -1.7617
v  0.0701 12.9068 -1.6578
v  0.0090 12.8947 -1.5918
v  -0.0048 13.0339 -1.5918
v  0.0575 13.0339 -1.6578
v  -0.0468 12.8836 -1.5153
v  -0.0970 12.8736 -1.4304
v  -0.1129 13.0339 -1.4304
v  -0.0618 13.0339 -1.5153
v  -0.1409 12.8648 -1.3389
v  -0.1781 12.8574 -1.2431
v  -0.1957 13.0339 -1.2431
v  -0.1577 13.0339 -1.3389
v  -0.2080 12.8515 -1.1455
v  -0.2300 12.8471 -1.0454
v  -0.2486 13.0339 -1.0454
v  -0.2262 13.0339 -1.1455
v  -0.2435 12.8444 -0.9424
v  -0.2501 12.8431 -0.8535
v  -0.2691 13.0339 -0.8535
v  -0.2624 13.0339 -0.9424
v  -0.2514 12.8429 -0.7956
v  -0.2493 12.8433 -0.7534
v  -0.2682 13.0339 -0.7534
v  -0.2704 13.0339 -0.7956
v  -0.2457 12.8440 -0.7119
v  -0.2409 12.8450 -0.6708
v  -0.2597 13.0339 -0.6708
v  -0.2646 13.0339 -0.7119
v  -0.2347 12.8462 -0.6304
v  -0.2273 12.8477 -0.5905
v  -0.2458 13.0339 -0.5905
v  -0.2534 13.0339 -0.6304
v  -0.2185 12.8494 -0.5511
v  -0.2086 12.8514 -0.5124
v  -0.2268 13.0339 -0.5124
v  -0.2369 13.0339 -0.5511
v  -0.1975 12.8536 -0.4742
v  -0.1853 12.8560 -0.4367
v  -0.2030 13.0339 -0.4367
v  -0.2155 13.0339 -0.4742
v  -0.1720 12.8587 -0.3999
v  -0.1565 12.8617 -0.3620
v  -0.1736 13.0339 -0.3620
v  -0.1894 13.0339 -0.3999
v  -0.1380 12.8654 -0.3210
v  -0.1126 12.8705 -0.2730
v  -0.1289 13.0339 -0.2730
v  -0.1547 13.0339 -0.3210
v  -0.0767 12.8776 -0.2141
v  -0.0337 12.8862 -0.1527
v  -0.0484 13.0339 -0.1527
v  -0.0923 13.0339 -0.2141
v  0.0129 12.8954 -0.0970
v  0.0629 12.9054 -0.0469
v  0.0501 13.0339 -0.0469
v  -0.0009 13.0339 -0.0970
v  0.1161 12.9160 -0.0021
v  0.1723 12.9271 0.0375
v  0.1617 13.0339 0.0375
v  0.1044 13.0339 -0.0021
v  0.2313 12.9389 0.0721
v  0.2929 12.9511 0.1020
v  0.2847 13.0339 0.1020
v  0.2218 13.0339 0.0721
v  0.3570 12.9639 0.1275
v  0.4234 12.9771 0.1490
v  0.4178 13.0339 0.1490
v  0.3501 13.0339 0.1275
v  0.4920 12.9907 0.1665
v  0.5565 13.0036 0.1793
v  0.5567 13.0339 0.1796
v  0.4877 13.0339 0.1665
v  0.6107 13.0143 0.1865
v  0.6215 13.0339 0.1877
v  -1.8131 13.5355 -6.2987
v  -1.2556 13.4246 -6.2987
v  -2.2143 13.6153 -6.2987
v  -2.0452 14.1746 -6.2987
v  -1.6672 14.0180 -6.2987
v  -1.1019 13.7839 -6.2987
v  -2.4175 13.6557 -5.8636
v  -2.2367 14.2539 -5.8636
v  -2.2367 14.2539 -6.1320
v  -2.4175 13.6557 -6.1320
v  -2.4175 13.6557 -5.5951
v  -2.2367 14.2539 -5.5951
v  -2.0969 13.5919 -5.4092
v  -1.9346 14.1288 -5.4092
v  -2.1210 14.2060 -5.4211
v  -2.2947 13.6313 -5.4211
v  -1.8990 13.5526 -5.3973
v  -1.7482 14.0515 -5.3973
v  -1.7772 13.5283 -5.3784
v  -1.7850 13.5299 -5.3875
v  -1.7777 13.5284 -5.3645
v  -1.6339 14.0042 -5.3645
v  -1.6334 14.0040 -5.3784
v  -1.6407 14.0070 -5.3875
v  -1.7771 13.5283 -5.3457
v  -1.7745 13.5278 -5.3227
v  -1.6309 14.0030 -5.3227
v  -1.6334 14.0040 -5.3457
v  -1.7690 13.5267 -5.2963
v  -1.7594 13.5248 -5.2675
v  -1.6167 13.9971 -5.2675
v  -1.6256 14.0008 -5.2963
v  -1.7450 13.5219 -5.2369
v  -1.7247 13.5179 -5.2053
v  -1.5839 13.9835 -5.2053
v  -1.6031 13.9914 -5.2369
v  -1.6975 13.5125 -5.1737
v  -1.6626 13.5055 -5.1427
v  -1.5254 13.9593 -5.1427
v  -1.5583 13.9729 -5.1737
v  -1.6188 13.4968 -5.1132
v  -1.5654 13.4862 -5.0860
v  -1.4339 13.9214 -5.0860
v  -1.4842 13.9422 -5.1132
v  -1.5013 13.4735 -5.0619
v  -1.4079 13.4549 -5.0253
v  -1.2855 13.8599 -5.0253
v  -1.3735 13.8963 -5.0619
v  -1.2668 13.4268 -4.9608
v  -1.1133 13.3963 -4.8697
v  -1.0079 13.7449 -4.8697
v  -1.1525 13.8048 -4.9607
v  -0.9828 13.3703 -4.7535
v  -0.8735 13.3486 -4.6220
v  -0.7819 13.6513 -4.6220
v  -0.8849 13.6940 -4.7535
v  -0.7834 13.3307 -4.4851
v  -0.7108 13.3162 -4.3474
v  -0.6287 13.5878 -4.3474
v  -0.6971 13.6162 -4.4851
v  -0.6536 13.3049 -4.2136
v  -0.6101 13.2962 -4.0855
v  -0.5338 13.5486 -4.0855
v  -0.5748 13.5655 -4.2136
v  -0.5783 13.2899 -3.9651
v  -0.5564 13.2855 -3.8568
v  -0.4832 13.5276 -3.8568
v  -0.5039 13.5362 -3.9651
v  -0.5424 13.2827 -3.7652
v  -0.5344 13.2811 -3.6948
v  -0.4625 13.5190 -3.6948
v  -0.4700 13.5221 -3.7652
v  -0.5307 13.2804 -3.6502
v  -0.5282 13.2799 -3.6136
v  -0.4567 13.5166 -3.6136
v  -0.4590 13.5176 -3.6502
v  -0.5241 13.2791 -3.5675
v  -0.5169 13.2777 -3.5176
v  -0.4460 13.5122 -3.5176
v  -0.4528 13.5150 -3.5675
v  -0.5052 13.2753 -3.4696
v  -0.4891 13.2721 -3.4237
v  -0.4198 13.5013 -3.4237
v  -0.4349 13.5076 -3.4696
v  -0.4690 13.2681 -3.3802
v  -0.4451 13.2634 -3.3394
v  -0.3783 13.4842 -3.3394
v  -0.4009 13.4935 -3.3802
v  -0.4176 13.2579 -3.3017
v  -0.3869 13.2518 -3.2671
v  -0.3235 13.4614 -3.2671
v  -0.3525 13.4734 -3.3017
v  -0.3531 13.2451 -3.2362
v  -0.3166 13.2378 -3.2090
v  -0.2573 13.4340 -3.2090
v  -0.2917 13.4483 -3.2362
v  -0.2776 13.2301 -3.1859
v  -0.2363 13.2218 -3.1673
v  -0.1816 13.4027 -3.1673
v  -0.2205 13.4188 -3.1859
v  -0.1930 13.2132 -3.1532
v  -0.1598 13.2066 -3.1390
v  -0.1095 13.3728 -3.1390
v  -0.1408 13.3858 -3.1532
v  -0.1486 13.2044 -3.1197
v  -0.1476 13.2042 -3.0982
v  -0.0980 13.3681 -3.0982
v  -0.0990 13.3685 -3.1197
v  -0.1447 13.2036 -3.0773
v  -0.1400 13.2027 -3.0572
v  -0.0909 13.3651 -3.0572
v  -0.0953 13.3669 -3.0773
v  -0.1336 13.2014 -3.0382
v  -0.1256 13.1998 -3.0204
v  -0.0773 13.3595 -3.0204
v  -0.0849 13.3626 -3.0382
v  -0.1160 13.1979 -3.0039
v  -0.1049 13.1957 -2.9891
v  -0.0578 13.3514 -2.9891
v  -0.0683 13.3557 -3.0039
v  -0.0924 13.1932 -2.9760
v  -0.0786 13.1905 -2.9649
v  -0.0330 13.3411 -2.9649
v  -0.0461 13.3465 -2.9760
v  -0.0635 13.1875 -2.9559
v  -0.0472 13.1842 -2.9493
v  -0.0035 13.3289 -2.9493
v  -0.0188 13.3352 -2.9559
v  -0.0299 13.1808 -2.9452
v  -0.0006 13.1750 -2.9431
v  0.0404 13.3107 -2.9431
v  0.0129 13.3221 -2.9452
v  0.0513 13.1646 -2.9424
v  0.1142 13.1521 -2.9409
v  0.1486 13.2659 -2.9409
v  0.0893 13.2904 -2.9424
v  0.1763 13.1398 -2.9362
v  0.2336 13.1284 -2.9271
v  0.2611 13.2193 -2.9271
v  0.2071 13.2416 -2.9362
v  0.2820 13.1188 -2.9123
v  0.3221 13.1108 -2.8923
v  0.3445 13.1847 -2.8923
v  0.3066 13.2004 -2.9123
v  0.3549 13.1043 -2.8677
v  0.3809 13.0991 -2.8388
v  0.3999 13.1618 -2.8388
v  0.3753 13.1720 -2.8677
v  0.4010 13.0951 -2.8061
v  0.4159 13.0921 -2.7702
v  0.4329 13.1481 -2.7702
v  0.4188 13.1540 -2.8061
v  0.4264 13.0900 -2.7313
v  0.4331 13.0887 -2.6896
v  0.4490 13.1414 -2.6896
v  0.4427 13.1441 -2.7313
v  0.4368 13.0879 -2.6449
v  0.4383 13.0876 -2.5973
v  0.4540 13.1394 -2.5973
v  0.4526 13.1400 -2.6449
v  0.4384 13.0876 -2.5470
v  0.4378 13.0878 -2.4334
v  0.4534 13.1396 -2.4334
v  0.4540 13.1394 -2.5470
v  0.4373 13.0878 -2.1962
v  0.4371 13.0879 -1.9684
v  0.4528 13.1399 -1.9684
v  0.4531 13.1398 -2.1962
v  0.3576 13.1037 -1.8370
v  0.4171 13.0919 -1.8647
v  0.2800 13.1191 -1.8021
v  0.3048 13.2012 -1.8021
v  0.3779 13.1709 -1.8370
v  0.4340 13.1477 -1.8647
v  0.2060 13.1339 -1.7617
v  0.1359 13.1478 -1.7142
v  0.1691 13.2574 -1.7142
v  0.2351 13.2301 -1.7617
v  0.0701 13.1609 -1.6578
v  0.0091 13.1730 -1.5918
v  0.0495 13.3069 -1.5918
v  0.1070 13.2831 -1.6578
v  -0.0468 13.1841 -1.5153
v  -0.0970 13.1941 -1.4304
v  -0.0504 13.3483 -1.4304
v  -0.0031 13.3287 -1.5153
v  -0.1409 13.2029 -1.3389
v  -0.1781 13.2103 -1.2431
v  -0.1268 13.3800 -1.2431
v  -0.0918 13.3654 -1.3389
v  -0.2080 13.2162 -1.1455
v  -0.2300 13.2206 -1.0454
v  -0.1757 13.4002 -1.0454
v  -0.1550 13.3916 -1.1455
v  -0.2435 13.2233 -0.9424
v  -0.2501 13.2246 -0.8535
v  -0.1947 13.4081 -0.8535
v  -0.1885 13.4055 -0.9424
v  -0.2514 13.2248 -0.7956
v  -0.2492 13.2244 -0.7534
v  -0.1938 13.4077 -0.7534
v  -0.1958 13.4086 -0.7956
v  -0.2457 13.2237 -0.7119
v  -0.2409 13.2228 -0.6708
v  -0.1859 13.4045 -0.6708
v  -0.1905 13.4064 -0.7119
v  -0.2347 13.2215 -0.6304
v  -0.2273 13.2200 -0.5905
v  -0.1731 13.3991 -0.5905
v  -0.1801 13.4021 -0.6304
v  -0.2185 13.2183 -0.5511
v  -0.2086 13.2163 -0.5124
v  -0.1556 13.3919 -0.5124
v  -0.1649 13.3957 -0.5511
v  -0.1975 13.2141 -0.4742
v  -0.1853 13.2117 -0.4367
v  -0.1336 13.3828 -0.4367
v  -0.1451 13.3875 -0.4742
v  -0.1719 13.2090 -0.3999
v  -0.1565 13.2060 -0.3620
v  -0.1065 13.3715 -0.3620
v  -0.1210 13.3776 -0.3999
v  -0.1380 13.2023 -0.3210
v  -0.1126 13.1972 -0.2730
v  -0.0651 13.3544 -0.2730
v  -0.0890 13.3643 -0.3210
v  -0.0767 13.1901 -0.2141
v  -0.0337 13.1815 -0.1527
v  0.0092 13.3236 -0.1527
v  -0.0313 13.3404 -0.2141
v  0.0129 13.1723 -0.0970
v  0.0629 13.1623 -0.0469
v  0.1003 13.2859 -0.0469
v  0.0531 13.3054 -0.0970
v  0.1161 13.1517 -0.0021
v  0.1723 13.1406 0.0375
v  0.2033 13.2432 0.0375
v  0.1504 13.2651 -0.0021
v  0.2313 13.1288 0.0721
v  0.2929 13.1166 0.1020
v  0.3170 13.1961 0.1020
v  0.2589 13.2202 0.0721
v  0.3570 13.1038 0.1275
v  0.4234 13.0906 0.1490
v  0.4399 13.1452 0.1490
v  0.3774 13.1711 0.1275
v  0.4920 13.0770 0.1665
v  0.5565 13.0641 0.1793
v  0.5683 13.0920 0.1796
v  0.5046 13.1184 0.1665
v  0.6107 13.0534 0.1865
v  0.6282 13.0672 0.1877
v  -1.4292 14.4624 -6.2987
v  -0.9565 14.1466 -6.2987
v  -1.7693 14.6897 -6.2987
v  -1.3991 15.1417 -6.2987
v  -1.1097 14.8524 -6.2987
v  -0.6771 14.4197 -6.2987
v  -1.9416 14.8048 -5.8636
v  -1.5456 15.2882 -5.8636
v  -1.5456 15.2882 -6.1320
v  -1.9416 14.8048 -6.1320
v  -1.9416 14.8048 -5.5951
v  -1.5456 15.2882 -5.5951
v  -1.6697 14.6231 -5.4092
v  -1.3143 15.0570 -5.4092
v  -1.4570 15.1997 -5.4211
v  -1.8375 14.7352 -5.4211
v  -1.5020 14.5110 -5.3973
v  -1.1717 14.9143 -5.3973
v  -1.3987 14.4421 -5.3784
v  -1.4053 14.4464 -5.3875
v  -1.3992 14.4423 -5.3645
v  -1.0842 14.8268 -5.3645
v  -1.0839 14.8265 -5.3784
v  -1.0895 14.8321 -5.3875
v  -1.3987 14.4420 -5.3457
v  -1.3965 14.4405 -5.3227
v  -1.0819 14.8246 -5.3227
v  -1.0838 14.8264 -5.3457
v  -1.3918 14.4374 -5.2963
v  -1.3837 14.4320 -5.2675
v  -1.0710 14.8137 -5.2675
v  -1.0779 14.8205 -5.2963
v  -1.3714 14.4238 -5.2369
v  -1.3542 14.4123 -5.2053
v  -1.0460 14.7886 -5.2053
v  -1.0606 14.8033 -5.2369
v  -1.3312 14.3969 -5.1737
v  -1.3015 14.3771 -5.1427
v  -1.0012 14.7438 -5.1427
v  -1.0264 14.7690 -5.1737
v  -1.2645 14.3524 -5.1132
v  -1.2192 14.3221 -5.0860
v  -0.9311 14.6738 -5.0860
v  -0.9697 14.7123 -5.1132
v  -1.1648 14.2858 -5.0619
v  -1.0857 14.2329 -5.0253
v  -0.8176 14.5602 -5.0253
v  -0.8849 14.6275 -5.0619
v  -0.9660 14.1529 -4.9607
v  -0.8359 14.0660 -4.8697
v  -0.6051 14.3477 -4.8697
v  -0.7158 14.4584 -4.9607
v  -0.7252 13.9920 -4.7535
v  -0.6326 13.9301 -4.6220
v  -0.4322 14.1748 -4.6220
v  -0.5110 14.2536 -4.7535
v  -0.5563 13.8791 -4.4851
v  -0.4947 13.8380 -4.3474
v  -0.3149 14.0575 -4.3474
v  -0.3672 14.1099 -4.4851
v  -0.4462 13.8056 -4.2136
v  -0.4093 13.7810 -4.0855
v  -0.2423 13.9849 -4.0855
v  -0.2737 14.0163 -4.2136
v  -0.3824 13.7629 -3.9651
v  -0.3638 13.7505 -3.8568
v  -0.2035 13.9461 -3.8568
v  -0.2193 13.9620 -3.9651
v  -0.3519 13.7426 -3.7652
v  -0.3452 13.7381 -3.6948
v  -0.1877 13.9303 -3.6948
v  -0.1934 13.9361 -3.7652
v  -0.3420 13.7360 -3.6502
v  -0.3399 13.7346 -3.6136
v  -0.1832 13.9258 -3.6136
v  -0.1850 13.9276 -3.6502
v  -0.3364 13.7322 -3.5675
v  -0.3303 13.7282 -3.5176
v  -0.1751 13.9177 -3.5176
v  -0.1803 13.9229 -3.5675
v  -0.3204 13.7215 -3.4696
v  -0.3067 13.7124 -3.4237
v  -0.1550 13.8976 -3.4237
v  -0.1666 13.9092 -3.4696
v  -0.2897 13.7010 -3.3802
v  -0.2694 13.6875 -3.3394
v  -0.1233 13.8659 -3.3394
v  -0.1405 13.8831 -3.3802
v  -0.2461 13.6719 -3.3017
v  -0.2201 13.6545 -3.2671
v  -0.0813 13.8239 -3.2671
v  -0.1035 13.8461 -3.3017
v  -0.1915 13.6354 -3.2362
v  -0.1605 13.6147 -3.2090
v  -0.0306 13.7733 -3.2090
v  -0.0570 13.7996 -3.2362
v  -0.1274 13.5926 -3.1859
v  -0.0924 13.5692 -3.1673
v  0.0273 13.7153 -3.1673
v  -0.0025 13.7451 -3.1859
v  -0.0557 13.5447 -3.1532
v  -0.0275 13.5258 -3.1390
v  0.0825 13.6602 -3.1390
v  0.0585 13.6841 -3.1532
v  -0.0181 13.5195 -3.1197
v  -0.0172 13.5189 -3.0982
v  0.0913 13.6514 -3.0982
v  0.0905 13.6521 -3.1197
v  -0.0147 13.5173 -3.0773
v  -0.0108 13.5146 -3.0572
v  0.0967 13.6459 -3.0572
v  0.0934 13.6493 -3.0773
v  -0.0054 13.5110 -3.0382
v  0.0015 13.5065 -3.0204
v  0.1071 13.6355 -3.0204
v  0.1013 13.6413 -3.0382
v  0.0096 13.5010 -3.0039
v  0.0190 13.4948 -2.9891
v  0.1221 13.6206 -2.9891
v  0.1141 13.6286 -3.0039
v  0.0296 13.4877 -2.9760
v  0.0413 13.4799 -2.9649
v  0.1410 13.6016 -2.9649
v  0.1311 13.6116 -2.9760
v  0.0541 13.4713 -2.9559
v  0.0679 13.4621 -2.9493
v  0.1636 13.5790 -2.9493
v  0.1519 13.5907 -2.9559
v  0.0826 13.4523 -2.9452
v  0.1074 13.4357 -2.9431
v  0.1972 13.5454 -2.9431
v  0.1761 13.5665 -2.9452
v  0.1514 13.4063 -2.9424
v  0.2047 13.3707 -2.9409
v  0.2800 13.4626 -2.9409
v  0.2347 13.5079 -2.9424
v  0.2574 13.3355 -2.9362
v  0.3059 13.3030 -2.9271
v  0.3661 13.3765 -2.9271
v  0.3248 13.4178 -2.9362
v  0.3469 13.2756 -2.9123
v  0.3810 13.2529 -2.8923
v  0.4300 13.3127 -2.8923
v  0.4010 13.3416 -2.9123
v  0.4087 13.2343 -2.8677
v  0.4308 13.2196 -2.8388
v  0.4724 13.2703 -2.8388
v  0.4536 13.2891 -2.8677
v  0.4479 13.2082 -2.8061
v  0.4605 13.1998 -2.7702
v  0.4976 13.2450 -2.7702
v  0.4869 13.2558 -2.8061
v  0.4694 13.1938 -2.7313
v  0.4750 13.1900 -2.6896
v  0.5100 13.2327 -2.6896
v  0.5051 13.2375 -2.7313
v  0.4782 13.1879 -2.6449
v  0.4795 13.1870 -2.5973
v  0.5138 13.2289 -2.5973
v  0.5127 13.2300 -2.6449
v  0.4795 13.1870 -2.5470
v  0.4790 13.1874 -2.4334
v  0.5134 13.2293 -2.4334
v  0.5138 13.2288 -2.5470
v  0.4787 13.1876 -2.1962
v  0.4785 13.1878 -1.9684
v  0.5129 13.2298 -1.9684
v  0.5131 13.2296 -2.1962
v  0.4111 13.2328 -1.8370
v  0.4615 13.1991 -1.8647
v  0.3453 13.2767 -1.8021
v  0.3996 13.3430 -1.8021
v  0.4555 13.2871 -1.8370
v  0.4984 13.2442 -1.8647
v  0.2826 13.3186 -1.7617
v  0.2231 13.3584 -1.7142
v  0.2957 13.4470 -1.7142
v  0.3462 13.3964 -1.7617
v  0.1673 13.3956 -1.6578
v  0.1156 13.4302 -1.5918
v  0.2042 13.5384 -1.5918
v  0.2482 13.4944 -1.6578
v  0.0682 13.4619 -1.5153
v  0.0257 13.4903 -1.4304
v  0.1278 13.6149 -1.4304
v  0.1639 13.5787 -1.5153
v  -0.0116 13.5152 -1.3389
v  -0.0431 13.5362 -1.2431
v  0.0693 13.6734 -1.2431
v  0.0961 13.6466 -1.3389
v  -0.0684 13.5532 -1.1455
v  -0.0871 13.5656 -1.0454
v  0.0318 13.7108 -1.0454
v  0.0477 13.6950 -1.1455
v  -0.0986 13.5733 -0.9424
v  -0.1041 13.5770 -0.8535
v  0.0173 13.7253 -0.8535
v  0.0221 13.7206 -0.9424
v  -0.1052 13.5777 -0.7956
v  -0.1034 13.5765 -0.7534
v  0.0180 13.7247 -0.7534
v  0.0164 13.7262 -0.7956
v  -0.1004 13.5745 -0.7119
v  -0.0963 13.5718 -0.6708
v  0.0240 13.7186 -0.6708
v  0.0205 13.7222 -0.7119
v  -0.0911 13.5683 -0.6304
v  -0.0847 13.5641 -0.5905
v  0.0338 13.7088 -0.5905
v  0.0284 13.7142 -0.6304
v  -0.0774 13.5591 -0.5511
v  -0.0690 13.5535 -0.5124
v  0.0473 13.6954 -0.5124
v  0.0401 13.7025 -0.5511
v  -0.0595 13.5472 -0.4742
v  -0.0492 13.5403 -0.4367
v  0.0641 13.6786 -0.4367
v  0.0553 13.6874 -0.4742
v  -0.0379 13.5327 -0.3999
v  -0.0248 13.5240 -0.3620
v  0.0848 13.6578 -0.3620
v  0.0737 13.6689 -0.3999
v  -0.0091 13.5135 -0.3210
v  0.0124 13.4991 -0.2730
v  0.1165 13.6262 -0.2730
v  0.0982 13.6444 -0.3210
v  0.0429 13.4788 -0.2141
v  0.0793 13.4545 -0.1527
v  0.1734 13.5693 -0.1527
v  0.1424 13.6003 -0.2141
v  0.1188 13.4281 -0.0970
v  0.1612 13.3997 -0.0469
v  0.2430 13.4996 -0.0469
v  0.2070 13.5357 -0.0970
v  0.2063 13.3696 -0.0021
v  0.2540 13.3377 0.0375
v  0.3219 13.4207 0.0375
v  0.2814 13.4612 -0.0021
v  0.3040 13.3043 0.0721
v  0.3562 13.2694 0.1020
v  0.4089 13.3337 0.1020
v  0.3645 13.3782 0.0721
v  0.4106 13.2331 0.1275
v  0.4669 13.1955 0.1490
v  0.5030 13.2396 0.1490
v  0.4551 13.2875 0.1275
v  0.5250 13.1566 0.1665
v  0.5797 13.1201 0.1793
v  0.6013 13.1414 0.1796
v  0.5525 13.1902 0.1665
v  0.6257 13.0894 0.1865
v  0.6471 13.0955 0.1877
v  -0.7198 15.1718 -6.2987
v  -0.4039 14.6992 -6.2987
v  -0.9470 15.5119 -6.2987
v  -0.4320 15.7879 -6.2987
v  -0.2754 15.4099 -6.2987
v  -0.0412 14.8446 -6.2987
v  -1.0621 15.6842 -5.8636
v  -0.5113 15.9793 -5.8636
v  -0.5113 15.9793 -6.1320
v  -1.0621 15.6842 -6.1320
v  -1.0621 15.6842 -5.5951
v  -0.5113 15.9793 -5.5951
v  -0.8805 15.4124 -5.4092
v  -0.3861 15.6772 -5.4092
v  -0.4633 15.8636 -5.4211
v  -0.9926 15.5801 -5.4211
v  -0.7684 15.2446 -5.3973
v  -0.3089 15.4908 -5.3973
v  -0.6994 15.1414 -5.3784
v  -0.7038 15.1480 -5.3875
v  -0.6997 15.1418 -5.3645
v  -0.2616 15.3765 -5.3645
v  -0.2614 15.3760 -5.3784
v  -0.2644 15.3834 -5.3875
v  -0.6994 15.1413 -5.3457
v  -0.6979 15.1391 -5.3227
v  -0.2604 15.3735 -5.3227
v  -0.2614 15.3760 -5.3457
v  -0.6947 15.1344 -5.2963
v  -0.6894 15.1263 -5.2675
v  -0.2545 15.3593 -5.2675
v  -0.2582 15.3683 -5.2963
v  -0.6812 15.1141 -5.2369
v  -0.6697 15.0968 -5.2053
v  -0.2409 15.3265 -5.2053
v  -0.2488 15.3457 -5.2369
v  -0.6543 15.0738 -5.1737
v  -0.6345 15.0442 -5.1427
v  -0.2166 15.2680 -5.1427
v  -0.2303 15.3010 -5.1737
v  -0.6097 15.0071 -5.1132
v  -0.5794 14.9618 -5.0860
v  -0.1787 15.1765 -5.0860
v  -0.1996 15.2268 -5.1132
v  -0.5431 14.9075 -5.0619
v  -0.4902 14.8283 -5.0253
v  -0.1173 15.0281 -5.0253
v  -0.1537 15.1161 -5.0619
v  -0.4103 14.7087 -4.9607
v  -0.3233 14.5785 -4.8697
v  -0.0023 14.7505 -4.8697
v  -0.0622 14.8951 -4.9608
v  -0.2494 14.4679 -4.7535
v  -0.1875 14.3752 -4.6220
v  0.0913 14.5246 -4.6220
v  0.0486 14.6276 -4.7535
v  -0.1365 14.2989 -4.4851
v  -0.0953 14.2373 -4.3474
v  0.1548 14.3713 -4.3474
v  0.1264 14.4398 -4.4851
v  -0.0630 14.1889 -4.2136
v  -0.0383 14.1520 -4.0855
v  0.1941 14.2765 -4.0855
v  0.1771 14.3175 -4.2136
v  -0.0203 14.1250 -3.9651
v  -0.0079 14.1064 -3.8568
v  0.2151 14.2258 -3.8568
v  0.2065 14.2465 -3.9651
v  0.0001 14.0945 -3.7652
v  0.0046 14.0878 -3.6948
v  0.2236 14.2052 -3.6948
v  0.2205 14.2126 -3.7652
v  0.0067 14.0846 -3.6502
v  0.0081 14.0825 -3.6136
v  0.2261 14.1993 -3.6136
v  0.2251 14.2016 -3.6502
v  0.0104 14.0790 -3.5675
v  0.0145 14.0729 -3.5176
v  0.2304 14.1887 -3.5176
v  0.2276 14.1954 -3.5675
v  0.0211 14.0630 -3.4696
v  0.0302 14.0494 -3.4237
v  0.2413 14.1624 -3.4237
v  0.2350 14.1776 -3.4696
v  0.0416 14.0323 -3.3802
v  0.0552 14.0121 -3.3394
v  0.2585 14.1210 -3.3394
v  0.2492 14.1435 -3.3802
v  0.0707 13.9888 -3.3017
v  0.0881 13.9627 -3.2671
v  0.2812 14.0662 -3.2671
v  0.2692 14.0951 -3.3017
v  0.1073 13.9341 -3.2362
v  0.1279 13.9031 -3.2090
v  0.3086 13.9999 -3.2090
v  0.2944 14.0344 -3.2362
v  0.1501 13.8701 -3.1859
v  0.1734 13.8350 -3.1673
v  0.3400 13.9243 -3.1673
v  0.3238 13.9632 -3.1859
v  0.1980 13.7983 -3.1532
v  0.2168 13.7702 -3.1390
v  0.3698 13.8522 -3.1390
v  0.3569 13.8835 -3.1532
v  0.2231 13.7607 -3.1197
v  0.2237 13.7598 -3.0982
v  0.3746 13.8407 -3.0982
v  0.3742 13.8417 -3.1197
v  0.2253 13.7574 -3.0773
v  0.2280 13.7534 -3.0572
v  0.3775 13.8335 -3.0572
v  0.3757 13.8379 -3.0773
v  0.2316 13.7480 -3.0382
v  0.2362 13.7412 -3.0204
v  0.3832 13.8199 -3.0203
v  0.3800 13.8275 -3.0382
v  0.2416 13.7330 -3.0039
v  0.2479 13.7237 -2.9891
v  0.3912 13.8005 -2.9891
v  0.3869 13.8109 -3.0039
v  0.2550 13.7131 -2.9760
v  0.2628 13.7013 -2.9649
v  0.4015 13.7757 -2.9649
v  0.3961 13.7887 -2.9760
v  0.2713 13.6886 -2.9559
v  0.2805 13.6748 -2.9493
v  0.4137 13.7461 -2.9493
v  0.4074 13.7615 -2.9559
v  0.2904 13.6601 -2.9452
v  0.3069 13.6353 -2.9431
v  0.4319 13.7022 -2.9431
v  0.4205 13.7298 -2.9452
v  0.3364 13.5912 -2.9424
v  0.3720 13.5379 -2.9409
v  0.4768 13.5940 -2.9409
v  0.4522 13.6533 -2.9424
v  0.4072 13.4852 -2.9362
v  0.4396 13.4367 -2.9271
v  0.5233 13.4815 -2.9271
v  0.5010 13.5355 -2.9362
v  0.4670 13.3957 -2.9123
v  0.4898 13.3616 -2.8923
v  0.5579 13.3981 -2.8923
v  0.5422 13.4360 -2.9123
v  0.5083 13.3339 -2.8677
v  0.5231 13.3118 -2.8388
v  0.5808 13.3428 -2.8388
v  0.5707 13.3673 -2.8677
v  0.5345 13.2948 -2.8061
v  0.5429 13.2821 -2.7702
v  0.5945 13.3098 -2.7702
v  0.5887 13.3238 -2.8061
v  0.5488 13.2733 -2.7313
v  0.5526 13.2676 -2.6896
v  0.6012 13.2936 -2.6896
v  0.5986 13.2999 -2.7313
v  0.5547 13.2644 -2.6449
v  0.5556 13.2631 -2.5973
v  0.6032 13.2886 -2.5973
v  0.6027 13.2901 -2.6449
v  0.5556 13.2631 -2.5470
v  0.5553 13.2636 -2.4334
v  0.6030 13.2892 -2.4334
v  0.6033 13.2886 -2.5470
v  0.5550 13.2640 -2.1962
v  0.5549 13.2642 -1.9684
v  0.6028 13.2898 -1.9684
v  0.6029 13.2896 -2.1962
v  0.5099 13.3316 -1.8370
v  0.5436 13.2811 -1.8647
v  0.4659 13.3973 -1.8021
v  0.5415 13.4378 -1.8021
v  0.5717 13.3647 -1.8370
v  0.5950 13.3087 -1.8647
v  0.4240 13.4601 -1.7617
v  0.3843 13.5195 -1.7142
v  0.4852 13.5736 -1.7142
v  0.5126 13.5075 -1.7617
v  0.3470 13.5753 -1.6578
v  0.3124 13.6271 -1.5918
v  0.4357 13.6931 -1.5918
v  0.4595 13.6356 -1.6578
v  0.2808 13.6744 -1.5153
v  0.2524 13.7169 -1.4304
v  0.3944 13.7930 -1.4304
v  0.4139 13.7457 -1.5153
v  0.2275 13.7542 -1.3389
v  0.2064 13.7857 -1.2431
v  0.3627 13.8695 -1.2431
v  0.3772 13.8344 -1.3389
v  0.1895 13.8111 -1.1455
v  0.1770 13.8297 -1.0454
v  0.3424 13.9183 -1.0454
v  0.3510 13.8976 -1.1455
v  0.1693 13.8412 -0.9424
v  0.1656 13.8468 -0.8535
v  0.3346 13.9373 -0.8535
v  0.3371 13.9311 -0.9424
v  0.1649 13.8478 -0.7956
v  0.1661 13.8460 -0.7534
v  0.3349 13.9365 -0.7534
v  0.3341 13.9385 -0.7956
v  0.1681 13.8431 -0.7119
v  0.1709 13.8389 -0.6708
v  0.3382 13.9286 -0.6708
v  0.3363 13.9332 -0.7119
v  0.1743 13.8337 -0.6304
v  0.1786 13.8274 -0.5905
v  0.3435 13.9157 -0.5905
v  0.3406 13.9228 -0.6304
v  0.1835 13.8200 -0.5511
v  0.1891 13.8116 -0.5124
v  0.3508 13.8982 -0.5124
v  0.3469 13.9075 -0.5511
v  0.1954 13.8022 -0.4742
v  0.2023 13.7918 -0.4367
v  0.3599 13.8762 -0.4367
v  0.3551 13.8877 -0.4742
v  0.2099 13.7805 -0.3999
v  0.2186 13.7674 -0.3620
v  0.3711 13.8491 -0.3620
v  0.3651 13.8636 -0.3999
v  0.2292 13.7517 -0.3210
v  0.2435 13.7302 -0.2730
v  0.3882 13.8077 -0.2730
v  0.3783 13.8316 -0.3210
v  0.2638 13.6998 -0.2141
v  0.2882 13.6633 -0.1527
v  0.4190 13.7334 -0.1527
v  0.4022 13.7739 -0.2141
v  0.3146 13.6238 -0.0970
v  0.3429 13.5814 -0.0469
v  0.4567 13.6424 -0.0469
v  0.4372 13.6895 -0.0970
v  0.3731 13.5363 -0.0021
v  0.4049 13.4887 0.0375
v  0.4994 13.5393 0.0375
v  0.4775 13.5923 -0.0021
v  0.4383 13.4387 0.0721
v  0.4732 13.3864 0.1020
v  0.5465 13.4257 0.1020
v  0.5224 13.4837 0.0721
v  0.5095 13.3321 0.1275
v  0.5471 13.2758 0.1490
v  0.5974 13.3027 0.1490
v  0.5715 13.3653 0.1275
v  0.5860 13.2176 0.1665
v  0.6226 13.1629 0.1793
v  0.6506 13.1743 0.1796
v  0.6242 13.2381 0.1665
v  0.6532 13.1170 0.1865
v  0.6754 13.1145 0.1877
v  0.2071 15.5557 -6.2987
v  0.3180 14.9982 -6.2987
v  0.1273 15.9569 -6.2987
v  0.7088 16.0148 -6.2987
v  0.7088 15.6056 -6.2987
v  0.7088 14.9937 -6.2987
v  0.0869 16.1602 -5.8636
v  0.7088 16.2220 -5.8636
v  0.7088 16.2220 -6.1320
v  0.0869 16.1602 -6.1320
v  0.0869 16.1602 -5.5951
v  0.7088 16.2220 -5.5951
v  0.1507 15.8395 -5.4092
v  0.7088 15.8950 -5.4092
v  0.7088 16.0967 -5.4211
v  0.1113 16.0373 -5.4211
v  0.1900 15.6416 -5.3973
v  0.7088 15.6932 -5.3973
v  0.2143 15.5198 -5.3784
v  0.2127 15.5276 -5.3875
v  0.2142 15.5203 -5.3645
v  0.7088 15.5695 -5.3645
v  0.7088 15.5690 -5.3784
v  0.7088 15.5769 -5.3875
v  0.2143 15.5198 -5.3457
v  0.2148 15.5172 -5.3227
v  0.7088 15.5663 -5.3227
v  0.7088 15.5690 -5.3457
v  0.2159 15.5116 -5.2963
v  0.2178 15.5021 -5.2675
v  0.7088 15.5509 -5.2675
v  0.7088 15.5606 -5.2963
v  0.2207 15.4876 -5.2369
v  0.2247 15.4673 -5.2053
v  0.7088 15.5154 -5.2053
v  0.7088 15.5362 -5.2369
v  0.2301 15.4401 -5.1737
v  0.2371 15.4052 -5.1427
v  0.7088 15.4521 -5.1427
v  0.7088 15.4878 -5.1737
v  0.2458 15.3615 -5.1132
v  0.2564 15.3080 -5.0860
v  0.7088 15.3530 -5.0860
v  0.7088 15.4075 -5.1132
v  0.2692 15.2439 -5.0619
v  0.2877 15.1506 -5.0253
v  0.7088 15.1925 -5.0253
v  0.7088 15.2877 -5.0619
v  0.3158 15.0094 -4.9607
v  0.3464 14.8559 -4.8697
v  0.7088 14.8919 -4.8697
v  0.7088 15.0485 -4.9607
v  0.3723 14.7254 -4.7535
v  0.3941 14.6161 -4.6220
v  0.7088 14.6474 -4.6220
v  0.7088 14.7589 -4.7535
v  0.4120 14.5261 -4.4851
v  0.4264 14.4534 -4.3474
v  0.7088 14.4815 -4.3474
v  0.7088 14.5556 -4.4851
v  0.4378 14.3963 -4.2136
v  0.4464 14.3528 -4.0855
v  0.7088 14.3788 -4.0855
v  0.7088 14.4232 -4.2136
v  0.4528 14.3210 -3.9651
v  0.4571 14.2990 -3.8568
v  0.7088 14.3240 -3.8568
v  0.7088 14.3464 -3.9651
v  0.4599 14.2850 -3.7652
v  0.4615 14.2771 -3.6948
v  0.7088 14.3017 -3.6948
v  0.7088 14.3098 -3.7652
v  0.4622 14.2733 -3.6502
v  0.4627 14.2708 -3.6136
v  0.7088 14.2953 -3.6136
v  0.7088 14.2978 -3.6502
v  0.4635 14.2667 -3.5675
v  0.4650 14.2595 -3.5176
v  0.7088 14.2838 -3.5176
v  0.7088 14.2911 -3.5675
v  0.4673 14.2478 -3.4696
v  0.4705 14.2317 -3.4237
v  0.7088 14.2554 -3.4237
v  0.7088 14.2718 -3.4696
v  0.4745 14.2116 -3.3802
v  0.4793 14.1877 -3.3394
v  0.7088 14.2105 -3.3394
v  0.7088 14.2349 -3.3802
v  0.4847 14.1603 -3.3017
v  0.4908 14.1295 -3.2671
v  0.7088 14.1512 -3.2671
v  0.7088 14.1825 -3.3017
v  0.4976 14.0958 -3.2362
v  0.5048 14.0593 -3.2090
v  0.7088 14.0795 -3.2090
v  0.7088 14.1168 -3.2362
v  0.5126 14.0202 -3.1859
v  0.5208 13.9789 -3.1673
v  0.7088 13.9976 -3.1673
v  0.7088 14.0397 -3.1859
v  0.5294 13.9356 -3.1532
v  0.5360 13.9024 -3.1390
v  0.7088 13.9196 -3.1390
v  0.7088 13.9535 -3.1532
v  0.5382 13.8912 -3.1197
v  0.5384 13.8902 -3.0982
v  0.7088 13.9072 -3.0982
v  0.7088 13.9082 -3.1197
v  0.5390 13.8873 -3.0773
v  0.5399 13.8826 -3.0572
v  0.7088 13.8994 -3.0572
v  0.7088 13.9042 -3.0773
v  0.5412 13.8762 -3.0382
v  0.5428 13.8682 -3.0203
v  0.7088 13.8847 -3.0203
v  0.7088 13.8929 -3.0382
v  0.5447 13.8586 -3.0039
v  0.5469 13.8475 -2.9891
v  0.7088 13.8636 -2.9891
v  0.7088 13.8749 -3.0039
v  0.5494 13.8350 -2.9760
v  0.5522 13.8212 -2.9649
v  0.7088 13.8368 -2.9649
v  0.7088 13.8509 -2.9760
v  0.5552 13.8061 -2.9559
v  0.5584 13.7899 -2.9493
v  0.7088 13.8048 -2.9493
v  0.7088 13.8214 -2.9559
v  0.5619 13.7725 -2.9452
v  0.5677 13.7433 -2.9431
v  0.7088 13.7573 -2.9431
v  0.7088 13.7871 -2.9452
v  0.5780 13.6913 -2.9424
v  0.5905 13.6284 -2.9409
v  0.7088 13.6402 -2.9409
v  0.7088 13.7043 -2.9424
v  0.6029 13.5663 -2.9362
v  0.6143 13.5090 -2.9271
v  0.7088 13.5184 -2.9271
v  0.7088 13.5768 -2.9362
v  0.6239 13.4607 -2.9123
v  0.6319 13.4205 -2.8923
v  0.7088 13.4282 -2.8923
v  0.7088 13.4691 -2.9123
v  0.6384 13.3878 -2.8677
v  0.6436 13.3617 -2.8388
v  0.7088 13.3682 -2.8388
v  0.7088 13.3948 -2.8677
v  0.6476 13.3416 -2.8061
v  0.6505 13.3267 -2.7702
v  0.7088 13.3325 -2.7702
v  0.7088 13.3477 -2.8061
v  0.6526 13.3163 -2.7313
v  0.6539 13.3096 -2.6896
v  0.7088 13.3150 -2.6896
v  0.7088 13.3219 -2.7313
v  0.6547 13.3058 -2.6449
v  0.6550 13.3043 -2.5973
v  0.7088 13.3096 -2.5973
v  0.7088 13.3112 -2.6449
v  0.6550 13.3043 -2.5470
v  0.6549 13.3049 -2.4334
v  0.7088 13.3102 -2.4334
v  0.7088 13.3096 -2.5470
v  0.6548 13.3053 -2.1962
v  0.6547 13.3055 -1.9684
v  0.7088 13.3109 -1.9684
v  0.7088 13.3107 -2.1962
v  0.6389 13.3850 -1.8370
v  0.6508 13.3255 -1.8647
v  0.6235 13.4626 -1.8021
v  0.7088 13.4711 -1.8021
v  0.7088 13.3920 -1.8370
v  0.7088 13.3313 -1.8647
v  0.6088 13.5366 -1.7617
v  0.5948 13.6067 -1.7142
v  0.7088 13.6181 -1.7142
v  0.7088 13.5466 -1.7617
v  0.5817 13.6725 -1.6578
v  0.5696 13.7336 -1.5918
v  0.7088 13.7474 -1.5918
v  0.7088 13.6852 -1.6578
v  0.5585 13.7894 -1.5153
v  0.5485 13.8396 -1.4304
v  0.7088 13.8555 -1.4304
v  0.7088 13.8044 -1.5153
v  0.5398 13.8836 -1.3389
v  0.5324 13.9208 -1.2431
v  0.7088 13.9383 -1.2431
v  0.7088 13.9004 -1.3389
v  0.5264 13.9507 -1.1455
v  0.5220 13.9726 -1.0454
v  0.7088 13.9912 -1.0454
v  0.7088 13.9688 -1.1455
v  0.5194 13.9862 -0.9424
v  0.5180 13.9928 -0.8535
v  0.7088 14.0117 -0.8535
v  0.7088 14.0050 -0.9424
v  0.5178 13.9940 -0.7956
v  0.5182 13.9919 -0.7534
v  0.7088 14.0108 -0.7534
v  0.7088 14.0130 -0.7956
v  0.5189 13.9884 -0.7119
v  0.5199 13.9835 -0.6708
v  0.7088 14.0023 -0.6708
v  0.7088 14.0073 -0.7119
v  0.5211 13.9773 -0.6304
v  0.5226 13.9699 -0.5905
v  0.7088 13.9884 -0.5905
v  0.7088 13.9960 -0.6304
v  0.5243 13.9612 -0.5511
v  0.5263 13.9513 -0.5124
v  0.7088 13.9694 -0.5124
v  0.7088 13.9795 -0.5511
v  0.5285 13.9402 -0.4742
v  0.5309 13.9279 -0.4367
v  0.7088 13.9456 -0.4367
v  0.7088 13.9581 -0.4742
v  0.5336 13.9146 -0.3999
v  0.5367 13.8991 -0.3620
v  0.7088 13.9163 -0.3620
v  0.7088 13.9320 -0.3999
v  0.5404 13.8806 -0.3210
v  0.5454 13.8553 -0.2730
v  0.7088 13.8715 -0.2730
v  0.7088 13.8974 -0.3210
v  0.5525 13.8194 -0.2141
v  0.5611 13.7764 -0.1527
v  0.7088 13.7911 -0.1527
v  0.7088 13.8349 -0.2141
v  0.5704 13.7298 -0.0970
v  0.5803 13.6797 -0.0469
v  0.7088 13.6925 -0.0469
v  0.7088 13.7435 -0.0970
v  0.5909 13.6265 -0.0021
v  0.6021 13.5703 0.0375
v  0.7088 13.5810 0.0375
v  0.7088 13.6383 -0.0021
v  0.6138 13.5113 0.0721
v  0.6261 13.4497 0.1020
v  0.7088 13.4579 0.1020
v  0.7088 13.5208 0.0721
v  0.6388 13.3856 0.1275
v  0.6520 13.3192 0.1490
v  0.7088 13.3249 0.1490
v  0.7088 13.3926 0.1275
v  0.6657 13.2506 0.1665
v  0.6785 13.1861 0.1793
v  0.7088 13.1859 0.1796
v  0.7088 13.2549 0.1665
v  0.6893 13.1319 0.1865
v  0.7088 13.1211 0.1877
v  1.2104 15.5557 -6.2987
v  1.0995 14.9982 -6.2987
v  1.2902 15.9569 -6.2987
v  1.8495 15.7879 -6.2987
v  1.6930 15.4099 -6.2987
v  1.4588 14.8446 -6.2987
v  1.3306 16.1602 -5.8636
v  1.9288 15.9793 -5.8636
v  1.9288 15.9793 -6.1320
v  1.3306 16.1602 -6.1320
v  1.3306 16.1602 -5.5951
v  1.9288 15.9793 -5.5951
v  1.2668 15.8395 -5.4092
v  1.8037 15.6772 -5.4092
v  1.8809 15.8636 -5.4211
v  1.3062 16.0373 -5.4211
v  1.2275 15.6416 -5.3973
v  1.7265 15.4908 -5.3973
v  1.2033 15.5198 -5.3784
v  1.2048 15.5276 -5.3875
v  1.2034 15.5203 -5.3645
v  1.6791 15.3765 -5.3645
v  1.6789 15.3760 -5.3784
v  1.6820 15.3833 -5.3875
v  1.2033 15.5198 -5.3457
v  1.2027 15.5172 -5.3227
v  1.6779 15.3735 -5.3227
v  1.6789 15.3760 -5.3457
v  1.2016 15.5116 -5.2963
v  1.1997 15.5021 -5.2675
v  1.6720 15.3593 -5.2675
v  1.6757 15.3683 -5.2963
v  1.1969 15.4876 -5.2369
v  1.1928 15.4673 -5.2053
v  1.6584 15.3265 -5.2053
v  1.6664 15.3457 -5.2369
v  1.1874 15.4401 -5.1737
v  1.1805 15.4052 -5.1427
v  1.6342 15.2680 -5.1427
v  1.6478 15.3010 -5.1737
v  1.1718 15.3615 -5.1132
v  1.1611 15.3080 -5.0860
v  1.5963 15.1765 -5.0860
v  1.6171 15.2268 -5.1132
v  1.1484 15.2439 -5.0619
v  1.1298 15.1506 -5.0253
v  1.5348 15.0281 -5.0253
v  1.5713 15.1161 -5.0619
v  1.1017 15.0094 -4.9607
v  1.0712 14.8559 -4.8697
v  1.4198 14.7505 -4.8697
v  1.4798 14.8951 -4.9608
v  1.0453 14.7254 -4.7535
v  1.0235 14.6161 -4.6220
v  1.3263 14.5246 -4.6220
v  1.3689 14.6276 -4.7535
v  1.0056 14.5261 -4.4851
v  0.9912 14.4534 -4.3474
v  1.2628 14.3713 -4.3474
v  1.2911 14.4398 -4.4851
v  0.9798 14.3963 -4.2136
v  0.9711 14.3528 -4.0855
v  1.2235 14.2765 -4.0855
v  1.2405 14.3175 -4.2136
v  0.9648 14.3210 -3.9651
v  0.9604 14.2990 -3.8568
v  1.2025 14.2258 -3.8568
v  1.2111 14.2465 -3.9651
v  0.9577 14.2850 -3.7652
v  0.9561 14.2771 -3.6948
v  1.1939 14.2052 -3.6948
v  1.1970 14.2126 -3.7652
v  0.9553 14.2733 -3.6502
v  0.9548 14.2708 -3.6136
v  1.1915 14.1993 -3.6136
v  1.1925 14.2016 -3.6502
v  0.9540 14.2667 -3.5675
v  0.9526 14.2595 -3.5176
v  1.1871 14.1886 -3.5176
v  1.1899 14.1954 -3.5675
v  0.9503 14.2478 -3.4696
v  0.9471 14.2317 -3.4237
v  1.1763 14.1624 -3.4237
v  1.1825 14.1776 -3.4696
v  0.9431 14.2116 -3.3802
v  0.9383 14.1877 -3.3394
v  1.1591 14.1210 -3.3394
v  1.1684 14.1435 -3.3802
v  0.9328 14.1603 -3.3017
v  0.9267 14.1295 -3.2671
v  1.1364 14.0662 -3.2671
v  1.1484 14.0951 -3.3017
v  0.9200 14.0958 -3.2362
v  0.9127 14.0593 -3.2090
v  1.1090 13.9999 -3.2090
v  1.1232 14.0344 -3.2362
v  0.9050 14.0202 -3.1859
v  0.8968 13.9789 -3.1673
v  1.0776 13.9243 -3.1673
v  1.0937 13.9632 -3.1859
v  0.8882 13.9356 -3.1532
v  0.8815 13.9024 -3.1390
v  1.0477 13.8522 -3.1390
v  1.0607 13.8835 -3.1532
v  0.8793 13.8912 -3.1197
v  0.8791 13.8902 -3.0982
v  1.0430 13.8407 -3.0982
v  1.0434 13.8417 -3.1197
v  0.8785 13.8873 -3.0773
v  0.8776 13.8826 -3.0572
v  1.0400 13.8335 -3.0572
v  1.0419 13.8379 -3.0773
v  0.8763 13.8762 -3.0382
v  0.8747 13.8682 -3.0203
v  1.0344 13.8199 -3.0203
v  1.0375 13.8275 -3.0382
v  0.8728 13.8586 -3.0039
v  0.8706 13.8475 -2.9891
v  1.0263 13.8005 -2.9891
v  1.0306 13.8109 -3.0039
v  0.8681 13.8350 -2.9760
v  0.8654 13.8212 -2.9649
v  1.0160 13.7757 -2.9649
v  1.0214 13.7887 -2.9760
v  0.8624 13.8061 -2.9559
v  0.8592 13.7899 -2.9493
v  1.0038 13.7461 -2.9493
v  1.0102 13.7615 -2.9559
v  0.8557 13.7725 -2.9452
v  0.8499 13.7433 -2.9431
v  0.9856 13.7022 -2.9431
v  0.9970 13.7298 -2.9452
v  0.8396 13.6913 -2.9424
v  0.8271 13.6284 -2.9409
v  0.9408 13.5940 -2.9409
v  0.9654 13.6533 -2.9424
v  0.8147 13.5663 -2.9362
v  0.8033 13.5090 -2.9271
v  0.8942 13.4815 -2.9271
v  0.9166 13.5355 -2.9362
v  0.7937 13.4607 -2.9123
v  0.7857 13.4205 -2.8923
v  0.8597 13.3981 -2.8923
v  0.8754 13.4360 -2.9123
v  0.7792 13.3878 -2.8677
v  0.7740 13.3617 -2.8388
v  0.8367 13.3428 -2.8388
v  0.8469 13.3673 -2.8677
v  0.7700 13.3416 -2.8061
v  0.7670 13.3267 -2.7702
v  0.8231 13.3098 -2.7702
v  0.8289 13.3238 -2.8061
v  0.7650 13.3163 -2.7313
v  0.7636 13.3096 -2.6896
v  0.8164 13.2936 -2.6896
v  0.8190 13.2999 -2.7313
v  0.7629 13.3058 -2.6449
v  0.7626 13.3043 -2.5973
v  0.8143 13.2886 -2.5973
v  0.8149 13.2901 -2.6449
v  0.7626 13.3043 -2.5470
v  0.7627 13.3049 -2.4334
v  0.8145 13.2892 -2.4334
v  0.8143 13.2886 -2.5470
v  0.7628 13.3053 -2.1962
v  0.7628 13.3055 -1.9684
v  0.8148 13.2898 -1.9684
v  0.8147 13.2896 -2.1962
v  0.7786 13.3850 -1.8370
v  0.7668 13.3255 -1.8647
v  0.7941 13.4626 -1.8021
v  0.8761 13.4378 -1.8021
v  0.8458 13.3647 -1.8370
v  0.8226 13.3087 -1.8647
v  0.8088 13.5366 -1.7617
v  0.8227 13.6067 -1.7142
v  0.9323 13.5736 -1.7142
v  0.9050 13.5075 -1.7617
v  0.8358 13.6725 -1.6578
v  0.8480 13.7336 -1.5918
v  0.9819 13.6931 -1.5918
v  0.9580 13.6356 -1.6578
v  0.8591 13.7894 -1.5153
v  0.8691 13.8396 -1.4304
v  1.0232 13.7930 -1.4304
v  1.0036 13.7457 -1.5153
v  0.8778 13.8835 -1.3389
v  0.8852 13.9208 -1.2431
v  1.0549 13.8695 -1.2431
v  1.0404 13.8344 -1.3389
v  0.8911 13.9506 -1.1455
v  0.8955 13.9726 -1.0454
v  1.0751 13.9183 -1.0454
v  1.0666 13.8976 -1.1455
v  0.8982 13.9862 -0.9424
v  0.8995 13.9928 -0.8535
v  1.0830 13.9373 -0.8535
v  1.0804 13.9311 -0.9424
v  0.8998 13.9940 -0.7956
v  0.8993 13.9919 -0.7534
v  1.0827 13.9365 -0.7534
v  1.0835 13.9385 -0.7956
v  0.8986 13.9884 -0.7119
v  0.8977 13.9835 -0.6708
v  1.0794 13.9286 -0.6708
v  1.0813 13.9332 -0.7119
v  0.8965 13.9773 -0.6304
v  0.8950 13.9699 -0.5905
v  1.0741 13.9157 -0.5905
v  1.0770 13.9228 -0.6304
v  0.8932 13.9612 -0.5511
v  0.8913 13.9513 -0.5124
v  1.0668 13.8982 -0.5124
v  1.0707 13.9075 -0.5511
v  0.8891 13.9402 -0.4742
v  0.8866 13.9279 -0.4367
v  1.0577 13.8762 -0.4367
v  1.0625 13.8877 -0.4742
v  0.8840 13.9146 -0.3999
v  0.8809 13.8991 -0.3620
v  1.0465 13.8491 -0.3620
v  1.0525 13.8636 -0.3999
v  0.8772 13.8806 -0.3210
v  0.8722 13.8552 -0.2730
v  1.0293 13.8077 -0.2730
v  1.0392 13.8316 -0.3210
v  0.8650 13.8193 -0.2141
v  0.8565 13.7764 -0.1527
v  0.9986 13.7334 -0.1527
v  1.0153 13.7739 -0.2141
v  0.8472 13.7298 -0.0970
v  0.8373 13.6797 -0.0469
v  0.9609 13.6424 -0.0469
v  0.9804 13.6895 -0.0970
v  0.8267 13.6265 -0.0021
v  0.8155 13.5703 0.0375
v  0.9181 13.5393 0.0375
v  0.9401 13.5922 -0.0021
v  0.8038 13.5113 0.0721
v  0.7915 13.4497 0.1020
v  0.8711 13.4257 0.1020
v  0.8951 13.4837 0.0721
v  0.7788 13.3856 0.1275
v  0.7655 13.3192 0.1490
v  0.8201 13.3027 0.1490
v  0.8461 13.3653 0.1275
v  0.7519 13.2506 0.1665
v  0.7391 13.1861 0.1793
v  0.7670 13.1743 0.1796
v  0.7934 13.2381 0.1665
v  0.7283 13.1319 0.1865
v  0.7422 13.1145 0.1877
v  2.1373 15.1718 -6.2987
v  1.8215 14.6992 -6.2987
v  2.3646 15.5119 -6.2987
v  2.8166 15.1417 -6.2987
v  2.5273 14.8524 -6.2987
v  2.0946 14.4197 -6.2987
v  2.4797 15.6842 -5.8636
v  2.9631 15.2882 -5.8636
v  2.9631 15.2882 -6.1320
v  2.4797 15.6842 -6.1320
v  2.4797 15.6842 -5.5951
v  2.9631 15.2882 -5.5951
v  2.2980 15.4123 -5.4092
v  2.7319 15.0570 -5.4092
v  2.8746 15.1996 -5.4211
v  2.4101 15.5801 -5.4211
v  2.1860 15.2446 -5.3973
v  2.5892 14.9143 -5.3973
v  2.1170 15.1414 -5.3784
v  2.1214 15.1479 -5.3875
v  2.1173 15.1418 -5.3645
v  2.5018 14.8268 -5.3645
v  2.5014 14.8265 -5.3784
v  2.5070 14.8321 -5.3875
v  2.1169 15.1413 -5.3457
v  2.1155 15.1391 -5.3227
v  2.4995 14.8246 -5.3227
v  2.5014 14.8264 -5.3457
v  2.1123 15.1344 -5.2963
v  2.1069 15.1263 -5.2675
v  2.4886 14.8137 -5.2675
v  2.4955 14.8205 -5.2963
v  2.0987 15.1141 -5.2369
v  2.0872 15.0968 -5.2053
v  2.4635 14.7886 -5.2053
v  2.4782 14.8033 -5.2369
v  2.0718 15.0738 -5.1737
v  2.0520 15.0442 -5.1427
v  2.4188 14.7438 -5.1427
v  2.4440 14.7690 -5.1737
v  2.0273 15.0071 -5.1132
v  1.9970 14.9618 -5.0860
v  2.3487 14.6738 -5.0860
v  2.3872 14.7123 -5.1132
v  1.9607 14.9075 -5.0619
v  1.9078 14.8283 -5.0253
v  2.2351 14.5602 -5.0253
v  2.3025 14.6275 -5.0619
v  1.8278 14.7087 -4.9607
v  1.7409 14.5785 -4.8697
v  2.0226 14.3477 -4.8697
v  2.1334 14.4584 -4.9607
v  1.6670 14.4679 -4.7535
v  1.6051 14.3752 -4.6220
v  1.8497 14.1748 -4.6220
v  1.9286 14.2536 -4.7535
v  1.5540 14.2989 -4.4851
v  1.5129 14.2373 -4.3474
v  1.7324 14.0575 -4.3474
v  1.7848 14.1099 -4.4851
v  1.4805 14.1889 -4.2136
v  1.4559 14.1520 -4.0855
v  1.6598 13.9849 -4.0855
v  1.6912 14.0163 -4.2136
v  1.4379 14.1250 -3.9651
v  1.4254 14.1064 -3.8568
v  1.6211 13.9461 -3.8568
v  1.6369 13.9620 -3.9651
v  1.4175 14.0945 -3.7652
v  1.4130 14.0878 -3.6948
v  1.6053 13.9303 -3.6948
v  1.6110 13.9361 -3.7652
v  1.4109 14.0846 -3.6502
v  1.4095 14.0825 -3.6136
v  1.6008 13.9258 -3.6136
v  1.6025 13.9276 -3.6502
v  1.4072 14.0790 -3.5675
v  1.4031 14.0729 -3.5176
v  1.5926 13.9177 -3.5176
v  1.5978 13.9229 -3.5675
v  1.3964 14.0630 -3.4696
v  1.3873 14.0494 -3.4237
v  1.5726 13.8976 -3.4237
v  1.5842 13.9092 -3.4696
v  1.3759 14.0323 -3.3802
v  1.3624 14.0121 -3.3394
v  1.5408 13.8659 -3.3394
v  1.5581 13.8831 -3.3802
v  1.3468 13.9888 -3.3017
v  1.3294 13.9627 -3.2671
v  1.4989 13.8239 -3.2671
v  1.5210 13.8461 -3.3017
v  1.3103 13.9341 -3.2362
v  1.2896 13.9031 -3.2090
v  1.4482 13.7733 -3.2090
v  1.4745 13.7996 -3.2362
v  1.2675 13.8701 -3.1859
v  1.2441 13.8350 -3.1673
v  1.3903 13.7153 -3.1673
v  1.4201 13.7451 -3.1859
v  1.2196 13.7983 -3.1532
v  1.2008 13.7702 -3.1390
v  1.3351 13.6602 -3.1390
v  1.3591 13.6841 -3.1532
v  1.1945 13.7607 -3.1197
v  1.1939 13.7598 -3.0982
v  1.3263 13.6514 -3.0982
v  1.3270 13.6521 -3.1197
v  1.1922 13.7574 -3.0773
v  1.1896 13.7534 -3.0572
v  1.3208 13.6459 -3.0572
v  1.3242 13.6493 -3.0773
v  1.1860 13.7480 -3.0382
v  1.1814 13.7412 -3.0203
v  1.3104 13.6355 -3.0203
v  1.3162 13.6413 -3.0382
v  1.1760 13.7330 -3.0039
v  1.1697 13.7236 -2.9891
v  1.2955 13.6206 -2.9891
v  1.3035 13.6286 -3.0039
v  1.1626 13.7131 -2.9760
v  1.1548 13.7013 -2.9649
v  1.2765 13.6016 -2.9649
v  1.2865 13.6116 -2.9760
v  1.1462 13.6886 -2.9559
v  1.1370 13.6748 -2.9493
v  1.2539 13.5790 -2.9493
v  1.2657 13.5907 -2.9559
v  1.1272 13.6601 -2.9452
v  1.1106 13.6353 -2.9431
v  1.2203 13.5454 -2.9431
v  1.2414 13.5665 -2.9452
v  1.0812 13.5912 -2.9424
v  1.0456 13.5379 -2.9409
v  1.1375 13.4626 -2.9409
v  1.1829 13.5079 -2.9424
v  1.0104 13.4852 -2.9362
v  0.9780 13.4367 -2.9271
v  1.0514 13.3765 -2.9271
v  1.0927 13.4178 -2.9362
v  0.9506 13.3957 -2.9123
v  0.9278 13.3616 -2.8923
v  0.9876 13.3127 -2.8923
v  1.0166 13.3416 -2.9123
v  0.9093 13.3339 -2.8677
v  0.8945 13.3118 -2.8388
v  0.9452 13.2703 -2.8388
v  0.9640 13.2891 -2.8677
v  0.8831 13.2948 -2.8061
v  0.8747 13.2821 -2.7702
v  0.9200 13.2450 -2.7702
v  0.9307 13.2558 -2.8061
v  0.8688 13.2733 -2.7313
v  0.8650 13.2676 -2.6896
v  0.9076 13.2327 -2.6896
v  0.9124 13.2375 -2.7313
v  0.8628 13.2644 -2.6449
v  0.8620 13.2631 -2.5973
v  0.9038 13.2289 -2.5973
v  0.9049 13.2300 -2.6449
v  0.8620 13.2631 -2.5470
v  0.8623 13.2636 -2.4334
v  0.9042 13.2293 -2.4334
v  0.9038 13.2288 -2.5470
v  0.8625 13.2640 -2.1962
v  0.8627 13.2642 -1.9684
v  0.9047 13.2298 -1.9684
v  0.9045 13.2296 -2.1962
v  0.9077 13.3316 -1.8370
v  0.8740 13.2811 -1.8647
v  0.9516 13.3973 -1.8021
v  1.0179 13.3430 -1.8021
v  0.9620 13.2871 -1.8370
v  0.9191 13.2442 -1.8647
v  0.9936 13.4601 -1.7617
v  1.0333 13.5195 -1.7142
v  1.1219 13.4469 -1.7142
v  1.0713 13.3964 -1.7617
v  1.0706 13.5753 -1.6578
v  1.1051 13.6270 -1.5918
v  1.2134 13.5384 -1.5918
v  1.1693 13.4944 -1.6578
v  1.1368 13.6744 -1.5153
v  1.1652 13.7169 -1.4304
v  1.2898 13.6149 -1.4304
v  1.2536 13.5787 -1.5153
v  1.1901 13.7542 -1.3389
v  1.2112 13.7857 -1.2431
v  1.3483 13.6734 -1.2431
v  1.3215 13.6466 -1.3389
v  1.2281 13.8111 -1.1455
v  1.2406 13.8297 -1.0454
v  1.3858 13.7108 -1.0454
v  1.3699 13.6949 -1.1455
v  1.2482 13.8412 -0.9424
v  1.2520 13.8468 -0.8535
v  1.4003 13.7253 -0.8535
v  1.3955 13.7206 -0.9424
v  1.2527 13.8478 -0.7956
v  1.2515 13.8460 -0.7534
v  1.3996 13.7247 -0.7534
v  1.4012 13.7262 -0.7956
v  1.2495 13.8431 -0.7119
v  1.2467 13.8389 -0.6708
v  1.3936 13.7186 -0.6708
v  1.3971 13.7222 -0.7119
v  1.2432 13.8337 -0.6304
v  1.2390 13.8274 -0.5905
v  1.3838 13.7088 -0.5905
v  1.3891 13.7142 -0.6304
v  1.2341 13.8200 -0.5511
v  1.2285 13.8116 -0.5124
v  1.3703 13.6954 -0.5124
v  1.3775 13.7025 -0.5511
v  1.2222 13.8022 -0.4742
v  1.2152 13.7918 -0.4367
v  1.3535 13.6786 -0.4367
v  1.3623 13.6874 -0.4742
v  1.2077 13.7805 -0.3999
v  1.1989 13.7674 -0.3620
v  1.3327 13.6578 -0.3620
v  1.3439 13.6689 -0.3999
v  1.1884 13.7517 -0.3210
v  1.1741 13.7302 -0.2730
v  1.3011 13.6262 -0.2730
v  1.3194 13.6444 -0.3210
v  1.1537 13.6998 -0.2141
v  1.1294 13.6633 -0.1527
v  1.2442 13.5693 -0.1526
v  1.2752 13.6003 -0.2141
v  1.1030 13.6238 -0.0970
v  1.0746 13.5814 -0.0469
v  1.1745 13.4996 -0.0469
v  1.2106 13.5357 -0.0970
v  1.0445 13.5363 -0.0021
v  1.0127 13.4887 0.0375
v  1.0956 13.4207 0.0375
v  1.1362 13.4612 -0.0021
v  0.9793 13.4386 0.0721
v  0.9443 13.3864 0.1020
v  1.0087 13.3337 0.1020
v  1.0531 13.3782 0.0721
v  0.9080 13.3321 0.1275
v  0.8704 13.2758 0.1490
v  0.9145 13.2396 0.1490
v  0.9624 13.2875 0.1275
v  0.8316 13.2176 0.1665
v  0.7950 13.1629 0.1793
v  0.8163 13.1414 0.1796
v  0.8651 13.1902 0.1665
v  0.7643 13.1170 0.1865
v  0.7705 13.0955 0.1877
v  2.8467 14.4624 -6.2987
v  2.3741 14.1466 -6.2987
v  3.1869 14.6897 -6.2987
v  3.4628 14.1746 -6.2987
v  3.0848 14.0180 -6.2987
v  2.5195 13.7839 -6.2987
v  3.3591 14.8048 -5.8636
v  3.6542 14.2539 -5.8636
v  3.6542 14.2539 -6.1320
v  3.3591 14.8048 -6.1320
v  3.3591 14.8048 -5.5951
v  3.6542 14.2539 -5.5951
v  3.0873 14.6231 -5.4092
v  3.3521 14.1288 -5.4092
v  3.5385 14.2060 -5.4211
v  3.2550 14.7352 -5.4211
v  2.9195 14.5110 -5.3973
v  3.1657 14.0516 -5.3973
v  2.8163 14.4421 -5.3784
v  2.8229 14.4464 -5.3875
v  2.8167 14.4423 -5.3645
v  3.0514 14.0042 -5.3645
v  3.0510 14.0040 -5.3784
v  3.0583 14.0070 -5.3875
v  2.8162 14.4420 -5.3457
v  2.8140 14.4405 -5.3227
v  3.0485 14.0030 -5.3227
v  3.0509 14.0040 -5.3457
v  2.8093 14.4374 -5.2963
v  2.8012 14.4320 -5.2675
v  3.0342 13.9971 -5.2675
v  3.0432 14.0008 -5.2963
v  2.7890 14.4238 -5.2369
v  2.7718 14.4123 -5.2053
v  3.0015 13.9835 -5.2053
v  3.0206 13.9914 -5.2369
v  2.7487 14.3969 -5.1737
v  2.7191 14.3771 -5.1427
v  2.9429 13.9593 -5.1427
v  2.9759 13.9729 -5.1737
v  2.6821 14.3523 -5.1132
v  2.6368 14.3221 -5.0860
v  2.8514 13.9214 -5.0860
v  2.9018 13.9422 -5.1132
v  2.5824 14.2858 -5.0619
v  2.5033 14.2329 -5.0253
v  2.7031 13.8599 -5.0253
v  2.7910 13.8963 -5.0619
v  2.3836 14.1529 -4.9607
v  2.2534 14.0660 -4.8697
v  2.4254 13.7449 -4.8697
v  2.5701 13.8048 -4.9607
v  2.1428 13.9920 -4.7535
v  2.0501 13.9301 -4.6220
v  2.1995 13.6513 -4.6220
v  2.3025 13.6940 -4.7535
v  1.9738 13.8791 -4.4851
v  1.9122 13.8380 -4.3474
v  2.0462 13.5878 -4.3474
v  2.1147 13.6162 -4.4851
v  1.8638 13.8056 -4.2136
v  1.8269 13.7809 -4.0855
v  1.9514 13.5486 -4.0855
v  1.9924 13.5655 -4.2136
v  1.7999 13.7629 -3.9651
v  1.7813 13.7505 -3.8568
v  1.9008 13.5276 -3.8568
v  1.9214 13.5362 -3.9651
v  1.7695 13.7426 -3.7652
v  1.7627 13.7381 -3.6948
v  1.8801 13.5190 -3.6948
v  1.8876 13.5221 -3.7652
v  1.7595 13.7360 -3.6502
v  1.7574 13.7345 -3.6136
v  1.8742 13.5166 -3.6136
v  1.8766 13.5176 -3.6502
v  1.7540 13.7322 -3.5675
v  1.7479 13.7282 -3.5176
v  1.8636 13.5122 -3.5176
v  1.8704 13.5150 -3.5675
v  1.7379 13.7215 -3.4696
v  1.7243 13.7124 -3.4237
v  1.8374 13.5013 -3.4237
v  1.8525 13.5076 -3.4696
v  1.7072 13.7010 -3.3802
v  1.6870 13.6875 -3.3394
v  1.7959 13.4842 -3.3394
v  1.8184 13.4935 -3.3802
v  1.6637 13.6719 -3.3017
v  1.6377 13.6545 -3.2671
v  1.7411 13.4614 -3.2671
v  1.7700 13.4734 -3.3017
v  1.6090 13.6354 -3.2362
v  1.5781 13.6147 -3.2090
v  1.6749 13.4340 -3.2090
v  1.7093 13.4483 -3.2362
v  1.5450 13.5926 -3.1859
v  1.5100 13.5692 -3.1673
v  1.5992 13.4027 -3.1673
v  1.6381 13.4188 -3.1859
v  1.4733 13.5447 -3.1532
v  1.4451 13.5258 -3.1390
v  1.5271 13.3728 -3.1390
v  1.5584 13.3858 -3.1532
v  1.4356 13.5195 -3.1197
v  1.4348 13.5189 -3.0982
v  1.5156 13.3681 -3.0982
v  1.5166 13.3685 -3.1197
v  1.4323 13.5173 -3.0773
v  1.4283 13.5146 -3.0572
v  1.5085 13.3651 -3.0572
v  1.5129 13.3669 -3.0773
v  1.4229 13.5110 -3.0382
v  1.4161 13.5065 -3.0203
v  1.4949 13.3595 -3.0203
v  1.5024 13.3626 -3.0382
v  1.4080 13.5010 -3.0039
v  1.3986 13.4948 -2.9891
v  1.4754 13.3514 -2.9891
v  1.4858 13.3557 -3.0039
v  1.3880 13.4877 -2.9760
v  1.3763 13.4799 -2.9649
v  1.4506 13.3411 -2.9649
v  1.4636 13.3465 -2.9760
v  1.3635 13.4713 -2.9559
v  1.3497 13.4621 -2.9493
v  1.4211 13.3289 -2.9493
v  1.4364 13.3352 -2.9559
v  1.3350 13.4523 -2.9452
v  1.3102 13.4357 -2.9431
v  1.3771 13.3107 -2.9431
v  1.4047 13.3221 -2.9452
v  1.2662 13.4063 -2.9424
v  1.2128 13.3707 -2.9409
v  1.2690 13.2659 -2.9409
v  1.3282 13.2904 -2.9424
v  1.1602 13.3355 -2.9362
v  1.1116 13.3030 -2.9271
v  1.1565 13.2193 -2.9271
v  1.2104 13.2416 -2.9362
v  1.0706 13.2756 -2.9123
v  1.0366 13.2529 -2.8923
v  1.0731 13.1847 -2.8923
v  1.1109 13.2004 -2.9123
v  1.0088 13.2343 -2.8677
v  0.9867 13.2196 -2.8388
v  1.0177 13.1618 -2.8388
v  1.0422 13.1720 -2.8677
v  0.9697 13.2082 -2.8061
v  0.9571 13.1997 -2.7702
v  0.9847 13.1481 -2.7702
v  0.9987 13.1540 -2.8061
v  0.9482 13.1938 -2.7313
v  0.9425 13.1900 -2.6896
v  0.9685 13.1414 -2.6896
v  0.9749 13.1441 -2.7313
v  0.9393 13.1879 -2.6449
v  0.9380 13.1870 -2.5973
v  0.9636 13.1394 -2.5973
v  0.9650 13.1400 -2.6449
v  0.9380 13.1870 -2.5470
v  0.9385 13.1874 -2.4334
v  0.9641 13.1396 -2.4334
v  0.9635 13.1394 -2.5470
v  0.9389 13.1876 -2.1962
v  0.9391 13.1877 -1.9684
v  0.9647 13.1399 -1.9684
v  0.9645 13.1398 -2.1962
v  1.0065 13.2328 -1.8370
v  0.9561 13.1991 -1.8647
v  1.0723 13.2767 -1.8021
v  1.1127 13.2012 -1.8021
v  1.0397 13.1709 -1.8370
v  0.9836 13.1477 -1.8647
v  1.1350 13.3186 -1.7617
v  1.1944 13.3584 -1.7142
v  1.2485 13.2574 -1.7142
v  1.1825 13.2301 -1.7617
v  1.2502 13.3956 -1.6578
v  1.3020 13.4302 -1.5918
v  1.3680 13.3069 -1.5918
v  1.3105 13.2831 -1.6578
v  1.3493 13.4619 -1.5153
v  1.3919 13.4903 -1.4304
v  1.4679 13.3483 -1.4304
v  1.4207 13.3287 -1.5153
v  1.4291 13.5152 -1.3389
v  1.4607 13.5362 -1.2431
v  1.5444 13.3800 -1.2431
v  1.5093 13.3655 -1.3389
v  1.4860 13.5532 -1.1455
v  1.5047 13.5656 -1.0454
v  1.5933 13.4002 -1.0454
v  1.5725 13.3916 -1.1455
v  1.5161 13.5733 -0.9424
v  1.5217 13.5770 -0.8535
v  1.6122 13.4081 -0.8535
v  1.6060 13.4055 -0.9424
v  1.5228 13.5777 -0.7956
v  1.5210 13.5765 -0.7534
v  1.6114 13.4077 -0.7534
v  1.6134 13.4086 -0.7956
v  1.5180 13.5745 -0.7119
v  1.5139 13.5718 -0.6708
v  1.6035 13.4045 -0.6708
v  1.6081 13.4064 -0.7119
v  1.5086 13.5683 -0.6304
v  1.5023 13.5641 -0.5905
v  1.5907 13.3991 -0.5905
v  1.5977 13.4021 -0.6304
v  1.4949 13.5591 -0.5511
v  1.4865 13.5535 -0.5124
v  1.5731 13.3919 -0.5124
v  1.5825 13.3957 -0.5511
v  1.4771 13.5472 -0.4742
v  1.4668 13.5403 -0.4367
v  1.5511 13.3828 -0.4367
v  1.5627 13.3875 -0.4742
v  1.4554 13.5327 -0.3999
v  1.4423 13.5240 -0.3620
v  1.5240 13.3715 -0.3620
v  1.5386 13.3776 -0.3999
v  1.4266 13.5135 -0.3210
v  1.4051 13.4991 -0.2730
v  1.4827 13.3544 -0.2730
v  1.5066 13.3643 -0.3210
v  1.3747 13.4788 -0.2141
v  1.3383 13.4544 -0.1527
v  1.4083 13.3236 -0.1527
v  1.4488 13.3404 -0.2141
v  1.2987 13.4280 -0.0970
v  1.2563 13.3997 -0.0469
v  1.3173 13.2859 -0.0469
v  1.3644 13.3054 -0.0970
v  1.2112 13.3696 -0.0021
v  1.1636 13.3377 0.0375
v  1.2142 13.2432 0.0375
v  1.2672 13.2651 -0.0021
v  1.1136 13.3043 0.0721
v  1.0613 13.2694 0.1020
v  1.1006 13.1961 0.1020
v  1.1587 13.2202 0.0721
v  1.0070 13.2331 0.1275
v  0.9507 13.1955 0.1490
v  0.9776 13.1452 0.1490
v  1.0402 13.1711 0.1275
v  0.8925 13.1566 0.1665
v  0.8379 13.1201 0.1793
v  0.8493 13.0920 0.1796
v  0.9130 13.1184 0.1665
v  0.7919 13.0894 0.1865
v  0.7894 13.0672 0.1877
v  3.2307 13.5355 -6.2987
v  2.6731 13.4246 -6.2987
v  3.6319 13.6153 -6.2987
v  3.8351 13.6557 -5.8636
v  3.8351 13.6557 -6.1320
v  3.8351 13.6557 -5.5951
v  3.5144 13.5919 -5.4092
v  3.7122 13.6313 -5.4211
v  3.3166 13.5526 -5.3973
v  3.1948 13.5283 -5.3784
v  3.2025 13.5299 -5.3875
v  3.1953 13.5284 -5.3645
v  3.1947 13.5283 -5.3457
v  3.1921 13.5278 -5.3227
v  3.1865 13.5267 -5.2963
v  3.1770 13.5248 -5.2675
v  3.1626 13.5219 -5.2369
v  3.1422 13.5179 -5.2053
v  3.1151 13.5125 -5.1737
v  3.0801 13.5055 -5.1427
v  3.0364 13.4968 -5.1132
v  2.9830 13.4862 -5.0860
v  2.9189 13.4735 -5.0619
v  2.8255 13.4549 -5.0253
v  2.6843 13.4268 -4.9607
v  2.5308 13.3963 -4.8697
v  2.4003 13.3703 -4.7535
v  2.2910 13.3486 -4.6220
v  2.2010 13.3307 -4.4851
v  2.1284 13.3162 -4.3474
v  2.0712 13.3049 -4.2136
v  2.0277 13.2962 -4.0855
v  1.9959 13.2899 -3.9651
v  1.9739 13.2855 -3.8568
v  1.9599 13.2827 -3.7652
v  1.9520 13.2811 -3.6948
v  1.9482 13.2804 -3.6502
v  1.9458 13.2799 -3.6136
v  1.9417 13.2791 -3.5675
v  1.9345 13.2777 -3.5176
v  1.9227 13.2753 -3.4696
v  1.9067 13.2721 -3.4237
v  1.8866 13.2681 -3.3802
v  1.8627 13.2634 -3.3394
v  1.8352 13.2579 -3.3017
v  1.8045 13.2518 -3.2671
v  1.7707 13.2451 -3.2362
v  1.7342 13.2378 -3.2090
v  1.6952 13.2301 -3.1859
v  1.6539 13.2218 -3.1673
v  1.6106 13.2132 -3.1532
v  1.5773 13.2066 -3.1390
v  1.5662 13.2044 -3.1197
v  1.5651 13.2042 -3.0982
v  1.5622 13.2036 -3.0773
v  1.5576 13.2027 -3.0572
v  1.5512 13.2014 -3.0382
v  1.5431 13.1998 -3.0203
v  1.5335 13.1979 -3.0039
v  1.5225 13.1957 -2.9891
v  1.5100 13.1932 -2.9760
v  1.4961 13.1905 -2.9649
v  1.4811 13.1875 -2.9559
v  1.4648 13.1842 -2.9493
v  1.4474 13.1808 -2.9452
v  1.4182 13.1750 -2.9431
v  1.3663 13.1646 -2.9424
v  1.3034 13.1521 -2.9409
v  1.2412 13.1398 -2.9362
v  1.1840 13.1284 -2.9271
v  1.1356 13.1188 -2.9123
v  1.0954 13.1108 -2.8923
v  1.0627 13.1043 -2.8677
v  1.0367 13.0991 -2.8388
v  1.0166 13.0951 -2.8061
v  1.0017 13.0921 -2.7702
v  0.9912 13.0900 -2.7313
v  0.9845 13.0887 -2.6896
v  0.9807 13.0879 -2.6449
v  0.9792 13.0876 -2.5973
v  0.9792 13.0876 -2.5470
v  0.9798 13.0878 -2.4334
v  0.9802 13.0878 -2.1962
v  0.9805 13.0879 -1.9684
v  1.0600 13.1037 -1.8370
v  1.0005 13.0919 -1.8647
v  1.1375 13.1191 -1.8021
v  1.2115 13.1339 -1.7617
v  1.2817 13.1478 -1.7142
v  1.3475 13.1609 -1.6578
v  1.4085 13.1730 -1.5918
v  1.4644 13.1841 -1.5153
v  1.5145 13.1941 -1.4304
v  1.5585 13.2029 -1.3389
v  1.5957 13.2103 -1.2431
v  1.6256 13.2162 -1.1455
v  1.6476 13.2206 -1.0454
v  1.6611 13.2233 -0.9424
v  1.6677 13.2246 -0.8535
v  1.6689 13.2248 -0.7956
v  1.6668 13.2244 -0.7534
v  1.6633 13.2237 -0.7119
v  1.6584 13.2228 -0.6708
v  1.6523 13.2215 -0.6304
v  1.6448 13.2200 -0.5905
v  1.6361 13.2183 -0.5511
v  1.6262 13.2163 -0.5124
v  1.6151 13.2141 -0.4742
v  1.6029 13.2117 -0.4367
v  1.5895 13.2090 -0.3999
v  1.5741 13.2060 -0.3620
v  1.5555 13.2023 -0.3210
v  1.5302 13.1972 -0.2730
v  1.4943 13.1901 -0.2141
v  1.4513 13.1815 -0.1527
v  1.4047 13.1723 -0.0970
v  1.3547 13.1623 -0.0469
v  1.3015 13.1517 -0.0021
v  1.2453 13.1406 0.0375
v  1.1863 13.1288 0.0721
v  1.1246 13.1166 0.1020
v  1.0606 13.1038 0.1275
v  0.9941 13.0906 0.1490
v  0.9255 13.0770 0.1665
v  0.8610 13.0641 0.1793
v  0.8068 13.0534 0.1865
v  3.8351 12.4120 -5.4748
v  3.6542 11.8138 -5.4748
v  3.8969 13.0339 -5.4748
v  3.8882 13.0339 -5.4395
v  3.8266 12.4137 -5.4395
v  3.6462 11.8171 -5.4395
v  3.8351 12.4120 -6.2524
v  3.8969 13.0339 -6.2524
v  3.6542 11.8138 -6.2524
v  3.6444 11.8179 -6.2871
v  3.8247 12.4141 -6.2871
v  3.8863 13.0339 -6.2871
v  3.2279 12.5328 -5.3919
v  3.0821 12.0508 -5.3919
v  3.2777 13.0339 -5.3919
v  3.8010 12.4188 -5.4264
v  3.8621 13.0339 -5.4264
v  3.6221 11.8271 -5.4264
v  3.3591 11.2629 -5.4748
v  2.9631 10.7795 -5.4748
v  3.3519 11.2678 -5.4395
v  2.9570 10.7856 -5.4395
v  3.3591 11.2629 -6.2524
v  2.9631 10.7795 -6.2524
v  2.9556 10.7870 -6.2871
v  3.3503 11.2688 -6.2871
v  2.8444 11.6069 -5.3919
v  2.5253 11.2174 -5.3919
v  3.3302 11.2823 -5.4264
v  2.9385 10.8041 -5.4264
v  2.4797 10.3835 -5.4748
v  1.9288 10.0884 -5.4748
v  2.4749 10.3907 -5.4395
v  1.9255 10.0964 -5.4395
v  2.4797 10.3835 -6.2524
v  1.9288 10.0884 -6.2524
v  1.9248 10.0982 -6.2871
v  2.4738 10.3923 -6.2871
v  2.1357 10.8983 -5.3919
v  1.6919 10.6605 -5.3919
v  2.4604 10.4124 -5.4264
v  1.9155 10.1205 -5.4264
v  1.3306 9.9075 -5.4748
v  0.7088 9.8457 -5.4748
v  1.3289 9.9161 -5.4395
v  0.7088 9.8544 -5.4395
v  1.3306 9.9075 -6.2524
v  0.7088 9.8457 -6.2524
v  0.7088 9.8563 -6.2871
v  1.3286 9.9180 -6.2871
v  1.2098 10.5148 -5.3919
v  0.7088 10.4649 -5.3919
v  1.3238 9.9417 -5.4264
v  0.7088 9.8805 -5.4264
v  0.0869 9.9075 -5.4748
v  -0.5113 10.0884 -5.4748
v  0.0886 9.9161 -5.4395
v  -0.5080 10.0964 -5.4395
v  0.0869 9.9075 -6.2524
v  -0.5113 10.0884 -6.2524
v  -0.5072 10.0982 -6.2871
v  0.0890 9.9180 -6.2871
v  0.2077 10.5148 -5.3919
v  -0.2743 10.6605 -5.3919
v  0.0937 9.9417 -5.4264
v  -0.4980 10.1205 -5.4264
v  -1.0621 10.3835 -5.4748
v  -1.5456 10.7795 -5.4748
v  -1.0573 10.3907 -5.4395
v  -1.5394 10.7856 -5.4395
v  -1.0621 10.3835 -6.2524
v  -1.5456 10.7795 -6.2524
v  -1.5381 10.7870 -6.2871
v  -1.0562 10.3923 -6.2871
v  -0.7182 10.8983 -5.3919
v  -1.1077 11.2174 -5.3919
v  -1.0428 10.4124 -5.4264
v  -1.5210 10.8041 -5.4264
v  -1.9416 11.2629 -5.4748
v  -2.2367 11.8138 -5.4748
v  -1.9343 11.2678 -5.4395
v  -2.2287 11.8171 -5.4395
v  -1.9416 11.2629 -6.2524
v  -2.2367 11.8138 -6.2524
v  -2.2269 11.8179 -6.2871
v  -1.9327 11.2688 -6.2871
v  -1.4268 11.6069 -5.3919
v  -1.6646 12.0508 -5.3919
v  -1.9127 11.2823 -5.4264
v  -2.2045 11.8271 -5.4264
v  -2.4175 12.4120 -5.4748
v  -2.4794 13.0339 -5.4748
v  -2.4090 12.4137 -5.4395
v  -2.4707 13.0339 -5.4395
v  -2.4175 12.4120 -6.2524
v  -2.4794 13.0339 -6.2524
v  -2.4687 13.0339 -6.2871
v  -2.4071 12.4141 -6.2871
v  -1.8103 12.5328 -5.3919
v  -1.8601 13.0339 -5.3919
v  -2.3834 12.4188 -5.4264
v  -2.4446 13.0339 -5.4264
v  -2.4175 13.6557 -5.4748
v  -2.2367 14.2539 -5.4748
v  -2.4090 13.6540 -5.4395
v  -2.2287 14.2506 -5.4395
v  -2.4175 13.6557 -6.2524
v  -2.2367 14.2539 -6.2524
v  -2.2269 14.2498 -6.2871
v  -2.4071 13.6536 -6.2871
v  -1.8103 13.5349 -5.3919
v  -1.6646 14.0169 -5.3919
v  -2.3834 13.6489 -5.4264
v  -2.2045 14.2406 -5.4264
v  -1.9416 14.8048 -5.4748
v  -1.5456 15.2882 -5.4748
v  -1.9343 14.7999 -5.4395
v  -1.5394 15.2821 -5.4395
v  -1.9416 14.8048 -6.2524
v  -1.5456 15.2882 -6.2524
v  -1.5381 15.2807 -6.2871
v  -1.9327 14.7989 -6.2871
v  -1.4268 14.4608 -5.3919
v  -1.1077 14.8504 -5.3919
v  -1.9126 14.7854 -5.4264
v  -1.5210 15.2636 -5.4264
v  -1.0621 15.6842 -5.4748
v  -0.5113 15.9793 -5.4748
v  -1.0573 15.6770 -5.4395
v  -0.5079 15.9713 -5.4395
v  -1.0621 15.6842 -6.2524
v  -0.5113 15.9793 -6.2524
v  -0.5072 15.9695 -6.2871
v  -1.0562 15.6754 -6.2871
v  -0.7182 15.1694 -5.3919
v  -0.2743 15.4072 -5.3919
v  -1.0428 15.6553 -5.4264
v  -0.4980 15.9472 -5.4264
v  0.0869 16.1602 -5.4748
v  0.7088 16.2220 -5.4748
v  0.0886 16.1516 -5.4395
v  0.7088 16.2133 -5.4395
v  0.0869 16.1602 -6.2524
v  0.7088 16.2220 -6.2524
v  0.7088 16.2114 -6.2871
v  0.0890 16.1497 -6.2871
v  0.2077 15.5529 -5.3919
v  0.7088 15.6028 -5.3919
v  0.0937 16.1260 -5.4264
v  0.7088 16.1872 -5.4264
v  1.3306 16.1602 -5.4748
v  1.9288 15.9793 -5.4748
v  1.3289 16.1516 -5.4395
v  1.9255 15.9713 -5.4395
v  1.3306 16.1602 -6.2524
v  1.9288 15.9793 -6.2524
v  1.9248 15.9695 -6.2871
v  1.3286 16.1497 -6.2871
v  1.2098 15.5529 -5.3919
v  1.6918 15.4072 -5.3919
v  1.3238 16.1260 -5.4264
v  1.9155 15.9472 -5.4264
v  2.4797 15.6842 -5.4748
v  2.9631 15.2882 -5.4748
v  2.4749 15.6770 -5.4395
v  2.9570 15.2821 -5.4395
v  2.4797 15.6842 -6.2524
v  2.9631 15.2882 -6.2524
v  2.9556 15.2807 -6.2871
v  2.4738 15.6754 -6.2871
v  2.1357 15.1694 -5.3919
v  2.5253 14.8503 -5.3919
v  2.4604 15.6553 -5.4264
v  2.9385 15.2636 -5.4264
v  3.3591 14.8048 -5.4748
v  3.6542 14.2539 -5.4748
v  3.3519 14.7999 -5.4395
v  3.6462 14.2506 -5.4395
v  3.3591 14.8048 -6.2524
v  3.6542 14.2539 -6.2524
v  3.6444 14.2498 -6.2871
v  3.3503 14.7989 -6.2871
v  2.8444 14.4608 -5.3919
v  3.0821 14.0169 -5.3919
v  3.3302 14.7854 -5.4264
v  3.6221 14.2406 -5.4264
v  3.8351 13.6557 -5.4748
v  3.8265 13.6540 -5.4395
v  3.8351 13.6557 -6.2524
v  3.8247 13.6536 -6.2871
v  3.2279 13.5349 -5.3919
v  3.8009 13.6489 -5.4264
v  3.7934 12.4203 -6.2987
v  3.8544 13.0339 -6.2987
v  3.6150 11.8301 -6.2987
v  2.0427 12.7685 -6.2987
v  1.8054 12.5796 -6.2987
v  1.8957 13.0339 -6.2987
v  0.7088 13.0339 -6.2987
v  3.3238 11.2866 -6.2987
v  2.9331 10.8095 -6.2987
v  1.8396 12.2783 -6.2987
v  1.5481 12.1946 -6.2987
v  2.4561 10.4188 -6.2987
v  1.9126 10.1277 -6.2987
v  1.4644 11.9030 -6.2987
v  1.1630 11.9373 -6.2987
v  1.3223 9.9492 -6.2987
v  0.7088 9.8882 -6.2987
v  0.9741 11.7000 -6.2987
v  0.7088 11.8469 -6.2987
v  0.0952 9.9492 -6.2987
v  -0.4950 10.1277 -6.2987
v  0.4435 11.7000 -6.2987
v  0.2546 11.9373 -6.2987
v  -1.0385 10.4188 -6.2987
v  -1.5155 10.8095 -6.2987
v  -0.0468 11.9030 -6.2987
v  -0.1305 12.1946 -6.2987
v  -1.9062 11.2866 -6.2987
v  -2.1974 11.8301 -6.2987
v  -0.4220 12.2783 -6.2987
v  -0.3878 12.5796 -6.2987
v  -2.3758 12.4203 -6.2987
v  -2.4369 13.0339 -6.2987
v  -0.6251 12.7685 -6.2987
v  -0.4782 13.0339 -6.2987
v  -2.3758 13.6474 -6.2987
v  -2.1974 14.2376 -6.2987
v  -0.6251 13.2992 -6.2987
v  -0.3878 13.4881 -6.2987
v  -1.9062 14.7812 -6.2987
v  -1.5155 15.2582 -6.2987
v  -0.4220 13.7894 -6.2987
v  -0.1305 13.8732 -6.2987
v  -1.0385 15.6489 -6.2987
v  -0.4950 15.9401 -6.2987
v  -0.0468 14.1647 -6.2987
v  0.2546 14.1304 -6.2987
v  0.0952 16.1185 -6.2987
v  0.7088 16.1795 -6.2987
v  0.4435 14.3677 -6.2987
v  0.7088 14.2208 -6.2987
v  1.3223 16.1185 -6.2987
v  1.9126 15.9400 -6.2987
v  0.9741 14.3677 -6.2987
v  1.1630 14.1304 -6.2987
v  2.4561 15.6489 -6.2987
v  2.9331 15.2582 -6.2987
v  1.4644 14.1647 -6.2987
v  1.5481 13.8731 -6.2987
v  3.3238 14.7811 -6.2987
v  3.6150 14.2376 -6.2987
v  1.8396 13.7894 -6.2987
v  1.8054 13.4881 -6.2987
v  3.7934 13.6474 -6.2987
v  2.0427 13.2992 -6.2987
v  0.9806 12.9798 -1.8832
v  0.9860 13.0339 -1.8832
v  0.9649 12.9278 -1.8832
v  0.9392 12.8799 -1.8832
v  0.9048 12.8379 -1.8832
v  0.8628 12.8034 -1.8832
v  0.8149 12.7778 -1.8832
v  0.7628 12.7620 -1.8832
v  0.7088 12.7567 -1.8832
v  0.6547 12.7620 -1.8832
v  0.6027 12.7778 -1.8832
v  0.5548 12.8034 -1.8832
v  0.5128 12.8379 -1.8832
v  0.4783 12.8799 -1.8832
v  0.4527 12.9278 -1.8832
v  0.4370 12.9798 -1.8832
v  0.4316 13.0339 -1.8832
v  0.4370 13.0879 -1.8832
v  0.4527 13.1399 -1.8832
v  0.4784 13.1878 -1.8832
v  0.5128 13.2299 -1.8832
v  0.5548 13.2643 -1.8832
v  0.6027 13.2899 -1.8832
v  0.6547 13.3057 -1.8832
v  0.7088 13.3110 -1.8832
v  0.7629 13.3057 -1.8832
v  0.8149 13.2899 -1.8832
v  0.8628 13.2643 -1.8832
v  0.9048 13.2299 -1.8832
v  0.9392 13.1878 -1.8832
v  0.9649 13.1399 -1.8832
v  0.9806 13.0879 -1.8832
v  -0.3043 13.1975 -1.1410
v  -0.3043 13.1356 -1.1598
v  -0.3043 13.0711 -1.1662
v  -0.3043 13.0067 -1.1598
v  -0.3043 12.9447 -1.1410
v  -0.3043 12.8876 -1.1105
v  -0.3043 12.8375 -1.0694
v  -0.3043 12.7964 -1.0193
v  -0.3043 12.7659 -0.9622
v  -0.3043 12.7471 -0.9003
v  -0.3043 12.7407 -0.8358
v  -0.3043 12.7471 -0.7714
v  -0.3043 12.7659 -0.7094
v  -0.3043 12.7964 -0.6523
v  -0.3043 12.8375 -0.6022
v  -0.3043 12.8876 -0.5611
v  -0.3043 12.9447 -0.5306
v  -0.3043 13.0067 -0.5118
v  -0.3043 13.0711 -0.5054
v  -0.3043 13.1356 -0.5118
v  -0.3043 13.1975 -0.5306
v  -0.3043 13.2547 -0.5611
v  -0.3043 13.3047 -0.6022
v  -0.3043 13.3458 -0.6523
v  -0.3043 13.3763 -0.7094
v  -0.3043 13.3951 -0.7714
v  -0.3043 13.4015 -0.8358
v  -0.3043 13.3951 -0.9003
v  -0.3043 13.3763 -0.9622
v  -0.3043 13.3458 -1.0193
v  -0.3043 13.3047 -1.0694
v  -0.3043 13.2547 -1.1105
v  1.7219 13.1356 -1.1598
v  1.7219 13.0711 -1.1662
v  1.7219 13.1975 -1.1410
v  1.7219 13.2547 -1.1105
v  1.7219 13.3047 -1.0694
v  1.7219 13.3458 -1.0193
v  1.7219 13.3763 -0.9622
v  1.7219 13.3951 -0.9003
v  1.7219 13.4015 -0.8358
v  1.7219 13.3951 -0.7714
v  1.7219 13.3763 -0.7094
v  1.7219 13.3458 -0.6523
v  1.7219 13.3047 -0.6022
v  1.7219 13.2546 -0.5611
v  1.7219 13.1975 -0.5306
v  1.7219 13.1356 -0.5118
v  1.7219 13.0711 -0.5054
v  1.7219 13.0067 -0.5118
v  1.7219 12.9447 -0.5306
v  1.7219 12.8876 -0.5611
v  1.7219 12.8375 -0.6022
v  1.7219 12.7964 -0.6523
v  1.7219 12.7659 -0.7094
v  1.7219 12.7471 -0.7714
v  1.7219 12.7407 -0.8358
v  1.7219 12.7471 -0.9003
v  1.7219 12.7659 -0.9622
v  1.7219 12.7964 -1.0193
v  1.7219 12.8375 -1.0694
v  1.7219 12.8876 -1.1105
v  1.7219 12.9447 -1.1410
v  1.7219 13.0067 -1.1598
v  -4.6579 0.8568 6.2596
v  -4.6579 0.2881 6.2596
v  -4.6579 1.5351 6.2596
v  5.4546 0.8568 6.2596
v  5.4546 1.5351 6.2596
v  -4.6579 2.2135 6.2596
v  5.4546 2.2135 6.2596
v  -4.6579 2.8918 6.2596
v  5.4546 2.8918 6.2596
v  -4.6579 3.5701 6.2596
v  5.4546 3.5701 6.2596
v  -4.6579 4.2484 6.2596
v  5.4546 4.2484 6.2596
v  -4.6579 4.9267 6.2596
v  5.4546 4.9267 6.2596
v  5.4546 0.2881 6.2596
# 6096 vertices

vt 0.4345 0.1578 0.0006
vt 0.4345 0.1578 0.0000
vt 0.3369 0.1578 0.0000
vt 0.3369 0.1578 0.0006
vt 0.4345 0.1580 0.0011
vt 0.3369 0.1580 0.0011
vt 0.4345 0.1583 0.0017
vt 0.3369 0.1583 0.0017
vt 0.4345 0.1587 0.0021
vt 0.3369 0.1587 0.0021
vt 0.4345 0.1591 0.0025
vt 0.3369 0.1591 0.0025
vt 0.4345 0.1596 0.0028
vt 0.3369 0.1596 0.0028
vt 0.4345 0.1602 0.0029
vt 0.3369 0.1602 0.0029
vt 0.4346 0.1608 0.0030
vt 0.3369 0.1608 0.0030
vt 0.4346 0.1614 0.0029
vt 0.3369 0.1614 0.0029
vt 0.4346 0.1619 0.0028
vt 0.3369 0.1619 0.0028
vt 0.4346 0.1624 0.0025
vt 0.3369 0.1624 0.0025
vt 0.4346 0.1629 0.0021
vt 0.3369 0.1629 0.0021
vt 0.4346 0.1633 0.0017
vt 0.3369 0.1633 0.0017
vt 0.4346 0.1636 0.0011
vt 0.3369 0.1636 0.0011
vt 0.4347 0.1637 0.0006
vt 0.3369 0.1637 0.0006
vt 0.4347 0.1638 -0.0000
vt 0.3369 0.1638 -0.0000
vt 0.4347 0.1637 -0.0006
vt 0.3369 0.1637 -0.0006
vt 0.4346 0.1636 -0.0011
vt 0.3369 0.1636 -0.0011
vt 0.4346 0.1633 -0.0017
vt 0.3369 0.1633 -0.0017
vt 0.4346 0.1629 -0.0021
vt 0.3369 0.1629 -0.0021
vt 0.4346 0.1624 -0.0025
vt 0.3369 0.1624 -0.0025
vt 0.4346 0.1619 -0.0028
vt 0.3369 0.1619 -0.0028
vt 0.4346 0.1614 -0.0029
vt 0.3369 0.1614 -0.0029
vt 0.4346 0.1608 -0.0030
vt 0.3369 0.1608 -0.0030
vt 0.4345 0.1602 -0.0029
vt 0.3369 0.1602 -0.0029
vt 0.4345 0.1596 -0.0028
vt 0.3369 0.1596 -0.0028
vt 0.4345 0.1591 -0.0025
vt 0.3369 0.1591 -0.0025
vt 0.4345 0.1587 -0.0021
vt 0.3369 0.1587 -0.0021
vt 0.4345 0.1583 -0.0017
vt 0.3369 0.1583 -0.0017
vt 0.4345 0.1580 -0.0011
vt 0.3369 0.1580 -0.0011
vt 0.4345 0.1578 -0.0006
vt 0.3369 0.1578 -0.0006
vt 0.4386 0.1576 0.0006
vt 0.4386 0.1575 0.0000
vt 0.4387 0.1577 0.0011
vt 0.4387 0.1580 0.0017
vt 0.4388 0.1584 0.0021
vt 0.4388 0.1588 0.0025
vt 0.4389 0.1593 0.0028
vt 0.4390 0.1599 0.0029
vt 0.4391 0.1605 0.0030
vt 0.4392 0.1611 0.0029
vt 0.4393 0.1616 0.0028
vt 0.4394 0.1621 0.0025
vt 0.4395 0.1626 0.0021
vt 0.4395 0.1630 0.0017
vt 0.4396 0.1632 0.0011
vt 0.4396 0.1634 0.0006
vt 0.4396 0.1635 -0.0000
vt 0.4396 0.1634 -0.0006
vt 0.4396 0.1632 -0.0011
vt 0.4395 0.1630 -0.0017
vt 0.4395 0.1626 -0.0021
vt 0.4394 0.1621 -0.0025
vt 0.4393 0.1616 -0.0028
vt 0.4392 0.1611 -0.0029
vt 0.4391 0.1605 -0.0030
vt 0.4390 0.1599 -0.0029
vt 0.4389 0.1593 -0.0028
vt 0.4388 0.1588 -0.0025
vt 0.4388 0.1584 -0.0021
vt 0.4387 0.1580 -0.0017
vt 0.4387 0.1577 -0.0011
vt 0.4386 0.1576 -0.0006
vt 0.4413 0.1569 0.0006
vt 0.4412 0.1568 0.0000
vt 0.4413 0.1570 0.0011
vt 0.4414 0.1573 0.0017
vt 0.4416 0.1576 0.0021
vt 0.4418 0.1580 0.0025
vt 0.4420 0.1585 0.0028
vt 0.4422 0.1590 0.0029
vt 0.4425 0.1596 0.0030
vt 0.4427 0.1601 0.0029
vt 0.4430 0.1606 0.0028
vt 0.4432 0.1611 0.0025
vt 0.4434 0.1615 0.0021
vt 0.4435 0.1619 0.0017
vt 0.4436 0.1621 0.0011
vt 0.4437 0.1623 0.0006
vt 0.4437 0.1623 -0.0000
vt 0.4437 0.1623 -0.0006
vt 0.4436 0.1621 -0.0011
vt 0.4435 0.1619 -0.0017
vt 0.4434 0.1615 -0.0021
vt 0.4432 0.1611 -0.0025
vt 0.4430 0.1606 -0.0028
vt 0.4427 0.1601 -0.0029
vt 0.4425 0.1596 -0.0030
vt 0.4422 0.1590 -0.0029
vt 0.4420 0.1585 -0.0028
vt 0.4418 0.1580 -0.0025
vt 0.4416 0.1576 -0.0021
vt 0.4414 0.1573 -0.0017
vt 0.4413 0.1570 -0.0011
vt 0.4413 0.1569 -0.0006
vt 0.4427 0.1559 0.0006
vt 0.4427 0.1559 0.0000
vt 0.4428 0.1560 0.0011
vt 0.4430 0.1562 0.0017
vt 0.4433 0.1565 0.0021
vt 0.4436 0.1568 0.0025
vt 0.4440 0.1572 0.0028
vt 0.4444 0.1576 0.0029
vt 0.4448 0.1580 0.0030
vt 0.4452 0.1585 0.0029
vt 0.4456 0.1589 0.0028
vt 0.4460 0.1593 0.0025
vt 0.4463 0.1596 0.0021
vt 0.4466 0.1599 0.0017
vt 0.4468 0.1601 0.0011
vt 0.4469 0.1602 0.0006
vt 0.4469 0.1602 -0.0000
vt 0.4469 0.1602 -0.0006
vt 0.4468 0.1601 -0.0011
vt 0.4466 0.1599 -0.0017
vt 0.4463 0.1596 -0.0021
vt 0.4460 0.1593 -0.0025
vt 0.4456 0.1589 -0.0028
vt 0.4452 0.1585 -0.0029
vt 0.4448 0.1580 -0.0030
vt 0.4444 0.1576 -0.0029
vt 0.4440 0.1572 -0.0028
vt 0.4436 0.1568 -0.0025
vt 0.4433 0.1565 -0.0021
vt 0.4430 0.1562 -0.0017
vt 0.4428 0.1560 -0.0011
vt 0.4427 0.1559 -0.0006
vt 0.4436 0.1546 0.0006
vt 0.4436 0.1546 0.0000
vt 0.4438 0.1547 0.0011
vt 0.4440 0.1548 0.0017
vt 0.4444 0.1550 0.0021
vt 0.4448 0.1552 0.0025
vt 0.4453 0.1554 0.0028
vt 0.4458 0.1556 0.0029
vt 0.4463 0.1559 0.0030
vt 0.4468 0.1562 0.0029
vt 0.4473 0.1564 0.0028
vt 0.4478 0.1566 0.0025
vt 0.4482 0.1568 0.0021
vt 0.4486 0.1570 0.0017
vt 0.4488 0.1571 0.0011
vt 0.4490 0.1572 0.0006
vt 0.4490 0.1572 -0.0000
vt 0.4490 0.1572 -0.0006
vt 0.4488 0.1571 -0.0011
vt 0.4486 0.1570 -0.0017
vt 0.4482 0.1568 -0.0021
vt 0.4478 0.1566 -0.0025
vt 0.4473 0.1564 -0.0028
vt 0.4468 0.1562 -0.0029
vt 0.4463 0.1559 -0.0030
vt 0.4458 0.1556 -0.0029
vt 0.4453 0.1554 -0.0028
vt 0.4448 0.1552 -0.0025
vt 0.4444 0.1550 -0.0021
vt 0.4440 0.1548 -0.0017
vt 0.4438 0.1547 -0.0011
vt 0.4436 0.1546 -0.0006
vt 0.4442 0.1525 0.0006
vt 0.4442 0.1525 0.0000
vt 0.4444 0.1526 0.0011
vt 0.4447 0.1526 0.0017
vt 0.4451 0.1527 0.0021
vt 0.4455 0.1528 0.0025
vt 0.4460 0.1529 0.0028
vt 0.4466 0.1530 0.0029
vt 0.4471 0.1531 0.0030
vt 0.4477 0.1533 0.0029
vt 0.4483 0.1534 0.0028
vt 0.4488 0.1535 0.0025
vt 0.4492 0.1536 0.0021
vt 0.4496 0.1536 0.0017
vt 0.4499 0.1537 0.0011
vt 0.4500 0.1537 0.0006
vt 0.4501 0.1537 -0.0000
vt 0.4500 0.1537 -0.0006
vt 0.4499 0.1537 -0.0011
vt 0.4496 0.1536 -0.0017
vt 0.4492 0.1536 -0.0021
vt 0.4488 0.1535 -0.0025
vt 0.4483 0.1534 -0.0028
vt 0.4477 0.1533 -0.0029
vt 0.4471 0.1531 -0.0030
vt 0.4466 0.1530 -0.0029
vt 0.4460 0.1529 -0.0028
vt 0.4455 0.1528 -0.0025
vt 0.4451 0.1527 -0.0021
vt 0.4447 0.1526 -0.0017
vt 0.4444 0.1526 -0.0011
vt 0.4442 0.1525 -0.0006
vt 0.4446 0.1495 0.0006
vt 0.4445 0.1495 0.0000
vt 0.4447 0.1496 0.0011
vt 0.4450 0.1496 0.0017
vt 0.4454 0.1496 0.0021
vt 0.4458 0.1496 0.0025
vt 0.4464 0.1497 0.0028
vt 0.4469 0.1497 0.0029
vt 0.4475 0.1497 0.0030
vt 0.4481 0.1498 0.0029
vt 0.4487 0.1498 0.0028
vt 0.4492 0.1498 0.0025
vt 0.4496 0.1499 0.0021
vt 0.4500 0.1499 0.0017
vt 0.4503 0.1499 0.0011
vt 0.4504 0.1499 0.0006
vt 0.4505 0.1499 -0.0000
vt 0.4504 0.1499 -0.0006
vt 0.4503 0.1499 -0.0011
vt 0.4500 0.1499 -0.0017
vt 0.4496 0.1499 -0.0021
vt 0.4492 0.1498 -0.0025
vt 0.4487 0.1498 -0.0028
vt 0.4481 0.1498 -0.0029
vt 0.4475 0.1497 -0.0030
vt 0.4469 0.1497 -0.0029
vt 0.4464 0.1497 -0.0028
vt 0.4458 0.1496 -0.0025
vt 0.4454 0.1496 -0.0021
vt 0.4450 0.1496 -0.0017
vt 0.4447 0.1496 -0.0011
vt 0.4446 0.1495 -0.0006
vt 0.4446 0.1457 0.0006
vt 0.4446 0.1457 0.0000
vt 0.4448 0.1457 0.0011
vt 0.4451 0.1457 0.0017
vt 0.4455 0.1457 0.0021
vt 0.4459 0.1457 0.0025
vt 0.4464 0.1457 0.0028
vt 0.4470 0.1457 0.0029
vt 0.4476 0.1457 0.0030
vt 0.4482 0.1457 0.0029
vt 0.4487 0.1457 0.0028
vt 0.4493 0.1457 0.0025
vt 0.4497 0.1457 0.0021
vt 0.4501 0.1457 0.0017
vt 0.4504 0.1457 0.0011
vt 0.4505 0.1457 0.0006
vt 0.4506 0.1457 -0.0000
vt 0.4505 0.1457 -0.0006
vt 0.4504 0.1457 -0.0011
vt 0.4501 0.1457 -0.0017
vt 0.4497 0.1457 -0.0021
vt 0.4493 0.1457 -0.0025
vt 0.4487 0.1457 -0.0028
vt 0.4482 0.1457 -0.0029
vt 0.4476 0.1457 -0.0030
vt 0.4470 0.1457 -0.0029
vt 0.4464 0.1457 -0.0028
vt 0.4459 0.1457 -0.0025
vt 0.4455 0.1457 -0.0021
vt 0.4451 0.1457 -0.0017
vt 0.4448 0.1457 -0.0011
vt 0.4446 0.1457 -0.0006
vt 0.4446 0.1251 0.0006
vt 0.4446 0.1252 0.0000
vt 0.4448 0.1251 0.0011
vt 0.4451 0.1251 0.0017
vt 0.4455 0.1250 0.0021
vt 0.4459 0.1250 0.0025
vt 0.4464 0.1250 0.0028
vt 0.4470 0.1250 0.0029
vt 0.4476 0.1250 0.0030
vt 0.4482 0.1250 0.0029
vt 0.4487 0.1250 0.0028
vt 0.4493 0.1250 0.0025
vt 0.4497 0.1250 0.0021
vt 0.4501 0.1251 0.0017
vt 0.4504 0.1251 0.0011
vt 0.4505 0.1251 0.0006
vt 0.4506 0.1252 -0.0000
vt 0.4505 0.1252 -0.0006
vt 0.4504 0.1252 -0.0011
vt 0.4501 0.1253 -0.0017
vt 0.4497 0.1253 -0.0021
vt 0.4493 0.1253 -0.0025
vt 0.4487 0.1253 -0.0028
vt 0.4482 0.1253 -0.0029
vt 0.4476 0.1253 -0.0030
vt 0.4470 0.1253 -0.0029
vt 0.4464 0.1253 -0.0028
vt 0.4459 0.1253 -0.0025
vt 0.4455 0.1253 -0.0021
vt 0.4451 0.1253 -0.0017
vt 0.4448 0.1252 -0.0011
vt 0.4446 0.1252 -0.0006
vt 0.4446 0.1215 0.0002
vt 0.4446 0.1216 -0.0004
vt 0.4448 0.1214 0.0007
vt 0.4451 0.1212 0.0012
vt 0.4455 0.1211 0.0017
vt 0.4459 0.1211 0.0020
vt 0.4464 0.1210 0.0023
vt 0.4470 0.1210 0.0025
vt 0.4476 0.1210 0.0025
vt 0.4482 0.1210 0.0025
vt 0.4487 0.1210 0.0023
vt 0.4493 0.1211 0.0020
vt 0.4497 0.1211 0.0017
vt 0.4501 0.1212 0.0012
vt 0.4504 0.1214 0.0007
vt 0.4505 0.1215 0.0002
vt 0.4506 0.1216 -0.0004
vt 0.4505 0.1217 -0.0010
vt 0.4504 0.1218 -0.0015
vt 0.4501 0.1220 -0.0020
vt 0.4497 0.1220 -0.0025
vt 0.4493 0.1221 -0.0029
vt 0.4487 0.1222 -0.0031
vt 0.4482 0.1222 -0.0033
vt 0.4476 0.1222 -0.0034
vt 0.4470 0.1222 -0.0033
vt 0.4464 0.1222 -0.0031
vt 0.4459 0.1221 -0.0029
vt 0.4455 0.1220 -0.0025
vt 0.4451 0.1220 -0.0020
vt 0.4448 0.1218 -0.0015
vt 0.4446 0.1217 -0.0010
vt 0.4446 0.1179 -0.0010
vt 0.4446 0.1182 -0.0015
vt 0.4448 0.1177 -0.0004
vt 0.4451 0.1175 0.0000
vt 0.4455 0.1174 0.0005
vt 0.4459 0.1172 0.0008
vt 0.4464 0.1171 0.0011
vt 0.4470 0.1170 0.0012
vt 0.4476 0.1170 0.0013
vt 0.4482 0.1170 0.0012
vt 0.4487 0.1171 0.0011
vt 0.4493 0.1172 0.0008
vt 0.4497 0.1174 0.0005
vt 0.4501 0.1175 0.0000
vt 0.4504 0.1177 -0.0005
vt 0.4505 0.1179 -0.0010
vt 0.4506 0.1182 -0.0015
vt 0.4505 0.1184 -0.0021
vt 0.4504 0.1186 -0.0026
vt 0.4501 0.1188 -0.0031
vt 0.4497 0.1190 -0.0035
vt 0.4493 0.1191 -0.0038
vt 0.4487 0.1192 -0.0041
vt 0.4482 0.1193 -0.0042
vt 0.4476 0.1193 -0.0043
vt 0.4470 0.1193 -0.0042
vt 0.4464 0.1192 -0.0041
vt 0.4459 0.1191 -0.0038
vt 0.4455 0.1190 -0.0035
vt 0.4451 0.1188 -0.0031
vt 0.4448 0.1186 -0.0026
vt 0.4446 0.1184 -0.0021
vt 0.4446 0.1146 -0.0026
vt 0.4446 0.1149 -0.0031
vt 0.4448 0.1144 -0.0021
vt 0.4451 0.1141 -0.0017
vt 0.4455 0.1139 -0.0013
vt 0.4459 0.1137 -0.0010
vt 0.4464 0.1135 -0.0007
vt 0.4470 0.1135 -0.0006
vt 0.4476 0.1134 -0.0005
vt 0.4482 0.1135 -0.0006
vt 0.4487 0.1135 -0.0007
vt 0.4493 0.1137 -0.0010
vt 0.4497 0.1139 -0.0013
vt 0.4501 0.1141 -0.0017
vt 0.4504 0.1144 -0.0021
vt 0.4505 0.1146 -0.0026
vt 0.4506 0.1149 -0.0031
vt 0.4505 0.1152 -0.0036
vt 0.4504 0.1155 -0.0041
vt 0.4501 0.1158 -0.0046
vt 0.4497 0.1160 -0.0050
vt 0.4493 0.1162 -0.0053
vt 0.4487 0.1163 -0.0055
vt 0.4482 0.1164 -0.0057
vt 0.4476 0.1164 -0.0057
vt 0.4470 0.1164 -0.0057
vt 0.4464 0.1163 -0.0055
vt 0.4459 0.1162 -0.0053
vt 0.4455 0.1160 -0.0050
vt 0.4451 0.1158 -0.0046
vt 0.4448 0.1155 -0.0041
vt 0.4446 0.1152 -0.0036
vt 0.4446 0.1116 -0.0046
vt 0.4446 0.1120 -0.0051
vt 0.4448 0.1113 -0.0042
vt 0.4451 0.1110 -0.0038
vt 0.4455 0.1107 -0.0034
vt 0.4459 0.1105 -0.0031
vt 0.4464 0.1103 -0.0029
vt 0.4470 0.1102 -0.0027
vt 0.4476 0.1102 -0.0027
vt 0.4482 0.1102 -0.0027
vt 0.4487 0.1103 -0.0029
vt 0.4493 0.1105 -0.0031
vt 0.4497 0.1107 -0.0034
vt 0.4501 0.1110 -0.0038
vt 0.4504 0.1113 -0.0042
vt 0.4505 0.1116 -0.0046
vt 0.4506 0.1120 -0.0051
vt 0.4505 0.1123 -0.0056
vt 0.4504 0.1127 -0.0060
vt 0.4501 0.1130 -0.0064
vt 0.4497 0.1132 -0.0068
vt 0.4493 0.1135 -0.0071
vt 0.4487 0.1136 -0.0073
vt 0.4482 0.1137 -0.0075
vt 0.4476 0.1137 -0.0075
vt 0.4470 0.1137 -0.0075
vt 0.4464 0.1136 -0.0073
vt 0.4459 0.1134 -0.0071
vt 0.4455 0.1132 -0.0068
vt 0.4451 0.1130 -0.0064
vt 0.4448 0.1127 -0.0060
vt 0.4446 0.1123 -0.0056
vt 0.4446 0.1090 -0.0068
vt 0.4446 0.1093 -0.0072
vt 0.4448 0.1086 -0.0064
vt 0.4451 0.1082 -0.0060
vt 0.4455 0.1080 -0.0056
vt 0.4459 0.1077 -0.0053
vt 0.4464 0.1075 -0.0051
vt 0.4470 0.1074 -0.0050
vt 0.4476 0.1074 -0.0050
vt 0.4482 0.1074 -0.0050
vt 0.4487 0.1075 -0.0051
vt 0.4493 0.1077 -0.0053
vt 0.4497 0.1080 -0.0056
vt 0.4501 0.1083 -0.0060
vt 0.4504 0.1086 -0.0064
vt 0.4505 0.1090 -0.0068
vt 0.4506 0.1093 -0.0072
vt 0.4505 0.1097 -0.0077
vt 0.4504 0.1101 -0.0081
vt 0.4501 0.1104 -0.0085
vt 0.4497 0.1107 -0.0088
vt 0.4493 0.1110 -0.0091
vt 0.4487 0.1112 -0.0093
vt 0.4482 0.1113 -0.0094
vt 0.4476 0.1113 -0.0095
vt 0.4470 0.1113 -0.0094
vt 0.4464 0.1112 -0.0093
vt 0.4459 0.1110 -0.0091
vt 0.4455 0.1107 -0.0088
vt 0.4451 0.1104 -0.0085
vt 0.4448 0.1101 -0.0081
vt 0.4446 0.1097 -0.0077
vt 0.4446 0.1067 -0.0089
vt 0.4446 0.1071 -0.0093
vt 0.4448 0.1063 -0.0085
vt 0.4451 0.1059 -0.0081
vt 0.4455 0.1056 -0.0078
vt 0.4459 0.1053 -0.0076
vt 0.4464 0.1052 -0.0074
vt 0.4470 0.1050 -0.0073
vt 0.4476 0.1050 -0.0072
vt 0.4482 0.1050 -0.0073
vt 0.4487 0.1052 -0.0074
vt 0.4493 0.1053 -0.0076
vt 0.4497 0.1056 -0.0078
vt 0.4501 0.1059 -0.0082
vt 0.4504 0.1063 -0.0085
vt 0.4505 0.1067 -0.0089
vt 0.4506 0.1071 -0.0093
vt 0.4505 0.1075 -0.0097
vt 0.4504 0.1079 -0.0101
vt 0.4501 0.1083 -0.0105
vt 0.4497 0.1086 -0.0108
vt 0.4493 0.1089 -0.0111
vt 0.4487 0.1091 -0.0113
vt 0.4482 0.1092 -0.0114
vt 0.4476 0.1093 -0.0114
vt 0.4470 0.1092 -0.0114
vt 0.4464 0.1091 -0.0113
vt 0.4459 0.1089 -0.0111
vt 0.4455 0.1086 -0.0108
vt 0.4451 0.1083 -0.0105
vt 0.4448 0.1079 -0.0101
vt 0.4446 0.1075 -0.0097
vt 0.4446 0.1050 -0.0108
vt 0.4446 0.1054 -0.0112
vt 0.4448 0.1045 -0.0104
vt 0.4451 0.1041 -0.0101
vt 0.4455 0.1038 -0.0098
vt 0.4459 0.1035 -0.0095
vt 0.4464 0.1033 -0.0094
vt 0.4470 0.1032 -0.0093
vt 0.4476 0.1031 -0.0092
vt 0.4482 0.1032 -0.0093
vt 0.4487 0.1033 -0.0094
vt 0.4493 0.1035 -0.0096
vt 0.4497 0.1038 -0.0098
vt 0.4501 0.1041 -0.0101
vt 0.4504 0.1045 -0.0105
vt 0.4505 0.1049 -0.0109
vt 0.4506 0.1053 -0.0112
vt 0.4505 0.1058 -0.0116
vt 0.4504 0.1062 -0.0120
vt 0.4501 0.1066 -0.0124
vt 0.4497 0.1069 -0.0127
vt 0.4493 0.1072 -0.0129
vt 0.4487 0.1074 -0.0131
vt 0.4482 0.1076 -0.0132
vt 0.4476 0.1076 -0.0132
vt 0.4470 0.1076 -0.0132
vt 0.4464 0.1074 -0.0131
vt 0.4459 0.1072 -0.0129
vt 0.4455 0.1070 -0.0126
vt 0.4451 0.1066 -0.0123
vt 0.4448 0.1062 -0.0120
vt 0.4446 0.1058 -0.0116
vt 0.4446 0.1024 -0.0138
vt 0.4445 0.1028 -0.0142
vt 0.4447 0.1019 -0.0135
vt 0.4450 0.1015 -0.0131
vt 0.4454 0.1012 -0.0128
vt 0.4458 0.1009 -0.0126
vt 0.4463 0.1006 -0.0125
vt 0.4469 0.1005 -0.0124
vt 0.4475 0.1004 -0.0124
vt 0.4481 0.1004 -0.0124
vt 0.4486 0.1005 -0.0126
vt 0.4492 0.1007 -0.0128
vt 0.4496 0.1010 -0.0131
vt 0.4500 0.1013 -0.0134
vt 0.4503 0.1017 -0.0137
vt 0.4504 0.1021 -0.0141
vt 0.4505 0.1026 -0.0145
vt 0.4504 0.1030 -0.0149
vt 0.4503 0.1034 -0.0152
vt 0.4500 0.1038 -0.0155
vt 0.4496 0.1042 -0.0158
vt 0.4492 0.1045 -0.0160
vt 0.4486 0.1047 -0.0162
vt 0.4481 0.1049 -0.0163
vt 0.4475 0.1050 -0.0163
vt 0.4469 0.1049 -0.0162
vt 0.4463 0.1048 -0.0161
vt 0.4458 0.1046 -0.0159
vt 0.4454 0.1044 -0.0156
vt 0.4450 0.1041 -0.0153
vt 0.4447 0.1037 -0.0150
vt 0.4446 0.1033 -0.0146
vt 0.4442 0.1003 -0.0162
vt 0.4442 0.1008 -0.0165
vt 0.4444 0.0999 -0.0158
vt 0.4447 0.0995 -0.0155
vt 0.4450 0.0991 -0.0153
vt 0.4455 0.0987 -0.0151
vt 0.4460 0.0985 -0.0150
vt 0.4465 0.0983 -0.0150
vt 0.4471 0.0982 -0.0150
vt 0.4477 0.0981 -0.0151
vt 0.4483 0.0982 -0.0153
vt 0.4488 0.0983 -0.0156
vt 0.4492 0.0986 -0.0159
vt 0.4496 0.0989 -0.0162
vt 0.4499 0.0992 -0.0166
vt 0.4500 0.0996 -0.0170
vt 0.4501 0.1001 -0.0174
vt 0.4500 0.1005 -0.0178
vt 0.4499 0.1010 -0.0181
vt 0.4496 0.1014 -0.0184
vt 0.4492 0.1018 -0.0186
vt 0.4488 0.1021 -0.0188
vt 0.4483 0.1024 -0.0189
vt 0.4477 0.1026 -0.0190
vt 0.4471 0.1027 -0.0189
vt 0.4465 0.1027 -0.0188
vt 0.4460 0.1027 -0.0186
vt 0.4455 0.1025 -0.0183
vt 0.4450 0.1023 -0.0180
vt 0.4447 0.1020 -0.0177
vt 0.4444 0.1016 -0.0173
vt 0.4442 0.1012 -0.0169
vt 0.4436 0.0989 -0.0178
vt 0.4436 0.0994 -0.0182
vt 0.4438 0.0984 -0.0175
vt 0.4440 0.0980 -0.0173
vt 0.4444 0.0975 -0.0171
vt 0.4448 0.0971 -0.0170
vt 0.4453 0.0968 -0.0169
vt 0.4458 0.0965 -0.0170
vt 0.4463 0.0963 -0.0171
vt 0.4469 0.0962 -0.0173
vt 0.4474 0.0962 -0.0176
vt 0.4479 0.0963 -0.0180
vt 0.4483 0.0964 -0.0183
vt 0.4487 0.0967 -0.0188
vt 0.4489 0.0970 -0.0192
vt 0.4491 0.0974 -0.0196
vt 0.4491 0.0978 -0.0200
vt 0.4491 0.0983 -0.0204
vt 0.4489 0.0987 -0.0207
vt 0.4487 0.0992 -0.0209
vt 0.4483 0.0996 -0.0211
vt 0.4479 0.1000 -0.0212
vt 0.4474 0.1004 -0.0212
vt 0.4469 0.1007 -0.0212
vt 0.4464 0.1009 -0.0210
vt 0.4458 0.1010 -0.0208
vt 0.4453 0.1010 -0.0206
vt 0.4448 0.1009 -0.0202
vt 0.4444 0.1007 -0.0198
vt 0.4440 0.1005 -0.0194
vt 0.4438 0.1002 -0.0190
vt 0.4436 0.0998 -0.0186
vt 0.4428 0.0980 -0.0189
vt 0.4428 0.0985 -0.0192
vt 0.4429 0.0975 -0.0186
vt 0.4431 0.0970 -0.0184
vt 0.4434 0.0965 -0.0183
vt 0.4438 0.0960 -0.0183
vt 0.4442 0.0956 -0.0183
vt 0.4446 0.0952 -0.0185
vt 0.4450 0.0949 -0.0188
vt 0.4455 0.0947 -0.0191
vt 0.4459 0.0946 -0.0195
vt 0.4463 0.0945 -0.0200
vt 0.4466 0.0946 -0.0204
vt 0.4469 0.0948 -0.0209
vt 0.4471 0.0951 -0.0214
vt 0.4473 0.0954 -0.0219
vt 0.4473 0.0958 -0.0223
vt 0.4473 0.0963 -0.0226
vt 0.4471 0.0968 -0.0229
vt 0.4469 0.0973 -0.0231
vt 0.4466 0.0978 -0.0232
vt 0.4463 0.0983 -0.0232
vt 0.4459 0.0988 -0.0231
vt 0.4455 0.0991 -0.0230
vt 0.4450 0.0994 -0.0227
vt 0.4446 0.0996 -0.0224
vt 0.4442 0.0998 -0.0220
vt 0.4438 0.0998 -0.0215
vt 0.4434 0.0997 -0.0210
vt 0.4431 0.0995 -0.0206
vt 0.4429 0.0993 -0.0201
vt 0.4428 0.0989 -0.0196
vt 0.4416 0.0974 -0.0195
vt 0.4416 0.0979 -0.0199
vt 0.4417 0.0969 -0.0193
vt 0.4418 0.0963 -0.0191
vt 0.4420 0.0958 -0.0191
vt 0.4422 0.0952 -0.0192
vt 0.4425 0.0947 -0.0193
vt 0.4428 0.0943 -0.0196
vt 0.4430 0.0939 -0.0200
vt 0.4433 0.0936 -0.0204
vt 0.4436 0.0934 -0.0209
vt 0.4438 0.0933 -0.0214
vt 0.4441 0.0933 -0.0220
vt 0.4442 0.0934 -0.0225
vt 0.4444 0.0937 -0.0230
vt 0.4445 0.0940 -0.0235
vt 0.4445 0.0944 -0.0239
vt 0.4445 0.0949 -0.0243
vt 0.4444 0.0954 -0.0245
vt 0.4442 0.0959 -0.0247
vt 0.4441 0.0965 -0.0247
vt 0.4438 0.0971 -0.0247
vt 0.4436 0.0976 -0.0245
vt 0.4433 0.0980 -0.0242
vt 0.4430 0.0984 -0.0239
vt 0.4428 0.0987 -0.0234
vt 0.4425 0.0989 -0.0229
vt 0.4422 0.0990 -0.0224
vt 0.4420 0.0990 -0.0219
vt 0.4419 0.0989 -0.0213
vt 0.4417 0.0986 -0.0208
vt 0.4416 0.0983 -0.0203
vt 0.4397 0.0970 -0.0200
vt 0.4396 0.0975 -0.0204
vt 0.4397 0.0965 -0.0198
vt 0.4397 0.0959 -0.0197
vt 0.4398 0.0953 -0.0196
vt 0.4399 0.0947 -0.0197
vt 0.4400 0.0942 -0.0199
vt 0.4401 0.0937 -0.0203
vt 0.4402 0.0933 -0.0207
vt 0.4404 0.0929 -0.0211
vt 0.4405 0.0927 -0.0217
vt 0.4406 0.0926 -0.0222
vt 0.4407 0.0926 -0.0228
vt 0.4407 0.0927 -0.0234
vt 0.4408 0.0929 -0.0239
vt 0.4408 0.0932 -0.0244
vt 0.4409 0.0936 -0.0249
vt 0.4408 0.0941 -0.0252
vt 0.4408 0.0946 -0.0254
vt 0.4408 0.0952 -0.0256
vt 0.4407 0.0958 -0.0256
vt 0.4406 0.0964 -0.0255
vt 0.4405 0.0969 -0.0253
vt 0.4404 0.0974 -0.0250
vt 0.4402 0.0978 -0.0246
vt 0.4401 0.0981 -0.0241
vt 0.4400 0.0984 -0.0236
vt 0.4399 0.0985 -0.0230
vt 0.4398 0.0985 -0.0224
vt 0.4397 0.0984 -0.0218
vt 0.4397 0.0982 -0.0213
vt 0.4397 0.0979 -0.0208
vt 0.4364 0.0968 -0.0202
vt 0.4364 0.0973 -0.0206
vt 0.4364 0.0963 -0.0200
vt 0.4364 0.0957 -0.0199
vt 0.4364 0.0951 -0.0199
vt 0.4364 0.0945 -0.0200
vt 0.4365 0.0940 -0.0202
vt 0.4365 0.0935 -0.0205
vt 0.4365 0.0931 -0.0209
vt 0.4365 0.0927 -0.0214
vt 0.4366 0.0925 -0.0219
vt 0.4366 0.0924 -0.0225
vt 0.4366 0.0923 -0.0231
vt 0.4366 0.0925 -0.0236
vt 0.4366 0.0927 -0.0242
vt 0.4366 0.0930 -0.0247
vt 0.4366 0.0934 -0.0251
vt 0.4366 0.0939 -0.0255
vt 0.4366 0.0944 -0.0257
vt 0.4366 0.0950 -0.0258
vt 0.4366 0.0956 -0.0258
vt 0.4366 0.0961 -0.0257
vt 0.4366 0.0967 -0.0255
vt 0.4365 0.0972 -0.0252
vt 0.4365 0.0976 -0.0248
vt 0.4365 0.0980 -0.0243
vt 0.4365 0.0982 -0.0238
vt 0.4364 0.0983 -0.0232
vt 0.4364 0.0983 -0.0226
vt 0.4364 0.0982 -0.0221
vt 0.4364 0.0980 -0.0215
vt 0.4364 0.0977 -0.0210
vt 0.3275 0.0968 -0.0202
vt 0.3275 0.0973 -0.0206
vt 0.3274 0.0963 -0.0200
vt 0.3274 0.0957 -0.0199
vt 0.3274 0.0951 -0.0199
vt 0.3274 0.0945 -0.0200
vt 0.3274 0.0940 -0.0202
vt 0.3274 0.0935 -0.0205
vt 0.3273 0.0931 -0.0209
vt 0.3273 0.0927 -0.0214
vt 0.3273 0.0925 -0.0219
vt 0.3273 0.0924 -0.0225
vt 0.3273 0.0923 -0.0231
vt 0.3272 0.0925 -0.0236
vt 0.3272 0.0927 -0.0242
vt 0.3272 0.0930 -0.0247
vt 0.3272 0.0934 -0.0251
vt 0.3272 0.0939 -0.0255
vt 0.3272 0.0944 -0.0257
vt 0.3272 0.0950 -0.0258
vt 0.3273 0.0956 -0.0258
vt 0.3273 0.0961 -0.0257
vt 0.3273 0.0967 -0.0255
vt 0.3273 0.0972 -0.0252
vt 0.3273 0.0976 -0.0248
vt 0.3274 0.0980 -0.0243
vt 0.3274 0.0982 -0.0238
vt 0.3274 0.0983 -0.0232
vt 0.3274 0.0983 -0.0226
vt 0.3274 0.0982 -0.0221
vt 0.3274 0.0980 -0.0215
vt 0.3275 0.0977 -0.0210
vt 0.3233 0.0970 -0.0200
vt 0.3233 0.0975 -0.0203
vt 0.3233 0.0965 -0.0198
vt 0.3232 0.0959 -0.0196
vt 0.3231 0.0953 -0.0196
vt 0.3231 0.0948 -0.0197
vt 0.3230 0.0942 -0.0199
vt 0.3229 0.0937 -0.0202
vt 0.3228 0.0933 -0.0206
vt 0.3227 0.0930 -0.0211
vt 0.3226 0.0927 -0.0216
vt 0.3225 0.0926 -0.0222
vt 0.3224 0.0926 -0.0228
vt 0.3224 0.0927 -0.0234
vt 0.3223 0.0929 -0.0239
vt 0.3223 0.0932 -0.0244
vt 0.3223 0.0936 -0.0248
vt 0.3223 0.0941 -0.0252
vt 0.3223 0.0946 -0.0254
vt 0.3224 0.0952 -0.0255
vt 0.3224 0.0958 -0.0256
vt 0.3225 0.0964 -0.0255
vt 0.3226 0.0969 -0.0253
vt 0.3227 0.0974 -0.0249
vt 0.3228 0.0978 -0.0245
vt 0.3229 0.0982 -0.0241
vt 0.3230 0.0984 -0.0235
vt 0.3231 0.0985 -0.0230
vt 0.3231 0.0985 -0.0224
vt 0.3232 0.0984 -0.0218
vt 0.3233 0.0982 -0.0213
vt 0.3233 0.0979 -0.0208
vt 0.3201 0.0976 -0.0194
vt 0.3201 0.0981 -0.0197
vt 0.3200 0.0970 -0.0191
vt 0.3199 0.0965 -0.0190
vt 0.3198 0.0959 -0.0189
vt 0.3196 0.0953 -0.0190
vt 0.3194 0.0948 -0.0192
vt 0.3192 0.0943 -0.0195
vt 0.3190 0.0939 -0.0199
vt 0.3188 0.0936 -0.0203
vt 0.3186 0.0934 -0.0209
vt 0.3185 0.0933 -0.0214
vt 0.3183 0.0933 -0.0220
vt 0.3182 0.0934 -0.0225
vt 0.3181 0.0936 -0.0231
vt 0.3180 0.0939 -0.0236
vt 0.3180 0.0944 -0.0240
vt 0.3180 0.0948 -0.0243
vt 0.3181 0.0954 -0.0246
vt 0.3182 0.0959 -0.0247
vt 0.3183 0.0965 -0.0247
vt 0.3185 0.0971 -0.0247
vt 0.3186 0.0976 -0.0245
vt 0.3188 0.0981 -0.0242
vt 0.3190 0.0985 -0.0238
vt 0.3192 0.0988 -0.0234
vt 0.3194 0.0990 -0.0228
vt 0.3196 0.0991 -0.0223
vt 0.3198 0.0991 -0.0217
vt 0.3199 0.0990 -0.0212
vt 0.3200 0.0988 -0.0206
vt 0.3201 0.0985 -0.0201
vt 0.3175 0.0984 -0.0184
vt 0.3175 0.0989 -0.0188
vt 0.3174 0.0979 -0.0182
vt 0.3173 0.0973 -0.0180
vt 0.3171 0.0968 -0.0180
vt 0.3168 0.0962 -0.0180
vt 0.3166 0.0957 -0.0182
vt 0.3163 0.0953 -0.0184
vt 0.3160 0.0949 -0.0188
vt 0.3156 0.0946 -0.0192
vt 0.3154 0.0944 -0.0196
vt 0.3151 0.0944 -0.0202
vt 0.3148 0.0944 -0.0207
vt 0.3147 0.0945 -0.0212
vt 0.3145 0.0948 -0.0218
vt 0.3144 0.0951 -0.0222
vt 0.3144 0.0955 -0.0227
vt 0.3144 0.0960 -0.0230
vt 0.3145 0.0965 -0.0233
vt 0.3146 0.0970 -0.0234
vt 0.3148 0.0976 -0.0235
vt 0.3151 0.0981 -0.0234
vt 0.3154 0.0986 -0.0233
vt 0.3156 0.0991 -0.0230
vt 0.3160 0.0995 -0.0227
vt 0.3163 0.0997 -0.0223
vt 0.3166 0.0999 -0.0218
vt 0.3168 0.1000 -0.0213
vt 0.3171 0.1000 -0.0207
vt 0.3173 0.0998 -0.0202
vt 0.3174 0.0996 -0.0197
vt 0.3175 0.0993 -0.0192
vt 0.3153 0.0994 -0.0172
vt 0.3154 0.0999 -0.0176
vt 0.3152 0.0989 -0.0169
vt 0.3151 0.0984 -0.0168
vt 0.3148 0.0979 -0.0167
vt 0.3145 0.0974 -0.0167
vt 0.3142 0.0969 -0.0168
vt 0.3138 0.0965 -0.0170
vt 0.3134 0.0962 -0.0173
vt 0.3130 0.0959 -0.0177
vt 0.3126 0.0958 -0.0181
vt 0.3123 0.0957 -0.0186
vt 0.3120 0.0958 -0.0191
vt 0.3117 0.0959 -0.0196
vt 0.3116 0.0962 -0.0201
vt 0.3114 0.0965 -0.0206
vt 0.3114 0.0970 -0.0210
vt 0.3114 0.0974 -0.0213
vt 0.3116 0.0979 -0.0216
vt 0.3117 0.0985 -0.0218
vt 0.3120 0.0990 -0.0219
vt 0.3123 0.0995 -0.0218
vt 0.3126 0.1000 -0.0217
vt 0.3130 0.1004 -0.0215
vt 0.3134 0.1007 -0.0212
vt 0.3138 0.1009 -0.0209
vt 0.3142 0.1011 -0.0204
vt 0.3145 0.1011 -0.0199
vt 0.3148 0.1011 -0.0194
vt 0.3151 0.1009 -0.0189
vt 0.3152 0.1007 -0.0184
vt 0.3153 0.1003 -0.0180
vt 0.3135 0.1007 -0.0157
vt 0.3135 0.1012 -0.0161
vt 0.3133 0.1002 -0.0154
vt 0.3131 0.0997 -0.0152
vt 0.3128 0.0992 -0.0151
vt 0.3125 0.0987 -0.0151
vt 0.3121 0.0983 -0.0152
vt 0.3117 0.0979 -0.0154
vt 0.3112 0.0976 -0.0156
vt 0.3108 0.0974 -0.0159
vt 0.3104 0.0973 -0.0163
vt 0.3100 0.0973 -0.0168
vt 0.3096 0.0974 -0.0172
vt 0.3094 0.0976 -0.0177
vt 0.3091 0.0978 -0.0182
vt 0.3090 0.0982 -0.0187
vt 0.3090 0.0986 -0.0191
vt 0.3090 0.0991 -0.0194
vt 0.3091 0.0996 -0.0197
vt 0.3094 0.1001 -0.0199
vt 0.3096 0.1006 -0.0200
vt 0.3100 0.1011 -0.0200
vt 0.3104 0.1015 -0.0200
vt 0.3108 0.1019 -0.0198
vt 0.3112 0.1022 -0.0195
vt 0.3117 0.1024 -0.0192
vt 0.3121 0.1025 -0.0188
vt 0.3125 0.1025 -0.0184
vt 0.3128 0.1024 -0.0179
vt 0.3131 0.1022 -0.0174
vt 0.3133 0.1019 -0.0169
vt 0.3135 0.1016 -0.0165
vt 0.3117 0.1022 -0.0140
vt 0.3118 0.1026 -0.0144
vt 0.3116 0.1017 -0.0137
vt 0.3114 0.1012 -0.0135
vt 0.3111 0.1007 -0.0134
vt 0.3107 0.1002 -0.0134
vt 0.3103 0.0998 -0.0134
vt 0.3098 0.0995 -0.0135
vt 0.3093 0.0992 -0.0138
vt 0.3089 0.0990 -0.0141
vt 0.3084 0.0989 -0.0144
vt 0.3080 0.0989 -0.0148
vt 0.3076 0.0991 -0.0153
vt 0.3073 0.0993 -0.0158
vt 0.3071 0.0995 -0.0162
vt 0.3070 0.0999 -0.0167
vt 0.3069 0.1003 -0.0171
vt 0.3070 0.1008 -0.0174
vt 0.3071 0.1013 -0.0177
vt 0.3073 0.1018 -0.0179
vt 0.3076 0.1023 -0.0181
vt 0.3080 0.1027 -0.0181
vt 0.3084 0.1031 -0.0181
vt 0.3089 0.1035 -0.0179
vt 0.3093 0.1038 -0.0177
vt 0.3098 0.1039 -0.0174
vt 0.3103 0.1040 -0.0170
vt 0.3107 0.1040 -0.0166
vt 0.3111 0.1039 -0.0162
vt 0.3114 0.1037 -0.0157
vt 0.3116 0.1034 -0.0152
vt 0.3117 0.1031 -0.0148
vt 0.3103 0.1035 -0.0125
vt 0.3103 0.1040 -0.0128
vt 0.3101 0.1030 -0.0122
vt 0.3099 0.1025 -0.0120
vt 0.3096 0.1021 -0.0118
vt 0.3092 0.1016 -0.0118
vt 0.3088 0.1012 -0.0118
vt 0.3084 0.1009 -0.0119
vt 0.3079 0.1006 -0.0122
vt 0.3074 0.1004 -0.0124
vt 0.3069 0.1003 -0.0128
vt 0.3065 0.1004 -0.0132
vt 0.3061 0.1005 -0.0136
vt 0.3058 0.1007 -0.0141
vt 0.3056 0.1010 -0.0146
vt 0.3055 0.1013 -0.0150
vt 0.3054 0.1018 -0.0154
vt 0.3055 0.1022 -0.0158
vt 0.3056 0.1027 -0.0161
vt 0.3058 0.1032 -0.0163
vt 0.3061 0.1037 -0.0164
vt 0.3065 0.1041 -0.0165
vt 0.3069 0.1045 -0.0164
vt 0.3074 0.1049 -0.0163
vt 0.3079 0.1051 -0.0161
vt 0.3083 0.1053 -0.0158
vt 0.3088 0.1054 -0.0154
vt 0.3092 0.1054 -0.0150
vt 0.3096 0.1053 -0.0146
vt 0.3099 0.1051 -0.0141
vt 0.3101 0.1048 -0.0137
vt 0.3103 0.1044 -0.0132
vt 0.3364 0.1590 0.0000
vt 0.3364 0.1590 -0.0004
vt 0.3364 0.1591 -0.0007
vt 0.3364 0.1593 -0.0010
vt 0.3364 0.1595 -0.0013
vt 0.3364 0.1598 -0.0015
vt 0.3364 0.1601 -0.0017
vt 0.3364 0.1604 -0.0018
vt 0.3364 0.1608 -0.0018
vt 0.3364 0.1611 -0.0018
vt 0.3364 0.1615 -0.0017
vt 0.3364 0.1618 -0.0015
vt 0.3364 0.1620 -0.0013
vt 0.3364 0.1623 -0.0010
vt 0.3364 0.1624 -0.0007
vt 0.3364 0.1625 -0.0004
vt 0.3364 0.1626 -0.0000
vt 0.3364 0.1625 0.0004
vt 0.3364 0.1624 0.0007
vt 0.3364 0.1623 0.0010
vt 0.3364 0.1620 0.0013
vt 0.3364 0.1618 0.0015
vt 0.3364 0.1615 0.0017
vt 0.3364 0.1611 0.0018
vt 0.3364 0.1608 0.0018
vt 0.3364 0.1604 0.0018
vt 0.3364 0.1601 0.0017
vt 0.3364 0.1598 0.0015
vt 0.3364 0.1595 0.0013
vt 0.3364 0.1593 0.0010
vt 0.3364 0.1591 0.0007
vt 0.3364 0.1590 0.0004
vt 0.3089 0.1043 -0.0135
vt 0.3090 0.1041 -0.0133
vt 0.3091 0.1038 -0.0130
vt 0.3090 0.1035 -0.0128
vt 0.3089 0.1032 -0.0126
vt 0.3088 0.1029 -0.0125
vt 0.3086 0.1027 -0.0124
vt 0.3084 0.1024 -0.0124
vt 0.3082 0.1021 -0.0124
vt 0.3079 0.1019 -0.0125
vt 0.3076 0.1018 -0.0126
vt 0.3073 0.1017 -0.0128
vt 0.3070 0.1016 -0.0130
vt 0.3068 0.1016 -0.0133
vt 0.3065 0.1017 -0.0135
vt 0.3064 0.1018 -0.0138
vt 0.3062 0.1020 -0.0141
vt 0.3061 0.1022 -0.0143
vt 0.3061 0.1025 -0.0146
vt 0.3061 0.1028 -0.0148
vt 0.3062 0.1030 -0.0150
vt 0.3064 0.1033 -0.0151
vt 0.3065 0.1036 -0.0152
vt 0.3068 0.1039 -0.0152
vt 0.3070 0.1041 -0.0152
vt 0.3073 0.1043 -0.0151
vt 0.3076 0.1045 -0.0150
vt 0.3079 0.1046 -0.0148
vt 0.3081 0.1047 -0.0146
vt 0.3084 0.1046 -0.0143
vt 0.3086 0.1046 -0.0141
vt 0.3088 0.1045 -0.0138
vt 0.3096 0.1037 -0.0124
vt 0.3095 0.1037 -0.0125
vt 0.3096 0.1040 -0.0128
vt 0.3096 0.1041 -0.0127
vt 0.3095 0.1044 -0.0131
vt 0.3096 0.1044 -0.0131
vt 0.3094 0.1047 -0.0134
vt 0.3095 0.1047 -0.0134
vt 0.3092 0.1049 -0.0138
vt 0.3093 0.1050 -0.0138
vt 0.3090 0.1051 -0.0142
vt 0.3087 0.1051 -0.0145
vt 0.3087 0.1052 -0.0146
vt 0.3083 0.1052 -0.0149
vt 0.3084 0.1052 -0.0149
vt 0.3080 0.1051 -0.0151
vt 0.3080 0.1052 -0.0152
vt 0.3076 0.1050 -0.0154
vt 0.3072 0.1047 -0.0155
vt 0.3072 0.1048 -0.0156
vt 0.3068 0.1045 -0.0156
vt 0.3068 0.1045 -0.0157
vt 0.3065 0.1042 -0.0157
vt 0.3064 0.1042 -0.0158
vt 0.3062 0.1038 -0.0156
vt 0.3061 0.1038 -0.0157
vt 0.3059 0.1034 -0.0155
vt 0.3059 0.1034 -0.0156
vt 0.3058 0.1030 -0.0154
vt 0.3057 0.1030 -0.0154
vt 0.3057 0.1026 -0.0151
vt 0.3056 0.1026 -0.0152
vt 0.3056 0.1022 -0.0148
vt 0.3055 0.1022 -0.0149
vt 0.3057 0.1019 -0.0145
vt 0.3056 0.1019 -0.0145
vt 0.3058 0.1016 -0.0142
vt 0.3057 0.1016 -0.0142
vt 0.3059 0.1014 -0.0138
vt 0.3059 0.1013 -0.0138
vt 0.3062 0.1012 -0.0134
vt 0.3061 0.1011 -0.0134
vt 0.3065 0.1011 -0.0131
vt 0.3064 0.1010 -0.0130
vt 0.3068 0.1011 -0.0128
vt 0.3068 0.1010 -0.0127
vt 0.3072 0.1012 -0.0125
vt 0.3072 0.1011 -0.0124
vt 0.3076 0.1013 -0.0122
vt 0.3076 0.1012 -0.0122
vt 0.3080 0.1015 -0.0121
vt 0.3080 0.1015 -0.0120
vt 0.3083 0.1018 -0.0120
vt 0.3084 0.1017 -0.0119
vt 0.3087 0.1021 -0.0119
vt 0.3087 0.1021 -0.0118
vt 0.3090 0.1025 -0.0120
vt 0.3090 0.1025 -0.0119
vt 0.3092 0.1029 -0.0121
vt 0.3093 0.1029 -0.0120
vt 0.3094 0.1033 -0.0123
vt 0.3095 0.1033 -0.0122
vt 0.3098 0.1041 -0.0127
vt 0.3098 0.1037 -0.0123
vt 0.3096 0.1033 -0.0121
vt 0.3094 0.1028 -0.0119
vt 0.3092 0.1024 -0.0118
vt 0.3088 0.1020 -0.0117
vt 0.3084 0.1016 -0.0118
vt 0.3080 0.1013 -0.0119
vt 0.3076 0.1011 -0.0121
vt 0.3072 0.1009 -0.0123
vt 0.3068 0.1009 -0.0126
vt 0.3064 0.1009 -0.0130
vt 0.3060 0.1010 -0.0134
vt 0.3058 0.1012 -0.0138
vt 0.3056 0.1014 -0.0142
vt 0.3054 0.1018 -0.0146
vt 0.3054 0.1021 -0.0150
vt 0.3054 0.1025 -0.0153
vt 0.3056 0.1030 -0.0156
vt 0.3058 0.1034 -0.0157
vt 0.3060 0.1039 -0.0159
vt 0.3064 0.1043 -0.0159
vt 0.3068 0.1046 -0.0159
vt 0.3072 0.1049 -0.0158
vt 0.3076 0.1052 -0.0156
vt 0.3080 0.1053 -0.0153
vt 0.3084 0.1054 -0.0150
vt 0.3088 0.1054 -0.0146
vt 0.3092 0.1053 -0.0142
vt 0.3094 0.1051 -0.0138
vt 0.3096 0.1048 -0.0134
vt 0.3098 0.1045 -0.0130
vt 0.3099 0.1041 -0.0126
vt 0.3099 0.1037 -0.0123
vt 0.3101 0.1041 -0.0127
vt 0.3100 0.1037 -0.0123
vt 0.3102 0.1041 -0.0127
vt 0.3102 0.1036 -0.0124
vt 0.3098 0.1032 -0.0120
vt 0.3099 0.1032 -0.0120
vt 0.3100 0.1031 -0.0121
vt 0.3096 0.1028 -0.0118
vt 0.3097 0.1027 -0.0118
vt 0.3098 0.1026 -0.0119
vt 0.3093 0.1023 -0.0117
vt 0.3094 0.1022 -0.0117
vt 0.3095 0.1022 -0.0117
vt 0.3089 0.1019 -0.0116
vt 0.3090 0.1018 -0.0116
vt 0.3091 0.1017 -0.0117
vt 0.3085 0.1015 -0.0117
vt 0.3086 0.1014 -0.0117
vt 0.3087 0.1013 -0.0117
vt 0.3081 0.1012 -0.0118
vt 0.3082 0.1011 -0.0118
vt 0.3082 0.1010 -0.0118
vt 0.3076 0.1010 -0.0120
vt 0.3077 0.1008 -0.0120
vt 0.3078 0.1007 -0.0121
vt 0.3072 0.1008 -0.0123
vt 0.3072 0.1007 -0.0123
vt 0.3073 0.1005 -0.0123
vt 0.3067 0.1007 -0.0126
vt 0.3068 0.1006 -0.0126
vt 0.3068 0.1005 -0.0127
vt 0.3063 0.1007 -0.0130
vt 0.3064 0.1006 -0.0130
vt 0.3064 0.1005 -0.0131
vt 0.3060 0.1008 -0.0134
vt 0.3060 0.1007 -0.0135
vt 0.3060 0.1006 -0.0135
vt 0.3057 0.1010 -0.0138
vt 0.3057 0.1009 -0.0139
vt 0.3057 0.1008 -0.0140
vt 0.3055 0.1013 -0.0143
vt 0.3055 0.1012 -0.0143
vt 0.3055 0.1011 -0.0144
vt 0.3054 0.1017 -0.0147
vt 0.3053 0.1015 -0.0148
vt 0.3054 0.1014 -0.0149
vt 0.3053 0.1020 -0.0151
vt 0.3053 0.1020 -0.0152
vt 0.3053 0.1019 -0.0153
vt 0.3054 0.1025 -0.0154
vt 0.3053 0.1024 -0.0155
vt 0.3054 0.1023 -0.0156
vt 0.3055 0.1029 -0.0157
vt 0.3055 0.1029 -0.0158
vt 0.3055 0.1028 -0.0159
vt 0.3057 0.1034 -0.0159
vt 0.3057 0.1034 -0.0160
vt 0.3057 0.1033 -0.0162
vt 0.3060 0.1039 -0.0160
vt 0.3060 0.1038 -0.0162
vt 0.3060 0.1038 -0.0163
vt 0.3063 0.1043 -0.0161
vt 0.3064 0.1043 -0.0162
vt 0.3064 0.1042 -0.0163
vt 0.3067 0.1047 -0.0160
vt 0.3068 0.1047 -0.0162
vt 0.3068 0.1046 -0.0163
vt 0.3072 0.1050 -0.0159
vt 0.3072 0.1050 -0.0160
vt 0.3073 0.1050 -0.0162
vt 0.3076 0.1052 -0.0157
vt 0.3077 0.1053 -0.0158
vt 0.3078 0.1052 -0.0159
vt 0.3081 0.1054 -0.0154
vt 0.3082 0.1054 -0.0155
vt 0.3082 0.1054 -0.0157
vt 0.3085 0.1055 -0.0151
vt 0.3086 0.1055 -0.0152
vt 0.3087 0.1055 -0.0153
vt 0.3089 0.1055 -0.0147
vt 0.3090 0.1055 -0.0148
vt 0.3091 0.1055 -0.0149
vt 0.3093 0.1053 -0.0143
vt 0.3094 0.1054 -0.0144
vt 0.3095 0.1053 -0.0145
vt 0.3096 0.1052 -0.0139
vt 0.3097 0.1052 -0.0139
vt 0.3098 0.1051 -0.0140
vt 0.3098 0.1049 -0.0134
vt 0.3099 0.1049 -0.0135
vt 0.3100 0.1049 -0.0136
vt 0.3099 0.1045 -0.0130
vt 0.3100 0.1045 -0.0131
vt 0.3102 0.1045 -0.0131
vt 0.3364 0.1583 0.0000
vt 0.3364 0.1584 0.0000
vt 0.3364 0.1584 0.0005
vt 0.3364 0.1583 0.0005
vt 0.3364 0.1586 0.0009
vt 0.3364 0.1585 0.0010
vt 0.3364 0.1588 0.0013
vt 0.3364 0.1587 0.0014
vt 0.3364 0.1591 0.0017
vt 0.3364 0.1590 0.0018
vt 0.3364 0.1594 0.0020
vt 0.3364 0.1594 0.0021
vt 0.3364 0.1599 0.0022
vt 0.3364 0.1598 0.0023
vt 0.3364 0.1603 0.0024
vt 0.3364 0.1603 0.0025
vt 0.3364 0.1608 0.0024
vt 0.3364 0.1608 0.0025
vt 0.3364 0.1612 0.0024
vt 0.3364 0.1613 0.0025
vt 0.3364 0.1617 0.0022
vt 0.3364 0.1617 0.0023
vt 0.3364 0.1621 0.0020
vt 0.3364 0.1622 0.0021
vt 0.3364 0.1625 0.0017
vt 0.3364 0.1625 0.0018
vt 0.3364 0.1628 0.0013
vt 0.3364 0.1629 0.0014
vt 0.3364 0.1630 0.0009
vt 0.3364 0.1631 0.0010
vt 0.3364 0.1631 0.0005
vt 0.3364 0.1632 0.0005
vt 0.3364 0.1632 -0.0000
vt 0.3364 0.1633 -0.0000
vt 0.3364 0.1631 -0.0005
vt 0.3364 0.1632 -0.0005
vt 0.3364 0.1630 -0.0009
vt 0.3364 0.1631 -0.0010
vt 0.3364 0.1628 -0.0013
vt 0.3364 0.1629 -0.0014
vt 0.3364 0.1625 -0.0017
vt 0.3364 0.1625 -0.0018
vt 0.3364 0.1621 -0.0020
vt 0.3364 0.1622 -0.0021
vt 0.3364 0.1617 -0.0022
vt 0.3364 0.1617 -0.0023
vt 0.3364 0.1612 -0.0024
vt 0.3364 0.1613 -0.0025
vt 0.3364 0.1608 -0.0024
vt 0.3364 0.1608 -0.0025
vt 0.3364 0.1603 -0.0024
vt 0.3364 0.1603 -0.0025
vt 0.3364 0.1599 -0.0022
vt 0.3364 0.1598 -0.0023
vt 0.3364 0.1594 -0.0020
vt 0.3364 0.1594 -0.0021
vt 0.3364 0.1591 -0.0017
vt 0.3364 0.1590 -0.0018
vt 0.3364 0.1588 -0.0013
vt 0.3364 0.1587 -0.0014
vt 0.3364 0.1586 -0.0009
vt 0.3364 0.1585 -0.0010
vt 0.3364 0.1584 -0.0005
vt 0.3364 0.1583 -0.0005
vt 0.3364 0.1582 0.0005
vt 0.3364 0.1581 0.0000
vt 0.3364 0.1583 0.0010
vt 0.3364 0.1586 0.0015
vt 0.3364 0.1589 0.0019
vt 0.3364 0.1593 0.0022
vt 0.3364 0.1598 0.0025
vt 0.3364 0.1603 0.0026
vt 0.3364 0.1608 0.0027
vt 0.3364 0.1613 0.0026
vt 0.3364 0.1618 0.0025
vt 0.3364 0.1623 0.0022
vt 0.3364 0.1627 0.0019
vt 0.3364 0.1630 0.0015
vt 0.3364 0.1633 0.0010
vt 0.3364 0.1634 0.0005
vt 0.3364 0.1635 -0.0000
vt 0.3364 0.1634 -0.0005
vt 0.3364 0.1633 -0.0010
vt 0.3364 0.1630 -0.0015
vt 0.3364 0.1627 -0.0019
vt 0.3364 0.1623 -0.0022
vt 0.3364 0.1618 -0.0025
vt 0.3364 0.1613 -0.0026
vt 0.3364 0.1608 -0.0027
vt 0.3364 0.1603 -0.0026
vt 0.3364 0.1598 -0.0025
vt 0.3364 0.1593 -0.0022
vt 0.3364 0.1589 -0.0019
vt 0.3364 0.1586 -0.0015
vt 0.3364 0.1583 -0.0010
vt 0.3364 0.1582 -0.0005
vt 0.3365 0.1580 0.0006
vt 0.3365 0.1580 0.0000
vt 0.3366 0.1579 0.0006
vt 0.3366 0.1579 0.0000
vt 0.3367 0.1579 0.0006
vt 0.3367 0.1578 0.0000
vt 0.3365 0.1582 0.0011
vt 0.3366 0.1581 0.0011
vt 0.3367 0.1580 0.0011
vt 0.3365 0.1584 0.0016
vt 0.3366 0.1584 0.0016
vt 0.3367 0.1583 0.0017
vt 0.3365 0.1588 0.0020
vt 0.3366 0.1587 0.0021
vt 0.3367 0.1587 0.0021
vt 0.3365 0.1592 0.0023
vt 0.3366 0.1592 0.0024
vt 0.3367 0.1591 0.0025
vt 0.3365 0.1597 0.0026
vt 0.3366 0.1597 0.0027
vt 0.3367 0.1596 0.0028
vt 0.3365 0.1602 0.0028
vt 0.3366 0.1602 0.0029
vt 0.3367 0.1602 0.0029
vt 0.3365 0.1608 0.0028
vt 0.3366 0.1608 0.0029
vt 0.3367 0.1608 0.0030
vt 0.3365 0.1613 0.0028
vt 0.3366 0.1613 0.0029
vt 0.3367 0.1614 0.0029
vt 0.3365 0.1619 0.0026
vt 0.3366 0.1619 0.0027
vt 0.3367 0.1619 0.0028
vt 0.3365 0.1623 0.0023
vt 0.3366 0.1624 0.0024
vt 0.3367 0.1624 0.0025
vt 0.3365 0.1628 0.0020
vt 0.3366 0.1628 0.0021
vt 0.3367 0.1629 0.0021
vt 0.3365 0.1631 0.0016
vt 0.3366 0.1632 0.0016
vt 0.3367 0.1633 0.0017
vt 0.3365 0.1634 0.0011
vt 0.3366 0.1635 0.0011
vt 0.3367 0.1635 0.0011
vt 0.3365 0.1635 0.0006
vt 0.3366 0.1636 0.0006
vt 0.3367 0.1637 0.0006
vt 0.3365 0.1636 -0.0000
vt 0.3366 0.1637 -0.0000
vt 0.3367 0.1638 -0.0000
vt 0.3365 0.1635 -0.0006
vt 0.3366 0.1636 -0.0006
vt 0.3367 0.1637 -0.0006
vt 0.3365 0.1634 -0.0011
vt 0.3366 0.1635 -0.0011
vt 0.3367 0.1635 -0.0011
vt 0.3365 0.1631 -0.0016
vt 0.3366 0.1632 -0.0016
vt 0.3367 0.1633 -0.0017
vt 0.3365 0.1628 -0.0020
vt 0.3366 0.1628 -0.0021
vt 0.3367 0.1629 -0.0021
vt 0.3365 0.1623 -0.0023
vt 0.3366 0.1624 -0.0024
vt 0.3367 0.1624 -0.0025
vt 0.3365 0.1619 -0.0026
vt 0.3366 0.1619 -0.0027
vt 0.3367 0.1619 -0.0028
vt 0.3365 0.1613 -0.0028
vt 0.3366 0.1613 -0.0029
vt 0.3367 0.1614 -0.0029
vt 0.3365 0.1608 -0.0028
vt 0.3366 0.1608 -0.0029
vt 0.3367 0.1608 -0.0030
vt 0.3365 0.1602 -0.0028
vt 0.3366 0.1602 -0.0029
vt 0.3367 0.1602 -0.0029
vt 0.3365 0.1597 -0.0026
vt 0.3366 0.1597 -0.0027
vt 0.3367 0.1596 -0.0028
vt 0.3365 0.1592 -0.0023
vt 0.3366 0.1592 -0.0024
vt 0.3367 0.1591 -0.0025
vt 0.3365 0.1588 -0.0020
vt 0.3366 0.1587 -0.0021
vt 0.3367 0.1587 -0.0021
vt 0.3365 0.1584 -0.0016
vt 0.3366 0.1584 -0.0016
vt 0.3367 0.1583 -0.0017
vt 0.3365 0.1582 -0.0011
vt 0.3366 0.1581 -0.0011
vt 0.3367 0.1580 -0.0011
vt 0.3365 0.1580 -0.0006
vt 0.3366 0.1579 -0.0006
vt 0.3367 0.1579 -0.0006
vt 0.2176 0.9995 0.9990
vt 0.2369 0.9995 0.9990
vt 0.2369 0.0005 0.9990
vt 0.2176 0.0005 0.9990
vt 0.1984 0.9995 0.9990
vt 0.1984 0.0005 0.9990
vt 0.1792 0.9995 0.9990
vt 0.1792 0.0005 0.9990
vt 0.1600 0.9995 0.9990
vt 0.1600 0.0005 0.9990
vt 0.1407 0.9995 0.9990
vt 0.1407 0.0005 0.9990
vt 0.1215 0.9995 0.9990
vt 0.1215 0.0005 0.9990
vt 0.1023 0.9995 0.9990
vt 0.1023 0.0005 0.9990
vt 0.0830 0.9995 0.9990
vt 0.0830 0.0005 0.9990
vt 0.0638 0.9995 0.9990
vt 0.0638 0.0005 0.9990
vt 0.0446 0.9995 0.9990
vt 0.0446 0.0005 0.9990
vt 0.0253 0.9995 0.9990
vt 0.0253 0.0005 0.9990
vt 0.0061 0.9995 0.9990
vt 0.0061 0.0005 0.9990
vt -0.0131 0.9995 0.9990
vt -0.0131 0.0005 0.9990
vt -0.0324 0.9995 0.9990
vt -0.0324 0.0005 0.9990
vt -0.0516 0.9995 0.9990
vt -0.0516 0.0005 0.9990
vt -0.0708 0.9995 0.9990
vt -0.0708 0.0005 0.9990
vt -0.0900 0.9995 0.9990
vt -0.0900 0.0005 0.9990
vt -0.1093 0.9995 0.9990
vt -0.1093 0.0005 0.9990
vt -0.1285 0.9995 0.9990
vt -0.1285 0.0005 0.9990
vt -0.1477 0.9995 0.9990
vt -0.1477 0.0005 0.9990
vt -0.1670 0.9995 0.9990
vt -0.1670 0.0005 0.9990
vt -0.1862 0.9995 0.9990
vt -0.1862 0.0005 0.9990
vt -0.2054 0.9995 0.9990
vt -0.2054 0.0005 0.9990
vt -0.2247 0.9995 0.9990
vt -0.2247 0.0005 0.9990
vt -0.2439 0.9995 0.9990
vt -0.2439 0.0005 0.9990
vt -0.2631 0.9995 0.9990
vt -0.2631 0.0005 0.9990
vt -0.2824 0.9995 0.9990
vt -0.2824 0.0005 0.9990
vt -0.3016 0.9995 0.9990
vt -0.3016 0.0005 0.9990
vt -0.3208 0.9995 0.9990
vt -0.3208 0.0005 0.9990
vt -0.3400 0.9995 0.9990
vt -0.3400 0.0005 0.9990
vt -0.3593 0.9995 0.9990
vt -0.3593 0.0005 0.9990
vt -0.3785 0.9995 0.9990
vt -0.3785 0.0005 0.9990
vt -0.3977 0.9995 0.9990
vt -0.3977 0.0005 0.9990
vt -0.4170 0.9995 0.9990
vt -0.4170 0.0005 0.9990
vt -0.4362 0.9995 0.9990
vt -0.4362 0.0005 0.9990
vt -0.4554 0.9995 0.9990
vt -0.4554 0.0005 0.9990
vt 0.5253 0.9995 0.9990
vt 0.5446 0.9995 0.9990
vt 0.5446 0.0005 0.9990
vt 0.5253 0.0005 0.9990
vt 0.5061 0.9995 0.9990
vt 0.5061 0.0005 0.9990
vt 0.4869 0.9995 0.9990
vt 0.4869 0.0005 0.9990
vt 0.4676 0.9995 0.9990
vt 0.4676 0.0005 0.9990
vt 0.4484 0.9995 0.9990
vt 0.4484 0.0005 0.9990
vt 0.4292 0.9995 0.9990
vt 0.4292 0.0005 0.9990
vt 0.4100 0.9995 0.9990
vt 0.4100 0.0005 0.9990
vt 0.3907 0.9995 0.9990
vt 0.3907 0.0005 0.9990
vt 0.3715 0.9995 0.9990
vt 0.3715 0.0005 0.9990
vt 0.3523 0.9995 0.9990
vt 0.3523 0.0005 0.9990
vt 0.3330 0.9995 0.9990
vt 0.3330 0.0005 0.9990
vt 0.3138 0.9995 0.9990
vt 0.3138 0.0005 0.9990
vt 0.2946 0.9995 0.9990
vt 0.2946 0.0005 0.9990
vt 0.2753 0.9995 0.9990
vt 0.2753 0.0005 0.9990
vt 0.2561 0.9995 0.9990
vt 0.2561 0.0005 0.9990
vt 0.5000 0.9978 0.9995
vt 0.5000 0.6920 0.9995
vt 0.5231 0.6906 0.9995
vt 0.5600 0.9942 0.9995
vt 0.5000 0.6920 0.0005
vt 0.5000 0.9978 0.0005
vt 0.5600 0.9942 0.0005
vt 0.5231 0.6906 0.0005
vt 0.5460 0.6864 0.9995
vt 0.6191 0.9834 0.9995
vt 0.6191 0.9834 0.0005
vt 0.5460 0.6864 0.0005
vt 0.5681 0.6795 0.9995
vt 0.6765 0.9655 0.9995
vt 0.6765 0.9655 0.0005
vt 0.5681 0.6795 0.0005
vt 0.5892 0.6700 0.9995
vt 0.7314 0.9408 0.9995
vt 0.7314 0.9408 0.0005
vt 0.5892 0.6700 0.0005
vt 0.6091 0.6580 0.9995
vt 0.7828 0.9097 0.9995
vt 0.7828 0.9097 0.0005
vt 0.6091 0.6580 0.0005
vt 0.6273 0.6437 0.9995
vt 0.8301 0.8726 0.9995
vt 0.8301 0.8726 0.0005
vt 0.6273 0.6437 0.0005
vt 0.6437 0.6273 0.9995
vt 0.8726 0.8301 0.9995
vt 0.8726 0.8301 0.0005
vt 0.6437 0.6273 0.0005
vt 0.6580 0.6091 0.9995
vt 0.9097 0.7828 0.9995
vt 0.9097 0.7828 0.0005
vt 0.6580 0.6091 0.0005
vt 0.6700 0.5892 0.9995
vt 0.9408 0.7314 0.9995
vt 0.9408 0.7314 0.0005
vt 0.6700 0.5892 0.0005
vt 0.6795 0.5681 0.9995
vt 0.9655 0.6765 0.9995
vt 0.9655 0.6765 0.0005
vt 0.6795 0.5681 0.0005
vt 0.6864 0.5460 0.9995
vt 0.9834 0.6191 0.9995
vt 0.9834 0.6191 0.0005
vt 0.6864 0.5460 0.0005
vt 0.6906 0.5231 0.9995
vt 0.9942 0.5600 0.9995
vt 0.9942 0.5600 0.0005
vt 0.6906 0.5231 0.0005
vt 0.6920 0.5000 0.9995
vt 0.9978 0.5000 0.9995
vt 0.9978 0.5000 0.0005
vt 0.6920 0.5000 0.0005
vt 0.6906 0.4769 0.9995
vt 0.9942 0.4400 0.9995
vt 0.9942 0.4400 0.0005
vt 0.6906 0.4769 0.0005
vt 0.6864 0.4540 0.9995
vt 0.9834 0.3809 0.9995
vt 0.9834 0.3809 0.0005
vt 0.6864 0.4540 0.0005
vt 0.6795 0.4319 0.9995
vt 0.9655 0.3235 0.9995
vt 0.9655 0.3235 0.0005
vt 0.6795 0.4319 0.0005
vt 0.6700 0.4108 0.9995
vt 0.9408 0.2686 0.9995
vt 0.9408 0.2686 0.0005
vt 0.6700 0.4108 0.0005
vt 0.6580 0.3909 0.9995
vt 0.9097 0.2172 0.9995
vt 0.9097 0.2172 0.0005
vt 0.6580 0.3909 0.0005
vt 0.6437 0.3727 0.9995
vt 0.8726 0.1699 0.9995
vt 0.8726 0.1699 0.0005
vt 0.6437 0.3727 0.0005
vt 0.6273 0.3563 0.9995
vt 0.8301 0.1274 0.9995
vt 0.8301 0.1274 0.0005
vt 0.6273 0.3563 0.0005
vt 0.6091 0.3420 0.9995
vt 0.7828 0.0903 0.9995
vt 0.7828 0.0903 0.0005
vt 0.6091 0.3420 0.0005
vt 0.5892 0.3300 0.9995
vt 0.7314 0.0592 0.9995
vt 0.7314 0.0592 0.0005
vt 0.5892 0.3300 0.0005
vt 0.5681 0.3205 0.9995
vt 0.6765 0.0345 0.9995
vt 0.6765 0.0345 0.0005
vt 0.5681 0.3205 0.0005
vt 0.5460 0.3136 0.9995
vt 0.6191 0.0166 0.9995
vt 0.6191 0.0166 0.0005
vt 0.5460 0.3136 0.0005
vt 0.5231 0.3094 0.9995
vt 0.5600 0.0058 0.9995
vt 0.5600 0.0058 0.0005
vt 0.5231 0.3094 0.0005
vt 0.5000 0.3080 0.9995
vt 0.5000 0.0022 0.9995
vt 0.5000 0.0022 0.0005
vt 0.5000 0.3080 0.0005
vt 0.4769 0.3094 0.9995
vt 0.4400 0.0058 0.9995
vt 0.4400 0.0058 0.0005
vt 0.4769 0.3094 0.0005
vt 0.4540 0.3136 0.9995
vt 0.3809 0.0166 0.9995
vt 0.3809 0.0166 0.0005
vt 0.4540 0.3136 0.0005
vt 0.4319 0.3205 0.9995
vt 0.3235 0.0345 0.9995
vt 0.3235 0.0345 0.0005
vt 0.4319 0.3205 0.0005
vt 0.4108 0.3300 0.9995
vt 0.2686 0.0592 0.9995
vt 0.2686 0.0592 0.0005
vt 0.4108 0.3300 0.0005
vt 0.3909 0.3420 0.9995
vt 0.2172 0.0903 0.9995
vt 0.2172 0.0903 0.0005
vt 0.3909 0.3420 0.0005
vt 0.3727 0.3563 0.9995
vt 0.1699 0.1274 0.9995
vt 0.1699 0.1274 0.0005
vt 0.3727 0.3563 0.0005
vt 0.3563 0.3727 0.9995
vt 0.1274 0.1699 0.9995
vt 0.1274 0.1699 0.0005
vt 0.3563 0.3727 0.0005
vt 0.3420 0.3909 0.9995
vt 0.0903 0.2172 0.9995
vt 0.0903 0.2172 0.0005
vt 0.3420 0.3909 0.0005
vt 0.3300 0.4108 0.9995
vt 0.0592 0.2686 0.9995
vt 0.0592 0.2686 0.0005
vt 0.3300 0.4108 0.0005
vt 0.3205 0.4319 0.9995
vt 0.0345 0.3235 0.9995
vt 0.0345 0.3235 0.0005
vt 0.3205 0.4319 0.0005
vt 0.3136 0.4540 0.9995
vt 0.0166 0.3809 0.9995
vt 0.0166 0.3809 0.0005
vt 0.3136 0.4540 0.0005
vt 0.3094 0.4769 0.9995
vt 0.0058 0.4400 0.9995
vt 0.0058 0.4400 0.0005
vt 0.3094 0.4769 0.0005
vt 0.3080 0.5000 0.9995
vt 0.0022 0.5000 0.9995
vt 0.0022 0.5000 0.0005
vt 0.3080 0.5000 0.0005
vt 0.3094 0.5231 0.9995
vt 0.0058 0.5600 0.9995
vt 0.0058 0.5600 0.0005
vt 0.3094 0.5231 0.0005
vt 0.3136 0.5460 0.9995
vt 0.0166 0.6191 0.9995
vt 0.0166 0.6191 0.0005
vt 0.3136 0.5460 0.0005
vt 0.3205 0.5681 0.9995
vt 0.0345 0.6765 0.9995
vt 0.0345 0.6765 0.0005
vt 0.3205 0.5681 0.0005
vt 0.3300 0.5892 0.9995
vt 0.0592 0.7314 0.9995
vt 0.0592 0.7314 0.0005
vt 0.3300 0.5892 0.0005
vt 0.3420 0.6091 0.9995
vt 0.0903 0.7828 0.9995
vt 0.0903 0.7828 0.0005
vt 0.3420 0.6091 0.0005
vt 0.3563 0.6273 0.9995
vt 0.1274 0.8301 0.9995
vt 0.1274 0.8301 0.0005
vt 0.3563 0.6273 0.0005
vt 0.3727 0.6437 0.9995
vt 0.1699 0.8726 0.9995
vt 0.1699 0.8726 0.0005
vt 0.3727 0.6437 0.0005
vt 0.3909 0.6580 0.9995
vt 0.2172 0.9097 0.9995
vt 0.2172 0.9097 0.0005
vt 0.3909 0.6580 0.0005
vt 0.4108 0.6700 0.9995
vt 0.2686 0.9408 0.9995
vt 0.2686 0.9408 0.0005
vt 0.4108 0.6700 0.0005
vt 0.4319 0.6795 0.9995
vt 0.3235 0.9655 0.9995
vt 0.3235 0.9655 0.0005
vt 0.4319 0.6795 0.0005
vt 0.4540 0.6864 0.9995
vt 0.3809 0.9834 0.9995
vt 0.3809 0.9834 0.0005
vt 0.4540 0.6864 0.0005
vt 0.4769 0.6906 0.9995
vt 0.4400 0.9942 0.9995
vt 0.4400 0.9942 0.0005
vt 0.4769 0.6906 0.0005
vt 3.7000 0.0005 0.9990
vt 3.7000 0.9995 0.9990
vt 3.6288 0.9995 0.9990
vt 3.6288 0.0005 0.9990
vt 3.5577 0.9995 0.9990
vt 3.5577 0.0005 0.9990
vt 3.4865 0.9995 0.9990
vt 3.4865 0.0005 0.9990
vt 3.4154 0.9995 0.9990
vt 3.4154 0.0005 0.9990
vt 3.3442 0.9995 0.9990
vt 3.3442 0.0005 0.9990
vt 3.2731 0.9995 0.9990
vt 3.2731 0.0005 0.9990
vt 3.2019 0.9995 0.9990
vt 3.2019 0.0005 0.9990
vt 3.1308 0.9995 0.9990
vt 3.1308 0.0005 0.9990
vt 3.0596 0.9995 0.9990
vt 3.0596 0.0005 0.9990
vt 2.9885 0.9995 0.9990
vt 2.9885 0.0005 0.9990
vt 2.9173 0.9995 0.9990
vt 2.9173 0.0005 0.9990
vt 2.8462 0.9995 0.9990
vt 2.8462 0.0005 0.9990
vt 2.7750 0.9995 0.9990
vt 2.7750 0.0005 0.9990
vt 2.7038 0.9995 0.9990
vt 2.7038 0.0005 0.9990
vt 2.6327 0.9995 0.9990
vt 2.6327 0.0005 0.9990
vt 2.5615 0.9995 0.9990
vt 2.5615 0.0005 0.9990
vt 2.4904 0.9995 0.9990
vt 2.4904 0.0005 0.9990
vt 2.4192 0.9995 0.9990
vt 2.4192 0.0005 0.9990
vt 2.3481 0.9995 0.9990
vt 2.3481 0.0005 0.9990
vt 2.2769 0.9995 0.9990
vt 2.2769 0.0005 0.9990
vt 2.2058 0.9995 0.9990
vt 2.2058 0.0005 0.9990
vt 2.1346 0.9995 0.9990
vt 2.1346 0.0005 0.9990
vt 2.0635 0.9995 0.9990
vt 2.0635 0.0005 0.9990
vt 1.9923 0.9995 0.9990
vt 1.9923 0.0005 0.9990
vt 1.9212 0.9995 0.9990
vt 1.9212 0.0005 0.9990
vt 1.8500 0.9995 0.9990
vt 1.8500 0.0005 0.9990
vt 1.7788 0.9995 0.9990
vt 1.7788 0.0005 0.9990
vt 1.7077 0.9995 0.9990
vt 1.7077 0.0005 0.9990
vt 1.6365 0.9995 0.9990
vt 1.6365 0.0005 0.9990
vt 1.5654 0.9995 0.9990
vt 1.5654 0.0005 0.9990
vt 1.4942 0.9995 0.9990
vt 1.4942 0.0005 0.9990
vt 1.4231 0.9995 0.9990
vt 1.4231 0.0005 0.9990
vt 1.3519 0.9995 0.9990
vt 1.3519 0.0005 0.9990
vt 1.2808 0.9995 0.9990
vt 1.2808 0.0005 0.9990
vt 1.2096 0.9995 0.9990
vt 1.2096 0.0005 0.9990
vt 1.1385 0.9995 0.9990
vt 1.1385 0.0005 0.9990
vt 1.0673 0.9995 0.9990
vt 1.0673 0.0005 0.9990
vt 0.9962 0.9995 0.9990
vt 0.9962 0.0005 0.9990
vt 0.9250 0.9995 0.9990
vt 0.9250 0.0005 0.9990
vt 0.8538 0.9995 0.9990
vt 0.8538 0.0005 0.9990
vt 0.7827 0.9995 0.9990
vt 0.7827 0.0005 0.9990
vt 0.7115 0.9995 0.9990
vt 0.7115 0.0005 0.9990
vt 0.6404 0.9995 0.9990
vt 0.6404 0.0005 0.9990
vt 0.5692 0.9995 0.9990
vt 0.5692 0.0005 0.9990
vt 0.4981 0.9995 0.9990
vt 0.4981 0.0005 0.9990
vt 0.4269 0.9995 0.9990
vt 0.4269 0.0005 0.9990
vt 0.3558 0.9995 0.9990
vt 0.3558 0.0005 0.9990
vt 0.2846 0.9995 0.9990
vt 0.2846 0.0005 0.9990
vt 0.2135 0.9995 0.9990
vt 0.2135 0.0005 0.9990
vt 0.1423 0.9995 0.9990
vt 0.1423 0.0005 0.9990
vt 0.0712 0.9995 0.9990
vt 0.0712 0.0005 0.9990
vt -0.0000 0.9995 0.9990
vt -0.0000 0.0005 0.9990
vt 1.1952 0.9995 0.5000
vt 1.1127 0.9995 0.5000
vt 1.1127 0.0005 0.5000
vt 1.1952 0.0005 0.5000
vt 1.0302 0.9995 0.5000
vt 1.0302 0.0005 0.5000
vt 0.9478 0.9995 0.5000
vt 0.9478 0.0005 0.5000
vt 0.8653 0.9995 0.5000
vt 0.8653 0.0005 0.5000
vt 0.7828 0.9995 0.5000
vt 0.7828 0.0005 0.5000
vt 0.7004 0.9995 0.5000
vt 0.7004 0.0005 0.5000
vt 1.2643 0.0005 0.5000
vt 1.2643 0.9995 0.5000
vt 0.7812 0.2724 1.6377
vt 0.7578 0.2278 1.4590
vt 0.7240 0.2228 1.4508
vt 0.7500 0.2724 1.6377
vt 0.7812 0.3052 1.8326
vt 0.7500 0.3052 1.8326
vt 0.8125 0.3052 1.8326
vt 0.8125 0.2724 1.6377
vt 0.7799 0.2228 1.4508
vt 0.7188 -0.2388 1.7063
vt 0.6875 -0.2388 1.7063
vt 0.6875 -0.3093 1.7063
vt 0.7188 -0.3093 1.7063
vt 0.7500 -0.2388 1.7063
vt 0.7500 -0.3093 1.7063
vt 0.7500 -0.1683 1.7063
vt 0.7188 -0.1683 1.7063
vt 0.6875 -0.1683 1.7063
vt 0.7187 0.1796 6.7773
vt 0.6875 0.1796 6.7773
vt 0.6875 0.1893 6.9258
vt 0.7188 0.1893 6.9258
vt 0.7500 0.1796 6.7773
vt 0.7500 0.1893 6.9258
vt 0.7500 0.1697 6.6295
vt 0.7187 0.1697 6.6295
vt 0.6875 0.1697 6.6295
vt 0.7188 -0.1114 1.3568
vt 0.7188 -0.1144 1.3562
vt 0.7500 -0.1144 1.3562
vt 0.7500 -0.1114 1.3568
vt 0.7188 -0.1077 1.3571
vt 0.7500 -0.1077 1.3571
vt 0.6875 -0.1077 1.3571
vt 0.6875 -0.1114 1.3568
vt 0.6875 -0.1144 1.3562
vt 0.7188 -0.1027 1.3568
vt 0.7500 -0.1027 1.3568
vt 0.7188 -0.0967 1.3554
vt 0.7500 -0.0967 1.3554
vt 0.6875 -0.0967 1.3554
vt 0.6875 -0.1027 1.3568
vt 0.7188 -0.0898 1.3523
vt 0.7500 -0.0898 1.3523
vt 0.7188 -0.0822 1.3471
vt 0.7500 -0.0822 1.3471
vt 0.6875 -0.0822 1.3471
vt 0.6875 -0.0898 1.3523
vt 0.7188 -0.0742 1.3392
vt 0.7500 -0.0742 1.3392
vt 0.7188 -0.0659 1.3281
vt 0.7500 -0.0659 1.3281
vt 0.6875 -0.0659 1.3281
vt 0.6875 -0.0742 1.3392
vt 0.7188 -0.0576 1.3133
vt 0.7500 -0.0576 1.3133
vt 0.7188 -0.0494 1.2942
vt 0.7500 -0.0494 1.2942
vt 0.6875 -0.0494 1.2942
vt 0.6875 -0.0576 1.3133
vt 0.7187 -0.0417 1.2704
vt 0.7500 -0.0417 1.2704
vt 0.7187 -0.0345 1.2412
vt 0.7500 -0.0345 1.2412
vt 0.6875 -0.0345 1.2412
vt 0.6875 -0.0417 1.2704
vt 0.7187 -0.0282 1.2062
vt 0.7500 -0.0282 1.2062
vt 0.7188 -0.0192 1.1553
vt 0.7500 -0.0192 1.1553
vt 0.6875 -0.0192 1.1553
vt 0.6875 -0.0282 1.2062
vt 0.7188 -0.0042 1.0782
vt 0.7500 -0.0042 1.0782
vt 0.7188 0.0164 0.9944
vt 0.7500 0.0164 0.9944
vt 0.6875 0.0164 0.9944
vt 0.6875 -0.0042 1.0782
vt 0.7188 0.0422 0.9232
vt 0.7500 0.0422 0.9232
vt 0.7187 0.0719 0.8636
vt 0.7500 0.0719 0.8636
vt 0.6875 0.0719 0.8636
vt 0.6875 0.0422 0.9232
vt 0.7187 0.1044 0.8144
vt 0.7500 0.1044 0.8144
vt 0.7188 0.1385 0.7748
vt 0.7500 0.1385 0.7748
vt 0.6875 0.1385 0.7748
vt 0.6875 0.1044 0.8144
vt 0.7188 0.1729 0.7436
vt 0.7500 0.1729 0.7436
vt 0.7187 0.2066 0.7198
vt 0.7500 0.2066 0.7198
vt 0.6875 0.2066 0.7198
vt 0.6875 0.1729 0.7436
vt 0.7187 0.2382 0.7025
vt 0.7500 0.2382 0.7025
vt 0.7188 0.2667 0.6905
vt 0.7500 0.2667 0.6905
vt 0.6875 0.2667 0.6905
vt 0.6875 0.2382 0.7025
vt 0.7188 0.2907 0.6829
vt 0.7500 0.2907 0.6829
vt 0.7188 0.3092 0.6785
vt 0.7500 0.3092 0.6785
vt 0.6875 0.3092 0.6785
vt 0.6875 0.2907 0.6829
vt 0.7188 0.3210 0.6765
vt 0.7500 0.3210 0.6765
vt 0.7188 0.3306 0.6751
vt 0.7500 0.3306 0.6751
vt 0.6875 0.3306 0.6751
vt 0.6875 0.3210 0.6765
vt 0.7188 0.3427 0.6729
vt 0.7500 0.3427 0.6729
vt 0.7188 0.3558 0.6690
vt 0.7500 0.3558 0.6690
vt 0.6875 0.3558 0.6690
vt 0.6875 0.3427 0.6729
vt 0.7188 0.3684 0.6625
vt 0.7500 0.3684 0.6625
vt 0.7188 0.3805 0.6538
vt 0.7500 0.3805 0.6538
vt 0.6875 0.3805 0.6538
vt 0.6875 0.3684 0.6625
vt 0.7188 0.3919 0.6428
vt 0.7500 0.3919 0.6428
vt 0.7188 0.4026 0.6298
vt 0.7500 0.4026 0.6298
vt 0.6875 0.4026 0.6298
vt 0.6875 0.3919 0.6428
vt 0.7188 0.4125 0.6148
vt 0.7500 0.4125 0.6148
vt 0.7188 0.4216 0.5980
vt 0.7500 0.4216 0.5980
vt 0.6875 0.4216 0.5980
vt 0.6875 0.4125 0.6148
vt 0.7188 0.4297 0.5796
vt 0.7500 0.4297 0.5796
vt 0.7188 0.4369 0.5596
vt 0.7500 0.4369 0.5596
vt 0.6875 0.4369 0.5596
vt 0.6875 0.4297 0.5796
vt 0.7188 0.4429 0.5383
vt 0.7500 0.4429 0.5383
vt 0.7188 0.4485 0.5163
vt 0.7500 0.4485 0.5163
vt 0.6875 0.4485 0.5163
vt 0.6875 0.4429 0.5383
vt 0.7187 0.1090 3.4699
vt 0.7187 0.1136 3.5016
vt 0.7500 0.1136 3.5016
vt 0.7500 0.1090 3.4699
vt 0.7187 0.1045 3.4383
vt 0.7500 0.1045 3.4383
vt 0.6875 0.1045 3.4383
vt 0.6875 0.1090 3.4699
vt 0.6875 0.1136 3.5016
vt 0.7188 0.4603 0.4679
vt 0.7188 0.4546 0.4680
vt 0.7500 0.4546 0.4680
vt 0.7500 0.4603 0.4679
vt 0.7188 0.4660 0.4674
vt 0.7500 0.4660 0.4674
vt 0.6875 0.4660 0.4674
vt 0.6875 0.4603 0.4679
vt 0.6875 0.4546 0.4680
vt 0.7188 0.4715 0.4658
vt 0.7500 0.4715 0.4658
vt 0.7188 0.4768 0.4632
vt 0.7500 0.4768 0.4632
vt 0.6875 0.4768 0.4632
vt 0.6875 0.4715 0.4658
vt 0.7188 0.4818 0.4598
vt 0.7500 0.4818 0.4598
vt 0.7188 0.4865 0.4554
vt 0.7500 0.4865 0.4554
vt 0.6875 0.4865 0.4554
vt 0.6875 0.4818 0.4598
vt 0.7187 0.4908 0.4501
vt 0.7500 0.4908 0.4501
vt 0.7187 0.4947 0.4441
vt 0.7500 0.4947 0.4441
vt 0.6875 0.4947 0.4441
vt 0.6875 0.4908 0.4501
vt 0.7187 0.4981 0.4373
vt 0.7500 0.4981 0.4373
vt 0.7188 0.5010 0.4297
vt 0.7500 0.5010 0.4297
vt 0.6875 0.5010 0.4297
vt 0.6875 0.4981 0.4373
vt 0.7188 0.5034 0.4215
vt 0.7500 0.5034 0.4215
vt 0.7188 0.5051 0.4126
vt 0.7500 0.5051 0.4126
vt 0.6875 0.5051 0.4126
vt 0.6875 0.5034 0.4215
vt 0.7188 0.5062 0.4031
vt 0.7500 0.5062 0.4031
vt 0.7188 0.5069 0.3934
vt 0.7500 0.5069 0.3934
vt 0.6875 0.5069 0.3934
vt 0.6875 0.5062 0.4031
vt 0.7187 0.0870 3.1481
vt 0.7188 0.0950 3.1701
vt 0.7500 0.0950 3.1701
vt 0.7500 0.0870 3.1481
vt 0.7187 0.0791 3.1253
vt 0.7500 0.0791 3.1253
vt 0.6875 0.0791 3.1253
vt 0.6875 0.0870 3.1481
vt 0.6875 0.0950 3.1701
vt 0.7187 0.0712 3.1013
vt 0.7500 0.0712 3.1013
vt 0.7187 0.0640 3.0754
vt 0.7500 0.0640 3.0754
vt 0.6875 0.0640 3.0754
vt 0.6875 0.0712 3.1013
vt 0.7187 0.0579 3.0470
vt 0.7500 0.0579 3.0470
vt 0.7187 0.0525 3.0172
vt 0.7500 0.0525 3.0172
vt 0.6875 0.0525 3.0172
vt 0.6875 0.0579 3.0470
vt 0.7188 0.5266 0.1932
vt 0.7188 0.5195 0.2090
vt 0.7500 0.5195 0.2090
vt 0.7500 0.5266 0.1932
vt 0.7188 0.5342 0.1789
vt 0.7500 0.5342 0.1789
vt 0.6875 0.5342 0.1789
vt 0.6875 0.5266 0.1932
vt 0.6875 0.5195 0.2090
vt 0.7188 0.5427 0.1680
vt 0.7500 0.5427 0.1680
vt 0.7188 0.5522 0.1598
vt 0.7500 0.5522 0.1598
vt 0.6875 0.5522 0.1598
vt 0.6875 0.5427 0.1680
vt 0.7188 0.5624 0.1541
vt 0.7500 0.5624 0.1541
vt 0.7188 0.5732 0.1505
vt 0.7500 0.5732 0.1505
vt 0.6875 0.5732 0.1505
vt 0.6875 0.5624 0.1541
vt 0.7188 0.5845 0.1484
vt 0.7500 0.5845 0.1484
vt 0.7188 0.5962 0.1476
vt 0.7500 0.5962 0.1476
vt 0.6875 0.5962 0.1476
vt 0.6875 0.5845 0.1484
vt 0.7188 0.6081 0.1476
vt 0.7500 0.6081 0.1476
vt 0.7188 0.6341 0.1479
vt 0.7500 0.6341 0.1479
vt 0.6875 0.6341 0.1479
vt 0.6875 0.6081 0.1476
vt 0.7188 0.6879 0.1480
vt 0.7500 0.6879 0.1480
vt 0.7188 0.7396 0.1480
vt 0.7500 0.7396 0.1480
vt 0.6875 0.7396 0.1480
vt 0.6875 0.6879 0.1480
vt 0.7188 0.7733 0.1907
vt 0.7188 0.7646 0.1587
vt 0.7500 0.7646 0.1587
vt 0.7500 0.7733 0.1907
vt 0.7188 0.7848 0.2324
vt 0.7500 0.7848 0.2324
vt 0.6875 0.7848 0.2324
vt 0.6875 0.7733 0.1907
vt 0.6875 0.7646 0.1587
vt 0.7188 0.7983 0.2719
vt 0.7500 0.7983 0.2719
vt 0.7188 0.8138 0.3090
vt 0.7500 0.8138 0.3090
vt 0.6875 0.8138 0.3090
vt 0.6875 0.7983 0.2719
vt 0.7188 0.8311 0.3436
vt 0.7500 0.8311 0.3436
vt 0.7188 0.8502 0.3754
vt 0.7500 0.8502 0.3754
vt 0.6875 0.8502 0.3754
vt 0.6875 0.8311 0.3436
vt 0.7188 0.8709 0.4042
vt 0.7500 0.8709 0.4042
vt 0.7188 0.8930 0.4299
vt 0.7500 0.8930 0.4299
vt 0.6875 0.8930 0.4299
vt 0.6875 0.8709 0.4042
vt 0.7187 0.9166 0.4521
vt 0.7500 0.9166 0.4521
vt 0.7188 0.9413 0.4707
vt 0.7500 0.9413 0.4707
vt 0.6875 0.9413 0.4707
vt 0.6875 0.9166 0.4521
vt 0.7188 0.9673 0.4856
vt 0.7500 0.9673 0.4856
vt 0.7188 0.9942 0.4964
vt 0.7500 0.9942 0.4964
vt 0.6875 0.9942 0.4964
vt 0.6875 0.9673 0.4856
vt 0.7188 1.0220 0.5030
vt 0.7500 1.0220 0.5030
vt 0.7188 1.0459 0.5062
vt 0.7500 1.0459 0.5062
vt 0.6875 1.0459 0.5062
vt 0.6875 1.0220 0.5030
vt 0.7188 1.0613 0.5068
vt 0.7500 1.0613 0.5068
vt 0.7188 1.0724 0.5061
vt 0.7500 1.0724 0.5061
vt 0.6875 1.0724 0.5061
vt 0.6875 1.0613 0.5068
vt 0.7188 0.3615 1.3175
vt 0.7188 0.3518 1.3416
vt 0.7500 0.3518 1.3416
vt 0.7500 0.3615 1.3175
vt 0.7187 0.3713 1.2934
vt 0.7500 0.3713 1.2934
vt 0.6875 0.3713 1.2934
vt 0.6875 0.3615 1.3175
vt 0.6875 0.3518 1.3416
vt 0.7187 0.3813 1.2694
vt 0.7500 0.3813 1.2694
vt 0.7188 0.3913 1.2454
vt 0.7500 0.3913 1.2454
vt 0.6875 0.3913 1.2454
vt 0.6875 0.3813 1.2694
vt 0.7187 0.4014 1.2214
vt 0.7500 0.4014 1.2214
vt 0.7187 0.4117 1.1976
vt 0.7500 0.4117 1.1976
vt 0.6875 0.4117 1.1976
vt 0.6875 0.4014 1.2214
vt 0.7187 0.4221 1.1737
vt 0.7500 0.4221 1.1737
vt 0.7187 0.4327 1.1500
vt 0.7500 0.4327 1.1500
vt 0.6875 0.4327 1.1500
vt 0.6875 0.4221 1.1737
vt 0.7187 0.4434 1.1264
vt 0.7500 0.4434 1.1264
vt 0.7187 0.4550 1.1015
vt 0.7500 0.4550 1.1015
vt 0.6875 0.4550 1.1015
vt 0.6875 0.4434 1.1264
vt 0.7187 0.4681 1.0740
vt 0.7500 0.4681 1.0740
vt 0.7187 0.4851 1.0405
vt 0.7500 0.4851 1.0405
vt 0.6875 0.4851 1.0405
vt 0.6875 0.4681 1.0740
vt 0.7187 0.5082 0.9974
vt 0.7500 0.5082 0.9974
vt 0.7187 0.5350 0.9505
vt 0.7500 0.5350 0.9505
vt 0.6875 0.5350 0.9505
vt 0.6875 0.5082 0.9974
vt 0.7187 0.5631 0.9052
vt 0.7500 0.5631 0.9052
vt 0.7188 0.5927 0.8619
vt 0.7500 0.5927 0.8619
vt 0.6875 0.5927 0.8619
vt 0.6875 0.5631 0.9052
vt 0.7188 0.6239 0.8206
vt 0.7500 0.6239 0.8206
vt 0.7187 0.6569 0.7817
vt 0.7500 0.6569 0.7817
vt 0.6875 0.6569 0.7817
vt 0.6875 0.6239 0.8206
vt 0.7187 0.6919 0.7455
vt 0.7500 0.6919 0.7455
vt 0.7187 0.7291 0.7123
vt 0.7500 0.7291 0.7123
vt 0.6875 0.7291 0.7123
vt 0.6875 0.6919 0.7455
vt 0.7188 0.7686 0.6826
vt 0.7500 0.7686 0.6826
vt 0.7188 0.8104 0.6568
vt 0.7500 0.8104 0.6568
vt 0.6875 0.8104 0.6568
vt 0.6875 0.7686 0.6826
vt 0.7188 0.8548 0.6355
vt 0.7500 0.8548 0.6355
vt 0.7005 0.8972 0.6201
vt 0.7240 0.8993 0.6198
vt 0.6680 0.8993 0.6198
vt 0.6875 0.8548 0.6355
vt 0.6458 0.9335 0.6119
vt 0.6458 0.9418 0.6107
vt 0.6094 0.9418 0.6107
vt 0.5065 0.9896 0.6039
vt 0.8437 0.2724 1.6377
vt 0.8151 0.2278 1.4590
vt 0.8437 0.3052 1.8326
vt 0.8750 0.3052 1.8327
vt 0.8750 0.2724 1.6377
vt 0.8359 0.2228 1.4508
vt 0.6562 -0.2388 1.7063
vt 0.6250 -0.2388 1.7063
vt 0.6250 -0.3093 1.7063
vt 0.6562 -0.3093 1.7063
vt 0.6562 -0.1683 1.7063
vt 0.6250 -0.1683 1.7063
vt 0.6562 0.1796 6.7773
vt 0.6250 0.1796 6.7773
vt 0.6250 0.1893 6.9258
vt 0.6563 0.1893 6.9258
vt 0.6562 0.1697 6.6295
vt 0.6250 0.1697 6.6295
vt 0.6562 -0.1114 1.3568
vt 0.6562 -0.1144 1.3562
vt 0.6562 -0.1077 1.3571
vt 0.6250 -0.1077 1.3571
vt 0.6250 -0.1114 1.3568
vt 0.6250 -0.1144 1.3562
vt 0.6562 -0.1027 1.3568
vt 0.6562 -0.0967 1.3554
vt 0.6250 -0.0967 1.3554
vt 0.6250 -0.1027 1.3568
vt 0.6562 -0.0898 1.3523
vt 0.6562 -0.0822 1.3471
vt 0.6250 -0.0822 1.3471
vt 0.6250 -0.0898 1.3523
vt 0.6562 -0.0742 1.3392
vt 0.6562 -0.0659 1.3281
vt 0.6250 -0.0659 1.3281
vt 0.6250 -0.0742 1.3392
vt 0.6563 -0.0576 1.3133
vt 0.6562 -0.0494 1.2942
vt 0.6250 -0.0494 1.2942
vt 0.6250 -0.0576 1.3133
vt 0.6562 -0.0417 1.2704
vt 0.6562 -0.0345 1.2412
vt 0.6250 -0.0345 1.2412
vt 0.6250 -0.0417 1.2704
vt 0.6562 -0.0282 1.2062
vt 0.6563 -0.0192 1.1553
vt 0.6250 -0.0192 1.1553
vt 0.6250 -0.0282 1.2062
vt 0.6563 -0.0042 1.0782
vt 0.6562 0.0164 0.9944
vt 0.6250 0.0164 0.9944
vt 0.6250 -0.0042 1.0782
vt 0.6562 0.0422 0.9232
vt 0.6562 0.0719 0.8636
vt 0.6250 0.0719 0.8636
vt 0.6250 0.0422 0.9232
vt 0.6563 0.1044 0.8144
vt 0.6563 0.1385 0.7748
vt 0.6250 0.1385 0.7748
vt 0.6250 0.1044 0.8144
vt 0.6563 0.1729 0.7436
vt 0.6562 0.2066 0.7198
vt 0.6250 0.2066 0.7198
vt 0.6250 0.1729 0.7436
vt 0.6562 0.2382 0.7025
vt 0.6563 0.2667 0.6905
vt 0.6250 0.2667 0.6905
vt 0.6250 0.2382 0.7025
vt 0.6563 0.2907 0.6829
vt 0.6562 0.3092 0.6785
vt 0.6250 0.3092 0.6785
vt 0.6250 0.2907 0.6829
vt 0.6562 0.3210 0.6765
vt 0.6563 0.3306 0.6751
vt 0.6250 0.3306 0.6751
vt 0.6250 0.3210 0.6765
vt 0.6563 0.3427 0.6729
vt 0.6563 0.3558 0.6690
vt 0.6250 0.3558 0.6690
vt 0.6250 0.3427 0.6729
vt 0.6563 0.3684 0.6625
vt 0.6563 0.3805 0.6538
vt 0.6250 0.3805 0.6538
vt 0.6250 0.3684 0.6625
vt 0.6563 0.3919 0.6428
vt 0.6563 0.4026 0.6298
vt 0.6250 0.4026 0.6298
vt 0.6250 0.3919 0.6428
vt 0.6563 0.4125 0.6148
vt 0.6562 0.4216 0.5980
vt 0.6250 0.4216 0.5980
vt 0.6250 0.4125 0.6148
vt 0.6562 0.4297 0.5796
vt 0.6562 0.4369 0.5596
vt 0.6250 0.4369 0.5596
vt 0.6250 0.4297 0.5796
vt 0.6562 0.4429 0.5383
vt 0.6562 0.4485 0.5163
vt 0.6250 0.4485 0.5163
vt 0.6250 0.4429 0.5383
vt 0.6562 0.1090 3.4699
vt 0.6562 0.1136 3.5016
vt 0.6562 0.1045 3.4383
vt 0.6250 0.1045 3.4383
vt 0.6250 0.1090 3.4699
vt 0.6250 0.1136 3.5016
vt 0.6563 0.4603 0.4679
vt 0.6563 0.4546 0.4680
vt 0.6562 0.4660 0.4674
vt 0.6250 0.4660 0.4674
vt 0.6250 0.4603 0.4679
vt 0.6250 0.4546 0.4680
vt 0.6562 0.4715 0.4658
vt 0.6562 0.4768 0.4632
vt 0.6250 0.4768 0.4632
vt 0.6250 0.4715 0.4658
vt 0.6562 0.4818 0.4598
vt 0.6562 0.4865 0.4554
vt 0.6250 0.4865 0.4554
vt 0.6250 0.4818 0.4598
vt 0.6562 0.4908 0.4501
vt 0.6562 0.4947 0.4441
vt 0.6250 0.4947 0.4441
vt 0.6250 0.4908 0.4501
vt 0.6562 0.4981 0.4373
vt 0.6562 0.5010 0.4297
vt 0.6250 0.5010 0.4297
vt 0.6250 0.4981 0.4373
vt 0.6562 0.5034 0.4215
vt 0.6563 0.5051 0.4126
vt 0.6250 0.5051 0.4126
vt 0.6250 0.5034 0.4215
vt 0.6563 0.5062 0.4031
vt 0.6563 0.5069 0.3934
vt 0.6250 0.5069 0.3934
vt 0.6250 0.5062 0.4031
vt 0.6562 0.0870 3.1481
vt 0.6562 0.0950 3.1701
vt 0.6562 0.0791 3.1253
vt 0.6250 0.0791 3.1253
vt 0.6250 0.0870 3.1481
vt 0.6250 0.0950 3.1701
vt 0.6562 0.0712 3.1013
vt 0.6562 0.0640 3.0754
vt 0.6250 0.0640 3.0754
vt 0.6250 0.0712 3.1013
vt 0.6562 0.0579 3.0470
vt 0.6562 0.0525 3.0172
vt 0.6250 0.0525 3.0172
vt 0.6250 0.0579 3.0470
vt 0.6563 0.5266 0.1932
vt 0.6563 0.5195 0.2090
vt 0.6563 0.5342 0.1790
vt 0.6250 0.5342 0.1790
vt 0.6250 0.5266 0.1932
vt 0.6250 0.5195 0.2090
vt 0.6563 0.5427 0.1680
vt 0.6563 0.5522 0.1598
vt 0.6250 0.5522 0.1598
vt 0.6250 0.5427 0.1680
vt 0.6563 0.5624 0.1541
vt 0.6563 0.5732 0.1505
vt 0.6250 0.5732 0.1505
vt 0.6250 0.5624 0.1541
vt 0.6563 0.5845 0.1484
vt 0.6563 0.5962 0.1476
vt 0.6250 0.5962 0.1476
vt 0.6250 0.5845 0.1484
vt 0.6562 0.6081 0.1476
vt 0.6562 0.6341 0.1479
vt 0.6250 0.6341 0.1479
vt 0.6250 0.6081 0.1476
vt 0.6562 0.6879 0.1480
vt 0.6562 0.7396 0.1480
vt 0.6250 0.7396 0.1480
vt 0.6250 0.6879 0.1480
vt 0.6562 0.7733 0.1907
vt 0.6562 0.7646 0.1587
vt 0.6562 0.7848 0.2324
vt 0.6250 0.7848 0.2324
vt 0.6250 0.7733 0.1907
vt 0.6250 0.7646 0.1587
vt 0.6563 0.7983 0.2719
vt 0.6563 0.8138 0.3090
vt 0.6250 0.8138 0.3090
vt 0.6250 0.7983 0.2719
vt 0.6563 0.8311 0.3436
vt 0.6562 0.8502 0.3754
vt 0.6250 0.8502 0.3754
vt 0.6250 0.8311 0.3436
vt 0.6562 0.8709 0.4042
vt 0.6562 0.8930 0.4299
vt 0.6250 0.8930 0.4299
vt 0.6250 0.8709 0.4042
vt 0.6562 0.9166 0.4521
vt 0.6562 0.9413 0.4707
vt 0.6250 0.9413 0.4707
vt 0.6250 0.9166 0.4521
vt 0.6562 0.9673 0.4856
vt 0.6562 0.9942 0.4964
vt 0.6250 0.9942 0.4964
vt 0.6250 0.9673 0.4856
vt 0.6562 1.0220 0.5030
vt 0.6562 1.0459 0.5062
vt 0.6250 1.0459 0.5062
vt 0.6250 1.0220 0.5030
vt 0.6562 1.0613 0.5068
vt 0.6562 1.0724 0.5061
vt 0.6250 1.0724 0.5061
vt 0.6250 1.0613 0.5068
vt 0.6562 0.3615 1.3175
vt 0.6562 0.3518 1.3416
vt 0.6562 0.3713 1.2934
vt 0.6250 0.3713 1.2934
vt 0.6250 0.3615 1.3175
vt 0.6250 0.3518 1.3416
vt 0.6562 0.3813 1.2694
vt 0.6562 0.3913 1.2454
vt 0.6250 0.3913 1.2454
vt 0.6250 0.3813 1.2694
vt 0.6562 0.4014 1.2214
vt 0.6562 0.4117 1.1976
vt 0.6250 0.4117 1.1976
vt 0.6250 0.4014 1.2214
vt 0.6562 0.4221 1.1737
vt 0.6562 0.4327 1.1500
vt 0.6250 0.4327 1.1500
vt 0.6250 0.4221 1.1737
vt 0.6562 0.4434 1.1264
vt 0.6562 0.4550 1.1015
vt 0.6250 0.4550 1.1015
vt 0.6250 0.4434 1.1264
vt 0.6562 0.4681 1.0740
vt 0.6562 0.4851 1.0405
vt 0.6250 0.4851 1.0405
vt 0.6250 0.4681 1.0740
vt 0.6562 0.5082 0.9974
vt 0.6562 0.5350 0.9505
vt 0.6250 0.5350 0.9505
vt 0.6250 0.5082 0.9974
vt 0.6562 0.5631 0.9052
vt 0.6562 0.5927 0.8619
vt 0.6250 0.5927 0.8619
vt 0.6250 0.5631 0.9052
vt 0.6562 0.6239 0.8206
vt 0.6562 0.6569 0.7817
vt 0.6250 0.6569 0.7817
vt 0.6250 0.6239 0.8206
vt 0.6562 0.6919 0.7455
vt 0.6562 0.7291 0.7123
vt 0.6250 0.7291 0.7123
vt 0.6250 0.6919 0.7455
vt 0.6562 0.7686 0.6826
vt 0.6562 0.8104 0.6568
vt 0.6250 0.8104 0.6568
vt 0.6250 0.7686 0.6826
vt 0.6562 0.8548 0.6355
vt 0.6432 0.8972 0.6201
vt 0.6120 0.8993 0.6198
vt 0.6250 0.8548 0.6355
vt 0.6042 0.9335 0.6119
vt 0.5729 0.9418 0.6107
vt 0.9062 0.2724 1.6377
vt 0.8724 0.2278 1.4590
vt 0.9062 0.3052 1.8327
vt 0.9375 0.3052 1.8327
vt 0.9375 0.2724 1.6377
vt 0.8919 0.2228 1.4508
vt 0.5937 -0.2388 1.7063
vt 0.5625 -0.2388 1.7063
vt 0.5625 -0.3093 1.7063
vt 0.5937 -0.3093 1.7063
vt 0.5937 -0.1683 1.7063
vt 0.5625 -0.1683 1.7063
vt 0.5937 0.1796 6.7773
vt 0.5625 0.1796 6.7773
vt 0.5625 0.1893 6.9258
vt 0.5937 0.1893 6.9258
vt 0.5937 0.1697 6.6295
vt 0.5625 0.1697 6.6295
vt 0.5938 -0.1114 1.3568
vt 0.5938 -0.1144 1.3562
vt 0.5938 -0.1077 1.3571
vt 0.5625 -0.1077 1.3571
vt 0.5625 -0.1114 1.3568
vt 0.5625 -0.1144 1.3562
vt 0.5937 -0.1027 1.3568
vt 0.5937 -0.0967 1.3554
vt 0.5625 -0.0967 1.3554
vt 0.5625 -0.1027 1.3568
vt 0.5938 -0.0898 1.3523
vt 0.5938 -0.0822 1.3471
vt 0.5625 -0.0822 1.3471
vt 0.5625 -0.0898 1.3523
vt 0.5937 -0.0742 1.3392
vt 0.5937 -0.0659 1.3281
vt 0.5625 -0.0659 1.3281
vt 0.5625 -0.0742 1.3392
vt 0.5937 -0.0576 1.3133
vt 0.5938 -0.0494 1.2942
vt 0.5625 -0.0494 1.2942
vt 0.5625 -0.0576 1.3133
vt 0.5938 -0.0417 1.2704
vt 0.5938 -0.0345 1.2412
vt 0.5625 -0.0345 1.2412
vt 0.5625 -0.0417 1.2704
vt 0.5938 -0.0282 1.2062
vt 0.5938 -0.0192 1.1553
vt 0.5625 -0.0192 1.1553
vt 0.5625 -0.0282 1.2062
vt 0.5938 -0.0042 1.0782
vt 0.5937 0.0164 0.9944
vt 0.5625 0.0164 0.9944
vt 0.5625 -0.0042 1.0782
vt 0.5937 0.0422 0.9232
vt 0.5937 0.0719 0.8636
vt 0.5625 0.0719 0.8636
vt 0.5625 0.0422 0.9232
vt 0.5937 0.1044 0.8144
vt 0.5938 0.1385 0.7748
vt 0.5625 0.1385 0.7748
vt 0.5625 0.1044 0.8144
vt 0.5938 0.1729 0.7436
vt 0.5937 0.2066 0.7198
vt 0.5625 0.2066 0.7198
vt 0.5625 0.1729 0.7436
vt 0.5937 0.2382 0.7025
vt 0.5938 0.2667 0.6905
vt 0.5625 0.2667 0.6905
vt 0.5625 0.2382 0.7025
vt 0.5938 0.2907 0.6829
vt 0.5938 0.3092 0.6785
vt 0.5625 0.3092 0.6785
vt 0.5625 0.2907 0.6829
vt 0.5937 0.3210 0.6765
vt 0.5937 0.3306 0.6751
vt 0.5625 0.3306 0.6751
vt 0.5625 0.3210 0.6765
vt 0.5938 0.3427 0.6729
vt 0.5938 0.3558 0.6690
vt 0.5625 0.3558 0.6690
vt 0.5625 0.3427 0.6729
vt 0.5937 0.3684 0.6625
vt 0.5937 0.3805 0.6538
vt 0.5625 0.3805 0.6538
vt 0.5625 0.3684 0.6625
vt 0.5937 0.3919 0.6428
vt 0.5937 0.4026 0.6298
vt 0.5625 0.4026 0.6298
vt 0.5625 0.3919 0.6428
vt 0.5937 0.4125 0.6148
vt 0.5937 0.4216 0.5980
vt 0.5625 0.4216 0.5980
vt 0.5625 0.4125 0.6148
vt 0.5937 0.4297 0.5796
vt 0.5937 0.4369 0.5596
vt 0.5625 0.4369 0.5596
vt 0.5625 0.4297 0.5796
vt 0.5937 0.4429 0.5383
vt 0.5937 0.4485 0.5163
vt 0.5625 0.4485 0.5163
vt 0.5625 0.4429 0.5383
vt 0.5937 0.1090 3.4699
vt 0.5937 0.1136 3.5016
vt 0.5937 0.1045 3.4383
vt 0.5625 0.1045 3.4383
vt 0.5625 0.1090 3.4699
vt 0.5625 0.1136 3.5016
vt 0.5938 0.4603 0.4679
vt 0.5938 0.4546 0.4680
vt 0.5938 0.4660 0.4674
vt 0.5625 0.4660 0.4674
vt 0.5625 0.4603 0.4679
vt 0.5625 0.4546 0.4680
vt 0.5938 0.4715 0.4658
vt 0.5937 0.4768 0.4632
vt 0.5625 0.4768 0.4632
vt 0.5625 0.4715 0.4658
vt 0.5937 0.4818 0.4598
vt 0.5937 0.4865 0.4554
vt 0.5625 0.4865 0.4554
vt 0.5625 0.4818 0.4598
vt 0.5937 0.4908 0.4501
vt 0.5938 0.4947 0.4441
vt 0.5625 0.4947 0.4441
vt 0.5625 0.4908 0.4501
vt 0.5937 0.4981 0.4373
vt 0.5937 0.5010 0.4297
vt 0.5625 0.5010 0.4297
vt 0.5625 0.4981 0.4373
vt 0.5937 0.5034 0.4215
vt 0.5938 0.5051 0.4126
vt 0.5625 0.5051 0.4126
vt 0.5625 0.5034 0.4215
vt 0.5938 0.5062 0.4031
vt 0.5937 0.5069 0.3934
vt 0.5625 0.5069 0.3934
vt 0.5625 0.5062 0.4031
vt 0.5937 0.0870 3.1481
vt 0.5937 0.0950 3.1701
vt 0.5937 0.0791 3.1253
vt 0.5625 0.0791 3.1253
vt 0.5625 0.0870 3.1481
vt 0.5625 0.0950 3.1701
vt 0.5937 0.0712 3.1013
vt 0.5937 0.0640 3.0754
vt 0.5625 0.0640 3.0754
vt 0.5625 0.0712 3.1013
vt 0.5937 0.0579 3.0470
vt 0.5937 0.0525 3.0172
vt 0.5625 0.0525 3.0172
vt 0.5625 0.0579 3.0470
vt 0.5938 0.5266 0.1932
vt 0.5938 0.5195 0.2090
vt 0.5938 0.5342 0.1790
vt 0.5625 0.5342 0.1789
vt 0.5625 0.5266 0.1932
vt 0.5625 0.5195 0.2090
vt 0.5938 0.5427 0.1680
vt 0.5938 0.5522 0.1598
vt 0.5625 0.5522 0.1598
vt 0.5625 0.5427 0.1680
vt 0.5937 0.5624 0.1541
vt 0.5937 0.5732 0.1505
vt 0.5625 0.5732 0.1505
vt 0.5625 0.5624 0.1541
vt 0.5937 0.5845 0.1484
vt 0.5937 0.5962 0.1476
vt 0.5625 0.5962 0.1476
vt 0.5625 0.5845 0.1484
vt 0.5937 0.6081 0.1476
vt 0.5937 0.6341 0.1479
vt 0.5625 0.6341 0.1479
vt 0.5625 0.6081 0.1476
vt 0.5937 0.6879 0.1480
vt 0.5937 0.7396 0.1480
vt 0.5625 0.7396 0.1480
vt 0.5625 0.6879 0.1480
vt 0.5937 0.7733 0.1907
vt 0.5937 0.7646 0.1587
vt 0.5937 0.7848 0.2324
vt 0.5625 0.7848 0.2324
vt 0.5625 0.7733 0.1907
vt 0.5625 0.7646 0.1587
vt 0.5937 0.7983 0.2719
vt 0.5938 0.8138 0.3090
vt 0.5625 0.8138 0.3090
vt 0.5625 0.7983 0.2719
vt 0.5938 0.8311 0.3436
vt 0.5937 0.8502 0.3754
vt 0.5625 0.8502 0.3754
vt 0.5625 0.8311 0.3436
vt 0.5937 0.8709 0.4042
vt 0.5937 0.8930 0.4299
vt 0.5625 0.8930 0.4299
vt 0.5625 0.8709 0.4042
vt 0.5937 0.9166 0.4521
vt 0.5937 0.9413 0.4707
vt 0.5625 0.9413 0.4707
vt 0.5625 0.9166 0.4521
vt 0.5937 0.9673 0.4856
vt 0.5937 0.9942 0.4964
vt 0.5625 0.9942 0.4964
vt 0.5625 0.9673 0.4856
vt 0.5937 1.0220 0.5030
vt 0.5937 1.0459 0.5062
vt 0.5625 1.0459 0.5062
vt 0.5625 1.0220 0.5030
vt 0.5937 1.0613 0.5068
vt 0.5937 1.0724 0.5061
vt 0.5625 1.0724 0.5061
vt 0.5625 1.0613 0.5068
vt 0.5937 0.3615 1.3175
vt 0.5937 0.3518 1.3416
vt 0.5937 0.3713 1.2934
vt 0.5625 0.3713 1.2934
vt 0.5625 0.3615 1.3175
vt 0.5625 0.3518 1.3416
vt 0.5937 0.3813 1.2694
vt 0.5937 0.3913 1.2454
vt 0.5625 0.3913 1.2454
vt 0.5625 0.3813 1.2694
vt 0.5937 0.4014 1.2214
vt 0.5937 0.4117 1.1976
vt 0.5625 0.4117 1.1976
vt 0.5625 0.4014 1.2214
vt 0.5937 0.4221 1.1737
vt 0.5937 0.4327 1.1500
vt 0.5625 0.4327 1.1500
vt 0.5625 0.4221 1.1737
vt 0.5937 0.4434 1.1264
vt 0.5937 0.4550 1.1015
vt 0.5625 0.4550 1.1015
vt 0.5625 0.4434 1.1264
vt 0.5937 0.4681 1.0740
vt 0.5937 0.4851 1.0405
vt 0.5625 0.4851 1.0405
vt 0.5625 0.4681 1.0740
vt 0.5937 0.5082 0.9974
vt 0.5937 0.5350 0.9505
vt 0.5625 0.5350 0.9505
vt 0.5625 0.5082 0.9974
vt 0.5937 0.5631 0.9052
vt 0.5937 0.5927 0.8619
vt 0.5625 0.5927 0.8619
vt 0.5625 0.5631 0.9052
vt 0.5937 0.6239 0.8206
vt 0.5937 0.6569 0.7817
vt 0.5625 0.6569 0.7817
vt 0.5625 0.6239 0.8206
vt 0.5937 0.6919 0.7455
vt 0.5937 0.7291 0.7123
vt 0.5625 0.7291 0.7123
vt 0.5625 0.6919 0.7455
vt 0.5937 0.7686 0.6826
vt 0.5937 0.8104 0.6568
vt 0.5625 0.8104 0.6568
vt 0.5625 0.7686 0.6826
vt 0.5937 0.8548 0.6355
vt 0.5859 0.8972 0.6201
vt 0.5560 0.8993 0.6198
vt 0.5625 0.8548 0.6355
vt 0.5625 0.9335 0.6119
vt 0.5365 0.9418 0.6107
vt 0.9687 0.2724 1.6377
vt 0.9297 0.2278 1.4590
vt 0.9687 0.3052 1.8326
vt 1.0000 0.3052 1.8326
vt 1.0000 0.2724 1.6377
vt 0.9479 0.2228 1.4508
vt 0.5312 -0.2388 1.7063
vt 0.5000 -0.2388 1.7063
vt 0.5000 -0.3093 1.7063
vt 0.5312 -0.3093 1.7063
vt 0.5312 -0.1683 1.7063
vt 0.5000 -0.1683 1.7063
vt 0.5312 0.1796 6.7773
vt 0.5000 0.1796 6.7773
vt 0.5000 0.1893 6.9258
vt 0.5312 0.1893 6.9258
vt 0.5312 0.1697 6.6295
vt 0.5000 0.1697 6.6295
vt 0.5313 -0.1114 1.3568
vt 0.5313 -0.1144 1.3562
vt 0.5313 -0.1077 1.3571
vt 0.5000 -0.1077 1.3571
vt 0.5000 -0.1114 1.3568
vt 0.5000 -0.1144 1.3562
vt 0.5312 -0.1027 1.3568
vt 0.5312 -0.0967 1.3554
vt 0.5000 -0.0967 1.3554
vt 0.5000 -0.1027 1.3568
vt 0.5313 -0.0898 1.3523
vt 0.5313 -0.0822 1.3471
vt 0.5000 -0.0822 1.3471
vt 0.5000 -0.0898 1.3523
vt 0.5312 -0.0742 1.3392
vt 0.5312 -0.0659 1.3281
vt 0.5000 -0.0659 1.3281
vt 0.5000 -0.0742 1.3392
vt 0.5312 -0.0576 1.3133
vt 0.5312 -0.0494 1.2942
vt 0.5000 -0.0494 1.2942
vt 0.5000 -0.0576 1.3133
vt 0.5313 -0.0417 1.2704
vt 0.5313 -0.0345 1.2412
vt 0.5000 -0.0345 1.2412
vt 0.5000 -0.0417 1.2704
vt 0.5313 -0.0282 1.2062
vt 0.5312 -0.0192 1.1553
vt 0.5000 -0.0192 1.1553
vt 0.5000 -0.0282 1.2062
vt 0.5312 -0.0042 1.0782
vt 0.5312 0.0164 0.9944
vt 0.5000 0.0164 0.9944
vt 0.5000 -0.0042 1.0782
vt 0.5312 0.0422 0.9232
vt 0.5312 0.0719 0.8636
vt 0.5000 0.0719 0.8636
vt 0.5000 0.0422 0.9232
vt 0.5312 0.1044 0.8144
vt 0.5312 0.1385 0.7748
vt 0.5000 0.1385 0.7748
vt 0.5000 0.1044 0.8144
vt 0.5312 0.1729 0.7436
vt 0.5312 0.2066 0.7198
vt 0.5000 0.2066 0.7198
vt 0.5000 0.1729 0.7436
vt 0.5312 0.2382 0.7025
vt 0.5312 0.2667 0.6905
vt 0.5000 0.2667 0.6905
vt 0.5000 0.2382 0.7025
vt 0.5312 0.2907 0.6829
vt 0.5312 0.3092 0.6785
vt 0.5000 0.3092 0.6785
vt 0.5000 0.2907 0.6829
vt 0.5312 0.3210 0.6765
vt 0.5312 0.3306 0.6751
vt 0.5000 0.3306 0.6751
vt 0.5000 0.3210 0.6765
vt 0.5312 0.3427 0.6729
vt 0.5312 0.3558 0.6690
vt 0.5000 0.3558 0.6690
vt 0.5000 0.3427 0.6729
vt 0.5312 0.3684 0.6625
vt 0.5312 0.3805 0.6538
vt 0.5000 0.3805 0.6538
vt 0.5000 0.3684 0.6625
vt 0.5312 0.3919 0.6428
vt 0.5312 0.4026 0.6298
vt 0.5000 0.4026 0.6298
vt 0.5000 0.3919 0.6428
vt 0.5312 0.4125 0.6148
vt 0.5312 0.4216 0.5980
vt 0.5000 0.4216 0.5980
vt 0.5000 0.4125 0.6148
vt 0.5312 0.4297 0.5796
vt 0.5313 0.4369 0.5596
vt 0.5000 0.4369 0.5596
vt 0.5000 0.4297 0.5796
vt 0.5313 0.4429 0.5383
vt 0.5313 0.4485 0.5163
vt 0.5000 0.4485 0.5163
vt 0.5000 0.4429 0.5383
vt 0.5312 0.1090 3.4699
vt 0.5312 0.1136 3.5016
vt 0.5312 0.1045 3.4383
vt 0.5000 0.1045 3.4383
vt 0.5000 0.1090 3.4699
vt 0.5000 0.1136 3.5016
vt 0.5313 0.4603 0.4679
vt 0.5312 0.4546 0.4680
vt 0.5313 0.4660 0.4674
vt 0.5000 0.4660 0.4674
vt 0.5000 0.4603 0.4679
vt 0.5000 0.4546 0.4680
vt 0.5313 0.4715 0.4658
vt 0.5313 0.4768 0.4632
vt 0.5000 0.4768 0.4632
vt 0.5000 0.4715 0.4658
vt 0.5312 0.4818 0.4598
vt 0.5312 0.4865 0.4554
vt 0.5000 0.4865 0.4554
vt 0.5000 0.4818 0.4598
vt 0.5313 0.4908 0.4501
vt 0.5313 0.4947 0.4441
vt 0.5000 0.4947 0.4441
vt 0.5000 0.4908 0.4501
vt 0.5313 0.4981 0.4373
vt 0.5312 0.5010 0.4297
vt 0.5000 0.5010 0.4297
vt 0.5000 0.4981 0.4373
vt 0.5312 0.5034 0.4215
vt 0.5313 0.5051 0.4126
vt 0.5000 0.5051 0.4126
vt 0.5000 0.5034 0.4215
vt 0.5313 0.5062 0.4031
vt 0.5312 0.5069 0.3934
vt 0.5000 0.5069 0.3934
vt 0.5000 0.5062 0.4031
vt 0.5312 0.0870 3.1481
vt 0.5312 0.0950 3.1701
vt 0.5312 0.0791 3.1253
vt 0.5000 0.0791 3.1253
vt 0.5000 0.0870 3.1481
vt 0.5000 0.0950 3.1701
vt 0.5312 0.0712 3.1013
vt 0.5312 0.0640 3.0754
vt 0.5000 0.0640 3.0754
vt 0.5000 0.0712 3.1013
vt 0.5312 0.0579 3.0470
vt 0.5312 0.0525 3.0172
vt 0.5000 0.0525 3.0172
vt 0.5000 0.0579 3.0470
vt 0.5313 0.5266 0.1932
vt 0.5313 0.5195 0.2090
vt 0.5312 0.5342 0.1789
vt 0.5000 0.5342 0.1789
vt 0.5000 0.5266 0.1932
vt 0.5000 0.5195 0.2090
vt 0.5312 0.5427 0.1680
vt 0.5312 0.5522 0.1598
vt 0.5000 0.5522 0.1598
vt 0.5000 0.5427 0.1680
vt 0.5312 0.5624 0.1541
vt 0.5312 0.5732 0.1505
vt 0.5000 0.5732 0.1505
vt 0.5000 0.5624 0.1541
vt 0.5312 0.5845 0.1484
vt 0.5312 0.5962 0.1476
vt 0.5000 0.5962 0.1476
vt 0.5000 0.5845 0.1484
vt 0.5312 0.6081 0.1476
vt 0.5313 0.6341 0.1479
vt 0.5000 0.6341 0.1479
vt 0.5000 0.6081 0.1476
vt 0.5313 0.6879 0.1480
vt 0.5313 0.7396 0.1480
vt 0.5000 0.7396 0.1480
vt 0.5000 0.6879 0.1480
vt 0.5312 0.7733 0.1907
vt 0.5313 0.7646 0.1587
vt 0.5312 0.7848 0.2324
vt 0.5000 0.7848 0.2324
vt 0.5000 0.7733 0.1907
vt 0.5000 0.7646 0.1587
vt 0.5312 0.7983 0.2719
vt 0.5312 0.8138 0.3090
vt 0.5000 0.8138 0.3090
vt 0.5000 0.7983 0.2719
vt 0.5313 0.8311 0.3436
vt 0.5313 0.8502 0.3754
vt 0.5000 0.8502 0.3754
vt 0.5000 0.8311 0.3436
vt 0.5312 0.8709 0.4042
vt 0.5312 0.8930 0.4299
vt 0.5000 0.8930 0.4299
vt 0.5000 0.8709 0.4042
vt 0.5312 0.9166 0.4521
vt 0.5312 0.9413 0.4707
vt 0.5000 0.9413 0.4707
vt 0.5000 0.9166 0.4521
vt 0.5312 0.9673 0.4856
vt 0.5312 0.9942 0.4964
vt 0.5000 0.9942 0.4964
vt 0.5000 0.9673 0.4856
vt 0.5312 1.0220 0.5030
vt 0.5312 1.0459 0.5062
vt 0.5000 1.0459 0.5062
vt 0.5000 1.0220 0.5030
vt 0.5312 1.0613 0.5068
vt 0.5312 1.0724 0.5061
vt 0.5000 1.0724 0.5061
vt 0.5000 1.0613 0.5068
vt 0.5312 0.3615 1.3175
vt 0.5312 0.3518 1.3416
vt 0.5312 0.3713 1.2934
vt 0.5000 0.3713 1.2934
vt 0.5000 0.3615 1.3175
vt 0.5000 0.3518 1.3416
vt 0.5312 0.3813 1.2694
vt 0.5312 0.3913 1.2454
vt 0.5000 0.3913 1.2454
vt 0.5000 0.3813 1.2694
vt 0.5312 0.4014 1.2214
vt 0.5312 0.4117 1.1976
vt 0.5000 0.4117 1.1976
vt 0.5000 0.4014 1.2214
vt 0.5312 0.4221 1.1738
vt 0.5312 0.4327 1.1500
vt 0.5000 0.4327 1.1500
vt 0.5000 0.4221 1.1738
vt 0.5312 0.4434 1.1264
vt 0.5312 0.4550 1.1015
vt 0.5000 0.4550 1.1015
vt 0.5000 0.4434 1.1264
vt 0.5312 0.4681 1.0740
vt 0.5312 0.4851 1.0405
vt 0.5000 0.4851 1.0405
vt 0.5000 0.4681 1.0740
vt 0.5312 0.5082 0.9974
vt 0.5312 0.5350 0.9505
vt 0.5000 0.5350 0.9505
vt 0.5000 0.5082 0.9974
vt 0.5312 0.5631 0.9052
vt 0.5312 0.5927 0.8619
vt 0.5000 0.5927 0.8619
vt 0.5000 0.5631 0.9052
vt 0.5312 0.6239 0.8206
vt 0.5312 0.6569 0.7817
vt 0.5000 0.6569 0.7817
vt 0.5000 0.6239 0.8206
vt 0.5312 0.6919 0.7455
vt 0.5312 0.7291 0.7123
vt 0.5000 0.7291 0.7123
vt 0.5000 0.6919 0.7455
vt 0.5312 0.7686 0.6826
vt 0.5312 0.8104 0.6568
vt 0.5000 0.8104 0.6568
vt 0.5000 0.7686 0.6826
vt 0.5312 0.8548 0.6355
vt 0.5286 0.8972 0.6201
vt 0.5000 0.8993 0.6198
vt 0.5000 0.8548 0.6355
vt 0.5208 0.9335 0.6119
vt 0.5000 0.9418 0.6107
vt 1.0312 0.2724 1.6377
vt 1.0312 0.2396 1.4427
vt 1.0312 0.3052 1.8326
vt 1.0625 0.3052 1.8327
vt 1.0625 0.2724 1.6377
vt 1.0625 0.2396 1.4427
vt 0.4688 -0.2388 1.7063
vt 0.4375 -0.2388 1.7063
vt 0.4375 -0.3093 1.7063
vt 0.4688 -0.3093 1.7063
vt 0.4688 -0.1683 1.7063
vt 0.4375 -0.1683 1.7063
vt 0.4688 0.1796 6.7773
vt 0.4375 0.1796 6.7773
vt 0.4375 0.1893 6.9258
vt 0.4688 0.1893 6.9258
vt 0.4688 0.1697 6.6295
vt 0.4375 0.1697 6.6295
vt 0.4688 -0.1114 1.3568
vt 0.4688 -0.1144 1.3562
vt 0.4688 -0.1077 1.3571
vt 0.4375 -0.1077 1.3571
vt 0.4375 -0.1114 1.3568
vt 0.4375 -0.1144 1.3562
vt 0.4688 -0.1027 1.3568
vt 0.4688 -0.0967 1.3554
vt 0.4375 -0.0967 1.3554
vt 0.4375 -0.1027 1.3568
vt 0.4688 -0.0898 1.3523
vt 0.4688 -0.0822 1.3471
vt 0.4375 -0.0822 1.3471
vt 0.4375 -0.0898 1.3523
vt 0.4688 -0.0742 1.3392
vt 0.4688 -0.0659 1.3281
vt 0.4375 -0.0659 1.3281
vt 0.4375 -0.0742 1.3392
vt 0.4688 -0.0576 1.3133
vt 0.4688 -0.0494 1.2942
vt 0.4375 -0.0494 1.2942
vt 0.4375 -0.0576 1.3133
vt 0.4688 -0.0417 1.2704
vt 0.4688 -0.0345 1.2412
vt 0.4375 -0.0345 1.2412
vt 0.4375 -0.0417 1.2704
vt 0.4688 -0.0282 1.2062
vt 0.4688 -0.0192 1.1553
vt 0.4375 -0.0192 1.1553
vt 0.4375 -0.0282 1.2062
vt 0.4688 -0.0042 1.0782
vt 0.4688 0.0164 0.9944
vt 0.4375 0.0164 0.9944
vt 0.4375 -0.0042 1.0782
vt 0.4688 0.0422 0.9232
vt 0.4688 0.0719 0.8636
vt 0.4375 0.0719 0.8636
vt 0.4375 0.0422 0.9232
vt 0.4688 0.1044 0.8144
vt 0.4688 0.1385 0.7748
vt 0.4375 0.1385 0.7748
vt 0.4375 0.1044 0.8144
vt 0.4688 0.1729 0.7436
vt 0.4688 0.2066 0.7198
vt 0.4375 0.2066 0.7198
vt 0.4375 0.1729 0.7436
vt 0.4688 0.2382 0.7025
vt 0.4688 0.2667 0.6905
vt 0.4375 0.2667 0.6905
vt 0.4375 0.2382 0.7025
vt 0.4688 0.2907 0.6829
vt 0.4688 0.3092 0.6785
vt 0.4375 0.3092 0.6785
vt 0.4375 0.2907 0.6829
vt 0.4688 0.3210 0.6765
vt 0.4688 0.3306 0.6751
vt 0.4375 0.3306 0.6751
vt 0.4375 0.3210 0.6765
vt 0.4688 0.3427 0.6729
vt 0.4688 0.3558 0.6690
vt 0.4375 0.3558 0.6690
vt 0.4375 0.3427 0.6729
vt 0.4688 0.3684 0.6625
vt 0.4688 0.3805 0.6538
vt 0.4375 0.3805 0.6538
vt 0.4375 0.3684 0.6626
vt 0.4688 0.3919 0.6428
vt 0.4688 0.4026 0.6298
vt 0.4375 0.4026 0.6298
vt 0.4375 0.3919 0.6428
vt 0.4688 0.4125 0.6148
vt 0.4688 0.4216 0.5980
vt 0.4375 0.4216 0.5980
vt 0.4375 0.4125 0.6148
vt 0.4688 0.4297 0.5796
vt 0.4688 0.4369 0.5596
vt 0.4375 0.4369 0.5596
vt 0.4375 0.4297 0.5796
vt 0.4688 0.4429 0.5383
vt 0.4688 0.4485 0.5163
vt 0.4375 0.4485 0.5163
vt 0.4375 0.4429 0.5383
vt 0.4688 0.1090 3.4699
vt 0.4688 0.1136 3.5016
vt 0.4687 0.1045 3.4383
vt 0.4375 0.1045 3.4383
vt 0.4375 0.1090 3.4699
vt 0.4375 0.1136 3.5016
vt 0.4688 0.4603 0.4680
vt 0.4688 0.4546 0.4680
vt 0.4688 0.4660 0.4674
vt 0.4375 0.4660 0.4674
vt 0.4375 0.4603 0.4680
vt 0.4375 0.4546 0.4680
vt 0.4688 0.4715 0.4658
vt 0.4688 0.4768 0.4632
vt 0.4375 0.4768 0.4633
vt 0.4375 0.4715 0.4658
vt 0.4688 0.4818 0.4598
vt 0.4688 0.4865 0.4554
vt 0.4375 0.4865 0.4554
vt 0.4375 0.4818 0.4598
vt 0.4688 0.4908 0.4501
vt 0.4688 0.4947 0.4441
vt 0.4375 0.4947 0.4441
vt 0.4375 0.4908 0.4501
vt 0.4688 0.4981 0.4373
vt 0.4688 0.5010 0.4297
vt 0.4375 0.5010 0.4297
vt 0.4375 0.4981 0.4373
vt 0.4688 0.5034 0.4215
vt 0.4688 0.5051 0.4126
vt 0.4375 0.5051 0.4126
vt 0.4375 0.5034 0.4215
vt 0.4688 0.5062 0.4031
vt 0.4688 0.5069 0.3934
vt 0.4375 0.5069 0.3934
vt 0.4375 0.5062 0.4031
vt 0.4688 0.0870 3.1481
vt 0.4688 0.0950 3.1701
vt 0.4688 0.0791 3.1253
vt 0.4375 0.0791 3.1253
vt 0.4375 0.0870 3.1481
vt 0.4375 0.0950 3.1701
vt 0.4688 0.0712 3.1014
vt 0.4688 0.0640 3.0754
vt 0.4375 0.0640 3.0754
vt 0.4375 0.0712 3.1014
vt 0.4688 0.0579 3.0470
vt 0.4688 0.0525 3.0172
vt 0.4375 0.0525 3.0172
vt 0.4375 0.0579 3.0470
vt 0.4688 0.5266 0.1932
vt 0.4688 0.5195 0.2090
vt 0.4688 0.5342 0.1789
vt 0.4375 0.5342 0.1790
vt 0.4375 0.5266 0.1932
vt 0.4375 0.5195 0.2090
vt 0.4688 0.5427 0.1680
vt 0.4688 0.5522 0.1598
vt 0.4375 0.5522 0.1598
vt 0.4375 0.5427 0.1680
vt 0.4688 0.5624 0.1541
vt 0.4688 0.5732 0.1505
vt 0.4375 0.5732 0.1505
vt 0.4375 0.5624 0.1541
vt 0.4688 0.5845 0.1484
vt 0.4688 0.5962 0.1476
vt 0.4375 0.5962 0.1476
vt 0.4375 0.5845 0.1484
vt 0.4688 0.6081 0.1476
vt 0.4688 0.6341 0.1479
vt 0.4375 0.6341 0.1479
vt 0.4375 0.6081 0.1476
vt 0.4688 0.6879 0.1480
vt 0.4687 0.7396 0.1480
vt 0.4375 0.7396 0.1480
vt 0.4375 0.6879 0.1480
vt 0.4688 0.7733 0.1907
vt 0.4687 0.7646 0.1587
vt 0.4688 0.7848 0.2324
vt 0.4375 0.7848 0.2324
vt 0.4375 0.7733 0.1907
vt 0.4375 0.7646 0.1587
vt 0.4688 0.7983 0.2719
vt 0.4688 0.8138 0.3090
vt 0.4375 0.8138 0.3090
vt 0.4375 0.7983 0.2719
vt 0.4688 0.8311 0.3436
vt 0.4688 0.8502 0.3754
vt 0.4375 0.8502 0.3754
vt 0.4375 0.8311 0.3436
vt 0.4688 0.8709 0.4042
vt 0.4688 0.8930 0.4299
vt 0.4375 0.8930 0.4299
vt 0.4375 0.8709 0.4042
vt 0.4688 0.9166 0.4521
vt 0.4688 0.9413 0.4707
vt 0.4375 0.9413 0.4707
vt 0.4375 0.9166 0.4521
vt 0.4688 0.9673 0.4856
vt 0.4688 0.9942 0.4964
vt 0.4375 0.9942 0.4964
vt 0.4375 0.9673 0.4856
vt 0.4688 1.0220 0.5030
vt 0.4688 1.0459 0.5062
vt 0.4375 1.0459 0.5062
vt 0.4375 1.0220 0.5030
vt 0.4688 1.0613 0.5068
vt 0.4688 1.0724 0.5061
vt 0.4375 1.0724 0.5061
vt 0.4375 1.0613 0.5068
vt 0.4688 0.3615 1.3175
vt 0.4688 0.3518 1.3416
vt 0.4687 0.3713 1.2934
vt 0.4375 0.3713 1.2934
vt 0.4375 0.3615 1.3175
vt 0.4375 0.3518 1.3416
vt 0.4687 0.3813 1.2694
vt 0.4687 0.3913 1.2454
vt 0.4375 0.3913 1.2454
vt 0.4375 0.3813 1.2694
vt 0.4687 0.4014 1.2214
vt 0.4688 0.4117 1.1976
vt 0.4375 0.4117 1.1976
vt 0.4375 0.4014 1.2214
vt 0.4688 0.4221 1.1738
vt 0.4688 0.4327 1.1500
vt 0.4375 0.4327 1.1500
vt 0.4375 0.4221 1.1738
vt 0.4688 0.4434 1.1264
vt 0.4688 0.4550 1.1015
vt 0.4375 0.4550 1.1015
vt 0.4375 0.4434 1.1264
vt 0.4688 0.4681 1.0740
vt 0.4687 0.4851 1.0405
vt 0.4375 0.4851 1.0405
vt 0.4375 0.4681 1.0740
vt 0.4687 0.5082 0.9974
vt 0.4687 0.5350 0.9505
vt 0.4375 0.5350 0.9505
vt 0.4375 0.5082 0.9974
vt 0.4687 0.5631 0.9052
vt 0.4687 0.5927 0.8619
vt 0.4375 0.5927 0.8619
vt 0.4375 0.5631 0.9052
vt 0.4687 0.6239 0.8206
vt 0.4688 0.6569 0.7817
vt 0.4375 0.6569 0.7817
vt 0.4375 0.6239 0.8206
vt 0.4687 0.6919 0.7455
vt 0.4687 0.7291 0.7123
vt 0.4375 0.7291 0.7123
vt 0.4375 0.6919 0.7455
vt 0.4687 0.7686 0.6826
vt 0.4688 0.8104 0.6568
vt 0.4375 0.8104 0.6568
vt 0.4375 0.7686 0.6826
vt 0.4688 0.8548 0.6355
vt 0.4714 0.8972 0.6201
vt 0.4440 0.8993 0.6198
vt 0.4375 0.8548 0.6355
vt 0.4792 0.9335 0.6119
vt 0.4635 0.9418 0.6107
vt 0.0938 0.2724 1.6377
vt 0.1276 0.2278 1.4590
vt 0.0625 0.2396 1.4427
vt 0.0625 0.2724 1.6377
vt 0.0938 0.3052 1.8327
vt 0.0625 0.3052 1.8327
vt 0.1250 0.3052 1.8327
vt 0.1250 0.2724 1.6377
vt 0.1641 0.2228 1.4508
vt 0.4063 -0.2388 1.7063
vt 0.3750 -0.2388 1.7063
vt 0.3750 -0.3093 1.7063
vt 0.4063 -0.3093 1.7063
vt 0.4063 -0.1683 1.7063
vt 0.3750 -0.1683 1.7063
vt 0.4062 0.1796 6.7773
vt 0.3750 0.1796 6.7773
vt 0.3750 0.1893 6.9258
vt 0.4062 0.1893 6.9258
vt 0.4063 0.1697 6.6295
vt 0.3750 0.1697 6.6295
vt 0.4062 -0.1114 1.3568
vt 0.4062 -0.1144 1.3562
vt 0.4062 -0.1077 1.3571
vt 0.3750 -0.1077 1.3571
vt 0.3750 -0.1114 1.3568
vt 0.3750 -0.1144 1.3562
vt 0.4063 -0.1027 1.3568
vt 0.4063 -0.0967 1.3554
vt 0.3750 -0.0967 1.3554
vt 0.3750 -0.1027 1.3568
vt 0.4063 -0.0898 1.3523
vt 0.4063 -0.0822 1.3471
vt 0.3750 -0.0822 1.3471
vt 0.3750 -0.0898 1.3523
vt 0.4063 -0.0742 1.3392
vt 0.4062 -0.0659 1.3281
vt 0.3750 -0.0659 1.3281
vt 0.3750 -0.0742 1.3392
vt 0.4063 -0.0576 1.3133
vt 0.4063 -0.0494 1.2942
vt 0.3750 -0.0494 1.2942
vt 0.3750 -0.0576 1.3133
vt 0.4063 -0.0417 1.2704
vt 0.4062 -0.0345 1.2412
vt 0.3750 -0.0345 1.2412
vt 0.3750 -0.0417 1.2704
vt 0.4063 -0.0282 1.2062
vt 0.4063 -0.0192 1.1553
vt 0.3750 -0.0192 1.1553
vt 0.3750 -0.0282 1.2062
vt 0.4063 -0.0042 1.0782
vt 0.4063 0.0164 0.9944
vt 0.3750 0.0164 0.9944
vt 0.3750 -0.0042 1.0782
vt 0.4063 0.0422 0.9232
vt 0.4063 0.0719 0.8636
vt 0.3750 0.0719 0.8636
vt 0.3750 0.0422 0.9232
vt 0.4063 0.1044 0.8144
vt 0.4062 0.1385 0.7748
vt 0.3750 0.1385 0.7748
vt 0.3750 0.1044 0.8144
vt 0.4063 0.1729 0.7436
vt 0.4063 0.2066 0.7198
vt 0.3750 0.2066 0.7198
vt 0.3750 0.1729 0.7436
vt 0.4063 0.2382 0.7025
vt 0.4062 0.2667 0.6905
vt 0.3750 0.2667 0.6905
vt 0.3750 0.2382 0.7025
vt 0.4062 0.2907 0.6829
vt 0.4062 0.3092 0.6785
vt 0.3750 0.3092 0.6785
vt 0.3750 0.2907 0.6829
vt 0.4062 0.3210 0.6765
vt 0.4063 0.3306 0.6751
vt 0.3750 0.3306 0.6751
vt 0.3750 0.3210 0.6765
vt 0.4063 0.3427 0.6729
vt 0.4062 0.3558 0.6690
vt 0.3750 0.3558 0.6690
vt 0.3750 0.3427 0.6729
vt 0.4062 0.3684 0.6625
vt 0.4063 0.3805 0.6538
vt 0.3750 0.3805 0.6538
vt 0.3750 0.3684 0.6625
vt 0.4063 0.3919 0.6428
vt 0.4063 0.4026 0.6298
vt 0.3750 0.4026 0.6298
vt 0.3750 0.3919 0.6428
vt 0.4063 0.4125 0.6148
vt 0.4063 0.4216 0.5980
vt 0.3750 0.4216 0.5980
vt 0.3750 0.4125 0.6148
vt 0.4063 0.4297 0.5796
vt 0.4062 0.4369 0.5596
vt 0.3750 0.4369 0.5596
vt 0.3750 0.4297 0.5796
vt 0.4062 0.4429 0.5383
vt 0.4063 0.4485 0.5163
vt 0.3750 0.4485 0.5163
vt 0.3750 0.4429 0.5383
vt 0.4062 0.1090 3.4699
vt 0.4062 0.1136 3.5016
vt 0.4062 0.1045 3.4383
vt 0.3750 0.1045 3.4383
vt 0.3750 0.1090 3.4699
vt 0.3750 0.1136 3.5016
vt 0.4062 0.4603 0.4680
vt 0.4062 0.4546 0.4680
vt 0.4062 0.4660 0.4674
vt 0.3750 0.4660 0.4674
vt 0.3750 0.4603 0.4680
vt 0.3750 0.4546 0.4680
vt 0.4062 0.4715 0.4658
vt 0.4062 0.4768 0.4632
vt 0.3750 0.4768 0.4632
vt 0.3750 0.4715 0.4658
vt 0.4062 0.4818 0.4598
vt 0.4062 0.4865 0.4554
vt 0.3750 0.4865 0.4554
vt 0.3750 0.4818 0.4598
vt 0.4062 0.4908 0.4501
vt 0.4063 0.4947 0.4441
vt 0.3750 0.4947 0.4441
vt 0.3750 0.4908 0.4501
vt 0.4063 0.4981 0.4373
vt 0.4063 0.5010 0.4297
vt 0.3750 0.5010 0.4297
vt 0.3750 0.4981 0.4373
vt 0.4063 0.5034 0.4215
vt 0.4063 0.5051 0.4126
vt 0.3750 0.5051 0.4126
vt 0.3750 0.5034 0.4215
vt 0.4063 0.5062 0.4031
vt 0.4063 0.5069 0.3934
vt 0.3750 0.5069 0.3934
vt 0.3750 0.5062 0.4031
vt 0.4063 0.0870 3.1481
vt 0.4063 0.0950 3.1701
vt 0.4062 0.0791 3.1253
vt 0.3750 0.0791 3.1253
vt 0.3750 0.0870 3.1481
vt 0.3750 0.0950 3.1701
vt 0.4062 0.0712 3.1014
vt 0.4062 0.0640 3.0754
vt 0.3750 0.0640 3.0754
vt 0.3750 0.0712 3.1014
vt 0.4062 0.0579 3.0470
vt 0.4062 0.0525 3.0172
vt 0.3750 0.0525 3.0172
vt 0.3750 0.0579 3.0470
vt 0.4063 0.5266 0.1932
vt 0.4062 0.5195 0.2090
vt 0.4063 0.5342 0.1790
vt 0.3750 0.5342 0.1790
vt 0.3750 0.5266 0.1932
vt 0.3750 0.5195 0.2090
vt 0.4063 0.5427 0.1680
vt 0.4063 0.5522 0.1598
vt 0.3750 0.5522 0.1598
vt 0.3750 0.5427 0.1680
vt 0.4063 0.5624 0.1541
vt 0.4063 0.5732 0.1505
vt 0.3750 0.5732 0.1505
vt 0.3750 0.5624 0.1541
vt 0.4063 0.5845 0.1484
vt 0.4062 0.5962 0.1476
vt 0.3750 0.5962 0.1476
vt 0.3750 0.5845 0.1484
vt 0.4062 0.6081 0.1476
vt 0.4062 0.6341 0.1479
vt 0.3750 0.6341 0.1479
vt 0.3750 0.6081 0.1476
vt 0.4062 0.6879 0.1480
vt 0.4062 0.7396 0.1480
vt 0.3750 0.7396 0.1480
vt 0.3750 0.6879 0.1480
vt 0.4062 0.7733 0.1907
vt 0.4062 0.7646 0.1587
vt 0.4062 0.7848 0.2324
vt 0.3750 0.7848 0.2324
vt 0.3750 0.7733 0.1907
vt 0.3750 0.7646 0.1587
vt 0.4062 0.7983 0.2719
vt 0.4062 0.8138 0.3090
vt 0.3750 0.8138 0.3090
vt 0.3750 0.7983 0.2719
vt 0.4062 0.8311 0.3436
vt 0.4062 0.8502 0.3754
vt 0.3750 0.8502 0.3754
vt 0.3750 0.8311 0.3436
vt 0.4062 0.8709 0.4042
vt 0.4062 0.8930 0.4299
vt 0.3750 0.8930 0.4299
vt 0.3750 0.8709 0.4042
vt 0.4063 0.9166 0.4521
vt 0.4063 0.9413 0.4707
vt 0.3750 0.9413 0.4707
vt 0.3750 0.9166 0.4521
vt 0.4063 0.9673 0.4856
vt 0.4063 0.9942 0.4964
vt 0.3750 0.9942 0.4964
vt 0.3750 0.9673 0.4856
vt 0.4062 1.0220 0.5030
vt 0.4062 1.0459 0.5062
vt 0.3750 1.0459 0.5062
vt 0.3750 1.0220 0.5030
vt 0.4062 1.0613 0.5068
vt 0.4062 1.0724 0.5061
vt 0.3750 1.0724 0.5061
vt 0.3750 1.0613 0.5068
vt 0.4062 0.3615 1.3175
vt 0.4062 0.3518 1.3416
vt 0.4062 0.3713 1.2934
vt 0.3750 0.3713 1.2935
vt 0.3750 0.3615 1.3175
vt 0.3750 0.3518 1.3416
vt 0.4062 0.3813 1.2694
vt 0.4062 0.3913 1.2454
vt 0.3750 0.3913 1.2454
vt 0.3750 0.3813 1.2694
vt 0.4062 0.4014 1.2215
vt 0.4062 0.4117 1.1976
vt 0.3750 0.4117 1.1976
vt 0.3750 0.4014 1.2215
vt 0.4062 0.4221 1.1738
vt 0.4062 0.4327 1.1500
vt 0.3750 0.4327 1.1500
vt 0.3750 0.4221 1.1738
vt 0.4062 0.4434 1.1264
vt 0.4062 0.4550 1.1015
vt 0.3750 0.4550 1.1015
vt 0.3750 0.4434 1.1264
vt 0.4062 0.4681 1.0740
vt 0.4062 0.4851 1.0405
vt 0.3750 0.4851 1.0405
vt 0.3750 0.4681 1.0740
vt 0.4062 0.5082 0.9974
vt 0.4062 0.5350 0.9505
vt 0.3750 0.5350 0.9505
vt 0.3750 0.5082 0.9974
vt 0.4062 0.5631 0.9052
vt 0.4062 0.5927 0.8619
vt 0.3750 0.5927 0.8619
vt 0.3750 0.5631 0.9052
vt 0.4062 0.6239 0.8206
vt 0.4062 0.6569 0.7817
vt 0.3750 0.6569 0.7817
vt 0.3750 0.6239 0.8206
vt 0.4062 0.6919 0.7455
vt 0.4062 0.7291 0.7123
vt 0.3750 0.7291 0.7123
vt 0.3750 0.6919 0.7455
vt 0.4062 0.7686 0.6826
vt 0.4062 0.8104 0.6568
vt 0.3750 0.8104 0.6568
vt 0.3750 0.7686 0.6826
vt 0.4062 0.8548 0.6355
vt 0.4141 0.8972 0.6201
vt 0.3880 0.8993 0.6198
vt 0.3750 0.8548 0.6355
vt 0.4375 0.9335 0.6119
vt 0.4271 0.9418 0.6107
vt 0.1563 0.2724 1.6377
vt 0.1849 0.2278 1.4590
vt 0.1563 0.3052 1.8327
vt 0.1875 0.3052 1.8326
vt 0.1875 0.2724 1.6377
vt 0.2201 0.2228 1.4508
vt 0.3437 -0.2388 1.7063
vt 0.3125 -0.2388 1.7063
vt 0.3125 -0.3093 1.7063
vt 0.3437 -0.3093 1.7063
vt 0.3437 -0.1683 1.7063
vt 0.3125 -0.1683 1.7063
vt 0.3437 0.1796 6.7773
vt 0.3125 0.1796 6.7773
vt 0.3125 0.1893 6.9258
vt 0.3437 0.1893 6.9258
vt 0.3437 0.1697 6.6295
vt 0.3125 0.1697 6.6295
vt 0.3437 -0.1114 1.3568
vt 0.3437 -0.1144 1.3562
vt 0.3437 -0.1077 1.3571
vt 0.3125 -0.1077 1.3571
vt 0.3125 -0.1114 1.3568
vt 0.3125 -0.1144 1.3562
vt 0.3437 -0.1027 1.3568
vt 0.3437 -0.0967 1.3554
vt 0.3125 -0.0967 1.3554
vt 0.3125 -0.1027 1.3568
vt 0.3437 -0.0898 1.3523
vt 0.3437 -0.0822 1.3471
vt 0.3125 -0.0822 1.3471
vt 0.3125 -0.0898 1.3523
vt 0.3437 -0.0742 1.3392
vt 0.3437 -0.0659 1.3281
vt 0.3125 -0.0659 1.3281
vt 0.3125 -0.0742 1.3392
vt 0.3437 -0.0576 1.3133
vt 0.3437 -0.0494 1.2942
vt 0.3125 -0.0494 1.2942
vt 0.3125 -0.0576 1.3133
vt 0.3437 -0.0417 1.2704
vt 0.3437 -0.0345 1.2412
vt 0.3125 -0.0345 1.2412
vt 0.3125 -0.0417 1.2704
vt 0.3437 -0.0282 1.2062
vt 0.3437 -0.0192 1.1553
vt 0.3125 -0.0192 1.1553
vt 0.3125 -0.0282 1.2062
vt 0.3437 -0.0042 1.0782
vt 0.3437 0.0164 0.9944
vt 0.3125 0.0164 0.9944
vt 0.3125 -0.0042 1.0782
vt 0.3437 0.0422 0.9232
vt 0.3437 0.0719 0.8636
vt 0.3125 0.0719 0.8636
vt 0.3125 0.0422 0.9232
vt 0.3437 0.1044 0.8144
vt 0.3437 0.1385 0.7748
vt 0.3125 0.1385 0.7748
vt 0.3125 0.1044 0.8144
vt 0.3437 0.1729 0.7436
vt 0.3437 0.2066 0.7198
vt 0.3125 0.2066 0.7198
vt 0.3125 0.1729 0.7436
vt 0.3437 0.2382 0.7025
vt 0.3437 0.2667 0.6905
vt 0.3125 0.2667 0.6905
vt 0.3125 0.2382 0.7025
vt 0.3437 0.2907 0.6829
vt 0.3437 0.3092 0.6785
vt 0.3125 0.3092 0.6785
vt 0.3125 0.2907 0.6829
vt 0.3437 0.3210 0.6765
vt 0.3437 0.3306 0.6751
vt 0.3125 0.3306 0.6751
vt 0.3125 0.3210 0.6765
vt 0.3437 0.3427 0.6729
vt 0.3437 0.3558 0.6690
vt 0.3125 0.3558 0.6690
vt 0.3125 0.3427 0.6729
vt 0.3437 0.3684 0.6625
vt 0.3437 0.3805 0.6538
vt 0.3125 0.3805 0.6538
vt 0.3125 0.3684 0.6625
vt 0.3437 0.3919 0.6428
vt 0.3437 0.4026 0.6298
vt 0.3125 0.4026 0.6298
vt 0.3125 0.3919 0.6428
vt 0.3437 0.4125 0.6148
vt 0.3437 0.4216 0.5980
vt 0.3125 0.4216 0.5980
vt 0.3125 0.4125 0.6148
vt 0.3437 0.4297 0.5796
vt 0.3437 0.4369 0.5596
vt 0.3125 0.4369 0.5596
vt 0.3125 0.4297 0.5796
vt 0.3437 0.4429 0.5383
vt 0.3437 0.4485 0.5164
vt 0.3125 0.4485 0.5164
vt 0.3125 0.4429 0.5383
vt 0.3437 0.1090 3.4699
vt 0.3437 0.1136 3.5016
vt 0.3437 0.1045 3.4383
vt 0.3125 0.1045 3.4383
vt 0.3125 0.1090 3.4699
vt 0.3125 0.1136 3.5016
vt 0.3437 0.4603 0.4680
vt 0.3437 0.4546 0.4680
vt 0.3437 0.4660 0.4674
vt 0.3125 0.4660 0.4674
vt 0.3125 0.4603 0.4680
vt 0.3125 0.4546 0.4680
vt 0.3437 0.4715 0.4658
vt 0.3437 0.4768 0.4632
vt 0.3125 0.4768 0.4633
vt 0.3125 0.4715 0.4658
vt 0.3437 0.4818 0.4598
vt 0.3437 0.4865 0.4554
vt 0.3125 0.4865 0.4554
vt 0.3125 0.4818 0.4598
vt 0.3437 0.4908 0.4501
vt 0.3437 0.4947 0.4441
vt 0.3125 0.4947 0.4441
vt 0.3125 0.4908 0.4501
vt 0.3437 0.4981 0.4373
vt 0.3437 0.5010 0.4297
vt 0.3125 0.5010 0.4297
vt 0.3125 0.4981 0.4373
vt 0.3437 0.5034 0.4215
vt 0.3437 0.5051 0.4126
vt 0.3125 0.5051 0.4126
vt 0.3125 0.5034 0.4215
vt 0.3437 0.5062 0.4031
vt 0.3437 0.5069 0.3934
vt 0.3125 0.5069 0.3934
vt 0.3125 0.5062 0.4031
vt 0.3437 0.0870 3.1481
vt 0.3437 0.0950 3.1701
vt 0.3437 0.0791 3.1253
vt 0.3125 0.0791 3.1253
vt 0.3125 0.0870 3.1481
vt 0.3125 0.0950 3.1701
vt 0.3437 0.0712 3.1014
vt 0.3437 0.0640 3.0754
vt 0.3125 0.0640 3.0754
vt 0.3125 0.0712 3.1014
vt 0.3437 0.0579 3.0470
vt 0.3437 0.0525 3.0172
vt 0.3125 0.0525 3.0172
vt 0.3125 0.0579 3.0470
vt 0.3437 0.5266 0.1932
vt 0.3437 0.5195 0.2090
vt 0.3437 0.5342 0.1790
vt 0.3125 0.5342 0.1790
vt 0.3125 0.5266 0.1932
vt 0.3125 0.5195 0.2090
vt 0.3437 0.5427 0.1680
vt 0.3437 0.5522 0.1598
vt 0.3125 0.5522 0.1598
vt 0.3125 0.5427 0.1680
vt 0.3437 0.5624 0.1541
vt 0.3437 0.5732 0.1505
vt 0.3125 0.5732 0.1505
vt 0.3125 0.5624 0.1541
vt 0.3437 0.5845 0.1484
vt 0.3437 0.5962 0.1476
vt 0.3125 0.5962 0.1476
vt 0.3125 0.5845 0.1484
vt 0.3437 0.6081 0.1476
vt 0.3437 0.6341 0.1479
vt 0.3125 0.6341 0.1479
vt 0.3125 0.6081 0.1476
vt 0.3437 0.6879 0.1480
vt 0.3437 0.7396 0.1480
vt 0.3125 0.7396 0.1480
vt 0.3125 0.6879 0.1480
vt 0.3437 0.7733 0.1907
vt 0.3437 0.7646 0.1587
vt 0.3437 0.7848 0.2324
vt 0.3125 0.7848 0.2324
vt 0.3125 0.7733 0.1907
vt 0.3125 0.7646 0.1587
vt 0.3437 0.7983 0.2719
vt 0.3437 0.8138 0.3090
vt 0.3125 0.8138 0.3090
vt 0.3125 0.7983 0.2719
vt 0.3437 0.8311 0.3436
vt 0.3437 0.8502 0.3754
vt 0.3125 0.8502 0.3754
vt 0.3125 0.8311 0.3436
vt 0.3437 0.8709 0.4042
vt 0.3437 0.8930 0.4299
vt 0.3125 0.8930 0.4299
vt 0.3125 0.8709 0.4042
vt 0.3437 0.9166 0.4521
vt 0.3437 0.9413 0.4707
vt 0.3125 0.9413 0.4707
vt 0.3125 0.9166 0.4521
vt 0.3437 0.9673 0.4856
vt 0.3437 0.9942 0.4964
vt 0.3125 0.9942 0.4964
vt 0.3125 0.9673 0.4856
vt 0.3437 1.0220 0.5030
vt 0.3437 1.0459 0.5062
vt 0.3125 1.0459 0.5062
vt 0.3125 1.0220 0.5030
vt 0.3437 1.0613 0.5068
vt 0.3437 1.0724 0.5061
vt 0.3125 1.0724 0.5061
vt 0.3125 1.0613 0.5068
vt 0.3437 0.3615 1.3175
vt 0.3437 0.3518 1.3417
vt 0.3437 0.3713 1.2935
vt 0.3125 0.3713 1.2935
vt 0.3125 0.3615 1.3175
vt 0.3125 0.3518 1.3417
vt 0.3437 0.3813 1.2694
vt 0.3437 0.3913 1.2454
vt 0.3125 0.3913 1.2454
vt 0.3125 0.3813 1.2694
vt 0.3437 0.4014 1.2215
vt 0.3437 0.4117 1.1976
vt 0.3125 0.4117 1.1976
vt 0.3125 0.4014 1.2215
vt 0.3437 0.4221 1.1738
vt 0.3437 0.4327 1.1500
vt 0.3125 0.4327 1.1500
vt 0.3125 0.4221 1.1738
vt 0.3437 0.4434 1.1264
vt 0.3437 0.4550 1.1015
vt 0.3125 0.4550 1.1015
vt 0.3125 0.4434 1.1264
vt 0.3437 0.4681 1.0740
vt 0.3437 0.4851 1.0405
vt 0.3125 0.4851 1.0405
vt 0.3125 0.4681 1.0740
vt 0.3437 0.5082 0.9974
vt 0.3437 0.5350 0.9505
vt 0.3125 0.5350 0.9505
vt 0.3125 0.5082 0.9974
vt 0.3437 0.5631 0.9052
vt 0.3437 0.5927 0.8619
vt 0.3125 0.5927 0.8619
vt 0.3125 0.5631 0.9052
vt 0.3437 0.6239 0.8206
vt 0.3437 0.6569 0.7817
vt 0.3125 0.6569 0.7817
vt 0.3125 0.6239 0.8206
vt 0.3437 0.6919 0.7455
vt 0.3437 0.7291 0.7123
vt 0.3125 0.7291 0.7123
vt 0.3125 0.6919 0.7455
vt 0.3437 0.7686 0.6826
vt 0.3437 0.8104 0.6568
vt 0.3125 0.8104 0.6568
vt 0.3125 0.7686 0.6826
vt 0.3437 0.8548 0.6355
vt 0.3568 0.8972 0.6201
vt 0.3320 0.8993 0.6198
vt 0.3125 0.8548 0.6355
vt 0.3958 0.9335 0.6119
vt 0.3906 0.9418 0.6107
vt 0.2188 0.2724 1.6377
vt 0.2422 0.2278 1.4590
vt 0.2188 0.3052 1.8326
vt 0.2500 0.3052 1.8326
vt 0.2500 0.2724 1.6377
vt 0.2760 0.2228 1.4508
vt 0.2812 -0.2388 1.7063
vt 0.2500 -0.2388 1.7063
vt 0.2500 -0.3093 1.7063
vt 0.2812 -0.3093 1.7063
vt 0.2812 -0.1683 1.7063
vt 0.2500 -0.1683 1.7063
vt 0.2812 0.1796 6.7773
vt 0.2500 0.1796 6.7773
vt 0.2500 0.1893 6.9258
vt 0.2812 0.1893 6.9258
vt 0.2812 0.1697 6.6295
vt 0.2500 0.1697 6.6295
vt 0.2812 -0.1114 1.3568
vt 0.2812 -0.1144 1.3562
vt 0.2812 -0.1077 1.3571
vt 0.2500 -0.1077 1.3571
vt 0.2500 -0.1114 1.3568
vt 0.2500 -0.1144 1.3562
vt 0.2812 -0.1027 1.3568
vt 0.2812 -0.0967 1.3554
vt 0.2500 -0.0967 1.3554
vt 0.2500 -0.1027 1.3568
vt 0.2812 -0.0898 1.3523
vt 0.2812 -0.0822 1.3471
vt 0.2500 -0.0822 1.3471
vt 0.2500 -0.0898 1.3523
vt 0.2812 -0.0742 1.3392
vt 0.2812 -0.0659 1.3281
vt 0.2500 -0.0659 1.3281
vt 0.2500 -0.0742 1.3392
vt 0.2812 -0.0576 1.3133
vt 0.2812 -0.0494 1.2942
vt 0.2500 -0.0494 1.2942
vt 0.2500 -0.0576 1.3133
vt 0.2812 -0.0417 1.2704
vt 0.2812 -0.0345 1.2412
vt 0.2500 -0.0345 1.2412
vt 0.2500 -0.0417 1.2704
vt 0.2812 -0.0282 1.2062
vt 0.2812 -0.0192 1.1553
vt 0.2500 -0.0192 1.1553
vt 0.2500 -0.0282 1.2062
vt 0.2812 -0.0042 1.0782
vt 0.2812 0.0164 0.9944
vt 0.2500 0.0164 0.9944
vt 0.2500 -0.0042 1.0782
vt 0.2812 0.0422 0.9232
vt 0.2812 0.0719 0.8636
vt 0.2500 0.0719 0.8636
vt 0.2500 0.0422 0.9232
vt 0.2812 0.1044 0.8144
vt 0.2812 0.1385 0.7748
vt 0.2500 0.1385 0.7748
vt 0.2500 0.1044 0.8144
vt 0.2812 0.1729 0.7436
vt 0.2812 0.2066 0.7198
vt 0.2500 0.2066 0.7198
vt 0.2500 0.1729 0.7436
vt 0.2812 0.2382 0.7025
vt 0.2812 0.2667 0.6905
vt 0.2500 0.2667 0.6905
vt 0.2500 0.2382 0.7025
vt 0.2812 0.2907 0.6829
vt 0.2812 0.3092 0.6785
vt 0.2500 0.3092 0.6785
vt 0.2500 0.2907 0.6829
vt 0.2812 0.3210 0.6765
vt 0.2812 0.3306 0.6751
vt 0.2500 0.3306 0.6751
vt 0.2500 0.3210 0.6765
vt 0.2812 0.3427 0.6729
vt 0.2812 0.3558 0.6690
vt 0.2500 0.3558 0.6690
vt 0.2500 0.3427 0.6729
vt 0.2812 0.3684 0.6625
vt 0.2812 0.3805 0.6538
vt 0.2500 0.3805 0.6538
vt 0.2500 0.3684 0.6625
vt 0.2812 0.3919 0.6428
vt 0.2812 0.4026 0.6298
vt 0.2500 0.4026 0.6298
vt 0.2500 0.3919 0.6428
vt 0.2812 0.4125 0.6148
vt 0.2812 0.4216 0.5980
vt 0.2500 0.4216 0.5980
vt 0.2500 0.4125 0.6148
vt 0.2812 0.4297 0.5796
vt 0.2812 0.4369 0.5596
vt 0.2500 0.4369 0.5596
vt 0.2500 0.4297 0.5796
vt 0.2812 0.4429 0.5383
vt 0.2812 0.4485 0.5163
vt 0.2500 0.4485 0.5163
vt 0.2500 0.4429 0.5383
vt 0.2812 0.1090 3.4699
vt 0.2812 0.1136 3.5016
vt 0.2812 0.1045 3.4383
vt 0.2500 0.1045 3.4383
vt 0.2500 0.1090 3.4699
vt 0.2500 0.1136 3.5016
vt 0.2812 0.4603 0.4680
vt 0.2812 0.4546 0.4680
vt 0.2812 0.4660 0.4674
vt 0.2500 0.4660 0.4674
vt 0.2500 0.4603 0.4679
vt 0.2500 0.4546 0.4680
vt 0.2812 0.4715 0.4658
vt 0.2812 0.4768 0.4632
vt 0.2500 0.4768 0.4632
vt 0.2500 0.4715 0.4658
vt 0.2812 0.4818 0.4598
vt 0.2812 0.4865 0.4554
vt 0.2500 0.4865 0.4554
vt 0.2500 0.4818 0.4598
vt 0.2812 0.4908 0.4501
vt 0.2812 0.4947 0.4441
vt 0.2500 0.4947 0.4441
vt 0.2500 0.4908 0.4501
vt 0.2812 0.4981 0.4373
vt 0.2812 0.5010 0.4297
vt 0.2500 0.5010 0.4297
vt 0.2500 0.4981 0.4373
vt 0.2812 0.5034 0.4215
vt 0.2812 0.5051 0.4126
vt 0.2500 0.5051 0.4126
vt 0.2500 0.5034 0.4215
vt 0.2812 0.5062 0.4031
vt 0.2812 0.5069 0.3934
vt 0.2500 0.5069 0.3934
vt 0.2500 0.5062 0.4031
vt 0.2812 0.0870 3.1481
vt 0.2812 0.0950 3.1701
vt 0.2812 0.0791 3.1253
vt 0.2500 0.0791 3.1253
vt 0.2500 0.0870 3.1481
vt 0.2500 0.0950 3.1701
vt 0.2812 0.0712 3.1014
vt 0.2812 0.0640 3.0754
vt 0.2500 0.0640 3.0754
vt 0.2500 0.0712 3.1014
vt 0.2812 0.0579 3.0470
vt 0.2812 0.0525 3.0172
vt 0.2500 0.0525 3.0172
vt 0.2500 0.0579 3.0470
vt 0.2812 0.5266 0.1932
vt 0.2812 0.5195 0.2090
vt 0.2812 0.5342 0.1790
vt 0.2500 0.5342 0.1789
vt 0.2500 0.5266 0.1932
vt 0.2500 0.5195 0.2090
vt 0.2812 0.5427 0.1680
vt 0.2812 0.5522 0.1598
vt 0.2500 0.5522 0.1598
vt 0.2500 0.5427 0.1680
vt 0.2812 0.5624 0.1541
vt 0.2812 0.5732 0.1505
vt 0.2500 0.5732 0.1505
vt 0.2500 0.5624 0.1541
vt 0.2812 0.5845 0.1484
vt 0.2812 0.5962 0.1476
vt 0.2500 0.5962 0.1476
vt 0.2500 0.5845 0.1484
vt 0.2812 0.6081 0.1476
vt 0.2812 0.6341 0.1479
vt 0.2500 0.6341 0.1479
vt 0.2500 0.6081 0.1476
vt 0.2812 0.6879 0.1480
vt 0.2812 0.7396 0.1480
vt 0.2500 0.7396 0.1480
vt 0.2500 0.6879 0.1480
vt 0.2812 0.7733 0.1907
vt 0.2812 0.7646 0.1587
vt 0.2812 0.7848 0.2324
vt 0.2500 0.7848 0.2324
vt 0.2500 0.7733 0.1907
vt 0.2500 0.7646 0.1587
vt 0.2812 0.7983 0.2719
vt 0.2812 0.8138 0.3090
vt 0.2500 0.8138 0.3090
vt 0.2500 0.7983 0.2719
vt 0.2812 0.8311 0.3436
vt 0.2812 0.8502 0.3754
vt 0.2500 0.8502 0.3754
vt 0.2500 0.8311 0.3436
vt 0.2812 0.8709 0.4042
vt 0.2812 0.8930 0.4299
vt 0.2500 0.8930 0.4299
vt 0.2500 0.8709 0.4042
vt 0.2812 0.9166 0.4521
vt 0.2812 0.9413 0.4707
vt 0.2500 0.9413 0.4707
vt 0.2500 0.9166 0.4521
vt 0.2812 0.9673 0.4856
vt 0.2812 0.9942 0.4964
vt 0.2500 0.9942 0.4964
vt 0.2500 0.9673 0.4856
vt 0.2812 1.0220 0.5030
vt 0.2812 1.0459 0.5062
vt 0.2500 1.0459 0.5062
vt 0.2500 1.0220 0.5030
vt 0.2812 1.0613 0.5068
vt 0.2812 1.0724 0.5061
vt 0.2500 1.0724 0.5061
vt 0.2500 1.0613 0.5068
vt 0.2812 0.3615 1.3175
vt 0.2812 0.3518 1.3417
vt 0.2812 0.3713 1.2935
vt 0.2500 0.3713 1.2934
vt 0.2500 0.3615 1.3175
vt 0.2500 0.3518 1.3416
vt 0.2812 0.3813 1.2694
vt 0.2812 0.3913 1.2454
vt 0.2500 0.3913 1.2454
vt 0.2500 0.3813 1.2694
vt 0.2812 0.4014 1.2215
vt 0.2812 0.4117 1.1976
vt 0.2500 0.4117 1.1976
vt 0.2500 0.4014 1.2215
vt 0.2812 0.4221 1.1738
vt 0.2812 0.4327 1.1500
vt 0.2500 0.4327 1.1500
vt 0.2500 0.4221 1.1738
vt 0.2812 0.4434 1.1264
vt 0.2812 0.4550 1.1015
vt 0.2500 0.4550 1.1015
vt 0.2500 0.4434 1.1264
vt 0.2812 0.4681 1.0740
vt 0.2812 0.4851 1.0405
vt 0.2500 0.4851 1.0405
vt 0.2500 0.4681 1.0740
vt 0.2812 0.5082 0.9974
vt 0.2812 0.5350 0.9505
vt 0.2500 0.5350 0.9505
vt 0.2500 0.5082 0.9974
vt 0.2812 0.5631 0.9052
vt 0.2812 0.5927 0.8619
vt 0.2500 0.5927 0.8619
vt 0.2500 0.5631 0.9052
vt 0.2812 0.6239 0.8206
vt 0.2812 0.6569 0.7817
vt 0.2500 0.6569 0.7817
vt 0.2500 0.6239 0.8206
vt 0.2812 0.6919 0.7455
vt 0.2812 0.7291 0.7123
vt 0.2500 0.7291 0.7123
vt 0.2500 0.6919 0.7455
vt 0.2812 0.7686 0.6826
vt 0.2812 0.8104 0.6568
vt 0.2500 0.8104 0.6568
vt 0.2500 0.7686 0.6826
vt 0.2812 0.8548 0.6355
vt 0.2995 0.8972 0.6201
vt 0.2760 0.8993 0.6198
vt 0.2500 0.8548 0.6355
vt 0.3542 0.9335 0.6119
vt 0.3542 0.9418 0.6107
vt 0.2812 0.2724 1.6377
vt 0.2995 0.2278 1.4590
vt 0.2812 0.3052 1.8326
vt 0.3125 0.3052 1.8326
vt 0.3125 0.2724 1.6377
vt 0.3320 0.2228 1.4508
vt 0.2188 -0.2388 1.7063
vt 0.1875 -0.2388 1.7063
vt 0.1875 -0.3093 1.7063
vt 0.2188 -0.3093 1.7063
vt 0.2188 -0.1683 1.7063
vt 0.1875 -0.1683 1.7063
vt 0.2188 0.1796 6.7773
vt 0.1875 0.1796 6.7773
vt 0.1875 0.1893 6.9258
vt 0.2188 0.1893 6.9258
vt 0.2188 0.1697 6.6295
vt 0.1875 0.1697 6.6295
vt 0.2188 -0.1114 1.3568
vt 0.2188 -0.1144 1.3562
vt 0.2188 -0.1077 1.3571
vt 0.1875 -0.1077 1.3571
vt 0.1875 -0.1114 1.3568
vt 0.1875 -0.1144 1.3562
vt 0.2188 -0.1027 1.3568
vt 0.2188 -0.0967 1.3554
vt 0.1875 -0.0967 1.3554
vt 0.1875 -0.1027 1.3568
vt 0.2188 -0.0898 1.3523
vt 0.2188 -0.0822 1.3471
vt 0.1875 -0.0822 1.3471
vt 0.1875 -0.0898 1.3523
vt 0.2188 -0.0742 1.3392
vt 0.2188 -0.0659 1.3281
vt 0.1875 -0.0659 1.3281
vt 0.1875 -0.0742 1.3392
vt 0.2188 -0.0576 1.3133
vt 0.2188 -0.0494 1.2942
vt 0.1875 -0.0494 1.2942
vt 0.1875 -0.0576 1.3133
vt 0.2188 -0.0417 1.2704
vt 0.2187 -0.0345 1.2412
vt 0.1875 -0.0345 1.2412
vt 0.1875 -0.0417 1.2704
vt 0.2188 -0.0282 1.2062
vt 0.2188 -0.0192 1.1553
vt 0.1875 -0.0192 1.1553
vt 0.1875 -0.0282 1.2062
vt 0.2188 -0.0042 1.0782
vt 0.2188 0.0164 0.9944
vt 0.1875 0.0164 0.9944
vt 0.1875 -0.0042 1.0782
vt 0.2188 0.0422 0.9232
vt 0.2188 0.0719 0.8636
vt 0.1875 0.0719 0.8636
vt 0.1875 0.0422 0.9232
vt 0.2188 0.1044 0.8144
vt 0.2188 0.1385 0.7748
vt 0.1875 0.1385 0.7748
vt 0.1875 0.1044 0.8144
vt 0.2188 0.1729 0.7436
vt 0.2188 0.2066 0.7198
vt 0.1875 0.2066 0.7198
vt 0.1875 0.1729 0.7436
vt 0.2188 0.2382 0.7025
vt 0.2188 0.2667 0.6905
vt 0.1875 0.2667 0.6905
vt 0.1875 0.2382 0.7025
vt 0.2188 0.2907 0.6829
vt 0.2188 0.3092 0.6785
vt 0.1875 0.3092 0.6785
vt 0.1875 0.2907 0.6829
vt 0.2188 0.3210 0.6765
vt 0.2188 0.3306 0.6751
vt 0.1875 0.3306 0.6751
vt 0.1875 0.3210 0.6765
vt 0.2188 0.3427 0.6729
vt 0.2188 0.3558 0.6690
vt 0.1875 0.3558 0.6690
vt 0.1875 0.3427 0.6729
vt 0.2188 0.3684 0.6625
vt 0.2188 0.3805 0.6538
vt 0.1875 0.3805 0.6538
vt 0.1875 0.3684 0.6625
vt 0.2188 0.3919 0.6428
vt 0.2188 0.4026 0.6298
vt 0.1875 0.4026 0.6298
vt 0.1875 0.3919 0.6428
vt 0.2188 0.4125 0.6148
vt 0.2188 0.4216 0.5980
vt 0.1875 0.4216 0.5980
vt 0.1875 0.4125 0.6148
vt 0.2188 0.4297 0.5796
vt 0.2188 0.4369 0.5596
vt 0.1875 0.4369 0.5596
vt 0.1875 0.4297 0.5796
vt 0.2188 0.4429 0.5383
vt 0.2188 0.4485 0.5163
vt 0.1875 0.4485 0.5163
vt 0.1875 0.4429 0.5383
vt 0.2188 0.1090 3.4699
vt 0.2188 0.1136 3.5016
vt 0.2188 0.1045 3.4383
vt 0.1875 0.1045 3.4383
vt 0.1875 0.1090 3.4699
vt 0.1875 0.1136 3.5016
vt 0.2188 0.4603 0.4679
vt 0.2188 0.4546 0.4680
vt 0.2188 0.4660 0.4674
vt 0.1875 0.4660 0.4674
vt 0.1875 0.4603 0.4679
vt 0.1875 0.4546 0.4680
vt 0.2188 0.4715 0.4658
vt 0.2188 0.4768 0.4632
vt 0.1875 0.4768 0.4632
vt 0.1875 0.4715 0.4658
vt 0.2188 0.4818 0.4598
vt 0.2188 0.4865 0.4554
vt 0.1875 0.4865 0.4554
vt 0.1875 0.4818 0.4598
vt 0.2187 0.4908 0.4501
vt 0.2187 0.4947 0.4441
vt 0.1875 0.4947 0.4441
vt 0.1875 0.4908 0.4501
vt 0.2187 0.4981 0.4373
vt 0.2188 0.5010 0.4297
vt 0.1875 0.5010 0.4297
vt 0.1875 0.4981 0.4373
vt 0.2188 0.5034 0.4215
vt 0.2188 0.5051 0.4126
vt 0.1875 0.5051 0.4126
vt 0.1875 0.5034 0.4215
vt 0.2188 0.5062 0.4031
vt 0.2188 0.5069 0.3934
vt 0.1875 0.5069 0.3934
vt 0.1875 0.5062 0.4031
vt 0.2188 0.0870 3.1481
vt 0.2188 0.0950 3.1701
vt 0.2188 0.0791 3.1253
vt 0.1875 0.0791 3.1253
vt 0.1875 0.0870 3.1481
vt 0.1875 0.0950 3.1701
vt 0.2188 0.0712 3.1014
vt 0.2188 0.0640 3.0754
vt 0.1875 0.0640 3.0754
vt 0.1875 0.0712 3.1013
vt 0.2188 0.0579 3.0470
vt 0.2188 0.0525 3.0172
vt 0.1875 0.0525 3.0172
vt 0.1875 0.0579 3.0470
vt 0.2188 0.5266 0.1932
vt 0.2188 0.5195 0.2090
vt 0.2188 0.5342 0.1789
vt 0.1875 0.5342 0.1789
vt 0.1875 0.5266 0.1932
vt 0.1875 0.5195 0.2090
vt 0.2188 0.5427 0.1680
vt 0.2188 0.5522 0.1598
vt 0.1875 0.5522 0.1598
vt 0.1875 0.5427 0.1680
vt 0.2188 0.5624 0.1541
vt 0.2188 0.5732 0.1505
vt 0.1875 0.5732 0.1505
vt 0.1875 0.5624 0.1541
vt 0.2188 0.5845 0.1484
vt 0.2188 0.5962 0.1476
vt 0.1875 0.5962 0.1476
vt 0.1875 0.5845 0.1484
vt 0.2188 0.6081 0.1476
vt 0.2188 0.6341 0.1479
vt 0.1875 0.6341 0.1479
vt 0.1875 0.6081 0.1476
vt 0.2188 0.6879 0.1480
vt 0.2188 0.7396 0.1480
vt 0.1875 0.7396 0.1480
vt 0.1875 0.6879 0.1480
vt 0.2188 0.7733 0.1907
vt 0.2188 0.7646 0.1587
vt 0.2188 0.7848 0.2324
vt 0.1875 0.7848 0.2324
vt 0.1875 0.7733 0.1907
vt 0.1875 0.7646 0.1587
vt 0.2188 0.7983 0.2719
vt 0.2188 0.8138 0.3090
vt 0.1875 0.8138 0.3090
vt 0.1875 0.7983 0.2719
vt 0.2188 0.8311 0.3436
vt 0.2188 0.8502 0.3754
vt 0.1875 0.8502 0.3754
vt 0.1875 0.8311 0.3436
vt 0.2188 0.8709 0.4042
vt 0.2187 0.8930 0.4299
vt 0.1875 0.8930 0.4299
vt 0.1875 0.8709 0.4042
vt 0.2187 0.9166 0.4521
vt 0.2187 0.9413 0.4707
vt 0.1875 0.9413 0.4707
vt 0.1875 0.9166 0.4521
vt 0.2188 0.9673 0.4856
vt 0.2188 0.9942 0.4964
vt 0.1875 0.9942 0.4964
vt 0.1875 0.9673 0.4856
vt 0.2188 1.0220 0.5030
vt 0.2187 1.0459 0.5062
vt 0.1875 1.0459 0.5062
vt 0.1875 1.0220 0.5030
vt 0.2188 1.0613 0.5068
vt 0.2188 1.0724 0.5061
vt 0.1875 1.0724 0.5061
vt 0.1875 1.0613 0.5068
vt 0.2188 0.3615 1.3175
vt 0.2188 0.3518 1.3416
vt 0.2188 0.3713 1.2934
vt 0.1875 0.3713 1.2934
vt 0.1875 0.3615 1.3175
vt 0.1875 0.3518 1.3416
vt 0.2188 0.3813 1.2694
vt 0.2188 0.3913 1.2454
vt 0.1875 0.3913 1.2454
vt 0.1875 0.3813 1.2694
vt 0.2188 0.4014 1.2214
vt 0.2188 0.4117 1.1976
vt 0.1875 0.4117 1.1976
vt 0.1875 0.4014 1.2214
vt 0.2188 0.4221 1.1738
vt 0.2188 0.4327 1.1500
vt 0.1875 0.4327 1.1500
vt 0.1875 0.4221 1.1738
vt 0.2188 0.4434 1.1264
vt 0.2188 0.4550 1.1015
vt 0.1875 0.4550 1.1015
vt 0.1875 0.4434 1.1264
vt 0.2188 0.4681 1.0740
vt 0.2188 0.4851 1.0405
vt 0.1875 0.4851 1.0405
vt 0.1875 0.4681 1.0740
vt 0.2188 0.5082 0.9974
vt 0.2188 0.5350 0.9505
vt 0.1875 0.5350 0.9505
vt 0.1875 0.5082 0.9974
vt 0.2187 0.5631 0.9052
vt 0.2187 0.5927 0.8619
vt 0.1875 0.5927 0.8619
vt 0.1875 0.5631 0.9052
vt 0.2188 0.6239 0.8206
vt 0.2188 0.6569 0.7817
vt 0.1875 0.6569 0.7817
vt 0.1875 0.6239 0.8206
vt 0.2188 0.6919 0.7455
vt 0.2188 0.7291 0.7123
vt 0.1875 0.7291 0.7123
vt 0.1875 0.6919 0.7455
vt 0.2188 0.7686 0.6826
vt 0.2188 0.8104 0.6568
vt 0.1875 0.8104 0.6568
vt 0.1875 0.7686 0.6826
vt 0.2188 0.8548 0.6355
vt 0.2422 0.8972 0.6201
vt 0.2201 0.8993 0.6198
vt 0.1875 0.8548 0.6355
vt 0.3125 0.9335 0.6119
vt 0.3177 0.9418 0.6107
vt 0.3438 0.2724 1.6377
vt 0.3568 0.2278 1.4590
vt 0.3438 0.3052 1.8326
vt 0.3750 0.3052 1.8326
vt 0.3750 0.2724 1.6377
vt 0.3880 0.2228 1.4508
vt 0.1562 -0.2388 1.7063
vt 0.1250 -0.2388 1.7063
vt 0.1250 -0.3093 1.7063
vt 0.1562 -0.3093 1.7063
vt 0.1562 -0.1683 1.7063
vt 0.1250 -0.1683 1.7063
vt 0.1563 0.1796 6.7773
vt 0.1250 0.1796 6.7773
vt 0.1250 0.1893 6.9258
vt 0.1563 0.1893 6.9258
vt 0.1562 0.1697 6.6295
vt 0.1250 0.1697 6.6295
vt 0.1562 -0.1114 1.3568
vt 0.1562 -0.1144 1.3562
vt 0.1562 -0.1077 1.3571
vt 0.1250 -0.1077 1.3571
vt 0.1250 -0.1114 1.3568
vt 0.1250 -0.1144 1.3562
vt 0.1562 -0.1027 1.3568
vt 0.1562 -0.0967 1.3554
vt 0.1250 -0.0967 1.3554
vt 0.1250 -0.1027 1.3568
vt 0.1562 -0.0898 1.3523
vt 0.1562 -0.0822 1.3471
vt 0.1250 -0.0822 1.3471
vt 0.1250 -0.0898 1.3523
vt 0.1562 -0.0742 1.3392
vt 0.1562 -0.0659 1.3281
vt 0.1250 -0.0659 1.3281
vt 0.1250 -0.0742 1.3392
vt 0.1562 -0.0576 1.3133
vt 0.1562 -0.0494 1.2942
vt 0.1250 -0.0494 1.2942
vt 0.1250 -0.0576 1.3133
vt 0.1562 -0.0417 1.2704
vt 0.1562 -0.0345 1.2412
vt 0.1250 -0.0345 1.2412
vt 0.1250 -0.0417 1.2704
vt 0.1562 -0.0282 1.2062
vt 0.1563 -0.0192 1.1553
vt 0.1250 -0.0192 1.1553
vt 0.1250 -0.0282 1.2062
vt 0.1563 -0.0042 1.0782
vt 0.1563 0.0164 0.9944
vt 0.1250 0.0164 0.9944
vt 0.1250 -0.0042 1.0782
vt 0.1562 0.0422 0.9232
vt 0.1562 0.0719 0.8636
vt 0.1250 0.0719 0.8636
vt 0.1250 0.0422 0.9232
vt 0.1562 0.1044 0.8144
vt 0.1562 0.1385 0.7748
vt 0.1250 0.1385 0.7748
vt 0.1250 0.1044 0.8144
vt 0.1562 0.1729 0.7436
vt 0.1562 0.2066 0.7198
vt 0.1250 0.2066 0.7198
vt 0.1250 0.1729 0.7436
vt 0.1562 0.2382 0.7025
vt 0.1562 0.2667 0.6905
vt 0.1250 0.2667 0.6905
vt 0.1250 0.2382 0.7025
vt 0.1562 0.2907 0.6829
vt 0.1562 0.3092 0.6785
vt 0.1250 0.3092 0.6785
vt 0.1250 0.2907 0.6829
vt 0.1562 0.3210 0.6765
vt 0.1563 0.3306 0.6751
vt 0.1250 0.3306 0.6751
vt 0.1250 0.3210 0.6765
vt 0.1563 0.3427 0.6729
vt 0.1563 0.3558 0.6690
vt 0.1250 0.3558 0.6690
vt 0.1250 0.3427 0.6729
vt 0.1563 0.3684 0.6625
vt 0.1562 0.3805 0.6538
vt 0.1250 0.3805 0.6538
vt 0.1250 0.3684 0.6625
vt 0.1562 0.3919 0.6428
vt 0.1563 0.4026 0.6298
vt 0.1250 0.4026 0.6298
vt 0.1250 0.3919 0.6428
vt 0.1562 0.4125 0.6148
vt 0.1562 0.4216 0.5980
vt 0.1250 0.4216 0.5980
vt 0.1250 0.4125 0.6148
vt 0.1562 0.4297 0.5796
vt 0.1562 0.4369 0.5596
vt 0.1250 0.4369 0.5596
vt 0.1250 0.4297 0.5796
vt 0.1562 0.4429 0.5383
vt 0.1562 0.4485 0.5163
vt 0.1250 0.4485 0.5163
vt 0.1250 0.4429 0.5383
vt 0.1562 0.1090 3.4699
vt 0.1562 0.1136 3.5016
vt 0.1563 0.1045 3.4383
vt 0.1250 0.1045 3.4383
vt 0.1250 0.1090 3.4699
vt 0.1250 0.1136 3.5016
vt 0.1562 0.4603 0.4679
vt 0.1562 0.4546 0.4680
vt 0.1562 0.4660 0.4674
vt 0.1250 0.4660 0.4674
vt 0.1250 0.4603 0.4679
vt 0.1250 0.4546 0.4680
vt 0.1562 0.4715 0.4658
vt 0.1562 0.4768 0.4632
vt 0.1250 0.4768 0.4632
vt 0.1250 0.4715 0.4658
vt 0.1562 0.4818 0.4598
vt 0.1562 0.4865 0.4554
vt 0.1250 0.4865 0.4554
vt 0.1250 0.4818 0.4598
vt 0.1562 0.4908 0.4501
vt 0.1562 0.4947 0.4441
vt 0.1250 0.4947 0.4441
vt 0.1250 0.4908 0.4501
vt 0.1562 0.4981 0.4373
vt 0.1562 0.5010 0.4297
vt 0.1250 0.5010 0.4297
vt 0.1250 0.4981 0.4373
vt 0.1562 0.5034 0.4215
vt 0.1562 0.5051 0.4126
vt 0.1250 0.5051 0.4126
vt 0.1250 0.5034 0.4215
vt 0.1562 0.5062 0.4031
vt 0.1562 0.5069 0.3934
vt 0.1250 0.5069 0.3934
vt 0.1250 0.5062 0.4031
vt 0.1563 0.0870 3.1481
vt 0.1563 0.0950 3.1701
vt 0.1563 0.0791 3.1253
vt 0.1250 0.0791 3.1253
vt 0.1250 0.0870 3.1481
vt 0.1250 0.0950 3.1701
vt 0.1563 0.0712 3.1013
vt 0.1563 0.0640 3.0754
vt 0.1250 0.0640 3.0754
vt 0.1250 0.0712 3.1013
vt 0.1563 0.0579 3.0470
vt 0.1563 0.0525 3.0172
vt 0.1250 0.0525 3.0172
vt 0.1250 0.0579 3.0470
vt 0.1562 0.5266 0.1932
vt 0.1562 0.5195 0.2090
vt 0.1562 0.5342 0.1790
vt 0.1250 0.5342 0.1790
vt 0.1250 0.5266 0.1932
vt 0.1250 0.5195 0.2090
vt 0.1563 0.5427 0.1680
vt 0.1563 0.5522 0.1598
vt 0.1250 0.5522 0.1598
vt 0.1250 0.5427 0.1680
vt 0.1563 0.5624 0.1541
vt 0.1562 0.5732 0.1505
vt 0.1250 0.5732 0.1505
vt 0.1250 0.5624 0.1541
vt 0.1562 0.5845 0.1484
vt 0.1562 0.5962 0.1476
vt 0.1250 0.5962 0.1476
vt 0.1250 0.5845 0.1484
vt 0.1562 0.6081 0.1476
vt 0.1562 0.6341 0.1479
vt 0.1250 0.6341 0.1479
vt 0.1250 0.6081 0.1476
vt 0.1562 0.6879 0.1480
vt 0.1562 0.7396 0.1480
vt 0.1250 0.7396 0.1480
vt 0.1250 0.6879 0.1480
vt 0.1562 0.7733 0.1907
vt 0.1562 0.7646 0.1587
vt 0.1562 0.7848 0.2324
vt 0.1250 0.7848 0.2324
vt 0.1250 0.7733 0.1907
vt 0.1250 0.7646 0.1587
vt 0.1562 0.7983 0.2719
vt 0.1562 0.8138 0.3090
vt 0.1250 0.8138 0.3090
vt 0.1250 0.7983 0.2719
vt 0.1562 0.8311 0.3436
vt 0.1562 0.8502 0.3754
vt 0.1250 0.8502 0.3754
vt 0.1250 0.8311 0.3436
vt 0.1562 0.8709 0.4042
vt 0.1562 0.8930 0.4299
vt 0.1250 0.8930 0.4299
vt 0.1250 0.8709 0.4042
vt 0.1562 0.9166 0.4521
vt 0.1562 0.9413 0.4707
vt 0.1250 0.9413 0.4707
vt 0.1250 0.9166 0.4521
vt 0.1562 0.9673 0.4856
vt 0.1562 0.9942 0.4964
vt 0.1250 0.9942 0.4964
vt 0.1250 0.9673 0.4856
vt 0.1562 1.0220 0.5030
vt 0.1562 1.0459 0.5062
vt 0.1250 1.0459 0.5062
vt 0.1250 1.0220 0.5030
vt 0.1562 1.0613 0.5068
vt 0.1562 1.0724 0.5061
vt 0.1250 1.0724 0.5061
vt 0.1250 1.0613 0.5068
vt 0.1562 0.3615 1.3175
vt 0.1562 0.3518 1.3416
vt 0.1562 0.3713 1.2934
vt 0.1250 0.3713 1.2934
vt 0.1250 0.3615 1.3175
vt 0.1250 0.3518 1.3416
vt 0.1562 0.3813 1.2694
vt 0.1562 0.3913 1.2454
vt 0.1250 0.3913 1.2454
vt 0.1250 0.3813 1.2694
vt 0.1562 0.4014 1.2214
vt 0.1562 0.4117 1.1976
vt 0.1250 0.4117 1.1976
vt 0.1250 0.4014 1.2214
vt 0.1562 0.4221 1.1738
vt 0.1562 0.4327 1.1500
vt 0.1250 0.4327 1.1500
vt 0.1250 0.4221 1.1738
vt 0.1562 0.4434 1.1264
vt 0.1562 0.4550 1.1015
vt 0.1250 0.4550 1.1015
vt 0.1250 0.4434 1.1264
vt 0.1562 0.4681 1.0740
vt 0.1562 0.4851 1.0405
vt 0.1250 0.4851 1.0405
vt 0.1250 0.4681 1.0740
vt 0.1562 0.5082 0.9974
vt 0.1562 0.5350 0.9505
vt 0.1250 0.5350 0.9505
vt 0.1250 0.5082 0.9974
vt 0.1562 0.5631 0.9052
vt 0.1562 0.5927 0.8619
vt 0.1250 0.5927 0.8619
vt 0.1250 0.5631 0.9052
vt 0.1562 0.6239 0.8206
vt 0.1562 0.6569 0.7817
vt 0.1250 0.6569 0.7817
vt 0.1250 0.6239 0.8206
vt 0.1562 0.6919 0.7455
vt 0.1562 0.7291 0.7123
vt 0.1250 0.7291 0.7123
vt 0.1250 0.6919 0.7455
vt 0.1562 0.7686 0.6826
vt 0.1562 0.8104 0.6568
vt 0.1250 0.8104 0.6568
vt 0.1250 0.7686 0.6826
vt 0.1562 0.8548 0.6355
vt 0.1849 0.8972 0.6201
vt 0.1641 0.8993 0.6198
vt 0.1250 0.8548 0.6355
vt 0.2708 0.9335 0.6119
vt 0.2812 0.9418 0.6107
vt 0.4063 0.2724 1.6377
vt 0.4141 0.2278 1.4590
vt 0.4063 0.3052 1.8326
vt 0.4375 0.3052 1.8326
vt 0.4375 0.2724 1.6377
vt 0.4440 0.2228 1.4508
vt 0.0937 -0.2388 1.7063
vt 0.0625 -0.2388 1.7063
vt 0.0625 -0.3093 1.7063
vt 0.0937 -0.3093 1.7063
vt 0.0937 -0.1683 1.7063
vt 0.0625 -0.1683 1.7063
vt 0.0938 0.1796 6.7773
vt 0.0625 0.1796 6.7773
vt 0.0625 0.1893 6.9258
vt 0.0938 0.1893 6.9258
vt 0.0938 0.1697 6.6295
vt 0.0625 0.1697 6.6295
vt 0.0937 -0.1114 1.3568
vt 0.0938 -0.1144 1.3562
vt 0.0937 -0.1077 1.3571
vt 0.0625 -0.1077 1.3571
vt 0.0625 -0.1114 1.3568
vt 0.0625 -0.1144 1.3562
vt 0.0937 -0.1027 1.3568
vt 0.0937 -0.0967 1.3554
vt 0.0625 -0.0967 1.3554
vt 0.0625 -0.1027 1.3568
vt 0.0937 -0.0898 1.3523
vt 0.0937 -0.0822 1.3471
vt 0.0625 -0.0822 1.3471
vt 0.0625 -0.0898 1.3523
vt 0.0937 -0.0742 1.3392
vt 0.0937 -0.0659 1.3281
vt 0.0625 -0.0659 1.3281
vt 0.0625 -0.0742 1.3392
vt 0.0937 -0.0576 1.3133
vt 0.0937 -0.0494 1.2942
vt 0.0625 -0.0494 1.2942
vt 0.0625 -0.0576 1.3133
vt 0.0937 -0.0417 1.2704
vt 0.0937 -0.0345 1.2412
vt 0.0625 -0.0345 1.2412
vt 0.0625 -0.0417 1.2704
vt 0.0937 -0.0282 1.2062
vt 0.0938 -0.0192 1.1553
vt 0.0625 -0.0192 1.1553
vt 0.0625 -0.0282 1.2062
vt 0.0938 -0.0042 1.0782
vt 0.0937 0.0164 0.9944
vt 0.0625 0.0164 0.9944
vt 0.0625 -0.0042 1.0782
vt 0.0937 0.0422 0.9232
vt 0.0937 0.0719 0.8636
vt 0.0625 0.0719 0.8636
vt 0.0625 0.0422 0.9232
vt 0.0937 0.1044 0.8144
vt 0.0937 0.1385 0.7748
vt 0.0625 0.1385 0.7748
vt 0.0625 0.1044 0.8144
vt 0.0937 0.1729 0.7436
vt 0.0937 0.2066 0.7198
vt 0.0625 0.2066 0.7198
vt 0.0625 0.1729 0.7436
vt 0.0937 0.2382 0.7025
vt 0.0937 0.2667 0.6905
vt 0.0625 0.2667 0.6905
vt 0.0625 0.2382 0.7025
vt 0.0937 0.2907 0.6829
vt 0.0937 0.3092 0.6785
vt 0.0625 0.3092 0.6785
vt 0.0625 0.2907 0.6829
vt 0.0937 0.3210 0.6765
vt 0.0937 0.3306 0.6751
vt 0.0625 0.3306 0.6751
vt 0.0625 0.3210 0.6765
vt 0.0938 0.3427 0.6729
vt 0.0938 0.3558 0.6690
vt 0.0625 0.3558 0.6690
vt 0.0625 0.3427 0.6729
vt 0.0937 0.3684 0.6625
vt 0.0937 0.3805 0.6538
vt 0.0625 0.3805 0.6538
vt 0.0625 0.3684 0.6625
vt 0.0937 0.3919 0.6428
vt 0.0937 0.4026 0.6298
vt 0.0625 0.4026 0.6298
vt 0.0625 0.3919 0.6428
vt 0.0937 0.4125 0.6148
vt 0.0937 0.4216 0.5980
vt 0.0625 0.4216 0.5980
vt 0.0625 0.4125 0.6148
vt 0.0937 0.4297 0.5796
vt 0.0937 0.4369 0.5596
vt 0.0625 0.4369 0.5596
vt 0.0625 0.4297 0.5796
vt 0.0937 0.4429 0.5383
vt 0.0937 0.4485 0.5163
vt 0.0625 0.4485 0.5163
vt 0.0625 0.4429 0.5383
vt 0.0937 0.1090 3.4699
vt 0.0937 0.1136 3.5016
vt 0.0938 0.1045 3.4383
vt 0.0625 0.1045 3.4383
vt 0.0625 0.1090 3.4699
vt 0.0625 0.1136 3.5016
vt 0.0937 0.4603 0.4679
vt 0.0937 0.4546 0.4680
vt 0.0937 0.4660 0.4674
vt 0.0625 0.4660 0.4674
vt 0.0625 0.4603 0.4679
vt 0.0625 0.4546 0.4680
vt 0.0937 0.4715 0.4658
vt 0.0937 0.4768 0.4632
vt 0.0625 0.4768 0.4632
vt 0.0625 0.4715 0.4658
vt 0.0937 0.4818 0.4598
vt 0.0937 0.4865 0.4554
vt 0.0625 0.4865 0.4554
vt 0.0625 0.4818 0.4598
vt 0.0937 0.4908 0.4501
vt 0.0937 0.4947 0.4441
vt 0.0625 0.4947 0.4441
vt 0.0625 0.4908 0.4501
vt 0.0937 0.4981 0.4373
vt 0.0937 0.5010 0.4297
vt 0.0625 0.5010 0.4297
vt 0.0625 0.4981 0.4373
vt 0.0937 0.5034 0.4215
vt 0.0937 0.5051 0.4126
vt 0.0625 0.5051 0.4126
vt 0.0625 0.5034 0.4215
vt 0.0937 0.5062 0.4031
vt 0.0937 0.5069 0.3934
vt 0.0625 0.5069 0.3934
vt 0.0625 0.5062 0.4031
vt 0.0937 0.0870 3.1481
vt 0.0937 0.0950 3.1701
vt 0.0937 0.0791 3.1253
vt 0.0625 0.0791 3.1253
vt 0.0625 0.0870 3.1481
vt 0.0625 0.0950 3.1701
vt 0.0938 0.0712 3.1013
vt 0.0938 0.0640 3.0754
vt 0.0625 0.0640 3.0754
vt 0.0625 0.0712 3.1013
vt 0.0938 0.0579 3.0470
vt 0.0937 0.0525 3.0172
vt 0.0625 0.0525 3.0172
vt 0.0625 0.0579 3.0470
vt 0.0937 0.5266 0.1932
vt 0.0937 0.5195 0.2090
vt 0.0937 0.5342 0.1789
vt 0.0625 0.5342 0.1789
vt 0.0625 0.5266 0.1932
vt 0.0625 0.5195 0.2090
vt 0.0937 0.5427 0.1680
vt 0.0937 0.5522 0.1598
vt 0.0625 0.5522 0.1598
vt 0.0625 0.5427 0.1680
vt 0.0937 0.5624 0.1541
vt 0.0937 0.5732 0.1505
vt 0.0625 0.5732 0.1505
vt 0.0625 0.5624 0.1541
vt 0.0937 0.5845 0.1484
vt 0.0937 0.5962 0.1476
vt 0.0625 0.5962 0.1476
vt 0.0625 0.5845 0.1484
vt 0.0937 0.6081 0.1476
vt 0.0937 0.6341 0.1479
vt 0.0625 0.6341 0.1479
vt 0.0625 0.6081 0.1476
vt 0.0937 0.6879 0.1480
vt 0.0937 0.7396 0.1480
vt 0.0625 0.7396 0.1480
vt 0.0625 0.6879 0.1480
vt 0.0937 0.7733 0.1907
vt 0.0937 0.7646 0.1587
vt 0.0937 0.7848 0.2324
vt 0.0625 0.7848 0.2324
vt 0.0625 0.7733 0.1907
vt 0.0625 0.7646 0.1587
vt 0.0937 0.7983 0.2719
vt 0.0937 0.8138 0.3090
vt 0.0625 0.8138 0.3090
vt 0.0625 0.7983 0.2719
vt 0.0937 0.8311 0.3436
vt 0.0937 0.8502 0.3754
vt 0.0625 0.8502 0.3754
vt 0.0625 0.8311 0.3436
vt 0.0937 0.8709 0.4042
vt 0.0937 0.8930 0.4299
vt 0.0625 0.8930 0.4299
vt 0.0625 0.8709 0.4042
vt 0.0937 0.9166 0.4521
vt 0.0937 0.9413 0.4707
vt 0.0625 0.9413 0.4707
vt 0.0625 0.9166 0.4521
vt 0.0937 0.9673 0.4856
vt 0.0937 0.9942 0.4964
vt 0.0625 0.9942 0.4964
vt 0.0625 0.9673 0.4856
vt 0.0937 1.0220 0.5030
vt 0.0937 1.0459 0.5062
vt 0.0625 1.0459 0.5062
vt 0.0625 1.0220 0.5030
vt 0.0937 1.0613 0.5068
vt 0.0937 1.0724 0.5061
vt 0.0625 1.0724 0.5061
vt 0.0625 1.0613 0.5068
vt 0.0937 0.3615 1.3175
vt 0.0937 0.3518 1.3416
vt 0.0937 0.3713 1.2934
vt 0.0625 0.3713 1.2934
vt 0.0625 0.3615 1.3175
vt 0.0625 0.3518 1.3416
vt 0.0937 0.3813 1.2694
vt 0.0937 0.3913 1.2454
vt 0.0625 0.3913 1.2454
vt 0.0625 0.3813 1.2694
vt 0.0937 0.4014 1.2214
vt 0.0937 0.4117 1.1976
vt 0.0625 0.4117 1.1976
vt 0.0625 0.4014 1.2214
vt 0.0937 0.4221 1.1738
vt 0.0937 0.4327 1.1500
vt 0.0625 0.4327 1.1500
vt 0.0625 0.4221 1.1738
vt 0.0937 0.4434 1.1264
vt 0.0937 0.4550 1.1015
vt 0.0625 0.4550 1.1015
vt 0.0625 0.4434 1.1264
vt 0.0937 0.4681 1.0740
vt 0.0937 0.4851 1.0405
vt 0.0625 0.4851 1.0405
vt 0.0625 0.4681 1.0740
vt 0.0937 0.5082 0.9974
vt 0.0937 0.5350 0.9505
vt 0.0625 0.5350 0.9505
vt 0.0625 0.5082 0.9974
vt 0.0937 0.5631 0.9052
vt 0.0937 0.5927 0.8619
vt 0.0625 0.5927 0.8619
vt 0.0625 0.5631 0.9052
vt 0.0937 0.6239 0.8206
vt 0.0937 0.6569 0.7817
vt 0.0625 0.6569 0.7817
vt 0.0625 0.6239 0.8206
vt 0.0937 0.6919 0.7455
vt 0.0937 0.7291 0.7123
vt 0.0625 0.7291 0.7123
vt 0.0625 0.6919 0.7455
vt 0.0937 0.7686 0.6826
vt 0.0937 0.8104 0.6568
vt 0.0625 0.8104 0.6568
vt 0.0625 0.7686 0.6826
vt 0.0937 0.8548 0.6355
vt 0.1276 0.8972 0.6201
vt 0.0625 0.9003 0.6166
vt 0.0625 0.8548 0.6355
vt 0.2292 0.9335 0.6119
vt 0.2812 0.9502 0.6095
vt 0.4687 0.2724 1.6377
vt 0.4714 0.2278 1.4590
vt 0.4687 0.3052 1.8326
vt 0.5000 0.3052 1.8326
vt 0.5000 0.2724 1.6377
vt 0.5000 0.2228 1.4508
vt 0.0313 -0.2388 1.7063
vt 0.0000 -0.2388 1.7063
vt 0.0000 -0.3288 1.7063
vt 0.0313 -0.3093 1.7063
vt 0.0313 -0.1683 1.7063
vt 0.0000 -0.1488 1.7063
vt 0.0313 0.1796 6.7773
vt 0.0000 0.1796 6.7773
vt 0.0000 0.1921 6.9663
vt 0.0313 0.1893 6.9258
vt 0.0313 0.1697 6.6295
vt 0.0000 0.1670 6.5882
vt 0.0313 -0.1114 1.3568
vt 0.0313 -0.1144 1.3562
vt 0.0313 -0.1077 1.3571
vt 0.0000 -0.1077 1.3571
vt 0.0000 -0.1114 1.3568
vt 0.0000 -0.1144 1.3562
vt 0.0313 -0.1027 1.3568
vt 0.0313 -0.0967 1.3554
vt 0.0000 -0.0967 1.3554
vt 0.0000 -0.1027 1.3568
vt 0.0313 -0.0898 1.3523
vt 0.0313 -0.0822 1.3471
vt 0.0000 -0.0822 1.3471
vt 0.0000 -0.0898 1.3523
vt 0.0313 -0.0742 1.3392
vt 0.0313 -0.0659 1.3281
vt 0.0000 -0.0659 1.3281
vt 0.0000 -0.0742 1.3392
vt 0.0313 -0.0576 1.3133
vt 0.0313 -0.0494 1.2942
vt 0.0000 -0.0494 1.2942
vt 0.0000 -0.0576 1.3133
vt 0.0313 -0.0417 1.2704
vt 0.0313 -0.0345 1.2412
vt 0.0000 -0.0345 1.2412
vt 0.0000 -0.0417 1.2704
vt 0.0313 -0.0282 1.2062
vt 0.0313 -0.0192 1.1553
vt 0.0000 -0.0192 1.1553
vt 0.0000 -0.0282 1.2062
vt 0.0313 -0.0042 1.0782
vt 0.0313 0.0164 0.9944
vt 0.0000 0.0164 0.9944
vt 0.0000 -0.0042 1.0782
vt 0.0313 0.0422 0.9232
vt 0.0313 0.0719 0.8636
vt 0.0000 0.0719 0.8636
vt 0.0000 0.0422 0.9232
vt 0.0313 0.1044 0.8144
vt 0.0313 0.1385 0.7748
vt 0.0000 0.1385 0.7748
vt 0.0000 0.1044 0.8144
vt 0.0313 0.1729 0.7436
vt 0.0313 0.2066 0.7198
vt 0.0000 0.2066 0.7198
vt 0.0000 0.1729 0.7436
vt 0.0313 0.2382 0.7025
vt 0.0312 0.2667 0.6905
vt 0.0000 0.2689 0.6883
vt 0.0000 0.2382 0.7025
vt 0.0313 0.2907 0.6829
vt 0.0313 0.3092 0.6785
vt 0.0000 0.3126 0.6774
vt 0.0000 0.2907 0.6829
vt 0.0313 0.3210 0.6765
vt 0.0312 0.3306 0.6751
vt 0.0000 0.3293 0.6756
vt 0.0000 0.3210 0.6765
vt 0.0312 0.3427 0.6729
vt 0.0313 0.3558 0.6690
vt 0.0000 0.3560 0.6702
vt 0.0000 0.3427 0.6729
vt 0.0312 0.3684 0.6625
vt 0.0312 0.3805 0.6538
vt 0.0000 0.3808 0.6549
vt 0.0000 0.3684 0.6625
vt 0.0312 0.3919 0.6428
vt 0.0312 0.4026 0.6298
vt 0.0000 0.4030 0.6307
vt 0.0000 0.3919 0.6428
vt 0.0312 0.4125 0.6148
vt 0.0312 0.4216 0.5980
vt 0.0000 0.4221 0.5988
vt 0.0000 0.4125 0.6148
vt 0.0313 0.4297 0.5796
vt 0.0313 0.4369 0.5596
vt 0.0000 0.4374 0.5603
vt 0.0000 0.4297 0.5796
vt 0.0312 0.4429 0.5383
vt 0.0312 0.4485 0.5163
vt 0.0000 0.4485 0.5163
vt 0.0000 0.4429 0.5383
vt 0.0313 0.1090 3.4699
vt 0.0313 0.1136 3.5016
vt 0.0313 0.1045 3.4383
vt 0.0000 0.1045 3.4383
vt 0.0000 0.1090 3.4699
vt 0.0000 0.1136 3.5016
vt 0.0313 0.4603 0.4679
vt 0.0312 0.4546 0.4680
vt 0.0313 0.4660 0.4674
vt 0.0000 0.4661 0.4679
vt 0.0000 0.4603 0.4679
vt 0.0000 0.4546 0.4680
vt 0.0313 0.4715 0.4658
vt 0.0313 0.4768 0.4632
vt 0.0000 0.4769 0.4637
vt 0.0000 0.4715 0.4658
vt 0.0313 0.4818 0.4598
vt 0.0312 0.4865 0.4554
vt 0.0000 0.4866 0.4558
vt 0.0000 0.4818 0.4598
vt 0.0312 0.4908 0.4501
vt 0.0312 0.4947 0.4441
vt 0.0000 0.4949 0.4445
vt 0.0000 0.4908 0.4501
vt 0.0312 0.4981 0.4373
vt 0.0312 0.5010 0.4297
vt 0.0000 0.5013 0.4301
vt 0.0000 0.4981 0.4373
vt 0.0312 0.5034 0.4215
vt 0.0312 0.5051 0.4126
vt 0.0000 0.5055 0.4129
vt 0.0000 0.5034 0.4215
vt 0.0313 0.5062 0.4031
vt 0.0313 0.5069 0.3934
vt 0.0000 0.5069 0.3934
vt 0.0000 0.5062 0.4031
vt 0.0312 0.0870 3.1481
vt 0.0312 0.0950 3.1701
vt 0.0312 0.0790 3.1260
vt 0.0000 0.0790 3.1260
vt 0.0000 0.0870 3.1481
vt 0.0000 0.0950 3.1701
vt 0.0313 0.0712 3.1013
vt 0.0313 0.0634 3.0767
vt 0.0000 0.0634 3.0767
vt 0.0000 0.0712 3.1013
vt 0.0313 0.0579 3.0470
vt 0.0313 0.0525 3.0172
vt 0.0000 0.0525 3.0172
vt 0.0000 0.0579 3.0470
vt 0.0312 0.5266 0.1932
vt 0.0313 0.5195 0.2090
vt 0.0312 0.5342 0.1789
vt 0.0000 0.5337 0.1773
vt 0.0000 0.5266 0.1932
vt 0.0000 0.5195 0.2090
vt 0.0312 0.5427 0.1680
vt 0.0313 0.5522 0.1598
vt 0.0000 0.5518 0.1586
vt 0.0000 0.5427 0.1680
vt 0.0313 0.5624 0.1541
vt 0.0313 0.5732 0.1505
vt 0.0000 0.5729 0.1497
vt 0.0000 0.5624 0.1541
vt 0.0313 0.5845 0.1484
vt 0.0313 0.5962 0.1476
vt 0.0000 0.5960 0.1472
vt 0.0000 0.5845 0.1484
vt 0.0313 0.6081 0.1476
vt 0.0313 0.6341 0.1479
vt 0.0000 0.6201 0.1480
vt 0.0000 0.6081 0.1476
vt 0.0313 0.6879 0.1480
vt 0.0313 0.7396 0.1480
vt 0.0000 0.7556 0.1480
vt 0.0000 0.6879 0.1480
vt 0.0312 0.7733 0.1907
vt 0.0312 0.7646 0.1587
vt 0.0312 0.7848 0.2324
vt 0.0000 0.7837 0.2334
vt 0.0000 0.7733 0.1907
vt 0.0000 0.7630 0.1480
vt 0.0312 0.7983 0.2719
vt 0.0312 0.8138 0.3090
vt 0.0000 0.8129 0.3103
vt 0.0000 0.7983 0.2719
vt 0.0312 0.8311 0.3436
vt 0.0312 0.8502 0.3754
vt 0.0000 0.8494 0.3769
vt 0.0000 0.8311 0.3436
vt 0.0312 0.8709 0.4042
vt 0.0312 0.8930 0.4299
vt 0.0000 0.8924 0.4315
vt 0.0000 0.8709 0.4042
vt 0.0312 0.9166 0.4521
vt 0.0312 0.9413 0.4707
vt 0.0000 0.9408 0.4726
vt 0.0000 0.9166 0.4521
vt 0.0312 0.9673 0.4856
vt 0.0312 0.9942 0.4964
vt 0.0000 0.9937 0.4985
vt 0.0000 0.9673 0.4856
vt 0.0312 1.0220 0.5030
vt 0.0312 1.0459 0.5062
vt 0.0000 1.0502 0.5075
vt 0.0000 1.0220 0.5030
vt 0.0312 1.0613 0.5068
vt 0.0312 1.0724 0.5061
vt 0.0000 1.0724 0.5061
vt 0.0000 1.0613 0.5068
vt 0.0312 0.3615 1.3175
vt 0.0312 0.3518 1.3416
vt 0.0313 0.3713 1.2934
vt 0.0000 0.3713 1.2934
vt 0.0000 0.3615 1.3175
vt 0.0000 0.3518 1.3416
vt 0.0313 0.3813 1.2694
vt 0.0313 0.3912 1.2454
vt 0.0000 0.3912 1.2454
vt 0.0000 0.3813 1.2694
vt 0.0313 0.4014 1.2214
vt 0.0312 0.4116 1.1975
vt 0.0000 0.4116 1.1975
vt 0.0000 0.4014 1.2214
vt 0.0312 0.4221 1.1738
vt 0.0313 0.4326 1.1500
vt 0.0000 0.4326 1.1500
vt 0.0000 0.4221 1.1737
vt 0.0312 0.4434 1.1264
vt 0.0312 0.4542 1.1028
vt 0.0000 0.4542 1.1028
vt 0.0000 0.4434 1.1264
vt 0.0312 0.4681 1.0740
vt 0.0312 0.4821 1.0452
vt 0.0000 0.4821 1.0452
vt 0.0000 0.4681 1.0740
vt 0.0312 0.5082 0.9974
vt 0.0313 0.5343 0.9496
vt 0.0000 0.5343 0.9496
vt 0.0000 0.5082 0.9974
vt 0.0313 0.5631 0.9052
vt 0.0313 0.5918 0.8608
vt 0.0000 0.5918 0.8608
vt 0.0000 0.5631 0.9052
vt 0.0313 0.6239 0.8206
vt 0.0312 0.6559 0.7804
vt 0.0000 0.6559 0.7804
vt 0.0000 0.6239 0.8206
vt 0.0312 0.6919 0.7455
vt 0.0313 0.7280 0.7106
vt 0.0000 0.7280 0.7106
vt 0.0000 0.6919 0.7455
vt 0.0312 0.7686 0.6826
vt 0.0312 0.8092 0.6545
vt 0.0000 0.8092 0.6545
vt 0.0000 0.7686 0.6826
vt 0.0312 0.8548 0.6355
vt 0.0312 0.9003 0.6166
vt 0.0000 0.9003 0.6166
vt 0.0000 0.8548 0.6355
vt 0.8542 0.9335 0.6119
vt 1.0312 0.9003 0.6166
vt 1.0625 0.9003 0.6166
vt 0.7812 0.9502 0.6095
vt 0.7917 0.9418 0.6107
vt 1.0000 0.9003 0.6166
vt 0.5312 0.2724 1.6377
vt 0.5286 0.2278 1.4590
vt 0.5312 0.3052 1.8326
vt 0.5625 0.3052 1.8326
vt 0.5625 0.2724 1.6377
vt 0.5560 0.2228 1.4508
vt 0.9688 -0.2388 1.7063
vt 0.9375 -0.2388 1.7063
vt 0.9375 -0.3288 1.7063
vt 0.9688 -0.3288 1.7063
vt 1.0000 -0.2388 1.7063
vt 1.0000 -0.3288 1.7063
vt 1.0000 -0.1488 1.7063
vt 0.9688 -0.1683 1.7063
vt 0.9375 -0.1683 1.7063
vt 0.9688 0.1796 6.7773
vt 0.9375 0.1796 6.7773
vt 0.9375 0.1921 6.9663
vt 0.9688 0.1921 6.9663
vt 1.0000 0.1796 6.7773
vt 1.0000 0.1921 6.9663
vt 1.0000 0.1670 6.5882
vt 0.9688 0.1670 6.5882
vt 0.9375 0.1697 6.6295
vt -0.0312 -0.1114 1.3568
vt -0.0312 -0.1144 1.3562
vt -0.0312 -0.1077 1.3571
vt -0.0625 -0.1083 1.3574
vt -0.0625 -0.1114 1.3568
vt -0.0625 -0.1144 1.3562
vt -0.0312 -0.1027 1.3568
vt -0.0312 -0.0967 1.3553
vt -0.0625 -0.0971 1.3562
vt -0.0625 -0.1027 1.3568
vt -0.0312 -0.0898 1.3523
vt -0.0312 -0.0822 1.3471
vt -0.0625 -0.0824 1.3484
vt -0.0625 -0.0898 1.3523
vt -0.0312 -0.0742 1.3392
vt -0.0312 -0.0659 1.3281
vt -0.0625 -0.0659 1.3300
vt -0.0625 -0.0742 1.3392
vt -0.0312 -0.0576 1.3133
vt -0.0312 -0.0494 1.2942
vt -0.0625 -0.0492 1.2966
vt -0.0625 -0.0576 1.3133
vt -0.0312 -0.0417 1.2704
vt -0.0312 -0.0345 1.2412
vt -0.0625 -0.0341 1.2441
vt -0.0625 -0.0417 1.2704
vt -0.0312 -0.0282 1.2062
vt -0.0312 -0.0192 1.1553
vt -0.0625 -0.0222 1.1683
vt -0.0625 -0.0282 1.2062
vt -0.0312 -0.0042 1.0782
vt -0.0312 0.0164 0.9944
vt -0.0625 0.0139 0.9881
vt -0.0625 -0.0042 1.0782
vt -0.0312 0.0422 0.9232
vt -0.0312 0.0719 0.8636
vt -0.0625 0.0705 0.8583
vt -0.0625 0.0422 0.9232
vt -0.0312 0.1044 0.8144
vt -0.0312 0.1385 0.7748
vt -0.0625 0.1383 0.7705
vt -0.0625 0.1044 0.8144
vt -0.0312 0.1729 0.7436
vt -0.0312 0.2066 0.7198
vt -0.0625 0.2076 0.7166
vt -0.0625 0.1729 0.7436
vt -0.0312 0.2382 0.7025
vt -0.0312 0.2689 0.6883
vt -0.0625 0.2689 0.6883
vt -0.0625 0.2382 0.7025
vt 0.9688 0.2907 0.6829
vt 0.9688 0.2689 0.6883
vt 1.0000 0.2689 0.6883
vt 1.0000 0.2907 0.6829
vt 0.9688 0.3092 0.6785
vt 1.0000 0.3126 0.6774
vt 0.9375 0.3092 0.6785
vt 0.9375 0.2907 0.6829
vt 0.9375 0.2689 0.6883
vt 0.9688 0.3210 0.6765
vt 1.0000 0.3210 0.6765
vt 0.9688 0.3306 0.6751
vt 1.0000 0.3293 0.6756
vt 0.9375 0.3306 0.6751
vt 0.9375 0.3210 0.6765
vt 0.9688 0.3427 0.6729
vt 1.0000 0.3427 0.6729
vt 0.9688 0.3558 0.6690
vt 1.0000 0.3560 0.6702
vt 0.9375 0.3558 0.6690
vt 0.9375 0.3427 0.6729
vt 0.9688 0.3684 0.6625
vt 1.0000 0.3684 0.6625
vt 0.9688 0.3805 0.6538
vt 1.0000 0.3808 0.6549
vt 0.9375 0.3805 0.6538
vt 0.9375 0.3684 0.6625
vt 0.9688 0.3919 0.6428
vt 1.0000 0.3919 0.6428
vt 0.9688 0.4026 0.6298
vt 1.0000 0.4030 0.6307
vt 0.9375 0.4026 0.6298
vt 0.9375 0.3919 0.6428
vt 0.9688 0.4125 0.6148
vt 1.0000 0.4125 0.6148
vt 0.9688 0.4216 0.5980
vt 1.0000 0.4221 0.5988
vt 0.9375 0.4216 0.5980
vt 0.9375 0.4125 0.6148
vt 0.9688 0.4297 0.5796
vt 1.0000 0.4297 0.5796
vt 0.9687 0.4369 0.5596
vt 1.0000 0.4374 0.5603
vt 0.9375 0.4369 0.5596
vt 0.9375 0.4297 0.5796
vt 0.9688 0.4429 0.5383
vt 1.0000 0.4429 0.5383
vt 0.9688 0.4485 0.5163
vt 1.0000 0.4485 0.5163
vt 0.9375 0.4485 0.5163
vt 0.9375 0.4429 0.5383
vt 0.9688 0.1090 3.4699
vt 0.9688 0.1136 3.5016
vt 1.0000 0.1136 3.5016
vt 1.0000 0.1090 3.4699
vt 0.9688 0.1045 3.4383
vt 1.0000 0.1045 3.4383
vt 0.9375 0.1045 3.4383
vt 0.9375 0.1090 3.4699
vt 0.9375 0.1136 3.5016
vt 0.9687 0.4603 0.4679
vt 0.9688 0.4546 0.4680
vt 1.0000 0.4546 0.4680
vt 1.0000 0.4603 0.4679
vt 0.9687 0.4660 0.4674
vt 1.0000 0.4661 0.4679
vt 0.9375 0.4660 0.4674
vt 0.9375 0.4603 0.4679
vt 0.9375 0.4546 0.4680
vt 0.9687 0.4715 0.4658
vt 1.0000 0.4715 0.4658
vt 0.9687 0.4768 0.4632
vt 1.0000 0.4769 0.4637
vt 0.9375 0.4768 0.4632
vt 0.9375 0.4715 0.4658
vt 0.9688 0.4818 0.4598
vt 1.0000 0.4818 0.4598
vt 0.9688 0.4865 0.4554
vt 1.0000 0.4866 0.4558
vt 0.9375 0.4865 0.4554
vt 0.9375 0.4818 0.4598
vt 0.9688 0.4908 0.4501
vt 1.0000 0.4908 0.4501
vt 0.9688 0.4947 0.4441
vt 1.0000 0.4949 0.4445
vt 0.9375 0.4947 0.4441
vt 0.9375 0.4908 0.4501
vt 0.9688 0.4981 0.4373
vt 1.0000 0.4981 0.4373
vt 0.9688 0.5010 0.4297
vt 1.0000 0.5013 0.4301
vt 0.9375 0.5010 0.4297
vt 0.9375 0.4981 0.4373
vt 0.9688 0.5034 0.4215
vt 1.0000 0.5034 0.4215
vt 0.9688 0.5051 0.4126
vt 1.0000 0.5055 0.4129
vt 0.9375 0.5051 0.4126
vt 0.9375 0.5034 0.4215
vt 0.9688 0.5062 0.4031
vt 1.0000 0.5062 0.4031
vt 0.9687 0.5069 0.3934
vt 1.0000 0.5069 0.3934
vt 0.9375 0.5069 0.3934
vt 0.9375 0.5062 0.4031
vt 0.9688 0.0870 3.1481
vt 0.9688 0.0950 3.1701
vt 1.0000 0.0950 3.1701
vt 1.0000 0.0870 3.1481
vt 0.9688 0.0791 3.1253
vt 1.0000 0.0790 3.1260
vt 0.9375 0.0791 3.1253
vt 0.9375 0.0870 3.1481
vt 0.9375 0.0950 3.1701
vt 0.9688 0.0712 3.1013
vt 1.0000 0.0712 3.1013
vt 0.9687 0.0640 3.0754
vt 1.0000 0.0634 3.0767
vt 0.9375 0.0640 3.0754
vt 0.9375 0.0712 3.1013
vt 0.9688 0.0579 3.0470
vt 1.0000 0.0579 3.0470
vt 0.9688 0.0525 3.0172
vt 1.0000 0.0525 3.0172
vt 0.9375 0.0525 3.0172
vt 0.9375 0.0579 3.0470
vt 0.9687 0.5266 0.1932
vt 0.9687 0.5195 0.2090
vt 1.0000 0.5195 0.2090
vt 1.0000 0.5266 0.1932
vt 0.9688 0.5342 0.1789
vt 1.0000 0.5337 0.1773
vt 0.9375 0.5342 0.1789
vt 0.9375 0.5266 0.1932
vt 0.9375 0.5195 0.2090
vt 0.9687 0.5427 0.1680
vt 1.0000 0.5427 0.1680
vt 0.9687 0.5522 0.1598
vt 1.0000 0.5518 0.1586
vt 0.9375 0.5522 0.1598
vt 0.9375 0.5427 0.1680
vt 0.9687 0.5624 0.1541
vt 1.0000 0.5624 0.1541
vt 0.9687 0.5732 0.1505
vt 1.0000 0.5729 0.1497
vt 0.9375 0.5732 0.1505
vt 0.9375 0.5624 0.1541
vt 0.9687 0.5845 0.1484
vt 1.0000 0.5845 0.1484
vt 0.9687 0.5962 0.1476
vt 1.0000 0.5960 0.1472
vt 0.9375 0.5962 0.1476
vt 0.9375 0.5845 0.1484
vt 0.9687 0.6081 0.1476
vt 1.0000 0.6081 0.1476
vt 0.9687 0.6341 0.1479
vt 1.0000 0.6201 0.1480
vt 0.9375 0.6341 0.1479
vt 0.9375 0.6081 0.1476
vt 0.9687 0.6879 0.1480
vt 1.0000 0.6879 0.1480
vt 0.9687 0.7396 0.1480
vt 1.0000 0.7556 0.1480
vt 0.9375 0.7396 0.1480
vt 0.9375 0.6879 0.1480
vt 0.9688 0.7733 0.1907
vt 0.9687 0.7646 0.1587
vt 1.0000 0.7630 0.1480
vt 1.0000 0.7733 0.1907
vt 0.9688 0.7848 0.2324
vt 1.0000 0.7837 0.2334
vt 0.9375 0.7848 0.2324
vt 0.9375 0.7733 0.1907
vt 0.9375 0.7646 0.1587
vt 0.9688 0.7983 0.2719
vt 1.0000 0.7983 0.2719
vt 0.9687 0.8138 0.3090
vt 1.0000 0.8129 0.3103
vt 0.9375 0.8138 0.3090
vt 0.9375 0.7983 0.2719
vt 0.9687 0.8311 0.3436
vt 1.0000 0.8311 0.3436
vt 0.9687 0.8502 0.3754
vt 1.0000 0.8494 0.3769
vt 0.9375 0.8502 0.3754
vt 0.9375 0.8311 0.3436
vt 0.9687 0.8709 0.4042
vt 1.0000 0.8709 0.4042
vt 0.9688 0.8930 0.4299
vt 1.0000 0.8924 0.4315
vt 0.9375 0.8930 0.4299
vt 0.9375 0.8709 0.4042
vt 0.9688 0.9166 0.4521
vt 1.0000 0.9166 0.4521
vt 0.9688 0.9413 0.4707
vt 1.0000 0.9408 0.4726
vt 0.9375 0.9413 0.4707
vt 0.9375 0.9166 0.4521
vt 0.9688 0.9673 0.4856
vt 1.0000 0.9673 0.4856
vt 0.9688 0.9942 0.4964
vt 1.0000 0.9937 0.4985
vt 0.9375 0.9942 0.4964
vt 0.9375 0.9673 0.4856
vt 0.9688 1.0220 0.5030
vt 1.0000 1.0220 0.5030
vt 0.9688 1.0459 0.5062
vt 1.0000 1.0502 0.5075
vt 0.9375 1.0459 0.5062
vt 0.9375 1.0220 0.5030
vt 0.9688 1.0613 0.5068
vt 1.0000 1.0613 0.5068
vt 0.9688 1.0724 0.5061
vt 1.0000 1.0724 0.5061
vt 0.9375 1.0724 0.5061
vt 0.9375 1.0613 0.5068
vt 0.9688 0.3615 1.3175
vt 0.9688 0.3518 1.3416
vt 1.0000 0.3518 1.3416
vt 1.0000 0.3615 1.3175
vt 0.9688 0.3713 1.2934
vt 1.0000 0.3713 1.2934
vt 0.9375 0.3713 1.2934
vt 0.9375 0.3615 1.3175
vt 0.9375 0.3518 1.3416
vt 0.9688 0.3813 1.2694
vt 1.0000 0.3813 1.2694
vt 0.9688 0.3913 1.2454
vt 1.0000 0.3912 1.2454
vt 0.9375 0.3913 1.2454
vt 0.9375 0.3813 1.2694
vt 0.9688 0.4014 1.2214
vt 1.0000 0.4014 1.2214
vt 0.9688 0.4117 1.1976
vt 1.0000 0.4116 1.1975
vt 0.9375 0.4117 1.1976
vt 0.9375 0.4014 1.2214
vt 0.9688 0.4221 1.1737
vt 1.0000 0.4221 1.1737
vt 0.9688 0.4327 1.1500
vt 1.0000 0.4326 1.1500
vt 0.9375 0.4327 1.1500
vt 0.9375 0.4221 1.1737
vt 0.9688 0.4434 1.1264
vt 1.0000 0.4434 1.1264
vt 0.9688 0.4550 1.1015
vt 1.0000 0.4542 1.1028
vt 0.9375 0.4550 1.1015
vt 0.9375 0.4434 1.1264
vt 0.9688 0.4681 1.0740
vt 1.0000 0.4681 1.0740
vt 0.9688 0.4851 1.0405
vt 1.0000 0.4821 1.0452
vt 0.9375 0.4851 1.0405
vt 0.9375 0.4681 1.0740
vt 0.9688 0.5082 0.9974
vt 1.0000 0.5082 0.9974
vt 0.9688 0.5350 0.9505
vt 1.0000 0.5343 0.9496
vt 0.9375 0.5350 0.9505
vt 0.9375 0.5082 0.9974
vt 0.9688 0.5631 0.9052
vt 1.0000 0.5631 0.9052
vt 0.9688 0.5927 0.8619
vt 1.0000 0.5918 0.8608
vt 0.9375 0.5927 0.8619
vt 0.9375 0.5631 0.9052
vt 0.9688 0.6239 0.8206
vt 1.0000 0.6239 0.8206
vt 0.9688 0.6569 0.7817
vt 1.0000 0.6559 0.7804
vt 0.9375 0.6569 0.7817
vt 0.9375 0.6239 0.8206
vt 0.9688 0.6919 0.7455
vt 1.0000 0.6919 0.7455
vt 0.9688 0.7291 0.7123
vt 1.0000 0.7280 0.7106
vt 0.9375 0.7291 0.7123
vt 0.9375 0.6919 0.7455
vt 0.9688 0.7686 0.6826
vt 1.0000 0.7686 0.6826
vt 0.9688 0.8104 0.6568
vt 1.0000 0.8092 0.6545
vt 0.9375 0.8104 0.6568
vt 0.9375 0.7686 0.6826
vt 0.9688 0.8548 0.6355
vt 1.0000 0.8548 0.6355
vt 0.9297 0.8972 0.6201
vt 0.8919 0.8993 0.6198
vt 0.9375 0.8548 0.6355
vt 0.8125 0.9335 0.6119
vt 0.7552 0.9418 0.6107
vt 0.5938 0.2724 1.6377
vt 0.5859 0.2278 1.4590
vt 0.5938 0.3052 1.8326
vt 0.6250 0.3052 1.8326
vt 0.6250 0.2724 1.6377
vt 0.6120 0.2228 1.4508
vt 0.9062 -0.2388 1.7063
vt 0.8750 -0.2388 1.7063
vt 0.8750 -0.3093 1.7063
vt 0.9062 -0.3093 1.7063
vt 0.9062 -0.1683 1.7063
vt 0.8750 -0.1683 1.7063
vt 0.9062 0.1796 6.7773
vt 0.8750 0.1796 6.7773
vt 0.8750 0.1893 6.9258
vt 0.9062 0.1893 6.9258
vt 0.9062 0.1697 6.6295
vt 0.8750 0.1697 6.6295
vt 0.9062 -0.1114 1.3568
vt 0.9062 -0.1144 1.3562
vt 0.9375 -0.1144 1.3562
vt 0.9375 -0.1114 1.3568
vt 0.9062 -0.1077 1.3571
vt 0.9375 -0.1083 1.3574
vt 0.8750 -0.1077 1.3571
vt 0.8750 -0.1114 1.3568
vt 0.8750 -0.1144 1.3562
vt 0.9063 -0.1027 1.3568
vt 0.9375 -0.1027 1.3568
vt 0.9063 -0.0967 1.3553
vt 0.9375 -0.0971 1.3562
vt 0.8750 -0.0967 1.3554
vt 0.8750 -0.1027 1.3568
vt 0.9063 -0.0898 1.3523
vt 0.9375 -0.0898 1.3523
vt 0.9063 -0.0822 1.3471
vt 0.9375 -0.0824 1.3484
vt 0.8750 -0.0822 1.3471
vt 0.8750 -0.0898 1.3523
vt 0.9063 -0.0742 1.3392
vt 0.9375 -0.0742 1.3392
vt 0.9062 -0.0659 1.3281
vt 0.9375 -0.0659 1.3300
vt 0.8750 -0.0659 1.3281
vt 0.8750 -0.0742 1.3392
vt 0.9062 -0.0576 1.3133
vt 0.9375 -0.0576 1.3133
vt 0.9062 -0.0494 1.2942
vt 0.9375 -0.0492 1.2966
vt 0.8750 -0.0494 1.2942
vt 0.8750 -0.0576 1.3133
vt 0.9062 -0.0417 1.2704
vt 0.9375 -0.0417 1.2704
vt 0.9062 -0.0345 1.2412
vt 0.9375 -0.0341 1.2441
vt 0.8750 -0.0345 1.2412
vt 0.8750 -0.0417 1.2704
vt 0.9062 -0.0282 1.2062
vt 0.9375 -0.0282 1.2062
vt 0.9062 -0.0192 1.1553
vt 0.9375 -0.0222 1.1683
vt 0.8750 -0.0192 1.1553
vt 0.8750 -0.0282 1.2062
vt 0.9062 -0.0042 1.0782
vt 0.9375 -0.0042 1.0782
vt 0.9062 0.0164 0.9944
vt 0.9375 0.0139 0.9881
vt 0.8750 0.0164 0.9944
vt 0.8750 -0.0042 1.0782
vt 0.9062 0.0422 0.9232
vt 0.9375 0.0422 0.9232
vt 0.9063 0.0719 0.8636
vt 0.9375 0.0705 0.8583
vt 0.8750 0.0719 0.8636
vt 0.8750 0.0422 0.9232
vt 0.9063 0.1044 0.8144
vt 0.9375 0.1044 0.8144
vt 0.9062 0.1385 0.7748
vt 0.9375 0.1383 0.7705
vt 0.8750 0.1385 0.7748
vt 0.8750 0.1044 0.8144
vt 0.9062 0.1729 0.7436
vt 0.9375 0.1729 0.7436
vt 0.9062 0.2066 0.7198
vt 0.9375 0.2076 0.7166
vt 0.8750 0.2066 0.7198
vt 0.8750 0.1729 0.7436
vt 0.9062 0.2382 0.7025
vt 0.9375 0.2382 0.7025
vt 0.9062 0.2667 0.6905
vt 0.8750 0.2667 0.6905
vt 0.8750 0.2382 0.7025
vt 0.9062 0.2907 0.6829
vt 0.9063 0.3092 0.6785
vt 0.8750 0.3092 0.6785
vt 0.8750 0.2907 0.6829
vt 0.9063 0.3210 0.6765
vt 0.9062 0.3306 0.6751
vt 0.8750 0.3306 0.6751
vt 0.8750 0.3210 0.6765
vt 0.9062 0.3427 0.6729
vt 0.9062 0.3558 0.6690
vt 0.8750 0.3558 0.6690
vt 0.8750 0.3427 0.6729
vt 0.9062 0.3684 0.6625
vt 0.9063 0.3805 0.6538
vt 0.8750 0.3805 0.6538
vt 0.8750 0.3684 0.6625
vt 0.9062 0.3919 0.6428
vt 0.9062 0.4026 0.6298
vt 0.8750 0.4026 0.6298
vt 0.8750 0.3919 0.6428
vt 0.9063 0.4125 0.6148
vt 0.9063 0.4216 0.5980
vt 0.8750 0.4216 0.5980
vt 0.8750 0.4125 0.6148
vt 0.9063 0.4297 0.5796
vt 0.9062 0.4369 0.5596
vt 0.8750 0.4369 0.5596
vt 0.8750 0.4297 0.5796
vt 0.9063 0.4429 0.5383
vt 0.9063 0.4485 0.5163
vt 0.8750 0.4485 0.5163
vt 0.8750 0.4429 0.5383
vt 0.9063 0.1090 3.4699
vt 0.9063 0.1136 3.5016
vt 0.9062 0.1045 3.4383
vt 0.8750 0.1045 3.4383
vt 0.8750 0.1090 3.4699
vt 0.8750 0.1136 3.5016
vt 0.9062 0.4603 0.4679
vt 0.9062 0.4546 0.4680
vt 0.9062 0.4660 0.4674
vt 0.8750 0.4660 0.4674
vt 0.8750 0.4603 0.4679
vt 0.8750 0.4546 0.4680
vt 0.9062 0.4715 0.4658
vt 0.9062 0.4768 0.4632
vt 0.8750 0.4768 0.4632
vt 0.8750 0.4715 0.4658
vt 0.9063 0.4818 0.4598
vt 0.9063 0.4865 0.4554
vt 0.8750 0.4865 0.4554
vt 0.8750 0.4818 0.4598
vt 0.9063 0.4908 0.4501
vt 0.9063 0.4947 0.4441
vt 0.8750 0.4947 0.4441
vt 0.8750 0.4908 0.4501
vt 0.9063 0.4981 0.4373
vt 0.9063 0.5010 0.4297
vt 0.8750 0.5010 0.4297
vt 0.8750 0.4981 0.4373
vt 0.9063 0.5034 0.4215
vt 0.9063 0.5051 0.4126
vt 0.8750 0.5051 0.4126
vt 0.8750 0.5034 0.4215
vt 0.9062 0.5062 0.4031
vt 0.9062 0.5069 0.3934
vt 0.8750 0.5069 0.3934
vt 0.8750 0.5062 0.4031
vt 0.9063 0.0870 3.1481
vt 0.9062 0.0950 3.1701
vt 0.9063 0.0791 3.1253
vt 0.8750 0.0791 3.1253
vt 0.8750 0.0870 3.1481
vt 0.8750 0.0950 3.1701
vt 0.9063 0.0712 3.1013
vt 0.9063 0.0640 3.0754
vt 0.8750 0.0640 3.0754
vt 0.8750 0.0712 3.1013
vt 0.9063 0.0579 3.0470
vt 0.9063 0.0525 3.0172
vt 0.8750 0.0525 3.0172
vt 0.8750 0.0579 3.0470
vt 0.9062 0.5266 0.1932
vt 0.9063 0.5195 0.2090
vt 0.9062 0.5342 0.1789
vt 0.8750 0.5342 0.1789
vt 0.8750 0.5266 0.1932
vt 0.8750 0.5195 0.2090
vt 0.9062 0.5427 0.1680
vt 0.9062 0.5522 0.1598
vt 0.8750 0.5522 0.1598
vt 0.8750 0.5427 0.1680
vt 0.9062 0.5624 0.1541
vt 0.9062 0.5732 0.1505
vt 0.8750 0.5732 0.1505
vt 0.8750 0.5624 0.1541
vt 0.9062 0.5845 0.1484
vt 0.9062 0.5962 0.1476
vt 0.8750 0.5962 0.1476
vt 0.8750 0.5845 0.1484
vt 0.9062 0.6081 0.1476
vt 0.9063 0.6341 0.1479
vt 0.8750 0.6341 0.1479
vt 0.8750 0.6081 0.1476
vt 0.9063 0.6879 0.1480
vt 0.9063 0.7396 0.1480
vt 0.8750 0.7396 0.1480
vt 0.8750 0.6879 0.1480
vt 0.9063 0.7733 0.1907
vt 0.9063 0.7646 0.1587
vt 0.9063 0.7848 0.2324
vt 0.8750 0.7848 0.2324
vt 0.8750 0.7733 0.1907
vt 0.8750 0.7646 0.1586
vt 0.9062 0.7983 0.2719
vt 0.9062 0.8138 0.3090
vt 0.8750 0.8138 0.3090
vt 0.8750 0.7983 0.2719
vt 0.9062 0.8311 0.3436
vt 0.9062 0.8502 0.3754
vt 0.8750 0.8502 0.3754
vt 0.8750 0.8311 0.3436
vt 0.9062 0.8709 0.4042
vt 0.9063 0.8930 0.4299
vt 0.8750 0.8930 0.4299
vt 0.8750 0.8709 0.4042
vt 0.9063 0.9166 0.4521
vt 0.9063 0.9413 0.4707
vt 0.8750 0.9413 0.4707
vt 0.8750 0.9166 0.4521
vt 0.9063 0.9673 0.4856
vt 0.9063 0.9942 0.4964
vt 0.8750 0.9942 0.4964
vt 0.8750 0.9673 0.4856
vt 0.9062 1.0220 0.5030
vt 0.9062 1.0459 0.5062
vt 0.8750 1.0459 0.5062
vt 0.8750 1.0220 0.5030
vt 0.9063 1.0613 0.5068
vt 0.9063 1.0724 0.5061
vt 0.8750 1.0724 0.5061
vt 0.8750 1.0613 0.5068
vt 0.9063 0.3615 1.3175
vt 0.9063 0.3518 1.3416
vt 0.9062 0.3713 1.2934
vt 0.8750 0.3713 1.2934
vt 0.8750 0.3615 1.3175
vt 0.8750 0.3518 1.3416
vt 0.9062 0.3813 1.2694
vt 0.9062 0.3913 1.2454
vt 0.8750 0.3913 1.2454
vt 0.8750 0.3813 1.2694
vt 0.9063 0.4014 1.2214
vt 0.9063 0.4117 1.1976
vt 0.8750 0.4117 1.1976
vt 0.8750 0.4014 1.2214
vt 0.9063 0.4221 1.1737
vt 0.9062 0.4327 1.1500
vt 0.8750 0.4327 1.1500
vt 0.8750 0.4221 1.1737
vt 0.9063 0.4434 1.1264
vt 0.9063 0.4550 1.1015
vt 0.8750 0.4550 1.1015
vt 0.8750 0.4434 1.1264
vt 0.9063 0.4681 1.0740
vt 0.9062 0.4851 1.0405
vt 0.8750 0.4851 1.0405
vt 0.8750 0.4681 1.0740
vt 0.9062 0.5082 0.9974
vt 0.9062 0.5350 0.9505
vt 0.8750 0.5350 0.9505
vt 0.8750 0.5082 0.9974
vt 0.9062 0.5631 0.9052
vt 0.9062 0.5927 0.8619
vt 0.8750 0.5927 0.8619
vt 0.8750 0.5631 0.9052
vt 0.9062 0.6239 0.8206
vt 0.9062 0.6569 0.7817
vt 0.8750 0.6569 0.7817
vt 0.8750 0.6239 0.8206
vt 0.9062 0.6919 0.7455
vt 0.9063 0.7291 0.7123
vt 0.8750 0.7291 0.7123
vt 0.8750 0.6919 0.7455
vt 0.9063 0.7686 0.6826
vt 0.9063 0.8104 0.6568
vt 0.8750 0.8104 0.6568
vt 0.8750 0.7686 0.6826
vt 0.9063 0.8548 0.6355
vt 0.8724 0.8972 0.6201
vt 0.8359 0.8993 0.6198
vt 0.8750 0.8548 0.6355
vt 0.7708 0.9335 0.6119
vt 0.7188 0.9418 0.6107
vt 0.6562 0.2724 1.6377
vt 0.6432 0.2278 1.4590
vt 0.6562 0.3052 1.8326
vt 0.6875 0.3052 1.8326
vt 0.6875 0.2724 1.6377
vt 0.6680 0.2228 1.4508
vt 0.8438 -0.2388 1.7063
vt 0.8125 -0.2388 1.7063
vt 0.8125 -0.3093 1.7063
vt 0.8438 -0.3093 1.7063
vt 0.8438 -0.1683 1.7063
vt 0.8125 -0.1683 1.7063
vt 0.8438 0.1796 6.7773
vt 0.8125 0.1796 6.7773
vt 0.8125 0.1893 6.9258
vt 0.8438 0.1893 6.9258
vt 0.8438 0.1697 6.6295
vt 0.8125 0.1697 6.6295
vt 0.8437 -0.1114 1.3568
vt 0.8437 -0.1144 1.3562
vt 0.8438 -0.1077 1.3571
vt 0.8125 -0.1077 1.3571
vt 0.8125 -0.1114 1.3568
vt 0.8125 -0.1144 1.3562
vt 0.8438 -0.1027 1.3568
vt 0.8438 -0.0967 1.3554
vt 0.8125 -0.0967 1.3554
vt 0.8125 -0.1027 1.3568
vt 0.8438 -0.0898 1.3523
vt 0.8438 -0.0822 1.3471
vt 0.8125 -0.0822 1.3471
vt 0.8125 -0.0898 1.3523
vt 0.8438 -0.0742 1.3392
vt 0.8438 -0.0659 1.3281
vt 0.8125 -0.0659 1.3281
vt 0.8125 -0.0742 1.3392
vt 0.8438 -0.0576 1.3133
vt 0.8438 -0.0494 1.2942
vt 0.8125 -0.0494 1.2942
vt 0.8125 -0.0576 1.3133
vt 0.8438 -0.0417 1.2704
vt 0.8438 -0.0345 1.2412
vt 0.8125 -0.0345 1.2412
vt 0.8125 -0.0417 1.2704
vt 0.8437 -0.0282 1.2062
vt 0.8437 -0.0192 1.1553
vt 0.8125 -0.0192 1.1553
vt 0.8125 -0.0282 1.2062
vt 0.8437 -0.0042 1.0782
vt 0.8438 0.0164 0.9944
vt 0.8125 0.0164 0.9944
vt 0.8125 -0.0042 1.0782
vt 0.8438 0.0422 0.9232
vt 0.8438 0.0719 0.8636
vt 0.8125 0.0719 0.8636
vt 0.8125 0.0422 0.9232
vt 0.8438 0.1044 0.8144
vt 0.8438 0.1385 0.7748
vt 0.8125 0.1385 0.7748
vt 0.8125 0.1044 0.8144
vt 0.8438 0.1729 0.7436
vt 0.8438 0.2066 0.7198
vt 0.8125 0.2066 0.7198
vt 0.8125 0.1729 0.7436
vt 0.8437 0.2382 0.7025
vt 0.8437 0.2667 0.6905
vt 0.8125 0.2667 0.6905
vt 0.8125 0.2382 0.7025
vt 0.8438 0.2907 0.6829
vt 0.8438 0.3092 0.6785
vt 0.8125 0.3092 0.6785
vt 0.8125 0.2907 0.6829
vt 0.8438 0.3210 0.6765
vt 0.8438 0.3306 0.6751
vt 0.8125 0.3306 0.6751
vt 0.8125 0.3210 0.6765
vt 0.8437 0.3427 0.6729
vt 0.8437 0.3558 0.6690
vt 0.8125 0.3558 0.6690
vt 0.8125 0.3427 0.6729
vt 0.8437 0.3684 0.6625
vt 0.8437 0.3805 0.6538
vt 0.8125 0.3805 0.6538
vt 0.8125 0.3684 0.6625
vt 0.8437 0.3919 0.6428
vt 0.8438 0.4026 0.6298
vt 0.8125 0.4026 0.6298
vt 0.8125 0.3919 0.6428
vt 0.8438 0.4125 0.6148
vt 0.8438 0.4216 0.5980
vt 0.8125 0.4216 0.5980
vt 0.8125 0.4125 0.6148
vt 0.8438 0.4297 0.5796
vt 0.8438 0.4369 0.5596
vt 0.8125 0.4369 0.5596
vt 0.8125 0.4297 0.5796
vt 0.8438 0.4429 0.5383
vt 0.8438 0.4485 0.5163
vt 0.8125 0.4485 0.5163
vt 0.8125 0.4429 0.5383
vt 0.8438 0.1090 3.4699
vt 0.8438 0.1136 3.5016
vt 0.8437 0.1045 3.4383
vt 0.8125 0.1045 3.4383
vt 0.8125 0.1090 3.4699
vt 0.8125 0.1136 3.5016
vt 0.8437 0.4603 0.4679
vt 0.8437 0.4546 0.4680
vt 0.8438 0.4660 0.4674
vt 0.8125 0.4660 0.4674
vt 0.8125 0.4603 0.4679
vt 0.8125 0.4546 0.4680
vt 0.8438 0.4715 0.4658
vt 0.8438 0.4768 0.4632
vt 0.8125 0.4768 0.4632
vt 0.8125 0.4715 0.4658
vt 0.8438 0.4818 0.4598
vt 0.8438 0.4865 0.4554
vt 0.8125 0.4865 0.4554
vt 0.8125 0.4818 0.4598
vt 0.8438 0.4908 0.4501
vt 0.8438 0.4947 0.4441
vt 0.8125 0.4947 0.4441
vt 0.8125 0.4908 0.4501
vt 0.8438 0.4981 0.4373
vt 0.8438 0.5010 0.4297
vt 0.8125 0.5010 0.4297
vt 0.8125 0.4981 0.4373
vt 0.8438 0.5034 0.4215
vt 0.8438 0.5051 0.4126
vt 0.8125 0.5051 0.4126
vt 0.8125 0.5034 0.4215
vt 0.8438 0.5062 0.4031
vt 0.8438 0.5069 0.3934
vt 0.8125 0.5069 0.3934
vt 0.8125 0.5062 0.4031
vt 0.8438 0.0870 3.1481
vt 0.8437 0.0950 3.1701
vt 0.8438 0.0791 3.1253
vt 0.8125 0.0791 3.1253
vt 0.8125 0.0870 3.1481
vt 0.8125 0.0950 3.1701
vt 0.8438 0.0712 3.1013
vt 0.8438 0.0640 3.0754
vt 0.8125 0.0640 3.0754
vt 0.8125 0.0712 3.1013
vt 0.8438 0.0579 3.0470
vt 0.8438 0.0525 3.0172
vt 0.8125 0.0525 3.0172
vt 0.8125 0.0579 3.0470
vt 0.8437 0.5266 0.1932
vt 0.8438 0.5195 0.2090
vt 0.8437 0.5342 0.1789
vt 0.8125 0.5342 0.1789
vt 0.8125 0.5266 0.1932
vt 0.8125 0.5195 0.2090
vt 0.8437 0.5427 0.1680
vt 0.8437 0.5522 0.1598
vt 0.8125 0.5522 0.1598
vt 0.8125 0.5427 0.1680
vt 0.8438 0.5624 0.1541
vt 0.8438 0.5732 0.1505
vt 0.8125 0.5732 0.1505
vt 0.8125 0.5624 0.1541
vt 0.8438 0.5845 0.1484
vt 0.8437 0.5962 0.1476
vt 0.8125 0.5962 0.1476
vt 0.8125 0.5845 0.1484
vt 0.8438 0.6081 0.1476
vt 0.8438 0.6341 0.1479
vt 0.8125 0.6341 0.1479
vt 0.8125 0.6081 0.1476
vt 0.8438 0.6879 0.1480
vt 0.8438 0.7396 0.1480
vt 0.8125 0.7396 0.1480
vt 0.8125 0.6879 0.1480
vt 0.8438 0.7733 0.1907
vt 0.8438 0.7646 0.1587
vt 0.8438 0.7848 0.2324
vt 0.8125 0.7848 0.2324
vt 0.8125 0.7733 0.1907
vt 0.8125 0.7646 0.1587
vt 0.8437 0.7983 0.2719
vt 0.8437 0.8138 0.3090
vt 0.8125 0.8138 0.3090
vt 0.8125 0.7983 0.2719
vt 0.8437 0.8311 0.3436
vt 0.8437 0.8502 0.3754
vt 0.8125 0.8502 0.3754
vt 0.8125 0.8311 0.3436
vt 0.8438 0.8709 0.4042
vt 0.8438 0.8930 0.4298
vt 0.8125 0.8930 0.4298
vt 0.8125 0.8709 0.4042
vt 0.8438 0.9166 0.4521
vt 0.8438 0.9413 0.4707
vt 0.8125 0.9413 0.4707
vt 0.8125 0.9166 0.4521
vt 0.8437 0.9673 0.4856
vt 0.8437 0.9942 0.4964
vt 0.8125 0.9942 0.4964
vt 0.8125 0.9673 0.4856
vt 0.8438 1.0220 0.5030
vt 0.8438 1.0459 0.5062
vt 0.8125 1.0459 0.5062
vt 0.8125 1.0220 0.5030
vt 0.8438 1.0613 0.5068
vt 0.8437 1.0724 0.5061
vt 0.8125 1.0724 0.5061
vt 0.8125 1.0613 0.5068
vt 0.8438 0.3615 1.3175
vt 0.8438 0.3518 1.3416
vt 0.8437 0.3713 1.2934
vt 0.8125 0.3713 1.2934
vt 0.8125 0.3615 1.3175
vt 0.8125 0.3518 1.3416
vt 0.8437 0.3813 1.2694
vt 0.8438 0.3913 1.2454
vt 0.8125 0.3913 1.2454
vt 0.8125 0.3813 1.2694
vt 0.8438 0.4014 1.2214
vt 0.8438 0.4117 1.1976
vt 0.8125 0.4117 1.1976
vt 0.8125 0.4014 1.2214
vt 0.8438 0.4221 1.1737
vt 0.8437 0.4327 1.1500
vt 0.8125 0.4327 1.1500
vt 0.8125 0.4221 1.1737
vt 0.8437 0.4434 1.1264
vt 0.8437 0.4550 1.1015
vt 0.8125 0.4550 1.1015
vt 0.8125 0.4434 1.1264
vt 0.8437 0.4681 1.0740
vt 0.8437 0.4851 1.0405
vt 0.8125 0.4851 1.0405
vt 0.8125 0.4681 1.0740
vt 0.8437 0.5082 0.9974
vt 0.8438 0.5350 0.9505
vt 0.8125 0.5350 0.9505
vt 0.8125 0.5082 0.9974
vt 0.8438 0.5631 0.9052
vt 0.8438 0.5927 0.8619
vt 0.8125 0.5927 0.8619
vt 0.8125 0.5631 0.9052
vt 0.8437 0.6239 0.8206
vt 0.8437 0.6569 0.7817
vt 0.8125 0.6569 0.7817
vt 0.8125 0.6239 0.8206
vt 0.8437 0.6919 0.7455
vt 0.8438 0.7291 0.7123
vt 0.8125 0.7291 0.7123
vt 0.8125 0.6919 0.7455
vt 0.8438 0.7686 0.6826
vt 0.8438 0.8104 0.6568
vt 0.8125 0.8104 0.6568
vt 0.8125 0.7686 0.6826
vt 0.8438 0.8548 0.6355
vt 0.8151 0.8972 0.6201
vt 0.7800 0.8993 0.6198
vt 0.8125 0.8548 0.6355
vt 0.7292 0.9335 0.6119
vt 0.6823 0.9418 0.6107
vt 0.7187 0.2724 1.6377
vt 0.7005 0.2278 1.4590
vt 0.7188 0.3052 1.8326
vt 0.7812 -0.2388 1.7063
vt 0.7812 -0.3093 1.7063
vt 0.7812 -0.1683 1.7063
vt 0.7813 0.1796 6.7773
vt 0.7813 0.1893 6.9258
vt 0.7813 0.1697 6.6295
vt 0.7812 -0.1114 1.3568
vt 0.7812 -0.1144 1.3562
vt 0.7812 -0.1077 1.3571
vt 0.7812 -0.1027 1.3568
vt 0.7812 -0.0967 1.3554
vt 0.7813 -0.0898 1.3523
vt 0.7813 -0.0822 1.3471
vt 0.7813 -0.0742 1.3392
vt 0.7812 -0.0659 1.3281
vt 0.7813 -0.0576 1.3133
vt 0.7813 -0.0494 1.2942
vt 0.7813 -0.0417 1.2704
vt 0.7813 -0.0345 1.2412
vt 0.7813 -0.0282 1.2062
vt 0.7812 -0.0192 1.1553
vt 0.7813 -0.0042 1.0782
vt 0.7813 0.0164 0.9944
vt 0.7813 0.0422 0.9232
vt 0.7813 0.0719 0.8636
vt 0.7813 0.1044 0.8144
vt 0.7813 0.1385 0.7748
vt 0.7813 0.1729 0.7436
vt 0.7813 0.2066 0.7198
vt 0.7812 0.2382 0.7025
vt 0.7812 0.2667 0.6905
vt 0.7813 0.2907 0.6829
vt 0.7813 0.3092 0.6785
vt 0.7813 0.3210 0.6765
vt 0.7813 0.3306 0.6751
vt 0.7813 0.3427 0.6729
vt 0.7812 0.3558 0.6690
vt 0.7812 0.3684 0.6625
vt 0.7812 0.3805 0.6538
vt 0.7813 0.3919 0.6428
vt 0.7813 0.4026 0.6298
vt 0.7813 0.4125 0.6148
vt 0.7812 0.4216 0.5980
vt 0.7813 0.4297 0.5796
vt 0.7813 0.4369 0.5596
vt 0.7813 0.4429 0.5383
vt 0.7813 0.4485 0.5163
vt 0.7813 0.1090 3.4699
vt 0.7813 0.1136 3.5016
vt 0.7813 0.1045 3.4383
vt 0.7812 0.4603 0.4679
vt 0.7813 0.4546 0.4680
vt 0.7813 0.4660 0.4674
vt 0.7813 0.4715 0.4658
vt 0.7813 0.4768 0.4632
vt 0.7813 0.4818 0.4598
vt 0.7813 0.4865 0.4554
vt 0.7813 0.4908 0.4501
vt 0.7813 0.4947 0.4441
vt 0.7813 0.4981 0.4373
vt 0.7813 0.5010 0.4297
vt 0.7813 0.5034 0.4215
vt 0.7813 0.5051 0.4126
vt 0.7813 0.5062 0.4031
vt 0.7813 0.5069 0.3934
vt 0.7813 0.0870 3.1481
vt 0.7813 0.0950 3.1701
vt 0.7813 0.0791 3.1253
vt 0.7813 0.0712 3.1013
vt 0.7813 0.0640 3.0754
vt 0.7813 0.0579 3.0470
vt 0.7813 0.0525 3.0172
vt 0.7812 0.5266 0.1932
vt 0.7813 0.5195 0.2090
vt 0.7812 0.5342 0.1789
vt 0.7813 0.5427 0.1680
vt 0.7813 0.5522 0.1598
vt 0.7813 0.5624 0.1541
vt 0.7813 0.5732 0.1505
vt 0.7813 0.5845 0.1484
vt 0.7813 0.5962 0.1476
vt 0.7813 0.6081 0.1476
vt 0.7813 0.6341 0.1479
vt 0.7813 0.6879 0.1480
vt 0.7813 0.7396 0.1480
vt 0.7813 0.7733 0.1907
vt 0.7813 0.7646 0.1587
vt 0.7813 0.7848 0.2324
vt 0.7813 0.7983 0.2719
vt 0.7812 0.8138 0.3090
vt 0.7812 0.8311 0.3436
vt 0.7813 0.8502 0.3754
vt 0.7813 0.8709 0.4042
vt 0.7813 0.8930 0.4299
vt 0.7813 0.9166 0.4521
vt 0.7813 0.9413 0.4707
vt 0.7813 0.9673 0.4856
vt 0.7813 0.9942 0.4964
vt 0.7813 1.0220 0.5030
vt 0.7813 1.0459 0.5062
vt 0.7813 1.0613 0.5068
vt 0.7813 1.0724 0.5061
vt 0.7813 0.3615 1.3175
vt 0.7813 0.3518 1.3416
vt 0.7813 0.3713 1.2934
vt 0.7813 0.3813 1.2694
vt 0.7813 0.3913 1.2454
vt 0.7813 0.4014 1.2214
vt 0.7813 0.4117 1.1976
vt 0.7813 0.4221 1.1737
vt 0.7813 0.4327 1.1500
vt 0.7813 0.4434 1.1264
vt 0.7813 0.4550 1.1015
vt 0.7813 0.4681 1.0740
vt 0.7813 0.4851 1.0405
vt 0.7813 0.5082 0.9974
vt 0.7813 0.5350 0.9505
vt 0.7813 0.5631 0.9052
vt 0.7813 0.5927 0.8619
vt 0.7813 0.6239 0.8206
vt 0.7813 0.6569 0.7817
vt 0.7813 0.6919 0.7455
vt 0.7813 0.7291 0.7123
vt 0.7813 0.7686 0.6826
vt 0.7813 0.8104 0.6568
vt 0.7813 0.8548 0.6355
vt 0.7578 0.8972 0.6201
vt 0.6875 0.9335 0.6119
vt 0.7188 -0.1367 1.7063
vt 0.6875 -0.1367 1.7063
vt 0.7500 -0.1367 1.7063
vt 0.7500 -0.1245 1.7063
vt 0.7188 -0.1245 1.7063
vt 0.6875 -0.1245 1.7063
vt 0.7188 -0.3410 1.7063
vt 0.7500 -0.3410 1.7063
vt 0.6875 -0.3410 1.7063
vt 0.6875 -0.3501 1.7006
vt 0.7188 -0.3501 1.7006
vt 0.7500 -0.3501 1.7006
vt 0.7187 0.1652 6.5643
vt 0.6875 0.1652 6.5643
vt 0.7500 0.1652 6.5643
vt 0.7500 0.1634 6.5404
vt 0.7188 0.1634 6.5404
vt 0.6875 0.1634 6.5404
vt 0.7188 0.1937 6.9934
vt 0.7500 0.1937 6.9934
vt 0.6875 0.1937 6.9934
vt 0.6875 0.1953 7.0206
vt 0.7188 0.1953 7.0206
vt 0.7500 0.1953 7.0206
vt 0.6562 -0.1367 1.7063
vt 0.6250 -0.1367 1.7063
vt 0.6562 -0.1245 1.7063
vt 0.6250 -0.1245 1.7063
vt 0.6562 -0.3410 1.7063
vt 0.6250 -0.3410 1.7063
vt 0.6250 -0.3501 1.7006
vt 0.6562 -0.3501 1.7006
vt 0.6562 0.1652 6.5643
vt 0.6250 0.1652 6.5643
vt 0.6562 0.1634 6.5404
vt 0.6250 0.1634 6.5404
vt 0.6563 0.1937 6.9934
vt 0.6250 0.1937 6.9934
vt 0.6250 0.1953 7.0206
vt 0.6562 0.1953 7.0206
vt 0.5937 -0.1367 1.7063
vt 0.5625 -0.1367 1.7063
vt 0.5937 -0.1245 1.7063
vt 0.5625 -0.1245 1.7063
vt 0.5937 -0.3410 1.7063
vt 0.5625 -0.3410 1.7063
vt 0.5625 -0.3501 1.7006
vt 0.5937 -0.3501 1.7006
vt 0.5937 0.1652 6.5643
vt 0.5625 0.1652 6.5643
vt 0.5937 0.1634 6.5404
vt 0.5625 0.1634 6.5404
vt 0.5937 0.1937 6.9934
vt 0.5625 0.1937 6.9934
vt 0.5625 0.1953 7.0206
vt 0.5937 0.1953 7.0206
vt 0.5312 -0.1367 1.7063
vt 0.5000 -0.1367 1.7063
vt 0.5312 -0.1245 1.7063
vt 0.5000 -0.1245 1.7063
vt 0.5312 -0.3410 1.7063
vt 0.5000 -0.3410 1.7063
vt 0.5000 -0.3501 1.7006
vt 0.5312 -0.3501 1.7006
vt 0.5312 0.1652 6.5643
vt 0.5000 0.1652 6.5643
vt 0.5312 0.1634 6.5404
vt 0.5000 0.1634 6.5404
vt 0.5312 0.1937 6.9934
vt 0.5000 0.1937 6.9934
vt 0.5000 0.1953 7.0206
vt 0.5312 0.1953 7.0206
vt 0.4688 -0.1367 1.7063
vt 0.4375 -0.1367 1.7063
vt 0.4688 -0.1245 1.7063
vt 0.4375 -0.1245 1.7063
vt 0.4688 -0.3410 1.7063
vt 0.4375 -0.3410 1.7063
vt 0.4375 -0.3501 1.7006
vt 0.4688 -0.3501 1.7006
vt 0.4688 0.1652 6.5643
vt 0.4375 0.1652 6.5643
vt 0.4688 0.1634 6.5404
vt 0.4375 0.1634 6.5404
vt 0.4688 0.1937 6.9934
vt 0.4375 0.1937 6.9934
vt 0.4375 0.1953 7.0206
vt 0.4687 0.1953 7.0206
vt 0.4063 -0.1367 1.7063
vt 0.3750 -0.1367 1.7063
vt 0.4063 -0.1245 1.7063
vt 0.3750 -0.1245 1.7063
vt 0.4063 -0.3410 1.7063
vt 0.3750 -0.3410 1.7063
vt 0.3750 -0.3501 1.7006
vt 0.4063 -0.3501 1.7006
vt 0.4063 0.1652 6.5643
vt 0.3750 0.1652 6.5643
vt 0.4062 0.1634 6.5404
vt 0.3750 0.1634 6.5404
vt 0.4062 0.1937 6.9934
vt 0.3750 0.1937 6.9934
vt 0.3750 0.1953 7.0206
vt 0.4062 0.1953 7.0206
vt 0.3437 -0.1367 1.7063
vt 0.3125 -0.1367 1.7063
vt 0.3437 -0.1245 1.7063
vt 0.3125 -0.1245 1.7063
vt 0.3437 -0.3410 1.7063
vt 0.3125 -0.3410 1.7063
vt 0.3125 -0.3501 1.7006
vt 0.3437 -0.3501 1.7006
vt 0.3437 0.1652 6.5643
vt 0.3125 0.1652 6.5643
vt 0.3437 0.1634 6.5404
vt 0.3125 0.1634 6.5404
vt 0.3437 0.1937 6.9934
vt 0.3125 0.1937 6.9934
vt 0.3125 0.1953 7.0206
vt 0.3437 0.1953 7.0206
vt 0.2812 -0.1367 1.7063
vt 0.2500 -0.1367 1.7063
vt 0.2812 -0.1245 1.7063
vt 0.2500 -0.1245 1.7063
vt 0.2812 -0.3410 1.7063
vt 0.2500 -0.3410 1.7063
vt 0.2500 -0.3501 1.7006
vt 0.2812 -0.3501 1.7006
vt 0.2812 0.1652 6.5643
vt 0.2500 0.1652 6.5643
vt 0.2812 0.1634 6.5404
vt 0.2500 0.1634 6.5404
vt 0.2812 0.1937 6.9934
vt 0.2500 0.1937 6.9934
vt 0.2500 0.1953 7.0206
vt 0.2812 0.1953 7.0206
vt 0.2188 -0.1367 1.7063
vt 0.1875 -0.1367 1.7063
vt 0.2188 -0.1245 1.7063
vt 0.1875 -0.1245 1.7063
vt 0.2188 -0.3410 1.7063
vt 0.1875 -0.3410 1.7063
vt 0.1875 -0.3501 1.7006
vt 0.2188 -0.3501 1.7006
vt 0.2188 0.1652 6.5643
vt 0.1875 0.1652 6.5643
vt 0.2188 0.1634 6.5404
vt 0.1875 0.1634 6.5404
vt 0.2188 0.1937 6.9934
vt 0.1875 0.1937 6.9934
vt 0.1875 0.1953 7.0206
vt 0.2188 0.1953 7.0206
vt 0.1562 -0.1367 1.7063
vt 0.1250 -0.1367 1.7063
vt 0.1562 -0.1245 1.7063
vt 0.1250 -0.1245 1.7063
vt 0.1562 -0.3410 1.7063
vt 0.1250 -0.3410 1.7063
vt 0.1250 -0.3501 1.7006
vt 0.1562 -0.3501 1.7006
vt 0.1563 0.1652 6.5643
vt 0.1250 0.1652 6.5643
vt 0.1563 0.1634 6.5404
vt 0.1250 0.1634 6.5404
vt 0.1563 0.1937 6.9934
vt 0.1250 0.1937 6.9934
vt 0.1250 0.1953 7.0206
vt 0.1562 0.1953 7.0206
vt 0.0937 -0.1367 1.7063
vt 0.0625 -0.1367 1.7063
vt 0.0937 -0.1245 1.7063
vt 0.0625 -0.1245 1.7063
vt 0.0937 -0.3410 1.7063
vt 0.0625 -0.3410 1.7063
vt 0.0625 -0.3501 1.7006
vt 0.0937 -0.3501 1.7006
vt 0.0938 0.1652 6.5643
vt 0.0625 0.1652 6.5643
vt 0.0938 0.1634 6.5404
vt 0.0625 0.1634 6.5404
vt 0.0937 0.1937 6.9934
vt 0.0625 0.1937 6.9934
vt 0.0625 0.1953 7.0206
vt 0.0937 0.1953 7.0206
vt 0.0313 -0.1367 1.7063
vt 0.0000 -0.1367 1.7063
vt 0.0313 -0.1245 1.7063
vt 0.0000 -0.1245 1.7063
vt 0.0313 -0.3410 1.7063
vt 0.0000 -0.3410 1.7063
vt 0.0000 -0.3501 1.7006
vt 0.0313 -0.3501 1.7006
vt 0.0313 0.1652 6.5643
vt 0.0000 0.1652 6.5643
vt 0.0313 0.1634 6.5404
vt 0.0000 0.1634 6.5404
vt 0.0313 0.1937 6.9934
vt 0.0000 0.1937 6.9934
vt 0.0000 0.1953 7.0206
vt 0.0313 0.1953 7.0206
vt 0.9688 -0.1367 1.7063
vt 0.9375 -0.1367 1.7063
vt 1.0000 -0.1367 1.7063
vt 1.0000 -0.1245 1.7063
vt 0.9688 -0.1245 1.7063
vt 0.9375 -0.1245 1.7063
vt -0.0312 -0.3410 1.7063
vt -0.0312 -0.3288 1.7063
vt -0.0625 -0.3410 1.7063
vt -0.0625 -0.3288 1.7063
vt -0.0625 -0.3531 1.7063
vt -0.0312 -0.3501 1.7006
vt 0.9688 0.1652 6.5643
vt 0.9375 0.1652 6.5643
vt 1.0000 0.1652 6.5643
vt 1.0000 0.1634 6.5404
vt 0.9688 0.1634 6.5404
vt 0.9375 0.1634 6.5404
vt -0.0312 0.1937 6.9934
vt -0.0312 0.1921 6.9663
vt -0.0625 0.1937 6.9934
vt -0.0625 0.1921 6.9663
vt -0.0625 0.1953 7.0206
vt -0.0312 0.1953 7.0206
vt 0.9062 -0.1367 1.7063
vt 0.8750 -0.1367 1.7063
vt 0.9063 -0.1245 1.7063
vt 0.8750 -0.1245 1.7063
vt 0.9063 -0.3410 1.7063
vt 0.9375 -0.3410 1.7063
vt 0.8750 -0.3410 1.7063
vt 0.8750 -0.3501 1.7006
vt 0.9062 -0.3501 1.7006
vt 0.9375 -0.3531 1.7063
vt 0.9062 0.1652 6.5643
vt 0.8750 0.1652 6.5643
vt 0.9062 0.1634 6.5404
vt 0.8750 0.1634 6.5404
vt 0.9062 0.1937 6.9934
vt 0.9375 0.1937 6.9934
vt 0.8750 0.1937 6.9934
vt 0.8750 0.1953 7.0206
vt 0.9062 0.1953 7.0206
vt 0.9375 0.1953 7.0206
vt 0.8438 -0.1367 1.7063
vt 0.8125 -0.1367 1.7063
vt 0.8438 -0.1245 1.7063
vt 0.8125 -0.1245 1.7063
vt 0.8438 -0.3410 1.7063
vt 0.8125 -0.3410 1.7063
vt 0.8125 -0.3501 1.7006
vt 0.8438 -0.3501 1.7006
vt 0.8438 0.1652 6.5643
vt 0.8125 0.1652 6.5643
vt 0.8437 0.1634 6.5404
vt 0.8125 0.1634 6.5404
vt 0.8438 0.1937 6.9934
vt 0.8125 0.1937 6.9934
vt 0.8125 0.1953 7.0205
vt 0.8438 0.1953 7.0206
vt 0.7812 -0.1367 1.7063
vt 0.7812 -0.1245 1.7063
vt 0.7812 -0.3410 1.7063
vt 0.7812 -0.3501 1.7006
vt 0.7813 0.1652 6.5643
vt 0.7812 0.1634 6.5404
vt 0.7813 0.1937 6.9934
vt 0.7813 0.1953 7.0206
vt 0.7188 -0.3531 1.6835
vt 0.7188 -0.3531 1.6608
vt 0.7500 -0.3531 1.6608
vt 0.7500 -0.3531 1.6835
vt 0.6875 -0.3531 1.6835
vt 0.6875 -0.3531 1.6608
vt 0.6875 0.1597 1.3128
vt 0.6823 0.1398 1.2803
vt 0.6458 0.1398 1.2803
vt 0.5065 0.0250 1.0935
vt 0.6563 -0.3531 1.6835
vt 0.6563 -0.3531 1.6608
vt 0.6250 -0.3531 1.6835
vt 0.6250 -0.3531 1.6608
vt 0.7292 0.1597 1.3128
vt 0.7188 0.1398 1.2803
vt 0.5938 -0.3531 1.6835
vt 0.5938 -0.3531 1.6608
vt 0.5625 -0.3531 1.6835
vt 0.5625 -0.3531 1.6608
vt 0.7708 0.1597 1.3128
vt 0.7552 0.1398 1.2803
vt 0.5312 -0.3531 1.6835
vt 0.5312 -0.3531 1.6608
vt 0.5000 -0.3531 1.6835
vt 0.5000 -0.3531 1.6608
vt 0.8125 0.1597 1.3128
vt 0.7917 0.1398 1.2803
vt 0.4688 -0.3531 1.6835
vt 0.4688 -0.3531 1.6608
vt 0.4375 -0.3531 1.6835
vt 0.4375 -0.3531 1.6608
vt 0.8542 0.1597 1.3128
vt 0.7812 0.1198 1.2478
vt 0.4062 -0.3531 1.6835
vt 0.4062 -0.3531 1.6608
vt 0.3750 -0.3531 1.6835
vt 0.3750 -0.3531 1.6608
vt 0.2292 0.1597 1.3128
vt 0.2813 0.1398 1.2803
vt 0.2812 0.1198 1.2478
vt 0.3437 -0.3531 1.6835
vt 0.3437 -0.3531 1.6608
vt 0.3125 -0.3531 1.6835
vt 0.3125 -0.3531 1.6608
vt 0.2708 0.1597 1.3128
vt 0.3177 0.1398 1.2803
vt 0.2812 -0.3531 1.6835
vt 0.2812 -0.3531 1.6608
vt 0.2500 -0.3531 1.6835
vt 0.2500 -0.3531 1.6608
vt 0.3125 0.1597 1.3128
vt 0.3542 0.1398 1.2803
vt 0.2188 -0.3531 1.6835
vt 0.2188 -0.3531 1.6608
vt 0.1875 -0.3531 1.6835
vt 0.1875 -0.3531 1.6608
vt 0.3542 0.1597 1.3128
vt 0.3906 0.1398 1.2803
vt 0.1562 -0.3531 1.6835
vt 0.1563 -0.3531 1.6608
vt 0.1250 -0.3531 1.6835
vt 0.1250 -0.3531 1.6608
vt 0.3958 0.1597 1.3128
vt 0.4271 0.1398 1.2803
vt 0.0937 -0.3531 1.6835
vt 0.0938 -0.3531 1.6608
vt 0.0625 -0.3531 1.6835
vt 0.0625 -0.3531 1.6608
vt 0.4375 0.1597 1.3128
vt 0.4635 0.1398 1.2803
vt 0.0313 -0.3531 1.6835
vt 0.0313 -0.3531 1.6608
vt 0.0000 -0.3531 1.6835
vt 0.0000 -0.3531 1.6608
vt 0.4792 0.1597 1.3128
vt 0.5000 0.1398 1.2803
vt -0.0312 -0.3531 1.6835
vt -0.0312 -0.3531 1.6608
vt -0.0625 -0.3531 1.6835
vt -0.0625 -0.3531 1.6608
vt 0.5208 0.1597 1.3128
vt 0.5365 0.1398 1.2803
vt 0.9062 -0.3531 1.6835
vt 0.9062 -0.3531 1.6608
vt 0.9375 -0.3531 1.6608
vt 0.9375 -0.3531 1.6835
vt 0.8750 -0.3531 1.6835
vt 0.8750 -0.3531 1.6608
vt 0.5625 0.1597 1.3128
vt 0.5729 0.1398 1.2803
vt 0.8438 -0.3531 1.6835
vt 0.8438 -0.3531 1.6608
vt 0.8125 -0.3531 1.6835
vt 0.8125 -0.3531 1.6608
vt 0.6042 0.1597 1.3128
vt 0.6094 0.1398 1.2803
vt 0.7813 -0.3531 1.6835
vt 0.7813 -0.3531 1.6608
vt 0.6458 0.1597 1.3128
vt 0.7188 0.7593 0.1480
vt 0.7500 0.7593 0.1480
vt 0.6875 0.7593 0.1480
vt 0.6562 0.7593 0.1480
vt 0.6250 0.7593 0.1480
vt 0.5937 0.7593 0.1480
vt 0.5625 0.7593 0.1480
vt 0.5313 0.7593 0.1480
vt 0.5000 0.7593 0.1480
vt 0.4687 0.7593 0.1480
vt 0.4375 0.7593 0.1480
vt 0.4062 0.7593 0.1480
vt 0.3750 0.7593 0.1480
vt 0.3437 0.7593 0.1480
vt 0.3125 0.7593 0.1480
vt 0.2812 0.7593 0.1480
vt 0.2500 0.7593 0.1480
vt 0.2188 0.7593 0.1480
vt 0.1875 0.7593 0.1480
vt 0.1562 0.7593 0.1480
vt 0.1250 0.7593 0.1480
vt 0.0937 0.7593 0.1480
vt 0.0625 0.7593 0.1480
vt 0.0312 0.7593 0.1480
vt 0.0000 0.7593 0.1480
vt 0.9687 0.7593 0.1480
vt 1.0000 0.7593 0.1480
vt 0.9375 0.7593 0.1480
vt 0.9063 0.7593 0.1480
vt 0.8750 0.7593 0.1480
vt 0.8438 0.7593 0.1480
vt 0.8125 0.7593 0.1480
vt 0.7813 0.7593 0.1480
vt 0.8125 0.0000 1.0000
vt 0.7812 0.0000 1.0000
vt 0.7500 0.0000 1.0000
vt 0.2937 0.0000 -0.0985
vt 0.2062 0.0000 -0.2917
vt 0.1300 0.0000 -0.4737
vt 0.0680 0.0000 -0.6375
vt 0.0226 0.0000 -0.7767
vt -0.0044 0.0000 -0.8862
vt -0.0120 0.0000 -0.9616
vt 0.0000 0.0000 -1.0000
vt 0.0313 0.0000 -1.0000
vt 0.0805 0.0000 -0.9616
vt 0.1459 0.0000 -0.8862
vt 0.2249 0.0000 -0.7767
vt 0.3145 0.0000 -0.6375
vt 0.4112 0.0000 -0.4737
vt 0.5113 0.0000 -0.2917
vt 0.6109 0.0000 -0.0985
vt 0.7064 0.0000 0.0985
vt 0.7938 0.0000 0.2917
vt 0.8700 0.0000 0.4737
vt 0.9320 0.0000 0.6375
vt 0.9774 0.0000 0.7768
vt 1.0044 0.0000 0.8862
vt 1.0120 0.0000 0.9616
vt 1.0000 0.0000 1.0000
vt 0.9688 0.0000 1.0000
vt 0.9375 0.0000 1.0000
vt 0.9062 0.0000 1.0000
vt 0.8750 0.0000 1.0000
vt 0.8438 0.0000 1.0000
vt 0.7812 1.0000 1.0000
vt 0.7500 1.0000 1.0000
vt 0.8125 1.0000 1.0000
vt 0.8438 1.0000 1.0000
vt 0.8750 1.0000 1.0000
vt 0.9062 1.0000 1.0000
vt 0.9375 1.0000 1.0000
vt 0.9688 1.0000 1.0000
vt 1.0000 1.0000 1.0000
vt -0.0000 0.0000 1.0000
vt 0.0313 0.0000 1.0000
vt 0.0313 1.0000 1.0000
vt -0.0000 1.0000 1.0000
vt 0.0625 0.0000 1.0000
vt 0.0625 1.0000 1.0000
vt 0.0938 0.0000 1.0000
vt 0.0938 1.0000 1.0000
vt 0.1250 0.0000 1.0000
vt 0.1250 1.0000 1.0000
vt 0.1563 0.0000 1.0000
vt 0.1563 1.0000 1.0000
vt 0.1875 0.0000 1.0000
vt 0.1875 1.0000 1.0000
vt 0.2188 0.0000 1.0000
vt 0.2188 1.0000 1.0000
vt 0.2500 0.0000 1.0000
vt 0.2500 1.0000 1.0000
vt 0.2813 0.0000 1.0000
vt 0.2813 1.0000 1.0000
vt 0.3125 0.0000 1.0000
vt 0.3125 1.0000 1.0000
vt 0.3438 0.0000 1.0000
vt 0.3438 1.0000 1.0000
vt 0.3750 0.0000 1.0000
vt 0.3750 1.0000 1.0000
vt 0.4063 0.0000 1.0000
vt 0.4063 1.0000 1.0000
vt 0.4375 0.0000 1.0000
vt 0.4375 1.0000 1.0000
vt 0.4688 0.0000 1.0000
vt 0.4688 1.0000 1.0000
vt 0.5000 0.0000 1.0000
vt 0.5000 1.0000 1.0000
vt 0.5313 0.0000 1.0000
vt 0.5313 1.0000 1.0000
vt 0.5625 0.0000 1.0000
vt 0.5625 1.0000 1.0000
vt 0.5938 0.0000 1.0000
vt 0.5938 1.0000 1.0000
vt 0.6250 0.0000 1.0000
vt 0.6250 1.0000 1.0000
vt 0.6563 0.0000 1.0000
vt 0.6563 1.0000 1.0000
vt 0.6875 0.0000 1.0000
vt 0.6875 1.0000 1.0000
vt 0.7188 0.0000 1.0000
vt 0.7188 1.0000 1.0000
vt 0.0680 1.0000 -0.6375
vt 0.1300 1.0000 -0.4737
vt 0.2062 1.0000 -0.2917
vt 1.0120 1.0000 0.9616
vt 1.0044 1.0000 0.8862
vt 0.9774 1.0000 0.7768
vt 0.9320 1.0000 0.6375
vt 0.8700 1.0000 0.4737
vt 0.7938 1.0000 0.2917
vt 0.7063 1.0000 0.0985
vt 0.6109 1.0000 -0.0985
vt 0.5113 1.0000 -0.2917
vt 0.4111 1.0000 -0.4737
vt 0.3145 1.0000 -0.6375
vt 0.2249 1.0000 -0.7768
vt 0.1459 1.0000 -0.8862
vt 0.0805 1.0000 -0.9616
vt 0.0312 1.0000 -1.0000
vt 0.0000 1.0000 -1.0000
vt -0.0120 1.0000 -0.9616
vt -0.0044 1.0000 -0.8862
vt 0.0226 1.0000 -0.7767
# 6746 texture coords

o Bathroom_accessories_072
g Bathroom_accessories_072
usemtl Base
s 1
f 1/1 2/2 3/3 4/4 
f 5/5 1/1 4/4 6/6 
f 7/7 5/5 6/6 8/8 
f 9/9 7/7 8/8 10/10 
f 11/11 9/9 10/10 12/12 
f 13/13 11/11 12/12 14/14 
f 15/15 13/13 14/14 16/16 
f 17/17 15/15 16/16 18/18 
f 19/19 17/17 18/18 20/20 
f 21/21 19/19 20/20 22/22 
f 23/23 21/21 22/22 24/24 
f 25/25 23/23 24/24 26/26 
f 27/27 25/25 26/26 28/28 
f 29/29 27/27 28/28 30/30 
f 31/31 29/29 30/30 32/32 
f 33/33 31/31 32/32 34/34 
f 35/35 33/33 34/34 36/36 
f 37/37 35/35 36/36 38/38 
f 39/39 37/37 38/38 40/40 
f 41/41 39/39 40/40 42/42 
f 43/43 41/41 42/42 44/44 
f 45/45 43/43 44/44 46/46 
f 47/47 45/45 46/46 48/48 
f 49/49 47/47 48/48 50/50 
f 51/51 49/49 50/50 52/52 
f 53/53 51/51 52/52 54/54 
f 55/55 53/53 54/54 56/56 
f 57/57 55/55 56/56 58/58 
f 59/59 57/57 58/58 60/60 
f 61/61 59/59 60/60 62/62 
f 63/63 61/61 62/62 64/64 
f 2/2 63/63 64/64 3/3 
f 65/65 66/66 2/2 1/1 
f 67/67 65/65 1/1 5/5 
f 68/68 67/67 5/5 7/7 
f 69/69 68/68 7/7 9/9 
f 70/70 69/69 9/9 11/11 
f 71/71 70/70 11/11 13/13 
f 72/72 71/71 13/13 15/15 
f 73/73 72/72 15/15 17/17 
f 74/74 73/73 17/17 19/19 
f 75/75 74/74 19/19 21/21 
f 76/76 75/75 21/21 23/23 
f 77/77 76/76 23/23 25/25 
f 78/78 77/77 25/25 27/27 
f 79/79 78/78 27/27 29/29 
f 80/80 79/79 29/29 31/31 
f 81/81 80/80 31/31 33/33 
f 82/82 81/81 33/33 35/35 
f 83/83 82/82 35/35 37/37 
f 84/84 83/83 37/37 39/39 
f 85/85 84/84 39/39 41/41 
f 86/86 85/85 41/41 43/43 
f 87/87 86/86 43/43 45/45 
f 88/88 87/87 45/45 47/47 
f 89/89 88/88 47/47 49/49 
f 90/90 89/89 49/49 51/51 
f 91/91 90/90 51/51 53/53 
f 92/92 91/91 53/53 55/55 
f 93/93 92/92 55/55 57/57 
f 94/94 93/93 57/57 59/59 
f 95/95 94/94 59/59 61/61 
f 96/96 95/95 61/61 63/63 
f 66/66 96/96 63/63 2/2 
f 97/97 98/98 66/66 65/65 
f 99/99 97/97 65/65 67/67 
f 100/100 99/99 67/67 68/68 
f 101/101 100/100 68/68 69/69 
f 102/102 101/101 69/69 70/70 
f 103/103 102/102 70/70 71/71 
f 104/104 103/103 71/71 72/72 
f 105/105 104/104 72/72 73/73 
f 106/106 105/105 73/73 74/74 
f 107/107 106/106 74/74 75/75 
f 108/108 107/107 75/75 76/76 
f 109/109 108/108 76/76 77/77 
f 110/110 109/109 77/77 78/78 
f 111/111 110/110 78/78 79/79 
f 112/112 111/111 79/79 80/80 
f 113/113 112/112 80/80 81/81 
f 114/114 113/113 81/81 82/82 
f 115/115 114/114 82/82 83/83 
f 116/116 115/115 83/83 84/84 
f 117/117 116/116 84/84 85/85 
f 118/118 117/117 85/85 86/86 
f 119/119 118/118 86/86 87/87 
f 120/120 119/119 87/87 88/88 
f 121/121 120/120 88/88 89/89 
f 122/122 121/121 89/89 90/90 
f 123/123 122/122 90/90 91/91 
f 124/124 123/123 91/91 92/92 
f 125/125 124/124 92/92 93/93 
f 126/126 125/125 93/93 94/94 
f 127/127 126/126 94/94 95/95 
f 128/128 127/127 95/95 96/96 
f 98/98 128/128 96/96 66/66 
f 129/129 130/130 98/98 97/97 
f 131/131 129/129 97/97 99/99 
f 132/132 131/131 99/99 100/100 
f 133/133 132/132 100/100 101/101 
f 134/134 133/133 101/101 102/102 
f 135/135 134/134 102/102 103/103 
f 136/136 135/135 103/103 104/104 
f 137/137 136/136 104/104 105/105 
f 138/138 137/137 105/105 106/106 
f 139/139 138/138 106/106 107/107 
f 140/140 139/139 107/107 108/108 
f 141/141 140/140 108/108 109/109 
f 142/142 141/141 109/109 110/110 
f 143/143 142/142 110/110 111/111 
f 144/144 143/143 111/111 112/112 
f 145/145 144/144 112/112 113/113 
f 146/146 145/145 113/113 114/114 
f 147/147 146/146 114/114 115/115 
f 148/148 147/147 115/115 116/116 
f 149/149 148/148 116/116 117/117 
f 150/150 149/149 117/117 118/118 
f 151/151 150/150 118/118 119/119 
f 152/152 151/151 119/119 120/120 
f 153/153 152/152 120/120 121/121 
f 154/154 153/153 121/121 122/122 
f 155/155 154/154 122/122 123/123 
f 156/156 155/155 123/123 124/124 
f 157/157 156/156 124/124 125/125 
f 158/158 157/157 125/125 126/126 
f 159/159 158/158 126/126 127/127 
f 160/160 159/159 127/127 128/128 
f 130/130 160/160 128/128 98/98 
f 161/161 162/162 130/130 129/129 
f 163/163 161/161 129/129 131/131 
f 164/164 163/163 131/131 132/132 
f 165/165 164/164 132/132 133/133 
f 166/166 165/165 133/133 134/134 
f 167/167 166/166 134/134 135/135 
f 168/168 167/167 135/135 136/136 
f 169/169 168/168 136/136 137/137 
f 170/170 169/169 137/137 138/138 
f 171/171 170/170 138/138 139/139 
f 172/172 171/171 139/139 140/140 
f 173/173 172/172 140/140 141/141 
f 174/174 173/173 141/141 142/142 
f 175/175 174/174 142/142 143/143 
f 176/176 175/175 143/143 144/144 
f 177/177 176/176 144/144 145/145 
f 178/178 177/177 145/145 146/146 
f 179/179 178/178 146/146 147/147 
f 180/180 179/179 147/147 148/148 
f 181/181 180/180 148/148 149/149 
f 182/182 181/181 149/149 150/150 
f 183/183 182/182 150/150 151/151 
f 184/184 183/183 151/151 152/152 
f 185/185 184/184 152/152 153/153 
f 186/186 185/185 153/153 154/154 
f 187/187 186/186 154/154 155/155 
f 188/188 187/187 155/155 156/156 
f 189/189 188/188 156/156 157/157 
f 190/190 189/189 157/157 158/158 
f 191/191 190/190 158/158 159/159 
f 192/192 191/191 159/159 160/160 
f 162/162 192/192 160/160 130/130 
f 193/193 194/194 162/162 161/161 
f 195/195 193/193 161/161 163/163 
f 196/196 195/195 163/163 164/164 
f 197/197 196/196 164/164 165/165 
f 198/198 197/197 165/165 166/166 
f 199/199 198/198 166/166 167/167 
f 200/200 199/199 167/167 168/168 
f 201/201 200/200 168/168 169/169 
f 202/202 201/201 169/169 170/170 
f 203/203 202/202 170/170 171/171 
f 204/204 203/203 171/171 172/172 
f 205/205 204/204 172/172 173/173 
f 206/206 205/205 173/173 174/174 
f 207/207 206/206 174/174 175/175 
f 208/208 207/207 175/175 176/176 
f 209/209 208/208 176/176 177/177 
f 210/210 209/209 177/177 178/178 
f 211/211 210/210 178/178 179/179 
f 212/212 211/211 179/179 180/180 
f 213/213 212/212 180/180 181/181 
f 214/214 213/213 181/181 182/182 
f 215/215 214/214 182/182 183/183 
f 216/216 215/215 183/183 184/184 
f 217/217 216/216 184/184 185/185 
f 218/218 217/217 185/185 186/186 
f 219/219 218/218 186/186 187/187 
f 220/220 219/219 187/187 188/188 
f 221/221 220/220 188/188 189/189 
f 222/222 221/221 189/189 190/190 
f 223/223 222/222 190/190 191/191 
f 224/224 223/223 191/191 192/192 
f 194/194 224/224 192/192 162/162 
f 225/225 226/226 194/194 193/193 
f 227/227 225/225 193/193 195/195 
f 228/228 227/227 195/195 196/196 
f 229/229 228/228 196/196 197/197 
f 230/230 229/229 197/197 198/198 
f 231/231 230/230 198/198 199/199 
f 232/232 231/231 199/199 200/200 
f 233/233 232/232 200/200 201/201 
f 234/234 233/233 201/201 202/202 
f 235/235 234/234 202/202 203/203 
f 236/236 235/235 203/203 204/204 
f 237/237 236/236 204/204 205/205 
f 238/238 237/237 205/205 206/206 
f 239/239 238/238 206/206 207/207 
f 240/240 239/239 207/207 208/208 
f 241/241 240/240 208/208 209/209 
f 242/242 241/241 209/209 210/210 
f 243/243 242/242 210/210 211/211 
f 244/244 243/243 211/211 212/212 
f 245/245 244/244 212/212 213/213 
f 246/246 245/245 213/213 214/214 
f 247/247 246/246 214/214 215/215 
f 248/248 247/247 215/215 216/216 
f 249/249 248/248 216/216 217/217 
f 250/250 249/249 217/217 218/218 
f 251/251 250/250 218/218 219/219 
f 252/252 251/251 219/219 220/220 
f 253/253 252/252 220/220 221/221 
f 254/254 253/253 221/221 222/222 
f 255/255 254/254 222/222 223/223 
f 256/256 255/255 223/223 224/224 
f 226/226 256/256 224/224 194/194 
f 257/257 258/258 226/226 225/225 
f 259/259 257/257 225/225 227/227 
f 260/260 259/259 227/227 228/228 
f 261/261 260/260 228/228 229/229 
f 262/262 261/261 229/229 230/230 
f 263/263 262/262 230/230 231/231 
f 264/264 263/263 231/231 232/232 
f 265/265 264/264 232/232 233/233 
f 266/266 265/265 233/233 234/234 
f 267/267 266/266 234/234 235/235 
f 268/268 267/267 235/235 236/236 
f 269/269 268/268 236/236 237/237 
f 270/270 269/269 237/237 238/238 
f 271/271 270/270 238/238 239/239 
f 272/272 271/271 239/239 240/240 
f 273/273 272/272 240/240 241/241 
f 274/274 273/273 241/241 242/242 
f 275/275 274/274 242/242 243/243 
f 276/276 275/275 243/243 244/244 
f 277/277 276/276 244/244 245/245 
f 278/278 277/277 245/245 246/246 
f 279/279 278/278 246/246 247/247 
f 280/280 279/279 247/247 248/248 
f 281/281 280/280 248/248 249/249 
f 282/282 281/281 249/249 250/250 
f 283/283 282/282 250/250 251/251 
f 284/284 283/283 251/251 252/252 
f 285/285 284/284 252/252 253/253 
f 286/286 285/285 253/253 254/254 
f 287/287 286/286 254/254 255/255 
f 288/288 287/287 255/255 256/256 
f 258/258 288/288 256/256 226/226 
f 289/289 290/290 258/258 257/257 
f 291/291 289/289 257/257 259/259 
f 292/292 291/291 259/259 260/260 
f 293/293 292/292 260/260 261/261 
f 294/294 293/293 261/261 262/262 
f 295/295 294/294 262/262 263/263 
f 296/296 295/295 263/263 264/264 
f 297/297 296/296 264/264 265/265 
f 298/298 297/297 265/265 266/266 
f 299/299 298/298 266/266 267/267 
f 300/300 299/299 267/267 268/268 
f 301/301 300/300 268/268 269/269 
f 302/302 301/301 269/269 270/270 
f 303/303 302/302 270/270 271/271 
f 304/304 303/303 271/271 272/272 
f 305/305 304/304 272/272 273/273 
f 306/306 305/305 273/273 274/274 
f 307/307 306/306 274/274 275/275 
f 308/308 307/307 275/275 276/276 
f 309/309 308/308 276/276 277/277 
f 310/310 309/309 277/277 278/278 
f 311/311 310/310 278/278 279/279 
f 312/312 311/311 279/279 280/280 
f 313/313 312/312 280/280 281/281 
f 314/314 313/313 281/281 282/282 
f 315/315 314/314 282/282 283/283 
f 316/316 315/315 283/283 284/284 
f 317/317 316/316 284/284 285/285 
f 318/318 317/317 285/285 286/286 
f 319/319 318/318 286/286 287/287 
f 320/320 319/319 287/287 288/288 
f 290/290 320/320 288/288 258/258 
f 321/321 322/322 290/290 289/289 
f 323/323 321/321 289/289 291/291 
f 324/324 323/323 291/291 292/292 
f 325/325 324/324 292/292 293/293 
f 326/326 325/325 293/293 294/294 
f 327/327 326/326 294/294 295/295 
f 328/328 327/327 295/295 296/296 
f 329/329 328/328 296/296 297/297 
f 330/330 329/329 297/297 298/298 
f 331/331 330/330 298/298 299/299 
f 332/332 331/331 299/299 300/300 
f 333/333 332/332 300/300 301/301 
f 334/334 333/333 301/301 302/302 
f 335/335 334/334 302/302 303/303 
f 336/336 335/335 303/303 304/304 
f 337/337 336/336 304/304 305/305 
f 338/338 337/337 305/305 306/306 
f 339/339 338/338 306/306 307/307 
f 340/340 339/339 307/307 308/308 
f 341/341 340/340 308/308 309/309 
f 342/342 341/341 309/309 310/310 
f 343/343 342/342 310/310 311/311 
f 344/344 343/343 311/311 312/312 
f 345/345 344/344 312/312 313/313 
f 346/346 345/345 313/313 314/314 
f 347/347 346/346 314/314 315/315 
f 348/348 347/347 315/315 316/316 
f 349/349 348/348 316/316 317/317 
f 350/350 349/349 317/317 318/318 
f 351/351 350/350 318/318 319/319 
f 352/352 351/351 319/319 320/320 
f 322/322 352/352 320/320 290/290 
f 353/353 354/354 322/322 321/321 
f 355/355 353/353 321/321 323/323 
f 356/356 355/355 323/323 324/324 
f 357/357 356/356 324/324 325/325 
f 358/358 357/357 325/325 326/326 
f 359/359 358/358 326/326 327/327 
f 360/360 359/359 327/327 328/328 
f 361/361 360/360 328/328 329/329 
f 362/362 361/361 329/329 330/330 
f 363/363 362/362 330/330 331/331 
f 364/364 363/363 331/331 332/332 
f 365/365 364/364 332/332 333/333 
f 366/366 365/365 333/333 334/334 
f 367/367 366/366 334/334 335/335 
f 368/368 367/367 335/335 336/336 
f 369/369 368/368 336/336 337/337 
f 370/370 369/369 337/337 338/338 
f 371/371 370/370 338/338 339/339 
f 372/372 371/371 339/339 340/340 
f 373/373 372/372 340/340 341/341 
f 374/374 373/373 341/341 342/342 
f 375/375 374/374 342/342 343/343 
f 376/376 375/375 343/343 344/344 
f 377/377 376/376 344/344 345/345 
f 378/378 377/377 345/345 346/346 
f 379/379 378/378 346/346 347/347 
f 380/380 379/379 347/347 348/348 
f 381/381 380/380 348/348 349/349 
f 382/382 381/381 349/349 350/350 
f 383/383 382/382 350/350 351/351 
f 384/384 383/383 351/351 352/352 
f 354/354 384/384 352/352 322/322 
f 385/385 386/386 354/354 353/353 
f 387/387 385/385 353/353 355/355 
f 388/388 387/387 355/355 356/356 
f 389/389 388/388 356/356 357/357 
f 390/390 389/389 357/357 358/358 
f 391/391 390/390 358/358 359/359 
f 392/392 391/391 359/359 360/360 
f 393/393 392/392 360/360 361/361 
f 394/394 393/393 361/361 362/362 
f 395/395 394/394 362/362 363/363 
f 396/396 395/395 363/363 364/364 
f 397/397 396/396 364/364 365/365 
f 398/398 397/397 365/365 366/366 
f 399/399 398/398 366/366 367/367 
f 400/400 399/399 367/367 368/368 
f 401/401 400/400 368/368 369/369 
f 402/402 401/401 369/369 370/370 
f 403/403 402/402 370/370 371/371 
f 404/404 403/403 371/371 372/372 
f 405/405 404/404 372/372 373/373 
f 406/406 405/405 373/373 374/374 
f 407/407 406/406 374/374 375/375 
f 408/408 407/407 375/375 376/376 
f 409/409 408/408 376/376 377/377 
f 410/410 409/409 377/377 378/378 
f 411/411 410/410 378/378 379/379 
f 412/412 411/411 379/379 380/380 
f 413/413 412/412 380/380 381/381 
f 414/414 413/413 381/381 382/382 
f 415/415 414/414 382/382 383/383 
f 416/416 415/415 383/383 384/384 
f 386/386 416/416 384/384 354/354 
f 417/417 418/418 386/386 385/385 
f 419/419 417/417 385/385 387/387 
f 420/420 419/419 387/387 388/388 
f 421/421 420/420 388/388 389/389 
f 422/422 421/421 389/389 390/390 
f 423/423 422/422 390/390 391/391 
f 424/424 423/423 391/391 392/392 
f 425/425 424/424 392/392 393/393 
f 426/426 425/425 393/393 394/394 
f 427/427 426/426 394/394 395/395 
f 428/428 427/427 395/395 396/396 
f 429/429 428/428 396/396 397/397 
f 430/430 429/429 397/397 398/398 
f 431/431 430/430 398/398 399/399 
f 432/432 431/431 399/399 400/400 
f 433/433 432/432 400/400 401/401 
f 434/434 433/433 401/401 402/402 
f 435/435 434/434 402/402 403/403 
f 436/436 435/435 403/403 404/404 
f 437/437 436/436 404/404 405/405 
f 438/438 437/437 405/405 406/406 
f 439/439 438/438 406/406 407/407 
f 440/440 439/439 407/407 408/408 
f 441/441 440/440 408/408 409/409 
f 442/442 441/441 409/409 410/410 
f 443/443 442/442 410/410 411/411 
f 444/444 443/443 411/411 412/412 
f 445/445 444/444 412/412 413/413 
f 446/446 445/445 413/413 414/414 
f 447/447 446/446 414/414 415/415 
f 448/448 447/447 415/415 416/416 
f 418/418 448/448 416/416 386/386 
f 449/449 450/450 418/418 417/417 
f 451/451 449/449 417/417 419/419 
f 452/452 451/451 419/419 420/420 
f 453/453 452/452 420/420 421/421 
f 454/454 453/453 421/421 422/422 
f 455/455 454/454 422/422 423/423 
f 456/456 455/455 423/423 424/424 
f 457/457 456/456 424/424 425/425 
f 458/458 457/457 425/425 426/426 
f 459/459 458/458 426/426 427/427 
f 460/460 459/459 427/427 428/428 
f 461/461 460/460 428/428 429/429 
f 462/462 461/461 429/429 430/430 
f 463/463 462/462 430/430 431/431 
f 464/464 463/463 431/431 432/432 
f 465/465 464/464 432/432 433/433 
f 466/466 465/465 433/433 434/434 
f 467/467 466/466 434/434 435/435 
f 468/468 467/467 435/435 436/436 
f 469/469 468/468 436/436 437/437 
f 470/470 469/469 437/437 438/438 
f 471/471 470/470 438/438 439/439 
f 472/472 471/471 439/439 440/440 
f 473/473 472/472 440/440 441/441 
f 474/474 473/473 441/441 442/442 
f 475/475 474/474 442/442 443/443 
f 476/476 475/475 443/443 444/444 
f 477/477 476/476 444/444 445/445 
f 478/478 477/477 445/445 446/446 
f 479/479 478/478 446/446 447/447 
f 480/480 479/479 447/447 448/448 
f 450/450 480/480 448/448 418/418 
f 481/481 482/482 450/450 449/449 
f 483/483 481/481 449/449 451/451 
f 484/484 483/483 451/451 452/452 
f 485/485 484/484 452/452 453/453 
f 486/486 485/485 453/453 454/454 
f 487/487 486/486 454/454 455/455 
f 488/488 487/487 455/455 456/456 
f 489/489 488/488 456/456 457/457 
f 490/490 489/489 457/457 458/458 
f 491/491 490/490 458/458 459/459 
f 492/492 491/491 459/459 460/460 
f 493/493 492/492 460/460 461/461 
f 494/494 493/493 461/461 462/462 
f 495/495 494/494 462/462 463/463 
f 496/496 495/495 463/463 464/464 
f 497/497 496/496 464/464 465/465 
f 498/498 497/497 465/465 466/466 
f 499/499 498/498 466/466 467/467 
f 500/500 499/499 467/467 468/468 
f 501/501 500/500 468/468 469/469 
f 502/502 501/501 469/469 470/470 
f 503/503 502/502 470/470 471/471 
f 504/504 503/503 471/471 472/472 
f 505/505 504/504 472/472 473/473 
f 506/506 505/505 473/473 474/474 
f 507/507 506/506 474/474 475/475 
f 508/508 507/507 475/475 476/476 
f 509/509 508/508 476/476 477/477 
f 510/510 509/509 477/477 478/478 
f 511/511 510/510 478/478 479/479 
f 512/512 511/511 479/479 480/480 
f 482/482 512/512 480/480 450/450 
f 513/513 514/514 482/482 481/481 
f 515/515 513/513 481/481 483/483 
f 516/516 515/515 483/483 484/484 
f 517/517 516/516 484/484 485/485 
f 518/518 517/517 485/485 486/486 
f 519/519 518/518 486/486 487/487 
f 520/520 519/519 487/487 488/488 
f 521/521 520/520 488/488 489/489 
f 522/522 521/521 489/489 490/490 
f 523/523 522/522 490/490 491/491 
f 524/524 523/523 491/491 492/492 
f 525/525 524/524 492/492 493/493 
f 526/526 525/525 493/493 494/494 
f 527/527 526/526 494/494 495/495 
f 528/528 527/527 495/495 496/496 
f 529/529 528/528 496/496 497/497 
f 530/530 529/529 497/497 498/498 
f 531/531 530/530 498/498 499/499 
f 532/532 531/531 499/499 500/500 
f 533/533 532/532 500/500 501/501 
f 534/534 533/533 501/501 502/502 
f 535/535 534/534 502/502 503/503 
f 536/536 535/535 503/503 504/504 
f 537/537 536/536 504/504 505/505 
f 538/538 537/537 505/505 506/506 
f 539/539 538/538 506/506 507/507 
f 540/540 539/539 507/507 508/508 
f 541/541 540/540 508/508 509/509 
f 542/542 541/541 509/509 510/510 
f 543/543 542/542 510/510 511/511 
f 544/544 543/543 511/511 512/512 
f 514/514 544/544 512/512 482/482 
f 545/545 546/546 514/514 513/513 
f 547/547 545/545 513/513 515/515 
f 548/548 547/547 515/515 516/516 
f 549/549 548/548 516/516 517/517 
f 550/550 549/549 517/517 518/518 
f 551/551 550/550 518/518 519/519 
f 552/552 551/551 519/519 520/520 
f 553/553 552/552 520/520 521/521 
f 554/554 553/553 521/521 522/522 
f 555/555 554/554 522/522 523/523 
f 556/556 555/555 523/523 524/524 
f 557/557 556/556 524/524 525/525 
f 558/558 557/557 525/525 526/526 
f 559/559 558/558 526/526 527/527 
f 560/560 559/559 527/527 528/528 
f 561/561 560/560 528/528 529/529 
f 562/562 561/561 529/529 530/530 
f 563/563 562/562 530/530 531/531 
f 564/564 563/563 531/531 532/532 
f 565/565 564/564 532/532 533/533 
f 566/566 565/565 533/533 534/534 
f 567/567 566/566 534/534 535/535 
f 568/568 567/567 535/535 536/536 
f 569/569 568/568 536/536 537/537 
f 570/570 569/569 537/537 538/538 
f 571/571 570/570 538/538 539/539 
f 572/572 571/571 539/539 540/540 
f 573/573 572/572 540/540 541/541 
f 574/574 573/573 541/541 542/542 
f 575/575 574/574 542/542 543/543 
f 576/576 575/575 543/543 544/544 
f 546/546 576/576 544/544 514/514 
f 577/577 578/578 546/546 545/545 
f 579/579 577/577 545/545 547/547 
f 580/580 579/579 547/547 548/548 
f 581/581 580/580 548/548 549/549 
f 582/582 581/581 549/549 550/550 
f 583/583 582/582 550/550 551/551 
f 584/584 583/583 551/551 552/552 
f 585/585 584/584 552/552 553/553 
f 586/586 585/585 553/553 554/554 
f 587/587 586/586 554/554 555/555 
f 588/588 587/587 555/555 556/556 
f 589/589 588/588 556/556 557/557 
f 590/590 589/589 557/557 558/558 
f 591/591 590/590 558/558 559/559 
f 592/592 591/591 559/559 560/560 
f 593/593 592/592 560/560 561/561 
f 594/594 593/593 561/561 562/562 
f 595/595 594/594 562/562 563/563 
f 596/596 595/595 563/563 564/564 
f 597/597 596/596 564/564 565/565 
f 598/598 597/597 565/565 566/566 
f 599/599 598/598 566/566 567/567 
f 600/600 599/599 567/567 568/568 
f 601/601 600/600 568/568 569/569 
f 602/602 601/601 569/569 570/570 
f 603/603 602/602 570/570 571/571 
f 604/604 603/603 571/571 572/572 
f 605/605 604/604 572/572 573/573 
f 606/606 605/605 573/573 574/574 
f 607/607 606/606 574/574 575/575 
f 608/608 607/607 575/575 576/576 
f 578/578 608/608 576/576 546/546 
f 609/609 610/610 578/578 577/577 
f 611/611 609/609 577/577 579/579 
f 612/612 611/611 579/579 580/580 
f 613/613 612/612 580/580 581/581 
f 614/614 613/613 581/581 582/582 
f 615/615 614/614 582/582 583/583 
f 616/616 615/615 583/583 584/584 
f 617/617 616/616 584/584 585/585 
f 618/618 617/617 585/585 586/586 
f 619/619 618/618 586/586 587/587 
f 620/620 619/619 587/587 588/588 
f 621/621 620/620 588/588 589/589 
f 622/622 621/621 589/589 590/590 
f 623/623 622/622 590/590 591/591 
f 624/624 623/623 591/591 592/592 
f 625/625 624/624 592/592 593/593 
f 626/626 625/625 593/593 594/594 
f 627/627 626/626 594/594 595/595 
f 628/628 627/627 595/595 596/596 
f 629/629 628/628 596/596 597/597 
f 630/630 629/629 597/597 598/598 
f 631/631 630/630 598/598 599/599 
f 632/632 631/631 599/599 600/600 
f 633/633 632/632 600/600 601/601 
f 634/634 633/633 601/601 602/602 
f 635/635 634/634 602/602 603/603 
f 636/636 635/635 603/603 604/604 
f 637/637 636/636 604/604 605/605 
f 638/638 637/637 605/605 606/606 
f 639/639 638/638 606/606 607/607 
f 640/640 639/639 607/607 608/608 
f 610/610 640/640 608/608 578/578 
f 641/641 642/642 610/610 609/609 
f 643/643 641/641 609/609 611/611 
f 644/644 643/643 611/611 612/612 
f 645/645 644/644 612/612 613/613 
f 646/646 645/645 613/613 614/614 
f 647/647 646/646 614/614 615/615 
f 648/648 647/647 615/615 616/616 
f 649/649 648/648 616/616 617/617 
f 650/650 649/649 617/617 618/618 
f 651/651 650/650 618/618 619/619 
f 652/652 651/651 619/619 620/620 
f 653/653 652/652 620/620 621/621 
f 654/654 653/653 621/621 622/622 
f 655/655 654/654 622/622 623/623 
f 656/656 655/655 623/623 624/624 
f 657/657 656/656 624/624 625/625 
f 658/658 657/657 625/625 626/626 
f 659/659 658/658 626/626 627/627 
f 660/660 659/659 627/627 628/628 
f 661/661 660/660 628/628 629/629 
f 662/662 661/661 629/629 630/630 
f 663/663 662/662 630/630 631/631 
f 664/664 663/663 631/631 632/632 
f 665/665 664/664 632/632 633/633 
f 666/666 665/665 633/633 634/634 
f 667/667 666/666 634/634 635/635 
f 668/668 667/667 635/635 636/636 
f 669/669 668/668 636/636 637/637 
f 670/670 669/669 637/637 638/638 
f 671/671 670/670 638/638 639/639 
f 672/672 671/671 639/639 640/640 
f 642/642 672/672 640/640 610/610 
f 673/673 674/674 642/642 641/641 
f 675/675 673/673 641/641 643/643 
f 676/676 675/675 643/643 644/644 
f 677/677 676/676 644/644 645/645 
f 678/678 677/677 645/645 646/646 
f 679/679 678/678 646/646 647/647 
f 680/680 679/679 647/647 648/648 
f 681/681 680/680 648/648 649/649 
f 682/682 681/681 649/649 650/650 
f 683/683 682/682 650/650 651/651 
f 684/684 683/683 651/651 652/652 
f 685/685 684/684 652/652 653/653 
f 686/686 685/685 653/653 654/654 
f 687/687 686/686 654/654 655/655 
f 688/688 687/687 655/655 656/656 
f 689/689 688/688 656/656 657/657 
f 690/690 689/689 657/657 658/658 
f 691/691 690/690 658/658 659/659 
f 692/692 691/691 659/659 660/660 
f 693/693 692/692 660/660 661/661 
f 694/694 693/693 661/661 662/662 
f 695/695 694/694 662/662 663/663 
f 696/696 695/695 663/663 664/664 
f 697/697 696/696 664/664 665/665 
f 698/698 697/697 665/665 666/666 
f 699/699 698/698 666/666 667/667 
f 700/700 699/699 667/667 668/668 
f 701/701 700/700 668/668 669/669 
f 702/702 701/701 669/669 670/670 
f 703/703 702/702 670/670 671/671 
f 704/704 703/703 671/671 672/672 
f 674/674 704/704 672/672 642/642 
f 705/705 706/706 674/674 673/673 
f 707/707 705/705 673/673 675/675 
f 708/708 707/707 675/675 676/676 
f 709/709 708/708 676/676 677/677 
f 710/710 709/709 677/677 678/678 
f 711/711 710/710 678/678 679/679 
f 712/712 711/711 679/679 680/680 
f 713/713 712/712 680/680 681/681 
f 714/714 713/713 681/681 682/682 
f 715/715 714/714 682/682 683/683 
f 716/716 715/715 683/683 684/684 
f 717/717 716/716 684/684 685/685 
f 718/718 717/717 685/685 686/686 
f 719/719 718/718 686/686 687/687 
f 720/720 719/719 687/687 688/688 
f 721/721 720/720 688/688 689/689 
f 722/722 721/721 689/689 690/690 
f 723/723 722/722 690/690 691/691 
f 724/724 723/723 691/691 692/692 
f 725/725 724/724 692/692 693/693 
f 726/726 725/725 693/693 694/694 
f 727/727 726/726 694/694 695/695 
f 728/728 727/727 695/695 696/696 
f 729/729 728/728 696/696 697/697 
f 730/730 729/729 697/697 698/698 
f 731/731 730/730 698/698 699/699 
f 732/732 731/731 699/699 700/700 
f 733/733 732/732 700/700 701/701 
f 734/734 733/733 701/701 702/702 
f 735/735 734/734 702/702 703/703 
f 736/736 735/735 703/703 704/704 
f 706/706 736/736 704/704 674/674 
f 737/737 738/738 706/706 705/705 
f 739/739 737/737 705/705 707/707 
f 740/740 739/739 707/707 708/708 
f 741/741 740/740 708/708 709/709 
f 742/742 741/741 709/709 710/710 
f 743/743 742/742 710/710 711/711 
f 744/744 743/743 711/711 712/712 
f 745/745 744/744 712/712 713/713 
f 746/746 745/745 713/713 714/714 
f 747/747 746/746 714/714 715/715 
f 748/748 747/747 715/715 716/716 
f 749/749 748/748 716/716 717/717 
f 750/750 749/749 717/717 718/718 
f 751/751 750/750 718/718 719/719 
f 752/752 751/751 719/719 720/720 
f 753/753 752/752 720/720 721/721 
f 754/754 753/753 721/721 722/722 
f 755/755 754/754 722/722 723/723 
f 756/756 755/755 723/723 724/724 
f 757/757 756/756 724/724 725/725 
f 758/758 757/757 725/725 726/726 
f 759/759 758/758 726/726 727/727 
f 760/760 759/759 727/727 728/728 
f 761/761 760/760 728/728 729/729 
f 762/762 761/761 729/729 730/730 
f 763/763 762/762 730/730 731/731 
f 764/764 763/763 731/731 732/732 
f 765/765 764/764 732/732 733/733 
f 766/766 765/765 733/733 734/734 
f 767/767 766/766 734/734 735/735 
f 768/768 767/767 735/735 736/736 
f 738/738 768/768 736/736 706/706 
f 769/769 770/770 738/738 737/737 
f 771/771 769/769 737/737 739/739 
f 772/772 771/771 739/739 740/740 
f 773/773 772/772 740/740 741/741 
f 774/774 773/773 741/741 742/742 
f 775/775 774/774 742/742 743/743 
f 776/776 775/775 743/743 744/744 
f 777/777 776/776 744/744 745/745 
f 778/778 777/777 745/745 746/746 
f 779/779 778/778 746/746 747/747 
f 780/780 779/779 747/747 748/748 
f 781/781 780/780 748/748 749/749 
f 782/782 781/781 749/749 750/750 
f 783/783 782/782 750/750 751/751 
f 784/784 783/783 751/751 752/752 
f 785/785 784/784 752/752 753/753 
f 786/786 785/785 753/753 754/754 
f 787/787 786/786 754/754 755/755 
f 788/788 787/787 755/755 756/756 
f 789/789 788/788 756/756 757/757 
f 790/790 789/789 757/757 758/758 
f 791/791 790/790 758/758 759/759 
f 792/792 791/791 759/759 760/760 
f 793/793 792/792 760/760 761/761 
f 794/794 793/793 761/761 762/762 
f 795/795 794/794 762/762 763/763 
f 796/796 795/795 763/763 764/764 
f 797/797 796/796 764/764 765/765 
f 798/798 797/797 765/765 766/766 
f 799/799 798/798 766/766 767/767 
f 800/800 799/799 767/767 768/768 
f 770/770 800/800 768/768 738/738 
f 801/801 802/802 770/770 769/769 
f 803/803 801/801 769/769 771/771 
f 804/804 803/803 771/771 772/772 
f 805/805 804/804 772/772 773/773 
f 806/806 805/805 773/773 774/774 
f 807/807 806/806 774/774 775/775 
f 808/808 807/807 775/775 776/776 
f 809/809 808/808 776/776 777/777 
f 810/810 809/809 777/777 778/778 
f 811/811 810/810 778/778 779/779 
f 812/812 811/811 779/779 780/780 
f 813/813 812/812 780/780 781/781 
f 814/814 813/813 781/781 782/782 
f 815/815 814/814 782/782 783/783 
f 816/816 815/815 783/783 784/784 
f 817/817 816/816 784/784 785/785 
f 818/818 817/817 785/785 786/786 
f 819/819 818/818 786/786 787/787 
f 820/820 819/819 787/787 788/788 
f 821/821 820/820 788/788 789/789 
f 822/822 821/821 789/789 790/790 
f 823/823 822/822 790/790 791/791 
f 824/824 823/823 791/791 792/792 
f 825/825 824/824 792/792 793/793 
f 826/826 825/825 793/793 794/794 
f 827/827 826/826 794/794 795/795 
f 828/828 827/827 795/795 796/796 
f 829/829 828/828 796/796 797/797 
f 830/830 829/829 797/797 798/798 
f 831/831 830/830 798/798 799/799 
f 832/832 831/831 799/799 800/800 
f 802/802 832/832 800/800 770/770 
f 833/833 834/834 802/802 801/801 
f 835/835 833/833 801/801 803/803 
f 836/836 835/835 803/803 804/804 
f 837/837 836/836 804/804 805/805 
f 838/838 837/837 805/805 806/806 
f 839/839 838/838 806/806 807/807 
f 840/840 839/839 807/807 808/808 
f 841/841 840/840 808/808 809/809 
f 842/842 841/841 809/809 810/810 
f 843/843 842/842 810/810 811/811 
f 844/844 843/843 811/811 812/812 
f 845/845 844/844 812/812 813/813 
f 846/846 845/845 813/813 814/814 
f 847/847 846/846 814/814 815/815 
f 848/848 847/847 815/815 816/816 
f 849/849 848/848 816/816 817/817 
f 850/850 849/849 817/817 818/818 
f 851/851 850/850 818/818 819/819 
f 852/852 851/851 819/819 820/820 
f 853/853 852/852 820/820 821/821 
f 854/854 853/853 821/821 822/822 
f 855/855 854/854 822/822 823/823 
f 856/856 855/855 823/823 824/824 
f 857/857 856/856 824/824 825/825 
f 858/858 857/857 825/825 826/826 
f 859/859 858/858 826/826 827/827 
f 860/860 859/859 827/827 828/828 
f 861/861 860/860 828/828 829/829 
f 862/862 861/861 829/829 830/830 
f 863/863 862/862 830/830 831/831 
f 864/864 863/863 831/831 832/832 
f 834/834 864/864 832/832 802/802 
f 865/865 866/866 834/834 833/833 
f 867/867 865/865 833/833 835/835 
f 868/868 867/867 835/835 836/836 
f 869/869 868/868 836/836 837/837 
f 870/870 869/869 837/837 838/838 
f 871/871 870/870 838/838 839/839 
f 872/872 871/871 839/839 840/840 
f 873/873 872/872 840/840 841/841 
f 874/874 873/873 841/841 842/842 
f 875/875 874/874 842/842 843/843 
f 876/876 875/875 843/843 844/844 
f 877/877 876/876 844/844 845/845 
f 878/878 877/877 845/845 846/846 
f 879/879 878/878 846/846 847/847 
f 880/880 879/879 847/847 848/848 
f 881/881 880/880 848/848 849/849 
f 882/882 881/881 849/849 850/850 
f 883/883 882/882 850/850 851/851 
f 884/884 883/883 851/851 852/852 
f 885/885 884/884 852/852 853/853 
f 886/886 885/885 853/853 854/854 
f 887/887 886/886 854/854 855/855 
f 888/888 887/887 855/855 856/856 
f 889/889 888/888 856/856 857/857 
f 890/890 889/889 857/857 858/858 
f 891/891 890/890 858/858 859/859 
f 892/892 891/891 859/859 860/860 
f 893/893 892/892 860/860 861/861 
f 894/894 893/893 861/861 862/862 
f 895/895 894/894 862/862 863/863 
f 896/896 895/895 863/863 864/864 
f 866/866 896/896 864/864 834/834 
f 897/897 898/898 866/866 865/865 
f 899/899 897/897 865/865 867/867 
f 900/900 899/899 867/867 868/868 
f 901/901 900/900 868/868 869/869 
f 902/902 901/901 869/869 870/870 
f 903/903 902/902 870/870 871/871 
f 904/904 903/903 871/871 872/872 
f 905/905 904/904 872/872 873/873 
f 906/906 905/905 873/873 874/874 
f 907/907 906/906 874/874 875/875 
f 908/908 907/907 875/875 876/876 
f 909/909 908/908 876/876 877/877 
f 910/910 909/909 877/877 878/878 
f 911/911 910/910 878/878 879/879 
f 912/912 911/911 879/879 880/880 
f 913/913 912/912 880/880 881/881 
f 914/914 913/913 881/881 882/882 
f 915/915 914/914 882/882 883/883 
f 916/916 915/915 883/883 884/884 
f 917/917 916/916 884/884 885/885 
f 918/918 917/917 885/885 886/886 
f 919/919 918/918 886/886 887/887 
f 920/920 919/919 887/887 888/888 
f 921/921 920/920 888/888 889/889 
f 922/922 921/921 889/889 890/890 
f 923/923 922/922 890/890 891/891 
f 924/924 923/923 891/891 892/892 
f 925/925 924/924 892/892 893/893 
f 926/926 925/925 893/893 894/894 
f 927/927 926/926 894/894 895/895 
f 928/928 927/927 895/895 896/896 
f 898/898 928/928 896/896 866/866 
f 929/929 930/930 898/898 897/897 
f 931/931 929/929 897/897 899/899 
f 932/932 931/931 899/899 900/900 
f 933/933 932/932 900/900 901/901 
f 934/934 933/933 901/901 902/902 
f 935/935 934/934 902/902 903/903 
f 936/936 935/935 903/903 904/904 
f 937/937 936/936 904/904 905/905 
f 938/938 937/937 905/905 906/906 
f 939/939 938/938 906/906 907/907 
f 940/940 939/939 907/907 908/908 
f 941/941 940/940 908/908 909/909 
f 942/942 941/941 909/909 910/910 
f 943/943 942/942 910/910 911/911 
f 944/944 943/943 911/911 912/912 
f 945/945 944/944 912/912 913/913 
f 946/946 945/945 913/913 914/914 
f 947/947 946/946 914/914 915/915 
f 948/948 947/947 915/915 916/916 
f 949/949 948/948 916/916 917/917 
f 950/950 949/949 917/917 918/918 
f 951/951 950/950 918/918 919/919 
f 952/952 951/951 919/919 920/920 
f 953/953 952/952 920/920 921/921 
f 954/954 953/953 921/921 922/922 
f 955/955 954/954 922/922 923/923 
f 956/956 955/955 923/923 924/924 
f 957/957 956/956 924/924 925/925 
f 958/958 957/957 925/925 926/926 
f 959/959 958/958 926/926 927/927 
f 960/960 959/959 927/927 928/928 
f 930/930 960/960 928/928 898/898 
f 961/961 962/962 930/930 929/929 
f 963/963 961/961 929/929 931/931 
f 964/964 963/963 931/931 932/932 
f 965/965 964/964 932/932 933/933 
f 966/966 965/965 933/933 934/934 
f 967/967 966/966 934/934 935/935 
f 968/968 967/967 935/935 936/936 
f 969/969 968/968 936/936 937/937 
f 970/970 969/969 937/937 938/938 
f 971/971 970/970 938/938 939/939 
f 972/972 971/971 939/939 940/940 
f 973/973 972/972 940/940 941/941 
f 974/974 973/973 941/941 942/942 
f 975/975 974/974 942/942 943/943 
f 976/976 975/975 943/943 944/944 
f 977/977 976/976 944/944 945/945 
f 978/978 977/977 945/945 946/946 
f 979/979 978/978 946/946 947/947 
f 980/980 979/979 947/947 948/948 
f 981/981 980/980 948/948 949/949 
f 982/982 981/981 949/949 950/950 
f 983/983 982/982 950/950 951/951 
f 984/984 983/983 951/951 952/952 
f 985/985 984/984 952/952 953/953 
f 986/986 985/985 953/953 954/954 
f 987/987 986/986 954/954 955/955 
f 988/988 987/987 955/955 956/956 
f 989/989 988/988 956/956 957/957 
f 990/990 989/989 957/957 958/958 
f 991/991 990/990 958/958 959/959 
f 992/992 991/991 959/959 960/960 
f 962/962 992/992 960/960 930/930 
f 993/993 994/994 962/962 961/961 
f 995/995 993/993 961/961 963/963 
f 996/996 995/995 963/963 964/964 
f 997/997 996/996 964/964 965/965 
f 998/998 997/997 965/965 966/966 
f 999/999 998/998 966/966 967/967 
f 1000/1000 999/999 967/967 968/968 
f 1001/1001 1000/1000 968/968 969/969 
f 1002/1002 1001/1001 969/969 970/970 
f 1003/1003 1002/1002 970/970 971/971 
f 1004/1004 1003/1003 971/971 972/972 
f 1005/1005 1004/1004 972/972 973/973 
f 1006/1006 1005/1005 973/973 974/974 
f 1007/1007 1006/1006 974/974 975/975 
f 1008/1008 1007/1007 975/975 976/976 
f 1009/1009 1008/1008 976/976 977/977 
f 1010/1010 1009/1009 977/977 978/978 
f 1011/1011 1010/1010 978/978 979/979 
f 1012/1012 1011/1011 979/979 980/980 
f 1013/1013 1012/1012 980/980 981/981 
f 1014/1014 1013/1013 981/981 982/982 
f 1015/1015 1014/1014 982/982 983/983 
f 1016/1016 1015/1015 983/983 984/984 
f 1017/1017 1016/1016 984/984 985/985 
f 1018/1018 1017/1017 985/985 986/986 
f 1019/1019 1018/1018 986/986 987/987 
f 1020/1020 1019/1019 987/987 988/988 
f 1021/1021 1020/1020 988/988 989/989 
f 1022/1022 1021/1021 989/989 990/990 
f 1023/1023 1022/1022 990/990 991/991 
f 1024/1024 1023/1023 991/991 992/992 
f 994/994 1024/1024 992/992 962/962 
s 2
f 1025/1025 1026/1026 1027/1027 1028/1028 1029/1029 1030/1030 1031/1031 1032/1032 1033/1033 1034/1034 1035/1035 1036/1036 1037/1037 1038/1038 1039/1039 1040/1040 1041/1041 1042/1042 1043/1043 1044/1044 1045/1045 1046/1046 1047/1047 1048/1048 1049/1049 1050/1050 1051/1051 1052/1052 1053/1053 1054/1054 1055/1055 1056/1056 
f 1057/1057 1058/1058 1059/1059 1060/1060 1061/1061 1062/1062 1063/1063 1064/1064 1065/1065 1066/1066 1067/1067 1068/1068 1069/1069 1070/1070 1071/1071 1072/1072 1073/1073 1074/1074 1075/1075 1076/1076 1077/1077 1078/1078 1079/1079 1080/1080 1081/1081 1082/1082 1083/1083 1084/1084 1085/1085 1086/1086 1087/1087 1088/1088 
s off
f 1089/1089 1090/1090 1091/1091 1092/1092 
f 1092/1092 1091/1091 1093/1093 1094/1094 
f 1094/1094 1093/1093 1095/1095 1096/1096 
f 1096/1096 1095/1095 1097/1097 1098/1098 
f 1098/1098 1097/1097 1099/1099 1100/1099 
f 1100/1099 1099/1099 1101/1100 1102/1101 
f 1102/1101 1101/1100 1103/1102 1104/1103 
f 1104/1103 1103/1102 1105/1104 1106/1105 
f 1106/1105 1105/1104 1107/1106 1108/1106 
f 1108/1106 1107/1106 1109/1107 1110/1108 
f 1110/1108 1109/1107 1111/1109 1112/1110 
f 1112/1110 1111/1109 1113/1111 1114/1112 
f 1114/1112 1113/1111 1115/1113 1116/1114 
f 1116/1114 1115/1113 1117/1115 1118/1116 
f 1118/1116 1117/1115 1119/1117 1120/1118 
f 1120/1118 1119/1117 1121/1119 1122/1120 
f 1122/1120 1121/1119 1123/1121 1124/1122 
f 1124/1122 1123/1121 1125/1123 1126/1124 
f 1126/1124 1125/1123 1127/1125 1128/1126 
f 1128/1126 1127/1125 1129/1127 1130/1128 
f 1130/1128 1129/1127 1131/1129 1132/1130 
f 1132/1130 1131/1129 1133/1131 1134/1132 
f 1134/1132 1133/1131 1135/1133 1136/1134 
f 1136/1134 1135/1133 1137/1135 1138/1136 
f 1138/1136 1137/1135 1139/1137 1140/1138 
f 1140/1138 1139/1137 1141/1139 1142/1140 
f 1142/1140 1141/1139 1143/1141 1144/1142 
f 1144/1142 1143/1141 1145/1143 1146/1144 
f 1146/1144 1145/1143 1147/1145 1148/1146 
f 1148/1146 1147/1145 1149/1147 1150/1148 
f 1150/1148 1149/1147 1151/1149 1152/1150 
f 1152/1150 1151/1149 1090/1090 1089/1089 
f 1090/1090 1060/1060 1059/1059 1091/1091 
f 1091/1091 1059/1059 1058/1058 1093/1093 
f 1093/1093 1058/1058 1057/1057 1095/1095 
f 1095/1095 1057/1057 1088/1088 1097/1097 
f 1097/1097 1088/1088 1087/1087 1099/1099 
f 1099/1099 1087/1087 1086/1086 1101/1100 
f 1101/1100 1086/1086 1085/1085 1103/1102 
f 1103/1102 1085/1085 1084/1084 1105/1104 
f 1105/1104 1084/1084 1083/1083 1107/1106 
f 1107/1106 1083/1083 1082/1082 1109/1107 
f 1109/1107 1082/1082 1081/1081 1111/1109 
f 1111/1109 1081/1081 1080/1080 1113/1111 
f 1113/1111 1080/1080 1079/1079 1115/1113 
f 1115/1113 1079/1079 1078/1078 1117/1115 
f 1117/1115 1078/1078 1077/1077 1119/1117 
f 1119/1117 1077/1077 1076/1076 1121/1119 
f 1121/1119 1076/1076 1075/1075 1123/1121 
f 1123/1121 1075/1075 1074/1074 1125/1123 
f 1125/1123 1074/1074 1073/1073 1127/1125 
f 1127/1125 1073/1073 1072/1072 1129/1127 
f 1129/1127 1072/1072 1071/1071 1131/1129 
f 1131/1129 1071/1071 1070/1070 1133/1131 
f 1133/1131 1070/1070 1069/1069 1135/1133 
f 1135/1133 1069/1069 1068/1068 1137/1135 
f 1137/1135 1068/1068 1067/1067 1139/1137 
f 1139/1137 1067/1067 1066/1066 1141/1139 
f 1141/1139 1066/1066 1065/1065 1143/1141 
f 1143/1141 1065/1065 1064/1064 1145/1143 
f 1145/1143 1064/1064 1063/1063 1147/1145 
f 1147/1145 1063/1063 1062/1062 1149/1147 
f 1149/1147 1062/1062 1061/1061 1151/1149 
f 1151/1149 1061/1061 1060/1060 1090/1090 
s 2
f 1153/1151 1154/1152 1089/1089 1092/1092 
f 1154/1152 1155/1153 1152/1150 1089/1089 
f 1155/1153 1156/1154 1150/1148 1152/1150 
f 1156/1154 1157/1155 1148/1146 1150/1148 
f 1157/1155 1158/1156 1146/1144 1148/1146 
f 1158/1156 1159/1157 1144/1142 1146/1144 
f 1159/1157 1160/1158 1142/1140 1144/1142 
f 1160/1158 1161/1159 1140/1138 1142/1140 
f 1161/1159 1162/1160 1138/1136 1140/1138 
f 1162/1160 1163/1161 1136/1134 1138/1136 
f 1163/1161 1164/1162 1134/1132 1136/1134 
f 1164/1162 1165/1163 1132/1130 1134/1132 
f 1165/1163 1166/1164 1130/1128 1132/1130 
f 1166/1164 1167/1165 1128/1126 1130/1128 
f 1167/1165 1168/1166 1126/1124 1128/1126 
f 1168/1166 1169/1167 1124/1122 1126/1124 
f 1169/1167 1170/1168 1122/1120 1124/1122 
f 1170/1168 1171/1169 1120/1118 1122/1120 
f 1171/1169 1172/1170 1118/1116 1120/1118 
f 1172/1170 1173/1171 1116/1114 1118/1116 
f 1173/1171 1174/1172 1114/1112 1116/1114 
f 1174/1172 1175/1173 1112/1110 1114/1112 
f 1175/1173 1176/1174 1110/1108 1112/1110 
f 1176/1174 1177/1175 1108/1106 1110/1108 
f 1177/1175 1178/1176 1106/1105 1108/1106 
f 1178/1176 1179/1177 1104/1103 1106/1105 
f 1179/1177 1180/1178 1102/1101 1104/1103 
f 1180/1178 1181/1179 1100/1099 1102/1101 
f 1181/1179 1182/1180 1098/1098 1100/1099 
f 1182/1180 1183/1181 1096/1096 1098/1098 
f 1183/1181 1184/1182 1094/1094 1096/1096 
f 1184/1182 1153/1151 1092/1092 1094/1094 
f 1185/1183 1186/1184 1154/1152 1153/1151 
f 1187/1185 1188/1186 1186/1184 1185/1183 
f 1189/1187 1190/1188 1188/1186 1187/1185 
f 994/994 993/993 1190/1188 1189/1187 
f 1186/1184 1191/1189 1155/1153 1154/1152 
f 1188/1186 1192/1190 1191/1189 1186/1184 
f 1190/1188 1193/1191 1192/1190 1188/1186 
f 993/993 995/995 1193/1191 1190/1188 
f 1191/1189 1194/1192 1156/1154 1155/1153 
f 1192/1190 1195/1193 1194/1192 1191/1189 
f 1193/1191 1196/1194 1195/1193 1192/1190 
f 995/995 996/996 1196/1194 1193/1191 
f 1194/1192 1197/1195 1157/1155 1156/1154 
f 1195/1193 1198/1196 1197/1195 1194/1192 
f 1196/1194 1199/1197 1198/1196 1195/1193 
f 996/996 997/997 1199/1197 1196/1194 
f 1197/1195 1200/1198 1158/1156 1157/1155 
f 1198/1196 1201/1199 1200/1198 1197/1195 
f 1199/1197 1202/1200 1201/1199 1198/1196 
f 997/997 998/998 1202/1200 1199/1197 
f 1200/1198 1203/1201 1159/1157 1158/1156 
f 1201/1199 1204/1202 1203/1201 1200/1198 
f 1202/1200 1205/1203 1204/1202 1201/1199 
f 998/998 999/999 1205/1203 1202/1200 
f 1203/1201 1206/1204 1160/1158 1159/1157 
f 1204/1202 1207/1205 1206/1204 1203/1201 
f 1205/1203 1208/1206 1207/1205 1204/1202 
f 999/999 1000/1000 1208/1206 1205/1203 
f 1206/1204 1209/1207 1161/1159 1160/1158 
f 1207/1205 1210/1208 1209/1207 1206/1204 
f 1208/1206 1211/1209 1210/1208 1207/1205 
f 1000/1000 1001/1001 1211/1209 1208/1206 
f 1209/1207 1212/1210 1162/1160 1161/1159 
f 1210/1208 1213/1211 1212/1210 1209/1207 
f 1211/1209 1214/1212 1213/1211 1210/1208 
f 1001/1001 1002/1002 1214/1212 1211/1209 
f 1212/1210 1215/1213 1163/1161 1162/1160 
f 1213/1211 1216/1214 1215/1213 1212/1210 
f 1214/1212 1217/1215 1216/1214 1213/1211 
f 1002/1002 1003/1003 1217/1215 1214/1212 
f 1215/1213 1218/1216 1164/1162 1163/1161 
f 1216/1214 1219/1217 1218/1216 1215/1213 
f 1217/1215 1220/1218 1219/1217 1216/1214 
f 1003/1003 1004/1004 1220/1218 1217/1215 
f 1218/1216 1221/1219 1165/1163 1164/1162 
f 1219/1217 1222/1220 1221/1219 1218/1216 
f 1220/1218 1223/1221 1222/1220 1219/1217 
f 1004/1004 1005/1005 1223/1221 1220/1218 
f 1221/1219 1224/1222 1166/1164 1165/1163 
f 1222/1220 1225/1223 1224/1222 1221/1219 
f 1223/1221 1226/1224 1225/1223 1222/1220 
f 1005/1005 1006/1006 1226/1224 1223/1221 
f 1224/1222 1227/1225 1167/1165 1166/1164 
f 1225/1223 1228/1226 1227/1225 1224/1222 
f 1226/1224 1229/1227 1228/1226 1225/1223 
f 1006/1006 1007/1007 1229/1227 1226/1224 
f 1227/1225 1230/1228 1168/1166 1167/1165 
f 1228/1226 1231/1229 1230/1228 1227/1225 
f 1229/1227 1232/1230 1231/1229 1228/1226 
f 1007/1007 1008/1008 1232/1230 1229/1227 
f 1230/1228 1233/1231 1169/1167 1168/1166 
f 1231/1229 1234/1232 1233/1231 1230/1228 
f 1232/1230 1235/1233 1234/1232 1231/1229 
f 1008/1008 1009/1009 1235/1233 1232/1230 
f 1233/1231 1236/1234 1170/1168 1169/1167 
f 1234/1232 1237/1235 1236/1234 1233/1231 
f 1235/1233 1238/1236 1237/1235 1234/1232 
f 1009/1009 1010/1010 1238/1236 1235/1233 
f 1236/1234 1239/1237 1171/1169 1170/1168 
f 1237/1235 1240/1238 1239/1237 1236/1234 
f 1238/1236 1241/1239 1240/1238 1237/1235 
f 1010/1010 1011/1011 1241/1239 1238/1236 
f 1239/1237 1242/1240 1172/1170 1171/1169 
f 1240/1238 1243/1241 1242/1240 1239/1237 
f 1241/1239 1244/1242 1243/1241 1240/1238 
f 1011/1011 1012/1012 1244/1242 1241/1239 
f 1242/1240 1245/1243 1173/1171 1172/1170 
f 1243/1241 1246/1244 1245/1243 1242/1240 
f 1244/1242 1247/1245 1246/1244 1243/1241 
f 1012/1012 1013/1013 1247/1245 1244/1242 
f 1245/1243 1248/1246 1174/1172 1173/1171 
f 1246/1244 1249/1247 1248/1246 1245/1243 
f 1247/1245 1250/1248 1249/1247 1246/1244 
f 1013/1013 1014/1014 1250/1248 1247/1245 
f 1248/1246 1251/1249 1175/1173 1174/1172 
f 1249/1247 1252/1250 1251/1249 1248/1246 
f 1250/1248 1253/1251 1252/1250 1249/1247 
f 1014/1014 1015/1015 1253/1251 1250/1248 
f 1251/1249 1254/1252 1176/1174 1175/1173 
f 1252/1250 1255/1253 1254/1252 1251/1249 
f 1253/1251 1256/1254 1255/1253 1252/1250 
f 1015/1015 1016/1016 1256/1254 1253/1251 
f 1254/1252 1257/1255 1177/1175 1176/1174 
f 1255/1253 1258/1256 1257/1255 1254/1252 
f 1256/1254 1259/1257 1258/1256 1255/1253 
f 1016/1016 1017/1017 1259/1257 1256/1254 
f 1257/1255 1260/1258 1178/1176 1177/1175 
f 1258/1256 1261/1259 1260/1258 1257/1255 
f 1259/1257 1262/1260 1261/1259 1258/1256 
f 1017/1017 1018/1018 1262/1260 1259/1257 
f 1260/1258 1263/1261 1179/1177 1178/1176 
f 1261/1259 1264/1262 1263/1261 1260/1258 
f 1262/1260 1265/1263 1264/1262 1261/1259 
f 1018/1018 1019/1019 1265/1263 1262/1260 
f 1263/1261 1266/1264 1180/1178 1179/1177 
f 1264/1262 1267/1265 1266/1264 1263/1261 
f 1265/1263 1268/1266 1267/1265 1264/1262 
f 1019/1019 1020/1020 1268/1266 1265/1263 
f 1266/1264 1269/1267 1181/1179 1180/1178 
f 1267/1265 1270/1268 1269/1267 1266/1264 
f 1268/1266 1271/1269 1270/1268 1267/1265 
f 1020/1020 1021/1021 1271/1269 1268/1266 
f 1269/1267 1272/1270 1182/1180 1181/1179 
f 1270/1268 1273/1271 1272/1270 1269/1267 
f 1271/1269 1274/1272 1273/1271 1270/1268 
f 1021/1021 1022/1022 1274/1272 1271/1269 
f 1272/1270 1275/1273 1183/1181 1182/1180 
f 1273/1271 1276/1274 1275/1273 1272/1270 
f 1274/1272 1277/1275 1276/1274 1273/1271 
f 1022/1022 1023/1023 1277/1275 1274/1272 
f 1275/1273 1278/1276 1184/1182 1183/1181 
f 1276/1274 1279/1277 1278/1276 1275/1273 
f 1277/1275 1280/1278 1279/1277 1276/1274 
f 1023/1023 1024/1024 1280/1278 1277/1275 
f 1278/1276 1185/1183 1153/1151 1184/1182 
f 1279/1277 1187/1185 1185/1183 1278/1276 
f 1280/1278 1189/1187 1187/1185 1279/1277 
f 1024/1024 994/994 1189/1187 1280/1278 
s off
f 1281/1279 1282/1280 1283/1281 1284/1282 
f 1284/1282 1283/1281 1285/1283 1286/1284 
f 1286/1284 1285/1283 1287/1285 1288/1286 
f 1288/1286 1287/1285 1289/1287 1290/1288 
f 1290/1288 1289/1287 1291/1289 1292/1290 
f 1292/1290 1291/1289 1293/1291 1294/1292 
f 1294/1292 1293/1291 1295/1293 1296/1294 
f 1296/1294 1295/1293 1297/1295 1298/1296 
f 1298/1296 1297/1295 1299/1297 1300/1298 
f 1300/1298 1299/1297 1301/1299 1302/1300 
f 1302/1300 1301/1299 1303/1301 1304/1302 
f 1304/1302 1303/1301 1305/1303 1306/1304 
f 1306/1304 1305/1303 1307/1305 1308/1306 
f 1308/1306 1307/1305 1309/1307 1310/1308 
f 1310/1308 1309/1307 1311/1309 1312/1310 
f 1312/1310 1311/1309 1313/1311 1314/1312 
f 1314/1312 1313/1311 1315/1313 1316/1314 
f 1316/1314 1315/1313 1317/1315 1318/1316 
f 1318/1316 1317/1315 1319/1317 1320/1318 
f 1320/1318 1319/1317 1321/1319 1322/1320 
f 1322/1320 1321/1319 1323/1321 1324/1322 
f 1324/1322 1323/1321 1325/1323 1326/1324 
f 1326/1324 1325/1323 1327/1325 1328/1326 
f 1328/1326 1327/1325 1329/1327 1330/1328 
f 1330/1328 1329/1327 1331/1329 1332/1330 
f 1332/1330 1331/1329 1333/1331 1334/1332 
f 1334/1332 1333/1331 1335/1333 1336/1334 
f 1336/1334 1335/1333 1337/1335 1338/1336 
f 1338/1336 1337/1335 1339/1337 1340/1338 
f 1340/1338 1339/1337 1341/1339 1342/1340 
f 1342/1340 1341/1339 1343/1341 1344/1342 
f 1344/1342 1343/1341 1282/1280 1281/1279 
f 1282/1280 1025/1025 1056/1056 1283/1281 
f 1283/1281 1056/1056 1055/1055 1285/1283 
f 1285/1283 1055/1055 1054/1054 1287/1285 
f 1287/1285 1054/1054 1053/1053 1289/1287 
f 1289/1287 1053/1053 1052/1052 1291/1289 
f 1291/1289 1052/1052 1051/1051 1293/1291 
f 1293/1291 1051/1051 1050/1050 1295/1293 
f 1295/1293 1050/1050 1049/1049 1297/1295 
f 1297/1295 1049/1049 1048/1048 1299/1297 
f 1299/1297 1048/1048 1047/1047 1301/1299 
f 1301/1299 1047/1047 1046/1046 1303/1301 
f 1303/1301 1046/1046 1045/1045 1305/1303 
f 1305/1303 1045/1045 1044/1044 1307/1305 
f 1307/1305 1044/1044 1043/1043 1309/1307 
f 1309/1307 1043/1043 1042/1042 1311/1309 
f 1311/1309 1042/1042 1041/1041 1313/1311 
f 1313/1311 1041/1041 1040/1040 1315/1313 
f 1315/1313 1040/1040 1039/1039 1317/1315 
f 1317/1315 1039/1039 1038/1038 1319/1317 
f 1319/1317 1038/1038 1037/1037 1321/1319 
f 1321/1319 1037/1037 1036/1036 1323/1321 
f 1323/1321 1036/1036 1035/1035 1325/1323 
f 1325/1323 1035/1035 1034/1034 1327/1325 
f 1327/1325 1034/1034 1033/1033 1329/1327 
f 1329/1327 1033/1033 1032/1032 1331/1329 
f 1331/1329 1032/1032 1031/1031 1333/1331 
f 1333/1331 1031/1031 1030/1030 1335/1333 
f 1335/1333 1030/1030 1029/1029 1337/1335 
f 1337/1335 1029/1029 1028/1028 1339/1337 
f 1339/1337 1028/1028 1027/1027 1341/1339 
f 1341/1339 1027/1027 1026/1026 1343/1341 
f 1343/1341 1026/1026 1025/1025 1282/1280 
s 2
f 1345/1343 1346/1344 1281/1279 1284/1282 
f 1347/1345 1345/1343 1284/1282 1286/1284 
f 1348/1346 1347/1345 1286/1284 1288/1286 
f 1349/1347 1348/1346 1288/1286 1290/1288 
f 1350/1348 1349/1347 1290/1288 1292/1290 
f 1351/1349 1350/1348 1292/1290 1294/1292 
f 1352/1350 1351/1349 1294/1292 1296/1294 
f 1353/1351 1352/1350 1296/1294 1298/1296 
f 1354/1352 1353/1351 1298/1296 1300/1298 
f 1355/1353 1354/1352 1300/1298 1302/1300 
f 1356/1354 1355/1353 1302/1300 1304/1302 
f 1357/1355 1356/1354 1304/1302 1306/1304 
f 1358/1356 1357/1355 1306/1304 1308/1306 
f 1359/1357 1358/1356 1308/1306 1310/1308 
f 1360/1358 1359/1357 1310/1308 1312/1310 
f 1361/1359 1360/1358 1312/1310 1314/1312 
f 1362/1360 1361/1359 1314/1312 1316/1314 
f 1363/1361 1362/1360 1316/1314 1318/1316 
f 1364/1362 1363/1361 1318/1316 1320/1318 
f 1365/1363 1364/1362 1320/1318 1322/1320 
f 1366/1364 1365/1363 1322/1320 1324/1322 
f 1367/1365 1366/1364 1324/1322 1326/1324 
f 1368/1366 1367/1365 1326/1324 1328/1326 
f 1369/1367 1368/1366 1328/1326 1330/1328 
f 1370/1368 1369/1367 1330/1328 1332/1330 
f 1371/1369 1370/1368 1332/1330 1334/1332 
f 1372/1370 1371/1369 1334/1332 1336/1334 
f 1373/1371 1372/1370 1336/1334 1338/1336 
f 1374/1372 1373/1371 1338/1336 1340/1338 
f 1375/1373 1374/1372 1340/1338 1342/1340 
f 1376/1374 1375/1373 1342/1340 1344/1342 
f 1346/1344 1376/1374 1344/1342 1281/1279 
f 1377/1375 1378/1376 1346/1344 1345/1343 
f 1379/1377 1380/1378 1378/1376 1377/1375 
f 1381/1379 1382/1380 1380/1378 1379/1377 
f 4/4 3/3 1382/1380 1381/1379 
f 1383/1381 1377/1375 1345/1343 1347/1345 
f 1384/1382 1379/1377 1377/1375 1383/1381 
f 1385/1383 1381/1379 1379/1377 1384/1382 
f 6/6 4/4 1381/1379 1385/1383 
f 1386/1384 1383/1381 1347/1345 1348/1346 
f 1387/1385 1384/1382 1383/1381 1386/1384 
f 1388/1386 1385/1383 1384/1382 1387/1385 
f 8/8 6/6 1385/1383 1388/1386 
f 1389/1387 1386/1384 1348/1346 1349/1347 
f 1390/1388 1387/1385 1386/1384 1389/1387 
f 1391/1389 1388/1386 1387/1385 1390/1388 
f 10/10 8/8 1388/1386 1391/1389 
f 1392/1390 1389/1387 1349/1347 1350/1348 
f 1393/1391 1390/1388 1389/1387 1392/1390 
f 1394/1392 1391/1389 1390/1388 1393/1391 
f 12/12 10/10 1391/1389 1394/1392 
f 1395/1393 1392/1390 1350/1348 1351/1349 
f 1396/1394 1393/1391 1392/1390 1395/1393 
f 1397/1395 1394/1392 1393/1391 1396/1394 
f 14/14 12/12 1394/1392 1397/1395 
f 1398/1396 1395/1393 1351/1349 1352/1350 
f 1399/1397 1396/1394 1395/1393 1398/1396 
f 1400/1398 1397/1395 1396/1394 1399/1397 
f 16/16 14/14 1397/1395 1400/1398 
f 1401/1399 1398/1396 1352/1350 1353/1351 
f 1402/1400 1399/1397 1398/1396 1401/1399 
f 1403/1401 1400/1398 1399/1397 1402/1400 
f 18/18 16/16 1400/1398 1403/1401 
f 1404/1402 1401/1399 1353/1351 1354/1352 
f 1405/1403 1402/1400 1401/1399 1404/1402 
f 1406/1404 1403/1401 1402/1400 1405/1403 
f 20/20 18/18 1403/1401 1406/1404 
f 1407/1405 1404/1402 1354/1352 1355/1353 
f 1408/1406 1405/1403 1404/1402 1407/1405 
f 1409/1407 1406/1404 1405/1403 1408/1406 
f 22/22 20/20 1406/1404 1409/1407 
f 1410/1408 1407/1405 1355/1353 1356/1354 
f 1411/1409 1408/1406 1407/1405 1410/1408 
f 1412/1410 1409/1407 1408/1406 1411/1409 
f 24/24 22/22 1409/1407 1412/1410 
f 1413/1411 1410/1408 1356/1354 1357/1355 
f 1414/1412 1411/1409 1410/1408 1413/1411 
f 1415/1413 1412/1410 1411/1409 1414/1412 
f 26/26 24/24 1412/1410 1415/1413 
f 1416/1414 1413/1411 1357/1355 1358/1356 
f 1417/1415 1414/1412 1413/1411 1416/1414 
f 1418/1416 1415/1413 1414/1412 1417/1415 
f 28/28 26/26 1415/1413 1418/1416 
f 1419/1417 1416/1414 1358/1356 1359/1357 
f 1420/1418 1417/1415 1416/1414 1419/1417 
f 1421/1419 1418/1416 1417/1415 1420/1418 
f 30/30 28/28 1418/1416 1421/1419 
f 1422/1420 1419/1417 1359/1357 1360/1358 
f 1423/1421 1420/1418 1419/1417 1422/1420 
f 1424/1422 1421/1419 1420/1418 1423/1421 
f 32/32 30/30 1421/1419 1424/1422 
f 1425/1423 1422/1420 1360/1358 1361/1359 
f 1426/1424 1423/1421 1422/1420 1425/1423 
f 1427/1425 1424/1422 1423/1421 1426/1424 
f 34/34 32/32 1424/1422 1427/1425 
f 1428/1426 1425/1423 1361/1359 1362/1360 
f 1429/1427 1426/1424 1425/1423 1428/1426 
f 1430/1428 1427/1425 1426/1424 1429/1427 
f 36/36 34/34 1427/1425 1430/1428 
f 1431/1429 1428/1426 1362/1360 1363/1361 
f 1432/1430 1429/1427 1428/1426 1431/1429 
f 1433/1431 1430/1428 1429/1427 1432/1430 
f 38/38 36/36 1430/1428 1433/1431 
f 1434/1432 1431/1429 1363/1361 1364/1362 
f 1435/1433 1432/1430 1431/1429 1434/1432 
f 1436/1434 1433/1431 1432/1430 1435/1433 
f 40/40 38/38 1433/1431 1436/1434 
f 1437/1435 1434/1432 1364/1362 1365/1363 
f 1438/1436 1435/1433 1434/1432 1437/1435 
f 1439/1437 1436/1434 1435/1433 1438/1436 
f 42/42 40/40 1436/1434 1439/1437 
f 1440/1438 1437/1435 1365/1363 1366/1364 
f 1441/1439 1438/1436 1437/1435 1440/1438 
f 1442/1440 1439/1437 1438/1436 1441/1439 
f 44/44 42/42 1439/1437 1442/1440 
f 1443/1441 1440/1438 1366/1364 1367/1365 
f 1444/1442 1441/1439 1440/1438 1443/1441 
f 1445/1443 1442/1440 1441/1439 1444/1442 
f 46/46 44/44 1442/1440 1445/1443 
f 1446/1444 1443/1441 1367/1365 1368/1366 
f 1447/1445 1444/1442 1443/1441 1446/1444 
f 1448/1446 1445/1443 1444/1442 1447/1445 
f 48/48 46/46 1445/1443 1448/1446 
f 1449/1447 1446/1444 1368/1366 1369/1367 
f 1450/1448 1447/1445 1446/1444 1449/1447 
f 1451/1449 1448/1446 1447/1445 1450/1448 
f 50/50 48/48 1448/1446 1451/1449 
f 1452/1450 1449/1447 1369/1367 1370/1368 
f 1453/1451 1450/1448 1449/1447 1452/1450 
f 1454/1452 1451/1449 1450/1448 1453/1451 
f 52/52 50/50 1451/1449 1454/1452 
f 1455/1453 1452/1450 1370/1368 1371/1369 
f 1456/1454 1453/1451 1452/1450 1455/1453 
f 1457/1455 1454/1452 1453/1451 1456/1454 
f 54/54 52/52 1454/1452 1457/1455 
f 1458/1456 1455/1453 1371/1369 1372/1370 
f 1459/1457 1456/1454 1455/1453 1458/1456 
f 1460/1458 1457/1455 1456/1454 1459/1457 
f 56/56 54/54 1457/1455 1460/1458 
f 1461/1459 1458/1456 1372/1370 1373/1371 
f 1462/1460 1459/1457 1458/1456 1461/1459 
f 1463/1461 1460/1458 1459/1457 1462/1460 
f 58/58 56/56 1460/1458 1463/1461 
f 1464/1462 1461/1459 1373/1371 1374/1372 
f 1465/1463 1462/1460 1461/1459 1464/1462 
f 1466/1464 1463/1461 1462/1460 1465/1463 
f 60/60 58/58 1463/1461 1466/1464 
f 1467/1465 1464/1462 1374/1372 1375/1373 
f 1468/1466 1465/1463 1464/1462 1467/1465 
f 1469/1467 1466/1464 1465/1463 1468/1466 
f 62/62 60/60 1466/1464 1469/1467 
f 1470/1468 1467/1465 1375/1373 1376/1374 
f 1471/1469 1468/1466 1467/1465 1470/1468 
f 1472/1470 1469/1467 1468/1466 1471/1469 
f 64/64 62/62 1469/1467 1472/1470 
f 1378/1376 1470/1468 1376/1374 1346/1344 
f 1380/1378 1471/1469 1470/1468 1378/1376 
f 1382/1380 1472/1470 1471/1469 1380/1378 
f 3/3 64/64 1472/1470 1382/1380 
usemtl Toilet_paper_3
s 1
f 1473/1471 1474/1472 1475/1473 1476/1474 
f 1477/1475 1473/1471 1476/1474 1478/1476 
f 1479/1477 1477/1475 1478/1476 1480/1478 
f 1481/1479 1479/1477 1480/1478 1482/1480 
f 1483/1481 1481/1479 1482/1480 1484/1482 
f 1485/1483 1483/1481 1484/1482 1486/1484 
f 1487/1485 1485/1483 1486/1484 1488/1486 
f 1489/1487 1487/1485 1488/1486 1490/1488 
f 1491/1489 1489/1487 1490/1488 1492/1490 
f 1493/1491 1491/1489 1492/1490 1494/1492 
f 1495/1493 1493/1491 1494/1492 1496/1494 
f 1497/1495 1495/1493 1496/1494 1498/1496 
f 1499/1497 1497/1495 1498/1496 1500/1498 
f 1501/1499 1499/1497 1500/1498 1502/1500 
f 1503/1501 1501/1499 1502/1500 1504/1502 
f 1505/1503 1503/1501 1504/1502 1506/1504 
f 1507/1505 1505/1503 1506/1504 1508/1506 
f 1509/1507 1507/1505 1508/1506 1510/1508 
f 1511/1509 1509/1507 1510/1508 1512/1510 
f 1513/1511 1511/1509 1512/1510 1514/1512 
f 1515/1513 1513/1511 1514/1512 1516/1514 
f 1517/1515 1515/1513 1516/1514 1518/1516 
f 1519/1517 1517/1515 1518/1516 1520/1518 
f 1521/1519 1519/1517 1520/1518 1522/1520 
f 1523/1521 1521/1519 1522/1520 1524/1522 
f 1525/1523 1523/1521 1524/1522 1526/1524 
f 1527/1525 1525/1523 1526/1524 1528/1526 
f 1529/1527 1527/1525 1528/1526 1530/1528 
f 1531/1529 1529/1527 1530/1528 1532/1530 
f 1533/1531 1531/1529 1532/1530 1534/1532 
f 1535/1533 1533/1531 1534/1532 1536/1534 
f 1537/1535 1535/1533 1536/1534 1538/1536 
f 1539/1537 1537/1535 1538/1536 1540/1538 
f 1541/1539 1539/1537 1540/1538 1542/1540 
f 1543/1541 1541/1539 1542/1540 1544/1542 
f 1545/1543 1543/1541 1544/1542 1546/1544 
f 1547/1545 1545/1546 1546/1547 1548/1548 
f 1549/1549 1547/1545 1548/1548 1550/1550 
f 1551/1551 1549/1549 1550/1550 1552/1552 
f 1553/1553 1551/1551 1552/1552 1554/1554 
f 1555/1555 1553/1553 1554/1554 1556/1556 
f 1557/1557 1555/1555 1556/1556 1558/1558 
f 1559/1559 1557/1557 1558/1558 1560/1560 
f 1561/1561 1559/1559 1560/1560 1562/1562 
f 1563/1563 1561/1561 1562/1562 1564/1564 
f 1565/1565 1563/1563 1564/1564 1566/1566 
f 1567/1567 1565/1565 1566/1566 1568/1568 
f 1569/1569 1567/1567 1568/1568 1570/1570 
f 1571/1571 1569/1569 1570/1570 1572/1572 
f 1573/1573 1571/1571 1572/1572 1574/1574 
f 1575/1575 1573/1573 1574/1574 1576/1576 
f 1474/1472 1575/1575 1576/1576 1475/1473 
usemtl Toilet_paper_2
s 4
f 1577/1577 1474/1578 1473/1579 1578/1580 
f 1475/1581 1579/1582 1580/1583 1476/1584 
f 1578/1580 1473/1579 1477/1585 1581/1586 
f 1476/1584 1580/1583 1582/1587 1478/1588 
f 1581/1586 1477/1585 1479/1589 1583/1590 
f 1478/1588 1582/1587 1584/1591 1480/1592 
f 1583/1590 1479/1589 1481/1593 1585/1594 
f 1480/1592 1584/1591 1586/1595 1482/1596 
f 1585/1594 1481/1593 1483/1597 1587/1598 
f 1482/1596 1586/1595 1588/1599 1484/1600 
f 1587/1598 1483/1597 1485/1601 1589/1602 
f 1484/1600 1588/1599 1590/1603 1486/1604 
f 1589/1602 1485/1601 1487/1605 1591/1606 
f 1486/1604 1590/1603 1592/1607 1488/1608 
f 1591/1606 1487/1605 1489/1609 1593/1610 
f 1488/1608 1592/1607 1594/1611 1490/1612 
f 1593/1610 1489/1609 1491/1613 1595/1614 
f 1490/1612 1594/1611 1596/1615 1492/1616 
f 1595/1614 1491/1613 1493/1617 1597/1618 
f 1492/1616 1596/1615 1598/1619 1494/1620 
f 1597/1618 1493/1617 1495/1621 1599/1622 
f 1494/1620 1598/1619 1600/1623 1496/1624 
f 1599/1622 1495/1621 1497/1625 1601/1626 
f 1496/1624 1600/1623 1602/1627 1498/1628 
f 1601/1626 1497/1625 1499/1629 1603/1630 
f 1498/1628 1602/1627 1604/1631 1500/1632 
f 1603/1630 1499/1629 1501/1633 1605/1634 
f 1500/1632 1604/1631 1606/1635 1502/1636 
f 1605/1634 1501/1633 1503/1637 1607/1638 
f 1502/1636 1606/1635 1608/1639 1504/1640 
f 1607/1638 1503/1637 1505/1641 1609/1642 
f 1504/1640 1608/1639 1610/1643 1506/1644 
f 1609/1642 1505/1641 1507/1645 1611/1646 
f 1506/1644 1610/1643 1612/1647 1508/1648 
f 1611/1646 1507/1645 1509/1649 1613/1650 
f 1508/1648 1612/1647 1614/1651 1510/1652 
f 1613/1650 1509/1649 1511/1653 1615/1654 
f 1510/1652 1614/1651 1616/1655 1512/1656 
f 1615/1654 1511/1653 1513/1657 1617/1658 
f 1512/1656 1616/1655 1618/1659 1514/1660 
f 1617/1658 1513/1657 1515/1661 1619/1662 
f 1514/1660 1618/1659 1620/1663 1516/1664 
f 1619/1662 1515/1661 1517/1665 1621/1666 
f 1516/1664 1620/1663 1622/1667 1518/1668 
f 1621/1666 1517/1665 1519/1669 1623/1670 
f 1518/1668 1622/1667 1624/1671 1520/1672 
f 1623/1670 1519/1669 1521/1673 1625/1674 
f 1520/1672 1624/1671 1626/1675 1522/1676 
f 1625/1674 1521/1673 1523/1677 1627/1678 
f 1522/1676 1626/1675 1628/1679 1524/1680 
f 1627/1678 1523/1677 1525/1681 1629/1682 
f 1524/1680 1628/1679 1630/1683 1526/1684 
f 1629/1682 1525/1681 1527/1685 1631/1686 
f 1526/1684 1630/1683 1632/1687 1528/1688 
f 1631/1686 1527/1685 1529/1689 1633/1690 
f 1528/1688 1632/1687 1634/1691 1530/1692 
f 1633/1690 1529/1689 1531/1693 1635/1694 
f 1530/1692 1634/1691 1636/1695 1532/1696 
f 1635/1694 1531/1693 1533/1697 1637/1698 
f 1532/1696 1636/1695 1638/1699 1534/1700 
f 1637/1698 1533/1697 1535/1701 1639/1702 
f 1534/1700 1638/1699 1640/1703 1536/1704 
f 1639/1702 1535/1701 1537/1705 1641/1706 
f 1536/1704 1640/1703 1642/1707 1538/1708 
f 1641/1706 1537/1705 1539/1709 1643/1710 
f 1538/1708 1642/1707 1644/1711 1540/1712 
f 1643/1710 1539/1709 1541/1713 1645/1714 
f 1540/1712 1644/1711 1646/1715 1542/1716 
f 1645/1714 1541/1713 1543/1717 1647/1718 
f 1542/1716 1646/1715 1648/1719 1544/1720 
f 1647/1718 1543/1717 1545/1721 1649/1722 
f 1544/1720 1648/1719 1650/1723 1546/1724 
f 1649/1722 1545/1721 1547/1725 1651/1726 
f 1546/1724 1650/1723 1652/1727 1548/1728 
f 1651/1726 1547/1725 1549/1729 1653/1730 
f 1548/1728 1652/1727 1654/1731 1550/1732 
f 1653/1730 1549/1729 1551/1733 1655/1734 
f 1550/1732 1654/1731 1656/1735 1552/1736 
f 1655/1734 1551/1733 1553/1737 1657/1738 
f 1552/1736 1656/1735 1658/1739 1554/1740 
f 1657/1738 1553/1737 1555/1741 1659/1742 
f 1554/1740 1658/1739 1660/1743 1556/1744 
f 1659/1742 1555/1741 1557/1745 1661/1746 
f 1556/1744 1660/1743 1662/1747 1558/1748 
f 1661/1746 1557/1745 1559/1749 1663/1750 
f 1558/1748 1662/1747 1664/1751 1560/1752 
f 1663/1750 1559/1749 1561/1753 1665/1754 
f 1560/1752 1664/1751 1666/1755 1562/1756 
f 1665/1754 1561/1753 1563/1757 1667/1758 
f 1562/1756 1666/1755 1668/1759 1564/1760 
f 1667/1758 1563/1757 1565/1761 1669/1762 
f 1564/1760 1668/1759 1670/1763 1566/1764 
f 1669/1762 1565/1761 1567/1765 1671/1766 
f 1566/1764 1670/1763 1672/1767 1568/1768 
f 1671/1766 1567/1765 1569/1769 1673/1770 
f 1568/1768 1672/1767 1674/1771 1570/1772 
f 1673/1770 1569/1769 1571/1773 1675/1774 
f 1570/1772 1674/1771 1676/1775 1572/1776 
f 1675/1774 1571/1773 1573/1777 1677/1778 
f 1572/1776 1676/1775 1678/1779 1574/1780 
f 1677/1778 1573/1777 1575/1781 1679/1782 
f 1574/1780 1678/1779 1680/1783 1576/1784 
f 1679/1782 1575/1781 1474/1578 1577/1577 
f 1576/1784 1680/1783 1579/1582 1475/1581 
usemtl Toilet_paper_1
s 2
f 1656/1785 1655/1786 1657/1787 1658/1788 
f 1658/1788 1657/1787 1659/1789 1660/1790 
f 1660/1790 1659/1789 1661/1791 1662/1792 
f 1662/1792 1661/1791 1663/1793 1664/1794 
f 1664/1794 1663/1793 1665/1795 1666/1796 
f 1666/1796 1665/1795 1667/1797 1668/1798 
f 1668/1798 1667/1797 1669/1799 1670/1800 
f 1670/1800 1669/1799 1671/1801 1672/1802 
f 1672/1802 1671/1801 1673/1803 1674/1804 
f 1674/1804 1673/1803 1675/1805 1676/1806 
f 1676/1806 1675/1805 1677/1807 1678/1808 
f 1678/1808 1677/1807 1679/1809 1680/1810 
f 1680/1810 1679/1809 1577/1811 1579/1812 
f 1579/1812 1577/1811 1578/1813 1580/1814 
f 1580/1814 1578/1813 1581/1815 1582/1816 
f 1582/1816 1581/1815 1583/1817 1584/1818 
f 1584/1818 1583/1817 1585/1819 1586/1820 
f 1586/1820 1585/1819 1587/1821 1588/1822 
f 1588/1822 1587/1821 1589/1823 1590/1824 
f 1590/1824 1589/1823 1591/1825 1592/1826 
f 1592/1826 1591/1825 1593/1827 1594/1828 
f 1594/1828 1593/1827 1595/1829 1596/1830 
f 1596/1830 1595/1829 1597/1831 1598/1832 
f 1598/1832 1597/1831 1599/1833 1600/1834 
f 1600/1834 1599/1833 1601/1835 1602/1836 
f 1602/1836 1601/1835 1603/1837 1604/1838 
f 1604/1838 1603/1837 1605/1839 1606/1840 
f 1606/1840 1605/1839 1607/1841 1608/1842 
f 1608/1842 1607/1841 1609/1843 1610/1844 
f 1610/1844 1609/1843 1611/1845 1612/1846 
f 1612/1846 1611/1845 1613/1847 1614/1848 
f 1614/1848 1613/1847 1615/1849 1616/1850 
f 1616/1850 1615/1849 1617/1851 1618/1852 
f 1618/1852 1617/1851 1619/1853 1620/1854 
f 1620/1854 1619/1853 1621/1855 1622/1856 
f 1622/1856 1621/1855 1623/1857 1624/1858 
f 1624/1858 1623/1857 1625/1859 1626/1860 
f 1626/1860 1625/1859 1627/1861 1628/1862 
f 1628/1862 1627/1861 1629/1863 1630/1864 
f 1630/1864 1629/1863 1631/1865 1632/1866 
f 1632/1866 1631/1865 1633/1867 1634/1868 
f 1634/1868 1633/1867 1635/1869 1636/1870 
f 1636/1870 1635/1869 1637/1871 1638/1872 
f 1638/1872 1637/1871 1639/1873 1640/1874 
f 1640/1874 1639/1873 1641/1875 1642/1876 
f 1642/1876 1641/1875 1643/1877 1644/1878 
f 1644/1878 1643/1877 1645/1879 1646/1880 
f 1646/1880 1645/1879 1647/1881 1648/1882 
f 1648/1882 1647/1881 1649/1883 1650/1884 
f 1650/1884 1649/1883 1651/1885 1652/1886 
f 1652/1886 1651/1885 1653/1887 1654/1888 
f 1654/1888 1653/1887 1655/1889 1656/1890 
s 1
f 1681/1891 1682/1892 1683/1893 1684/1894 
f 1682/1892 1685/1895 1686/1896 1683/1893 
f 1685/1895 1687/1897 1688/1898 1686/1896 
f 1687/1897 1689/1899 1690/1900 1688/1898 
f 1689/1899 1691/1901 1692/1902 1690/1900 
f 1691/1901 1655/1903 1656/1904 1692/1902 
f 1681/1891 1684/1894 1693/1905 1694/1906 
usemtl Base
s 8
f 1695/1907 1696/1908 1697/1909 1698/1910 
f 1699/1911 1695/1907 1698/1910 1700/1912 
f 1695/1907 1699/1911 1701/1913 1702/1914 
f 1696/1908 1695/1907 1702/1914 1703/1915 
f 1704/1916 1705/1917 1706/1918 1707/1919 
f 1708/1920 1704/1916 1707/1919 1709/1921 
f 1704/1916 1708/1920 1710/1922 1711/1923 
f 1705/1917 1704/1916 1711/1923 1712/1924 
f 1713/1925 1714/1926 1715/1927 1716/1928 
f 1717/1929 1713/1925 1716/1928 1718/1930 
f 1713/1925 1717/1929 1719/1931 1720/1932 
f 1714/1926 1713/1925 1720/1932 1721/1933 
f 1722/1934 1723/1935 1724/1936 1725/1937 
f 1726/1938 1722/1934 1725/1937 1727/1939 
f 1722/1934 1726/1938 1728/1940 1729/1941 
f 1723/1935 1722/1934 1729/1941 1730/1942 
f 1731/1943 1726/1938 1727/1939 1732/1944 
f 1733/1945 1731/1943 1732/1944 1734/1946 
f 1731/1943 1733/1945 1735/1947 1736/1948 
f 1726/1938 1731/1943 1736/1948 1728/1940 
f 1737/1949 1733/1945 1734/1946 1738/1950 
f 1739/1951 1737/1949 1738/1950 1740/1952 
f 1737/1949 1739/1951 1741/1953 1742/1954 
f 1733/1945 1737/1949 1742/1954 1735/1947 
f 1743/1955 1739/1951 1740/1952 1744/1956 
f 1745/1957 1743/1955 1744/1956 1746/1958 
f 1743/1955 1745/1957 1747/1959 1748/1960 
f 1739/1951 1743/1955 1748/1960 1741/1953 
f 1749/1961 1745/1957 1746/1958 1750/1962 
f 1751/1963 1749/1961 1750/1962 1752/1964 
f 1749/1961 1751/1963 1753/1965 1754/1966 
f 1745/1957 1749/1961 1754/1966 1747/1959 
f 1755/1967 1751/1963 1752/1964 1756/1968 
f 1757/1969 1755/1967 1756/1968 1758/1970 
f 1755/1967 1757/1969 1759/1971 1760/1972 
f 1751/1963 1755/1967 1760/1972 1753/1965 
f 1761/1973 1757/1969 1758/1970 1762/1974 
f 1763/1975 1761/1973 1762/1974 1764/1976 
f 1761/1973 1763/1975 1765/1977 1766/1978 
f 1757/1969 1761/1973 1766/1978 1759/1971 
f 1767/1979 1763/1975 1764/1976 1768/1980 
f 1769/1981 1767/1979 1768/1980 1770/1982 
f 1767/1979 1769/1981 1771/1983 1772/1984 
f 1763/1975 1767/1979 1772/1984 1765/1977 
f 1773/1985 1769/1981 1770/1982 1774/1986 
f 1775/1987 1773/1985 1774/1986 1776/1988 
f 1773/1985 1775/1987 1777/1989 1778/1990 
f 1769/1981 1773/1985 1778/1990 1771/1983 
f 1779/1991 1775/1987 1776/1988 1780/1992 
f 1781/1993 1779/1991 1780/1992 1782/1994 
f 1779/1991 1781/1993 1783/1995 1784/1996 
f 1775/1987 1779/1991 1784/1996 1777/1989 
f 1785/1997 1781/1993 1782/1994 1786/1998 
f 1787/1999 1785/1997 1786/1998 1788/2000 
f 1785/1997 1787/1999 1789/2001 1790/2002 
f 1781/1993 1785/1997 1790/2002 1783/1995 
f 1791/2003 1787/1999 1788/2000 1792/2004 
f 1793/2005 1791/2003 1792/2004 1794/2006 
f 1791/2003 1793/2005 1795/2007 1796/2008 
f 1787/1999 1791/2003 1796/2008 1789/2001 
f 1797/2009 1793/2005 1794/2006 1798/2010 
f 1799/2011 1797/2009 1798/2010 1800/2012 
f 1797/2009 1799/2011 1801/2013 1802/2014 
f 1793/2005 1797/2009 1802/2014 1795/2007 
f 1803/2015 1799/2011 1800/2012 1804/2016 
f 1805/2017 1803/2015 1804/2016 1806/2018 
f 1803/2015 1805/2017 1807/2019 1808/2020 
f 1799/2011 1803/2015 1808/2020 1801/2013 
f 1809/2021 1805/2017 1806/2018 1810/2022 
f 1811/2023 1809/2021 1810/2022 1812/2024 
f 1809/2021 1811/2023 1813/2025 1814/2026 
f 1805/2017 1809/2021 1814/2026 1807/2019 
f 1815/2027 1811/2023 1812/2024 1816/2028 
f 1817/2029 1815/2027 1816/2028 1818/2030 
f 1815/2027 1817/2029 1819/2031 1820/2032 
f 1811/2023 1815/2027 1820/2032 1813/2025 
f 1821/2033 1817/2029 1818/2030 1822/2034 
f 1823/2035 1821/2033 1822/2034 1824/2036 
f 1821/2033 1823/2035 1825/2037 1826/2038 
f 1817/2029 1821/2033 1826/2038 1819/2031 
f 1827/2039 1823/2035 1824/2036 1828/2040 
f 1829/2041 1827/2039 1828/2040 1830/2042 
f 1827/2039 1829/2041 1831/2043 1832/2044 
f 1823/2035 1827/2039 1832/2044 1825/2037 
f 1833/2045 1829/2041 1830/2042 1834/2046 
f 1835/2047 1833/2045 1834/2046 1836/2048 
f 1833/2045 1835/2047 1837/2049 1838/2050 
f 1829/2041 1833/2045 1838/2050 1831/2043 
f 1839/2051 1835/2047 1836/2048 1840/2052 
f 1841/2053 1839/2051 1840/2052 1842/2054 
f 1839/2051 1841/2053 1843/2055 1844/2056 
f 1835/2047 1839/2051 1844/2056 1837/2049 
f 1845/2057 1841/2058 1842/2059 1846/2060 
f 1847/2061 1845/2057 1846/2060 1848/2062 
f 1845/2057 1847/2061 1849/2063 1850/2064 
f 1841/2058 1845/2057 1850/2064 1843/2065 
f 1851/2066 1847/2067 1848/2068 1852/2069 
f 1853/2070 1851/2066 1852/2069 1854/2071 
f 1851/2066 1853/2070 1855/2072 1856/2073 
f 1847/2067 1851/2066 1856/2073 1849/2074 
f 1857/2075 1853/2070 1854/2071 1858/2076 
f 1859/2077 1857/2075 1858/2076 1860/2078 
f 1857/2075 1859/2077 1861/2079 1862/2080 
f 1853/2070 1857/2075 1862/2080 1855/2072 
f 1863/2081 1859/2077 1860/2078 1864/2082 
f 1865/2083 1863/2081 1864/2082 1866/2084 
f 1863/2081 1865/2083 1867/2085 1868/2086 
f 1859/2077 1863/2081 1868/2086 1861/2079 
f 1869/2087 1865/2083 1866/2084 1870/2088 
f 1871/2089 1869/2087 1870/2088 1872/2090 
f 1869/2087 1871/2089 1873/2091 1874/2092 
f 1865/2083 1869/2087 1874/2092 1867/2085 
f 1875/2093 1871/2089 1872/2090 1876/2094 
f 1877/2095 1875/2093 1876/2094 1878/2096 
f 1875/2093 1877/2095 1879/2097 1880/2098 
f 1871/2089 1875/2093 1880/2098 1873/2091 
f 1881/2099 1877/2095 1878/2096 1882/2100 
f 1883/2101 1881/2099 1882/2100 1884/2102 
f 1881/2099 1883/2101 1885/2103 1886/2104 
f 1877/2095 1881/2099 1886/2104 1879/2097 
f 1887/2105 1883/2101 1884/2102 1888/2106 
f 1889/2107 1887/2105 1888/2106 1890/2108 
f 1887/2105 1889/2107 1891/2109 1892/2110 
f 1883/2101 1887/2105 1892/2110 1885/2103 
f 1893/2111 1889/2112 1890/2113 1894/2114 
f 1895/2115 1893/2111 1894/2114 1896/2116 
f 1893/2111 1895/2115 1897/2117 1898/2118 
f 1889/2112 1893/2111 1898/2118 1891/2119 
f 1899/2120 1895/2115 1896/2116 1900/2121 
f 1901/2122 1899/2120 1900/2121 1902/2123 
f 1899/2120 1901/2122 1903/2124 1904/2125 
f 1895/2115 1899/2120 1904/2125 1897/2117 
f 1905/2126 1901/2122 1902/2123 1906/2127 
f 1907/2128 1905/2126 1906/2127 1908/2129 
f 1905/2126 1907/2128 1909/2130 1910/2131 
f 1901/2122 1905/2126 1910/2131 1903/2124 
f 1911/2132 1907/2133 1908/2134 1912/2135 
f 1913/2136 1911/2132 1912/2135 1914/2137 
f 1911/2132 1913/2136 1915/2138 1916/2139 
f 1907/2133 1911/2132 1916/2139 1909/2140 
f 1917/2141 1913/2136 1914/2137 1918/2142 
f 1919/2143 1917/2141 1918/2142 1920/2144 
f 1917/2141 1919/2143 1921/2145 1922/2146 
f 1913/2136 1917/2141 1922/2146 1915/2138 
f 1923/2147 1919/2143 1920/2144 1924/2148 
f 1925/2149 1923/2147 1924/2148 1926/2150 
f 1923/2147 1925/2149 1927/2151 1928/2152 
f 1919/2143 1923/2147 1928/2152 1921/2145 
f 1929/2153 1925/2149 1926/2150 1930/2154 
f 1931/2155 1929/2153 1930/2154 1932/2156 
f 1929/2153 1931/2155 1933/2157 1934/2158 
f 1925/2149 1929/2153 1934/2158 1927/2151 
f 1935/2159 1931/2155 1932/2156 1936/2160 
f 1937/2161 1935/2159 1936/2160 1938/2162 
f 1935/2159 1937/2161 1939/2163 1940/2164 
f 1931/2155 1935/2159 1940/2164 1933/2157 
f 1941/2165 1937/2161 1938/2162 1942/2166 
f 1943/2167 1941/2165 1942/2166 1944/2168 
f 1941/2165 1943/2167 1945/2169 1946/2170 
f 1937/2161 1941/2165 1946/2170 1939/2163 
f 1947/2171 1948/2172 1949/2173 1950/2174 
f 1951/2175 1947/2171 1950/2174 1952/2176 
f 1947/2171 1951/2175 1953/2177 1954/2178 
f 1948/2172 1947/2171 1954/2178 1955/2179 
f 1956/2180 1951/2175 1952/2176 1957/2181 
f 1958/2182 1956/2180 1957/2181 1959/2183 
f 1956/2180 1958/2182 1960/2184 1961/2185 
f 1951/2175 1956/2180 1961/2185 1953/2177 
f 1962/2186 1958/2182 1959/2183 1963/2187 
f 1964/2188 1962/2186 1963/2187 1965/2189 
f 1962/2186 1964/2188 1966/2190 1967/2191 
f 1958/2182 1962/2186 1967/2191 1960/2184 
f 1968/2192 1964/2188 1965/2189 1969/2193 
f 1970/2194 1968/2192 1969/2193 1971/2195 
f 1968/2192 1970/2194 1972/2196 1973/2197 
f 1964/2188 1968/2192 1973/2197 1966/2190 
f 1974/2198 1970/2194 1971/2195 1975/2199 
f 1976/2200 1974/2198 1975/2199 1977/2201 
f 1974/2198 1976/2200 1978/2202 1979/2203 
f 1970/2194 1974/2198 1979/2203 1972/2196 
f 1980/2204 1976/2200 1977/2201 1981/2205 
f 1982/2206 1980/2204 1981/2205 1983/2207 
f 1980/2204 1982/2206 1984/2208 1985/2209 
f 1976/2200 1980/2204 1985/2209 1978/2202 
f 1986/2210 1982/2206 1983/2207 1987/2211 
f 1988/2212 1986/2210 1987/2211 1989/2213 
f 1986/2210 1988/2212 1990/2214 1991/2215 
f 1982/2206 1986/2210 1991/2215 1984/2208 
f 1992/2216 1988/2212 1989/2213 1993/2217 
f 1994/2218 1992/2216 1993/2217 1995/2219 
f 1992/2216 1994/2218 1996/2220 1997/2221 
f 1988/2212 1992/2216 1997/2221 1990/2214 
f 1998/2222 1994/2223 1995/2224 1999/2225 
f 2000/2226 1998/2222 1999/2225 2001/2227 
f 1998/2222 2000/2226 2002/2228 2003/2229 
f 1994/2223 1998/2222 2003/2229 1996/2230 
f 2004/2231 2000/2226 2001/2227 2005/2232 
f 2006/2233 2004/2231 2005/2232 2007/2234 
f 2004/2231 2006/2233 2008/2235 2009/2236 
f 2000/2226 2004/2231 2009/2236 2002/2228 
f 2010/2237 2006/2233 2007/2234 2011/2238 
f 2012/2239 2010/2237 2011/2238 2013/2240 
f 2010/2237 2012/2239 2014/2241 2015/2242 
f 2006/2233 2010/2237 2015/2242 2008/2235 
f 2016/2243 2012/2239 2013/2240 2017/2244 
f 2018/2245 2016/2243 2017/2244 2019/2246 
f 2016/2243 2018/2245 2020/2247 2021/2248 
f 2012/2239 2016/2243 2021/2248 2014/2241 
f 2022/2249 2018/2245 2019/2246 2023/2250 
f 2024/2251 2022/2249 2023/2250 2025/2252 
f 2022/2249 2024/2251 2026/2253 2027/2254 
f 2018/2245 2022/2249 2027/2254 2020/2247 
f 2028/2255 2024/2251 2025/2252 2029/2256 
f 2030/2257 2028/2255 2029/2256 2031/2258 
f 2028/2255 2030/2257 2032/2259 2033/2260 
f 2024/2251 2028/2255 2033/2260 2026/2253 
f 2034/2261 2030/2257 2031/2258 2035/2262 
f 2036/2263 2034/2261 2035/2262 2037/2264 
f 2034/2261 2036/2263 2038/2265 2039/2266 
f 2030/2257 2034/2261 2039/2266 2032/2259 
f 2040/2267 2036/2263 2037/2264 2041/2268 
f 2042/2269 2040/2267 2041/2268 2043/2270 
f 2040/2267 2042/2269 2044/2271 2045/2272 
f 2036/2263 2040/2267 2045/2272 2038/2265 
f 2046/2273 2042/2269 2043/2270 2047/2274 
f 2048/2275 2046/2273 2047/2274 2049/2276 
f 2046/2273 2048/2275 2050/2277 2051/2278 
f 2042/2269 2046/2273 2051/2278 2044/2271 
f 2052/2279 2048/2275 2049/2276 2053/2280 
f 2054/2281 2052/2279 2053/2280 2055/2282 
f 2052/2279 2054/2281 2056/2283 2057/2284 
f 2048/2275 2052/2279 2057/2284 2050/2277 
f 2058/2285 2054/2281 2055/2282 2059/2286 
f 2060/2287 2058/2285 2059/2286 2061/2288 
f 2058/2285 2060/2287 2062/2289 2063/2290 
f 2054/2281 2058/2285 2063/2290 2056/2283 
f 2064/2291 2060/2287 2061/2288 2065/2292 
f 2066/2293 2064/2291 2065/2292 2067/2294 
f 2064/2291 2066/2293 2068/2295 2069/2296 
f 2060/2287 2064/2291 2069/2296 2062/2289 
f 2070/2297 2066/2293 2067/2294 2071/2298 
f 2072/2299 2070/2297 2071/2298 2073/2300 
f 2070/2297 2072/2299 2068/2295 2066/2293 
f 2074/2301 2075/2302 1703/1915 1702/1914 
f 2076/2303 2074/2301 1702/1914 1701/1913 
f 2074/2301 2076/2303 2077/2304 2078/2305 
f 2075/2302 2074/2301 2078/2305 2079/2306 
f 2080/2307 2081/2308 2082/2309 2083/2310 
f 1705/1917 2080/2307 2083/2310 1706/1918 
f 2080/2307 1705/1917 1712/1924 2084/2311 
f 2081/2308 2080/2307 2084/2311 2085/2312 
f 2086/2313 2087/2314 2088/2315 2089/2316 
f 1714/1926 2086/2313 2089/2316 1715/1927 
f 2086/2313 1714/1926 1721/1933 2090/2317 
f 2087/2314 2086/2313 2090/2317 2091/2318 
f 2092/2319 2093/2320 1730/1942 1729/1941 
f 2094/2321 2092/2319 1729/1941 1728/1940 
f 2092/2319 2094/2321 2095/2322 2096/2323 
f 2093/2320 2092/2319 2096/2323 2097/2324 
f 2098/2325 2094/2321 1728/1940 1736/1948 
f 2099/2326 2098/2325 1736/1948 1735/1947 
f 2098/2325 2099/2326 2100/2327 2101/2328 
f 2094/2321 2098/2325 2101/2328 2095/2322 
f 2102/2329 2099/2326 1735/1947 1742/1954 
f 2103/2330 2102/2329 1742/1954 1741/1953 
f 2102/2329 2103/2330 2104/2331 2105/2332 
f 2099/2326 2102/2329 2105/2332 2100/2327 
f 2106/2333 2103/2330 1741/1953 1748/1960 
f 2107/2334 2106/2333 1748/1960 1747/1959 
f 2106/2333 2107/2334 2108/2335 2109/2336 
f 2103/2330 2106/2333 2109/2336 2104/2331 
f 2110/2337 2107/2334 1747/1959 1754/1966 
f 2111/2338 2110/2337 1754/1966 1753/1965 
f 2110/2337 2111/2338 2112/2339 2113/2340 
f 2107/2334 2110/2337 2113/2340 2108/2335 
f 2114/2341 2111/2338 1753/1965 1760/1972 
f 2115/2342 2114/2341 1760/1972 1759/1971 
f 2114/2341 2115/2342 2116/2343 2117/2344 
f 2111/2338 2114/2341 2117/2344 2112/2339 
f 2118/2345 2115/2342 1759/1971 1766/1978 
f 2119/2346 2118/2345 1766/1978 1765/1977 
f 2118/2345 2119/2346 2120/2347 2121/2348 
f 2115/2342 2118/2345 2121/2348 2116/2343 
f 2122/2349 2119/2346 1765/1977 1772/1984 
f 2123/2350 2122/2349 1772/1984 1771/1983 
f 2122/2349 2123/2350 2124/2351 2125/2352 
f 2119/2346 2122/2349 2125/2352 2120/2347 
f 2126/2353 2123/2350 1771/1983 1778/1990 
f 2127/2354 2126/2353 1778/1990 1777/1989 
f 2126/2353 2127/2354 2128/2355 2129/2356 
f 2123/2350 2126/2353 2129/2356 2124/2351 
f 2130/2357 2127/2354 1777/1989 1784/1996 
f 2131/2358 2130/2357 1784/1996 1783/1995 
f 2130/2357 2131/2358 2132/2359 2133/2360 
f 2127/2354 2130/2357 2133/2360 2128/2355 
f 2134/2361 2131/2358 1783/1995 1790/2002 
f 2135/2362 2134/2361 1790/2002 1789/2001 
f 2134/2361 2135/2362 2136/2363 2137/2364 
f 2131/2358 2134/2361 2137/2364 2132/2359 
f 2138/2365 2135/2362 1789/2001 1796/2008 
f 2139/2366 2138/2365 1796/2008 1795/2007 
f 2138/2365 2139/2366 2140/2367 2141/2368 
f 2135/2362 2138/2365 2141/2368 2136/2363 
f 2142/2369 2139/2366 1795/2007 1802/2014 
f 2143/2370 2142/2369 1802/2014 1801/2013 
f 2142/2369 2143/2370 2144/2371 2145/2372 
f 2139/2366 2142/2369 2145/2372 2140/2367 
f 2146/2373 2143/2370 1801/2013 1808/2020 
f 2147/2374 2146/2373 1808/2020 1807/2019 
f 2146/2373 2147/2374 2148/2375 2149/2376 
f 2143/2370 2146/2373 2149/2376 2144/2371 
f 2150/2377 2147/2374 1807/2019 1814/2026 
f 2151/2378 2150/2377 1814/2026 1813/2025 
f 2150/2377 2151/2378 2152/2379 2153/2380 
f 2147/2374 2150/2377 2153/2380 2148/2375 
f 2154/2381 2151/2378 1813/2025 1820/2032 
f 2155/2382 2154/2381 1820/2032 1819/2031 
f 2154/2381 2155/2382 2156/2383 2157/2384 
f 2151/2378 2154/2381 2157/2384 2152/2379 
f 2158/2385 2155/2382 1819/2031 1826/2038 
f 2159/2386 2158/2385 1826/2038 1825/2037 
f 2158/2385 2159/2386 2160/2387 2161/2388 
f 2155/2382 2158/2385 2161/2388 2156/2383 
f 2162/2389 2159/2386 1825/2037 1832/2044 
f 2163/2390 2162/2389 1832/2044 1831/2043 
f 2162/2389 2163/2390 2164/2391 2165/2392 
f 2159/2386 2162/2389 2165/2392 2160/2387 
f 2166/2393 2163/2390 1831/2043 1838/2050 
f 2167/2394 2166/2393 1838/2050 1837/2049 
f 2166/2393 2167/2394 2168/2395 2169/2396 
f 2163/2390 2166/2393 2169/2396 2164/2391 
f 2170/2397 2167/2394 1837/2049 1844/2056 
f 2171/2398 2170/2397 1844/2056 1843/2055 
f 2170/2397 2171/2398 2172/2399 2173/2400 
f 2167/2394 2170/2397 2173/2400 2168/2395 
f 2174/2401 2171/2402 1843/2065 1850/2064 
f 2175/2403 2174/2401 1850/2064 1849/2063 
f 2174/2401 2175/2403 2176/2404 2177/2405 
f 2171/2402 2174/2401 2177/2405 2172/2406 
f 2178/2407 2175/2408 1849/2074 1856/2073 
f 2179/2409 2178/2407 1856/2073 1855/2072 
f 2178/2407 2179/2409 2180/2410 2181/2411 
f 2175/2408 2178/2407 2181/2411 2176/2412 
f 2182/2413 2179/2409 1855/2072 1862/2080 
f 2183/2414 2182/2413 1862/2080 1861/2079 
f 2182/2413 2183/2414 2184/2415 2185/2416 
f 2179/2409 2182/2413 2185/2416 2180/2410 
f 2186/2417 2183/2414 1861/2079 1868/2086 
f 2187/2418 2186/2417 1868/2086 1867/2085 
f 2186/2417 2187/2418 2188/2419 2189/2420 
f 2183/2414 2186/2417 2189/2420 2184/2415 
f 2190/2421 2187/2418 1867/2085 1874/2092 
f 2191/2422 2190/2421 1874/2092 1873/2091 
f 2190/2421 2191/2422 2192/2423 2193/2424 
f 2187/2418 2190/2421 2193/2424 2188/2419 
f 2194/2425 2191/2422 1873/2091 1880/2098 
f 2195/2426 2194/2425 1880/2098 1879/2097 
f 2194/2425 2195/2426 2196/2427 2197/2428 
f 2191/2422 2194/2425 2197/2428 2192/2423 
f 2198/2429 2195/2426 1879/2097 1886/2104 
f 2199/2430 2198/2429 1886/2104 1885/2103 
f 2198/2429 2199/2430 2200/2431 2201/2432 
f 2195/2426 2198/2429 2201/2432 2196/2427 
f 2202/2433 2199/2430 1885/2103 1892/2110 
f 2203/2434 2202/2433 1892/2110 1891/2109 
f 2202/2433 2203/2434 2204/2435 2205/2436 
f 2199/2430 2202/2433 2205/2436 2200/2431 
f 2206/2437 2203/2438 1891/2119 1898/2118 
f 2207/2439 2206/2437 1898/2118 1897/2117 
f 2206/2437 2207/2439 2208/2440 2209/2441 
f 2203/2438 2206/2437 2209/2441 2204/2442 
f 2210/2443 2207/2439 1897/2117 1904/2125 
f 2211/2444 2210/2443 1904/2125 1903/2124 
f 2210/2443 2211/2444 2212/2445 2213/2446 
f 2207/2439 2210/2443 2213/2446 2208/2440 
f 2214/2447 2211/2444 1903/2124 1910/2131 
f 2215/2448 2214/2447 1910/2131 1909/2130 
f 2214/2447 2215/2448 2216/2449 2217/2450 
f 2211/2444 2214/2447 2217/2450 2212/2445 
f 2218/2451 2215/2452 1909/2140 1916/2139 
f 2219/2453 2218/2451 1916/2139 1915/2138 
f 2218/2451 2219/2453 2220/2454 2221/2455 
f 2215/2452 2218/2451 2221/2455 2216/2456 
f 2222/2457 2219/2453 1915/2138 1922/2146 
f 2223/2458 2222/2457 1922/2146 1921/2145 
f 2222/2457 2223/2458 2224/2459 2225/2460 
f 2219/2453 2222/2457 2225/2460 2220/2454 
f 2226/2461 2223/2458 1921/2145 1928/2152 
f 2227/2462 2226/2461 1928/2152 1927/2151 
f 2226/2461 2227/2462 2228/2463 2229/2464 
f 2223/2458 2226/2461 2229/2464 2224/2459 
f 2230/2465 2227/2462 1927/2151 1934/2158 
f 2231/2466 2230/2465 1934/2158 1933/2157 
f 2230/2465 2231/2466 2232/2467 2233/2468 
f 2227/2462 2230/2465 2233/2468 2228/2463 
f 2234/2469 2231/2466 1933/2157 1940/2164 
f 2235/2470 2234/2469 1940/2164 1939/2163 
f 2234/2469 2235/2470 2236/2471 2237/2472 
f 2231/2466 2234/2469 2237/2472 2232/2467 
f 2238/2473 2235/2470 1939/2163 1946/2170 
f 2239/2474 2238/2473 1946/2170 1945/2169 
f 2238/2473 2239/2474 2240/2475 2241/2476 
f 2235/2470 2238/2473 2241/2476 2236/2471 
f 2242/2477 2243/2478 1955/2179 1954/2178 
f 2244/2479 2242/2477 1954/2178 1953/2177 
f 2242/2477 2244/2479 2245/2480 2246/2481 
f 2243/2478 2242/2477 2246/2481 2247/2482 
f 2248/2483 2244/2479 1953/2177 1961/2185 
f 2249/2484 2248/2483 1961/2185 1960/2184 
f 2248/2483 2249/2484 2250/2485 2251/2486 
f 2244/2479 2248/2483 2251/2486 2245/2480 
f 2252/2487 2249/2484 1960/2184 1967/2191 
f 2253/2488 2252/2487 1967/2191 1966/2190 
f 2252/2487 2253/2488 2254/2489 2255/2490 
f 2249/2484 2252/2487 2255/2490 2250/2485 
f 2256/2491 2253/2488 1966/2190 1973/2197 
f 2257/2492 2256/2491 1973/2197 1972/2196 
f 2256/2491 2257/2492 2258/2493 2259/2494 
f 2253/2488 2256/2491 2259/2494 2254/2489 
f 2260/2495 2257/2492 1972/2196 1979/2203 
f 2261/2496 2260/2495 1979/2203 1978/2202 
f 2260/2495 2261/2496 2262/2497 2263/2498 
f 2257/2492 2260/2495 2263/2498 2258/2493 
f 2264/2499 2261/2496 1978/2202 1985/2209 
f 2265/2500 2264/2499 1985/2209 1984/2208 
f 2264/2499 2265/2500 2266/2501 2267/2502 
f 2261/2496 2264/2499 2267/2502 2262/2497 
f 2268/2503 2265/2500 1984/2208 1991/2215 
f 2269/2504 2268/2503 1991/2215 1990/2214 
f 2268/2503 2269/2504 2270/2505 2271/2506 
f 2265/2500 2268/2503 2271/2506 2266/2501 
f 2272/2507 2269/2504 1990/2214 1997/2221 
f 2273/2508 2272/2507 1997/2221 1996/2220 
f 2272/2507 2273/2508 2274/2509 2275/2510 
f 2269/2504 2272/2507 2275/2510 2270/2505 
f 2276/2511 2273/2512 1996/2230 2003/2229 
f 2277/2513 2276/2511 2003/2229 2002/2228 
f 2276/2511 2277/2513 2278/2514 2279/2515 
f 2273/2512 2276/2511 2279/2515 2274/2516 
f 2280/2517 2277/2513 2002/2228 2009/2236 
f 2281/2518 2280/2517 2009/2236 2008/2235 
f 2280/2517 2281/2518 2282/2519 2283/2520 
f 2277/2513 2280/2517 2283/2520 2278/2514 
f 2284/2521 2281/2518 2008/2235 2015/2242 
f 2285/2522 2284/2521 2015/2242 2014/2241 
f 2284/2521 2285/2522 2286/2523 2287/2524 
f 2281/2518 2284/2521 2287/2524 2282/2519 
f 2288/2525 2285/2522 2014/2241 2021/2248 
f 2289/2526 2288/2525 2021/2248 2020/2247 
f 2288/2525 2289/2526 2290/2527 2291/2528 
f 2285/2522 2288/2525 2291/2528 2286/2523 
f 2292/2529 2289/2526 2020/2247 2027/2254 
f 2293/2530 2292/2529 2027/2254 2026/2253 
f 2292/2529 2293/2530 2294/2531 2295/2532 
f 2289/2526 2292/2529 2295/2532 2290/2527 
f 2296/2533 2293/2530 2026/2253 2033/2260 
f 2297/2534 2296/2533 2033/2260 2032/2259 
f 2296/2533 2297/2534 2298/2535 2299/2536 
f 2293/2530 2296/2533 2299/2536 2294/2531 
f 2300/2537 2297/2534 2032/2259 2039/2266 
f 2301/2538 2300/2537 2039/2266 2038/2265 
f 2300/2537 2301/2538 2302/2539 2303/2540 
f 2297/2534 2300/2537 2303/2540 2298/2535 
f 2304/2541 2301/2538 2038/2265 2045/2272 
f 2305/2542 2304/2541 2045/2272 2044/2271 
f 2304/2541 2305/2542 2306/2543 2307/2544 
f 2301/2538 2304/2541 2307/2544 2302/2539 
f 2308/2545 2305/2542 2044/2271 2051/2278 
f 2309/2546 2308/2545 2051/2278 2050/2277 
f 2308/2545 2309/2546 2310/2547 2311/2548 
f 2305/2542 2308/2545 2311/2548 2306/2543 
f 2312/2549 2309/2546 2050/2277 2057/2284 
f 2313/2550 2312/2549 2057/2284 2056/2283 
f 2312/2549 2313/2550 2314/2551 2315/2552 
f 2309/2546 2312/2549 2315/2552 2310/2547 
f 2316/2553 2313/2550 2056/2283 2063/2290 
f 2317/2554 2316/2553 2063/2290 2062/2289 
f 2316/2553 2317/2554 2318/2555 2319/2556 
f 2313/2550 2316/2553 2319/2556 2314/2551 
f 2320/2557 2317/2554 2062/2289 2069/2296 
f 2321/2558 2320/2557 2069/2296 2068/2295 
f 2320/2557 2321/2558 2322/2559 2323/2560 
f 2317/2554 2320/2557 2323/2560 2318/2555 
f 2324/2561 2321/2558 2068/2295 2072/2299 
f 2325/2562 2324/2561 2072/2299 2073/2300 
f 2324/2561 2325/2562 2322/2559 2321/2558 
f 2326/2563 2327/2564 2079/2306 2078/2305 
f 2328/2565 2326/2563 2078/2305 2077/2304 
f 2326/2563 2328/2565 2329/2566 2330/2567 
f 2327/2564 2326/2563 2330/2567 2331/2568 
f 2332/2569 2333/2570 2334/2571 2335/2572 
f 2081/2308 2332/2569 2335/2572 2082/2309 
f 2332/2569 2081/2308 2085/2312 2336/2573 
f 2333/2570 2332/2569 2336/2573 2337/2574 
f 2338/2575 2339/2576 2340/2577 2341/2578 
f 2087/2314 2338/2575 2341/2578 2088/2315 
f 2338/2575 2087/2314 2091/2318 2342/2579 
f 2339/2576 2338/2575 2342/2579 2343/2580 
f 2344/2581 2345/2582 2097/2324 2096/2323 
f 2346/2583 2344/2581 2096/2323 2095/2322 
f 2344/2581 2346/2583 2347/2584 2348/2585 
f 2345/2582 2344/2581 2348/2585 2349/2586 
f 2350/2587 2346/2583 2095/2322 2101/2328 
f 2351/2588 2350/2587 2101/2328 2100/2327 
f 2350/2587 2351/2588 2352/2589 2353/2590 
f 2346/2583 2350/2587 2353/2590 2347/2584 
f 2354/2591 2351/2588 2100/2327 2105/2332 
f 2355/2592 2354/2591 2105/2332 2104/2331 
f 2354/2591 2355/2592 2356/2593 2357/2594 
f 2351/2588 2354/2591 2357/2594 2352/2589 
f 2358/2595 2355/2592 2104/2331 2109/2336 
f 2359/2596 2358/2595 2109/2336 2108/2335 
f 2358/2595 2359/2596 2360/2597 2361/2598 
f 2355/2592 2358/2595 2361/2598 2356/2593 
f 2362/2599 2359/2596 2108/2335 2113/2340 
f 2363/2600 2362/2599 2113/2340 2112/2339 
f 2362/2599 2363/2600 2364/2601 2365/2602 
f 2359/2596 2362/2599 2365/2602 2360/2597 
f 2366/2603 2363/2600 2112/2339 2117/2344 
f 2367/2604 2366/2603 2117/2344 2116/2343 
f 2366/2603 2367/2604 2368/2605 2369/2606 
f 2363/2600 2366/2603 2369/2606 2364/2601 
f 2370/2607 2367/2604 2116/2343 2121/2348 
f 2371/2608 2370/2607 2121/2348 2120/2347 
f 2370/2607 2371/2608 2372/2609 2373/2610 
f 2367/2604 2370/2607 2373/2610 2368/2605 
f 2374/2611 2371/2608 2120/2347 2125/2352 
f 2375/2612 2374/2611 2125/2352 2124/2351 
f 2374/2611 2375/2612 2376/2613 2377/2614 
f 2371/2608 2374/2611 2377/2614 2372/2609 
f 2378/2615 2375/2612 2124/2351 2129/2356 
f 2379/2616 2378/2615 2129/2356 2128/2355 
f 2378/2615 2379/2616 2380/2617 2381/2618 
f 2375/2612 2378/2615 2381/2618 2376/2613 
f 2382/2619 2379/2616 2128/2355 2133/2360 
f 2383/2620 2382/2619 2133/2360 2132/2359 
f 2382/2619 2383/2620 2384/2621 2385/2622 
f 2379/2616 2382/2619 2385/2622 2380/2617 
f 2386/2623 2383/2620 2132/2359 2137/2364 
f 2387/2624 2386/2623 2137/2364 2136/2363 
f 2386/2623 2387/2624 2388/2625 2389/2626 
f 2383/2620 2386/2623 2389/2626 2384/2621 
f 2390/2627 2387/2624 2136/2363 2141/2368 
f 2391/2628 2390/2627 2141/2368 2140/2367 
f 2390/2627 2391/2628 2392/2629 2393/2630 
f 2387/2624 2390/2627 2393/2630 2388/2625 
f 2394/2631 2391/2628 2140/2367 2145/2372 
f 2395/2632 2394/2631 2145/2372 2144/2371 
f 2394/2631 2395/2632 2396/2633 2397/2634 
f 2391/2628 2394/2631 2397/2634 2392/2629 
f 2398/2635 2395/2632 2144/2371 2149/2376 
f 2399/2636 2398/2635 2149/2376 2148/2375 
f 2398/2635 2399/2636 2400/2637 2401/2638 
f 2395/2632 2398/2635 2401/2638 2396/2633 
f 2402/2639 2399/2636 2148/2375 2153/2380 
f 2403/2640 2402/2639 2153/2380 2152/2379 
f 2402/2639 2403/2640 2404/2641 2405/2642 
f 2399/2636 2402/2639 2405/2642 2400/2637 
f 2406/2643 2403/2640 2152/2379 2157/2384 
f 2407/2644 2406/2643 2157/2384 2156/2383 
f 2406/2643 2407/2644 2408/2645 2409/2646 
f 2403/2640 2406/2643 2409/2646 2404/2641 
f 2410/2647 2407/2644 2156/2383 2161/2388 
f 2411/2648 2410/2647 2161/2388 2160/2387 
f 2410/2647 2411/2648 2412/2649 2413/2650 
f 2407/2644 2410/2647 2413/2650 2408/2645 
f 2414/2651 2411/2648 2160/2387 2165/2392 
f 2415/2652 2414/2651 2165/2392 2164/2391 
f 2414/2651 2415/2652 2416/2653 2417/2654 
f 2411/2648 2414/2651 2417/2654 2412/2649 
f 2418/2655 2415/2652 2164/2391 2169/2396 
f 2419/2656 2418/2655 2169/2396 2168/2395 
f 2418/2655 2419/2656 2420/2657 2421/2658 
f 2415/2652 2418/2655 2421/2658 2416/2653 
f 2422/2659 2419/2656 2168/2395 2173/2400 
f 2423/2660 2422/2659 2173/2400 2172/2399 
f 2422/2659 2423/2660 2424/2661 2425/2662 
f 2419/2656 2422/2659 2425/2662 2420/2657 
f 2426/2663 2423/2664 2172/2406 2177/2405 
f 2427/2665 2426/2663 2177/2405 2176/2404 
f 2426/2663 2427/2665 2428/2666 2429/2667 
f 2423/2664 2426/2663 2429/2667 2424/2668 
f 2430/2669 2427/2670 2176/2412 2181/2411 
f 2431/2671 2430/2669 2181/2411 2180/2410 
f 2430/2669 2431/2671 2432/2672 2433/2673 
f 2427/2670 2430/2669 2433/2673 2428/2674 
f 2434/2675 2431/2671 2180/2410 2185/2416 
f 2435/2676 2434/2675 2185/2416 2184/2415 
f 2434/2675 2435/2676 2436/2677 2437/2678 
f 2431/2671 2434/2675 2437/2678 2432/2672 
f 2438/2679 2435/2676 2184/2415 2189/2420 
f 2439/2680 2438/2679 2189/2420 2188/2419 
f 2438/2679 2439/2680 2440/2681 2441/2682 
f 2435/2676 2438/2679 2441/2682 2436/2677 
f 2442/2683 2439/2680 2188/2419 2193/2424 
f 2443/2684 2442/2683 2193/2424 2192/2423 
f 2442/2683 2443/2684 2444/2685 2445/2686 
f 2439/2680 2442/2683 2445/2686 2440/2681 
f 2446/2687 2443/2684 2192/2423 2197/2428 
f 2447/2688 2446/2687 2197/2428 2196/2427 
f 2446/2687 2447/2688 2448/2689 2449/2690 
f 2443/2684 2446/2687 2449/2690 2444/2685 
f 2450/2691 2447/2688 2196/2427 2201/2432 
f 2451/2692 2450/2691 2201/2432 2200/2431 
f 2450/2691 2451/2692 2452/2693 2453/2694 
f 2447/2688 2450/2691 2453/2694 2448/2689 
f 2454/2695 2451/2692 2200/2431 2205/2436 
f 2455/2696 2454/2695 2205/2436 2204/2435 
f 2454/2695 2455/2696 2456/2697 2457/2698 
f 2451/2692 2454/2695 2457/2698 2452/2693 
f 2458/2699 2455/2700 2204/2442 2209/2441 
f 2459/2701 2458/2699 2209/2441 2208/2440 
f 2458/2699 2459/2701 2460/2702 2461/2703 
f 2455/2700 2458/2699 2461/2703 2456/2704 
f 2462/2705 2459/2701 2208/2440 2213/2446 
f 2463/2706 2462/2705 2213/2446 2212/2445 
f 2462/2705 2463/2706 2464/2707 2465/2708 
f 2459/2701 2462/2705 2465/2708 2460/2702 
f 2466/2709 2463/2706 2212/2445 2217/2450 
f 2467/2710 2466/2709 2217/2450 2216/2449 
f 2466/2709 2467/2710 2468/2711 2469/2712 
f 2463/2706 2466/2709 2469/2712 2464/2707 
f 2470/2713 2467/2714 2216/2456 2221/2455 
f 2471/2715 2470/2713 2221/2455 2220/2454 
f 2470/2713 2471/2715 2472/2716 2473/2717 
f 2467/2714 2470/2713 2473/2717 2468/2718 
f 2474/2719 2471/2715 2220/2454 2225/2460 
f 2475/2720 2474/2719 2225/2460 2224/2459 
f 2474/2719 2475/2720 2476/2721 2477/2722 
f 2471/2715 2474/2719 2477/2722 2472/2716 
f 2478/2723 2475/2720 2224/2459 2229/2464 
f 2479/2724 2478/2723 2229/2464 2228/2463 
f 2478/2723 2479/2724 2480/2725 2481/2726 
f 2475/2720 2478/2723 2481/2726 2476/2721 
f 2482/2727 2479/2724 2228/2463 2233/2468 
f 2483/2728 2482/2727 2233/2468 2232/2467 
f 2482/2727 2483/2728 2484/2729 2485/2730 
f 2479/2724 2482/2727 2485/2730 2480/2725 
f 2486/2731 2483/2728 2232/2467 2237/2472 
f 2487/2732 2486/2731 2237/2472 2236/2471 
f 2486/2731 2487/2732 2488/2733 2489/2734 
f 2483/2728 2486/2731 2489/2734 2484/2729 
f 2490/2735 2487/2732 2236/2471 2241/2476 
f 2491/2736 2490/2735 2241/2476 2240/2475 
f 2490/2735 2491/2736 2492/2737 2493/2738 
f 2487/2732 2490/2735 2493/2738 2488/2733 
f 2494/2739 2495/2740 2247/2482 2246/2481 
f 2496/2741 2494/2739 2246/2481 2245/2480 
f 2494/2739 2496/2741 2497/2742 2498/2743 
f 2495/2740 2494/2739 2498/2743 2499/2744 
f 2500/2745 2496/2741 2245/2480 2251/2486 
f 2501/2746 2500/2745 2251/2486 2250/2485 
f 2500/2745 2501/2746 2502/2747 2503/2748 
f 2496/2741 2500/2745 2503/2748 2497/2742 
f 2504/2749 2501/2746 2250/2485 2255/2490 
f 2505/2750 2504/2749 2255/2490 2254/2489 
f 2504/2749 2505/2750 2506/2751 2507/2752 
f 2501/2746 2504/2749 2507/2752 2502/2747 
f 2508/2753 2505/2750 2254/2489 2259/2494 
f 2509/2754 2508/2753 2259/2494 2258/2493 
f 2508/2753 2509/2754 2510/2755 2511/2756 
f 2505/2750 2508/2753 2511/2756 2506/2751 
f 2512/2757 2509/2754 2258/2493 2263/2498 
f 2513/2758 2512/2757 2263/2498 2262/2497 
f 2512/2757 2513/2758 2514/2759 2515/2760 
f 2509/2754 2512/2757 2515/2760 2510/2755 
f 2516/2761 2513/2758 2262/2497 2267/2502 
f 2517/2762 2516/2761 2267/2502 2266/2501 
f 2516/2761 2517/2762 2518/2763 2519/2764 
f 2513/2758 2516/2761 2519/2764 2514/2759 
f 2520/2765 2517/2762 2266/2501 2271/2506 
f 2521/2766 2520/2765 2271/2506 2270/2505 
f 2520/2765 2521/2766 2522/2767 2523/2768 
f 2517/2762 2520/2765 2523/2768 2518/2763 
f 2524/2769 2521/2766 2270/2505 2275/2510 
f 2525/2770 2524/2769 2275/2510 2274/2509 
f 2524/2769 2525/2770 2526/2771 2527/2772 
f 2521/2766 2524/2769 2527/2772 2522/2767 
f 2528/2773 2525/2774 2274/2516 2279/2515 
f 2529/2775 2528/2773 2279/2515 2278/2514 
f 2528/2773 2529/2775 2530/2776 2531/2777 
f 2525/2774 2528/2773 2531/2777 2526/2778 
f 2532/2779 2529/2775 2278/2514 2283/2520 
f 2533/2780 2532/2779 2283/2520 2282/2519 
f 2532/2779 2533/2780 2534/2781 2535/2782 
f 2529/2775 2532/2779 2535/2782 2530/2776 
f 2536/2783 2533/2780 2282/2519 2287/2524 
f 2537/2784 2536/2783 2287/2524 2286/2523 
f 2536/2783 2537/2784 2538/2785 2539/2786 
f 2533/2780 2536/2783 2539/2786 2534/2781 
f 2540/2787 2537/2784 2286/2523 2291/2528 
f 2541/2788 2540/2787 2291/2528 2290/2527 
f 2540/2787 2541/2788 2542/2789 2543/2790 
f 2537/2784 2540/2787 2543/2790 2538/2785 
f 2544/2791 2541/2788 2290/2527 2295/2532 
f 2545/2792 2544/2791 2295/2532 2294/2531 
f 2544/2791 2545/2792 2546/2793 2547/2794 
f 2541/2788 2544/2791 2547/2794 2542/2789 
f 2548/2795 2545/2792 2294/2531 2299/2536 
f 2549/2796 2548/2795 2299/2536 2298/2535 
f 2548/2795 2549/2796 2550/2797 2551/2798 
f 2545/2792 2548/2795 2551/2798 2546/2793 
f 2552/2799 2549/2796 2298/2535 2303/2540 
f 2553/2800 2552/2799 2303/2540 2302/2539 
f 2552/2799 2553/2800 2554/2801 2555/2802 
f 2549/2796 2552/2799 2555/2802 2550/2797 
f 2556/2803 2553/2800 2302/2539 2307/2544 
f 2557/2804 2556/2803 2307/2544 2306/2543 
f 2556/2803 2557/2804 2558/2805 2559/2806 
f 2553/2800 2556/2803 2559/2806 2554/2801 
f 2560/2807 2557/2804 2306/2543 2311/2548 
f 2561/2808 2560/2807 2311/2548 2310/2547 
f 2560/2807 2561/2808 2562/2809 2563/2810 
f 2557/2804 2560/2807 2563/2810 2558/2805 
f 2564/2811 2561/2808 2310/2547 2315/2552 
f 2565/2812 2564/2811 2315/2552 2314/2551 
f 2564/2811 2565/2812 2566/2813 2567/2814 
f 2561/2808 2564/2811 2567/2814 2562/2809 
f 2568/2815 2565/2812 2314/2551 2319/2556 
f 2569/2816 2568/2815 2319/2556 2318/2555 
f 2568/2815 2569/2816 2570/2817 2571/2818 
f 2565/2812 2568/2815 2571/2818 2566/2813 
f 2572/2819 2569/2816 2318/2555 2323/2560 
f 2573/2820 2572/2819 2323/2560 2322/2559 
f 2572/2819 2573/2820 2574/2821 2575/2822 
f 2569/2816 2572/2819 2575/2822 2570/2817 
f 2576/2823 2573/2820 2322/2559 2325/2562 
f 2577/2824 2576/2823 2325/2562 2073/2300 
f 2576/2823 2577/2824 2574/2821 2573/2820 
f 2578/2825 2579/2826 2331/2568 2330/2567 
f 2580/2827 2578/2825 2330/2567 2329/2566 
f 2578/2825 2580/2827 2581/2828 2582/2829 
f 2579/2826 2578/2825 2582/2829 2583/2830 
f 2584/2831 2585/2832 2586/2833 2587/2834 
f 2333/2570 2584/2831 2587/2834 2334/2571 
f 2584/2831 2333/2570 2337/2574 2588/2835 
f 2585/2832 2584/2831 2588/2835 2589/2836 
f 2590/2837 2591/2838 2592/2839 2593/2840 
f 2339/2576 2590/2837 2593/2840 2340/2577 
f 2590/2837 2339/2576 2343/2580 2594/2841 
f 2591/2838 2590/2837 2594/2841 2595/2842 
f 2596/2843 2597/2844 2349/2586 2348/2585 
f 2598/2845 2596/2843 2348/2585 2347/2584 
f 2596/2843 2598/2845 2599/2846 2600/2847 
f 2597/2844 2596/2843 2600/2847 2601/2848 
f 2602/2849 2598/2845 2347/2584 2353/2590 
f 2603/2850 2602/2849 2353/2590 2352/2589 
f 2602/2849 2603/2850 2604/2851 2605/2852 
f 2598/2845 2602/2849 2605/2852 2599/2846 
f 2606/2853 2603/2850 2352/2589 2357/2594 
f 2607/2854 2606/2853 2357/2594 2356/2593 
f 2606/2853 2607/2854 2608/2855 2609/2856 
f 2603/2850 2606/2853 2609/2856 2604/2851 
f 2610/2857 2607/2854 2356/2593 2361/2598 
f 2611/2858 2610/2857 2361/2598 2360/2597 
f 2610/2857 2611/2858 2612/2859 2613/2860 
f 2607/2854 2610/2857 2613/2860 2608/2855 
f 2614/2861 2611/2858 2360/2597 2365/2602 
f 2615/2862 2614/2861 2365/2602 2364/2601 
f 2614/2861 2615/2862 2616/2863 2617/2864 
f 2611/2858 2614/2861 2617/2864 2612/2859 
f 2618/2865 2615/2862 2364/2601 2369/2606 
f 2619/2866 2618/2865 2369/2606 2368/2605 
f 2618/2865 2619/2866 2620/2867 2621/2868 
f 2615/2862 2618/2865 2621/2868 2616/2863 
f 2622/2869 2619/2866 2368/2605 2373/2610 
f 2623/2870 2622/2869 2373/2610 2372/2609 
f 2622/2869 2623/2870 2624/2871 2625/2872 
f 2619/2866 2622/2869 2625/2872 2620/2867 
f 2626/2873 2623/2870 2372/2609 2377/2614 
f 2627/2874 2626/2873 2377/2614 2376/2613 
f 2626/2873 2627/2874 2628/2875 2629/2876 
f 2623/2870 2626/2873 2629/2876 2624/2871 
f 2630/2877 2627/2874 2376/2613 2381/2618 
f 2631/2878 2630/2877 2381/2618 2380/2617 
f 2630/2877 2631/2878 2632/2879 2633/2880 
f 2627/2874 2630/2877 2633/2880 2628/2875 
f 2634/2881 2631/2878 2380/2617 2385/2622 
f 2635/2882 2634/2881 2385/2622 2384/2621 
f 2634/2881 2635/2882 2636/2883 2637/2884 
f 2631/2878 2634/2881 2637/2884 2632/2879 
f 2638/2885 2635/2882 2384/2621 2389/2626 
f 2639/2886 2638/2885 2389/2626 2388/2625 
f 2638/2885 2639/2886 2640/2887 2641/2888 
f 2635/2882 2638/2885 2641/2888 2636/2883 
f 2642/2889 2639/2886 2388/2625 2393/2630 
f 2643/2890 2642/2889 2393/2630 2392/2629 
f 2642/2889 2643/2890 2644/2891 2645/2892 
f 2639/2886 2642/2889 2645/2892 2640/2887 
f 2646/2893 2643/2890 2392/2629 2397/2634 
f 2647/2894 2646/2893 2397/2634 2396/2633 
f 2646/2893 2647/2894 2648/2895 2649/2896 
f 2643/2890 2646/2893 2649/2896 2644/2891 
f 2650/2897 2647/2894 2396/2633 2401/2638 
f 2651/2898 2650/2897 2401/2638 2400/2637 
f 2650/2897 2651/2898 2652/2899 2653/2900 
f 2647/2894 2650/2897 2653/2900 2648/2895 
f 2654/2901 2651/2898 2400/2637 2405/2642 
f 2655/2902 2654/2901 2405/2642 2404/2641 
f 2654/2901 2655/2902 2656/2903 2657/2904 
f 2651/2898 2654/2901 2657/2904 2652/2899 
f 2658/2905 2655/2902 2404/2641 2409/2646 
f 2659/2906 2658/2905 2409/2646 2408/2645 
f 2658/2905 2659/2906 2660/2907 2661/2908 
f 2655/2902 2658/2905 2661/2908 2656/2903 
f 2662/2909 2659/2906 2408/2645 2413/2650 
f 2663/2910 2662/2909 2413/2650 2412/2649 
f 2662/2909 2663/2910 2664/2911 2665/2912 
f 2659/2906 2662/2909 2665/2912 2660/2907 
f 2666/2913 2663/2910 2412/2649 2417/2654 
f 2667/2914 2666/2913 2417/2654 2416/2653 
f 2666/2913 2667/2914 2668/2915 2669/2916 
f 2663/2910 2666/2913 2669/2916 2664/2911 
f 2670/2917 2667/2914 2416/2653 2421/2658 
f 2671/2918 2670/2917 2421/2658 2420/2657 
f 2670/2917 2671/2918 2672/2919 2673/2920 
f 2667/2914 2670/2917 2673/2920 2668/2915 
f 2674/2921 2671/2918 2420/2657 2425/2662 
f 2675/2922 2674/2921 2425/2662 2424/2661 
f 2674/2921 2675/2922 2676/2923 2677/2924 
f 2671/2918 2674/2921 2677/2924 2672/2919 
f 2678/2925 2675/2926 2424/2668 2429/2667 
f 2679/2927 2678/2925 2429/2667 2428/2666 
f 2678/2925 2679/2927 2680/2928 2681/2929 
f 2675/2926 2678/2925 2681/2929 2676/2930 
f 2682/2931 2679/2932 2428/2674 2433/2673 
f 2683/2933 2682/2931 2433/2673 2432/2672 
f 2682/2931 2683/2933 2684/2934 2685/2935 
f 2679/2932 2682/2931 2685/2935 2680/2936 
f 2686/2937 2683/2933 2432/2672 2437/2678 
f 2687/2938 2686/2937 2437/2678 2436/2677 
f 2686/2937 2687/2938 2688/2939 2689/2940 
f 2683/2933 2686/2937 2689/2940 2684/2934 
f 2690/2941 2687/2938 2436/2677 2441/2682 
f 2691/2942 2690/2941 2441/2682 2440/2681 
f 2690/2941 2691/2942 2692/2943 2693/2944 
f 2687/2938 2690/2941 2693/2944 2688/2939 
f 2694/2945 2691/2942 2440/2681 2445/2686 
f 2695/2946 2694/2945 2445/2686 2444/2685 
f 2694/2945 2695/2946 2696/2947 2697/2948 
f 2691/2942 2694/2945 2697/2948 2692/2943 
f 2698/2949 2695/2946 2444/2685 2449/2690 
f 2699/2950 2698/2949 2449/2690 2448/2689 
f 2698/2949 2699/2950 2700/2951 2701/2952 
f 2695/2946 2698/2949 2701/2952 2696/2947 
f 2702/2953 2699/2950 2448/2689 2453/2694 
f 2703/2954 2702/2953 2453/2694 2452/2693 
f 2702/2953 2703/2954 2704/2955 2705/2956 
f 2699/2950 2702/2953 2705/2956 2700/2951 
f 2706/2957 2703/2954 2452/2693 2457/2698 
f 2707/2958 2706/2957 2457/2698 2456/2697 
f 2706/2957 2707/2958 2708/2959 2709/2960 
f 2703/2954 2706/2957 2709/2960 2704/2955 
f 2710/2961 2707/2962 2456/2704 2461/2703 
f 2711/2963 2710/2961 2461/2703 2460/2702 
f 2710/2961 2711/2963 2712/2964 2713/2965 
f 2707/2962 2710/2961 2713/2965 2708/2966 
f 2714/2967 2711/2963 2460/2702 2465/2708 
f 2715/2968 2714/2967 2465/2708 2464/2707 
f 2714/2967 2715/2968 2716/2969 2717/2970 
f 2711/2963 2714/2967 2717/2970 2712/2964 
f 2718/2971 2715/2968 2464/2707 2469/2712 
f 2719/2972 2718/2971 2469/2712 2468/2711 
f 2718/2971 2719/2972 2720/2973 2721/2974 
f 2715/2968 2718/2971 2721/2974 2716/2969 
f 2722/2975 2719/2976 2468/2718 2473/2717 
f 2723/2977 2722/2975 2473/2717 2472/2716 
f 2722/2975 2723/2977 2724/2978 2725/2979 
f 2719/2976 2722/2975 2725/2979 2720/2980 
f 2726/2981 2723/2977 2472/2716 2477/2722 
f 2727/2982 2726/2981 2477/2722 2476/2721 
f 2726/2981 2727/2982 2728/2983 2729/2984 
f 2723/2977 2726/2981 2729/2984 2724/2978 
f 2730/2985 2727/2982 2476/2721 2481/2726 
f 2731/2986 2730/2985 2481/2726 2480/2725 
f 2730/2985 2731/2986 2732/2987 2733/2988 
f 2727/2982 2730/2985 2733/2988 2728/2983 
f 2734/2989 2731/2986 2480/2725 2485/2730 
f 2735/2990 2734/2989 2485/2730 2484/2729 
f 2734/2989 2735/2990 2736/2991 2737/2992 
f 2731/2986 2734/2989 2737/2992 2732/2987 
f 2738/2993 2735/2990 2484/2729 2489/2734 
f 2739/2994 2738/2993 2489/2734 2488/2733 
f 2738/2993 2739/2994 2740/2995 2741/2996 
f 2735/2990 2738/2993 2741/2996 2736/2991 
f 2742/2997 2739/2994 2488/2733 2493/2738 
f 2743/2998 2742/2997 2493/2738 2492/2737 
f 2742/2997 2743/2998 2744/2999 2745/3000 
f 2739/2994 2742/2997 2745/3000 2740/2995 
f 2746/3001 2747/3002 2499/2744 2498/2743 
f 2748/3003 2746/3001 2498/2743 2497/2742 
f 2746/3001 2748/3003 2749/3004 2750/3005 
f 2747/3002 2746/3001 2750/3005 2751/3006 
f 2752/3007 2748/3003 2497/2742 2503/2748 
f 2753/3008 2752/3007 2503/2748 2502/2747 
f 2752/3007 2753/3008 2754/3009 2755/3010 
f 2748/3003 2752/3007 2755/3010 2749/3004 
f 2756/3011 2753/3008 2502/2747 2507/2752 
f 2757/3012 2756/3011 2507/2752 2506/2751 
f 2756/3011 2757/3012 2758/3013 2759/3014 
f 2753/3008 2756/3011 2759/3014 2754/3009 
f 2760/3015 2757/3012 2506/2751 2511/2756 
f 2761/3016 2760/3015 2511/2756 2510/2755 
f 2760/3015 2761/3016 2762/3017 2763/3018 
f 2757/3012 2760/3015 2763/3018 2758/3013 
f 2764/3019 2761/3016 2510/2755 2515/2760 
f 2765/3020 2764/3019 2515/2760 2514/2759 
f 2764/3019 2765/3020 2766/3021 2767/3022 
f 2761/3016 2764/3019 2767/3022 2762/3017 
f 2768/3023 2765/3020 2514/2759 2519/2764 
f 2769/3024 2768/3023 2519/2764 2518/2763 
f 2768/3023 2769/3024 2770/3025 2771/3026 
f 2765/3020 2768/3023 2771/3026 2766/3021 
f 2772/3027 2769/3024 2518/2763 2523/2768 
f 2773/3028 2772/3027 2523/2768 2522/2767 
f 2772/3027 2773/3028 2774/3029 2775/3030 
f 2769/3024 2772/3027 2775/3030 2770/3025 
f 2776/3031 2773/3028 2522/2767 2527/2772 
f 2777/3032 2776/3031 2527/2772 2526/2771 
f 2776/3031 2777/3032 2778/3033 2779/3034 
f 2773/3028 2776/3031 2779/3034 2774/3029 
f 2780/3035 2777/3036 2526/2778 2531/2777 
f 2781/3037 2780/3035 2531/2777 2530/2776 
f 2780/3035 2781/3037 2782/3038 2783/3039 
f 2777/3036 2780/3035 2783/3039 2778/3040 
f 2784/3041 2781/3037 2530/2776 2535/2782 
f 2785/3042 2784/3041 2535/2782 2534/2781 
f 2784/3041 2785/3042 2786/3043 2787/3044 
f 2781/3037 2784/3041 2787/3044 2782/3038 
f 2788/3045 2785/3042 2534/2781 2539/2786 
f 2789/3046 2788/3045 2539/2786 2538/2785 
f 2788/3045 2789/3046 2790/3047 2791/3048 
f 2785/3042 2788/3045 2791/3048 2786/3043 
f 2792/3049 2789/3046 2538/2785 2543/2790 
f 2793/3050 2792/3049 2543/2790 2542/2789 
f 2792/3049 2793/3050 2794/3051 2795/3052 
f 2789/3046 2792/3049 2795/3052 2790/3047 
f 2796/3053 2793/3050 2542/2789 2547/2794 
f 2797/3054 2796/3053 2547/2794 2546/2793 
f 2796/3053 2797/3054 2798/3055 2799/3056 
f 2793/3050 2796/3053 2799/3056 2794/3051 
f 2800/3057 2797/3054 2546/2793 2551/2798 
f 2801/3058 2800/3057 2551/2798 2550/2797 
f 2800/3057 2801/3058 2802/3059 2803/3060 
f 2797/3054 2800/3057 2803/3060 2798/3055 
f 2804/3061 2801/3058 2550/2797 2555/2802 
f 2805/3062 2804/3061 2555/2802 2554/2801 
f 2804/3061 2805/3062 2806/3063 2807/3064 
f 2801/3058 2804/3061 2807/3064 2802/3059 
f 2808/3065 2805/3062 2554/2801 2559/2806 
f 2809/3066 2808/3065 2559/2806 2558/2805 
f 2808/3065 2809/3066 2810/3067 2811/3068 
f 2805/3062 2808/3065 2811/3068 2806/3063 
f 2812/3069 2809/3066 2558/2805 2563/2810 
f 2813/3070 2812/3069 2563/2810 2562/2809 
f 2812/3069 2813/3070 2814/3071 2815/3072 
f 2809/3066 2812/3069 2815/3072 2810/3067 
f 2816/3073 2813/3070 2562/2809 2567/2814 
f 2817/3074 2816/3073 2567/2814 2566/2813 
f 2816/3073 2817/3074 2818/3075 2819/3076 
f 2813/3070 2816/3073 2819/3076 2814/3071 
f 2820/3077 2817/3074 2566/2813 2571/2818 
f 2821/3078 2820/3077 2571/2818 2570/2817 
f 2820/3077 2821/3078 2822/3079 2823/3080 
f 2817/3074 2820/3077 2823/3080 2818/3075 
f 2824/3081 2821/3078 2570/2817 2575/2822 
f 2825/3082 2824/3081 2575/2822 2574/2821 
f 2824/3081 2825/3082 2826/3083 2827/3084 
f 2821/3078 2824/3081 2827/3084 2822/3079 
f 2828/3085 2825/3082 2574/2821 2577/2824 
f 2829/3086 2828/3085 2577/2824 2073/2300 
f 2828/3085 2829/3086 2826/3083 2825/3082 
f 2830/3087 2831/3088 2583/2830 2582/2829 
f 2832/3089 2830/3087 2582/2829 2581/2828 
f 2830/3087 2832/3089 2833/3090 2834/3091 
f 2831/3088 2830/3087 2834/3091 2835/3092 
f 2836/3093 2837/3094 2838/3095 2839/3096 
f 2585/2832 2836/3093 2839/3096 2586/2833 
f 2836/3093 2585/2832 2589/2836 2840/3097 
f 2837/3094 2836/3093 2840/3097 2841/3098 
f 2842/3099 2843/3100 2844/3101 2845/3102 
f 2591/2838 2842/3099 2845/3102 2592/2839 
f 2842/3099 2591/2838 2595/2842 2846/3103 
f 2843/3100 2842/3099 2846/3103 2847/3104 
f 2848/3105 2849/3106 2601/2848 2600/2847 
f 2850/3107 2848/3105 2600/2847 2599/2846 
f 2848/3105 2850/3107 2851/3108 2852/3109 
f 2849/3106 2848/3105 2852/3109 2853/3110 
f 2854/3111 2850/3107 2599/2846 2605/2852 
f 2855/3112 2854/3111 2605/2852 2604/2851 
f 2854/3111 2855/3112 2856/3113 2857/3114 
f 2850/3107 2854/3111 2857/3114 2851/3108 
f 2858/3115 2855/3112 2604/2851 2609/2856 
f 2859/3116 2858/3115 2609/2856 2608/2855 
f 2858/3115 2859/3116 2860/3117 2861/3118 
f 2855/3112 2858/3115 2861/3118 2856/3113 
f 2862/3119 2859/3116 2608/2855 2613/2860 
f 2863/3120 2862/3119 2613/2860 2612/2859 
f 2862/3119 2863/3120 2864/3121 2865/3122 
f 2859/3116 2862/3119 2865/3122 2860/3117 
f 2866/3123 2863/3120 2612/2859 2617/2864 
f 2867/3124 2866/3123 2617/2864 2616/2863 
f 2866/3123 2867/3124 2868/3125 2869/3126 
f 2863/3120 2866/3123 2869/3126 2864/3121 
f 2870/3127 2867/3124 2616/2863 2621/2868 
f 2871/3128 2870/3127 2621/2868 2620/2867 
f 2870/3127 2871/3128 2872/3129 2873/3130 
f 2867/3124 2870/3127 2873/3130 2868/3125 
f 2874/3131 2871/3128 2620/2867 2625/2872 
f 2875/3132 2874/3131 2625/2872 2624/2871 
f 2874/3131 2875/3132 2876/3133 2877/3134 
f 2871/3128 2874/3131 2877/3134 2872/3129 
f 2878/3135 2875/3132 2624/2871 2629/2876 
f 2879/3136 2878/3135 2629/2876 2628/2875 
f 2878/3135 2879/3136 2880/3137 2881/3138 
f 2875/3132 2878/3135 2881/3138 2876/3133 
f 2882/3139 2879/3136 2628/2875 2633/2880 
f 2883/3140 2882/3139 2633/2880 2632/2879 
f 2882/3139 2883/3140 2884/3141 2885/3142 
f 2879/3136 2882/3139 2885/3142 2880/3137 
f 2886/3143 2883/3140 2632/2879 2637/2884 
f 2887/3144 2886/3143 2637/2884 2636/2883 
f 2886/3143 2887/3144 2888/3145 2889/3146 
f 2883/3140 2886/3143 2889/3146 2884/3141 
f 2890/3147 2887/3144 2636/2883 2641/2888 
f 2891/3148 2890/3147 2641/2888 2640/2887 
f 2890/3147 2891/3148 2892/3149 2893/3150 
f 2887/3144 2890/3147 2893/3150 2888/3145 
f 2894/3151 2891/3148 2640/2887 2645/2892 
f 2895/3152 2894/3151 2645/2892 2644/2891 
f 2894/3151 2895/3152 2896/3153 2897/3154 
f 2891/3148 2894/3151 2897/3154 2892/3149 
f 2898/3155 2895/3152 2644/2891 2649/2896 
f 2899/3156 2898/3155 2649/2896 2648/2895 
f 2898/3155 2899/3156 2900/3157 2901/3158 
f 2895/3152 2898/3155 2901/3158 2896/3153 
f 2902/3159 2899/3156 2648/2895 2653/2900 
f 2903/3160 2902/3159 2653/2900 2652/2899 
f 2902/3159 2903/3160 2904/3161 2905/3162 
f 2899/3156 2902/3159 2905/3162 2900/3157 
f 2906/3163 2903/3160 2652/2899 2657/2904 
f 2907/3164 2906/3163 2657/2904 2656/2903 
f 2906/3163 2907/3164 2908/3165 2909/3166 
f 2903/3160 2906/3163 2909/3166 2904/3161 
f 2910/3167 2907/3164 2656/2903 2661/2908 
f 2911/3168 2910/3167 2661/2908 2660/2907 
f 2910/3167 2911/3168 2912/3169 2913/3170 
f 2907/3164 2910/3167 2913/3170 2908/3165 
f 2914/3171 2911/3168 2660/2907 2665/2912 
f 2915/3172 2914/3171 2665/2912 2664/2911 
f 2914/3171 2915/3172 2916/3173 2917/3174 
f 2911/3168 2914/3171 2917/3174 2912/3169 
f 2918/3175 2915/3172 2664/2911 2669/2916 
f 2919/3176 2918/3175 2669/2916 2668/2915 
f 2918/3175 2919/3176 2920/3177 2921/3178 
f 2915/3172 2918/3175 2921/3178 2916/3173 
f 2922/3179 2919/3176 2668/2915 2673/2920 
f 2923/3180 2922/3179 2673/2920 2672/2919 
f 2922/3179 2923/3180 2924/3181 2925/3182 
f 2919/3176 2922/3179 2925/3182 2920/3177 
f 2926/3183 2923/3180 2672/2919 2677/2924 
f 2927/3184 2926/3183 2677/2924 2676/2923 
f 2926/3183 2927/3184 2928/3185 2929/3186 
f 2923/3180 2926/3183 2929/3186 2924/3181 
f 2930/3187 2927/3188 2676/2930 2681/2929 
f 2931/3189 2930/3187 2681/2929 2680/2928 
f 2930/3187 2931/3189 2932/3190 2933/3191 
f 2927/3188 2930/3187 2933/3191 2928/3192 
f 2934/3193 2931/3194 2680/2936 2685/2935 
f 2935/3195 2934/3193 2685/2935 2684/2934 
f 2934/3193 2935/3195 2936/3196 2937/3197 
f 2931/3194 2934/3193 2937/3197 2932/3198 
f 2938/3199 2935/3195 2684/2934 2689/2940 
f 2939/3200 2938/3199 2689/2940 2688/2939 
f 2938/3199 2939/3200 2940/3201 2941/3202 
f 2935/3195 2938/3199 2941/3202 2936/3196 
f 2942/3203 2939/3200 2688/2939 2693/2944 
f 2943/3204 2942/3203 2693/2944 2692/2943 
f 2942/3203 2943/3204 2944/3205 2945/3206 
f 2939/3200 2942/3203 2945/3206 2940/3201 
f 2946/3207 2943/3204 2692/2943 2697/2948 
f 2947/3208 2946/3207 2697/2948 2696/2947 
f 2946/3207 2947/3208 2948/3209 2949/3210 
f 2943/3204 2946/3207 2949/3210 2944/3205 
f 2950/3211 2947/3208 2696/2947 2701/2952 
f 2951/3212 2950/3211 2701/2952 2700/2951 
f 2950/3211 2951/3212 2952/3213 2953/3214 
f 2947/3208 2950/3211 2953/3214 2948/3209 
f 2954/3215 2951/3212 2700/2951 2705/2956 
f 2955/3216 2954/3215 2705/2956 2704/2955 
f 2954/3215 2955/3216 2956/3217 2957/3218 
f 2951/3212 2954/3215 2957/3218 2952/3213 
f 2958/3219 2955/3216 2704/2955 2709/2960 
f 2959/3220 2958/3219 2709/2960 2708/2959 
f 2958/3219 2959/3220 2960/3221 2961/3222 
f 2955/3216 2958/3219 2961/3222 2956/3217 
f 2962/3223 2959/3224 2708/2966 2713/2965 
f 2963/3225 2962/3223 2713/2965 2712/2964 
f 2962/3223 2963/3225 2964/3226 2965/3227 
f 2959/3224 2962/3223 2965/3227 2960/3228 
f 2966/3229 2963/3225 2712/2964 2717/2970 
f 2967/3230 2966/3229 2717/2970 2716/2969 
f 2966/3229 2967/3230 2968/3231 2969/3232 
f 2963/3225 2966/3229 2969/3232 2964/3226 
f 2970/3233 2967/3230 2716/2969 2721/2974 
f 2971/3234 2970/3233 2721/2974 2720/2973 
f 2970/3233 2971/3234 2972/3235 2973/3236 
f 2967/3230 2970/3233 2973/3236 2968/3231 
f 2974/3237 2971/3238 2720/2980 2725/2979 
f 2975/3239 2974/3237 2725/2979 2724/2978 
f 2974/3237 2975/3239 2976/3240 2977/3241 
f 2971/3238 2974/3237 2977/3241 2972/3242 
f 2978/3243 2975/3239 2724/2978 2729/2984 
f 2979/3244 2978/3243 2729/2984 2728/2983 
f 2978/3243 2979/3244 2980/3245 2981/3246 
f 2975/3239 2978/3243 2981/3246 2976/3240 
f 2982/3247 2979/3244 2728/2983 2733/2988 
f 2983/3248 2982/3247 2733/2988 2732/2987 
f 2982/3247 2983/3248 2984/3249 2985/3250 
f 2979/3244 2982/3247 2985/3250 2980/3245 
f 2986/3251 2983/3248 2732/2987 2737/2992 
f 2987/3252 2986/3251 2737/2992 2736/2991 
f 2986/3251 2987/3252 2988/3253 2989/3254 
f 2983/3248 2986/3251 2989/3254 2984/3249 
f 2990/3255 2987/3252 2736/2991 2741/2996 
f 2991/3256 2990/3255 2741/2996 2740/2995 
f 2990/3255 2991/3256 2992/3257 2993/3258 
f 2987/3252 2990/3255 2993/3258 2988/3253 
f 2994/3259 2991/3256 2740/2995 2745/3000 
f 2995/3260 2994/3259 2745/3000 2744/2999 
f 2994/3259 2995/3260 2996/3261 2997/3262 
f 2991/3256 2994/3259 2997/3262 2992/3257 
f 2998/3263 2999/3264 2751/3006 2750/3005 
f 3000/3265 2998/3263 2750/3005 2749/3004 
f 2998/3263 3000/3265 3001/3266 3002/3267 
f 2999/3264 2998/3263 3002/3267 3003/3268 
f 3004/3269 3000/3265 2749/3004 2755/3010 
f 3005/3270 3004/3269 2755/3010 2754/3009 
f 3004/3269 3005/3270 3006/3271 3007/3272 
f 3000/3265 3004/3269 3007/3272 3001/3266 
f 3008/3273 3005/3270 2754/3009 2759/3014 
f 3009/3274 3008/3273 2759/3014 2758/3013 
f 3008/3273 3009/3274 3010/3275 3011/3276 
f 3005/3270 3008/3273 3011/3276 3006/3271 
f 3012/3277 3009/3274 2758/3013 2763/3018 
f 3013/3278 3012/3277 2763/3018 2762/3017 
f 3012/3277 3013/3278 3014/3279 3015/3280 
f 3009/3274 3012/3277 3015/3280 3010/3275 
f 3016/3281 3013/3278 2762/3017 2767/3022 
f 3017/3282 3016/3281 2767/3022 2766/3021 
f 3016/3281 3017/3282 3018/3283 3019/3284 
f 3013/3278 3016/3281 3019/3284 3014/3279 
f 3020/3285 3017/3282 2766/3021 2771/3026 
f 3021/3286 3020/3285 2771/3026 2770/3025 
f 3020/3285 3021/3286 3022/3287 3023/3288 
f 3017/3282 3020/3285 3023/3288 3018/3283 
f 3024/3289 3021/3286 2770/3025 2775/3030 
f 3025/3290 3024/3289 2775/3030 2774/3029 
f 3024/3289 3025/3290 3026/3291 3027/3292 
f 3021/3286 3024/3289 3027/3292 3022/3287 
f 3028/3293 3025/3290 2774/3029 2779/3034 
f 3029/3294 3028/3293 2779/3034 2778/3033 
f 3028/3293 3029/3294 3030/3295 3031/3296 
f 3025/3290 3028/3293 3031/3296 3026/3291 
f 3032/3297 3029/3298 2778/3040 2783/3039 
f 3033/3299 3032/3297 2783/3039 2782/3038 
f 3032/3297 3033/3299 3034/3300 3035/3301 
f 3029/3298 3032/3297 3035/3301 3030/3302 
f 3036/3303 3033/3299 2782/3038 2787/3044 
f 3037/3304 3036/3303 2787/3044 2786/3043 
f 3036/3303 3037/3304 3038/3305 3039/3306 
f 3033/3299 3036/3303 3039/3306 3034/3300 
f 3040/3307 3037/3304 2786/3043 2791/3048 
f 3041/3308 3040/3307 2791/3048 2790/3047 
f 3040/3307 3041/3308 3042/3309 3043/3310 
f 3037/3304 3040/3307 3043/3310 3038/3305 
f 3044/3311 3041/3308 2790/3047 2795/3052 
f 3045/3312 3044/3311 2795/3052 2794/3051 
f 3044/3311 3045/3312 3046/3313 3047/3314 
f 3041/3308 3044/3311 3047/3314 3042/3309 
f 3048/3315 3045/3312 2794/3051 2799/3056 
f 3049/3316 3048/3315 2799/3056 2798/3055 
f 3048/3315 3049/3316 3050/3317 3051/3318 
f 3045/3312 3048/3315 3051/3318 3046/3313 
f 3052/3319 3049/3316 2798/3055 2803/3060 
f 3053/3320 3052/3319 2803/3060 2802/3059 
f 3052/3319 3053/3320 3054/3321 3055/3322 
f 3049/3316 3052/3319 3055/3322 3050/3317 
f 3056/3323 3053/3320 2802/3059 2807/3064 
f 3057/3324 3056/3323 2807/3064 2806/3063 
f 3056/3323 3057/3324 3058/3325 3059/3326 
f 3053/3320 3056/3323 3059/3326 3054/3321 
f 3060/3327 3057/3324 2806/3063 2811/3068 
f 3061/3328 3060/3327 2811/3068 2810/3067 
f 3060/3327 3061/3328 3062/3329 3063/3330 
f 3057/3324 3060/3327 3063/3330 3058/3325 
f 3064/3331 3061/3328 2810/3067 2815/3072 
f 3065/3332 3064/3331 2815/3072 2814/3071 
f 3064/3331 3065/3332 3066/3333 3067/3334 
f 3061/3328 3064/3331 3067/3334 3062/3329 
f 3068/3335 3065/3332 2814/3071 2819/3076 
f 3069/3336 3068/3335 2819/3076 2818/3075 
f 3068/3335 3069/3336 3070/3337 3071/3338 
f 3065/3332 3068/3335 3071/3338 3066/3333 
f 3072/3339 3069/3336 2818/3075 2823/3080 
f 3073/3340 3072/3339 2823/3080 2822/3079 
f 3072/3339 3073/3340 3074/3341 3075/3342 
f 3069/3336 3072/3339 3075/3342 3070/3337 
f 3076/3343 3073/3340 2822/3079 2827/3084 
f 3077/3344 3076/3343 2827/3084 2826/3083 
f 3076/3343 3077/3344 3078/3345 3079/3346 
f 3073/3340 3076/3343 3079/3346 3074/3341 
f 3080/3347 3077/3344 2826/3083 2829/3086 
f 3081/3348 3080/3347 2829/3086 2073/2300 
f 3080/3347 3081/3348 3078/3345 3077/3344 
f 3082/3349 3083/3350 2835/3351 2834/3352 
f 3084/3353 3082/3349 2834/3352 2833/3354 
f 3082/3349 3084/3353 3085/3355 3086/3356 
f 3083/3350 3082/3349 3086/3356 3087/3357 
f 3088/3358 3089/3359 3090/3360 3091/3361 
f 2837/3094 3088/3358 3091/3361 2838/3095 
f 3088/3358 2837/3094 2841/3098 3092/3362 
f 3089/3359 3088/3358 3092/3362 3093/3363 
f 3094/3364 3095/3365 3096/3366 3097/3367 
f 2843/3100 3094/3364 3097/3367 2844/3101 
f 3094/3364 2843/3100 2847/3104 3098/3368 
f 3095/3365 3094/3364 3098/3368 3099/3369 
f 3100/3370 3101/3371 2853/3110 2852/3109 
f 3102/3372 3100/3370 2852/3109 2851/3108 
f 3100/3370 3102/3372 3103/3373 3104/3374 
f 3101/3371 3100/3370 3104/3374 3105/3375 
f 3106/3376 3102/3372 2851/3108 2857/3114 
f 3107/3377 3106/3376 2857/3114 2856/3113 
f 3106/3376 3107/3377 3108/3378 3109/3379 
f 3102/3372 3106/3376 3109/3379 3103/3373 
f 3110/3380 3107/3377 2856/3113 2861/3118 
f 3111/3381 3110/3380 2861/3118 2860/3117 
f 3110/3380 3111/3381 3112/3382 3113/3383 
f 3107/3377 3110/3380 3113/3383 3108/3378 
f 3114/3384 3111/3381 2860/3117 2865/3122 
f 3115/3385 3114/3384 2865/3122 2864/3121 
f 3114/3384 3115/3385 3116/3386 3117/3387 
f 3111/3381 3114/3384 3117/3387 3112/3382 
f 3118/3388 3115/3385 2864/3121 2869/3126 
f 3119/3389 3118/3388 2869/3126 2868/3125 
f 3118/3388 3119/3389 3120/3390 3121/3391 
f 3115/3385 3118/3388 3121/3391 3116/3386 
f 3122/3392 3119/3389 2868/3125 2873/3130 
f 3123/3393 3122/3392 2873/3130 2872/3129 
f 3122/3392 3123/3393 3124/3394 3125/3395 
f 3119/3389 3122/3392 3125/3395 3120/3390 
f 3126/3396 3123/3393 2872/3129 2877/3134 
f 3127/3397 3126/3396 2877/3134 2876/3133 
f 3126/3396 3127/3397 3128/3398 3129/3399 
f 3123/3393 3126/3396 3129/3399 3124/3394 
f 3130/3400 3127/3397 2876/3133 2881/3138 
f 3131/3401 3130/3400 2881/3138 2880/3137 
f 3130/3400 3131/3401 3132/3402 3133/3403 
f 3127/3397 3130/3400 3133/3403 3128/3398 
f 3134/3404 3131/3401 2880/3137 2885/3142 
f 3135/3405 3134/3404 2885/3142 2884/3141 
f 3134/3404 3135/3405 3136/3406 3137/3407 
f 3131/3401 3134/3404 3137/3407 3132/3402 
f 3138/3408 3135/3405 2884/3141 2889/3146 
f 3139/3409 3138/3408 2889/3146 2888/3145 
f 3138/3408 3139/3409 3140/3410 3141/3411 
f 3135/3405 3138/3408 3141/3411 3136/3406 
f 3142/3412 3139/3409 2888/3145 2893/3150 
f 3143/3413 3142/3412 2893/3150 2892/3149 
f 3142/3412 3143/3413 3144/3414 3145/3415 
f 3139/3409 3142/3412 3145/3415 3140/3410 
f 3146/3416 3143/3413 2892/3149 2897/3154 
f 3147/3417 3146/3416 2897/3154 2896/3153 
f 3146/3416 3147/3417 3148/3418 3149/3419 
f 3143/3413 3146/3416 3149/3419 3144/3414 
f 3150/3420 3147/3417 2896/3153 2901/3158 
f 3151/3421 3150/3420 2901/3158 2900/3157 
f 3150/3420 3151/3421 3152/3422 3153/3423 
f 3147/3417 3150/3420 3153/3423 3148/3418 
f 3154/3424 3151/3421 2900/3157 2905/3162 
f 3155/3425 3154/3424 2905/3162 2904/3161 
f 3154/3424 3155/3425 3156/3426 3157/3427 
f 3151/3421 3154/3424 3157/3427 3152/3422 
f 3158/3428 3155/3425 2904/3161 2909/3166 
f 3159/3429 3158/3428 2909/3166 2908/3165 
f 3158/3428 3159/3429 3160/3430 3161/3431 
f 3155/3425 3158/3428 3161/3431 3156/3426 
f 3162/3432 3159/3429 2908/3165 2913/3170 
f 3163/3433 3162/3432 2913/3170 2912/3169 
f 3162/3432 3163/3433 3164/3434 3165/3435 
f 3159/3429 3162/3432 3165/3435 3160/3430 
f 3166/3436 3163/3433 2912/3169 2917/3174 
f 3167/3437 3166/3436 2917/3174 2916/3173 
f 3166/3436 3167/3437 3168/3438 3169/3439 
f 3163/3433 3166/3436 3169/3439 3164/3434 
f 3170/3440 3167/3437 2916/3173 2921/3178 
f 3171/3441 3170/3440 2921/3178 2920/3177 
f 3170/3440 3171/3441 3172/3442 3173/3443 
f 3167/3437 3170/3440 3173/3443 3168/3438 
f 3174/3444 3171/3441 2920/3177 2925/3182 
f 3175/3445 3174/3444 2925/3182 2924/3181 
f 3174/3444 3175/3445 3176/3446 3177/3447 
f 3171/3441 3174/3444 3177/3447 3172/3442 
f 3178/3448 3175/3445 2924/3181 2929/3186 
f 3179/3449 3178/3448 2929/3186 2928/3185 
f 3178/3448 3179/3449 3180/3450 3181/3451 
f 3175/3445 3178/3448 3181/3451 3176/3446 
f 3182/3452 3179/3453 2928/3192 2933/3191 
f 3183/3454 3182/3452 2933/3191 2932/3190 
f 3182/3452 3183/3454 3184/3455 3185/3456 
f 3179/3453 3182/3452 3185/3456 3180/3457 
f 3186/3458 3183/3459 2932/3198 2937/3197 
f 3187/3460 3186/3458 2937/3197 2936/3196 
f 3186/3458 3187/3460 3188/3461 3189/3462 
f 3183/3459 3186/3458 3189/3462 3184/3463 
f 3190/3464 3187/3460 2936/3196 2941/3202 
f 3191/3465 3190/3464 2941/3202 2940/3201 
f 3190/3464 3191/3465 3192/3466 3193/3467 
f 3187/3460 3190/3464 3193/3467 3188/3461 
f 3194/3468 3191/3465 2940/3201 2945/3206 
f 3195/3469 3194/3468 2945/3206 2944/3205 
f 3194/3468 3195/3469 3196/3470 3197/3471 
f 3191/3465 3194/3468 3197/3471 3192/3466 
f 3198/3472 3195/3469 2944/3205 2949/3210 
f 3199/3473 3198/3472 2949/3210 2948/3209 
f 3198/3472 3199/3473 3200/3474 3201/3475 
f 3195/3469 3198/3472 3201/3475 3196/3470 
f 3202/3476 3199/3473 2948/3209 2953/3214 
f 3203/3477 3202/3476 2953/3214 2952/3213 
f 3202/3476 3203/3477 3204/3478 3205/3479 
f 3199/3473 3202/3476 3205/3479 3200/3474 
f 3206/3480 3203/3477 2952/3213 2957/3218 
f 3207/3481 3206/3480 2957/3218 2956/3217 
f 3206/3480 3207/3481 3208/3482 3209/3483 
f 3203/3477 3206/3480 3209/3483 3204/3478 
f 3210/3484 3207/3481 2956/3217 2961/3222 
f 3211/3485 3210/3484 2961/3222 2960/3221 
f 3210/3484 3211/3485 3212/3486 3213/3487 
f 3207/3481 3210/3484 3213/3487 3208/3482 
f 3214/3488 3211/3489 2960/3228 2965/3227 
f 3215/3490 3214/3488 2965/3227 2964/3226 
f 3214/3488 3215/3490 3216/3491 3217/3492 
f 3211/3489 3214/3488 3217/3492 3212/3493 
f 3218/3494 3215/3490 2964/3226 2969/3232 
f 3219/3495 3218/3494 2969/3232 2968/3231 
f 3218/3494 3219/3495 3220/3496 3221/3497 
f 3215/3490 3218/3494 3221/3497 3216/3491 
f 3222/3498 3219/3495 2968/3231 2973/3236 
f 3223/3499 3222/3498 2973/3236 2972/3235 
f 3222/3498 3223/3499 3224/3500 3225/3501 
f 3219/3495 3222/3498 3225/3501 3220/3496 
f 3226/3502 3223/3503 2972/3242 2977/3241 
f 3227/3504 3226/3502 2977/3241 2976/3240 
f 3226/3502 3227/3504 3228/3505 3229/3506 
f 3223/3503 3226/3502 3229/3506 3224/3507 
f 3230/3508 3227/3504 2976/3240 2981/3246 
f 3231/3509 3230/3508 2981/3246 2980/3245 
f 3230/3508 3231/3509 3232/3510 3233/3511 
f 3227/3504 3230/3508 3233/3511 3228/3505 
f 3234/3512 3231/3509 2980/3245 2985/3250 
f 3235/3513 3234/3512 2985/3250 2984/3249 
f 3234/3512 3235/3513 3236/3514 3237/3515 
f 3231/3509 3234/3512 3237/3515 3232/3510 
f 3238/3516 3235/3513 2984/3249 2989/3254 
f 3239/3517 3238/3516 2989/3254 2988/3253 
f 3238/3516 3239/3517 3240/3518 3241/3519 
f 3235/3513 3238/3516 3241/3519 3236/3514 
f 3242/3520 3239/3517 2988/3253 2993/3258 
f 3243/3521 3242/3520 2993/3258 2992/3257 
f 3242/3520 3243/3521 3244/3522 3245/3523 
f 3239/3517 3242/3520 3245/3523 3240/3518 
f 3246/3524 3243/3521 2992/3257 2997/3262 
f 3247/3525 3246/3524 2997/3262 2996/3261 
f 3246/3524 3247/3525 3248/3526 3249/3527 
f 3243/3521 3246/3524 3249/3527 3244/3522 
f 3250/3528 3251/3529 3003/3268 3002/3267 
f 3252/3530 3250/3528 3002/3267 3001/3266 
f 3250/3528 3252/3530 3253/3531 3254/3532 
f 3251/3529 3250/3528 3254/3532 3255/3533 
f 3256/3534 3252/3530 3001/3266 3007/3272 
f 3257/3535 3256/3534 3007/3272 3006/3271 
f 3256/3534 3257/3535 3258/3536 3259/3537 
f 3252/3530 3256/3534 3259/3537 3253/3531 
f 3260/3538 3257/3535 3006/3271 3011/3276 
f 3261/3539 3260/3538 3011/3276 3010/3275 
f 3260/3538 3261/3539 3262/3540 3263/3541 
f 3257/3535 3260/3538 3263/3541 3258/3536 
f 3264/3542 3261/3539 3010/3275 3015/3280 
f 3265/3543 3264/3542 3015/3280 3014/3279 
f 3264/3542 3265/3543 3266/3544 3267/3545 
f 3261/3539 3264/3542 3267/3545 3262/3540 
f 3268/3546 3265/3543 3014/3279 3019/3284 
f 3269/3547 3268/3546 3019/3284 3018/3283 
f 3268/3546 3269/3547 3270/3548 3271/3549 
f 3265/3543 3268/3546 3271/3549 3266/3544 
f 3272/3550 3269/3547 3018/3283 3023/3288 
f 3273/3551 3272/3550 3023/3288 3022/3287 
f 3272/3550 3273/3551 3274/3552 3275/3553 
f 3269/3547 3272/3550 3275/3553 3270/3548 
f 3276/3554 3273/3551 3022/3287 3027/3292 
f 3277/3555 3276/3554 3027/3292 3026/3291 
f 3276/3554 3277/3555 3278/3556 3279/3557 
f 3273/3551 3276/3554 3279/3557 3274/3552 
f 3280/3558 3277/3555 3026/3291 3031/3296 
f 3281/3559 3280/3558 3031/3296 3030/3295 
f 3280/3558 3281/3559 3282/3560 3283/3561 
f 3277/3555 3280/3558 3283/3561 3278/3556 
f 3284/3562 3281/3563 3030/3302 3035/3301 
f 3285/3564 3284/3562 3035/3301 3034/3300 
f 3284/3562 3285/3564 3286/3565 3287/3566 
f 3281/3563 3284/3562 3287/3566 3282/3567 
f 3288/3568 3285/3564 3034/3300 3039/3306 
f 3289/3569 3288/3568 3039/3306 3038/3305 
f 3288/3568 3289/3569 3290/3570 3291/3571 
f 3285/3564 3288/3568 3291/3571 3286/3565 
f 3292/3572 3289/3569 3038/3305 3043/3310 
f 3293/3573 3292/3572 3043/3310 3042/3309 
f 3292/3572 3293/3573 3294/3574 3295/3575 
f 3289/3569 3292/3572 3295/3575 3290/3570 
f 3296/3576 3293/3573 3042/3309 3047/3314 
f 3297/3577 3296/3576 3047/3314 3046/3313 
f 3296/3576 3297/3577 3298/3578 3299/3579 
f 3293/3573 3296/3576 3299/3579 3294/3574 
f 3300/3580 3297/3577 3046/3313 3051/3318 
f 3301/3581 3300/3580 3051/3318 3050/3317 
f 3300/3580 3301/3581 3302/3582 3303/3583 
f 3297/3577 3300/3580 3303/3583 3298/3578 
f 3304/3584 3301/3581 3050/3317 3055/3322 
f 3305/3585 3304/3584 3055/3322 3054/3321 
f 3304/3584 3305/3585 3306/3586 3307/3587 
f 3301/3581 3304/3584 3307/3587 3302/3582 
f 3308/3588 3305/3585 3054/3321 3059/3326 
f 3309/3589 3308/3588 3059/3326 3058/3325 
f 3308/3588 3309/3589 3310/3590 3311/3591 
f 3305/3585 3308/3588 3311/3591 3306/3586 
f 3312/3592 3309/3589 3058/3325 3063/3330 
f 3313/3593 3312/3592 3063/3330 3062/3329 
f 3312/3592 3313/3593 3314/3594 3315/3595 
f 3309/3589 3312/3592 3315/3595 3310/3590 
f 3316/3596 3313/3593 3062/3329 3067/3334 
f 3317/3597 3316/3596 3067/3334 3066/3333 
f 3316/3596 3317/3597 3318/3598 3319/3599 
f 3313/3593 3316/3596 3319/3599 3314/3594 
f 3320/3600 3317/3597 3066/3333 3071/3338 
f 3321/3601 3320/3600 3071/3338 3070/3337 
f 3320/3600 3321/3601 3322/3602 3323/3603 
f 3317/3597 3320/3600 3323/3603 3318/3598 
f 3324/3604 3321/3601 3070/3337 3075/3342 
f 3325/3605 3324/3604 3075/3342 3074/3341 
f 3324/3604 3325/3605 3326/3606 3327/3607 
f 3321/3601 3324/3604 3327/3607 3322/3602 
f 3328/3608 3325/3605 3074/3341 3079/3346 
f 3329/3609 3328/3608 3079/3346 3078/3345 
f 3328/3608 3329/3609 3330/3610 3331/3611 
f 3325/3605 3328/3608 3331/3611 3326/3606 
f 3332/3612 3329/3609 3078/3345 3081/3348 
f 3333/3613 3332/3612 3081/3348 2073/2300 
f 3332/3612 3333/3613 3330/3610 3329/3609 
f 3334/3614 3335/3615 3087/3357 3086/3356 
f 3336/3616 3334/3614 3086/3356 3085/3355 
f 3334/3614 3336/3616 3337/3617 3338/3618 
f 3335/3615 3334/3614 3338/3618 3339/3619 
f 3340/3620 3341/3621 3342/3622 3343/3623 
f 3089/3359 3340/3620 3343/3623 3090/3360 
f 3340/3620 3089/3359 3093/3363 3344/3624 
f 3341/3621 3340/3620 3344/3624 3345/3625 
f 3346/3626 3347/3627 3348/3628 3349/3629 
f 3095/3365 3346/3626 3349/3629 3096/3366 
f 3346/3626 3095/3365 3099/3369 3350/3630 
f 3347/3627 3346/3626 3350/3630 3351/3631 
f 3352/3632 3353/3633 3105/3375 3104/3374 
f 3354/3634 3352/3632 3104/3374 3103/3373 
f 3352/3632 3354/3634 3355/3635 3356/3636 
f 3353/3633 3352/3632 3356/3636 3357/3637 
f 3358/3638 3354/3634 3103/3373 3109/3379 
f 3359/3639 3358/3638 3109/3379 3108/3378 
f 3358/3638 3359/3639 3360/3640 3361/3641 
f 3354/3634 3358/3638 3361/3641 3355/3635 
f 3362/3642 3359/3639 3108/3378 3113/3383 
f 3363/3643 3362/3642 3113/3383 3112/3382 
f 3362/3642 3363/3643 3364/3644 3365/3645 
f 3359/3639 3362/3642 3365/3645 3360/3640 
f 3366/3646 3363/3643 3112/3382 3117/3387 
f 3367/3647 3366/3646 3117/3387 3116/3386 
f 3366/3646 3367/3647 3368/3648 3369/3649 
f 3363/3643 3366/3646 3369/3649 3364/3644 
f 3370/3650 3367/3647 3116/3386 3121/3391 
f 3371/3651 3370/3650 3121/3391 3120/3390 
f 3370/3650 3371/3651 3372/3652 3373/3653 
f 3367/3647 3370/3650 3373/3653 3368/3648 
f 3374/3654 3371/3651 3120/3390 3125/3395 
f 3375/3655 3374/3654 3125/3395 3124/3394 
f 3374/3654 3375/3655 3376/3656 3377/3657 
f 3371/3651 3374/3654 3377/3657 3372/3652 
f 3378/3658 3375/3655 3124/3394 3129/3399 
f 3379/3659 3378/3658 3129/3399 3128/3398 
f 3378/3658 3379/3659 3380/3660 3381/3661 
f 3375/3655 3378/3658 3381/3661 3376/3656 
f 3382/3662 3379/3659 3128/3398 3133/3403 
f 3383/3663 3382/3662 3133/3403 3132/3402 
f 3382/3662 3383/3663 3384/3664 3385/3665 
f 3379/3659 3382/3662 3385/3665 3380/3660 
f 3386/3666 3383/3663 3132/3402 3137/3407 
f 3387/3667 3386/3666 3137/3407 3136/3406 
f 3386/3666 3387/3667 3388/3668 3389/3669 
f 3383/3663 3386/3666 3389/3669 3384/3664 
f 3390/3670 3387/3667 3136/3406 3141/3411 
f 3391/3671 3390/3670 3141/3411 3140/3410 
f 3390/3670 3391/3671 3392/3672 3393/3673 
f 3387/3667 3390/3670 3393/3673 3388/3668 
f 3394/3674 3391/3671 3140/3410 3145/3415 
f 3395/3675 3394/3674 3145/3415 3144/3414 
f 3394/3674 3395/3675 3396/3676 3397/3677 
f 3391/3671 3394/3674 3397/3677 3392/3672 
f 3398/3678 3395/3675 3144/3414 3149/3419 
f 3399/3679 3398/3678 3149/3419 3148/3418 
f 3398/3678 3399/3679 3400/3680 3401/3681 
f 3395/3675 3398/3678 3401/3681 3396/3676 
f 3402/3682 3399/3679 3148/3418 3153/3423 
f 3403/3683 3402/3682 3153/3423 3152/3422 
f 3402/3682 3403/3683 3404/3684 3405/3685 
f 3399/3679 3402/3682 3405/3685 3400/3680 
f 3406/3686 3403/3683 3152/3422 3157/3427 
f 3407/3687 3406/3686 3157/3427 3156/3426 
f 3406/3686 3407/3687 3408/3688 3409/3689 
f 3403/3683 3406/3686 3409/3689 3404/3684 
f 3410/3690 3407/3687 3156/3426 3161/3431 
f 3411/3691 3410/3690 3161/3431 3160/3430 
f 3410/3690 3411/3691 3412/3692 3413/3693 
f 3407/3687 3410/3690 3413/3693 3408/3688 
f 3414/3694 3411/3691 3160/3430 3165/3435 
f 3415/3695 3414/3694 3165/3435 3164/3434 
f 3414/3694 3415/3695 3416/3696 3417/3697 
f 3411/3691 3414/3694 3417/3697 3412/3692 
f 3418/3698 3415/3695 3164/3434 3169/3439 
f 3419/3699 3418/3698 3169/3439 3168/3438 
f 3418/3698 3419/3699 3420/3700 3421/3701 
f 3415/3695 3418/3698 3421/3701 3416/3696 
f 3422/3702 3419/3699 3168/3438 3173/3443 
f 3423/3703 3422/3702 3173/3443 3172/3442 
f 3422/3702 3423/3703 3424/3704 3425/3705 
f 3419/3699 3422/3702 3425/3705 3420/3700 
f 3426/3706 3423/3703 3172/3442 3177/3447 
f 3427/3707 3426/3706 3177/3447 3176/3446 
f 3426/3706 3427/3707 3428/3708 3429/3709 
f 3423/3703 3426/3706 3429/3709 3424/3704 
f 3430/3710 3427/3707 3176/3446 3181/3451 
f 3431/3711 3430/3710 3181/3451 3180/3450 
f 3430/3710 3431/3711 3432/3712 3433/3713 
f 3427/3707 3430/3710 3433/3713 3428/3708 
f 3434/3714 3431/3715 3180/3457 3185/3456 
f 3435/3716 3434/3714 3185/3456 3184/3455 
f 3434/3714 3435/3716 3436/3717 3437/3718 
f 3431/3715 3434/3714 3437/3718 3432/3719 
f 3438/3720 3435/3721 3184/3463 3189/3462 
f 3439/3722 3438/3720 3189/3462 3188/3461 
f 3438/3720 3439/3722 3440/3723 3441/3724 
f 3435/3721 3438/3720 3441/3724 3436/3725 
f 3442/3726 3439/3722 3188/3461 3193/3467 
f 3443/3727 3442/3726 3193/3467 3192/3466 
f 3442/3726 3443/3727 3444/3728 3445/3729 
f 3439/3722 3442/3726 3445/3729 3440/3723 
f 3446/3730 3443/3727 3192/3466 3197/3471 
f 3447/3731 3446/3730 3197/3471 3196/3470 
f 3446/3730 3447/3731 3448/3732 3449/3733 
f 3443/3727 3446/3730 3449/3733 3444/3728 
f 3450/3734 3447/3731 3196/3470 3201/3475 
f 3451/3735 3450/3734 3201/3475 3200/3474 
f 3450/3734 3451/3735 3452/3736 3453/3737 
f 3447/3731 3450/3734 3453/3737 3448/3732 
f 3454/3738 3451/3735 3200/3474 3205/3479 
f 3455/3739 3454/3738 3205/3479 3204/3478 
f 3454/3738 3455/3739 3456/3740 3457/3741 
f 3451/3735 3454/3738 3457/3741 3452/3736 
f 3458/3742 3455/3739 3204/3478 3209/3483 
f 3459/3743 3458/3742 3209/3483 3208/3482 
f 3458/3742 3459/3743 3460/3744 3461/3745 
f 3455/3739 3458/3742 3461/3745 3456/3740 
f 3462/3746 3459/3743 3208/3482 3213/3487 
f 3463/3747 3462/3746 3213/3487 3212/3486 
f 3462/3746 3463/3747 3464/3748 3465/3749 
f 3459/3743 3462/3746 3465/3749 3460/3744 
f 3466/3750 3463/3751 3212/3493 3217/3492 
f 3467/3752 3466/3750 3217/3492 3216/3491 
f 3466/3750 3467/3752 3468/3753 3469/3754 
f 3463/3751 3466/3750 3469/3754 3464/3755 
f 3470/3756 3467/3752 3216/3491 3221/3497 
f 3471/3757 3470/3756 3221/3497 3220/3496 
f 3470/3756 3471/3757 3472/3758 3473/3759 
f 3467/3752 3470/3756 3473/3759 3468/3753 
f 3474/3760 3471/3757 3220/3496 3225/3501 
f 3475/3761 3474/3760 3225/3501 3224/3500 
f 3474/3760 3475/3761 3476/3762 3477/3763 
f 3471/3757 3474/3760 3477/3763 3472/3758 
f 3478/3764 3475/3765 3224/3507 3229/3506 
f 3479/3766 3478/3764 3229/3506 3228/3505 
f 3478/3764 3479/3766 3480/3767 3481/3768 
f 3475/3765 3478/3764 3481/3768 3476/3769 
f 3482/3770 3479/3766 3228/3505 3233/3511 
f 3483/3771 3482/3770 3233/3511 3232/3510 
f 3482/3770 3483/3771 3484/3772 3485/3773 
f 3479/3766 3482/3770 3485/3773 3480/3767 
f 3486/3774 3483/3771 3232/3510 3237/3515 
f 3487/3775 3486/3774 3237/3515 3236/3514 
f 3486/3774 3487/3775 3488/3776 3489/3777 
f 3483/3771 3486/3774 3489/3777 3484/3772 
f 3490/3778 3487/3775 3236/3514 3241/3519 
f 3491/3779 3490/3778 3241/3519 3240/3518 
f 3490/3778 3491/3779 3492/3780 3493/3781 
f 3487/3775 3490/3778 3493/3781 3488/3776 
f 3494/3782 3491/3779 3240/3518 3245/3523 
f 3495/3783 3494/3782 3245/3523 3244/3522 
f 3494/3782 3495/3783 3496/3784 3497/3785 
f 3491/3779 3494/3782 3497/3785 3492/3780 
f 3498/3786 3495/3783 3244/3522 3249/3527 
f 3499/3787 3498/3786 3249/3527 3248/3526 
f 3498/3786 3499/3787 3500/3788 3501/3789 
f 3495/3783 3498/3786 3501/3789 3496/3784 
f 3502/3790 3503/3791 3255/3533 3254/3532 
f 3504/3792 3502/3790 3254/3532 3253/3531 
f 3502/3790 3504/3792 3505/3793 3506/3794 
f 3503/3791 3502/3790 3506/3794 3507/3795 
f 3508/3796 3504/3792 3253/3531 3259/3537 
f 3509/3797 3508/3796 3259/3537 3258/3536 
f 3508/3796 3509/3797 3510/3798 3511/3799 
f 3504/3792 3508/3796 3511/3799 3505/3793 
f 3512/3800 3509/3797 3258/3536 3263/3541 
f 3513/3801 3512/3800 3263/3541 3262/3540 
f 3512/3800 3513/3801 3514/3802 3515/3803 
f 3509/3797 3512/3800 3515/3803 3510/3798 
f 3516/3804 3513/3801 3262/3540 3267/3545 
f 3517/3805 3516/3804 3267/3545 3266/3544 
f 3516/3804 3517/3805 3518/3806 3519/3807 
f 3513/3801 3516/3804 3519/3807 3514/3802 
f 3520/3808 3517/3805 3266/3544 3271/3549 
f 3521/3809 3520/3808 3271/3549 3270/3548 
f 3520/3808 3521/3809 3522/3810 3523/3811 
f 3517/3805 3520/3808 3523/3811 3518/3806 
f 3524/3812 3521/3809 3270/3548 3275/3553 
f 3525/3813 3524/3812 3275/3553 3274/3552 
f 3524/3812 3525/3813 3526/3814 3527/3815 
f 3521/3809 3524/3812 3527/3815 3522/3810 
f 3528/3816 3525/3813 3274/3552 3279/3557 
f 3529/3817 3528/3816 3279/3557 3278/3556 
f 3528/3816 3529/3817 3530/3818 3531/3819 
f 3525/3813 3528/3816 3531/3819 3526/3814 
f 3532/3820 3529/3817 3278/3556 3283/3561 
f 3533/3821 3532/3820 3283/3561 3282/3560 
f 3532/3820 3533/3821 3534/3822 3535/3823 
f 3529/3817 3532/3820 3535/3823 3530/3818 
f 3536/3824 3533/3825 3282/3567 3287/3566 
f 3537/3826 3536/3824 3287/3566 3286/3565 
f 3536/3824 3537/3826 3538/3827 3539/3828 
f 3533/3825 3536/3824 3539/3828 3534/3829 
f 3540/3830 3537/3826 3286/3565 3291/3571 
f 3541/3831 3540/3830 3291/3571 3290/3570 
f 3540/3830 3541/3831 3542/3832 3543/3833 
f 3537/3826 3540/3830 3543/3833 3538/3827 
f 3544/3834 3541/3831 3290/3570 3295/3575 
f 3545/3835 3544/3834 3295/3575 3294/3574 
f 3544/3834 3545/3835 3546/3836 3547/3837 
f 3541/3831 3544/3834 3547/3837 3542/3832 
f 3548/3838 3545/3835 3294/3574 3299/3579 
f 3549/3839 3548/3838 3299/3579 3298/3578 
f 3548/3838 3549/3839 3550/3840 3551/3841 
f 3545/3835 3548/3838 3551/3841 3546/3836 
f 3552/3842 3549/3839 3298/3578 3303/3583 
f 3553/3843 3552/3842 3303/3583 3302/3582 
f 3552/3842 3553/3843 3554/3844 3555/3845 
f 3549/3839 3552/3842 3555/3845 3550/3840 
f 3556/3846 3553/3843 3302/3582 3307/3587 
f 3557/3847 3556/3846 3307/3587 3306/3586 
f 3556/3846 3557/3847 3558/3848 3559/3849 
f 3553/3843 3556/3846 3559/3849 3554/3844 
f 3560/3850 3557/3847 3306/3586 3311/3591 
f 3561/3851 3560/3850 3311/3591 3310/3590 
f 3560/3850 3561/3851 3562/3852 3563/3853 
f 3557/3847 3560/3850 3563/3853 3558/3848 
f 3564/3854 3561/3851 3310/3590 3315/3595 
f 3565/3855 3564/3854 3315/3595 3314/3594 
f 3564/3854 3565/3855 3566/3856 3567/3857 
f 3561/3851 3564/3854 3567/3857 3562/3852 
f 3568/3858 3565/3855 3314/3594 3319/3599 
f 3569/3859 3568/3858 3319/3599 3318/3598 
f 3568/3858 3569/3859 3570/3860 3571/3861 
f 3565/3855 3568/3858 3571/3861 3566/3856 
f 3572/3862 3569/3859 3318/3598 3323/3603 
f 3573/3863 3572/3862 3323/3603 3322/3602 
f 3572/3862 3573/3863 3574/3864 3575/3865 
f 3569/3859 3572/3862 3575/3865 3570/3860 
f 3576/3866 3573/3863 3322/3602 3327/3607 
f 3577/3867 3576/3866 3327/3607 3326/3606 
f 3576/3866 3577/3867 3578/3868 3579/3869 
f 3573/3863 3576/3866 3579/3869 3574/3864 
f 3580/3870 3577/3867 3326/3606 3331/3611 
f 3581/3871 3580/3870 3331/3611 3330/3610 
f 3580/3870 3581/3871 3582/3872 3583/3873 
f 3577/3867 3580/3870 3583/3873 3578/3868 
f 3584/3874 3581/3871 3330/3610 3333/3613 
f 3585/3875 3584/3874 3333/3613 2073/2300 
f 3584/3874 3585/3875 3582/3872 3581/3871 
f 3586/3876 3587/3877 3339/3619 3338/3618 
f 3588/3878 3586/3876 3338/3618 3337/3617 
f 3586/3876 3588/3878 3589/3879 3590/3880 
f 3587/3877 3586/3876 3590/3880 3591/3881 
f 3592/3882 3593/3883 3594/3884 3595/3885 
f 3341/3621 3592/3882 3595/3885 3342/3622 
f 3592/3882 3341/3621 3345/3625 3596/3886 
f 3593/3883 3592/3882 3596/3886 3597/3887 
f 3598/3888 3599/3889 3600/3890 3601/3891 
f 3347/3627 3598/3888 3601/3891 3348/3628 
f 3598/3888 3347/3627 3351/3631 3602/3892 
f 3599/3889 3598/3888 3602/3892 3603/3893 
f 3604/3894 3605/3895 3357/3637 3356/3636 
f 3606/3896 3604/3894 3356/3636 3355/3635 
f 3604/3894 3606/3896 3607/3897 3608/3898 
f 3605/3895 3604/3894 3608/3898 3609/3899 
f 3610/3900 3606/3896 3355/3635 3361/3641 
f 3611/3901 3610/3900 3361/3641 3360/3640 
f 3610/3900 3611/3901 3612/3902 3613/3903 
f 3606/3896 3610/3900 3613/3903 3607/3897 
f 3614/3904 3611/3901 3360/3640 3365/3645 
f 3615/3905 3614/3904 3365/3645 3364/3644 
f 3614/3904 3615/3905 3616/3906 3617/3907 
f 3611/3901 3614/3904 3617/3907 3612/3902 
f 3618/3908 3615/3905 3364/3644 3369/3649 
f 3619/3909 3618/3908 3369/3649 3368/3648 
f 3618/3908 3619/3909 3620/3910 3621/3911 
f 3615/3905 3618/3908 3621/3911 3616/3906 
f 3622/3912 3619/3909 3368/3648 3373/3653 
f 3623/3913 3622/3912 3373/3653 3372/3652 
f 3622/3912 3623/3913 3624/3914 3625/3915 
f 3619/3909 3622/3912 3625/3915 3620/3910 
f 3626/3916 3623/3913 3372/3652 3377/3657 
f 3627/3917 3626/3916 3377/3657 3376/3656 
f 3626/3916 3627/3917 3628/3918 3629/3919 
f 3623/3913 3626/3916 3629/3919 3624/3914 
f 3630/3920 3627/3917 3376/3656 3381/3661 
f 3631/3921 3630/3920 3381/3661 3380/3660 
f 3630/3920 3631/3921 3632/3922 3633/3923 
f 3627/3917 3630/3920 3633/3923 3628/3918 
f 3634/3924 3631/3921 3380/3660 3385/3665 
f 3635/3925 3634/3924 3385/3665 3384/3664 
f 3634/3924 3635/3925 3636/3926 3637/3927 
f 3631/3921 3634/3924 3637/3927 3632/3922 
f 3638/3928 3635/3925 3384/3664 3389/3669 
f 3639/3929 3638/3928 3389/3669 3388/3668 
f 3638/3928 3639/3929 3640/3930 3641/3931 
f 3635/3925 3638/3928 3641/3931 3636/3926 
f 3642/3932 3639/3929 3388/3668 3393/3673 
f 3643/3933 3642/3932 3393/3673 3392/3672 
f 3642/3932 3643/3933 3644/3934 3645/3935 
f 3639/3929 3642/3932 3645/3935 3640/3930 
f 3646/3936 3643/3933 3392/3672 3397/3677 
f 3647/3937 3646/3936 3397/3677 3396/3676 
f 3646/3936 3647/3937 3648/3938 3649/3939 
f 3643/3933 3646/3936 3649/3939 3644/3934 
f 3650/3940 3647/3937 3396/3676 3401/3681 
f 3651/3941 3650/3940 3401/3681 3400/3680 
f 3650/3940 3651/3941 3652/3942 3653/3943 
f 3647/3937 3650/3940 3653/3943 3648/3938 
f 3654/3944 3651/3941 3400/3680 3405/3685 
f 3655/3945 3654/3944 3405/3685 3404/3684 
f 3654/3944 3655/3945 3656/3946 3657/3947 
f 3651/3941 3654/3944 3657/3947 3652/3942 
f 3658/3948 3655/3945 3404/3684 3409/3689 
f 3659/3949 3658/3948 3409/3689 3408/3688 
f 3658/3948 3659/3949 3660/3950 3661/3951 
f 3655/3945 3658/3948 3661/3951 3656/3946 
f 3662/3952 3659/3949 3408/3688 3413/3693 
f 3663/3953 3662/3952 3413/3693 3412/3692 
f 3662/3952 3663/3953 3664/3954 3665/3955 
f 3659/3949 3662/3952 3665/3955 3660/3950 
f 3666/3956 3663/3953 3412/3692 3417/3697 
f 3667/3957 3666/3956 3417/3697 3416/3696 
f 3666/3956 3667/3957 3668/3958 3669/3959 
f 3663/3953 3666/3956 3669/3959 3664/3954 
f 3670/3960 3667/3957 3416/3696 3421/3701 
f 3671/3961 3670/3960 3421/3701 3420/3700 
f 3670/3960 3671/3961 3672/3962 3673/3963 
f 3667/3957 3670/3960 3673/3963 3668/3958 
f 3674/3964 3671/3961 3420/3700 3425/3705 
f 3675/3965 3674/3964 3425/3705 3424/3704 
f 3674/3964 3675/3965 3676/3966 3677/3967 
f 3671/3961 3674/3964 3677/3967 3672/3962 
f 3678/3968 3675/3965 3424/3704 3429/3709 
f 3679/3969 3678/3968 3429/3709 3428/3708 
f 3678/3968 3679/3969 3680/3970 3681/3971 
f 3675/3965 3678/3968 3681/3971 3676/3966 
f 3682/3972 3679/3969 3428/3708 3433/3713 
f 3683/3973 3682/3972 3433/3713 3432/3712 
f 3682/3972 3683/3973 3684/3974 3685/3975 
f 3679/3969 3682/3972 3685/3975 3680/3970 
f 3686/3976 3683/3977 3432/3719 3437/3718 
f 3687/3978 3686/3976 3437/3718 3436/3717 
f 3686/3976 3687/3978 3688/3979 3689/3980 
f 3683/3977 3686/3976 3689/3980 3684/3981 
f 3690/3982 3687/3983 3436/3725 3441/3724 
f 3691/3984 3690/3982 3441/3724 3440/3723 
f 3690/3982 3691/3984 3692/3985 3693/3986 
f 3687/3983 3690/3982 3693/3986 3688/3987 
f 3694/3988 3691/3984 3440/3723 3445/3729 
f 3695/3989 3694/3988 3445/3729 3444/3728 
f 3694/3988 3695/3989 3696/3990 3697/3991 
f 3691/3984 3694/3988 3697/3991 3692/3985 
f 3698/3992 3695/3989 3444/3728 3449/3733 
f 3699/3993 3698/3992 3449/3733 3448/3732 
f 3698/3992 3699/3993 3700/3994 3701/3995 
f 3695/3989 3698/3992 3701/3995 3696/3990 
f 3702/3996 3699/3993 3448/3732 3453/3737 
f 3703/3997 3702/3996 3453/3737 3452/3736 
f 3702/3996 3703/3997 3704/3998 3705/3999 
f 3699/3993 3702/3996 3705/3999 3700/3994 
f 3706/4000 3703/3997 3452/3736 3457/3741 
f 3707/4001 3706/4000 3457/3741 3456/3740 
f 3706/4000 3707/4001 3708/4002 3709/4003 
f 3703/3997 3706/4000 3709/4003 3704/3998 
f 3710/4004 3707/4001 3456/3740 3461/3745 
f 3711/4005 3710/4004 3461/3745 3460/3744 
f 3710/4004 3711/4005 3712/4006 3713/4007 
f 3707/4001 3710/4004 3713/4007 3708/4002 
f 3714/4008 3711/4005 3460/3744 3465/3749 
f 3715/4009 3714/4008 3465/3749 3464/3748 
f 3714/4008 3715/4009 3716/4010 3717/4011 
f 3711/4005 3714/4008 3717/4011 3712/4006 
f 3718/4012 3715/4013 3464/3755 3469/3754 
f 3719/4014 3718/4012 3469/3754 3468/3753 
f 3718/4012 3719/4014 3720/4015 3721/4016 
f 3715/4013 3718/4012 3721/4016 3716/4017 
f 3722/4018 3719/4014 3468/3753 3473/3759 
f 3723/4019 3722/4018 3473/3759 3472/3758 
f 3722/4018 3723/4019 3724/4020 3725/4021 
f 3719/4014 3722/4018 3725/4021 3720/4015 
f 3726/4022 3723/4019 3472/3758 3477/3763 
f 3727/4023 3726/4022 3477/3763 3476/3762 
f 3726/4022 3727/4023 3728/4024 3729/4025 
f 3723/4019 3726/4022 3729/4025 3724/4020 
f 3730/4026 3727/4027 3476/3769 3481/3768 
f 3731/4028 3730/4026 3481/3768 3480/3767 
f 3730/4026 3731/4028 3732/4029 3733/4030 
f 3727/4027 3730/4026 3733/4030 3728/4031 
f 3734/4032 3731/4028 3480/3767 3485/3773 
f 3735/4033 3734/4032 3485/3773 3484/3772 
f 3734/4032 3735/4033 3736/4034 3737/4035 
f 3731/4028 3734/4032 3737/4035 3732/4029 
f 3738/4036 3735/4033 3484/3772 3489/3777 
f 3739/4037 3738/4036 3489/3777 3488/3776 
f 3738/4036 3739/4037 3740/4038 3741/4039 
f 3735/4033 3738/4036 3741/4039 3736/4034 
f 3742/4040 3739/4037 3488/3776 3493/3781 
f 3743/4041 3742/4040 3493/3781 3492/3780 
f 3742/4040 3743/4041 3744/4042 3745/4043 
f 3739/4037 3742/4040 3745/4043 3740/4038 
f 3746/4044 3743/4041 3492/3780 3497/3785 
f 3747/4045 3746/4044 3497/3785 3496/3784 
f 3746/4044 3747/4045 3748/4046 3749/4047 
f 3743/4041 3746/4044 3749/4047 3744/4042 
f 3750/4048 3747/4045 3496/3784 3501/3789 
f 3751/4049 3750/4048 3501/3789 3500/3788 
f 3750/4048 3751/4049 3752/4050 3753/4051 
f 3747/4045 3750/4048 3753/4051 3748/4046 
f 3754/4052 3755/4053 3507/3795 3506/3794 
f 3756/4054 3754/4052 3506/3794 3505/3793 
f 3754/4052 3756/4054 3757/4055 3758/4056 
f 3755/4053 3754/4052 3758/4056 3759/4057 
f 3760/4058 3756/4054 3505/3793 3511/3799 
f 3761/4059 3760/4058 3511/3799 3510/3798 
f 3760/4058 3761/4059 3762/4060 3763/4061 
f 3756/4054 3760/4058 3763/4061 3757/4055 
f 3764/4062 3761/4059 3510/3798 3515/3803 
f 3765/4063 3764/4062 3515/3803 3514/3802 
f 3764/4062 3765/4063 3766/4064 3767/4065 
f 3761/4059 3764/4062 3767/4065 3762/4060 
f 3768/4066 3765/4063 3514/3802 3519/3807 
f 3769/4067 3768/4066 3519/3807 3518/3806 
f 3768/4066 3769/4067 3770/4068 3771/4069 
f 3765/4063 3768/4066 3771/4069 3766/4064 
f 3772/4070 3769/4067 3518/3806 3523/3811 
f 3773/4071 3772/4070 3523/3811 3522/3810 
f 3772/4070 3773/4071 3774/4072 3775/4073 
f 3769/4067 3772/4070 3775/4073 3770/4068 
f 3776/4074 3773/4071 3522/3810 3527/3815 
f 3777/4075 3776/4074 3527/3815 3526/3814 
f 3776/4074 3777/4075 3778/4076 3779/4077 
f 3773/4071 3776/4074 3779/4077 3774/4072 
f 3780/4078 3777/4075 3526/3814 3531/3819 
f 3781/4079 3780/4078 3531/3819 3530/3818 
f 3780/4078 3781/4079 3782/4080 3783/4081 
f 3777/4075 3780/4078 3783/4081 3778/4076 
f 3784/4082 3781/4079 3530/3818 3535/3823 
f 3785/4083 3784/4082 3535/3823 3534/3822 
f 3784/4082 3785/4083 3786/4084 3787/4085 
f 3781/4079 3784/4082 3787/4085 3782/4080 
f 3788/4086 3785/4087 3534/3829 3539/3828 
f 3789/4088 3788/4086 3539/3828 3538/3827 
f 3788/4086 3789/4088 3790/4089 3791/4090 
f 3785/4087 3788/4086 3791/4090 3786/4091 
f 3792/4092 3789/4088 3538/3827 3543/3833 
f 3793/4093 3792/4092 3543/3833 3542/3832 
f 3792/4092 3793/4093 3794/4094 3795/4095 
f 3789/4088 3792/4092 3795/4095 3790/4089 
f 3796/4096 3793/4093 3542/3832 3547/3837 
f 3797/4097 3796/4096 3547/3837 3546/3836 
f 3796/4096 3797/4097 3798/4098 3799/4099 
f 3793/4093 3796/4096 3799/4099 3794/4094 
f 3800/4100 3797/4097 3546/3836 3551/3841 
f 3801/4101 3800/4100 3551/3841 3550/3840 
f 3800/4100 3801/4101 3802/4102 3803/4103 
f 3797/4097 3800/4100 3803/4103 3798/4098 
f 3804/4104 3801/4101 3550/3840 3555/3845 
f 3805/4105 3804/4104 3555/3845 3554/3844 
f 3804/4104 3805/4105 3806/4106 3807/4107 
f 3801/4101 3804/4104 3807/4107 3802/4102 
f 3808/4108 3805/4105 3554/3844 3559/3849 
f 3809/4109 3808/4108 3559/3849 3558/3848 
f 3808/4108 3809/4109 3810/4110 3811/4111 
f 3805/4105 3808/4108 3811/4111 3806/4106 
f 3812/4112 3809/4109 3558/3848 3563/3853 
f 3813/4113 3812/4112 3563/3853 3562/3852 
f 3812/4112 3813/4113 3814/4114 3815/4115 
f 3809/4109 3812/4112 3815/4115 3810/4110 
f 3816/4116 3813/4113 3562/3852 3567/3857 
f 3817/4117 3816/4116 3567/3857 3566/3856 
f 3816/4116 3817/4117 3818/4118 3819/4119 
f 3813/4113 3816/4116 3819/4119 3814/4114 
f 3820/4120 3817/4117 3566/3856 3571/3861 
f 3821/4121 3820/4120 3571/3861 3570/3860 
f 3820/4120 3821/4121 3822/4122 3823/4123 
f 3817/4117 3820/4120 3823/4123 3818/4118 
f 3824/4124 3821/4121 3570/3860 3575/3865 
f 3825/4125 3824/4124 3575/3865 3574/3864 
f 3824/4124 3825/4125 3826/4126 3827/4127 
f 3821/4121 3824/4124 3827/4127 3822/4122 
f 3828/4128 3825/4125 3574/3864 3579/3869 
f 3829/4129 3828/4128 3579/3869 3578/3868 
f 3828/4128 3829/4129 3830/4130 3831/4131 
f 3825/4125 3828/4128 3831/4131 3826/4126 
f 3832/4132 3829/4129 3578/3868 3583/3873 
f 3833/4133 3832/4132 3583/3873 3582/3872 
f 3832/4132 3833/4133 3834/4134 3835/4135 
f 3829/4129 3832/4132 3835/4135 3830/4130 
f 3836/4136 3833/4133 3582/3872 3585/3875 
f 3837/4137 3836/4136 3585/3875 2073/2300 
f 3836/4136 3837/4137 3834/4134 3833/4133 
f 3838/4138 3839/4139 3591/3881 3590/3880 
f 3840/4140 3838/4138 3590/3880 3589/3879 
f 3838/4138 3840/4140 3841/4141 3842/4142 
f 3839/4139 3838/4138 3842/4142 3843/4143 
f 3844/4144 3845/4145 3846/4146 3847/4147 
f 3593/3883 3844/4144 3847/4147 3594/3884 
f 3844/4144 3593/3883 3597/3887 3848/4148 
f 3845/4145 3844/4144 3848/4148 3849/4149 
f 3850/4150 3851/4151 3852/4152 3853/4153 
f 3599/3889 3850/4150 3853/4153 3600/3890 
f 3850/4150 3599/3889 3603/3893 3854/4154 
f 3851/4151 3850/4150 3854/4154 3855/4155 
f 3856/4156 3857/4157 3609/3899 3608/3898 
f 3858/4158 3856/4156 3608/3898 3607/3897 
f 3856/4156 3858/4158 3859/4159 3860/4160 
f 3857/4157 3856/4156 3860/4160 3861/4161 
f 3862/4162 3858/4158 3607/3897 3613/3903 
f 3863/4163 3862/4162 3613/3903 3612/3902 
f 3862/4162 3863/4163 3864/4164 3865/4165 
f 3858/4158 3862/4162 3865/4165 3859/4159 
f 3866/4166 3863/4163 3612/3902 3617/3907 
f 3867/4167 3866/4166 3617/3907 3616/3906 
f 3866/4166 3867/4167 3868/4168 3869/4169 
f 3863/4163 3866/4166 3869/4169 3864/4164 
f 3870/4170 3867/4167 3616/3906 3621/3911 
f 3871/4171 3870/4170 3621/3911 3620/3910 
f 3870/4170 3871/4171 3872/4172 3873/4173 
f 3867/4167 3870/4170 3873/4173 3868/4168 
f 3874/4174 3871/4171 3620/3910 3625/3915 
f 3875/4175 3874/4174 3625/3915 3624/3914 
f 3874/4174 3875/4175 3876/4176 3877/4177 
f 3871/4171 3874/4174 3877/4177 3872/4172 
f 3878/4178 3875/4175 3624/3914 3629/3919 
f 3879/4179 3878/4178 3629/3919 3628/3918 
f 3878/4178 3879/4179 3880/4180 3881/4181 
f 3875/4175 3878/4178 3881/4181 3876/4176 
f 3882/4182 3879/4179 3628/3918 3633/3923 
f 3883/4183 3882/4182 3633/3923 3632/3922 
f 3882/4182 3883/4183 3884/4184 3885/4185 
f 3879/4179 3882/4182 3885/4185 3880/4180 
f 3886/4186 3883/4183 3632/3922 3637/3927 
f 3887/4187 3886/4186 3637/3927 3636/3926 
f 3886/4186 3887/4187 3888/4188 3889/4189 
f 3883/4183 3886/4186 3889/4189 3884/4184 
f 3890/4190 3887/4187 3636/3926 3641/3931 
f 3891/4191 3890/4190 3641/3931 3640/3930 
f 3890/4190 3891/4191 3892/4192 3893/4193 
f 3887/4187 3890/4190 3893/4193 3888/4188 
f 3894/4194 3891/4191 3640/3930 3645/3935 
f 3895/4195 3894/4194 3645/3935 3644/3934 
f 3894/4194 3895/4195 3896/4196 3897/4197 
f 3891/4191 3894/4194 3897/4197 3892/4192 
f 3898/4198 3895/4195 3644/3934 3649/3939 
f 3899/4199 3898/4198 3649/3939 3648/3938 
f 3898/4198 3899/4199 3900/4200 3901/4201 
f 3895/4195 3898/4198 3901/4201 3896/4196 
f 3902/4202 3899/4199 3648/3938 3653/3943 
f 3903/4203 3902/4202 3653/3943 3652/3942 
f 3902/4202 3903/4203 3904/4204 3905/4205 
f 3899/4199 3902/4202 3905/4205 3900/4200 
f 3906/4206 3903/4203 3652/3942 3657/3947 
f 3907/4207 3906/4206 3657/3947 3656/3946 
f 3906/4206 3907/4207 3908/4208 3909/4209 
f 3903/4203 3906/4206 3909/4209 3904/4204 
f 3910/4210 3907/4207 3656/3946 3661/3951 
f 3911/4211 3910/4210 3661/3951 3660/3950 
f 3910/4210 3911/4211 3912/4212 3913/4213 
f 3907/4207 3910/4210 3913/4213 3908/4208 
f 3914/4214 3911/4211 3660/3950 3665/3955 
f 3915/4215 3914/4214 3665/3955 3664/3954 
f 3914/4214 3915/4215 3916/4216 3917/4217 
f 3911/4211 3914/4214 3917/4217 3912/4212 
f 3918/4218 3915/4215 3664/3954 3669/3959 
f 3919/4219 3918/4218 3669/3959 3668/3958 
f 3918/4218 3919/4219 3920/4220 3921/4221 
f 3915/4215 3918/4218 3921/4221 3916/4216 
f 3922/4222 3919/4219 3668/3958 3673/3963 
f 3923/4223 3922/4222 3673/3963 3672/3962 
f 3922/4222 3923/4223 3924/4224 3925/4225 
f 3919/4219 3922/4222 3925/4225 3920/4220 
f 3926/4226 3923/4223 3672/3962 3677/3967 
f 3927/4227 3926/4226 3677/3967 3676/3966 
f 3926/4226 3927/4227 3928/4228 3929/4229 
f 3923/4223 3926/4226 3929/4229 3924/4224 
f 3930/4230 3927/4227 3676/3966 3681/3971 
f 3931/4231 3930/4230 3681/3971 3680/3970 
f 3930/4230 3931/4231 3932/4232 3933/4233 
f 3927/4227 3930/4230 3933/4233 3928/4228 
f 3934/4234 3931/4231 3680/3970 3685/3975 
f 3935/4235 3934/4234 3685/3975 3684/3974 
f 3934/4234 3935/4235 3936/4236 3937/4237 
f 3931/4231 3934/4234 3937/4237 3932/4232 
f 3938/4238 3935/4239 3684/3981 3689/3980 
f 3939/4240 3938/4238 3689/3980 3688/3979 
f 3938/4238 3939/4240 3940/4241 3941/4242 
f 3935/4239 3938/4238 3941/4242 3936/4243 
f 3942/4244 3939/4245 3688/3987 3693/3986 
f 3943/4246 3942/4244 3693/3986 3692/3985 
f 3942/4244 3943/4246 3944/4247 3945/4248 
f 3939/4245 3942/4244 3945/4248 3940/4249 
f 3946/4250 3943/4246 3692/3985 3697/3991 
f 3947/4251 3946/4250 3697/3991 3696/3990 
f 3946/4250 3947/4251 3948/4252 3949/4253 
f 3943/4246 3946/4250 3949/4253 3944/4247 
f 3950/4254 3947/4251 3696/3990 3701/3995 
f 3951/4255 3950/4254 3701/3995 3700/3994 
f 3950/4254 3951/4255 3952/4256 3953/4257 
f 3947/4251 3950/4254 3953/4257 3948/4252 
f 3954/4258 3951/4255 3700/3994 3705/3999 
f 3955/4259 3954/4258 3705/3999 3704/3998 
f 3954/4258 3955/4259 3956/4260 3957/4261 
f 3951/4255 3954/4258 3957/4261 3952/4256 
f 3958/4262 3955/4259 3704/3998 3709/4003 
f 3959/4263 3958/4262 3709/4003 3708/4002 
f 3958/4262 3959/4263 3960/4264 3961/4265 
f 3955/4259 3958/4262 3961/4265 3956/4260 
f 3962/4266 3959/4263 3708/4002 3713/4007 
f 3963/4267 3962/4266 3713/4007 3712/4006 
f 3962/4266 3963/4267 3964/4268 3965/4269 
f 3959/4263 3962/4266 3965/4269 3960/4264 
f 3966/4270 3963/4267 3712/4006 3717/4011 
f 3967/4271 3966/4270 3717/4011 3716/4010 
f 3966/4270 3967/4271 3968/4272 3969/4273 
f 3963/4267 3966/4270 3969/4273 3964/4268 
f 3970/4274 3967/4275 3716/4017 3721/4016 
f 3971/4276 3970/4274 3721/4016 3720/4015 
f 3970/4274 3971/4276 3972/4277 3973/4278 
f 3967/4275 3970/4274 3973/4278 3968/4279 
f 3974/4280 3971/4276 3720/4015 3725/4021 
f 3975/4281 3974/4280 3725/4021 3724/4020 
f 3974/4280 3975/4281 3976/4282 3977/4283 
f 3971/4276 3974/4280 3977/4283 3972/4277 
f 3978/4284 3975/4281 3724/4020 3729/4025 
f 3979/4285 3978/4284 3729/4025 3728/4024 
f 3978/4284 3979/4285 3980/4286 3981/4287 
f 3975/4281 3978/4284 3981/4287 3976/4282 
f 3982/4288 3979/4289 3728/4031 3733/4030 
f 3983/4290 3982/4288 3733/4030 3732/4029 
f 3982/4288 3983/4290 3984/4291 3985/4292 
f 3979/4289 3982/4288 3985/4292 3980/4293 
f 3986/4294 3983/4290 3732/4029 3737/4035 
f 3987/4295 3986/4294 3737/4035 3736/4034 
f 3986/4294 3987/4295 3988/4296 3989/4297 
f 3983/4290 3986/4294 3989/4297 3984/4291 
f 3990/4298 3987/4295 3736/4034 3741/4039 
f 3991/4299 3990/4298 3741/4039 3740/4038 
f 3990/4298 3991/4299 3992/4300 3993/4301 
f 3987/4295 3990/4298 3993/4301 3988/4296 
f 3994/4302 3991/4299 3740/4038 3745/4043 
f 3995/4303 3994/4302 3745/4043 3744/4042 
f 3994/4302 3995/4303 3996/4304 3997/4305 
f 3991/4299 3994/4302 3997/4305 3992/4300 
f 3998/4306 3995/4303 3744/4042 3749/4047 
f 3999/4307 3998/4306 3749/4047 3748/4046 
f 3998/4306 3999/4307 4000/4308 4001/4309 
f 3995/4303 3998/4306 4001/4309 3996/4304 
f 4002/4310 3999/4307 3748/4046 3753/4051 
f 4003/4311 4002/4310 3753/4051 3752/4050 
f 4002/4310 4003/4311 4004/4312 4005/4313 
f 3999/4307 4002/4310 4005/4313 4000/4308 
f 4006/4314 4007/4315 3759/4057 3758/4056 
f 4008/4316 4006/4314 3758/4056 3757/4055 
f 4006/4314 4008/4316 4009/4317 4010/4318 
f 4007/4315 4006/4314 4010/4318 4011/4319 
f 4012/4320 4008/4316 3757/4055 3763/4061 
f 4013/4321 4012/4320 3763/4061 3762/4060 
f 4012/4320 4013/4321 4014/4322 4015/4323 
f 4008/4316 4012/4320 4015/4323 4009/4317 
f 4016/4324 4013/4321 3762/4060 3767/4065 
f 4017/4325 4016/4324 3767/4065 3766/4064 
f 4016/4324 4017/4325 4018/4326 4019/4327 
f 4013/4321 4016/4324 4019/4327 4014/4322 
f 4020/4328 4017/4325 3766/4064 3771/4069 
f 4021/4329 4020/4328 3771/4069 3770/4068 
f 4020/4328 4021/4329 4022/4330 4023/4331 
f 4017/4325 4020/4328 4023/4331 4018/4326 
f 4024/4332 4021/4329 3770/4068 3775/4073 
f 4025/4333 4024/4332 3775/4073 3774/4072 
f 4024/4332 4025/4333 4026/4334 4027/4335 
f 4021/4329 4024/4332 4027/4335 4022/4330 
f 4028/4336 4025/4333 3774/4072 3779/4077 
f 4029/4337 4028/4336 3779/4077 3778/4076 
f 4028/4336 4029/4337 4030/4338 4031/4339 
f 4025/4333 4028/4336 4031/4339 4026/4334 
f 4032/4340 4029/4337 3778/4076 3783/4081 
f 4033/4341 4032/4340 3783/4081 3782/4080 
f 4032/4340 4033/4341 4034/4342 4035/4343 
f 4029/4337 4032/4340 4035/4343 4030/4338 
f 4036/4344 4033/4341 3782/4080 3787/4085 
f 4037/4345 4036/4344 3787/4085 3786/4084 
f 4036/4344 4037/4345 4038/4346 4039/4347 
f 4033/4341 4036/4344 4039/4347 4034/4342 
f 4040/4348 4037/4349 3786/4091 3791/4090 
f 4041/4350 4040/4348 3791/4090 3790/4089 
f 4040/4348 4041/4350 4042/4351 4043/4352 
f 4037/4349 4040/4348 4043/4352 4038/4353 
f 4044/4354 4041/4350 3790/4089 3795/4095 
f 4045/4355 4044/4354 3795/4095 3794/4094 
f 4044/4354 4045/4355 4046/4356 4047/4357 
f 4041/4350 4044/4354 4047/4357 4042/4351 
f 4048/4358 4045/4355 3794/4094 3799/4099 
f 4049/4359 4048/4358 3799/4099 3798/4098 
f 4048/4358 4049/4359 4050/4360 4051/4361 
f 4045/4355 4048/4358 4051/4361 4046/4356 
f 4052/4362 4049/4359 3798/4098 3803/4103 
f 4053/4363 4052/4362 3803/4103 3802/4102 
f 4052/4362 4053/4363 4054/4364 4055/4365 
f 4049/4359 4052/4362 4055/4365 4050/4360 
f 4056/4366 4053/4363 3802/4102 3807/4107 
f 4057/4367 4056/4366 3807/4107 3806/4106 
f 4056/4366 4057/4367 4058/4368 4059/4369 
f 4053/4363 4056/4366 4059/4369 4054/4364 
f 4060/4370 4057/4367 3806/4106 3811/4111 
f 4061/4371 4060/4370 3811/4111 3810/4110 
f 4060/4370 4061/4371 4062/4372 4063/4373 
f 4057/4367 4060/4370 4063/4373 4058/4368 
f 4064/4374 4061/4371 3810/4110 3815/4115 
f 4065/4375 4064/4374 3815/4115 3814/4114 
f 4064/4374 4065/4375 4066/4376 4067/4377 
f 4061/4371 4064/4374 4067/4377 4062/4372 
f 4068/4378 4065/4375 3814/4114 3819/4119 
f 4069/4379 4068/4378 3819/4119 3818/4118 
f 4068/4378 4069/4379 4070/4380 4071/4381 
f 4065/4375 4068/4378 4071/4381 4066/4376 
f 4072/4382 4069/4379 3818/4118 3823/4123 
f 4073/4383 4072/4382 3823/4123 3822/4122 
f 4072/4382 4073/4383 4074/4384 4075/4385 
f 4069/4379 4072/4382 4075/4385 4070/4380 
f 4076/4386 4073/4383 3822/4122 3827/4127 
f 4077/4387 4076/4386 3827/4127 3826/4126 
f 4076/4386 4077/4387 4078/4388 4079/4389 
f 4073/4383 4076/4386 4079/4389 4074/4384 
f 4080/4390 4077/4387 3826/4126 3831/4131 
f 4081/4391 4080/4390 3831/4131 3830/4130 
f 4080/4390 4081/4391 4082/4392 4083/4393 
f 4077/4387 4080/4390 4083/4393 4078/4388 
f 4084/4394 4081/4391 3830/4130 3835/4135 
f 4085/4395 4084/4394 3835/4135 3834/4134 
f 4084/4394 4085/4395 4086/4396 4087/4397 
f 4081/4391 4084/4394 4087/4397 4082/4392 
f 4088/4398 4085/4395 3834/4134 3837/4137 
f 4089/4399 4088/4398 3837/4137 2073/2300 
f 4088/4398 4089/4399 4086/4396 4085/4395 
f 4090/4400 4091/4401 3843/4143 3842/4142 
f 4092/4402 4090/4400 3842/4142 3841/4141 
f 4090/4400 4092/4402 4093/4403 4094/4404 
f 4091/4401 4090/4400 4094/4404 4095/4405 
f 4096/4406 4097/4407 4098/4408 4099/4409 
f 3845/4145 4096/4406 4099/4409 3846/4146 
f 4096/4406 3845/4145 3849/4149 4100/4410 
f 4097/4407 4096/4406 4100/4410 4101/4411 
f 4102/4412 4103/4413 4104/4414 4105/4415 
f 3851/4151 4102/4412 4105/4415 3852/4152 
f 4102/4412 3851/4151 3855/4155 4106/4416 
f 4103/4413 4102/4412 4106/4416 4107/4417 
f 4108/4418 4109/4419 3861/4161 3860/4160 
f 4110/4420 4108/4418 3860/4160 3859/4159 
f 4108/4418 4110/4420 4111/4421 4112/4422 
f 4109/4419 4108/4418 4112/4422 4113/4423 
f 4114/4424 4110/4420 3859/4159 3865/4165 
f 4115/4425 4114/4424 3865/4165 3864/4164 
f 4114/4424 4115/4425 4116/4426 4117/4427 
f 4110/4420 4114/4424 4117/4427 4111/4421 
f 4118/4428 4115/4425 3864/4164 3869/4169 
f 4119/4429 4118/4428 3869/4169 3868/4168 
f 4118/4428 4119/4429 4120/4430 4121/4431 
f 4115/4425 4118/4428 4121/4431 4116/4426 
f 4122/4432 4119/4429 3868/4168 3873/4173 
f 4123/4433 4122/4432 3873/4173 3872/4172 
f 4122/4432 4123/4433 4124/4434 4125/4435 
f 4119/4429 4122/4432 4125/4435 4120/4430 
f 4126/4436 4123/4433 3872/4172 3877/4177 
f 4127/4437 4126/4436 3877/4177 3876/4176 
f 4126/4436 4127/4437 4128/4438 4129/4439 
f 4123/4433 4126/4436 4129/4439 4124/4434 
f 4130/4440 4127/4437 3876/4176 3881/4181 
f 4131/4441 4130/4440 3881/4181 3880/4180 
f 4130/4440 4131/4441 4132/4442 4133/4443 
f 4127/4437 4130/4440 4133/4443 4128/4438 
f 4134/4444 4131/4441 3880/4180 3885/4185 
f 4135/4445 4134/4444 3885/4185 3884/4184 
f 4134/4444 4135/4445 4136/4446 4137/4447 
f 4131/4441 4134/4444 4137/4447 4132/4442 
f 4138/4448 4135/4445 3884/4184 3889/4189 
f 4139/4449 4138/4448 3889/4189 3888/4188 
f 4138/4448 4139/4449 4140/4450 4141/4451 
f 4135/4445 4138/4448 4141/4451 4136/4446 
f 4142/4452 4139/4449 3888/4188 3893/4193 
f 4143/4453 4142/4452 3893/4193 3892/4192 
f 4142/4452 4143/4453 4144/4454 4145/4455 
f 4139/4449 4142/4452 4145/4455 4140/4450 
f 4146/4456 4143/4453 3892/4192 3897/4197 
f 4147/4457 4146/4456 3897/4197 3896/4196 
f 4146/4456 4147/4457 4148/4458 4149/4459 
f 4143/4453 4146/4456 4149/4459 4144/4454 
f 4150/4460 4147/4457 3896/4196 3901/4201 
f 4151/4461 4150/4460 3901/4201 3900/4200 
f 4150/4460 4151/4461 4152/4462 4153/4463 
f 4147/4457 4150/4460 4153/4463 4148/4458 
f 4154/4464 4151/4461 3900/4200 3905/4205 
f 4155/4465 4154/4464 3905/4205 3904/4204 
f 4154/4464 4155/4465 4156/4466 4157/4467 
f 4151/4461 4154/4464 4157/4467 4152/4462 
f 4158/4468 4155/4465 3904/4204 3909/4209 
f 4159/4469 4158/4468 3909/4209 3908/4208 
f 4158/4468 4159/4469 4160/4470 4161/4471 
f 4155/4465 4158/4468 4161/4471 4156/4466 
f 4162/4472 4159/4469 3908/4208 3913/4213 
f 4163/4473 4162/4472 3913/4213 3912/4212 
f 4162/4472 4163/4473 4164/4474 4165/4475 
f 4159/4469 4162/4472 4165/4475 4160/4470 
f 4166/4476 4163/4473 3912/4212 3917/4217 
f 4167/4477 4166/4476 3917/4217 3916/4216 
f 4166/4476 4167/4477 4168/4478 4169/4479 
f 4163/4473 4166/4476 4169/4479 4164/4474 
f 4170/4480 4167/4477 3916/4216 3921/4221 
f 4171/4481 4170/4480 3921/4221 3920/4220 
f 4170/4480 4171/4481 4172/4482 4173/4483 
f 4167/4477 4170/4480 4173/4483 4168/4478 
f 4174/4484 4171/4481 3920/4220 3925/4225 
f 4175/4485 4174/4484 3925/4225 3924/4224 
f 4174/4484 4175/4485 4176/4486 4177/4487 
f 4171/4481 4174/4484 4177/4487 4172/4482 
f 4178/4488 4175/4485 3924/4224 3929/4229 
f 4179/4489 4178/4488 3929/4229 3928/4228 
f 4178/4488 4179/4489 4180/4490 4181/4491 
f 4175/4485 4178/4488 4181/4491 4176/4486 
f 4182/4492 4179/4489 3928/4228 3933/4233 
f 4183/4493 4182/4492 3933/4233 3932/4232 
f 4182/4492 4183/4493 4184/4494 4185/4495 
f 4179/4489 4182/4492 4185/4495 4180/4490 
f 4186/4496 4183/4493 3932/4232 3937/4237 
f 4187/4497 4186/4496 3937/4237 3936/4236 
f 4186/4496 4187/4497 4188/4498 4189/4499 
f 4183/4493 4186/4496 4189/4499 4184/4494 
f 4190/4500 4187/4501 3936/4243 3941/4242 
f 4191/4502 4190/4500 3941/4242 3940/4241 
f 4190/4500 4191/4502 4192/4503 4193/4504 
f 4187/4501 4190/4500 4193/4504 4188/4505 
f 4194/4506 4191/4507 3940/4249 3945/4248 
f 4195/4508 4194/4506 3945/4248 3944/4247 
f 4194/4506 4195/4508 4196/4509 4197/4510 
f 4191/4507 4194/4506 4197/4510 4192/4511 
f 4198/4512 4195/4508 3944/4247 3949/4253 
f 4199/4513 4198/4512 3949/4253 3948/4252 
f 4198/4512 4199/4513 4200/4514 4201/4515 
f 4195/4508 4198/4512 4201/4515 4196/4509 
f 4202/4516 4199/4513 3948/4252 3953/4257 
f 4203/4517 4202/4516 3953/4257 3952/4256 
f 4202/4516 4203/4517 4204/4518 4205/4519 
f 4199/4513 4202/4516 4205/4519 4200/4514 
f 4206/4520 4203/4517 3952/4256 3957/4261 
f 4207/4521 4206/4520 3957/4261 3956/4260 
f 4206/4520 4207/4521 4208/4522 4209/4523 
f 4203/4517 4206/4520 4209/4523 4204/4518 
f 4210/4524 4207/4521 3956/4260 3961/4265 
f 4211/4525 4210/4524 3961/4265 3960/4264 
f 4210/4524 4211/4525 4212/4526 4213/4527 
f 4207/4521 4210/4524 4213/4527 4208/4522 
f 4214/4528 4211/4525 3960/4264 3965/4269 
f 4215/4529 4214/4528 3965/4269 3964/4268 
f 4214/4528 4215/4529 4216/4530 4217/4531 
f 4211/4525 4214/4528 4217/4531 4212/4526 
f 4218/4532 4215/4529 3964/4268 3969/4273 
f 4219/4533 4218/4532 3969/4273 3968/4272 
f 4218/4532 4219/4533 4220/4534 4221/4535 
f 4215/4529 4218/4532 4221/4535 4216/4530 
f 4222/4536 4219/4537 3968/4279 3973/4278 
f 4223/4538 4222/4536 3973/4278 3972/4277 
f 4222/4536 4223/4538 4224/4539 4225/4540 
f 4219/4537 4222/4536 4225/4540 4220/4541 
f 4226/4542 4223/4538 3972/4277 3977/4283 
f 4227/4543 4226/4542 3977/4283 3976/4282 
f 4226/4542 4227/4543 4228/4544 4229/4545 
f 4223/4538 4226/4542 4229/4545 4224/4539 
f 4230/4546 4227/4543 3976/4282 3981/4287 
f 4231/4547 4230/4546 3981/4287 3980/4286 
f 4230/4546 4231/4547 4232/4548 4233/4549 
f 4227/4543 4230/4546 4233/4549 4228/4544 
f 4234/4550 4231/4551 3980/4293 3985/4292 
f 4235/4552 4234/4550 3985/4292 3984/4291 
f 4234/4550 4235/4552 4236/4553 4237/4554 
f 4231/4551 4234/4550 4237/4554 4232/4555 
f 4238/4556 4235/4552 3984/4291 3989/4297 
f 4239/4557 4238/4556 3989/4297 3988/4296 
f 4238/4556 4239/4557 4240/4558 4241/4559 
f 4235/4552 4238/4556 4241/4559 4236/4553 
f 4242/4560 4239/4557 3988/4296 3993/4301 
f 4243/4561 4242/4560 3993/4301 3992/4300 
f 4242/4560 4243/4561 4244/4562 4245/4563 
f 4239/4557 4242/4560 4245/4563 4240/4558 
f 4246/4564 4243/4561 3992/4300 3997/4305 
f 4247/4565 4246/4564 3997/4305 3996/4304 
f 4246/4564 4247/4565 4248/4566 4249/4567 
f 4243/4561 4246/4564 4249/4567 4244/4562 
f 4250/4568 4247/4565 3996/4304 4001/4309 
f 4251/4569 4250/4568 4001/4309 4000/4308 
f 4250/4568 4251/4569 4252/4570 4253/4571 
f 4247/4565 4250/4568 4253/4571 4248/4566 
f 4254/4572 4251/4569 4000/4308 4005/4313 
f 4255/4573 4254/4572 4005/4313 4004/4312 
f 4254/4572 4255/4573 4256/4574 4257/4575 
f 4251/4569 4254/4572 4257/4575 4252/4570 
f 4258/4576 4259/4577 4011/4319 4010/4318 
f 4260/4578 4258/4576 4010/4318 4009/4317 
f 4258/4576 4260/4578 4261/4579 4262/4580 
f 4259/4577 4258/4576 4262/4580 4263/4581 
f 4264/4582 4260/4578 4009/4317 4015/4323 
f 4265/4583 4264/4582 4015/4323 4014/4322 
f 4264/4582 4265/4583 4266/4584 4267/4585 
f 4260/4578 4264/4582 4267/4585 4261/4579 
f 4268/4586 4265/4583 4014/4322 4019/4327 
f 4269/4587 4268/4586 4019/4327 4018/4326 
f 4268/4586 4269/4587 4270/4588 4271/4589 
f 4265/4583 4268/4586 4271/4589 4266/4584 
f 4272/4590 4269/4587 4018/4326 4023/4331 
f 4273/4591 4272/4590 4023/4331 4022/4330 
f 4272/4590 4273/4591 4274/4592 4275/4593 
f 4269/4587 4272/4590 4275/4593 4270/4588 
f 4276/4594 4273/4591 4022/4330 4027/4335 
f 4277/4595 4276/4594 4027/4335 4026/4334 
f 4276/4594 4277/4595 4278/4596 4279/4597 
f 4273/4591 4276/4594 4279/4597 4274/4592 
f 4280/4598 4277/4595 4026/4334 4031/4339 
f 4281/4599 4280/4598 4031/4339 4030/4338 
f 4280/4598 4281/4599 4282/4600 4283/4601 
f 4277/4595 4280/4598 4283/4601 4278/4596 
f 4284/4602 4281/4599 4030/4338 4035/4343 
f 4285/4603 4284/4602 4035/4343 4034/4342 
f 4284/4602 4285/4603 4286/4604 4287/4605 
f 4281/4599 4284/4602 4287/4605 4282/4600 
f 4288/4606 4285/4603 4034/4342 4039/4347 
f 4289/4607 4288/4606 4039/4347 4038/4346 
f 4288/4606 4289/4607 4290/4608 4291/4609 
f 4285/4603 4288/4606 4291/4609 4286/4604 
f 4292/4610 4289/4611 4038/4353 4043/4352 
f 4293/4612 4292/4610 4043/4352 4042/4351 
f 4292/4610 4293/4612 4294/4613 4295/4614 
f 4289/4611 4292/4610 4295/4614 4290/4615 
f 4296/4616 4293/4612 4042/4351 4047/4357 
f 4297/4617 4296/4616 4047/4357 4046/4356 
f 4296/4616 4297/4617 4298/4618 4299/4619 
f 4293/4612 4296/4616 4299/4619 4294/4613 
f 4300/4620 4297/4617 4046/4356 4051/4361 
f 4301/4621 4300/4620 4051/4361 4050/4360 
f 4300/4620 4301/4621 4302/4622 4303/4623 
f 4297/4617 4300/4620 4303/4623 4298/4618 
f 4304/4624 4301/4621 4050/4360 4055/4365 
f 4305/4625 4304/4624 4055/4365 4054/4364 
f 4304/4624 4305/4625 4306/4626 4307/4627 
f 4301/4621 4304/4624 4307/4627 4302/4622 
f 4308/4628 4305/4625 4054/4364 4059/4369 
f 4309/4629 4308/4628 4059/4369 4058/4368 
f 4308/4628 4309/4629 4310/4630 4311/4631 
f 4305/4625 4308/4628 4311/4631 4306/4626 
f 4312/4632 4309/4629 4058/4368 4063/4373 
f 4313/4633 4312/4632 4063/4373 4062/4372 
f 4312/4632 4313/4633 4314/4634 4315/4635 
f 4309/4629 4312/4632 4315/4635 4310/4630 
f 4316/4636 4313/4633 4062/4372 4067/4377 
f 4317/4637 4316/4636 4067/4377 4066/4376 
f 4316/4636 4317/4637 4318/4638 4319/4639 
f 4313/4633 4316/4636 4319/4639 4314/4634 
f 4320/4640 4317/4637 4066/4376 4071/4381 
f 4321/4641 4320/4640 4071/4381 4070/4380 
f 4320/4640 4321/4641 4322/4642 4323/4643 
f 4317/4637 4320/4640 4323/4643 4318/4638 
f 4324/4644 4321/4641 4070/4380 4075/4385 
f 4325/4645 4324/4644 4075/4385 4074/4384 
f 4324/4644 4325/4645 4326/4646 4327/4647 
f 4321/4641 4324/4644 4327/4647 4322/4642 
f 4328/4648 4325/4645 4074/4384 4079/4389 
f 4329/4649 4328/4648 4079/4389 4078/4388 
f 4328/4648 4329/4649 4330/4650 4331/4651 
f 4325/4645 4328/4648 4331/4651 4326/4646 
f 4332/4652 4329/4649 4078/4388 4083/4393 
f 4333/4653 4332/4652 4083/4393 4082/4392 
f 4332/4652 4333/4653 4334/4654 4335/4655 
f 4329/4649 4332/4652 4335/4655 4330/4650 
f 4336/4656 4333/4653 4082/4392 4087/4397 
f 4337/4657 4336/4656 4087/4397 4086/4396 
f 4336/4656 4337/4657 4338/4658 4339/4659 
f 4333/4653 4336/4656 4339/4659 4334/4654 
f 4340/4660 4337/4657 4086/4396 4089/4399 
f 4341/4661 4340/4660 4089/4399 2073/2300 
f 4340/4660 4341/4661 4338/4658 4337/4657 
f 4342/4662 4343/4663 4095/4405 4094/4404 
f 4344/4664 4342/4662 4094/4404 4093/4403 
f 4342/4662 4344/4664 4345/4665 4346/4666 
f 4343/4663 4342/4662 4346/4666 4347/4667 
f 4348/4668 4349/4669 4350/4670 4351/4671 
f 4097/4407 4348/4668 4351/4671 4098/4408 
f 4348/4668 4097/4407 4101/4411 4352/4672 
f 4349/4669 4348/4668 4352/4672 4353/4673 
f 4354/4674 4355/4675 4356/4676 4357/4677 
f 4103/4413 4354/4674 4357/4677 4104/4414 
f 4354/4674 4103/4413 4107/4417 4358/4678 
f 4355/4675 4354/4674 4358/4678 4359/4679 
f 4360/4680 4361/4681 4113/4423 4112/4422 
f 4362/4682 4360/4680 4112/4422 4111/4421 
f 4360/4680 4362/4682 4363/4683 4364/4684 
f 4361/4681 4360/4680 4364/4684 4365/4685 
f 4366/4686 4362/4682 4111/4421 4117/4427 
f 4367/4687 4366/4686 4117/4427 4116/4426 
f 4366/4686 4367/4687 4368/4688 4369/4689 
f 4362/4682 4366/4686 4369/4689 4363/4683 
f 4370/4690 4367/4687 4116/4426 4121/4431 
f 4371/4691 4370/4690 4121/4431 4120/4430 
f 4370/4690 4371/4691 4372/4692 4373/4693 
f 4367/4687 4370/4690 4373/4693 4368/4688 
f 4374/4694 4371/4691 4120/4430 4125/4435 
f 4375/4695 4374/4694 4125/4435 4124/4434 
f 4374/4694 4375/4695 4376/4696 4377/4697 
f 4371/4691 4374/4694 4377/4697 4372/4692 
f 4378/4698 4375/4695 4124/4434 4129/4439 
f 4379/4699 4378/4698 4129/4439 4128/4438 
f 4378/4698 4379/4699 4380/4700 4381/4701 
f 4375/4695 4378/4698 4381/4701 4376/4696 
f 4382/4702 4379/4699 4128/4438 4133/4443 
f 4383/4703 4382/4702 4133/4443 4132/4442 
f 4382/4702 4383/4703 4384/4704 4385/4705 
f 4379/4699 4382/4702 4385/4705 4380/4700 
f 4386/4706 4383/4703 4132/4442 4137/4447 
f 4387/4707 4386/4706 4137/4447 4136/4446 
f 4386/4706 4387/4707 4388/4708 4389/4709 
f 4383/4703 4386/4706 4389/4709 4384/4704 
f 4390/4710 4387/4707 4136/4446 4141/4451 
f 4391/4711 4390/4710 4141/4451 4140/4450 
f 4390/4710 4391/4711 4392/4712 4393/4713 
f 4387/4707 4390/4710 4393/4713 4388/4708 
f 4394/4714 4391/4711 4140/4450 4145/4455 
f 4395/4715 4394/4714 4145/4455 4144/4454 
f 4394/4714 4395/4715 4396/4716 4397/4717 
f 4391/4711 4394/4714 4397/4717 4392/4712 
f 4398/4718 4395/4715 4144/4454 4149/4459 
f 4399/4719 4398/4718 4149/4459 4148/4458 
f 4398/4718 4399/4719 4400/4720 4401/4721 
f 4395/4715 4398/4718 4401/4721 4396/4716 
f 4402/4722 4399/4719 4148/4458 4153/4463 
f 4403/4723 4402/4722 4153/4463 4152/4462 
f 4402/4722 4403/4723 4404/4724 4405/4725 
f 4399/4719 4402/4722 4405/4725 4400/4720 
f 4406/4726 4403/4723 4152/4462 4157/4467 
f 4407/4727 4406/4726 4157/4467 4156/4466 
f 4406/4726 4407/4727 4408/4728 4409/4729 
f 4403/4723 4406/4726 4409/4729 4404/4724 
f 4410/4730 4407/4727 4156/4466 4161/4471 
f 4411/4731 4410/4730 4161/4471 4160/4470 
f 4410/4730 4411/4731 4412/4732 4413/4733 
f 4407/4727 4410/4730 4413/4733 4408/4728 
f 4414/4734 4411/4731 4160/4470 4165/4475 
f 4415/4735 4414/4734 4165/4475 4164/4474 
f 4414/4734 4415/4735 4416/4736 4417/4737 
f 4411/4731 4414/4734 4417/4737 4412/4732 
f 4418/4738 4415/4735 4164/4474 4169/4479 
f 4419/4739 4418/4738 4169/4479 4168/4478 
f 4418/4738 4419/4739 4420/4740 4421/4741 
f 4415/4735 4418/4738 4421/4741 4416/4736 
f 4422/4742 4419/4739 4168/4478 4173/4483 
f 4423/4743 4422/4742 4173/4483 4172/4482 
f 4422/4742 4423/4743 4424/4744 4425/4745 
f 4419/4739 4422/4742 4425/4745 4420/4740 
f 4426/4746 4423/4743 4172/4482 4177/4487 
f 4427/4747 4426/4746 4177/4487 4176/4486 
f 4426/4746 4427/4747 4428/4748 4429/4749 
f 4423/4743 4426/4746 4429/4749 4424/4744 
f 4430/4750 4427/4747 4176/4486 4181/4491 
f 4431/4751 4430/4750 4181/4491 4180/4490 
f 4430/4750 4431/4751 4432/4752 4433/4753 
f 4427/4747 4430/4750 4433/4753 4428/4748 
f 4434/4754 4431/4751 4180/4490 4185/4495 
f 4435/4755 4434/4754 4185/4495 4184/4494 
f 4434/4754 4435/4755 4436/4756 4437/4757 
f 4431/4751 4434/4754 4437/4757 4432/4752 
f 4438/4758 4435/4755 4184/4494 4189/4499 
f 4439/4759 4438/4758 4189/4499 4188/4498 
f 4438/4758 4439/4759 4440/4760 4441/4761 
f 4435/4755 4438/4758 4441/4761 4436/4756 
f 4442/4762 4439/4763 4188/4505 4193/4504 
f 4443/4764 4442/4762 4193/4504 4192/4503 
f 4442/4762 4443/4764 4444/4765 4445/4766 
f 4439/4763 4442/4762 4445/4766 4440/4767 
f 4446/4768 4443/4769 4192/4511 4197/4510 
f 4447/4770 4446/4768 4197/4510 4196/4509 
f 4446/4768 4447/4770 4448/4771 4449/4772 
f 4443/4769 4446/4768 4449/4772 4444/4773 
f 4450/4774 4447/4770 4196/4509 4201/4515 
f 4451/4775 4450/4774 4201/4515 4200/4514 
f 4450/4774 4451/4775 4452/4776 4453/4777 
f 4447/4770 4450/4774 4453/4777 4448/4771 
f 4454/4778 4451/4775 4200/4514 4205/4519 
f 4455/4779 4454/4778 4205/4519 4204/4518 
f 4454/4778 4455/4779 4456/4780 4457/4781 
f 4451/4775 4454/4778 4457/4781 4452/4776 
f 4458/4782 4455/4779 4204/4518 4209/4523 
f 4459/4783 4458/4782 4209/4523 4208/4522 
f 4458/4782 4459/4783 4460/4784 4461/4785 
f 4455/4779 4458/4782 4461/4785 4456/4780 
f 4462/4786 4459/4783 4208/4522 4213/4527 
f 4463/4787 4462/4786 4213/4527 4212/4526 
f 4462/4786 4463/4787 4464/4788 4465/4789 
f 4459/4783 4462/4786 4465/4789 4460/4784 
f 4466/4790 4463/4787 4212/4526 4217/4531 
f 4467/4791 4466/4790 4217/4531 4216/4530 
f 4466/4790 4467/4791 4468/4792 4469/4793 
f 4463/4787 4466/4790 4469/4793 4464/4788 
f 4470/4794 4467/4791 4216/4530 4221/4535 
f 4471/4795 4470/4794 4221/4535 4220/4534 
f 4470/4794 4471/4795 4472/4796 4473/4797 
f 4467/4791 4470/4794 4473/4797 4468/4792 
f 4474/4798 4471/4799 4220/4541 4225/4540 
f 4475/4800 4474/4798 4225/4540 4224/4539 
f 4474/4798 4475/4800 4476/4801 4477/4802 
f 4471/4799 4474/4798 4477/4802 4472/4803 
f 4478/4804 4475/4800 4224/4539 4229/4545 
f 4479/4805 4478/4804 4229/4545 4228/4544 
f 4478/4804 4479/4805 4480/4806 4481/4807 
f 4475/4800 4478/4804 4481/4807 4476/4801 
f 4482/4808 4479/4805 4228/4544 4233/4549 
f 4483/4809 4482/4808 4233/4549 4232/4548 
f 4482/4808 4483/4809 4484/4810 4485/4811 
f 4479/4805 4482/4808 4485/4811 4480/4806 
f 4486/4812 4483/4813 4232/4555 4237/4554 
f 4487/4814 4486/4812 4237/4554 4236/4553 
f 4486/4812 4487/4814 4488/4815 4489/4816 
f 4483/4813 4486/4812 4489/4816 4484/4817 
f 4490/4818 4487/4814 4236/4553 4241/4559 
f 4491/4819 4490/4818 4241/4559 4240/4558 
f 4490/4818 4491/4819 4492/4820 4493/4821 
f 4487/4814 4490/4818 4493/4821 4488/4815 
f 4494/4822 4491/4819 4240/4558 4245/4563 
f 4495/4823 4494/4822 4245/4563 4244/4562 
f 4494/4822 4495/4823 4496/4824 4497/4825 
f 4491/4819 4494/4822 4497/4825 4492/4820 
f 4498/4826 4495/4823 4244/4562 4249/4567 
f 4499/4827 4498/4826 4249/4567 4248/4566 
f 4498/4826 4499/4827 4500/4828 4501/4829 
f 4495/4823 4498/4826 4501/4829 4496/4824 
f 4502/4830 4499/4827 4248/4566 4253/4571 
f 4503/4831 4502/4830 4253/4571 4252/4570 
f 4502/4830 4503/4831 4504/4832 4505/4833 
f 4499/4827 4502/4830 4505/4833 4500/4828 
f 4506/4834 4503/4831 4252/4570 4257/4575 
f 4507/4835 4506/4834 4257/4575 4256/4574 
f 4506/4834 4507/4835 4508/4836 4509/4837 
f 4503/4831 4506/4834 4509/4837 4504/4832 
f 4510/4838 4511/4839 4263/4581 4262/4580 
f 4512/4840 4510/4838 4262/4580 4261/4579 
f 4510/4838 4512/4840 4513/4841 4514/4842 
f 4511/4839 4510/4838 4514/4842 4515/4843 
f 4516/4844 4512/4840 4261/4579 4267/4585 
f 4517/4845 4516/4844 4267/4585 4266/4584 
f 4516/4844 4517/4845 4518/4846 4519/4847 
f 4512/4840 4516/4844 4519/4847 4513/4841 
f 4520/4848 4517/4845 4266/4584 4271/4589 
f 4521/4849 4520/4848 4271/4589 4270/4588 
f 4520/4848 4521/4849 4522/4850 4523/4851 
f 4517/4845 4520/4848 4523/4851 4518/4846 
f 4524/4852 4521/4849 4270/4588 4275/4593 
f 4525/4853 4524/4852 4275/4593 4274/4592 
f 4524/4852 4525/4853 4526/4854 4527/4855 
f 4521/4849 4524/4852 4527/4855 4522/4850 
f 4528/4856 4525/4853 4274/4592 4279/4597 
f 4529/4857 4528/4856 4279/4597 4278/4596 
f 4528/4856 4529/4857 4530/4858 4531/4859 
f 4525/4853 4528/4856 4531/4859 4526/4854 
f 4532/4860 4529/4857 4278/4596 4283/4601 
f 4533/4861 4532/4860 4283/4601 4282/4600 
f 4532/4860 4533/4861 4534/4862 4535/4863 
f 4529/4857 4532/4860 4535/4863 4530/4858 
f 4536/4864 4533/4861 4282/4600 4287/4605 
f 4537/4865 4536/4864 4287/4605 4286/4604 
f 4536/4864 4537/4865 4538/4866 4539/4867 
f 4533/4861 4536/4864 4539/4867 4534/4862 
f 4540/4868 4537/4865 4286/4604 4291/4609 
f 4541/4869 4540/4868 4291/4609 4290/4608 
f 4540/4868 4541/4869 4542/4870 4543/4871 
f 4537/4865 4540/4868 4543/4871 4538/4866 
f 4544/4872 4541/4873 4290/4615 4295/4614 
f 4545/4874 4544/4872 4295/4614 4294/4613 
f 4544/4872 4545/4874 4546/4875 4547/4876 
f 4541/4873 4544/4872 4547/4876 4542/4877 
f 4548/4878 4545/4874 4294/4613 4299/4619 
f 4549/4879 4548/4878 4299/4619 4298/4618 
f 4548/4878 4549/4879 4550/4880 4551/4881 
f 4545/4874 4548/4878 4551/4881 4546/4875 
f 4552/4882 4549/4879 4298/4618 4303/4623 
f 4553/4883 4552/4882 4303/4623 4302/4622 
f 4552/4882 4553/4883 4554/4884 4555/4885 
f 4549/4879 4552/4882 4555/4885 4550/4880 
f 4556/4886 4553/4883 4302/4622 4307/4627 
f 4557/4887 4556/4886 4307/4627 4306/4626 
f 4556/4886 4557/4887 4558/4888 4559/4889 
f 4553/4883 4556/4886 4559/4889 4554/4884 
f 4560/4890 4557/4887 4306/4626 4311/4631 
f 4561/4891 4560/4890 4311/4631 4310/4630 
f 4560/4890 4561/4891 4562/4892 4563/4893 
f 4557/4887 4560/4890 4563/4893 4558/4888 
f 4564/4894 4561/4891 4310/4630 4315/4635 
f 4565/4895 4564/4894 4315/4635 4314/4634 
f 4564/4894 4565/4895 4566/4896 4567/4897 
f 4561/4891 4564/4894 4567/4897 4562/4892 
f 4568/4898 4565/4895 4314/4634 4319/4639 
f 4569/4899 4568/4898 4319/4639 4318/4638 
f 4568/4898 4569/4899 4570/4900 4571/4901 
f 4565/4895 4568/4898 4571/4901 4566/4896 
f 4572/4902 4569/4899 4318/4638 4323/4643 
f 4573/4903 4572/4902 4323/4643 4322/4642 
f 4572/4902 4573/4903 4574/4904 4575/4905 
f 4569/4899 4572/4902 4575/4905 4570/4900 
f 4576/4906 4573/4903 4322/4642 4327/4647 
f 4577/4907 4576/4906 4327/4647 4326/4646 
f 4576/4906 4577/4907 4578/4908 4579/4909 
f 4573/4903 4576/4906 4579/4909 4574/4904 
f 4580/4910 4577/4907 4326/4646 4331/4651 
f 4581/4911 4580/4910 4331/4651 4330/4650 
f 4580/4910 4581/4911 4582/4912 4583/4913 
f 4577/4907 4580/4910 4583/4913 4578/4908 
f 4584/4914 4581/4911 4330/4650 4335/4655 
f 4585/4915 4584/4914 4335/4655 4334/4654 
f 4584/4914 4585/4915 4586/4916 4587/4917 
f 4581/4911 4584/4914 4587/4917 4582/4912 
f 4588/4918 4585/4915 4334/4654 4339/4659 
f 4589/4919 4588/4918 4339/4659 4338/4658 
f 4588/4918 4589/4919 4590/4920 4591/4921 
f 4585/4915 4588/4918 4591/4921 4586/4916 
f 4592/4922 4589/4919 4338/4658 4341/4661 
f 4593/4923 4592/4922 4341/4661 2073/2300 
f 4592/4922 4593/4923 4590/4920 4589/4919 
f 4594/4924 4595/4925 4347/4667 4346/4666 
f 4596/4926 4594/4924 4346/4666 4345/4665 
f 4594/4924 4596/4926 4597/4927 4598/4928 
f 4595/4925 4594/4924 4598/4928 4599/4929 
f 4600/4930 4601/4931 4602/4932 4603/4933 
f 4349/4669 4600/4930 4603/4933 4350/4670 
f 4600/4930 4349/4669 4353/4673 4604/4934 
f 4601/4931 4600/4930 4604/4934 4605/4935 
f 4606/4936 4607/4937 4608/4938 4609/4939 
f 4355/4675 4606/4936 4609/4939 4356/4676 
f 4606/4936 4355/4675 4359/4679 4610/4940 
f 4607/4937 4606/4936 4610/4940 4611/4941 
f 4612/4942 4613/4943 4365/4685 4364/4684 
f 4614/4944 4612/4942 4364/4684 4363/4683 
f 4612/4942 4614/4944 4615/4945 4616/4946 
f 4613/4943 4612/4942 4616/4946 4617/4947 
f 4618/4948 4614/4944 4363/4683 4369/4689 
f 4619/4949 4618/4948 4369/4689 4368/4688 
f 4618/4948 4619/4949 4620/4950 4621/4951 
f 4614/4944 4618/4948 4621/4951 4615/4945 
f 4622/4952 4619/4949 4368/4688 4373/4693 
f 4623/4953 4622/4952 4373/4693 4372/4692 
f 4622/4952 4623/4953 4624/4954 4625/4955 
f 4619/4949 4622/4952 4625/4955 4620/4950 
f 4626/4956 4623/4953 4372/4692 4377/4697 
f 4627/4957 4626/4956 4377/4697 4376/4696 
f 4626/4956 4627/4957 4628/4958 4629/4959 
f 4623/4953 4626/4956 4629/4959 4624/4954 
f 4630/4960 4627/4957 4376/4696 4381/4701 
f 4631/4961 4630/4960 4381/4701 4380/4700 
f 4630/4960 4631/4961 4632/4962 4633/4963 
f 4627/4957 4630/4960 4633/4963 4628/4958 
f 4634/4964 4631/4961 4380/4700 4385/4705 
f 4635/4965 4634/4964 4385/4705 4384/4704 
f 4634/4964 4635/4965 4636/4966 4637/4967 
f 4631/4961 4634/4964 4637/4967 4632/4962 
f 4638/4968 4635/4965 4384/4704 4389/4709 
f 4639/4969 4638/4968 4389/4709 4388/4708 
f 4638/4968 4639/4969 4640/4970 4641/4971 
f 4635/4965 4638/4968 4641/4971 4636/4966 
f 4642/4972 4639/4969 4388/4708 4393/4713 
f 4643/4973 4642/4972 4393/4713 4392/4712 
f 4642/4972 4643/4973 4644/4974 4645/4975 
f 4639/4969 4642/4972 4645/4975 4640/4970 
f 4646/4976 4643/4973 4392/4712 4397/4717 
f 4647/4977 4646/4976 4397/4717 4396/4716 
f 4646/4976 4647/4977 4648/4978 4649/4979 
f 4643/4973 4646/4976 4649/4979 4644/4974 
f 4650/4980 4647/4977 4396/4716 4401/4721 
f 4651/4981 4650/4980 4401/4721 4400/4720 
f 4650/4980 4651/4981 4652/4982 4653/4983 
f 4647/4977 4650/4980 4653/4983 4648/4978 
f 4654/4984 4651/4981 4400/4720 4405/4725 
f 4655/4985 4654/4984 4405/4725 4404/4724 
f 4654/4984 4655/4985 4656/4986 4657/4987 
f 4651/4981 4654/4984 4657/4987 4652/4982 
f 4658/4988 4655/4985 4404/4724 4409/4729 
f 4659/4989 4658/4988 4409/4729 4408/4728 
f 4658/4988 4659/4989 4660/4990 4661/4991 
f 4655/4985 4658/4988 4661/4991 4656/4986 
f 4662/4992 4659/4989 4408/4728 4413/4733 
f 4663/4993 4662/4992 4413/4733 4412/4732 
f 4662/4992 4663/4993 4664/4994 4665/4995 
f 4659/4989 4662/4992 4665/4995 4660/4990 
f 4666/4996 4663/4993 4412/4732 4417/4737 
f 4667/4997 4666/4996 4417/4737 4416/4736 
f 4666/4996 4667/4997 4668/4998 4669/4999 
f 4663/4993 4666/4996 4669/4999 4664/4994 
f 4670/5000 4667/4997 4416/4736 4421/4741 
f 4671/5001 4670/5000 4421/4741 4420/4740 
f 4670/5000 4671/5001 4672/5002 4673/5003 
f 4667/4997 4670/5000 4673/5003 4668/4998 
f 4674/5004 4671/5001 4420/4740 4425/4745 
f 4675/5005 4674/5004 4425/4745 4424/4744 
f 4674/5004 4675/5005 4676/5006 4677/5007 
f 4671/5001 4674/5004 4677/5007 4672/5002 
f 4678/5008 4675/5005 4424/4744 4429/4749 
f 4679/5009 4678/5008 4429/4749 4428/4748 
f 4678/5008 4679/5009 4680/5010 4681/5011 
f 4675/5005 4678/5008 4681/5011 4676/5006 
f 4682/5012 4679/5009 4428/4748 4433/4753 
f 4683/5013 4682/5012 4433/4753 4432/4752 
f 4682/5012 4683/5013 4684/5014 4685/5015 
f 4679/5009 4682/5012 4685/5015 4680/5010 
f 4686/5016 4683/5013 4432/4752 4437/4757 
f 4687/5017 4686/5016 4437/4757 4436/4756 
f 4686/5016 4687/5017 4688/5018 4689/5019 
f 4683/5013 4686/5016 4689/5019 4684/5014 
f 4690/5020 4687/5017 4436/4756 4441/4761 
f 4691/5021 4690/5020 4441/4761 4440/4760 
f 4690/5020 4691/5021 4692/5022 4693/5023 
f 4687/5017 4690/5020 4693/5023 4688/5018 
f 4694/5024 4691/5025 4440/4767 4445/4766 
f 4695/5026 4694/5024 4445/4766 4444/4765 
f 4694/5024 4695/5026 4696/5027 4697/5028 
f 4691/5025 4694/5024 4697/5028 4692/5029 
f 4698/5030 4695/5031 4444/4773 4449/4772 
f 4699/5032 4698/5030 4449/4772 4448/4771 
f 4698/5030 4699/5032 4700/5033 4701/5034 
f 4695/5031 4698/5030 4701/5034 4696/5035 
f 4702/5036 4699/5032 4448/4771 4453/4777 
f 4703/5037 4702/5036 4453/4777 4452/4776 
f 4702/5036 4703/5037 4704/5038 4705/5039 
f 4699/5032 4702/5036 4705/5039 4700/5033 
f 4706/5040 4703/5037 4452/4776 4457/4781 
f 4707/5041 4706/5040 4457/4781 4456/4780 
f 4706/5040 4707/5041 4708/5042 4709/5043 
f 4703/5037 4706/5040 4709/5043 4704/5038 
f 4710/5044 4707/5041 4456/4780 4461/4785 
f 4711/5045 4710/5044 4461/4785 4460/4784 
f 4710/5044 4711/5045 4712/5046 4713/5047 
f 4707/5041 4710/5044 4713/5047 4708/5042 
f 4714/5048 4711/5045 4460/4784 4465/4789 
f 4715/5049 4714/5048 4465/4789 4464/4788 
f 4714/5048 4715/5049 4716/5050 4717/5051 
f 4711/5045 4714/5048 4717/5051 4712/5046 
f 4718/5052 4715/5049 4464/4788 4469/4793 
f 4719/5053 4718/5052 4469/4793 4468/4792 
f 4718/5052 4719/5053 4720/5054 4721/5055 
f 4715/5049 4718/5052 4721/5055 4716/5050 
f 4722/5056 4719/5053 4468/4792 4473/4797 
f 4723/5057 4722/5056 4473/4797 4472/4796 
f 4722/5056 4723/5057 4724/5058 4725/5059 
f 4719/5053 4722/5056 4725/5059 4720/5054 
f 4726/5060 4723/5061 4472/4803 4477/4802 
f 4727/5062 4726/5060 4477/4802 4476/4801 
f 4726/5060 4727/5062 4728/5063 4729/5064 
f 4723/5061 4726/5060 4729/5064 4724/5065 
f 4730/5066 4727/5062 4476/4801 4481/4807 
f 4731/5067 4730/5066 4481/4807 4480/4806 
f 4730/5066 4731/5067 4732/5068 4733/5069 
f 4727/5062 4730/5066 4733/5069 4728/5063 
f 4734/5070 4731/5067 4480/4806 4485/4811 
f 4735/5071 4734/5070 4485/4811 4484/4810 
f 4734/5070 4735/5071 4736/5072 4737/5073 
f 4731/5067 4734/5070 4737/5073 4732/5068 
f 4738/5074 4735/5075 4484/4817 4489/4816 
f 4739/5076 4738/5074 4489/4816 4488/4815 
f 4738/5074 4739/5076 4740/5077 4741/5078 
f 4735/5075 4738/5074 4741/5078 4736/5079 
f 4742/5080 4739/5076 4488/4815 4493/4821 
f 4743/5081 4742/5080 4493/4821 4492/4820 
f 4742/5080 4743/5081 4744/5082 4745/5083 
f 4739/5076 4742/5080 4745/5083 4740/5077 
f 4746/5084 4743/5081 4492/4820 4497/4825 
f 4747/5085 4746/5084 4497/4825 4496/4824 
f 4746/5084 4747/5085 4748/5086 4749/5087 
f 4743/5081 4746/5084 4749/5087 4744/5082 
f 4750/5088 4747/5085 4496/4824 4501/4829 
f 4751/5089 4750/5088 4501/4829 4500/4828 
f 4750/5088 4751/5089 4752/5090 4753/5091 
f 4747/5085 4750/5088 4753/5091 4748/5086 
f 4754/5092 4751/5089 4500/4828 4505/4833 
f 4755/5093 4754/5092 4505/4833 4504/4832 
f 4754/5092 4755/5093 4756/5094 4757/5095 
f 4751/5089 4754/5092 4757/5095 4752/5090 
f 4758/5096 4755/5093 4504/4832 4509/4837 
f 4759/5097 4758/5096 4509/4837 4508/4836 
f 4758/5096 4759/5097 4760/5098 4761/5099 
f 4755/5093 4758/5096 4761/5099 4756/5094 
f 4762/5100 4763/5101 4515/4843 4514/4842 
f 4764/5102 4762/5100 4514/4842 4513/4841 
f 4762/5100 4764/5102 4765/5103 4766/5104 
f 4763/5101 4762/5100 4766/5104 4767/5105 
f 4768/5106 4764/5102 4513/4841 4519/4847 
f 4769/5107 4768/5106 4519/4847 4518/4846 
f 4768/5106 4769/5107 4770/5108 4771/5109 
f 4764/5102 4768/5106 4771/5109 4765/5103 
f 4772/5110 4769/5107 4518/4846 4523/4851 
f 4773/5111 4772/5110 4523/4851 4522/4850 
f 4772/5110 4773/5111 4774/5112 4775/5113 
f 4769/5107 4772/5110 4775/5113 4770/5108 
f 4776/5114 4773/5111 4522/4850 4527/4855 
f 4777/5115 4776/5114 4527/4855 4526/4854 
f 4776/5114 4777/5115 4778/5116 4779/5117 
f 4773/5111 4776/5114 4779/5117 4774/5112 
f 4780/5118 4777/5115 4526/4854 4531/4859 
f 4781/5119 4780/5118 4531/4859 4530/4858 
f 4780/5118 4781/5119 4782/5120 4783/5121 
f 4777/5115 4780/5118 4783/5121 4778/5116 
f 4784/5122 4781/5119 4530/4858 4535/4863 
f 4785/5123 4784/5122 4535/4863 4534/4862 
f 4784/5122 4785/5123 4786/5124 4787/5125 
f 4781/5119 4784/5122 4787/5125 4782/5120 
f 4788/5126 4785/5123 4534/4862 4539/4867 
f 4789/5127 4788/5126 4539/4867 4538/4866 
f 4788/5126 4789/5127 4790/5128 4791/5129 
f 4785/5123 4788/5126 4791/5129 4786/5124 
f 4792/5130 4789/5127 4538/4866 4543/4871 
f 4793/5131 4792/5130 4543/4871 4542/4870 
f 4792/5130 4793/5131 4794/5132 4795/5133 
f 4789/5127 4792/5130 4795/5133 4790/5128 
f 4796/5134 4793/5135 4542/4877 4547/4876 
f 4797/5136 4796/5134 4547/4876 4546/4875 
f 4796/5134 4797/5136 4798/5137 4799/5138 
f 4793/5135 4796/5134 4799/5138 4794/5139 
f 4800/5140 4797/5136 4546/4875 4551/4881 
f 4801/5141 4800/5140 4551/4881 4550/4880 
f 4800/5140 4801/5141 4802/5142 4803/5143 
f 4797/5136 4800/5140 4803/5143 4798/5137 
f 4804/5144 4801/5141 4550/4880 4555/4885 
f 4805/5145 4804/5144 4555/4885 4554/4884 
f 4804/5144 4805/5145 4806/5146 4807/5147 
f 4801/5141 4804/5144 4807/5147 4802/5142 
f 4808/5148 4805/5145 4554/4884 4559/4889 
f 4809/5149 4808/5148 4559/4889 4558/4888 
f 4808/5148 4809/5149 4810/5150 4811/5151 
f 4805/5145 4808/5148 4811/5151 4806/5146 
f 4812/5152 4809/5149 4558/4888 4563/4893 
f 4813/5153 4812/5152 4563/4893 4562/4892 
f 4812/5152 4813/5153 4814/5154 4815/5155 
f 4809/5149 4812/5152 4815/5155 4810/5150 
f 4816/5156 4813/5153 4562/4892 4567/4897 
f 4817/5157 4816/5156 4567/4897 4566/4896 
f 4816/5156 4817/5157 4818/5158 4819/5159 
f 4813/5153 4816/5156 4819/5159 4814/5154 
f 4820/5160 4817/5157 4566/4896 4571/4901 
f 4821/5161 4820/5160 4571/4901 4570/4900 
f 4820/5160 4821/5161 4822/5162 4823/5163 
f 4817/5157 4820/5160 4823/5163 4818/5158 
f 4824/5164 4821/5161 4570/4900 4575/4905 
f 4825/5165 4824/5164 4575/4905 4574/4904 
f 4824/5164 4825/5165 4826/5166 4827/5167 
f 4821/5161 4824/5164 4827/5167 4822/5162 
f 4828/5168 4825/5165 4574/4904 4579/4909 
f 4829/5169 4828/5168 4579/4909 4578/4908 
f 4828/5168 4829/5169 4830/5170 4831/5171 
f 4825/5165 4828/5168 4831/5171 4826/5166 
f 4832/5172 4829/5169 4578/4908 4583/4913 
f 4833/5173 4832/5172 4583/4913 4582/4912 
f 4832/5172 4833/5173 4834/5174 4835/5175 
f 4829/5169 4832/5172 4835/5175 4830/5170 
f 4836/5176 4833/5173 4582/4912 4587/4917 
f 4837/5177 4836/5176 4587/4917 4586/4916 
f 4836/5176 4837/5177 4838/5178 4839/5179 
f 4833/5173 4836/5176 4839/5179 4834/5174 
f 4840/5180 4837/5177 4586/4916 4591/4921 
f 4841/5181 4840/5180 4591/4921 4590/4920 
f 4840/5180 4841/5181 4842/5182 4843/5183 
f 4837/5177 4840/5180 4843/5183 4838/5178 
f 4844/5184 4841/5185 4590/5186 4593/5187 
f 4845/5188 4844/5184 4593/5187 2073/2300 
f 4844/5184 4845/5188 4842/5189 4841/5185 
f 4846/5190 4847/5191 4599/4929 4598/4928 
f 4848/5192 4846/5190 4598/4928 4597/4927 
f 4846/5190 4848/5192 4849/5193 4850/5194 
f 4847/5191 4846/5190 4850/5194 4851/5195 
f 4852/5196 4853/5197 4854/5198 4855/5199 
f 4601/5200 4852/5196 4855/5199 4602/5201 
f 4852/5196 4601/5200 4605/5202 4856/5203 
f 4853/5197 4852/5196 4856/5203 4857/5204 
f 4858/5205 4859/5206 4860/5207 4861/5208 
f 4607/5209 4858/5205 4861/5208 4608/5210 
f 4858/5205 4607/5209 4611/5211 4862/5212 
f 4859/5206 4858/5205 4862/5212 4863/5213 
f 4864/5214 4865/5215 4617/4947 4616/4946 
f 4866/5216 4864/5214 4616/4946 4615/4945 
f 4864/5214 4866/5216 4867/5217 4868/5218 
f 4865/5215 4864/5214 4868/5218 4869/5219 
f 4870/5220 4866/5216 4615/4945 4621/4951 
f 4871/5221 4870/5220 4621/4951 4620/4950 
f 4870/5220 4871/5221 4872/5222 4873/5223 
f 4866/5216 4870/5220 4873/5223 4867/5217 
f 4874/5224 4871/5221 4620/4950 4625/4955 
f 4875/5225 4874/5224 4625/4955 4624/4954 
f 4874/5224 4875/5225 4876/5226 4877/5227 
f 4871/5221 4874/5224 4877/5227 4872/5222 
f 4878/5228 4875/5225 4624/4954 4629/4959 
f 4879/5229 4878/5228 4629/4959 4628/4958 
f 4878/5228 4879/5229 4880/5230 4881/5231 
f 4875/5225 4878/5228 4881/5231 4876/5226 
f 4882/5232 4879/5229 4628/4958 4633/4963 
f 4883/5233 4882/5232 4633/4963 4632/4962 
f 4882/5232 4883/5233 4884/5234 4885/5235 
f 4879/5229 4882/5232 4885/5235 4880/5230 
f 4886/5236 4883/5233 4632/4962 4637/4967 
f 4887/5237 4886/5236 4637/4967 4636/4966 
f 4886/5236 4887/5237 4888/5238 4889/5239 
f 4883/5233 4886/5236 4889/5239 4884/5234 
f 4890/5240 4887/5237 4636/4966 4641/4971 
f 4891/5241 4890/5240 4641/4971 4640/4970 
f 4890/5240 4891/5241 4892/5242 4893/5243 
f 4887/5237 4890/5240 4893/5243 4888/5238 
f 4894/5244 4891/5241 4640/4970 4645/4975 
f 4895/5245 4894/5244 4645/4975 4644/4974 
f 4894/5244 4895/5245 4896/5246 4897/5247 
f 4891/5241 4894/5244 4897/5247 4892/5242 
f 4898/5248 4895/5245 4644/4974 4649/4979 
f 4899/5249 4898/5248 4649/4979 4648/4978 
f 4898/5248 4899/5249 4900/5250 4901/5251 
f 4895/5245 4898/5248 4901/5251 4896/5246 
f 4902/5252 4899/5249 4648/4978 4653/4983 
f 4903/5253 4902/5252 4653/4983 4652/4982 
f 4902/5252 4903/5253 4904/5254 4905/5255 
f 4899/5249 4902/5252 4905/5255 4900/5250 
f 4906/5256 4903/5253 4652/4982 4657/4987 
f 4907/5257 4906/5256 4657/4987 4656/4986 
f 4906/5256 4907/5257 4908/5258 4909/5259 
f 4903/5253 4906/5256 4909/5259 4904/5254 
f 4910/5260 4907/5257 4656/4986 4661/4991 
f 4911/5261 4910/5260 4661/4991 4660/4990 
f 4910/5260 4911/5261 4912/5262 4913/5263 
f 4907/5257 4910/5260 4913/5263 4908/5258 
f 4914/5264 4911/5265 4660/5266 4665/5267 
f 4915/5268 4914/5264 4665/5267 4664/5269 
f 4914/5264 4915/5268 4916/5270 4917/5271 
f 4911/5265 4914/5264 4917/5271 4912/5272 
f 4918/5273 4915/5268 4664/5269 4669/5274 
f 4919/5275 4918/5273 4669/5274 4668/5276 
f 4918/5273 4919/5275 4920/5277 4921/5278 
f 4915/5268 4918/5273 4921/5278 4916/5270 
f 4922/5279 4919/5275 4668/5276 4673/5280 
f 4923/5281 4922/5279 4673/5280 4672/5282 
f 4922/5279 4923/5281 4924/5283 4925/5284 
f 4919/5275 4922/5279 4925/5284 4920/5277 
f 4926/5285 4923/5281 4672/5282 4677/5286 
f 4927/5287 4926/5285 4677/5286 4676/5288 
f 4926/5285 4927/5287 4928/5289 4929/5290 
f 4923/5281 4926/5285 4929/5290 4924/5283 
f 4930/5291 4927/5287 4676/5288 4681/5292 
f 4931/5293 4930/5291 4681/5292 4680/5294 
f 4930/5291 4931/5293 4932/5295 4933/5296 
f 4927/5287 4930/5291 4933/5296 4928/5289 
f 4934/5297 4931/5293 4680/5294 4685/5298 
f 4935/5299 4934/5297 4685/5298 4684/5300 
f 4934/5297 4935/5299 4936/5301 4937/5302 
f 4931/5293 4934/5297 4937/5302 4932/5295 
f 4938/5303 4935/5299 4684/5300 4689/5304 
f 4939/5305 4938/5303 4689/5304 4688/5306 
f 4938/5303 4939/5305 4940/5307 4941/5308 
f 4935/5299 4938/5303 4941/5308 4936/5301 
f 4942/5309 4939/5305 4688/5306 4693/5310 
f 4943/5311 4942/5309 4693/5310 4692/5312 
f 4942/5309 4943/5311 4944/5313 4945/5314 
f 4939/5305 4942/5309 4945/5314 4940/5307 
f 4946/5315 4943/5316 4692/5317 4697/5318 
f 4947/5319 4946/5315 4697/5318 4696/5320 
f 4946/5315 4947/5319 4948/5321 4949/5322 
f 4943/5316 4946/5315 4949/5322 4944/5323 
f 4950/5324 4947/5325 4696/5326 4701/5327 
f 4951/5328 4950/5324 4701/5327 4700/5329 
f 4950/5324 4951/5328 4952/5330 4953/5331 
f 4947/5325 4950/5324 4953/5331 4948/5332 
f 4954/5333 4951/5328 4700/5329 4705/5334 
f 4955/5335 4954/5333 4705/5334 4704/5336 
f 4954/5333 4955/5335 4956/5337 4957/5338 
f 4951/5328 4954/5333 4957/5338 4952/5330 
f 4958/5339 4955/5335 4704/5336 4709/5340 
f 4959/5341 4958/5339 4709/5340 4708/5342 
f 4958/5339 4959/5341 4960/5343 4961/5344 
f 4955/5335 4958/5339 4961/5344 4956/5337 
f 4962/5345 4959/5341 4708/5342 4713/5346 
f 4963/5347 4962/5345 4713/5346 4712/5348 
f 4962/5345 4963/5347 4964/5349 4965/5350 
f 4959/5341 4962/5345 4965/5350 4960/5343 
f 4966/5351 4963/5347 4712/5348 4717/5352 
f 4967/5353 4966/5351 4717/5352 4716/5354 
f 4966/5351 4967/5353 4968/5355 4969/5356 
f 4963/5347 4966/5351 4969/5356 4964/5349 
f 4970/5357 4967/5353 4716/5354 4721/5358 
f 4971/5359 4970/5357 4721/5358 4720/5360 
f 4970/5357 4971/5359 4972/5361 4973/5362 
f 4967/5353 4970/5357 4973/5362 4968/5355 
f 4974/5363 4971/5359 4720/5360 4725/5364 
f 4975/5365 4974/5363 4725/5364 4724/5366 
f 4974/5363 4975/5365 4976/5367 4977/5368 
f 4971/5359 4974/5363 4977/5368 4972/5361 
f 4978/5369 4975/5370 4724/5371 4729/5372 
f 4979/5373 4978/5369 4729/5372 4728/5374 
f 4978/5369 4979/5373 4980/5375 4981/5376 
f 4975/5370 4978/5369 4981/5376 4976/5377 
f 4982/5378 4979/5373 4728/5374 4733/5379 
f 4983/5380 4982/5378 4733/5379 4732/5381 
f 4982/5378 4983/5380 4984/5382 4985/5383 
f 4979/5373 4982/5378 4985/5383 4980/5375 
f 4986/5384 4983/5380 4732/5381 4737/5385 
f 4987/5386 4986/5384 4737/5385 4736/5387 
f 4986/5384 4987/5386 4988/5388 4989/5389 
f 4983/5380 4986/5384 4989/5389 4984/5382 
f 4990/5390 4987/5391 4736/5392 4741/5393 
f 4991/5394 4990/5390 4741/5393 4740/5395 
f 4990/5390 4991/5394 4992/5396 4993/5397 
f 4987/5391 4990/5390 4993/5397 4988/5398 
f 4994/5399 4991/5394 4740/5395 4745/5400 
f 4995/5401 4994/5399 4745/5400 4744/5402 
f 4994/5399 4995/5401 4996/5403 4997/5404 
f 4991/5394 4994/5399 4997/5404 4992/5396 
f 4998/5405 4995/5401 4744/5402 4749/5406 
f 4999/5407 4998/5405 4749/5406 4748/5408 
f 4998/5405 4999/5407 5000/5409 5001/5410 
f 4995/5401 4998/5405 5001/5410 4996/5403 
f 5002/5411 4999/5407 4748/5408 4753/5412 
f 5003/5413 5002/5411 4753/5412 4752/5414 
f 5002/5411 5003/5413 5004/5415 5005/5416 
f 4999/5407 5002/5411 5005/5416 5000/5409 
f 5006/5417 5003/5413 4752/5414 4757/5418 
f 5007/5419 5006/5417 4757/5418 4756/5420 
f 5006/5417 5007/5419 5008/5421 5009/5422 
f 5003/5413 5006/5417 5009/5422 5004/5415 
f 5010/5423 5007/5419 4756/5420 4761/5424 
f 5011/5425 5010/5423 4761/5424 4760/5426 
f 5010/5423 5011/5425 5012/5427 5013/5428 
f 5007/5419 5010/5423 5013/5428 5008/5421 
f 5014/5429 5015/5430 4767/5431 4766/5432 
f 5016/5433 5014/5429 4766/5432 4765/5434 
f 5014/5429 5016/5433 5017/5435 5018/5436 
f 5015/5430 5014/5429 5018/5436 5019/5437 
f 5020/5438 5016/5433 4765/5434 4771/5439 
f 5021/5440 5020/5438 4771/5439 4770/5441 
f 5020/5438 5021/5440 5022/5442 5023/5443 
f 5016/5433 5020/5438 5023/5443 5017/5435 
f 5024/5444 5021/5440 4770/5441 4775/5445 
f 5025/5446 5024/5444 4775/5445 4774/5447 
f 5024/5444 5025/5446 5026/5448 5027/5449 
f 5021/5440 5024/5444 5027/5449 5022/5442 
f 5028/5450 5025/5446 4774/5447 4779/5451 
f 5029/5452 5028/5450 4779/5451 4778/5453 
f 5028/5450 5029/5452 5030/5454 5031/5455 
f 5025/5446 5028/5450 5031/5455 5026/5448 
f 5032/5456 5029/5452 4778/5453 4783/5457 
f 5033/5458 5032/5456 4783/5457 4782/5459 
f 5032/5456 5033/5458 5034/5460 5035/5461 
f 5029/5452 5032/5456 5035/5461 5030/5454 
f 5036/5462 5033/5458 4782/5459 4787/5463 
f 5037/5464 5036/5462 4787/5463 4786/5465 
f 5036/5462 5037/5464 5038/5466 5039/5467 
f 5033/5458 5036/5462 5039/5467 5034/5460 
f 5040/5468 5037/5464 4786/5465 4791/5469 
f 5041/5470 5040/5468 4791/5469 4790/5471 
f 5040/5468 5041/5470 5042/5472 5043/5473 
f 5037/5464 5040/5468 5043/5473 5038/5466 
f 5044/5474 5041/5470 4790/5471 4795/5475 
f 5045/5476 5044/5474 4795/5475 4794/5477 
f 5044/5474 5045/5476 5046/5478 5047/5479 
f 5041/5470 5044/5474 5047/5479 5042/5472 
f 5048/5480 5045/5481 4794/5482 4799/5483 
f 5049/5484 5048/5480 4799/5483 4798/5485 
f 5048/5480 5049/5484 5050/5486 5051/5487 
f 5045/5481 5048/5480 5051/5487 5046/5488 
f 5052/5489 5049/5484 4798/5485 4803/5490 
f 5053/5491 5052/5489 4803/5490 4802/5492 
f 5052/5489 5053/5491 5054/5493 5055/5494 
f 5049/5484 5052/5489 5055/5494 5050/5486 
f 5056/5495 5053/5491 4802/5492 4807/5496 
f 5057/5497 5056/5495 4807/5496 4806/5498 
f 5056/5495 5057/5497 5058/5499 5059/5500 
f 5053/5491 5056/5495 5059/5500 5054/5493 
f 5060/5501 5057/5497 4806/5498 4811/5502 
f 5061/5503 5060/5501 4811/5502 4810/5504 
f 5060/5501 5061/5503 5062/5505 5063/5506 
f 5057/5497 5060/5501 5063/5506 5058/5499 
f 5064/5507 5061/5503 4810/5504 4815/5508 
f 5065/5509 5064/5507 4815/5508 4814/5510 
f 5064/5507 5065/5509 5066/5511 5067/5512 
f 5061/5503 5064/5507 5067/5512 5062/5505 
f 5068/5513 5065/5509 4814/5510 4819/5514 
f 5069/5515 5068/5513 4819/5514 4818/5516 
f 5068/5513 5069/5515 5070/5517 5071/5518 
f 5065/5509 5068/5513 5071/5518 5066/5511 
f 5072/5519 5069/5515 4818/5516 4823/5520 
f 5073/5521 5072/5519 4823/5520 4822/5522 
f 5072/5519 5073/5521 5074/5523 5075/5524 
f 5069/5515 5072/5519 5075/5524 5070/5517 
f 5076/5525 5073/5521 4822/5522 4827/5526 
f 5077/5527 5076/5525 4827/5526 4826/5528 
f 5076/5525 5077/5527 5078/5529 5079/5530 
f 5073/5521 5076/5525 5079/5530 5074/5523 
f 5080/5531 5077/5527 4826/5528 4831/5532 
f 5081/5533 5080/5531 4831/5532 4830/5534 
f 5080/5531 5081/5533 5082/5535 5083/5536 
f 5077/5527 5080/5531 5083/5536 5078/5529 
f 5084/5537 5081/5533 4830/5534 4835/5538 
f 5085/5539 5084/5537 4835/5538 4834/5540 
f 5084/5537 5085/5539 5086/5541 5087/5542 
f 5081/5533 5084/5537 5087/5542 5082/5535 
f 5088/5543 5085/5539 4834/5540 4839/5544 
f 5089/5545 5088/5543 4839/5544 4838/5546 
f 5088/5543 5089/5545 5090/5547 5091/5548 
f 5085/5539 5088/5543 5091/5548 5086/5541 
f 5092/5549 5089/5545 4838/5546 4843/5550 
f 5093/5551 5092/5549 4843/5550 4842/5189 
f 5092/5549 5093/5551 5094/5552 5095/5553 
f 5089/5545 5092/5549 5095/5553 5090/5547 
f 5096/5554 5093/5551 4842/5189 4845/5188 
f 5097/5555 5096/5554 4845/5188 2073/2300 
f 5096/5554 5097/5555 5094/5552 5093/5551 
f 5098/5556 5099/5557 4851/5195 4850/5194 
f 5100/5558 5098/5556 4850/5194 4849/5193 
f 5098/5556 5100/5558 5101/5559 5102/5560 
f 5099/5557 5098/5556 5102/5560 5103/5561 
f 5104/5562 5105/5563 5106/5564 5107/5565 
f 4853/5197 5104/5562 5107/5565 4854/5198 
f 5104/5562 4853/5197 4857/5204 5108/5566 
f 5105/5563 5104/5562 5108/5566 5109/5567 
f 5110/5568 5111/5569 5112/5570 5113/5571 
f 4859/5206 5110/5568 5113/5571 4860/5207 
f 5110/5568 4859/5206 4863/5213 5114/5572 
f 5111/5569 5110/5568 5114/5572 5115/5573 
f 5116/5574 5117/5575 4869/5576 4868/5577 
f 5118/5578 5116/5574 4868/5577 4867/5579 
f 5116/5574 5118/5578 5119/5580 5120/5581 
f 5117/5575 5116/5574 5120/5581 5121/5582 
f 5122/5583 5118/5578 4867/5579 4873/5584 
f 5123/5585 5122/5583 4873/5584 4872/5586 
f 5122/5583 5123/5585 5124/5587 5125/5588 
f 5118/5578 5122/5583 5125/5588 5119/5580 
f 5126/5589 5123/5585 4872/5586 4877/5590 
f 5127/5591 5126/5589 4877/5590 4876/5592 
f 5126/5589 5127/5591 5128/5593 5129/5594 
f 5123/5585 5126/5589 5129/5594 5124/5587 
f 5130/5595 5127/5591 4876/5592 4881/5596 
f 5131/5597 5130/5595 4881/5596 4880/5598 
f 5130/5595 5131/5597 5132/5599 5133/5600 
f 5127/5591 5130/5595 5133/5600 5128/5593 
f 5134/5601 5131/5597 4880/5598 4885/5602 
f 5135/5603 5134/5601 4885/5602 4884/5604 
f 5134/5601 5135/5603 5136/5605 5137/5606 
f 5131/5597 5134/5601 5137/5606 5132/5599 
f 5138/5607 5135/5603 4884/5604 4889/5608 
f 5139/5609 5138/5607 4889/5608 4888/5610 
f 5138/5607 5139/5609 5140/5611 5141/5612 
f 5135/5603 5138/5607 5141/5612 5136/5605 
f 5142/5613 5139/5609 4888/5610 4893/5614 
f 5143/5615 5142/5613 4893/5614 4892/5616 
f 5142/5613 5143/5615 5144/5617 5145/5618 
f 5139/5609 5142/5613 5145/5618 5140/5611 
f 5146/5619 5143/5615 4892/5616 4897/5620 
f 5147/5621 5146/5619 4897/5620 4896/5622 
f 5146/5619 5147/5621 5148/5623 5149/5624 
f 5143/5615 5146/5619 5149/5624 5144/5617 
f 5150/5625 5147/5621 4896/5622 4901/5626 
f 5151/5627 5150/5625 4901/5626 4900/5628 
f 5150/5625 5151/5627 5152/5629 5153/5630 
f 5147/5621 5150/5625 5153/5630 5148/5623 
f 5154/5631 5151/5627 4900/5628 4905/5632 
f 5155/5633 5154/5631 4905/5632 4904/5634 
f 5154/5631 5155/5633 5156/5635 5157/5636 
f 5151/5627 5154/5631 5157/5636 5152/5629 
f 5158/5637 5155/5633 4904/5634 4909/5638 
f 5159/5639 5158/5637 4909/5638 4908/5640 
f 5158/5637 5159/5639 5160/5641 5161/5642 
f 5155/5633 5158/5637 5161/5642 5156/5635 
f 5162/5643 5159/5639 4908/5640 4913/5644 
f 5163/5645 5162/5643 4913/5644 4912/5272 
f 5162/5643 5163/5645 5164/5646 5165/5647 
f 5159/5639 5162/5643 5165/5647 5160/5641 
f 5166/5648 5163/5645 4912/5272 4917/5271 
f 5167/5649 5166/5648 4917/5271 4916/5270 
f 5166/5648 5167/5649 5168/5650 5169/5651 
f 5163/5645 5166/5648 5169/5651 5164/5646 
f 5170/5652 5167/5649 4916/5270 4921/5278 
f 5171/5653 5170/5652 4921/5278 4920/5277 
f 5170/5652 5171/5653 5172/5654 5173/5655 
f 5167/5649 5170/5652 5173/5655 5168/5650 
f 5174/5656 5171/5653 4920/5277 4925/5284 
f 5175/5657 5174/5656 4925/5284 4924/5283 
f 5174/5656 5175/5657 5176/5658 5177/5659 
f 5171/5653 5174/5656 5177/5659 5172/5654 
f 5178/5660 5175/5657 4924/5283 4929/5290 
f 5179/5661 5178/5660 4929/5290 4928/5289 
f 5178/5660 5179/5661 5180/5662 5181/5663 
f 5175/5657 5178/5660 5181/5663 5176/5658 
f 5182/5664 5179/5661 4928/5289 4933/5296 
f 5183/5665 5182/5664 4933/5296 4932/5295 
f 5182/5664 5183/5665 5184/5666 5185/5667 
f 5179/5661 5182/5664 5185/5667 5180/5662 
f 5186/5668 5183/5665 4932/5295 4937/5302 
f 5187/5669 5186/5668 4937/5302 4936/5301 
f 5186/5668 5187/5669 5188/5670 5189/5671 
f 5183/5665 5186/5668 5189/5671 5184/5666 
f 5190/5672 5187/5669 4936/5301 4941/5308 
f 5191/5673 5190/5672 4941/5308 4940/5307 
f 5190/5672 5191/5673 5192/5674 5193/5675 
f 5187/5669 5190/5672 5193/5675 5188/5670 
f 5194/5676 5191/5673 4940/5307 4945/5314 
f 5195/5677 5194/5676 4945/5314 4944/5313 
f 5194/5676 5195/5677 5196/5678 5197/5679 
f 5191/5673 5194/5676 5197/5679 5192/5674 
f 5198/5680 5195/5681 4944/5323 4949/5322 
f 5199/5682 5198/5680 4949/5322 4948/5321 
f 5198/5680 5199/5682 5200/5683 5201/5684 
f 5195/5681 5198/5680 5201/5684 5196/5685 
f 5202/5686 5199/5687 4948/5332 4953/5331 
f 5203/5688 5202/5686 4953/5331 4952/5330 
f 5202/5686 5203/5688 5204/5689 5205/5690 
f 5199/5687 5202/5686 5205/5690 5200/5691 
f 5206/5692 5203/5688 4952/5330 4957/5338 
f 5207/5693 5206/5692 4957/5338 4956/5337 
f 5206/5692 5207/5693 5208/5694 5209/5695 
f 5203/5688 5206/5692 5209/5695 5204/5689 
f 5210/5696 5207/5693 4956/5337 4961/5344 
f 5211/5697 5210/5696 4961/5344 4960/5343 
f 5210/5696 5211/5697 5212/5698 5213/5699 
f 5207/5693 5210/5696 5213/5699 5208/5694 
f 5214/5700 5211/5697 4960/5343 4965/5350 
f 5215/5701 5214/5700 4965/5350 4964/5349 
f 5214/5700 5215/5701 5216/5702 5217/5703 
f 5211/5697 5214/5700 5217/5703 5212/5698 
f 5218/5704 5215/5701 4964/5349 4969/5356 
f 5219/5705 5218/5704 4969/5356 4968/5355 
f 5218/5704 5219/5705 5220/5706 5221/5707 
f 5215/5701 5218/5704 5221/5707 5216/5702 
f 5222/5708 5219/5705 4968/5355 4973/5362 
f 5223/5709 5222/5708 4973/5362 4972/5361 
f 5222/5708 5223/5709 5224/5710 5225/5711 
f 5219/5705 5222/5708 5225/5711 5220/5706 
f 5226/5712 5223/5709 4972/5361 4977/5368 
f 5227/5713 5226/5712 4977/5368 4976/5367 
f 5226/5712 5227/5713 5228/5714 5229/5715 
f 5223/5709 5226/5712 5229/5715 5224/5710 
f 5230/5716 5227/5717 4976/5377 4981/5376 
f 5231/5718 5230/5716 4981/5376 4980/5375 
f 5230/5716 5231/5718 5232/5719 5233/5720 
f 5227/5717 5230/5716 5233/5720 5228/5721 
f 5234/5722 5231/5718 4980/5375 4985/5383 
f 5235/5723 5234/5722 4985/5383 4984/5382 
f 5234/5722 5235/5723 5236/5724 5237/5725 
f 5231/5718 5234/5722 5237/5725 5232/5719 
f 5238/5726 5235/5723 4984/5382 4989/5389 
f 5239/5727 5238/5726 4989/5389 4988/5388 
f 5238/5726 5239/5727 5240/5728 5241/5729 
f 5235/5723 5238/5726 5241/5729 5236/5724 
f 5242/5730 5239/5731 4988/5398 4993/5397 
f 5243/5732 5242/5730 4993/5397 4992/5396 
f 5242/5730 5243/5732 5244/5733 5245/5734 
f 5239/5731 5242/5730 5245/5734 5240/5735 
f 5246/5736 5243/5732 4992/5396 4997/5404 
f 5247/5737 5246/5736 4997/5404 4996/5403 
f 5246/5736 5247/5737 5248/5738 5249/5739 
f 5243/5732 5246/5736 5249/5739 5244/5733 
f 5250/5740 5247/5737 4996/5403 5001/5410 
f 5251/5741 5250/5740 5001/5410 5000/5409 
f 5250/5740 5251/5741 5252/5742 5253/5743 
f 5247/5737 5250/5740 5253/5743 5248/5738 
f 5254/5744 5251/5741 5000/5409 5005/5416 
f 5255/5745 5254/5744 5005/5416 5004/5415 
f 5254/5744 5255/5745 5256/5746 5257/5747 
f 5251/5741 5254/5744 5257/5747 5252/5742 
f 5258/5748 5255/5745 5004/5415 5009/5422 
f 5259/5749 5258/5748 5009/5422 5008/5421 
f 5258/5748 5259/5749 5260/5750 5261/5751 
f 5255/5745 5258/5748 5261/5751 5256/5746 
f 5262/5752 5259/5749 5008/5421 5013/5428 
f 5263/5753 5262/5752 5013/5428 5012/5427 
f 5262/5752 5263/5753 5264/5754 5265/5755 
f 5259/5749 5262/5752 5265/5755 5260/5750 
f 5266/5756 5267/5757 5019/5437 5018/5436 
f 5268/5758 5266/5756 5018/5436 5017/5435 
f 5266/5756 5268/5758 5269/5759 5270/5760 
f 5267/5757 5266/5756 5270/5760 5271/5761 
f 5272/5762 5268/5758 5017/5435 5023/5443 
f 5273/5763 5272/5762 5023/5443 5022/5442 
f 5272/5762 5273/5763 5274/5764 5275/5765 
f 5268/5758 5272/5762 5275/5765 5269/5759 
f 5276/5766 5273/5763 5022/5442 5027/5449 
f 5277/5767 5276/5766 5027/5449 5026/5448 
f 5276/5766 5277/5767 5278/5768 5279/5769 
f 5273/5763 5276/5766 5279/5769 5274/5764 
f 5280/5770 5277/5767 5026/5448 5031/5455 
f 5281/5771 5280/5770 5031/5455 5030/5454 
f 5280/5770 5281/5771 5282/5772 5283/5773 
f 5277/5767 5280/5770 5283/5773 5278/5768 
f 5284/5774 5281/5771 5030/5454 5035/5461 
f 5285/5775 5284/5774 5035/5461 5034/5460 
f 5284/5774 5285/5775 5286/5776 5287/5777 
f 5281/5771 5284/5774 5287/5777 5282/5772 
f 5288/5778 5285/5775 5034/5460 5039/5467 
f 5289/5779 5288/5778 5039/5467 5038/5466 
f 5288/5778 5289/5779 5290/5780 5291/5781 
f 5285/5775 5288/5778 5291/5781 5286/5776 
f 5292/5782 5289/5779 5038/5466 5043/5473 
f 5293/5783 5292/5782 5043/5473 5042/5472 
f 5292/5782 5293/5783 5294/5784 5295/5785 
f 5289/5779 5292/5782 5295/5785 5290/5780 
f 5296/5786 5293/5783 5042/5472 5047/5479 
f 5297/5787 5296/5786 5047/5479 5046/5478 
f 5296/5786 5297/5787 5298/5788 5299/5789 
f 5293/5783 5296/5786 5299/5789 5294/5784 
f 5300/5790 5297/5791 5046/5488 5051/5487 
f 5301/5792 5300/5790 5051/5487 5050/5486 
f 5300/5790 5301/5792 5302/5793 5303/5794 
f 5297/5791 5300/5790 5303/5794 5298/5795 
f 5304/5796 5301/5792 5050/5486 5055/5494 
f 5305/5797 5304/5796 5055/5494 5054/5493 
f 5304/5796 5305/5797 5306/5798 5307/5799 
f 5301/5792 5304/5796 5307/5799 5302/5793 
f 5308/5800 5305/5797 5054/5493 5059/5500 
f 5309/5801 5308/5800 5059/5500 5058/5499 
f 5308/5800 5309/5801 5310/5802 5311/5803 
f 5305/5797 5308/5800 5311/5803 5306/5798 
f 5312/5804 5309/5801 5058/5499 5063/5506 
f 5313/5805 5312/5804 5063/5506 5062/5505 
f 5312/5804 5313/5805 5314/5806 5315/5807 
f 5309/5801 5312/5804 5315/5807 5310/5802 
f 5316/5808 5313/5805 5062/5505 5067/5512 
f 5317/5809 5316/5808 5067/5512 5066/5511 
f 5316/5808 5317/5809 5318/5810 5319/5811 
f 5313/5805 5316/5808 5319/5811 5314/5806 
f 5320/5812 5317/5809 5066/5511 5071/5518 
f 5321/5813 5320/5812 5071/5518 5070/5517 
f 5320/5812 5321/5813 5322/5814 5323/5815 
f 5317/5809 5320/5812 5323/5815 5318/5810 
f 5324/5816 5321/5813 5070/5517 5075/5524 
f 5325/5817 5324/5816 5075/5524 5074/5523 
f 5324/5816 5325/5817 5326/5818 5327/5819 
f 5321/5813 5324/5816 5327/5819 5322/5814 
f 5328/5820 5325/5817 5074/5523 5079/5530 
f 5329/5821 5328/5820 5079/5530 5078/5529 
f 5328/5820 5329/5821 5330/5822 5331/5823 
f 5325/5817 5328/5820 5331/5823 5326/5818 
f 5332/5824 5329/5821 5078/5529 5083/5536 
f 5333/5825 5332/5824 5083/5536 5082/5535 
f 5332/5824 5333/5825 5334/5826 5335/5827 
f 5329/5821 5332/5824 5335/5827 5330/5822 
f 5336/5828 5333/5825 5082/5535 5087/5542 
f 5337/5829 5336/5828 5087/5542 5086/5541 
f 5336/5828 5337/5829 5338/5830 5339/5831 
f 5333/5825 5336/5828 5339/5831 5334/5826 
f 5340/5832 5337/5829 5086/5541 5091/5548 
f 5341/5833 5340/5832 5091/5548 5090/5547 
f 5340/5832 5341/5833 5342/5834 5343/5835 
f 5337/5829 5340/5832 5343/5835 5338/5830 
f 5344/5836 5341/5833 5090/5547 5095/5553 
f 5345/5837 5344/5836 5095/5553 5094/5552 
f 5344/5836 5345/5837 5346/5838 5347/5839 
f 5341/5833 5344/5836 5347/5839 5342/5834 
f 5348/5840 5345/5837 5094/5552 5097/5555 
f 5349/5841 5348/5840 5097/5555 2073/2300 
f 5348/5840 5349/5841 5346/5838 5345/5837 
f 5350/5842 5351/5843 5103/5561 5102/5560 
f 5352/5844 5350/5842 5102/5560 5101/5559 
f 5350/5842 5352/5844 5353/5845 5354/5846 
f 5351/5843 5350/5842 5354/5846 5355/5847 
f 5356/5848 5357/5849 5358/5850 5359/5851 
f 5105/5563 5356/5848 5359/5851 5106/5564 
f 5356/5848 5105/5563 5109/5567 5360/5852 
f 5357/5849 5356/5848 5360/5852 5361/5853 
f 5362/5854 5363/5855 5364/5856 5365/5857 
f 5111/5569 5362/5854 5365/5857 5112/5570 
f 5362/5854 5111/5569 5115/5573 5366/5858 
f 5363/5855 5362/5854 5366/5858 5367/5859 
f 5368/5860 5369/5861 5121/5582 5120/5581 
f 5370/5862 5368/5860 5120/5581 5119/5580 
f 5368/5860 5370/5862 5371/5863 5372/5864 
f 5369/5861 5368/5860 5372/5864 5373/5865 
f 5374/5866 5370/5862 5119/5580 5125/5588 
f 5375/5867 5374/5866 5125/5588 5124/5587 
f 5374/5866 5375/5867 5376/5868 5377/5869 
f 5370/5862 5374/5866 5377/5869 5371/5863 
f 5378/5870 5375/5867 5124/5587 5129/5594 
f 5379/5871 5378/5870 5129/5594 5128/5593 
f 5378/5870 5379/5871 5380/5872 5381/5873 
f 5375/5867 5378/5870 5381/5873 5376/5868 
f 5382/5874 5379/5871 5128/5593 5133/5600 
f 5383/5875 5382/5874 5133/5600 5132/5599 
f 5382/5874 5383/5875 5384/5876 5385/5877 
f 5379/5871 5382/5874 5385/5877 5380/5872 
f 5386/5878 5383/5875 5132/5599 5137/5606 
f 5387/5879 5386/5878 5137/5606 5136/5605 
f 5386/5878 5387/5879 5388/5880 5389/5881 
f 5383/5875 5386/5878 5389/5881 5384/5876 
f 5390/5882 5387/5879 5136/5605 5141/5612 
f 5391/5883 5390/5882 5141/5612 5140/5611 
f 5390/5882 5391/5883 5392/5884 5393/5885 
f 5387/5879 5390/5882 5393/5885 5388/5880 
f 5394/5886 5391/5883 5140/5611 5145/5618 
f 5395/5887 5394/5886 5145/5618 5144/5617 
f 5394/5886 5395/5887 5396/5888 5397/5889 
f 5391/5883 5394/5886 5397/5889 5392/5884 
f 5398/5890 5395/5887 5144/5617 5149/5624 
f 5399/5891 5398/5890 5149/5624 5148/5623 
f 5398/5890 5399/5891 5400/5892 5401/5893 
f 5395/5887 5398/5890 5401/5893 5396/5888 
f 5402/5894 5399/5891 5148/5623 5153/5630 
f 5403/5895 5402/5894 5153/5630 5152/5629 
f 5402/5894 5403/5895 5404/5896 5405/5897 
f 5399/5891 5402/5894 5405/5897 5400/5892 
f 5406/5898 5403/5895 5152/5629 5157/5636 
f 5407/5899 5406/5898 5157/5636 5156/5635 
f 5406/5898 5407/5899 5408/5900 5409/5901 
f 5403/5895 5406/5898 5409/5901 5404/5896 
f 5410/5902 5407/5899 5156/5635 5161/5642 
f 5411/5903 5410/5902 5161/5642 5160/5641 
f 5410/5902 5411/5903 5412/5904 5413/5905 
f 5407/5899 5410/5902 5413/5905 5408/5900 
f 5414/5906 5411/5903 5160/5641 5165/5647 
f 5415/5907 5414/5906 5165/5647 5164/5646 
f 5414/5906 5415/5907 5416/5908 5417/5909 
f 5411/5903 5414/5906 5417/5909 5412/5904 
f 5418/5910 5415/5907 5164/5646 5169/5651 
f 5419/5911 5418/5910 5169/5651 5168/5650 
f 5418/5910 5419/5911 5420/5912 5421/5913 
f 5415/5907 5418/5910 5421/5913 5416/5908 
f 5422/5914 5419/5911 5168/5650 5173/5655 
f 5423/5915 5422/5914 5173/5655 5172/5654 
f 5422/5914 5423/5915 5424/5916 5425/5917 
f 5419/5911 5422/5914 5425/5917 5420/5912 
f 5426/5918 5423/5915 5172/5654 5177/5659 
f 5427/5919 5426/5918 5177/5659 5176/5658 
f 5426/5918 5427/5919 5428/5920 5429/5921 
f 5423/5915 5426/5918 5429/5921 5424/5916 
f 5430/5922 5427/5919 5176/5658 5181/5663 
f 5431/5923 5430/5922 5181/5663 5180/5662 
f 5430/5922 5431/5923 5432/5924 5433/5925 
f 5427/5919 5430/5922 5433/5925 5428/5920 
f 5434/5926 5431/5923 5180/5662 5185/5667 
f 5435/5927 5434/5926 5185/5667 5184/5666 
f 5434/5926 5435/5927 5436/5928 5437/5929 
f 5431/5923 5434/5926 5437/5929 5432/5924 
f 5438/5930 5435/5927 5184/5666 5189/5671 
f 5439/5931 5438/5930 5189/5671 5188/5670 
f 5438/5930 5439/5931 5440/5932 5441/5933 
f 5435/5927 5438/5930 5441/5933 5436/5928 
f 5442/5934 5439/5931 5188/5670 5193/5675 
f 5443/5935 5442/5934 5193/5675 5192/5674 
f 5442/5934 5443/5935 5444/5936 5445/5937 
f 5439/5931 5442/5934 5445/5937 5440/5932 
f 5446/5938 5443/5935 5192/5674 5197/5679 
f 5447/5939 5446/5938 5197/5679 5196/5678 
f 5446/5938 5447/5939 5448/5940 5449/5941 
f 5443/5935 5446/5938 5449/5941 5444/5936 
f 5450/5942 5447/5943 5196/5685 5201/5684 
f 5451/5944 5450/5942 5201/5684 5200/5683 
f 5450/5942 5451/5944 5452/5945 5453/5946 
f 5447/5943 5450/5942 5453/5946 5448/5947 
f 5454/5948 5451/5949 5200/5691 5205/5690 
f 5455/5950 5454/5948 5205/5690 5204/5689 
f 5454/5948 5455/5950 5456/5951 5457/5952 
f 5451/5949 5454/5948 5457/5952 5452/5953 
f 5458/5954 5455/5950 5204/5689 5209/5695 
f 5459/5955 5458/5954 5209/5695 5208/5694 
f 5458/5954 5459/5955 5460/5956 5461/5957 
f 5455/5950 5458/5954 5461/5957 5456/5951 
f 5462/5958 5459/5955 5208/5694 5213/5699 
f 5463/5959 5462/5958 5213/5699 5212/5698 
f 5462/5958 5463/5959 5464/5960 5465/5961 
f 5459/5955 5462/5958 5465/5961 5460/5956 
f 5466/5962 5463/5959 5212/5698 5217/5703 
f 5467/5963 5466/5962 5217/5703 5216/5702 
f 5466/5962 5467/5963 5468/5964 5469/5965 
f 5463/5959 5466/5962 5469/5965 5464/5960 
f 5470/5966 5467/5963 5216/5702 5221/5707 
f 5471/5967 5470/5966 5221/5707 5220/5706 
f 5470/5966 5471/5967 5472/5968 5473/5969 
f 5467/5963 5470/5966 5473/5969 5468/5964 
f 5474/5970 5471/5967 5220/5706 5225/5711 
f 5475/5971 5474/5970 5225/5711 5224/5710 
f 5474/5970 5475/5971 5476/5972 5477/5973 
f 5471/5967 5474/5970 5477/5973 5472/5968 
f 5478/5974 5475/5971 5224/5710 5229/5715 
f 5479/5975 5478/5974 5229/5715 5228/5714 
f 5478/5974 5479/5975 5480/5976 5481/5977 
f 5475/5971 5478/5974 5481/5977 5476/5972 
f 5482/5978 5479/5979 5228/5721 5233/5720 
f 5483/5980 5482/5978 5233/5720 5232/5719 
f 5482/5978 5483/5980 5484/5981 5485/5982 
f 5479/5979 5482/5978 5485/5982 5480/5983 
f 5486/5984 5483/5980 5232/5719 5237/5725 
f 5487/5985 5486/5984 5237/5725 5236/5724 
f 5486/5984 5487/5985 5488/5986 5489/5987 
f 5483/5980 5486/5984 5489/5987 5484/5981 
f 5490/5988 5487/5985 5236/5724 5241/5729 
f 5491/5989 5490/5988 5241/5729 5240/5728 
f 5490/5988 5491/5989 5492/5990 5493/5991 
f 5487/5985 5490/5988 5493/5991 5488/5986 
f 5494/5992 5491/5993 5240/5735 5245/5734 
f 5495/5994 5494/5992 5245/5734 5244/5733 
f 5494/5992 5495/5994 5496/5995 5497/5996 
f 5491/5993 5494/5992 5497/5996 5492/5997 
f 5498/5998 5495/5994 5244/5733 5249/5739 
f 5499/5999 5498/5998 5249/5739 5248/5738 
f 5498/5998 5499/5999 5500/6000 5501/6001 
f 5495/5994 5498/5998 5501/6001 5496/5995 
f 5502/6002 5499/5999 5248/5738 5253/5743 
f 5503/6003 5502/6002 5253/5743 5252/5742 
f 5502/6002 5503/6003 5504/6004 5505/6005 
f 5499/5999 5502/6002 5505/6005 5500/6000 
f 5506/6006 5503/6003 5252/5742 5257/5747 
f 5507/6007 5506/6006 5257/5747 5256/5746 
f 5506/6006 5507/6007 5508/6008 5509/6009 
f 5503/6003 5506/6006 5509/6009 5504/6004 
f 5510/6010 5507/6007 5256/5746 5261/5751 
f 5511/6011 5510/6010 5261/5751 5260/5750 
f 5510/6010 5511/6011 5512/6012 5513/6013 
f 5507/6007 5510/6010 5513/6013 5508/6008 
f 5514/6014 5511/6011 5260/5750 5265/5755 
f 5515/6015 5514/6014 5265/5755 5264/5754 
f 5514/6014 5515/6015 5516/6016 5517/6017 
f 5511/6011 5514/6014 5517/6017 5512/6012 
f 5518/6018 5519/6019 5271/5761 5270/5760 
f 5520/6020 5518/6018 5270/5760 5269/5759 
f 5518/6018 5520/6020 5521/6021 5522/6022 
f 5519/6019 5518/6018 5522/6022 5523/6023 
f 5524/6024 5520/6020 5269/5759 5275/5765 
f 5525/6025 5524/6024 5275/5765 5274/5764 
f 5524/6024 5525/6025 5526/6026 5527/6027 
f 5520/6020 5524/6024 5527/6027 5521/6021 
f 5528/6028 5525/6025 5274/5764 5279/5769 
f 5529/6029 5528/6028 5279/5769 5278/5768 
f 5528/6028 5529/6029 5530/6030 5531/6031 
f 5525/6025 5528/6028 5531/6031 5526/6026 
f 5532/6032 5529/6029 5278/5768 5283/5773 
f 5533/6033 5532/6032 5283/5773 5282/5772 
f 5532/6032 5533/6033 5534/6034 5535/6035 
f 5529/6029 5532/6032 5535/6035 5530/6030 
f 5536/6036 5533/6033 5282/5772 5287/5777 
f 5537/6037 5536/6036 5287/5777 5286/5776 
f 5536/6036 5537/6037 5538/6038 5539/6039 
f 5533/6033 5536/6036 5539/6039 5534/6034 
f 5540/6040 5537/6037 5286/5776 5291/5781 
f 5541/6041 5540/6040 5291/5781 5290/5780 
f 5540/6040 5541/6041 5542/6042 5543/6043 
f 5537/6037 5540/6040 5543/6043 5538/6038 
f 5544/6044 5541/6041 5290/5780 5295/5785 
f 5545/6045 5544/6044 5295/5785 5294/5784 
f 5544/6044 5545/6045 5546/6046 5547/6047 
f 5541/6041 5544/6044 5547/6047 5542/6042 
f 5548/6048 5545/6045 5294/5784 5299/5789 
f 5549/6049 5548/6048 5299/5789 5298/5788 
f 5548/6048 5549/6049 5550/6050 5551/6051 
f 5545/6045 5548/6048 5551/6051 5546/6046 
f 5552/6052 5549/6053 5298/5795 5303/5794 
f 5553/6054 5552/6052 5303/5794 5302/5793 
f 5552/6052 5553/6054 5554/6055 5555/6056 
f 5549/6053 5552/6052 5555/6056 5550/6057 
f 5556/6058 5553/6054 5302/5793 5307/5799 
f 5557/6059 5556/6058 5307/5799 5306/5798 
f 5556/6058 5557/6059 5558/6060 5559/6061 
f 5553/6054 5556/6058 5559/6061 5554/6055 
f 5560/6062 5557/6059 5306/5798 5311/5803 
f 5561/6063 5560/6062 5311/5803 5310/5802 
f 5560/6062 5561/6063 5562/6064 5563/6065 
f 5557/6059 5560/6062 5563/6065 5558/6060 
f 5564/6066 5561/6063 5310/5802 5315/5807 
f 5565/6067 5564/6066 5315/5807 5314/5806 
f 5564/6066 5565/6067 5566/6068 5567/6069 
f 5561/6063 5564/6066 5567/6069 5562/6064 
f 5568/6070 5565/6067 5314/5806 5319/5811 
f 5569/6071 5568/6070 5319/5811 5318/5810 
f 5568/6070 5569/6071 5570/6072 5571/6073 
f 5565/6067 5568/6070 5571/6073 5566/6068 
f 5572/6074 5569/6071 5318/5810 5323/5815 
f 5573/6075 5572/6074 5323/5815 5322/5814 
f 5572/6074 5573/6075 5574/6076 5575/6077 
f 5569/6071 5572/6074 5575/6077 5570/6072 
f 5576/6078 5573/6075 5322/5814 5327/5819 
f 5577/6079 5576/6078 5327/5819 5326/5818 
f 5576/6078 5577/6079 5578/6080 5579/6081 
f 5573/6075 5576/6078 5579/6081 5574/6076 
f 5580/6082 5577/6079 5326/5818 5331/5823 
f 5581/6083 5580/6082 5331/5823 5330/5822 
f 5580/6082 5581/6083 5582/6084 5583/6085 
f 5577/6079 5580/6082 5583/6085 5578/6080 
f 5584/6086 5581/6083 5330/5822 5335/5827 
f 5585/6087 5584/6086 5335/5827 5334/5826 
f 5584/6086 5585/6087 5586/6088 5587/6089 
f 5581/6083 5584/6086 5587/6089 5582/6084 
f 5588/6090 5585/6087 5334/5826 5339/5831 
f 5589/6091 5588/6090 5339/5831 5338/5830 
f 5588/6090 5589/6091 5590/6092 5591/6093 
f 5585/6087 5588/6090 5591/6093 5586/6088 
f 5592/6094 5589/6091 5338/5830 5343/5835 
f 5593/6095 5592/6094 5343/5835 5342/5834 
f 5592/6094 5593/6095 5594/6096 5595/6097 
f 5589/6091 5592/6094 5595/6097 5590/6092 
f 5596/6098 5593/6095 5342/5834 5347/5839 
f 5597/6099 5596/6098 5347/5839 5346/5838 
f 5596/6098 5597/6099 5598/6100 5599/6101 
f 5593/6095 5596/6098 5599/6101 5594/6096 
f 5600/6102 5597/6099 5346/5838 5349/5841 
f 5601/6103 5600/6102 5349/5841 2073/2300 
f 5600/6102 5601/6103 5598/6100 5597/6099 
f 5602/6104 5603/6105 5355/5847 5354/5846 
f 5604/6106 5602/6104 5354/5846 5353/5845 
f 5602/6104 5604/6106 1700/1912 1698/1910 
f 5603/6105 5602/6104 1698/1910 1697/1909 
f 5605/6107 1708/1920 1709/1921 5606/6108 
f 5357/5849 5605/6107 5606/6108 5358/5850 
f 5605/6107 5357/5849 5361/5853 5607/6109 
f 1708/1920 5605/6107 5607/6109 1710/1922 
f 5608/6110 1717/1929 1718/1930 5609/6111 
f 5363/5855 5608/6110 5609/6111 5364/5856 
f 5608/6110 5363/5855 5367/5859 5610/6112 
f 1717/1929 5608/6110 5610/6112 1719/1931 
f 5611/6113 5612/6114 5373/5865 5372/5864 
f 5613/6115 5611/6113 5372/5864 5371/5863 
f 5611/6113 5613/6115 1727/1939 1725/1937 
f 5612/6114 5611/6113 1725/1937 1724/1936 
f 5614/6116 5613/6115 5371/5863 5377/5869 
f 5615/6117 5614/6116 5377/5869 5376/5868 
f 5614/6116 5615/6117 1734/1946 1732/1944 
f 5613/6115 5614/6116 1732/1944 1727/1939 
f 5616/6118 5615/6117 5376/5868 5381/5873 
f 5617/6119 5616/6118 5381/5873 5380/5872 
f 5616/6118 5617/6119 1740/1952 1738/1950 
f 5615/6117 5616/6118 1738/1950 1734/1946 
f 5618/6120 5617/6119 5380/5872 5385/5877 
f 5619/6121 5618/6120 5385/5877 5384/5876 
f 5618/6120 5619/6121 1746/1958 1744/1956 
f 5617/6119 5618/6120 1744/1956 1740/1952 
f 5620/6122 5619/6121 5384/5876 5389/5881 
f 5621/6123 5620/6122 5389/5881 5388/5880 
f 5620/6122 5621/6123 1752/1964 1750/1962 
f 5619/6121 5620/6122 1750/1962 1746/1958 
f 5622/6124 5621/6123 5388/5880 5393/5885 
f 5623/6125 5622/6124 5393/5885 5392/5884 
f 5622/6124 5623/6125 1758/1970 1756/1968 
f 5621/6123 5622/6124 1756/1968 1752/1964 
f 5624/6126 5623/6125 5392/5884 5397/5889 
f 5625/6127 5624/6126 5397/5889 5396/5888 
f 5624/6126 5625/6127 1764/1976 1762/1974 
f 5623/6125 5624/6126 1762/1974 1758/1970 
f 5626/6128 5625/6127 5396/5888 5401/5893 
f 5627/6129 5626/6128 5401/5893 5400/5892 
f 5626/6128 5627/6129 1770/1982 1768/1980 
f 5625/6127 5626/6128 1768/1980 1764/1976 
f 5628/6130 5627/6129 5400/5892 5405/5897 
f 5629/6131 5628/6130 5405/5897 5404/5896 
f 5628/6130 5629/6131 1776/1988 1774/1986 
f 5627/6129 5628/6130 1774/1986 1770/1982 
f 5630/6132 5629/6131 5404/5896 5409/5901 
f 5631/6133 5630/6132 5409/5901 5408/5900 
f 5630/6132 5631/6133 1782/1994 1780/1992 
f 5629/6131 5630/6132 1780/1992 1776/1988 
f 5632/6134 5631/6133 5408/5900 5413/5905 
f 5633/6135 5632/6134 5413/5905 5412/5904 
f 5632/6134 5633/6135 1788/2000 1786/1998 
f 5631/6133 5632/6134 1786/1998 1782/1994 
f 5634/6136 5633/6135 5412/5904 5417/5909 
f 5635/6137 5634/6136 5417/5909 5416/5908 
f 5634/6136 5635/6137 1794/2006 1792/2004 
f 5633/6135 5634/6136 1792/2004 1788/2000 
f 5636/6138 5635/6137 5416/5908 5421/5913 
f 5637/6139 5636/6138 5421/5913 5420/5912 
f 5636/6138 5637/6139 1800/2012 1798/2010 
f 5635/6137 5636/6138 1798/2010 1794/2006 
f 5638/6140 5637/6139 5420/5912 5425/5917 
f 5639/6141 5638/6140 5425/5917 5424/5916 
f 5638/6140 5639/6141 1806/2018 1804/2016 
f 5637/6139 5638/6140 1804/2016 1800/2012 
f 5640/6142 5639/6141 5424/5916 5429/5921 
f 5641/6143 5640/6142 5429/5921 5428/5920 
f 5640/6142 5641/6143 1812/2024 1810/2022 
f 5639/6141 5640/6142 1810/2022 1806/2018 
f 5642/6144 5641/6143 5428/5920 5433/5925 
f 5643/6145 5642/6144 5433/5925 5432/5924 
f 5642/6144 5643/6145 1818/2030 1816/2028 
f 5641/6143 5642/6144 1816/2028 1812/2024 
f 5644/6146 5643/6145 5432/5924 5437/5929 
f 5645/6147 5644/6146 5437/5929 5436/5928 
f 5644/6146 5645/6147 1824/2036 1822/2034 
f 5643/6145 5644/6146 1822/2034 1818/2030 
f 5646/6148 5645/6147 5436/5928 5441/5933 
f 5647/6149 5646/6148 5441/5933 5440/5932 
f 5646/6148 5647/6149 1830/2042 1828/2040 
f 5645/6147 5646/6148 1828/2040 1824/2036 
f 5648/6150 5647/6149 5440/5932 5445/5937 
f 5649/6151 5648/6150 5445/5937 5444/5936 
f 5648/6150 5649/6151 1836/2048 1834/2046 
f 5647/6149 5648/6150 1834/2046 1830/2042 
f 5650/6152 5649/6151 5444/5936 5449/5941 
f 5651/6153 5650/6152 5449/5941 5448/5940 
f 5650/6152 5651/6153 1842/2054 1840/2052 
f 5649/6151 5650/6152 1840/2052 1836/2048 
f 5652/6154 5651/6155 5448/5947 5453/5946 
f 5653/6156 5652/6154 5453/5946 5452/5945 
f 5652/6154 5653/6156 1848/2062 1846/2060 
f 5651/6155 5652/6154 1846/2060 1842/2059 
f 5654/6157 5653/6158 5452/5953 5457/5952 
f 5655/6159 5654/6157 5457/5952 5456/5951 
f 5654/6157 5655/6159 1854/2071 1852/2069 
f 5653/6158 5654/6157 1852/2069 1848/2068 
f 5656/6160 5655/6159 5456/5951 5461/5957 
f 5657/6161 5656/6160 5461/5957 5460/5956 
f 5656/6160 5657/6161 1860/2078 1858/2076 
f 5655/6159 5656/6160 1858/2076 1854/2071 
f 5658/6162 5657/6161 5460/5956 5465/5961 
f 5659/6163 5658/6162 5465/5961 5464/5960 
f 5658/6162 5659/6163 1866/2084 1864/2082 
f 5657/6161 5658/6162 1864/2082 1860/2078 
f 5660/6164 5659/6163 5464/5960 5469/5965 
f 5661/6165 5660/6164 5469/5965 5468/5964 
f 5660/6164 5661/6165 1872/2090 1870/2088 
f 5659/6163 5660/6164 1870/2088 1866/2084 
f 5662/6166 5661/6165 5468/5964 5473/5969 
f 5663/6167 5662/6166 5473/5969 5472/5968 
f 5662/6166 5663/6167 1878/2096 1876/2094 
f 5661/6165 5662/6166 1876/2094 1872/2090 
f 5664/6168 5663/6167 5472/5968 5477/5973 
f 5665/6169 5664/6168 5477/5973 5476/5972 
f 5664/6168 5665/6169 1884/2102 1882/2100 
f 5663/6167 5664/6168 1882/2100 1878/2096 
f 5666/6170 5665/6169 5476/5972 5481/5977 
f 5667/6171 5666/6170 5481/5977 5480/5976 
f 5666/6170 5667/6171 1890/2108 1888/2106 
f 5665/6169 5666/6170 1888/2106 1884/2102 
f 5668/6172 5667/6173 5480/5983 5485/5982 
f 5669/6174 5668/6172 5485/5982 5484/5981 
f 5668/6172 5669/6174 1896/2116 1894/2114 
f 5667/6173 5668/6172 1894/2114 1890/2113 
f 5670/6175 5669/6174 5484/5981 5489/5987 
f 5671/6176 5670/6175 5489/5987 5488/5986 
f 5670/6175 5671/6176 1902/2123 1900/2121 
f 5669/6174 5670/6175 1900/2121 1896/2116 
f 5672/6177 5671/6176 5488/5986 5493/5991 
f 5673/6178 5672/6177 5493/5991 5492/5990 
f 5672/6177 5673/6178 1908/2129 1906/2127 
f 5671/6176 5672/6177 1906/2127 1902/2123 
f 5674/6179 5673/6180 5492/5997 5497/5996 
f 5675/6181 5674/6179 5497/5996 5496/5995 
f 5674/6179 5675/6181 1914/2137 1912/2135 
f 5673/6180 5674/6179 1912/2135 1908/2134 
f 5676/6182 5675/6181 5496/5995 5501/6001 
f 5677/6183 5676/6182 5501/6001 5500/6000 
f 5676/6182 5677/6183 1920/2144 1918/2142 
f 5675/6181 5676/6182 1918/2142 1914/2137 
f 5678/6184 5677/6183 5500/6000 5505/6005 
f 5679/6185 5678/6184 5505/6005 5504/6004 
f 5678/6184 5679/6185 1926/2150 1924/2148 
f 5677/6183 5678/6184 1924/2148 1920/2144 
f 5680/6186 5679/6185 5504/6004 5509/6009 
f 5681/6187 5680/6186 5509/6009 5508/6008 
f 5680/6186 5681/6187 1932/2156 1930/2154 
f 5679/6185 5680/6186 1930/2154 1926/2150 
f 5682/6188 5681/6187 5508/6008 5513/6013 
f 5683/6189 5682/6188 5513/6013 5512/6012 
f 5682/6188 5683/6189 1938/2162 1936/2160 
f 5681/6187 5682/6188 1936/2160 1932/2156 
f 5684/6190 5683/6189 5512/6012 5517/6017 
f 5685/6191 5684/6190 5517/6017 5516/6016 
f 5684/6190 5685/6191 1944/2168 1942/2166 
f 5683/6189 5684/6190 1942/2166 1938/2162 
f 5686/6192 5687/6193 5523/6023 5522/6022 
f 5688/6194 5686/6192 5522/6022 5521/6021 
f 5686/6192 5688/6194 1952/2176 1950/2174 
f 5687/6193 5686/6192 1950/2174 1949/2173 
f 5689/6195 5688/6194 5521/6021 5527/6027 
f 5690/6196 5689/6195 5527/6027 5526/6026 
f 5689/6195 5690/6196 1959/2183 1957/2181 
f 5688/6194 5689/6195 1957/2181 1952/2176 
f 5691/6197 5690/6196 5526/6026 5531/6031 
f 5692/6198 5691/6197 5531/6031 5530/6030 
f 5691/6197 5692/6198 1965/2189 1963/2187 
f 5690/6196 5691/6197 1963/2187 1959/2183 
f 5693/6199 5692/6198 5530/6030 5535/6035 
f 5694/6200 5693/6199 5535/6035 5534/6034 
f 5693/6199 5694/6200 1971/2195 1969/2193 
f 5692/6198 5693/6199 1969/2193 1965/2189 
f 5695/6201 5694/6200 5534/6034 5539/6039 
f 5696/6202 5695/6201 5539/6039 5538/6038 
f 5695/6201 5696/6202 1977/2201 1975/2199 
f 5694/6200 5695/6201 1975/2199 1971/2195 
f 5697/6203 5696/6202 5538/6038 5543/6043 
f 5698/6204 5697/6203 5543/6043 5542/6042 
f 5697/6203 5698/6204 1983/2207 1981/2205 
f 5696/6202 5697/6203 1981/2205 1977/2201 
f 5699/6205 5698/6204 5542/6042 5547/6047 
f 5700/6206 5699/6205 5547/6047 5546/6046 
f 5699/6205 5700/6206 1989/2213 1987/2211 
f 5698/6204 5699/6205 1987/2211 1983/2207 
f 5701/6207 5700/6206 5546/6046 5551/6051 
f 5702/6208 5701/6207 5551/6051 5550/6050 
f 5701/6207 5702/6208 1995/2219 1993/2217 
f 5700/6206 5701/6207 1993/2217 1989/2213 
f 5703/6209 5702/6210 5550/6057 5555/6056 
f 5704/6211 5703/6209 5555/6056 5554/6055 
f 5703/6209 5704/6211 2001/2227 1999/2225 
f 5702/6210 5703/6209 1999/2225 1995/2224 
f 5705/6212 5704/6211 5554/6055 5559/6061 
f 5706/6213 5705/6212 5559/6061 5558/6060 
f 5705/6212 5706/6213 2007/2234 2005/2232 
f 5704/6211 5705/6212 2005/2232 2001/2227 
f 5707/6214 5706/6213 5558/6060 5563/6065 
f 5708/6215 5707/6214 5563/6065 5562/6064 
f 5707/6214 5708/6215 2013/2240 2011/2238 
f 5706/6213 5707/6214 2011/2238 2007/2234 
f 5709/6216 5708/6215 5562/6064 5567/6069 
f 5710/6217 5709/6216 5567/6069 5566/6068 
f 5709/6216 5710/6217 2019/2246 2017/2244 
f 5708/6215 5709/6216 2017/2244 2013/2240 
f 5711/6218 5710/6217 5566/6068 5571/6073 
f 5712/6219 5711/6218 5571/6073 5570/6072 
f 5711/6218 5712/6219 2025/2252 2023/2250 
f 5710/6217 5711/6218 2023/2250 2019/2246 
f 5713/6220 5712/6219 5570/6072 5575/6077 
f 5714/6221 5713/6220 5575/6077 5574/6076 
f 5713/6220 5714/6221 2031/2258 2029/2256 
f 5712/6219 5713/6220 2029/2256 2025/2252 
f 5715/6222 5714/6221 5574/6076 5579/6081 
f 5716/6223 5715/6222 5579/6081 5578/6080 
f 5715/6222 5716/6223 2037/2264 2035/2262 
f 5714/6221 5715/6222 2035/2262 2031/2258 
f 5717/6224 5716/6223 5578/6080 5583/6085 
f 5718/6225 5717/6224 5583/6085 5582/6084 
f 5717/6224 5718/6225 2043/2270 2041/2268 
f 5716/6223 5717/6224 2041/2268 2037/2264 
f 5719/6226 5718/6225 5582/6084 5587/6089 
f 5720/6227 5719/6226 5587/6089 5586/6088 
f 5719/6226 5720/6227 2049/2276 2047/2274 
f 5718/6225 5719/6226 2047/2274 2043/2270 
f 5721/6228 5720/6227 5586/6088 5591/6093 
f 5722/6229 5721/6228 5591/6093 5590/6092 
f 5721/6228 5722/6229 2055/2282 2053/2280 
f 5720/6227 5721/6228 2053/2280 2049/2276 
f 5723/6230 5722/6229 5590/6092 5595/6097 
f 5724/6231 5723/6230 5595/6097 5594/6096 
f 5723/6230 5724/6231 2061/2288 2059/2286 
f 5722/6229 5723/6230 2059/2286 2055/2282 
f 5725/6232 5724/6231 5594/6096 5599/6101 
f 5726/6233 5725/6232 5599/6101 5598/6100 
f 5725/6232 5726/6233 2067/2294 2065/2292 
f 5724/6231 5725/6232 2065/2292 2061/2288 
f 5727/6234 5726/6233 5598/6100 5601/6103 
f 2071/2298 5727/6234 5601/6103 2073/2300 
f 5727/6234 2071/2298 2067/2294 5726/6233 
f 5728/6235 5729/6236 1712/1924 1711/1923 
f 5730/6237 5728/6235 1711/1923 1710/1922 
f 5728/6235 5730/6237 5731/6238 5732/6239 
f 5729/6236 5728/6235 5732/6239 5733/6240 
f 5734/6241 5735/6242 1709/1921 1707/1919 
f 5736/6243 5734/6241 1707/1919 1706/1918 
f 5734/6241 5736/6243 5737/6244 5738/6245 
f 5735/6242 5734/6241 5738/6245 5739/6246 
f 5740/6247 5741/6248 1721/1933 1720/1932 
f 5742/6249 5740/6247 1720/1932 1719/1931 
f 5740/6247 5742/6249 1724/6250 1723/6251 
f 5741/6248 5740/6247 1723/6251 1730/6252 
f 5743/6253 5744/6254 1718/1930 1716/1928 
f 5745/6255 5743/6253 1716/1928 1715/1927 
f 5743/6253 5745/6255 5733/6256 5732/6257 
f 5744/6254 5743/6253 5732/6257 5731/6258 
f 5746/6259 5747/6260 2085/2312 2084/2311 
f 5729/6236 5746/6259 2084/2311 1712/1924 
f 5746/6259 5729/6236 5733/6240 5748/6261 
f 5747/6260 5746/6259 5748/6261 5749/6262 
f 5750/6263 5736/6243 1706/1918 2083/2310 
f 5751/6264 5750/6263 2083/2310 2082/2309 
f 5750/6263 5751/6264 5752/6265 5753/6266 
f 5736/6243 5750/6263 5753/6266 5737/6244 
f 5754/6267 5755/6268 2091/2318 2090/2317 
f 5741/6248 5754/6267 2090/2317 1721/1933 
f 5754/6267 5741/6248 1730/6252 2093/6269 
f 5755/6268 5754/6267 2093/6269 2097/6270 
f 5756/6271 5745/6255 1715/1927 2089/2316 
f 5757/6272 5756/6271 2089/2316 2088/2315 
f 5756/6271 5757/6272 5749/6273 5748/6274 
f 5745/6255 5756/6271 5748/6274 5733/6256 
f 5758/6275 5759/6276 2337/2574 2336/2573 
f 5747/6260 5758/6275 2336/2573 2085/2312 
f 5758/6275 5747/6260 5749/6262 5760/6277 
f 5759/6276 5758/6275 5760/6277 5761/6278 
f 5762/6279 5751/6264 2082/2309 2335/2572 
f 5763/6280 5762/6279 2335/2572 2334/2571 
f 5762/6279 5763/6280 5764/6281 5765/6282 
f 5751/6264 5762/6279 5765/6282 5752/6265 
f 5766/6283 5767/6284 2343/2580 2342/2579 
f 5755/6268 5766/6283 2342/2579 2091/2318 
f 5766/6283 5755/6268 2097/6270 2345/6285 
f 5767/6284 5766/6283 2345/6285 2349/6286 
f 5768/6287 5757/6272 2088/2315 2341/2578 
f 5769/6288 5768/6287 2341/2578 2340/2577 
f 5768/6287 5769/6288 5761/6289 5760/6290 
f 5757/6272 5768/6287 5760/6290 5749/6273 
f 5770/6291 5771/6292 2589/2836 2588/2835 
f 5759/6276 5770/6291 2588/2835 2337/2574 
f 5770/6291 5759/6276 5761/6278 5772/6293 
f 5771/6292 5770/6291 5772/6293 5773/6294 
f 5774/6295 5763/6280 2334/2571 2587/2834 
f 5775/6296 5774/6295 2587/2834 2586/2833 
f 5774/6295 5775/6296 5776/6297 5777/6298 
f 5763/6280 5774/6295 5777/6298 5764/6281 
f 5778/6299 5779/6300 2595/2842 2594/2841 
f 5767/6284 5778/6299 2594/2841 2343/2580 
f 5778/6299 5767/6284 2349/6286 2597/6301 
f 5779/6300 5778/6299 2597/6301 2601/6302 
f 5780/6303 5769/6288 2340/2577 2593/2840 
f 5781/6304 5780/6303 2593/2840 2592/2839 
f 5780/6303 5781/6304 5773/6305 5772/6306 
f 5769/6288 5780/6303 5772/6306 5761/6289 
f 5782/6307 5783/6308 2841/3098 2840/3097 
f 5771/6292 5782/6307 2840/3097 2589/2836 
f 5782/6307 5771/6292 5773/6294 5784/6309 
f 5783/6308 5782/6307 5784/6309 5785/6310 
f 5786/6311 5775/6296 2586/2833 2839/3096 
f 5787/6312 5786/6311 2839/3096 2838/3095 
f 5786/6311 5787/6312 5788/6313 5789/6314 
f 5775/6296 5786/6311 5789/6314 5776/6297 
f 5790/6315 5791/6316 2847/3104 2846/3103 
f 5779/6300 5790/6315 2846/3103 2595/2842 
f 5790/6315 5779/6300 2601/6302 2849/6317 
f 5791/6316 5790/6315 2849/6317 2853/6318 
f 5792/6319 5781/6304 2592/2839 2845/3102 
f 5793/6320 5792/6319 2845/3102 2844/3101 
f 5792/6319 5793/6320 5785/6321 5784/6322 
f 5781/6304 5792/6319 5784/6322 5773/6305 
f 5794/6323 5795/6324 3093/3363 3092/3362 
f 5783/6308 5794/6323 3092/3362 2841/3098 
f 5794/6323 5783/6308 5785/6310 5796/6325 
f 5795/6324 5794/6323 5796/6325 5797/6326 
f 5798/6327 5787/6312 2838/3095 3091/3361 
f 5799/6328 5798/6327 3091/3361 3090/3360 
f 5798/6327 5799/6328 5800/6329 5801/6330 
f 5787/6312 5798/6327 5801/6330 5788/6313 
f 5802/6331 5803/6332 3099/3369 3098/3368 
f 5791/6316 5802/6331 3098/3368 2847/3104 
f 5802/6331 5791/6316 2853/6318 3101/6333 
f 5803/6332 5802/6331 3101/6333 3105/6334 
f 5804/6335 5793/6320 2844/3101 3097/3367 
f 5805/6336 5804/6335 3097/3367 3096/3366 
f 5804/6335 5805/6336 5797/6337 5796/6338 
f 5793/6320 5804/6335 5796/6338 5785/6321 
f 5806/6339 5807/6340 3345/3625 3344/3624 
f 5795/6324 5806/6339 3344/3624 3093/3363 
f 5806/6339 5795/6324 5797/6326 5808/6341 
f 5807/6340 5806/6339 5808/6341 5809/6342 
f 5810/6343 5799/6328 3090/3360 3343/3623 
f 5811/6344 5810/6343 3343/3623 3342/3622 
f 5810/6343 5811/6344 5812/6345 5813/6346 
f 5799/6328 5810/6343 5813/6346 5800/6329 
f 5814/6347 5815/6348 3351/3631 3350/3630 
f 5803/6332 5814/6347 3350/3630 3099/3369 
f 5814/6347 5803/6332 3105/6334 3353/6349 
f 5815/6348 5814/6347 3353/6349 3357/6350 
f 5816/6351 5805/6336 3096/3366 3349/3629 
f 5817/6352 5816/6351 3349/3629 3348/3628 
f 5816/6351 5817/6352 5809/6353 5808/6354 
f 5805/6336 5816/6351 5808/6354 5797/6337 
f 5818/6355 5819/6356 3597/3887 3596/3886 
f 5807/6340 5818/6355 3596/3886 3345/3625 
f 5818/6355 5807/6340 5809/6342 5820/6357 
f 5819/6356 5818/6355 5820/6357 5821/6358 
f 5822/6359 5811/6344 3342/3622 3595/3885 
f 5823/6360 5822/6359 3595/3885 3594/3884 
f 5822/6359 5823/6360 5824/6361 5825/6362 
f 5811/6344 5822/6359 5825/6362 5812/6345 
f 5826/6363 5827/6364 3603/3893 3602/3892 
f 5815/6348 5826/6363 3602/3892 3351/3631 
f 5826/6363 5815/6348 3357/6350 3605/6365 
f 5827/6364 5826/6363 3605/6365 3609/6366 
f 5828/6367 5817/6352 3348/3628 3601/3891 
f 5829/6368 5828/6367 3601/3891 3600/3890 
f 5828/6367 5829/6368 5821/6369 5820/6370 
f 5817/6352 5828/6367 5820/6370 5809/6353 
f 5830/6371 5831/6372 3849/4149 3848/4148 
f 5819/6356 5830/6371 3848/4148 3597/3887 
f 5830/6371 5819/6356 5821/6358 5832/6373 
f 5831/6372 5830/6371 5832/6373 5833/6374 
f 5834/6375 5823/6360 3594/3884 3847/4147 
f 5835/6376 5834/6375 3847/4147 3846/4146 
f 5834/6375 5835/6376 5836/6377 5837/6378 
f 5823/6360 5834/6375 5837/6378 5824/6361 
f 5838/6379 5839/6380 3855/4155 3854/4154 
f 5827/6364 5838/6379 3854/4154 3603/3893 
f 5838/6379 5827/6364 3609/6366 3857/6381 
f 5839/6380 5838/6379 3857/6381 3861/6382 
f 5840/6383 5829/6368 3600/3890 3853/4153 
f 5841/6384 5840/6383 3853/4153 3852/4152 
f 5840/6383 5841/6384 5833/6385 5832/6386 
f 5829/6368 5840/6383 5832/6386 5821/6369 
f 5842/6387 5843/6388 4101/4411 4100/4410 
f 5831/6372 5842/6387 4100/4410 3849/4149 
f 5842/6387 5831/6372 5833/6374 5844/6389 
f 5843/6388 5842/6387 5844/6389 5845/6390 
f 5846/6391 5835/6376 3846/4146 4099/4409 
f 5847/6392 5846/6391 4099/4409 4098/4408 
f 5846/6391 5847/6392 5848/6393 5849/6394 
f 5835/6376 5846/6391 5849/6394 5836/6377 
f 5850/6395 5851/6396 4107/4417 4106/4416 
f 5839/6380 5850/6395 4106/4416 3855/4155 
f 5850/6395 5839/6380 3861/6382 4109/6397 
f 5851/6396 5850/6395 4109/6397 4113/6398 
f 5852/6399 5841/6384 3852/4152 4105/4415 
f 5853/6400 5852/6399 4105/4415 4104/4414 
f 5852/6399 5853/6400 5845/6401 5844/6402 
f 5841/6384 5852/6399 5844/6402 5833/6385 
f 5854/6403 5855/6404 4353/4673 4352/4672 
f 5843/6388 5854/6403 4352/4672 4101/4411 
f 5854/6403 5843/6388 5845/6390 5856/6405 
f 5855/6404 5854/6403 5856/6405 5857/6406 
f 5858/6407 5847/6392 4098/4408 4351/4671 
f 5859/6408 5858/6407 4351/4671 4350/4670 
f 5858/6407 5859/6408 5860/6409 5861/6410 
f 5847/6392 5858/6407 5861/6410 5848/6393 
f 5862/6411 5863/6412 4359/4679 4358/4678 
f 5851/6396 5862/6411 4358/4678 4107/4417 
f 5862/6411 5851/6396 4113/6398 4361/6413 
f 5863/6412 5862/6411 4361/6413 4365/6414 
f 5864/6415 5853/6400 4104/4414 4357/4677 
f 5865/6416 5864/6415 4357/4677 4356/4676 
f 5864/6415 5865/6416 5857/6417 5856/6418 
f 5853/6400 5864/6415 5856/6418 5845/6401 
f 5866/6419 5867/6420 4605/4935 4604/4934 
f 5855/6404 5866/6419 4604/4934 4353/4673 
f 5866/6419 5855/6404 5857/6406 5868/6421 
f 5867/6420 5866/6419 5868/6421 5869/6422 
f 5870/6423 5859/6408 4350/4670 4603/4933 
f 5871/6424 5870/6423 4603/4933 4602/4932 
f 5870/6423 5871/6424 5872/6425 5873/6426 
f 5859/6408 5870/6423 5873/6426 5860/6409 
f 5874/6427 5875/6428 4611/4941 4610/4940 
f 5863/6412 5874/6427 4610/4940 4359/4679 
f 5874/6427 5863/6412 4365/6414 4613/6429 
f 5875/6428 5874/6427 4613/6429 4617/6430 
f 5876/6431 5865/6416 4356/4676 4609/4939 
f 5877/6432 5876/6431 4609/4939 4608/4938 
f 5876/6431 5877/6432 5869/6433 5868/6434 
f 5865/6416 5876/6431 5868/6434 5857/6417 
f 5878/6435 5879/6436 4857/5204 4856/5203 
f 5867/6437 5878/6435 4856/5203 4605/5202 
f 5878/6435 5867/6437 5869/6438 5880/6439 
f 5879/6436 5878/6435 5880/6439 5881/6440 
f 5882/6441 5871/6424 4602/4932 4855/6442 
f 5883/6443 5882/6441 4855/6442 4854/6444 
f 5882/6441 5883/6443 5884/6445 5885/6446 
f 5871/6424 5882/6441 5885/6446 5872/6425 
f 5886/6447 5887/6448 4863/5213 4862/5212 
f 5875/6449 5886/6447 4862/5212 4611/5211 
f 5886/6447 5875/6449 4617/6450 4865/6451 
f 5887/6448 5886/6447 4865/6451 4869/6452 
f 5888/6453 5877/6432 4608/4938 4861/6454 
f 5889/6455 5888/6453 4861/6454 4860/6456 
f 5888/6453 5889/6455 5881/6457 5880/6458 
f 5877/6432 5888/6453 5880/6458 5869/6433 
f 5890/6459 5891/6460 5109/5567 5108/5566 
f 5879/6436 5890/6459 5108/5566 4857/5204 
f 5890/6459 5879/6436 5881/6440 5892/6461 
f 5891/6460 5890/6459 5892/6461 5893/6462 
f 5894/6463 5883/6464 4854/5198 5107/5565 
f 5895/6465 5894/6463 5107/5565 5106/5564 
f 5894/6463 5895/6465 5896/6466 5897/6467 
f 5883/6464 5894/6463 5897/6467 5884/6468 
f 5898/6469 5899/6470 5115/5573 5114/5572 
f 5887/6448 5898/6469 5114/5572 4863/5213 
f 5898/6469 5887/6448 4869/6452 5117/6471 
f 5899/6470 5898/6469 5117/6471 5121/6472 
f 5900/6473 5889/6474 4860/5207 5113/5571 
f 5901/6475 5900/6473 5113/5571 5112/5570 
f 5900/6473 5901/6475 5893/6476 5892/6477 
f 5889/6474 5900/6473 5892/6477 5881/6478 
f 5902/6479 5903/6480 5361/5853 5360/5852 
f 5891/6460 5902/6479 5360/5852 5109/5567 
f 5902/6479 5891/6460 5893/6462 5904/6481 
f 5903/6480 5902/6479 5904/6481 5905/6482 
f 5906/6483 5895/6465 5106/5564 5359/5851 
f 5907/6484 5906/6483 5359/5851 5358/5850 
f 5906/6483 5907/6484 5908/6485 5909/6486 
f 5895/6465 5906/6483 5909/6486 5896/6466 
f 5910/6487 5911/6488 5367/5859 5366/5858 
f 5899/6470 5910/6487 5366/5858 5115/5573 
f 5910/6487 5899/6470 5121/6472 5369/6489 
f 5911/6488 5910/6487 5369/6489 5373/6490 
f 5912/6491 5901/6475 5112/5570 5365/5857 
f 5913/6492 5912/6491 5365/5857 5364/5856 
f 5912/6491 5913/6492 5905/6493 5904/6494 
f 5901/6475 5912/6491 5904/6494 5893/6476 
f 5914/6495 5730/6237 1710/1922 5607/6109 
f 5903/6480 5914/6495 5607/6109 5361/5853 
f 5914/6495 5903/6480 5905/6482 5915/6496 
f 5730/6237 5914/6495 5915/6496 5731/6238 
f 5916/6497 5907/6484 5358/5850 5606/6108 
f 5735/6242 5916/6497 5606/6108 1709/1921 
f 5916/6497 5735/6242 5739/6246 5917/6498 
f 5907/6484 5916/6497 5917/6498 5908/6485 
f 5918/6499 5742/6249 1719/1931 5610/6112 
f 5911/6488 5918/6499 5610/6112 5367/5859 
f 5918/6499 5911/6488 5373/6490 5612/6500 
f 5742/6249 5918/6499 5612/6500 1724/6250 
f 5919/6501 5913/6492 5364/5856 5609/6111 
f 5744/6254 5919/6501 5609/6111 1718/1930 
f 5919/6501 5744/6254 5731/6258 5915/6502 
f 5913/6492 5919/6501 5915/6502 5905/6493 
f 5920/6503 1699/6504 1700/6505 5921/6506 
f 5738/6245 5920/6503 5921/6506 5739/6246 
f 5920/6503 5738/6245 5737/6244 5922/6507 
f 1699/6504 5920/6503 5922/6507 1701/6508 
f 5923/6509 1696/1908 1703/1915 5924/6510 
f 5925/6511 5923/6509 5924/6510 5926/6512 
f 5923/6509 5925/6511 1697/1909 1696/1908 
f 5927/6513 2076/6514 1701/6508 5922/6507 
f 5753/6266 5927/6513 5922/6507 5737/6244 
f 5927/6513 5753/6266 5752/6265 5928/6515 
f 2076/6514 5927/6513 5928/6515 2077/6516 
f 5929/6517 2075/2302 2079/2306 5930/6518 
f 5924/6510 5929/6517 5930/6518 5926/6512 
f 5929/6517 5924/6510 1703/1915 2075/2302 
f 5931/6519 2328/6520 2077/6516 5928/6515 
f 5765/6282 5931/6519 5928/6515 5752/6265 
f 5931/6519 5765/6282 5764/6281 5932/6521 
f 2328/6520 5931/6519 5932/6521 2329/6522 
f 5933/6523 2327/2564 2331/2568 5934/6524 
f 5930/6518 5933/6523 5934/6524 5926/6512 
f 5933/6523 5930/6518 2079/2306 2327/2564 
f 5935/6525 2580/6526 2329/6522 5932/6521 
f 5777/6298 5935/6525 5932/6521 5764/6281 
f 5935/6525 5777/6298 5776/6297 5936/6527 
f 2580/6526 5935/6525 5936/6527 2581/6528 
f 5937/6529 2579/2826 2583/2830 5938/6530 
f 5934/6524 5937/6529 5938/6530 5926/6512 
f 5937/6529 5934/6524 2331/2568 2579/2826 
f 5939/6531 2832/6532 2581/6528 5936/6527 
f 5789/6314 5939/6531 5936/6527 5776/6297 
f 5939/6531 5789/6314 5788/6313 5940/6533 
f 2832/6532 5939/6531 5940/6533 2833/6534 
f 5941/6535 2831/3088 2835/3092 5942/6536 
f 5938/6530 5941/6535 5942/6536 5926/6512 
f 5941/6535 5938/6530 2583/2830 2831/3088 
f 5943/6537 3084/6538 2833/6534 5940/6533 
f 5801/6330 5943/6537 5940/6533 5788/6313 
f 5943/6537 5801/6330 5800/6329 5944/6539 
f 3084/6538 5943/6537 5944/6539 3085/6540 
f 5945/6541 3083/3350 3087/3357 5946/6542 
f 5942/6543 5945/6541 5946/6542 5926/6512 
f 5945/6541 5942/6543 2835/3351 3083/3350 
f 5947/6544 3336/6545 3085/6540 5944/6539 
f 5813/6346 5947/6544 5944/6539 5800/6329 
f 5947/6544 5813/6346 5812/6345 5948/6546 
f 3336/6545 5947/6544 5948/6546 3337/6547 
f 5949/6548 3335/3615 3339/3619 5950/6549 
f 5946/6542 5949/6548 5950/6549 5926/6512 
f 5949/6548 5946/6542 3087/3357 3335/3615 
f 5951/6550 3588/6551 3337/6547 5948/6546 
f 5825/6362 5951/6550 5948/6546 5812/6345 
f 5951/6550 5825/6362 5824/6361 5952/6552 
f 3588/6551 5951/6550 5952/6552 3589/6553 
f 5953/6554 3587/3877 3591/3881 5954/6555 
f 5950/6549 5953/6554 5954/6555 5926/6512 
f 5953/6554 5950/6549 3339/3619 3587/3877 
f 5955/6556 3840/6557 3589/6553 5952/6552 
f 5837/6378 5955/6556 5952/6552 5824/6361 
f 5955/6556 5837/6378 5836/6377 5956/6558 
f 3840/6557 5955/6556 5956/6558 3841/6559 
f 5957/6560 3839/4139 3843/4143 5958/6561 
f 5954/6555 5957/6560 5958/6561 5926/6512 
f 5957/6560 5954/6555 3591/3881 3839/4139 
f 5959/6562 4092/6563 3841/6559 5956/6558 
f 5849/6394 5959/6562 5956/6558 5836/6377 
f 5959/6562 5849/6394 5848/6393 5960/6564 
f 4092/6563 5959/6562 5960/6564 4093/6565 
f 5961/6566 4091/4401 4095/4405 5962/6567 
f 5958/6561 5961/6566 5962/6567 5926/6512 
f 5961/6566 5958/6561 3843/4143 4091/4401 
f 5963/6568 4344/6569 4093/6565 5960/6564 
f 5861/6410 5963/6568 5960/6564 5848/6393 
f 5963/6568 5861/6410 5860/6409 5964/6570 
f 4344/6569 5963/6568 5964/6570 4345/6571 
f 5965/6572 4343/4663 4347/4667 5966/6573 
f 5962/6567 5965/6572 5966/6573 5926/6512 
f 5965/6572 5962/6567 4095/4405 4343/4663 
f 5967/6574 4596/6575 4345/6571 5964/6570 
f 5873/6426 5967/6574 5964/6570 5860/6409 
f 5967/6574 5873/6426 5872/6425 5968/6576 
f 4596/6575 5967/6574 5968/6576 4597/6577 
f 5969/6578 4595/4925 4599/4929 5970/6579 
f 5966/6573 5969/6578 5970/6579 5926/6512 
f 5969/6578 5966/6573 4347/4667 4595/4925 
f 5971/6580 4848/6581 4597/6577 5968/6576 
f 5885/6446 5971/6580 5968/6576 5872/6425 
f 5971/6580 5885/6446 5884/6445 5972/6582 
f 4848/6581 5971/6580 5972/6582 4849/6583 
f 5973/6584 4847/5191 4851/5195 5974/6585 
f 5970/6579 5973/6584 5974/6585 5926/6512 
f 5973/6584 5970/6579 4599/4929 4847/5191 
f 5975/6586 5100/6587 4849/6588 5972/6589 
f 5897/6467 5975/6586 5972/6589 5884/6468 
f 5975/6586 5897/6467 5896/6466 5976/6590 
f 5100/6587 5975/6586 5976/6590 5101/6591 
f 5977/6592 5099/5557 5103/5561 5978/6593 
f 5974/6585 5977/6592 5978/6593 5926/6512 
f 5977/6592 5974/6585 4851/5195 5099/5557 
f 5979/6594 5352/6595 5101/6591 5976/6590 
f 5909/6486 5979/6594 5976/6590 5896/6466 
f 5979/6594 5909/6486 5908/6485 5980/6596 
f 5352/6595 5979/6594 5980/6596 5353/6597 
f 5981/6598 5351/5843 5355/5847 5982/6599 
f 5978/6593 5981/6598 5982/6599 5926/6512 
f 5981/6598 5978/6593 5103/5561 5351/5843 
f 5983/6600 5604/6601 5353/6597 5980/6596 
f 5917/6498 5983/6600 5980/6596 5908/6485 
f 5983/6600 5917/6498 5739/6246 5921/6506 
f 5604/6601 5983/6600 5921/6506 1700/6505 
f 5984/6602 5603/6105 1697/1909 5925/6511 
f 5982/6599 5984/6602 5925/6511 5926/6512 
f 5984/6602 5982/6599 5355/5847 5603/6105 
f 5985/6603 1943/2167 1944/2168 5986/6604 
f 1948/2172 5985/6603 5986/6604 1949/2173 
f 5985/6603 1948/2172 1955/2179 5987/6605 
f 1943/2167 5985/6603 5987/6605 1945/2169 
f 5988/6606 2239/2474 1945/2169 5987/6605 
f 2243/2478 5988/6606 5987/6605 1955/2179 
f 5988/6606 2243/2478 2247/2482 5989/6607 
f 2239/2474 5988/6606 5989/6607 2240/2475 
f 5990/6608 2491/2736 2240/2475 5989/6607 
f 2495/2740 5990/6608 5989/6607 2247/2482 
f 5990/6608 2495/2740 2499/2744 5991/6609 
f 2491/2736 5990/6608 5991/6609 2492/2737 
f 5992/6610 2743/2998 2492/2737 5991/6609 
f 2747/3002 5992/6610 5991/6609 2499/2744 
f 5992/6610 2747/3002 2751/3006 5993/6611 
f 2743/2998 5992/6610 5993/6611 2744/2999 
f 5994/6612 2995/3260 2744/2999 5993/6611 
f 2999/3264 5994/6612 5993/6611 2751/3006 
f 5994/6612 2999/3264 3003/3268 5995/6613 
f 2995/3260 5994/6612 5995/6613 2996/3261 
f 5996/6614 3247/3525 2996/3261 5995/6613 
f 3251/3529 5996/6614 5995/6613 3003/3268 
f 5996/6614 3251/3529 3255/3533 5997/6615 
f 3247/3525 5996/6614 5997/6615 3248/3526 
f 5998/6616 3499/3787 3248/3526 5997/6615 
f 3503/3791 5998/6616 5997/6615 3255/3533 
f 5998/6616 3503/3791 3507/3795 5999/6617 
f 3499/3787 5998/6616 5999/6617 3500/3788 
f 6000/6618 3751/4049 3500/3788 5999/6617 
f 3755/4053 6000/6618 5999/6617 3507/3795 
f 6000/6618 3755/4053 3759/4057 6001/6619 
f 3751/4049 6000/6618 6001/6619 3752/4050 
f 6002/6620 4003/4311 3752/4050 6001/6619 
f 4007/4315 6002/6620 6001/6619 3759/4057 
f 6002/6620 4007/4315 4011/4319 6003/6621 
f 4003/4311 6002/6620 6003/6621 4004/4312 
f 6004/6622 4255/4573 4004/4312 6003/6621 
f 4259/4577 6004/6622 6003/6621 4011/4319 
f 6004/6622 4259/4577 4263/4581 6005/6623 
f 4255/4573 6004/6622 6005/6623 4256/4574 
f 6006/6624 4507/4835 4256/4574 6005/6623 
f 4511/4839 6006/6624 6005/6623 4263/4581 
f 6006/6624 4511/4839 4515/4843 6007/6625 
f 4507/4835 6006/6624 6007/6625 4508/4836 
f 6008/6626 4759/5097 4508/4836 6007/6625 
f 4763/5101 6008/6626 6007/6625 4515/4843 
f 6008/6626 4763/5101 4767/5105 6009/6627 
f 4759/5097 6008/6626 6009/6627 4760/5098 
f 6010/6628 5011/5425 4760/5426 6009/6629 
f 5015/5430 6010/6628 6009/6629 4767/5431 
f 6010/6628 5015/5430 5019/5437 6011/6630 
f 5011/5425 6010/6628 6011/6630 5012/5427 
f 6012/6631 5263/5753 5012/5427 6011/6630 
f 5267/5757 6012/6631 6011/6630 5019/5437 
f 6012/6631 5267/5757 5271/5761 6013/6632 
f 5263/5753 6012/6631 6013/6632 5264/5754 
f 6014/6633 5515/6015 5264/5754 6013/6632 
f 5519/6019 6014/6633 6013/6632 5271/5761 
f 6014/6633 5519/6019 5523/6023 6015/6634 
f 5515/6015 6014/6633 6015/6634 5516/6016 
f 6016/6635 5685/6191 5516/6016 6015/6634 
f 5687/6193 6016/6635 6015/6634 5523/6023 
f 6016/6635 5687/6193 1949/2173 5986/6604 
f 5685/6191 6016/6635 5986/6604 1944/2168 
s 1
f 6017/6636 6018/6637 6019/6638 6020/6639 6021/6640 6022/6641 6023/6642 6024/6643 6025/6644 6026/6645 6027/6646 6028/6647 6029/6648 6030/6649 6031/6650 6032/6651 6033/6652 6034/6653 6035/6654 6036/6655 6037/6656 6038/6657 6039/6658 6040/6659 6041/6660 6042/6661 6043/6662 6044/6663 6045/6664 6046/6665 6047/6666 6048/6667 
s 8
f 6019/6638 6018/6637 6049/6668 6050/6669 
f 6018/6637 6017/6636 6051/6670 6049/6668 
f 6017/6636 6048/6667 6052/6671 6051/6670 
f 6048/6667 6047/6666 6053/6672 6052/6671 
f 6047/6666 6046/6665 6054/6673 6053/6672 
f 6046/6665 6045/6664 6055/6674 6054/6673 
f 6045/6664 6044/6663 6056/6675 6055/6674 
f 6044/6663 6043/6662 6057/6676 6056/6675 
f 6043/6677 6042/6678 6058/6679 6057/6680 
f 6042/6678 6041/6681 6059/6682 6058/6679 
f 6041/6681 6040/6683 6060/6684 6059/6682 
f 6040/6683 6039/6685 6061/6686 6060/6684 
f 6039/6685 6038/6687 6062/6688 6061/6686 
f 6038/6687 6037/6689 6063/6690 6062/6688 
f 6037/6689 6036/6691 6064/6692 6063/6690 
f 6036/6691 6035/6693 6065/6694 6064/6692 
f 6035/6693 6034/6695 6066/6696 6065/6694 
f 6034/6695 6033/6697 6067/6698 6066/6696 
f 6033/6697 6032/6699 6068/6700 6067/6698 
f 6032/6699 6031/6701 6069/6702 6068/6700 
f 6031/6701 6030/6703 6070/6704 6069/6702 
f 6030/6703 6029/6705 6071/6706 6070/6704 
f 6029/6705 6028/6707 6072/6708 6071/6706 
f 6028/6707 6027/6709 6073/6710 6072/6708 
f 6027/6709 6026/6711 6074/6712 6073/6710 
f 6026/6711 6025/6713 6075/6714 6074/6712 
f 6025/6713 6024/6715 6076/6716 6075/6714 
f 6024/6715 6023/6717 6077/6718 6076/6716 
f 6023/6717 6022/6719 6078/6720 6077/6718 
f 6022/6719 6021/6721 6079/6722 6078/6720 
f 6021/6721 6020/6723 6080/6724 6079/6722 
f 6020/6723 6019/6638 6050/6669 6080/6724 
s 1
f 6077/6725 6078/6726 6079/6727 6080/6724 6050/6669 6049/6668 6051/6670 6052/6671 6053/6672 6054/6673 6055/6674 6056/6675 6057/6676 6058/6728 6059/6729 6060/6730 6061/6731 6062/6732 6063/6733 6064/6734 6065/6735 6066/6736 6067/6737 6068/6738 6069/6739 6070/6740 6071/6741 6072/6742 6073/6743 6074/6744 6075/6745 6076/6746 
usemtl Toilet_paper_1
s off
f 1684/1894 6081/1894 6082/1905 1693/1905 
f 1683/1893 6083/1893 6081/1894 1684/1894 
f 1681/1891 6084/1891 6085/1892 1682/1892 
f 1686/1896 6086/1896 6083/1893 1683/1893 
f 1682/1892 6085/1892 6087/1895 1685/1895 
f 1688/1898 6088/1898 6086/1896 1686/1896 
f 1685/1895 6087/1895 6089/1897 1687/1897 
f 1690/1900 6090/1900 6088/1898 1688/1898 
f 1687/1897 6089/1897 6091/1899 1689/1899 
f 1692/1902 6092/1902 6090/1900 1690/1900 
f 1689/1899 6091/1899 6093/1901 1691/1901 
f 1656/1904 6094/1904 6092/1902 1692/1902 
f 1655/1903 6095/1903 6094/1904 1656/1904 
f 1691/1901 6093/1901 6095/1903 1655/1903 
f 1694/1906 6096/1906 6084/1891 1681/1891 
f 1693/1905 6082/1905 6096/1906 1694/1906 
s 16
f 6094/1904 6095/1903 6093/1901 6091/1899 6089/1897 6087/1895 6085/1892 6084/1891 6096/1906 6082/1905 6081/1894 6083/1893 6086/1896 6088/1898 6090/1900 6092/1902 
# 6028 polygons

