# 3ds Max Wavefront OBJ Exporter v0.99 - (c)2007 guruware
# File Created: 20.04.2025 01:32:38

mtllib Chair_175.mtl

#
# object Chair_175
#

v  -15.3259 -2.3133 13.7878
v  -14.8506 -2.3110 13.8782
v  -14.8476 -2.2791 13.8731
v  -15.3229 -2.2814 13.7827
v  -15.7291 -2.3195 13.5431
v  -15.7261 -2.2877 13.5381
v  -15.7604 -2.5033 13.5844
v  -15.3580 -2.4970 13.8288
v  -14.8834 -2.4947 13.9191
v  -15.9904 -2.3291 13.1706
v  -15.9874 -2.2972 13.1655
v  -16.0824 -2.3403 12.7342
v  -16.0793 -2.3084 12.7291
v  -16.1133 -2.5238 12.7763
v  -16.0213 -2.5127 13.2122
v  -15.9771 -2.3514 12.2978
v  -15.9740 -2.3196 12.2927
v  -15.7043 -2.3610 11.9253
v  -15.7017 -2.3291 11.9202
v  -15.7360 -2.5444 11.9682
v  -16.0080 -2.5350 12.3403
v  -15.2946 -2.3672 11.6806
v  -15.2920 -2.3354 11.6755
v  -14.8960 -2.3699 11.5610
v  -14.8930 -2.3381 11.5558
v  -14.9284 -2.5525 11.6039
v  -15.3271 -2.5504 11.7237
v  -13.6787 -2.3512 12.2978
v  -13.8489 -2.3593 11.9600
v  -13.8458 -2.3278 11.9548
v  -13.6757 -2.3195 12.2927
v  -13.5860 -2.3402 12.7342
v  -13.5830 -2.3084 12.7291
v  -13.6204 -2.5232 12.7761
v  -13.7127 -2.5325 12.3397
v  -13.8821 -2.5391 12.0020
v  -13.6906 -2.3291 13.1706
v  -13.6875 -2.2972 13.1655
v  -13.9629 -2.3195 13.5431
v  -13.9595 -2.2876 13.5381
v  -13.9965 -2.5033 13.5844
v  -13.7249 -2.5127 13.2123
v  -14.3730 -2.3133 13.7878
v  -14.3700 -2.2814 13.7827
v  -14.4062 -2.4970 13.8288
v  -21.8765 -41.5449 22.1863
v  -21.8212 -41.5449 22.2975
v  -21.9311 -41.5262 22.4059
v  -21.9982 -41.5262 22.2972
v  -21.9982 -41.5262 22.1078
v  -22.0669 -41.5117 22.2027
v  -21.9433 -41.5263 21.9989
v  -21.8693 -41.5449 22.0739
v  -21.8113 -41.5449 22.1262
v  -21.8201 -41.5449 22.0742
v  -21.7537 -41.5449 22.1303
v  -21.7636 -41.5449 22.1693
v  -21.7216 -41.5449 22.2256
v  -21.9749 -41.1712 22.8451
v  -21.9532 -40.9135 22.8337
v  -22.2294 -40.9138 22.6526
v  -22.2317 -41.1713 22.6765
v  -21.9627 -41.3580 22.7866
v  -22.1821 -41.3581 22.6427
v  -21.7060 -41.3580 22.8398
v  -21.6740 -41.1711 22.9074
v  -21.6297 -40.9134 22.9007
v  -22.4003 -41.1716 22.4199
v  -22.4110 -40.9141 22.3768
v  -22.4777 -40.9146 22.0537
v  -22.4628 -41.1719 22.1192
v  -22.3263 -41.3582 22.4235
v  -22.3793 -41.3584 22.1667
v  -22.4003 -41.1722 21.8186
v  -22.4106 -40.9150 21.7306
v  -22.2294 -40.9154 21.4549
v  -22.2317 -41.1724 21.5619
v  -22.3263 -41.3585 21.9100
v  -22.1821 -41.3586 21.6908
v  -21.9746 -41.1726 21.3934
v  -21.9528 -40.9156 21.2737
v  -21.6824 -40.9157 21.1849
v  -21.7228 -41.1726 21.3107
v  -21.9627 -41.3587 21.5468
v  -21.7480 -41.3588 21.4762
v  -21.1338 -41.1725 21.4922
v  -21.0487 -40.9155 21.3799
v  -20.9652 -40.9153 21.4814
v  -21.0560 -41.1724 21.5866
v  -21.2452 -41.3587 21.6312
v  -21.1788 -41.3586 21.7119
v  -21.3139 -41.3587 21.6028
v  -21.2143 -41.1725 21.4589
v  -21.1353 -40.9155 21.3442
v  -20.9473 -41.1722 21.8186
v  -20.8481 -40.9150 21.7306
v  -20.7809 -40.9146 22.0537
v  -20.8847 -41.1719 22.1192
v  -21.0857 -41.3585 21.9100
v  -21.0323 -41.3584 22.1667
v  -20.9473 -41.1716 22.4199
v  -20.8481 -40.9141 22.3768
v  -21.0297 -40.9138 22.6526
v  -21.1159 -41.1714 22.6765
v  -21.0857 -41.3582 22.4235
v  -21.2296 -41.3581 22.6427
v  -21.3730 -41.1712 22.8451
v  -21.3058 -40.9135 22.8337
v  -21.4489 -41.3580 22.7866
v  -21.9093 -41.4702 22.6400
v  -22.0669 -41.4702 22.5367
v  -21.8296 -41.5262 22.4797
v  -21.7323 -41.5117 22.5433
v  -21.7251 -41.4701 22.6781
v  -22.1699 -41.4702 22.3795
v  -22.2084 -41.4703 22.1952
v  -22.1699 -41.4703 22.0110
v  -22.0669 -41.4704 21.8538
v  -21.9093 -41.4704 21.7505
v  -21.7552 -41.4704 21.6998
v  -21.8456 -41.5263 21.9280
v  -21.7670 -41.5118 21.8519
v  -21.3947 -41.4704 21.8110
v  -21.3470 -41.4704 21.8689
v  -21.5458 -41.5263 21.9841
v  -21.5130 -41.5263 22.0226
v  -21.5775 -41.5263 21.9690
v  -21.4439 -41.4704 21.7906
v  -21.2803 -41.4703 22.0110
v  -21.2421 -41.4703 22.1952
v  -21.4645 -41.5262 22.1148
v  -21.3947 -41.5117 22.2058
v  -21.2803 -41.4702 22.3795
v  -21.3837 -41.4702 22.5367
v  -21.4645 -41.5262 22.3042
v  -21.5366 -41.5262 22.4076
v  -21.5408 -41.4702 22.6400
v  -21.6400 -41.5262 22.4797
v  -21.7381 -41.5449 22.3804
v  -21.6476 -41.5449 22.3044
v  -21.8018 -41.5449 22.0031
v  -21.7178 -41.5263 21.9023
v  -21.6740 -41.5263 21.9233
v  -21.7655 -41.5449 22.0286
v  -21.5717 -41.5449 22.2142
v  -21.6286 -41.5449 22.1377
v  -21.9059 -40.5889 22.7711
v  -21.6030 -38.8023 22.3364
v  -21.8922 -38.8028 22.1477
v  -22.1893 -40.5892 22.5853
v  -21.5736 -40.5888 22.8397
v  -21.2643 -38.8021 22.4061
v  -22.3755 -40.5897 22.3025
v  -22.0821 -38.8036 21.8603
v  -22.1516 -38.8045 21.5237
v  -22.4442 -40.5902 21.9712
v  -22.3751 -40.5907 21.6399
v  -22.0810 -38.8054 21.1870
v  -21.8906 -38.8061 20.8997
v  -22.1889 -40.5912 21.3572
v  -21.9055 -40.5914 21.1714
v  -21.6011 -38.8066 20.7109
v  -21.3173 -38.8067 20.6184
v  -21.6274 -40.5916 21.0803
v  -20.9778 -40.5913 21.2803
v  -20.6543 -38.8051 20.8212
v  -20.5666 -38.8049 20.9270
v  -20.8920 -40.5911 21.3844
v  -21.0663 -40.5913 21.2436
v  -20.7447 -38.8054 20.7841
v  -20.7718 -40.5907 21.6399
v  -20.4441 -38.8047 21.1868
v  -20.3747 -38.8043 21.5236
v  -20.7027 -40.5902 21.9712
v  -20.7718 -40.5897 22.3025
v  -20.4453 -38.8036 21.8603
v  -20.6356 -38.8028 22.1477
v  -20.9579 -40.5892 22.5853
v  -21.2418 -40.5889 22.7711
v  -20.9251 -38.8023 22.3364
v  -14.8972 -3.7374 11.8841
v  -14.7675 -3.7259 11.9267
v  -14.7263 -3.7520 11.9516
v  -14.9025 -3.7663 11.8910
v  -15.1402 -3.7481 11.8855
v  -15.1451 -3.7763 11.8921
v  -15.1073 -3.5629 11.8418
v  -14.8647 -3.5534 11.8410
v  -14.7362 -3.5433 11.8841
v  -15.3217 -2.2291 13.7772
v  -15.7249 -2.2354 13.5325
v  -14.8464 -2.2268 13.8675
v  -14.8396 -2.1817 13.7922
v  -15.2901 -2.1839 13.7066
v  -15.6719 -2.1899 13.4748
v  -15.9863 -2.2449 13.1600
v  -16.0782 -2.2561 12.7236
v  -15.9195 -2.1989 13.1219
v  -16.0065 -2.2096 12.7085
v  -15.9729 -2.2673 12.2872
v  -15.7005 -2.2769 11.9148
v  -15.9069 -2.2202 12.2951
v  -15.6487 -2.2292 11.9423
v  -15.2908 -2.2832 11.6701
v  -14.8911 -2.2861 11.5505
v  -15.2603 -2.2352 11.7105
v  -14.8811 -2.2381 11.5972
v  -14.6484 -2.2855 11.5532
v  -14.4753 -2.2832 11.6198
v  -14.4833 -2.3390 11.6230
v  -14.6526 -2.3371 11.5584
v  -14.6492 -2.2379 11.6000
v  -14.4840 -2.2361 11.6631
v  -13.6745 -2.2673 12.2872
v  -13.5818 -2.2561 12.7236
v  -13.8451 -2.2758 11.9494
v  -13.8912 -2.2284 11.9751
v  -13.7295 -2.2202 12.2951
v  -13.6414 -2.2095 12.7085
v  -13.6864 -2.2449 13.1600
v  -13.9584 -2.2354 13.5325
v  -13.7405 -2.1989 13.1219
v  -13.9984 -2.1899 13.4748
v  -14.3688 -2.2291 13.7772
v  -14.3867 -2.1839 13.7066
v  -14.2838 -2.2812 11.6919
v  -14.1056 -2.2796 11.7585
v  -14.0949 -2.3352 11.7656
v  -14.2830 -2.3286 11.6941
v  -14.3051 -2.2343 11.7313
v  -14.1396 -2.2327 11.7942
v  -13.9744 -2.2789 11.8088
v  -13.9736 -2.3304 11.8143
v  -14.0148 -2.2316 11.8418
v  -0.3464 -4.0554 -1.4947
v  -0.3284 -4.0562 -1.5283
v  -0.2720 -4.0766 -1.5272
v  -0.3071 -4.0729 -1.4679
v  -2.1580 -4.0131 0.2014
v  -2.1179 -4.0308 0.2277
v  -2.1542 -3.8341 0.1876
v  -0.3460 -3.8766 -1.5044
v  -0.3284 -3.8774 -1.5379
v  -14.2544 -2.3556 11.6688
v  -14.2673 -2.3537 11.6809
v  -14.1201 -2.3576 11.7354
v  -14.1079 -2.3595 11.7229
v  -12.4916 -2.3989 10.0227
v  -12.3486 -2.4028 10.0797
v  -12.6358 -2.4056 9.9681
v  -14.4028 -2.3622 11.6173
v  -14.4165 -2.3603 11.6289
v  -14.2159 -3.7166 12.1405
v  -14.2212 -3.7443 12.1471
v  -14.3337 -3.7460 12.1010
v  -14.2868 -3.7188 12.1095
v  -14.1834 -3.5345 12.0973
v  -14.2559 -3.5366 12.0659
v  -14.0648 -3.5337 12.2349
v  -14.0984 -3.7160 12.2776
v  -14.1037 -3.7437 12.2841
v  -14.2284 -3.7782 12.1553
v  -14.3528 -3.7821 12.1078
v  -14.1102 -3.7772 12.2921
v  -14.1174 -3.8137 12.3006
v  -14.2365 -3.8150 12.1641
v  -14.3620 -3.8199 12.1171
v  -15.5781 -3.7616 14.1109
v  -15.5724 -3.7280 14.1034
v  -15.9710 -3.7340 13.8606
v  -15.9767 -3.7676 13.8682
v  -15.5846 -3.7980 14.1190
v  -15.9832 -3.8040 13.8764
v  -15.1146 -3.7958 14.2087
v  -15.1081 -3.7594 14.2006
v  -15.1024 -3.7258 14.1931
v  -16.2354 -3.7767 13.4987
v  -16.2296 -3.7431 13.4911
v  -16.3208 -3.7538 13.0581
v  -16.3265 -3.7873 13.0658
v  -16.2415 -3.8130 13.5069
v  -16.3326 -3.8237 13.0741
v  -16.2224 -3.7980 12.6329
v  -16.2167 -3.7644 12.6251
v  -15.9473 -3.7731 12.2554
v  -15.9531 -3.8066 12.2632
v  -16.2285 -3.8343 12.6413
v  -15.9592 -3.8430 12.2718
v  -13.9610 -3.7767 13.4987
v  -13.9549 -3.7431 13.4911
v  -14.2239 -3.7340 13.8606
v  -14.2303 -3.7676 13.8682
v  -13.9679 -3.8130 13.5069
v  -14.2368 -3.8040 13.8764
v  -13.8641 -3.8194 13.0731
v  -13.8573 -3.7831 13.0648
v  -13.8508 -3.7495 13.0571
v  -14.6358 -3.7616 14.1109
v  -14.6297 -3.7280 14.1034
v  -14.6423 -3.7980 14.1190
v  -15.5476 -3.8113 12.0202
v  -15.5418 -3.7778 12.0123
v  -15.1516 -3.8106 11.9003
v  -15.5540 -3.8476 12.0288
v  -15.1585 -3.8477 11.9091
v  -13.9465 -3.7811 12.6289
v  -13.9404 -3.7476 12.6211
v  -13.9534 -3.8174 12.6373
v  -14.2437 -3.8515 12.1728
v  -14.1243 -3.8500 12.3092
v  -14.5279 -5.3897 12.5406
v  -14.4100 -5.3883 12.6757
v  -14.6523 -5.3947 12.4941
v  -14.3692 -3.8567 12.1259
v  -15.5907 -3.8343 14.1272
v  -15.9893 -3.8403 13.8845
v  -15.8581 -5.3735 14.4771
v  -16.2518 -5.3792 14.2367
v  -15.3942 -5.3714 14.5659
v  -15.1211 -3.8321 14.2168
v  -16.2476 -3.8494 13.5152
v  -16.3387 -3.8600 13.0825
v  -16.5073 -5.3878 13.8707
v  -16.5974 -5.3979 13.4418
v  -16.2350 -3.8706 12.6497
v  -15.9657 -3.8792 12.2803
v  -16.4948 -5.4080 13.0130
v  -16.2289 -5.4162 12.6469
v  -13.9748 -3.8493 13.5152
v  -14.2437 -3.8403 13.8845
v  -14.2620 -5.3878 13.8707
v  -14.5275 -5.3792 14.2367
v  -14.1594 -5.3939 13.4409
v  -13.8710 -3.8558 13.0815
v  -14.6488 -3.8343 14.1272
v  -14.9277 -5.3735 14.4771
v  -15.5605 -3.8839 12.0373
v  -15.1649 -3.8843 11.9178
v  -15.8287 -5.4207 12.4062
v  -15.4381 -5.4210 12.2877
v  -13.9603 -3.8537 12.6458
v  -14.2479 -5.3918 13.0092
v  -14.3124 -3.7199 12.0909
v  -14.3654 -3.7386 12.0762
v  -14.3105 -3.7205 12.0781
v  -14.3616 -3.7390 12.0642
v  -14.2788 -3.5394 12.0349
v  -14.2811 -3.5382 12.0474
v  -14.4829 -2.3717 11.6220
v  -14.5332 -2.3678 11.6099
v  -14.4295 -2.3554 11.6365
v  -14.4688 -2.3765 11.6148
v  -14.4985 -2.5547 11.6568
v  -14.5130 -2.5506 11.6639
v  -14.5641 -2.5477 11.6519
v  -14.2773 -2.3487 11.6899
v  -14.1270 -2.3526 11.7458
v  -17.5980 -22.0329 16.5736
v  -16.4841 -15.9787 15.0865
v  -16.3757 -15.9779 15.2130
v  -17.4950 -22.0323 16.6949
v  -18.7080 -28.0940 18.0884
v  -18.6104 -28.0936 18.2042
v  -18.8095 -28.0957 18.0480
v  -17.7055 -22.0355 16.5315
v  -16.5977 -15.9822 15.0427
v  -18.7412 -22.0261 18.3108
v  -17.6960 -15.9691 16.8985
v  -18.0573 -15.9729 16.6734
v  -19.0834 -22.0288 18.0948
v  -19.7815 -28.0892 19.7477
v  -20.1046 -28.0911 19.5412
v  -19.4019 -28.0885 19.8239
v  -18.3388 -22.0250 18.3906
v  -17.2710 -15.9677 16.9817
v  -19.3066 -22.0330 17.7660
v  -18.2922 -15.9786 16.3306
v  -18.3758 -15.9852 15.9290
v  -19.3863 -22.0380 17.3808
v  -20.3156 -28.0939 19.2270
v  -20.3918 -28.0973 18.8588
v  -19.2993 -22.0429 16.9956
v  -18.2831 -15.9919 15.5274
v  -18.0405 -15.9973 15.1846
v  -19.0704 -22.0469 16.6667
v  -20.3110 -28.1006 18.4906
v  -20.0958 -28.1033 18.1763
v  -17.3607 -22.0330 17.7660
v  -16.2361 -15.9786 16.3306
v  -16.4783 -15.9729 16.6734
v  -17.5892 -22.0288 18.0948
v  -18.4807 -28.0939 19.2270
v  -18.6958 -28.0911 19.5412
v  -18.3994 -28.0958 18.8584
v  -17.2733 -22.0358 17.3803
v  -16.1434 -15.9824 15.9283
v  -17.9352 -22.0261 18.3108
v  -16.8442 -15.9691 16.8985
v  -19.0212 -28.0892 19.7477
v  -18.7248 -22.0490 16.4506
v  -17.6746 -16.0002 14.9592
v  -17.3172 -16.0003 14.8484
v  -18.3868 -22.0491 16.3444
v  -19.7701 -28.1047 17.9698
v  -19.4515 -28.1048 17.8684
v  -17.3527 -22.0344 16.9935
v  -16.2262 -15.9807 15.5247
v  -18.4753 -28.0949 18.4892
v  -14.5161 -3.7453 12.0204
v  -14.5058 -3.7453 12.0107
v  -14.5248 -3.7558 12.0291
v  -14.6645 -3.7398 11.9616
v  -14.6481 -3.7394 11.9543
v  -15.5674 -3.7000 14.0971
v  -15.5350 -3.5136 14.0556
v  -15.9344 -3.5196 13.8125
v  -15.9664 -3.7060 13.8543
v  -15.0970 -3.6978 14.1868
v  -15.0642 -3.5114 14.1453
v  -16.2251 -3.7151 13.4847
v  -16.1934 -3.5288 13.4425
v  -16.2846 -3.5395 13.0090
v  -16.3162 -3.7258 13.0516
v  -16.2121 -3.7364 12.6186
v  -16.1804 -3.5503 12.5755
v  -15.9103 -3.5591 12.2054
v  -15.9424 -3.7451 12.2488
v  -15.5369 -3.7499 12.0057
v  -15.5045 -3.5640 11.9620
v  -13.9351 -3.7198 12.6147
v  -13.9008 -3.5358 12.5721
v  -13.8107 -3.5359 13.0081
v  -13.8458 -3.7216 13.0507
v  -13.9496 -3.7151 13.4847
v  -13.9149 -3.5288 13.4425
v  -14.1846 -3.5196 13.8125
v  -14.2189 -3.7060 13.8543
v  -14.6244 -3.7000 14.0971
v  -14.5908 -3.5136 14.0556
v  -14.7766 -3.0513 11.7234
v  -15.0177 -3.0572 11.7228
v  -14.6885 -2.5500 11.6059
v  -14.6500 -3.0451 11.7679
v  -14.5653 -3.0481 11.7614
v  -14.6469 -3.5407 11.8777
v  -14.6626 -3.5404 11.8891
v  -14.5805 -3.0471 11.7728
v  -14.4840 -2.5563 11.6454
v  -12.7121 -2.5996 9.9907
v  -12.7831 -3.0908 10.0955
v  -12.8548 -3.5828 10.2005
v  -14.0957 -3.0374 11.9795
v  -14.1705 -3.0392 11.9471
v  -14.0079 -2.5413 11.8620
v  -14.0854 -2.5428 11.8285
v  -13.9732 -3.0359 12.1184
v  -14.1953 -3.0422 11.9289
v  -14.1914 -3.0450 11.9171
v  -14.1098 -2.5471 11.8106
v  -14.1048 -2.5515 11.7995
v  -14.7114 -3.7216 11.9382
v  -14.6805 -3.5401 11.8957
v  -14.6927 -3.7211 11.9317
v  -15.4465 -3.0049 13.9421
v  -15.8474 -3.0110 13.6983
v  -14.9734 -3.0026 14.0321
v  -16.1072 -3.0203 13.3273
v  -16.1987 -3.0313 12.8925
v  -16.0942 -3.0422 12.4578
v  -15.8234 -3.0513 12.0867
v  -15.4156 -3.0568 11.8428
v  -13.8065 -3.0338 12.4558
v  -13.7157 -3.0291 12.8920
v  -13.8199 -3.0203 13.3273
v  -14.0903 -3.0110 13.6983
v  -14.4985 -3.0049 13.9421
v  -14.5966 -3.0449 11.7797
v  -14.6564 -2.3686 11.5635
v  -14.4543 -2.3784 11.6034
v  -12.6862 -2.4218 9.9528
v  -13.9759 -2.3618 11.8195
v  -14.0549 -2.3631 11.7856
v  -14.0789 -2.3679 11.7677
v  -14.0732 -2.3729 11.7569
v  -14.6767 -3.7212 11.9203
v  -12.8807 -3.7631 10.2390
v  -12.8372 -3.7813 10.2619
v  -14.6328 -3.7395 11.9427
v  -14.3002 -3.7209 12.0645
v  -12.5118 -3.7622 10.3909
v  -12.4836 -3.5815 10.3521
v  -14.2681 -3.5400 12.0215
v  -14.3501 -3.7393 12.0509
v  -12.5607 -3.7806 10.3759
v  -14.4924 -3.7455 11.9982
v  -12.6999 -3.7871 10.3202
v  -7.2315 -2.5283 5.1116
v  -7.0995 -2.5319 5.1774
v  -1.9665 -2.6579 0.1957
v  -1.8452 -2.6611 0.2703
v  -2.0882 -2.6650 0.1219
v  -7.3647 -2.5353 5.0474
v  -7.4657 -3.2181 5.1251
v  -7.4249 -2.7286 5.0538
v  -2.1435 -3.3455 0.1497
v  -2.1328 -2.8578 0.1120
v  -7.5069 -3.7084 5.1965
v  -14.1804 -3.0462 11.9040
v  -12.4073 -3.0884 10.2459
v  -12.3306 -2.5962 10.1400
v  -14.0934 -2.5532 11.7866
v  -7.4100 -2.5515 5.0280
v  -2.1290 -2.6813 0.0984
v  -14.0617 -2.3748 11.7442
v  -12.3032 -2.4181 10.1017
v  -21.3310 -41.1725 21.4107
v  -21.4134 -41.3587 21.5616
v  -21.4581 -41.1726 21.3581
v  -21.5218 -41.3587 21.5167
v  -21.3974 -40.9156 21.2358
v  -21.2608 -40.9156 21.2923
v  -21.5153 -41.4704 21.7611
v  -21.6236 -41.5263 21.9471
v  -21.5931 -41.4704 21.7288
v  -21.6606 -41.5449 22.1027
v  -21.6869 -41.5449 22.0843
v  -21.1952 -40.5914 21.1904
v  -21.3352 -40.5915 21.1325
v  -21.0190 -38.8062 20.6713
v  -20.8759 -38.8058 20.7301
v  -14.5515 -3.8643 12.0578
v  -14.8323 -5.4019 12.4266
v  -14.7503 -3.8726 11.9836
v  -15.0288 -5.4098 12.3530
v  -14.7430 -3.8347 11.9745
v  -14.5443 -3.8268 12.0488
v  -17.8616 -22.0392 16.4704
v  -18.9564 -28.0982 17.9894
v  -19.1170 -28.1009 17.9255
v  -18.0317 -22.0433 16.4038
v  -16.7625 -15.9872 14.9792
v  -16.9426 -15.9926 14.9100
v  -21.7243 -41.5449 22.0577
v  -21.5698 -41.1726 21.3119
v  -21.6171 -41.3587 21.4772
v  -21.5176 -40.9157 21.1861
v  -21.6614 -41.4704 21.7005
v  -21.4584 -40.5916 21.0816
v  -21.1449 -38.8066 20.6196
v  -14.9250 -3.8799 11.9184
v  -15.2012 -5.4168 12.2883
v  -14.9178 -3.8425 11.9095
v  -18.1812 -22.0469 16.3453
v  -19.2577 -28.1033 17.8694
v  -17.1001 -15.9974 14.8492
v  -14.9101 -3.8030 11.8999
v  -14.7339 -3.7934 11.9644
v  -14.5348 -3.7868 12.0389
v  -15.1951 -2.1734 13.5065
v  -15.5132 -2.1783 13.3133
v  -14.8197 -2.1715 13.5779
v  -14.8258 -2.1769 13.3712
v  -15.0791 -2.1796 13.2632
v  -15.3423 -2.1819 13.1742
v  -15.7093 -2.2036 12.3300
v  -15.4942 -2.2112 12.0359
v  -15.7925 -2.1948 12.6746
v  -15.4232 -2.1942 12.6975
v  -15.3400 -2.2014 12.4170
v  -15.2466 -2.2078 12.1670
v  -15.1703 -2.2162 11.8427
v  -14.8540 -2.2186 11.7483
v  -15.0478 -2.2120 12.0063
v  -14.8067 -2.2135 11.9459
v  -14.6599 -2.2185 11.7506
v  -14.5222 -2.2172 11.8033
v  -14.6507 -2.2137 11.9370
v  -14.5515 -2.2142 11.9197
v  -13.8943 -2.2036 12.3300
v  -13.8210 -2.1948 12.6746
v  -14.0293 -2.2105 12.0632
v  -14.1369 -2.2078 12.1684
v  -14.1079 -2.2032 12.3476
v  -14.0938 -2.1966 12.6028
v  -13.9034 -2.1859 13.0192
v  -14.1186 -2.1783 13.3133
v  -14.2262 -2.1905 12.8421
v  -14.3906 -2.1840 13.0915
v  -14.4424 -2.1734 13.5065
v  -14.6149 -2.1796 13.2632
v  -14.1323 -2.2133 11.9521
v  -14.2365 -2.2144 11.9124
v  -14.3612 -2.2104 12.0673
v  -14.2551 -2.2092 12.1144
v  -15.7196 -2.1859 13.0192
v  -15.4030 -2.1874 12.9626
v  -14.3738 -2.2157 11.8600
v  -14.4741 -2.2120 12.0045
v  -14.9849 -2.1848 13.0629
v  -14.8865 -2.1902 12.8530
v  -14.3101 -2.2043 12.3035
v  -14.4329 -2.1999 12.4741
v  -14.4783 -2.2066 12.2129
v  -14.6446 -2.2042 12.3069
v  -14.7587 -2.1972 12.5811
v  -14.9166 -2.2042 12.3070
v  -14.9204 -2.2085 12.1407
v  -14.7362 -2.2087 12.1321
v  -14.5912 -2.2098 12.0909
v  -19.8120 -34.1620 19.6308
v  -19.7201 -34.1617 19.7410
v  -19.9074 -34.1629 19.5922
v  -15.3679 -9.9315 13.6270
v  -15.4873 -9.9359 13.5816
v  -15.2538 -9.9304 13.7585
v  -20.8153 -34.1585 21.2091
v  -21.1189 -34.1596 21.0126
v  -20.4586 -34.1581 21.2816
v  -16.6473 -9.9183 15.5108
v  -16.2003 -9.9166 15.5972
v  -17.0273 -9.9232 15.2768
v  -21.3181 -34.1612 20.7134
v  -21.3905 -34.1631 20.3630
v  -17.2737 -9.9305 14.9206
v  -17.3611 -9.9391 14.5033
v  -21.3154 -34.1651 20.0125
v  -21.1143 -34.1666 19.7134
v  -17.2630 -9.9477 14.0861
v  -17.0071 -9.9547 13.7298
v  -19.5953 -34.1612 20.7134
v  -19.7964 -34.1596 21.0126
v  -19.5198 -34.1624 20.3628
v  -15.1096 -9.9305 14.9206
v  -15.0112 -9.9356 14.5025
v  -15.3652 -9.9232 15.2768
v  -20.1015 -34.1585 21.2091
v  -15.7505 -9.9183 15.5108
v  -20.8092 -34.1675 19.5168
v  -20.5101 -34.1676 19.4204
v  -16.6214 -9.9585 13.4956
v  -16.2453 -9.9587 13.3804
v  -19.5923 -34.1622 20.0118
v  -15.0970 -9.9336 14.0827
v  -15.6612 -9.9422 13.5158
v  -15.8504 -9.9490 13.4441
v  -20.0455 -34.1642 19.5362
v  -20.1962 -34.1656 19.4751
v  -16.0164 -9.9550 13.3811
v  -20.3285 -34.1668 19.4215
v  -0.0320 -4.0503 -1.2880
v  0.0031 -4.0507 -1.3047
v  0.0031 -3.8719 -1.3144
v  -0.0320 -3.8715 -1.2978
v  -1.8356 -4.0087 0.4002
v  -1.8318 -3.8296 0.3862
v  -1.8764 -4.0274 0.3768
v  -0.0713 -4.0691 -1.3129
v  0.0031 -4.0720 -1.3427
v  -0.0317 -3.3833 -1.3244
v  0.0031 -3.3838 -1.3410
v  0.0031 -2.8965 -1.3675
v  -0.0317 -2.8960 -1.3510
v  -1.8204 -3.3407 0.3481
v  -1.8093 -2.8527 0.3100
v  -0.0317 -2.7197 -1.3606
v  0.0031 -2.7202 -1.3771
v  0.0031 -2.7037 -1.4169
v  -0.0706 -2.7048 -1.3873
v  -1.8051 -2.6761 0.2963
v  15.3324 -2.3133 13.7878
v  15.3294 -2.2814 13.7827
v  14.8540 -2.2790 13.8731
v  14.8571 -2.3109 13.8782
v  15.3645 -2.4970 13.8288
v  14.8899 -2.4947 13.9191
v  15.7669 -2.5032 13.5844
v  15.7352 -2.3195 13.5431
v  15.7326 -2.2876 13.5381
v  15.9966 -2.3291 13.1706
v  15.9939 -2.2972 13.1655
v  16.0278 -2.5127 13.2122
v  16.1198 -2.5238 12.7763
v  16.0885 -2.3402 12.7342
v  16.0858 -2.3084 12.7291
v  15.9836 -2.3514 12.2978
v  15.9805 -2.3195 12.2927
v  16.0145 -2.5349 12.3403
v  15.7425 -2.5444 11.9682
v  15.7108 -2.3609 11.9253
v  15.7082 -2.3291 11.9202
v  15.3011 -2.3672 11.6806
v  15.2985 -2.3354 11.6755
v  15.3332 -2.5504 11.7237
v  14.9349 -2.5525 11.6039
v  14.9025 -2.3698 11.5610
v  14.8994 -2.3381 11.5558
v  13.6852 -2.3512 12.2978
v  13.6822 -2.3195 12.2927
v  13.8523 -2.3278 11.9548
v  13.8554 -2.3593 11.9600
v  13.7192 -2.5325 12.3397
v  13.8882 -2.5390 12.0020
v  13.6269 -2.5232 12.7761
v  13.5925 -2.3402 12.7342
v  13.5895 -2.3083 12.7291
v  13.6971 -2.3291 13.1706
v  13.6940 -2.2972 13.1655
v  13.7314 -2.5127 13.2122
v  14.0030 -2.5032 13.5844
v  13.9690 -2.3195 13.5431
v  13.9660 -2.2876 13.5381
v  14.3791 -2.3133 13.7878
v  14.3761 -2.2814 13.7827
v  14.4127 -2.4970 13.8288
v  21.8830 -41.5449 22.1863
v  22.0047 -41.5262 22.2972
v  21.9376 -41.5262 22.4059
v  21.8277 -41.5449 22.2975
v  21.7697 -41.5449 22.1693
v  21.7281 -41.5449 22.2256
v  21.7602 -41.5449 22.1303
v  21.8178 -41.5449 22.1262
v  21.8754 -41.5449 22.0739
v  21.8266 -41.5449 22.0742
v  21.9498 -41.5262 21.9989
v  22.0047 -41.5262 22.1078
v  22.0734 -41.5117 22.2027
v  21.9814 -41.1712 22.8451
v  22.2382 -41.1713 22.6765
v  22.2359 -40.9137 22.6526
v  21.9597 -40.9135 22.8337
v  21.6805 -41.1711 22.9074
v  21.6362 -40.9134 22.9007
v  21.7125 -41.3580 22.8398
v  21.9692 -41.3580 22.7866
v  22.1886 -41.3581 22.6427
v  22.4068 -41.1716 22.4199
v  22.4693 -41.1718 22.1192
v  22.4842 -40.9145 22.0537
v  22.4174 -40.9141 22.3768
v  22.3328 -41.3582 22.4235
v  22.3858 -41.3584 22.1667
v  22.4068 -41.1721 21.8186
v  22.2382 -41.1724 21.5619
v  22.2355 -40.9153 21.4549
v  22.4171 -40.9150 21.7306
v  22.3328 -41.3585 21.9100
v  22.1886 -41.3586 21.6908
v  21.9810 -41.1725 21.3934
v  21.7293 -41.1726 21.3107
v  21.6888 -40.9157 21.1849
v  21.9593 -40.9156 21.2737
v  21.9692 -41.3587 21.5468
v  21.7545 -41.3587 21.4762
v  21.1403 -41.1724 21.4922
v  21.0625 -41.1723 21.5866
v  20.9717 -40.9153 21.4814
v  21.0552 -40.9154 21.3799
v  21.2208 -41.1725 21.4589
v  21.1418 -40.9155 21.3442
v  21.3200 -41.3587 21.6028
v  21.2517 -41.3586 21.6312
v  21.1849 -41.3586 21.7119
v  20.9534 -41.1721 21.8186
v  20.8912 -41.1718 22.1192
v  20.7874 -40.9145 22.0537
v  20.8546 -40.9150 21.7306
v  21.0918 -41.3585 21.9099
v  21.0388 -41.3583 22.1667
v  20.9538 -41.1716 22.4199
v  21.1224 -41.1713 22.6765
v  21.0361 -40.9137 22.6526
v  20.8546 -40.9141 22.3768
v  21.0922 -41.3582 22.4235
v  21.2360 -41.3581 22.6427
v  21.3791 -41.1712 22.8451
v  21.3123 -40.9135 22.8337
v  21.4554 -41.3580 22.7866
v  21.9158 -41.4701 22.6400
v  22.0734 -41.4702 22.5367
v  21.7316 -41.4701 22.6781
v  21.7388 -41.5116 22.5433
v  21.8361 -41.5262 22.4797
v  22.1764 -41.4702 22.3795
v  22.2145 -41.4703 22.1952
v  22.1764 -41.4703 22.0110
v  22.0730 -41.4704 21.8538
v  21.9158 -41.4704 21.7505
v  21.7617 -41.4704 21.6998
v  21.8517 -41.5262 21.9280
v  21.7735 -41.5118 21.8519
v  21.4012 -41.4704 21.8110
v  21.3535 -41.4703 21.8689
v  21.4504 -41.4704 21.7906
v  21.5839 -41.5262 21.9690
v  21.5519 -41.5262 21.9841
v  21.5195 -41.5262 22.0226
v  21.2868 -41.4703 22.0110
v  21.2486 -41.4702 22.1952
v  21.4710 -41.5262 22.1148
v  21.4012 -41.5117 22.2058
v  21.2868 -41.4702 22.3795
v  21.3902 -41.4702 22.5367
v  21.4710 -41.5262 22.3042
v  21.5431 -41.5262 22.4076
v  21.5473 -41.4701 22.6400
v  21.6465 -41.5262 22.4797
v  21.7445 -41.5449 22.3804
v  21.6541 -41.5449 22.3044
v  21.8082 -41.5449 22.0031
v  21.7720 -41.5449 22.0286
v  21.6801 -41.5262 21.9233
v  21.7243 -41.5262 21.9023
v  21.5782 -41.5449 22.2142
v  21.6351 -41.5449 22.1377
v  21.9124 -40.5889 22.7711
v  22.1958 -40.5892 22.5853
v  21.8987 -38.8028 22.1477
v  21.6095 -38.8022 22.3364
v  21.5801 -40.5888 22.8397
v  21.2708 -38.8021 22.4061
v  22.3820 -40.5896 22.3025
v  22.4506 -40.5902 21.9712
v  22.1581 -38.8044 21.5237
v  22.0882 -38.8035 21.8603
v  22.3816 -40.5907 21.6399
v  22.1954 -40.5911 21.3572
v  21.8971 -38.8061 20.8997
v  22.0875 -38.8054 21.1870
v  21.9116 -40.5914 21.1714
v  21.6339 -40.5916 21.0803
v  21.3238 -38.8067 20.6184
v  21.6076 -38.8066 20.7109
v  20.9843 -40.5912 21.2803
v  20.8984 -40.5911 21.3844
v  20.5730 -38.8049 20.9270
v  20.6604 -38.8051 20.8212
v  21.0728 -40.5913 21.2436
v  20.7512 -38.8053 20.7841
v  20.7779 -40.5907 21.6399
v  20.7092 -40.5902 21.9712
v  20.3808 -38.8043 21.5236
v  20.4506 -38.8046 21.1868
v  20.7783 -40.5896 22.3025
v  20.9644 -40.5892 22.5853
v  20.6421 -38.8028 22.1477
v  20.4517 -38.8035 21.8603
v  21.2482 -40.5889 22.7711
v  20.9316 -38.8022 22.3364
v  14.9036 -3.7374 11.8841
v  14.9090 -3.7662 11.8910
v  14.7327 -3.7520 11.9516
v  14.7739 -3.7259 11.9268
v  14.8712 -3.5534 11.8410
v  14.7423 -3.5433 11.8842
v  15.1138 -3.5628 11.8418
v  15.1466 -3.7481 11.8855
v  15.1516 -3.7762 11.8921
v  15.3282 -2.2290 13.7772
v  15.7314 -2.2353 13.5325
v  15.2962 -2.1839 13.7066
v  15.6784 -2.1898 13.4748
v  14.8460 -2.1817 13.7922
v  14.8529 -2.2267 13.8675
v  15.9927 -2.2449 13.1600
v  16.0847 -2.2561 12.7236
v  15.9260 -2.1989 13.1219
v  16.0130 -2.2095 12.7085
v  15.9794 -2.2673 12.2872
v  15.7066 -2.2769 11.9148
v  15.9134 -2.2202 12.2951
v  15.6551 -2.2292 11.9423
v  15.2969 -2.2831 11.6701
v  14.8972 -2.2860 11.5505
v  15.2668 -2.2352 11.7105
v  14.8872 -2.2380 11.5972
v  14.6549 -2.2855 11.5532
v  14.6591 -2.3371 11.5584
v  14.4894 -2.3390 11.6230
v  14.4817 -2.2832 11.6198
v  14.6557 -2.2379 11.6000
v  14.4905 -2.2361 11.6631
v  13.6810 -2.2673 12.2872
v  13.5883 -2.2561 12.7236
v  13.7356 -2.2202 12.2951
v  13.6478 -2.2095 12.7085
v  13.8977 -2.2283 11.9751
v  13.8515 -2.2758 11.9494
v  13.6929 -2.2449 13.1600
v  13.9648 -2.2353 13.5325
v  13.7470 -2.1989 13.1219
v  14.0045 -2.1898 13.4748
v  14.3749 -2.2291 13.7772
v  14.3932 -2.1839 13.7066
v  14.2899 -2.2812 11.6919
v  14.2895 -2.3285 11.6941
v  14.1010 -2.3352 11.7656
v  14.1121 -2.2796 11.7585
v  14.3116 -2.2343 11.7313
v  14.1457 -2.2327 11.7942
v  13.9805 -2.2788 11.8088
v  13.9801 -2.3304 11.8143
v  14.0209 -2.2316 11.8418
v  0.3525 -4.0554 -1.4947
v  0.3136 -4.0729 -1.4679
v  0.2785 -4.0766 -1.5272
v  0.3349 -4.0562 -1.5283
v  0.3525 -3.8766 -1.5044
v  0.3349 -3.8774 -1.5379
v  2.1603 -3.8341 0.1876
v  2.1645 -4.0131 0.2014
v  2.1244 -4.0308 0.2277
v  14.2609 -2.3556 11.6688
v  14.1144 -2.3595 11.7229
v  14.1266 -2.3576 11.7354
v  14.2738 -2.3537 11.6809
v  14.4093 -2.3622 11.6173
v  14.4230 -2.3603 11.6289
v  12.6423 -2.4056 9.9681
v  12.4977 -2.3989 10.0227
v  12.3550 -2.4028 10.0797
v  14.2220 -3.7166 12.1405
v  14.2933 -3.7188 12.1095
v  14.3398 -3.7460 12.1010
v  14.2273 -3.7443 12.1471
v  14.1048 -3.7160 12.2776
v  14.1102 -3.7436 12.2841
v  14.0713 -3.5336 12.2349
v  14.1899 -3.5345 12.0973
v  14.2620 -3.5365 12.0659
v  14.2349 -3.7782 12.1553
v  14.3593 -3.7820 12.1078
v  14.2429 -3.8150 12.1641
v  14.3681 -3.8199 12.1171
v  14.1235 -3.8137 12.3006
v  14.1167 -3.7772 12.2921
v  15.5846 -3.7616 14.1109
v  15.9832 -3.7676 13.8682
v  15.9775 -3.7340 13.8606
v  15.5788 -3.7280 14.1034
v  15.1146 -3.7594 14.2006
v  15.1085 -3.7258 14.1931
v  15.1211 -3.7958 14.2087
v  15.5910 -3.7980 14.1190
v  15.9893 -3.8039 13.8764
v  16.2418 -3.7767 13.4987
v  16.3330 -3.7873 13.0658
v  16.3273 -3.7537 13.0581
v  16.2361 -3.7431 13.4911
v  16.2479 -3.8130 13.5069
v  16.3391 -3.8236 13.0741
v  16.2289 -3.7979 12.6329
v  15.9595 -3.8066 12.2632
v  15.9538 -3.7731 12.2554
v  16.2231 -3.7644 12.6251
v  16.2350 -3.8343 12.6413
v  15.9657 -3.8429 12.2718
v  13.9675 -3.7767 13.4987
v  14.2365 -3.7676 13.8682
v  14.2303 -3.7340 13.8606
v  13.9614 -3.7431 13.4911
v  13.8638 -3.7831 13.0648
v  13.8573 -3.7495 13.0571
v  13.8702 -3.8194 13.0731
v  13.9744 -3.8130 13.5069
v  14.2433 -3.8039 13.8764
v  14.6420 -3.7616 14.1109
v  14.6358 -3.7280 14.1034
v  14.6488 -3.7980 14.1190
v  15.5540 -3.8113 12.0202
v  15.1581 -3.8106 11.9003
v  15.5483 -3.7778 12.0123
v  15.5605 -3.8476 12.0288
v  15.1649 -3.8477 11.9091
v  13.9530 -3.7810 12.6289
v  13.9469 -3.7475 12.6211
v  13.9599 -3.8174 12.6373
v  14.2502 -3.8515 12.1728
v  14.1304 -3.8500 12.3092
v  14.3757 -3.8567 12.1259
v  14.6584 -5.3946 12.4941
v  14.5344 -5.3896 12.5406
v  14.4165 -5.3883 12.6757
v  15.5972 -3.8343 14.1272
v  15.9958 -3.8403 13.8846
v  15.1276 -3.8321 14.2168
v  15.4003 -5.3714 14.5659
v  15.8646 -5.3735 14.4771
v  16.2582 -5.3791 14.2367
v  16.2540 -3.8493 13.5152
v  16.3452 -3.8599 13.0825
v  16.5138 -5.3878 13.8707
v  16.6039 -5.3979 13.4418
v  16.2411 -3.8706 12.6497
v  15.9718 -3.8792 12.2803
v  16.5012 -5.4080 13.0130
v  16.2354 -5.4162 12.6469
v  13.9812 -3.8493 13.5152
v  14.2502 -3.8403 13.8845
v  13.8771 -3.8557 13.0815
v  14.1659 -5.3938 13.4409
v  14.2681 -5.3878 13.8707
v  14.5336 -5.3791 14.2367
v  14.6553 -3.8343 14.1272
v  14.9342 -5.3735 14.4771
v  15.5666 -3.8839 12.0373
v  15.1714 -3.8842 11.9178
v  15.8352 -5.4207 12.4062
v  15.4446 -5.4210 12.2877
v  13.9668 -3.8537 12.6458
v  14.2544 -5.3918 13.0092
v  14.3188 -3.7199 12.0909
v  14.3719 -3.7386 12.0762
v  14.2876 -3.5382 12.0474
v  14.2849 -3.5394 12.0349
v  14.3169 -3.7205 12.0781
v  14.3681 -3.7389 12.0642
v  14.4890 -2.3717 11.6220
v  14.4360 -2.3554 11.6365
v  14.5397 -2.3678 11.6099
v  14.5195 -2.5506 11.6639
v  14.5706 -2.5477 11.6519
v  14.5050 -2.5547 11.6568
v  14.4753 -2.3765 11.6148
v  14.2838 -2.3487 11.6899
v  14.1331 -2.3525 11.7458
v  17.6044 -22.0329 16.5736
v  17.5014 -22.0323 16.6949
v  16.3818 -15.9779 15.2130
v  16.4906 -15.9787 15.0865
v  17.7120 -22.0354 16.5315
v  16.6042 -15.9822 15.0427
v  18.8156 -28.0957 18.0480
v  18.7141 -28.0940 18.0884
v  18.6169 -28.0935 18.2042
v  18.7477 -22.0260 18.3108
v  19.0899 -22.0288 18.0948
v  18.0637 -15.9728 16.6734
v  17.7025 -15.9691 16.8985
v  18.3453 -22.0250 18.3906
v  17.2775 -15.9677 16.9817
v  19.4084 -28.0885 19.8239
v  19.7880 -28.0892 19.7477
v  20.1111 -28.0910 19.5412
v  19.3127 -22.0330 17.7660
v  19.3928 -22.0379 17.3808
v  18.3823 -15.9852 15.9290
v  18.2983 -15.9785 16.3306
v  20.3220 -28.0939 19.2270
v  20.3983 -28.0972 18.8588
v  19.3058 -22.0429 16.9956
v  19.0769 -22.0468 16.6667
v  18.0470 -15.9973 15.1846
v  18.2896 -15.9919 15.5274
v  20.3171 -28.1006 18.4906
v  20.1023 -28.1033 18.1763
v  17.3668 -22.0330 17.7660
v  17.5957 -22.0288 18.0948
v  16.4848 -15.9728 16.6734
v  16.2426 -15.9785 16.3306
v  17.2798 -22.0358 17.3803
v  16.1499 -15.9824 15.9283
v  18.4059 -28.0958 18.8584
v  18.4872 -28.0939 19.2270
v  18.7019 -28.0910 19.5412
v  17.9417 -22.0260 18.3108
v  16.8507 -15.9691 16.8985
v  19.0277 -28.0892 19.7477
v  18.7313 -22.0490 16.4506
v  18.3929 -22.0490 16.3444
v  17.3237 -16.0003 14.8484
v  17.6811 -16.0002 14.9592
v  19.7765 -28.1047 17.9698
v  19.4580 -28.1048 17.8684
v  17.3592 -22.0344 16.9935
v  16.2323 -15.9806 15.5247
v  18.4818 -28.0949 18.4892
v  14.5226 -3.7453 12.0204
v  14.5123 -3.7453 12.0107
v  14.6709 -3.7397 11.9616
v  14.6545 -3.7394 11.9543
v  14.5313 -3.7557 12.0291
v  15.5739 -3.7000 14.0971
v  15.9725 -3.7060 13.8543
v  15.9409 -3.5196 13.8125
v  15.5415 -3.5136 14.0556
v  15.1035 -3.6978 14.1868
v  15.0703 -3.5114 14.1453
v  16.2315 -3.7151 13.4847
v  16.3223 -3.7257 13.0516
v  16.2910 -3.5395 13.0090
v  16.1999 -3.5288 13.4425
v  16.2186 -3.7364 12.6186
v  15.9489 -3.7451 12.2488
v  15.9168 -3.5591 12.2054
v  16.1869 -3.5502 12.5755
v  15.5434 -3.7498 12.0057
v  15.5109 -3.5640 11.9620
v  13.9416 -3.7198 12.6147
v  13.8519 -3.7216 13.0507
v  13.8172 -3.5359 13.0081
v  13.9072 -3.5358 12.5721
v  13.9561 -3.7151 13.4847
v  14.2254 -3.7060 13.8543
v  14.1907 -3.5196 13.8125
v  13.9214 -3.5288 13.4425
v  14.6309 -3.7000 14.0971
v  14.5969 -3.5136 14.0556
v  14.7831 -3.0513 11.7234
v  15.0242 -3.0572 11.7228
v  14.6564 -3.0451 11.7679
v  14.6950 -2.5500 11.6059
v  14.5718 -3.0481 11.7614
v  14.5870 -3.0471 11.7728
v  14.6690 -3.5404 11.8891
v  14.6534 -3.5407 11.8777
v  12.7895 -3.0907 10.0955
v  12.8609 -3.5828 10.2005
v  12.7182 -2.5996 9.9907
v  14.4901 -2.5563 11.6454
v  14.1018 -3.0374 11.9795
v  14.1769 -3.0392 11.9471
v  13.9797 -3.0359 12.1184
v  14.0141 -2.5413 11.8620
v  14.0919 -2.5427 11.8285
v  14.2017 -3.0422 11.9289
v  14.1979 -3.0450 11.9171
v  14.1163 -2.5471 11.8106
v  14.1113 -2.5515 11.7995
v  14.7175 -3.7215 11.9382
v  14.6992 -3.7211 11.9317
v  14.6870 -3.5401 11.8957
v  15.4526 -3.0049 13.9421
v  15.8539 -3.0110 13.6983
v  14.9799 -3.0026 14.0321
v  16.1137 -3.0203 13.3273
v  16.2052 -3.0312 12.8925
v  16.1007 -3.0421 12.4578
v  15.8295 -3.0513 12.0867
v  15.4221 -3.0568 11.8428
v  13.8130 -3.0337 12.4558
v  13.7218 -3.0291 12.8920
v  13.8264 -3.0203 13.3273
v  14.0968 -3.0110 13.6983
v  14.5046 -3.0049 13.9421
v  14.6030 -3.0449 11.7797
v  14.6629 -2.3686 11.5635
v  14.4608 -2.3784 11.6034
v  12.6926 -2.4218 9.9528
v  13.9824 -2.3617 11.8195
v  14.0610 -2.3631 11.7856
v  14.0854 -2.3679 11.7677
v  14.0797 -2.3729 11.7569
v  14.6832 -3.7212 11.9203
v  14.6393 -3.7395 11.9427
v  12.8437 -3.7812 10.2619
v  12.8872 -3.7631 10.2390
v  14.3063 -3.7209 12.0645
v  14.2742 -3.5400 12.0215
v  12.4901 -3.5815 10.3521
v  12.5179 -3.7622 10.3909
v  14.3566 -3.7393 12.0509
v  12.5671 -3.7806 10.3759
v  14.4989 -3.7455 11.9982
v  12.7064 -3.7870 10.3202
v  7.2380 -2.5283 5.1116
v  7.1060 -2.5319 5.1774
v  7.3711 -2.5353 5.0474
v  2.0947 -2.6650 0.1219
v  1.9730 -2.6579 0.1957
v  1.8517 -2.6611 0.2703
v  7.4722 -3.2181 5.1251
v  7.4314 -2.7286 5.0538
v  7.5134 -3.7084 5.1965
v  2.1500 -3.3455 0.1497
v  2.1393 -2.8578 0.1120
v  14.1869 -3.0461 11.9040
v  14.0995 -2.5532 11.7866
v  12.3371 -2.5962 10.1400
v  12.4134 -3.0884 10.2459
v  7.4165 -2.5515 5.0280
v  2.1355 -2.6813 0.0984
v  14.0682 -2.3748 11.7442
v  12.3096 -2.4180 10.1017
v  21.3375 -41.1725 21.4107
v  21.4199 -41.3587 21.5616
v  21.2673 -40.9155 21.2923
v  21.4039 -40.9156 21.2358
v  21.4645 -41.1726 21.3581
v  21.5282 -41.3587 21.5167
v  21.5218 -41.4704 21.7611
v  21.6301 -41.5262 21.9471
v  21.5996 -41.4704 21.7289
v  21.6671 -41.5449 22.1027
v  21.6930 -41.5449 22.0843
v  21.2013 -40.5914 21.1904
v  20.8824 -38.8057 20.7301
v  21.0255 -38.8061 20.6713
v  21.3417 -40.5915 21.1325
v  14.5580 -3.8643 12.0578
v  14.8388 -5.4019 12.4265
v  14.5504 -3.8268 12.0488
v  14.7491 -3.8346 11.9745
v  14.7568 -3.8726 11.9836
v  15.0349 -5.4098 12.3530
v  17.8680 -22.0392 16.4704
v  18.0382 -22.0432 16.4038
v  19.1235 -28.1009 17.9255
v  18.9629 -28.0982 17.9894
v  16.7690 -15.9872 14.9792
v  16.9487 -15.9926 14.9100
v  21.7308 -41.5449 22.0577
v  21.5763 -41.1726 21.3119
v  21.6236 -41.3587 21.4772
v  21.5240 -40.9157 21.1861
v  21.6679 -41.4704 21.7005
v  21.4649 -40.5916 21.0816
v  21.1514 -38.8065 20.6196
v  14.9311 -3.8798 11.9184
v  15.2073 -5.4168 12.2883
v  14.9242 -3.8425 11.9095
v  18.1877 -22.0468 16.3453
v  19.2642 -28.1033 17.8694
v  17.1066 -15.9974 14.8492
v  14.9162 -3.8029 11.8999
v  14.7404 -3.7934 11.9644
v  14.5412 -3.7867 12.0389
v  15.2012 -2.1734 13.5065
v  15.5197 -2.1783 13.3133
v  15.0856 -2.1796 13.2632
v  15.3488 -2.1819 13.1742
v  14.8323 -2.1768 13.3712
v  14.8262 -2.1715 13.5779
v  15.7158 -2.2036 12.3300
v  15.5006 -2.2112 12.0359
v  15.3465 -2.2014 12.4170
v  15.2531 -2.2078 12.1670
v  15.4297 -2.1942 12.6975
v  15.7990 -2.1947 12.6746
v  15.1768 -2.2161 11.8427
v  14.8602 -2.2186 11.7483
v  15.0543 -2.2119 12.0063
v  14.8132 -2.2135 11.9459
v  14.6664 -2.2185 11.7506
v  14.5287 -2.2172 11.8033
v  14.6572 -2.2137 11.9370
v  14.5580 -2.2142 11.9197
v  13.9004 -2.2036 12.3300
v  13.8271 -2.1948 12.6746
v  14.1144 -2.2032 12.3476
v  14.0999 -2.1966 12.6028
v  14.1434 -2.2078 12.1684
v  14.0358 -2.2105 12.0632
v  13.9099 -2.1859 13.0192
v  14.1247 -2.1783 13.3133
v  14.2323 -2.1904 12.8421
v  14.3970 -2.1840 13.0915
v  14.4485 -2.1734 13.5065
v  14.6214 -2.1796 13.2632
v  14.1388 -2.2133 11.9521
v  14.2612 -2.2092 12.1144
v  14.3677 -2.2104 12.0673
v  14.2429 -2.2143 11.9124
v  15.7261 -2.1859 13.0192
v  15.4095 -2.1873 12.9626
v  14.3799 -2.2157 11.8600
v  14.4806 -2.2120 12.0045
v  14.9914 -2.1848 13.0629
v  14.8930 -2.1902 12.8530
v  14.3166 -2.2043 12.3035
v  14.4394 -2.1999 12.4741
v  14.4848 -2.2066 12.2129
v  14.6511 -2.2042 12.3069
v  14.7652 -2.1972 12.5811
v  14.9231 -2.2042 12.3070
v  14.9265 -2.2085 12.1407
v  14.7427 -2.2087 12.1321
v  14.5977 -2.2098 12.0909
v  19.8185 -34.1620 19.6308
v  19.7266 -34.1617 19.7410
v  19.9139 -34.1629 19.5922
v  15.3744 -9.9315 13.6270
v  15.4938 -9.9358 13.5816
v  15.2603 -9.9304 13.7585
v  20.8218 -34.1585 21.2091
v  21.1254 -34.1595 21.0126
v  20.4651 -34.1581 21.2816
v  16.6538 -9.9183 15.5108
v  16.2067 -9.9165 15.5972
v  17.0338 -9.9231 15.2768
v  21.3245 -34.1612 20.7134
v  21.3970 -34.1631 20.3630
v  17.2802 -9.9305 14.9206
v  17.3676 -9.9391 14.5033
v  21.3219 -34.1650 20.0125
v  21.1208 -34.1666 19.7134
v  17.2691 -9.9477 14.0861
v  17.0135 -9.9547 13.7298
v  19.6014 -34.1612 20.7134
v  19.8029 -34.1595 21.0126
v  19.5263 -34.1624 20.3628
v  15.1161 -9.9305 14.9206
v  15.0177 -9.9356 14.5025
v  15.3713 -9.9231 15.2768
v  20.1080 -34.1584 21.2091
v  15.7570 -9.9183 15.5108
v  20.8157 -34.1675 19.5168
v  20.5166 -34.1676 19.4204
v  16.6279 -9.9584 13.4956
v  16.2514 -9.9586 13.3804
v  19.5988 -34.1622 20.0118
v  15.1035 -9.9336 14.0827
v  15.6673 -9.9421 13.5158
v  15.8566 -9.9490 13.4441
v  20.0520 -34.1642 19.5362
v  20.2026 -34.1656 19.4751
v  16.0229 -9.9550 13.3811
v  20.3350 -34.1668 19.4215
v  0.0385 -4.0503 -1.2880
v  0.0385 -3.8715 -1.2978
v  0.0778 -4.0691 -1.3129
v  1.8829 -4.0274 0.3768
v  1.8421 -4.0087 0.4002
v  1.8379 -3.8296 0.3862
v  0.0381 -3.3833 -1.3244
v  0.0381 -2.8960 -1.3510
v  1.8269 -3.3407 0.3481
v  1.8154 -2.8527 0.3100
v  0.0378 -2.7197 -1.3606
v  0.0771 -2.7048 -1.3873
v  1.8116 -2.6761 0.2963
v  -14.8785 -3.1015 -16.9895
v  -14.8754 -3.0701 -16.9878
v  -14.4112 -3.0724 -17.0782
v  -14.4142 -3.1038 -17.0799
v  -14.9109 -3.2827 -17.0108
v  -14.4474 -3.2850 -17.1011
v  -15.3088 -3.2765 -16.7664
v  -15.2767 -3.0952 -16.7448
v  -15.2737 -3.0638 -16.7431
v  -15.5418 -3.0857 -16.3723
v  -15.5388 -3.0543 -16.3706
v  -15.5735 -3.2670 -16.3943
v  -15.6754 -3.2559 -15.9583
v  -15.6441 -3.0745 -15.9359
v  -15.6414 -3.0431 -15.9342
v  -15.5548 -3.0633 -15.4995
v  -15.5518 -3.0319 -15.4977
v  -15.5861 -3.2448 -15.5224
v  -15.3320 -3.2352 -15.1502
v  -15.3004 -3.0538 -15.1270
v  -15.2973 -3.0224 -15.1252
v  -14.9082 -3.0475 -14.8823
v  -14.9052 -3.0161 -14.8805
v  -14.9406 -3.2288 -14.9058
v  -14.5554 -3.2248 -14.7861
v  -14.5229 -3.0440 -14.7627
v  -14.5199 -3.0127 -14.7609
v  -13.3175 -3.0631 -15.4994
v  -13.3144 -3.0318 -15.4977
v  -13.4888 -3.0228 -15.1599
v  -13.4918 -3.0539 -15.1617
v  -13.3514 -3.2424 -15.5221
v  -13.5250 -3.2317 -15.1846
v  -13.2504 -3.2553 -15.9582
v  -13.2160 -3.0744 -15.9359
v  -13.2130 -3.0431 -15.9342
v  -13.3064 -3.0857 -16.3723
v  -13.3030 -3.0543 -16.3706
v  -13.3408 -3.2670 -16.3943
v  -13.5952 -3.2765 -16.7664
v  -13.5612 -3.0952 -16.7448
v  -13.5578 -3.0638 -16.7431
v  -13.9530 -3.1015 -16.9895
v  -13.9496 -3.0701 -16.9878
v  -13.9866 -3.2827 -17.0108
v  -21.8765 -41.5449 -21.2133
v  -21.9978 -41.5267 -21.3262
v  -21.9307 -41.5267 -21.4348
v  -21.8212 -41.5449 -21.3244
v  -21.7636 -41.5449 -21.1963
v  -21.7216 -41.5449 -21.2525
v  -21.7537 -41.5449 -21.1573
v  -21.8113 -41.5449 -21.1532
v  -21.8693 -41.5449 -21.1009
v  -21.8201 -41.5449 -21.1012
v  -21.9429 -41.5267 -21.0278
v  -21.9978 -41.5267 -21.1367
v  -22.0661 -41.5126 -21.2332
v  -21.9662 -41.1811 -21.9117
v  -22.2229 -41.1812 -21.7431
v  -22.2145 -40.9303 -21.7465
v  -21.9383 -40.9302 -21.9277
v  -21.6652 -41.1811 -21.9740
v  -21.6148 -40.9302 -21.9946
v  -21.7014 -41.3630 -21.8866
v  -21.9585 -41.3630 -21.8334
v  -22.1779 -41.3630 -21.6895
v  -22.3915 -41.1813 -21.4865
v  -22.4541 -41.1814 -21.1858
v  -22.4632 -40.9306 -21.1476
v  -22.3961 -40.9305 -21.4707
v  -22.3217 -41.3631 -21.4703
v  -22.3751 -41.3632 -21.2135
v  -22.3919 -41.1816 -20.8851
v  -22.2233 -41.1817 -20.6285
v  -22.2153 -40.9310 -20.5487
v  -22.3965 -40.9308 -20.8245
v  -22.3221 -41.3632 -20.9567
v  -22.1779 -41.3633 -20.7375
v  -21.9666 -41.1817 -20.4599
v  -21.7148 -41.1818 -20.3772
v  -21.6686 -40.9311 -20.2787
v  -21.9391 -40.9311 -20.3675
v  -21.9585 -41.3633 -20.5935
v  -21.7438 -41.3633 -20.5230
v  -21.1262 -41.1817 -20.5587
v  -21.0484 -41.1817 -20.6532
v  -20.9518 -40.9310 -20.5752
v  -21.0358 -40.9310 -20.4737
v  -21.2063 -41.1817 -20.5254
v  -21.1220 -40.9310 -20.4380
v  -21.3097 -41.3633 -20.6495
v  -21.2410 -41.3633 -20.6779
v  -21.1746 -41.3633 -20.7586
v  -20.9393 -41.1816 -20.8851
v  -20.8767 -41.1814 -21.1858
v  -20.7676 -40.9306 -21.1476
v  -20.8347 -40.9308 -20.8245
v  -21.0815 -41.3632 -20.9567
v  -21.0285 -41.3632 -21.2135
v  -20.9389 -41.1813 -21.4865
v  -21.1075 -41.1812 -21.7431
v  -21.0155 -40.9303 -21.7465
v  -20.8344 -40.9305 -21.4707
v  -21.0815 -41.3631 -21.4703
v  -21.2254 -41.3630 -21.6895
v  -21.3642 -41.1811 -21.9117
v  -21.2914 -40.9302 -21.9277
v  -21.4447 -41.3630 -21.8334
v  -21.9078 -41.4721 -21.6749
v  -22.0650 -41.4721 -21.5716
v  -21.7236 -41.4721 -21.7130
v  -21.7316 -41.5125 -21.5738
v  -21.8292 -41.5267 -21.5087
v  -22.1684 -41.4722 -21.4144
v  -22.2065 -41.4722 -21.2301
v  -22.1684 -41.4722 -21.0459
v  -22.0650 -41.4722 -20.8886
v  -21.9078 -41.4723 -20.7854
v  -21.7537 -41.4723 -20.7347
v  -21.8449 -41.5267 -20.9570
v  -21.7663 -41.5126 -20.8824
v  -21.3932 -41.4723 -20.8459
v  -21.3455 -41.4722 -20.9038
v  -21.4424 -41.4723 -20.8255
v  -21.5771 -41.5267 -20.9979
v  -21.5450 -41.5267 -21.0130
v  -21.5126 -41.5267 -21.0515
v  -21.2788 -41.4722 -21.0459
v  -21.2406 -41.4722 -21.2301
v  -21.4642 -41.5267 -21.1437
v  -21.3940 -41.5126 -21.2363
v  -21.2788 -41.4722 -21.4144
v  -21.3818 -41.4721 -21.5716
v  -21.4642 -41.5267 -21.3332
v  -21.5363 -41.5267 -21.4366
v  -21.5393 -41.4721 -21.6749
v  -21.6396 -41.5267 -21.5087
v  -21.7381 -41.5449 -21.4074
v  -21.6476 -41.5449 -21.3314
v  -21.8018 -41.5449 -21.0300
v  -21.7655 -41.5449 -21.0556
v  -21.6736 -41.5267 -20.9522
v  -21.7175 -41.5267 -20.9313
v  -21.5717 -41.5449 -21.2412
v  -21.6286 -41.5449 -21.1647
v  -21.8834 -40.6142 -21.8995
v  -22.1668 -40.6142 -21.7137
v  -21.8353 -38.8711 -21.4657
v  -21.5466 -38.8713 -21.6545
v  -21.5519 -40.6141 -21.9681
v  -21.2086 -38.8713 -21.7242
v  -22.3530 -40.6144 -21.4309
v  -22.4220 -40.6145 -21.0995
v  -22.0959 -38.8706 -20.8417
v  -22.0253 -38.8709 -21.1783
v  -22.3537 -40.6146 -20.7682
v  -22.1676 -40.6148 -20.4854
v  -21.8372 -38.8701 -20.2176
v  -22.0264 -38.8703 -20.5050
v  -21.8845 -40.6148 -20.2996
v  -21.6072 -40.6149 -20.2085
v  -21.2666 -38.8697 -19.9363
v  -21.5492 -38.8699 -20.0288
v  -20.9576 -40.6148 -20.4085
v  -20.8717 -40.6148 -20.5126
v  -20.5170 -38.8689 -20.2451
v  -20.6043 -38.8688 -20.1393
v  -21.0464 -40.6148 -20.3718
v  -20.6947 -38.8689 -20.1021
v  -20.7516 -40.6146 -20.7682
v  -20.6825 -40.6145 -21.0995
v  -20.3236 -38.8704 -20.8416
v  -20.3941 -38.8696 -20.5049
v  -20.7512 -40.6144 -21.4309
v  -20.9370 -40.6142 -21.7137
v  -20.5822 -38.8711 -21.4657
v  -20.3930 -38.8709 -21.1783
v  -21.2200 -40.6142 -21.8995
v  -20.8706 -38.8713 -21.6545
v  -14.5306 -4.3980 -14.9396
v  -14.5359 -4.4265 -14.9434
v  -14.3623 -4.4155 -15.0053
v  -14.4028 -4.3887 -14.9833
v  -14.4981 -4.2158 -14.9161
v  -14.3715 -4.2081 -14.9602
v  -14.7346 -4.2251 -14.9159
v  -14.7678 -4.4085 -14.9398
v  -14.7728 -4.4363 -14.9434
v  -14.8735 -3.0188 -16.9878
v  -15.2721 -3.0125 -16.7431
v  -14.8441 -2.9712 -16.9222
v  -15.2218 -2.9652 -16.6904
v  -14.4043 -2.9734 -17.0078
v  -14.4096 -3.0211 -17.0782
v  -15.5373 -3.0030 -16.3706
v  -15.6395 -2.9918 -15.9342
v  -15.4728 -2.9562 -16.3376
v  -15.5697 -2.9455 -15.9242
v  -15.5502 -2.9806 -15.4979
v  -15.2958 -2.9710 -15.1254
v  -15.4850 -2.9349 -15.5107
v  -15.2439 -2.9258 -15.1579
v  -14.9036 -2.9647 -14.8807
v  -14.5172 -2.9615 -14.7611
v  -14.8724 -2.9199 -14.9261
v  -14.5058 -2.9169 -14.8129
v  -14.2811 -2.9611 -14.7639
v  -14.2857 -3.0118 -14.7636
v  -14.1186 -3.0170 -14.8278
v  -14.1106 -2.9622 -14.8306
v  -14.2799 -2.9169 -14.8156
v  -14.1174 -2.9184 -14.8788
v  -13.3129 -2.9806 -15.4979
v  -13.2111 -2.9918 -15.9342
v  -13.3652 -2.9349 -15.5108
v  -13.2690 -2.9455 -15.9242
v  -13.5315 -2.9266 -15.1907
v  -13.4876 -2.9717 -15.1601
v  -13.3015 -3.0030 -16.3706
v  -13.5563 -3.0125 -16.7431
v  -13.3545 -2.9561 -16.3376
v  -13.5960 -2.9652 -16.6904
v  -13.9481 -3.0188 -16.9878
v  -13.9671 -2.9712 -16.9222
v  -13.9214 -2.9639 -14.9027
v  -13.9214 -3.0104 -14.8998
v  -13.7360 -3.0205 -14.9705
v  -13.7463 -2.9658 -14.9693
v  -13.9408 -2.9201 -14.9469
v  -13.7779 -2.9217 -15.0098
v  -13.6169 -2.9676 -15.0195
v  -13.6169 -3.0183 -15.0195
v  -13.6551 -2.9231 -15.0574
v  -0.3464 -4.0571 -1.5619
v  -0.3071 -4.0758 -1.5868
v  -0.3460 -3.8783 -1.5714
v  -2.1088 -3.9196 -3.2635
v  -2.1126 -4.0984 -3.2581
v  -2.0729 -4.1172 -3.2824
v  -13.8947 -3.0355 -14.8718
v  -13.7505 -3.0421 -14.9252
v  -13.7619 -3.0408 -14.9380
v  -13.9069 -3.0343 -14.8840
v  -14.0404 -3.0394 -14.8197
v  -14.0537 -3.0381 -14.8314
v  -12.3196 -2.9983 -13.1703
v  -12.1769 -2.9945 -13.2255
v  -12.0361 -3.0012 -13.2819
v  -13.8592 -4.3900 -15.1975
v  -13.9294 -4.3907 -15.1663
v  -13.9755 -4.4169 -15.1549
v  -13.8645 -4.4175 -15.2011
v  -13.7413 -4.3962 -15.3343
v  -13.7466 -4.4235 -15.3379
v  -13.7077 -4.2158 -15.3111
v  -13.8268 -4.2098 -15.1738
v  -13.8981 -4.2103 -15.1422
v  -13.8718 -4.4510 -15.2057
v  -13.9946 -4.4525 -15.1579
v  -13.8798 -4.4875 -15.2106
v  -14.0034 -4.4900 -15.1631
v  -13.7604 -4.4928 -15.3469
v  -13.7531 -4.4567 -15.3422
v  -15.1333 -4.5298 -17.1580
v  -15.5277 -4.5239 -16.9152
v  -15.5216 -4.4907 -16.9113
v  -15.1276 -4.4967 -17.1540
v  -14.6744 -4.5320 -17.2476
v  -14.6683 -4.4989 -17.2437
v  -14.6809 -4.5679 -17.2518
v  -15.1398 -4.5657 -17.1622
v  -15.5338 -4.5598 -16.9195
v  -15.7898 -4.5148 -16.5457
v  -15.8909 -4.5042 -16.1128
v  -15.8852 -4.4710 -16.1087
v  -15.7841 -4.4817 -16.5417
v  -15.7959 -4.5507 -16.5501
v  -15.8970 -4.5401 -16.1173
v  -15.8020 -4.4936 -15.6799
v  -15.5502 -4.4841 -15.3103
v  -15.5445 -4.4509 -15.3061
v  -15.7963 -4.4604 -15.6757
v  -15.8085 -4.5295 -15.6845
v  -15.5567 -4.5200 -15.3150
v  -13.5777 -4.5148 -16.5457
v  -13.8298 -4.5239 -16.9152
v  -13.8237 -4.4907 -16.9113
v  -13.5715 -4.4817 -16.5417
v  -13.4876 -4.5000 -16.1123
v  -13.4811 -4.4669 -16.1082
v  -13.4941 -4.5359 -16.1167
v  -13.5845 -4.5507 -16.5501
v  -13.8367 -4.5598 -16.9195
v  -14.2174 -4.5298 -17.1580
v  -14.2113 -4.4967 -17.1540
v  -14.2242 -4.5657 -17.1622
v  -15.1619 -4.4769 -15.0675
v  -14.7793 -4.4703 -14.9479
v  -15.1562 -4.4437 -15.0631
v  -15.1684 -4.5128 -15.0721
v  -14.7861 -4.5071 -14.9528
v  -13.5857 -4.4768 -15.6777
v  -13.5792 -4.4437 -15.6735
v  -13.5921 -4.5128 -15.6823
v  -13.8870 -4.5236 -15.2153
v  -13.7672 -4.5287 -15.3515
v  -14.0106 -4.5264 -15.1680
v  -14.2979 -6.0445 -15.3719
v  -14.1754 -6.0417 -15.4189
v  -14.0572 -6.0467 -15.5538
v  -15.1463 -4.6015 -17.1665
v  -15.5403 -4.5956 -16.9238
v  -14.6873 -4.6037 -17.2561
v  -14.9670 -6.1181 -17.4411
v  -15.4209 -6.1160 -17.3523
v  -15.8104 -6.1103 -17.1119
v  -15.8020 -4.5866 -16.5545
v  -15.9031 -4.5760 -16.1217
v  -16.0690 -6.1018 -16.7458
v  -16.1690 -6.0917 -16.3170
v  -15.8146 -4.5654 -15.6890
v  -15.5628 -4.5559 -15.3196
v  -16.0812 -6.0816 -15.8882
v  -15.8321 -6.0727 -15.5221
v  -13.5914 -4.5865 -16.5545
v  -13.8432 -4.5956 -16.9238
v  -13.5010 -4.5718 -16.1212
v  -13.7939 -6.0877 -16.3165
v  -13.8832 -6.1018 -16.7458
v  -14.1327 -6.1103 -17.1119
v  -14.2307 -4.6015 -17.1665
v  -14.5157 -6.1160 -17.3523
v  -15.1749 -4.5487 -15.0768
v  -14.7926 -4.5432 -14.9575
v  -15.4484 -6.0658 -15.2815
v  -15.0703 -6.0606 -15.1633
v  -13.5990 -4.5487 -15.6868
v  -13.8908 -6.0657 -15.8861
v  -13.9545 -4.3909 -15.1476
v  -14.0072 -4.4084 -15.1310
v  -13.9233 -4.2110 -15.1236
v  -13.9214 -4.2116 -15.1110
v  -13.9534 -4.3909 -15.1348
v  -14.0034 -4.4082 -15.1190
v  -14.1186 -3.0489 -14.8233
v  -14.0663 -3.0337 -14.8395
v  -14.1678 -3.0445 -14.8117
v  -14.1487 -3.2260 -14.8461
v  -14.1991 -3.2226 -14.8344
v  -14.1350 -3.2297 -14.8386
v  -14.1052 -3.0533 -14.8157
v  -13.9164 -3.0298 -14.8935
v  -13.7680 -3.0364 -14.9488
v  -17.3252 -22.4404 -17.6760
v  -17.2218 -22.4428 -17.7972
v  -16.0599 -16.4891 -16.9607
v  -16.1686 -16.4859 -16.8343
v  -17.4316 -22.4419 -17.6337
v  -16.2811 -16.4878 -16.7903
v  -18.5986 -28.3890 -18.5049
v  -18.4978 -28.3880 -18.5454
v  -18.4002 -28.3895 -18.6612
v  -18.4204 -22.4761 -19.4117
v  -18.7603 -22.4735 -19.1957
v  -17.6765 -16.5314 -18.4191
v  -17.3187 -16.5350 -18.6442
v  -18.0237 -22.4771 -19.4915
v  -16.9010 -16.5363 -18.7274
v  -19.1624 -28.4117 -20.2800
v  -19.5381 -28.4111 -20.2037
v  -19.8597 -28.4094 -19.9973
v  -18.9854 -22.4696 -18.8669
v  -19.0708 -22.4651 -18.4816
v  -18.0046 -16.5195 -17.6747
v  -17.9142 -16.5259 -18.0763
v  -20.0722 -28.4070 -19.6830
v  -20.1523 -28.4041 -19.3148
v  -18.9922 -22.4605 -18.0964
v  -18.7729 -22.4564 -17.7676
v  -17.6926 -16.5072 -16.9303
v  -17.9230 -16.5130 -17.2731
v  -20.0768 -28.4012 -18.9466
v  -19.8685 -28.3986 -18.6323
v  -17.0727 -22.4696 -18.8669
v  -17.2920 -22.4735 -19.1957
v  -16.1316 -16.5314 -18.4191
v  -15.9016 -16.5259 -18.0763
v  -16.9930 -22.4630 -18.4813
v  -15.8184 -16.5167 -17.6743
v  -18.1843 -28.4027 -19.3146
v  -18.2602 -28.4070 -19.6830
v  -18.4685 -28.4094 -19.9973
v  -17.6281 -22.4761 -19.4117
v  -16.4852 -16.5350 -18.6442
v  -18.7874 -28.4111 -20.2037
v  -18.4361 -22.4532 -17.5515
v  -18.1053 -22.4506 -17.4454
v  -16.9907 -16.4993 -16.5943
v  -17.3389 -16.5028 -16.7050
v  -19.5492 -28.3965 -18.4258
v  -19.2356 -28.3949 -18.3245
v  -17.0773 -22.4522 -18.0952
v  -15.9073 -16.5019 -17.2716
v  -18.2632 -28.3956 -18.9458
v  -14.1556 -4.4123 -15.0746
v  -14.1457 -4.4118 -15.0650
v  -14.3017 -4.4040 -15.0166
v  -14.2857 -4.4033 -15.0093
v  -14.1640 -4.4229 -15.0822
v  -15.1226 -4.4691 -17.1508
v  -15.5170 -4.4631 -16.9080
v  -15.4846 -4.2793 -16.8860
v  -15.0898 -4.2853 -17.1291
v  -14.6633 -4.4713 -17.2405
v  -14.6297 -4.2875 -17.2189
v  -15.7791 -4.4540 -16.5383
v  -15.8802 -4.4434 -16.1053
v  -15.8485 -4.2594 -16.0825
v  -15.7475 -4.2701 -16.5160
v  -15.7917 -4.4327 -15.6722
v  -15.5396 -4.4232 -15.3025
v  -15.5075 -4.2392 -15.2789
v  -15.7597 -4.2487 -15.6490
v  -15.1512 -4.4160 -15.0595
v  -15.1184 -4.2321 -15.0357
v  -13.5738 -4.4163 -15.6701
v  -13.4758 -4.4393 -16.1047
v  -13.4411 -4.2558 -16.0820
v  -13.5395 -4.2344 -15.6471
v  -13.5662 -4.4540 -16.5383
v  -13.8184 -4.4631 -16.9080
v  -13.7836 -4.2793 -16.8860
v  -13.5311 -4.2701 -16.5160
v  -14.2063 -4.4691 -17.1508
v  -14.1720 -4.2853 -17.1291
v  -14.4096 -3.7187 -14.8522
v  -14.6450 -3.7245 -14.8510
v  -14.2853 -3.7149 -14.8973
v  -14.3215 -3.2225 -14.7884
v  -14.2029 -3.7175 -14.8905
v  -14.2170 -3.7171 -14.9020
v  -14.2998 -4.2054 -14.9654
v  -14.2845 -4.2052 -14.9541
v  -12.4664 -3.6765 -13.2245
v  -12.5381 -4.1642 -13.2768
v  -12.3947 -3.1896 -13.1723
v  -14.1209 -3.2307 -14.8271
v  -13.7390 -3.7179 -15.1092
v  -13.8130 -3.7181 -15.0766
v  -13.6162 -3.7233 -15.2478
v  -13.6509 -3.2269 -15.0446
v  -13.7276 -3.2266 -15.0111
v  -13.8374 -3.7201 -15.0581
v  -13.8344 -3.7222 -15.0461
v  -13.7520 -3.2299 -14.9927
v  -13.7474 -3.2337 -14.9812
v  -14.3475 -4.3851 -14.9952
v  -14.3299 -4.3843 -14.9887
v  -14.3169 -4.2055 -14.9721
v  -15.0002 -3.7835 -17.0699
v  -15.3965 -3.7774 -16.8262
v  -14.5386 -3.7858 -17.1599
v  -15.6601 -3.7681 -16.4551
v  -15.7619 -3.7572 -16.0203
v  -15.6731 -3.7463 -15.5856
v  -15.4198 -3.7368 -15.2145
v  -15.0295 -3.7300 -14.9707
v  -13.4457 -3.7380 -15.5845
v  -13.3457 -3.7551 -16.0201
v  -13.4357 -3.7681 -16.4551
v  -13.6894 -3.7774 -16.8262
v  -14.0793 -3.7835 -17.0699
v  -14.2326 -3.7153 -14.9090
v  -14.2895 -3.0429 -14.7653
v  -14.0915 -3.0545 -14.8041
v  -12.3692 -3.0134 -13.1534
v  -13.6192 -3.0492 -15.0213
v  -13.6967 -3.0488 -14.9874
v  -13.7211 -3.0526 -14.9691
v  -13.7157 -3.0569 -14.9578
v  -14.3147 -4.3838 -14.9773
v  -14.2712 -4.4028 -14.9977
v  -12.5214 -4.3618 -13.3169
v  -12.5641 -4.3429 -13.2960
v  -13.9435 -4.3906 -15.1213
v  -13.9114 -4.2115 -15.0975
v  -12.1719 -4.1704 -13.4281
v  -12.2002 -4.3494 -13.4477
v  -13.9931 -4.4079 -15.1057
v  -12.2482 -4.3668 -13.4307
v  -14.1331 -4.4114 -15.0525
v  -12.3859 -4.3703 -13.3745
v  -7.0518 -2.8723 -8.3140
v  -6.9210 -2.8791 -8.3792
v  -7.1838 -2.8759 -8.2492
v  -2.0432 -2.7533 -3.3233
v  -1.9218 -2.7499 -3.3977
v  -1.8005 -2.7570 -3.4718
v  -7.2849 -3.5541 -8.2538
v  -7.2437 -3.0671 -8.2350
v  -7.3261 -4.0420 -8.2726
v  -2.0981 -3.4316 -3.2782
v  -2.0874 -2.9445 -3.2928
v  -13.8237 -3.7227 -15.0328
v  -13.7363 -3.2347 -14.9682
v  -12.0190 -3.1938 -13.3215
v  -12.0953 -3.6817 -13.3747
v  -7.2289 -2.8909 -8.2282
v  -2.0836 -2.7683 -3.2981
v  -13.7051 -3.0582 -14.9449
v  -11.9915 -3.0173 -13.3022
v  -21.3230 -41.1817 -20.4772
v  -21.4092 -41.3633 -20.6083
v  -21.2475 -40.9311 -20.3861
v  -21.3840 -40.9311 -20.3296
v  -21.4500 -41.1818 -20.4246
v  -21.5179 -41.3633 -20.5634
v  -21.5137 -41.4723 -20.7959
v  -21.6232 -41.5267 -20.9761
v  -21.5916 -41.4723 -20.7637
v  -21.6606 -41.5449 -21.1297
v  -21.6869 -41.5449 -21.1113
v  -21.1750 -40.6148 -20.3186
v  -20.8260 -38.8691 -20.0481
v  -20.9686 -38.8693 -19.9892
v  -21.3150 -40.6149 -20.2607
v  -14.1907 -4.5305 -15.0993
v  -14.4753 -6.0484 -15.3038
v  -14.1830 -4.4934 -15.0943
v  -14.3787 -4.4975 -15.0193
v  -14.3864 -4.5350 -15.0244
v  -14.6690 -6.0527 -15.2296
v  -17.5865 -22.4441 -17.5723
v  -17.7551 -22.4464 -17.5054
v  -18.9041 -28.3921 -18.3819
v  -18.7447 -28.3905 -18.4460
v  -16.4440 -16.4907 -16.7263
v  -16.6218 -16.4938 -16.6567
v  -21.7243 -41.5449 -21.0846
v  -21.5618 -41.1818 -20.3784
v  -21.6129 -41.3633 -20.5239
v  -21.5042 -40.9311 -20.2799
v  -21.6599 -41.4723 -20.7354
v  -21.4382 -40.6149 -20.2098
v  -21.0945 -38.8695 -19.9375
v  -14.5584 -4.5390 -14.9586
v  -14.8388 -6.0565 -15.1644
v  -14.5512 -4.5020 -14.9537
v  -17.9031 -22.4485 -17.4465
v  -19.0441 -28.3935 -18.3256
v  -16.7778 -16.4965 -16.5955
v  -14.5435 -4.4628 -14.9483
v  -14.3700 -4.4566 -15.0136
v  -14.1739 -4.4537 -15.0887
v  -14.7572 -2.9508 -16.7238
v  -15.0719 -2.9458 -16.5306
v  -14.6519 -2.9445 -16.4804
v  -14.9101 -2.9422 -16.3914
v  -14.4024 -2.9473 -16.5885
v  -14.3906 -2.9526 -16.7951
v  -15.2912 -2.9205 -15.5473
v  -15.0906 -2.9129 -15.2532
v  -14.9296 -2.9227 -15.6342
v  -14.8460 -2.9163 -15.3843
v  -15.0024 -2.9300 -15.9148
v  -15.3622 -2.9294 -15.8919
v  -14.7808 -2.9080 -15.0600
v  -14.4753 -2.9055 -14.9656
v  -14.6568 -2.9122 -15.2235
v  -14.4238 -2.9106 -15.1631
v  -14.2860 -2.9056 -14.9679
v  -14.1502 -2.9070 -15.0206
v  -14.2719 -2.9104 -15.1543
v  -14.1758 -2.9100 -15.1370
v  -13.5246 -2.9205 -15.5473
v  -13.4445 -2.9294 -15.8919
v  -13.7325 -2.9210 -15.5648
v  -13.7115 -2.9275 -15.8201
v  -13.7653 -2.9163 -15.3857
v  -13.6631 -2.9136 -15.2805
v  -13.5155 -2.9382 -16.2365
v  -13.7169 -2.9458 -16.5306
v  -13.8340 -2.9337 -16.0594
v  -13.9874 -2.9401 -16.3088
v  -14.0263 -2.9508 -16.7238
v  -14.2006 -2.9445 -16.4804
v  -13.7665 -2.9108 -15.1694
v  -13.8817 -2.9150 -15.3317
v  -13.9862 -2.9137 -15.2846
v  -13.8691 -2.9098 -15.1297
v  -15.2813 -2.9382 -16.2365
v  -14.9750 -2.9368 -16.1798
v  -14.0041 -2.9084 -15.0773
v  -14.0980 -2.9121 -15.2218
v  -14.5660 -2.9393 -16.2801
v  -14.4764 -2.9340 -16.0703
v  -13.9301 -2.9198 -15.5208
v  -14.0453 -2.9242 -15.6914
v  -14.0965 -2.9175 -15.4302
v  -14.2559 -2.9199 -15.5242
v  -14.3593 -2.9270 -15.7984
v  -14.5206 -2.9199 -15.5243
v  -14.5290 -2.9156 -15.3580
v  -14.3497 -2.9154 -15.3494
v  -14.2097 -2.9144 -15.3082
v  -19.6877 -34.3286 -19.4424
v  -19.5957 -34.3294 -19.5525
v  -19.7826 -34.3292 -19.4037
v  -15.0272 -10.5244 -16.0202
v  -15.1455 -10.5268 -15.9745
v  -14.9132 -10.5286 -16.1516
v  -20.6722 -34.3398 -21.0203
v  -20.9755 -34.3391 -20.8238
v  -20.3178 -34.3401 -21.0929
v  -16.2319 -10.5877 -17.9013
v  -15.7936 -10.5895 -17.9877
v  -16.6080 -10.5830 -17.6674
v  -21.1750 -34.3379 -20.5246
v  -21.2498 -34.3365 -20.1741
v  -16.8575 -10.5757 -17.3112
v  -16.9533 -10.5673 -16.8939
v  -21.1777 -34.3352 -19.8236
v  -20.9805 -34.3339 -19.5244
v  -16.8682 -10.5588 -16.4766
v  -16.6271 -10.5512 -16.1204
v  -19.4649 -34.3379 -20.5246
v  -19.6625 -34.3391 -20.8238
v  -19.3928 -34.3358 -20.1740
v  -14.7457 -10.5757 -17.3112
v  -14.6595 -10.5638 -16.8934
v  -14.9872 -10.5830 -17.6674
v  -19.9638 -34.3398 -21.0203
v  -15.3576 -10.5877 -17.9013
v  -20.6787 -34.3329 -19.3279
v  -20.3827 -34.3321 -19.2315
v  -16.2563 -10.5454 -15.8863
v  -15.8913 -10.5410 -15.7713
v  -19.4668 -34.3324 -19.8232
v  -14.7526 -10.5449 -16.4748
v  -15.3168 -10.5303 -15.9082
v  -15.5037 -10.5341 -15.8359
v  -19.9203 -34.3299 -19.3476
v  -20.0703 -34.3307 -19.2864
v  -15.6677 -10.5374 -15.7724
v  -20.2023 -34.3314 -19.2327
v  -0.0320 -4.0622 -1.7687
v  -0.0320 -3.8834 -1.7781
v  0.0031 -3.8830 -1.7614
v  0.0031 -4.0617 -1.7519
v  -0.0713 -4.0797 -1.7419
v  0.0031 -4.0811 -1.7117
v  -1.8318 -4.1212 -3.4315
v  -1.7914 -4.1037 -3.4569
v  -1.7872 -3.9249 -3.4622
v  -0.0317 -3.3954 -1.8039
v  -0.0317 -2.9082 -1.8297
v  0.0031 -2.9078 -1.8132
v  0.0031 -3.3950 -1.7874
v  -1.7757 -3.4368 -3.4765
v  -1.7647 -2.9495 -3.4909
v  -0.0317 -2.7320 -1.8390
v  -0.0706 -2.7157 -1.8141
v  0.0031 -2.7131 -1.7846
v  0.0031 -2.7316 -1.8226
v  -1.7605 -2.7732 -3.4961
v  14.8849 -3.1015 -16.9895
v  14.4207 -3.1038 -17.0799
v  14.4176 -3.0724 -17.0782
v  14.8815 -3.0701 -16.9878
v  15.2832 -3.0952 -16.7448
v  15.2802 -3.0638 -16.7431
v  15.3152 -3.2764 -16.7664
v  14.9170 -3.2827 -17.0108
v  14.4539 -3.2850 -17.1011
v  15.5483 -3.0856 -16.3723
v  15.5453 -3.0543 -16.3706
v  15.6506 -3.0745 -15.9359
v  15.6475 -3.0431 -15.9342
v  15.6818 -3.2559 -15.9583
v  15.5796 -3.2670 -16.3943
v  15.5613 -3.0633 -15.4995
v  15.5582 -3.0319 -15.4977
v  15.3069 -3.0537 -15.1270
v  15.3038 -3.0223 -15.1252
v  15.3385 -3.2352 -15.1502
v  15.5926 -3.2448 -15.5224
v  14.9147 -3.0475 -14.8823
v  14.9117 -3.0161 -14.8805
v  14.5294 -3.0440 -14.7627
v  14.5260 -3.0127 -14.7609
v  14.5618 -3.2248 -14.7861
v  14.9467 -3.2288 -14.9058
v  13.3240 -3.0630 -15.4994
v  13.4983 -3.0539 -15.1617
v  13.4953 -3.0228 -15.1599
v  13.3209 -3.0318 -15.4977
v  13.2225 -3.0744 -15.9359
v  13.2191 -3.0431 -15.9342
v  13.2568 -3.2553 -15.9583
v  13.3579 -3.2424 -15.5221
v  13.5311 -3.2317 -15.1846
v  13.3129 -3.0856 -16.3723
v  13.3095 -3.0543 -16.3706
v  13.5674 -3.0952 -16.7448
v  13.5643 -3.0638 -16.7431
v  13.6017 -3.2764 -16.7664
v  13.3472 -3.2670 -16.3943
v  13.9591 -3.1015 -16.9895
v  13.9561 -3.0701 -16.9878
v  13.9927 -3.2827 -17.0108
v  21.8830 -41.5449 -21.2133
v  21.8277 -41.5449 -21.3244
v  21.9372 -41.5267 -21.4348
v  22.0043 -41.5267 -21.3262
v  22.0043 -41.5267 -21.1367
v  22.0726 -41.5126 -21.2332
v  21.9490 -41.5267 -21.0278
v  21.8754 -41.5449 -21.1009
v  21.8178 -41.5449 -21.1532
v  21.8266 -41.5449 -21.1012
v  21.7602 -41.5449 -21.1573
v  21.7697 -41.5449 -21.1963
v  21.7281 -41.5449 -21.2525
v  21.9723 -41.1811 -21.9117
v  21.9448 -40.9302 -21.9277
v  22.2210 -40.9303 -21.7465
v  22.2294 -41.1811 -21.7431
v  21.9650 -41.3629 -21.8334
v  22.1840 -41.3630 -21.6895
v  21.7079 -41.3629 -21.8866
v  21.6717 -41.1810 -21.9740
v  21.6213 -40.9301 -21.9946
v  22.3980 -41.1812 -21.4865
v  22.4026 -40.9304 -21.4707
v  22.4697 -40.9306 -21.1476
v  22.4606 -41.1814 -21.1858
v  22.3282 -41.3631 -21.4703
v  22.3816 -41.3631 -21.2135
v  22.3984 -41.1815 -20.8851
v  22.4030 -40.9308 -20.8245
v  22.2218 -40.9309 -20.5487
v  22.2298 -41.1816 -20.6285
v  22.3282 -41.3632 -20.9567
v  22.1844 -41.3633 -20.7375
v  21.9730 -41.1817 -20.4599
v  21.9456 -40.9310 -20.3675
v  21.6751 -40.9311 -20.2787
v  21.7213 -41.1817 -20.3772
v  21.9650 -41.3633 -20.5935
v  21.7503 -41.3633 -20.5230
v  21.1327 -41.1817 -20.5587
v  21.0423 -40.9310 -20.4737
v  20.9583 -40.9309 -20.5752
v  21.0548 -41.1816 -20.6532
v  21.2475 -41.3633 -20.6779
v  21.1811 -41.3632 -20.7586
v  21.3161 -41.3633 -20.6495
v  21.2128 -41.1817 -20.5254
v  21.1285 -40.9310 -20.4380
v  20.9457 -41.1815 -20.8851
v  20.8412 -40.9308 -20.8245
v  20.7741 -40.9306 -21.1476
v  20.8832 -41.1814 -21.1858
v  21.0880 -41.3632 -20.9567
v  21.0346 -41.3631 -21.2135
v  20.9454 -41.1812 -21.4865
v  20.8408 -40.9304 -21.4707
v  21.0220 -40.9303 -21.7465
v  21.1140 -41.1811 -21.7431
v  21.0880 -41.3631 -21.4703
v  21.2318 -41.3630 -21.6895
v  21.3707 -41.1811 -21.9117
v  21.2978 -40.9302 -21.9277
v  21.4512 -41.3629 -21.8334
v  21.9143 -41.4721 -21.6749
v  22.0715 -41.4721 -21.5716
v  21.8357 -41.5267 -21.5087
v  21.7381 -41.5125 -21.5738
v  21.7300 -41.4721 -21.7130
v  22.1748 -41.4721 -21.4144
v  22.2130 -41.4722 -21.2301
v  22.1748 -41.4722 -21.0459
v  22.0715 -41.4722 -20.8886
v  21.9143 -41.4722 -20.7854
v  21.7602 -41.4722 -20.7347
v  21.8513 -41.5267 -20.9570
v  21.7728 -41.5126 -20.8823
v  21.3997 -41.4722 -20.8459
v  21.3520 -41.4722 -20.9038
v  21.5515 -41.5267 -21.0130
v  21.5191 -41.5267 -21.0515
v  21.5836 -41.5267 -20.9979
v  21.4489 -41.4722 -20.8255
v  21.2852 -41.4722 -21.0459
v  21.2471 -41.4722 -21.2301
v  21.4706 -41.5267 -21.1437
v  21.4005 -41.5125 -21.2363
v  21.2849 -41.4721 -21.4144
v  21.3882 -41.4721 -21.5716
v  21.4706 -41.5267 -21.3332
v  21.5427 -41.5267 -21.4366
v  21.5458 -41.4721 -21.6749
v  21.6461 -41.5267 -21.5087
v  21.7445 -41.5449 -21.4074
v  21.6541 -41.5449 -21.3314
v  21.8082 -41.5449 -21.0300
v  21.7239 -41.5267 -20.9313
v  21.6797 -41.5267 -20.9522
v  21.7720 -41.5448 -21.0556
v  21.5782 -41.5449 -21.2412
v  21.6351 -41.5449 -21.1647
v  21.8899 -40.6141 -21.8995
v  21.5530 -38.8712 -21.6545
v  21.8418 -38.8711 -21.4657
v  22.1733 -40.6142 -21.7137
v  21.5580 -40.6141 -21.9681
v  21.2147 -38.8713 -21.7242
v  22.3595 -40.6143 -21.4309
v  22.0318 -38.8708 -21.1783
v  22.1024 -38.8706 -20.8417
v  22.4285 -40.6145 -21.0995
v  22.3598 -40.6146 -20.7682
v  22.0329 -38.8703 -20.5050
v  21.8437 -38.8700 -20.2176
v  22.1741 -40.6147 -20.4854
v  21.8910 -40.6148 -20.2996
v  21.5553 -38.8698 -20.0288
v  21.2730 -38.8697 -19.9363
v  21.6137 -40.6149 -20.2085
v  20.9641 -40.6148 -20.4085
v  20.6108 -38.8687 -20.1393
v  20.5235 -38.8689 -20.2451
v  20.8782 -40.6147 -20.5126
v  21.0529 -40.6148 -20.3718
v  20.7012 -38.8689 -20.1021
v  20.7581 -40.6146 -20.7682
v  20.4006 -38.8696 -20.5049
v  20.3300 -38.8704 -20.8416
v  20.6890 -40.6145 -21.0995
v  20.7573 -40.6143 -21.4309
v  20.3995 -38.8708 -21.1783
v  20.5887 -38.8711 -21.4657
v  20.9435 -40.6142 -21.7137
v  21.2265 -40.6141 -21.8995
v  20.8771 -38.8712 -21.6545
v  14.5370 -4.3979 -14.9396
v  14.4093 -4.3887 -14.9833
v  14.3688 -4.4155 -15.0053
v  14.5424 -4.4265 -14.9434
v  14.7739 -4.4085 -14.9398
v  14.7793 -4.4363 -14.9434
v  14.7411 -4.2251 -14.9159
v  14.5046 -4.2158 -14.9161
v  14.3776 -4.2080 -14.9602
v  14.8800 -3.0188 -16.9878
v  15.2786 -3.0125 -16.7431
v  14.4161 -3.0211 -17.0782
v  14.4108 -2.9734 -17.0078
v  14.8506 -2.9712 -16.9222
v  15.2279 -2.9652 -16.6904
v  15.5437 -3.0030 -16.3706
v  15.6460 -2.9918 -15.9342
v  15.4793 -2.9561 -16.3376
v  15.5762 -2.9455 -15.9242
v  15.5563 -2.9805 -15.4979
v  15.3023 -2.9710 -15.1254
v  15.4915 -2.9349 -15.5107
v  15.2504 -2.9258 -15.1579
v  14.9101 -2.9647 -14.8807
v  14.5237 -2.9615 -14.7611
v  14.8788 -2.9198 -14.9261
v  14.5123 -2.9169 -14.8129
v  14.2876 -2.9610 -14.7639
v  14.1167 -2.9622 -14.8306
v  14.1247 -3.0169 -14.8278
v  14.2918 -3.0118 -14.7636
v  14.2864 -2.9168 -14.8156
v  14.1235 -2.9183 -14.8788
v  13.3190 -2.9806 -15.4979
v  13.2175 -2.9918 -15.9342
v  13.4941 -2.9717 -15.1601
v  13.5376 -2.9266 -15.1907
v  13.3717 -2.9349 -15.5107
v  13.2755 -2.9455 -15.9242
v  13.3080 -3.0030 -16.3706
v  13.5628 -3.0125 -16.7431
v  13.3610 -2.9561 -16.3376
v  13.6024 -2.9652 -16.6904
v  13.9545 -3.0188 -16.9878
v  13.9736 -2.9712 -16.9222
v  13.9278 -2.9639 -14.9027
v  13.7527 -2.9657 -14.9693
v  13.7424 -3.0205 -14.9705
v  13.9278 -3.0103 -14.8998
v  13.9473 -2.9200 -14.9469
v  13.7840 -2.9217 -15.0098
v  13.6234 -2.9676 -15.0195
v  13.6230 -3.0183 -15.0195
v  13.6616 -2.9230 -15.0574
v  0.3525 -4.0571 -1.5619
v  0.3132 -4.0758 -1.5868
v  2.1191 -4.0984 -3.2581
v  2.0794 -4.1172 -3.2824
v  2.1152 -3.9196 -3.2635
v  0.3525 -3.8783 -1.5714
v  0.0031 -4.0804 -1.5270
v  -0.1236 -4.0825 -1.6130
v  0.1297 -4.0825 -1.6130
v  0.1297 -4.0783 -1.4411
v  -0.1236 -4.0783 -1.4411
v  13.9011 -3.0355 -14.8718
v  13.9133 -3.0342 -14.8840
v  13.7680 -3.0408 -14.9379
v  13.7569 -3.0420 -14.9252
v  12.1834 -2.9945 -13.2255
v  12.0426 -3.0011 -13.2819
v  12.3260 -2.9983 -13.1703
v  14.0469 -3.0393 -14.8197
v  14.0602 -3.0381 -14.8314
v  13.8657 -4.3900 -15.1975
v  13.8710 -4.4175 -15.2011
v  13.9816 -4.4169 -15.1549
v  13.9359 -4.3907 -15.1663
v  13.8332 -4.2098 -15.1738
v  13.9046 -4.2103 -15.1422
v  13.7142 -4.2157 -15.3111
v  13.7478 -4.3962 -15.3343
v  13.7531 -4.4235 -15.3379
v  13.8783 -4.4510 -15.2057
v  14.0007 -4.4525 -15.1579
v  13.7596 -4.4567 -15.3422
v  13.7665 -4.4928 -15.3469
v  13.8863 -4.4875 -15.2106
v  14.0099 -4.4900 -15.1631
v  15.1398 -4.5298 -17.1580
v  15.1337 -4.4967 -17.1540
v  15.5281 -4.4907 -16.9113
v  15.5338 -4.5239 -16.9152
v  15.1463 -4.5657 -17.1622
v  15.5403 -4.5597 -16.9195
v  14.6870 -4.5679 -17.2518
v  14.6805 -4.5320 -17.2476
v  14.6744 -4.4989 -17.2437
v  15.7963 -4.5148 -16.5457
v  15.7902 -4.4816 -16.5417
v  15.8916 -4.4710 -16.1087
v  15.8974 -4.5042 -16.1128
v  15.8024 -4.5507 -16.5501
v  15.9035 -4.5401 -16.1173
v  15.8085 -4.4935 -15.6799
v  15.8028 -4.4604 -15.6757
v  15.5510 -4.4509 -15.3061
v  15.5567 -4.4841 -15.3103
v  15.8150 -4.5295 -15.6845
v  15.5632 -4.5200 -15.3150
v  13.5841 -4.5148 -16.5457
v  13.5777 -4.4816 -16.5417
v  13.8298 -4.4907 -16.9113
v  13.8363 -4.5239 -16.9152
v  13.5910 -4.5507 -16.5501
v  13.8428 -4.5597 -16.9195
v  13.5006 -4.5359 -16.1167
v  13.4937 -4.5000 -16.1123
v  13.4876 -4.4668 -16.1082
v  14.2239 -4.5298 -17.1580
v  14.2178 -4.4967 -17.1540
v  14.2307 -4.5657 -17.1622
v  15.1684 -4.4768 -15.0675
v  15.1627 -4.4437 -15.0631
v  14.7854 -4.4703 -14.9479
v  15.1749 -4.5128 -15.0721
v  14.7923 -4.5070 -14.9528
v  13.5918 -4.4768 -15.6777
v  13.5857 -4.4437 -15.6736
v  13.5986 -4.5128 -15.6823
v  13.8935 -4.5235 -15.2153
v  13.7733 -4.5287 -15.3515
v  14.1819 -6.0417 -15.4189
v  14.0633 -6.0466 -15.5538
v  14.3044 -6.0444 -15.3719
v  14.0171 -4.5264 -15.1680
v  15.1524 -4.6015 -17.1665
v  15.5464 -4.5956 -16.9238
v  15.4270 -6.1160 -17.3523
v  15.8165 -6.1103 -17.1119
v  14.9734 -6.1180 -17.4411
v  14.6938 -4.6037 -17.2561
v  15.8085 -4.5865 -16.5545
v  15.9096 -4.5759 -16.1217
v  16.0755 -6.1017 -16.7458
v  16.1755 -6.0917 -16.3170
v  15.8211 -4.5653 -15.6890
v  15.5693 -4.5559 -15.3196
v  16.0873 -6.0816 -15.8882
v  15.8386 -6.0726 -15.5221
v  13.5979 -4.5865 -16.5545
v  13.8496 -4.5956 -16.9238
v  13.8897 -6.1017 -16.7458
v  14.1392 -6.1103 -17.1119
v  13.8004 -6.0877 -16.3165
v  13.5075 -4.5718 -16.1212
v  14.2372 -4.6015 -17.1665
v  14.5222 -6.1160 -17.3523
v  15.1814 -4.5487 -15.0768
v  14.7991 -4.5432 -14.9575
v  15.4549 -6.0658 -15.2815
v  15.0768 -6.0606 -15.1633
v  13.6055 -4.5486 -15.6868
v  13.8973 -6.0656 -15.8861
v  13.9610 -4.3909 -15.1476
v  14.0133 -4.4084 -15.1310
v  13.9595 -4.3908 -15.1348
v  14.0099 -4.4082 -15.1190
v  13.9278 -4.2115 -15.1110
v  13.9297 -4.2110 -15.1236
v  14.1251 -3.0489 -14.8233
v  14.1743 -3.0444 -14.8117
v  14.0724 -3.0337 -14.8395
v  14.1113 -3.0533 -14.8157
v  14.1411 -3.2296 -14.8386
v  14.1552 -3.2260 -14.8461
v  14.2056 -3.2226 -14.8344
v  13.9225 -3.0298 -14.8935
v  13.7745 -3.0364 -14.9488
v  17.3317 -22.4404 -17.6760
v  16.1751 -16.4859 -16.8343
v  16.0664 -16.4891 -16.9607
v  17.2283 -22.4428 -17.7972
v  18.5043 -28.3880 -18.5454
v  18.4067 -28.3895 -18.6612
v  18.6050 -28.3890 -18.5049
v  17.4381 -22.4419 -17.6337
v  16.2872 -16.4878 -16.7903
v  18.4269 -22.4761 -19.4117
v  17.3248 -16.5350 -18.6442
v  17.6830 -16.5314 -18.4191
v  18.7668 -22.4735 -19.1957
v  19.5446 -28.4110 -20.2037
v  19.8662 -28.4094 -19.9973
v  19.1689 -28.4116 -20.2800
v  18.0302 -22.4770 -19.4915
v  16.9075 -16.5363 -18.7274
v  18.9919 -22.4696 -18.8669
v  17.9203 -16.5259 -18.0763
v  18.0111 -16.5194 -17.6747
v  19.0773 -22.4650 -18.4816
v  20.0783 -28.4069 -19.6830
v  20.1584 -28.4041 -19.3148
v  18.9983 -22.4604 -18.0964
v  17.9291 -16.5130 -17.2731
v  17.6991 -16.5072 -16.9303
v  18.7790 -22.4563 -17.7676
v  20.0832 -28.4012 -18.9466
v  19.8746 -28.3986 -18.6323
v  17.0788 -22.4696 -18.8669
v  15.9077 -16.5259 -18.0763
v  16.1381 -16.5314 -18.4191
v  17.2985 -22.4735 -19.1957
v  18.2663 -28.4069 -19.6830
v  18.4750 -28.4094 -19.9973
v  18.1908 -28.4027 -19.3146
v  16.9994 -22.4629 -18.4813
v  15.8249 -16.5167 -17.6743
v  17.6346 -22.4761 -19.4117
v  16.4917 -16.5350 -18.6442
v  18.7939 -28.4110 -20.2037
v  18.4425 -22.4531 -17.5515
v  17.3454 -16.5028 -16.7050
v  16.9971 -16.4993 -16.5943
v  18.1118 -22.4506 -17.4454
v  19.5557 -28.3965 -18.4258
v  19.2421 -28.3949 -18.3245
v  17.0834 -22.4521 -18.0952
v  15.9138 -16.5019 -17.2715
v  18.2697 -28.3956 -18.9458
v  14.1617 -4.4123 -15.0746
v  14.1521 -4.4118 -15.0650
v  14.1705 -4.4229 -15.0822
v  14.3082 -4.4040 -15.0166
v  14.2921 -4.4033 -15.0093
v  15.1287 -4.4691 -17.1508
v  15.0959 -4.2852 -17.1291
v  15.4911 -4.2792 -16.8860
v  15.5231 -4.4631 -16.9080
v  14.6694 -4.4713 -17.2405
v  14.6362 -4.2875 -17.2189
v  15.7856 -4.4540 -16.5383
v  15.7536 -4.2701 -16.5160
v  15.8550 -4.2594 -16.0825
v  15.8867 -4.4434 -16.1053
v  15.7982 -4.4327 -15.6722
v  15.7661 -4.2487 -15.6490
v  15.5140 -4.2392 -15.2789
v  15.5460 -4.4232 -15.3025
v  15.1577 -4.4160 -15.0595
v  15.1249 -4.2321 -15.0357
v  13.5803 -4.4163 -15.6701
v  13.5460 -4.2344 -15.6471
v  13.4472 -4.2558 -16.0820
v  13.4823 -4.4393 -16.1047
v  13.5723 -4.4540 -16.5383
v  13.5376 -4.2701 -16.5160
v  13.7901 -4.2792 -16.8860
v  13.8248 -4.4631 -16.9080
v  14.2128 -4.4691 -17.1508
v  14.1785 -4.2852 -17.1291
v  14.4161 -3.7187 -14.8522
v  14.6515 -3.7245 -14.8510
v  14.3280 -3.2225 -14.7884
v  14.2914 -3.7149 -14.8973
v  14.2090 -3.7175 -14.8905
v  14.2910 -4.2051 -14.9541
v  14.3059 -4.2054 -14.9654
v  14.2235 -3.7171 -14.9020
v  14.1273 -3.2306 -14.8271
v  12.4012 -3.1896 -13.1723
v  12.4729 -3.6765 -13.2245
v  12.5443 -4.1642 -13.2768
v  13.7451 -3.7179 -15.1092
v  13.8191 -3.7180 -15.0766
v  13.6574 -3.2268 -15.0446
v  13.7341 -3.2266 -15.0111
v  13.6227 -3.7233 -15.2478
v  13.8439 -3.7201 -15.0581
v  13.8405 -3.7222 -15.0461
v  13.7585 -3.2299 -14.9927
v  13.7539 -3.2337 -14.9812
v  14.3539 -4.3850 -14.9952
v  14.3230 -4.2055 -14.9721
v  14.3360 -4.3843 -14.9887
v  15.0066 -3.7835 -17.0699
v  15.4030 -3.7774 -16.8262
v  14.5447 -3.7858 -17.1599
v  15.6666 -3.7681 -16.4551
v  15.7684 -3.7572 -16.0203
v  15.6792 -3.7463 -15.5856
v  15.4263 -3.7367 -15.2145
v  15.0360 -3.7300 -14.9707
v  13.4518 -3.7379 -15.5845
v  13.3522 -3.7551 -16.0201
v  13.4422 -3.7681 -16.4551
v  13.6959 -3.7774 -16.8262
v  14.0858 -3.7835 -17.0699
v  14.2391 -3.7153 -14.9090
v  14.2960 -3.0429 -14.7653
v  14.0980 -3.0545 -14.8041
v  12.3753 -3.0134 -13.1534
v  13.6257 -3.0492 -15.0213
v  13.7032 -3.0488 -14.9874
v  13.7276 -3.0526 -14.9691
v  13.7222 -3.0569 -14.9578
v  14.3211 -4.3838 -14.9773
v  12.5706 -4.3429 -13.2960
v  12.5278 -4.3618 -13.3169
v  14.2776 -4.4028 -14.9977
v  13.9496 -4.3906 -15.1213
v  12.2063 -4.3494 -13.4477
v  12.1784 -4.1704 -13.4281
v  13.9175 -4.2115 -15.0975
v  13.9992 -4.4079 -15.1057
v  12.2547 -4.3668 -13.4307
v  14.1396 -4.4114 -15.0525
v  12.3920 -4.3703 -13.3745
v  7.0583 -2.8723 -8.3140
v  6.9275 -2.8791 -8.3792
v  1.9279 -2.7499 -3.3977
v  1.8070 -2.7570 -3.4718
v  2.0493 -2.7533 -3.3233
v  7.1903 -2.8758 -8.2492
v  7.2914 -3.5541 -8.2538
v  7.2502 -3.0671 -8.2350
v  2.1046 -3.4316 -3.2782
v  2.0939 -2.9445 -3.2928
v  7.3326 -4.0419 -8.2726
v  13.8302 -3.7227 -15.0328
v  12.1017 -3.6816 -13.3747
v  12.0255 -3.1938 -13.3215
v  13.7428 -3.2347 -14.9682
v  7.2353 -2.8909 -8.2282
v  2.0901 -2.7683 -3.2981
v  13.7112 -3.0581 -14.9449
v  11.9976 -3.0173 -13.3022
v  21.3295 -41.1817 -20.4772
v  21.4157 -41.3633 -20.6083
v  21.4565 -41.1817 -20.4246
v  21.5240 -41.3633 -20.5634
v  21.3905 -40.9311 -20.3296
v  21.2540 -40.9310 -20.3861
v  21.5202 -41.4722 -20.7959
v  21.6297 -41.5267 -20.9761
v  21.5981 -41.4722 -20.7637
v  21.6671 -41.5449 -21.1297
v  21.6930 -41.5449 -21.1113
v  21.1815 -40.6148 -20.3186
v  21.3215 -40.6148 -20.2607
v  20.9751 -38.8693 -19.9892
v  20.8324 -38.8691 -20.0481
v  14.1968 -4.5305 -15.0993
v  14.4817 -6.0484 -15.3038
v  14.3929 -4.5350 -15.0244
v  14.6751 -6.0527 -15.2296
v  14.3852 -4.4974 -15.0194
v  14.1895 -4.4934 -15.0943
v  17.5930 -22.4440 -17.5723
v  18.7511 -28.3905 -18.4460
v  18.9106 -28.3921 -18.3819
v  17.7612 -22.4464 -17.5054
v  16.4505 -16.4907 -16.7263
v  16.6283 -16.4937 -16.6567
v  21.7308 -41.5448 -21.0846
v  21.5683 -41.1817 -20.3784
v  21.6194 -41.3633 -20.5239
v  21.5103 -40.9311 -20.2799
v  21.6663 -41.4722 -20.7354
v  21.4447 -40.6148 -20.2098
v  21.1006 -38.8695 -19.9375
v  14.5649 -4.5389 -14.9586
v  14.8453 -6.0565 -15.1644
v  14.5576 -4.5020 -14.9537
v  17.9096 -22.4485 -17.4465
v  19.0506 -28.3935 -18.3256
v  16.7843 -16.4965 -16.5955
v  14.5496 -4.4628 -14.9483
v  14.3764 -4.4566 -15.0136
v  14.1800 -4.4537 -15.0887
v  14.7636 -2.9507 -16.7238
v  15.0784 -2.9458 -16.5306
v  14.3970 -2.9526 -16.7951
v  14.4089 -2.9473 -16.5885
v  14.6580 -2.9445 -16.4804
v  14.9166 -2.9422 -16.3914
v  15.2977 -2.9205 -15.5473
v  15.0970 -2.9129 -15.2532
v  15.3687 -2.9293 -15.8919
v  15.0089 -2.9299 -15.9148
v  14.9361 -2.9227 -15.6342
v  14.8521 -2.9163 -15.3843
v  14.7873 -2.9080 -15.0600
v  14.4814 -2.9055 -14.9656
v  14.6633 -2.9122 -15.2235
v  14.4299 -2.9106 -15.1631
v  14.2925 -2.9056 -14.9679
v  14.1567 -2.9069 -15.0206
v  14.2784 -2.9104 -15.1543
v  14.1823 -2.9099 -15.1370
v  13.5311 -2.9205 -15.5473
v  13.4506 -2.9293 -15.8919
v  13.6696 -2.9136 -15.2805
v  13.7718 -2.9163 -15.3857
v  13.7386 -2.9209 -15.5648
v  13.7180 -2.9275 -15.8201
v  13.5220 -2.9382 -16.2365
v  13.7230 -2.9458 -16.5306
v  13.8405 -2.9337 -16.0594
v  13.9938 -2.9401 -16.3088
v  14.0327 -2.9507 -16.7238
v  14.2071 -2.9445 -16.4804
v  13.7730 -2.9108 -15.1694
v  13.8752 -2.9097 -15.1297
v  13.9927 -2.9137 -15.2846
v  13.8882 -2.9149 -15.3317
v  15.2878 -2.9382 -16.2365
v  14.9815 -2.9367 -16.1798
v  14.0106 -2.9084 -15.0773
v  14.1045 -2.9121 -15.2218
v  14.5721 -2.9393 -16.2801
v  14.4825 -2.9339 -16.0703
v  13.9366 -2.9198 -15.5208
v  14.0518 -2.9242 -15.6914
v  14.1029 -2.9175 -15.4302
v  14.2624 -2.9199 -15.5242
v  14.3658 -2.9269 -15.7984
v  14.5271 -2.9199 -15.5243
v  14.5351 -2.9156 -15.3580
v  14.3562 -2.9154 -15.3494
v  14.2162 -2.9143 -15.3082
v  19.6941 -34.3286 -19.4424
v  19.6022 -34.3294 -19.5525
v  19.7891 -34.3291 -19.4037
v  15.0337 -10.5244 -16.0202
v  15.1520 -10.5268 -15.9745
v  14.9193 -10.5286 -16.1516
v  20.6787 -34.3398 -21.0203
v  20.9820 -34.3390 -20.8238
v  20.3243 -34.3401 -21.0929
v  16.2380 -10.5877 -17.9013
v  15.8001 -10.5894 -17.9877
v  16.6142 -10.5829 -17.6674
v  21.1815 -34.3379 -20.5246
v  21.2563 -34.3365 -20.1741
v  16.8640 -10.5757 -17.3112
v  16.9598 -10.5672 -16.8939
v  21.1842 -34.3351 -19.8236
v  20.9869 -34.3339 -19.5244
v  16.8747 -10.5588 -16.4766
v  16.6336 -10.5512 -16.1204
v  19.4714 -34.3379 -20.5246
v  19.6690 -34.3390 -20.8238
v  19.3989 -34.3358 -20.1740
v  14.7522 -10.5757 -17.3112
v  14.6656 -10.5638 -16.8934
v  14.9933 -10.5829 -17.6674
v  19.9703 -34.3398 -21.0203
v  15.3637 -10.5877 -17.9013
v  20.6852 -34.3329 -19.3279
v  20.3892 -34.3321 -19.2315
v  16.2628 -10.5454 -15.8863
v  15.8978 -10.5409 -15.7713
v  19.4733 -34.3324 -19.8232
v  14.7591 -10.5449 -16.4748
v  15.3233 -10.5303 -15.9082
v  15.5098 -10.5341 -15.8359
v  19.9268 -34.3299 -19.3476
v  20.0768 -34.3307 -19.2864
v  15.6742 -10.5374 -15.7724
v  20.2084 -34.3314 -19.2327
v  0.0385 -4.0622 -1.7687
v  0.0385 -3.8834 -1.7781
v  1.7975 -4.1037 -3.4569
v  1.7937 -3.9248 -3.4622
v  1.8383 -4.1212 -3.4315
v  0.0778 -4.0797 -1.7419
v  0.0381 -3.3954 -1.8039
v  0.0378 -2.9082 -1.8297
v  1.7822 -3.4368 -3.4765
v  1.7712 -2.9495 -3.4909
v  0.0378 -2.7320 -1.8390
v  0.0771 -2.7157 -1.8141
v  1.7670 -2.7732 -3.4961
v  7.5283 -3.8880 5.2227
v  7.4867 -3.9059 5.2473
v  7.3574 -3.9110 5.3139
v  2.0039 -4.0351 0.3027
v  7.2273 -3.9039 5.3788
v  0.3521 -3.3886 -1.5309
v  0.3345 -3.3894 -1.5642
v  0.3345 -2.9023 -1.5904
v  0.3521 -2.9014 -1.5573
v  0.3517 -2.7252 -1.5668
v  0.3345 -2.7260 -1.5998
v  0.2777 -2.7085 -1.6008
v  0.3124 -2.7089 -1.5419
v  7.1827 -3.8854 5.3980
v  7.1667 -3.7055 5.3716
v  7.1228 -3.2145 5.2994
v  7.0789 -2.7244 5.2274
v  7.0629 -2.5470 5.2013
v  -7.3410 -4.2207 -8.2795
v  -7.2998 -4.2396 -8.3021
v  -7.1716 -4.2478 -8.3681
v  -1.9524 -4.1252 -3.3568
v  -7.0427 -4.2440 -8.4335
v  -0.3460 -3.3903 -1.5975
v  -0.3284 -3.3894 -1.5642
v  -0.3281 -2.9023 -1.5904
v  -0.3456 -2.9031 -1.6234
v  -0.3452 -2.7268 -1.6328
v  -0.3281 -2.7260 -1.5998
v  -0.2716 -2.7085 -1.6008
v  -0.3063 -2.7119 -1.6594
v  -6.9984 -4.2266 -8.4547
v  -6.9820 -4.0477 -8.4476
v  -6.9382 -3.5593 -8.4280
v  -6.8943 -3.0717 -8.4086
v  -6.8787 -2.8953 -8.4015
v  -7.5218 -3.8880 5.2227
v  -7.4802 -3.9059 5.2473
v  -7.3513 -3.9110 5.3139
v  -1.9974 -4.0351 0.3027
v  -7.2212 -3.9040 5.3788
v  -0.3460 -3.3886 -1.5309
v  -0.3456 -2.9014 -1.5573
v  -0.3456 -2.7252 -1.5668
v  -0.3063 -2.7089 -1.5419
v  -7.1762 -3.8854 5.3980
v  -7.1602 -3.7055 5.3716
v  -7.1163 -3.2145 5.2994
v  -7.0724 -2.7244 5.2274
v  -7.0568 -2.5470 5.2013
v  7.3475 -4.2207 -8.2795
v  7.3063 -4.2396 -8.3021
v  7.1781 -4.2478 -8.3681
v  1.9588 -4.1252 -3.3568
v  7.0492 -4.2440 -8.4335
v  -0.1884 -2.7016 -1.4649
v  -0.1232 -2.7029 -1.5153
v  0.3521 -3.3903 -1.5975
v  0.3517 -2.9031 -1.6234
v  0.3517 -2.7268 -1.6328
v  0.3124 -2.7119 -1.6594
v  7.0045 -4.2266 -8.4547
v  6.9885 -4.0477 -8.4476
v  6.9447 -3.5593 -8.4280
v  6.9008 -3.0717 -8.4086
v  6.8851 -2.8953 -8.4015
v  -0.1884 -2.7086 -1.7370
v  -0.1232 -2.7073 -1.6866
v  0.1949 -2.7016 -1.4649
v  0.1297 -2.7029 -1.5153
v  0.1949 -2.7086 -1.7370
v  0.1297 -2.7073 -1.6866
v  0.0031 -2.7051 -1.6009
v  -0.1892 -4.0838 -1.6640
v  0.1957 -4.0838 -1.6640
v  0.1957 -4.0771 -1.3901
v  -0.1892 -4.0771 -1.3901
v  -21.6587 18.2615 -16.3726
v  -22.5830 22.1336 -15.1838
v  -21.7697 25.4304 -17.7034
v  -20.8725 21.1289 -18.5710
v  -20.2740 13.2740 -17.8677
v  -19.5229 15.5762 -19.6428
v  -20.7859 10.9257 -16.2835
v  -22.1672 15.2943 -14.4011
v  -23.0824 18.6961 -12.9159
v  -16.1861 28.3502 -26.5419
v  -16.9609 33.3930 -26.5876
v  -14.5325 34.9051 -29.1937
v  -13.7638 29.7826 -28.9519
v  -15.0631 21.8220 -26.3323
v  -12.7193 23.1524 -28.4289
v  -16.9865 20.0897 -23.9936
v  -18.1499 26.4513 -23.8435
v  -18.9060 31.3695 -23.6579
v  -10.8311 30.8829 -30.8065
v  -11.4632 36.1282 -31.2686
v  -7.4928 31.6587 -32.0575
v  -7.9193 37.0163 -32.6935
v  -6.9321 24.7582 -30.9903
v  -9.9949 24.1084 -29.9721
v  -3.3218 18.4111 -30.1111
v  -3.1345 13.3546 -28.8570
v  -6.0528 12.9596 -28.4709
v  -6.4301 18.0158 -29.6657
v  -3.5725 25.1700 -31.5120
v  -17.0113 12.0230 -22.3173
v  -15.7860 7.5562 -22.7013
v  -16.7580 6.0368 -21.4639
v  -18.0233 10.1456 -20.7091
v  -18.4502 17.9279 -21.7243
v  -15.6490 13.8386 -24.1040
v  -14.5100 9.1097 -24.1006
v  -19.5965 4.8272 -17.0204
v  -19.2451 6.6851 -18.1643
v  -17.9352 3.4781 -19.5641
v  -18.2686 2.1016 -18.7085
v  -19.8338 2.9466 -15.9574
v  -18.4788 0.7036 -17.9142
v  -21.3902 5.9222 -13.3698
v  -21.1411 8.4359 -14.7747
v  -19.8204 -3.3261 -12.9395
v  -18.4124 -3.5149 -15.8019
v  -18.3662 -3.6444 -15.6664
v  -19.7739 -3.5008 -12.8412
v  -21.4123 -3.0633 -9.1856
v  -21.3581 -3.2992 -9.1320
v  -21.4558 -2.3840 -9.4321
v  -19.8627 -2.8786 -13.1363
v  -18.4570 -3.2415 -15.9603
v  -19.9921 1.1513 -15.0051
v  -18.5905 -0.6165 -17.2114
v  -20.0462 -0.4823 -14.1964
v  -18.6104 -1.7652 -16.6375
v  -21.6637 1.2295 -10.9861
v  -21.5820 3.5022 -12.0973
v  -15.1657 7.8734 -16.5558
v  -15.5869 6.1633 -15.6471
v  -15.0288 3.2957 -16.8155
v  -14.6484 4.5594 -17.4262
v  -14.5992 9.7440 -17.6302
v  -14.1342 6.0130 -18.2014
v  -15.3774 14.6771 -17.2468
v  -16.0210 12.2791 -15.7795
v  -16.4879 9.9770 -14.4684
v  -11.5574 15.8680 -21.9567
v  -12.7888 14.1162 -20.4659
v  -12.4424 9.7434 -20.4718
v  -11.2507 11.4102 -21.7939
v  -10.0365 17.2878 -23.2918
v  -9.7717 12.8199 -23.0004
v  -10.4038 22.9712 -23.9982
v  -12.0209 21.5896 -22.5134
v  -13.3469 19.7802 -20.8142
v  -8.1516 18.4580 -24.3120
v  -7.9514 13.9495 -23.8803
v  -5.7209 14.7819 -24.4971
v  -5.8495 19.3271 -25.0315
v  -8.4030 24.1412 -25.1774
v  -5.9898 25.0183 -26.0070
v  -15.2901 22.9039 -18.9982
v  -14.0263 25.6270 -21.1543
v  -14.9109 30.3843 -21.4760
v  -16.2945 27.4653 -19.0046
v  -16.3113 19.8202 -16.8585
v  -17.4129 24.0684 -16.5210
v  -14.4760 17.3267 -18.9918
v  -17.9031 10.9668 -11.5905
v  -19.0620 13.8009 -10.2525
v  -19.3844 10.2798 -8.2815
v  -18.2808 7.9930 -9.9492
v  -16.8594 7.6152 -13.1923
v  -17.2653 5.3206 -11.9712
v  -17.5323 13.9857 -13.2894
v  -18.7012 17.3418 -12.2904
v  -19.4813 0.2211 -6.0222
v  -19.2692 2.6375 -7.0707
v  -20.1454 3.8346 -4.8317
v  -20.3323 0.9458 -3.5526
v  -19.5229 -1.6435 -5.3176
v  -20.3861 -1.2674 -2.6982
v  -18.4902 -2.1129 -8.5184
v  -18.5028 -0.6332 -9.0533
v  -18.3292 1.2551 -9.8284
v  -18.8026 5.2224 -8.4111
v  -19.7876 6.9518 -6.4412
v  -17.8356 3.2202 -10.8254
v  -15.5952 2.8935 -20.1045
v  -16.1152 2.9277 -20.4260
v  -15.4896 4.0748 -21.1852
v  -15.0051 4.0467 -20.8151
v  -15.0219 2.9645 -19.4703
v  -14.4756 4.1485 -20.1393
v  -15.3877 1.8898 -18.9189
v  -15.9904 1.8278 -19.5053
v  -16.5405 1.8621 -19.7815
v  -21.5889 24.0277 -13.9000
v  -22.1455 24.0224 -14.1868
v  -22.6349 20.3675 -11.7838
v  -22.0737 20.3521 -11.5161
v  -20.6795 23.7101 -13.7207
v  -21.1662 20.0388 -11.3887
v  -19.9085 27.2509 -16.2554
v  -20.8061 27.5565 -16.5088
v  -21.3463 27.5239 -16.8272
v  -11.6272 8.3519 -24.1191
v  -11.9717 8.3370 -24.6060
v  -10.2100 9.4969 -25.7490
v  -9.9373 9.5248 -25.2215
v  -11.2923 8.6214 -23.3658
v  -9.6912 9.8417 -24.4486
v  -12.6087 7.1817 -22.1573
v  -13.0238 6.9625 -22.8854
v  -13.4281 6.9611 -23.3302
v  -16.2563 36.0529 -25.4759
v  -16.6656 35.9217 -25.9319
v  -18.5211 33.8011 -22.9810
v  -18.0515 33.9017 -22.5740
v  -15.5190 35.8078 -24.8679
v  -17.2367 33.6676 -22.1092
v  -13.3801 37.3922 -27.2959
v  -14.0068 37.6617 -28.0428
v  -14.3410 37.5056 -28.5434
v  -11.0966 38.9774 -30.1192
v  -11.3449 38.8040 -30.6539
v  -10.6220 38.6997 -29.2681
v  -7.3856 39.6543 -30.6329
v  -7.6927 39.9336 -31.5544
v  -7.8526 39.7510 -32.1128
v  -7.9311 10.3725 -25.9496
v  -8.1249 10.3304 -26.5089
v  -5.7129 10.9132 -27.0030
v  -5.5958 10.9711 -26.4217
v  -7.7778 10.7425 -25.1704
v  -5.5199 11.3879 -25.6441
v  -3.9604 40.4640 -32.1979
v  -4.0386 40.2807 -32.7695
v  -3.8097 40.1799 -31.2389
v  -19.5976 30.9587 -19.4925
v  -20.1099 30.8927 -19.8524
v  -18.7305 30.6927 -19.1450
v  -14.1491 5.4652 -21.7631
v  -14.5977 5.4798 -22.1716
v  -13.6707 5.6225 -21.0583
v  -16.2632 0.6717 -18.8920
v  -16.8327 0.7015 -19.1390
v  -15.6513 0.7434 -18.3521
v  -15.8215 -0.3863 -17.8005
v  -16.4276 -0.4821 -18.2998
v  -17.0139 -0.4604 -18.5295
v  -22.3881 16.5094 -9.2070
v  -22.9435 16.5388 -9.4710
v  -23.1350 12.6650 -7.2954
v  -22.5895 12.6287 -7.0276
v  -21.4916 16.2056 -9.1073
v  -21.7159 12.3473 -6.9406
v  -22.4827 -3.2662 -1.3977
v  -22.5410 -3.2424 -1.4668
v  -22.0047 -3.3055 -2.6801
v  -21.9074 -3.3221 -2.6178
v  -22.3160 -3.2973 -1.2875
v  -21.6969 -3.3431 -2.5257
v  -22.7242 -3.2388 -0.8606
v  -22.8458 -3.2002 -0.9899
v  -22.8588 -3.1706 -1.0588
v  -22.6009 -2.3261 -0.2843
v  -23.1388 -2.3583 -0.5558
v  -23.0587 -2.7801 -0.5637
v  -22.5437 -2.7625 -0.2996
v  -21.8655 -2.2909 -0.2710
v  -21.8361 -2.7380 -0.2829
v  -21.9315 -1.0657 -0.6448
v  -22.6719 -1.0823 -0.6604
v  -23.2094 -1.1179 -0.9291
v  -16.2247 -3.4687 -16.7611
v  -16.8385 -3.5111 -16.9674
v  -16.8827 -3.3304 -17.1045
v  -16.2560 -3.2737 -16.9090
v  -15.6414 -3.4106 -16.3163
v  -15.6773 -3.1824 -16.4767
v  -15.7135 -3.5753 -16.1424
v  -16.2666 -3.6100 -16.5822
v  -16.8301 -3.6293 -16.7925
v  -16.4993 -1.5410 -17.7638
v  -17.1055 -1.5299 -17.9840
v  -15.9077 -1.4111 -17.2943
v  -15.9016 -2.2488 -16.8896
v  -16.4791 -2.3979 -17.3382
v  -17.1024 -2.4049 -17.5508
v  -22.7341 8.8389 -5.0333
v  -23.2731 8.8750 -5.3038
v  -23.3341 5.1891 -3.5266
v  -22.7985 5.1664 -3.2550
v  -21.8987 8.6010 -4.9527
v  -22.0039 4.9981 -3.1861
v  -14.6534 3.2215 -18.4877
v  -15.0150 2.1251 -17.9642
v  -14.1392 4.4759 -19.1529
v  -13.3888 6.0742 -20.0789
v  -12.3989 7.7703 -21.1942
v  -13.4014 7.8426 -19.2455
v  -11.1645 9.3178 -22.4271
v  -9.6466 10.6390 -23.5472
v  -7.8056 11.6563 -24.3235
v  -5.5862 12.3968 -24.8520
v  -2.9339 12.8880 -25.2282
v  -2.8862 11.8418 -25.9830
v  -0.3082 12.0054 -26.1069
v  -0.3082 13.0557 -25.3656
v  -3.0125 15.3003 -24.9146
v  -9.8869 37.5014 -28.1462
v  -6.9084 38.4290 -29.3716
v  -12.4249 36.2606 -26.3846
v  -11.4685 33.6138 -25.4659
v  -9.1572 34.7863 -26.9899
v  -6.4404 35.6831 -28.0569
v  -14.4363 34.8109 -24.2415
v  -16.0854 32.7798 -21.7688
v  -13.3442 32.2901 -23.6288
v  -17.5354 29.7949 -19.0180
v  -18.6947 26.3168 -16.2897
v  -19.4721 22.8062 -13.8846
v  -19.9772 19.1974 -11.6518
v  -18.1835 20.7291 -14.3314
v  -20.3205 15.4250 -9.4403
v  -20.5887 11.6478 -7.3186
v  -20.8679 8.0250 -5.3552
v  -21.0884 4.5878 -3.6242
v  -21.1273 -2.2825 -0.8738
v  -21.1792 -1.1010 -1.2324
v  -21.1170 -2.7417 -0.8587
v  -20.3465 -2.8078 -2.3124
v  -20.3453 -2.3575 -2.3630
v  -15.5102 -3.3862 -15.6017
v  -15.9519 -3.3155 -14.1495
v  -15.9264 -3.5201 -14.0152
v  -15.5380 -3.5660 -15.4456
v  -15.5937 -3.0885 -15.7770
v  -16.0751 -2.9086 -14.3483
v  -15.7276 -1.0237 -16.5493
v  -15.8096 -1.8500 -16.1873
v  -15.5407 -0.0747 -16.9902
v  -15.6780 0.8526 -15.7590
v  -16.0107 -0.1775 -15.2817
v  -16.2312 -1.1392 -14.8739
v  -15.3069 1.0006 -17.4635
v  -15.3614 2.0352 -16.2650
v  -16.7809 3.2959 -20.7436
v  -17.4526 4.7336 -20.4504
v  -16.1095 4.4491 -21.6012
v  -16.5039 3.0678 -20.6319
v  -15.8524 4.2155 -21.4405
v  -16.9514 1.9947 -19.9400
v  -17.2443 2.2101 -20.0032
v  -22.7299 23.6491 -14.6108
v  -23.2243 20.0361 -12.2264
v  -22.5170 23.8865 -14.4236
v  -23.0095 20.2534 -12.0213
v  -21.7068 27.3641 -17.0727
v  -21.9135 27.1073 -17.2495
v  -12.4138 8.6751 -25.2516
v  -12.9036 10.5149 -25.6000
v  -10.9585 11.6605 -26.9410
v  -10.5667 9.8057 -26.4524
v  -12.2314 8.4527 -24.9791
v  -10.4183 9.5987 -26.1560
v  -13.7302 7.0863 -23.6662
v  -13.9412 7.3149 -23.9093
v  -17.1005 35.3719 -26.4390
v  -19.0205 33.2906 -23.4409
v  -16.9399 35.6869 -26.2468
v  -18.8358 33.5886 -23.2649
v  -14.5645 37.2526 -28.8892
v  -14.6942 36.9237 -29.0997
v  -11.6051 38.1977 -31.2434
v  -11.5105 38.5370 -31.0223
v  -7.9590 39.4755 -32.4967
v  -8.0185 39.1296 -32.7242
v  -8.3797 10.5841 -27.2628
v  -8.6678 12.4352 -27.8651
v  -5.8678 11.1176 -27.7928
v  -8.2737 10.4090 -26.9446
v  -5.8033 10.9701 -27.4589
v  -4.1195 39.6549 -33.3963
v  -4.0688 37.5231 -33.3496
v  -4.0909 40.0035 -33.1628
v  -20.6509 30.4284 -20.2853
v  -20.5265 28.6121 -20.6123
v  -20.4521 30.7062 -20.1133
v  -15.1680 5.8475 -22.6745
v  -14.9326 5.6144 -22.4693
v  -17.5632 1.0139 -19.2815
v  -17.2581 0.8199 -19.2609
v  -17.4492 -0.3618 -18.6240
v  -17.7605 -0.1970 -18.6084
v  -23.5207 16.2507 -9.9536
v  -23.3833 15.0923 -10.7622
v  -23.5607 11.4502 -8.7507
v  -23.6931 12.4215 -7.8260
v  -23.3116 16.4451 -9.7209
v  -23.4928 12.5899 -7.5626
v  -23.6801 -2.4480 -1.2055
v  -23.5485 -2.5611 -2.4975
v  -23.4379 -2.9180 -2.5188
v  -23.5718 -2.8417 -1.2284
v  -23.4898 -2.3993 -0.8664
v  -23.3959 -2.8066 -0.8783
v  -23.5592 -1.1711 -1.2336
v  -23.7492 -1.2386 -1.5634
v  -23.6126 -1.4404 -2.8343
v  -17.6517 -3.5688 -16.8821
v  -17.3084 -3.5434 -16.9977
v  -17.2813 -3.6530 -16.8301
v  -17.6147 -3.6820 -16.7236
v  -17.6979 -3.3668 -17.0240
v  -17.3553 -3.3597 -17.1333
v  -17.8593 -1.3270 -18.0140
v  -17.5491 -1.4557 -18.0586
v  -17.5552 -2.3622 -17.6089
v  -17.8669 -2.2766 -17.5397
v  -23.8148 8.6772 -5.8773
v  -23.6877 7.8979 -6.9092
v  -23.7411 4.4487 -5.2609
v  -23.8663 5.0292 -4.1325
v  -23.6233 8.8162 -5.5866
v  -23.6801 5.1397 -3.8211
v  -17.0868 -3.1185 -11.4924
v  -17.1909 -2.5590 -11.7287
v  -18.4250 -2.8521 -8.2417
v  -18.4261 -3.1773 -8.1408
v  -17.0647 -3.3755 -11.3747
v  -21.1792 1.3674 -2.1995
v  -21.9963 1.5700 -1.6833
v  -22.7577 1.6373 -1.7240
v  -23.2933 1.6280 -1.9939
v  -23.8277 1.4889 -2.6168
v  -23.6408 1.5763 -2.2943
v  -23.6965 1.1161 -3.8290
v  -22.8848 0.2471 -6.5658
v  -22.7768 -1.8634 -5.7276
v  -22.9511 3.0276 -7.7765
v  -21.5805 -0.8428 -10.0650
v  -17.7914 -2.9463 -17.2264
v  -18.5444 -2.6493 -16.2297
v  -17.4641 -2.9814 -17.3187
v  -16.3696 -2.9461 -17.0773
v  -16.9994 -2.9834 -17.2783
v  -15.7944 -2.8172 -16.6424
v  -15.7295 -2.5574 -15.9511
v  -16.2106 -2.1164 -14.5762
v  -17.0429 -3.9492 -15.9535
v  -17.1402 -3.9813 -15.9974
v  -17.1768 -3.9422 -16.2411
v  -17.0490 -3.9006 -16.2021
v  -16.9991 -3.9287 -15.9221
v  -16.9994 -3.8738 -16.1628
v  -17.3981 -3.8958 -14.8781
v  -17.4377 -3.9115 -14.9009
v  -17.5560 -3.9387 -14.9540
v  -19.6526 -3.6827 -12.7091
v  -18.2747 -3.8054 -15.4654
v  -19.4263 -3.8160 -12.5509
v  -18.1072 -3.9327 -15.2485
v  -20.9274 -3.6523 -8.9938
v  -21.2006 -3.5098 -9.0776
v  -21.2414 -3.0435 -0.9215
v  -21.8800 -3.0389 -0.4016
v  -21.5092 -3.2171 -1.0320
v  -21.9151 -3.1728 -0.6611
v  -20.8538 -3.2678 -2.3543
v  -20.5269 -3.1013 -2.3120
v  -16.3734 -3.7763 -16.3206
v  -16.8217 -3.7887 -16.5054
v  -15.9210 -3.7502 -15.9360
v  -16.1354 -3.8558 -15.7593
v  -16.4673 -3.9091 -15.9858
v  -16.8167 -3.9222 -16.1696
v  -22.4991 -3.0598 -0.4103
v  -22.3373 -3.2316 -0.6768
v  -22.9462 -3.0700 -0.6423
v  -23.3753 -3.1218 -1.3177
v  -23.2155 -3.1829 -2.5983
v  -23.1239 -3.2872 -1.4524
v  -22.9004 -3.3424 -2.6845
v  -23.0110 -3.2584 -1.1438
v  -23.2403 -3.0912 -0.9550
v  -17.5472 -3.8364 -16.4715
v  -17.2306 -3.8094 -16.5483
v  -17.4541 -3.9648 -16.2126
v  -19.6812 -3.2399 -4.9151
v  -19.4847 -2.9705 -4.9299
v  -20.0191 -3.3990 -4.9612
v  -18.9377 -3.5666 -8.2187
v  -18.6119 -3.4152 -8.1331
v  -15.7368 -3.7439 -15.3295
v  -16.0843 -3.7055 -13.9805
v  -16.0618 -3.8838 -15.3459
v  -16.3937 -3.8438 -14.0972
v  -18.7443 8.4121 -19.3593
v  -13.8775 15.3871 -25.9893
v  -11.7302 16.6105 -27.6792
v  -9.2400 17.4512 -28.8799
v  -3.8540 32.1177 -32.6565
v  -19.7075 23.9515 -21.1240
v  -22.4968 12.1725 -12.5289
v  -22.7127 9.0202 -10.7831
v  -22.7238 -2.7873 -5.4313
v  -22.6398 -3.0877 -5.4223
v  -22.8790 5.9620 -9.1906
v  -17.0300 16.8922 -15.0005
v  -12.5778 27.4733 -23.0618
v  -10.8379 28.7986 -24.6966
v  -8.7002 29.9585 -26.0351
v  -6.1604 30.8415 -26.9754
v  -13.8050 11.9499 -18.9787
v  -15.9454 4.4390 -14.7959
v  -16.3250 2.7958 -13.9969
v  -17.2737 -1.4437 -12.0908
v  -17.1936 -0.0539 -12.5918
v  -16.8095 1.3287 -13.2447
v  -3.0750 19.8434 -25.4645
v  -3.1372 25.5210 -26.4431
v  -19.4778 -2.5729 -5.0088
v  -19.9707 -1.8782 -13.5644
v  -17.9668 -3.7901 -11.7680
v  -18.3437 -3.8024 -12.0361
v  -17.2009 -3.9199 -14.7385
v  -16.8228 -3.9070 -14.4174
v  -17.5407 -3.7265 -11.4928
v  -19.3577 -3.6320 -8.3977
v  -19.7296 -3.6429 -8.5723
v  -22.4396 -3.3277 -5.4461
v  -22.1268 -3.4793 -5.4517
v  -17.2279 -3.5832 -11.3683
v  -16.3242 2.9863 -20.4712
v  -16.7557 1.9155 -19.8052
v  -16.3696 3.0296 -20.4339
v  -16.7992 1.9544 -19.7607
v  -15.7379 4.1847 -21.2254
v  -15.6910 4.1371 -21.2544
v  -22.2923 23.9572 -14.3449
v  -21.4867 27.4434 -16.9880
v  -22.2805 23.9014 -14.4036
v  -21.4733 27.3817 -17.0411
v  -22.7737 20.2647 -12.0043
v  -22.7844 20.3149 -11.9412
v  -12.1277 8.4047 -24.7455
v  -13.6066 7.0262 -23.4433
v  -12.1712 8.4663 -24.7463
v  -13.6536 7.0828 -23.4329
v  -10.3737 9.6328 -25.9267
v  -10.3367 9.5670 -25.9146
v  -16.7637 35.7896 -26.1025
v  -14.4188 37.3603 -28.7160
v  -16.7473 35.7104 -26.1312
v  -14.4035 37.2766 -28.7366
v  -18.6211 33.6110 -23.1858
v  -18.6371 33.6850 -23.1485
v  -11.4014 38.6491 -30.8267
v  -7.8880 39.5905 -32.2847
v  -11.3892 38.5618 -30.8400
v  -7.8800 39.5008 -32.2923
v  -8.2169 10.4005 -26.6961
v  -8.2451 10.4687 -26.7181
v  -5.7888 11.0505 -27.2353
v  -5.7705 10.9811 -27.2058
v  -2.9987 11.3846 -27.5596
v  -2.9713 11.3212 -27.3482
v  -3.0075 11.4546 -27.5932
v  -20.2396 30.7945 -20.0164
v  -20.2248 30.7266 -20.0621
v  -14.7896 5.5437 -22.2623
v  -14.8376 5.5957 -22.2422
v  -17.0506 0.7489 -19.1488
v  -17.2333 -0.4193 -18.5311
v  -17.0914 0.7836 -19.0993
v  -17.2722 -0.3884 -18.4784
v  -23.0907 16.4959 -9.6312
v  -23.0793 16.4506 -9.6979
v  -23.2655 12.5893 -7.5293
v  -23.2780 12.6296 -7.4596
v  -23.2841 -2.3578 -0.7276
v  -23.3509 -1.1394 -1.1007
v  -23.2750 -2.3515 -0.8046
v  -23.3391 -1.1494 -1.1781
v  -23.1949 -2.7338 -0.8051
v  -23.2010 -2.7553 -0.7299
v  -17.0612 -3.4885 -16.9665
v  -17.0364 -3.5927 -16.8010
v  -17.0975 -3.4624 -16.9143
v  -17.0731 -3.5616 -16.7553
v  -17.1474 -3.2999 -17.0370
v  -17.1108 -3.3204 -17.0939
v  -17.3290 -1.4947 -17.9813
v  -17.3298 -2.3775 -17.5450
v  -17.3660 -1.4668 -17.9267
v  -17.3660 -2.3527 -17.4891
v  -23.4131 8.8455 -5.4713
v  -23.3994 8.8107 -5.5435
v  -23.4581 5.1345 -3.7708
v  -23.4726 5.1628 -3.6963
v  -16.3982 3.0179 -20.5081
v  -15.7600 4.1692 -21.3014
v  -16.8335 1.9452 -19.8324
v  -22.3614 23.9242 -14.3922
v  -22.8539 20.2869 -11.9891
v  -21.5534 27.4055 -17.0362
v  -12.1780 8.4327 -24.8175
v  -10.3775 9.5922 -25.9939
v  -13.6646 7.0558 -23.5073
v  -16.8140 35.7379 -26.1618
v  -18.6951 33.6371 -23.2022
v  -14.4600 37.3055 -28.7812
v  -11.4323 38.5914 -30.8965
v  -7.9082 39.5308 -32.3579
v  -8.2462 10.4210 -26.7820
v  -5.7884 10.9973 -27.2963
v  -4.0657 40.0589 -33.0155
v  -4.0520 40.0284 -32.9446
v  -20.3030 30.7514 -20.0666
v  -14.8537 5.5749 -22.3182
v  -17.1307 0.7752 -19.1684
v  -17.3153 -0.3974 -18.5450
v  -23.1586 16.4727 -9.6817
v  -23.3437 12.6109 -7.5137
v  -23.3494 -2.3662 -0.7918
v  -23.2651 -2.7607 -0.7959
v  -23.4154 -1.1507 -1.1638
v  -17.1516 -3.4943 -16.9666
v  -17.2005 -3.3252 -17.0939
v  -17.1276 -3.5973 -16.8028
v  -17.4122 -1.4781 -17.9910
v  -17.4149 -2.3676 -17.5512
v  -23.4772 8.8308 -5.5286
v  -23.5355 5.1508 -3.7564
v  -23.4325 1.6010 -2.1649
v  -23.4192 1.5802 -2.2412
v  -23.4966 1.5893 -2.2267
v  -17.3161 -2.9665 -17.2704
v  -17.2653 -2.9469 -17.2106
v  -17.2287 -2.9681 -17.2680
v  -16.9930 -3.7535 -16.5125
v  -16.9579 -3.8957 -16.1902
v  -17.0322 -3.7251 -16.4726
v  -23.0701 -3.0331 -0.7924
v  -23.0663 -3.0039 -0.8641
v  -23.1300 -3.0376 -0.8610
v  -22.9183 -3.2047 -1.0613
v  -17.0853 -3.7580 -16.5166
v  -16.9586 -3.9446 -15.9235
v  -16.8171 -3.9629 -15.8485
v  -17.3557 -3.9074 -14.8580
v  -22.6032 -3.2702 -1.4709
v  -22.6963 -3.3136 -1.4919
v  -22.2015 -3.3589 -2.6830
v  -22.0676 -3.3254 -2.6847
v  -19.0651 -3.8447 -12.3744
v  -18.7351 -3.8204 -12.2317
v  -20.1668 -3.6597 -8.7218
v  -20.5246 -3.6841 -8.8519
v  -17.8341 -3.9615 -15.0651
v  -17.3397 -4.0000 -16.0334
v  -3.0441 11.5136 -28.1524
v  -3.0136 11.3684 -27.8124
v  -0.3082 13.5065 -28.9841
v  -0.3082 11.6638 -28.2784
v  -2.9160 11.3965 -26.7561
v  -0.3082 11.4680 -27.4723
v  -0.3082 11.5515 -26.8776
v  -3.2139 31.3364 -27.4156
v  -3.3466 36.1793 -28.5229
v  -0.3082 25.6663 -26.5533
v  -0.3082 31.4751 -27.5034
v  -3.5751 38.9393 -29.9056
v  -0.3082 36.3162 -28.5994
v  -0.3082 39.0797 -29.9932
v  -4.0562 40.1189 -32.9405
v  -0.3082 40.4314 -32.8895
v  -0.3082 40.2701 -33.0601
v  -3.0071 11.3990 -27.6517
v  -0.3082 11.5137 -27.9377
v  -0.3082 11.5432 -27.7782
v  -22.8497 -3.3366 -1.6118
v  -22.5124 -3.3832 -2.7262
v  -21.9296 -3.2913 -1.1598
v  -21.2948 -3.3367 -2.4317
v  -21.7056 -3.5147 -5.3877
v  -21.3402 -3.4901 -5.3160
v  -20.4521 -3.4656 -5.0649
v  -20.8408 -3.4741 -5.1781
v  -16.4703 -3.9497 -15.5874
v  -18.6031 -3.7950 -12.1745
v  -18.5635 -3.7812 -12.1585
v  -19.9821 -3.6197 -8.6630
v  -20.0268 -3.6338 -8.6738
v  -21.1952 -3.4619 -5.2981
v  -21.1407 -3.4462 -5.2912
v  -21.0464 -3.4589 -5.2523
v  -19.9104 -3.6308 -8.6449
v  -18.5097 -3.7915 -12.1393
v  -0.3082 18.5548 -30.2385
v  -0.3082 25.3062 -31.6392
v  -0.3082 40.6128 -32.3140
v  -0.3082 40.3253 -31.3449
v  -0.3082 15.4659 -25.0603
v  -0.3082 39.8063 -33.5221
v  -0.3082 40.1551 -33.2859
v  -0.3082 37.6716 -33.4772
v  -0.3082 32.2583 -32.7842
v  -0.3082 19.9997 -25.5976
v  -0.3082 11.5993 -27.7208
v  -0.3082 11.5291 -27.6861
v  -0.3082 40.1795 -33.0631
v  -0.3082 40.2103 -33.1356
v  21.0423 18.2615 -16.3726
v  20.2557 21.1289 -18.5710
v  21.1533 25.4304 -17.7034
v  21.9666 22.1336 -15.1838
v  19.6571 13.2740 -17.8677
v  18.9064 15.5762 -19.6428
v  21.5504 15.2944 -14.4011
v  20.1691 10.9258 -16.2835
v  22.4655 18.6961 -12.9159
v  15.5697 28.3502 -26.5419
v  13.1474 29.7826 -28.9519
v  13.9160 34.9051 -29.1937
v  16.3441 33.3930 -26.5876
v  14.4466 21.8220 -26.3323
v  12.1029 23.1524 -28.4289
v  17.5335 26.4513 -23.8435
v  16.3700 20.0898 -23.9936
v  18.2896 31.3695 -23.6579
v  10.2146 30.8829 -30.8065
v  10.8463 36.1282 -31.2686
v  6.8764 31.6588 -32.0575
v  7.3029 37.0163 -32.6935
v  9.3784 24.1084 -29.9721
v  6.3156 24.7582 -30.9903
v  2.7050 18.4111 -30.1111
v  5.8132 18.0158 -29.6657
v  5.4363 12.9596 -28.4709
v  2.5177 13.3546 -28.8570
v  2.9560 25.1700 -31.5120
v  16.3948 12.0230 -22.3173
v  17.4068 10.1457 -20.7091
v  16.1411 6.0368 -21.4639
v  15.1695 7.5563 -22.7013
v  17.8337 17.9280 -21.7243
v  15.0326 13.8386 -24.1040
v  13.8935 9.1097 -24.1006
v  18.9800 4.8273 -17.0204
v  17.6521 2.1016 -18.7085
v  17.3183 3.4781 -19.5641
v  18.6287 6.6851 -18.1643
v  19.2173 2.9467 -15.9574
v  17.8623 0.7036 -17.9142
v  20.5246 8.4359 -14.7747
v  20.7733 5.9222 -13.3698
v  19.2039 -3.3261 -12.9395
v  19.1574 -3.5008 -12.8412
v  17.7498 -3.6444 -15.6664
v  17.7959 -3.5148 -15.8019
v  20.7958 -3.0633 -9.1856
v  20.7413 -3.2991 -9.1320
v  19.2463 -2.8786 -13.1363
v  20.8393 -2.3839 -9.4321
v  17.8406 -3.2415 -15.9603
v  19.3756 1.1514 -15.0051
v  17.9741 -0.6164 -17.2114
v  19.4298 -0.4823 -14.1964
v  17.9939 -1.7652 -16.6375
v  20.9656 3.5023 -12.0973
v  21.0468 1.2295 -10.9861
v  14.5493 7.8734 -16.5558
v  14.0316 4.5595 -17.4262
v  14.4123 3.2957 -16.8155
v  14.9700 6.1633 -15.6470
v  13.9828 9.7440 -17.6302
v  13.5178 6.0130 -18.2014
v  15.4045 12.2791 -15.7795
v  14.7606 14.6771 -17.2467
v  15.8714 9.9770 -14.4684
v  10.9406 15.8680 -21.9567
v  10.6342 11.4102 -21.7939
v  11.8259 9.7434 -20.4718
v  12.1723 14.1162 -20.4659
v  9.4196 17.2878 -23.2918
v  9.1549 12.8199 -23.0004
v  11.4040 21.5896 -22.5134
v  9.7874 22.9712 -23.9982
v  12.7304 19.7802 -20.8142
v  7.5352 18.4580 -24.3120
v  5.2330 19.3271 -25.0315
v  5.1044 14.7819 -24.4971
v  7.3345 13.9495 -23.8803
v  7.7862 24.1412 -25.1774
v  5.3730 25.0183 -26.0070
v  14.6736 22.9039 -18.9982
v  15.6780 27.4653 -19.0046
v  14.2944 30.3843 -21.4760
v  13.4094 25.6270 -21.1543
v  15.6944 19.8202 -16.8585
v  16.7965 24.0685 -16.5210
v  13.8592 17.3267 -18.9918
v  17.2867 10.9668 -11.5905
v  17.6643 7.9931 -9.9492
v  18.7679 10.2798 -8.2815
v  18.4456 13.8009 -10.2525
v  16.2426 7.6152 -13.1923
v  16.6485 5.3207 -11.9712
v  16.9155 13.9858 -13.2894
v  18.0847 17.3418 -12.2904
v  18.8648 0.2211 -6.0222
v  19.7155 0.9458 -3.5526
v  19.5290 3.8346 -4.8317
v  18.6527 2.6375 -7.0707
v  18.9060 -1.6435 -5.3176
v  19.7697 -1.2673 -2.6982
v  17.8864 -0.6332 -9.0533
v  17.8738 -2.1129 -8.5184
v  17.7124 1.2551 -9.8284
v  18.1862 5.2224 -8.4111
v  19.1711 6.9519 -6.4412
v  17.2192 3.2202 -10.8254
v  14.9784 2.8936 -20.1044
v  14.3887 4.0468 -20.8151
v  14.8731 4.0748 -21.1852
v  15.4987 2.9277 -20.4260
v  14.4054 2.9646 -19.4703
v  13.8588 4.1485 -20.1393
v  15.3740 1.8278 -19.5053
v  14.7713 1.8898 -18.9189
v  15.9241 1.8621 -19.7815
v  20.9724 24.0278 -13.9000
v  21.4573 20.3522 -11.5161
v  22.0184 20.3675 -11.7838
v  21.5286 24.0224 -14.1868
v  20.0626 23.7101 -13.7207
v  20.5494 20.0388 -11.3887
v  20.1897 27.5565 -16.5088
v  19.2917 27.2509 -16.2554
v  20.7298 27.5239 -16.8272
v  11.0107 8.3519 -24.1191
v  9.3204 9.5248 -25.2215
v  9.5936 9.4969 -25.7490
v  11.3552 8.3370 -24.6060
v  10.6754 8.6215 -23.3658
v  9.0748 9.8417 -24.4486
v  12.4073 6.9625 -22.8854
v  11.9923 7.1817 -22.1573
v  12.8117 6.9611 -23.3302
v  15.6399 36.0530 -25.4759
v  17.4351 33.9017 -22.5740
v  17.9047 33.8012 -22.9810
v  16.0492 35.9217 -25.9319
v  14.9025 35.8078 -24.8679
v  16.6203 33.6677 -22.1092
v  13.3904 37.6617 -28.0428
v  12.7632 37.3922 -27.2959
v  13.7245 37.5056 -28.5434
v  10.4801 38.9774 -30.1192
v  10.7285 38.8040 -30.6539
v  10.0056 38.6997 -29.2680
v  7.0759 39.9336 -31.5544
v  6.7692 39.6543 -30.6329
v  7.2357 39.7510 -32.1128
v  7.3147 10.3725 -25.9496
v  4.9789 10.9711 -26.4217
v  5.0964 10.9133 -27.0030
v  7.5081 10.3304 -26.5089
v  7.1613 10.7426 -25.1704
v  4.9034 11.3879 -25.6441
v  3.3440 40.4640 -32.1979
v  3.4222 40.2808 -32.7695
v  3.1933 40.1799 -31.2389
v  18.9812 30.9587 -19.4925
v  19.4931 30.8927 -19.8524
v  18.1137 30.6927 -19.1450
v  13.5323 5.4652 -21.7631
v  13.9809 5.4799 -22.1716
v  13.0539 5.6225 -21.0583
v  15.6464 0.6717 -18.8920
v  16.2163 0.7015 -19.1390
v  15.0345 0.7434 -18.3521
v  15.8112 -0.4821 -18.2998
v  15.2050 -0.3862 -17.8005
v  16.3971 -0.4604 -18.5295
v  21.7716 16.5095 -9.2070
v  21.9727 12.6287 -7.0276
v  22.5182 12.6651 -7.2954
v  22.3270 16.5388 -9.4710
v  20.8752 16.2056 -9.1073
v  21.0995 12.3473 -6.9406
v  21.8662 -3.2662 -1.3977
v  21.2910 -3.3221 -2.6178
v  21.3882 -3.3055 -2.6801
v  21.9246 -3.2424 -1.4668
v  21.6995 -3.2973 -1.2875
v  21.0804 -3.3431 -2.5257
v  22.2294 -3.2002 -0.9899
v  22.1073 -3.2388 -0.8606
v  22.2420 -3.1706 -1.0588
v  21.9845 -2.3261 -0.2843
v  21.9273 -2.7625 -0.2996
v  22.4422 -2.7800 -0.5637
v  22.5224 -2.3583 -0.5558
v  21.2490 -2.2909 -0.2710
v  21.2196 -2.7380 -0.2829
v  22.0554 -1.0823 -0.6604
v  21.3146 -1.0656 -0.6448
v  22.5925 -1.1179 -0.9291
v  15.6078 -3.4687 -16.7611
v  15.6395 -3.2737 -16.9090
v  16.2663 -3.3304 -17.1045
v  16.2220 -3.5111 -16.9674
v  15.0249 -3.4105 -16.3163
v  15.0608 -3.1823 -16.4767
v  15.6502 -3.6100 -16.5821
v  15.0970 -3.5753 -16.1424
v  16.2136 -3.6293 -16.7924
v  15.8825 -1.5409 -17.7638
v  16.4886 -1.5299 -17.9840
v  15.2912 -1.4111 -17.2943
v  15.8627 -2.3979 -17.3382
v  15.2847 -2.2488 -16.8896
v  16.4856 -2.4049 -17.5508
v  22.1176 8.8389 -5.0333
v  22.1821 5.1664 -3.2550
v  22.7173 5.1891 -3.5266
v  22.6566 8.8750 -5.3038
v  21.2818 8.6011 -4.9527
v  21.3875 4.9982 -3.1861
v  14.0369 3.2215 -18.4877
v  14.3986 2.1251 -17.9642
v  13.5223 4.4759 -19.1529
v  12.7724 6.0742 -20.0789
v  11.7821 7.7703 -21.1942
v  12.7846 7.8427 -19.2455
v  10.5480 9.3178 -22.4271
v  9.0298 10.6390 -23.5472
v  7.1888 11.6563 -24.3235
v  4.9698 12.3969 -24.8520
v  2.3170 12.8880 -25.2282
v  2.2694 11.8418 -25.9830
v  2.3956 15.3003 -24.9146
v  9.2701 37.5014 -28.1462
v  6.2920 38.4291 -29.3716
v  11.8080 36.2606 -26.3846
v  8.5407 34.7863 -26.9899
v  10.8521 33.6138 -25.4659
v  5.8235 35.6831 -28.0569
v  13.8199 34.8109 -24.2415
v  15.4690 32.7799 -21.7688
v  12.7277 32.2901 -23.6288
v  16.9189 29.7949 -19.0180
v  18.0782 26.3168 -16.2897
v  18.8553 22.8062 -13.8846
v  19.3607 19.1975 -11.6518
v  17.5667 20.7292 -14.3314
v  19.7041 15.4250 -9.4403
v  19.9718 11.6478 -7.3186
v  20.2515 8.0251 -5.3552
v  20.4716 4.5879 -3.6242
v  20.5109 -2.2824 -0.8738
v  20.5627 -1.1010 -1.2323
v  20.5006 -2.7416 -0.8586
v  19.7289 -2.3575 -2.3630
v  19.7300 -2.8077 -2.3124
v  14.8937 -3.3861 -15.6016
v  14.9216 -3.5660 -15.4456
v  15.3099 -3.5201 -14.0152
v  15.3355 -3.3155 -14.1495
v  14.9773 -3.0885 -15.7770
v  15.4587 -2.9086 -14.3483
v  15.1112 -1.0237 -16.5493
v  15.1932 -1.8500 -16.1873
v  14.9242 -0.0747 -16.9902
v  15.3942 -0.1775 -15.2817
v  15.0616 0.8526 -15.7590
v  15.6147 -1.1391 -14.8739
v  14.6904 1.0006 -17.4635
v  14.7449 2.0352 -16.2650
v  16.1640 3.2959 -20.7436
v  15.4930 4.4491 -21.6012
v  16.8362 4.7336 -20.4504
v  15.8875 3.0678 -20.6319
v  15.2359 4.2156 -21.4405
v  16.6279 2.2102 -20.0032
v  16.3345 1.9947 -19.9400
v  22.1134 23.6491 -14.6108
v  22.6078 20.0361 -12.2264
v  21.9002 23.8865 -14.4236
v  22.3930 20.2534 -12.0213
v  21.2967 27.1073 -17.2495
v  21.0899 27.3642 -17.0727
v  11.7973 8.6751 -25.2516
v  9.9503 9.8057 -26.4524
v  10.3420 11.6605 -26.9410
v  12.2868 10.5149 -25.6000
v  11.6150 8.4527 -24.9791
v  9.8019 9.5987 -26.1560
v  13.3247 7.3149 -23.9093
v  13.1138 7.0863 -23.6662
v  16.4837 35.3719 -26.4390
v  18.4036 33.2906 -23.4409
v  16.3235 35.6869 -26.2468
v  18.2194 33.5886 -23.2649
v  14.0774 36.9238 -29.0997
v  13.9481 37.2526 -28.8892
v  10.9886 38.1978 -31.2434
v  10.8940 38.5370 -31.0223
v  7.4020 39.1296 -32.7242
v  7.3421 39.4755 -32.4967
v  7.7633 10.5841 -27.2628
v  5.2513 11.1176 -27.7928
v  8.0513 12.4352 -27.8651
v  7.6569 10.4090 -26.9446
v  5.1868 10.9701 -27.4588
v  3.5030 39.6549 -33.3963
v  3.4519 37.5231 -33.3496
v  3.4740 40.0035 -33.1628
v  20.0344 30.4285 -20.2853
v  19.9100 28.6122 -20.6123
v  19.8357 30.7063 -20.1133
v  14.5515 5.8475 -22.6745
v  14.3162 5.6145 -22.4693
v  16.9468 1.0139 -19.2815
v  16.6416 0.8200 -19.2609
v  17.1440 -0.1970 -18.6084
v  16.8327 -0.3618 -18.6240
v  22.9042 16.2507 -9.9536
v  23.0762 12.4215 -7.8260
v  22.9443 11.4502 -8.7507
v  22.7669 15.0923 -10.7622
v  22.6952 16.4451 -9.7209
v  22.8764 12.5899 -7.5626
v  23.0637 -2.4480 -1.2054
v  22.9553 -2.8416 -1.2284
v  22.8214 -2.9180 -2.5188
v  22.9317 -2.5611 -2.4975
v  22.8733 -2.3993 -0.8664
v  22.7791 -2.8065 -0.8783
v  23.1327 -1.2386 -1.5634
v  22.9427 -1.1710 -1.2336
v  22.9961 -1.4403 -2.8343
v  17.0353 -3.5687 -16.8821
v  16.9983 -3.6820 -16.7236
v  16.6645 -3.6530 -16.8301
v  16.6920 -3.5434 -16.9977
v  17.0811 -3.3668 -17.0240
v  16.7389 -3.3597 -17.1333
v  17.2424 -1.3270 -18.0140
v  16.9327 -1.4557 -18.0586
v  17.2504 -2.2766 -17.5397
v  16.9388 -2.3621 -17.6089
v  23.1983 8.6773 -5.8773
v  23.2498 5.0293 -4.1325
v  23.1247 4.4488 -5.2609
v  23.0713 7.8979 -6.9092
v  23.0068 8.8162 -5.5866
v  23.0633 5.1398 -3.8211
v  16.4700 -3.1185 -11.4924
v  16.5745 -2.5590 -11.7286
v  17.8085 -2.8520 -8.2417
v  16.4478 -3.3755 -11.3747
v  17.8093 -3.1773 -8.1408
v  20.5624 1.3675 -2.1995
v  21.3795 1.5700 -1.6833
v  22.1413 1.6373 -1.7240
v  22.6768 1.6281 -1.9939
v  23.2113 1.4889 -2.6168
v  23.0240 1.5763 -2.2943
v  23.0797 1.1161 -3.8290
v  22.2683 0.2471 -6.5658
v  22.1603 -1.8633 -5.7276
v  22.3343 3.0277 -7.7765
v  20.9641 -0.8428 -10.0650
v  17.1745 -2.9463 -17.2264
v  17.9279 -2.6492 -16.2297
v  16.8476 -2.9814 -17.3187
v  15.7528 -2.9461 -17.0773
v  16.3830 -2.9833 -17.2783
v  15.1779 -2.8171 -16.6424
v  15.1127 -2.5574 -15.9511
v  15.5941 -2.1163 -14.5762
v  16.4265 -3.9492 -15.9535
v  16.4326 -3.9006 -16.2021
v  16.5604 -3.9421 -16.2411
v  16.5237 -3.9813 -15.9974
v  16.3826 -3.9287 -15.9221
v  16.3830 -3.8738 -16.1628
v  16.8213 -3.9115 -14.9009
v  16.7812 -3.8958 -14.8781
v  16.9395 -3.9387 -14.9540
v  19.0361 -3.6827 -12.7091
v  17.6582 -3.8053 -15.4654
v  18.8099 -3.8160 -12.5509
v  17.4908 -3.9327 -15.2485
v  20.5841 -3.5097 -9.0776
v  20.3106 -3.6523 -8.9938
v  20.6249 -3.0435 -0.9215
v  21.2635 -3.0389 -0.4016
v  20.8927 -3.2170 -1.0320
v  21.2986 -3.1728 -0.6611
v  19.9104 -3.1013 -2.3120
v  20.2370 -3.2677 -2.3543
v  15.7570 -3.7763 -16.3206
v  16.2052 -3.7886 -16.5054
v  15.3042 -3.7502 -15.9360
v  15.8508 -3.9091 -15.9858
v  15.5190 -3.8558 -15.7593
v  16.1999 -3.9221 -16.1696
v  21.8822 -3.0598 -0.4102
v  21.7209 -3.2315 -0.6768
v  22.3297 -3.0700 -0.6423
v  22.7589 -3.1218 -1.3177
v  22.5990 -3.1829 -2.5983
v  22.5071 -3.2872 -1.4524
v  22.2836 -3.3424 -2.6845
v  22.6234 -3.0911 -0.9550
v  22.3946 -3.2583 -1.1438
v  16.9308 -3.8363 -16.4715
v  16.8373 -3.9647 -16.2126
v  16.6142 -3.8093 -16.5483
v  19.0643 -3.2399 -4.9151
v  18.8683 -2.9705 -4.9299
v  19.4027 -3.3989 -4.9612
v  17.9955 -3.4152 -8.1331
v  18.3212 -3.5666 -8.2187
v  15.1199 -3.7439 -15.3295
v  15.4678 -3.7055 -13.9805
v  15.4453 -3.8838 -15.3459
v  15.7772 -3.8438 -14.0972
v  18.1278 8.4122 -19.3593
v  13.2610 15.3871 -25.9893
v  11.1134 16.6105 -27.6792
v  8.6235 17.4512 -28.8799
v  3.2372 32.1177 -32.6565
v  19.0910 23.9515 -21.1240
v  21.8803 12.1725 -12.5289
v  22.0963 9.0202 -10.7831
v  22.1073 -2.7872 -5.4313
v  22.0230 -3.0877 -5.4223
v  22.2622 5.9620 -9.1906
v  16.4135 16.8922 -15.0005
v  11.9610 27.4733 -23.0618
v  10.2215 28.7986 -24.6966
v  8.0837 29.9585 -26.0351
v  5.5439 30.8415 -26.9754
v  13.1882 11.9499 -18.9787
v  15.3290 4.4390 -14.7959
v  15.7085 2.7958 -13.9969
v  16.6573 -1.4436 -12.0908
v  16.5771 -0.0539 -12.5918
v  16.1930 1.3287 -13.2447
v  2.4582 19.8434 -25.4645
v  2.5204 25.5210 -26.4431
v  18.8614 -2.5728 -5.0088
v  19.3539 -1.8782 -13.5644
v  17.3504 -3.7901 -11.7680
v  16.2064 -3.9070 -14.4174
v  16.5840 -3.9199 -14.7385
v  17.7273 -3.8024 -12.0361
v  16.9243 -3.7265 -11.4928
v  18.7412 -3.6320 -8.3976
v  19.1132 -3.6429 -8.5723
v  21.8227 -3.3276 -5.4461
v  21.5099 -3.4793 -5.4517
v  16.6115 -3.5832 -11.3683
v  15.7078 2.9863 -20.4712
v  16.1392 1.9155 -19.8052
v  15.7532 3.0296 -20.4339
v  16.1823 1.9544 -19.7607
v  15.0742 4.1371 -21.2544
v  15.1215 4.1847 -21.2254
v  21.6755 23.9572 -14.3449
v  20.8698 27.4435 -16.9880
v  21.6640 23.9014 -14.4036
v  20.8569 27.3818 -17.0411
v  22.1680 20.3150 -11.9412
v  22.1569 20.2647 -12.0043
v  11.5112 8.4048 -24.7455
v  12.9898 7.0262 -23.4433
v  11.5543 8.4663 -24.7463
v  13.0371 7.0828 -23.4329
v  9.7202 9.5670 -25.9146
v  9.7572 9.6328 -25.9267
v  16.1469 35.7896 -26.1025
v  13.8020 37.3603 -28.7160
v  16.1308 35.7104 -26.1312
v  13.7871 37.2766 -28.7366
v  18.0202 33.6850 -23.1485
v  18.0042 33.6111 -23.1858
v  10.7845 38.6491 -30.8267
v  7.2716 39.5905 -32.2847
v  10.7727 38.5618 -30.8400
v  7.2636 39.5008 -32.2923
v  7.6004 10.4005 -26.6961
v  7.6286 10.4687 -26.7181
v  5.1537 10.9811 -27.2058
v  5.1720 11.0505 -27.2353
v  2.3823 11.3846 -27.5596
v  2.3544 11.3212 -27.3482
v  2.3911 11.4547 -27.5932
v  19.6232 30.7945 -20.0164
v  19.6083 30.7266 -20.0621
v  14.1731 5.5437 -22.2623
v  14.2208 5.5957 -22.2422
v  16.4341 0.7489 -19.1488
v  16.6168 -0.4193 -18.5311
v  16.4749 0.7836 -19.0993
v  16.6553 -0.3884 -18.4784
v  22.4743 16.4960 -9.6312
v  22.4628 16.4507 -9.6979
v  22.6616 12.6296 -7.4596
v  22.6490 12.5893 -7.5293
v  22.6677 -2.3578 -0.7276
v  22.7345 -1.1393 -1.1007
v  22.6585 -2.3515 -0.8046
v  22.7226 -1.1494 -1.1780
v  22.5845 -2.7553 -0.7299
v  22.5780 -2.7337 -0.8051
v  16.4444 -3.4885 -16.9665
v  16.4196 -3.5927 -16.8010
v  16.4806 -3.4623 -16.9143
v  16.4562 -3.5616 -16.7553
v  16.4944 -3.3204 -17.0939
v  16.5310 -3.2999 -17.0370
v  16.7126 -1.4946 -17.9813
v  16.7133 -2.3775 -17.5450
v  16.7496 -1.4668 -17.9267
v  16.7496 -2.3527 -17.4891
v  22.7966 8.8455 -5.4713
v  22.7829 8.8107 -5.5435
v  22.8558 5.1629 -3.6963
v  22.8416 5.1345 -3.7708
v  15.7818 3.0179 -20.5081
v  15.1436 4.1692 -21.3013
v  16.2170 1.9452 -19.8324
v  21.7445 23.9242 -14.3922
v  22.2374 20.2869 -11.9891
v  20.9370 27.4055 -17.0362
v  11.5616 8.4327 -24.8175
v  9.7610 9.5922 -25.9939
v  13.0482 7.0558 -23.5073
v  16.1976 35.7379 -26.1618
v  18.0782 33.6372 -23.2022
v  13.8435 37.3055 -28.7812
v  10.8154 38.5914 -30.8965
v  7.2914 39.5309 -32.3578
v  7.6298 10.4210 -26.7820
v  5.1716 10.9973 -27.2963
v  3.4492 40.0590 -33.0155
v  3.4355 40.0284 -32.9446
v  19.6865 30.7514 -20.0666
v  14.2372 5.5749 -22.3182
v  16.5142 0.7752 -19.1684
v  16.6985 -0.3974 -18.5450
v  22.5422 16.4727 -9.6817
v  22.7272 12.6109 -7.5136
v  22.7325 -2.3662 -0.7918
v  22.6482 -2.7607 -0.7959
v  22.7989 -1.1506 -1.1638
v  16.5352 -3.4943 -16.9666
v  16.5840 -3.3252 -17.0939
v  16.5108 -3.5973 -16.8028
v  16.7957 -1.4781 -17.9910
v  16.7984 -2.3675 -17.5512
v  22.8607 8.8308 -5.5286
v  22.9191 5.1508 -3.7564
v  22.8161 1.6011 -2.1649
v  22.8027 1.5802 -2.2412
v  22.8798 1.5894 -2.2267
v  16.6996 -2.9664 -17.2704
v  16.6485 -2.9469 -17.2106
v  16.6122 -2.9680 -17.2680
v  16.3765 -3.7534 -16.5125
v  16.3414 -3.8957 -16.1902
v  16.4158 -3.7251 -16.4726
v  22.4537 -3.0330 -0.7923
v  22.4499 -3.0039 -0.8641
v  22.5136 -3.0376 -0.8610
v  22.3015 -3.2047 -1.0613
v  16.4688 -3.7580 -16.5166
v  16.3422 -3.9446 -15.9235
v  16.2006 -3.9629 -15.8485
v  16.7393 -3.9074 -14.8580
v  21.9864 -3.2701 -1.4709
v  22.0798 -3.3135 -1.4919
v  21.4512 -3.3254 -2.6847
v  21.5851 -3.3589 -2.6830
v  18.4483 -3.8446 -12.3744
v  19.9081 -3.6841 -8.8519
v  19.5499 -3.6597 -8.7218
v  18.1183 -3.8204 -12.2317
v  17.2176 -3.9615 -15.0651
v  16.7233 -4.0000 -16.0334
v  2.3972 11.3684 -27.8124
v  2.4273 11.5136 -28.1524
v  2.2995 11.3965 -26.7561
v  2.7298 36.1793 -28.5229
v  2.5974 31.3364 -27.4156
v  2.9587 38.9393 -29.9056
v  3.4393 40.1189 -32.9405
v  2.3907 11.3990 -27.6517
v  22.2328 -3.3365 -1.6117
v  21.8956 -3.3831 -2.7262
v  21.3127 -3.2913 -1.1598
v  20.6779 -3.3367 -2.4317
v  21.0892 -3.5146 -5.3877
v  20.7237 -3.4901 -5.3159
v  19.8357 -3.4655 -5.0649
v  20.2244 -3.4740 -5.1781
v  15.8535 -3.9497 -15.5874
v  17.9867 -3.7950 -12.1745
v  17.9470 -3.7812 -12.1585
v  19.4099 -3.6338 -8.6738
v  19.3657 -3.6197 -8.6630
v  20.5788 -3.4619 -5.2981
v  20.5238 -3.4462 -5.2912
v  20.4300 -3.4589 -5.2523
v  19.2940 -3.6307 -8.6449
v  17.8932 -3.7915 -12.1393
v  -21.2524 -0.2666 -0.8889
v  -20.8607 -0.4938 -4.7686
v  -20.9000 -1.3810 -4.7167
v  -21.3116 -1.1541 -0.8305
v  -21.3047 -0.0395 3.0517
v  -21.3818 -0.9272 3.1087
v  -20.7809 0.9570 3.0340
v  -20.7214 0.7310 -0.8423
v  -20.3308 0.5047 -4.6657
v  -20.1504 -0.7354 -8.9013
v  -19.6281 0.2641 -8.7336
v  -19.0285 -0.9664 -12.8585
v  -18.5265 0.0344 -12.6235
v  -19.0285 -1.8527 -12.8135
v  -20.1687 -1.6221 -8.8542
v  -17.4019 -1.1618 -16.2117
v  -16.9376 -0.1593 -15.9127
v  -15.2565 -1.3217 -18.9585
v  -14.8476 -0.3174 -18.6050
v  -15.2390 -2.2069 -18.9090
v  -17.3901 -2.0476 -16.1653
v  -12.5778 -1.4461 -21.0966
v  -12.2433 -0.4401 -20.7039
v  -9.6584 -1.5322 -22.5780
v  -9.4070 -0.5248 -22.1609
v  -9.6439 -2.4167 -22.5238
v  -12.5599 -2.3309 -21.0445
v  -6.7917 -1.5773 -23.3543
v  -6.6216 -0.5690 -22.9272
v  -3.8372 -1.5968 -23.6902
v  -3.7479 -0.5879 -23.2614
v  -3.8326 -2.4811 -23.6345
v  -6.7822 -2.4616 -23.2990
v  -20.9957 0.2021 7.3668
v  -21.0892 -0.6860 7.4051
v  -20.1462 0.4331 11.4975
v  -20.2507 -0.4554 11.5149
v  -19.6732 1.4258 11.3002
v  -20.4899 1.1969 7.2606
v  -18.5760 0.6285 14.8844
v  -18.6836 -0.2606 14.8942
v  -16.3319 0.7885 17.5992
v  -16.4345 -0.1012 17.6074
v  -15.9824 1.7767 17.2747
v  -18.1564 1.6189 14.6154
v  -13.4613 0.9128 19.7131
v  -13.5502 0.0228 19.7188
v  -10.1311 1.0005 21.2047
v  -10.1986 0.1101 21.2076
v  -9.9483 1.9864 20.8101
v  -13.1935 1.8996 19.3468
v  -6.5098 1.0501 22.0524
v  -6.5491 0.1596 22.0530
v  -2.9747 1.0725 22.4365
v  -2.9835 0.1819 22.4356
v  -2.9408 2.0583 22.0222
v  -6.4060 2.0358 21.6435
v  -0.6542 -1.6061 -23.8502
v  -0.6538 -2.4903 -23.7944
v  -0.6474 -0.5971 -23.4220
v  2.5597 -0.5932 -23.3549
v  2.6375 -1.6021 -23.7803
v  2.6337 -2.4863 -23.7247
v  20.4815 -0.2666 -0.8888
v  20.5547 -1.1540 -0.8305
v  20.1046 -1.3809 -4.7167
v  20.0535 -0.4938 -4.7686
v  19.9482 0.7310 -0.8485
v  19.5255 0.5047 -4.6741
v  20.0615 0.9570 3.0297
v  20.5929 -0.0394 3.0517
v  20.6875 -0.9271 3.1087
v  19.3352 -0.7354 -8.9013
v  18.8179 0.2641 -8.7444
v  19.3626 -1.6221 -8.8542
v  18.2468 -1.8526 -12.8135
v  18.2396 -0.9663 -12.8586
v  17.7429 0.0344 -12.6363
v  16.6805 -1.1618 -16.2117
v  16.2193 -0.1593 -15.9266
v  16.6737 -2.0475 -16.1653
v  14.6114 -2.2069 -18.9090
v  14.6255 -1.3217 -18.9585
v  14.2170 -0.3174 -18.6189
v  12.0426 -1.4461 -21.0966
v  11.7050 -0.4401 -20.7165
v  12.0270 -2.3309 -21.0445
v  9.0752 -2.4177 -22.5418
v  9.0885 -1.5333 -22.5960
v  8.8337 -0.5259 -22.1891
v  5.9193 -1.5815 -23.4264
v  5.7526 -0.5732 -23.0062
v  5.9105 -2.4658 -23.3712
v  20.3629 0.2021 7.3670
v  20.4765 -0.6860 7.4051
v  19.8414 1.1969 7.2581
v  19.0979 1.4258 11.2991
v  19.5938 0.4331 11.4977
v  19.7216 -0.4554 11.5150
v  18.0878 0.6286 14.8848
v  18.2217 -0.2605 14.8944
v  17.6399 1.6189 14.6152
v  15.5087 1.7767 17.2751
v  15.8905 0.7885 17.5996
v  16.0217 -0.1012 17.6076
v  13.0474 0.9128 19.7136
v  13.1664 0.0228 19.7190
v  12.7449 1.8996 19.3474
v  9.5848 1.9858 20.8007
v  9.8045 0.9999 21.1949
v  9.9041 0.1095 21.1976
v  6.4087 1.0477 22.0119
v  6.4823 0.1572 22.0124
v  6.2641 2.0335 21.6036
v  3.0155 2.0553 21.9720
v  3.0941 1.0695 22.3857
v  3.1399 0.1789 22.3848
v  0.0362 -2.3686 13.7112
v  0.1019 -2.1812 16.9238
v  -2.6665 -2.1853 16.8526
v  -2.7164 -2.3709 13.6711
v  -0.0458 -2.5855 9.9909
v  -2.8217 -2.5861 9.9809
v  2.6989 -2.5864 9.9753
v  2.7393 -2.3722 13.6487
v  2.8053 -2.1876 16.8127
v  0.0965 1.0783 22.5374
v  0.0736 2.0642 22.1216
v  0.1156 0.1877 22.5361
v  -7.2414 3.9762 -9.9730
v  -5.7484 4.0321 -10.0922
v  -5.8308 3.7671 -11.9736
v  -7.2334 3.7600 -11.6117
v  -8.5560 3.8715 -10.0230
v  -8.2199 3.7437 -11.2797
v  -8.9855 4.0375 -8.1043
v  -7.4314 4.1833 -7.9693
v  -5.8056 4.2754 -7.9755
v  -18.1320 -3.2073 -0.7016
v  -18.1934 -2.9970 2.9169
v  -19.5969 -2.9274 3.0304
v  -19.5171 -3.1445 -0.7056
v  -17.7727 -3.4175 -4.3246
v  -19.1238 -3.3616 -4.4466
v  -15.6174 -3.4115 -4.2200
v  -15.9184 -3.2073 -0.7013
v  -15.9683 -3.0031 2.8132
v  -17.1337 -3.6360 -8.0936
v  -18.4376 -3.5895 -8.3781
v  -16.1713 -3.8380 -11.5815
v  -17.3935 -3.8034 -12.0716
v  -14.2853 -3.8154 -11.1909
v  -15.0799 -3.6216 -7.8452
v  -14.8418 -3.9988 -14.3614
v  -15.9275 -3.9786 -15.0984
v  -13.1161 -4.1250 -16.5438
v  -14.0163 -4.1186 -17.5209
v  -12.3127 -4.0746 -15.6718
v  -13.2111 -3.9705 -13.8711
v  -10.9653 -4.2229 -18.2393
v  -11.6375 -4.2273 -19.4017
v  -8.5819 -4.2910 -19.4172
v  -9.0260 -4.3024 -20.7034
v  -8.2443 -4.1785 -17.4700
v  -10.5473 -4.1241 -16.5293
v  -6.1584 -4.3274 -20.0473
v  -6.4171 -4.3420 -21.3888
v  -3.5545 -4.3437 -20.3314
v  -3.6694 -4.3594 -21.6893
v  -3.4367 -4.2218 -18.2198
v  -5.9288 -4.2080 -17.9821
v  -0.6298 -4.3518 -20.4715
v  -0.6401 -4.3679 -21.8365
v  2.3987 -4.3487 -20.4166
v  2.4952 -4.3645 -21.7775
v  2.3251 -4.2259 -18.2920
v  -0.6046 -4.2286 -18.3376
v  5.3135 -4.3313 -20.1155
v  5.5607 -4.3461 -21.4594
v  8.0315 -4.2919 -19.4343
v  8.4675 -4.3035 -20.7211
v  7.7030 -4.1793 -17.4844
v  5.1094 -4.2114 -18.0398
v  10.4698 -4.2229 -18.2393
v  11.1271 -4.2273 -19.4017
v  12.5591 -4.1250 -16.5438
v  13.4327 -4.1186 -17.5209
v  11.7775 -4.0746 -15.6718
v  10.0597 -4.1241 -16.5293
v  14.2296 -3.9988 -14.3614
v  15.2767 -3.9786 -15.0984
v  15.5212 -3.8379 -11.5815
v  16.6962 -3.8034 -12.0716
v  13.6963 -3.8154 -11.1909
v  12.6492 -3.9704 -13.8711
v  16.4726 -3.6360 -8.0936
v  17.7265 -3.5895 -8.3781
v  17.1246 -3.4175 -4.3246
v  18.4273 -3.3616 -4.4466
v  15.0326 -3.4114 -4.2200
v  14.4840 -3.6216 -7.8452
v  17.5171 -3.2073 -0.7016
v  18.8580 -3.1445 -0.7056
v  17.6273 -2.9970 2.9169
v  18.9941 -2.9274 3.0304
v  15.4503 -3.0031 2.8132
v  15.3610 -3.2073 -0.7013
v  17.4328 -2.7786 6.6722
v  18.8107 -2.6995 6.9469
v  16.8068 -2.5766 10.1413
v  18.1465 -2.4856 10.6192
v  14.7690 -2.5992 9.7543
v  15.2813 -2.7929 6.4260
v  15.6231 -2.4157 12.9011
v  16.8407 -2.3104 13.6227
v  13.8897 -2.2896 15.0642
v  14.9124 -2.1704 16.0226
v  12.9616 -2.3400 14.2007
v  13.8275 -2.4441 12.4159
v  11.6161 -2.1916 16.7432
v  12.3825 -2.0617 17.8841
v  8.9268 -2.1227 17.9245
v  9.4318 -1.9856 19.1871
v  8.5083 -2.2353 15.9959
v  11.0870 -2.2904 15.0508
v  5.9471 -2.0836 18.5943
v  6.2405 -1.9434 19.9117
v  2.9312 -2.0649 18.9144
v  3.0602 -1.9238 20.2480
v  5.6778 -2.2033 16.5433
v  0.1324 -2.0572 19.0464
v  0.1423 -1.9157 20.3865
v  -2.7374 -2.0622 18.9618
v  -2.8492 -1.9209 20.2974
v  -5.9666 -2.0814 18.6322
v  -6.2489 -1.9411 19.9512
v  -9.1648 -2.1221 17.9339
v  -9.6653 -1.9851 19.1970
v  -8.7616 -2.2348 16.0038
v  -5.7320 -2.2015 16.5752
v  -11.9415 -2.1916 16.7432
v  -12.7068 -2.0617 17.8841
v  -14.2433 -2.2896 15.0642
v  -15.2676 -2.1704 16.0226
v  -13.3171 -2.3400 14.2007
v  -11.4223 -2.2904 15.0508
v  -16.0160 -2.4157 12.9011
v  -17.2417 -2.3104 13.6227
v  -17.2508 -2.5766 10.1413
v  -18.6073 -2.4856 10.6192
v  -15.1894 -2.5992 9.7544
v  -14.2075 -2.4441 12.4159
v  -17.9382 -2.7786 6.6722
v  -19.3432 -2.6995 6.9469
v  -15.7509 -2.7929 6.4260
v  -15.5209 3.5029 -0.3573
v  -15.1424 3.3037 -3.6432
v  -16.9651 2.6792 -3.9446
v  -17.3756 2.8916 -0.4456
v  -15.6097 3.7002 2.9341
v  -17.4736 3.1031 3.0681
v  -11.9129 4.4949 2.6106
v  -11.8382 4.3278 -0.3057
v  -13.6959 3.9802 -0.3152
v  -13.7783 4.1622 2.7723
v  -11.5623 4.1505 -3.2220
v  -13.3625 3.7937 -3.4013
v  -15.3732 3.8905 6.1267
v  -17.2215 3.3124 6.5727
v  -14.7583 4.0652 9.0605
v  -16.5310 3.5075 9.8440
v  -11.3991 4.7753 7.8561
v  -11.7699 4.6458 5.3805
v  -13.5822 4.3335 5.7276
v  -13.0753 4.4873 8.4036
v  -13.7150 4.2165 11.5852
v  -15.3225 3.6763 12.6526
v  -12.2200 4.3406 13.6313
v  -13.5838 3.8150 14.9398
v  -10.7937 4.8794 9.9043
v  -12.2250 4.6179 10.6718
v  -10.9951 4.7234 12.4604
v  -9.9125 4.9584 11.4182
v  -10.2798 4.4376 15.1976
v  -11.3464 3.9232 16.7107
v  -7.9647 4.5085 16.3253
v  -8.7067 4.0013 17.9812
v  -8.5289 5.0291 12.3792
v  -9.3338 4.8076 13.7753
v  -7.2945 4.8712 14.7144
v  -6.7211 5.0879 13.0648
v  -5.3974 4.5553 17.0625
v  -5.8090 4.0509 18.7839
v  -2.7275 4.5811 17.4667
v  -2.8633 4.0771 19.2039
v  -4.6318 5.1311 13.5371
v  -4.9915 4.9149 15.3386
v  -2.5555 4.9398 15.6893
v  -2.3930 5.1570 13.8113
v  -0.0683 4.5888 17.5894
v  -0.0298 4.0847 19.3258
v  2.5551 4.5799 17.4534
v  2.7569 4.0756 19.1819
v  2.1481 5.1552 13.8025
v  -0.1091 5.1650 13.8976
v  -0.0912 4.9474 15.7978
v  2.3430 4.9385 15.6790
v  5.1331 4.5536 17.0452
v  5.5775 4.0493 18.7604
v  7.5939 4.5066 16.3119
v  8.3382 4.0001 17.9679
v  6.3271 5.0840 13.0527
v  4.3190 5.1280 13.5242
v  4.7020 4.9126 15.3240
v  6.9130 4.8685 14.7015
v  9.8236 4.4357 15.1889
v  10.8875 3.9222 16.7044
v  11.7065 4.3387 13.6247
v  13.0722 3.8141 14.9353
v  9.4036 4.9538 11.4102
v  8.0658 5.0248 12.3698
v  8.8745 4.8045 13.7659
v  10.4824 4.7202 12.4528
v  13.1611 4.2145 11.5772
v  14.7694 3.6754 12.6468
v  14.1712 4.0632 9.0483
v  15.9370 3.5066 9.8343
v  10.2577 4.8745 9.8951
v  11.6772 4.6144 10.6629
v  12.5008 4.4837 8.3905
v  10.8437 4.7701 7.8433
v  14.7549 3.8884 6.1078
v  16.5852 3.3115 6.5568
v  14.9639 3.6983 2.9066
v  16.7980 3.1024 3.0443
v  11.1969 4.6405 5.3619
v  12.9852 4.3299 5.7080
v  13.1615 4.1587 2.7444
v  11.3251 4.4896 2.5848
v  14.8544 3.5010 -0.3946
v  16.6698 2.8909 -0.4784
v  14.4653 3.3020 -3.6907
v  16.2434 2.6785 -3.9871
v  11.2389 4.3226 -0.3400
v  13.0646 3.9768 -0.3527
v  12.7247 3.7904 -3.4487
v  10.9577 4.1454 -3.2651
v  13.8165 3.1066 -6.8800
v  15.5354 2.4666 -7.4636
v  12.9066 2.9241 -9.8120
v  14.5267 2.2677 -10.7095
v  9.8988 3.7946 -8.5293
v  10.5034 3.9659 -6.0440
v  12.1620 3.6062 -6.4107
v  11.3876 3.4336 -9.0944
v  11.7256 2.7644 -12.3438
v  13.1916 2.0951 -13.5180
v  10.2596 2.6337 -14.4033
v  11.5135 1.9535 -15.8220
v  8.2676 3.5305 -12.1101
v  9.1618 3.6442 -10.5874
v  10.4012 3.2826 -11.3731
v  9.1797 3.1622 -13.1734
v  8.4995 2.5342 -15.9816
v  9.4963 1.8442 -17.6105
v  6.4770 2.4633 -17.1137
v  7.2002 1.7667 -18.8891
v  5.4245 3.4401 -13.7622
v  7.0122 3.4745 -13.0767
v  7.6691 3.0774 -14.4970
v  5.8826 3.0190 -15.4379
v  4.2511 2.4178 -17.8445
v  4.7077 1.7188 -19.6849
v  1.8967 2.3938 -18.2338
v  2.0992 1.6948 -20.0868
v  1.5953 3.4078 -14.4888
v  3.5904 3.4187 -14.2272
v  3.8769 2.9816 -16.0551
v  1.7258 2.9616 -16.3920
v  -0.4997 2.3873 -18.3392
v  -0.5390 1.6887 -20.1869
v  -2.8503 2.3962 -18.1907
v  -3.1143 1.6977 -20.0294
v  -0.4650 3.4054 -14.5617
v  -0.4799 2.9564 -16.4852
v  -2.6463 2.9642 -16.3549
v  -2.4891 3.4105 -14.4567
v  -5.0900 2.4214 -17.7772
v  -5.5595 1.7221 -19.6087
v  -7.1949 2.4668 -17.0396
v  -7.8918 1.7691 -18.8179
v  -4.3938 3.4235 -14.1730
v  -4.6997 2.9858 -15.9937
v  -6.5979 3.0238 -15.3666
v  -6.1272 3.4459 -13.6979
v  -9.1446 2.5373 -15.9074
v  -10.1208 1.8458 -17.5432
v  -10.8860 2.6364 -14.3303
v  -12.1464 1.9547 -15.7553
v  -7.6416 3.4806 -13.0097
v  -8.3099 3.0821 -14.4238
v  -9.7912 3.1666 -13.1012
v  -8.8638 3.5365 -12.0434
v  -12.3646 2.7668 -12.2736
v  -13.8584 2.0961 -13.4533
v  -13.5666 2.9262 -9.7470
v  -15.2283 2.2686 -10.6497
v  -9.7534 3.6500 -10.5237
v  -11.0138 3.2867 -11.3039
v  -12.0129 3.4373 -9.0303
v  -10.4965 3.8000 -8.4708
v  -14.4909 3.1084 -6.8229
v  -16.2560 2.4673 -7.4116
v  -11.1073 3.9711 -5.9925
v  -12.7975 3.6097 -6.3541
v  -20.4189 -2.9562 -0.7171
v  -20.5082 -2.7346 3.0942
v  -20.9518 -2.5796 -0.7403
v  -21.0423 -2.3552 3.1227
v  -20.5265 -2.8040 -4.6005
v  -20.0035 -3.1778 -4.5338
v  -0.6466 -4.2315 -22.7369
v  -3.7445 -4.2227 -22.5841
v  -0.6504 -3.8870 -23.2936
v  -3.7910 -3.8780 -23.1368
v  2.5982 -3.8832 -23.2269
v  2.5589 -4.2279 -22.6737
v  -6.5861 -4.2045 -22.2690
v  -9.3140 -4.1626 -21.5433
v  -6.6895 -3.8591 -22.8105
v  -9.4891 -3.8156 -22.0576
v  -19.2837 -3.4119 -8.5695
v  -19.7876 -3.0418 -8.6968
v  -18.6539 -3.2681 -12.5989
v  -18.1831 -3.6335 -12.3946
v  -16.6271 -3.8179 -15.5793
v  -17.0448 -3.4580 -15.8767
v  -14.9433 -3.6125 -18.5456
v  -14.5962 -3.9669 -18.1564
v  -12.0712 -4.0826 -20.1584
v  -12.3325 -3.7325 -20.6209
v  -20.2499 -2.5005 7.1138
v  -19.4767 -2.2789 10.9159
v  -20.7748 -2.1174 7.2272
v  -19.9734 -1.8911 11.1302
v  -6.4262 -1.7019 20.7970
v  -2.9209 -1.6809 21.1579
v  -6.5216 -1.2941 21.3510
v  -2.9617 -1.2724 21.7232
v  -10.1479 -1.3421 20.5291
v  -9.9792 -1.7483 20.0023
v  -13.1882 -1.8298 18.6074
v  -13.4502 -1.4267 19.0831
v  -16.2727 -1.5467 17.0304
v  -15.9145 -1.9455 16.6267
v  -18.0214 -2.0946 14.0749
v  -18.4597 -1.7012 14.3887
v  19.7273 -2.9562 -0.7171
v  19.2715 -3.1778 -4.5338
v  20.2351 -2.5796 -0.7403
v  19.7681 -2.8040 -4.6005
v  20.3884 -2.3552 3.1227
v  19.8772 -2.7346 3.0942
v  18.5364 -3.4119 -8.5695
v  17.4522 -3.6335 -12.3946
v  19.0147 -3.0418 -8.6968
v  17.9001 -3.2681 -12.5989
v  15.9500 -3.8179 -15.5793
v  13.9942 -3.9669 -18.1564
v  16.3498 -3.4580 -15.8767
v  14.3295 -3.6125 -18.5456
v  11.5517 -4.0826 -20.1584
v  8.7509 -4.1636 -21.5612
v  11.8069 -3.7325 -20.6209
v  8.9233 -3.8166 -22.0756
v  5.7224 -4.2086 -22.3407
v  5.8216 -3.8633 -22.8826
v  19.6957 -2.5005 7.1138
v  20.2015 -2.1174 7.2272
v  19.4817 -1.8911 11.1302
v  19.0006 -2.2789 10.9158
v  17.6105 -2.0945 14.0749
v  18.0367 -1.7012 14.3887
v  15.9012 -1.5467 17.0305
v  15.5540 -1.9455 16.6267
v  12.8597 -1.8298 18.6074
v  13.1111 -1.4267 19.0831
v  9.9010 -1.3427 20.5190
v  9.7431 -1.7489 19.9923
v  6.4194 -1.7043 20.7567
v  6.5052 -1.2965 21.3105
v  3.1700 -1.2754 21.6725
v  3.1372 -1.6838 21.1075
v  0.1453 -1.6754 21.2513
v  0.1419 -1.2667 21.8203
v  -21.2303 -1.9520 -0.7795
v  -21.3139 -1.7259 3.1299
v  -20.8069 -2.1780 -4.6611
v  -0.6527 -3.2786 -23.6275
v  -3.8189 -3.2694 -23.4685
v  2.6218 -3.2747 -23.5587
v  -6.7516 -3.2502 -23.1358
v  -9.5932 -3.2057 -22.3674
v  -20.0653 -2.4181 -8.7889
v  -18.9198 -2.6472 -12.7328
v  -17.2852 -2.8404 -16.0628
v  -15.1459 -2.9982 -18.7839
v  -12.4866 -3.1208 -20.9011
v  -21.0350 -1.4859 7.3414
v  -20.2122 -1.2567 11.3612
v  -6.5578 -0.6477 21.7945
v  -2.9808 -0.6256 22.1735
v  -10.2127 -0.6967 20.9566
v  -13.5586 -0.7831 19.4812
v  -16.4307 -0.9058 17.3876
v  -18.6626 -1.0635 14.6954
v  20.4918 -1.9520 -0.7795
v  20.0275 -2.1780 -4.6611
v  20.6390 -1.7259 3.1299
v  19.2730 -2.4181 -8.7889
v  18.1492 -2.6472 -12.7328
v  16.5771 -2.8404 -16.0628
v  14.5241 -2.9982 -18.7839
v  11.9568 -3.1208 -20.9011
v  9.0256 -3.2068 -22.3855
v  5.8811 -3.2544 -23.2080
v  20.4426 -1.4858 7.3414
v  19.7033 -1.2567 11.3612
v  18.2224 -1.0635 14.6955
v  16.0412 -0.9058 17.3877
v  13.2004 -0.7831 19.4813
v  9.9453 -0.6973 20.9466
v  6.5205 -0.6501 21.7538
v  3.1681 -0.6286 22.1227
v  0.1312 -0.6198 22.2728
v  -19.3851 1.8594 -0.5785
v  -18.9499 1.6358 -4.2570
v  -19.5091 2.0821 3.1308
v  -18.2198 1.3983 -8.1545
v  -17.1295 1.1725 -11.8640
v  -6.1138 0.5917 -21.6435
v  -3.4813 0.5745 -21.9743
v  -8.6613 0.6330 -20.9034
v  -11.2598 0.7135 -19.5126
v  -13.6604 0.8312 -17.5211
v  -15.6132 0.9838 -14.9789
v  -6.2042 3.1286 20.6775
v  -9.5882 3.0798 19.8860
v  -2.8687 3.1514 21.0392
v  -19.3062 2.3169 7.1203
v  -18.6069 2.5394 10.9142
v  -17.2428 2.7255 14.0364
v  -15.2462 2.8769 16.5460
v  -12.6484 2.9954 18.5024
v  -0.6260 0.5658 -22.1370
v  2.3273 0.5691 -22.0781
v  18.6317 1.8594 -0.6035
v  18.7992 2.0821 3.1134
v  18.1717 1.6358 -4.2907
v  17.4389 1.3983 -8.1977
v  16.3731 1.1725 -11.9154
v  14.9132 0.9838 -15.0346
v  13.0348 0.8312 -17.5767
v  10.7140 0.7135 -19.5630
v  8.0784 0.6319 -20.9623
v  5.2559 0.5874 -21.7436
v  18.6531 2.3169 7.1098
v  18.0130 2.5395 10.9089
v  16.6977 2.7255 14.0344
v  14.7369 2.8769 16.5459
v  12.1616 2.9954 18.5031
v  9.1835 3.0792 19.8770
v  6.0139 3.1264 20.6386
v  2.8889 3.1486 20.9902
v  0.0454 3.1575 21.1336
v  -10.0094 4.7323 2.4808
v  -9.9430 4.5773 -0.3115
v  -9.7324 4.4035 -3.1039
v  -9.7107 4.9658 7.4797
v  -9.9258 4.8630 5.1259
v  -9.1351 5.0675 10.6529
v  -9.4135 5.0366 9.3971
v  -6.3206 5.1923 11.3388
v  -7.9903 5.1308 10.9802
v  -2.2736 5.2710 11.8205
v  -4.3697 5.2408 11.6340
v  1.9928 5.2688 11.8130
v  -0.1293 5.2805 11.8808
v  5.9113 5.1874 11.3277
v  4.0306 5.2368 11.6228
v  8.6327 5.0620 10.6446
v  7.5218 5.1254 10.9708
v  9.1793 4.9593 7.4676
v  8.8974 5.0307 9.3878
v  9.4482 4.7257 2.4584
v  9.3796 4.8564 5.1094
v  9.1503 4.3972 -3.1408
v  9.3697 4.5708 -0.3409
v  8.4000 4.0309 -8.1555
v  8.8139 4.2132 -5.7938
v  7.6302 3.7368 -11.3409
v  7.9704 3.8646 -10.0800
v  5.1437 3.7610 -12.0289
v  6.6147 3.7531 -11.6709
v  1.5144 3.7682 -12.4941
v  3.4103 3.7651 -12.3180
v  -2.3785 3.7708 -12.4672
v  -0.4486 3.7703 -12.5433
v  -4.1908 3.7698 -12.2722
v  -9.3998 4.2196 -5.7494
v  -7.8938 5.1409 9.3376
v  -7.9620 5.1002 7.3306
v  -6.1497 5.2216 9.4498
v  -6.1211 5.2028 7.3253
v  -8.0334 4.7619 -0.3212
v  -7.8888 4.5856 -3.0439
v  -8.0868 4.9089 2.4019
v  -6.1562 5.0440 2.3678
v  -6.1237 4.9012 -0.3301
v  -6.0410 4.7190 -3.0270
v  -7.6729 4.3889 -5.6323
v  -5.9231 4.5065 -5.6062
v  -8.0521 5.0221 4.9915
v  -6.1447 5.1440 4.9503
v  -0.1541 5.3327 9.7389
v  -2.2133 5.3206 9.7028
v  1.8871 5.3180 9.6967
v  1.8204 5.3235 7.4224
v  -0.1846 5.3415 7.4452
v  -2.2026 5.3263 7.4276
v  -0.2201 5.3075 4.9792
v  -2.2198 5.2895 4.9734
v  1.7727 5.2868 4.9685
v  1.7277 5.2012 2.3555
v  -0.2586 5.2234 2.3602
v  -2.2446 5.2036 2.3608
v  -0.2975 5.0836 -0.3472
v  -2.2648 5.0634 -0.3430
v  1.6758 5.0614 -0.3497
v  1.6174 4.8690 -3.0538
v  -0.3357 4.8895 -3.0530
v  -2.2755 4.8707 -3.0450
v  -0.3708 4.6507 -5.6671
v  -2.2804 4.6350 -5.6518
v  1.5579 4.6334 -5.6638
v  1.5095 4.3676 -8.1126
v  -0.4021 4.3803 -8.1250
v  -2.2881 4.3693 -8.0964
v  -0.4280 4.0880 -10.4090
v  -2.3151 4.0827 -10.3598
v  1.4893 4.0805 -10.3811
v  3.8605 5.2779 9.5860
v  5.7186 5.2157 9.4394
v  5.6625 5.1963 7.3149
v  3.7777 5.2739 7.3688
v  3.7346 5.2289 4.9480
v  5.6538 5.1375 4.9386
v  5.6301 5.0377 2.3533
v  3.6926 5.1382 2.3498
v  3.6324 4.9978 -0.3502
v  5.5626 4.8954 -0.3486
v  5.4470 4.7136 -3.0507
v  3.5503 4.8099 -3.0498
v  3.4576 4.5836 -5.6468
v  5.3001 4.5012 -5.6362
v  5.1579 4.2699 -8.0130
v  3.3783 4.3312 -8.0657
v  3.3489 4.0605 -10.2810
v  5.0797 4.0262 -10.1383
v  7.4123 5.1345 9.3278
v  7.4631 5.0934 7.3194
v  7.5329 5.0150 4.9773
v  7.5470 4.9018 2.3834
v  7.4738 4.7551 -0.3452
v  7.3116 4.5790 -3.0741
v  7.0824 4.3825 -5.6694
v  6.8306 4.1767 -8.0136
v  6.6322 3.9693 -10.0247
v  -4.2336 5.2826 9.5957
v  -4.1935 5.2790 7.3775
v  -4.2000 5.2340 4.9568
v  -4.2118 5.1429 2.3600
v  -4.2061 5.0019 -0.3373
v  -4.1767 4.8135 -3.0330
v  -4.1321 4.5870 -5.6248
v  -4.0951 4.3348 -8.0369
v  -4.1004 4.0647 -10.2440
v  -0.4189 -3.6168 -7.7623
v  -3.2169 -3.6168 -7.7623
v  -3.2845 -3.8274 -11.3998
v  -0.4875 -3.8284 -11.4163
v  2.4311 -3.6168 -7.7623
v  2.3777 -3.8280 -11.4100
v  2.4872 -3.4094 -4.1849
v  -0.3483 -3.4094 -4.1849
v  -3.1483 -3.4094 -4.1849
v  -0.2769 -3.2073 -0.7007
v  -3.0773 -3.2073 -0.7007
v  2.5429 -3.2073 -0.7007
v  2.5978 -3.0051 2.7796
v  -0.2033 -3.0051 2.7796
v  -3.0010 -3.0051 2.7796
v  -0.1259 -2.7977 6.3453
v  -2.9163 -2.7977 6.3452
v  2.6505 -2.7977 6.3452
v  -0.5531 -4.0432 -15.1303
v  -3.3524 -4.0394 -15.0641
v  2.3304 -4.0417 -15.1048
v  -11.6791 -2.4291 12.6729
v  -8.7391 -2.3985 13.1974
v  -12.2059 -2.6006 9.7304
v  -8.8699 -2.5930 9.8620
v  -12.4958 -2.7977 6.3443
v  -8.9252 -2.7977 6.3448
v  -12.5904 -3.0051 2.7790
v  -8.9195 -3.0051 2.7793
v  -12.5301 -3.2073 -0.7011
v  -8.8665 -3.2073 -0.7009
v  -12.3245 -3.4094 -4.1851
v  -8.7715 -3.4094 -4.1850
v  -11.9839 -3.6168 -7.7624
v  -8.6388 -3.6168 -7.7624
v  -11.5028 -3.8139 -11.1663
v  -8.4717 -3.8214 -11.2956
v  -10.8749 -3.9854 -14.1301
v  -8.2737 -4.0153 -14.6471
v  10.3760 -3.9854 -14.1301
v  7.7415 -4.0157 -14.6552
v  10.9894 -3.8139 -11.1663
v  7.9521 -3.8215 -11.2976
v  11.4697 -3.6168 -7.7624
v  8.1398 -3.6168 -7.7624
v  11.8210 -3.4094 -4.1851
v  8.3000 -3.4094 -4.1850
v  12.0472 -3.2073 -0.7011
v  8.4270 -3.2073 -0.7009
v  12.1365 -3.0051 2.7790
v  8.5163 -3.0051 2.7793
v  12.0762 -2.7977 6.3443
v  8.5621 -2.7977 6.3448
v  11.8206 -2.6006 9.7304
v  8.5472 -2.5930 9.8609
v  11.3232 -2.4291 12.6729
v  8.4557 -2.3988 13.1930
v  -5.6969 -2.3800 13.5150
v  -5.7526 -2.5883 9.9417
v  -5.7907 -2.7977 6.3451
v  -5.8147 -3.0051 2.7795
v  -5.8281 -3.2073 -0.7008
v  -5.8342 -3.4094 -4.1850
v  -5.8365 -3.6168 -7.7623
v  -5.8392 -3.8255 -11.3665
v  -5.8460 -4.0317 -14.9308
v  5.0774 -4.0335 -14.9633
v  5.1365 -3.8260 -11.3746
v  5.2055 -3.6168 -7.7623
v  5.2792 -3.4094 -4.1850
v  5.3516 -3.2073 -0.7008
v  5.4203 -3.0051 2.7795
v  5.4832 -2.7977 6.3451
v  5.5347 -2.5886 9.9372
v  5.5698 -2.3811 13.4971
# 4746 vertices

vt 0.0669 0.9857 0.0000
vt 0.0749 0.9871 0.0000
vt 0.0749 0.9877 0.0000
vt 0.0668 0.9863 0.0000
vt 0.0589 0.9850 0.0000
vt 0.0589 0.9856 0.0000
vt 0.0590 0.9818 0.0000
vt 0.0670 0.9825 0.0000
vt 0.0751 0.9839 0.0000
vt 0.0512 0.9852 0.0000
vt 0.0511 0.9857 0.0000
vt 0.0436 0.9860 0.0000
vt 0.0436 0.9865 0.0000
vt 0.0438 0.9827 0.0000
vt 0.0513 0.9819 0.0000
vt 0.0361 0.9873 0.0000
vt 0.0361 0.9879 0.0000
vt 0.0285 0.9889 0.0000
vt 0.0285 0.9895 0.0000
vt 0.0287 0.9857 0.0000
vt 0.0363 0.9841 0.0000
vt 0.0205 0.9905 0.0000
vt 0.0205 0.9910 0.0000
vt 0.0136 0.9916 0.0000
vt 0.0136 0.9922 0.0000
vt 0.0138 0.9884 0.0000
vt 0.0207 0.9872 0.0000
vt 0.1129 0.9971 0.0000
vt 0.1193 0.9979 0.0000
vt 0.1192 0.9984 0.0000
vt 0.1129 0.9976 0.0000
vt 0.1055 0.9957 0.0000
vt 0.1054 0.9962 0.0000
vt 0.1056 0.9925 0.0000
vt 0.1130 0.9939 0.0000
vt 0.1193 0.9947 0.0000
vt 0.0982 0.9937 0.0000
vt 0.0981 0.9943 0.0000
vt 0.0907 0.9914 0.0000
vt 0.0906 0.9920 0.0000
vt 0.0908 0.9882 0.0000
vt 0.0983 0.9905 0.0000
vt 0.0829 0.9891 0.0000
vt 0.0829 0.9897 0.0000
vt 0.0830 0.9859 0.0000
vt 0.7638 0.4620 0.0000
vt 0.7647 0.4640 0.0000
vt 0.7627 0.4659 0.0000
vt 0.7617 0.4642 0.0000
vt 0.7613 0.4612 0.0000
vt 0.7603 0.4629 0.0000
vt 0.7616 0.4592 0.0000
vt 0.7634 0.4600 0.0000
vt 0.7649 0.4606 0.0000
vt 0.7643 0.4598 0.0000
vt 0.7662 0.4606 0.0000
vt 0.7660 0.4615 0.0000
vt 0.7666 0.4629 0.0000
vt 0.7598 0.4756 0.0000
vt 0.7580 0.4794 0.0000
vt 0.7525 0.4754 0.0000
vt 0.7557 0.4725 0.0000
vt 0.7611 0.4728 0.0000
vt 0.7580 0.4704 0.0000
vt 0.7648 0.4741 0.0000
vt 0.7646 0.4773 0.0000
vt 0.7645 0.4816 0.0000
vt 0.7527 0.4684 0.0000
vt 0.7486 0.4698 0.0000
vt 0.7466 0.4634 0.0000
vt 0.7509 0.4636 0.0000
vt 0.7557 0.4673 0.0000
vt 0.7544 0.4635 0.0000
vt 0.7507 0.4584 0.0000
vt 0.7465 0.4569 0.0000
vt 0.7482 0.4506 0.0000
vt 0.7520 0.4534 0.0000
vt 0.7542 0.4596 0.0000
vt 0.7552 0.4556 0.0000
vt 0.7547 0.4491 0.0000
vt 0.7517 0.4454 0.0000
vt 0.7554 0.4416 0.0000
vt 0.7578 0.4459 0.0000
vt 0.7574 0.4521 0.0000
vt 0.7599 0.4496 0.0000
vt 0.7843 0.4578 0.0000
vt 0.7893 0.4574 0.0000
vt 0.7894 0.4597 0.0000
vt 0.7844 0.4598 0.0000
vt 0.7799 0.4583 0.0000
vt 0.7800 0.4600 0.0000
vt 0.7794 0.4572 0.0000
vt 0.7839 0.4564 0.0000
vt 0.7889 0.4558 0.0000
vt 0.7838 0.4641 0.0000
vt 0.7887 0.4646 0.0000
vt 0.7867 0.4704 0.0000
vt 0.7821 0.4690 0.0000
vt 0.7796 0.4636 0.0000
vt 0.7783 0.4676 0.0000
vt 0.7790 0.4731 0.0000
vt 0.7830 0.4756 0.0000
vt 0.7777 0.4795 0.0000
vt 0.7748 0.4761 0.0000
vt 0.7759 0.4709 0.0000
vt 0.7726 0.4732 0.0000
vt 0.7698 0.4775 0.0000
vt 0.7713 0.4816 0.0000
vt 0.7687 0.4743 0.0000
vt 0.7625 0.4699 0.0000
vt 0.7603 0.4682 0.0000
vt 0.7641 0.4672 0.0000
vt 0.7654 0.4685 0.0000
vt 0.7651 0.4709 0.0000
vt 0.7587 0.4660 0.0000
vt 0.7578 0.4633 0.0000
vt 0.7578 0.4604 0.0000
vt 0.7585 0.4576 0.0000
vt 0.7602 0.4551 0.0000
vt 0.7620 0.4533 0.0000
vt 0.7626 0.4575 0.0000
vt 0.7632 0.4557 0.0000
vt 0.7755 0.4593 0.0000
vt 0.7756 0.4605 0.0000
vt 0.7714 0.4604 0.0000
vt 0.7716 0.4612 0.0000
vt 0.7710 0.4599 0.0000
vt 0.7750 0.4585 0.0000
vt 0.7754 0.4631 0.0000
vt 0.7746 0.4660 0.0000
vt 0.7717 0.4630 0.0000
vt 0.7722 0.4650 0.0000
vt 0.7729 0.4685 0.0000
vt 0.7706 0.4702 0.0000
vt 0.7704 0.4659 0.0000
vt 0.7688 0.4671 0.0000
vt 0.7679 0.4710 0.0000
vt 0.7670 0.4678 0.0000
vt 0.7658 0.4657 0.0000
vt 0.7676 0.4647 0.0000
vt 0.7639 0.4584 0.0000
vt 0.7643 0.4562 0.0000
vt 0.7651 0.4561 0.0000
vt 0.7647 0.4586 0.0000
vt 0.7693 0.4637 0.0000
vt 0.7688 0.4621 0.0000
vt 0.0976 0.3104 0.0000
vt 0.0961 0.3420 0.0000
vt 0.0903 0.3416 0.0000
vt 0.0919 0.3101 0.0000
vt 0.0979 0.3047 0.0000
vt 0.0922 0.3044 0.0000
vt 0.1035 0.3056 0.0000
vt 0.1032 0.3113 0.0000
vt 0.1019 0.3429 0.0000
vt 0.0862 0.3104 0.0000
vt 0.0844 0.3419 0.0000
vt 0.0787 0.3427 0.0000
vt 0.0806 0.3112 0.0000
vt 0.0865 0.3047 0.0000
vt 0.0809 0.3055 0.0000
vt 0.0750 0.3124 0.0000
vt 0.0730 0.3440 0.0000
vt 0.0673 0.3453 0.0000
vt 0.0694 0.3137 0.0000
vt 0.0754 0.3067 0.0000
vt 0.0698 0.3079 0.0000
vt 0.0638 0.3149 0.0000
vt 0.0616 0.3465 0.0000
vt 0.0566 0.3473 0.0000
vt 0.0590 0.3157 0.0000
vt 0.0643 0.3091 0.0000
vt 0.0594 0.3099 0.0000
vt 0.1376 0.3203 0.0000
vt 0.1370 0.3520 0.0000
vt 0.1347 0.3518 0.0000
vt 0.1353 0.3200 0.0000
vt 0.1375 0.3144 0.0000
vt 0.1353 0.3142 0.0000
vt 0.1391 0.3143 0.0000
vt 0.1392 0.3201 0.0000
vt 0.1387 0.3519 0.0000
vt 0.1306 0.3193 0.0000
vt 0.1299 0.3510 0.0000
vt 0.1242 0.3497 0.0000
vt 0.1250 0.3180 0.0000
vt 0.1307 0.3134 0.0000
vt 0.1252 0.3122 0.0000
vt 0.1196 0.3163 0.0000
vt 0.1187 0.3480 0.0000
vt 0.1131 0.3461 0.0000
vt 0.1142 0.3145 0.0000
vt 0.1197 0.3105 0.0000
vt 0.1144 0.3088 0.0000
vt 0.1087 0.3127 0.0000
vt 0.1076 0.3444 0.0000
vt 0.1090 0.3070 0.0000
vt 0.0110 0.9679 0.0000
vt 0.0087 0.9682 0.0000
vt 0.0079 0.9677 0.0000
vt 0.0110 0.9674 0.0000
vt 0.0151 0.9673 0.0000
vt 0.0151 0.9668 0.0000
vt 0.0149 0.9706 0.0000
vt 0.0108 0.9712 0.0000
vt 0.0085 0.9714 0.0000
vt 0.0667 0.9871 0.0000
vt 0.0588 0.9865 0.0000
vt 0.0747 0.9885 0.0000
vt 0.2753 0.2059 0.0000
vt 0.2670 0.2060 0.0000
vt 0.2671 0.2045 0.0000
vt 0.2749 0.2044 0.0000
vt 0.2828 0.2030 0.0000
vt 0.2820 0.2017 0.0000
vt 0.0511 0.9866 0.0000
vt 0.0437 0.9874 0.0000
vt 0.2884 0.1975 0.0000
vt 0.2872 0.1966 0.0000
vt 0.2913 0.1905 0.0000
vt 0.2899 0.1900 0.0000
vt 0.0362 0.9888 0.0000
vt 0.0286 0.9904 0.0000
vt 0.2908 0.1828 0.0000
vt 0.2895 0.1828 0.0000
vt 0.2874 0.1756 0.0000
vt 0.2862 0.1761 0.0000
vt 0.0207 0.9919 0.0000
vt 0.0137 0.9930 0.0000
vt 0.2813 0.1702 0.0000
vt 0.2805 0.1711 0.0000
vt 0.2749 0.1670 0.0000
vt 0.2745 0.1680 0.0000
vt 0.0096 0.9935 0.0000
vt 0.0066 0.9937 0.0000
vt 0.0064 0.9928 0.0000
vt 0.0095 0.9926 0.0000
vt 0.2708 0.1663 0.0000
vt 0.2706 0.1674 0.0000
vt 0.2676 0.1668 0.0000
vt 0.2677 0.1679 0.0000
vt 0.1128 0.9985 0.0000
vt 0.1053 0.9971 0.0000
vt 0.1192 0.9993 0.0000
vt 0.2520 0.1757 0.0000
vt 0.2559 0.1705 0.0000
vt 0.2568 0.1713 0.0000
vt 0.2532 0.1762 0.0000
vt 0.2492 0.1828 0.0000
vt 0.2505 0.1828 0.0000
vt 0.0979 0.9951 0.0000
vt 0.0904 0.9928 0.0000
vt 0.2496 0.1905 0.0000
vt 0.2508 0.1900 0.0000
vt 0.2530 0.1976 0.0000
vt 0.2541 0.1967 0.0000
vt 0.0827 0.9905 0.0000
vt 0.2592 0.2030 0.0000
vt 0.2598 0.2017 0.0000
vt 0.0039 0.9956 0.0000
vt 0.0012 0.9975 0.0000
vt 0.0005 0.9968 0.0000
vt 0.0034 0.9950 0.0000
vt 0.2642 0.1674 0.0000
vt 0.2645 0.1685 0.0000
vt 0.2610 0.1680 0.0000
vt 0.2615 0.1691 0.0000
vt 0.1225 0.9995 0.0000
vt 0.1225 0.9986 0.0000
vt 0.1249 0.9994 0.0000
vt 0.1247 0.9985 0.0000
vt 0.2586 0.1685 0.0000
vt 0.2593 0.1695 0.0000
vt 0.3456 0.0529 0.0000
vt 0.3450 0.0528 0.0000
vt 0.3450 0.0518 0.0000
vt 0.3457 0.0520 0.0000
vt 0.3877 0.0525 0.0000
vt 0.3875 0.0516 0.0000
vt 0.3875 0.0555 0.0000
vt 0.3455 0.0559 0.0000
vt 0.3449 0.0559 0.0000
vt 0.8771 0.7544 0.0000
vt 0.8772 0.7547 0.0000
vt 0.8746 0.7546 0.0000
vt 0.8745 0.7543 0.0000
vt 0.8595 0.7175 0.0000
vt 0.8569 0.7175 0.0000
vt 0.8621 0.7175 0.0000
vt 0.8798 0.7545 0.0000
vt 0.8799 0.7547 0.0000
vt 0.1229 0.9742 0.0000
vt 0.1229 0.9737 0.0000
vt 0.1250 0.9735 0.0000
vt 0.1242 0.9741 0.0000
vt 0.1228 0.9774 0.0000
vt 0.1242 0.9773 0.0000
vt 0.1198 0.9771 0.0000
vt 0.1198 0.9739 0.0000
vt 0.1199 0.9734 0.0000
vt 0.1229 0.9731 0.0000
vt 0.1252 0.9729 0.0000
vt 0.1199 0.9729 0.0000
vt 0.1199 0.9722 0.0000
vt 0.1229 0.9724 0.0000
vt 0.1252 0.9722 0.0000
vt 0.0679 0.9602 0.0000
vt 0.0679 0.9608 0.0000
vt 0.0600 0.9601 0.0000
vt 0.0600 0.9595 0.0000
vt 0.0680 0.9595 0.0000
vt 0.0601 0.9589 0.0000
vt 0.0760 0.9609 0.0000
vt 0.0759 0.9616 0.0000
vt 0.0759 0.9622 0.0000
vt 0.0524 0.9597 0.0000
vt 0.0524 0.9603 0.0000
vt 0.0449 0.9611 0.0000
vt 0.0449 0.9605 0.0000
vt 0.0524 0.9590 0.0000
vt 0.0450 0.9599 0.0000
vt 0.0375 0.9619 0.0000
vt 0.0375 0.9625 0.0000
vt 0.0299 0.9641 0.0000
vt 0.0299 0.9635 0.0000
vt 0.0375 0.9612 0.0000
vt 0.0300 0.9629 0.0000
vt 0.0989 0.9681 0.0000
vt 0.0989 0.9687 0.0000
vt 0.0915 0.9664 0.0000
vt 0.0915 0.9658 0.0000
vt 0.0990 0.9675 0.0000
vt 0.0916 0.9652 0.0000
vt 0.1062 0.9696 0.0000
vt 0.1062 0.9702 0.0000
vt 0.1062 0.9708 0.0000
vt 0.0839 0.9636 0.0000
vt 0.0838 0.9642 0.0000
vt 0.0839 0.9629 0.0000
vt 0.0221 0.9650 0.0000
vt 0.0220 0.9656 0.0000
vt 0.0151 0.9662 0.0000
vt 0.0221 0.9644 0.0000
vt 0.0152 0.9656 0.0000
vt 0.1136 0.9718 0.0000
vt 0.1136 0.9724 0.0000
vt 0.1136 0.9712 0.0000
vt 0.1230 0.9718 0.0000
vt 0.1199 0.9716 0.0000
vt 0.1236 0.9446 0.0000
vt 0.1205 0.9443 0.0000
vt 0.1258 0.9443 0.0000
vt 0.1252 0.9716 0.0000
vt 0.0680 0.9589 0.0000
vt 0.0601 0.9582 0.0000
vt 0.0692 0.9318 0.0000
vt 0.0614 0.9311 0.0000
vt 0.0771 0.9331 0.0000
vt 0.0760 0.9603 0.0000
vt 0.0525 0.9584 0.0000
vt 0.0450 0.9592 0.0000
vt 0.0538 0.9313 0.0000
vt 0.0464 0.9321 0.0000
vt 0.0376 0.9606 0.0000
vt 0.0300 0.9622 0.0000
vt 0.0391 0.9335 0.0000
vt 0.0315 0.9351 0.0000
vt 0.0990 0.9668 0.0000
vt 0.0916 0.9646 0.0000
vt 0.0998 0.9396 0.0000
vt 0.0925 0.9374 0.0000
vt 0.1070 0.9417 0.0000
vt 0.1063 0.9689 0.0000
vt 0.0839 0.9623 0.0000
vt 0.0849 0.9351 0.0000
vt 0.0221 0.9638 0.0000
vt 0.0152 0.9649 0.0000
vt 0.0238 0.9366 0.0000
vt 0.0170 0.9378 0.0000
vt 0.1136 0.9706 0.0000
vt 0.1143 0.9433 0.0000
vt 0.0010 0.0219 0.0000
vt 0.0007 0.0223 0.0000
vt 0.0005 0.0215 0.0000
vt 0.0009 0.0209 0.0000
vt 0.0013 0.0219 0.0000
vt 0.0010 0.0210 0.0000
vt 0.0023 0.0249 0.0000
vt 0.0021 0.0250 0.0000
vt 0.0017 0.0252 0.0000
vt 0.6732 0.0729 0.0000
vt 0.6741 0.0729 0.0000
vt 0.6734 0.0735 0.0000
vt 0.6724 0.0735 0.0000
vt 0.6729 0.0727 0.0000
vt 0.6723 0.0734 0.0000
vt 0.6737 0.0697 0.0000
vt 0.6739 0.0697 0.0000
vt 0.6748 0.0699 0.0000
vt 0.8774 0.7549 0.0000
vt 0.8774 0.7553 0.0000
vt 0.8740 0.7552 0.0000
vt 0.8746 0.7548 0.0000
vt 0.8801 0.7548 0.0000
vt 0.8810 0.7551 0.0000
vt 0.1298 0.6497 0.0000
vt 0.1274 0.7571 0.0000
vt 0.1246 0.7568 0.0000
vt 0.1271 0.6495 0.0000
vt 0.1323 0.5422 0.0000
vt 0.1298 0.5420 0.0000
vt 0.1342 0.5421 0.0000
vt 0.1318 0.6496 0.0000
vt 0.1295 0.7569 0.0000
vt 0.0819 0.6382 0.0000
vt 0.0772 0.7450 0.0000
vt 0.0700 0.7445 0.0000
vt 0.0751 0.6377 0.0000
vt 0.0869 0.5312 0.0000
vt 0.0804 0.5307 0.0000
vt 0.0934 0.5322 0.0000
vt 0.0888 0.6393 0.0000
vt 0.0844 0.7462 0.0000
vt 0.0684 0.6379 0.0000
vt 0.0629 0.7447 0.0000
vt 0.0560 0.7455 0.0000
vt 0.0617 0.6388 0.0000
vt 0.0740 0.5310 0.0000
vt 0.0677 0.5319 0.0000
vt 0.0552 0.6401 0.0000
vt 0.0491 0.7469 0.0000
vt 0.0422 0.7484 0.0000
vt 0.0485 0.6416 0.0000
vt 0.0614 0.5331 0.0000
vt 0.0552 0.5346 0.0000
vt 0.1086 0.6452 0.0000
vt 0.1053 0.7523 0.0000
vt 0.0985 0.7502 0.0000
vt 0.1022 0.6431 0.0000
vt 0.1121 0.5378 0.0000
vt 0.1060 0.5358 0.0000
vt 0.1183 0.5397 0.0000
vt 0.1151 0.6471 0.0000
vt 0.1120 0.7543 0.0000
vt 0.0956 0.6410 0.0000
vt 0.0915 0.7481 0.0000
vt 0.0998 0.5339 0.0000
vt 0.0418 0.6430 0.0000
vt 0.0350 0.7499 0.0000
vt 0.0288 0.7509 0.0000
vt 0.0358 0.6440 0.0000
vt 0.0487 0.5359 0.0000
vt 0.0432 0.5368 0.0000
vt 0.1216 0.6486 0.0000
vt 0.1188 0.7559 0.0000
vt 0.1245 0.5411 0.0000
vt 0.3872 0.9949 0.0000
vt 0.3873 0.9947 0.0000
vt 0.3899 0.9946 0.0000
vt 0.3899 0.9948 0.0000
vt 0.3871 0.9951 0.0000
vt 0.3906 0.9951 0.0000
vt 0.3834 0.9952 0.0000
vt 0.3845 0.9949 0.0000
vt 0.3847 0.9947 0.0000
vt 0.0679 0.9613 0.0000
vt 0.0678 0.9646 0.0000
vt 0.0598 0.9639 0.0000
vt 0.0600 0.9606 0.0000
vt 0.0759 0.9627 0.0000
vt 0.0758 0.9660 0.0000
vt 0.0523 0.9608 0.0000
vt 0.0522 0.9640 0.0000
vt 0.0447 0.9649 0.0000
vt 0.0449 0.9616 0.0000
vt 0.0374 0.9630 0.0000
vt 0.0373 0.9662 0.0000
vt 0.0297 0.9678 0.0000
vt 0.0299 0.9646 0.0000
vt 0.0220 0.9661 0.0000
vt 0.0218 0.9694 0.0000
vt 0.1136 0.9729 0.0000
vt 0.1135 0.9761 0.0000
vt 0.1061 0.9746 0.0000
vt 0.1062 0.9713 0.0000
vt 0.0989 0.9692 0.0000
vt 0.0988 0.9725 0.0000
vt 0.0914 0.9702 0.0000
vt 0.0915 0.9669 0.0000
vt 0.0838 0.9647 0.0000
vt 0.0837 0.9680 0.0000
vt 0.0103 0.9800 0.0000
vt 0.0143 0.9795 0.0000
vt 0.0097 0.9889 0.0000
vt 0.0075 0.9890 0.0000
vt 0.0080 0.9802 0.0000
vt 0.6755 0.0612 0.0000
vt 0.6776 0.0528 0.0000
vt 0.6779 0.0528 0.0000
vt 0.6758 0.0612 0.0000
vt 0.6733 0.0697 0.0000
vt 0.6322 0.0703 0.0000
vt 0.6341 0.0619 0.0000
vt 0.6360 0.0535 0.0000
vt 0.1227 0.9862 0.0000
vt 0.1241 0.9861 0.0000
vt 0.1225 0.9949 0.0000
vt 0.1240 0.9948 0.0000
vt 0.1196 0.9859 0.0000
vt 0.0047 0.0334 0.0000
vt 0.0049 0.0333 0.0000
vt 0.0073 0.0417 0.0000
vt 0.0075 0.0417 0.0000
vt 0.0068 0.0419 0.0000
vt 0.0042 0.0336 0.0000
vt 0.6791 0.0497 0.0000
vt 0.6782 0.0528 0.0000
vt 0.6788 0.0497 0.0000
vt 0.6785 0.0490 0.0000
vt 0.6783 0.0489 0.0000
vt 0.6795 0.0491 0.0000
vt 0.6801 0.0499 0.0000
vt 0.6791 0.0529 0.0000
vt 0.0674 0.9735 0.0000
vt 0.0594 0.9729 0.0000
vt 0.0754 0.9749 0.0000
vt 0.0518 0.9730 0.0000
vt 0.0443 0.9738 0.0000
vt 0.0368 0.9752 0.0000
vt 0.0292 0.9768 0.0000
vt 0.0213 0.9783 0.0000
vt 0.1133 0.9850 0.0000
vt 0.1058 0.9835 0.0000
vt 0.0985 0.9815 0.0000
vt 0.0911 0.9792 0.0000
vt 0.0834 0.9769 0.0000
vt 0.6761 0.0613 0.0000
vt 0.6770 0.0614 0.0000
vt 0.0095 0.9921 0.0000
vt 0.0073 0.9922 0.0000
vt 0.6726 0.0727 0.0000
vt 0.6720 0.0735 0.0000
vt 0.6311 0.0741 0.0000
vt 0.6315 0.0733 0.0000
vt 0.1225 0.9981 0.0000
vt 0.1239 0.9980 0.0000
vt 0.0080 0.0448 0.0000
vt 0.0083 0.0447 0.0000
vt 0.0082 0.0458 0.0000
vt 0.0083 0.0457 0.0000
vt 0.0076 0.0455 0.0000
vt 0.0075 0.0448 0.0000
vt 0.6784 0.0497 0.0000
vt 0.6367 0.0504 0.0000
vt 0.6364 0.0496 0.0000
vt 0.6780 0.0489 0.0000
vt 0.0017 0.0219 0.0000
vt 0.0432 0.0204 0.0000
vt 0.0440 0.0235 0.0000
vt 0.0026 0.0249 0.0000
vt 0.0012 0.0210 0.0000
vt 0.0428 0.0196 0.0000
vt 0.3874 0.9944 0.0000
vt 0.4053 0.9568 0.0000
vt 0.4078 0.9568 0.0000
vt 0.3900 0.9943 0.0000
vt 0.3849 0.9944 0.0000
vt 0.4027 0.9567 0.0000
vt 0.8080 0.6068 0.0000
vt 0.8055 0.6070 0.0000
vt 0.7563 0.4962 0.0000
vt 0.7539 0.4967 0.0000
vt 0.7586 0.4956 0.0000
vt 0.8105 0.6066 0.0000
vt 0.5107 0.0597 0.0000
vt 0.5095 0.0681 0.0000
vt 0.3872 0.0638 0.0000
vt 0.3868 0.0721 0.0000
vt 0.5118 0.0514 0.0000
vt 0.0052 0.0333 0.0000
vt 0.0463 0.0318 0.0000
vt 0.0486 0.0401 0.0000
vt 0.0078 0.0416 0.0000
vt 0.5091 0.0711 0.0000
vt 0.5088 0.0719 0.0000
vt 0.3867 0.0751 0.0000
vt 0.3865 0.0759 0.0000
vt 0.0086 0.0447 0.0000
vt 0.0494 0.0431 0.0000
vt 0.0492 0.0440 0.0000
vt 0.0084 0.0456 0.0000
vt 0.7642 0.4435 0.0000
vt 0.7663 0.4429 0.0000
vt 0.7670 0.4473 0.0000
vt 0.7652 0.4478 0.0000
vt 0.7620 0.4441 0.0000
vt 0.7633 0.4482 0.0000
vt 0.7604 0.4393 0.0000
vt 0.7630 0.4386 0.0000
vt 0.7652 0.4380 0.0000
vt 0.7659 0.4521 0.0000
vt 0.7672 0.4518 0.0000
vt 0.7669 0.4559 0.0000
vt 0.7660 0.4560 0.0000
vt 0.7645 0.4524 0.0000
vt 0.7684 0.4612 0.0000
vt 0.7681 0.4607 0.0000
vt 0.0513 0.3159 0.0000
vt 0.0490 0.3159 0.0000
vt 0.0495 0.3100 0.0000
vt 0.0518 0.3100 0.0000
vt 0.0539 0.3159 0.0000
vt 0.0544 0.3101 0.0000
vt 0.0514 0.3476 0.0000
vt 0.0487 0.3475 0.0000
vt 0.0463 0.3475 0.0000
vt 0.0044 0.9658 0.0000
vt 0.0011 0.9660 0.0000
vt 0.0030 0.9388 0.0000
vt 0.0063 0.9386 0.0000
vt 0.0080 0.9656 0.0000
vt 0.0098 0.9384 0.0000
vt 0.0080 0.9663 0.0000
vt 0.0044 0.9665 0.0000
vt 0.0011 0.9666 0.0000
vt 0.0266 0.6445 0.0000
vt 0.0344 0.5372 0.0000
vt 0.0373 0.5372 0.0000
vt 0.0297 0.6444 0.0000
vt 0.0190 0.7515 0.0000
vt 0.0223 0.7514 0.0000
vt 0.0160 0.7516 0.0000
vt 0.0237 0.6445 0.0000
vt 0.0317 0.5373 0.0000
vt 0.7656 0.4587 0.0000
vt 0.7664 0.4588 0.0000
vt 0.7600 0.4446 0.0000
vt 0.7617 0.4485 0.0000
vt 0.7581 0.4400 0.0000
vt 0.7634 0.4525 0.0000
vt 0.0561 0.3160 0.0000
vt 0.0566 0.3101 0.0000
vt 0.0537 0.3476 0.0000
vt 0.0112 0.9654 0.0000
vt 0.0130 0.9383 0.0000
vt 0.0111 0.9661 0.0000
vt 0.0324 0.6443 0.0000
vt 0.0399 0.5372 0.0000
vt 0.0251 0.7513 0.0000
vt 0.0111 0.9668 0.0000
vt 0.0079 0.9670 0.0000
vt 0.0043 0.9672 0.0000
vt 0.0010 0.9673 0.0000
vt 0.0042 0.9677 0.0000
vt 0.0007 0.9679 0.0000
vt 0.2739 0.2008 0.0000
vt 0.2798 0.1986 0.0000
vt 0.2674 0.2009 0.0000
vt 0.2682 0.1974 0.0000
vt 0.2727 0.1964 0.0000
vt 0.2774 0.1957 0.0000
vt 0.2861 0.1828 0.0000
vt 0.2834 0.1772 0.0000
vt 0.2864 0.1888 0.0000
vt 0.2802 0.1880 0.0000
vt 0.2796 0.1831 0.0000
vt 0.2789 0.1787 0.0000
vt 0.2786 0.1730 0.0000
vt 0.2736 0.1705 0.0000
vt 0.2760 0.1754 0.0000
vt 0.2722 0.1736 0.0000
vt 0.2703 0.1699 0.0000
vt 0.2679 0.1704 0.0000
vt 0.2696 0.1730 0.0000
vt 0.2680 0.1724 0.0000
vt 0.2558 0.1773 0.0000
vt 0.2535 0.1828 0.0000
vt 0.2589 0.1732 0.0000
vt 0.2604 0.1753 0.0000
vt 0.2593 0.1782 0.0000
vt 0.2583 0.1824 0.0000
vt 0.2539 0.1888 0.0000
vt 0.2566 0.1943 0.0000
vt 0.2598 0.1868 0.0000
vt 0.2618 0.1915 0.0000
vt 0.2614 0.1985 0.0000
vt 0.2650 0.1950 0.0000
vt 0.2609 0.1717 0.0000
vt 0.2628 0.1713 0.0000
vt 0.2644 0.1743 0.0000
vt 0.2625 0.1748 0.0000
vt 0.2841 0.1943 0.0000
vt 0.2790 0.1924 0.0000
vt 0.2652 0.1709 0.0000
vt 0.2665 0.1736 0.0000
vt 0.2718 0.1928 0.0000
vt 0.2708 0.1890 0.0000
vt 0.2628 0.1781 0.0000
vt 0.2644 0.1813 0.0000
vt 0.2659 0.1771 0.0000
vt 0.2684 0.1792 0.0000
vt 0.2695 0.1841 0.0000
vt 0.2729 0.1800 0.0000
vt 0.2735 0.1772 0.0000
vt 0.2704 0.1765 0.0000
vt 0.2682 0.1754 0.0000
vt 0.1350 0.4345 0.0000
vt 0.1326 0.4343 0.0000
vt 0.1367 0.4344 0.0000
vt 0.1252 0.8642 0.0000
vt 0.1274 0.8640 0.0000
vt 0.1223 0.8639 0.0000
vt 0.0921 0.4240 0.0000
vt 0.0860 0.4236 0.0000
vt 0.0982 0.4250 0.0000
vt 0.0726 0.8517 0.0000
vt 0.0802 0.8530 0.0000
vt 0.0650 0.8511 0.0000
vt 0.0799 0.4239 0.0000
vt 0.0739 0.4247 0.0000
vt 0.0577 0.8513 0.0000
vt 0.0505 0.8521 0.0000
vt 0.0679 0.4260 0.0000
vt 0.0620 0.4273 0.0000
vt 0.0433 0.8535 0.0000
vt 0.0361 0.8551 0.0000
vt 0.1158 0.4303 0.0000
vt 0.1100 0.4284 0.0000
vt 0.1216 0.4321 0.0000
vt 0.1021 0.8593 0.0000
vt 0.1091 0.8613 0.0000
vt 0.0950 0.8571 0.0000
vt 0.1042 0.4265 0.0000
vt 0.0877 0.8549 0.0000
vt 0.0559 0.4286 0.0000
vt 0.0507 0.4295 0.0000
vt 0.0286 0.8565 0.0000
vt 0.0220 0.8577 0.0000
vt 0.1276 0.4334 0.0000
vt 0.1162 0.8629 0.0000
vt 0.0117 0.8584 0.0000
vt 0.0151 0.8582 0.0000
vt 0.0086 0.8585 0.0000
vt 0.0424 0.4298 0.0000
vt 0.0399 0.4298 0.0000
vt 0.0452 0.4298 0.0000
vt 0.0182 0.8581 0.0000
vt 0.0476 0.4298 0.0000
vt 0.3331 0.0101 0.0000
vt 0.3339 0.0100 0.0000
vt 0.3340 0.0131 0.0000
vt 0.3332 0.0131 0.0000
vt 0.2911 0.0108 0.0000
vt 0.2913 0.0138 0.0000
vt 0.2908 0.0100 0.0000
vt 0.3327 0.0093 0.0000
vt 0.3338 0.0093 0.0000
vt 0.3335 0.0214 0.0000
vt 0.3342 0.0214 0.0000
vt 0.3344 0.0296 0.0000
vt 0.3338 0.0296 0.0000
vt 0.2920 0.0221 0.0000
vt 0.2926 0.0304 0.0000
vt 0.3339 0.0326 0.0000
vt 0.3345 0.0327 0.0000
vt 0.3345 0.0334 0.0000
vt 0.3335 0.0334 0.0000
vt 0.2928 0.0334 0.0000
vt 0.2926 0.0342 0.0000
vt 0.1947 0.9862 0.0000
vt 0.1947 0.9867 0.0000
vt 0.1866 0.9879 0.0000
vt 0.1865 0.9873 0.0000
vt 0.1946 0.9830 0.0000
vt 0.1865 0.9841 0.0000
vt 0.2026 0.9826 0.0000
vt 0.2027 0.9858 0.0000
vt 0.2027 0.9863 0.0000
vt 0.2104 0.9862 0.0000
vt 0.2104 0.9868 0.0000
vt 0.2103 0.9830 0.0000
vt 0.2178 0.9841 0.0000
vt 0.2179 0.9873 0.0000
vt 0.2178 0.9879 0.0000
vt 0.2253 0.9890 0.0000
vt 0.2253 0.9895 0.0000
vt 0.2252 0.9857 0.0000
vt 0.2328 0.9876 0.0000
vt 0.2329 0.9908 0.0000
vt 0.2329 0.9914 0.0000
vt 0.2408 0.9927 0.0000
vt 0.2408 0.9932 0.0000
vt 0.2407 0.9894 0.0000
vt 0.2476 0.9908 0.0000
vt 0.2477 0.9940 0.0000
vt 0.2477 0.9946 0.0000
vt 0.1482 0.9959 0.0000
vt 0.1483 0.9964 0.0000
vt 0.1419 0.9970 0.0000
vt 0.1419 0.9965 0.0000
vt 0.1483 0.9927 0.0000
vt 0.1419 0.9933 0.0000
vt 0.1557 0.9915 0.0000
vt 0.1557 0.9948 0.0000
vt 0.1557 0.9953 0.0000
vt 0.1631 0.9930 0.0000
vt 0.1631 0.9936 0.0000
vt 0.1631 0.9898 0.0000
vt 0.1707 0.9878 0.0000
vt 0.1706 0.9910 0.0000
vt 0.1707 0.9916 0.0000
vt 0.1785 0.9890 0.0000
vt 0.1785 0.9896 0.0000
vt 0.1785 0.9858 0.0000
vt 0.1980 0.1818 0.0000
vt 0.2010 0.1814 0.0000
vt 0.2019 0.1833 0.0000
vt 0.1992 0.1837 0.0000
vt 0.1967 0.1835 0.0000
vt 0.1973 0.1846 0.0000
vt 0.1959 0.1833 0.0000
vt 0.1962 0.1822 0.0000
vt 0.1963 0.1805 0.0000
vt 0.1955 0.1813 0.0000
vt 0.1969 0.1784 0.0000
vt 0.1988 0.1793 0.0000
vt 0.2008 0.1796 0.0000
vt 0.2113 0.1870 0.0000
vt 0.2114 0.1819 0.0000
vt 0.2155 0.1811 0.0000
vt 0.2154 0.1880 0.0000
vt 0.2097 0.1919 0.0000
vt 0.2131 0.1945 0.0000
vt 0.2071 0.1900 0.0000
vt 0.2083 0.1863 0.0000
vt 0.2083 0.1824 0.0000
vt 0.2099 0.1769 0.0000
vt 0.2071 0.1726 0.0000
vt 0.2098 0.1691 0.0000
vt 0.2135 0.1746 0.0000
vt 0.2072 0.1786 0.0000
vt 0.2050 0.1753 0.0000
vt 0.2033 0.1693 0.0000
vt 0.1986 0.1672 0.0000
vt 0.1989 0.1625 0.0000
vt 0.2047 0.1650 0.0000
vt 0.2019 0.1727 0.0000
vt 0.1982 0.1710 0.0000
vt 0.1936 0.1664 0.0000
vt 0.1892 0.1666 0.0000
vt 0.1877 0.1619 0.0000
vt 0.1929 0.1617 0.0000
vt 0.1941 0.1705 0.0000
vt 0.1904 0.1706 0.0000
vt 0.1823 0.1942 0.0000
vt 0.1837 0.1957 0.0000
vt 0.1802 0.1992 0.0000
vt 0.1784 0.1973 0.0000
vt 0.1817 0.1928 0.0000
vt 0.1776 0.1957 0.0000
vt 0.1853 0.1903 0.0000
vt 0.1857 0.1914 0.0000
vt 0.1868 0.1927 0.0000
vt 0.1873 0.1982 0.0000
vt 0.1921 0.2002 0.0000
vt 0.1902 0.2045 0.0000
vt 0.1844 0.2021 0.0000
vt 0.1897 0.1947 0.0000
vt 0.1935 0.1964 0.0000
vt 0.1973 0.2004 0.0000
vt 0.2023 0.1991 0.0000
vt 0.2031 0.2035 0.0000
vt 0.1967 0.2050 0.0000
vt 0.1976 0.1967 0.0000
vt 0.2015 0.1956 0.0000
vt 0.2066 0.1961 0.0000
vt 0.2088 0.1998 0.0000
vt 0.2048 0.1932 0.0000
vt 0.2052 0.1856 0.0000
vt 0.2052 0.1828 0.0000
vt 0.2044 0.1883 0.0000
vt 0.2024 0.1871 0.0000
vt 0.2021 0.1852 0.0000
vt 0.2043 0.1802 0.0000
vt 0.2026 0.1779 0.0000
vt 0.2003 0.1761 0.0000
vt 0.1976 0.1749 0.0000
vt 0.1946 0.1745 0.0000
vt 0.1919 0.1747 0.0000
vt 0.1948 0.1780 0.0000
vt 0.1931 0.1772 0.0000
vt 0.1892 0.1888 0.0000
vt 0.1900 0.1897 0.0000
vt 0.1890 0.1879 0.0000
vt 0.1924 0.1858 0.0000
vt 0.1925 0.1864 0.0000
vt 0.1930 0.1872 0.0000
vt 0.1920 0.1913 0.0000
vt 0.1947 0.1926 0.0000
vt 0.1943 0.1884 0.0000
vt 0.1955 0.1900 0.0000
vt 0.1977 0.1928 0.0000
vt 0.2004 0.1921 0.0000
vt 0.1973 0.1893 0.0000
vt 0.1992 0.1889 0.0000
vt 0.2027 0.1905 0.0000
vt 0.2008 0.1878 0.0000
vt 0.1999 0.1856 0.0000
vt 0.1982 0.1864 0.0000
vt 0.1947 0.1796 0.0000
vt 0.1942 0.1803 0.0000
vt 0.1921 0.1789 0.0000
vt 0.1926 0.1783 0.0000
vt 0.1964 0.1871 0.0000
vt 0.1954 0.1856 0.0000
vt 0.1885 0.3102 0.0000
vt 0.1942 0.3101 0.0000
vt 0.1946 0.3417 0.0000
vt 0.1887 0.3418 0.0000
vt 0.1828 0.3109 0.0000
vt 0.1829 0.3425 0.0000
vt 0.1828 0.3052 0.0000
vt 0.1884 0.3045 0.0000
vt 0.1940 0.3044 0.0000
vt 0.1998 0.3106 0.0000
vt 0.2054 0.3116 0.0000
vt 0.2061 0.3432 0.0000
vt 0.2004 0.3422 0.0000
vt 0.1997 0.3049 0.0000
vt 0.2053 0.3059 0.0000
vt 0.2110 0.3130 0.0000
vt 0.2165 0.3145 0.0000
vt 0.2174 0.3462 0.0000
vt 0.2118 0.3446 0.0000
vt 0.2108 0.3073 0.0000
vt 0.2163 0.3088 0.0000
vt 0.2220 0.3159 0.0000
vt 0.2268 0.3169 0.0000
vt 0.2280 0.3486 0.0000
vt 0.2231 0.3476 0.0000
vt 0.2218 0.3101 0.0000
vt 0.2266 0.3111 0.0000
vt 0.1481 0.3186 0.0000
vt 0.1504 0.3184 0.0000
vt 0.1498 0.3502 0.0000
vt 0.1474 0.3503 0.0000
vt 0.1465 0.3184 0.0000
vt 0.1458 0.3501 0.0000
vt 0.1467 0.3125 0.0000
vt 0.1483 0.3127 0.0000
vt 0.1506 0.3126 0.0000
vt 0.1551 0.3178 0.0000
vt 0.1607 0.3168 0.0000
vt 0.1603 0.3485 0.0000
vt 0.1546 0.3496 0.0000
vt 0.1553 0.3120 0.0000
vt 0.1608 0.3110 0.0000
vt 0.1663 0.3153 0.0000
vt 0.1717 0.3137 0.0000
vt 0.1715 0.3453 0.0000
vt 0.1659 0.3470 0.0000
vt 0.1663 0.3095 0.0000
vt 0.1717 0.3079 0.0000
vt 0.1772 0.3121 0.0000
vt 0.1772 0.3438 0.0000
vt 0.1772 0.3064 0.0000
vt 0.2511 0.9705 0.0000
vt 0.2511 0.9700 0.0000
vt 0.2542 0.9704 0.0000
vt 0.2534 0.9708 0.0000
vt 0.2512 0.9737 0.0000
vt 0.2535 0.9740 0.0000
vt 0.2472 0.9730 0.0000
vt 0.2471 0.9697 0.0000
vt 0.2471 0.9692 0.0000
vt 0.1948 0.9876 0.0000
vt 0.2027 0.9872 0.0000
vt 0.7859 0.5222 0.0000
vt 0.7856 0.5237 0.0000
vt 0.7780 0.5208 0.0000
vt 0.7788 0.5195 0.0000
vt 0.7937 0.5222 0.0000
vt 0.7939 0.5237 0.0000
vt 0.1867 0.9887 0.0000
vt 0.2103 0.9877 0.0000
vt 0.2178 0.9888 0.0000
vt 0.7736 0.5144 0.0000
vt 0.7724 0.5154 0.0000
vt 0.7695 0.5083 0.0000
vt 0.7709 0.5078 0.0000
vt 0.2251 0.9904 0.0000
vt 0.2327 0.9923 0.0000
vt 0.7712 0.5006 0.0000
vt 0.7699 0.5006 0.0000
vt 0.7733 0.4935 0.0000
vt 0.7744 0.4939 0.0000
vt 0.2406 0.9941 0.0000
vt 0.2476 0.9955 0.0000
vt 0.7802 0.4889 0.0000
vt 0.7793 0.4880 0.0000
vt 0.7857 0.4847 0.0000
vt 0.7861 0.4858 0.0000
vt 0.2517 0.9961 0.0000
vt 0.2517 0.9952 0.0000
vt 0.2548 0.9953 0.0000
vt 0.2548 0.9963 0.0000
vt 0.7900 0.4851 0.0000
vt 0.7898 0.4840 0.0000
vt 0.7930 0.4845 0.0000
vt 0.7929 0.4856 0.0000
vt 0.1483 0.9973 0.0000
vt 0.1558 0.9962 0.0000
vt 0.8075 0.4938 0.0000
vt 0.8086 0.4933 0.0000
vt 0.8115 0.5004 0.0000
vt 0.8102 0.5004 0.0000
vt 0.8038 0.4890 0.0000
vt 0.8047 0.4882 0.0000
vt 0.1419 0.9979 0.0000
vt 0.1633 0.9945 0.0000
vt 0.1708 0.9925 0.0000
vt 0.8099 0.5076 0.0000
vt 0.8112 0.5081 0.0000
vt 0.8077 0.5152 0.0000
vt 0.8067 0.5143 0.0000
vt 0.1787 0.9904 0.0000
vt 0.8010 0.5194 0.0000
vt 0.8016 0.5207 0.0000
vt 0.1330 0.9977 0.0000
vt 0.1330 0.9969 0.0000
vt 0.1365 0.9969 0.0000
vt 0.1362 0.9978 0.0000
vt 0.7961 0.4862 0.0000
vt 0.7964 0.4851 0.0000
vt 0.7996 0.4857 0.0000
vt 0.7991 0.4867 0.0000
vt 0.1295 0.9977 0.0000
vt 0.1294 0.9967 0.0000
vt 0.1386 0.9980 0.0000
vt 0.1387 0.9971 0.0000
vt 0.8013 0.4872 0.0000
vt 0.8020 0.4862 0.0000
vt 0.3671 0.0889 0.0000
vt 0.3671 0.0881 0.0000
vt 0.3678 0.0878 0.0000
vt 0.3678 0.0888 0.0000
vt 0.3673 0.0919 0.0000
vt 0.3680 0.0919 0.0000
vt 0.3253 0.0926 0.0000
vt 0.3251 0.0896 0.0000
vt 0.3252 0.0888 0.0000
vt 0.5846 0.7533 0.0000
vt 0.5873 0.7532 0.0000
vt 0.5871 0.7535 0.0000
vt 0.5845 0.7536 0.0000
vt 0.5819 0.7533 0.0000
vt 0.5818 0.7536 0.0000
vt 0.5998 0.7165 0.0000
vt 0.6025 0.7165 0.0000
vt 0.6051 0.7165 0.0000
vt 0.1391 0.9726 0.0000
vt 0.1378 0.9725 0.0000
vt 0.1371 0.9720 0.0000
vt 0.1391 0.9722 0.0000
vt 0.1421 0.9725 0.0000
vt 0.1422 0.9720 0.0000
vt 0.1421 0.9757 0.0000
vt 0.1390 0.9759 0.0000
vt 0.1377 0.9757 0.0000
vt 0.1391 0.9716 0.0000
vt 0.1369 0.9713 0.0000
vt 0.1391 0.9709 0.0000
vt 0.1368 0.9706 0.0000
vt 0.1422 0.9708 0.0000
vt 0.1422 0.9714 0.0000
vt 0.1945 0.9606 0.0000
vt 0.2024 0.9603 0.0000
vt 0.2024 0.9609 0.0000
vt 0.1945 0.9612 0.0000
vt 0.1865 0.9617 0.0000
vt 0.1865 0.9623 0.0000
vt 0.1864 0.9611 0.0000
vt 0.1945 0.9600 0.0000
vt 0.2024 0.9596 0.0000
vt 0.2100 0.9607 0.0000
vt 0.2175 0.9618 0.0000
vt 0.2175 0.9624 0.0000
vt 0.2100 0.9613 0.0000
vt 0.2100 0.9601 0.0000
vt 0.2174 0.9612 0.0000
vt 0.2248 0.9634 0.0000
vt 0.2324 0.9653 0.0000
vt 0.2324 0.9659 0.0000
vt 0.2248 0.9640 0.0000
vt 0.2248 0.9628 0.0000
vt 0.2323 0.9647 0.0000
vt 0.1632 0.9675 0.0000
vt 0.1707 0.9654 0.0000
vt 0.1707 0.9660 0.0000
vt 0.1632 0.9681 0.0000
vt 0.1559 0.9693 0.0000
vt 0.1559 0.9699 0.0000
vt 0.1559 0.9686 0.0000
vt 0.1632 0.9668 0.0000
vt 0.1707 0.9648 0.0000
vt 0.1785 0.9634 0.0000
vt 0.1785 0.9640 0.0000
vt 0.1785 0.9628 0.0000
vt 0.2402 0.9672 0.0000
vt 0.2470 0.9686 0.0000
vt 0.2402 0.9677 0.0000
vt 0.2401 0.9665 0.0000
vt 0.2470 0.9679 0.0000
vt 0.1485 0.9706 0.0000
vt 0.1484 0.9712 0.0000
vt 0.1485 0.9700 0.0000
vt 0.1391 0.9703 0.0000
vt 0.1422 0.9702 0.0000
vt 0.1368 0.9700 0.0000
vt 0.1372 0.9428 0.0000
vt 0.1394 0.9431 0.0000
vt 0.1425 0.9429 0.0000
vt 0.1945 0.9593 0.0000
vt 0.2024 0.9590 0.0000
vt 0.1864 0.9604 0.0000
vt 0.1863 0.9333 0.0000
vt 0.1942 0.9322 0.0000
vt 0.2021 0.9318 0.0000
vt 0.2100 0.9594 0.0000
vt 0.2174 0.9605 0.0000
vt 0.2096 0.9323 0.0000
vt 0.2170 0.9334 0.0000
vt 0.2248 0.9622 0.0000
vt 0.2323 0.9640 0.0000
vt 0.2243 0.9350 0.0000
vt 0.2317 0.9369 0.0000
vt 0.1632 0.9662 0.0000
vt 0.1707 0.9641 0.0000
vt 0.1559 0.9680 0.0000
vt 0.1561 0.9408 0.0000
vt 0.1633 0.9390 0.0000
vt 0.1707 0.9369 0.0000
vt 0.1785 0.9621 0.0000
vt 0.1784 0.9350 0.0000
vt 0.2401 0.9659 0.0000
vt 0.2470 0.9673 0.0000
vt 0.2394 0.9387 0.0000
vt 0.2462 0.9401 0.0000
vt 0.1485 0.9694 0.0000
vt 0.1487 0.9421 0.0000
vt 0.6668 0.0015 0.0000
vt 0.6669 0.0005 0.0000
vt 0.6673 0.0010 0.0000
vt 0.6672 0.0018 0.0000
vt 0.6659 0.0046 0.0000
vt 0.6664 0.0048 0.0000
vt 0.6657 0.0046 0.0000
vt 0.6665 0.0015 0.0000
vt 0.6667 0.0005 0.0000
vt 0.0404 0.1216 0.0000
vt 0.0412 0.1221 0.0000
vt 0.0402 0.1222 0.0000
vt 0.0395 0.1217 0.0000
vt 0.0395 0.1185 0.0000
vt 0.0386 0.1187 0.0000
vt 0.0398 0.1184 0.0000
vt 0.0407 0.1215 0.0000
vt 0.0414 0.1221 0.0000
vt 0.5844 0.7538 0.0000
vt 0.5871 0.7537 0.0000
vt 0.5877 0.7541 0.0000
vt 0.5843 0.7542 0.0000
vt 0.5816 0.7537 0.0000
vt 0.5807 0.7540 0.0000
vt 0.1428 0.6481 0.0000
vt 0.1455 0.6480 0.0000
vt 0.1444 0.7554 0.0000
vt 0.1416 0.7555 0.0000
vt 0.1409 0.6479 0.0000
vt 0.1395 0.7552 0.0000
vt 0.1424 0.5404 0.0000
vt 0.1443 0.5406 0.0000
vt 0.1468 0.5404 0.0000
vt 0.1911 0.6383 0.0000
vt 0.1979 0.6381 0.0000
vt 0.1994 0.7450 0.0000
vt 0.1922 0.7453 0.0000
vt 0.1842 0.6392 0.0000
vt 0.1849 0.7462 0.0000
vt 0.1836 0.5320 0.0000
vt 0.1901 0.5312 0.0000
vt 0.1966 0.5310 0.0000
vt 0.2047 0.6386 0.0000
vt 0.2112 0.6397 0.0000
vt 0.2133 0.7466 0.0000
vt 0.2065 0.7455 0.0000
vt 0.2030 0.5315 0.0000
vt 0.2093 0.5326 0.0000
vt 0.2178 0.6412 0.0000
vt 0.2243 0.6430 0.0000
vt 0.2271 0.7500 0.0000
vt 0.2202 0.7482 0.0000
vt 0.2155 0.5341 0.0000
vt 0.2217 0.5358 0.0000
vt 0.1641 0.6444 0.0000
vt 0.1707 0.6425 0.0000
vt 0.1707 0.7497 0.0000
vt 0.1638 0.7516 0.0000
vt 0.1577 0.6460 0.0000
vt 0.1571 0.7533 0.0000
vt 0.1584 0.5386 0.0000
vt 0.1646 0.5369 0.0000
vt 0.1708 0.5352 0.0000
vt 0.1774 0.6407 0.0000
vt 0.1777 0.7478 0.0000
vt 0.1771 0.5334 0.0000
vt 0.2310 0.6446 0.0000
vt 0.2369 0.6458 0.0000
vt 0.2404 0.7529 0.0000
vt 0.2341 0.7516 0.0000
vt 0.2281 0.5373 0.0000
vt 0.2336 0.5385 0.0000
vt 0.1511 0.6473 0.0000
vt 0.1502 0.7546 0.0000
vt 0.1522 0.5397 0.0000
vt 0.6876 0.9938 0.0000
vt 0.6849 0.9938 0.0000
vt 0.6849 0.9936 0.0000
vt 0.6875 0.9936 0.0000
vt 0.6904 0.9938 0.0000
vt 0.6901 0.9936 0.0000
vt 0.6914 0.9941 0.0000
vt 0.6877 0.9941 0.0000
vt 0.6843 0.9940 0.0000
vt 0.1945 0.9617 0.0000
vt 0.2024 0.9614 0.0000
vt 0.2025 0.9647 0.0000
vt 0.1945 0.9650 0.0000
vt 0.1865 0.9628 0.0000
vt 0.1865 0.9661 0.0000
vt 0.2101 0.9618 0.0000
vt 0.2175 0.9629 0.0000
vt 0.2175 0.9662 0.0000
vt 0.2101 0.9651 0.0000
vt 0.2249 0.9645 0.0000
vt 0.2324 0.9664 0.0000
vt 0.2325 0.9697 0.0000
vt 0.2249 0.9678 0.0000
vt 0.2402 0.9682 0.0000
vt 0.2403 0.9715 0.0000
vt 0.1484 0.9717 0.0000
vt 0.1559 0.9703 0.0000
vt 0.1558 0.9736 0.0000
vt 0.1484 0.9750 0.0000
vt 0.1632 0.9685 0.0000
vt 0.1707 0.9665 0.0000
vt 0.1707 0.9698 0.0000
vt 0.1632 0.9718 0.0000
vt 0.1785 0.9645 0.0000
vt 0.1785 0.9678 0.0000
vt 0.2514 0.9826 0.0000
vt 0.2474 0.9819 0.0000
vt 0.2537 0.9828 0.0000
vt 0.2539 0.9916 0.0000
vt 0.2516 0.9914 0.0000
vt 0.0378 0.1100 0.0000
vt 0.0376 0.1100 0.0000
vt 0.0351 0.1017 0.0000
vt 0.0354 0.1017 0.0000
vt 0.0792 0.1093 0.0000
vt 0.0770 0.1010 0.0000
vt 0.0813 0.1176 0.0000
vt 0.0402 0.1184 0.0000
vt 0.1389 0.9846 0.0000
vt 0.1375 0.9845 0.0000
vt 0.1420 0.9845 0.0000
vt 0.1387 0.9934 0.0000
vt 0.1373 0.9933 0.0000
vt 0.6638 0.0131 0.0000
vt 0.6636 0.0131 0.0000
vt 0.6643 0.0133 0.0000
vt 0.6622 0.0218 0.0000
vt 0.6617 0.0216 0.0000
vt 0.6615 0.0216 0.0000
vt 0.0337 0.0986 0.0000
vt 0.0341 0.0986 0.0000
vt 0.0347 0.1017 0.0000
vt 0.0327 0.0988 0.0000
vt 0.0338 0.1018 0.0000
vt 0.0333 0.0981 0.0000
vt 0.0343 0.0979 0.0000
vt 0.0345 0.0978 0.0000
vt 0.1946 0.9740 0.0000
vt 0.2025 0.9736 0.0000
vt 0.1865 0.9751 0.0000
vt 0.2102 0.9740 0.0000
vt 0.2177 0.9751 0.0000
vt 0.2251 0.9768 0.0000
vt 0.2326 0.9786 0.0000
vt 0.2405 0.9805 0.0000
vt 0.1483 0.9838 0.0000
vt 0.1558 0.9826 0.0000
vt 0.1632 0.9808 0.0000
vt 0.1707 0.9788 0.0000
vt 0.1785 0.9768 0.0000
vt 0.0373 0.1101 0.0000
vt 0.0364 0.1102 0.0000
vt 0.2517 0.9946 0.0000
vt 0.2539 0.9948 0.0000
vt 0.0411 0.1214 0.0000
vt 0.0821 0.1206 0.0000
vt 0.0826 0.1214 0.0000
vt 0.0416 0.1221 0.0000
vt 0.1387 0.9966 0.0000
vt 0.1372 0.9965 0.0000
vt 0.6612 0.0248 0.0000
vt 0.6609 0.0247 0.0000
vt 0.6617 0.0247 0.0000
vt 0.6616 0.0255 0.0000
vt 0.6610 0.0257 0.0000
vt 0.6610 0.0256 0.0000
vt 0.0344 0.0986 0.0000
vt 0.0348 0.0978 0.0000
vt 0.0764 0.0971 0.0000
vt 0.0762 0.0979 0.0000
vt 0.6662 0.0015 0.0000
vt 0.6654 0.0046 0.0000
vt 0.6240 0.0057 0.0000
vt 0.6246 0.0026 0.0000
vt 0.6665 0.0006 0.0000
vt 0.6250 0.0017 0.0000
vt 0.6874 0.9933 0.0000
vt 0.6848 0.9933 0.0000
vt 0.6668 0.9559 0.0000
vt 0.6693 0.9558 0.0000
vt 0.6900 0.9933 0.0000
vt 0.6718 0.9558 0.0000
vt 0.6548 0.6062 0.0000
vt 0.6572 0.6065 0.0000
vt 0.6523 0.6060 0.0000
vt 0.7050 0.4954 0.0000
vt 0.7074 0.4960 0.0000
vt 0.7097 0.4965 0.0000
vt 0.2024 0.1031 0.0000
vt 0.2039 0.1114 0.0000
vt 0.2010 0.0948 0.0000
vt 0.3260 0.1009 0.0000
vt 0.3266 0.1092 0.0000
vt 0.6633 0.0131 0.0000
vt 0.6613 0.0216 0.0000
vt 0.6204 0.0226 0.0000
vt 0.6222 0.0141 0.0000
vt 0.2044 0.1144 0.0000
vt 0.2047 0.1152 0.0000
vt 0.3269 0.1122 0.0000
vt 0.3271 0.1130 0.0000
vt 0.6606 0.0247 0.0000
vt 0.6608 0.0255 0.0000
vt 0.6201 0.0264 0.0000
vt 0.6197 0.0256 0.0000
vt 0.1809 0.1909 0.0000
vt 0.1847 0.1886 0.0000
vt 0.1766 0.1935 0.0000
vt 0.1755 0.1912 0.0000
vt 0.1799 0.1887 0.0000
vt 0.1839 0.1868 0.0000
vt 0.1886 0.1867 0.0000
vt 0.1922 0.1849 0.0000
vt 0.1881 0.1853 0.0000
vt 0.1919 0.1839 0.0000
vt 0.1950 0.1848 0.0000
vt 0.1948 0.1842 0.0000
vt 0.1442 0.3182 0.0000
vt 0.1444 0.3123 0.0000
vt 0.1434 0.3499 0.0000
vt 0.1408 0.3497 0.0000
vt 0.1416 0.3180 0.0000
vt 0.1419 0.3121 0.0000
vt 0.1336 0.9695 0.0000
vt 0.1340 0.9423 0.0000
vt 0.1336 0.9702 0.0000
vt 0.1300 0.9697 0.0000
vt 0.1300 0.9691 0.0000
vt 0.1304 0.9419 0.0000
vt 0.1380 0.6476 0.0000
vt 0.1350 0.6472 0.0000
vt 0.1369 0.5398 0.0000
vt 0.1398 0.5401 0.0000
vt 0.1365 0.7549 0.0000
vt 0.1333 0.7545 0.0000
vt 0.1945 0.1833 0.0000
vt 0.1942 0.1825 0.0000
vt 0.1867 0.1672 0.0000
vt 0.1884 0.1712 0.0000
vt 0.1869 0.1722 0.0000
vt 0.1849 0.1681 0.0000
vt 0.1849 0.1626 0.0000
vt 0.1828 0.1635 0.0000
vt 0.1904 0.1752 0.0000
vt 0.1894 0.1760 0.0000
vt 0.2297 0.3173 0.0000
vt 0.2294 0.3114 0.0000
vt 0.2316 0.3114 0.0000
vt 0.2319 0.3173 0.0000
vt 0.2309 0.3489 0.0000
vt 0.2332 0.3490 0.0000
vt 0.2510 0.9679 0.0000
vt 0.2502 0.9407 0.0000
vt 0.2533 0.9410 0.0000
vt 0.2542 0.9682 0.0000
vt 0.2510 0.9686 0.0000
vt 0.2542 0.9689 0.0000
vt 0.2404 0.6463 0.0000
vt 0.2369 0.5389 0.0000
vt 0.2431 0.6465 0.0000
vt 0.2394 0.5391 0.0000
vt 0.2469 0.7537 0.0000
vt 0.2440 0.7535 0.0000
vt 0.2511 0.9693 0.0000
vt 0.2542 0.9696 0.0000
vt 0.1336 0.9709 0.0000
vt 0.1336 0.9715 0.0000
vt 0.1300 0.9712 0.0000
vt 0.1300 0.9705 0.0000
vt 0.7869 0.5186 0.0000
vt 0.7810 0.5163 0.0000
vt 0.7881 0.5142 0.0000
vt 0.7834 0.5135 0.0000
vt 0.7926 0.5152 0.0000
vt 0.7934 0.5186 0.0000
vt 0.7746 0.5006 0.0000
vt 0.7773 0.4950 0.0000
vt 0.7811 0.5009 0.0000
vt 0.7818 0.4964 0.0000
vt 0.7805 0.5058 0.0000
vt 0.7743 0.5066 0.0000
vt 0.7821 0.4908 0.0000
vt 0.7871 0.4882 0.0000
vt 0.7846 0.4931 0.0000
vt 0.7885 0.4914 0.0000
vt 0.7903 0.4877 0.0000
vt 0.7927 0.4881 0.0000
vt 0.7910 0.4907 0.0000
vt 0.7926 0.4901 0.0000
vt 0.8049 0.4949 0.0000
vt 0.8072 0.5004 0.0000
vt 0.8013 0.4959 0.0000
vt 0.8024 0.5001 0.0000
vt 0.8003 0.4930 0.0000
vt 0.8018 0.4909 0.0000
vt 0.8069 0.5064 0.0000
vt 0.8042 0.5120 0.0000
vt 0.8009 0.5045 0.0000
vt 0.7990 0.5091 0.0000
vt 0.7994 0.5162 0.0000
vt 0.7958 0.5127 0.0000
vt 0.7997 0.4894 0.0000
vt 0.7982 0.4925 0.0000
vt 0.7963 0.4920 0.0000
vt 0.7979 0.4890 0.0000
vt 0.7766 0.5121 0.0000
vt 0.7817 0.5102 0.0000
vt 0.7954 0.4886 0.0000
vt 0.7942 0.4913 0.0000
vt 0.7890 0.5105 0.0000
vt 0.7900 0.5067 0.0000
vt 0.7978 0.4958 0.0000
vt 0.7963 0.4990 0.0000
vt 0.7948 0.4948 0.0000
vt 0.7923 0.4969 0.0000
vt 0.7912 0.5018 0.0000
vt 0.7878 0.4977 0.0000
vt 0.7872 0.4950 0.0000
vt 0.7902 0.4943 0.0000
vt 0.7925 0.4931 0.0000
vt 0.1460 0.4328 0.0000
vt 0.1485 0.4327 0.0000
vt 0.1443 0.4326 0.0000
vt 0.1404 0.8626 0.0000
vt 0.1382 0.8623 0.0000
vt 0.1433 0.8625 0.0000
vt 0.1893 0.4239 0.0000
vt 0.1955 0.4238 0.0000
vt 0.1832 0.4247 0.0000
vt 0.1934 0.8520 0.0000
vt 0.1858 0.8531 0.0000
vt 0.2010 0.8517 0.0000
vt 0.2015 0.4243 0.0000
vt 0.2075 0.4253 0.0000
vt 0.2083 0.8522 0.0000
vt 0.2155 0.8533 0.0000
vt 0.2134 0.4268 0.0000
vt 0.2193 0.4284 0.0000
vt 0.2226 0.8549 0.0000
vt 0.2298 0.8567 0.0000
vt 0.1653 0.4294 0.0000
vt 0.1712 0.4276 0.0000
vt 0.1595 0.4309 0.0000
vt 0.1636 0.8586 0.0000
vt 0.1565 0.8604 0.0000
vt 0.1708 0.8566 0.0000
vt 0.1771 0.4260 0.0000
vt 0.1782 0.8547 0.0000
vt 0.2252 0.4298 0.0000
vt 0.2305 0.4309 0.0000
vt 0.2372 0.8585 0.0000
vt 0.2438 0.8598 0.0000
vt 0.1535 0.4320 0.0000
vt 0.1494 0.8617 0.0000
vt 0.1351 0.8619 0.0000
vt 0.1317 0.8615 0.0000
vt 0.1418 0.4324 0.0000
vt 0.1390 0.4321 0.0000
vt 0.2476 0.8604 0.0000
vt 0.2506 0.8607 0.0000
vt 0.2335 0.4313 0.0000
vt 0.2359 0.4314 0.0000
vt 0.3347 0.0100 0.0000
vt 0.3347 0.0130 0.0000
vt 0.3350 0.0093 0.0000
vt 0.3769 0.0076 0.0000
vt 0.3766 0.0085 0.0000
vt 0.3766 0.0115 0.0000
vt 0.3349 0.0213 0.0000
vt 0.3351 0.0296 0.0000
vt 0.3764 0.0198 0.0000
vt 0.3763 0.0281 0.0000
vt 0.3352 0.0326 0.0000
vt 0.3356 0.0333 0.0000
vt 0.3763 0.0311 0.0000
vt 0.3765 0.0319 0.0000
vt 0.3230 0.9857 0.0000
vt 0.3230 0.9863 0.0000
vt 0.3151 0.9873 0.0000
vt 0.3151 0.9867 0.0000
vt 0.3231 0.9826 0.0000
vt 0.3152 0.9836 0.0000
vt 0.3310 0.9822 0.0000
vt 0.3310 0.9853 0.0000
vt 0.3309 0.9858 0.0000
vt 0.3387 0.9856 0.0000
vt 0.3387 0.9861 0.0000
vt 0.3387 0.9824 0.0000
vt 0.3463 0.9833 0.0000
vt 0.3462 0.9865 0.0000
vt 0.3462 0.9870 0.0000
vt 0.3537 0.9879 0.0000
vt 0.3536 0.9885 0.0000
vt 0.3537 0.9848 0.0000
vt 0.3611 0.9865 0.0000
vt 0.3611 0.9897 0.0000
vt 0.3611 0.9902 0.0000
vt 0.3687 0.9915 0.0000
vt 0.3687 0.9921 0.0000
vt 0.3687 0.9884 0.0000
vt 0.3754 0.9899 0.0000
vt 0.3754 0.9930 0.0000
vt 0.3753 0.9936 0.0000
vt 0.2771 0.9929 0.0000
vt 0.2771 0.9935 0.0000
vt 0.2706 0.9936 0.0000
vt 0.2707 0.9930 0.0000
vt 0.2772 0.9898 0.0000
vt 0.2708 0.9899 0.0000
vt 0.2847 0.9893 0.0000
vt 0.2846 0.9924 0.0000
vt 0.2847 0.9929 0.0000
vt 0.2921 0.9913 0.0000
vt 0.2921 0.9918 0.0000
vt 0.2922 0.9881 0.0000
vt 0.2997 0.9866 0.0000
vt 0.2996 0.9898 0.0000
vt 0.2996 0.9903 0.0000
vt 0.3073 0.9882 0.0000
vt 0.3073 0.9887 0.0000
vt 0.3073 0.9850 0.0000
vt 0.0523 0.1706 0.0000
vt 0.0553 0.1697 0.0000
vt 0.0564 0.1714 0.0000
vt 0.0539 0.1723 0.0000
vt 0.0514 0.1725 0.0000
vt 0.0523 0.1735 0.0000
vt 0.0506 0.1725 0.0000
vt 0.0507 0.1713 0.0000
vt 0.0505 0.1697 0.0000
vt 0.0498 0.1706 0.0000
vt 0.0506 0.1676 0.0000
vt 0.0526 0.1681 0.0000
vt 0.0546 0.1680 0.0000
vt 0.0667 0.1735 0.0000
vt 0.0657 0.1685 0.0000
vt 0.0697 0.1672 0.0000
vt 0.0708 0.1739 0.0000
vt 0.0661 0.1787 0.0000
vt 0.0698 0.1806 0.0000
vt 0.0631 0.1772 0.0000
vt 0.0636 0.1732 0.0000
vt 0.0628 0.1694 0.0000
vt 0.0633 0.1639 0.0000
vt 0.0597 0.1603 0.0000
vt 0.0617 0.1567 0.0000
vt 0.0665 0.1613 0.0000
vt 0.0608 0.1659 0.0000
vt 0.0580 0.1631 0.0000
vt 0.0552 0.1579 0.0000
vt 0.0502 0.1568 0.0000
vt 0.0497 0.1525 0.0000
vt 0.0559 0.1537 0.0000
vt 0.0544 0.1613 0.0000
vt 0.0505 0.1604 0.0000
vt 0.0451 0.1571 0.0000
vt 0.0408 0.1582 0.0000
vt 0.0385 0.1542 0.0000
vt 0.0435 0.1529 0.0000
vt 0.0463 0.1607 0.0000
vt 0.0428 0.1617 0.0000
vt 0.0396 0.1853 0.0000
vt 0.0412 0.1866 0.0000
vt 0.0387 0.1906 0.0000
vt 0.0367 0.1891 0.0000
vt 0.0388 0.1841 0.0000
vt 0.0356 0.1876 0.0000
vt 0.0416 0.1810 0.0000
vt 0.0421 0.1821 0.0000
vt 0.0434 0.1831 0.0000
vt 0.0451 0.1885 0.0000
vt 0.0501 0.1897 0.0000
vt 0.0494 0.1943 0.0000
vt 0.0433 0.1928 0.0000
vt 0.0466 0.1847 0.0000
vt 0.0507 0.1858 0.0000
vt 0.0553 0.1892 0.0000
vt 0.0601 0.1870 0.0000
vt 0.0618 0.1911 0.0000
vt 0.0558 0.1937 0.0000
vt 0.0548 0.1854 0.0000
vt 0.0585 0.1837 0.0000
vt 0.0638 0.1833 0.0000
vt 0.0666 0.1865 0.0000
vt 0.0614 0.1808 0.0000
vt 0.0603 0.1731 0.0000
vt 0.0597 0.1703 0.0000
vt 0.0600 0.1759 0.0000
vt 0.0577 0.1750 0.0000
vt 0.0570 0.1732 0.0000
vt 0.0582 0.1679 0.0000
vt 0.0561 0.1660 0.0000
vt 0.0535 0.1647 0.0000
vt 0.0506 0.1641 0.0000
vt 0.0475 0.1644 0.0000
vt 0.0450 0.1651 0.0000
vt 0.0485 0.1676 0.0000
vt 0.0466 0.1672 0.0000
vt 0.0450 0.1789 0.0000
vt 0.0459 0.1797 0.0000
vt 0.0446 0.1780 0.0000
vt 0.0476 0.1755 0.0000
vt 0.0479 0.1761 0.0000
vt 0.0485 0.1768 0.0000
vt 0.0482 0.1809 0.0000
vt 0.0511 0.1818 0.0000
vt 0.0500 0.1777 0.0000
vt 0.0514 0.1791 0.0000
vt 0.0541 0.1816 0.0000
vt 0.0567 0.1804 0.0000
vt 0.0530 0.1782 0.0000
vt 0.0548 0.1774 0.0000
vt 0.0587 0.1784 0.0000
vt 0.0563 0.1761 0.0000
vt 0.0549 0.1740 0.0000
vt 0.0534 0.1751 0.0000
vt 0.0487 0.1692 0.0000
vt 0.0484 0.1699 0.0000
vt 0.0460 0.1691 0.0000
vt 0.0464 0.1684 0.0000
vt 0.0517 0.1761 0.0000
vt 0.0505 0.1748 0.0000
vt 0.3366 0.3332 0.0000
vt 0.3422 0.3329 0.0000
vt 0.3417 0.3633 0.0000
vt 0.3359 0.3636 0.0000
vt 0.3309 0.3340 0.0000
vt 0.3301 0.3644 0.0000
vt 0.3311 0.3285 0.0000
vt 0.3367 0.3278 0.0000
vt 0.3423 0.3274 0.0000
vt 0.3479 0.3330 0.0000
vt 0.3536 0.3337 0.0000
vt 0.3533 0.3641 0.0000
vt 0.3475 0.3634 0.0000
vt 0.3480 0.3276 0.0000
vt 0.3536 0.3282 0.0000
vt 0.3592 0.3347 0.0000
vt 0.3647 0.3360 0.0000
vt 0.3647 0.3665 0.0000
vt 0.3591 0.3651 0.0000
vt 0.3592 0.3292 0.0000
vt 0.3647 0.3305 0.0000
vt 0.3703 0.3374 0.0000
vt 0.3751 0.3384 0.0000
vt 0.3753 0.3689 0.0000
vt 0.3704 0.3678 0.0000
vt 0.3702 0.3318 0.0000
vt 0.3750 0.3329 0.0000
vt 0.2958 0.3383 0.0000
vt 0.2980 0.3384 0.0000
vt 0.2965 0.3689 0.0000
vt 0.2941 0.3688 0.0000
vt 0.2942 0.3380 0.0000
vt 0.2925 0.3685 0.0000
vt 0.2945 0.3324 0.0000
vt 0.2961 0.3327 0.0000
vt 0.2984 0.3328 0.0000
vt 0.3028 0.3384 0.0000
vt 0.3085 0.3381 0.0000
vt 0.3071 0.3686 0.0000
vt 0.3013 0.3689 0.0000
vt 0.3031 0.3328 0.0000
vt 0.3088 0.3325 0.0000
vt 0.3141 0.3373 0.0000
vt 0.3197 0.3363 0.0000
vt 0.3186 0.3667 0.0000
vt 0.3129 0.3678 0.0000
vt 0.3144 0.3317 0.0000
vt 0.3200 0.3307 0.0000
vt 0.3253 0.3351 0.0000
vt 0.3243 0.3655 0.0000
vt 0.3255 0.3296 0.0000
vt 0.3794 0.9702 0.0000
vt 0.3794 0.9698 0.0000
vt 0.3825 0.9703 0.0000
vt 0.3816 0.9707 0.0000
vt 0.3794 0.9734 0.0000
vt 0.3816 0.9738 0.0000
vt 0.3755 0.9725 0.0000
vt 0.3755 0.9693 0.0000
vt 0.3755 0.9689 0.0000
vt 0.3231 0.9871 0.0000
vt 0.3310 0.9867 0.0000
vt 0.4877 0.2042 0.0000
vt 0.4882 0.2056 0.0000
vt 0.4803 0.2072 0.0000
vt 0.4803 0.2058 0.0000
vt 0.4941 0.2002 0.0000
vt 0.4950 0.2013 0.0000
vt 0.3152 0.9881 0.0000
vt 0.3386 0.9870 0.0000
vt 0.3461 0.9879 0.0000
vt 0.4731 0.2043 0.0000
vt 0.4727 0.2057 0.0000
vt 0.4662 0.2015 0.0000
vt 0.4671 0.2004 0.0000
vt 0.3535 0.9893 0.0000
vt 0.3609 0.9911 0.0000
vt 0.4634 0.1943 0.0000
vt 0.4622 0.1950 0.0000
vt 0.4610 0.1874 0.0000
vt 0.4622 0.1872 0.0000
vt 0.3685 0.9929 0.0000
vt 0.3752 0.9944 0.0000
vt 0.4641 0.1800 0.0000
vt 0.4629 0.1797 0.0000
vt 0.4664 0.1737 0.0000
vt 0.4673 0.1743 0.0000
vt 0.3792 0.9951 0.0000
vt 0.3792 0.9943 0.0000
vt 0.3823 0.9946 0.0000
vt 0.3823 0.9955 0.0000
vt 0.4701 0.1717 0.0000
vt 0.4694 0.1709 0.0000
vt 0.4723 0.1697 0.0000
vt 0.4729 0.1706 0.0000
vt 0.2771 0.9943 0.0000
vt 0.2847 0.9938 0.0000
vt 0.4895 0.1697 0.0000
vt 0.4901 0.1687 0.0000
vt 0.4965 0.1729 0.0000
vt 0.4955 0.1736 0.0000
vt 0.4837 0.1676 0.0000
vt 0.4840 0.1665 0.0000
vt 0.2706 0.9944 0.0000
vt 0.2922 0.9927 0.0000
vt 0.2998 0.9912 0.0000
vt 0.4992 0.1797 0.0000
vt 0.5005 0.1794 0.0000
vt 0.5017 0.1871 0.0000
vt 0.5004 0.1869 0.0000
vt 0.3074 0.9896 0.0000
vt 0.4985 0.1940 0.0000
vt 0.4997 0.1947 0.0000
vt 0.2618 0.9937 0.0000
vt 0.2619 0.9929 0.0000
vt 0.2653 0.9931 0.0000
vt 0.2650 0.9940 0.0000
vt 0.4758 0.1694 0.0000
vt 0.4755 0.1683 0.0000
vt 0.4784 0.1671 0.0000
vt 0.4786 0.1683 0.0000
vt 0.2584 0.9934 0.0000
vt 0.2584 0.9925 0.0000
vt 0.2673 0.9943 0.0000
vt 0.2674 0.9934 0.0000
vt 0.4807 0.1674 0.0000
vt 0.4807 0.1663 0.0000
vt 0.3443 0.0529 0.0000
vt 0.3442 0.0521 0.0000
vt 0.3443 0.0559 0.0000
vt 0.3028 0.0552 0.0000
vt 0.3028 0.0522 0.0000
vt 0.3029 0.0513 0.0000
vt 0.8790 0.1683 0.0000
vt 0.8764 0.1682 0.0000
vt 0.8765 0.1680 0.0000
vt 0.8791 0.1680 0.0000
vt 0.8816 0.1682 0.0000
vt 0.8818 0.1680 0.0000
vt 0.8638 0.2045 0.0000
vt 0.8612 0.2045 0.0000
vt 0.8587 0.2044 0.0000
vt 0.2685 0.9697 0.0000
vt 0.2672 0.9694 0.0000
vt 0.2665 0.9689 0.0000
vt 0.2685 0.9692 0.0000
vt 0.2715 0.9697 0.0000
vt 0.2715 0.9693 0.0000
vt 0.2714 0.9729 0.0000
vt 0.2683 0.9728 0.0000
vt 0.2670 0.9726 0.0000
vt 0.2685 0.9686 0.0000
vt 0.2663 0.9682 0.0000
vt 0.2685 0.9680 0.0000
vt 0.2663 0.9676 0.0000
vt 0.2716 0.9681 0.0000
vt 0.2716 0.9687 0.0000
vt 0.3235 0.9609 0.0000
vt 0.3314 0.9605 0.0000
vt 0.3314 0.9611 0.0000
vt 0.3235 0.9615 0.0000
vt 0.3157 0.9619 0.0000
vt 0.3157 0.9625 0.0000
vt 0.3157 0.9613 0.0000
vt 0.3236 0.9603 0.0000
vt 0.3314 0.9599 0.0000
vt 0.3391 0.9608 0.0000
vt 0.3466 0.9617 0.0000
vt 0.3466 0.9622 0.0000
vt 0.3391 0.9613 0.0000
vt 0.3391 0.9601 0.0000
vt 0.3466 0.9610 0.0000
vt 0.3539 0.9631 0.0000
vt 0.3613 0.9649 0.0000
vt 0.3613 0.9655 0.0000
vt 0.3539 0.9637 0.0000
vt 0.3539 0.9625 0.0000
vt 0.3613 0.9643 0.0000
vt 0.2929 0.9664 0.0000
vt 0.3003 0.9650 0.0000
vt 0.3003 0.9655 0.0000
vt 0.2928 0.9670 0.0000
vt 0.2855 0.9676 0.0000
vt 0.2854 0.9682 0.0000
vt 0.2855 0.9670 0.0000
vt 0.2929 0.9658 0.0000
vt 0.3003 0.9643 0.0000
vt 0.3079 0.9634 0.0000
vt 0.3079 0.9639 0.0000
vt 0.3079 0.9627 0.0000
vt 0.3688 0.9667 0.0000
vt 0.3755 0.9683 0.0000
vt 0.3688 0.9673 0.0000
vt 0.3688 0.9661 0.0000
vt 0.3755 0.9677 0.0000
vt 0.2779 0.9684 0.0000
vt 0.2779 0.9690 0.0000
vt 0.2779 0.9678 0.0000
vt 0.2685 0.9674 0.0000
vt 0.2716 0.9675 0.0000
vt 0.2663 0.9669 0.0000
vt 0.2674 0.9405 0.0000
vt 0.2696 0.9410 0.0000
vt 0.2726 0.9411 0.0000
vt 0.3236 0.9597 0.0000
vt 0.3314 0.9592 0.0000
vt 0.3157 0.9607 0.0000
vt 0.3163 0.9344 0.0000
vt 0.3241 0.9334 0.0000
vt 0.3318 0.9329 0.0000
vt 0.3391 0.9595 0.0000
vt 0.3466 0.9604 0.0000
vt 0.3395 0.9332 0.0000
vt 0.3469 0.9341 0.0000
vt 0.3539 0.9619 0.0000
vt 0.3613 0.9636 0.0000
vt 0.3542 0.9355 0.0000
vt 0.3615 0.9373 0.0000
vt 0.2929 0.9652 0.0000
vt 0.3004 0.9637 0.0000
vt 0.2855 0.9664 0.0000
vt 0.2864 0.9400 0.0000
vt 0.2937 0.9389 0.0000
vt 0.3011 0.9374 0.0000
vt 0.3079 0.9621 0.0000
vt 0.3086 0.9358 0.0000
vt 0.3688 0.9655 0.0000
vt 0.3755 0.9670 0.0000
vt 0.3689 0.9391 0.0000
vt 0.3755 0.9407 0.0000
vt 0.2780 0.9672 0.0000
vt 0.2789 0.9408 0.0000
vt 0.6697 0.1362 0.0000
vt 0.6699 0.1352 0.0000
vt 0.6702 0.1357 0.0000
vt 0.6701 0.1365 0.0000
vt 0.6689 0.1392 0.0000
vt 0.6694 0.1394 0.0000
vt 0.6687 0.1392 0.0000
vt 0.6695 0.1362 0.0000
vt 0.6697 0.1352 0.0000
vt 0.0201 0.0700 0.0000
vt 0.0209 0.0706 0.0000
vt 0.0199 0.0706 0.0000
vt 0.0192 0.0700 0.0000
vt 0.0195 0.0669 0.0000
vt 0.0186 0.0670 0.0000
vt 0.0198 0.0669 0.0000
vt 0.0204 0.0699 0.0000
vt 0.0210 0.0706 0.0000
vt 0.8792 0.1677 0.0000
vt 0.8765 0.1677 0.0000
vt 0.8759 0.1674 0.0000
vt 0.8793 0.1674 0.0000
vt 0.8819 0.1678 0.0000
vt 0.8828 0.1675 0.0000
vt 0.2811 0.6555 0.0000
vt 0.2838 0.6557 0.0000
vt 0.2797 0.7594 0.0000
vt 0.2768 0.7593 0.0000
vt 0.2792 0.6552 0.0000
vt 0.2748 0.7589 0.0000
vt 0.2838 0.5515 0.0000
vt 0.2856 0.5518 0.0000
vt 0.2882 0.5520 0.0000
vt 0.3295 0.6492 0.0000
vt 0.3363 0.6488 0.0000
vt 0.3346 0.7520 0.0000
vt 0.3275 0.7524 0.0000
vt 0.3226 0.6500 0.0000
vt 0.3203 0.7534 0.0000
vt 0.3252 0.5467 0.0000
vt 0.3316 0.5459 0.0000
vt 0.3381 0.5455 0.0000
vt 0.3430 0.6490 0.0000
vt 0.3497 0.6497 0.0000
vt 0.3486 0.7531 0.0000
vt 0.3417 0.7523 0.0000
vt 0.3445 0.5457 0.0000
vt 0.3509 0.5464 0.0000
vt 0.3562 0.6510 0.0000
vt 0.3628 0.6525 0.0000
vt 0.3623 0.7560 0.0000
vt 0.3555 0.7544 0.0000
vt 0.3571 0.5476 0.0000
vt 0.3633 0.5491 0.0000
vt 0.3027 0.6540 0.0000
vt 0.3093 0.6527 0.0000
vt 0.3063 0.7562 0.0000
vt 0.2994 0.7575 0.0000
vt 0.2961 0.6550 0.0000
vt 0.2925 0.7586 0.0000
vt 0.2999 0.5514 0.0000
vt 0.3062 0.5505 0.0000
vt 0.3125 0.5493 0.0000
vt 0.3159 0.6513 0.0000
vt 0.3132 0.7547 0.0000
vt 0.3188 0.5479 0.0000
vt 0.3693 0.6542 0.0000
vt 0.3751 0.6555 0.0000
vt 0.3753 0.7591 0.0000
vt 0.3692 0.7577 0.0000
vt 0.3696 0.5506 0.0000
vt 0.3750 0.5518 0.0000
vt 0.2894 0.6555 0.0000
vt 0.2855 0.7592 0.0000
vt 0.2935 0.5519 0.0000
vt 0.3864 0.3978 0.0000
vt 0.3891 0.3978 0.0000
vt 0.3891 0.3980 0.0000
vt 0.3865 0.3980 0.0000
vt 0.3837 0.3979 0.0000
vt 0.3839 0.3981 0.0000
vt 0.3827 0.3977 0.0000
vt 0.3863 0.3975 0.0000
vt 0.3897 0.3975 0.0000
vt 0.3235 0.9620 0.0000
vt 0.3314 0.9616 0.0000
vt 0.3313 0.9648 0.0000
vt 0.3235 0.9652 0.0000
vt 0.3156 0.9630 0.0000
vt 0.3156 0.9662 0.0000
vt 0.3391 0.9618 0.0000
vt 0.3466 0.9627 0.0000
vt 0.3465 0.9659 0.0000
vt 0.3390 0.9650 0.0000
vt 0.3539 0.9642 0.0000
vt 0.3613 0.9659 0.0000
vt 0.3613 0.9691 0.0000
vt 0.3539 0.9674 0.0000
vt 0.3688 0.9678 0.0000
vt 0.3688 0.9710 0.0000
vt 0.2779 0.9694 0.0000
vt 0.2854 0.9687 0.0000
vt 0.2853 0.9719 0.0000
vt 0.2778 0.9726 0.0000
vt 0.2928 0.9675 0.0000
vt 0.3003 0.9660 0.0000
vt 0.3002 0.9692 0.0000
vt 0.2927 0.9707 0.0000
vt 0.3079 0.9644 0.0000
vt 0.3078 0.9676 0.0000
vt 0.3793 0.9820 0.0000
vt 0.3754 0.9812 0.0000
vt 0.3816 0.9824 0.0000
vt 0.3815 0.9909 0.0000
vt 0.3793 0.9906 0.0000
vt 0.0184 0.0586 0.0000
vt 0.0180 0.0586 0.0000
vt 0.0163 0.0503 0.0000
vt 0.0166 0.0503 0.0000
vt 0.0592 0.0593 0.0000
vt 0.0577 0.0510 0.0000
vt 0.0607 0.0676 0.0000
vt 0.0201 0.0669 0.0000
vt 0.2679 0.9813 0.0000
vt 0.2666 0.9811 0.0000
vt 0.2711 0.9814 0.0000
vt 0.2676 0.9898 0.0000
vt 0.2662 0.9896 0.0000
vt 0.6671 0.1476 0.0000
vt 0.6669 0.1475 0.0000
vt 0.6676 0.1477 0.0000
vt 0.6657 0.1560 0.0000
vt 0.6652 0.1559 0.0000
vt 0.6650 0.1558 0.0000
vt 0.0153 0.0473 0.0000
vt 0.0156 0.0473 0.0000
vt 0.0160 0.0503 0.0000
vt 0.0143 0.0474 0.0000
vt 0.0150 0.0504 0.0000
vt 0.0149 0.0467 0.0000
vt 0.0159 0.0466 0.0000
vt 0.0161 0.0466 0.0000
vt 0.3233 0.9739 0.0000
vt 0.3312 0.9735 0.0000
vt 0.3154 0.9749 0.0000
vt 0.3389 0.9737 0.0000
vt 0.3464 0.9746 0.0000
vt 0.3538 0.9761 0.0000
vt 0.3612 0.9778 0.0000
vt 0.3688 0.9797 0.0000
vt 0.2775 0.9812 0.0000
vt 0.2850 0.9806 0.0000
vt 0.2925 0.9794 0.0000
vt 0.2999 0.9779 0.0000
vt 0.3076 0.9763 0.0000
vt 0.0177 0.0586 0.0000
vt 0.0168 0.0587 0.0000
vt 0.3793 0.9937 0.0000
vt 0.3815 0.9940 0.0000
vt 0.0208 0.0698 0.0000
vt 0.0612 0.0706 0.0000
vt 0.0616 0.0714 0.0000
vt 0.0213 0.0706 0.0000
vt 0.2675 0.9929 0.0000
vt 0.2660 0.9927 0.0000
vt 0.6648 0.1589 0.0000
vt 0.6645 0.1589 0.0000
vt 0.6652 0.1589 0.0000
vt 0.6651 0.1596 0.0000
vt 0.6645 0.1599 0.0000
vt 0.6645 0.1598 0.0000
vt 0.0160 0.0473 0.0000
vt 0.0164 0.0465 0.0000
vt 0.0574 0.0472 0.0000
vt 0.0571 0.0480 0.0000
vt 0.6691 0.1362 0.0000
vt 0.6684 0.1392 0.0000
vt 0.6275 0.1399 0.0000
vt 0.6281 0.1369 0.0000
vt 0.6695 0.1353 0.0000
vt 0.6285 0.1360 0.0000
vt 0.3866 0.3983 0.0000
vt 0.3892 0.3982 0.0000
vt 0.4072 0.4351 0.0000
vt 0.4047 0.4352 0.0000
vt 0.3841 0.3984 0.0000
vt 0.4022 0.4353 0.0000
vt 0.8089 0.3129 0.0000
vt 0.8065 0.3126 0.0000
vt 0.8114 0.3132 0.0000
vt 0.7587 0.4219 0.0000
vt 0.7564 0.4213 0.0000
vt 0.7540 0.4207 0.0000
vt 0.1809 0.0614 0.0000
vt 0.1817 0.0696 0.0000
vt 0.1802 0.0531 0.0000
vt 0.3028 0.0635 0.0000
vt 0.3028 0.0717 0.0000
vt 0.6666 0.1475 0.0000
vt 0.6647 0.1558 0.0000
vt 0.6244 0.1565 0.0000
vt 0.6260 0.1482 0.0000
vt 0.1819 0.0726 0.0000
vt 0.1822 0.0735 0.0000
vt 0.3028 0.0747 0.0000
vt 0.3030 0.0755 0.0000
vt 0.6641 0.1588 0.0000
vt 0.6643 0.1597 0.0000
vt 0.6241 0.1603 0.0000
vt 0.6238 0.1595 0.0000
vt 0.0376 0.1823 0.0000
vt 0.0407 0.1795 0.0000
vt 0.0342 0.1856 0.0000
vt 0.0327 0.1835 0.0000
vt 0.0363 0.1804 0.0000
vt 0.0396 0.1778 0.0000
vt 0.0441 0.1769 0.0000
vt 0.0472 0.1746 0.0000
vt 0.0434 0.1756 0.0000
vt 0.0468 0.1737 0.0000
vt 0.0500 0.1741 0.0000
vt 0.0496 0.1735 0.0000
vt 0.2919 0.3376 0.0000
vt 0.2923 0.3320 0.0000
vt 0.2901 0.3681 0.0000
vt 0.2876 0.3676 0.0000
vt 0.2894 0.3371 0.0000
vt 0.2898 0.3315 0.0000
vt 0.2631 0.9663 0.0000
vt 0.2642 0.9399 0.0000
vt 0.2631 0.9670 0.0000
vt 0.2596 0.9663 0.0000
vt 0.2596 0.9657 0.0000
vt 0.2608 0.9393 0.0000
vt 0.2764 0.6547 0.0000
vt 0.2734 0.6541 0.0000
vt 0.2783 0.5505 0.0000
vt 0.2812 0.5510 0.0000
vt 0.2719 0.7583 0.0000
vt 0.2687 0.7578 0.0000
vt 0.0492 0.1727 0.0000
vt 0.0488 0.1720 0.0000
vt 0.0385 0.1593 0.0000
vt 0.0409 0.1626 0.0000
vt 0.0397 0.1638 0.0000
vt 0.0369 0.1605 0.0000
vt 0.0359 0.1554 0.0000
vt 0.0340 0.1567 0.0000
vt 0.0436 0.1659 0.0000
vt 0.0428 0.1669 0.0000
vt 0.3779 0.3389 0.0000
vt 0.3778 0.3333 0.0000
vt 0.3800 0.3335 0.0000
vt 0.3801 0.3392 0.0000
vt 0.3782 0.3695 0.0000
vt 0.3805 0.3697 0.0000
vt 0.3794 0.9678 0.0000
vt 0.3793 0.9414 0.0000
vt 0.3824 0.9419 0.0000
vt 0.3824 0.9683 0.0000
vt 0.3794 0.9685 0.0000
vt 0.3825 0.9689 0.0000
vt 0.3785 0.6561 0.0000
vt 0.3782 0.5525 0.0000
vt 0.3811 0.6565 0.0000
vt 0.3808 0.5528 0.0000
vt 0.3816 0.7602 0.0000
vt 0.3788 0.7598 0.0000
vt 0.3794 0.9691 0.0000
vt 0.3825 0.9696 0.0000
vt 0.2631 0.9677 0.0000
vt 0.2631 0.9682 0.0000
vt 0.2595 0.9678 0.0000
vt 0.2596 0.9670 0.0000
vt 0.4864 0.2008 0.0000
vt 0.4803 0.2021 0.0000
vt 0.4849 0.1966 0.0000
vt 0.4807 0.1985 0.0000
vt 0.4892 0.1950 0.0000
vt 0.4918 0.1974 0.0000
vt 0.4662 0.1925 0.0000
vt 0.4652 0.1865 0.0000
vt 0.4716 0.1894 0.0000
vt 0.4698 0.1853 0.0000
vt 0.4740 0.1937 0.0000
vt 0.4693 0.1976 0.0000
vt 0.4668 0.1806 0.0000
vt 0.4695 0.1758 0.0000
vt 0.4702 0.1811 0.0000
vt 0.4724 0.1777 0.0000
vt 0.4718 0.1737 0.0000
vt 0.4741 0.1727 0.0000
vt 0.4742 0.1758 0.0000
vt 0.4752 0.1745 0.0000
vt 0.4879 0.1720 0.0000
vt 0.4929 0.1753 0.0000
vt 0.4856 0.1746 0.0000
vt 0.4888 0.1775 0.0000
vt 0.4831 0.1728 0.0000
vt 0.4831 0.1703 0.0000
vt 0.4961 0.1803 0.0000
vt 0.4970 0.1863 0.0000
vt 0.4901 0.1819 0.0000
vt 0.4911 0.1867 0.0000
vt 0.4954 0.1923 0.0000
vt 0.4905 0.1913 0.0000
vt 0.4806 0.1701 0.0000
vt 0.4810 0.1735 0.0000
vt 0.4792 0.1741 0.0000
vt 0.4789 0.1708 0.0000
vt 0.4743 0.2009 0.0000
vt 0.4774 0.1966 0.0000
vt 0.4766 0.1717 0.0000
vt 0.4771 0.1746 0.0000
vt 0.4836 0.1931 0.0000
vt 0.4823 0.1895 0.0000
vt 0.4826 0.1764 0.0000
vt 0.4832 0.1798 0.0000
vt 0.4795 0.1772 0.0000
vt 0.4787 0.1802 0.0000
vt 0.4806 0.1848 0.0000
vt 0.4754 0.1833 0.0000
vt 0.4734 0.1813 0.0000
vt 0.4755 0.1791 0.0000
vt 0.4767 0.1770 0.0000
vt 0.2904 0.4481 0.0000
vt 0.2928 0.4482 0.0000
vt 0.2887 0.4478 0.0000
vt 0.2727 0.8630 0.0000
vt 0.2706 0.8626 0.0000
vt 0.2757 0.8631 0.0000
vt 0.3340 0.4426 0.0000
vt 0.3401 0.4422 0.0000
vt 0.3279 0.4434 0.0000
vt 0.3256 0.8557 0.0000
vt 0.3180 0.8567 0.0000
vt 0.3331 0.8553 0.0000
vt 0.3462 0.4424 0.0000
vt 0.3523 0.4431 0.0000
vt 0.3404 0.8556 0.0000
vt 0.3477 0.8564 0.0000
vt 0.3582 0.4442 0.0000
vt 0.3641 0.4456 0.0000
vt 0.3548 0.8578 0.0000
vt 0.3619 0.8595 0.0000
vt 0.3100 0.4469 0.0000
vt 0.3159 0.4458 0.0000
vt 0.3040 0.4478 0.0000
vt 0.2962 0.8610 0.0000
vt 0.2890 0.8622 0.0000
vt 0.3034 0.8596 0.0000
vt 0.3219 0.4445 0.0000
vt 0.3106 0.8581 0.0000
vt 0.3701 0.4470 0.0000
vt 0.3752 0.4482 0.0000
vt 0.3691 0.8613 0.0000
vt 0.3754 0.8628 0.0000
vt 0.2979 0.4482 0.0000
vt 0.2818 0.8629 0.0000
vt 0.2675 0.8620 0.0000
vt 0.2642 0.8614 0.0000
vt 0.2862 0.4473 0.0000
vt 0.2835 0.4468 0.0000
vt 0.3791 0.8635 0.0000
vt 0.3821 0.8639 0.0000
vt 0.3782 0.4488 0.0000
vt 0.3806 0.4491 0.0000
vt 0.3425 0.1443 0.0000
vt 0.3425 0.1473 0.0000
vt 0.3419 0.1473 0.0000
vt 0.3420 0.1442 0.0000
vt 0.3429 0.1435 0.0000
vt 0.3420 0.1434 0.0000
vt 0.3840 0.1427 0.0000
vt 0.3837 0.1435 0.0000
vt 0.3836 0.1466 0.0000
vt 0.3426 0.1556 0.0000
vt 0.3426 0.1638 0.0000
vt 0.3418 0.1638 0.0000
vt 0.3419 0.1555 0.0000
vt 0.3836 0.1549 0.0000
vt 0.3835 0.1631 0.0000
vt 0.3427 0.1668 0.0000
vt 0.3430 0.1675 0.0000
vt 0.3417 0.1675 0.0000
vt 0.3417 0.1668 0.0000
vt 0.3834 0.1661 0.0000
vt 0.3837 0.1669 0.0000
vt 0.9271 0.6636 0.0000
vt 0.9350 0.6650 0.0000
vt 0.9349 0.6655 0.0000
vt 0.9271 0.6641 0.0000
vt 0.9192 0.6627 0.0000
vt 0.9192 0.6632 0.0000
vt 0.9194 0.6596 0.0000
vt 0.9272 0.6604 0.0000
vt 0.9351 0.6619 0.0000
vt 0.9115 0.6625 0.0000
vt 0.9115 0.6631 0.0000
vt 0.9039 0.6630 0.0000
vt 0.9039 0.6636 0.0000
vt 0.9040 0.6599 0.0000
vt 0.9116 0.6594 0.0000
vt 0.8964 0.6641 0.0000
vt 0.8964 0.6646 0.0000
vt 0.8889 0.6654 0.0000
vt 0.8889 0.6660 0.0000
vt 0.8890 0.6623 0.0000
vt 0.8966 0.6609 0.0000
vt 0.8812 0.6669 0.0000
vt 0.8812 0.6674 0.0000
vt 0.8745 0.6680 0.0000
vt 0.8745 0.6685 0.0000
vt 0.8746 0.6649 0.0000
vt 0.8814 0.6637 0.0000
vt 0.9726 0.6733 0.0000
vt 0.9790 0.6738 0.0000
vt 0.9790 0.6743 0.0000
vt 0.9726 0.6738 0.0000
vt 0.9651 0.6724 0.0000
vt 0.9650 0.6729 0.0000
vt 0.9651 0.6692 0.0000
vt 0.9727 0.6702 0.0000
vt 0.9791 0.6707 0.0000
vt 0.9577 0.6708 0.0000
vt 0.9576 0.6713 0.0000
vt 0.9503 0.6689 0.0000
vt 0.9502 0.6694 0.0000
vt 0.9504 0.6658 0.0000
vt 0.9578 0.6677 0.0000
vt 0.9427 0.6669 0.0000
vt 0.9427 0.6674 0.0000
vt 0.9428 0.6637 0.0000
vt 0.7818 0.4177 0.0000
vt 0.7817 0.4199 0.0000
vt 0.7790 0.4207 0.0000
vt 0.7789 0.4187 0.0000
vt 0.7799 0.4158 0.0000
vt 0.7783 0.4170 0.0000
vt 0.7811 0.4143 0.0000
vt 0.7823 0.4158 0.0000
vt 0.7834 0.4170 0.0000
vt 0.7832 0.4159 0.0000
vt 0.7845 0.4175 0.0000
vt 0.7839 0.4183 0.0000
vt 0.7839 0.4198 0.0000
vt 0.7721 0.4286 0.0000
vt 0.7690 0.4314 0.0000
vt 0.7659 0.4254 0.0000
vt 0.7698 0.4240 0.0000
vt 0.7745 0.4265 0.0000
vt 0.7727 0.4229 0.0000
vt 0.7772 0.4293 0.0000
vt 0.7757 0.4323 0.0000
vt 0.7739 0.4361 0.0000
vt 0.7690 0.4189 0.0000
vt 0.7649 0.4187 0.0000
vt 0.7659 0.4121 0.0000
vt 0.7697 0.4138 0.0000
vt 0.7722 0.4190 0.0000
vt 0.7727 0.4151 0.0000
vt 0.7719 0.4092 0.0000
vt 0.7689 0.4062 0.0000
vt 0.7733 0.4015 0.0000
vt 0.7753 0.4054 0.0000
vt 0.7744 0.4115 0.0000
vt 0.7771 0.4085 0.0000
vt 0.7798 0.4027 0.0000
vt 0.7788 0.3983 0.0000
vt 0.7839 0.3967 0.0000
vt 0.7840 0.4013 0.0000
vt 0.7807 0.4064 0.0000
vt 0.7841 0.4053 0.0000
vt 0.8015 0.4225 0.0000
vt 0.8059 0.4244 0.0000
vt 0.8050 0.4266 0.0000
vt 0.8008 0.4244 0.0000
vt 0.7976 0.4211 0.0000
vt 0.7970 0.4227 0.0000
vt 0.7975 0.4198 0.0000
vt 0.8017 0.4211 0.0000
vt 0.8062 0.4228 0.0000
vt 0.7985 0.4281 0.0000
vt 0.8024 0.4308 0.0000
vt 0.7983 0.4353 0.0000
vt 0.7950 0.4320 0.0000
vt 0.7952 0.4258 0.0000
vt 0.7924 0.4290 0.0000
vt 0.7905 0.4345 0.0000
vt 0.7928 0.4384 0.0000
vt 0.7864 0.4398 0.0000
vt 0.7854 0.4354 0.0000
vt 0.7888 0.4311 0.0000
vt 0.7848 0.4318 0.0000
vt 0.7803 0.4346 0.0000
vt 0.7799 0.4390 0.0000
vt 0.7808 0.4312 0.0000
vt 0.7770 0.4244 0.0000
vt 0.7758 0.4218 0.0000
vt 0.7797 0.4225 0.0000
vt 0.7803 0.4243 0.0000
vt 0.7790 0.4264 0.0000
vt 0.7754 0.4190 0.0000
vt 0.7759 0.4162 0.0000
vt 0.7772 0.4137 0.0000
vt 0.7792 0.4115 0.0000
vt 0.7818 0.4101 0.0000
vt 0.7843 0.4093 0.0000
vt 0.7828 0.4132 0.0000
vt 0.7841 0.4119 0.0000
vt 0.7933 0.4201 0.0000
vt 0.7929 0.4213 0.0000
vt 0.7892 0.4194 0.0000
vt 0.7890 0.4203 0.0000
vt 0.7891 0.4188 0.0000
vt 0.7931 0.4192 0.0000
vt 0.7917 0.4236 0.0000
vt 0.7898 0.4260 0.0000
vt 0.7884 0.4219 0.0000
vt 0.7880 0.4239 0.0000
vt 0.7872 0.4275 0.0000
vt 0.7843 0.4281 0.0000
vt 0.7860 0.4241 0.0000
vt 0.7841 0.4245 0.0000
vt 0.7815 0.4277 0.0000
vt 0.7821 0.4243 0.0000
vt 0.7820 0.4219 0.0000
vt 0.7839 0.4218 0.0000
vt 0.7835 0.4146 0.0000
vt 0.7849 0.4128 0.0000
vt 0.7857 0.4131 0.0000
vt 0.7842 0.4151 0.0000
vt 0.7859 0.4216 0.0000
vt 0.7862 0.4199 0.0000
vt 0.9506 0.0114 0.0000
vt 0.9495 0.0417 0.0000
vt 0.9437 0.0411 0.0000
vt 0.9449 0.0107 0.0000
vt 0.9508 0.0059 0.0000
vt 0.9451 0.0053 0.0000
vt 0.9563 0.0070 0.0000
vt 0.9562 0.0125 0.0000
vt 0.9553 0.0429 0.0000
vt 0.9392 0.0106 0.0000
vt 0.9379 0.0409 0.0000
vt 0.9321 0.0412 0.0000
vt 0.9335 0.0109 0.0000
vt 0.9395 0.0051 0.0000
vt 0.9338 0.0054 0.0000
vt 0.9279 0.0116 0.0000
vt 0.9263 0.0420 0.0000
vt 0.9205 0.0430 0.0000
vt 0.9223 0.0126 0.0000
vt 0.9282 0.0061 0.0000
vt 0.9226 0.0071 0.0000
vt 0.9167 0.0136 0.0000
vt 0.9148 0.0440 0.0000
vt 0.9098 0.0448 0.0000
vt 0.9118 0.0144 0.0000
vt 0.9171 0.0080 0.0000
vt 0.9122 0.0088 0.0000
vt 0.9910 0.0187 0.0000
vt 0.9909 0.0493 0.0000
vt 0.9886 0.0493 0.0000
vt 0.9887 0.0187 0.0000
vt 0.9909 0.0131 0.0000
vt 0.9887 0.0131 0.0000
vt 0.9925 0.0128 0.0000
vt 0.9926 0.0185 0.0000
vt 0.9925 0.0491 0.0000
vt 0.9840 0.0185 0.0000
vt 0.9837 0.0490 0.0000
vt 0.9779 0.0483 0.0000
vt 0.9783 0.0178 0.0000
vt 0.9840 0.0128 0.0000
vt 0.9784 0.0122 0.0000
vt 0.9727 0.0167 0.0000
vt 0.9722 0.0472 0.0000
vt 0.9666 0.0458 0.0000
vt 0.9672 0.0153 0.0000
vt 0.9728 0.0111 0.0000
vt 0.9673 0.0098 0.0000
vt 0.9617 0.0138 0.0000
vt 0.9609 0.0443 0.0000
vt 0.9618 0.0083 0.0000
vt 0.8717 0.6450 0.0000
vt 0.8694 0.6454 0.0000
vt 0.8686 0.6450 0.0000
vt 0.8717 0.6446 0.0000
vt 0.8756 0.6444 0.0000
vt 0.8757 0.6439 0.0000
vt 0.8755 0.6475 0.0000
vt 0.8715 0.6482 0.0000
vt 0.8693 0.6485 0.0000
vt 0.9270 0.6650 0.0000
vt 0.9192 0.6641 0.0000
vt 0.9348 0.6664 0.0000
vt 0.8060 0.4819 0.0000
vt 0.7992 0.4775 0.0000
vt 0.8001 0.4764 0.0000
vt 0.8065 0.4805 0.0000
vt 0.8138 0.4835 0.0000
vt 0.8138 0.4821 0.0000
vt 0.9115 0.6639 0.0000
vt 0.9040 0.6644 0.0000
vt 0.8215 0.4820 0.0000
vt 0.8210 0.4807 0.0000
vt 0.8279 0.4778 0.0000
vt 0.8270 0.4767 0.0000
vt 0.8965 0.6655 0.0000
vt 0.8890 0.6668 0.0000
vt 0.8320 0.4714 0.0000
vt 0.8308 0.4707 0.0000
vt 0.8333 0.4637 0.0000
vt 0.8320 0.4635 0.0000
vt 0.8813 0.6683 0.0000
vt 0.8746 0.6694 0.0000
vt 0.8313 0.4561 0.0000
vt 0.8302 0.4563 0.0000
vt 0.8279 0.4500 0.0000
vt 0.8270 0.4507 0.0000
vt 0.8706 0.6699 0.0000
vt 0.8677 0.6702 0.0000
vt 0.8675 0.6693 0.0000
vt 0.8706 0.6690 0.0000
vt 0.8250 0.4472 0.0000
vt 0.8242 0.4481 0.0000
vt 0.8221 0.4460 0.0000
vt 0.8215 0.4469 0.0000
vt 0.9725 0.6747 0.0000
vt 0.9649 0.6737 0.0000
vt 0.9790 0.6751 0.0000
vt 0.8042 0.4449 0.0000
vt 0.8104 0.4428 0.0000
vt 0.8106 0.4439 0.0000
vt 0.8048 0.4459 0.0000
vt 0.7978 0.4491 0.0000
vt 0.7988 0.4499 0.0000
vt 0.9575 0.6722 0.0000
vt 0.9501 0.6703 0.0000
vt 0.7938 0.4556 0.0000
vt 0.7950 0.4559 0.0000
vt 0.7925 0.4633 0.0000
vt 0.7939 0.4631 0.0000
vt 0.9425 0.6683 0.0000
vt 0.7945 0.4709 0.0000
vt 0.7957 0.4702 0.0000
vt 0.8650 0.6722 0.0000
vt 0.8624 0.6741 0.0000
vt 0.8617 0.6734 0.0000
vt 0.8646 0.6715 0.0000
vt 0.8189 0.4446 0.0000
vt 0.8185 0.4457 0.0000
vt 0.8159 0.4434 0.0000
vt 0.8157 0.4446 0.0000
vt 0.9822 0.6752 0.0000
vt 0.9822 0.6743 0.0000
vt 0.9846 0.6751 0.0000
vt 0.9844 0.6741 0.0000
vt 0.8137 0.4426 0.0000
vt 0.8137 0.4437 0.0000
vt 0.3685 0.0888 0.0000
vt 0.3686 0.0880 0.0000
vt 0.4100 0.0867 0.0000
vt 0.4098 0.0859 0.0000
vt 0.4100 0.0897 0.0000
vt 0.3686 0.0918 0.0000
vt 0.5364 0.6937 0.0000
vt 0.5341 0.6923 0.0000
vt 0.5364 0.6909 0.0000
vt 0.5386 0.6923 0.0000
vt 0.5386 0.6950 0.0000
vt 0.5412 0.6937 0.0000
vt 0.5364 0.6964 0.0000
vt 0.5342 0.6950 0.0000
vt 0.5315 0.6937 0.0000
vt 0.5871 0.1671 0.0000
vt 0.5870 0.1669 0.0000
vt 0.5897 0.1669 0.0000
vt 0.5898 0.1671 0.0000
vt 0.6047 0.2035 0.0000
vt 0.6072 0.2034 0.0000
vt 0.6021 0.2035 0.0000
vt 0.5845 0.1671 0.0000
vt 0.5844 0.1669 0.0000
vt 0.9825 0.6505 0.0000
vt 0.9825 0.6501 0.0000
vt 0.9845 0.6499 0.0000
vt 0.9838 0.6504 0.0000
vt 0.9825 0.6537 0.0000
vt 0.9838 0.6535 0.0000
vt 0.9794 0.6536 0.0000
vt 0.9794 0.6505 0.0000
vt 0.9794 0.6500 0.0000
vt 0.9825 0.6495 0.0000
vt 0.9847 0.6492 0.0000
vt 0.9794 0.6494 0.0000
vt 0.9795 0.6488 0.0000
vt 0.9825 0.6489 0.0000
vt 0.9848 0.6486 0.0000
vt 0.9280 0.6388 0.0000
vt 0.9279 0.6394 0.0000
vt 0.9201 0.6385 0.0000
vt 0.9202 0.6379 0.0000
vt 0.9280 0.6382 0.0000
vt 0.9202 0.6373 0.0000
vt 0.9358 0.6396 0.0000
vt 0.9358 0.6402 0.0000
vt 0.9358 0.6408 0.0000
vt 0.9125 0.6378 0.0000
vt 0.9124 0.6384 0.0000
vt 0.9049 0.6388 0.0000
vt 0.9049 0.6383 0.0000
vt 0.9125 0.6371 0.0000
vt 0.9050 0.6376 0.0000
vt 0.8975 0.6393 0.0000
vt 0.8975 0.6399 0.0000
vt 0.8900 0.6412 0.0000
vt 0.8900 0.6407 0.0000
vt 0.8975 0.6387 0.0000
vt 0.8901 0.6400 0.0000
vt 0.9583 0.6460 0.0000
vt 0.9583 0.6466 0.0000
vt 0.9509 0.6447 0.0000
vt 0.9509 0.6441 0.0000
vt 0.9583 0.6454 0.0000
vt 0.9510 0.6435 0.0000
vt 0.9656 0.6470 0.0000
vt 0.9656 0.6476 0.0000
vt 0.9656 0.6482 0.0000
vt 0.9434 0.6421 0.0000
vt 0.9434 0.6427 0.0000
vt 0.9435 0.6415 0.0000
vt 0.8824 0.6421 0.0000
vt 0.8824 0.6427 0.0000
vt 0.8757 0.6433 0.0000
vt 0.8824 0.6415 0.0000
vt 0.8757 0.6427 0.0000
vt 0.9731 0.6488 0.0000
vt 0.9731 0.6493 0.0000
vt 0.9731 0.6482 0.0000
vt 0.9825 0.6483 0.0000
vt 0.9795 0.6482 0.0000
vt 0.9829 0.6218 0.0000
vt 0.9799 0.6218 0.0000
vt 0.9851 0.6216 0.0000
vt 0.9848 0.6480 0.0000
vt 0.9280 0.6375 0.0000
vt 0.9202 0.6367 0.0000
vt 0.9289 0.6112 0.0000
vt 0.9212 0.6104 0.0000
vt 0.9366 0.6127 0.0000
vt 0.9358 0.6390 0.0000
vt 0.9125 0.6365 0.0000
vt 0.9050 0.6370 0.0000
vt 0.9136 0.6102 0.0000
vt 0.9061 0.6107 0.0000
vt 0.8976 0.6380 0.0000
vt 0.8901 0.6394 0.0000
vt 0.8987 0.6118 0.0000
vt 0.8913 0.6131 0.0000
vt 0.9583 0.6448 0.0000
vt 0.9510 0.6429 0.0000
vt 0.9589 0.6184 0.0000
vt 0.9516 0.6165 0.0000
vt 0.9662 0.6200 0.0000
vt 0.9656 0.6464 0.0000
vt 0.9435 0.6408 0.0000
vt 0.9442 0.6145 0.0000
vt 0.8825 0.6409 0.0000
vt 0.8758 0.6420 0.0000
vt 0.8838 0.6145 0.0000
vt 0.8772 0.6157 0.0000
vt 0.9731 0.6475 0.0000
vt 0.9736 0.6212 0.0000
vt 0.0148 0.1258 0.0000
vt 0.0144 0.1261 0.0000
vt 0.0143 0.1253 0.0000
vt 0.0147 0.1248 0.0000
vt 0.0151 0.1258 0.0000
vt 0.0149 0.1249 0.0000
vt 0.0158 0.1289 0.0000
vt 0.0156 0.1289 0.0000
vt 0.0151 0.1291 0.0000
vt 0.6928 0.0976 0.0000
vt 0.6937 0.0976 0.0000
vt 0.6930 0.0983 0.0000
vt 0.6921 0.0983 0.0000
vt 0.6925 0.0975 0.0000
vt 0.6919 0.0983 0.0000
vt 0.6930 0.0945 0.0000
vt 0.6933 0.0946 0.0000
vt 0.6941 0.0946 0.0000
vt 0.5869 0.1666 0.0000
vt 0.5869 0.1663 0.0000
vt 0.5902 0.1663 0.0000
vt 0.5896 0.1667 0.0000
vt 0.5842 0.1667 0.0000
vt 0.5833 0.1664 0.0000
vt 0.9866 0.3363 0.0000
vt 0.9852 0.4400 0.0000
vt 0.9824 0.4400 0.0000
vt 0.9839 0.3362 0.0000
vt 0.9882 0.2325 0.0000
vt 0.9856 0.2325 0.0000
vt 0.9900 0.2322 0.0000
vt 0.9886 0.3360 0.0000
vt 0.9872 0.4398 0.0000
vt 0.9387 0.3272 0.0000
vt 0.9350 0.4304 0.0000
vt 0.9279 0.4296 0.0000
vt 0.9320 0.3264 0.0000
vt 0.9426 0.2239 0.0000
vt 0.9362 0.2232 0.0000
vt 0.9490 0.2251 0.0000
vt 0.9455 0.3284 0.0000
vt 0.9421 0.4317 0.0000
vt 0.9252 0.3262 0.0000
vt 0.9208 0.4294 0.0000
vt 0.9138 0.4299 0.0000
vt 0.9185 0.3266 0.0000
vt 0.9297 0.2230 0.0000
vt 0.9233 0.2234 0.0000
vt 0.9119 0.3275 0.0000
vt 0.9069 0.4308 0.0000
vt 0.9000 0.4320 0.0000
vt 0.9053 0.3287 0.0000
vt 0.9170 0.2242 0.0000
vt 0.9107 0.2253 0.0000
vt 0.9652 0.3335 0.0000
vt 0.9628 0.4370 0.0000
vt 0.9560 0.4353 0.0000
vt 0.9587 0.3318 0.0000
vt 0.9677 0.2299 0.0000
vt 0.9615 0.2284 0.0000
vt 0.9739 0.2312 0.0000
vt 0.9717 0.3349 0.0000
vt 0.9696 0.4385 0.0000
vt 0.9521 0.3301 0.0000
vt 0.9491 0.4334 0.0000
vt 0.9553 0.2267 0.0000
vt 0.8986 0.3299 0.0000
vt 0.8931 0.4333 0.0000
vt 0.8869 0.4344 0.0000
vt 0.8928 0.3309 0.0000
vt 0.9044 0.2265 0.0000
vt 0.8989 0.2274 0.0000
vt 0.9783 0.3358 0.0000
vt 0.9765 0.4395 0.0000
vt 0.9803 0.2321 0.0000
vt 0.6843 0.3968 0.0000
vt 0.6842 0.3970 0.0000
vt 0.6816 0.3970 0.0000
vt 0.6816 0.3968 0.0000
vt 0.6844 0.3965 0.0000
vt 0.6810 0.3965 0.0000
vt 0.6880 0.3967 0.0000
vt 0.6870 0.3969 0.0000
vt 0.6868 0.3971 0.0000
vt 0.9279 0.6399 0.0000
vt 0.9278 0.6430 0.0000
vt 0.9200 0.6422 0.0000
vt 0.9201 0.6390 0.0000
vt 0.9357 0.6413 0.0000
vt 0.9356 0.6445 0.0000
vt 0.9124 0.6388 0.0000
vt 0.9123 0.6420 0.0000
vt 0.9048 0.6425 0.0000
vt 0.9049 0.6393 0.0000
vt 0.8975 0.6404 0.0000
vt 0.8973 0.6435 0.0000
vt 0.8898 0.6449 0.0000
vt 0.8900 0.6417 0.0000
vt 0.8823 0.6431 0.0000
vt 0.8822 0.6463 0.0000
vt 0.9731 0.6498 0.0000
vt 0.9730 0.6530 0.0000
vt 0.9655 0.6518 0.0000
vt 0.9656 0.6487 0.0000
vt 0.9583 0.6470 0.0000
vt 0.9582 0.6502 0.0000
vt 0.9508 0.6483 0.0000
vt 0.9509 0.6452 0.0000
vt 0.9434 0.6431 0.0000
vt 0.9433 0.6463 0.0000
vt 0.8711 0.6568 0.0000
vt 0.8750 0.6562 0.0000
vt 0.8707 0.6654 0.0000
vt 0.8685 0.6656 0.0000
vt 0.8689 0.6570 0.0000
vt 0.6944 0.0862 0.0000
vt 0.6961 0.0780 0.0000
vt 0.6965 0.0779 0.0000
vt 0.6947 0.0862 0.0000
vt 0.6927 0.0945 0.0000
vt 0.6522 0.0952 0.0000
vt 0.6536 0.0869 0.0000
vt 0.6550 0.0787 0.0000
vt 0.9824 0.6622 0.0000
vt 0.9837 0.6621 0.0000
vt 0.9823 0.6707 0.0000
vt 0.9837 0.6706 0.0000
vt 0.9792 0.6621 0.0000
vt 0.0171 0.1373 0.0000
vt 0.0173 0.1372 0.0000
vt 0.0187 0.1456 0.0000
vt 0.0189 0.1456 0.0000
vt 0.0182 0.1457 0.0000
vt 0.0166 0.1374 0.0000
vt 0.6974 0.0749 0.0000
vt 0.6968 0.0779 0.0000
vt 0.6971 0.0749 0.0000
vt 0.6968 0.0742 0.0000
vt 0.6966 0.0742 0.0000
vt 0.6978 0.0743 0.0000
vt 0.6984 0.0749 0.0000
vt 0.6977 0.0780 0.0000
vt 0.9275 0.6517 0.0000
vt 0.9197 0.6509 0.0000
vt 0.9354 0.6532 0.0000
vt 0.9120 0.6507 0.0000
vt 0.9044 0.6512 0.0000
vt 0.8969 0.6522 0.0000
vt 0.8894 0.6536 0.0000
vt 0.8818 0.6550 0.0000
vt 0.9729 0.6616 0.0000
vt 0.9653 0.6605 0.0000
vt 0.9580 0.6590 0.0000
vt 0.9506 0.6571 0.0000
vt 0.9431 0.6550 0.0000
vt 0.6950 0.0863 0.0000
vt 0.6959 0.0863 0.0000
vt 0.8705 0.6685 0.0000
vt 0.8683 0.6687 0.0000
vt 0.6922 0.0975 0.0000
vt 0.6917 0.0983 0.0000
vt 0.6514 0.0990 0.0000
vt 0.6517 0.0982 0.0000
vt 0.9822 0.6738 0.0000
vt 0.9836 0.6737 0.0000
vt 0.0191 0.1487 0.0000
vt 0.0194 0.1486 0.0000
vt 0.0193 0.1496 0.0000
vt 0.0193 0.1495 0.0000
vt 0.0187 0.1493 0.0000
vt 0.0186 0.1486 0.0000
vt 0.6967 0.0749 0.0000
vt 0.6555 0.0756 0.0000
vt 0.6552 0.0748 0.0000
vt 0.6963 0.0742 0.0000
vt 0.0154 0.1258 0.0000
vt 0.0563 0.1280 0.0000
vt 0.0569 0.1310 0.0000
vt 0.0160 0.1289 0.0000
vt 0.0151 0.1249 0.0000
vt 0.0560 0.1271 0.0000
vt 0.6841 0.3973 0.0000
vt 0.6662 0.4343 0.0000
vt 0.6637 0.4342 0.0000
vt 0.6815 0.3973 0.0000
vt 0.6866 0.3973 0.0000
vt 0.6687 0.4344 0.0000
vt 0.6562 0.3123 0.0000
vt 0.6586 0.3120 0.0000
vt 0.7079 0.4211 0.0000
vt 0.7102 0.4205 0.0000
vt 0.7056 0.4217 0.0000
vt 0.6537 0.3125 0.0000
vt 0.5319 0.0890 0.0000
vt 0.5313 0.0973 0.0000
vt 0.4103 0.0980 0.0000
vt 0.4106 0.1062 0.0000
vt 0.5324 0.0808 0.0000
vt 0.0176 0.1372 0.0000
vt 0.0582 0.1394 0.0000
vt 0.0595 0.1477 0.0000
vt 0.0192 0.1456 0.0000
vt 0.5311 0.1003 0.0000
vt 0.5308 0.1011 0.0000
vt 0.4106 0.1092 0.0000
vt 0.4105 0.1101 0.0000
vt 0.0197 0.1486 0.0000
vt 0.0600 0.1507 0.0000
vt 0.0597 0.1515 0.0000
vt 0.0195 0.1495 0.0000
vt 0.7908 0.4020 0.0000
vt 0.7929 0.4023 0.0000
vt 0.7914 0.4064 0.0000
vt 0.7896 0.4060 0.0000
vt 0.7885 0.4015 0.0000
vt 0.7877 0.4056 0.0000
vt 0.7894 0.3969 0.0000
vt 0.7920 0.3974 0.0000
vt 0.7943 0.3978 0.0000
vt 0.7882 0.4100 0.0000
vt 0.7895 0.4103 0.0000
vt 0.7873 0.4138 0.0000
vt 0.7865 0.4135 0.0000
vt 0.7869 0.4096 0.0000
vt 0.7862 0.4189 0.0000
vt 0.7861 0.4183 0.0000
vt 0.9042 0.0150 0.0000
vt 0.9019 0.0151 0.0000
vt 0.9024 0.0095 0.0000
vt 0.9047 0.0094 0.0000
vt 0.9068 0.0149 0.0000
vt 0.9072 0.0093 0.0000
vt 0.9046 0.0453 0.0000
vt 0.9020 0.0454 0.0000
vt 0.8996 0.0456 0.0000
vt 0.8652 0.6432 0.0000
vt 0.8619 0.6435 0.0000
vt 0.8635 0.6171 0.0000
vt 0.8667 0.6168 0.0000
vt 0.8687 0.6429 0.0000
vt 0.8702 0.6165 0.0000
vt 0.8687 0.6435 0.0000
vt 0.8651 0.6439 0.0000
vt 0.8619 0.6441 0.0000
vt 0.8837 0.3318 0.0000
vt 0.8902 0.2282 0.0000
vt 0.8931 0.2280 0.0000
vt 0.8867 0.3316 0.0000
vt 0.8773 0.4354 0.0000
vt 0.8805 0.4351 0.0000
vt 0.8743 0.4356 0.0000
vt 0.8808 0.3320 0.0000
vt 0.8875 0.2284 0.0000
vt 0.7849 0.4156 0.0000
vt 0.7856 0.4161 0.0000
vt 0.7865 0.4011 0.0000
vt 0.7861 0.4052 0.0000
vt 0.7870 0.3965 0.0000
vt 0.7858 0.4093 0.0000
vt 0.9090 0.0147 0.0000
vt 0.9094 0.0092 0.0000
vt 0.9069 0.0452 0.0000
vt 0.8718 0.6426 0.0000
vt 0.8733 0.6163 0.0000
vt 0.8718 0.6432 0.0000
vt 0.8894 0.3314 0.0000
vt 0.8957 0.2279 0.0000
vt 0.8834 0.4349 0.0000
vt 0.8718 0.6439 0.0000
vt 0.8686 0.6442 0.0000
vt 0.8651 0.6445 0.0000
vt 0.8618 0.6448 0.0000
vt 0.8650 0.6451 0.0000
vt 0.8616 0.6454 0.0000
vt 0.8077 0.4770 0.0000
vt 0.8139 0.4783 0.0000
vt 0.8024 0.4736 0.0000
vt 0.8050 0.4712 0.0000
vt 0.8093 0.4728 0.0000
vt 0.8135 0.4747 0.0000
vt 0.8280 0.4689 0.0000
vt 0.8290 0.4629 0.0000
vt 0.8249 0.4739 0.0000
vt 0.8202 0.4700 0.0000
vt 0.8226 0.4657 0.0000
vt 0.8245 0.4617 0.0000
vt 0.8275 0.4569 0.0000
vt 0.8248 0.4522 0.0000
vt 0.8240 0.4575 0.0000
vt 0.8219 0.4540 0.0000
vt 0.8225 0.4500 0.0000
vt 0.8202 0.4491 0.0000
vt 0.8201 0.4521 0.0000
vt 0.8191 0.4508 0.0000
vt 0.8064 0.4482 0.0000
vt 0.8014 0.4515 0.0000
vt 0.8112 0.4466 0.0000
vt 0.8112 0.4490 0.0000
vt 0.8087 0.4509 0.0000
vt 0.8055 0.4537 0.0000
vt 0.7982 0.4566 0.0000
vt 0.7972 0.4625 0.0000
vt 0.8042 0.4581 0.0000
vt 0.8031 0.4630 0.0000
vt 0.7988 0.4685 0.0000
vt 0.8037 0.4675 0.0000
vt 0.8137 0.4464 0.0000
vt 0.8155 0.4471 0.0000
vt 0.8151 0.4504 0.0000
vt 0.8133 0.4497 0.0000
vt 0.8199 0.4772 0.0000
vt 0.8168 0.4729 0.0000
vt 0.8177 0.4480 0.0000
vt 0.8172 0.4509 0.0000
vt 0.8106 0.4694 0.0000
vt 0.8119 0.4657 0.0000
vt 0.8117 0.4526 0.0000
vt 0.8111 0.4561 0.0000
vt 0.8148 0.4535 0.0000
vt 0.8156 0.4565 0.0000
vt 0.8137 0.4610 0.0000
vt 0.8189 0.4596 0.0000
vt 0.8209 0.4576 0.0000
vt 0.8188 0.4554 0.0000
vt 0.8176 0.4533 0.0000
vt 0.9898 0.1287 0.0000
vt 0.9873 0.1287 0.0000
vt 0.9915 0.1284 0.0000
vt 0.9839 0.5438 0.0000
vt 0.9860 0.5436 0.0000
vt 0.9809 0.5438 0.0000
vt 0.9465 0.1207 0.0000
vt 0.9405 0.1200 0.0000
vt 0.9526 0.1218 0.0000
vt 0.9315 0.5336 0.0000
vt 0.9389 0.5350 0.0000
vt 0.9240 0.5328 0.0000
vt 0.9344 0.1198 0.0000
vt 0.9283 0.1202 0.0000
vt 0.9166 0.5327 0.0000
vt 0.9094 0.5331 0.0000
vt 0.9223 0.1209 0.0000
vt 0.9163 0.1220 0.0000
vt 0.9022 0.5341 0.0000
vt 0.8950 0.5354 0.0000
vt 0.9703 0.1264 0.0000
vt 0.9644 0.1249 0.0000
vt 0.9762 0.1276 0.0000
vt 0.9605 0.5406 0.0000
vt 0.9676 0.5421 0.0000
vt 0.9535 0.5388 0.0000
vt 0.9585 0.1233 0.0000
vt 0.9463 0.5368 0.0000
vt 0.9103 0.1231 0.0000
vt 0.9051 0.1240 0.0000
vt 0.8877 0.5368 0.0000
vt 0.8813 0.5379 0.0000
vt 0.9823 0.1283 0.0000
vt 0.9748 0.5432 0.0000
vt 0.8712 0.5390 0.0000
vt 0.8746 0.5387 0.0000
vt 0.8681 0.5392 0.0000
vt 0.8969 0.1247 0.0000
vt 0.8944 0.1248 0.0000
vt 0.8996 0.1245 0.0000
vt 0.8776 0.5384 0.0000
vt 0.9020 0.1243 0.0000
vt 0.3415 0.1442 0.0000
vt 0.3414 0.1473 0.0000
vt 0.3003 0.1435 0.0000
vt 0.3003 0.1466 0.0000
vt 0.3001 0.1427 0.0000
vt 0.3411 0.1435 0.0000
vt 0.3412 0.1555 0.0000
vt 0.3409 0.1638 0.0000
vt 0.3002 0.1548 0.0000
vt 0.3001 0.1631 0.0000
vt 0.3408 0.1668 0.0000
vt 0.3405 0.1675 0.0000
vt 0.3000 0.1661 0.0000
vt 0.2998 0.1669 0.0000
vt 0.2005 0.0917 0.0000
vt 0.2007 0.0909 0.0000
vt 0.6155 0.8438 0.0000
vt 0.5614 0.7319 0.0000
vt 0.5637 0.7313 0.0000
vt 0.6180 0.8436 0.0000
vt 0.6131 0.8441 0.0000
vt 0.5591 0.7324 0.0000
vt 0.3678 0.1002 0.0000
vt 0.3684 0.1001 0.0000
vt 0.3689 0.1084 0.0000
vt 0.3682 0.1084 0.0000
vt 0.3683 0.1114 0.0000
vt 0.3691 0.1114 0.0000
vt 0.3691 0.1124 0.0000
vt 0.3683 0.1122 0.0000
vt 0.5007 0.0051 0.0000
vt 0.5010 0.0043 0.0000
vt 0.5003 0.0082 0.0000
vt 0.4993 0.0166 0.0000
vt 0.4984 0.0250 0.0000
vt 0.4980 0.0280 0.0000
vt 0.4983 0.0288 0.0000
vt 0.1799 0.0501 0.0000
vt 0.1801 0.0493 0.0000
vt 0.4581 0.5455 0.0000
vt 0.5116 0.6559 0.0000
vt 0.5093 0.6565 0.0000
vt 0.4556 0.5459 0.0000
vt 0.4605 0.5452 0.0000
vt 0.5139 0.6553 0.0000
vt 0.3440 0.0642 0.0000
vt 0.3447 0.0642 0.0000
vt 0.3445 0.0724 0.0000
vt 0.3438 0.0724 0.0000
vt 0.3437 0.0754 0.0000
vt 0.3445 0.0755 0.0000
vt 0.3444 0.0765 0.0000
vt 0.3436 0.0762 0.0000
vt 0.5060 0.1415 0.0000
vt 0.5063 0.1406 0.0000
vt 0.5057 0.1445 0.0000
vt 0.5049 0.1528 0.0000
vt 0.5041 0.1610 0.0000
vt 0.5037 0.1640 0.0000
vt 0.5040 0.1649 0.0000
vt 0.5122 0.0483 0.0000
vt 0.5120 0.0475 0.0000
vt 0.4583 0.8444 0.0000
vt 0.5116 0.7320 0.0000
vt 0.5139 0.7326 0.0000
vt 0.4607 0.8446 0.0000
vt 0.4558 0.8441 0.0000
vt 0.5092 0.7315 0.0000
vt 0.3454 0.0642 0.0000
vt 0.3453 0.0724 0.0000
vt 0.3452 0.0754 0.0000
vt 0.3453 0.0762 0.0000
vt 0.1670 0.0153 0.0000
vt 0.1676 0.0184 0.0000
vt 0.1667 0.0145 0.0000
vt 0.1691 0.0267 0.0000
vt 0.1705 0.0350 0.0000
vt 0.1711 0.0380 0.0000
vt 0.1708 0.0388 0.0000
vt 0.5327 0.0777 0.0000
vt 0.5324 0.0769 0.0000
vt 0.6136 0.5450 0.0000
vt 0.5608 0.6558 0.0000
vt 0.5585 0.6552 0.0000
vt 0.6112 0.5447 0.0000
vt 0.6161 0.5453 0.0000
vt 0.5631 0.6564 0.0000
vt 0.7352 0.4607 0.0000
vt 0.7342 0.4597 0.0000
vt 0.7368 0.4584 0.0000
vt 0.7374 0.4598 0.0000
vt 0.7329 0.4616 0.0000
vt 0.7320 0.4611 0.0000
vt 0.3691 0.1001 0.0000
vt 0.3696 0.1084 0.0000
vt 0.3698 0.1113 0.0000
vt 0.3699 0.1121 0.0000
vt 0.1782 0.1364 0.0000
vt 0.1785 0.1395 0.0000
vt 0.1780 0.1356 0.0000
vt 0.1791 0.1478 0.0000
vt 0.1796 0.1561 0.0000
vt 0.1799 0.1591 0.0000
vt 0.1796 0.1599 0.0000
vt 0.7352 0.4561 0.0000
vt 0.7342 0.4570 0.0000
vt 0.7320 0.4556 0.0000
vt 0.7330 0.4552 0.0000
vt 0.7374 0.4570 0.0000
vt 0.7288 0.4607 0.0000
vt 0.7298 0.4597 0.0000
vt 0.7310 0.4616 0.0000
vt 0.7265 0.4598 0.0000
vt 0.7271 0.4584 0.0000
vt 0.7288 0.4561 0.0000
vt 0.7298 0.4570 0.0000
vt 0.7266 0.4570 0.0000
vt 0.7310 0.4552 0.0000
vt 0.7320 0.4584 0.0000
vt 0.5331 0.6914 0.0000
vt 0.5309 0.6923 0.0000
vt 0.5353 0.6905 0.0000
vt 0.5396 0.6913 0.0000
vt 0.5374 0.6904 0.0000
vt 0.5418 0.6923 0.0000
vt 0.5396 0.6960 0.0000
vt 0.5418 0.6951 0.0000
vt 0.5374 0.6969 0.0000
vt 0.5331 0.6960 0.0000
vt 0.5354 0.6969 0.0000
vt 0.5309 0.6951 0.0000
vt 0.5786 0.5392 0.0000
vt 0.5954 0.5707 0.0000
vt 0.5772 0.6015 0.0000
vt 0.5623 0.5659 0.0000
vt 0.5564 0.4986 0.0000
vt 0.5427 0.5201 0.0000
vt 0.5677 0.4770 0.0000
vt 0.5921 0.5118 0.0000
vt 0.6106 0.5388 0.0000
vt 0.4920 0.6363 0.0000
vt 0.5006 0.6791 0.0000
vt 0.4722 0.6949 0.0000
vt 0.4647 0.6512 0.0000
vt 0.4808 0.5807 0.0000
vt 0.4554 0.5943 0.0000
vt 0.5048 0.5633 0.0000
vt 0.5181 0.6170 0.0000
vt 0.5278 0.6586 0.0000
vt 0.4364 0.6626 0.0000
vt 0.4421 0.7076 0.0000
vt 0.4069 0.6705 0.0000
vt 0.4106 0.7166 0.0000
vt 0.4026 0.6107 0.0000
vt 0.4296 0.6041 0.0000
vt 0.3724 0.5554 0.0000
vt 0.3712 0.5107 0.0000
vt 0.3966 0.5071 0.0000
vt 0.3991 0.5518 0.0000
vt 0.3741 0.6146 0.0000
vt 0.5077 0.4931 0.0000
vt 0.4937 0.4558 0.0000
vt 0.5061 0.4416 0.0000
vt 0.5221 0.4754 0.0000
vt 0.5254 0.5423 0.0000
vt 0.4902 0.5105 0.0000
vt 0.4786 0.4704 0.0000
vt 0.5508 0.4263 0.0000
vt 0.5427 0.4433 0.0000
vt 0.5232 0.4178 0.0000
vt 0.5298 0.4053 0.0000
vt 0.5578 0.4092 0.0000
vt 0.5353 0.3925 0.0000
vt 0.5867 0.4313 0.0000
vt 0.5778 0.4542 0.0000
vt 0.5746 0.3521 0.0000
vt 0.5473 0.3540 0.0000
vt 0.5480 0.3525 0.0000
vt 0.5750 0.3504 0.0000
vt 0.6094 0.3498 0.0000
vt 0.6094 0.3477 0.0000
vt 0.6084 0.3559 0.0000
vt 0.5737 0.3562 0.0000
vt 0.5465 0.3566 0.0000
vt 0.5639 0.3929 0.0000
vt 0.5399 0.3805 0.0000
vt 0.5686 0.3781 0.0000
vt 0.5433 0.3701 0.0000
vt 0.6010 0.3887 0.0000
vt 0.5946 0.4093 0.0000
vt 0.1747 0.1101 0.0000
vt 0.1647 0.0950 0.0000
vt 0.1769 0.0717 0.0000
vt 0.1851 0.0831 0.0000
vt 0.1864 0.1267 0.0000
vt 0.1950 0.0960 0.0000
vt 0.1752 0.1674 0.0000
vt 0.1615 0.1461 0.0000
vt 0.1494 0.1259 0.0000
vt 0.2344 0.1825 0.0000
vt 0.2168 0.1661 0.0000
vt 0.2226 0.1293 0.0000
vt 0.2394 0.1447 0.0000
vt 0.2531 0.1962 0.0000
vt 0.2575 0.1580 0.0000
vt 0.2486 0.2447 0.0000
vt 0.2288 0.2310 0.0000
vt 0.2098 0.2138 0.0000
vt 0.2731 0.2076 0.0000
vt 0.2765 0.1692 0.0000
vt 0.2983 0.1778 0.0000
vt 0.2958 0.2164 0.0000
vt 0.2700 0.2563 0.0000
vt 0.2937 0.2652 0.0000
vt 0.1826 0.2379 0.0000
vt 0.2028 0.2630 0.0000
vt 0.1960 0.3033 0.0000
vt 0.1741 0.2764 0.0000
vt 0.1638 0.2101 0.0000
vt 0.1534 0.2459 0.0000
vt 0.1917 0.1913 0.0000
vt 0.1198 0.1325 0.0000
vt 0.1040 0.1560 0.0000
vt 0.0881 0.1258 0.0000
vt 0.1057 0.1071 0.0000
vt 0.1378 0.1053 0.0000
vt 0.1261 0.0856 0.0000
vt 0.1338 0.1587 0.0000
vt 0.1199 0.1867 0.0000
vt 0.0691 0.0413 0.0000
vt 0.0788 0.0618 0.0000
vt 0.0580 0.0714 0.0000
vt 0.0467 0.0471 0.0000
vt 0.0627 0.0252 0.0000
vt 0.0392 0.0283 0.0000
vt 0.0912 0.0218 0.0000
vt 0.0962 0.0347 0.0000
vt 0.1038 0.0509 0.0000
vt 0.0915 0.0836 0.0000
vt 0.0723 0.0976 0.0000
vt 0.1142 0.0676 0.0000
vt 0.2054 0.0617 0.0000
vt 0.2093 0.0583 0.0000
vt 0.2173 0.0685 0.0000
vt 0.2137 0.0721 0.0000
vt 0.1998 0.0660 0.0000
vt 0.2083 0.0768 0.0000
vt 0.1926 0.0566 0.0000
vt 0.1983 0.0525 0.0000
vt 0.2023 0.0493 0.0000
vt 0.1098 0.2497 0.0000
vt 0.1053 0.2530 0.0000
vt 0.0884 0.2202 0.0000
vt 0.0929 0.2171 0.0000
vt 0.1161 0.2441 0.0000
vt 0.0993 0.2118 0.0000
vt 0.1350 0.2757 0.0000
vt 0.1288 0.2816 0.0000
vt 0.1244 0.2850 0.0000
vt 0.2531 0.1118 0.0000
vt 0.2557 0.1077 0.0000
vt 0.2717 0.1192 0.0000
vt 0.2696 0.1232 0.0000
vt 0.2493 0.1179 0.0000
vt 0.2664 0.1296 0.0000
vt 0.2335 0.1044 0.0000
vt 0.2379 0.0986 0.0000
vt 0.2408 0.0947 0.0000
vt 0.2001 0.3647 0.0000
vt 0.1966 0.3692 0.0000
vt 0.1720 0.3457 0.0000
vt 0.1759 0.3418 0.0000
vt 0.2048 0.3574 0.0000
vt 0.1813 0.3353 0.0000
vt 0.2292 0.3748 0.0000
vt 0.2253 0.3829 0.0000
vt 0.2223 0.3877 0.0000
vt 0.2530 0.3976 0.0000
vt 0.2507 0.4027 0.0000
vt 0.2559 0.3890 0.0000
vt 0.2846 0.3991 0.0000
vt 0.2826 0.4079 0.0000
vt 0.2810 0.4134 0.0000
vt 0.2872 0.1317 0.0000
vt 0.2885 0.1286 0.0000
vt 0.3065 0.1376 0.0000
vt 0.3052 0.1422 0.0000
vt 0.2842 0.1391 0.0000
vt 0.3036 0.1481 0.0000
vt 0.3138 0.4127 0.0000
vt 0.3130 0.4181 0.0000
vt 0.3148 0.4038 0.0000
vt 0.1513 0.3133 0.0000
vt 0.1471 0.3170 0.0000
vt 0.1572 0.3072 0.0000
vt 0.2247 0.0848 0.0000
vt 0.2280 0.0810 0.0000
vt 0.2198 0.0900 0.0000
vt 0.1910 0.0430 0.0000
vt 0.1952 0.0400 0.0000
vt 0.1853 0.0468 0.0000
vt 0.1783 0.0373 0.0000
vt 0.1839 0.0338 0.0000
vt 0.1883 0.0309 0.0000
vt 0.0762 0.1835 0.0000
vt 0.0718 0.1866 0.0000
vt 0.0556 0.1529 0.0000
vt 0.0599 0.1499 0.0000
vt 0.0825 0.1784 0.0000
vt 0.0662 0.1451 0.0000
vt 0.3280 0.8828 0.0000
vt 0.3273 0.8825 0.0000
vt 0.3277 0.8711 0.0000
vt 0.3287 0.8713 0.0000
vt 0.3297 0.8832 0.0000
vt 0.3307 0.8713 0.0000
vt 0.3278 0.8879 0.0000
vt 0.3264 0.8873 0.0000
vt 0.3260 0.8868 0.0000
vt 0.0082 0.0220 0.0000
vt 0.0033 0.0232 0.0000
vt 0.0031 0.0193 0.0000
vt 0.0078 0.0183 0.0000
vt 0.0141 0.0208 0.0000
vt 0.0136 0.0172 0.0000
vt 0.0168 0.0311 0.0000
vt 0.0105 0.0327 0.0000
vt 0.0056 0.0343 0.0000
vt 0.1651 0.0101 0.0000
vt 0.1690 0.0069 0.0000
vt 0.1707 0.0084 0.0000
vt 0.1666 0.0117 0.0000
vt 0.1602 0.0128 0.0000
vt 0.1617 0.0145 0.0000
vt 0.1588 0.0112 0.0000
vt 0.1637 0.0085 0.0000
vt 0.1675 0.0055 0.0000
vt 0.1776 0.0252 0.0000
vt 0.1822 0.0224 0.0000
vt 0.1721 0.0287 0.0000
vt 0.1672 0.0218 0.0000
vt 0.1726 0.0183 0.0000
vt 0.1773 0.0154 0.0000
vt 0.0445 0.1174 0.0000
vt 0.0401 0.1203 0.0000
vt 0.0260 0.0886 0.0000
vt 0.0306 0.0861 0.0000
vt 0.0507 0.1131 0.0000
vt 0.0366 0.0825 0.0000
vt 0.1925 0.0710 0.0000
vt 0.1852 0.0611 0.0000
vt 0.2013 0.0824 0.0000
vt 0.2132 0.0967 0.0000
vt 0.2275 0.1120 0.0000
vt 0.2077 0.1123 0.0000
vt 0.2439 0.1263 0.0000
vt 0.2616 0.1389 0.0000
vt 0.2802 0.1492 0.0000
vt 0.3009 0.1578 0.0000
vt 0.3255 0.1628 0.0000
vt 0.3271 0.1519 0.0000
vt 0.3499 0.1547 0.0000
vt 0.3497 0.1652 0.0000
vt 0.3238 0.1834 0.0000
vt 0.2599 0.3738 0.0000
vt 0.2872 0.3834 0.0000
vt 0.2344 0.3606 0.0000
vt 0.2395 0.3358 0.0000
vt 0.2635 0.3479 0.0000
vt 0.2895 0.3571 0.0000
vt 0.2111 0.3451 0.0000
vt 0.1886 0.3248 0.0000
vt 0.2174 0.3220 0.0000
vt 0.1654 0.2971 0.0000
vt 0.1436 0.2657 0.0000
vt 0.1251 0.2346 0.0000
vt 0.1084 0.2030 0.0000
vt 0.1358 0.2163 0.0000
vt 0.0918 0.1702 0.0000
vt 0.0753 0.1377 0.0000
vt 0.0594 0.1069 0.0000
vt 0.0449 0.0779 0.0000
vt 0.0219 0.0200 0.0000
vt 0.0250 0.0300 0.0000
vt 0.0212 0.0161 0.0000
vt 0.0351 0.0147 0.0000
vt 0.0361 0.0188 0.0000
vt 0.1547 0.0129 0.0000
vt 0.1424 0.0127 0.0000
vt 0.1412 0.0105 0.0000
vt 0.1533 0.0114 0.0000
vt 0.1564 0.0155 0.0000
vt 0.1442 0.0168 0.0000
vt 0.1663 0.0331 0.0000
vt 0.1618 0.0260 0.0000
vt 0.1720 0.0414 0.0000
vt 0.1624 0.0499 0.0000
vt 0.1558 0.0407 0.0000
vt 0.1504 0.0323 0.0000
vt 0.1784 0.0510 0.0000
vt 0.1693 0.0605 0.0000
vt 0.5087 0.4175 0.0000
vt 0.5156 0.4294 0.0000
vt 0.5001 0.4281 0.0000
vt 0.5069 0.4148 0.0000
vt 0.4984 0.4253 0.0000
vt 0.5135 0.4050 0.0000
vt 0.5155 0.4074 0.0000
vt 0.6023 0.5829 0.0000
vt 0.6183 0.5493 0.0000
vt 0.6044 0.5852 0.0000
vt 0.6207 0.5514 0.0000
vt 0.5855 0.6183 0.0000
vt 0.5835 0.6155 0.0000
vt 0.4574 0.4678 0.0000
vt 0.4606 0.4840 0.0000
vt 0.4408 0.4949 0.0000
vt 0.4384 0.4780 0.0000
vt 0.4565 0.4648 0.0000
vt 0.4373 0.4744 0.0000
vt 0.4730 0.4516 0.0000
vt 0.4742 0.4548 0.0000
vt 0.5041 0.6958 0.0000
vt 0.5320 0.6747 0.0000
vt 0.5051 0.6990 0.0000
vt 0.5332 0.6778 0.0000
vt 0.4760 0.7153 0.0000
vt 0.4752 0.7119 0.0000
vt 0.4444 0.7251 0.0000
vt 0.4449 0.7285 0.0000
vt 0.4123 0.7381 0.0000
vt 0.4120 0.7346 0.0000
vt 0.4181 0.4853 0.0000
vt 0.4198 0.5023 0.0000
vt 0.3956 0.4902 0.0000
vt 0.4174 0.4820 0.0000
vt 0.3952 0.4869 0.0000
vt 0.3787 0.7399 0.0000
vt 0.3779 0.7216 0.0000
vt 0.3788 0.7434 0.0000
vt 0.5580 0.6460 0.0000
vt 0.5536 0.6314 0.0000
vt 0.5592 0.6487 0.0000
vt 0.4885 0.4411 0.0000
vt 0.4871 0.4381 0.0000
vt 0.5214 0.3965 0.0000
vt 0.5191 0.3943 0.0000
vt 0.5239 0.3836 0.0000
vt 0.5262 0.3854 0.0000
vt 0.6327 0.5144 0.0000
vt 0.6243 0.5057 0.0000
vt 0.6365 0.4723 0.0000
vt 0.6457 0.4793 0.0000
vt 0.6354 0.5161 0.0000
vt 0.6486 0.4806 0.0000
vt 0.6804 0.3450 0.0000
vt 0.6695 0.3457 0.0000
vt 0.6686 0.3426 0.0000
vt 0.6796 0.3419 0.0000
vt 0.6836 0.3446 0.0000
vt 0.6828 0.3412 0.0000
vt 0.6827 0.3555 0.0000
vt 0.6794 0.3555 0.0000
vt 0.6683 0.3556 0.0000
vt 0.5361 0.3548 0.0000
vt 0.5332 0.3539 0.0000
vt 0.5341 0.3524 0.0000
vt 0.5369 0.3534 0.0000
vt 0.5354 0.3566 0.0000
vt 0.5325 0.3558 0.0000
vt 0.5302 0.3752 0.0000
vt 0.5277 0.3736 0.0000
vt 0.5304 0.3653 0.0000
vt 0.5330 0.3665 0.0000
vt 0.6572 0.4451 0.0000
vt 0.6473 0.4399 0.0000
vt 0.6565 0.4086 0.0000
vt 0.6669 0.4119 0.0000
vt 0.6602 0.4460 0.0000
vt 0.6701 0.4125 0.0000
vt 0.1183 0.0136 0.0000
vt 0.1204 0.0189 0.0000
vt 0.0886 0.0151 0.0000
vt 0.0873 0.0120 0.0000
vt 0.1171 0.0110 0.0000
vt 0.0330 0.0508 0.0000
vt 0.0247 0.0534 0.0000
vt 0.0185 0.0560 0.0000
vt 0.0137 0.0581 0.0000
vt 0.6746 0.3799 0.0000
vt 0.6779 0.3802 0.0000
vt 0.6638 0.3785 0.0000
vt 0.6385 0.3747 0.0000
vt 0.6423 0.3557 0.0000
vt 0.6324 0.3999 0.0000
vt 0.6056 0.3699 0.0000
vt 0.5345 0.3605 0.0000
vt 0.5453 0.3621 0.0000
vt 0.5318 0.3594 0.0000
vt 0.1691 0.0141 0.0000
vt 0.1735 0.0109 0.0000
vt 0.1640 0.0172 0.0000
vt 0.1586 0.0200 0.0000
vt 0.1467 0.0239 0.0000
vt 0.3253 0.7495 0.0000
vt 0.3244 0.7495 0.0000
vt 0.3233 0.7477 0.0000
vt 0.3245 0.7475 0.0000
vt 0.3258 0.7496 0.0000
vt 0.3251 0.7476 0.0000
vt 0.3259 0.7592 0.0000
vt 0.3255 0.7592 0.0000
vt 0.3244 0.7591 0.0000
vt 0.5753 0.3482 0.0000
vt 0.5489 0.3503 0.0000
vt 0.5754 0.3456 0.0000
vt 0.5495 0.3478 0.0000
vt 0.6087 0.3427 0.0000
vt 0.6091 0.3454 0.0000
vt 0.0201 0.0132 0.0000
vt 0.0129 0.0145 0.0000
vt 0.0186 0.0105 0.0000
vt 0.0128 0.0119 0.0000
vt 0.0320 0.0084 0.0000
vt 0.0337 0.0116 0.0000
vt 0.1617 0.0061 0.0000
vt 0.1649 0.0037 0.0000
vt 0.1575 0.0085 0.0000
vt 0.1564 0.0060 0.0000
vt 0.1592 0.0038 0.0000
vt 0.1622 0.0018 0.0000
vt 0.0076 0.0155 0.0000
vt 0.0079 0.0123 0.0000
vt 0.0032 0.0163 0.0000
vt 0.0033 0.0131 0.0000
vt 0.6784 0.3392 0.0000
vt 0.6673 0.3399 0.0000
vt 0.6771 0.3368 0.0000
vt 0.6658 0.3372 0.0000
vt 0.6803 0.3362 0.0000
vt 0.6817 0.3387 0.0000
vt 0.5382 0.3511 0.0000
vt 0.5355 0.3500 0.0000
vt 0.5370 0.3475 0.0000
vt 0.5392 0.3488 0.0000
vt 0.0573 0.0101 0.0000
vt 0.0585 0.0132 0.0000
vt 0.0562 0.0067 0.0000
vt 0.0859 0.0057 0.0000
vt 0.0864 0.0091 0.0000
vt 0.1523 0.0091 0.0000
vt 0.1407 0.0081 0.0000
vt 0.1527 0.0060 0.0000
vt 0.1415 0.0048 0.0000
vt 0.5334 0.4593 0.0000
vt 0.4694 0.5257 0.0000
vt 0.4470 0.5379 0.0000
vt 0.4238 0.5463 0.0000
vt 0.3761 0.6750 0.0000
vt 0.5417 0.5927 0.0000
vt 0.6042 0.4831 0.0000
vt 0.6149 0.4543 0.0000
vt 0.6435 0.3475 0.0000
vt 0.6430 0.3448 0.0000
vt 0.6244 0.4265 0.0000
vt 0.1480 0.1842 0.0000
vt 0.2232 0.2809 0.0000
vt 0.2442 0.2943 0.0000
vt 0.2668 0.3061 0.0000
vt 0.2916 0.3150 0.0000
vt 0.2007 0.1464 0.0000
vt 0.1552 0.0799 0.0000
vt 0.1461 0.0656 0.0000
vt 0.1240 0.0288 0.0000
vt 0.1294 0.0408 0.0000
vt 0.1371 0.0528 0.0000
vt 0.3222 0.2220 0.0000
vt 0.3206 0.2705 0.0000
vt 0.0597 0.0170 0.0000
vt 0.5718 0.3654 0.0000
vt 0.3312 0.7858 0.0000
vt 0.3274 0.7849 0.0000
vt 0.3280 0.7597 0.0000
vt 0.3320 0.7611 0.0000
vt 0.3355 0.7867 0.0000
vt 0.3365 0.7623 0.0000
vt 0.3348 0.8172 0.0000
vt 0.3308 0.8171 0.0000
vt 0.3273 0.8169 0.0000
vt 0.6420 0.3423 0.0000
vt 0.6409 0.3396 0.0000
vt 0.1165 0.0084 0.0000
vt 0.1166 0.0050 0.0000
vt 0.2106 0.0570 0.0000
vt 0.2037 0.0481 0.0000
vt 0.2110 0.0565 0.0000
vt 0.2042 0.0476 0.0000
vt 0.2189 0.0665 0.0000
vt 0.2185 0.0671 0.0000
vt 0.1035 0.2541 0.0000
vt 0.1226 0.2862 0.0000
vt 0.1026 0.2545 0.0000
vt 0.1217 0.2866 0.0000
vt 0.0860 0.2216 0.0000
vt 0.0867 0.2213 0.0000
vt 0.2564 0.1063 0.0000
vt 0.2417 0.0931 0.0000
vt 0.2567 0.1058 0.0000
vt 0.2420 0.0926 0.0000
vt 0.2728 0.1173 0.0000
vt 0.2724 0.1181 0.0000
vt 0.1950 0.3709 0.0000
vt 0.2210 0.3897 0.0000
vt 0.1943 0.3717 0.0000
vt 0.2203 0.3905 0.0000
vt 0.1697 0.3479 0.0000
vt 0.1704 0.3473 0.0000
vt 0.2496 0.4049 0.0000
vt 0.2803 0.4158 0.0000
vt 0.2491 0.4058 0.0000
vt 0.2800 0.4169 0.0000
vt 0.2898 0.1263 0.0000
vt 0.2906 0.1251 0.0000
vt 0.3073 0.1321 0.0000
vt 0.3067 0.1349 0.0000
vt 0.3286 0.1380 0.0000
vt 0.3284 0.1408 0.0000
vt 0.3287 0.1365 0.0000
vt 0.1454 0.3184 0.0000
vt 0.1446 0.3189 0.0000
vt 0.2291 0.0795 0.0000
vt 0.2295 0.0789 0.0000
vt 0.1966 0.0388 0.0000
vt 0.1898 0.0298 0.0000
vt 0.1971 0.0384 0.0000
vt 0.1902 0.0293 0.0000
vt 0.0701 0.1876 0.0000
vt 0.0693 0.1878 0.0000
vt 0.0531 0.1540 0.0000
vt 0.0539 0.1538 0.0000
vt 0.0014 0.0236 0.0000
vt 0.0036 0.0347 0.0000
vt 0.0007 0.0235 0.0000
vt 0.0026 0.0344 0.0000
vt 0.0005 0.0198 0.0000
vt 0.0012 0.0197 0.0000
vt 0.1703 0.0057 0.0000
vt 0.1687 0.0044 0.0000
vt 0.1706 0.0052 0.0000
vt 0.1689 0.0039 0.0000
vt 0.1724 0.0066 0.0000
vt 0.1721 0.0072 0.0000
vt 0.1837 0.0213 0.0000
vt 0.1788 0.0143 0.0000
vt 0.1842 0.0208 0.0000
vt 0.1792 0.0137 0.0000
vt 0.0384 0.1211 0.0000
vt 0.0376 0.1213 0.0000
vt 0.0234 0.0896 0.0000
vt 0.0242 0.0894 0.0000
vt 0.5061 0.4136 0.0000
vt 0.4977 0.4240 0.0000
vt 0.5056 0.4131 0.0000
vt 0.4973 0.4235 0.0000
vt 0.5121 0.4034 0.0000
vt 0.5126 0.4039 0.0000
vt 0.6054 0.5862 0.0000
vt 0.6218 0.5522 0.0000
vt 0.6060 0.5865 0.0000
vt 0.6225 0.5525 0.0000
vt 0.5869 0.6198 0.0000
vt 0.5863 0.6193 0.0000
vt 0.4561 0.4636 0.0000
vt 0.4368 0.4727 0.0000
vt 0.4559 0.4632 0.0000
vt 0.4365 0.4719 0.0000
vt 0.4720 0.4497 0.0000
vt 0.4724 0.4503 0.0000
vt 0.5055 0.7003 0.0000
vt 0.5337 0.6790 0.0000
vt 0.5058 0.7008 0.0000
vt 0.5341 0.6795 0.0000
vt 0.4766 0.7171 0.0000
vt 0.4764 0.7165 0.0000
vt 0.4452 0.7298 0.0000
vt 0.4454 0.7304 0.0000
vt 0.4126 0.7399 0.0000
vt 0.4125 0.7393 0.0000
vt 0.4170 0.4805 0.0000
vt 0.3950 0.4854 0.0000
vt 0.4168 0.4798 0.0000
vt 0.3948 0.4847 0.0000
vt 0.3789 0.7447 0.0000
vt 0.3789 0.7454 0.0000
vt 0.5600 0.6499 0.0000
vt 0.5604 0.6504 0.0000
vt 0.4864 0.4367 0.0000
vt 0.4860 0.4362 0.0000
vt 0.5182 0.3933 0.0000
vt 0.5176 0.3929 0.0000
vt 0.5223 0.3823 0.0000
vt 0.5229 0.3827 0.0000
vt 0.6366 0.5168 0.0000
vt 0.6499 0.4811 0.0000
vt 0.6373 0.5170 0.0000
vt 0.6505 0.4813 0.0000
vt 0.6849 0.3445 0.0000
vt 0.6840 0.3410 0.0000
vt 0.6855 0.3445 0.0000
vt 0.6846 0.3408 0.0000
vt 0.6847 0.3556 0.0000
vt 0.6841 0.3555 0.0000
vt 0.5320 0.3533 0.0000
vt 0.5314 0.3552 0.0000
vt 0.5315 0.3529 0.0000
vt 0.5308 0.3548 0.0000
vt 0.5324 0.3512 0.0000
vt 0.5329 0.3517 0.0000
vt 0.5267 0.3728 0.0000
vt 0.5261 0.3724 0.0000
vt 0.5287 0.3642 0.0000
vt 0.5293 0.3646 0.0000
vt 0.6615 0.4464 0.0000
vt 0.6714 0.4127 0.0000
vt 0.6622 0.4465 0.0000
vt 0.6721 0.4128 0.0000
vt 0.0118 0.0587 0.0000
vt 0.0108 0.0586 0.0000
vt 0.6792 0.3804 0.0000
vt 0.6799 0.3804 0.0000
vt 0.5306 0.3588 0.0000
vt 0.5300 0.3585 0.0000
vt 0.1750 0.0098 0.0000
vt 0.1753 0.0092 0.0000
vt 0.1660 0.0027 0.0000
vt 0.1632 0.0010 0.0000
vt 0.1662 0.0022 0.0000
vt 0.1633 0.0005 0.0000
vt 0.0014 0.0167 0.0000
vt 0.0007 0.0167 0.0000
vt 0.0006 0.0135 0.0000
vt 0.0014 0.0135 0.0000
vt 0.6830 0.3384 0.0000
vt 0.6816 0.3358 0.0000
vt 0.6835 0.3381 0.0000
vt 0.6821 0.3355 0.0000
vt 0.5344 0.3493 0.0000
vt 0.5340 0.3488 0.0000
vt 0.5357 0.3462 0.0000
vt 0.5360 0.3467 0.0000
vt 0.3262 0.7495 0.0000
vt 0.3254 0.7473 0.0000
vt 0.3266 0.7471 0.0000
vt 0.3276 0.7497 0.0000
vt 0.3264 0.7593 0.0000
vt 0.3267 0.8826 0.0000
vt 0.3254 0.8869 0.0000
vt 0.3258 0.8827 0.0000
vt 0.3244 0.8865 0.0000
vt 0.3260 0.8717 0.0000
vt 0.3271 0.8713 0.0000
vt 0.3205 0.7844 0.0000
vt 0.3236 0.7846 0.0000
vt 0.3233 0.8171 0.0000
vt 0.3200 0.8171 0.0000
vt 0.3171 0.7842 0.0000
vt 0.3164 0.8173 0.0000
vt 0.3190 0.7585 0.0000
vt 0.3218 0.7591 0.0000
vt 0.3227 0.7498 0.0000
vt 0.3212 0.7488 0.0000
vt 0.3707 0.4937 0.0000
vt 0.3705 0.4904 0.0000
vt 0.3467 0.5120 0.0000
vt 0.3467 0.4949 0.0000
vt 0.3282 0.1439 0.0000
vt 0.3499 0.1442 0.0000
vt 0.3500 0.1481 0.0000
vt 0.3190 0.3201 0.0000
vt 0.3177 0.3619 0.0000
vt 0.3472 0.2724 0.0000
vt 0.3461 0.3218 0.0000
vt 0.3163 0.3881 0.0000
vt 0.3451 0.3635 0.0000
vt 0.3445 0.3895 0.0000
vt 0.3126 0.4205 0.0000
vt 0.3125 0.4216 0.0000
vt 0.3438 0.4187 0.0000
vt 0.3438 0.4207 0.0000
vt 0.3704 0.4889 0.0000
vt 0.3703 0.4882 0.0000
vt 0.3467 0.4916 0.0000
vt 0.3467 0.4901 0.0000
vt 0.3242 0.8822 0.0000
vt 0.3225 0.8844 0.0000
vt 0.3234 0.8723 0.0000
vt 0.3204 0.8738 0.0000
vt 0.3332 0.8830 0.0000
vt 0.3342 0.8708 0.0000
vt 0.3370 0.8827 0.0000
vt 0.3380 0.8701 0.0000
vt 0.3350 0.8870 0.0000
vt 0.3315 0.8881 0.0000
vt 0.3215 0.8485 0.0000
vt 0.3247 0.8479 0.0000
vt 0.3179 0.8493 0.0000
vt 0.3326 0.8472 0.0000
vt 0.3291 0.8475 0.0000
vt 0.3364 0.8466 0.0000
vt 0.3311 0.7507 0.0000
vt 0.3300 0.7474 0.0000
vt 0.3352 0.7513 0.0000
vt 0.3334 0.7482 0.0000
vt 0.3249 0.7846 0.0000
vt 0.3252 0.7846 0.0000
vt 0.3250 0.8170 0.0000
vt 0.3246 0.8170 0.0000
vt 0.3259 0.8476 0.0000
vt 0.3264 0.8475 0.0000
vt 0.3272 0.8475 0.0000
vt 0.3256 0.8169 0.0000
vt 0.3257 0.7846 0.0000
vt 0.3467 0.5567 0.0000
vt 0.3466 0.6158 0.0000
vt 0.3439 0.4136 0.0000
vt 0.3441 0.4050 0.0000
vt 0.3493 0.1856 0.0000
vt 0.3464 0.7415 0.0000
vt 0.3464 0.7453 0.0000
vt 0.3464 0.7230 0.0000
vt 0.3465 0.6762 0.0000
vt 0.3484 0.2241 0.0000
vt 0.3497 0.1403 0.0000
vt 0.3498 0.1422 0.0000
vt 0.3464 0.7474 0.0000
vt 0.3464 0.7467 0.0000
vt 0.3438 0.4215 0.0000
vt 0.3467 0.4894 0.0000
vt 0.1150 0.5381 0.0000
vt 0.1314 0.5648 0.0000
vt 0.1168 0.6004 0.0000
vt 0.0985 0.5697 0.0000
vt 0.1370 0.4975 0.0000
vt 0.1509 0.5190 0.0000
vt 0.1014 0.5109 0.0000
vt 0.1255 0.4759 0.0000
vt 0.0831 0.5383 0.0000
vt 0.2011 0.6356 0.0000
vt 0.2284 0.6507 0.0000
vt 0.2207 0.6945 0.0000
vt 0.1925 0.6784 0.0000
vt 0.2127 0.5800 0.0000
vt 0.2380 0.5938 0.0000
vt 0.1752 0.6161 0.0000
vt 0.1888 0.5624 0.0000
vt 0.1653 0.6576 0.0000
vt 0.2566 0.6622 0.0000
vt 0.2508 0.7072 0.0000
vt 0.2861 0.6702 0.0000
vt 0.2823 0.7163 0.0000
vt 0.2637 0.6037 0.0000
vt 0.2906 0.6104 0.0000
vt 0.3210 0.5553 0.0000
vt 0.2942 0.5515 0.0000
vt 0.2968 0.5069 0.0000
vt 0.3222 0.5105 0.0000
vt 0.3191 0.6145 0.0000
vt 0.1858 0.4921 0.0000
vt 0.1713 0.4742 0.0000
vt 0.1874 0.4405 0.0000
vt 0.1998 0.4548 0.0000
vt 0.1682 0.5413 0.0000
vt 0.2034 0.5096 0.0000
vt 0.2151 0.4695 0.0000
vt 0.1419 0.4251 0.0000
vt 0.1629 0.4040 0.0000
vt 0.1698 0.4166 0.0000
vt 0.1503 0.4421 0.0000
vt 0.1345 0.4080 0.0000
vt 0.1570 0.3913 0.0000
vt 0.1151 0.4531 0.0000
vt 0.1058 0.4303 0.0000
vt 0.1166 0.3511 0.0000
vt 0.1162 0.3493 0.0000
vt 0.1432 0.3511 0.0000
vt 0.1439 0.3526 0.0000
vt 0.0816 0.3492 0.0000
vt 0.0816 0.3471 0.0000
vt 0.1176 0.3552 0.0000
vt 0.0827 0.3553 0.0000
vt 0.1448 0.3553 0.0000
vt 0.1282 0.3918 0.0000
vt 0.1522 0.3793 0.0000
vt 0.1231 0.3770 0.0000
vt 0.1484 0.3689 0.0000
vt 0.0976 0.4084 0.0000
vt 0.0908 0.3879 0.0000
vt 0.5271 0.1184 0.0000
vt 0.5179 0.0908 0.0000
vt 0.5266 0.0799 0.0000
vt 0.5378 0.1037 0.0000
vt 0.5146 0.1344 0.0000
vt 0.5074 0.1033 0.0000
vt 0.5385 0.1549 0.0000
vt 0.5238 0.1756 0.0000
vt 0.5515 0.1353 0.0000
vt 0.4641 0.1879 0.0000
vt 0.4609 0.1499 0.0000
vt 0.4784 0.1354 0.0000
vt 0.4824 0.1723 0.0000
vt 0.4448 0.2007 0.0000
vt 0.4423 0.1624 0.0000
vt 0.4675 0.2366 0.0000
vt 0.4470 0.2493 0.0000
vt 0.4872 0.2203 0.0000
vt 0.4242 0.2112 0.0000
vt 0.4011 0.2189 0.0000
vt 0.4005 0.1801 0.0000
vt 0.4227 0.1727 0.0000
vt 0.4251 0.2600 0.0000
vt 0.4010 0.2677 0.0000
vt 0.5132 0.2456 0.0000
vt 0.5199 0.2844 0.0000
vt 0.4968 0.3103 0.0000
vt 0.4918 0.2698 0.0000
vt 0.5333 0.2188 0.0000
vt 0.5420 0.2549 0.0000
vt 0.5063 0.1986 0.0000
vt 0.5808 0.1433 0.0000
vt 0.5961 0.1185 0.0000
vt 0.6128 0.1380 0.0000
vt 0.5955 0.1674 0.0000
vt 0.5641 0.1153 0.0000
vt 0.5767 0.0961 0.0000
vt 0.5656 0.1688 0.0000
vt 0.5783 0.1974 0.0000
vt 0.6357 0.0545 0.0000
vt 0.6578 0.0613 0.0000
vt 0.6454 0.0851 0.0000
vt 0.6251 0.0745 0.0000
vt 0.6429 0.0387 0.0000
vt 0.6662 0.0429 0.0000
vt 0.6089 0.0467 0.0000
vt 0.6145 0.0341 0.0000
vt 0.6006 0.0625 0.0000
vt 0.6114 0.0957 0.0000
vt 0.6299 0.1106 0.0000
vt 0.5894 0.0787 0.0000
vt 0.4984 0.0685 0.0000
vt 0.4897 0.0785 0.0000
vt 0.4862 0.0748 0.0000
vt 0.4947 0.0650 0.0000
vt 0.5039 0.0731 0.0000
vt 0.4949 0.0835 0.0000
vt 0.5060 0.0597 0.0000
vt 0.5115 0.0640 0.0000
vt 0.5021 0.0564 0.0000
vt 0.5854 0.2608 0.0000
vt 0.6038 0.2290 0.0000
vt 0.6081 0.2323 0.0000
vt 0.5897 0.2642 0.0000
vt 0.5793 0.2549 0.0000
vt 0.5977 0.2234 0.0000
vt 0.5649 0.2917 0.0000
vt 0.5590 0.2855 0.0000
vt 0.5692 0.2953 0.0000
vt 0.4489 0.1168 0.0000
vt 0.4313 0.1261 0.0000
vt 0.4303 0.1229 0.0000
vt 0.4464 0.1124 0.0000
vt 0.4523 0.1228 0.0000
vt 0.4346 0.1333 0.0000
vt 0.4644 0.1039 0.0000
vt 0.4686 0.1099 0.0000
vt 0.4614 0.0997 0.0000
vt 0.4899 0.3716 0.0000
vt 0.5150 0.3497 0.0000
vt 0.5188 0.3538 0.0000
vt 0.4932 0.3761 0.0000
vt 0.4855 0.3641 0.0000
vt 0.5100 0.3430 0.0000
vt 0.4641 0.3888 0.0000
vt 0.4605 0.3805 0.0000
vt 0.4669 0.3938 0.0000
vt 0.4355 0.4018 0.0000
vt 0.4376 0.4070 0.0000
vt 0.4330 0.3932 0.0000
vt 0.4054 0.4109 0.0000
vt 0.4039 0.4019 0.0000
vt 0.4068 0.4164 0.0000
vt 0.4155 0.1375 0.0000
vt 0.3950 0.1416 0.0000
vt 0.3942 0.1365 0.0000
vt 0.4134 0.1327 0.0000
vt 0.4172 0.1434 0.0000
vt 0.3964 0.1490 0.0000
vt 0.3741 0.4141 0.0000
vt 0.3747 0.4196 0.0000
vt 0.3735 0.4052 0.0000
vt 0.5407 0.3222 0.0000
vt 0.5447 0.3260 0.0000
vt 0.5351 0.3158 0.0000
vt 0.4784 0.0910 0.0000
vt 0.4753 0.0872 0.0000
vt 0.4830 0.0964 0.0000
vt 0.5138 0.0506 0.0000
vt 0.5098 0.0474 0.0000
vt 0.5193 0.0546 0.0000
vt 0.5213 0.0417 0.0000
vt 0.5268 0.0455 0.0000
vt 0.5171 0.0386 0.0000
vt 0.6221 0.1962 0.0000
vt 0.6398 0.1635 0.0000
vt 0.6440 0.1666 0.0000
vt 0.6263 0.1995 0.0000
vt 0.6160 0.1908 0.0000
vt 0.6338 0.1583 0.0000
vt 0.3642 0.8827 0.0000
vt 0.3639 0.8712 0.0000
vt 0.3649 0.8710 0.0000
vt 0.3650 0.8824 0.0000
vt 0.3625 0.8830 0.0000
vt 0.3619 0.8711 0.0000
vt 0.3656 0.8872 0.0000
vt 0.3642 0.8878 0.0000
vt 0.3661 0.8868 0.0000
vt 0.6974 0.0381 0.0000
vt 0.6980 0.0344 0.0000
vt 0.7027 0.0356 0.0000
vt 0.7022 0.0395 0.0000
vt 0.6916 0.0366 0.0000
vt 0.6923 0.0330 0.0000
vt 0.6946 0.0486 0.0000
vt 0.6885 0.0468 0.0000
vt 0.6995 0.0505 0.0000
vt 0.5412 0.0189 0.0000
vt 0.5396 0.0205 0.0000
vt 0.5357 0.0169 0.0000
vt 0.5374 0.0155 0.0000
vt 0.5461 0.0219 0.0000
vt 0.5444 0.0234 0.0000
vt 0.5427 0.0173 0.0000
vt 0.5475 0.0203 0.0000
vt 0.5391 0.0142 0.0000
vt 0.5280 0.0334 0.0000
vt 0.5235 0.0304 0.0000
vt 0.5333 0.0372 0.0000
vt 0.5333 0.0268 0.0000
vt 0.5385 0.0305 0.0000
vt 0.5288 0.0236 0.0000
vt 0.6567 0.1317 0.0000
vt 0.6721 0.1010 0.0000
vt 0.6765 0.1038 0.0000
vt 0.6610 0.1347 0.0000
vt 0.6508 0.1271 0.0000
vt 0.6662 0.0972 0.0000
vt 0.5110 0.0785 0.0000
vt 0.5187 0.0689 0.0000
vt 0.5017 0.0894 0.0000
vt 0.4892 0.1032 0.0000
vt 0.4743 0.1178 0.0000
vt 0.4941 0.1190 0.0000
vt 0.4573 0.1314 0.0000
vt 0.4390 0.1430 0.0000
vt 0.4202 0.1529 0.0000
vt 0.3987 0.1596 0.0000
vt 0.3740 0.1638 0.0000
vt 0.3728 0.1529 0.0000
vt 0.3747 0.1845 0.0000
vt 0.4298 0.3778 0.0000
vt 0.4021 0.3861 0.0000
vt 0.4559 0.3660 0.0000
vt 0.4273 0.3518 0.0000
vt 0.4519 0.3408 0.0000
vt 0.4009 0.3597 0.0000
vt 0.4798 0.3515 0.0000
vt 0.5031 0.3321 0.0000
vt 0.4745 0.3281 0.0000
vt 0.5275 0.3055 0.0000
vt 0.5508 0.2752 0.0000
vt 0.5708 0.2450 0.0000
vt 0.5890 0.2142 0.0000
vt 0.5610 0.2262 0.0000
vt 0.6071 0.1822 0.0000
vt 0.6250 0.1505 0.0000
vt 0.6424 0.1205 0.0000
vt 0.6582 0.0922 0.0000
vt 0.6838 0.0354 0.0000
vt 0.6803 0.0453 0.0000
vt 0.6847 0.0315 0.0000
vt 0.6697 0.0335 0.0000
vt 0.6709 0.0295 0.0000
vt 0.5515 0.0222 0.0000
vt 0.5530 0.0207 0.0000
vt 0.5651 0.0204 0.0000
vt 0.5638 0.0225 0.0000
vt 0.5496 0.0247 0.0000
vt 0.5618 0.0265 0.0000
vt 0.5389 0.0418 0.0000
vt 0.5438 0.0349 0.0000
vt 0.5329 0.0499 0.0000
vt 0.5491 0.0499 0.0000
vt 0.5421 0.0588 0.0000
vt 0.5549 0.0418 0.0000
vt 0.5261 0.0591 0.0000
vt 0.5347 0.0690 0.0000
vt 0.1845 0.4162 0.0000
vt 0.1933 0.4270 0.0000
vt 0.1776 0.4283 0.0000
vt 0.1863 0.4135 0.0000
vt 0.1949 0.4241 0.0000
vt 0.1774 0.4061 0.0000
vt 0.1795 0.4037 0.0000
vt 0.0918 0.5820 0.0000
vt 0.0753 0.5489 0.0000
vt 0.0897 0.5844 0.0000
vt 0.0729 0.5510 0.0000
vt 0.1110 0.6142 0.0000
vt 0.1092 0.6169 0.0000
vt 0.2363 0.4667 0.0000
vt 0.2551 0.4776 0.0000
vt 0.2526 0.4943 0.0000
vt 0.2330 0.4831 0.0000
vt 0.2374 0.4634 0.0000
vt 0.2560 0.4742 0.0000
vt 0.2194 0.4537 0.0000
vt 0.2207 0.4504 0.0000
vt 0.1890 0.6950 0.0000
vt 0.1615 0.6738 0.0000
vt 0.1881 0.6983 0.0000
vt 0.1602 0.6769 0.0000
vt 0.2176 0.7116 0.0000
vt 0.2168 0.7150 0.0000
vt 0.2485 0.7247 0.0000
vt 0.2479 0.7281 0.0000
vt 0.2808 0.7343 0.0000
vt 0.2805 0.7377 0.0000
vt 0.2754 0.4849 0.0000
vt 0.2978 0.4899 0.0000
vt 0.2737 0.5018 0.0000
vt 0.2761 0.4816 0.0000
vt 0.2983 0.4866 0.0000
vt 0.3142 0.7394 0.0000
vt 0.3149 0.7214 0.0000
vt 0.3140 0.7428 0.0000
vt 0.1349 0.6458 0.0000
vt 0.1397 0.6306 0.0000
vt 0.1333 0.6487 0.0000
vt 0.2049 0.4400 0.0000
vt 0.2063 0.4370 0.0000
vt 0.1713 0.3952 0.0000
vt 0.1735 0.3930 0.0000
vt 0.1661 0.3841 0.0000
vt 0.1684 0.3823 0.0000
vt 0.0615 0.5139 0.0000
vt 0.0478 0.4793 0.0000
vt 0.0568 0.4721 0.0000
vt 0.0696 0.5052 0.0000
vt 0.0588 0.5156 0.0000
vt 0.0449 0.4806 0.0000
vt 0.0103 0.3460 0.0000
vt 0.0112 0.3429 0.0000
vt 0.0222 0.3435 0.0000
vt 0.0213 0.3465 0.0000
vt 0.0071 0.3456 0.0000
vt 0.0080 0.3422 0.0000
vt 0.0114 0.3565 0.0000
vt 0.0080 0.3565 0.0000
vt 0.0225 0.3564 0.0000
vt 0.1552 0.3535 0.0000
vt 0.1543 0.3521 0.0000
vt 0.1572 0.3512 0.0000
vt 0.1580 0.3527 0.0000
vt 0.1560 0.3554 0.0000
vt 0.1588 0.3545 0.0000
vt 0.1618 0.3739 0.0000
vt 0.1642 0.3723 0.0000
vt 0.1587 0.3652 0.0000
vt 0.1612 0.3640 0.0000
vt 0.0357 0.4454 0.0000
vt 0.0252 0.4126 0.0000
vt 0.0355 0.4090 0.0000
vt 0.0454 0.4400 0.0000
vt 0.0326 0.4463 0.0000
vt 0.0220 0.4132 0.0000
vt 0.5879 0.0246 0.0000
vt 0.5854 0.0298 0.0000
vt 0.6174 0.0275 0.0000
vt 0.5892 0.0220 0.0000
vt 0.6189 0.0244 0.0000
vt 0.6714 0.0657 0.0000
vt 0.6795 0.0687 0.0000
vt 0.6856 0.0715 0.0000
vt 0.6903 0.0739 0.0000
vt 0.0165 0.3809 0.0000
vt 0.0133 0.3812 0.0000
vt 0.0274 0.3792 0.0000
vt 0.0528 0.3747 0.0000
vt 0.0486 0.3558 0.0000
vt 0.0595 0.3997 0.0000
vt 0.0858 0.3692 0.0000
vt 0.1570 0.3592 0.0000
vt 0.1461 0.3608 0.0000
vt 0.1597 0.3582 0.0000
vt 0.5371 0.0227 0.0000
vt 0.5328 0.0194 0.0000
vt 0.5420 0.0261 0.0000
vt 0.5472 0.0291 0.0000
vt 0.5590 0.0335 0.0000
vt 0.3711 0.7496 0.0000
vt 0.3719 0.7476 0.0000
vt 0.3731 0.7478 0.0000
vt 0.3720 0.7496 0.0000
vt 0.3706 0.7496 0.0000
vt 0.3714 0.7477 0.0000
vt 0.3706 0.7592 0.0000
vt 0.3701 0.7592 0.0000
vt 0.3717 0.7592 0.0000
vt 0.1158 0.3470 0.0000
vt 0.1423 0.3489 0.0000
vt 0.1156 0.3444 0.0000
vt 0.1417 0.3464 0.0000
vt 0.0819 0.3448 0.0000
vt 0.0823 0.3420 0.0000
vt 0.6859 0.0288 0.0000
vt 0.6930 0.0303 0.0000
vt 0.6876 0.0261 0.0000
vt 0.6933 0.0278 0.0000
vt 0.6724 0.0265 0.0000
vt 0.6742 0.0234 0.0000
vt 0.5448 0.0151 0.0000
vt 0.5417 0.0125 0.0000
vt 0.5489 0.0176 0.0000
vt 0.5474 0.0129 0.0000
vt 0.5501 0.0153 0.0000
vt 0.5445 0.0108 0.0000
vt 0.6984 0.0316 0.0000
vt 0.6982 0.0284 0.0000
vt 0.7027 0.0326 0.0000
vt 0.7027 0.0294 0.0000
vt 0.0123 0.3403 0.0000
vt 0.0235 0.3409 0.0000
vt 0.0137 0.3378 0.0000
vt 0.0249 0.3382 0.0000
vt 0.0091 0.3397 0.0000
vt 0.0105 0.3372 0.0000
vt 0.1530 0.3498 0.0000
vt 0.1520 0.3475 0.0000
vt 0.1542 0.3462 0.0000
vt 0.1557 0.3488 0.0000
vt 0.6490 0.0239 0.0000
vt 0.6476 0.0270 0.0000
vt 0.6502 0.0205 0.0000
vt 0.6199 0.0216 0.0000
vt 0.6206 0.0182 0.0000
vt 0.5540 0.0185 0.0000
vt 0.5657 0.0181 0.0000
vt 0.5538 0.0153 0.0000
vt 0.5651 0.0147 0.0000
vt 0.1598 0.4580 0.0000
vt 0.2241 0.5250 0.0000
vt 0.2464 0.5374 0.0000
vt 0.2695 0.5459 0.0000
vt 0.3169 0.6748 0.0000
vt 0.1517 0.5917 0.0000
vt 0.0891 0.4823 0.0000
vt 0.0780 0.4537 0.0000
vt 0.0474 0.3476 0.0000
vt 0.0479 0.3450 0.0000
vt 0.0680 0.4261 0.0000
vt 0.5503 0.1936 0.0000
vt 0.4707 0.2867 0.0000
vt 0.4491 0.2991 0.0000
vt 0.4260 0.3098 0.0000
vt 0.4008 0.3176 0.0000
vt 0.4995 0.1534 0.0000
vt 0.5479 0.0891 0.0000
vt 0.5576 0.0752 0.0000
vt 0.5815 0.0395 0.0000
vt 0.5755 0.0512 0.0000
vt 0.5672 0.0628 0.0000
vt 0.3746 0.2232 0.0000
vt 0.3739 0.2717 0.0000
vt 0.6462 0.0306 0.0000
vt 0.1197 0.3643 0.0000
vt 0.3640 0.7857 0.0000
vt 0.3640 0.7609 0.0000
vt 0.3681 0.7597 0.0000
vt 0.3679 0.7848 0.0000
vt 0.3597 0.7864 0.0000
vt 0.3595 0.7620 0.0000
vt 0.3635 0.8169 0.0000
vt 0.3596 0.8169 0.0000
vt 0.3670 0.8168 0.0000
vt 0.0489 0.3425 0.0000
vt 0.0499 0.3398 0.0000
vt 0.5899 0.0195 0.0000
vt 0.5899 0.0160 0.0000
vt 0.4934 0.0636 0.0000
vt 0.5008 0.0550 0.0000
vt 0.4930 0.0630 0.0000
vt 0.5004 0.0546 0.0000
vt 0.4849 0.0733 0.0000
vt 0.4845 0.0727 0.0000
vt 0.5915 0.2655 0.0000
vt 0.5709 0.2967 0.0000
vt 0.5923 0.2658 0.0000
vt 0.5718 0.2971 0.0000
vt 0.6098 0.2335 0.0000
vt 0.6105 0.2338 0.0000
vt 0.4451 0.1111 0.0000
vt 0.4603 0.0980 0.0000
vt 0.4440 0.1097 0.0000
vt 0.4595 0.0971 0.0000
vt 0.4289 0.1205 0.0000
vt 0.4281 0.1193 0.0000
vt 0.4947 0.3779 0.0000
vt 0.4681 0.3959 0.0000
vt 0.4953 0.3787 0.0000
vt 0.4688 0.3969 0.0000
vt 0.5204 0.3554 0.0000
vt 0.5210 0.3562 0.0000
vt 0.4385 0.4092 0.0000
vt 0.4074 0.4188 0.0000
vt 0.4390 0.4101 0.0000
vt 0.4077 0.4200 0.0000
vt 0.4126 0.1313 0.0000
vt 0.4120 0.1298 0.0000
vt 0.3941 0.1344 0.0000
vt 0.3941 0.1334 0.0000
vt 0.3715 0.1395 0.0000
vt 0.3718 0.1416 0.0000
vt 0.3713 0.1386 0.0000
vt 0.5464 0.3275 0.0000
vt 0.5471 0.3280 0.0000
vt 0.4744 0.0858 0.0000
vt 0.4731 0.0846 0.0000
vt 0.5084 0.0462 0.0000
vt 0.5157 0.0374 0.0000
vt 0.5079 0.0457 0.0000
vt 0.5152 0.0369 0.0000
vt 0.6280 0.2006 0.0000
vt 0.6287 0.2008 0.0000
vt 0.6457 0.1676 0.0000
vt 0.6465 0.1679 0.0000
vt 0.7041 0.0400 0.0000
vt 0.7014 0.0510 0.0000
vt 0.7049 0.0399 0.0000
vt 0.7024 0.0507 0.0000
vt 0.7045 0.0361 0.0000
vt 0.7052 0.0362 0.0000
vt 0.5362 0.0143 0.0000
vt 0.5379 0.0130 0.0000
vt 0.5360 0.0137 0.0000
vt 0.5377 0.0125 0.0000
vt 0.5344 0.0157 0.0000
vt 0.5341 0.0151 0.0000
vt 0.5221 0.0292 0.0000
vt 0.5273 0.0224 0.0000
vt 0.5217 0.0287 0.0000
vt 0.5270 0.0219 0.0000
vt 0.6627 0.1357 0.0000
vt 0.6635 0.1359 0.0000
vt 0.6783 0.1046 0.0000
vt 0.6792 0.1049 0.0000
vt 0.1871 0.4123 0.0000
vt 0.1956 0.4228 0.0000
vt 0.1875 0.4117 0.0000
vt 0.1960 0.4222 0.0000
vt 0.1804 0.4025 0.0000
vt 0.1809 0.4021 0.0000
vt 0.0886 0.5853 0.0000
vt 0.0717 0.5518 0.0000
vt 0.0880 0.5857 0.0000
vt 0.0711 0.5521 0.0000
vt 0.1083 0.6179 0.0000
vt 0.1078 0.6184 0.0000
vt 0.2379 0.4620 0.0000
vt 0.2565 0.4727 0.0000
vt 0.2382 0.4613 0.0000
vt 0.2567 0.4720 0.0000
vt 0.2213 0.4490 0.0000
vt 0.2216 0.4484 0.0000
vt 0.1877 0.6996 0.0000
vt 0.1597 0.6782 0.0000
vt 0.1874 0.7001 0.0000
vt 0.1593 0.6787 0.0000
vt 0.2165 0.7162 0.0000
vt 0.2163 0.7168 0.0000
vt 0.2477 0.7294 0.0000
vt 0.2475 0.7300 0.0000
vt 0.2803 0.7390 0.0000
vt 0.2802 0.7396 0.0000
vt 0.2764 0.4801 0.0000
vt 0.2985 0.4851 0.0000
vt 0.2766 0.4794 0.0000
vt 0.2986 0.4844 0.0000
vt 0.3140 0.7440 0.0000
vt 0.3139 0.7446 0.0000
vt 0.1326 0.6499 0.0000
vt 0.1322 0.6504 0.0000
vt 0.2069 0.4357 0.0000
vt 0.2073 0.4351 0.0000
vt 0.1745 0.3920 0.0000
vt 0.1750 0.3915 0.0000
vt 0.1694 0.3813 0.0000
vt 0.1700 0.3809 0.0000
vt 0.0576 0.5163 0.0000
vt 0.0436 0.4810 0.0000
vt 0.0569 0.5165 0.0000
vt 0.0430 0.4812 0.0000
vt 0.0059 0.3455 0.0000
vt 0.0067 0.3420 0.0000
vt 0.0053 0.3455 0.0000
vt 0.0061 0.3418 0.0000
vt 0.0066 0.3565 0.0000
vt 0.0060 0.3566 0.0000
vt 0.1592 0.3520 0.0000
vt 0.1600 0.3539 0.0000
vt 0.1597 0.3516 0.0000
vt 0.1605 0.3535 0.0000
vt 0.1584 0.3504 0.0000
vt 0.1588 0.3499 0.0000
vt 0.1653 0.3715 0.0000
vt 0.1659 0.3711 0.0000
vt 0.1624 0.3633 0.0000
vt 0.1630 0.3629 0.0000
vt 0.0313 0.4466 0.0000
vt 0.0206 0.4133 0.0000
vt 0.0306 0.4468 0.0000
vt 0.0199 0.4134 0.0000
vt 0.6922 0.0745 0.0000
vt 0.6931 0.0745 0.0000
vt 0.0119 0.3813 0.0000
vt 0.0113 0.3813 0.0000
vt 0.1608 0.3575 0.0000
vt 0.1615 0.3572 0.0000
vt 0.5314 0.0181 0.0000
vt 0.5311 0.0176 0.0000
vt 0.5407 0.0115 0.0000
vt 0.5436 0.0099 0.0000
vt 0.5405 0.0109 0.0000
vt 0.5434 0.0094 0.0000
vt 0.7045 0.0331 0.0000
vt 0.7052 0.0331 0.0000
vt 0.7047 0.0299 0.0000
vt 0.7054 0.0299 0.0000
vt 0.0078 0.3394 0.0000
vt 0.0092 0.3368 0.0000
vt 0.0073 0.3391 0.0000
vt 0.0087 0.3365 0.0000
vt 0.1568 0.3480 0.0000
vt 0.1572 0.3475 0.0000
vt 0.1552 0.3454 0.0000
vt 0.1555 0.3450 0.0000
vt 0.3702 0.7495 0.0000
vt 0.3688 0.7496 0.0000
vt 0.3699 0.7471 0.0000
vt 0.3711 0.7473 0.0000
vt 0.3697 0.7593 0.0000
vt 0.3655 0.8826 0.0000
vt 0.3666 0.8869 0.0000
vt 0.3664 0.8827 0.0000
vt 0.3677 0.8865 0.0000
vt 0.3654 0.8712 0.0000
vt 0.3665 0.8716 0.0000
vt 0.3748 0.7846 0.0000
vt 0.3743 0.8173 0.0000
vt 0.3710 0.8171 0.0000
vt 0.3717 0.7846 0.0000
vt 0.3782 0.7845 0.0000
vt 0.3779 0.8176 0.0000
vt 0.3743 0.7593 0.0000
vt 0.3771 0.7588 0.0000
vt 0.3737 0.7500 0.0000
vt 0.3752 0.7489 0.0000
vt 0.3229 0.4902 0.0000
vt 0.3227 0.4935 0.0000
vt 0.3720 0.1452 0.0000
vt 0.3726 0.3632 0.0000
vt 0.3732 0.3214 0.0000
vt 0.3728 0.3894 0.0000
vt 0.3750 0.4230 0.0000
vt 0.3749 0.4219 0.0000
vt 0.3231 0.4880 0.0000
vt 0.3230 0.4887 0.0000
vt 0.3680 0.8822 0.0000
vt 0.3696 0.8844 0.0000
vt 0.3691 0.8723 0.0000
vt 0.3720 0.8740 0.0000
vt 0.3590 0.8827 0.0000
vt 0.3584 0.8705 0.0000
vt 0.3552 0.8823 0.0000
vt 0.3546 0.8696 0.0000
vt 0.3605 0.8879 0.0000
vt 0.3571 0.8866 0.0000
vt 0.3718 0.8486 0.0000
vt 0.3687 0.8480 0.0000
vt 0.3753 0.8496 0.0000
vt 0.3608 0.8469 0.0000
vt 0.3642 0.8473 0.0000
vt 0.3570 0.8463 0.0000
vt 0.3652 0.7505 0.0000
vt 0.3665 0.7473 0.0000
vt 0.3611 0.7510 0.0000
vt 0.3631 0.7480 0.0000
vt 0.3705 0.7846 0.0000
vt 0.3701 0.7846 0.0000
vt 0.3697 0.8170 0.0000
vt 0.3693 0.8170 0.0000
vt 0.3674 0.8476 0.0000
vt 0.3670 0.8475 0.0000
vt 0.3661 0.8475 0.0000
vt 0.3687 0.8169 0.0000
vt 0.3696 0.7846 0.0000
vt 0.5882 0.7556 0.0000
vt 0.5896 0.7894 0.0000
vt 0.5822 0.7883 0.0000
vt 0.5810 0.7541 0.0000
vt 0.5899 0.7217 0.0000
vt 0.5832 0.7196 0.0000
vt 0.5986 0.7232 0.0000
vt 0.5974 0.7563 0.0000
vt 0.5990 0.7894 0.0000
vt 0.5938 0.8256 0.0000
vt 0.6033 0.8251 0.0000
vt 0.5997 0.8609 0.0000
vt 0.6098 0.8601 0.0000
vt 0.5918 0.8603 0.0000
vt 0.5862 0.8248 0.0000
vt 0.6043 0.8930 0.0000
vt 0.6169 0.8914 0.0000
vt 0.6472 0.9318 0.0000
vt 0.6207 0.9174 0.0000
vt 0.6264 0.9056 0.0000
vt 0.6509 0.9225 0.0000
vt 0.6451 0.9394 0.0000
vt 0.6175 0.9272 0.0000
vt 0.5945 0.8927 0.0000
vt 0.6729 0.9460 0.0000
vt 0.6759 0.9375 0.0000
vt 0.6987 0.9567 0.0000
vt 0.7010 0.9483 0.0000
vt 0.6976 0.9635 0.0000
vt 0.6714 0.9530 0.0000
vt 0.7231 0.9628 0.0000
vt 0.7248 0.9542 0.0000
vt 0.7482 0.9660 0.0000
vt 0.7491 0.9570 0.0000
vt 0.7478 0.9732 0.0000
vt 0.7224 0.9698 0.0000
vt 0.5948 0.6848 0.0000
vt 0.5887 0.6824 0.0000
vt 0.6043 0.6499 0.0000
vt 0.5991 0.6472 0.0000
vt 0.6113 0.6535 0.0000
vt 0.6029 0.6873 0.0000
vt 0.6191 0.6218 0.0000
vt 0.6146 0.6187 0.0000
vt 0.6388 0.5993 0.0000
vt 0.6347 0.5957 0.0000
vt 0.6439 0.6045 0.0000
vt 0.6252 0.6262 0.0000
vt 0.6631 0.5813 0.0000
vt 0.6596 0.5770 0.0000
vt 0.6910 0.5681 0.0000
vt 0.6882 0.5630 0.0000
vt 0.6941 0.5750 0.0000
vt 0.6672 0.5874 0.0000
vt 0.7214 0.5595 0.0000
vt 0.7195 0.5536 0.0000
vt 0.7513 0.5549 0.0000
vt 0.7504 0.5485 0.0000
vt 0.7523 0.5629 0.0000
vt 0.7234 0.5671 0.0000
vt 0.7753 0.9671 0.0000
vt 0.7754 0.9742 0.0000
vt 0.7753 0.9581 0.0000
vt 0.8025 0.9570 0.0000
vt 0.8034 0.9659 0.0000
vt 0.8038 0.9730 0.0000
vt 0.9630 0.7517 0.0000
vt 0.9700 0.7500 0.0000
vt 0.9698 0.7843 0.0000
vt 0.9623 0.7856 0.0000
vt 0.9538 0.7526 0.0000
vt 0.9528 0.7858 0.0000
vt 0.9524 0.7194 0.0000
vt 0.9612 0.7176 0.0000
vt 0.9679 0.7155 0.0000
vt 0.9588 0.8219 0.0000
vt 0.9492 0.8217 0.0000
vt 0.9664 0.8209 0.0000
vt 0.9617 0.8565 0.0000
vt 0.9536 0.8573 0.0000
vt 0.9435 0.8567 0.0000
vt 0.9503 0.8892 0.0000
vt 0.9380 0.8881 0.0000
vt 0.9599 0.8887 0.0000
vt 0.9346 0.9148 0.0000
vt 0.9381 0.9245 0.0000
vt 0.9111 0.9370 0.0000
vt 0.9089 0.9294 0.0000
vt 0.9287 0.9030 0.0000
vt 0.9049 0.9202 0.0000
vt 0.8840 0.9439 0.0000
vt 0.8809 0.9356 0.0000
vt 0.8856 0.9508 0.0000
vt 0.8593 0.9619 0.0000
vt 0.8581 0.9552 0.0000
vt 0.8556 0.9469 0.0000
vt 0.8312 0.9622 0.0000
vt 0.8294 0.9536 0.0000
vt 0.8320 0.9690 0.0000
vt 0.9561 0.6808 0.0000
vt 0.9622 0.6783 0.0000
vt 0.9479 0.6835 0.0000
vt 0.9392 0.6498 0.0000
vt 0.9463 0.6461 0.0000
vt 0.9515 0.6434 0.0000
vt 0.9313 0.6183 0.0000
vt 0.9359 0.6152 0.0000
vt 0.9251 0.6228 0.0000
vt 0.9063 0.6015 0.0000
vt 0.9115 0.5962 0.0000
vt 0.9156 0.5926 0.0000
vt 0.8871 0.5787 0.0000
vt 0.8907 0.5744 0.0000
vt 0.8829 0.5848 0.0000
vt 0.8564 0.5729 0.0000
vt 0.8597 0.5661 0.0000
vt 0.8626 0.5610 0.0000
vt 0.8310 0.5584 0.0000
vt 0.8332 0.5525 0.0000
vt 0.8288 0.5660 0.0000
vt 0.8018 0.5626 0.0000
vt 0.8030 0.5545 0.0000
vt 0.8041 0.5480 0.0000
vt 0.8340 0.3200 0.0000
vt 0.8345 0.3476 0.0000
vt 0.8108 0.3470 0.0000
vt 0.8104 0.3196 0.0000
vt 0.8333 0.2880 0.0000
vt 0.8095 0.2880 0.0000
vt 0.8568 0.2879 0.0000
vt 0.8571 0.3194 0.0000
vt 0.8577 0.3466 0.0000
vt 0.7774 0.5534 0.0000
vt 0.7773 0.5616 0.0000
vt 0.7775 0.5469 0.0000
vt 0.7187 0.8401 0.0000
vt 0.7303 0.8425 0.0000
vt 0.7297 0.8574 0.0000
vt 0.7188 0.8529 0.0000
vt 0.7066 0.8405 0.0000
vt 0.7094 0.8505 0.0000
vt 0.7015 0.8265 0.0000
vt 0.7158 0.8255 0.0000
vt 0.7292 0.8262 0.0000
vt 0.6783 0.1962 0.0000
vt 0.6777 0.2273 0.0000
vt 0.6657 0.2283 0.0000
vt 0.6664 0.1962 0.0000
vt 0.6814 0.1651 0.0000
vt 0.6698 0.1641 0.0000
vt 0.6998 0.1660 0.0000
vt 0.6973 0.1962 0.0000
vt 0.6968 0.2264 0.0000
vt 0.6869 0.1328 0.0000
vt 0.6757 0.1303 0.0000
vt 0.6951 0.1029 0.0000
vt 0.6847 0.0986 0.0000
vt 0.7113 0.1062 0.0000
vt 0.7045 0.1349 0.0000
vt 0.7065 0.0790 0.0000
vt 0.6972 0.0727 0.0000
vt 0.7213 0.0603 0.0000
vt 0.7136 0.0519 0.0000
vt 0.7282 0.0677 0.0000
vt 0.7205 0.0832 0.0000
vt 0.7397 0.0457 0.0000
vt 0.7340 0.0358 0.0000
vt 0.7601 0.0356 0.0000
vt 0.7563 0.0246 0.0000
vt 0.7630 0.0523 0.0000
vt 0.7433 0.0604 0.0000
vt 0.7809 0.0302 0.0000
vt 0.7787 0.0187 0.0000
vt 0.8032 0.0278 0.0000
vt 0.8022 0.0161 0.0000
vt 0.8042 0.0459 0.0000
vt 0.7829 0.0479 0.0000
vt 0.8283 0.0266 0.0000
vt 0.8282 0.0149 0.0000
vt 0.8542 0.0270 0.0000
vt 0.8550 0.0154 0.0000
vt 0.8536 0.0453 0.0000
vt 0.8285 0.0449 0.0000
vt 0.8792 0.0296 0.0000
vt 0.8813 0.0181 0.0000
vt 0.9025 0.0355 0.0000
vt 0.9062 0.0244 0.0000
vt 0.8997 0.0522 0.0000
vt 0.8774 0.0474 0.0000
vt 0.9234 0.0457 0.0000
vt 0.9290 0.0358 0.0000
vt 0.9413 0.0603 0.0000
vt 0.9487 0.0519 0.0000
vt 0.9346 0.0677 0.0000
vt 0.9198 0.0604 0.0000
vt 0.9556 0.0790 0.0000
vt 0.9645 0.0727 0.0000
vt 0.9666 0.1029 0.0000
vt 0.9767 0.0986 0.0000
vt 0.9510 0.1062 0.0000
vt 0.9420 0.0832 0.0000
vt 0.9748 0.1328 0.0000
vt 0.9856 0.1303 0.0000
vt 0.9804 0.1651 0.0000
vt 0.9916 0.1641 0.0000
vt 0.9625 0.1660 0.0000
vt 0.9578 0.1349 0.0000
vt 0.9838 0.1962 0.0000
vt 0.9953 0.1962 0.0000
vt 0.9847 0.2273 0.0000
vt 0.9965 0.2283 0.0000
vt 0.9661 0.2264 0.0000
vt 0.9653 0.1962 0.0000
vt 0.9831 0.2595 0.0000
vt 0.9949 0.2619 0.0000
vt 0.9777 0.2893 0.0000
vt 0.9892 0.2934 0.0000
vt 0.9603 0.2860 0.0000
vt 0.9646 0.2574 0.0000
vt 0.9676 0.3130 0.0000
vt 0.9781 0.3192 0.0000
vt 0.9527 0.3316 0.0000
vt 0.9615 0.3398 0.0000
vt 0.9448 0.3242 0.0000
vt 0.9522 0.3089 0.0000
vt 0.9333 0.3460 0.0000
vt 0.9399 0.3558 0.0000
vt 0.9102 0.3562 0.0000
vt 0.9145 0.3670 0.0000
vt 0.9066 0.3396 0.0000
vt 0.9287 0.3315 0.0000
vt 0.8847 0.3619 0.0000
vt 0.8872 0.3733 0.0000
vt 0.8588 0.3647 0.0000
vt 0.8599 0.3762 0.0000
vt 0.8823 0.3443 0.0000
vt 0.8348 0.3658 0.0000
vt 0.8349 0.3773 0.0000
vt 0.8102 0.3651 0.0000
vt 0.8092 0.3766 0.0000
vt 0.7825 0.3622 0.0000
vt 0.7801 0.3736 0.0000
vt 0.7551 0.3562 0.0000
vt 0.7508 0.3671 0.0000
vt 0.7586 0.3397 0.0000
vt 0.7845 0.3446 0.0000
vt 0.7313 0.3460 0.0000
vt 0.7247 0.3558 0.0000
vt 0.7116 0.3316 0.0000
vt 0.7028 0.3398 0.0000
vt 0.7195 0.3242 0.0000
vt 0.7358 0.3315 0.0000
vt 0.6964 0.3130 0.0000
vt 0.6858 0.3192 0.0000
vt 0.6858 0.2893 0.0000
vt 0.6741 0.2934 0.0000
vt 0.7035 0.2860 0.0000
vt 0.7119 0.3089 0.0000
vt 0.6799 0.2595 0.0000
vt 0.6679 0.2619 0.0000
vt 0.6987 0.2574 0.0000
vt 0.6425 0.7542 0.0000
vt 0.6451 0.7832 0.0000
vt 0.6310 0.7843 0.0000
vt 0.6283 0.7540 0.0000
vt 0.6420 0.7255 0.0000
vt 0.6280 0.7240 0.0000
vt 0.6738 0.7300 0.0000
vt 0.6741 0.7559 0.0000
vt 0.6616 0.7553 0.0000
vt 0.6613 0.7282 0.0000
vt 0.6761 0.7820 0.0000
vt 0.6639 0.7825 0.0000
vt 0.6437 0.6960 0.0000
vt 0.6301 0.6927 0.0000
vt 0.6485 0.6689 0.0000
vt 0.6356 0.6636 0.0000
vt 0.6793 0.6815 0.0000
vt 0.6755 0.7041 0.0000
vt 0.6630 0.7009 0.0000
vt 0.6672 0.6765 0.0000
vt 0.6575 0.6477 0.0000
vt 0.6460 0.6403 0.0000
vt 0.6704 0.6312 0.0000
vt 0.6609 0.6219 0.0000
vt 0.6856 0.6658 0.0000
vt 0.6745 0.6586 0.0000
vt 0.6849 0.6454 0.0000
vt 0.6943 0.6546 0.0000
vt 0.6873 0.6184 0.0000
vt 0.6801 0.6076 0.0000
vt 0.7078 0.6092 0.0000
vt 0.7030 0.5973 0.0000
vt 0.7055 0.6458 0.0000
vt 0.6983 0.6350 0.0000
vt 0.7152 0.6274 0.0000
vt 0.7200 0.6393 0.0000
vt 0.7317 0.6036 0.0000
vt 0.7288 0.5910 0.0000
vt 0.7558 0.6007 0.0000
vt 0.7546 0.5878 0.0000
vt 0.7388 0.6351 0.0000
vt 0.7360 0.6227 0.0000
vt 0.7577 0.6202 0.0000
vt 0.7589 0.6328 0.0000
vt 0.7771 0.5998 0.0000
vt 0.7771 0.5868 0.0000
vt 0.7979 0.6006 0.0000
vt 0.7991 0.5876 0.0000
vt 0.7952 0.6328 0.0000
vt 0.7773 0.6321 0.0000
vt 0.7772 0.6194 0.0000
vt 0.7962 0.6201 0.0000
vt 0.8204 0.6027 0.0000
vt 0.8232 0.5901 0.0000
vt 0.8427 0.6075 0.0000
vt 0.8474 0.5955 0.0000
vt 0.8312 0.6381 0.0000
vt 0.8138 0.6345 0.0000
vt 0.8164 0.6220 0.0000
vt 0.8357 0.6260 0.0000
vt 0.8627 0.6163 0.0000
vt 0.8699 0.6052 0.0000
vt 0.8798 0.6287 0.0000
vt 0.8892 0.6192 0.0000
vt 0.8566 0.6527 0.0000
vt 0.8453 0.6442 0.0000
vt 0.8522 0.6331 0.0000
vt 0.8658 0.6432 0.0000
vt 0.8929 0.6449 0.0000
vt 0.9043 0.6373 0.0000
vt 0.9022 0.6661 0.0000
vt 0.9148 0.6605 0.0000
vt 0.8655 0.6637 0.0000
vt 0.8763 0.6563 0.0000
vt 0.8839 0.6742 0.0000
vt 0.8719 0.6794 0.0000
vt 0.9073 0.6932 0.0000
vt 0.9207 0.6896 0.0000
vt 0.9094 0.7229 0.0000
vt 0.9232 0.7210 0.0000
vt 0.8761 0.7020 0.0000
vt 0.8884 0.6985 0.0000
vt 0.8906 0.7260 0.0000
vt 0.8783 0.7280 0.0000
vt 0.9094 0.7517 0.0000
vt 0.9233 0.7512 0.0000
vt 0.9073 0.7809 0.0000
vt 0.9212 0.7817 0.0000
vt 0.8786 0.7540 0.0000
vt 0.8907 0.7531 0.0000
vt 0.8890 0.7805 0.0000
vt 0.8770 0.7802 0.0000
vt 0.9032 0.8117 0.0000
vt 0.9169 0.8145 0.0000
vt 0.8969 0.8406 0.0000
vt 0.9104 0.8461 0.0000
vt 0.8689 0.8299 0.0000
vt 0.8738 0.8067 0.0000
vt 0.8854 0.8087 0.0000
vt 0.8799 0.8341 0.0000
vt 0.8873 0.8637 0.0000
vt 0.9001 0.8725 0.0000
vt 0.8736 0.8812 0.0000
vt 0.8835 0.8921 0.0000
vt 0.8536 0.8581 0.0000
vt 0.8622 0.8463 0.0000
vt 0.8721 0.8532 0.0000
vt 0.8615 0.8672 0.0000
vt 0.8570 0.8947 0.0000
vt 0.8639 0.9072 0.0000
vt 0.8383 0.9042 0.0000
vt 0.8428 0.9176 0.0000
vt 0.8295 0.8739 0.0000
vt 0.8427 0.8673 0.0000
vt 0.8484 0.8781 0.0000
vt 0.8330 0.8859 0.0000
vt 0.8182 0.9096 0.0000
vt 0.8208 0.9234 0.0000
vt 0.7971 0.9123 0.0000
vt 0.7983 0.9264 0.0000
vt 0.7952 0.8802 0.0000
vt 0.8135 0.8781 0.0000
vt 0.8153 0.8906 0.0000
vt 0.7960 0.8929 0.0000
vt 0.7754 0.9129 0.0000
vt 0.7754 0.9271 0.0000
vt 0.7544 0.9119 0.0000
vt 0.7533 0.9260 0.0000
vt 0.7753 0.8807 0.0000
vt 0.7753 0.8934 0.0000
vt 0.7554 0.8925 0.0000
vt 0.7560 0.8799 0.0000
vt 0.7355 0.9097 0.0000
vt 0.7331 0.9237 0.0000
vt 0.7176 0.9047 0.0000
vt 0.7133 0.9183 0.0000
vt 0.7399 0.8781 0.0000
vt 0.7382 0.8906 0.0000
vt 0.7226 0.8864 0.0000
vt 0.7259 0.8745 0.0000
vt 0.6992 0.8955 0.0000
vt 0.6924 0.9081 0.0000
vt 0.6818 0.8823 0.0000
vt 0.6719 0.8935 0.0000
vt 0.7131 0.8681 0.0000
vt 0.7076 0.8789 0.0000
vt 0.6939 0.8683 0.0000
vt 0.7018 0.8591 0.0000
vt 0.6674 0.8651 0.0000
vt 0.6545 0.8741 0.0000
vt 0.6570 0.8423 0.0000
vt 0.6433 0.8481 0.0000
vt 0.6927 0.8475 0.0000
vt 0.6827 0.8545 0.0000
vt 0.6743 0.8356 0.0000
vt 0.6855 0.8313 0.0000
vt 0.6499 0.8137 0.0000
vt 0.6359 0.8167 0.0000
vt 0.6800 0.8083 0.0000
vt 0.6681 0.8104 0.0000
vt 0.5635 0.7506 0.0000
vt 0.5556 0.7504 0.0000
vt 0.5596 0.7141 0.0000
vt 0.5673 0.7151 0.0000
vt 0.5690 0.7514 0.0000
vt 0.5723 0.7164 0.0000
vt 0.5697 0.7864 0.0000
vt 0.5643 0.7860 0.0000
vt 0.5565 0.7865 0.0000
vt 0.7755 0.9917 0.0000
vt 0.7755 0.9995 0.0000
vt 0.7458 0.9984 0.0000
vt 0.7466 0.9907 0.0000
vt 0.7754 0.9863 0.0000
vt 0.7470 0.9854 0.0000
vt 0.8047 0.9850 0.0000
vt 0.8053 0.9902 0.0000
vt 0.8060 0.9979 0.0000
vt 0.7201 0.9866 0.0000
vt 0.7186 0.9941 0.0000
vt 0.6924 0.9872 0.0000
vt 0.6947 0.9800 0.0000
vt 0.7210 0.9815 0.0000
vt 0.6958 0.9750 0.0000
vt 0.5679 0.8229 0.0000
vt 0.5603 0.8235 0.0000
vt 0.5734 0.8233 0.0000
vt 0.5783 0.8587 0.0000
vt 0.5727 0.8581 0.0000
vt 0.5650 0.8582 0.0000
vt 0.5733 0.8892 0.0000
vt 0.5657 0.8879 0.0000
vt 0.5792 0.8906 0.0000
vt 0.6144 0.9495 0.0000
vt 0.6148 0.9432 0.0000
vt 0.6428 0.9528 0.0000
vt 0.6418 0.9584 0.0000
vt 0.6131 0.9572 0.0000
vt 0.6393 0.9656 0.0000
vt 0.6682 0.9702 0.0000
vt 0.6655 0.9772 0.0000
vt 0.6694 0.9651 0.0000
vt 0.5742 0.6777 0.0000
vt 0.5666 0.6758 0.0000
vt 0.5793 0.6394 0.0000
vt 0.5861 0.6425 0.0000
vt 0.5787 0.6793 0.0000
vt 0.5901 0.6445 0.0000
vt 0.7135 0.5382 0.0000
vt 0.7117 0.5311 0.0000
vt 0.7464 0.5241 0.0000
vt 0.7473 0.5315 0.0000
vt 0.7152 0.5430 0.0000
vt 0.7482 0.5367 0.0000
vt 0.6822 0.5542 0.0000
vt 0.6799 0.5501 0.0000
vt 0.6771 0.5434 0.0000
vt 0.6496 0.5666 0.0000
vt 0.6459 0.5605 0.0000
vt 0.6524 0.5701 0.0000
vt 0.6268 0.5906 0.0000
vt 0.6237 0.5877 0.0000
vt 0.6190 0.5823 0.0000
vt 0.6026 0.6128 0.0000
vt 0.5968 0.6084 0.0000
vt 0.6061 0.6152 0.0000
vt 0.9866 0.7464 0.0000
vt 0.9942 0.7462 0.0000
vt 0.9953 0.7820 0.0000
vt 0.9879 0.7818 0.0000
vt 0.9815 0.7472 0.0000
vt 0.9825 0.7822 0.0000
vt 0.9790 0.7121 0.0000
vt 0.9839 0.7109 0.0000
vt 0.9914 0.7101 0.0000
vt 0.9846 0.8187 0.0000
vt 0.9920 0.8191 0.0000
vt 0.9879 0.8536 0.0000
vt 0.9806 0.8539 0.0000
vt 0.9793 0.8191 0.0000
vt 0.9751 0.8547 0.0000
vt 0.9418 0.9467 0.0000
vt 0.9434 0.9541 0.0000
vt 0.9176 0.9628 0.0000
vt 0.9149 0.9558 0.0000
vt 0.9412 0.9405 0.0000
vt 0.9137 0.9503 0.0000
vt 0.9806 0.8848 0.0000
vt 0.9749 0.8863 0.0000
vt 0.9879 0.8832 0.0000
vt 0.8892 0.9678 0.0000
vt 0.8920 0.9747 0.0000
vt 0.8648 0.9853 0.0000
vt 0.8624 0.9782 0.0000
vt 0.8879 0.9628 0.0000
vt 0.8612 0.9733 0.0000
vt 0.8345 0.9857 0.0000
vt 0.8360 0.9932 0.0000
vt 0.8336 0.9806 0.0000
vt 0.9767 0.6737 0.0000
vt 0.9841 0.6719 0.0000
vt 0.9722 0.6752 0.0000
vt 0.9605 0.6407 0.0000
vt 0.9644 0.6388 0.0000
vt 0.9712 0.6358 0.0000
vt 0.9478 0.6095 0.0000
vt 0.9536 0.6052 0.0000
vt 0.9444 0.6118 0.0000
vt 0.9236 0.5877 0.0000
vt 0.9268 0.5848 0.0000
vt 0.9315 0.5794 0.0000
vt 0.9009 0.5641 0.0000
vt 0.9046 0.5580 0.0000
vt 0.8981 0.5676 0.0000
vt 0.8688 0.5523 0.0000
vt 0.8712 0.5481 0.0000
vt 0.8740 0.5415 0.0000
vt 0.8394 0.5371 0.0000
vt 0.8413 0.5299 0.0000
vt 0.8377 0.5419 0.0000
vt 0.8066 0.5360 0.0000
vt 0.8075 0.5308 0.0000
vt 0.8084 0.5234 0.0000
vt 0.7777 0.5297 0.0000
vt 0.7777 0.5221 0.0000
vt 0.7777 0.5350 0.0000
vt 0.5746 0.7526 0.0000
vt 0.5773 0.7178 0.0000
vt 0.5755 0.7872 0.0000
vt 0.7754 0.9807 0.0000
vt 0.7474 0.9797 0.0000
vt 0.8043 0.9794 0.0000
vt 0.7217 0.9761 0.0000
vt 0.6967 0.9697 0.0000
vt 0.5793 0.8239 0.0000
vt 0.5845 0.8595 0.0000
vt 0.5861 0.8918 0.0000
vt 0.6156 0.9359 0.0000
vt 0.6437 0.9465 0.0000
vt 0.6703 0.9595 0.0000
vt 0.5833 0.6807 0.0000
vt 0.5943 0.6457 0.0000
vt 0.7173 0.5481 0.0000
vt 0.7493 0.5424 0.0000
vt 0.6852 0.5585 0.0000
vt 0.6559 0.5734 0.0000
vt 0.6306 0.5930 0.0000
vt 0.6101 0.6168 0.0000
vt 0.9763 0.7485 0.0000
vt 0.9767 0.7831 0.0000
vt 0.9739 0.7137 0.0000
vt 0.9734 0.8200 0.0000
vt 0.9689 0.8556 0.0000
vt 0.9401 0.9332 0.0000
vt 0.9126 0.9442 0.0000
vt 0.9682 0.8877 0.0000
vt 0.8868 0.9573 0.0000
vt 0.8603 0.9680 0.0000
vt 0.8328 0.9753 0.0000
vt 0.9676 0.6766 0.0000
vt 0.9564 0.6419 0.0000
vt 0.9404 0.6133 0.0000
vt 0.9198 0.5899 0.0000
vt 0.8945 0.5708 0.0000
vt 0.8658 0.5565 0.0000
vt 0.8355 0.5470 0.0000
vt 0.8054 0.5418 0.0000
vt 0.7776 0.5407 0.0000
vt 0.6119 0.7553 0.0000
vt 0.6141 0.7871 0.0000
vt 0.6124 0.7236 0.0000
vt 0.6187 0.8215 0.0000
vt 0.6259 0.8554 0.0000
vt 0.7288 0.9399 0.0000
vt 0.7512 0.9425 0.0000
vt 0.7067 0.9342 0.0000
vt 0.6833 0.9235 0.0000
vt 0.6597 0.9080 0.0000
vt 0.6372 0.8867 0.0000
vt 0.7260 0.5782 0.0000
vt 0.6983 0.5853 0.0000
vt 0.7534 0.5746 0.0000
vt 0.6156 0.6899 0.0000
vt 0.6224 0.6582 0.0000
vt 0.6348 0.6327 0.0000
vt 0.6517 0.6125 0.0000
vt 0.6732 0.5967 0.0000
vt 0.7754 0.9436 0.0000
vt 0.8004 0.9427 0.0000
vt 0.9394 0.7520 0.0000
vt 0.9387 0.7202 0.0000
vt 0.9378 0.7840 0.0000
vt 0.9339 0.8186 0.0000
vt 0.9275 0.8528 0.0000
vt 0.9176 0.8845 0.0000
vt 0.8959 0.9061 0.0000
vt 0.8733 0.9221 0.0000
vt 0.8496 0.9333 0.0000
vt 0.8253 0.9395 0.0000
vt 0.9352 0.6864 0.0000
vt 0.9279 0.6549 0.0000
vt 0.9156 0.6295 0.0000
vt 0.8985 0.6096 0.0000
vt 0.8768 0.5942 0.0000
vt 0.8522 0.5833 0.0000
vt 0.8261 0.5772 0.0000
vt 0.8005 0.5743 0.0000
vt 0.7772 0.5734 0.0000
vt 0.6922 0.7318 0.0000
vt 0.6924 0.7565 0.0000
vt 0.6941 0.7813 0.0000
vt 0.6964 0.6870 0.0000
vt 0.6935 0.7076 0.0000
vt 0.7031 0.6633 0.0000
vt 0.7009 0.6732 0.0000
vt 0.7253 0.6565 0.0000
vt 0.7129 0.6611 0.0000
vt 0.7601 0.6515 0.0000
vt 0.7419 0.6533 0.0000
vt 0.7940 0.6514 0.0000
vt 0.7773 0.6509 0.0000
vt 0.8263 0.6554 0.0000
vt 0.8110 0.6528 0.0000
vt 0.8481 0.6617 0.0000
vt 0.8383 0.6596 0.0000
vt 0.8552 0.6853 0.0000
vt 0.8505 0.6716 0.0000
vt 0.8603 0.7301 0.0000
vt 0.8585 0.7059 0.0000
vt 0.8595 0.7798 0.0000
vt 0.8607 0.7549 0.0000
vt 0.8532 0.8253 0.0000
vt 0.8569 0.8044 0.0000
vt 0.8460 0.8495 0.0000
vt 0.8485 0.8394 0.0000
vt 0.8254 0.8569 0.0000
vt 0.8368 0.8521 0.0000
vt 0.7943 0.8617 0.0000
vt 0.8111 0.8600 0.0000
vt 0.7569 0.8615 0.0000
vt 0.7752 0.8621 0.0000
vt 0.7421 0.8601 0.0000
vt 0.6972 0.8057 0.0000
vt 0.7137 0.6739 0.0000
vt 0.7114 0.6884 0.0000
vt 0.7267 0.6716 0.0000
vt 0.7262 0.6879 0.0000
vt 0.7099 0.7569 0.0000
vt 0.7112 0.7812 0.0000
vt 0.7096 0.7326 0.0000
vt 0.7262 0.7328 0.0000
vt 0.7267 0.7571 0.0000
vt 0.7273 0.7814 0.0000
vt 0.7132 0.8050 0.0000
vt 0.7282 0.8051 0.0000
vt 0.7101 0.7089 0.0000
vt 0.7261 0.7090 0.0000
vt 0.7772 0.6685 0.0000
vt 0.7603 0.6689 0.0000
vt 0.7938 0.6687 0.0000
vt 0.7939 0.6869 0.0000
vt 0.7770 0.6871 0.0000
vt 0.7598 0.6873 0.0000
vt 0.7767 0.7089 0.0000
vt 0.7594 0.7091 0.0000
vt 0.7939 0.7087 0.0000
vt 0.7940 0.7325 0.0000
vt 0.7764 0.7327 0.0000
vt 0.7589 0.7328 0.0000
vt 0.7762 0.7570 0.0000
vt 0.7585 0.7572 0.0000
vt 0.7940 0.7568 0.0000
vt 0.7940 0.7812 0.0000
vt 0.7759 0.7814 0.0000
vt 0.7581 0.7815 0.0000
vt 0.7757 0.8051 0.0000
vt 0.7577 0.8052 0.0000
vt 0.7940 0.8049 0.0000
vt 0.7940 0.8266 0.0000
vt 0.7755 0.8268 0.0000
vt 0.7575 0.8268 0.0000
vt 0.7753 0.8450 0.0000
vt 0.7573 0.8447 0.0000
vt 0.7940 0.8447 0.0000
vt 0.8102 0.6693 0.0000
vt 0.8252 0.6705 0.0000
vt 0.8260 0.6869 0.0000
vt 0.8103 0.6869 0.0000
vt 0.8104 0.7084 0.0000
vt 0.8265 0.7080 0.0000
vt 0.8267 0.7318 0.0000
vt 0.8105 0.7322 0.0000
vt 0.8105 0.7565 0.0000
vt 0.8267 0.7561 0.0000
vt 0.8265 0.7805 0.0000
vt 0.8106 0.7809 0.0000
vt 0.8105 0.8047 0.0000
vt 0.8260 0.8043 0.0000
vt 0.8253 0.8255 0.0000
vt 0.8105 0.8262 0.0000
vt 0.8104 0.8437 0.0000
vt 0.8246 0.8419 0.0000
vt 0.8379 0.6725 0.0000
vt 0.8404 0.6870 0.0000
vt 0.8422 0.7075 0.0000
vt 0.8432 0.7312 0.0000
vt 0.8434 0.7556 0.0000
vt 0.8427 0.7800 0.0000
vt 0.8412 0.8039 0.0000
vt 0.8391 0.8245 0.0000
vt 0.8366 0.8392 0.0000
vt 0.7428 0.6699 0.0000
vt 0.7426 0.6875 0.0000
vt 0.7425 0.7091 0.0000
vt 0.7424 0.7328 0.0000
vt 0.7424 0.7572 0.0000
vt 0.7424 0.7815 0.0000
vt 0.7425 0.8052 0.0000
vt 0.7426 0.8266 0.0000
vt 0.7427 0.8439 0.0000
vt 0.8301 0.1356 0.0000
vt 0.8061 0.1356 0.0000
vt 0.8055 0.1044 0.0000
vt 0.8295 0.1043 0.0000
vt 0.8545 0.1356 0.0000
vt 0.8540 0.1043 0.0000
vt 0.8550 0.1664 0.0000
vt 0.8307 0.1664 0.0000
vt 0.8067 0.1664 0.0000
vt 0.8313 0.1963 0.0000
vt 0.8073 0.1963 0.0000
vt 0.8555 0.1963 0.0000
vt 0.8559 0.2261 0.0000
vt 0.8319 0.2261 0.0000
vt 0.8079 0.2261 0.0000
vt 0.8326 0.2567 0.0000
vt 0.8087 0.2567 0.0000
vt 0.8564 0.2567 0.0000
vt 0.8289 0.0724 0.0000
vt 0.8049 0.0730 0.0000
vt 0.8536 0.0726 0.0000
vt 0.7336 0.3111 0.0000
vt 0.7588 0.3156 0.0000
vt 0.7290 0.2858 0.0000
vt 0.7576 0.2869 0.0000
vt 0.7266 0.2567 0.0000
vt 0.7572 0.2567 0.0000
vt 0.7258 0.2261 0.0000
vt 0.7572 0.2261 0.0000
vt 0.7263 0.1963 0.0000
vt 0.7577 0.1963 0.0000
vt 0.7281 0.1663 0.0000
vt 0.7585 0.1663 0.0000
vt 0.7310 0.1356 0.0000
vt 0.7596 0.1356 0.0000
vt 0.7351 0.1064 0.0000
vt 0.7611 0.1053 0.0000
vt 0.7405 0.0810 0.0000
vt 0.7628 0.0765 0.0000
vt 0.9226 0.0810 0.0000
vt 0.9000 0.0765 0.0000
vt 0.9278 0.1064 0.0000
vt 0.9018 0.1053 0.0000
vt 0.9319 0.1356 0.0000
vt 0.9034 0.1356 0.0000
vt 0.9350 0.1663 0.0000
vt 0.9048 0.1663 0.0000
vt 0.9369 0.1963 0.0000
vt 0.9059 0.1963 0.0000
vt 0.9377 0.2261 0.0000
vt 0.9067 0.2261 0.0000
vt 0.9372 0.2567 0.0000
vt 0.9071 0.2567 0.0000
vt 0.9350 0.2858 0.0000
vt 0.9069 0.2869 0.0000
vt 0.9307 0.3111 0.0000
vt 0.9061 0.3155 0.0000
vt 0.7848 0.3183 0.0000
vt 0.7844 0.2876 0.0000
vt 0.7840 0.2567 0.0000
vt 0.7838 0.2261 0.0000
vt 0.7837 0.1963 0.0000
vt 0.7837 0.1663 0.0000
vt 0.7837 0.1356 0.0000
vt 0.7836 0.1047 0.0000
vt 0.7836 0.0741 0.0000
vt 0.8772 0.0738 0.0000
vt 0.8777 0.1046 0.0000
vt 0.8783 0.1356 0.0000
vt 0.8789 0.1663 0.0000
vt 0.8795 0.1963 0.0000
vt 0.8801 0.2261 0.0000
vt 0.8807 0.2567 0.0000
vt 0.8811 0.2876 0.0000
vt 0.8814 0.3181 0.0000
# 5382 texture coords

o Chair_175
g Chair_175
usemtl Metal
f 1/1 2/2 3/3 4/4 
f 5/5 1/1 4/4 6/6 
f 1/1 5/5 7/7 8/8 
f 2/2 1/1 8/8 9/9 
f 10/10 5/5 6/6 11/11 
f 12/12 10/10 11/11 13/13 
f 10/10 12/12 14/14 15/15 
f 5/5 10/10 15/15 7/7 
f 16/16 12/12 13/13 17/17 
f 18/18 16/16 17/17 19/19 
f 16/16 18/18 20/20 21/21 
f 12/12 16/16 21/21 14/14 
f 22/22 18/18 19/19 23/23 
f 24/24 22/22 23/23 25/25 
f 22/22 24/24 26/26 27/27 
f 18/18 22/22 27/27 20/20 
f 28/28 29/29 30/30 31/31 
f 32/32 28/28 31/31 33/33 
f 28/28 32/32 34/34 35/35 
f 29/29 28/28 35/35 36/36 
f 37/37 32/32 33/33 38/38 
f 39/39 37/37 38/38 40/40 
f 37/37 39/39 41/41 42/42 
f 32/32 37/37 42/42 34/34 
f 43/43 39/39 40/40 44/44 
f 2/2 43/43 44/44 3/3 
f 43/43 2/2 9/9 45/45 
f 39/39 43/43 45/45 41/41 
f 46/46 47/47 48/48 49/49 
f 50/50 46/46 49/49 51/51 
f 46/46 50/50 52/52 53/53 
f 54/54 46/46 53/53 55/55 
f 46/46 54/54 56/56 57/57 
f 47/47 46/46 57/57 58/58 
f 59/59 60/60 61/61 62/62 
f 63/63 59/59 62/62 64/64 
f 59/59 63/63 65/65 66/66 
f 60/60 59/59 66/66 67/67 
f 68/68 69/69 70/70 71/71 
f 72/72 68/68 71/71 73/73 
f 68/68 72/72 64/64 62/62 
f 69/69 68/68 62/62 61/61 
f 74/74 75/75 76/76 77/77 
f 78/78 74/74 77/77 79/79 
f 74/74 78/78 73/73 71/71 
f 75/75 74/74 71/71 70/70 
f 80/80 81/81 82/82 83/83 
f 84/84 80/80 83/83 85/85 
f 80/80 84/84 79/79 77/77 
f 81/81 80/80 77/77 76/76 
f 86/86 87/87 88/88 89/89 
f 90/90 86/86 89/89 91/91 
f 86/86 90/90 92/92 93/93 
f 87/87 86/86 93/93 94/94 
f 95/95 96/96 97/97 98/98 
f 99/99 95/95 98/98 100/100 
f 95/95 99/99 91/91 89/89 
f 96/96 95/95 89/89 88/88 
f 101/101 102/102 103/103 104/104 
f 105/105 101/101 104/104 106/106 
f 101/101 105/105 100/100 98/98 
f 102/102 101/101 98/98 97/97 
f 107/107 108/108 67/67 66/66 
f 109/109 107/107 66/66 65/65 
f 107/107 109/109 106/106 104/104 
f 108/108 107/107 104/104 103/103 
f 110/110 63/63 64/64 111/111 
f 112/112 110/110 111/111 48/48 
f 110/110 112/112 113/113 114/114 
f 63/63 110/110 114/114 65/65 
f 115/115 72/72 73/73 116/116 
f 49/49 115/115 116/116 51/51 
f 115/115 49/49 48/48 111/111 
f 72/72 115/115 111/111 64/64 
f 117/117 78/78 79/79 118/118 
f 50/50 117/117 118/118 52/52 
f 117/117 50/50 51/51 116/116 
f 78/78 117/117 116/116 73/73 
f 119/119 84/84 85/85 120/120 
f 121/121 119/119 120/120 122/122 
f 119/119 121/121 52/52 118/118 
f 84/84 119/119 118/118 79/79 
f 123/123 90/90 91/91 124/124 
f 125/125 123/123 124/124 126/126 
f 123/123 125/125 127/127 128/128 
f 90/90 123/123 128/128 92/92 
f 129/129 99/99 100/100 130/130 
f 131/131 129/129 130/130 132/132 
f 129/129 131/131 126/126 124/124 
f 99/99 129/129 124/124 91/91 
f 133/133 105/105 106/106 134/134 
f 135/135 133/133 134/134 136/136 
f 133/133 135/135 132/132 130/130 
f 105/105 133/133 130/130 100/100 
f 137/137 109/109 65/65 114/114 
f 138/138 137/137 114/114 113/113 
f 137/137 138/138 136/136 134/134 
f 109/109 137/137 134/134 106/106 
f 139/139 140/140 136/136 138/138 
f 112/112 139/139 138/138 113/113 
f 139/139 112/112 48/48 47/47 
f 140/140 139/139 47/47 58/58 
f 141/141 53/53 52/52 121/121 
f 142/142 141/141 121/121 122/122 
f 141/141 142/142 143/143 144/144 
f 53/53 141/141 144/144 55/55 
f 145/145 140/140 58/58 146/146 
f 131/131 145/145 146/146 126/126 
f 145/145 131/131 132/132 135/135 
f 140/140 145/145 135/135 136/136 
f 147/147 148/148 149/149 150/150 
f 60/151 147/147 150/150 61/152 
f 147/147 60/151 67/153 151/154 
f 148/148 147/147 151/154 152/155 
f 153/156 154/157 155/158 156/159 
f 69/160 153/156 156/159 70/161 
f 153/156 69/160 61/152 150/150 
f 154/157 153/156 150/150 149/149 
f 157/162 158/163 159/164 160/165 
f 75/166 157/162 160/165 76/167 
f 157/162 75/166 70/161 156/159 
f 158/163 157/162 156/159 155/158 
f 161/168 162/169 163/170 164/171 
f 81/172 161/168 164/171 82/173 
f 161/168 81/172 76/167 160/165 
f 162/169 161/168 160/165 159/164 
f 165/174 166/175 167/176 168/177 
f 87/178 165/174 168/177 88/179 
f 165/174 87/178 94/180 169/181 
f 166/175 165/174 169/181 170/182 
f 171/183 172/184 173/185 174/186 
f 96/187 171/183 174/186 97/188 
f 171/183 96/187 88/179 168/177 
f 172/184 171/183 168/177 167/176 
f 175/189 176/190 177/191 178/192 
f 102/193 175/189 178/192 103/194 
f 175/189 102/193 97/188 174/186 
f 176/190 175/189 174/186 173/185 
f 179/195 180/196 152/155 151/154 
f 108/197 179/195 151/154 67/153 
f 179/195 108/197 103/194 178/192 
f 180/196 179/195 178/192 177/191 
f 181/198 182/199 183/200 184/201 
f 185/202 181/198 184/201 186/203 
f 181/198 185/202 187/204 188/205 
f 182/199 181/198 188/205 189/206 
f 190/207 191/208 6/6 4/4 
f 192/209 190/207 4/4 3/3 
f 190/210 192/211 193/212 194/213 
f 191/214 190/210 194/213 195/215 
f 196/216 197/217 13/13 11/11 
f 191/208 196/216 11/11 6/6 
f 196/218 191/214 195/215 198/219 
f 197/220 196/218 198/219 199/221 
f 200/222 201/223 19/19 17/17 
f 197/217 200/222 17/17 13/13 
f 200/224 197/220 199/221 202/225 
f 201/226 200/224 202/225 203/227 
f 204/228 205/229 25/25 23/23 
f 201/223 204/228 23/23 19/19 
f 204/230 201/226 203/227 206/231 
f 205/232 204/230 206/231 207/233 
f 208/234 209/235 210/236 211/237 
f 205/229 208/234 211/237 25/25 
f 208/238 205/232 207/233 212/239 
f 209/240 208/238 212/239 213/241 
f 214/242 215/243 33/33 31/31 
f 216/244 214/242 31/31 30/30 
f 214/245 216/246 217/247 218/248 
f 215/249 214/245 218/248 219/250 
f 220/251 221/252 40/40 38/38 
f 215/243 220/251 38/38 33/33 
f 220/253 215/249 219/250 222/254 
f 221/255 220/253 222/254 223/256 
f 224/257 192/209 3/3 44/44 
f 221/252 224/257 44/44 40/40 
f 224/258 221/255 223/256 225/259 
f 192/211 224/258 225/259 193/212 
f 226/260 227/261 228/262 229/263 
f 209/235 226/260 229/263 210/236 
f 226/264 209/240 213/241 230/265 
f 227/266 226/264 230/265 231/267 
f 232/268 216/244 30/30 233/269 
f 227/270 232/268 233/269 228/271 
f 232/272 227/266 231/267 234/273 
f 216/246 232/272 234/273 217/247 
f 235/274 236/275 237/276 238/277 
f 239/278 235/274 238/277 240/279 
f 235/274 239/278 241/280 242/281 
f 236/275 235/274 242/281 243/282 
f 244/283 245/284 246/285 247/286 
f 248/287 244/283 247/286 249/288 
f 244/283 248/287 250/289 251/290 
f 245/284 244/283 251/290 252/291 
f 253/292 254/293 255/294 256/295 
f 257/296 253/292 256/295 258/297 
f 253/292 257/296 259/298 260/299 
f 254/293 253/292 260/299 261/300 
f 262/301 263/302 255/294 254/293 
f 264/303 262/301 254/293 261/300 
f 262/301 264/303 265/304 266/305 
f 263/302 262/301 266/305 267/306 
f 268/307 269/308 270/309 271/310 
f 272/311 268/307 271/310 273/312 
f 268/307 272/311 274/313 275/314 
f 269/308 268/307 275/314 276/315 
f 277/316 278/317 279/318 280/319 
f 281/320 277/316 280/319 282/321 
f 277/316 281/320 273/312 271/310 
f 278/317 277/316 271/310 270/309 
f 283/322 284/323 285/324 286/325 
f 287/326 283/322 286/325 288/327 
f 283/322 287/326 282/321 280/319 
f 284/323 283/322 280/319 279/318 
f 289/328 290/329 291/330 292/331 
f 293/332 289/328 292/331 294/333 
f 289/328 293/332 295/334 296/335 
f 290/329 289/328 296/335 297/336 
f 298/337 299/338 276/315 275/314 
f 300/339 298/337 275/314 274/313 
f 298/337 300/339 294/333 292/331 
f 299/338 298/337 292/331 291/330 
f 301/340 302/341 186/203 303/342 
f 304/343 301/340 303/342 305/344 
f 301/340 304/343 288/327 286/325 
f 302/341 301/340 286/325 285/324 
f 306/345 307/346 297/336 296/335 
f 308/347 306/345 296/335 295/334 
f 306/345 308/347 265/304 264/303 
f 307/346 306/345 264/303 261/300 
f 309/348 266/305 265/304 310/349 
f 311/350 309/348 310/349 312/351 
f 309/348 311/350 313/352 314/353 
f 266/305 309/348 314/353 267/306 
f 315/354 272/311 273/312 316/355 
f 317/356 315/354 316/355 318/357 
f 315/354 317/356 319/358 320/359 
f 272/311 315/354 320/359 274/313 
f 321/360 281/320 282/321 322/361 
f 323/362 321/360 322/361 324/363 
f 321/360 323/362 318/357 316/355 
f 281/320 321/360 316/355 273/312 
f 325/364 287/326 288/327 326/365 
f 327/366 325/364 326/365 328/367 
f 325/364 327/366 324/363 322/361 
f 287/326 325/364 322/361 282/321 
f 329/368 293/332 294/333 330/369 
f 331/370 329/368 330/369 332/371 
f 329/368 331/370 333/372 334/373 
f 293/332 329/368 334/373 295/334 
f 335/374 300/339 274/313 320/359 
f 336/375 335/374 320/359 319/358 
f 335/374 336/375 332/371 330/369 
f 300/339 335/374 330/369 294/333 
f 337/376 304/343 305/344 338/377 
f 339/378 337/376 338/377 340/379 
f 337/376 339/378 328/367 326/365 
f 304/343 337/376 326/365 288/327 
f 341/380 308/347 295/334 334/373 
f 342/381 341/380 334/373 333/372 
f 341/380 342/381 312/351 310/349 
f 308/347 341/380 310/349 265/304 
f 343/382 256/383 255/384 344/385 
f 345/386 343/382 344/385 346/387 
f 343/382 345/386 347/388 348/389 
f 256/383 343/382 348/389 258/390 
f 349/391 350/392 210/393 351/394 
f 352/395 349/391 351/394 252/396 
f 349/391 352/395 353/397 354/398 
f 350/392 349/391 354/398 355/399 
f 356/400 229/401 228/402 357/403 
f 245/284 356/400 357/403 246/285 
f 356/400 245/284 252/291 351/404 
f 229/401 356/400 351/404 210/405 
f 358/406 359/407 360/408 361/409 
f 362/410 358/406 361/409 363/411 
f 358/406 362/410 364/412 365/413 
f 359/407 358/406 365/413 366/414 
f 367/415 368/416 369/417 370/418 
f 371/419 367/415 370/418 372/420 
f 367/415 371/419 373/421 374/422 
f 368/416 367/415 374/422 375/423 
f 376/424 377/425 378/426 379/427 
f 380/428 376/424 379/427 381/429 
f 376/424 380/428 372/420 370/418 
f 377/425 376/424 370/418 369/417 
f 382/430 383/431 384/432 385/433 
f 386/434 382/430 385/433 387/435 
f 382/430 386/434 381/429 379/427 
f 383/431 382/430 379/427 378/426 
f 388/436 389/437 390/438 391/439 
f 392/440 388/436 391/439 393/441 
f 388/436 392/440 394/442 395/443 
f 389/437 388/436 395/443 396/444 
f 397/445 398/446 375/423 374/422 
f 399/447 397/445 374/422 373/421 
f 397/445 399/447 393/441 391/439 
f 398/446 397/445 391/439 390/438 
f 400/448 401/449 402/450 403/451 
f 404/452 400/448 403/451 405/453 
f 400/448 404/452 387/435 385/433 
f 401/449 400/448 385/433 384/432 
f 406/454 407/455 396/444 395/443 
f 408/456 406/454 395/443 394/442 
f 406/454 408/456 363/411 361/409 
f 407/455 406/454 361/409 360/408 
f 409/457 410/458 346/459 344/460 
f 411/461 409/457 344/460 255/462 
f 409/457 411/461 183/463 412/464 
f 410/458 409/457 412/464 413/465 
f 414/466 415/467 416/468 417/469 
f 269/308 414/466 417/469 270/309 
f 414/466 269/308 276/315 418/470 
f 415/467 414/466 418/470 419/471 
f 420/472 421/473 422/474 423/475 
f 278/317 420/472 423/475 279/318 
f 420/472 278/317 270/309 417/469 
f 421/473 420/472 417/469 416/468 
f 424/476 425/477 426/478 427/479 
f 284/323 424/476 427/479 285/324 
f 424/476 284/323 279/318 423/475 
f 425/477 424/476 423/475 422/474 
f 428/480 429/481 187/204 185/202 
f 302/341 428/480 185/202 186/203 
f 428/480 302/341 285/324 427/479 
f 429/481 428/480 427/479 426/478 
f 430/482 431/483 432/484 433/485 
f 307/346 430/482 433/485 297/336 
f 430/482 307/346 261/300 260/299 
f 431/483 430/482 260/299 259/298 
f 434/486 435/487 436/488 437/489 
f 290/329 434/486 437/489 291/330 
f 434/486 290/329 297/336 433/485 
f 435/487 434/486 433/485 432/484 
f 438/490 439/491 419/471 418/470 
f 299/338 438/490 418/470 276/315 
f 438/490 299/338 291/330 437/489 
f 439/491 438/490 437/489 436/488 
f 440/492 188/205 187/204 441/493 
f 442/494 440/492 441/493 26/26 
f 440/492 442/494 355/495 443/496 
f 188/205 440/492 443/496 189/206 
f 444/497 445/498 446/499 447/500 
f 448/501 444/497 447/500 353/397 
f 444/497 448/501 449/502 450/503 
f 445/498 444/497 450/503 451/504 
f 452/505 257/296 258/297 453/506 
f 454/507 452/505 453/506 455/508 
f 452/505 454/507 36/36 456/509 
f 257/296 452/505 456/509 259/298 
f 457/510 348/389 347/388 458/511 
f 459/512 457/510 458/511 460/513 
f 457/510 459/512 455/514 453/515 
f 348/389 457/510 453/515 258/390 
f 461/516 462/517 446/499 463/518 
f 412/519 461/516 463/518 413/520 
f 461/516 412/519 183/521 182/522 
f 462/517 461/516 182/522 189/523 
f 464/524 8/8 7/7 465/525 
f 415/467 464/524 465/525 416/468 
f 464/524 415/467 419/471 466/526 
f 8/8 464/524 466/526 9/9 
f 467/527 15/15 14/14 468/528 
f 421/473 467/527 468/528 422/474 
f 467/527 421/473 416/468 465/525 
f 15/15 467/527 465/525 7/7 
f 469/529 21/21 20/20 470/530 
f 425/477 469/529 470/530 426/478 
f 469/529 425/477 422/474 468/528 
f 21/21 469/529 468/528 14/14 
f 471/531 27/27 26/26 441/493 
f 429/481 471/531 441/493 187/204 
f 471/531 429/481 426/478 470/530 
f 27/27 471/531 470/530 20/20 
f 472/532 35/35 34/34 473/533 
f 431/483 472/532 473/533 432/484 
f 472/532 431/483 259/298 456/509 
f 35/35 472/532 456/509 36/36 
f 474/534 42/42 41/41 475/535 
f 435/487 474/534 475/535 436/488 
f 474/534 435/487 432/484 473/533 
f 42/42 474/534 473/533 34/34 
f 476/536 45/45 9/9 466/526 
f 439/491 476/536 466/526 419/471 
f 476/536 439/491 436/488 475/535 
f 45/45 476/536 475/535 41/41 
f 477/537 354/398 353/397 447/500 
f 462/517 477/537 447/500 446/499 
f 477/537 462/517 189/523 443/538 
f 354/398 477/537 443/538 355/399 
f 478/539 442/494 26/26 24/24 
f 211/237 478/539 24/24 25/25 
f 478/539 211/237 210/236 350/540 
f 442/494 478/539 350/540 355/495 
f 479/541 448/501 353/397 352/395 
f 251/542 479/541 352/395 252/396 
f 479/541 251/542 250/543 480/544 
f 448/501 479/541 480/544 449/502 
f 481/545 454/507 455/508 482/546 
f 233/269 481/545 482/546 228/271 
f 481/545 233/269 30/30 29/29 
f 454/507 481/545 29/29 36/36 
f 483/547 459/512 460/513 484/548 
f 357/549 483/547 484/548 246/550 
f 483/547 357/549 228/551 482/552 
f 459/512 483/547 482/552 455/514 
f 485/553 486/554 487/555 488/556 
f 463/518 485/553 488/556 413/520 
f 485/553 463/518 446/499 445/498 
f 486/554 485/553 445/498 451/504 
f 489/557 490/558 491/559 492/560 
f 345/386 489/557 492/560 347/388 
f 489/557 345/386 346/387 493/561 
f 490/558 489/557 493/561 494/562 
f 495/563 496/564 494/565 493/566 
f 410/458 495/563 493/566 346/459 
f 495/563 410/458 413/465 488/567 
f 496/564 495/563 488/567 487/568 
f 497/569 248/287 249/288 498/570 
f 499/571 497/569 498/570 500/572 
f 497/569 499/571 501/573 502/574 
f 248/287 497/569 502/574 250/289 
f 503/575 450/503 449/502 504/576 
f 505/577 503/575 504/576 506/578 
f 503/575 505/577 241/280 507/579 
f 450/503 503/575 507/579 451/504 
f 508/580 509/581 510/582 511/583 
f 458/511 508/580 511/583 460/513 
f 508/580 458/511 347/388 492/560 
f 509/581 508/580 492/560 491/559 
f 512/584 480/544 250/543 502/585 
f 513/586 512/584 502/585 501/587 
f 512/584 513/586 506/578 504/576 
f 480/544 512/584 504/576 449/502 
f 514/588 515/589 249/590 247/591 
f 484/548 514/588 247/591 246/550 
f 514/588 484/548 460/513 511/583 
f 515/589 514/588 511/583 510/582 
f 516/592 93/593 92/594 517/595 
f 518/596 516/592 517/595 519/597 
f 516/592 518/596 520/598 521/599 
f 93/593 516/592 521/599 94/600 
f 522/601 128/602 127/603 523/604 
f 524/605 522/601 523/604 143/143 
f 522/601 524/605 519/597 517/595 
f 128/602 522/601 517/595 92/594 
f 525/606 526/607 127/127 125/125 
f 146/146 525/606 125/125 126/126 
f 525/606 146/146 58/58 57/57 
f 526/607 525/606 57/57 56/56 
f 527/608 169/609 94/610 521/611 
f 528/612 527/608 521/611 520/613 
f 527/608 528/612 529/614 530/615 
f 169/609 527/608 530/615 170/616 
f 531/617 314/618 313/619 532/620 
f 533/621 531/617 532/620 534/622 
f 531/617 533/621 535/623 536/624 
f 314/618 531/617 536/624 267/625 
f 537/626 538/627 539/628 540/629 
f 541/630 537/626 540/629 542/631 
f 537/626 541/630 366/632 365/633 
f 538/627 537/626 365/633 364/634 
f 543/635 144/144 143/143 523/604 
f 526/636 543/635 523/604 127/603 
f 543/635 526/636 56/56 54/54 
f 144/144 543/635 54/54 55/55 
f 544/637 518/596 519/597 545/638 
f 83/83 544/637 545/638 85/85 
f 544/637 83/83 82/82 546/639 
f 518/596 544/637 546/639 520/598 
f 547/640 524/605 143/143 142/142 
f 120/120 547/640 142/142 122/122 
f 547/640 120/120 85/85 545/638 
f 524/605 547/640 545/638 519/597 
f 548/641 528/612 520/613 546/642 
f 164/171 548/641 546/642 82/173 
f 548/641 164/171 163/170 549/643 
f 528/612 548/641 549/643 529/614 
f 550/644 533/621 534/622 551/645 
f 338/377 550/644 551/645 340/379 
f 550/644 338/377 305/344 552/646 
f 533/621 550/644 552/646 535/623 
f 553/647 554/648 405/453 403/451 
f 555/649 553/647 403/451 402/450 
f 553/647 555/649 542/631 540/629 
f 554/648 553/647 540/629 539/628 
f 556/650 557/651 535/623 552/646 
f 303/342 556/650 552/646 305/344 
f 556/650 303/342 186/203 184/201 
f 557/651 556/650 184/201 183/200 
f 558/652 263/653 267/625 536/624 
f 557/651 558/652 536/624 535/623 
f 558/652 557/651 183/200 411/654 
f 263/653 558/652 411/654 255/655 
f 559/656 560/657 195/215 194/213 
f 561/658 559/656 194/213 193/212 
f 559/656 561/658 562/659 563/660 
f 560/657 559/656 563/660 564/661 
f 565/662 566/663 203/227 202/225 
f 567/664 565/662 202/225 199/221 
f 565/662 567/664 568/665 569/666 
f 566/663 565/662 569/666 570/667 
f 571/668 572/669 207/233 206/231 
f 566/663 571/668 206/231 203/227 
f 571/668 566/663 570/667 573/670 
f 572/669 571/668 573/670 574/671 
f 575/672 576/673 213/241 212/239 
f 572/669 575/672 212/239 207/233 
f 575/672 572/669 574/671 577/674 
f 576/673 575/672 577/674 578/675 
f 579/676 580/677 219/250 218/248 
f 581/678 579/676 218/248 217/247 
f 579/676 581/678 582/679 583/680 
f 580/677 579/676 583/680 584/681 
f 585/682 586/683 223/256 222/254 
f 580/677 585/682 222/254 219/250 
f 585/682 580/677 584/681 587/684 
f 586/683 585/682 587/684 588/685 
f 589/686 561/658 193/212 225/259 
f 586/683 589/686 225/259 223/256 
f 589/686 586/683 588/685 590/687 
f 561/658 589/686 590/687 562/659 
f 591/688 581/678 217/247 234/273 
f 592/689 591/688 234/273 231/267 
f 591/688 592/689 593/690 594/691 
f 581/678 591/688 594/691 582/679 
f 595/692 567/664 199/221 198/219 
f 560/657 595/692 198/219 195/215 
f 595/692 560/657 564/661 596/693 
f 567/664 595/692 596/693 568/665 
f 597/694 592/689 231/267 230/265 
f 576/673 597/694 230/265 213/241 
f 597/694 576/673 578/675 598/695 
f 592/689 597/694 598/695 593/690 
f 599/696 563/660 562/659 590/687 
f 600/697 599/696 590/687 588/685 
f 599/696 600/697 568/665 596/693 
f 563/660 599/696 596/693 564/661 
f 601/698 602/699 584/681 583/680 
f 594/691 601/698 583/680 582/679 
f 601/698 594/691 593/690 603/700 
f 602/699 601/698 603/700 604/701 
f 605/702 600/697 588/685 587/684 
f 602/699 605/702 587/684 584/681 
f 605/702 602/699 604/701 606/703 
f 569/666 605/702 606/703 570/667 
f 605/702 569/666 568/665 600/697 
f 607/704 608/705 574/671 573/670 
f 606/703 607/704 573/670 570/667 
f 607/704 606/703 604/701 608/705 
f 609/706 608/705 604/701 603/700 
f 598/695 609/706 603/700 593/690 
f 609/706 598/695 578/675 577/674 
f 608/705 609/706 577/674 574/671 
f 610/707 362/410 363/411 611/708 
f 166/175 610/707 611/708 167/176 
f 610/707 166/175 170/182 612/709 
f 362/410 610/707 612/709 364/412 
f 613/710 359/407 366/414 614/711 
f 311/350 613/710 614/711 313/352 
f 613/710 311/350 312/351 615/712 
f 359/407 613/710 615/712 360/408 
f 616/713 371/419 372/420 617/714 
f 148/148 616/713 617/714 149/149 
f 616/713 148/148 152/155 618/715 
f 371/419 616/713 618/715 373/421 
f 619/716 368/416 375/423 620/717 
f 317/356 619/716 620/717 319/358 
f 619/716 317/356 318/357 621/718 
f 368/416 619/716 621/718 369/417 
f 622/719 380/428 381/429 623/720 
f 154/157 622/719 623/720 155/158 
f 622/719 154/157 149/149 617/714 
f 380/428 622/719 617/714 372/420 
f 624/721 377/425 369/417 621/718 
f 323/362 624/721 621/718 318/357 
f 624/721 323/362 324/363 625/722 
f 377/425 624/721 625/722 378/426 
f 626/723 386/434 387/435 627/724 
f 158/163 626/723 627/724 159/164 
f 626/723 158/163 155/158 623/720 
f 386/434 626/723 623/720 381/429 
f 628/725 383/431 378/426 625/722 
f 327/366 628/725 625/722 324/363 
f 628/725 327/366 328/367 629/726 
f 383/431 628/725 629/726 384/432 
f 630/727 392/440 393/441 631/728 
f 176/190 630/727 631/728 177/191 
f 630/727 176/190 173/185 632/729 
f 392/440 630/727 632/729 394/442 
f 633/730 389/437 396/444 634/731 
f 331/370 633/730 634/731 333/372 
f 633/730 331/370 332/371 635/732 
f 389/437 633/730 635/732 390/438 
f 636/733 399/447 373/421 618/715 
f 180/196 636/733 618/715 152/155 
f 636/733 180/196 177/191 631/728 
f 399/447 636/733 631/728 393/441 
f 637/734 398/446 390/438 635/732 
f 336/375 637/734 635/732 332/371 
f 637/734 336/375 319/358 620/717 
f 398/446 637/734 620/717 375/423 
f 638/735 404/452 405/453 639/736 
f 162/169 638/735 639/736 163/170 
f 638/735 162/169 159/164 627/724 
f 404/452 638/735 627/724 387/435 
f 640/737 401/449 384/432 629/726 
f 339/378 640/737 629/726 328/367 
f 640/737 339/378 340/379 641/738 
f 401/449 640/737 641/738 402/450 
f 642/739 408/456 394/442 632/729 
f 172/184 642/739 632/729 173/185 
f 642/739 172/184 167/176 611/708 
f 408/456 642/739 611/708 363/411 
f 643/740 407/455 360/408 615/712 
f 342/381 643/740 615/712 312/351 
f 643/740 342/381 333/372 634/731 
f 407/455 643/740 634/731 396/444 
f 644/741 541/630 542/631 645/742 
f 532/620 644/741 645/742 534/622 
f 644/741 532/620 313/619 614/743 
f 541/630 644/741 614/743 366/632 
f 646/744 538/627 364/634 612/745 
f 530/615 646/744 612/745 170/616 
f 646/744 530/615 529/614 647/746 
f 538/627 646/744 647/746 539/628 
f 648/747 555/649 402/450 641/738 
f 551/645 648/747 641/738 340/379 
f 648/747 551/645 534/622 645/742 
f 555/649 648/747 645/742 542/631 
f 649/748 554/648 539/628 647/746 
f 549/643 649/748 647/746 529/614 
f 649/748 549/643 163/170 639/736 
f 554/648 649/748 639/736 405/453 
f 650/749 651/750 652/751 653/752 
f 654/753 650/749 653/752 655/754 
f 650/749 654/753 656/755 657/756 
f 651/750 650/749 657/756 658/757 
f 659/758 660/759 661/760 662/761 
f 663/762 659/758 662/761 664/763 
f 659/758 663/762 655/754 653/752 
f 660/759 659/758 653/752 652/751 
f 665/764 666/765 667/766 668/767 
f 669/768 665/764 668/767 500/769 
f 665/764 669/768 664/763 662/761 
f 666/765 665/764 662/761 661/760 
f 670/770 671/771 672/772 673/773 
f 674/774 670/770 673/773 675/775 
f 670/770 674/774 676/776 677/777 
f 671/771 670/770 677/777 678/778 
f 679/779 680/780 678/778 677/777 
f 681/781 679/779 677/777 676/776 
f 679/779 681/781 682/782 683/783 
f 680/780 679/779 683/783 684/784 
f 685/785 686/786 684/784 683/783 
f 687/787 685/785 683/783 682/782 
f 685/785 687/787 688/788 689/789 
f 686/786 685/785 689/789 690/790 
f 691/791 692/792 690/790 689/789 
f 693/793 691/791 689/789 688/788 
f 691/791 693/793 694/794 695/795 
f 692/792 691/791 695/795 696/796 
f 697/797 698/798 699/799 700/800 
f 701/801 697/797 700/800 702/802 
f 697/797 701/801 703/803 704/804 
f 698/798 697/797 704/804 705/805 
f 706/806 707/807 705/805 704/804 
f 708/808 706/806 704/804 703/803 
f 706/806 708/808 709/809 710/810 
f 707/807 706/806 710/810 711/811 
f 712/812 713/813 711/811 710/810 
f 714/814 712/812 710/810 709/809 
f 712/812 714/814 675/775 673/773 
f 713/813 712/812 673/773 672/772 
f 715/815 716/816 717/817 718/818 
f 719/819 715/815 718/818 720/820 
f 715/815 719/819 721/821 722/822 
f 723/823 715/815 722/822 724/824 
f 715/815 723/823 725/825 726/826 
f 716/816 715/815 726/826 727/827 
f 728/828 729/829 730/830 731/831 
f 732/832 728/828 731/831 733/833 
f 728/828 732/832 734/834 735/835 
f 729/829 728/828 735/835 736/836 
f 737/837 738/838 739/839 740/840 
f 729/829 737/837 740/840 730/830 
f 737/837 729/829 736/836 741/841 
f 738/838 737/837 741/841 742/842 
f 743/843 744/844 745/845 746/846 
f 738/838 743/843 746/846 739/839 
f 743/843 738/838 742/842 747/847 
f 744/844 743/843 747/847 748/848 
f 749/849 750/850 751/851 752/852 
f 744/844 749/849 752/852 745/845 
f 749/849 744/844 748/848 753/853 
f 750/850 749/849 753/853 754/854 
f 755/855 756/856 757/857 758/858 
f 759/859 755/855 758/858 760/860 
f 755/855 759/859 761/861 762/862 
f 756/856 755/855 762/862 763/863 
f 764/864 765/865 766/866 767/867 
f 756/856 764/864 767/867 757/857 
f 764/864 756/856 763/863 768/868 
f 765/865 764/864 768/868 769/869 
f 770/870 771/871 772/872 773/873 
f 765/865 770/870 773/873 766/866 
f 770/870 765/865 769/869 774/874 
f 771/871 770/870 774/874 775/875 
f 776/876 732/832 733/833 777/877 
f 771/871 776/876 777/877 772/872 
f 776/876 771/871 775/875 778/878 
f 732/832 776/876 778/878 734/834 
f 779/879 780/880 736/836 735/835 
f 781/881 779/879 735/835 734/834 
f 779/879 781/881 782/882 783/883 
f 780/880 779/879 783/883 717/817 
f 784/884 785/885 742/842 741/841 
f 780/880 784/884 741/841 736/836 
f 784/884 780/880 717/817 716/816 
f 785/885 784/884 716/816 727/827 
f 786/886 787/887 748/848 747/847 
f 785/885 786/886 747/847 742/842 
f 786/886 785/885 727/827 726/826 
f 787/887 786/886 726/826 725/825 
f 788/888 789/889 754/854 753/853 
f 787/887 788/888 753/853 748/848 
f 788/888 787/887 725/825 790/890 
f 789/889 788/888 790/890 791/891 
f 792/892 793/893 763/863 762/862 
f 794/894 792/892 762/862 761/861 
f 792/892 794/894 795/895 796/896 
f 793/893 792/892 796/896 797/897 
f 798/898 799/899 769/869 768/868 
f 793/893 798/898 768/868 763/863 
f 798/898 793/893 797/897 800/900 
f 799/899 798/898 800/900 801/901 
f 802/902 803/903 775/875 774/874 
f 799/899 802/902 774/874 769/869 
f 802/902 799/899 801/901 804/904 
f 803/903 802/902 804/904 805/905 
f 806/906 781/881 734/834 778/878 
f 803/903 806/906 778/878 775/875 
f 806/906 803/903 805/905 807/907 
f 781/881 806/906 807/907 782/882 
f 808/908 807/907 805/905 809/909 
f 718/818 808/908 809/909 720/820 
f 808/908 718/818 717/817 783/883 
f 807/907 808/908 783/883 782/882 
f 810/910 790/890 725/825 723/823 
f 811/911 810/910 723/823 724/824 
f 810/910 811/911 812/912 813/913 
f 790/890 810/910 813/913 791/891 
f 814/914 815/915 720/820 809/909 
f 804/904 814/914 809/909 805/905 
f 814/914 804/904 801/901 800/900 
f 815/915 814/914 800/900 797/897 
f 816/916 817/917 818/918 819/919 
f 820/920 816/916 819/919 821/921 
f 816/916 820/920 733/922 731/923 
f 817/917 816/916 731/923 730/924 
f 822/925 823/926 824/927 825/928 
f 817/917 822/925 825/928 818/918 
f 822/925 817/917 730/924 740/929 
f 823/926 822/925 740/929 739/930 
f 826/931 827/932 828/933 829/934 
f 823/926 826/931 829/934 824/927 
f 826/931 823/926 739/930 746/935 
f 827/932 826/931 746/935 745/936 
f 830/937 831/938 832/939 833/940 
f 827/932 830/937 833/940 828/933 
f 830/937 827/932 745/936 752/941 
f 831/938 830/937 752/941 751/942 
f 834/943 835/944 836/945 837/946 
f 838/947 834/943 837/946 839/948 
f 834/943 838/947 760/949 758/950 
f 835/944 834/943 758/950 757/951 
f 840/952 841/953 842/954 843/955 
f 835/944 840/952 843/955 836/945 
f 840/952 835/944 757/951 767/956 
f 841/953 840/952 767/956 766/957 
f 844/958 845/959 846/960 847/961 
f 841/953 844/958 847/961 842/954 
f 844/958 841/953 766/957 773/962 
f 845/959 844/958 773/962 772/963 
f 848/964 820/920 821/921 849/965 
f 845/959 848/964 849/965 846/960 
f 848/964 845/959 772/963 777/966 
f 820/920 848/964 777/966 733/922 
f 850/967 851/968 852/969 853/970 
f 854/971 850/967 853/970 855/972 
f 850/967 854/971 856/973 857/974 
f 851/968 850/967 857/974 858/975 
f 859/976 671/771 678/778 860/977 
f 861/978 859/979 860/980 862/981 
f 859/979 861/978 863/982 864/983 
f 671/771 859/976 864/984 672/772 
f 865/985 680/780 684/784 866/986 
f 867/987 865/988 866/989 868/990 
f 865/988 867/987 862/981 860/980 
f 680/780 865/985 860/977 678/778 
f 869/991 686/786 690/790 870/992 
f 871/993 869/994 870/995 872/996 
f 869/994 871/993 868/990 866/989 
f 686/786 869/991 866/986 684/784 
f 873/997 692/792 696/796 874/998 
f 875/999 873/1000 874/1001 876/1002 
f 873/1000 875/999 872/996 870/995 
f 692/792 873/997 870/992 690/790 
f 877/1003 878/1004 879/1005 880/1006 
f 881/1007 877/1008 880/1009 882/1010 
f 877/1008 881/1007 876/1002 874/1001 
f 878/1004 877/1003 874/998 696/796 
f 883/1011 698/798 705/805 884/1012 
f 885/1013 883/1014 884/1015 886/1016 
f 883/1014 885/1013 887/1017 888/1018 
f 698/798 883/1011 888/1019 699/799 
f 889/1020 707/807 711/811 890/1021 
f 891/1022 889/1023 890/1024 892/1025 
f 889/1023 891/1022 886/1016 884/1015 
f 707/807 889/1020 884/1012 705/805 
f 893/1026 713/813 672/772 864/984 
f 894/1027 893/1028 864/983 863/982 
f 893/1028 894/1027 892/1025 890/1024 
f 713/813 893/1026 890/1021 711/811 
f 895/1029 896/1030 897/1031 898/1032 
f 899/1033 895/1034 898/1035 900/1036 
f 895/1034 899/1033 882/1010 880/1009 
f 896/1030 895/1029 880/1037 879/1038 
f 901/1039 902/1040 699/799 888/1019 
f 903/1041 901/1042 888/1018 887/1017 
f 901/1042 903/1041 900/1036 898/1035 
f 902/1040 901/1039 898/1032 897/1031 
f 904/1043 905/1044 906/1045 907/1046 
f 908/1047 904/1043 907/1046 909/1048 
f 904/1043 908/1047 910/1049 911/1050 
f 905/1044 904/1043 911/1050 912/1051 
f 913/1052 914/1053 915/1054 916/1055 
f 917/1056 913/1052 916/1055 918/1057 
f 913/1052 917/1056 919/1058 920/1059 
f 914/1053 913/1052 920/1059 921/1060 
f 922/1061 923/1062 924/1063 925/1064 
f 926/1065 922/1061 925/1064 927/1066 
f 922/1061 926/1065 928/1067 929/1068 
f 923/1062 922/1061 929/1068 930/1069 
f 931/1070 925/1064 924/1063 932/1071 
f 933/1072 931/1070 932/1071 934/1073 
f 931/1070 933/1072 935/1074 936/1075 
f 925/1064 931/1070 936/1075 927/1066 
f 937/1076 938/1077 939/1078 940/1079 
f 941/1080 937/1076 940/1079 942/1081 
f 937/1076 941/1080 943/1082 944/1083 
f 938/1077 937/1076 944/1083 945/1084 
f 946/1085 947/1086 948/1087 949/1088 
f 938/1077 946/1085 949/1088 939/1078 
f 946/1085 938/1077 945/1084 950/1089 
f 947/1086 946/1085 950/1089 951/1090 
f 952/1091 953/1092 954/1093 955/1094 
f 947/1086 952/1091 955/1094 948/1087 
f 952/1091 947/1086 951/1090 956/1095 
f 953/1092 952/1091 956/1095 957/1096 
f 958/1097 959/1098 960/1099 961/1100 
f 962/1101 958/1097 961/1100 963/1102 
f 958/1097 962/1101 964/1103 965/1104 
f 959/1098 958/1097 965/1104 966/1105 
f 967/1106 941/1080 942/1081 968/1107 
f 959/1098 967/1106 968/1107 960/1099 
f 967/1106 959/1098 966/1105 969/1108 
f 941/1080 967/1106 969/1108 943/1082 
f 970/1109 971/1110 858/975 972/1111 
f 953/1092 970/1109 972/1111 954/1093 
f 970/1109 953/1092 957/1096 973/1112 
f 971/1110 970/1109 973/1112 974/1113 
f 975/1114 962/1101 963/1102 976/1115 
f 936/1075 975/1114 976/1115 927/1066 
f 975/1114 936/1075 935/1074 977/1116 
f 962/1101 975/1114 977/1116 964/1103 
f 978/1117 979/1118 935/1074 933/1072 
f 980/1119 978/1117 933/1072 934/1073 
f 978/1117 980/1119 981/1120 982/1121 
f 979/1118 978/1117 982/1121 983/1122 
f 984/1123 985/1124 945/1084 944/1083 
f 986/1125 984/1123 944/1083 943/1082 
f 984/1123 986/1125 987/1126 988/1127 
f 985/1124 984/1123 988/1127 989/1128 
f 990/1129 991/1130 951/1090 950/1089 
f 985/1124 990/1129 950/1089 945/1084 
f 990/1129 985/1124 989/1128 992/1131 
f 991/1130 990/1129 992/1131 993/1132 
f 994/1133 995/1134 957/1096 956/1095 
f 991/1130 994/1133 956/1095 951/1090 
f 994/1133 991/1130 993/1132 996/1135 
f 995/1134 994/1133 996/1135 997/1136 
f 998/1137 999/1138 966/1105 965/1104 
f 1000/1139 998/1137 965/1104 964/1103 
f 998/1137 1000/1139 1001/1140 1002/1141 
f 999/1138 998/1137 1002/1141 1003/1142 
f 1004/1143 986/1125 943/1082 969/1108 
f 999/1138 1004/1143 969/1108 966/1105 
f 1004/1143 999/1138 1003/1142 1005/1144 
f 986/1125 1004/1143 1005/1144 987/1126 
f 1006/1145 1007/1146 974/1113 973/1112 
f 995/1134 1006/1145 973/1112 957/1096 
f 1006/1145 995/1134 997/1136 1008/1147 
f 1007/1146 1006/1145 1008/1147 1009/1148 
f 1010/1149 1000/1139 964/1103 977/1116 
f 979/1118 1010/1149 977/1116 935/1074 
f 1010/1149 979/1118 983/1122 1011/1150 
f 1000/1139 1010/1149 1011/1150 1001/1140 
f 1012/1151 1013/1152 924/1153 923/1154 
f 1014/1155 1012/1151 923/1154 930/1156 
f 1012/1151 1014/1155 1015/1157 1016/1158 
f 1013/1152 1012/1151 1016/1158 1017/1159 
f 1018/1160 1019/1161 879/1162 1020/1163 
f 1021/1164 1018/1160 1020/1163 1022/1165 
f 1018/1160 1021/1164 1023/1166 1024/1167 
f 1019/1161 1018/1160 1024/1167 918/1168 
f 1025/1169 1026/1170 897/1171 896/1172 
f 1019/1173 1025/1169 896/1172 879/1174 
f 1025/1169 1019/1173 918/1057 916/1055 
f 1026/1170 1025/1169 916/1055 915/1054 
f 1027/1175 1028/1176 1029/1177 1030/1178 
f 1031/1179 1027/1175 1030/1178 1032/1180 
f 1027/1175 1031/1179 1033/1181 1034/1182 
f 1028/1176 1027/1175 1034/1182 1035/1183 
f 1036/1184 1037/1185 1038/1186 1039/1187 
f 1040/1188 1036/1184 1039/1187 1041/1189 
f 1036/1184 1040/1188 1042/1190 1043/1191 
f 1037/1185 1036/1184 1043/1191 1044/1192 
f 1045/1193 1046/1194 1047/1195 1048/1196 
f 1037/1185 1045/1193 1048/1196 1038/1186 
f 1045/1193 1037/1185 1044/1192 1049/1197 
f 1046/1194 1045/1193 1049/1197 1050/1198 
f 1051/1199 1052/1200 1053/1201 1054/1202 
f 1046/1194 1051/1199 1054/1202 1047/1195 
f 1051/1199 1046/1194 1050/1198 1055/1203 
f 1052/1200 1051/1199 1055/1203 1056/1204 
f 1057/1205 1058/1206 1059/1207 1060/1208 
f 1061/1209 1057/1205 1060/1208 1062/1210 
f 1057/1205 1061/1209 1063/1211 1064/1212 
f 1058/1206 1057/1205 1064/1212 1065/1213 
f 1066/1214 1040/1188 1041/1189 1067/1215 
f 1058/1206 1066/1214 1067/1215 1059/1207 
f 1066/1214 1058/1206 1065/1213 1068/1216 
f 1040/1188 1066/1214 1068/1216 1042/1190 
f 1069/1217 1070/1218 1071/1219 1072/1220 
f 1052/1200 1069/1217 1072/1220 1053/1201 
f 1069/1217 1052/1200 1056/1204 1073/1221 
f 1070/1218 1069/1217 1073/1221 1074/1222 
f 1075/1223 1061/1209 1062/1210 1076/1224 
f 1028/1176 1075/1223 1076/1224 1029/1177 
f 1075/1223 1028/1176 1035/1183 1077/1225 
f 1061/1209 1075/1223 1077/1225 1063/1211 
f 1078/1226 1013/1227 1017/1228 1079/1229 
f 1080/1230 1078/1226 1079/1229 1081/1231 
f 1078/1226 1080/1230 852/1232 1082/1233 
f 1013/1227 1078/1226 1082/1233 924/1234 
f 1083/1235 1084/1236 1085/1237 1086/1238 
f 1087/1239 1083/1235 1086/1238 1088/1240 
f 1083/1235 1087/1239 942/1081 940/1079 
f 1084/1236 1083/1235 940/1079 939/1078 
f 1089/1241 1090/1242 1091/1243 1092/1244 
f 1084/1236 1089/1241 1092/1244 1085/1237 
f 1089/1241 1084/1236 939/1078 949/1088 
f 1090/1242 1089/1241 949/1088 948/1087 
f 1093/1245 1094/1246 1095/1247 1096/1248 
f 1090/1242 1093/1245 1096/1248 1091/1243 
f 1093/1245 1090/1242 948/1087 955/1094 
f 1094/1246 1093/1245 955/1094 954/1093 
f 1097/1249 857/974 856/973 1098/1250 
f 1094/1246 1097/1249 1098/1250 1095/1247 
f 1097/1249 1094/1246 954/1093 972/1111 
f 857/974 1097/1249 972/1111 858/975 
f 1099/1251 1100/1252 1101/1253 1102/1254 
f 926/1065 1099/1251 1102/1254 928/1067 
f 1099/1251 926/1065 927/1066 976/1115 
f 1100/1252 1099/1251 976/1115 963/1102 
f 1103/1255 1104/1256 1105/1257 1106/1258 
f 1100/1252 1103/1255 1106/1258 1101/1253 
f 1103/1255 1100/1252 963/1102 961/1100 
f 1104/1256 1103/1255 961/1100 960/1099 
f 1107/1259 1087/1239 1088/1240 1108/1260 
f 1104/1256 1107/1259 1108/1260 1105/1257 
f 1107/1259 1104/1256 960/1099 968/1107 
f 1087/1239 1107/1259 968/1107 942/1081 
f 1109/1261 1110/1262 856/973 854/971 
f 1111/1263 1109/1261 854/971 855/972 
f 1109/1261 1111/1263 1022/1264 1112/1265 
f 1110/1262 1109/1261 1112/1265 694/794 
f 1113/1266 1114/1267 1115/1268 1116/1269 
f 1117/1270 1113/1266 1116/1269 1118/1271 
f 1113/1266 1117/1270 1119/1272 1120/1273 
f 1114/1267 1113/1266 1120/1273 1023/1166 
f 1121/1274 1122/1275 930/1069 929/1068 
f 1123/1276 1121/1274 929/1068 928/1067 
f 1121/1274 1123/1276 702/802 1124/1277 
f 1122/1275 1121/1274 1124/1277 1125/1278 
f 1126/1279 1127/1280 1015/1157 1014/1155 
f 1122/1281 1126/1279 1014/1155 930/1156 
f 1126/1279 1122/1281 1125/1282 1128/1283 
f 1127/1280 1126/1279 1128/1283 1129/1284 
f 1130/1285 1131/1286 1115/1268 1132/1287 
f 853/1288 1130/1285 1132/1287 855/1289 
f 1130/1285 853/1288 852/1290 1080/1291 
f 1131/1286 1130/1285 1080/1291 1081/1292 
f 1133/1293 1134/1294 676/776 674/774 
f 1135/1295 1133/1293 674/774 675/775 
f 1133/1293 1135/1295 1088/1240 1086/1238 
f 1134/1294 1133/1293 1086/1238 1085/1237 
f 1136/1296 1137/1297 682/782 681/781 
f 1134/1294 1136/1296 681/781 676/776 
f 1136/1296 1134/1294 1085/1237 1092/1244 
f 1137/1297 1136/1296 1092/1244 1091/1243 
f 1138/1298 1139/1299 688/788 687/787 
f 1137/1297 1138/1298 687/787 682/782 
f 1138/1298 1137/1297 1091/1243 1096/1248 
f 1139/1299 1138/1298 1096/1248 1095/1247 
f 1140/1300 1110/1262 694/794 693/793 
f 1139/1299 1140/1300 693/793 688/788 
f 1140/1300 1139/1299 1095/1247 1098/1250 
f 1110/1262 1140/1300 1098/1250 856/973 
f 1141/1301 1142/1302 703/803 701/801 
f 1123/1276 1141/1301 701/801 702/802 
f 1141/1301 1123/1276 928/1067 1102/1254 
f 1142/1302 1141/1301 1102/1254 1101/1253 
f 1143/1303 1144/1304 709/809 708/808 
f 1142/1302 1143/1303 708/808 703/803 
f 1143/1303 1142/1302 1101/1253 1106/1258 
f 1144/1304 1143/1303 1106/1258 1105/1257 
f 1145/1305 1135/1295 675/775 714/814 
f 1144/1304 1145/1305 714/814 709/809 
f 1145/1305 1144/1304 1105/1257 1108/1260 
f 1135/1295 1145/1305 1108/1260 1088/1240 
f 1146/1306 1114/1267 1023/1166 1021/1164 
f 1111/1307 1146/1306 1021/1164 1022/1165 
f 1146/1306 1111/1307 855/1289 1132/1287 
f 1114/1267 1146/1306 1132/1287 1115/1268 
f 1147/1308 695/795 694/794 1112/1265 
f 1020/1309 1147/1308 1112/1265 1022/1264 
f 1147/1308 1020/1309 879/1005 878/1004 
f 695/795 1147/1308 878/1004 696/796 
f 1148/1310 1024/1167 1023/1166 1120/1273 
f 1149/1311 1148/1310 1120/1273 1119/1272 
f 1148/1310 1149/1311 919/1312 917/1313 
f 1024/1167 1148/1310 917/1313 918/1168 
f 1150/1314 1151/1315 1125/1278 1124/1277 
f 700/800 1150/1314 1124/1277 702/802 
f 1150/1314 700/800 699/799 902/1040 
f 1151/1315 1150/1314 902/1040 897/1031 
f 1152/1316 1153/1317 1129/1284 1128/1283 
f 1151/1318 1152/1316 1128/1283 1125/1282 
f 1152/1316 1151/1318 897/1319 1026/1320 
f 1153/1317 1152/1316 1026/1320 915/1321 
f 1154/1322 1155/1323 1156/1324 1157/1325 
f 1116/1269 1154/1322 1157/1325 1118/1271 
f 1154/1322 1116/1269 1115/1268 1131/1286 
f 1155/1323 1154/1322 1131/1286 1081/1292 
f 1158/1326 1159/1327 1160/1328 1161/1329 
f 1162/1330 1158/1326 1161/1329 1163/1331 
f 1158/1326 1162/1330 1017/1159 1016/1158 
f 1159/1327 1158/1326 1016/1158 1015/1157 
f 1164/1332 1162/1333 1163/1334 1165/1335 
f 1155/1336 1164/1332 1165/1335 1156/1337 
f 1164/1332 1155/1336 1081/1231 1079/1229 
f 1162/1333 1164/1332 1079/1229 1017/1228 
f 1166/1338 1167/1339 921/1060 920/1059 
f 1168/1340 1166/1338 920/1059 919/1058 
f 1166/1338 1168/1340 1169/1341 1170/1342 
f 1167/1339 1166/1338 1170/1342 1171/1343 
f 1172/1344 1173/1345 1119/1272 1117/1270 
f 1174/1346 1172/1344 1117/1270 1118/1271 
f 1172/1344 1174/1346 910/1049 1175/1347 
f 1173/1345 1172/1344 1175/1347 1176/1348 
f 1177/1349 1178/1350 1179/1351 1180/1352 
f 1159/1327 1177/1349 1180/1352 1160/1328 
f 1177/1349 1159/1327 1015/1157 1127/1280 
f 1178/1350 1177/1349 1127/1280 1129/1284 
f 1181/1353 1168/1354 919/1312 1149/1311 
f 1173/1345 1181/1353 1149/1311 1119/1272 
f 1181/1353 1173/1345 1176/1348 1182/1355 
f 1168/1354 1181/1353 1182/1355 1169/1356 
f 1183/1357 914/1358 921/1359 1184/1360 
f 1178/1350 1183/1357 1184/1360 1179/1351 
f 1183/1357 1178/1350 1129/1284 1153/1317 
f 914/1358 1183/1357 1153/1317 915/1321 
f 1185/1361 1186/1362 761/861 759/859 
f 1187/1363 1185/1361 759/859 760/860 
f 1185/1361 1187/1363 1188/1364 1189/1365 
f 1186/1362 1185/1361 1189/1365 1190/1366 
f 1191/1367 1192/1368 795/895 794/894 
f 1186/1362 1191/1367 794/894 761/861 
f 1191/1367 1186/1362 1190/1366 1193/1369 
f 1192/1368 1191/1367 1193/1369 812/1370 
f 1194/1371 796/896 795/895 1195/1372 
f 719/819 1194/1371 1195/1372 721/821 
f 1194/1371 719/819 720/820 815/915 
f 796/896 1194/1371 815/915 797/897 
f 1196/1373 1187/1374 760/949 838/947 
f 1197/1375 1196/1373 838/947 839/948 
f 1196/1373 1197/1375 1198/1376 1199/1377 
f 1187/1374 1196/1373 1199/1377 1188/1378 
f 1200/1379 1201/1380 981/1120 980/1119 
f 1202/1381 1200/1379 980/1119 934/1073 
f 1200/1379 1202/1381 1203/1382 1204/1383 
f 1201/1380 1200/1379 1204/1383 1205/1384 
f 1206/1385 1207/1386 1208/1387 1209/1388 
f 1031/1179 1206/1385 1209/1388 1033/1181 
f 1206/1385 1031/1179 1032/1180 1210/1389 
f 1207/1386 1206/1385 1210/1389 1211/1390 
f 1212/1391 1192/1368 812/1370 811/1392 
f 722/822 1212/1391 811/1392 724/824 
f 1212/1391 722/822 721/821 1195/1372 
f 1192/1368 1212/1391 1195/1372 795/895 
f 1213/1393 1214/1394 1190/1395 1189/1396 
f 1215/1397 1213/1393 1189/1396 1188/1398 
f 1213/1393 1215/1397 751/851 750/850 
f 1214/1394 1213/1393 750/850 754/854 
f 1216/1399 813/913 812/912 1193/1400 
f 1214/1394 1216/1399 1193/1400 1190/1395 
f 1216/1399 1214/1394 754/854 789/889 
f 813/913 1216/1399 789/889 791/891 
f 1217/1401 1215/1402 1188/1403 1199/1404 
f 1218/1405 1217/1401 1199/1404 1198/1406 
f 1217/1401 1218/1405 832/939 831/938 
f 1215/1402 1217/1401 831/938 751/942 
f 1219/1407 1220/1408 1205/1409 1204/1410 
f 1221/1411 1219/1407 1204/1410 1203/1412 
f 1219/1407 1221/1411 974/1113 1007/1146 
f 1220/1408 1219/1407 1007/1146 1009/1148 
f 1222/1413 1070/1218 1074/1222 1223/1414 
f 1207/1415 1222/1413 1223/1414 1208/1416 
f 1222/1413 1207/1415 1211/1417 1224/1418 
f 1070/1218 1222/1413 1224/1418 1071/1219 
f 1225/1419 1221/1411 1203/1412 1226/1420 
f 851/968 1225/1419 1226/1420 852/969 
f 1225/1419 851/968 858/975 971/1110 
f 1221/1411 1225/1419 971/1110 974/1113 
f 1227/1421 1202/1381 934/1073 932/1071 
f 1082/1422 1227/1421 932/1071 924/1063 
f 1227/1421 1082/1422 852/1423 1226/1424 
f 1202/1381 1227/1421 1226/1424 1203/1382 
f 1228/1425 861/978 862/981 1229/1426 
f 1230/1427 1228/1425 1229/1426 1231/1428 
f 1228/1425 1230/1427 1232/1429 1233/1430 
f 861/978 1228/1425 1233/1430 863/982 
f 1234/1431 871/993 872/996 1235/1432 
f 1236/1433 1234/1431 1235/1432 1237/1434 
f 1234/1431 1236/1433 1238/1435 1239/1436 
f 871/993 1234/1431 1239/1436 868/990 
f 1240/1437 875/999 876/1002 1241/1438 
f 1242/1439 1240/1437 1241/1438 1243/1440 
f 1240/1437 1242/1439 1237/1434 1235/1432 
f 875/999 1240/1437 1235/1432 872/996 
f 1244/1441 881/1007 882/1010 1245/1442 
f 1246/1443 1244/1441 1245/1442 1247/1444 
f 1244/1441 1246/1443 1243/1440 1241/1438 
f 881/1007 1244/1441 1241/1438 876/1002 
f 1248/1445 885/1013 886/1016 1249/1446 
f 1250/1447 1248/1445 1249/1446 1251/1448 
f 1248/1445 1250/1447 1252/1449 1253/1450 
f 885/1013 1248/1445 1253/1450 887/1017 
f 1254/1451 891/1022 892/1025 1255/1452 
f 1256/1453 1254/1451 1255/1452 1257/1454 
f 1254/1451 1256/1453 1251/1448 1249/1446 
f 891/1022 1254/1451 1249/1446 886/1016 
f 1258/1455 894/1027 863/982 1233/1430 
f 1259/1456 1258/1455 1233/1430 1232/1429 
f 1258/1455 1259/1456 1257/1454 1255/1452 
f 894/1027 1258/1455 1255/1452 892/1025 
f 1260/1457 903/1041 887/1017 1253/1450 
f 1261/1458 1260/1457 1253/1450 1252/1449 
f 1260/1457 1261/1458 1262/1459 1263/1460 
f 903/1041 1260/1457 1263/1460 900/1036 
f 1264/1461 867/987 868/990 1239/1436 
f 1265/1462 1264/1461 1239/1436 1238/1435 
f 1264/1461 1265/1462 1231/1428 1229/1426 
f 867/987 1264/1461 1229/1426 862/981 
f 1266/1463 899/1033 900/1036 1263/1460 
f 1267/1464 1266/1463 1263/1460 1262/1459 
f 1266/1463 1267/1464 1247/1444 1245/1442 
f 899/1033 1266/1463 1245/1442 882/1010 
f 1268/1465 1259/1456 1232/1429 1230/1427 
f 1265/1462 1268/1465 1230/1427 1231/1428 
f 1268/1465 1265/1462 1238/1435 1269/1466 
f 1259/1456 1268/1465 1269/1466 1257/1454 
f 1270/1467 1250/1447 1251/1448 1271/1468 
f 1272/1469 1270/1467 1271/1468 1273/1470 
f 1270/1467 1272/1469 1262/1459 1261/1458 
f 1250/1447 1270/1467 1261/1458 1252/1449 
f 1274/1471 1256/1453 1257/1454 1269/1466 
f 1236/1433 1274/1471 1269/1466 1238/1435 
f 1274/1471 1236/1433 1237/1434 1275/1472 
f 1271/1468 1274/1471 1275/1472 1273/1470 
f 1274/1471 1271/1468 1251/1448 1256/1453 
f 1276/1473 1242/1439 1243/1440 1277/1474 
f 1275/1472 1276/1473 1277/1474 1273/1470 
f 1276/1473 1275/1472 1237/1434 1242/1439 
f 1278/1475 1272/1469 1273/1470 1277/1474 
f 1246/1443 1278/1475 1277/1474 1243/1440 
f 1278/1475 1246/1443 1247/1444 1267/1464 
f 1272/1469 1278/1475 1267/1464 1262/1459 
f 1279/1476 1280/1477 1035/1183 1034/1182 
f 1281/1478 1279/1476 1034/1182 1033/1181 
f 1279/1476 1281/1478 839/948 837/946 
f 1280/1477 1279/1476 837/946 836/945 
f 1282/1479 1283/1480 1032/1180 1030/1178 
f 1284/1481 1282/1479 1030/1178 1029/1177 
f 1282/1479 1284/1481 983/1122 982/1121 
f 1283/1480 1282/1479 982/1121 981/1120 
f 1285/1482 1286/1483 1044/1192 1043/1191 
f 1287/1484 1285/1482 1043/1191 1042/1190 
f 1285/1482 1287/1484 821/921 819/919 
f 1286/1483 1285/1482 819/919 818/918 
f 1288/1485 1289/1486 1041/1189 1039/1187 
f 1290/1487 1288/1485 1039/1187 1038/1186 
f 1288/1485 1290/1487 989/1128 988/1127 
f 1289/1486 1288/1485 988/1127 987/1126 
f 1291/1488 1292/1489 1050/1198 1049/1197 
f 1286/1483 1291/1488 1049/1197 1044/1192 
f 1291/1488 1286/1483 818/918 825/928 
f 1292/1489 1291/1488 825/928 824/927 
f 1293/1490 1290/1487 1038/1186 1048/1196 
f 1294/1491 1293/1490 1048/1196 1047/1195 
f 1293/1490 1294/1491 993/1132 992/1131 
f 1290/1487 1293/1490 992/1131 989/1128 
f 1295/1492 1296/1493 1056/1204 1055/1203 
f 1292/1489 1295/1492 1055/1203 1050/1198 
f 1295/1492 1292/1489 824/927 829/934 
f 1296/1493 1295/1492 829/934 828/933 
f 1297/1494 1294/1491 1047/1195 1054/1202 
f 1298/1495 1297/1494 1054/1202 1053/1201 
f 1297/1494 1298/1495 997/1136 996/1135 
f 1294/1491 1297/1494 996/1135 993/1132 
f 1299/1496 1300/1497 1065/1213 1064/1212 
f 1301/1498 1299/1496 1064/1212 1063/1211 
f 1299/1496 1301/1498 842/954 847/961 
f 1300/1497 1299/1496 847/961 846/960 
f 1302/1499 1303/1500 1062/1210 1060/1208 
f 1304/1501 1302/1499 1060/1208 1059/1207 
f 1302/1499 1304/1501 1003/1142 1002/1141 
f 1303/1500 1302/1499 1002/1141 1001/1140 
f 1305/1502 1287/1484 1042/1190 1068/1216 
f 1300/1497 1305/1502 1068/1216 1065/1213 
f 1305/1502 1300/1497 846/960 849/965 
f 1287/1484 1305/1502 849/965 821/921 
f 1306/1503 1304/1501 1059/1207 1067/1215 
f 1289/1486 1306/1503 1067/1215 1041/1189 
f 1306/1503 1289/1486 987/1126 1005/1144 
f 1304/1501 1306/1503 1005/1144 1003/1142 
f 1307/1504 1308/1505 1074/1222 1073/1221 
f 1296/1493 1307/1504 1073/1221 1056/1204 
f 1307/1504 1296/1493 828/933 833/940 
f 1308/1505 1307/1504 833/940 832/939 
f 1309/1506 1298/1495 1053/1201 1072/1220 
f 1310/1507 1309/1506 1072/1220 1071/1219 
f 1309/1506 1310/1507 1009/1148 1008/1147 
f 1298/1495 1309/1506 1008/1147 997/1136 
f 1311/1508 1301/1498 1063/1211 1077/1225 
f 1280/1477 1311/1508 1077/1225 1035/1183 
f 1311/1508 1280/1477 836/945 843/955 
f 1301/1498 1311/1508 843/955 842/954 
f 1312/1509 1284/1481 1029/1177 1076/1224 
f 1303/1500 1312/1509 1076/1224 1062/1210 
f 1312/1509 1303/1500 1001/1140 1011/1150 
f 1284/1481 1312/1509 1011/1150 983/1122 
f 1313/1510 1314/1511 1211/1390 1210/1389 
f 1283/1480 1313/1510 1210/1389 1032/1180 
f 1313/1510 1283/1480 981/1120 1201/1380 
f 1314/1511 1313/1510 1201/1380 1205/1384 
f 1315/1512 1281/1478 1033/1181 1209/1388 
f 1316/1513 1315/1512 1209/1388 1208/1387 
f 1315/1512 1316/1513 1198/1376 1197/1375 
f 1281/1478 1315/1512 1197/1375 839/948 
f 1317/1514 1310/1507 1071/1219 1224/1418 
f 1314/1515 1317/1514 1224/1418 1211/1417 
f 1317/1514 1314/1515 1205/1409 1220/1408 
f 1310/1507 1317/1514 1220/1408 1009/1148 
f 1318/1516 1316/1517 1208/1416 1223/1414 
f 1308/1505 1318/1516 1223/1414 1074/1222 
f 1318/1516 1308/1505 832/939 1218/1405 
f 1316/1517 1318/1516 1218/1405 1198/1406 
f 1319/1518 1320/1519 652/751 651/750 
f 1321/1520 1319/1518 651/750 658/757 
f 1319/1518 1321/1520 1322/1521 1323/1522 
f 1320/1519 1319/1518 1323/1522 1324/1523 
f 1325/1524 1326/1525 661/760 660/759 
f 1320/1519 1325/1524 660/759 652/751 
f 1325/1524 1320/1519 1324/1523 1327/1526 
f 1326/1525 1325/1524 1327/1526 1328/1527 
f 1329/1528 1330/1529 667/766 666/765 
f 1326/1525 1329/1528 666/765 661/760 
f 1329/1528 1326/1525 1328/1527 1331/1530 
f 1330/1529 1329/1528 1331/1530 1171/1531 
f 1332/1532 1333/1533 1334/1534 1335/1535 
f 1336/1536 1332/1532 1335/1535 1337/1537 
f 1332/1532 1336/1536 1338/1538 1339/1539 
f 1333/1533 1332/1532 1339/1539 1340/1540 
f 1341/1541 1342/1542 1340/1540 1339/1539 
f 1343/1543 1341/1541 1339/1539 1338/1538 
f 1341/1541 1343/1543 1344/1544 1345/1545 
f 1342/1542 1341/1541 1345/1545 1346/1546 
f 1347/1547 1348/1548 1346/1546 1345/1545 
f 1349/1549 1347/1547 1345/1545 1344/1544 
f 1347/1547 1349/1549 1350/1550 1351/1551 
f 1348/1548 1347/1547 1351/1551 1352/1552 
f 1353/1553 1354/1554 1352/1552 1351/1551 
f 1355/1555 1353/1553 1351/1551 1350/1550 
f 1353/1553 1355/1555 1356/1556 1357/1557 
f 1354/1554 1353/1553 1357/1557 1358/1558 
f 1359/1559 1360/1560 1361/1561 1362/1562 
f 1363/1563 1359/1559 1362/1562 1364/1564 
f 1359/1559 1363/1563 1365/1565 1366/1566 
f 1360/1560 1359/1559 1366/1566 1367/1567 
f 1368/1568 1369/1569 1367/1567 1366/1566 
f 1370/1570 1368/1568 1366/1566 1365/1565 
f 1368/1568 1370/1570 1371/1571 1372/1572 
f 1369/1569 1368/1568 1372/1572 1373/1573 
f 1374/1574 1375/1575 1373/1573 1372/1572 
f 1376/1576 1374/1574 1372/1572 1371/1571 
f 1374/1574 1376/1576 1337/1537 1335/1535 
f 1375/1575 1374/1574 1335/1535 1334/1534 
f 1377/1577 1378/1578 1379/1579 1380/1580 
f 1381/1581 1377/1577 1380/1580 1382/1582 
f 1377/1577 1381/1581 1383/1583 1384/1584 
f 1385/1585 1377/1577 1384/1584 1386/1586 
f 1377/1577 1385/1585 1387/1587 1388/1588 
f 1378/1578 1377/1577 1388/1588 1389/1589 
f 1390/1590 1391/1591 1392/1592 1393/1593 
f 1394/1594 1390/1590 1393/1593 1395/1595 
f 1390/1590 1394/1594 1396/1596 1397/1597 
f 1391/1591 1390/1590 1397/1597 1398/1598 
f 1399/1599 1400/1600 1401/1601 1402/1602 
f 1391/1591 1399/1599 1402/1602 1392/1592 
f 1399/1599 1391/1591 1398/1598 1403/1603 
f 1400/1600 1399/1599 1403/1603 1404/1604 
f 1405/1605 1406/1606 1407/1607 1408/1608 
f 1400/1600 1405/1605 1408/1608 1401/1601 
f 1405/1605 1400/1600 1404/1604 1409/1609 
f 1406/1606 1405/1605 1409/1609 1410/1610 
f 1411/1611 1412/1612 1413/1613 1414/1614 
f 1406/1606 1411/1611 1414/1614 1407/1607 
f 1411/1611 1406/1606 1410/1610 1415/1615 
f 1412/1612 1411/1611 1415/1615 1416/1616 
f 1417/1617 1418/1618 1419/1619 1420/1620 
f 1421/1621 1417/1617 1420/1620 1422/1622 
f 1417/1617 1421/1621 1423/1623 1424/1624 
f 1418/1618 1417/1617 1424/1624 1425/1625 
f 1426/1626 1427/1627 1428/1628 1429/1629 
f 1418/1618 1426/1626 1429/1629 1419/1619 
f 1426/1626 1418/1618 1425/1625 1430/1630 
f 1427/1627 1426/1626 1430/1630 1431/1631 
f 1432/1632 1433/1633 1434/1634 1435/1635 
f 1427/1627 1432/1632 1435/1635 1428/1628 
f 1432/1632 1427/1627 1431/1631 1436/1636 
f 1433/1633 1432/1632 1436/1636 1437/1637 
f 1438/1638 1394/1594 1395/1595 1439/1639 
f 1433/1633 1438/1638 1439/1639 1434/1634 
f 1438/1638 1433/1633 1437/1637 1440/1640 
f 1394/1594 1438/1638 1440/1640 1396/1596 
f 1441/1641 1442/1642 1398/1598 1397/1597 
f 1443/1643 1441/1641 1397/1597 1396/1596 
f 1441/1641 1443/1643 1444/1644 1445/1645 
f 1442/1642 1441/1641 1445/1645 1379/1579 
f 1446/1646 1447/1647 1404/1604 1403/1603 
f 1442/1642 1446/1646 1403/1603 1398/1598 
f 1446/1646 1442/1642 1379/1579 1378/1578 
f 1447/1647 1446/1646 1378/1578 1389/1589 
f 1448/1648 1449/1649 1410/1610 1409/1609 
f 1447/1647 1448/1648 1409/1609 1404/1604 
f 1448/1648 1447/1647 1389/1589 1388/1588 
f 1449/1649 1448/1648 1388/1588 1387/1587 
f 1450/1650 1451/1651 1416/1616 1415/1615 
f 1449/1649 1450/1650 1415/1615 1410/1610 
f 1450/1650 1449/1649 1387/1587 1452/1652 
f 1451/1651 1450/1650 1452/1652 1453/1653 
f 1454/1654 1455/1655 1425/1625 1424/1624 
f 1456/1656 1454/1654 1424/1624 1423/1623 
f 1454/1654 1456/1656 1457/1657 1458/1658 
f 1455/1655 1454/1654 1458/1658 1459/1659 
f 1460/1660 1461/1661 1431/1631 1430/1630 
f 1455/1655 1460/1660 1430/1630 1425/1625 
f 1460/1660 1455/1655 1459/1659 1462/1662 
f 1461/1661 1460/1660 1462/1662 1463/1663 
f 1464/1664 1465/1665 1437/1637 1436/1636 
f 1461/1661 1464/1664 1436/1636 1431/1631 
f 1464/1664 1461/1661 1463/1663 1466/1666 
f 1465/1665 1464/1664 1466/1666 1467/1667 
f 1468/1668 1443/1643 1396/1596 1440/1640 
f 1465/1665 1468/1668 1440/1640 1437/1637 
f 1468/1668 1465/1665 1467/1667 1469/1669 
f 1443/1643 1468/1668 1469/1669 1444/1644 
f 1470/1670 1469/1669 1467/1667 1471/1671 
f 1380/1580 1470/1670 1471/1671 1382/1582 
f 1470/1670 1380/1580 1379/1579 1445/1645 
f 1469/1669 1470/1670 1445/1645 1444/1644 
f 1472/1672 1452/1652 1387/1587 1385/1585 
f 1473/1673 1472/1672 1385/1585 1386/1586 
f 1472/1672 1473/1673 1474/1674 1475/1675 
f 1452/1652 1472/1672 1475/1675 1453/1653 
f 1476/1676 1477/1677 1382/1582 1471/1671 
f 1466/1666 1476/1676 1471/1671 1467/1667 
f 1476/1676 1466/1666 1463/1663 1462/1662 
f 1477/1677 1476/1676 1462/1662 1459/1659 
f 1478/1678 1479/1679 1480/1680 1481/1681 
f 1482/1682 1478/1678 1481/1681 1483/1683 
f 1478/1678 1482/1682 1395/1684 1393/1685 
f 1479/1679 1478/1678 1393/1685 1392/1686 
f 1484/1687 1485/1688 1486/1689 1487/1690 
f 1479/1679 1484/1687 1487/1690 1480/1680 
f 1484/1687 1479/1679 1392/1686 1402/1691 
f 1485/1688 1484/1687 1402/1691 1401/1692 
f 1488/1693 1489/1694 1490/1695 1491/1696 
f 1485/1688 1488/1693 1491/1696 1486/1689 
f 1488/1693 1485/1688 1401/1692 1408/1697 
f 1489/1694 1488/1693 1408/1697 1407/1698 
f 1492/1699 1493/1700 1494/1701 1495/1702 
f 1489/1694 1492/1699 1495/1702 1490/1695 
f 1492/1699 1489/1694 1407/1698 1414/1703 
f 1493/1700 1492/1699 1414/1703 1413/1704 
f 1496/1705 1497/1706 1498/1707 1499/1708 
f 1500/1709 1496/1705 1499/1708 1501/1710 
f 1496/1705 1500/1709 1422/1711 1420/1712 
f 1497/1706 1496/1705 1420/1712 1419/1713 
f 1502/1714 1503/1715 1504/1716 1505/1717 
f 1497/1706 1502/1714 1505/1717 1498/1707 
f 1502/1714 1497/1706 1419/1713 1429/1718 
f 1503/1715 1502/1714 1429/1718 1428/1719 
f 1506/1720 1507/1721 1508/1722 1509/1723 
f 1503/1715 1506/1720 1509/1723 1504/1716 
f 1506/1720 1503/1715 1428/1719 1435/1724 
f 1507/1721 1506/1720 1435/1724 1434/1725 
f 1510/1726 1482/1682 1483/1683 1511/1727 
f 1507/1721 1510/1726 1511/1727 1508/1722 
f 1510/1726 1507/1721 1434/1725 1439/1728 
f 1482/1682 1510/1726 1439/1728 1395/1684 
f 1512/1729 1513/1730 1514/1731 1515/1732 
f 1516/1733 1512/1729 1515/1732 1517/1734 
f 1512/1729 1516/1733 1518/1735 1519/1736 
f 1513/1730 1512/1729 1519/1736 1520/1737 
f 1521/1738 1333/1533 1340/1540 1522/1739 
f 1523/1740 1521/1741 1522/1742 1524/1743 
f 1521/1741 1523/1740 1525/1744 1526/1745 
f 1333/1533 1521/1738 1526/1746 1334/1534 
f 1527/1747 1342/1542 1346/1546 1528/1748 
f 1529/1749 1527/1750 1528/1751 1530/1752 
f 1527/1750 1529/1749 1524/1743 1522/1742 
f 1342/1542 1527/1747 1522/1739 1340/1540 
f 1531/1753 1348/1548 1352/1552 1532/1754 
f 1533/1755 1531/1756 1532/1757 1534/1758 
f 1531/1756 1533/1755 1530/1752 1528/1751 
f 1348/1548 1531/1753 1528/1748 1346/1546 
f 1535/1759 1354/1554 1358/1558 1536/1760 
f 1537/1761 1535/1762 1536/1763 1538/1764 
f 1535/1762 1537/1761 1534/1758 1532/1757 
f 1354/1554 1535/1759 1532/1754 1352/1552 
f 1539/1765 1540/1766 1541/1767 1542/1768 
f 1543/1769 1539/1770 1542/1771 1544/1772 
f 1539/1770 1543/1769 1538/1764 1536/1763 
f 1540/1766 1539/1765 1536/1760 1358/1558 
f 1545/1773 1360/1560 1367/1567 1546/1774 
f 1547/1775 1545/1776 1546/1777 1548/1778 
f 1545/1776 1547/1775 1549/1779 1550/1780 
f 1360/1560 1545/1773 1550/1781 1361/1561 
f 1551/1782 1369/1569 1373/1573 1552/1783 
f 1553/1784 1551/1785 1552/1786 1554/1787 
f 1551/1785 1553/1784 1548/1778 1546/1777 
f 1369/1569 1551/1782 1546/1774 1367/1567 
f 1555/1788 1375/1575 1334/1534 1526/1746 
f 1556/1789 1555/1790 1526/1745 1525/1744 
f 1555/1790 1556/1789 1554/1787 1552/1786 
f 1375/1575 1555/1788 1552/1783 1373/1573 
f 1557/1791 1558/1792 1559/1793 1560/1794 
f 1561/1795 1557/1796 1560/1797 1562/1798 
f 1557/1796 1561/1795 1544/1772 1542/1771 
f 1558/1792 1557/1791 1542/1799 1541/1800 
f 1563/1801 1564/1802 1361/1561 1550/1781 
f 1565/1803 1563/1804 1550/1780 1549/1779 
f 1563/1804 1565/1803 1562/1798 1560/1797 
f 1564/1802 1563/1801 1560/1794 1559/1793 
f 1566/1805 1567/1806 237/276 236/275 
f 1568/1807 1566/1805 236/275 243/282 
f 1566/1805 1568/1807 1569/1808 1570/1809 
f 1567/1806 1566/1805 1570/1809 1571/1810 
f 1572/1811 1573/1812 1574/1813 1575/1814 
f 1576/1815 1572/1811 1575/1814 1577/1816 
f 1572/1811 1576/1815 1578/1817 1579/1818 
f 1573/1812 1572/1811 1579/1818 1580/1819 
f 1581/1820 1582/1821 1583/1822 1584/1823 
f 1585/1824 1581/1820 1584/1823 1586/1825 
f 1581/1820 1585/1824 1587/1826 1588/1827 
f 1582/1821 1581/1820 1588/1827 1589/1828 
f 1590/1829 1584/1823 1583/1822 1591/1830 
f 1592/1831 1590/1829 1591/1830 1593/1832 
f 1590/1829 1592/1831 1594/1833 1595/1834 
f 1584/1823 1590/1829 1595/1834 1586/1825 
f 1596/1835 1597/1836 1598/1837 1599/1838 
f 1600/1839 1596/1835 1599/1838 1601/1840 
f 1596/1835 1600/1839 1602/1841 1603/1842 
f 1597/1836 1596/1835 1603/1842 1604/1843 
f 1605/1844 1606/1845 1607/1846 1608/1847 
f 1597/1836 1605/1844 1608/1847 1598/1837 
f 1605/1844 1597/1836 1604/1843 1609/1848 
f 1606/1845 1605/1844 1609/1848 1610/1849 
f 1611/1850 1612/1851 1613/1852 1614/1853 
f 1606/1845 1611/1850 1614/1853 1607/1846 
f 1611/1850 1606/1845 1610/1849 1615/1854 
f 1612/1851 1611/1850 1615/1854 1616/1855 
f 1617/1856 1618/1857 1619/1858 1620/1859 
f 1621/1860 1617/1856 1620/1859 1622/1861 
f 1617/1856 1621/1860 1623/1862 1624/1863 
f 1618/1857 1617/1856 1624/1863 1625/1864 
f 1626/1865 1600/1839 1601/1840 1627/1866 
f 1618/1857 1626/1865 1627/1866 1619/1858 
f 1626/1865 1618/1857 1625/1864 1628/1867 
f 1600/1839 1626/1865 1628/1867 1602/1841 
f 1629/1868 1630/1869 1520/1737 1631/1870 
f 1612/1851 1629/1868 1631/1870 1613/1852 
f 1629/1868 1612/1851 1616/1855 1632/1871 
f 1630/1869 1629/1868 1632/1871 1633/1872 
f 1634/1873 1621/1860 1622/1861 1635/1874 
f 1595/1834 1634/1873 1635/1874 1586/1825 
f 1634/1873 1595/1834 1594/1833 1636/1875 
f 1621/1860 1634/1873 1636/1875 1623/1862 
f 1637/1876 1638/1877 1594/1833 1592/1831 
f 1639/1878 1637/1876 1592/1831 1593/1832 
f 1637/1876 1639/1878 1640/1879 1641/1880 
f 1638/1877 1637/1876 1641/1880 1642/1881 
f 1643/1882 1644/1883 1604/1843 1603/1842 
f 1645/1884 1643/1882 1603/1842 1602/1841 
f 1643/1882 1645/1884 1646/1885 1647/1886 
f 1644/1883 1643/1882 1647/1886 1648/1887 
f 1649/1888 1650/1889 1610/1849 1609/1848 
f 1644/1883 1649/1888 1609/1848 1604/1843 
f 1649/1888 1644/1883 1648/1887 1651/1890 
f 1650/1889 1649/1888 1651/1890 1652/1891 
f 1653/1892 1654/1893 1616/1855 1615/1854 
f 1650/1889 1653/1892 1615/1854 1610/1849 
f 1653/1892 1650/1889 1652/1891 1655/1894 
f 1654/1893 1653/1892 1655/1894 1656/1895 
f 1657/1896 1658/1897 1625/1864 1624/1863 
f 1659/1898 1657/1896 1624/1863 1623/1862 
f 1657/1896 1659/1898 1660/1899 1661/1900 
f 1658/1897 1657/1896 1661/1900 1662/1901 
f 1663/1902 1645/1884 1602/1841 1628/1867 
f 1658/1897 1663/1902 1628/1867 1625/1864 
f 1663/1902 1658/1897 1662/1901 1664/1903 
f 1645/1884 1663/1902 1664/1903 1646/1885 
f 1665/1904 1666/1905 1633/1872 1632/1871 
f 1654/1893 1665/1904 1632/1871 1616/1855 
f 1665/1904 1654/1893 1656/1895 1667/1906 
f 1666/1905 1665/1904 1667/1906 1668/1907 
f 1669/1908 1659/1898 1623/1862 1636/1875 
f 1638/1877 1669/1908 1636/1875 1594/1833 
f 1669/1908 1638/1877 1642/1881 1670/1909 
f 1659/1898 1669/1908 1670/1909 1660/1899 
f 1671/1910 1672/1911 1583/1912 1582/1913 
f 1673/1914 1671/1910 1582/1913 1589/1915 
f 1671/1910 1673/1914 1674/1916 1675/1917 
f 1672/1911 1671/1910 1675/1917 1676/1918 
f 1677/1919 1678/1920 1541/1921 1679/1922 
f 1680/1923 1677/1919 1679/1922 1681/1924 
f 1677/1919 1680/1923 1682/1925 1683/1926 
f 1678/1920 1677/1919 1683/1926 1577/1927 
f 1684/1928 1685/1929 1559/1930 1558/1931 
f 1678/1932 1684/1928 1558/1931 1541/1933 
f 1684/1928 1678/1932 1577/1816 1575/1814 
f 1685/1929 1684/1928 1575/1814 1574/1813 
f 1686/1934 1687/1935 1688/1936 1689/1937 
f 1690/1938 1686/1934 1689/1937 1691/1939 
f 1686/1934 1690/1938 1692/1940 1693/1941 
f 1687/1935 1686/1934 1693/1941 1694/1942 
f 1695/1943 1696/1944 1697/1945 1698/1946 
f 1699/1947 1695/1943 1698/1946 1700/1948 
f 1695/1943 1699/1947 1701/1949 1702/1950 
f 1696/1944 1695/1943 1702/1950 1703/1951 
f 1704/1952 1705/1953 1706/1954 1707/1955 
f 1696/1944 1704/1952 1707/1955 1697/1945 
f 1704/1952 1696/1944 1703/1951 1708/1956 
f 1705/1953 1704/1952 1708/1956 1709/1957 
f 1710/1958 1711/1959 1712/1960 1713/1961 
f 1705/1953 1710/1958 1713/1961 1706/1954 
f 1710/1958 1705/1953 1709/1957 1714/1962 
f 1711/1959 1710/1958 1714/1962 1715/1963 
f 1716/1964 1717/1965 1718/1966 1719/1967 
f 1720/1968 1716/1964 1719/1967 1721/1969 
f 1716/1964 1720/1968 1722/1970 1723/1971 
f 1717/1965 1716/1964 1723/1971 1724/1972 
f 1725/1973 1699/1947 1700/1948 1726/1974 
f 1717/1965 1725/1973 1726/1974 1718/1966 
f 1725/1973 1717/1965 1724/1972 1727/1975 
f 1699/1947 1725/1973 1727/1975 1701/1949 
f 1728/1976 1729/1977 1730/1978 1731/1979 
f 1711/1959 1728/1976 1731/1979 1712/1960 
f 1728/1976 1711/1959 1715/1963 1732/1980 
f 1729/1977 1728/1976 1732/1980 1733/1981 
f 1734/1982 1720/1968 1721/1969 1735/1983 
f 1687/1935 1734/1982 1735/1983 1688/1936 
f 1734/1982 1687/1935 1694/1942 1736/1984 
f 1720/1968 1734/1982 1736/1984 1722/1970 
f 1737/1985 1672/1986 1676/1987 1738/1988 
f 1739/1989 1737/1985 1738/1988 1740/1990 
f 1737/1985 1739/1989 1514/1991 1741/1992 
f 1672/1986 1737/1985 1741/1992 1583/1993 
f 1742/1994 1743/1995 1744/1996 1745/1997 
f 1746/1998 1742/1994 1745/1997 1747/1999 
f 1742/1994 1746/1998 1601/1840 1599/1838 
f 1743/1995 1742/1994 1599/1838 1598/1837 
f 1748/2000 1749/2001 1750/2002 1751/2003 
f 1743/1995 1748/2000 1751/2003 1744/1996 
f 1748/2000 1743/1995 1598/1837 1608/1847 
f 1749/2001 1748/2000 1608/1847 1607/1846 
f 1752/2004 1753/2005 1754/2006 1755/2007 
f 1749/2001 1752/2004 1755/2007 1750/2002 
f 1752/2004 1749/2001 1607/1846 1614/1853 
f 1753/2005 1752/2004 1614/1853 1613/1852 
f 1756/2008 1519/1736 1518/1735 1757/2009 
f 1753/2005 1756/2008 1757/2009 1754/2006 
f 1756/2008 1753/2005 1613/1852 1631/1870 
f 1519/1736 1756/2008 1631/1870 1520/1737 
f 1758/2010 1759/2011 1760/2012 1761/2013 
f 1585/1824 1758/2010 1761/2013 1587/1826 
f 1758/2010 1585/1824 1586/1825 1635/1874 
f 1759/2011 1758/2010 1635/1874 1622/1861 
f 1762/2014 1763/2015 1764/2016 1765/2017 
f 1759/2011 1762/2014 1765/2017 1760/2012 
f 1762/2014 1759/2011 1622/1861 1620/1859 
f 1763/2015 1762/2014 1620/1859 1619/1858 
f 1766/2018 1746/1998 1747/1999 1767/2019 
f 1763/2015 1766/2018 1767/2019 1764/2016 
f 1766/2018 1763/2015 1619/1858 1627/1866 
f 1746/1998 1766/2018 1627/1866 1601/1840 
f 1768/2020 1769/2021 1518/1735 1516/1733 
f 1770/2022 1768/2020 1516/1733 1517/1734 
f 1768/2020 1770/2022 1681/2023 1771/2024 
f 1769/2021 1768/2020 1771/2024 1356/1556 
f 1772/2025 1773/2026 1774/2027 1775/2028 
f 1776/2029 1772/2025 1775/2028 1777/2030 
f 1772/2025 1776/2029 1778/2031 1779/2032 
f 1773/2026 1772/2025 1779/2032 1682/1925 
f 1780/2033 1781/2034 1589/1828 1588/1827 
f 1782/2035 1780/2033 1588/1827 1587/1826 
f 1780/2033 1782/2035 1364/1564 1783/2036 
f 1781/2034 1780/2033 1783/2036 1784/2037 
f 1785/2038 1786/2039 1674/1916 1673/1914 
f 1781/2040 1785/2038 1673/1914 1589/1915 
f 1785/2038 1781/2040 1784/2041 1787/2042 
f 1786/2039 1785/2038 1787/2042 1788/2043 
f 1789/2044 1790/2045 1774/2027 1791/2046 
f 1515/2047 1789/2044 1791/2046 1517/2048 
f 1789/2044 1515/2047 1514/2049 1739/2050 
f 1790/2045 1789/2044 1739/2050 1740/2051 
f 1792/2052 1793/2053 1338/1538 1336/1536 
f 1794/2054 1792/2052 1336/1536 1337/1537 
f 1792/2052 1794/2054 1747/1999 1745/1997 
f 1793/2053 1792/2052 1745/1997 1744/1996 
f 1795/2055 1796/2056 1344/1544 1343/1543 
f 1793/2053 1795/2055 1343/1543 1338/1538 
f 1795/2055 1793/2053 1744/1996 1751/2003 
f 1796/2056 1795/2055 1751/2003 1750/2002 
f 1797/2057 1798/2058 1350/1550 1349/1549 
f 1796/2056 1797/2057 1349/1549 1344/1544 
f 1797/2057 1796/2056 1750/2002 1755/2007 
f 1798/2058 1797/2057 1755/2007 1754/2006 
f 1799/2059 1769/2021 1356/1556 1355/1555 
f 1798/2058 1799/2059 1355/1555 1350/1550 
f 1799/2059 1798/2058 1754/2006 1757/2009 
f 1769/2021 1799/2059 1757/2009 1518/1735 
f 1800/2060 1801/2061 1365/1565 1363/1563 
f 1782/2035 1800/2060 1363/1563 1364/1564 
f 1800/2060 1782/2035 1587/1826 1761/2013 
f 1801/2061 1800/2060 1761/2013 1760/2012 
f 1802/2062 1803/2063 1371/1571 1370/1570 
f 1801/2061 1802/2062 1370/1570 1365/1565 
f 1802/2062 1801/2061 1760/2012 1765/2017 
f 1803/2063 1802/2062 1765/2017 1764/2016 
f 1804/2064 1794/2054 1337/1537 1376/1576 
f 1803/2063 1804/2064 1376/1576 1371/1571 
f 1804/2064 1803/2063 1764/2016 1767/2019 
f 1794/2054 1804/2064 1767/2019 1747/1999 
f 1805/2065 1773/2026 1682/1925 1680/1923 
f 1770/2066 1805/2065 1680/1923 1681/1924 
f 1805/2065 1770/2066 1517/2048 1791/2046 
f 1773/2026 1805/2065 1791/2046 1774/2027 
f 1806/2067 1357/1557 1356/1556 1771/2024 
f 1679/2068 1806/2067 1771/2024 1681/2023 
f 1806/2067 1679/2068 1541/1767 1540/1766 
f 1357/1557 1806/2067 1540/1766 1358/1558 
f 1807/2069 1683/1926 1682/1925 1779/2032 
f 1808/2070 1807/2069 1779/2032 1778/2031 
f 1807/2069 1808/2070 1578/2071 1576/2072 
f 1683/1926 1807/2069 1576/2072 1577/1927 
f 1809/2073 1810/2074 1784/2037 1783/2036 
f 1362/1562 1809/2073 1783/2036 1364/1564 
f 1809/2073 1362/1562 1361/1561 1564/1802 
f 1810/2074 1809/2073 1564/1802 1559/1793 
f 1811/2075 1812/2076 1788/2043 1787/2042 
f 1810/2077 1811/2075 1787/2042 1784/2041 
f 1811/2075 1810/2077 1559/2078 1685/2079 
f 1812/2076 1811/2075 1685/2079 1574/2080 
f 1813/2081 1814/2082 1815/2083 1816/2084 
f 1775/2028 1813/2081 1816/2084 1777/2030 
f 1813/2081 1775/2028 1774/2027 1790/2045 
f 1814/2082 1813/2081 1790/2045 1740/2051 
f 1817/2085 1818/2086 1819/2087 1820/2088 
f 1821/2089 1817/2085 1820/2088 1822/2090 
f 1817/2085 1821/2089 1676/1918 1675/1917 
f 1818/2086 1817/2085 1675/1917 1674/1916 
f 1823/2091 1821/2092 1822/2093 1824/2094 
f 1814/2095 1823/2091 1824/2094 1815/2096 
f 1823/2091 1814/2095 1740/1990 1738/1988 
f 1821/2092 1823/2091 1738/1988 1676/1987 
f 1825/2097 1826/2098 1580/1819 1579/1818 
f 1827/2099 1825/2097 1579/1818 1578/1817 
f 1825/2097 1827/2099 1828/2100 1829/2101 
f 1826/2098 1825/2097 1829/2101 1830/2102 
f 1831/2103 1832/2104 1778/2031 1776/2029 
f 1833/2105 1831/2103 1776/2029 1777/2030 
f 1831/2103 1833/2105 1569/1808 1834/2106 
f 1832/2104 1831/2103 1834/2106 1835/2107 
f 1836/2108 1837/2109 1838/2110 1839/2111 
f 1818/2086 1836/2108 1839/2111 1819/2087 
f 1836/2108 1818/2086 1674/1916 1786/2039 
f 1837/2109 1836/2108 1786/2039 1788/2043 
f 1840/2112 1827/2113 1578/2071 1808/2070 
f 1832/2104 1840/2112 1808/2070 1778/2031 
f 1840/2112 1832/2104 1835/2107 1841/2114 
f 1827/2113 1840/2112 1841/2114 1828/2115 
f 1842/2116 1573/2117 1580/2118 1843/2119 
f 1837/2109 1842/2116 1843/2119 1838/2110 
f 1842/2116 1837/2109 1788/2043 1812/2076 
f 1573/2117 1842/2116 1812/2076 1574/2080 
f 1844/2120 1845/2121 1423/1623 1421/1621 
f 1846/2122 1844/2120 1421/1621 1422/1622 
f 1844/2120 1846/2122 1847/2123 1848/2124 
f 1845/2121 1844/2120 1848/2124 1849/2125 
f 1850/2126 1851/2127 1457/1657 1456/1656 
f 1845/2121 1850/2126 1456/1656 1423/1623 
f 1850/2126 1845/2121 1849/2125 1852/2128 
f 1851/2127 1850/2126 1852/2128 1474/2129 
f 1853/2130 1458/1658 1457/1657 1854/2131 
f 1381/1581 1853/2130 1854/2131 1383/1583 
f 1853/2130 1381/1581 1382/1582 1477/1677 
f 1458/1658 1853/2130 1477/1677 1459/1659 
f 1855/2132 1846/2133 1422/1711 1500/1709 
f 1856/2134 1855/2132 1500/1709 1501/1710 
f 1855/2132 1856/2134 1857/2135 1858/2136 
f 1846/2133 1855/2132 1858/2136 1847/2137 
f 1859/2138 1860/2139 1640/1879 1639/1878 
f 1861/2140 1859/2138 1639/1878 1593/1832 
f 1859/2138 1861/2140 1862/2141 1863/2142 
f 1860/2139 1859/2138 1863/2142 1864/2143 
f 1865/2144 1866/2145 1867/2146 1868/2147 
f 1690/1938 1865/2144 1868/2147 1692/1940 
f 1865/2144 1690/1938 1691/1939 1869/2148 
f 1866/2145 1865/2144 1869/2148 1870/2149 
f 1871/2150 1851/2127 1474/2129 1473/2151 
f 1384/1584 1871/2150 1473/2151 1386/1586 
f 1871/2150 1384/1584 1383/1583 1854/2131 
f 1851/2127 1871/2150 1854/2131 1457/1657 
f 1872/2152 1873/2153 1849/2154 1848/2155 
f 1874/2156 1872/2152 1848/2155 1847/2157 
f 1872/2152 1874/2156 1413/1613 1412/1612 
f 1873/2153 1872/2152 1412/1612 1416/1616 
f 1875/2158 1475/1675 1474/1674 1852/2159 
f 1873/2153 1875/2158 1852/2159 1849/2154 
f 1875/2158 1873/2153 1416/1616 1451/1651 
f 1475/1675 1875/2158 1451/1651 1453/1653 
f 1876/2160 1874/2161 1847/2162 1858/2163 
f 1877/2164 1876/2160 1858/2163 1857/2165 
f 1876/2160 1877/2164 1494/1701 1493/1700 
f 1874/2161 1876/2160 1493/1700 1413/1704 
f 1878/2166 1879/2167 1864/2168 1863/2169 
f 1880/2170 1878/2166 1863/2169 1862/2171 
f 1878/2166 1880/2170 1633/1872 1666/1905 
f 1879/2167 1878/2166 1666/1905 1668/1907 
f 1881/2172 1729/1977 1733/1981 1882/2173 
f 1866/2174 1881/2172 1882/2173 1867/2175 
f 1881/2172 1866/2174 1870/2176 1883/2177 
f 1729/1977 1881/2172 1883/2177 1730/1978 
f 1884/2178 1880/2170 1862/2171 1885/2179 
f 1513/1730 1884/2178 1885/2179 1514/1731 
f 1884/2178 1513/1730 1520/1737 1630/1869 
f 1880/2170 1884/2178 1630/1869 1633/1872 
f 1886/2180 1861/2140 1593/1832 1591/1830 
f 1741/2181 1886/2180 1591/1830 1583/1822 
f 1886/2180 1741/2181 1514/2182 1885/2183 
f 1861/2140 1886/2180 1885/2183 1862/2141 
f 1887/2184 1523/1740 1524/1743 1888/2185 
f 1889/2186 1887/2184 1888/2185 1890/2187 
f 1887/2184 1889/2186 1891/2188 1892/2189 
f 1523/1740 1887/2184 1892/2189 1525/1744 
f 1893/2190 1533/1755 1534/1758 1894/2191 
f 1895/2192 1893/2190 1894/2191 1896/2193 
f 1893/2190 1895/2192 1897/2194 1898/2195 
f 1533/1755 1893/2190 1898/2195 1530/1752 
f 1899/2196 1537/1761 1538/1764 1900/2197 
f 1901/2198 1899/2196 1900/2197 1902/2199 
f 1899/2196 1901/2198 1896/2193 1894/2191 
f 1537/1761 1899/2196 1894/2191 1534/1758 
f 1903/2200 1543/1769 1544/1772 1904/2201 
f 1905/2202 1903/2200 1904/2201 1906/2203 
f 1903/2200 1905/2202 1902/2199 1900/2197 
f 1543/1769 1903/2200 1900/2197 1538/1764 
f 1907/2204 1547/1775 1548/1778 1908/2205 
f 1909/2206 1907/2204 1908/2205 1910/2207 
f 1907/2204 1909/2206 1911/2208 1912/2209 
f 1547/1775 1907/2204 1912/2209 1549/1779 
f 1913/2210 1553/1784 1554/1787 1914/2211 
f 1915/2212 1913/2210 1914/2211 1916/2213 
f 1913/2210 1915/2212 1910/2207 1908/2205 
f 1553/1784 1913/2210 1908/2205 1548/1778 
f 1917/2214 1556/1789 1525/1744 1892/2189 
f 1918/2215 1917/2214 1892/2189 1891/2188 
f 1917/2214 1918/2215 1916/2213 1914/2211 
f 1556/1789 1917/2214 1914/2211 1554/1787 
f 1919/2216 1565/1803 1549/1779 1912/2209 
f 1920/2217 1919/2216 1912/2209 1911/2208 
f 1919/2216 1920/2217 1921/2218 1922/2219 
f 1565/1803 1919/2216 1922/2219 1562/1798 
f 1923/2220 1529/1749 1530/1752 1898/2195 
f 1924/2221 1923/2220 1898/2195 1897/2194 
f 1923/2220 1924/2221 1890/2187 1888/2185 
f 1529/1749 1923/2220 1888/2185 1524/1743 
f 1925/2222 1561/1795 1562/1798 1922/2219 
f 1926/2223 1925/2222 1922/2219 1921/2218 
f 1925/2222 1926/2223 1906/2203 1904/2201 
f 1561/1795 1925/2222 1904/2201 1544/1772 
f 1927/2224 1918/2215 1891/2188 1889/2186 
f 1924/2221 1927/2224 1889/2186 1890/2187 
f 1927/2224 1924/2221 1897/2194 1928/2225 
f 1918/2215 1927/2224 1928/2225 1916/2213 
f 1929/2226 1909/2206 1910/2207 1930/2227 
f 1931/2228 1929/2226 1930/2227 1932/2229 
f 1929/2226 1931/2228 1921/2218 1920/2217 
f 1909/2206 1929/2226 1920/2217 1911/2208 
f 1933/2230 1915/2212 1916/2213 1928/2225 
f 1895/2192 1933/2230 1928/2225 1897/2194 
f 1933/2230 1895/2192 1896/2193 1934/2231 
f 1930/2227 1933/2230 1934/2231 1932/2229 
f 1933/2230 1930/2227 1910/2207 1915/2212 
f 1935/2232 1901/2198 1902/2199 1936/2233 
f 1934/2231 1935/2232 1936/2233 1932/2229 
f 1935/2232 1934/2231 1896/2193 1901/2198 
f 1937/2234 1931/2228 1932/2229 1936/2233 
f 1905/2202 1937/2234 1936/2233 1902/2199 
f 1937/2234 1905/2202 1906/2203 1926/2223 
f 1931/2228 1937/2234 1926/2223 1921/2218 
f 1938/2235 1939/2236 1694/1942 1693/1941 
f 1940/2237 1938/2235 1693/1941 1692/1940 
f 1938/2235 1940/2237 1501/1710 1499/1708 
f 1939/2236 1938/2235 1499/1708 1498/1707 
f 1941/2238 1942/2239 1691/1939 1689/1937 
f 1943/2240 1941/2238 1689/1937 1688/1936 
f 1941/2238 1943/2240 1642/1881 1641/1880 
f 1942/2239 1941/2238 1641/1880 1640/1879 
f 1944/2241 1945/2242 1703/1951 1702/1950 
f 1946/2243 1944/2241 1702/1950 1701/1949 
f 1944/2241 1946/2243 1483/1683 1481/1681 
f 1945/2242 1944/2241 1481/1681 1480/1680 
f 1947/2244 1948/2245 1700/1948 1698/1946 
f 1949/2246 1947/2244 1698/1946 1697/1945 
f 1947/2244 1949/2246 1648/1887 1647/1886 
f 1948/2245 1947/2244 1647/1886 1646/1885 
f 1950/2247 1951/2248 1709/1957 1708/1956 
f 1945/2242 1950/2247 1708/1956 1703/1951 
f 1950/2247 1945/2242 1480/1680 1487/1690 
f 1951/2248 1950/2247 1487/1690 1486/1689 
f 1952/2249 1949/2246 1697/1945 1707/1955 
f 1953/2250 1952/2249 1707/1955 1706/1954 
f 1952/2249 1953/2250 1652/1891 1651/1890 
f 1949/2246 1952/2249 1651/1890 1648/1887 
f 1954/2251 1955/2252 1715/1963 1714/1962 
f 1951/2248 1954/2251 1714/1962 1709/1957 
f 1954/2251 1951/2248 1486/1689 1491/1696 
f 1955/2252 1954/2251 1491/1696 1490/1695 
f 1956/2253 1953/2250 1706/1954 1713/1961 
f 1957/2254 1956/2253 1713/1961 1712/1960 
f 1956/2253 1957/2254 1656/1895 1655/1894 
f 1953/2250 1956/2253 1655/1894 1652/1891 
f 1958/2255 1959/2256 1724/1972 1723/1971 
f 1960/2257 1958/2255 1723/1971 1722/1970 
f 1958/2255 1960/2257 1504/1716 1509/1723 
f 1959/2256 1958/2255 1509/1723 1508/1722 
f 1961/2258 1962/2259 1721/1969 1719/1967 
f 1963/2260 1961/2258 1719/1967 1718/1966 
f 1961/2258 1963/2260 1662/1901 1661/1900 
f 1962/2259 1961/2258 1661/1900 1660/1899 
f 1964/2261 1946/2243 1701/1949 1727/1975 
f 1959/2256 1964/2261 1727/1975 1724/1972 
f 1964/2261 1959/2256 1508/1722 1511/1727 
f 1946/2243 1964/2261 1511/1727 1483/1683 
f 1965/2262 1963/2260 1718/1966 1726/1974 
f 1948/2245 1965/2262 1726/1974 1700/1948 
f 1965/2262 1948/2245 1646/1885 1664/1903 
f 1963/2260 1965/2262 1664/1903 1662/1901 
f 1966/2263 1967/2264 1733/1981 1732/1980 
f 1955/2252 1966/2263 1732/1980 1715/1963 
f 1966/2263 1955/2252 1490/1695 1495/1702 
f 1967/2264 1966/2263 1495/1702 1494/1701 
f 1968/2265 1957/2254 1712/1960 1731/1979 
f 1969/2266 1968/2265 1731/1979 1730/1978 
f 1968/2265 1969/2266 1668/1907 1667/1906 
f 1957/2254 1968/2265 1667/1906 1656/1895 
f 1970/2267 1960/2257 1722/1970 1736/1984 
f 1939/2236 1970/2267 1736/1984 1694/1942 
f 1970/2267 1939/2236 1498/1707 1505/1717 
f 1960/2257 1970/2267 1505/1717 1504/1716 
f 1971/2268 1943/2240 1688/1936 1735/1983 
f 1962/2259 1971/2268 1735/1983 1721/1969 
f 1971/2268 1962/2259 1660/1899 1670/1909 
f 1943/2240 1971/2268 1670/1909 1642/1881 
f 1972/2269 1973/2270 1870/2149 1869/2148 
f 1942/2239 1972/2269 1869/2148 1691/1939 
f 1972/2269 1942/2239 1640/1879 1860/2139 
f 1973/2270 1972/2269 1860/2139 1864/2143 
f 1974/2271 1940/2237 1692/1940 1868/2147 
f 1975/2272 1974/2271 1868/2147 1867/2146 
f 1974/2271 1975/2272 1857/2135 1856/2134 
f 1940/2237 1974/2271 1856/2134 1501/1710 
f 1976/2273 1969/2266 1730/1978 1883/2177 
f 1973/2274 1976/2273 1883/2177 1870/2176 
f 1976/2273 1973/2274 1864/2168 1879/2167 
f 1969/2266 1976/2273 1879/2167 1668/1907 
f 1977/2275 1975/2276 1867/2175 1882/2173 
f 1967/2264 1977/2275 1882/2173 1733/1981 
f 1977/2275 1967/2264 1494/1701 1877/2164 
f 1975/2276 1977/2275 1877/2164 1857/2165 
f 1978/2277 1979/2278 1980/2279 1981/2280 
f 1982/2281 1978/2277 1981/2280 1983/2282 
f 1978/2277 1982/2281 1984/2283 1985/2284 
f 1979/2278 1978/2277 1985/2284 1986/2285 
f 1987/2286 1988/2287 1989/2288 1990/2289 
f 1979/2278 1987/2286 1990/2289 1980/2279 
f 1987/2286 1979/2278 1986/2285 1991/2290 
f 1988/2287 1987/2286 1991/2290 1992/2291 
f 1993/2292 1994/2293 1995/2294 1996/2295 
f 1988/2287 1993/2292 1996/2295 1989/2288 
f 1993/2292 1988/2287 1992/2291 1997/2296 
f 1994/2293 1993/2292 1997/2296 1830/2297 
f 1998/2298 1999/2299 2000/2300 2001/2301 
f 2002/2302 1998/2298 2001/2301 2003/2303 
f 1998/2298 2002/2302 2004/2304 2005/2305 
f 1999/2299 1998/2298 2005/2305 2006/2306 
f 2007/2307 2002/2302 2003/2303 2008/2308 
f 2009/2309 2007/2307 2008/2308 2010/2310 
f 2007/2307 2009/2309 2011/2311 2012/2312 
f 2002/2302 2007/2307 2012/2312 2004/2304 
f 2013/2313 2009/2309 2010/2310 2014/2314 
f 2015/2315 2013/2313 2014/2314 2016/2316 
f 2013/2313 2015/2315 2017/2317 2018/2318 
f 2009/2309 2013/2313 2018/2318 2011/2311 
f 2019/2319 2015/2315 2016/2316 2020/2320 
f 2021/2321 2019/2319 2020/2320 2022/2322 
f 2019/2319 2021/2321 2023/2323 2024/2324 
f 2015/2315 2019/2319 2024/2324 2017/2317 
f 2025/2325 2026/2326 2027/2327 2028/2328 
f 2029/2329 2025/2325 2028/2328 2030/2330 
f 2025/2325 2029/2329 2031/2331 2032/2332 
f 2026/2326 2025/2325 2032/2332 2033/2333 
f 2034/2334 2029/2329 2030/2330 2035/2335 
f 2036/2336 2034/2334 2035/2335 2037/2337 
f 2034/2334 2036/2336 2038/2338 2039/2339 
f 2029/2329 2034/2334 2039/2339 2031/2331 
f 2040/2340 2036/2336 2037/2337 2041/2341 
f 1999/2299 2040/2340 2041/2341 2000/2300 
f 2040/2340 1999/2299 2006/2306 2042/2342 
f 2036/2336 2040/2340 2042/2342 2038/2338 
f 2043/2343 2044/2344 2045/2345 2046/2346 
f 2047/2347 2043/2343 2046/2346 2048/2348 
f 2043/2343 2047/2347 2049/2349 2050/2350 
f 2051/2351 2043/2343 2050/2350 2052/2352 
f 2043/2343 2051/2351 2053/2353 2054/2354 
f 2044/2344 2043/2343 2054/2354 2055/2355 
f 2056/2356 2057/2357 2058/2358 2059/2359 
f 2060/2360 2056/2356 2059/2359 2061/2361 
f 2056/2356 2060/2360 2062/2362 2063/2363 
f 2057/2357 2056/2356 2063/2363 2064/2364 
f 2065/2365 2066/2366 2067/2367 2068/2368 
f 2069/2369 2065/2365 2068/2368 2070/2370 
f 2065/2365 2069/2369 2061/2361 2059/2359 
f 2066/2366 2065/2365 2059/2359 2058/2358 
f 2071/2371 2072/2372 2073/2373 2074/2374 
f 2075/2375 2071/2371 2074/2374 2076/2376 
f 2071/2371 2075/2375 2070/2370 2068/2368 
f 2072/2372 2071/2371 2068/2368 2067/2367 
f 2077/2377 2078/2378 2079/2379 2080/2380 
f 2081/2381 2077/2377 2080/2380 2082/2382 
f 2077/2377 2081/2381 2076/2376 2074/2374 
f 2078/2378 2077/2377 2074/2374 2073/2373 
f 2083/2383 2084/2384 2085/2385 2086/2386 
f 2087/2387 2083/2383 2086/2386 2088/2388 
f 2083/2383 2087/2387 2089/2389 2090/2390 
f 2084/2384 2083/2383 2090/2390 2091/2391 
f 2092/2392 2093/2393 2094/2394 2095/2395 
f 2096/2396 2092/2392 2095/2395 2097/2397 
f 2092/2392 2096/2396 2088/2388 2086/2386 
f 2093/2393 2092/2392 2086/2386 2085/2385 
f 2098/2398 2099/2399 2100/2400 2101/2401 
f 2102/2402 2098/2398 2101/2401 2103/2403 
f 2098/2398 2102/2402 2097/2397 2095/2395 
f 2099/2399 2098/2398 2095/2395 2094/2394 
f 2104/2404 2105/2405 2064/2364 2063/2363 
f 2106/2406 2104/2404 2063/2363 2062/2362 
f 2104/2404 2106/2406 2103/2403 2101/2401 
f 2105/2405 2104/2404 2101/2401 2100/2400 
f 2107/2407 2060/2360 2061/2361 2108/2408 
f 2109/2409 2107/2407 2108/2408 2045/2345 
f 2107/2407 2109/2409 2110/2410 2111/2411 
f 2060/2360 2107/2407 2111/2411 2062/2362 
f 2112/2412 2069/2369 2070/2370 2113/2413 
f 2046/2346 2112/2412 2113/2413 2048/2348 
f 2112/2412 2046/2346 2045/2345 2108/2408 
f 2069/2369 2112/2412 2108/2408 2061/2361 
f 2114/2414 2075/2375 2076/2376 2115/2415 
f 2047/2347 2114/2414 2115/2415 2049/2349 
f 2114/2414 2047/2347 2048/2348 2113/2413 
f 2075/2375 2114/2414 2113/2413 2070/2370 
f 2116/2416 2081/2381 2082/2382 2117/2417 
f 2118/2418 2116/2416 2117/2417 2119/2419 
f 2116/2416 2118/2418 2049/2349 2115/2415 
f 2081/2381 2116/2416 2115/2415 2076/2376 
f 2120/2420 2087/2387 2088/2388 2121/2421 
f 2122/2422 2120/2420 2121/2421 2123/2423 
f 2120/2420 2122/2422 2124/2424 2125/2425 
f 2087/2387 2120/2420 2125/2425 2089/2389 
f 2126/2426 2096/2396 2097/2397 2127/2427 
f 2128/2428 2126/2426 2127/2427 2129/2429 
f 2126/2426 2128/2428 2123/2423 2121/2421 
f 2096/2396 2126/2426 2121/2421 2088/2388 
f 2130/2430 2102/2402 2103/2403 2131/2431 
f 2132/2432 2130/2430 2131/2431 2133/2433 
f 2130/2430 2132/2432 2129/2429 2127/2427 
f 2102/2402 2130/2430 2127/2427 2097/2397 
f 2134/2434 2106/2406 2062/2362 2111/2411 
f 2135/2435 2134/2434 2111/2411 2110/2410 
f 2134/2434 2135/2435 2133/2433 2131/2431 
f 2106/2406 2134/2434 2131/2431 2103/2403 
f 2136/2436 2137/2437 2133/2433 2135/2435 
f 2109/2409 2136/2436 2135/2435 2110/2410 
f 2136/2436 2109/2409 2045/2345 2044/2344 
f 2137/2437 2136/2436 2044/2344 2055/2355 
f 2138/2438 2050/2350 2049/2349 2118/2418 
f 2139/2439 2138/2438 2118/2418 2119/2419 
f 2138/2438 2139/2439 2140/2440 2141/2441 
f 2050/2350 2138/2438 2141/2441 2052/2352 
f 2142/2442 2137/2437 2055/2355 2143/2443 
f 2128/2428 2142/2442 2143/2443 2123/2423 
f 2142/2442 2128/2428 2129/2429 2132/2432 
f 2137/2437 2142/2442 2132/2432 2133/2433 
f 2144/2444 2145/2445 2146/2446 2147/2447 
f 2057/2448 2144/2444 2147/2447 2058/2449 
f 2144/2444 2057/2448 2064/2450 2148/2451 
f 2145/2445 2144/2444 2148/2451 2149/2452 
f 2150/2453 2151/2454 2152/2455 2153/2456 
f 2066/2457 2150/2453 2153/2456 2067/2458 
f 2150/2453 2066/2457 2058/2449 2147/2447 
f 2151/2454 2150/2453 2147/2447 2146/2446 
f 2154/2459 2155/2460 2156/2461 2157/2462 
f 2072/2463 2154/2459 2157/2462 2073/2464 
f 2154/2459 2072/2463 2067/2458 2153/2456 
f 2155/2460 2154/2459 2153/2456 2152/2455 
f 2158/2465 2159/2466 2160/2467 2161/2468 
f 2078/2469 2158/2465 2161/2468 2079/2470 
f 2158/2465 2078/2469 2073/2464 2157/2462 
f 2159/2466 2158/2465 2157/2462 2156/2461 
f 2162/2471 2163/2472 2164/2473 2165/2474 
f 2084/2475 2162/2471 2165/2474 2085/2476 
f 2162/2471 2084/2475 2091/2477 2166/2478 
f 2163/2472 2162/2471 2166/2478 2167/2479 
f 2168/2480 2169/2481 2170/2482 2171/2483 
f 2093/2484 2168/2480 2171/2483 2094/2485 
f 2168/2480 2093/2484 2085/2476 2165/2474 
f 2169/2481 2168/2480 2165/2474 2164/2473 
f 2172/2486 2173/2487 2174/2488 2175/2489 
f 2099/2490 2172/2486 2175/2489 2100/2491 
f 2172/2486 2099/2490 2094/2485 2171/2483 
f 2173/2487 2172/2486 2171/2483 2170/2482 
f 2176/2492 2177/2493 2149/2452 2148/2451 
f 2105/2494 2176/2492 2148/2451 2064/2450 
f 2176/2492 2105/2494 2100/2491 2175/2489 
f 2177/2493 2176/2492 2175/2489 2174/2488 
f 2178/2495 2179/2496 2180/2497 2181/2498 
f 2182/2499 2178/2495 2181/2498 2183/2500 
f 2178/2495 2182/2499 2184/2501 2185/2502 
f 2179/2496 2178/2495 2185/2502 2186/2503 
f 2187/2504 2188/2505 2003/2303 2001/2301 
f 2189/2506 2187/2504 2001/2301 2000/2300 
f 2187/2507 2189/2508 2190/2509 2191/2510 
f 2188/2511 2187/2507 2191/2510 2192/2512 
f 2193/2513 2194/2514 2010/2310 2008/2308 
f 2188/2505 2193/2513 2008/2308 2003/2303 
f 2193/2515 2188/2511 2192/2512 2195/2516 
f 2194/2517 2193/2515 2195/2516 2196/2518 
f 2197/2519 2198/2520 2016/2316 2014/2314 
f 2194/2514 2197/2519 2014/2314 2010/2310 
f 2197/2521 2194/2517 2196/2518 2199/2522 
f 2198/2523 2197/2521 2199/2522 2200/2524 
f 2201/2525 2202/2526 2022/2322 2020/2320 
f 2198/2520 2201/2525 2020/2320 2016/2316 
f 2201/2527 2198/2523 2200/2524 2203/2528 
f 2202/2529 2201/2527 2203/2528 2204/2530 
f 2205/2531 2206/2532 2207/2533 2208/2534 
f 2202/2526 2205/2531 2208/2534 2022/2322 
f 2205/2535 2202/2529 2204/2530 2209/2536 
f 2206/2537 2205/2535 2209/2536 2210/2538 
f 2211/2539 2212/2540 2030/2330 2028/2328 
f 2213/2541 2211/2539 2028/2328 2027/2327 
f 2211/2542 2213/2543 2214/2544 2215/2545 
f 2212/2546 2211/2542 2215/2545 2216/2547 
f 2217/2548 2218/2549 2037/2337 2035/2335 
f 2212/2540 2217/2548 2035/2335 2030/2330 
f 2217/2550 2212/2546 2216/2547 2219/2551 
f 2218/2552 2217/2550 2219/2551 2220/2553 
f 2221/2554 2189/2506 2000/2300 2041/2341 
f 2218/2549 2221/2554 2041/2341 2037/2337 
f 2221/2555 2218/2552 2220/2553 2222/2556 
f 2189/2508 2221/2555 2222/2556 2190/2509 
f 2223/2557 2224/2558 2225/2559 2226/2560 
f 2206/2532 2223/2557 2226/2560 2207/2533 
f 2223/2561 2206/2537 2210/2538 2227/2562 
f 2224/2563 2223/2561 2227/2562 2228/2564 
f 2229/2565 2213/2541 2027/2327 2230/2566 
f 2224/2567 2229/2565 2230/2566 2225/2568 
f 2229/2569 2224/2563 2228/2564 2231/2570 
f 2213/2543 2229/2569 2231/2570 2214/2544 
f 2232/2571 907/1046 906/1045 2233/2572 
f 2234/2573 2232/2571 2233/2572 2235/2574 
f 2232/2571 2234/2573 2236/2575 2237/2576 
f 907/1046 2232/2571 2237/2576 909/1048 
f 2238/2577 2239/2578 1983/2579 2240/2580 
f 2241/2581 2238/2577 2240/2580 906/2582 
f 2238/2577 2241/2581 658/2583 2242/2584 
f 2239/2578 2238/2577 2242/2584 237/2585 
f 2243/2586 2244/2587 2245/2588 2246/2589 
f 2247/2590 2243/2586 2246/2589 2248/2591 
f 2243/2586 2247/2590 2249/2592 2250/2593 
f 2244/2587 2243/2586 2250/2593 2251/2594 
f 2252/2595 2253/2596 2254/2597 2255/2598 
f 2256/2599 2252/2595 2255/2598 2257/2600 
f 2252/2595 2256/2599 2258/2601 2259/2602 
f 2253/2596 2252/2595 2259/2602 2260/2603 
f 2261/2604 2262/2605 2254/2597 2253/2596 
f 2263/2606 2261/2604 2253/2596 2260/2603 
f 2261/2604 2263/2606 2264/2607 2265/2608 
f 2262/2605 2261/2604 2265/2608 2266/2609 
f 2267/2610 2268/2611 2269/2612 2270/2613 
f 2271/2614 2267/2610 2270/2613 2272/2615 
f 2267/2610 2271/2614 2273/2616 2274/2617 
f 2268/2611 2267/2610 2274/2617 2275/2618 
f 2276/2619 2277/2620 2278/2621 2279/2622 
f 2280/2623 2276/2619 2279/2622 2281/2624 
f 2276/2619 2280/2623 2272/2615 2270/2613 
f 2277/2620 2276/2619 2270/2613 2269/2612 
f 2282/2625 2283/2626 2284/2627 2285/2628 
f 2286/2629 2282/2625 2285/2628 2287/2630 
f 2282/2625 2286/2629 2281/2624 2279/2622 
f 2283/2626 2282/2625 2279/2622 2278/2621 
f 2288/2631 2289/2632 2290/2633 2291/2634 
f 2292/2635 2288/2631 2291/2634 2293/2636 
f 2288/2631 2292/2635 2294/2637 2295/2638 
f 2289/2632 2288/2631 2295/2638 2296/2639 
f 2297/2640 2298/2641 2275/2618 2274/2617 
f 2299/2642 2297/2640 2274/2617 2273/2616 
f 2297/2640 2299/2642 2293/2636 2291/2634 
f 2298/2641 2297/2640 2291/2634 2290/2633 
f 2300/2643 2301/2644 2183/2500 2302/2645 
f 2303/2646 2300/2643 2302/2645 2304/2647 
f 2300/2643 2303/2646 2287/2630 2285/2628 
f 2301/2644 2300/2643 2285/2628 2284/2627 
f 2305/2648 2306/2649 2296/2639 2295/2638 
f 2307/2650 2305/2648 2295/2638 2294/2637 
f 2305/2648 2307/2650 2264/2607 2263/2606 
f 2306/2649 2305/2648 2263/2606 2260/2603 
f 2308/2651 2265/2608 2264/2607 2309/2652 
f 2310/2653 2308/2651 2309/2652 2311/2654 
f 2308/2651 2310/2653 2312/2655 2313/2656 
f 2265/2608 2308/2651 2313/2656 2266/2609 
f 2314/2657 2271/2614 2272/2615 2315/2658 
f 2316/2659 2314/2657 2315/2658 2317/2660 
f 2314/2657 2316/2659 2318/2661 2319/2662 
f 2271/2614 2314/2657 2319/2662 2273/2616 
f 2320/2663 2280/2623 2281/2624 2321/2664 
f 2322/2665 2320/2663 2321/2664 2323/2666 
f 2320/2663 2322/2665 2317/2660 2315/2658 
f 2280/2623 2320/2663 2315/2658 2272/2615 
f 2324/2667 2286/2629 2287/2630 2325/2668 
f 2326/2669 2324/2667 2325/2668 2327/2670 
f 2324/2667 2326/2669 2323/2666 2321/2664 
f 2286/2629 2324/2667 2321/2664 2281/2624 
f 2328/2671 2292/2635 2293/2636 2329/2672 
f 2330/2673 2328/2671 2329/2672 2331/2674 
f 2328/2671 2330/2673 2332/2675 2333/2676 
f 2292/2635 2328/2671 2333/2676 2294/2637 
f 2334/2677 2299/2642 2273/2616 2319/2662 
f 2335/2678 2334/2677 2319/2662 2318/2661 
f 2334/2677 2335/2678 2331/2674 2329/2672 
f 2299/2642 2334/2677 2329/2672 2293/2636 
f 2336/2679 2303/2646 2304/2647 2337/2680 
f 2338/2681 2336/2679 2337/2680 2339/2682 
f 2336/2679 2338/2681 2327/2670 2325/2668 
f 2303/2646 2336/2679 2325/2668 2287/2630 
f 2340/2683 2307/2650 2294/2637 2333/2676 
f 2341/2684 2340/2683 2333/2676 2332/2675 
f 2340/2683 2341/2684 2311/2654 2309/2652 
f 2307/2650 2340/2683 2309/2652 2264/2607 
f 2342/2685 2255/2686 2254/2687 2343/2688 
f 2344/2689 2342/2685 2343/2688 2345/2690 
f 2342/2685 2344/2689 2346/2691 2347/2692 
f 2255/2686 2342/2685 2347/2692 2257/2693 
f 2348/2694 2349/2695 2207/2696 2350/2697 
f 2351/2698 2348/2694 2350/2697 2251/2699 
f 2348/2694 2351/2698 2352/2700 2353/2701 
f 2349/2695 2348/2694 2353/2701 2354/2702 
f 2355/2703 2226/2704 2225/2705 2356/2706 
f 2244/2587 2355/2703 2356/2706 2245/2588 
f 2355/2703 2244/2587 2251/2594 2350/2707 
f 2226/2704 2355/2703 2350/2707 2207/2708 
f 2357/2709 2358/2710 2359/2711 2360/2712 
f 2361/2713 2357/2709 2360/2712 2362/2714 
f 2357/2709 2361/2713 2363/2715 2364/2716 
f 2358/2710 2357/2709 2364/2716 2365/2717 
f 2366/2718 2367/2719 2368/2720 2369/2721 
f 2370/2722 2366/2718 2369/2721 2371/2723 
f 2366/2718 2370/2722 2372/2724 2373/2725 
f 2367/2719 2366/2718 2373/2725 2374/2726 
f 2375/2727 2376/2728 2377/2729 2378/2730 
f 2379/2731 2375/2727 2378/2730 2380/2732 
f 2375/2727 2379/2731 2371/2723 2369/2721 
f 2376/2728 2375/2727 2369/2721 2368/2720 
f 2381/2733 2382/2734 2383/2735 2384/2736 
f 2385/2737 2381/2733 2384/2736 2386/2738 
f 2381/2733 2385/2737 2380/2732 2378/2730 
f 2382/2734 2381/2733 2378/2730 2377/2729 
f 2387/2739 2388/2740 2389/2741 2390/2742 
f 2391/2743 2387/2739 2390/2742 2392/2744 
f 2387/2739 2391/2743 2393/2745 2394/2746 
f 2388/2740 2387/2739 2394/2746 2395/2747 
f 2396/2748 2397/2749 2374/2726 2373/2725 
f 2398/2750 2396/2748 2373/2725 2372/2724 
f 2396/2748 2398/2750 2392/2744 2390/2742 
f 2397/2749 2396/2748 2390/2742 2389/2741 
f 2399/2751 2400/2752 2401/2753 2402/2754 
f 2403/2755 2399/2751 2402/2754 2404/2756 
f 2399/2751 2403/2755 2386/2738 2384/2736 
f 2400/2752 2399/2751 2384/2736 2383/2735 
f 2405/2757 2406/2758 2395/2747 2394/2746 
f 2407/2759 2405/2757 2394/2746 2393/2745 
f 2405/2757 2407/2759 2362/2714 2360/2712 
f 2406/2758 2405/2757 2360/2712 2359/2711 
f 2408/2760 2409/2761 2345/2762 2343/2763 
f 2410/2764 2408/2760 2343/2763 2254/2765 
f 2408/2760 2410/2764 2180/2766 2411/2767 
f 2409/2761 2408/2760 2411/2767 2412/2768 
f 2413/2769 2414/2770 2415/2771 2416/2772 
f 2268/2611 2413/2769 2416/2772 2269/2612 
f 2413/2769 2268/2611 2275/2618 2417/2773 
f 2414/2770 2413/2769 2417/2773 2418/2774 
f 2419/2775 2420/2776 2421/2777 2422/2778 
f 2277/2620 2419/2775 2422/2778 2278/2621 
f 2419/2775 2277/2620 2269/2612 2416/2772 
f 2420/2776 2419/2775 2416/2772 2415/2771 
f 2423/2779 2424/2780 2425/2781 2426/2782 
f 2283/2626 2423/2779 2426/2782 2284/2627 
f 2423/2779 2283/2626 2278/2621 2422/2778 
f 2424/2780 2423/2779 2422/2778 2421/2777 
f 2427/2783 2428/2784 2184/2501 2182/2499 
f 2301/2644 2427/2783 2182/2499 2183/2500 
f 2427/2783 2301/2644 2284/2627 2426/2782 
f 2428/2784 2427/2783 2426/2782 2425/2781 
f 2429/2785 2430/2786 2431/2787 2432/2788 
f 2306/2649 2429/2785 2432/2788 2296/2639 
f 2429/2785 2306/2649 2260/2603 2259/2602 
f 2430/2786 2429/2785 2259/2602 2258/2601 
f 2433/2789 2434/2790 2435/2791 2436/2792 
f 2289/2632 2433/2789 2436/2792 2290/2633 
f 2433/2789 2289/2632 2296/2639 2432/2788 
f 2434/2790 2433/2789 2432/2788 2431/2787 
f 2437/2793 2438/2794 2418/2774 2417/2773 
f 2298/2641 2437/2793 2417/2773 2275/2618 
f 2437/2793 2298/2641 2290/2633 2436/2792 
f 2438/2794 2437/2793 2436/2792 2435/2791 
f 2439/2795 2185/2502 2184/2501 2440/2796 
f 2441/2797 2439/2795 2440/2796 2023/2323 
f 2439/2795 2441/2797 2354/2798 2442/2799 
f 2185/2502 2439/2795 2442/2799 2186/2503 
f 2443/2800 2444/2801 2445/2802 2446/2803 
f 2447/2804 2443/2800 2446/2803 2352/2700 
f 2443/2800 2447/2804 2448/2805 2449/2806 
f 2444/2801 2443/2800 2449/2806 2450/2807 
f 2451/2808 2256/2599 2257/2600 2452/2809 
f 2453/2810 2451/2808 2452/2809 2454/2811 
f 2451/2808 2453/2810 2033/2333 2455/2812 
f 2256/2599 2451/2808 2455/2812 2258/2601 
f 2456/2813 2347/2692 2346/2691 2457/2814 
f 2458/2815 2456/2813 2457/2814 2459/2816 
f 2456/2813 2458/2815 2454/2817 2452/2818 
f 2347/2692 2456/2813 2452/2818 2257/2693 
f 2460/2819 2461/2820 2445/2802 2462/2821 
f 2411/2822 2460/2819 2462/2821 2412/2823 
f 2460/2819 2411/2822 2180/2824 2179/2825 
f 2461/2820 2460/2819 2179/2825 2186/2826 
f 2463/2827 2005/2305 2004/2304 2464/2828 
f 2414/2770 2463/2827 2464/2828 2415/2771 
f 2463/2827 2414/2770 2418/2774 2465/2829 
f 2005/2305 2463/2827 2465/2829 2006/2306 
f 2466/2830 2012/2312 2011/2311 2467/2831 
f 2420/2776 2466/2830 2467/2831 2421/2777 
f 2466/2830 2420/2776 2415/2771 2464/2828 
f 2012/2312 2466/2830 2464/2828 2004/2304 
f 2468/2832 2018/2318 2017/2317 2469/2833 
f 2424/2780 2468/2832 2469/2833 2425/2781 
f 2468/2832 2424/2780 2421/2777 2467/2831 
f 2018/2318 2468/2832 2467/2831 2011/2311 
f 2470/2834 2024/2324 2023/2323 2440/2796 
f 2428/2784 2470/2834 2440/2796 2184/2501 
f 2470/2834 2428/2784 2425/2781 2469/2833 
f 2024/2324 2470/2834 2469/2833 2017/2317 
f 2471/2835 2032/2332 2031/2331 2472/2836 
f 2430/2786 2471/2835 2472/2836 2431/2787 
f 2471/2835 2430/2786 2258/2601 2455/2812 
f 2032/2332 2471/2835 2455/2812 2033/2333 
f 2473/2837 2039/2339 2038/2338 2474/2838 
f 2434/2790 2473/2837 2474/2838 2435/2791 
f 2473/2837 2434/2790 2431/2787 2472/2836 
f 2039/2339 2473/2837 2472/2836 2031/2331 
f 2475/2839 2042/2342 2006/2306 2465/2829 
f 2438/2794 2475/2839 2465/2829 2418/2774 
f 2475/2839 2438/2794 2435/2791 2474/2838 
f 2042/2342 2475/2839 2474/2838 2038/2338 
f 2476/2840 2353/2701 2352/2700 2446/2803 
f 2461/2820 2476/2840 2446/2803 2445/2802 
f 2476/2840 2461/2820 2186/2826 2442/2841 
f 2353/2701 2476/2840 2442/2841 2354/2702 
f 2477/2842 2441/2797 2023/2323 2021/2321 
f 2208/2534 2477/2842 2021/2321 2022/2322 
f 2477/2842 2208/2534 2207/2533 2349/2843 
f 2441/2797 2477/2842 2349/2843 2354/2798 
f 2478/2844 2447/2804 2352/2700 2351/2698 
f 2250/2845 2478/2844 2351/2698 2251/2699 
f 2478/2844 2250/2845 2249/2846 2479/2847 
f 2447/2804 2478/2844 2479/2847 2448/2805 
f 2480/2848 2453/2810 2454/2811 2481/2849 
f 2230/2566 2480/2848 2481/2849 2225/2568 
f 2480/2848 2230/2566 2027/2327 2026/2326 
f 2453/2810 2480/2848 2026/2326 2033/2333 
f 2482/2850 2458/2815 2459/2816 2483/2851 
f 2356/2852 2482/2850 2483/2851 2245/2853 
f 2482/2850 2356/2852 2225/2854 2481/2855 
f 2458/2815 2482/2850 2481/2855 2454/2817 
f 2484/2856 2485/2857 2486/2858 2487/2859 
f 2462/2821 2484/2856 2487/2859 2412/2823 
f 2484/2856 2462/2821 2445/2802 2444/2801 
f 2485/2857 2484/2856 2444/2801 2450/2807 
f 2488/2860 2489/2861 2490/2862 2491/2863 
f 2344/2689 2488/2860 2491/2863 2346/2691 
f 2488/2860 2344/2689 2345/2690 2492/2864 
f 2489/2861 2488/2860 2492/2864 2493/2865 
f 2494/2866 2495/2867 2493/2868 2492/2869 
f 2409/2761 2494/2866 2492/2869 2345/2762 
f 2494/2866 2409/2761 2412/2768 2487/2870 
f 2495/2867 2494/2866 2487/2870 2486/2871 
f 2496/2872 2247/2590 2248/2591 2497/2873 
f 2498/2874 2496/2872 2497/2873 2499/2875 
f 2496/2872 2498/2874 2500/2876 2501/2877 
f 2247/2590 2496/2872 2501/2877 2249/2592 
f 2502/2878 2449/2806 2448/2805 2503/2879 
f 2504/2880 2502/2878 2503/2879 2505/2881 
f 2502/2878 2504/2880 2236/2575 2506/2882 
f 2449/2806 2502/2878 2506/2882 2450/2807 
f 2507/2883 2508/2884 2509/2885 2510/2886 
f 2457/2814 2507/2883 2510/2886 2459/2816 
f 2507/2883 2457/2814 2346/2691 2491/2863 
f 2508/2884 2507/2883 2491/2863 2490/2862 
f 2511/2887 2479/2847 2249/2846 2501/2888 
f 2512/2889 2511/2887 2501/2888 2500/2890 
f 2511/2887 2512/2889 2505/2881 2503/2879 
f 2479/2847 2511/2887 2503/2879 2448/2805 
f 2513/2891 2514/2892 2248/2893 2246/2894 
f 2483/2851 2513/2891 2246/2894 2245/2853 
f 2513/2891 2483/2851 2459/2816 2510/2886 
f 2514/2892 2513/2891 2510/2886 2509/2885 
f 2515/2895 2090/2896 2089/2897 2516/2898 
f 2517/2899 2515/2895 2516/2898 2518/2900 
f 2515/2895 2517/2899 2519/2901 2520/2902 
f 2090/2896 2515/2895 2520/2902 2091/2903 
f 2521/2904 2125/2905 2124/2906 2522/2907 
f 2523/2908 2521/2904 2522/2907 2140/2440 
f 2521/2904 2523/2908 2518/2900 2516/2898 
f 2125/2905 2521/2904 2516/2898 2089/2897 
f 2524/2909 2525/2910 2124/2424 2122/2422 
f 2143/2443 2524/2909 2122/2422 2123/2423 
f 2524/2909 2143/2443 2055/2355 2054/2354 
f 2525/2910 2524/2909 2054/2354 2053/2353 
f 2526/2911 2166/2912 2091/2913 2520/2914 
f 2527/2915 2526/2911 2520/2914 2519/2916 
f 2526/2911 2527/2915 2528/2917 2529/2918 
f 2166/2912 2526/2911 2529/2918 2167/2919 
f 2530/2920 2313/2921 2312/2922 2531/2923 
f 2532/2924 2530/2920 2531/2923 2533/2925 
f 2530/2920 2532/2924 2534/2926 2535/2927 
f 2313/2921 2530/2920 2535/2927 2266/2928 
f 2536/2929 2537/2930 2538/2931 2539/2932 
f 2540/2933 2536/2929 2539/2932 2541/2934 
f 2536/2929 2540/2933 2365/2935 2364/2936 
f 2537/2930 2536/2929 2364/2936 2363/2937 
f 2542/2938 2141/2441 2140/2440 2522/2907 
f 2525/2939 2542/2938 2522/2907 2124/2906 
f 2542/2938 2525/2939 2053/2353 2051/2351 
f 2141/2441 2542/2938 2051/2351 2052/2352 
f 2543/2940 2517/2899 2518/2900 2544/2941 
f 2080/2380 2543/2940 2544/2941 2082/2382 
f 2543/2940 2080/2380 2079/2379 2545/2942 
f 2517/2899 2543/2940 2545/2942 2519/2901 
f 2546/2943 2523/2908 2140/2440 2139/2439 
f 2117/2417 2546/2943 2139/2439 2119/2419 
f 2546/2943 2117/2417 2082/2382 2544/2941 
f 2523/2908 2546/2943 2544/2941 2518/2900 
f 2547/2944 2527/2915 2519/2916 2545/2945 
f 2161/2468 2547/2944 2545/2945 2079/2470 
f 2547/2944 2161/2468 2160/2467 2548/2946 
f 2527/2915 2547/2944 2548/2946 2528/2917 
f 2549/2947 2532/2924 2533/2925 2550/2948 
f 2337/2680 2549/2947 2550/2948 2339/2682 
f 2549/2947 2337/2680 2304/2647 2551/2949 
f 2532/2924 2549/2947 2551/2949 2534/2926 
f 2552/2950 2553/2951 2404/2756 2402/2754 
f 2554/2952 2552/2950 2402/2754 2401/2753 
f 2552/2950 2554/2952 2541/2934 2539/2932 
f 2553/2951 2552/2950 2539/2932 2538/2931 
f 2555/2953 2556/2954 2534/2926 2551/2949 
f 2302/2645 2555/2953 2551/2949 2304/2647 
f 2555/2953 2302/2645 2183/2500 2181/2498 
f 2556/2954 2555/2953 2181/2498 2180/2497 
f 2557/2955 2262/2956 2266/2928 2535/2927 
f 2556/2954 2557/2955 2535/2927 2534/2926 
f 2557/2955 2556/2954 2180/2497 2410/2957 
f 2262/2956 2557/2955 2410/2957 2254/2958 
f 2558/2959 2559/2960 2192/2512 2191/2510 
f 2560/2961 2558/2959 2191/2510 2190/2509 
f 2558/2959 2560/2961 2561/2962 2562/2963 
f 2559/2960 2558/2959 2562/2963 2563/2964 
f 2564/2965 2565/2966 2200/2524 2199/2522 
f 2566/2967 2564/2965 2199/2522 2196/2518 
f 2564/2965 2566/2967 2567/2968 2568/2969 
f 2565/2966 2564/2965 2568/2969 2569/2970 
f 2570/2971 2571/2972 2204/2530 2203/2528 
f 2565/2966 2570/2971 2203/2528 2200/2524 
f 2570/2971 2565/2966 2569/2970 2572/2973 
f 2571/2972 2570/2971 2572/2973 2573/2974 
f 2574/2975 2575/2976 2210/2538 2209/2536 
f 2571/2972 2574/2975 2209/2536 2204/2530 
f 2574/2975 2571/2972 2573/2974 2576/2977 
f 2575/2976 2574/2975 2576/2977 2577/2978 
f 2578/2979 2579/2980 2216/2547 2215/2545 
f 2580/2981 2578/2979 2215/2545 2214/2544 
f 2578/2979 2580/2981 2581/2982 2582/2983 
f 2579/2980 2578/2979 2582/2983 2583/2984 
f 2584/2985 2585/2986 2220/2553 2219/2551 
f 2579/2980 2584/2985 2219/2551 2216/2547 
f 2584/2985 2579/2980 2583/2984 2586/2987 
f 2585/2986 2584/2985 2586/2987 2587/2988 
f 2588/2989 2560/2961 2190/2509 2222/2556 
f 2585/2986 2588/2989 2222/2556 2220/2553 
f 2588/2989 2585/2986 2587/2988 2589/2990 
f 2560/2961 2588/2989 2589/2990 2561/2962 
f 2590/2991 2580/2981 2214/2544 2231/2570 
f 2591/2992 2590/2991 2231/2570 2228/2564 
f 2590/2991 2591/2992 2592/2993 2593/2994 
f 2580/2981 2590/2991 2593/2994 2581/2982 
f 2594/2995 2566/2967 2196/2518 2195/2516 
f 2559/2960 2594/2995 2195/2516 2192/2512 
f 2594/2995 2559/2960 2563/2964 2595/2996 
f 2566/2967 2594/2995 2595/2996 2567/2968 
f 2596/2997 2591/2992 2228/2564 2227/2562 
f 2575/2976 2596/2997 2227/2562 2210/2538 
f 2596/2997 2575/2976 2577/2978 2597/2998 
f 2591/2992 2596/2997 2597/2998 2592/2993 
f 2598/2999 2562/2963 2561/2962 2589/2990 
f 2599/3000 2598/2999 2589/2990 2587/2988 
f 2598/2999 2599/3000 2567/2968 2595/2996 
f 2562/2963 2598/2999 2595/2996 2563/2964 
f 2600/3001 2601/3002 2583/2984 2582/2983 
f 2593/2994 2600/3001 2582/2983 2581/2982 
f 2600/3001 2593/2994 2592/2993 2602/3003 
f 2601/3002 2600/3001 2602/3003 2603/3004 
f 2604/3005 2599/3000 2587/2988 2586/2987 
f 2601/3002 2604/3005 2586/2987 2583/2984 
f 2604/3005 2601/3002 2603/3004 2605/3006 
f 2568/2969 2604/3005 2605/3006 2569/2970 
f 2604/3005 2568/2969 2567/2968 2599/3000 
f 2606/3007 2607/3008 2573/2974 2572/2973 
f 2605/3006 2606/3007 2572/2973 2569/2970 
f 2606/3007 2605/3006 2603/3004 2607/3008 
f 2608/3009 2607/3008 2603/3004 2602/3003 
f 2597/2998 2608/3009 2602/3003 2592/2993 
f 2608/3009 2597/2998 2577/2978 2576/2977 
f 2607/3008 2608/3009 2576/2977 2573/2974 
f 2609/3010 2361/2713 2362/2714 2610/3011 
f 2163/2472 2609/3010 2610/3011 2164/2473 
f 2609/3010 2163/2472 2167/2479 2611/3012 
f 2361/2713 2609/3010 2611/3012 2363/2715 
f 2612/3013 2358/2710 2365/2717 2613/3014 
f 2310/2653 2612/3013 2613/3014 2312/2655 
f 2612/3013 2310/2653 2311/2654 2614/3015 
f 2358/2710 2612/3013 2614/3015 2359/2711 
f 2615/3016 2370/2722 2371/2723 2616/3017 
f 2145/2445 2615/3016 2616/3017 2146/2446 
f 2615/3016 2145/2445 2149/2452 2617/3018 
f 2370/2722 2615/3016 2617/3018 2372/2724 
f 2618/3019 2367/2719 2374/2726 2619/3020 
f 2316/2659 2618/3019 2619/3020 2318/2661 
f 2618/3019 2316/2659 2317/2660 2620/3021 
f 2367/2719 2618/3019 2620/3021 2368/2720 
f 2621/3022 2379/2731 2380/2732 2622/3023 
f 2151/2454 2621/3022 2622/3023 2152/2455 
f 2621/3022 2151/2454 2146/2446 2616/3017 
f 2379/2731 2621/3022 2616/3017 2371/2723 
f 2623/3024 2376/2728 2368/2720 2620/3021 
f 2322/2665 2623/3024 2620/3021 2317/2660 
f 2623/3024 2322/2665 2323/2666 2624/3025 
f 2376/2728 2623/3024 2624/3025 2377/2729 
f 2625/3026 2385/2737 2386/2738 2626/3027 
f 2155/2460 2625/3026 2626/3027 2156/2461 
f 2625/3026 2155/2460 2152/2455 2622/3023 
f 2385/2737 2625/3026 2622/3023 2380/2732 
f 2627/3028 2382/2734 2377/2729 2624/3025 
f 2326/2669 2627/3028 2624/3025 2323/2666 
f 2627/3028 2326/2669 2327/2670 2628/3029 
f 2382/2734 2627/3028 2628/3029 2383/2735 
f 2629/3030 2391/2743 2392/2744 2630/3031 
f 2173/2487 2629/3030 2630/3031 2174/2488 
f 2629/3030 2173/2487 2170/2482 2631/3032 
f 2391/2743 2629/3030 2631/3032 2393/2745 
f 2632/3033 2388/2740 2395/2747 2633/3034 
f 2330/2673 2632/3033 2633/3034 2332/2675 
f 2632/3033 2330/2673 2331/2674 2634/3035 
f 2388/2740 2632/3033 2634/3035 2389/2741 
f 2635/3036 2398/2750 2372/2724 2617/3018 
f 2177/2493 2635/3036 2617/3018 2149/2452 
f 2635/3036 2177/2493 2174/2488 2630/3031 
f 2398/2750 2635/3036 2630/3031 2392/2744 
f 2636/3037 2397/2749 2389/2741 2634/3035 
f 2335/2678 2636/3037 2634/3035 2331/2674 
f 2636/3037 2335/2678 2318/2661 2619/3020 
f 2397/2749 2636/3037 2619/3020 2374/2726 
f 2637/3038 2403/2755 2404/2756 2638/3039 
f 2159/2466 2637/3038 2638/3039 2160/2467 
f 2637/3038 2159/2466 2156/2461 2626/3027 
f 2403/2755 2637/3038 2626/3027 2386/2738 
f 2639/3040 2400/2752 2383/2735 2628/3029 
f 2338/2681 2639/3040 2628/3029 2327/2670 
f 2639/3040 2338/2681 2339/2682 2640/3041 
f 2400/2752 2639/3040 2640/3041 2401/2753 
f 2641/3042 2407/2759 2393/2745 2631/3032 
f 2169/2481 2641/3042 2631/3032 2170/2482 
f 2641/3042 2169/2481 2164/2473 2610/3011 
f 2407/2759 2641/3042 2610/3011 2362/2714 
f 2642/3043 2406/2758 2359/2711 2614/3015 
f 2341/2684 2642/3043 2614/3015 2311/2654 
f 2642/3043 2341/2684 2332/2675 2633/3034 
f 2406/2758 2642/3043 2633/3034 2395/2747 
f 2643/3044 2540/2933 2541/2934 2644/3045 
f 2531/2923 2643/3044 2644/3045 2533/2925 
f 2643/3044 2531/2923 2312/2922 2613/3046 
f 2540/2933 2643/3044 2613/3046 2365/2935 
f 2645/3047 2537/2930 2363/2937 2611/3048 
f 2529/2918 2645/3047 2611/3048 2167/2919 
f 2645/3047 2529/2918 2528/2917 2646/3049 
f 2537/2930 2645/3047 2646/3049 2538/2931 
f 2647/3050 2554/2952 2401/2753 2640/3041 
f 2550/2948 2647/3050 2640/3041 2339/2682 
f 2647/3050 2550/2948 2533/2925 2644/3045 
f 2554/2952 2647/3050 2644/3045 2541/2934 
f 2648/3051 2553/2951 2538/2931 2646/3049 
f 2548/2946 2648/3051 2646/3049 2528/2917 
f 2648/3051 2548/2946 2160/2467 2638/3039 
f 2553/2951 2648/3051 2638/3039 2404/2756 
f 2649/3052 1981/2280 1980/2279 2650/3053 
f 2651/3054 2649/3052 2650/3053 2652/3055 
f 2649/3052 2651/3054 2653/3056 2654/3057 
f 1981/2280 2649/3052 2654/3057 1983/2282 
f 2655/3058 1990/2289 1989/2288 2656/3059 
f 2657/3060 2655/3058 2656/3059 2658/3061 
f 2655/3058 2657/3060 2652/3055 2650/3053 
f 1990/2289 2655/3058 2650/3053 1980/2279 
f 2659/3062 1996/2295 1995/2294 2660/3063 
f 2661/3064 2659/3062 2660/3063 2499/3065 
f 2659/3062 2661/3064 2658/3061 2656/3059 
f 1996/2295 2659/3062 2656/3059 1989/2288 
f 2662/3066 911/1050 910/1049 1174/1346 
f 1157/1325 2662/3066 1174/1346 1118/1271 
f 2662/3066 1157/1325 1156/1324 2663/3067 
f 911/1050 2662/3066 2663/3067 912/1051 
f 2664/3068 2665/3069 912/3070 2663/3071 
f 1165/1335 2664/3068 2663/3071 1156/1337 
f 2664/3068 1165/1335 1163/1334 2666/3072 
f 2665/3069 2664/3068 2666/3072 1322/3073 
f 2667/3074 1175/1347 910/1049 908/1047 
f 2668/3075 2667/3074 908/1047 909/1048 
f 2667/3074 2668/3075 2669/3076 2670/3077 
f 1175/1347 2667/3074 2670/3077 1176/1348 
f 2671/3078 1182/1355 1176/1348 2670/3077 
f 2672/3079 2671/3078 2670/3077 2669/3076 
f 2671/3078 2672/3079 2673/3080 2674/3081 
f 1182/1355 2671/3078 2674/3081 1169/1356 
f 2675/3082 1323/1522 1322/1521 2666/3083 
f 1161/1329 2675/3082 2666/3083 1163/1331 
f 2675/3082 1161/1329 1160/1328 2676/3084 
f 1323/1522 2675/3082 2676/3084 1324/1523 
f 2677/3085 1327/1526 1324/1523 2676/3084 
f 1180/1352 2677/3085 2676/3084 1160/1328 
f 2677/3085 1180/1352 1179/1351 2678/3086 
f 1327/1526 2677/3085 2678/3086 1328/1527 
f 2679/3087 1331/1530 1328/1527 2678/3086 
f 1184/1360 2679/3087 2678/3086 1179/1351 
f 2679/3087 1184/1360 921/1359 1167/3088 
f 1331/1530 2679/3087 1167/3088 1171/1531 
f 2680/3089 1570/1809 1569/1808 1833/2105 
f 1816/2084 2680/3089 1833/2105 1777/2030 
f 2680/3089 1816/2084 1815/2083 2681/3090 
f 1570/1809 2680/3089 2681/3090 1571/1810 
f 2682/3091 2683/3092 1571/3093 2681/3094 
f 1824/2094 2682/3091 2681/3094 1815/2096 
f 2682/3091 1824/2094 1822/2093 2684/3095 
f 2683/3092 2682/3091 2684/3095 1984/3096 
f 2685/3097 1834/2106 1569/1808 1568/1807 
f 2686/3098 2685/3097 1568/1807 243/282 
f 2685/3097 2686/3098 2687/3099 2688/3100 
f 1834/2106 2685/3097 2688/3100 1835/2107 
f 2689/3101 1841/2114 1835/2107 2688/3100 
f 2690/3102 2689/3101 2688/3100 2687/3099 
f 2689/3101 2690/3102 2691/3103 2692/3104 
f 1841/2114 2689/3101 2692/3104 1828/2115 
f 2693/3105 1985/2284 1984/2283 2684/3106 
f 1820/2088 2693/3105 2684/3106 1822/2090 
f 2693/3105 1820/2088 1819/2087 2694/3107 
f 1985/2284 2693/3105 2694/3107 1986/2285 
f 2695/3108 1991/2290 1986/2285 2694/3107 
f 1839/2111 2695/3108 2694/3107 1819/2087 
f 2695/3108 1839/2111 1838/2110 2696/3109 
f 1991/2290 2695/3108 2696/3109 1992/2291 
f 2697/3110 1997/2296 1992/2291 2696/3109 
f 1843/2119 2697/3110 2696/3109 1838/2110 
f 2697/3110 1843/2119 1580/2118 1826/3111 
f 1997/2296 2697/3110 1826/3111 1830/2297 
f 2698/3112 239/278 240/279 2699/3113 
f 486/554 2698/3112 2699/3113 487/555 
f 2698/3112 486/554 451/504 507/579 
f 239/278 2698/3112 507/579 241/280 
f 2700/3114 2701/3115 656/3116 2702/3117 
f 496/564 2700/3114 2702/3117 494/565 
f 2700/3114 496/564 487/568 2699/3118 
f 2701/3115 2700/3114 2699/3118 240/3119 
f 2703/3120 505/577 506/578 2704/3121 
f 2686/3098 2703/3120 2704/3121 2687/3099 
f 2703/3120 2686/3098 243/282 242/281 
f 505/577 2703/3120 242/281 241/280 
f 2705/3122 513/586 501/587 2706/3123 
f 2690/3102 2705/3122 2706/3123 2691/3103 
f 2705/3122 2690/3102 2687/3099 2704/3121 
f 513/586 2705/3122 2704/3121 506/578 
f 2707/3124 654/753 655/754 2708/3125 
f 490/558 2707/3124 2708/3125 491/559 
f 2707/3124 490/558 494/562 2702/3126 
f 654/753 2707/3124 2702/3126 656/755 
f 2709/3127 663/762 664/763 2710/3128 
f 509/581 2709/3127 2710/3128 510/582 
f 2709/3127 509/581 491/559 2708/3125 
f 663/762 2709/3127 2708/3125 655/754 
f 2711/3129 669/768 500/769 498/3130 
f 515/589 2711/3129 498/3130 249/590 
f 2711/3129 515/589 510/582 2710/3128 
f 669/768 2711/3129 2710/3128 664/763 
f 2712/3131 2234/2573 2235/2574 2713/3132 
f 2485/2857 2712/3131 2713/3132 2486/2858 
f 2712/3131 2485/2857 2450/2807 2506/2882 
f 2234/2573 2712/3131 2506/2882 2236/2575 
f 2714/3133 2715/3134 2653/3135 2716/3136 
f 2495/2867 2714/3133 2716/3136 2493/2868 
f 2714/3133 2495/2867 2486/2871 2713/3137 
f 2715/3134 2714/3133 2713/3137 2235/3138 
f 2717/3139 2718/3140 2691/3141 2706/3142 
f 499/571 2717/3139 2706/3142 501/573 
f 2717/3139 499/571 500/572 668/3143 
f 2718/3140 2717/3139 668/3143 667/3144 
f 2719/3145 2504/2880 2505/2881 2720/3146 
f 2668/3075 2719/3145 2720/3146 2669/3076 
f 2719/3145 2668/3075 909/1048 2237/2576 
f 2504/2880 2719/3145 2237/2576 2236/2575 
f 2721/3147 2512/2889 2500/2890 2722/3148 
f 2672/3079 2721/3147 2722/3148 2673/3080 
f 2721/3147 2672/3079 2669/3076 2720/3146 
f 2512/2889 2721/3147 2720/3146 2505/2881 
f 2723/3149 2651/3054 2652/3055 2724/3150 
f 2489/2861 2723/3149 2724/3150 2490/2862 
f 2723/3149 2489/2861 2493/2865 2716/3151 
f 2651/3054 2723/3149 2716/3151 2653/3056 
f 2725/3152 2657/3060 2658/3061 2726/3153 
f 2508/2884 2725/3152 2726/3153 2509/2885 
f 2725/3152 2508/2884 2490/2862 2724/3150 
f 2657/3060 2725/3152 2724/3150 2652/3055 
f 2727/3154 2661/3064 2499/3065 2497/3155 
f 2514/2892 2727/3154 2497/3155 2248/2893 
f 2727/3154 2514/2892 2509/2885 2726/3153 
f 2661/3064 2727/3154 2726/3153 2658/3061 
f 2728/3156 2729/3157 1995/3158 1994/3159 
f 1829/2101 2728/3156 1994/3159 1830/2102 
f 2728/3156 1829/2101 1828/2100 2692/3160 
f 2729/3157 2728/3156 2692/3160 2691/3141 
f 2730/3161 2731/3162 667/3144 1330/3163 
f 1170/1342 2730/3161 1330/3163 1171/1343 
f 2730/3161 1170/1342 1169/1341 2674/3164 
f 2731/3162 2730/3161 2674/3164 2673/3165 
f 2732/3166 2733/3167 2673/3165 2722/3168 
f 2498/2874 2732/3166 2722/3168 2500/2876 
f 2732/3166 2498/2874 2499/2875 2660/3169 
f 2733/3167 2732/3166 2660/3169 1995/3158 
f 2734/3170 2729/3157 2691/3141 2718/3140 
f 2731/3162 2734/3170 2718/3140 667/3144 
f 2734/3170 2731/3162 2673/3165 2733/3167 
f 2729/3157 2734/3170 2733/3167 1995/3158 
f 2735/3171 2239/2578 237/2585 1567/3172 
f 2683/3092 2735/3171 1567/3172 1571/3093 
f 2735/3171 2683/3092 1984/3096 1982/3173 
f 2239/2578 2735/3171 1982/3173 1983/2579 
f 2736/3174 2240/2580 1983/2579 2654/3175 
f 2715/3134 2736/3174 2654/3175 2653/3135 
f 2736/3174 2715/3134 2235/3138 2233/3176 
f 2240/2580 2736/3174 2233/3176 906/2582 
f 2737/3177 2241/2581 906/2582 905/3178 
f 2665/3069 2737/3177 905/3178 912/3070 
f 2737/3177 2665/3069 1322/3073 1321/3179 
f 2241/2581 2737/3177 1321/3179 658/2583 
f 2738/3180 2242/2584 658/2583 657/3181 
f 2701/3115 2738/3180 657/3181 656/3116 
f 2738/3180 2701/3115 240/3119 238/3182 
f 2242/2584 2738/3180 238/3182 237/2585 
usemtl Chair_fabrica
f 2739/3183 2740/3184 2741/3185 2742/3186 
f 2743/3187 2739/3183 2742/3186 2744/3188 
f 2739/3183 2743/3187 2745/3189 2746/3190 
f 2740/3184 2739/3183 2746/3190 2747/3191 
f 2748/3192 2749/3193 2750/3194 2751/3195 
f 2752/3196 2748/3192 2751/3195 2753/3197 
f 2748/3192 2752/3196 2754/3198 2755/3199 
f 2749/3193 2748/3192 2755/3199 2756/3200 
f 2757/3201 2751/3195 2750/3194 2758/3202 
f 2759/3203 2757/3201 2758/3202 2760/3204 
f 2757/3201 2759/3203 2761/3205 2762/3206 
f 2751/3195 2757/3201 2762/3206 2753/3197 
f 2763/3207 2764/3208 2765/3209 2766/3210 
f 2767/3211 2763/3207 2766/3210 2761/3205 
f 2768/3212 2769/3213 2770/3214 2771/3215 
f 2772/3216 2768/3212 2771/3215 2744/3188 
f 2768/3212 2772/3216 2754/3198 2773/3217 
f 2769/3213 2768/3212 2773/3217 2774/3218 
f 2775/3219 2776/3220 2777/3221 2778/3222 
f 2779/3223 2775/3219 2778/3222 2780/3224 
f 2775/3219 2779/3223 2781/3225 2782/3226 
f 2776/3220 2775/3219 2782/3226 2745/3189 
f 2783/3227 2784/3228 2785/3229 2786/3230 
f 2787/3231 2783/3227 2786/3230 2788/3232 
f 2783/3227 2787/3231 2789/3233 2790/3234 
f 2784/3228 2783/3227 2790/3234 2791/3235 
f 2792/3236 2779/3223 2780/3224 2793/3237 
f 2794/3238 2792/3236 2793/3237 2795/3239 
f 2792/3236 2794/3238 2796/3240 2797/3241 
f 2779/3223 2792/3236 2797/3241 2781/3225 
f 2798/3242 2799/3243 2800/3244 2801/3245 
f 2802/3246 2798/3242 2801/3245 2803/3247 
f 2798/3242 2802/3246 2804/3248 2805/3249 
f 2799/3243 2798/3242 2805/3249 2806/3250 
f 2807/3251 2808/3252 2809/3253 2810/3254 
f 2811/3255 2807/3251 2810/3254 2812/3256 
f 2807/3251 2811/3255 2813/3257 2814/3258 
f 2808/3252 2807/3251 2814/3258 2815/3259 
f 2816/3260 2817/3261 2818/3262 2819/3263 
f 2820/3264 2816/3260 2819/3263 2821/3265 
f 2816/3260 2820/3264 2813/3257 2811/3255 
f 2817/3261 2816/3260 2811/3255 2812/3256 
f 2822/3266 2823/3267 2824/3268 2825/3269 
f 2826/3270 2822/3266 2825/3269 2827/3271 
f 2822/3266 2826/3270 2804/3248 2828/3272 
f 2823/3267 2822/3266 2828/3272 2815/3259 
f 2829/3273 2830/3274 2831/3275 2832/3276 
f 2833/3277 2829/3273 2832/3276 2834/3278 
f 2829/3273 2833/3277 2806/3250 2835/3279 
f 2830/3274 2829/3273 2835/3279 2836/3280 
f 2837/3281 2838/3282 2839/3283 2840/3284 
f 2841/3285 2837/3281 2840/3284 2842/3286 
f 2837/3281 2841/3285 2843/3287 2844/3288 
f 2838/3282 2837/3281 2844/3288 2845/3289 
f 2846/3290 2847/3291 2839/3283 2838/3282 
f 2848/3292 2846/3290 2838/3282 2845/3289 
f 2846/3290 2848/3292 2834/3278 2832/3276 
f 2847/3291 2846/3290 2832/3276 2831/3275 
f 2849/3293 2850/3294 2851/3295 2852/3296 
f 2853/3297 2849/3293 2852/3296 2854/3298 
f 2849/3293 2853/3297 2855/3299 2856/3300 
f 2850/3294 2849/3293 2856/3300 2857/3301 
f 2858/3302 2859/3303 2860/3304 2861/3305 
f 2862/3306 2858/3302 2861/3305 2863/3307 
f 2858/3302 2862/3306 2864/3308 2865/3309 
f 2859/3303 2858/3302 2865/3309 2866/3310 
f 2867/3311 2868/3312 2869/3313 2870/3314 
f 2871/3315 2867/3311 2870/3314 2872/3316 
f 2867/3311 2871/3315 2873/3317 2874/3318 
f 2868/3312 2867/3311 2874/3318 2875/3319 
f 2876/3320 2877/3321 2878/3322 2879/3323 
f 2880/3324 2876/3320 2879/3323 2881/3325 
f 2876/3320 2880/3324 2882/3326 2883/3327 
f 2877/3321 2876/3320 2883/3327 2884/3328 
f 2885/3329 2886/3330 2884/3328 2883/3327 
f 2887/3331 2885/3329 2883/3327 2882/3326 
f 2885/3329 2887/3331 2888/3332 2889/3333 
f 2886/3330 2885/3329 2889/3333 2890/3334 
f 2891/3335 2892/3336 2893/3337 2894/3338 
f 2895/3339 2891/3335 2894/3338 2896/3340 
f 2891/3335 2895/3339 2872/3316 2870/3314 
f 2892/3336 2891/3335 2870/3314 2869/3313 
f 2897/3341 2898/3342 2890/3334 2889/3333 
f 2899/3343 2897/3341 2889/3333 2888/3332 
f 2900/3344 2901/3345 2866/3310 2865/3309 
f 2902/3346 2900/3344 2865/3309 2864/3308 
f 2900/3344 2902/3346 2881/3325 2879/3323 
f 2901/3345 2900/3344 2879/3323 2878/3322 
f 2903/3347 2904/3348 2875/3319 2874/3318 
f 2905/3349 2903/3347 2874/3318 2873/3317 
f 2903/3347 2905/3349 2854/3298 2852/3296 
f 2904/3348 2903/3347 2852/3296 2851/3295 
f 2906/3350 2907/3351 2857/3301 2856/3300 
f 2908/3352 2906/3350 2856/3300 2855/3299 
f 2906/3350 2908/3352 2909/3353 2910/3354 
f 2907/3351 2906/3350 2910/3354 2911/3355 
f 2912/3356 2913/3357 2914/3358 2915/3359 
f 2916/3360 2912/3356 2915/3359 2917/3361 
f 2912/3356 2916/3360 2863/3307 2861/3305 
f 2913/3357 2912/3356 2861/3305 2860/3304 
f 2918/3362 2919/3363 2920/3364 2921/3365 
f 2922/3366 2918/3362 2921/3365 2923/3367 
f 2918/3362 2922/3366 2924/3368 2925/3369 
f 2919/3363 2918/3362 2925/3369 2926/3370 
f 2927/3371 2928/3372 2929/3373 2930/3374 
f 2931/3375 2927/3371 2930/3374 2932/3376 
f 2927/3371 2931/3375 2933/3377 2934/3378 
f 2928/3372 2927/3371 2934/3378 2935/3379 
f 2936/3380 2937/3381 2938/3382 2939/3383 
f 2940/3384 2936/3380 2939/3383 2941/3385 
f 2936/3380 2940/3384 2942/3386 2943/3387 
f 2937/3381 2936/3380 2943/3387 2944/3388 
f 2945/3389 2946/3390 2911/3355 2910/3354 
f 2947/3391 2945/3389 2910/3354 2909/3353 
f 2945/3389 2947/3391 2948/3392 2949/3393 
f 2946/3390 2945/3389 2949/3393 2950/3394 
f 2951/3395 2952/3396 2953/3397 2954/3398 
f 2955/3399 2951/3395 2954/3398 2956/3400 
f 2951/3395 2955/3399 2917/3361 2915/3359 
f 2952/3396 2951/3395 2915/3359 2914/3358 
f 2957/3401 2958/3402 2855/3299 2853/3297 
f 2959/3403 2957/3401 2853/3297 2854/3298 
f 2957/3401 2959/3403 2803/3247 2801/3245 
f 2958/3402 2957/3401 2801/3245 2800/3244 
f 2960/3404 2959/3403 2854/3298 2905/3349 
f 2961/3405 2960/3404 2905/3349 2873/3317 
f 2960/3404 2961/3405 2809/3253 2962/3406 
f 2959/3403 2960/3404 2962/3406 2803/3247 
f 2963/3407 2961/3405 2873/3317 2871/3315 
f 2964/3408 2963/3407 2871/3315 2872/3316 
f 2963/3407 2964/3408 2812/3256 2810/3254 
f 2961/3405 2963/3407 2810/3254 2809/3253 
f 2965/3409 2964/3408 2872/3316 2895/3339 
f 2966/3410 2965/3409 2895/3339 2896/3340 
f 2965/3409 2966/3410 2818/3262 2817/3261 
f 2964/3408 2965/3409 2817/3261 2812/3256 
f 2967/3411 2966/3410 2896/3340 2968/3412 
f 2969/3413 2970/3414 2967/3411 2968/3412 
f 2966/3410 2967/3411 2971/3415 2818/3262 
f 2972/3416 2973/3417 2888/3332 2887/3331 
f 2974/3418 2972/3416 2887/3331 2882/3326 
f 2972/3416 2974/3418 2975/3419 2976/3420 
f 2973/3417 2972/3416 2976/3420 2977/3421 
f 2978/3422 2974/3418 2882/3326 2880/3324 
f 2979/3423 2978/3422 2880/3324 2881/3325 
f 2978/3422 2979/3423 2824/3268 2980/3424 
f 2974/3418 2978/3422 2980/3424 2975/3419 
f 2981/3425 2979/3423 2881/3325 2902/3346 
f 2982/3426 2981/3425 2902/3346 2864/3308 
f 2981/3425 2982/3426 2827/3271 2825/3269 
f 2979/3423 2981/3425 2825/3269 2824/3268 
f 2983/3427 2982/3426 2864/3308 2862/3306 
f 2984/3428 2983/3427 2862/3306 2863/3307 
f 2983/3427 2984/3428 2836/3280 2985/3429 
f 2982/3426 2983/3427 2985/3429 2827/3271 
f 2986/3430 2984/3428 2863/3307 2916/3360 
f 2987/3431 2986/3430 2916/3360 2917/3361 
f 2986/3430 2987/3431 2831/3275 2830/3274 
f 2984/3428 2986/3430 2830/3274 2836/3280 
f 2988/3432 2987/3431 2917/3361 2955/3399 
f 2989/3433 2988/3432 2955/3399 2956/3400 
f 2988/3432 2989/3433 2839/3283 2847/3291 
f 2987/3431 2988/3432 2847/3291 2831/3275 
f 2990/3434 2991/3435 2933/3377 2931/3375 
f 2992/3436 2990/3434 2931/3375 2932/3376 
f 2990/3434 2992/3436 2993/3437 2994/3438 
f 2991/3435 2990/3434 2994/3438 2842/3286 
f 2995/3439 2996/3440 2997/3441 2998/3442 
f 2940/3384 2995/3439 2998/3442 2942/3386 
f 2995/3439 2940/3384 2941/3385 2999/3443 
f 2996/3440 2995/3439 2999/3443 3000/3444 
f 3001/3445 3002/3446 2948/3392 2947/3391 
f 3003/3447 3001/3445 2947/3391 2909/3353 
f 3001/3445 3003/3447 3004/3448 3005/3449 
f 3002/3446 3001/3445 3005/3449 3006/3450 
f 3007/3451 3003/3447 2909/3353 2908/3352 
f 2958/3402 3007/3451 2908/3352 2855/3299 
f 3007/3451 2958/3402 2800/3244 3008/3452 
f 3003/3447 3007/3451 3008/3452 3004/3448 
f 3009/3453 3010/3454 2770/3214 3011/3455 
f 3012/3456 3009/3453 3011/3455 3013/3457 
f 3009/3453 3012/3456 3014/3458 3015/3459 
f 3010/3454 3009/3453 3015/3459 2777/3221 
f 3016/3460 2740/3184 2747/3191 3017/3461 
f 3018/3462 3016/3460 3017/3461 3019/3463 
f 3016/3460 3018/3462 3020/3464 3021/3465 
f 2740/3184 3016/3460 3021/3465 2741/3185 
f 3022/3466 3023/3467 3024/3468 3025/3469 
f 3026/3470 3022/3466 3025/3469 3027/3471 
f 3022/3466 3026/3470 3028/3472 3029/3473 
f 3023/3467 3022/3466 3029/3473 2774/3218 
f 3030/3474 2749/3193 2756/3200 3031/3475 
f 3032/3476 3030/3474 3031/3475 3033/3477 
f 3030/3474 3032/3476 3034/3478 3035/3479 
f 2749/3193 3030/3474 3035/3479 2750/3194 
f 3036/3480 2758/3202 2750/3194 3035/3479 
f 3037/3481 3036/3480 3035/3479 3034/3478 
f 3036/3480 3037/3481 3038/3482 3039/3483 
f 2758/3202 3036/3480 3039/3483 2760/3204 
f 3040/3484 3041/3485 2765/3209 3042/3486 
f 3043/3487 3040/3484 3042/3486 3044/3488 
f 3040/3484 3043/3487 3027/3471 3025/3469 
f 3041/3485 3040/3484 3025/3469 3024/3468 
f 3045/3489 3046/3490 2760/3204 3039/3483 
f 3047/3491 3045/3489 3039/3483 3038/3482 
f 3048/3492 3049/3493 2741/3185 3021/3465 
f 3050/3494 3048/3492 3021/3465 3020/3464 
f 3048/3492 3050/3494 3033/3477 3031/3475 
f 3049/3493 3048/3492 3031/3475 2756/3200 
f 3051/3495 2769/3213 2774/3218 3029/3473 
f 3052/3496 3051/3495 3029/3473 3028/3472 
f 3051/3495 3052/3496 3013/3457 3011/3455 
f 2769/3213 3051/3495 3011/3455 2770/3214 
f 3053/3497 2778/3222 2777/3221 3015/3459 
f 3054/3498 3053/3497 3015/3459 3014/3458 
f 3053/3497 3054/3498 3055/3499 3056/3500 
f 2778/3222 3053/3497 3056/3500 2780/3224 
f 3057/3501 3058/3502 3059/3503 3060/3504 
f 3061/3505 3057/3501 3060/3504 3062/3506 
f 3057/3501 3061/3505 3019/3463 3017/3461 
f 3058/3502 3057/3501 3017/3461 2747/3191 
f 3063/3507 3064/3508 3065/3509 3066/3510 
f 3067/3511 3063/3507 3066/3510 3068/3512 
f 3063/3507 3067/3511 3069/3513 3070/3514 
f 3064/3508 3063/3507 3070/3514 3071/3515 
f 3072/3516 3073/3517 3074/3518 3075/3519 
f 2784/3228 3072/3516 3075/3519 2785/3229 
f 3072/3516 2784/3228 2791/3235 3076/3520 
f 3073/3517 3072/3516 3076/3520 3077/3521 
f 3078/3522 2793/3237 2780/3224 3056/3500 
f 3079/3523 3078/3522 3056/3500 3055/3499 
f 3078/3522 3079/3523 3080/3524 3081/3525 
f 2793/3237 3078/3522 3081/3525 2795/3239 
f 3082/3526 3083/3527 3084/3528 3085/3529 
f 3086/3530 3082/3526 3085/3529 3087/3531 
f 3082/3526 3086/3530 3062/3506 3060/3504 
f 3083/3527 3082/3526 3060/3504 3059/3503 
f 3088/3532 2996/3440 3000/3444 3089/3533 
f 3090/3534 3088/3532 3089/3533 2843/3287 
f 3088/3532 3090/3534 3091/3535 3092/3536 
f 2996/3440 3088/3532 3092/3536 2997/3441 
f 3093/3537 2991/3435 2842/3286 2840/3284 
f 2989/3433 3093/3537 2840/3284 2839/3283 
f 3093/3537 2989/3433 2956/3400 3094/3538 
f 2991/3435 3093/3537 3094/3538 2933/3377 
f 3095/3539 2934/3378 2933/3377 3094/3538 
f 2954/3398 3095/3539 3094/3538 2956/3400 
f 3095/3539 2954/3398 2953/3397 3096/3540 
f 2934/3378 3095/3539 3096/3540 2935/3379 
f 3097/3541 3098/3542 3087/3531 3085/3529 
f 3099/3543 3097/3541 3085/3529 3084/3528 
f 3097/3541 3099/3543 3071/3515 3070/3514 
f 3098/3542 3097/3541 3070/3514 3069/3513 
f 3100/3544 3101/3545 3071/3515 3099/3543 
f 3102/3546 3100/3544 3099/3543 3084/3528 
f 3100/3544 3102/3546 2796/3240 3103/3547 
f 3101/3545 3100/3544 3103/3547 2789/3233 
f 3104/3548 3076/3520 2791/3235 3105/3549 
f 3081/3525 3104/3548 3105/3549 2795/3239 
f 3104/3548 3081/3525 3080/3524 3106/3550 
f 3076/3520 3104/3548 3106/3550 3077/3521 
f 3107/3551 3108/3552 2950/3394 2949/3393 
f 3109/3553 3107/3551 2949/3393 2948/3392 
f 3107/3551 3109/3553 2941/3385 2939/3383 
f 3108/3552 3107/3551 2939/3383 2938/3382 
f 3110/3554 2999/3443 2941/3385 3109/3553 
f 3002/3446 3110/3554 3109/3553 2948/3392 
f 3110/3554 3002/3446 3006/3450 3111/3555 
f 2999/3443 3110/3554 3111/3555 3000/3444 
f 3112/3556 3113/3557 3114/3558 3115/3559 
f 3116/3560 3112/3556 3115/3559 3117/3561 
f 3112/3556 3116/3560 3118/3562 3119/3563 
f 3113/3557 3112/3556 3119/3563 3120/3564 
f 3121/3565 2786/3230 2785/3229 3122/3566 
f 3123/3567 3121/3565 3122/3566 3124/3568 
f 3121/3565 3123/3567 3125/3569 3126/3570 
f 2786/3230 3121/3565 3126/3570 2788/3232 
f 3127/3571 2992/3436 2932/3376 3128/3572 
f 3129/3573 3127/3571 3128/3572 3130/3574 
f 3127/3571 3129/3573 3131/3575 3132/3576 
f 2992/3436 3127/3571 3132/3576 2993/3437 
f 3133/3577 3134/3578 2944/3388 2943/3387 
f 3135/3579 3133/3577 2943/3387 2942/3386 
f 3133/3577 3135/3579 3136/3580 3137/3581 
f 3134/3578 3133/3577 3137/3581 3138/3582 
f 3139/3583 3140/3584 3130/3574 3128/3572 
f 2930/3374 3139/3583 3128/3572 2932/3376 
f 3139/3583 2930/3374 2929/3373 3141/3585 
f 3140/3584 3139/3583 3141/3585 2924/3586 
f 3142/3587 3066/3510 3065/3509 3143/3588 
f 3144/3589 3142/3587 3143/3588 3145/3590 
f 3142/3587 3144/3589 3146/3591 3147/3592 
f 3066/3510 3142/3587 3147/3592 3068/3512 
f 3148/3593 3149/3594 3114/3595 3150/3596 
f 3122/3566 3148/3593 3150/3596 3124/3568 
f 3148/3593 3122/3566 2785/3229 3075/3519 
f 3149/3594 3148/3593 3075/3519 3074/3518 
f 3151/3597 3152/3598 2993/3437 3132/3576 
f 3153/3599 3151/3597 3132/3576 3131/3575 
f 3151/3597 3153/3599 3154/3600 3155/3601 
f 3152/3598 3151/3597 3155/3601 3091/3535 
f 3156/3602 2998/3442 2997/3441 3157/3603 
f 3158/3604 3156/3602 3157/3603 3159/3605 
f 3156/3602 3158/3604 3136/3580 3135/3579 
f 2998/3442 3156/3602 3135/3579 2942/3386 
f 3160/3606 2743/3187 2744/3188 2771/3215 
f 3010/3454 3160/3606 2771/3215 2770/3214 
f 3160/3606 3010/3454 2777/3221 2776/3220 
f 2743/3187 3160/3606 2776/3220 2745/3189 
f 3161/3607 2752/3196 2753/3197 3162/3608 
f 3023/3467 3161/3607 3162/3608 3024/3468 
f 3161/3607 3023/3467 2774/3218 2773/3217 
f 2752/3196 3161/3607 2773/3217 2754/3198 
f 3163/3609 2762/3206 2761/3205 2766/3210 
f 3041/3485 3163/3609 2766/3210 2765/3209 
f 3163/3609 3041/3485 3024/3468 3162/3608 
f 2762/3206 3163/3609 3162/3608 2753/3197 
f 3164/3610 2767/3211 2761/3205 2759/3203 
f 3046/3490 3164/3610 2759/3203 2760/3204 
f 3165/3611 2772/3216 2744/3188 2742/3186 
f 3049/3493 3165/3611 2742/3186 2741/3185 
f 3165/3611 3049/3493 2756/3200 2755/3199 
f 2772/3216 3165/3611 2755/3199 2754/3198 
f 3166/3612 2782/3226 2781/3225 3167/3613 
f 3058/3502 3166/3612 3167/3613 3059/3503 
f 3166/3612 3058/3502 2747/3191 2746/3190 
f 2782/3226 3166/3612 2746/3190 2745/3189 
f 3168/3614 2787/3231 2788/3232 3169/3615 
f 3064/3508 3168/3614 3169/3615 3065/3509 
f 3168/3614 3064/3508 3071/3515 3101/3545 
f 2787/3231 3168/3614 3101/3545 2789/3233 
f 3170/3616 2797/3241 2796/3240 3102/3546 
f 3083/3527 3170/3616 3102/3546 3084/3528 
f 3170/3616 3083/3527 3059/3503 3167/3613 
f 2797/3241 3170/3616 3167/3613 2781/3225 
f 3171/3617 2805/3249 2804/3248 2826/3270 
f 2985/3429 3171/3617 2826/3270 2827/3271 
f 3171/3617 2985/3429 2836/3280 2835/3279 
f 2805/3249 3171/3617 2835/3279 2806/3250 
f 3172/3618 2814/3258 2813/3257 3173/3619 
f 2980/3424 3172/3618 3173/3619 2975/3419 
f 3172/3618 2980/3424 2824/3268 2823/3267 
f 2814/3258 3172/3618 2823/3267 2815/3259 
f 3174/3620 2820/3264 2821/3265 3175/3621 
f 2976/3420 3174/3620 3175/3621 2977/3421 
f 3174/3620 2976/3420 2975/3419 3173/3619 
f 2820/3264 3174/3620 3173/3619 2813/3257 
f 3176/3622 2828/3272 2804/3248 2802/3246 
f 2962/3406 3176/3622 2802/3246 2803/3247 
f 3176/3622 2962/3406 2809/3253 2808/3252 
f 2828/3272 3176/3622 2808/3252 2815/3259 
f 3177/3623 2833/3277 2834/3278 3178/3624 
f 3008/3452 3177/3623 3178/3624 3004/3448 
f 3177/3623 3008/3452 2800/3244 2799/3243 
f 2833/3277 3177/3623 2799/3243 2806/3250 
f 3179/3625 2844/3288 2843/3287 3089/3533 
f 3111/3555 3179/3625 3089/3533 3000/3444 
f 3179/3625 3111/3555 3006/3450 3180/3626 
f 2844/3288 3179/3625 3180/3626 2845/3289 
f 3181/3627 2848/3292 2845/3289 3180/3626 
f 3005/3449 3181/3627 3180/3626 3006/3450 
f 3181/3627 3005/3449 3004/3448 3178/3624 
f 2848/3292 3181/3627 3178/3624 2834/3278 
f 3182/3628 3183/3629 2821/3265 2819/3263 
f 2971/3415 3182/3628 2819/3263 2818/3262 
f 3184/3630 3090/3534 2843/3287 2841/3285 
f 2994/3438 3184/3630 2841/3285 2842/3286 
f 3184/3630 2994/3438 2993/3437 3152/3598 
f 3090/3534 3184/3630 3152/3598 3091/3535 
f 3185/3631 3103/3547 2796/3240 2794/3238 
f 3105/3549 3185/3631 2794/3238 2795/3239 
f 3185/3631 3105/3549 2791/3235 2790/3234 
f 3103/3547 3185/3631 2790/3234 2789/3233 
f 3186/3632 3187/3633 3188/3634 3189/3635 
f 3190/3636 3186/3632 3189/3635 3159/3637 
f 3186/3632 3190/3636 3154/3638 3191/3639 
f 3187/3633 3186/3632 3191/3639 3192/3640 
f 3193/3641 3126/3570 3125/3569 3194/3642 
f 3143/3588 3193/3641 3194/3642 3145/3590 
f 3193/3641 3143/3588 3065/3509 3169/3615 
f 3126/3570 3193/3641 3169/3615 2788/3232 
f 3195/3643 3155/3601 3154/3600 3190/3644 
f 3157/3603 3195/3643 3190/3644 3159/3605 
f 3195/3643 3157/3603 2997/3441 3092/3536 
f 3155/3601 3195/3643 3092/3536 3091/3535 
f 3196/3645 2850/3294 2857/3301 3197/3646 
f 3198/3647 3196/3645 3197/3646 3199/3648 
f 3196/3645 3198/3647 3200/3649 3201/3650 
f 2850/3294 3196/3645 3201/3650 2851/3295 
f 3202/3651 2859/3303 2866/3310 3203/3652 
f 3204/3653 3202/3651 3203/3652 3205/3654 
f 3202/3651 3204/3653 3206/3655 3207/3656 
f 2859/3303 3202/3651 3207/3656 2860/3304 
f 3208/3657 2868/3312 2875/3319 3209/3658 
f 3210/3659 3208/3657 3209/3658 3211/3660 
f 3208/3657 3210/3659 3212/3661 3213/3662 
f 2868/3312 3208/3657 3213/3662 2869/3313 
f 3214/3663 2877/3321 2884/3328 3215/3664 
f 3216/3665 3214/3663 3215/3664 3217/3666 
f 3214/3663 3216/3665 3218/3667 3219/3668 
f 2877/3321 3214/3663 3219/3668 2878/3322 
f 3220/3669 2886/3330 2890/3334 3221/3670 
f 3222/3671 3220/3669 3221/3670 3223/3672 
f 3220/3669 3222/3671 3217/3666 3215/3664 
f 2886/3330 3220/3669 3215/3664 2884/3328 
f 3224/3673 2892/3336 2869/3313 3213/3662 
f 3225/3674 3224/3673 3213/3662 3212/3661 
f 3224/3673 3225/3674 3226/3675 3227/3676 
f 2892/3336 3224/3673 3227/3676 2893/3337 
f 3228/3677 3229/3678 2893/3337 3227/3676 
f 3230/3679 3228/3677 3227/3676 3226/3675 
f 3231/3680 2901/3345 2878/3322 3219/3668 
f 3232/3681 3231/3680 3219/3668 3218/3667 
f 3231/3680 3232/3681 3205/3654 3203/3652 
f 2901/3345 3231/3680 3203/3652 2866/3310 
f 3233/3682 2904/3348 2851/3295 3201/3650 
f 3234/3683 3233/3682 3201/3650 3200/3649 
f 3233/3682 3234/3683 3211/3660 3209/3658 
f 2904/3348 3233/3682 3209/3658 2875/3319 
f 3235/3684 2907/3351 2911/3355 3236/3685 
f 3237/3686 3235/3684 3236/3685 3238/3687 
f 3235/3684 3237/3686 3199/3648 3197/3646 
f 2907/3351 3235/3684 3197/3646 2857/3301 
f 3239/3688 2913/3357 2860/3304 3207/3656 
f 3240/3689 3239/3688 3207/3656 3206/3655 
f 3239/3688 3240/3689 3241/3690 3242/3691 
f 2913/3357 3239/3688 3242/3691 2914/3358 
f 3243/3692 2928/3372 2935/3379 3244/3693 
f 3245/3694 3243/3692 3244/3693 3246/3695 
f 3243/3692 3245/3694 3247/3696 3248/3697 
f 2928/3372 3243/3692 3248/3697 2929/3373 
f 3249/3698 2937/3381 2944/3388 3250/3699 
f 3251/3700 3249/3698 3250/3699 3252/3701 
f 3249/3698 3251/3700 3253/3702 3254/3703 
f 2937/3381 3249/3698 3254/3703 2938/3382 
f 3255/3704 2946/3390 2950/3394 3256/3705 
f 3257/3706 3255/3704 3256/3705 3258/3707 
f 3255/3704 3257/3706 3238/3687 3236/3685 
f 2946/3390 3255/3704 3236/3685 2911/3355 
f 3259/3708 2952/3396 2914/3358 3242/3691 
f 3260/3709 3259/3708 3242/3691 3241/3690 
f 3259/3708 3260/3709 3261/3710 3262/3711 
f 2952/3396 3259/3708 3262/3711 2953/3397 
f 3263/3712 3012/3456 3013/3457 3264/3713 
f 3198/3714 3263/3712 3264/3713 3200/3715 
f 3263/3712 3198/3714 3199/3716 3265/3717 
f 3012/3456 3263/3712 3265/3717 3014/3458 
f 3266/3718 3018/3462 3019/3463 3267/3719 
f 3204/3720 3266/3718 3267/3719 3206/3721 
f 3266/3718 3204/3720 3205/3722 3268/3723 
f 3018/3462 3266/3718 3268/3723 3020/3464 
f 3269/3724 3026/3470 3027/3471 3270/3725 
f 3210/3726 3269/3724 3270/3725 3212/3727 
f 3269/3724 3210/3726 3211/3728 3271/3729 
f 3026/3470 3269/3724 3271/3729 3028/3472 
f 3272/3730 3032/3476 3033/3477 3273/3731 
f 3216/3732 3272/3730 3273/3731 3218/3733 
f 3272/3730 3216/3732 3217/3734 3274/3735 
f 3032/3476 3272/3730 3274/3735 3034/3478 
f 3275/3736 3037/3481 3034/3478 3274/3735 
f 3222/3737 3275/3736 3274/3735 3217/3734 
f 3275/3736 3222/3737 3223/3738 3276/3739 
f 3037/3481 3275/3736 3276/3739 3038/3482 
f 3277/3740 3043/3487 3044/3488 3278/3741 
f 3225/3742 3277/3740 3278/3741 3226/3743 
f 3277/3740 3225/3742 3212/3727 3270/3725 
f 3043/3487 3277/3740 3270/3725 3027/3471 
f 3279/3744 3047/3491 3038/3482 3276/3739 
f 3280/3745 3279/3744 3276/3739 3223/3738 
f 3281/3746 3050/3494 3020/3464 3268/3723 
f 3232/3747 3281/3746 3268/3723 3205/3722 
f 3281/3746 3232/3747 3218/3733 3273/3731 
f 3050/3494 3281/3746 3273/3731 3033/3477 
f 3282/3748 3052/3496 3028/3472 3271/3729 
f 3234/3749 3282/3748 3271/3729 3211/3728 
f 3282/3748 3234/3749 3200/3715 3264/3713 
f 3052/3496 3282/3748 3264/3713 3013/3457 
f 3283/3750 3054/3498 3014/3458 3265/3717 
f 3237/3751 3283/3750 3265/3717 3199/3716 
f 3283/3750 3237/3751 3238/3752 3284/3753 
f 3054/3498 3283/3750 3284/3753 3055/3499 
f 3285/3754 3061/3505 3062/3506 3286/3755 
f 3240/3756 3285/3754 3286/3755 3241/3757 
f 3285/3754 3240/3756 3206/3721 3267/3719 
f 3061/3505 3285/3754 3267/3719 3019/3463 
f 3287/3758 3067/3511 3068/3512 3288/3759 
f 3245/3760 3287/3758 3288/3759 3247/3761 
f 3287/3758 3245/3760 3246/3762 3289/3763 
f 3067/3511 3287/3758 3289/3763 3069/3513 
f 3290/3764 3073/3517 3077/3521 3291/3765 
f 3251/3766 3290/3764 3291/3765 3253/3767 
f 3290/3764 3251/3766 3252/3768 3292/3769 
f 3073/3517 3290/3764 3292/3769 3074/3518 
f 3293/3770 3079/3523 3055/3499 3284/3753 
f 3257/3771 3293/3770 3284/3753 3238/3752 
f 3293/3770 3257/3771 3258/3772 3294/3773 
f 3079/3523 3293/3770 3294/3773 3080/3524 
f 3295/3774 3086/3530 3087/3531 3296/3775 
f 3260/3776 3295/3774 3296/3775 3261/3777 
f 3295/3774 3260/3776 3241/3757 3286/3755 
f 3086/3530 3295/3774 3286/3755 3062/3506 
f 3297/3778 3096/3540 2953/3397 3262/3711 
f 3298/3779 3297/3778 3262/3711 3261/3710 
f 3297/3778 3298/3779 3246/3695 3244/3693 
f 3096/3540 3297/3778 3244/3693 2935/3379 
f 3299/3780 3098/3542 3069/3513 3289/3763 
f 3298/3781 3299/3780 3289/3763 3246/3762 
f 3299/3780 3298/3781 3261/3777 3296/3775 
f 3098/3542 3299/3780 3296/3775 3087/3531 
f 3300/3782 3106/3550 3080/3524 3294/3773 
f 3301/3783 3300/3782 3294/3773 3258/3772 
f 3300/3782 3301/3783 3253/3767 3291/3765 
f 3106/3550 3300/3782 3291/3765 3077/3521 
f 3302/3784 3108/3552 2938/3382 3254/3703 
f 3301/3785 3302/3784 3254/3703 3253/3702 
f 3302/3784 3301/3785 3258/3707 3256/3705 
f 3108/3552 3302/3784 3256/3705 2950/3394 
f 3303/3786 3134/3578 3138/3582 3304/3787 
f 3305/3788 3303/3786 3304/3787 3117/3789 
f 3303/3786 3305/3788 3252/3701 3250/3699 
f 3134/3578 3303/3786 3250/3699 2944/3388 
f 3306/3790 3141/3585 2929/3373 3248/3697 
f 3307/3791 3306/3790 3248/3697 3247/3696 
f 3306/3790 3307/3791 2926/3792 2925/3793 
f 3141/3585 3306/3790 2925/3793 2924/3586 
f 3308/3794 3147/3592 3146/3591 3309/3795 
f 3307/3796 3308/3794 3309/3795 2926/3797 
f 3308/3794 3307/3796 3247/3761 3288/3759 
f 3147/3592 3308/3794 3288/3759 3068/3512 
f 3310/3798 3149/3594 3074/3518 3292/3769 
f 3305/3799 3310/3798 3292/3769 3252/3768 
f 3310/3798 3305/3799 3117/3800 3115/3801 
f 3149/3594 3310/3798 3115/3801 3114/3595 
f 3311/3802 3304/3803 3138/3804 3312/3805 
f 3313/3806 3311/3802 3312/3805 3188/3634 
f 3311/3802 3313/3806 3118/3562 3116/3560 
f 3304/3803 3311/3802 3116/3560 3117/3561 
f 3314/3807 2919/3363 2926/3370 3309/3808 
f 3315/3809 3314/3807 3309/3808 3146/3810 
f 3314/3807 3315/3809 3316/3811 3317/3812 
f 2919/3363 3314/3807 3317/3812 2920/3364 
f 3318/3813 3319/3814 3320/3815 3321/3816 
f 3123/3817 3318/3813 3321/3816 3125/3818 
f 3318/3813 3123/3817 3124/3819 3322/3820 
f 3319/3814 3318/3813 3322/3820 3120/3564 
f 3323/3821 3113/3557 3120/3564 3322/3820 
f 3150/3822 3323/3821 3322/3820 3124/3819 
f 3323/3821 3150/3822 3114/3558 3113/3557 
f 3042/3486 3324/3823 3325/3824 3044/3488 
f 3324/3823 3042/3486 2765/3209 2764/3208 
f 2764/3208 3326/3825 3327/3826 3324/3823 
f 2894/3338 3328/3827 2968/3412 2896/3340 
f 3328/3827 2894/3338 2893/3337 3229/3678 
f 3329/3828 3330/3829 3328/3827 3229/3678 
f 3175/3621 3331/3830 3332/3831 2977/3421 
f 3331/3830 3175/3621 2821/3265 3183/3629 
f 3333/3832 3334/3833 3331/3830 3183/3629 
f 2973/3417 3335/3834 2899/3343 2888/3332 
f 3335/3834 2973/3417 2977/3421 3332/3831 
f 3336/3835 3337/3836 3335/3834 3332/3831 
f 3221/3670 3338/3837 3280/3838 3223/3672 
f 3338/3837 3221/3670 2890/3334 2898/3342 
f 2898/3342 3339/3839 3340/3840 3338/3837 
f 3278/3741 3341/3841 3230/3842 3226/3743 
f 3341/3841 3278/3741 3044/3488 3325/3824 
f 3342/3843 3343/3844 3341/3841 3325/3824 
f 3344/3845 3315/3809 3146/3810 3144/3846 
f 3345/3847 3344/3845 3144/3846 3145/3848 
f 3344/3845 3345/3847 3316/3811 3315/3809 
f 3346/3849 2922/3366 2923/3367 3347/3850 
f 3129/3851 3346/3849 3347/3850 3131/3852 
f 3346/3849 3129/3851 3130/3853 3140/3854 
f 2922/3366 3346/3849 3140/3854 2924/3368 
f 3348/3855 3349/3856 3316/3811 3345/3847 
f 3194/3857 3348/3855 3345/3847 3145/3848 
f 3348/3855 3194/3857 3125/3818 3321/3816 
f 3349/3856 3348/3855 3321/3816 3320/3815 
f 3350/3858 3351/3859 3192/3640 3191/3639 
f 3153/3860 3350/3858 3191/3639 3154/3638 
f 3350/3858 3153/3860 3131/3852 3347/3850 
f 3351/3859 3350/3858 3347/3850 2923/3367 
f 3352/3861 3312/3805 3138/3804 3137/3862 
f 3158/3863 3352/3861 3137/3862 3136/3864 
f 3352/3861 3158/3863 3159/3637 3189/3635 
f 3312/3805 3352/3861 3189/3635 3188/3634 
f 3353/3865 3319/3814 3120/3564 3119/3563 
f 3354/3866 3353/3865 3119/3563 3118/3562 
f 3353/3865 3354/3866 3355/3867 3356/3868 
f 3319/3814 3353/3865 3356/3868 3320/3815 
f 3357/3869 3349/3856 3320/3815 3356/3868 
f 3358/3870 3357/3869 3356/3868 3355/3867 
f 3357/3869 3358/3870 2920/3364 3317/3812 
f 3349/3856 3357/3869 3317/3812 3316/3811 
f 3359/3871 3351/3859 2923/3367 2921/3365 
f 3358/3870 3359/3871 2921/3365 2920/3364 
f 3359/3871 3358/3870 3355/3867 3360/3872 
f 3351/3859 3359/3871 3360/3872 3192/3640 
f 3361/3873 3187/3633 3192/3640 3360/3872 
f 3354/3866 3361/3873 3360/3872 3355/3867 
f 3361/3873 3354/3866 3118/3562 3313/3806 
f 3187/3633 3361/3873 3313/3806 3188/3634 
f 3362/3874 2763/3207 2767/3211 3363/3875 
f 3326/3825 2764/3208 2763/3207 3362/3874 
f 3364/3876 2897/3341 2899/3343 3365/3877 
f 3339/3839 2898/3342 2897/3341 3364/3876 
f 2971/3415 2967/3411 2970/3414 3366/3878 
f 3367/3879 3045/3489 3047/3491 3368/3880 
f 3369/3881 3046/3490 3045/3489 3367/3879 
f 3370/3882 3164/3610 3046/3490 3369/3881 
f 3363/3875 2767/3211 3164/3610 3370/3882 
f 3182/3628 2971/3415 3366/3878 3371/3883 
f 3183/3629 3182/3628 3371/3883 3333/3832 
f 3228/3677 3230/3679 3372/3884 3373/3885 
f 3229/3678 3228/3677 3373/3885 3329/3828 
f 3279/3744 3280/3745 3374/3886 3375/3887 
f 3368/3880 3047/3491 3279/3744 3375/3887 
f 3342/3843 3325/3824 3324/3823 3327/3826 
f 2968/3412 3328/3827 3330/3829 2969/3413 
f 3332/3831 3331/3830 3334/3833 3336/3835 
f 3365/3877 2899/3343 3335/3834 3337/3836 
f 3280/3838 3338/3837 3340/3840 3374/3888 
f 3230/3842 3341/3841 3343/3844 3372/3889 
f 3376/3890 3377/3891 3378/3892 3379/3893 
f 3380/3894 3381/3895 3377/3891 3376/3890 
f 3376/3890 3382/3896 3383/3897 3380/3894 
f 3379/3893 3384/3898 3382/3896 3376/3890 
f 3385/3899 3386/3900 3387/3901 3388/3902 
f 3389/3903 3390/3904 3386/3900 3385/3899 
f 3385/3899 3391/3905 3392/3906 3389/3903 
f 3388/3902 3393/3907 3391/3905 3385/3899 
f 3394/3908 3395/3909 3387/3901 3386/3900 
f 3396/3910 3397/3911 3395/3909 3394/3908 
f 3394/3908 3398/3912 3399/3913 3396/3910 
f 3386/3900 3390/3904 3398/3912 3394/3908 
f 3400/3914 3401/3915 3402/3916 3403/3917 
f 3404/3918 3399/3913 3401/3915 3400/3914 
f 3405/3919 3406/3920 3407/3921 3408/3922 
f 3409/3923 3381/3895 3406/3920 3405/3919 
f 3405/3919 3410/3924 3392/3906 3409/3923 
f 3408/3922 3411/3925 3410/3924 3405/3919 
f 3412/3926 3413/3927 3414/3928 3415/3929 
f 3416/3930 3417/3931 3413/3927 3412/3926 
f 3412/3926 3418/3932 3419/3933 3416/3930 
f 3415/3929 3383/3897 3418/3932 3412/3926 
f 3420/3934 3421/3935 3422/3936 3423/3937 
f 3424/3938 3425/3939 3421/3935 3420/3934 
f 3420/3934 3426/3940 3427/3941 3424/3938 
f 3423/3937 3428/3942 3426/3940 3420/3934 
f 3429/3943 3430/3944 3417/3931 3416/3930 
f 3431/3945 3432/3946 3430/3944 3429/3943 
f 3429/3943 3433/3947 3434/3948 3431/3945 
f 3416/3930 3419/3933 3433/3947 3429/3943 
f 3435/3949 3436/3950 3437/3951 3438/3952 
f 3439/3953 3440/3954 3436/3950 3435/3949 
f 3435/3949 3441/3955 3442/3956 3439/3953 
f 3438/3952 3443/3957 3441/3955 3435/3949 
f 3444/3958 3445/3959 3446/3960 3447/3961 
f 3448/3962 3449/3963 3445/3959 3444/3958 
f 3444/3958 3450/3964 3451/3965 3448/3962 
f 3447/3961 3452/3966 3450/3964 3444/3958 
f 3453/3967 3454/3968 3455/3969 3456/3970 
f 3457/3971 3458/3972 3454/3968 3453/3967 
f 3453/3967 3448/3962 3451/3965 3457/3971 
f 3456/3970 3449/3963 3448/3962 3453/3967 
f 3459/3973 3460/3974 3461/3975 3462/3976 
f 3463/3977 3464/3978 3460/3974 3459/3973 
f 3459/3973 3465/3979 3442/3956 3463/3977 
f 3462/3976 3452/3966 3465/3979 3459/3973 
f 3466/3980 3467/3981 3468/3982 3469/3983 
f 3470/3984 3471/3985 3467/3981 3466/3980 
f 3466/3980 3472/3986 3443/3957 3470/3984 
f 3469/3983 3473/3987 3472/3986 3466/3980 
f 3474/3988 3475/3989 3476/3990 3477/3991 
f 3478/3992 3479/3993 3475/3989 3474/3988 
f 3474/3988 3480/3994 3481/3995 3478/3992 
f 3477/3991 3482/3996 3480/3994 3474/3988 
f 3483/3997 3477/3991 3476/3990 3484/3998 
f 3485/3999 3482/3996 3477/3991 3483/3997 
f 3483/3997 3467/3981 3471/3985 3485/3999 
f 3484/3998 3468/3982 3467/3981 3483/3997 
f 3486/4000 3487/4001 3488/4002 3489/4003 
f 3490/4004 3491/4005 3487/4001 3486/4000 
f 3486/4000 3492/4006 3493/4007 3490/4004 
f 3489/4003 3494/4008 3492/4006 3486/4000 
f 3495/4009 3496/4010 3497/4011 3498/4012 
f 3499/4013 3500/4014 3496/4010 3495/4009 
f 3495/4009 3501/4015 3502/4016 3499/4013 
f 3498/4012 3503/4017 3501/4015 3495/4009 
f 3504/4018 3505/4019 3506/4020 3507/4021 
f 3508/4022 3509/4023 3505/4019 3504/4018 
f 3504/4018 3510/4024 3511/4025 3508/4022 
f 3507/4021 3512/4026 3510/4024 3504/4018 
f 3513/4027 3514/4028 3515/4029 3516/4030 
f 3517/4031 3518/4032 3514/4028 3513/4027 
f 3513/4027 3519/4033 3520/4034 3517/4031 
f 3516/4030 3521/4035 3519/4033 3513/4027 
f 3522/4036 3519/4033 3521/4035 3523/4037 
f 3524/4038 3520/4034 3519/4033 3522/4036 
f 3522/4036 3525/4039 3526/4040 3524/4038 
f 3523/4037 3527/4041 3525/4039 3522/4036 
f 3528/4042 3529/4043 3530/4044 3531/4045 
f 3532/4046 3533/4047 3529/4043 3528/4042 
f 3528/4042 3505/4019 3509/4023 3532/4046 
f 3531/4045 3506/4020 3505/4019 3528/4042 
f 3534/4048 3525/4039 3527/4041 3535/4049 
f 3536/4050 3526/4040 3525/4039 3534/4048 
f 3537/4051 3501/4015 3503/4017 3538/4052 
f 3539/4053 3502/4016 3501/4015 3537/4051 
f 3537/4051 3514/4028 3518/4032 3539/4053 
f 3538/4052 3515/4029 3514/4028 3537/4051 
f 3540/4054 3510/4024 3512/4026 3541/4055 
f 3542/4056 3511/4025 3510/4024 3540/4054 
f 3540/4054 3487/4001 3491/4005 3542/4056 
f 3541/4055 3488/4002 3487/4001 3540/4054 
f 3543/4057 3492/4006 3494/4008 3544/4058 
f 3545/4059 3493/4007 3492/4006 3543/4057 
f 3543/4057 3546/4060 3547/4061 3545/4059 
f 3544/4058 3548/4062 3546/4060 3543/4057 
f 3549/4063 3550/4064 3551/4065 3552/4066 
f 3553/4067 3554/4068 3550/4064 3549/4063 
f 3549/4063 3496/4010 3500/4014 3553/4067 
f 3552/4066 3497/4011 3496/4010 3549/4063 
f 3555/4069 3556/4070 3557/4071 3558/4072 
f 3559/4073 3560/4074 3556/4070 3555/4069 
f 3555/4069 3561/4075 3562/4076 3559/4073 
f 3558/4072 3563/4077 3561/4075 3555/4069 
f 3564/4078 3565/4079 3566/4080 3567/4081 
f 3568/4082 3569/4083 3565/4079 3564/4078 
f 3564/4078 3570/4084 3571/4085 3568/4082 
f 3567/4081 3572/4086 3570/4084 3564/4078 
f 3573/4087 3574/4088 3575/4089 3576/4090 
f 3577/4091 3578/4092 3574/4088 3573/4087 
f 3573/4087 3579/4093 3580/4094 3577/4091 
f 3576/4090 3581/4095 3579/4093 3573/4087 
f 3582/4096 3546/4060 3548/4062 3583/4097 
f 3584/4098 3547/4061 3546/4060 3582/4096 
f 3582/4096 3585/4099 3586/4100 3584/4098 
f 3583/4097 3587/4101 3585/4099 3582/4096 
f 3588/4102 3589/4103 3590/4104 3591/4105 
f 3592/4106 3593/4107 3589/4103 3588/4102 
f 3588/4102 3550/4064 3554/4068 3592/4106 
f 3591/4105 3551/4065 3550/4064 3588/4102 
f 3594/4108 3490/4004 3493/4007 3595/4109 
f 3596/4110 3491/4005 3490/4004 3594/4108 
f 3594/4108 3436/3950 3440/3954 3596/4110 
f 3595/4109 3437/3951 3436/3950 3594/4108 
f 3597/4111 3542/4056 3491/4005 3596/4110 
f 3598/4112 3511/4025 3542/4056 3597/4111 
f 3597/4111 3599/4113 3446/3960 3598/4112 
f 3596/4110 3440/3954 3599/4113 3597/4111 
f 3600/4114 3508/4022 3511/4025 3598/4112 
f 3601/4115 3509/4023 3508/4022 3600/4114 
f 3600/4114 3445/3959 3449/3963 3601/4115 
f 3598/4112 3446/3960 3445/3959 3600/4114 
f 3602/4116 3532/4046 3509/4023 3601/4115 
f 3603/4117 3533/4047 3532/4046 3602/4116 
f 3602/4116 3456/3970 3455/3969 3603/4117 
f 3601/4115 3449/3963 3456/3970 3602/4116 
f 3604/4118 3605/4119 3533/4047 3603/4117 
f 2969/3413 3605/4119 3604/4118 2970/3414 
f 3603/4117 3455/3969 3606/4120 3604/4118 
f 3607/4121 3524/4038 3526/4040 3608/4122 
f 3609/4123 3520/4034 3524/4038 3607/4121 
f 3607/4121 3610/4124 3611/4125 3609/4123 
f 3608/4122 3612/4126 3610/4124 3607/4121 
f 3613/4127 3517/4031 3520/4034 3609/4123 
f 3614/4128 3518/4032 3517/4031 3613/4127 
f 3613/4127 3615/4129 3461/3975 3614/4128 
f 3609/4123 3611/4125 3615/4129 3613/4127 
f 3616/4130 3539/4053 3518/4032 3614/4128 
f 3617/4131 3502/4016 3539/4053 3616/4130 
f 3616/4130 3460/3974 3464/3978 3617/4131 
f 3614/4128 3461/3975 3460/3974 3616/4130 
f 3618/4132 3499/4013 3502/4016 3617/4131 
f 3619/4133 3500/4014 3499/4013 3618/4132 
f 3618/4132 3620/4134 3473/3987 3619/4133 
f 3617/4131 3464/3978 3620/4134 3618/4132 
f 3621/4135 3553/4067 3500/4014 3619/4133 
f 3622/4136 3554/4068 3553/4067 3621/4135 
f 3621/4135 3469/3983 3468/3982 3622/4136 
f 3619/4133 3473/3987 3469/3983 3621/4135 
f 3623/4137 3592/4106 3554/4068 3622/4136 
f 3624/4138 3593/4107 3592/4106 3623/4137 
f 3623/4137 3484/3998 3476/3990 3624/4138 
f 3622/4136 3468/3982 3484/3998 3623/4137 
f 3625/4139 3568/4082 3571/4085 3626/4140 
f 3627/4141 3569/4083 3568/4082 3625/4139 
f 3625/4139 3628/4142 3629/4143 3627/4141 
f 3626/4140 3479/3993 3628/4142 3625/4139 
f 3630/4144 3631/4145 3632/4146 3633/4147 
f 3577/4091 3580/4094 3631/4145 3630/4144 
f 3630/4144 3634/4148 3578/4092 3577/4091 
f 3633/4147 3635/4149 3634/4148 3630/4144 
f 3636/4150 3584/4098 3586/4100 3637/4151 
f 3638/4152 3547/4061 3584/4098 3636/4150 
f 3636/4150 3639/4153 3640/4154 3638/4152 
f 3637/4151 3641/4155 3639/4153 3636/4150 
f 3642/4156 3545/4059 3547/4061 3638/4152 
f 3595/4109 3493/4007 3545/4059 3642/4156 
f 3642/4156 3643/4157 3437/3951 3595/4109 
f 3638/4152 3640/4154 3643/4157 3642/4156 
f 3644/4158 3645/4159 3407/3921 3646/4160 
f 3647/4161 3648/4162 3645/4159 3644/4158 
f 3644/4158 3649/4163 3650/4164 3647/4161 
f 3646/4160 3414/3928 3649/4163 3644/4158 
f 3651/4165 3652/4166 3384/3898 3379/3893 
f 3653/4167 3654/4168 3652/4166 3651/4165 
f 3651/4165 3655/4169 3656/4170 3653/4167 
f 3379/3893 3378/3892 3655/4169 3651/4165 
f 3657/4171 3658/4172 3659/4173 3660/4174 
f 3661/4175 3662/4176 3658/4172 3657/4171 
f 3657/4171 3663/4177 3664/4178 3661/4175 
f 3660/4174 3411/3925 3663/4177 3657/4171 
f 3665/4179 3666/4180 3393/3907 3388/3902 
f 3667/4181 3668/4182 3666/4180 3665/4179 
f 3665/4179 3669/4183 3670/4184 3667/4181 
f 3388/3902 3387/3901 3669/4183 3665/4179 
f 3671/4185 3669/4183 3387/3901 3395/3909 
f 3672/4186 3670/4184 3669/4183 3671/4185 
f 3671/4185 3673/4187 3674/4188 3672/4186 
f 3395/3909 3397/3911 3673/4187 3671/4185 
f 3675/4189 3676/4190 3402/3916 3677/4191 
f 3678/4192 3679/4193 3676/4190 3675/4189 
f 3675/4189 3658/4172 3662/4176 3678/4192 
f 3677/4191 3659/4173 3658/4172 3675/4189 
f 3680/4194 3673/4187 3397/3911 3681/4195 
f 3682/4196 3674/4188 3673/4187 3680/4194 
f 3683/4197 3655/4169 3378/3892 3684/4198 
f 3685/4199 3656/4170 3655/4169 3683/4197 
f 3683/4197 3666/4180 3668/4182 3685/4199 
f 3684/4198 3393/3907 3666/4180 3683/4197 
f 3686/4200 3663/4177 3411/3925 3408/3922 
f 3687/4201 3664/4178 3663/4177 3686/4200 
f 3686/4200 3645/4159 3648/4162 3687/4201 
f 3408/3922 3407/3921 3645/4159 3686/4200 
f 3688/4202 3649/4163 3414/3928 3413/3927 
f 3689/4203 3650/4164 3649/4163 3688/4202 
f 3688/4202 3690/4204 3691/4205 3689/4203 
f 3413/3927 3417/3931 3690/4204 3688/4202 
f 3692/4206 3693/4207 3694/4208 3695/4209 
f 3696/4210 3697/4211 3693/4207 3692/4206 
f 3692/4206 3652/4166 3654/4168 3696/4210 
f 3695/4209 3384/3898 3652/4166 3692/4206 
f 3698/4212 3699/4213 3700/4214 3701/4215 
f 3702/4216 3703/4217 3699/4213 3698/4212 
f 3698/4212 3704/4218 3705/4219 3702/4216 
f 3701/4215 3706/4220 3704/4218 3698/4212 
f 3707/4221 3708/4222 3709/4223 3710/4224 
f 3423/3937 3422/3936 3708/4222 3707/4221 
f 3707/4221 3711/4225 3428/3942 3423/3937 
f 3710/4224 3712/4226 3711/4225 3707/4221 
f 3713/4227 3690/4204 3417/3931 3430/3944 
f 3714/4228 3691/4205 3690/4204 3713/4227 
f 3713/4227 3715/4229 3716/4230 3714/4228 
f 3430/3944 3432/3946 3715/4229 3713/4227 
f 3717/4231 3718/4232 3719/4233 3720/4234 
f 3721/4235 3722/4236 3718/4232 3717/4231 
f 3717/4231 3693/4207 3697/4211 3721/4235 
f 3720/4234 3694/4208 3693/4207 3717/4231 
f 3723/4237 3724/4238 3635/4149 3633/4147 
f 3725/4239 3481/3995 3724/4238 3723/4237 
f 3723/4237 3726/4240 3727/4241 3725/4239 
f 3633/4147 3632/4146 3726/4240 3723/4237 
f 3728/4242 3475/3989 3479/3993 3626/4140 
f 3624/4138 3476/3990 3475/3989 3728/4242 
f 3728/4242 3729/4243 3593/4107 3624/4138 
f 3626/4140 3571/4085 3729/4243 3728/4242 
f 3730/4244 3729/4243 3571/4085 3570/4084 
f 3589/4103 3593/4107 3729/4243 3730/4244 
f 3730/4244 3731/4245 3590/4104 3589/4103 
f 3570/4084 3572/4086 3731/4245 3730/4244 
f 3732/4246 3718/4232 3722/4236 3733/4247 
f 3734/4248 3719/4233 3718/4232 3732/4246 
f 3732/4246 3704/4218 3706/4220 3734/4248 
f 3733/4247 3705/4219 3704/4218 3732/4246 
f 3735/4249 3734/4248 3706/4220 3736/4250 
f 3737/4251 3719/4233 3734/4248 3735/4249 
f 3735/4249 3738/4252 3434/3948 3737/4251 
f 3736/4250 3427/3941 3738/4252 3735/4249 
f 3739/4253 3740/4254 3428/3942 3711/4225 
f 3715/4229 3432/3946 3740/4254 3739/4253 
f 3739/4253 3741/4255 3716/4230 3715/4229 
f 3711/4225 3712/4226 3741/4255 3739/4253 
f 3742/4256 3585/4099 3587/4101 3743/4257 
f 3744/4258 3586/4100 3585/4099 3742/4256 
f 3742/4256 3574/4088 3578/4092 3744/4258 
f 3743/4257 3575/4089 3574/4088 3742/4256 
f 3745/4259 3744/4258 3578/4092 3634/4148 
f 3637/4151 3586/4100 3744/4258 3745/4259 
f 3745/4259 3746/4260 3641/4155 3637/4151 
f 3634/4148 3635/4149 3746/4260 3745/4259 
f 3747/4261 3748/4262 3749/4263 3750/4264 
f 3751/4265 3752/4266 3748/4262 3747/4261 
f 3747/4261 3753/4267 3754/4268 3751/4265 
f 3750/4264 3755/4269 3753/4267 3747/4261 
f 3756/4270 3757/4271 3422/3936 3421/3935 
f 3758/4272 3759/4273 3757/4271 3756/4270 
f 3756/4270 3760/4274 3761/4275 3758/4272 
f 3421/3935 3425/3939 3760/4274 3756/4270 
f 3762/4276 3763/4277 3569/4083 3627/4141 
f 3764/4278 3765/4279 3763/4277 3762/4276 
f 3762/4276 3766/4280 3767/4281 3764/4278 
f 3627/4141 3629/4143 3766/4280 3762/4276 
f 3768/4282 3579/4093 3581/4095 3769/4283 
f 3770/4284 3580/4094 3579/4093 3768/4282 
f 3768/4282 3771/4285 3772/4286 3770/4284 
f 3769/4283 3773/4287 3771/4285 3768/4282 
f 3774/4288 3763/4277 3765/4279 3775/4289 
f 3565/4079 3569/4083 3763/4277 3774/4288 
f 3774/4288 3776/4290 3566/4080 3565/4079 
f 3775/4289 3562/4291 3776/4290 3774/4288 
f 3777/4292 3778/4293 3700/4214 3699/4213 
f 3779/4294 3780/4295 3778/4293 3777/4292 
f 3777/4292 3781/4296 3782/4297 3779/4294 
f 3699/4213 3703/4217 3781/4296 3777/4292 
f 3783/4298 3784/4299 3749/4300 3785/4301 
f 3757/4271 3759/4273 3784/4299 3783/4298 
f 3783/4298 3708/4222 3422/3936 3757/4271 
f 3785/4301 3709/4223 3708/4222 3783/4298 
f 3786/4302 3766/4280 3629/4143 3787/4303 
f 3788/4304 3767/4281 3766/4280 3786/4302 
f 3786/4302 3789/4305 3790/4306 3788/4304 
f 3787/4303 3727/4241 3789/4305 3786/4302 
f 3791/4307 3792/4308 3632/4146 3631/4145 
f 3793/4309 3794/4310 3792/4308 3791/4307 
f 3791/4307 3770/4284 3772/4286 3793/4309 
f 3631/4145 3580/4094 3770/4284 3791/4307 
f 3795/4311 3406/3920 3381/3895 3380/3894 
f 3646/4160 3407/3921 3406/3920 3795/4311 
f 3795/4311 3415/3929 3414/3928 3646/4160 
f 3380/3894 3383/3897 3415/3929 3795/4311 
f 3796/4312 3797/4313 3390/3904 3389/3903 
f 3660/4174 3659/4173 3797/4313 3796/4312 
f 3796/4312 3410/3924 3411/3925 3660/4174 
f 3389/3903 3392/3906 3410/3924 3796/4312 
f 3798/4314 3401/3915 3399/3913 3398/3912 
f 3677/4191 3402/3916 3401/3915 3798/4314 
f 3798/4314 3797/4313 3659/4173 3677/4191 
f 3398/3912 3390/3904 3797/4313 3798/4314 
f 3799/4315 3396/3910 3399/3913 3404/3918 
f 3681/4195 3397/3911 3396/3910 3799/4315 
f 3800/4316 3377/3891 3381/3895 3409/3923 
f 3684/4198 3378/3892 3377/3891 3800/4316 
f 3800/4316 3391/3905 3393/3907 3684/4198 
f 3409/3923 3392/3906 3391/3905 3800/4316 
f 3801/4317 3802/4318 3419/3933 3418/3932 
f 3695/4209 3694/4208 3802/4318 3801/4317 
f 3801/4317 3382/3896 3384/3898 3695/4209 
f 3418/3932 3383/3897 3382/3896 3801/4317 
f 3803/4319 3804/4320 3425/3939 3424/3938 
f 3701/4215 3700/4214 3804/4320 3803/4319 
f 3803/4319 3736/4250 3706/4220 3701/4215 
f 3424/3938 3427/3941 3736/4250 3803/4319 
f 3805/4321 3737/4251 3434/3948 3433/3947 
f 3720/4234 3719/4233 3737/4251 3805/4321 
f 3805/4321 3802/4318 3694/4208 3720/4234 
f 3433/3947 3419/3933 3802/4318 3805/4321 
f 3806/4322 3463/3977 3442/3956 3441/3955 
f 3620/4134 3464/3978 3463/3977 3806/4322 
f 3806/4322 3472/3986 3473/3987 3620/4134 
f 3441/3955 3443/3957 3472/3986 3806/4322 
f 3807/4323 3808/4324 3451/3965 3450/3964 
f 3615/4129 3611/4125 3808/4324 3807/4323 
f 3807/4323 3462/3976 3461/3975 3615/4129 
f 3450/3964 3452/3966 3462/3976 3807/4323 
f 3809/4325 3810/4326 3458/3972 3457/3971 
f 3610/4124 3612/4126 3810/4326 3809/4325 
f 3809/4325 3808/4324 3611/4125 3610/4124 
f 3457/3971 3451/3965 3808/4324 3809/4325 
f 3811/4327 3439/3953 3442/3956 3465/3979 
f 3599/4113 3440/3954 3439/3953 3811/4327 
f 3811/4327 3447/3961 3446/3960 3599/4113 
f 3465/3979 3452/3966 3447/3961 3811/4327 
f 3812/4328 3813/4329 3471/3985 3470/3984 
f 3643/4157 3640/4154 3813/4329 3812/4328 
f 3812/4328 3438/3952 3437/3951 3643/4157 
f 3470/3984 3443/3957 3438/3952 3812/4328 
f 3814/4330 3724/4238 3481/3995 3480/3994 
f 3746/4260 3635/4149 3724/4238 3814/4330 
f 3814/4330 3815/4331 3641/4155 3746/4260 
f 3480/3994 3482/3996 3815/4331 3814/4330 
f 3816/4332 3815/4331 3482/3996 3485/3999 
f 3639/4153 3641/4155 3815/4331 3816/4332 
f 3816/4332 3813/4329 3640/4154 3639/4153 
f 3485/3999 3471/3985 3813/4329 3816/4332 
f 3817/4333 3454/3968 3458/3972 3818/4334 
f 3606/4120 3455/3969 3454/3968 3817/4333 
f 3819/4335 3478/3992 3481/3995 3725/4239 
f 3628/4142 3479/3993 3478/3992 3819/4335 
f 3819/4335 3787/4303 3629/4143 3628/4142 
f 3725/4239 3727/4241 3787/4303 3819/4335 
f 3820/4336 3431/3945 3434/3948 3738/4252 
f 3740/4254 3432/3946 3431/3945 3820/4336 
f 3820/4336 3426/3940 3428/3942 3740/4254 
f 3738/4252 3427/3941 3426/3940 3820/4336 
f 3821/4337 3822/4338 3823/4339 3824/4340 
f 3825/4341 3794/4342 3822/4338 3821/4337 
f 3821/4337 3826/4343 3790/4344 3825/4341 
f 3824/4340 3827/4345 3826/4343 3821/4337 
f 3828/4346 3829/4347 3761/4275 3760/4274 
f 3778/4293 3780/4295 3829/4347 3828/4346 
f 3828/4346 3804/4320 3700/4214 3778/4293 
f 3760/4274 3425/3939 3804/4320 3828/4346 
f 3830/4348 3825/4349 3790/4306 3789/4305 
f 3792/4308 3794/4310 3825/4349 3830/4348 
f 3830/4348 3726/4240 3632/4146 3792/4308 
f 3789/4305 3727/4241 3726/4240 3830/4348 
f 3831/4350 3832/4351 3494/4008 3489/4003 
f 3833/4352 3834/4353 3832/4351 3831/4350 
f 3831/4350 3835/4354 3836/4355 3833/4352 
f 3489/4003 3488/4002 3835/4354 3831/4350 
f 3837/4356 3838/4357 3503/4017 3498/4012 
f 3839/4358 3840/4359 3838/4357 3837/4356 
f 3837/4356 3841/4360 3842/4361 3839/4358 
f 3498/4012 3497/4011 3841/4360 3837/4356 
f 3843/4362 3844/4363 3512/4026 3507/4021 
f 3845/4364 3846/4365 3844/4363 3843/4362 
f 3843/4362 3847/4366 3848/4367 3845/4364 
f 3507/4021 3506/4020 3847/4366 3843/4362 
f 3849/4368 3850/4369 3521/4035 3516/4030 
f 3851/4370 3852/4371 3850/4369 3849/4368 
f 3849/4368 3853/4372 3854/4373 3851/4370 
f 3516/4030 3515/4029 3853/4372 3849/4368 
f 3855/4374 3856/4375 3527/4041 3523/4037 
f 3857/4376 3858/4377 3856/4375 3855/4374 
f 3855/4374 3850/4369 3852/4371 3857/4376 
f 3523/4037 3521/4035 3850/4369 3855/4374 
f 3859/4378 3847/4366 3506/4020 3531/4045 
f 3860/4379 3848/4367 3847/4366 3859/4378 
f 3859/4378 3861/4380 3862/4381 3860/4379 
f 3531/4045 3530/4044 3861/4380 3859/4378 
f 3863/4382 3861/4380 3530/4044 3864/4383 
f 3865/4384 3862/4381 3861/4380 3863/4382 
f 3866/4385 3853/4372 3515/4029 3538/4052 
f 3867/4386 3854/4373 3853/4372 3866/4385 
f 3866/4385 3838/4357 3840/4359 3867/4386 
f 3538/4052 3503/4017 3838/4357 3866/4385 
f 3868/4387 3835/4354 3488/4002 3541/4055 
f 3869/4388 3836/4355 3835/4354 3868/4387 
f 3868/4387 3844/4363 3846/4365 3869/4388 
f 3541/4055 3512/4026 3844/4363 3868/4387 
f 3870/4389 3871/4390 3548/4062 3544/4058 
f 3872/4391 3873/4392 3871/4390 3870/4389 
f 3870/4389 3832/4351 3834/4353 3872/4391 
f 3544/4058 3494/4008 3832/4351 3870/4389 
f 3874/4393 3841/4360 3497/4011 3552/4066 
f 3875/4394 3842/4361 3841/4360 3874/4393 
f 3874/4393 3876/4395 3877/4396 3875/4394 
f 3552/4066 3551/4065 3876/4395 3874/4393 
f 3878/4397 3879/4398 3572/4086 3567/4081 
f 3880/4399 3881/4400 3879/4398 3878/4397 
f 3878/4397 3882/4401 3883/4402 3880/4399 
f 3567/4081 3566/4080 3882/4401 3878/4397 
f 3884/4403 3885/4404 3581/4095 3576/4090 
f 3886/4405 3887/4406 3885/4404 3884/4403 
f 3884/4403 3888/4407 3889/4408 3886/4405 
f 3576/4090 3575/4089 3888/4407 3884/4403 
f 3890/4409 3891/4410 3587/4101 3583/4097 
f 3892/4411 3893/4412 3891/4410 3890/4409 
f 3890/4409 3871/4390 3873/4392 3892/4411 
f 3583/4097 3548/4062 3871/4390 3890/4409 
f 3894/4413 3876/4395 3551/4065 3591/4105 
f 3895/4414 3877/4396 3876/4395 3894/4413 
f 3894/4413 3896/4415 3897/4416 3895/4414 
f 3591/4105 3590/4104 3896/4415 3894/4413 
f 3898/4417 3899/4418 3648/4162 3647/4161 
f 3833/4419 3836/4420 3899/4418 3898/4417 
f 3898/4417 3900/4421 3834/4422 3833/4419 
f 3647/4161 3650/4164 3900/4421 3898/4417 
f 3901/4423 3902/4424 3654/4168 3653/4167 
f 3839/4425 3842/4426 3902/4424 3901/4423 
f 3901/4423 3903/4427 3840/4428 3839/4425 
f 3653/4167 3656/4170 3903/4427 3901/4423 
f 3904/4429 3905/4430 3662/4176 3661/4175 
f 3845/4431 3848/4432 3905/4430 3904/4429 
f 3904/4429 3906/4433 3846/4434 3845/4431 
f 3661/4175 3664/4178 3906/4433 3904/4429 
f 3907/4435 3908/4436 3668/4182 3667/4181 
f 3851/4437 3854/4438 3908/4436 3907/4435 
f 3907/4435 3909/4439 3852/4440 3851/4437 
f 3667/4181 3670/4184 3909/4439 3907/4435 
f 3910/4441 3909/4439 3670/4184 3672/4186 
f 3857/4442 3852/4440 3909/4439 3910/4441 
f 3910/4441 3911/4443 3858/4444 3857/4442 
f 3672/4186 3674/4188 3911/4443 3910/4441 
f 3912/4445 3913/4446 3679/4193 3678/4192 
f 3860/4447 3862/4448 3913/4446 3912/4445 
f 3912/4445 3905/4430 3848/4432 3860/4447 
f 3678/4192 3662/4176 3905/4430 3912/4445 
f 3914/4449 3911/4443 3674/4188 3682/4196 
f 3915/4450 3858/4444 3911/4443 3914/4449 
f 3916/4451 3903/4427 3656/4170 3685/4199 
f 3867/4452 3840/4428 3903/4427 3916/4451 
f 3916/4451 3908/4436 3854/4438 3867/4452 
f 3685/4199 3668/4182 3908/4436 3916/4451 
f 3917/4453 3906/4433 3664/4178 3687/4201 
f 3869/4454 3846/4434 3906/4433 3917/4453 
f 3917/4453 3899/4418 3836/4420 3869/4454 
f 3687/4201 3648/4162 3899/4418 3917/4453 
f 3918/4455 3900/4421 3650/4164 3689/4203 
f 3872/4456 3834/4422 3900/4421 3918/4455 
f 3918/4455 3919/4457 3873/4458 3872/4456 
f 3689/4203 3691/4205 3919/4457 3918/4455 
f 3920/4459 3921/4460 3697/4211 3696/4210 
f 3875/4461 3877/4462 3921/4460 3920/4459 
f 3920/4459 3902/4424 3842/4426 3875/4461 
f 3696/4210 3654/4168 3902/4424 3920/4459 
f 3922/4463 3923/4464 3703/4217 3702/4216 
f 3880/4465 3883/4466 3923/4464 3922/4463 
f 3922/4463 3924/4467 3881/4468 3880/4465 
f 3702/4216 3705/4219 3924/4467 3922/4463 
f 3925/4469 3926/4470 3712/4226 3710/4224 
f 3886/4471 3889/4472 3926/4470 3925/4469 
f 3925/4469 3927/4473 3887/4474 3886/4471 
f 3710/4224 3709/4223 3927/4473 3925/4469 
f 3928/4475 3919/4457 3691/4205 3714/4228 
f 3892/4476 3873/4458 3919/4457 3928/4475 
f 3928/4475 3929/4477 3893/4478 3892/4476 
f 3714/4228 3716/4230 3929/4477 3928/4475 
f 3930/4479 3931/4480 3722/4236 3721/4235 
f 3895/4481 3897/4482 3931/4480 3930/4479 
f 3930/4479 3921/4460 3877/4462 3895/4481 
f 3721/4235 3697/4211 3921/4460 3930/4479 
f 3932/4483 3896/4415 3590/4104 3731/4245 
f 3933/4484 3897/4416 3896/4415 3932/4483 
f 3932/4483 3879/4398 3881/4400 3933/4484 
f 3731/4245 3572/4086 3879/4398 3932/4483 
f 3934/4485 3924/4467 3705/4219 3733/4247 
f 3933/4486 3881/4468 3924/4467 3934/4485 
f 3934/4485 3931/4480 3897/4482 3933/4486 
f 3733/4247 3722/4236 3931/4480 3934/4485 
f 3935/4487 3929/4477 3716/4230 3741/4255 
f 3936/4488 3893/4478 3929/4477 3935/4487 
f 3935/4487 3926/4470 3889/4472 3936/4488 
f 3741/4255 3712/4226 3926/4470 3935/4487 
f 3937/4489 3888/4407 3575/4089 3743/4257 
f 3936/4490 3889/4408 3888/4407 3937/4489 
f 3937/4489 3891/4410 3893/4412 3936/4490 
f 3743/4257 3587/4101 3891/4410 3937/4489 
f 3938/4491 3939/4492 3773/4287 3769/4283 
f 3940/4493 3752/4494 3939/4492 3938/4491 
f 3938/4491 3885/4404 3887/4406 3940/4493 
f 3769/4283 3581/4095 3885/4404 3938/4491 
f 3941/4495 3882/4401 3566/4080 3776/4290 
f 3942/4496 3883/4402 3882/4401 3941/4495 
f 3941/4495 3561/4497 3563/4498 3942/4496 
f 3776/4290 3562/4291 3561/4497 3941/4495 
f 3943/4499 3944/4500 3782/4297 3781/4296 
f 3942/4501 3563/4502 3944/4500 3943/4499 
f 3943/4499 3923/4464 3883/4466 3942/4501 
f 3781/4296 3703/4217 3923/4464 3943/4499 
f 3945/4503 3927/4473 3709/4223 3785/4301 
f 3940/4504 3887/4474 3927/4473 3945/4503 
f 3945/4503 3748/4505 3752/4506 3940/4504 
f 3785/4301 3749/4300 3748/4505 3945/4503 
f 3946/4507 3947/4508 3773/4509 3939/4510 
f 3948/4511 3823/4339 3947/4508 3946/4507 
f 3946/4507 3751/4265 3754/4268 3948/4511 
f 3939/4510 3752/4266 3751/4265 3946/4507 
f 3949/4512 3944/4513 3563/4077 3558/4072 
f 3950/4514 3782/4515 3944/4513 3949/4512 
f 3949/4512 3951/4516 3952/4517 3950/4514 
f 3558/4072 3557/4071 3951/4516 3949/4512 
f 3953/4518 3954/4519 3955/4520 3956/4521 
f 3758/4522 3761/4523 3954/4519 3953/4518 
f 3953/4518 3957/4524 3759/4525 3758/4522 
f 3956/4521 3755/4269 3957/4524 3953/4518 
f 3958/4526 3957/4524 3755/4269 3750/4264 
f 3784/4527 3759/4525 3957/4524 3958/4526 
f 3958/4526 3750/4264 3749/4263 3784/4527 
f 3676/4190 3679/4193 3959/4528 3960/4529 
f 3960/4529 3403/3917 3402/3916 3676/4190 
f 3403/3917 3960/4529 3327/3826 3326/3825 
f 3529/4043 3533/4047 3605/4119 3961/4530 
f 3961/4530 3864/4383 3530/4044 3529/4043 
f 3329/3828 3864/4383 3961/4530 3330/3829 
f 3810/4326 3612/4126 3962/4531 3963/4532 
f 3963/4532 3818/4334 3458/3972 3810/4326 
f 3333/3832 3818/4334 3963/4532 3334/3833 
f 3608/4122 3526/4040 3536/4050 3964/4533 
f 3964/4533 3962/4531 3612/4126 3608/4122 
f 3336/3835 3962/4531 3964/4533 3337/3836 
f 3856/4375 3858/4377 3915/4534 3965/4535 
f 3965/4535 3535/4049 3527/4041 3856/4375 
f 3535/4049 3965/4535 3340/3840 3339/3839 
f 3913/4446 3862/4448 3865/4536 3966/4537 
f 3966/4537 3959/4528 3679/4193 3913/4446 
f 3342/3843 3959/4528 3966/4537 3343/3844 
f 3967/4538 3779/4539 3782/4515 3950/4514 
f 3968/4540 3780/4541 3779/4539 3967/4538 
f 3967/4538 3950/4514 3952/4517 3968/4540 
f 3969/4542 3970/4543 3560/4074 3559/4073 
f 3764/4544 3767/4545 3970/4543 3969/4542 
f 3969/4542 3775/4546 3765/4547 3764/4544 
f 3559/4073 3562/4076 3775/4546 3969/4542 
f 3971/4548 3968/4540 3952/4517 3972/4549 
f 3829/4550 3780/4541 3968/4540 3971/4548 
f 3971/4548 3954/4519 3761/4523 3829/4550 
f 3972/4549 3955/4520 3954/4519 3971/4548 
f 3973/4551 3826/4343 3827/4345 3974/4552 
f 3788/4553 3790/4344 3826/4343 3973/4551 
f 3973/4551 3970/4543 3767/4545 3788/4553 
f 3974/4552 3560/4074 3970/4543 3973/4551 
f 3975/4554 3771/4555 3773/4509 3947/4508 
f 3793/4556 3772/4557 3771/4555 3975/4554 
f 3975/4554 3822/4338 3794/4342 3793/4556 
f 3947/4508 3823/4339 3822/4338 3975/4554 
f 3976/4558 3753/4267 3755/4269 3956/4521 
f 3977/4559 3754/4268 3753/4267 3976/4558 
f 3976/4558 3978/4560 3979/4561 3977/4559 
f 3956/4521 3955/4520 3978/4560 3976/4558 
f 3980/4562 3978/4560 3955/4520 3972/4549 
f 3981/4563 3979/4561 3978/4560 3980/4562 
f 3980/4562 3951/4516 3557/4071 3981/4563 
f 3972/4549 3952/4517 3951/4516 3980/4562 
f 3982/4564 3556/4070 3560/4074 3974/4552 
f 3981/4563 3557/4071 3556/4070 3982/4564 
f 3982/4564 3983/4565 3979/4561 3981/4563 
f 3974/4552 3827/4345 3983/4565 3982/4564 
f 3984/4566 3983/4565 3827/4345 3824/4340 
f 3977/4559 3979/4561 3983/4565 3984/4566 
f 3984/4566 3948/4511 3754/4268 3977/4559 
f 3824/4340 3823/4339 3948/4511 3984/4566 
f 3362/3874 3363/3875 3404/3918 3400/3914 
f 3326/3825 3362/3874 3400/3914 3403/3917 
f 3364/3876 3365/3877 3536/4050 3534/4048 
f 3339/3839 3364/3876 3534/4048 3535/4049 
f 3606/4120 3366/3878 2970/3414 3604/4118 
f 3367/3879 3368/3880 3682/4196 3680/4194 
f 3369/3881 3367/3879 3680/4194 3681/4195 
f 3370/3882 3369/3881 3681/4195 3799/4315 
f 3363/3875 3370/3882 3799/4315 3404/3918 
f 3817/4333 3371/3883 3366/3878 3606/4120 
f 3818/4334 3333/3832 3371/3883 3817/4333 
f 3863/4382 3373/3885 3372/3884 3865/4384 
f 3864/4383 3329/3828 3373/3885 3863/4382 
f 3914/4449 3375/3887 3374/3886 3915/4450 
f 3368/3880 3375/3887 3914/4449 3682/4196 
f 3342/3843 3327/3826 3960/4529 3959/4528 
f 3605/4119 2969/3413 3330/3829 3961/4530 
f 3962/4531 3336/3835 3334/3833 3963/4532 
f 3365/3877 3337/3836 3964/4533 3536/4050 
f 3915/4534 3374/3888 3340/3840 3965/4535 
f 3865/4536 3372/3889 3343/3844 3966/4537 
f 3985/4567 3986/4568 3987/4569 3988/4570 
f 3989/4571 3985/4567 3988/4570 3990/4572 
f 3985/4567 3989/4571 3991/4573 3992/4574 
f 3986/4568 3985/4567 3992/4574 3993/4575 
f 3994/4576 3986/4568 3993/4575 3995/4577 
f 3996/4578 3994/4576 3995/4577 3997/4579 
f 3994/4576 3996/4578 3998/4580 3999/4581 
f 3986/4568 3994/4576 3999/4581 3987/4569 
f 4000/4582 3996/4578 3997/4579 4001/4583 
f 4002/4584 4000/4585 4001/4586 4003/4587 
f 4000/4585 4002/4584 4004/4588 4005/4589 
f 3996/4578 4000/4582 4005/4590 3998/4580 
f 4006/4591 4002/4584 4003/4587 4007/4592 
f 4008/4593 4006/4591 4007/4592 4009/4594 
f 4006/4591 4008/4593 4010/4595 4011/4596 
f 4002/4584 4006/4591 4011/4596 4004/4588 
f 4012/4597 4008/4593 4009/4594 4013/4598 
f 4014/4599 4012/4597 4013/4598 4015/4600 
f 4012/4597 4014/4599 4016/4601 4017/4602 
f 4008/4593 4012/4597 4017/4602 4010/4595 
f 4018/4603 3989/4571 3990/4572 4019/4604 
f 4020/4605 4018/4603 4019/4604 4021/4606 
f 4018/4603 4020/4605 4022/4607 4023/4608 
f 3989/4571 4018/4603 4023/4608 3991/4573 
f 4024/4609 4020/4605 4021/4606 4025/4610 
f 4026/4611 4024/4609 4025/4610 4027/4612 
f 4024/4609 4026/4611 4028/4613 4029/4614 
f 4020/4605 4024/4609 4029/4614 4022/4607 
f 4030/4615 4026/4611 4027/4612 4031/4616 
f 4032/4617 4030/4615 4031/4616 4033/4618 
f 4030/4615 4032/4617 4034/4619 4035/4620 
f 4026/4611 4030/4615 4035/4620 4028/4613 
f 4036/4621 4032/4617 4033/4618 4037/4622 
f 4038/4623 4036/4621 4037/4622 4039/4624 
f 4036/4621 4038/4623 4040/4625 4041/4626 
f 4032/4617 4036/4621 4041/4626 4034/4619 
f 4042/4627 4043/4628 4016/4601 4014/4599 
f 4044/4629 4042/4627 4014/4599 4015/4600 
f 4042/4627 4044/4629 4045/4630 4046/4631 
f 4043/4628 4042/4627 4046/4631 4047/4632 
f 4048/4633 4049/4634 4050/4635 4051/4636 
f 4052/4637 4048/4633 4051/4636 4053/4638 
f 4048/4633 4052/4637 4054/4639 4055/4640 
f 4049/4634 4048/4633 4055/4640 4056/4641 
f 4057/4642 4058/4643 4053/4638 4051/4636 
f 4059/4644 4057/4642 4051/4636 4050/4635 
f 4057/4642 4059/4644 4060/4645 4061/4646 
f 4058/4643 4057/4642 4061/4646 4062/4647 
f 4063/4648 4064/4649 4062/4647 4061/4646 
f 4065/4650 4063/4648 4061/4646 4060/4645 
f 4063/4651 4065/4652 4066/4653 4067/4654 
f 4064/4655 4063/4651 4067/4654 4068/4656 
f 4069/4657 4070/4658 4068/4656 4067/4654 
f 4071/4659 4069/4657 4067/4654 4066/4653 
f 4069/4657 4071/4659 4072/4660 4073/4661 
f 4070/4658 4069/4657 4073/4661 4074/4662 
f 4075/4663 4076/4664 4074/4662 4073/4661 
f 4077/4665 4075/4663 4073/4661 4072/4660 
f 4075/4663 4077/4665 4047/4632 4046/4631 
f 4076/4664 4075/4663 4046/4631 4045/4630 
f 4078/4666 4079/4667 4056/4641 4055/4640 
f 4080/4668 4078/4666 4055/4640 4054/4639 
f 4078/4666 4080/4668 4081/4669 4082/4670 
f 4079/4667 4078/4666 4082/4670 4083/4671 
f 4084/4672 4085/4673 4083/4671 4082/4670 
f 4086/4674 4084/4672 4082/4670 4081/4669 
f 4084/4672 4086/4674 4087/4675 4088/4676 
f 4085/4673 4084/4672 4088/4676 4089/4677 
f 4090/4678 4091/4679 4089/4677 4088/4676 
f 4092/4680 4090/4678 4088/4676 4087/4675 
f 4090/4678 4092/4680 4093/4681 4094/4682 
f 4091/4679 4090/4678 4094/4682 4095/4683 
f 4096/4684 4097/4685 4095/4683 4094/4682 
f 4098/4686 4096/4684 4094/4682 4093/4681 
f 4096/4684 4098/4686 4099/4687 4100/4688 
f 4097/4685 4096/4684 4100/4688 4101/4689 
f 4102/4690 4103/4691 4104/4692 4105/4693 
f 4106/4694 4102/4690 4105/4693 4107/4695 
f 4102/4690 4106/4694 4108/4696 4109/4697 
f 4103/4691 4102/4690 4109/4697 4110/4698 
f 4111/4699 4112/4700 4040/4625 4038/4623 
f 4113/4701 4111/4699 4038/4623 4039/4624 
f 4111/4699 4113/4701 4101/4689 4100/4688 
f 4112/4700 4111/4699 4100/4688 4099/4687 
f 4114/4702 4115/4703 4116/4704 4117/4705 
f 4118/4706 4114/4702 4117/4705 4119/4707 
f 4114/4702 4118/4706 4120/4708 4121/4709 
f 4115/4703 4114/4702 4121/4709 4122/4710 
f 4123/4711 4124/4712 4125/4713 4126/4714 
f 4127/4715 4123/4711 4126/4714 4128/4716 
f 4123/4711 4127/4715 4129/4717 4130/4718 
f 4124/4712 4123/4711 4130/4718 4131/4719 
f 4132/4720 4127/4715 4128/4716 4133/4721 
f 4134/4722 4132/4720 4133/4721 4135/4723 
f 4132/4720 4134/4722 4136/4724 4137/4725 
f 4127/4715 4132/4720 4137/4725 4129/4717 
f 4138/4726 4134/4722 4135/4723 4139/4727 
f 4140/4728 4138/4726 4139/4727 4141/4729 
f 4138/4726 4140/4728 4142/4730 4143/4731 
f 4134/4722 4138/4726 4143/4731 4136/4724 
f 4144/4732 4140/4728 4141/4729 4145/4733 
f 4146/4734 4144/4732 4145/4733 4147/4735 
f 4144/4732 4146/4734 4148/4736 4149/4737 
f 4140/4728 4144/4732 4149/4737 4142/4730 
f 4150/4738 4146/4734 4147/4735 4151/4739 
f 4152/4740 4150/4738 4151/4739 4153/4741 
f 4150/4738 4152/4740 4154/4742 4155/4743 
f 4146/4734 4150/4738 4155/4743 4148/4736 
f 4156/4744 4152/4740 4153/4741 4157/4745 
f 4158/4746 4156/4744 4157/4745 4159/4747 
f 4156/4744 4158/4746 4160/4748 4161/4749 
f 4152/4740 4156/4744 4161/4749 4154/4742 
f 4162/4750 4158/4746 4159/4747 4163/4751 
f 4164/4752 4162/4750 4163/4751 4165/4753 
f 4162/4750 4164/4752 4166/4754 4167/4755 
f 4158/4746 4162/4750 4167/4755 4160/4748 
f 4168/4756 4164/4752 4165/4753 4169/4757 
f 4170/4758 4168/4756 4169/4757 4171/4759 
f 4168/4756 4170/4758 4172/4760 4173/4761 
f 4164/4752 4168/4756 4173/4761 4166/4754 
f 4174/4762 4170/4758 4171/4759 4175/4763 
f 4176/4764 4174/4762 4175/4763 4177/4765 
f 4174/4762 4176/4764 4178/4766 4179/4767 
f 4170/4758 4174/4762 4179/4767 4172/4760 
f 4180/4768 4176/4764 4177/4765 4181/4769 
f 4182/4770 4180/4768 4181/4769 4183/4771 
f 4180/4768 4182/4770 4184/4772 4185/4773 
f 4176/4764 4180/4768 4185/4773 4178/4766 
f 4186/4774 4182/4770 4183/4771 4187/4775 
f 4188/4776 4186/4774 4187/4775 4189/4777 
f 4186/4774 4188/4776 4190/4778 4191/4779 
f 4182/4770 4186/4774 4191/4779 4184/4772 
f 4192/4780 4188/4776 4189/4777 4193/4781 
f 4194/4782 4192/4780 4193/4781 4195/4783 
f 4192/4780 4194/4782 4196/4784 4197/4785 
f 4188/4776 4192/4780 4197/4785 4190/4778 
f 4198/4786 4194/4782 4195/4783 4199/4787 
f 4200/4788 4198/4786 4199/4787 4201/4789 
f 4198/4786 4200/4788 4202/4790 4203/4791 
f 4194/4782 4198/4786 4203/4791 4196/4784 
f 4204/4792 4200/4788 4201/4789 4205/4793 
f 4206/4794 4204/4792 4205/4793 4207/4795 
f 4204/4792 4206/4794 4208/4796 4209/4797 
f 4200/4788 4204/4792 4209/4797 4202/4790 
f 4210/4798 4206/4794 4207/4795 4211/4799 
f 4212/4800 4210/4798 4211/4799 4213/4801 
f 4210/4798 4212/4800 4110/4698 4214/4802 
f 4206/4794 4210/4798 4214/4802 4208/4796 
f 4215/4803 4212/4800 4213/4801 4216/4804 
f 4217/4805 4215/4803 4216/4804 4218/4806 
f 4215/4803 4217/4805 4104/4692 4103/4691 
f 4212/4800 4215/4803 4103/4691 4110/4698 
f 4219/4807 4217/4805 4218/4806 4220/4808 
f 4221/4809 4219/4807 4220/4808 4222/4810 
f 4219/4807 4221/4809 4223/4811 4224/4812 
f 4217/4805 4219/4807 4224/4812 4104/4692 
f 4225/4813 4221/4809 4222/4810 4226/4814 
f 4227/4815 4225/4813 4226/4814 4228/4816 
f 4225/4813 4227/4815 4229/4817 4230/4818 
f 4221/4809 4225/4813 4230/4818 4223/4811 
f 4231/4819 4227/4815 4228/4816 4232/4820 
f 4233/4821 4231/4819 4232/4820 4234/4822 
f 4231/4819 4233/4821 4235/4823 4236/4824 
f 4227/4815 4231/4819 4236/4824 4229/4817 
f 4237/4825 4233/4821 4234/4822 4238/4826 
f 4124/4712 4237/4825 4238/4826 4125/4713 
f 4237/4825 4124/4712 4131/4719 4239/4827 
f 4233/4821 4237/4825 4239/4827 4235/4823 
f 4240/4828 4241/4829 4242/4830 4243/4831 
f 4244/4832 4240/4828 4243/4831 4245/4833 
f 4246/4834 4247/4835 4248/4836 4249/4837 
f 4247/4835 4250/4838 4251/4839 4248/4836 
f 4252/4840 4244/4832 4245/4833 4253/4841 
f 4254/4842 4252/4840 4253/4841 4255/4843 
f 4256/4844 4257/4845 4258/4846 4259/4847 
f 4257/4845 4246/4834 4249/4837 4258/4846 
f 4260/4848 4254/4842 4255/4843 4261/4849 
f 4262/4850 4260/4848 4261/4849 4263/4851 
f 4264/4852 4265/4853 4266/4854 4267/4855 
f 4264/4852 4256/4844 4259/4847 4265/4853 
f 4268/4856 4262/4850 4263/4851 4269/4857 
f 4270/4858 4268/4856 4269/4857 4271/4859 
f 4272/4860 4273/4861 4274/4862 4275/4863 
f 4267/4855 4266/4854 4273/4861 4272/4860 
f 4276/4864 4270/4858 4271/4859 4277/4865 
f 4278/4866 4276/4864 4277/4865 4279/4867 
f 4280/4868 4281/4869 4282/4870 4283/4871 
f 4275/4863 4274/4862 4281/4869 4280/4868 
f 4284/4872 4278/4866 4279/4867 4285/4873 
f 4286/4874 4284/4872 4285/4873 4287/4875 
f 4288/4876 4289/4877 4290/4878 4291/4879 
f 4283/4871 4282/4870 4290/4878 4289/4877 
f 4292/4880 4286/4874 4287/4875 4293/4881 
f 4294/4882 4292/4880 4293/4881 4295/4883 
f 4296/4884 4297/4885 4298/4886 4299/4887 
f 4297/4885 4288/4876 4291/4879 4298/4886 
f 4300/4888 4294/4882 4295/4883 4301/4889 
f 4302/4890 4300/4888 4301/4889 4303/4891 
f 4304/4892 4305/4893 4306/4894 4307/4895 
f 4305/4893 4296/4884 4299/4887 4306/4894 
f 4308/4896 4302/4890 4303/4891 4309/4897 
f 4310/4898 4308/4896 4309/4897 4311/4899 
f 4312/4900 4313/4901 4314/4902 4315/4903 
f 4304/4892 4307/4895 4313/4901 4312/4900 
f 4316/4904 4310/4898 4311/4899 4317/4905 
f 4318/4906 4316/4904 4317/4905 4319/4907 
f 4320/4908 4321/4909 4322/4910 4323/4911 
f 4315/4903 4314/4902 4321/4909 4320/4908 
f 4324/4912 4318/4906 4319/4907 4325/4913 
f 4326/4914 4324/4912 4325/4913 4327/4915 
f 4328/4916 4329/4917 4330/4918 4331/4919 
f 4323/4911 4322/4910 4329/4917 4328/4916 
f 4332/4920 4326/4914 4327/4915 4333/4921 
f 4334/4922 4332/4920 4333/4921 4335/4923 
f 4336/4924 4337/4925 4338/4926 4339/4927 
f 4331/4919 4330/4918 4338/4926 4337/4925 
f 4340/4928 4334/4922 4335/4923 4341/4929 
f 4342/4930 4340/4928 4341/4929 4343/4931 
f 4344/4932 4345/4933 4346/4934 4347/4935 
f 4345/4933 4336/4924 4339/4927 4346/4934 
f 4348/4936 4342/4930 4343/4931 4349/4937 
f 4350/4938 4348/4936 4349/4937 4351/4939 
f 4352/4940 4353/4941 4354/4942 4355/4943 
f 4353/4941 4344/4932 4347/4935 4354/4942 
f 4356/4944 4350/4938 4351/4939 4357/4945 
f 4358/4946 4356/4944 4357/4945 4359/4947 
f 4360/4948 4361/4949 4362/4950 4363/4951 
f 4361/4949 4352/4940 4355/4943 4362/4950 
f 4364/4952 4358/4946 4359/4947 4365/4953 
f 4366/4954 4364/4952 4365/4953 4367/4955 
f 4368/4956 4369/4957 4370/4958 4371/4959 
f 4360/4948 4363/4951 4369/4957 4368/4956 
f 4372/4960 4366/4954 4367/4955 4373/4961 
f 4374/4962 4372/4960 4373/4961 4375/4963 
f 4376/4964 4377/4965 4378/4966 4379/4967 
f 4371/4959 4370/4958 4377/4965 4376/4964 
f 4380/4968 4374/4962 4375/4963 4381/4969 
f 4382/4970 4380/4968 4381/4969 4383/4971 
f 4384/4972 4385/4973 4386/4974 4387/4975 
f 4379/4967 4378/4966 4385/4973 4384/4972 
f 4388/4976 4382/4970 4383/4971 4389/4977 
f 4390/4978 4388/4976 4389/4977 4391/4979 
f 4392/4980 4393/4981 4394/4982 4395/4983 
f 4387/4975 4386/4974 4393/4981 4392/4980 
f 4396/4984 4390/4978 4391/4979 4397/4985 
f 4241/4829 4396/4984 4397/4985 4242/4830 
f 4250/4838 4398/4986 4399/4987 4251/4839 
f 4395/4983 4394/4982 4399/4987 4398/4986 
f 4400/4988 4126/4989 4125/4990 4401/4991 
f 4402/4992 4400/4988 4401/4991 4403/4993 
f 4400/4988 4402/4992 4404/4994 4405/4995 
f 4126/4989 4400/4988 4405/4995 4128/4996 
f 4406/4997 4157/4998 4153/4999 4407/5000 
f 4408/5001 4406/4997 4407/5000 4409/5002 
f 4406/4997 4408/5001 4410/5003 4411/5004 
f 4157/4998 4406/4997 4411/5004 4159/5005 
f 4412/5006 4151/5007 4147/5008 4413/5009 
f 4414/5010 4412/5006 4413/5009 4415/5011 
f 4412/5006 4414/5010 4409/5002 4407/5000 
f 4151/5007 4412/5006 4407/5000 4153/4999 
f 4416/5012 4133/5013 4128/4996 4405/4995 
f 4417/5014 4416/5012 4405/4995 4404/4994 
f 4416/5012 4417/5014 4418/5015 4419/5016 
f 4133/5013 4416/5012 4419/5016 4135/5017 
f 4420/5018 4139/5019 4135/5017 4419/5016 
f 4421/5020 4420/5018 4419/5016 4418/5015 
f 4420/5021 4421/5022 4422/5023 4423/5024 
f 4139/5025 4420/5021 4423/5024 4141/5026 
f 4424/5027 4145/5028 4141/5026 4423/5024 
f 4425/5029 4424/5027 4423/5024 4422/5023 
f 4424/5027 4425/5029 4415/5011 4413/5009 
f 4145/5028 4424/5027 4413/5009 4147/5008 
f 4426/5030 4238/5031 4234/5032 4427/5033 
f 4428/5034 4426/5030 4427/5033 4429/5035 
f 4426/5030 4428/5034 4403/4993 4401/4991 
f 4238/5031 4426/5030 4401/4991 4125/4990 
f 4430/5036 4220/5037 4218/5038 4431/5039 
f 4432/5040 4430/5036 4431/5039 4433/5041 
f 4430/5036 4432/5040 4434/5042 4435/5043 
f 4220/5037 4430/5036 4435/5043 4222/5044 
f 4436/5045 4226/5046 4222/5044 4435/5043 
f 4437/5047 4436/5045 4435/5043 4434/5042 
f 4436/5045 4437/5047 4438/5048 4439/5049 
f 4226/5046 4436/5045 4439/5049 4228/5050 
f 4440/5051 4232/5052 4228/5050 4439/5049 
f 4441/5053 4440/5051 4439/5049 4438/5048 
f 4440/5051 4441/5053 4429/5035 4427/5033 
f 4232/5052 4440/5051 4427/5033 4234/5032 
f 4442/5054 4187/5055 4183/5056 4443/5057 
f 4444/5058 4442/5054 4443/5057 4445/5059 
f 4442/5054 4444/5058 4446/5060 4447/5061 
f 4187/5055 4442/5054 4447/5061 4189/5062 
f 4448/5063 4181/5064 4177/5065 4449/5066 
f 4450/5067 4448/5063 4449/5066 4451/5068 
f 4448/5063 4450/5067 4445/5059 4443/5057 
f 4181/5064 4448/5063 4443/5057 4183/5056 
f 4452/5069 4175/5070 4171/5071 4453/5072 
f 4454/5073 4452/5069 4453/5072 4455/5074 
f 4452/5075 4454/5076 4451/5068 4449/5066 
f 4175/5077 4452/5075 4449/5066 4177/5065 
f 4456/5078 4169/5079 4165/5080 4457/5081 
f 4458/5082 4456/5078 4457/5081 4459/5083 
f 4456/5078 4458/5082 4455/5074 4453/5072 
f 4169/5079 4456/5078 4453/5072 4171/5071 
f 4460/5084 4163/5085 4159/5005 4411/5004 
f 4461/5086 4460/5084 4411/5004 4410/5003 
f 4460/5084 4461/5086 4459/5083 4457/5081 
f 4163/5085 4460/5084 4457/5081 4165/5080 
f 4462/5087 4193/5088 4189/5062 4447/5061 
f 4463/5089 4462/5087 4447/5061 4446/5060 
f 4462/5087 4463/5089 4464/5090 4465/5091 
f 4193/5088 4462/5087 4465/5091 4195/5092 
f 4466/5093 4199/5094 4195/5092 4465/5091 
f 4467/5095 4466/5093 4465/5091 4464/5090 
f 4466/5093 4467/5095 4468/5096 4469/5097 
f 4199/5094 4466/5093 4469/5097 4201/5098 
f 4470/5099 4205/5100 4201/5098 4469/5097 
f 4471/5101 4470/5099 4469/5097 4468/5096 
f 4470/5099 4471/5101 4472/5102 4473/5103 
f 4205/5100 4470/5099 4473/5103 4207/5104 
f 4474/5105 4211/5106 4207/5104 4473/5103 
f 4475/5107 4474/5105 4473/5103 4472/5102 
f 4474/5105 4475/5107 4476/5108 4477/5109 
f 4211/5106 4474/5105 4477/5109 4213/5110 
f 4478/5111 4216/5112 4213/5110 4477/5109 
f 4479/5113 4478/5111 4477/5109 4476/5108 
f 4478/5111 4479/5113 4433/5041 4431/5039 
f 4216/5112 4478/5111 4431/5039 4218/5038 
f 4480/5114 4402/4992 4403/4993 4481/5115 
f 3988/4570 4480/5114 4481/5115 3990/4572 
f 4480/5114 3988/4570 3987/4569 4482/5116 
f 4402/4992 4480/5114 4482/5116 4404/4994 
f 4483/5117 4408/5001 4409/5002 4484/5118 
f 4043/4628 4483/5117 4484/5118 4016/4601 
f 4483/5117 4043/4628 4047/4632 4485/5119 
f 4408/5001 4483/5117 4485/5119 4410/5003 
f 4486/5120 4414/5010 4415/5011 4487/5121 
f 4017/4602 4486/5120 4487/5121 4010/4595 
f 4486/5120 4017/4602 4016/4601 4484/5118 
f 4414/5010 4486/5120 4484/5118 4409/5002 
f 4488/5122 4417/5014 4404/4994 4482/5116 
f 3999/4581 4488/5122 4482/5116 3987/4569 
f 4488/5122 3999/4581 3998/4580 4489/5123 
f 4417/5014 4488/5122 4489/5123 4418/5015 
f 4490/5124 4421/5020 4418/5015 4489/5123 
f 4005/4590 4490/5124 4489/5123 3998/4580 
f 4490/5125 4005/4589 4004/4588 4491/5126 
f 4421/5022 4490/5125 4491/5126 4422/5023 
f 4492/5127 4425/5029 4422/5023 4491/5126 
f 4011/4596 4492/5127 4491/5126 4004/4588 
f 4492/5127 4011/4596 4010/4595 4487/5121 
f 4425/5029 4492/5127 4487/5121 4415/5011 
f 4493/5128 4428/5034 4429/5035 4494/5129 
f 4019/4604 4493/5128 4494/5129 4021/4606 
f 4493/5128 4019/4604 3990/4572 4481/5115 
f 4428/5034 4493/5128 4481/5115 4403/4993 
f 4495/5130 4432/5040 4433/5041 4496/5131 
f 4037/4622 4495/5130 4496/5131 4039/4624 
f 4495/5130 4037/4622 4033/4618 4497/5132 
f 4432/5040 4495/5130 4497/5132 4434/5042 
f 4498/5133 4437/5047 4434/5042 4497/5132 
f 4031/4616 4498/5133 4497/5132 4033/4618 
f 4498/5133 4031/4616 4027/4612 4499/5134 
f 4437/5047 4498/5133 4499/5134 4438/5048 
f 4500/5135 4441/5053 4438/5048 4499/5134 
f 4025/4610 4500/5135 4499/5134 4027/4612 
f 4500/5135 4025/4610 4021/4606 4494/5129 
f 4441/5053 4500/5135 4494/5129 4429/5035 
f 4501/5136 4444/5058 4445/5059 4502/5137 
f 4049/4634 4501/5136 4502/5137 4050/4635 
f 4501/5136 4049/4634 4056/4641 4503/5138 
f 4444/5058 4501/5136 4503/5138 4446/5060 
f 4504/5139 4450/5067 4451/5068 4505/5140 
f 4059/4644 4504/5139 4505/5140 4060/4645 
f 4504/5139 4059/4644 4050/4635 4502/5137 
f 4450/5067 4504/5139 4502/5137 4445/5059 
f 4506/5141 4454/5073 4455/5074 4507/5142 
f 4065/4652 4506/5141 4507/5142 4066/4653 
f 4506/5143 4065/4650 4060/4645 4505/5140 
f 4454/5076 4506/5143 4505/5140 4451/5068 
f 4508/5144 4458/5082 4459/5083 4509/5145 
f 4071/4659 4508/5144 4509/5145 4072/4660 
f 4508/5144 4071/4659 4066/4653 4507/5142 
f 4458/5082 4508/5144 4507/5142 4455/5074 
f 4510/5146 4461/5086 4410/5003 4485/5119 
f 4077/4665 4510/5146 4485/5119 4047/4632 
f 4510/5146 4077/4665 4072/4660 4509/5145 
f 4461/5086 4510/5146 4509/5145 4459/5083 
f 4511/5147 4463/5089 4446/5060 4503/5138 
f 4079/4667 4511/5147 4503/5138 4056/4641 
f 4511/5147 4079/4667 4083/4671 4512/5148 
f 4463/5089 4511/5147 4512/5148 4464/5090 
f 4513/5149 4467/5095 4464/5090 4512/5148 
f 4085/4673 4513/5149 4512/5148 4083/4671 
f 4513/5149 4085/4673 4089/4677 4514/5150 
f 4467/5095 4513/5149 4514/5150 4468/5096 
f 4515/5151 4471/5101 4468/5096 4514/5150 
f 4091/4679 4515/5151 4514/5150 4089/4677 
f 4515/5151 4091/4679 4095/4683 4516/5152 
f 4471/5101 4515/5151 4516/5152 4472/5102 
f 4517/5153 4475/5107 4472/5102 4516/5152 
f 4097/4685 4517/5153 4516/5152 4095/4683 
f 4517/5153 4097/4685 4101/4689 4518/5154 
f 4475/5107 4517/5153 4518/5154 4476/5108 
f 4519/5155 4479/5113 4476/5108 4518/5154 
f 4113/4701 4519/5155 4518/5154 4101/4689 
f 4519/5155 4113/4701 4039/4624 4496/5131 
f 4479/5113 4519/5155 4496/5131 4433/5041 
f 4520/5156 4243/4831 4242/4830 4521/5157 
f 3992/4574 4520/5156 4521/5157 3993/4575 
f 4520/5156 3992/4574 3991/4573 4522/5158 
f 4243/4831 4520/5156 4522/5158 4245/4833 
f 4523/5159 4397/4985 4391/4979 4524/5160 
f 3995/4577 4523/5159 4524/5160 3997/4579 
f 4523/5159 3995/4577 3993/4575 4521/5157 
f 4397/4985 4523/5159 4521/5157 4242/4830 
f 4525/5161 4373/4961 4367/4955 4526/5162 
f 4013/4598 4525/5161 4526/5162 4015/4600 
f 4525/5161 4013/4598 4009/4594 4527/5163 
f 4373/4961 4525/5161 4527/5163 4375/4963 
f 4528/5164 4381/4969 4375/4963 4527/5163 
f 4007/4592 4528/5164 4527/5163 4009/4594 
f 4528/5164 4007/4592 4003/4587 4529/5165 
f 4381/4969 4528/5164 4529/5165 4383/4971 
f 4530/5166 4389/4977 4383/4971 4529/5165 
f 4001/4586 4530/5166 4529/5165 4003/4587 
f 4530/5166 4001/4583 3997/4579 4524/5160 
f 4389/4977 4530/5166 4524/5160 4391/4979 
f 4531/5167 4277/4865 4271/4859 4532/5168 
f 4041/4626 4531/5167 4532/5168 4034/4619 
f 4531/5167 4041/4626 4040/4625 4533/5169 
f 4277/4865 4531/5167 4533/5169 4279/4867 
f 4534/5170 4253/4841 4245/4833 4522/5158 
f 4023/4608 4534/5170 4522/5158 3991/4573 
f 4534/5170 4023/4608 4022/4607 4535/5171 
f 4253/4841 4534/5170 4535/5171 4255/4843 
f 4536/5172 4261/4849 4255/4843 4535/5171 
f 4029/4614 4536/5172 4535/5171 4022/4607 
f 4536/5172 4029/4614 4028/4613 4537/5173 
f 4261/4849 4536/5172 4537/5173 4263/4851 
f 4538/5174 4269/4857 4263/4851 4537/5173 
f 4035/4620 4538/5174 4537/5173 4028/4613 
f 4538/5174 4035/4620 4034/4619 4532/5168 
f 4269/4857 4538/5174 4532/5168 4271/4859 
f 4539/5175 4365/4953 4359/4947 4540/5176 
f 4044/4629 4539/5175 4540/5176 4045/4630 
f 4539/5175 4044/4629 4015/4600 4526/5162 
f 4365/4953 4539/5175 4526/5162 4367/4955 
f 4541/5177 4325/4913 4319/4907 4542/5178 
f 4052/4637 4541/5177 4542/5178 4054/4639 
f 4541/5177 4052/4637 4053/4638 4543/5179 
f 4325/4913 4541/5177 4543/5179 4327/4915 
f 4544/5180 4333/4921 4327/4915 4543/5179 
f 4058/4643 4544/5180 4543/5179 4053/4638 
f 4544/5180 4058/4643 4062/4647 4545/5181 
f 4333/4921 4544/5180 4545/5181 4335/4923 
f 4546/5182 4341/4929 4335/4923 4545/5181 
f 4064/4649 4546/5182 4545/5181 4062/4647 
f 4546/5182 4064/4655 4068/4656 4547/5183 
f 4341/4929 4546/5182 4547/5183 4343/4931 
f 4548/5184 4349/4937 4343/4931 4547/5183 
f 4070/4658 4548/5184 4547/5183 4068/4656 
f 4548/5184 4070/4658 4074/4662 4549/5185 
f 4349/4937 4548/5184 4549/5185 4351/4939 
f 4550/5186 4357/4945 4351/4939 4549/5185 
f 4076/4664 4550/5186 4549/5185 4074/4662 
f 4550/5186 4076/4664 4045/4630 4540/5176 
f 4357/4945 4550/5186 4540/5176 4359/4947 
f 4551/5187 4317/4905 4311/4899 4552/5188 
f 4080/4668 4551/5187 4552/5188 4081/4669 
f 4551/5187 4080/4668 4054/4639 4542/5178 
f 4317/4905 4551/5187 4542/5178 4319/4907 
f 4553/5189 4309/4897 4303/4891 4554/5190 
f 4086/4674 4553/5189 4554/5190 4087/4675 
f 4553/5189 4086/4674 4081/4669 4552/5188 
f 4309/4897 4553/5189 4552/5188 4311/4899 
f 4555/5191 4301/4889 4295/4883 4556/5192 
f 4092/4680 4555/5191 4556/5192 4093/4681 
f 4555/5191 4092/4680 4087/4675 4554/5190 
f 4301/4889 4555/5191 4554/5190 4303/4891 
f 4557/5193 4293/4881 4287/4875 4558/5194 
f 4098/4686 4557/5193 4558/5194 4099/4687 
f 4557/5193 4098/4686 4093/4681 4556/5192 
f 4293/4881 4557/5193 4556/5192 4295/4883 
f 4559/5195 4285/4873 4279/4867 4533/5169 
f 4112/4700 4559/5195 4533/5169 4040/4625 
f 4559/5195 4112/4700 4099/4687 4558/5194 
f 4285/4873 4559/5195 4558/5194 4287/4875 
f 4247/4835 4246/4834 4560/5196 4561/5197 
f 4250/4838 4247/4835 4561/5197 4562/5198 
f 4257/4845 4256/4844 4563/5199 4564/5200 
f 4246/4834 4257/4845 4564/5200 4560/5196 
f 4264/4852 4267/4855 4565/5201 4566/5202 
f 4256/4844 4264/4852 4566/5202 4563/5199 
f 4272/4860 4275/4863 4567/5203 4568/5204 
f 4267/4855 4272/4860 4568/5204 4565/5201 
f 4280/4868 4283/4871 4569/5205 4570/5206 
f 4275/4863 4280/4868 4570/5206 4567/5203 
f 4289/4877 4288/4876 4571/5207 4572/5208 
f 4283/4871 4289/4877 4572/5208 4569/5205 
f 4297/4885 4296/4884 4573/5209 4574/5210 
f 4288/4876 4297/4885 4574/5210 4571/5207 
f 4305/4893 4304/4892 4575/5211 4576/5212 
f 4296/4884 4305/4893 4576/5212 4573/5209 
f 4312/4900 4315/4903 4577/5213 4578/5214 
f 4304/4892 4312/4900 4578/5214 4575/5211 
f 4320/4908 4323/4911 4579/5215 4580/5216 
f 4315/4903 4320/4908 4580/5216 4577/5213 
f 4328/4916 4331/4919 4581/5217 4582/5218 
f 4323/4911 4328/4916 4582/5218 4579/5215 
f 4337/4925 4336/4924 4583/5219 4584/5220 
f 4331/4919 4337/4925 4584/5220 4581/5217 
f 4345/4933 4344/4932 4585/5221 4586/5222 
f 4336/4924 4345/4933 4586/5222 4583/5219 
f 4353/4941 4352/4940 4587/5223 4588/5224 
f 4344/4932 4353/4941 4588/5224 4585/5221 
f 4361/4949 4360/4948 4589/5225 4590/5226 
f 4352/4940 4361/4949 4590/5226 4587/5223 
f 4368/4956 4371/4959 4591/5227 4592/5228 
f 4360/4948 4368/4956 4592/5228 4589/5225 
f 4376/4964 4379/4967 4116/4704 4593/5229 
f 4371/4959 4376/4964 4593/5229 4591/5227 
f 4384/4972 4387/4975 4119/4707 4117/4705 
f 4379/4967 4384/4972 4117/4705 4116/4704 
f 4392/4980 4395/4983 4120/4708 4118/4706 
f 4387/4975 4392/4980 4118/4706 4119/4707 
f 4398/4986 4250/4838 4562/5198 4594/5230 
f 4395/4983 4398/4986 4594/5230 4120/4708 
f 4595/5231 4596/5232 4563/5199 4566/5202 
f 4568/5204 4595/5231 4566/5202 4565/5201 
f 4595/5231 4568/5204 4567/5203 4597/5233 
f 4596/5232 4595/5231 4597/5233 4598/5234 
f 4599/5235 4600/5236 4562/5198 4561/5197 
f 4601/5237 4599/5235 4561/5197 4560/5196 
f 4599/5235 4601/5237 4602/5238 4603/5239 
f 4600/5236 4599/5235 4603/5239 4604/5240 
f 4605/5241 4121/4709 4120/4708 4594/5230 
f 4600/5236 4605/5241 4594/5230 4562/5198 
f 4605/5241 4600/5236 4604/5240 4606/5242 
f 4121/4709 4605/5241 4606/5242 4122/4710 
f 4607/5243 4608/5244 4602/5238 4601/5237 
f 4564/5200 4607/5243 4601/5237 4560/5196 
f 4607/5243 4564/5200 4563/5199 4596/5232 
f 4608/5244 4607/5243 4596/5232 4598/5234 
f 4609/5245 4610/5246 4569/5205 4572/5208 
f 4611/5247 4609/5245 4572/5208 4571/5207 
f 4609/5245 4611/5247 4612/5248 4613/5249 
f 4610/5246 4609/5245 4613/5249 4614/5250 
f 4615/5251 4616/5252 4614/5250 4613/5249 
f 4617/5253 4615/5251 4613/5249 4612/5248 
f 4615/5251 4617/5253 4618/5254 4619/5255 
f 4616/5252 4615/5251 4619/5255 4620/5256 
f 4621/5257 4622/5258 4620/5256 4619/5255 
f 4623/5259 4621/5257 4619/5255 4618/5254 
f 4621/5257 4623/5259 4624/5260 4625/5261 
f 4622/5258 4621/5257 4625/5261 4626/5262 
f 4627/5263 4628/5264 4626/5262 4625/5261 
f 4629/5265 4627/5263 4625/5261 4624/5260 
f 4627/5263 4629/5265 4630/5266 4631/5267 
f 4628/5264 4627/5263 4631/5267 4632/5268 
f 4633/5269 4634/5270 4632/5268 4631/5267 
f 4635/5271 4633/5269 4631/5267 4630/5266 
f 4633/5269 4635/5271 4589/5225 4592/5228 
f 4634/5270 4633/5269 4592/5228 4591/5227 
f 4636/5272 4611/5247 4571/5207 4574/5210 
f 4637/5273 4636/5272 4574/5210 4573/5209 
f 4636/5272 4637/5273 4638/5274 4639/5275 
f 4611/5247 4636/5272 4639/5275 4612/5248 
f 4640/5276 4617/5253 4612/5248 4639/5275 
f 4641/5277 4640/5276 4639/5275 4638/5274 
f 4640/5276 4641/5277 4642/5278 4643/5279 
f 4617/5253 4640/5276 4643/5279 4618/5254 
f 4644/5280 4623/5259 4618/5254 4643/5279 
f 4645/5281 4644/5280 4643/5279 4642/5278 
f 4644/5280 4645/5281 4646/5282 4647/5283 
f 4623/5259 4644/5280 4647/5283 4624/5260 
f 4648/5284 4629/5265 4624/5260 4647/5283 
f 4649/5285 4648/5284 4647/5283 4646/5282 
f 4648/5284 4649/5285 4650/5286 4651/5287 
f 4629/5265 4648/5284 4651/5287 4630/5266 
f 4652/5288 4635/5271 4630/5266 4651/5287 
f 4653/5289 4652/5288 4651/5287 4650/5286 
f 4652/5288 4653/5289 4587/5223 4590/5226 
f 4635/5271 4652/5288 4590/5226 4589/5225 
f 4654/5290 4637/5273 4573/5209 4576/5212 
f 4578/5214 4654/5290 4576/5212 4575/5211 
f 4654/5290 4578/5214 4577/5213 4655/5291 
f 4637/5273 4654/5290 4655/5291 4638/5274 
f 4656/5292 4641/5277 4638/5274 4655/5291 
f 4580/5216 4656/5292 4655/5291 4577/5213 
f 4656/5292 4580/5216 4579/5215 4657/5293 
f 4641/5277 4656/5292 4657/5293 4642/5278 
f 4658/5294 4645/5281 4642/5278 4657/5293 
f 4582/5218 4658/5294 4657/5293 4579/5215 
f 4658/5294 4582/5218 4581/5217 4659/5295 
f 4645/5281 4658/5294 4659/5295 4646/5282 
f 4660/5296 4649/5285 4646/5282 4659/5295 
f 4584/5220 4660/5296 4659/5295 4581/5217 
f 4660/5296 4584/5220 4583/5219 4661/5297 
f 4649/5285 4660/5296 4661/5297 4650/5286 
f 4662/5298 4653/5289 4650/5286 4661/5297 
f 4586/5222 4662/5298 4661/5297 4583/5219 
f 4662/5298 4586/5222 4585/5221 4588/5224 
f 4653/5289 4662/5298 4588/5224 4587/5223 
f 4663/5299 4597/5233 4567/5203 4570/5206 
f 4610/5246 4663/5299 4570/5206 4569/5205 
f 4663/5299 4610/5246 4614/5250 4664/5300 
f 4597/5233 4663/5299 4664/5300 4598/5234 
f 4665/5301 4608/5244 4598/5234 4664/5300 
f 4616/5252 4665/5301 4664/5300 4614/5250 
f 4665/5301 4616/5252 4620/5256 4666/5302 
f 4608/5244 4665/5301 4666/5302 4602/5238 
f 4667/5303 4603/5239 4602/5238 4666/5302 
f 4622/5258 4667/5303 4666/5302 4620/5256 
f 4667/5303 4622/5258 4626/5262 4668/5304 
f 4603/5239 4667/5303 4668/5304 4604/5240 
f 4669/5305 4606/5242 4604/5240 4668/5304 
f 4628/5264 4669/5305 4668/5304 4626/5262 
f 4669/5305 4628/5264 4632/5268 4670/5306 
f 4606/5242 4669/5305 4670/5306 4122/4710 
f 4671/5307 4115/4703 4122/4710 4670/5306 
f 4634/5270 4671/5307 4670/5306 4632/5268 
f 4671/5307 4634/5270 4591/5227 4593/5229 
f 4115/4703 4671/5307 4593/5229 4116/4704 
f 4672/5308 4673/5309 4674/5310 4675/5311 
f 4676/5312 4672/5308 4675/5311 4677/5313 
f 4672/5308 4676/5312 4678/5314 4679/5315 
f 4673/5309 4672/5308 4679/5315 4680/5316 
f 4681/5317 4682/5318 4680/5316 4679/5315 
f 4683/5319 4681/5317 4679/5315 4678/5314 
f 4681/5317 4683/5319 4684/5320 4685/5321 
f 4682/5318 4681/5317 4685/5321 4686/5322 
f 4687/5323 4688/5324 4686/5322 4685/5321 
f 4689/5325 4687/5323 4685/5321 4684/5320 
f 4687/5323 4689/5325 4108/4696 4106/4694 
f 4688/5324 4687/5323 4106/4694 4107/4695 
f 4690/5326 4691/5327 4154/4742 4161/4749 
f 4692/5328 4690/5326 4161/4749 4160/4748 
f 4690/5326 4692/5328 4677/5313 4675/5311 
f 4691/5327 4690/5326 4675/5311 4674/5310 
f 4693/5329 4694/5330 4223/4811 4230/4818 
f 4236/4824 4693/5329 4230/4818 4229/4817 
f 4693/5329 4236/4824 4235/4823 4695/5331 
f 4694/5330 4693/5329 4695/5331 4696/5332 
f 4697/5333 4698/5334 4696/5332 4695/5331 
f 4239/4827 4697/5333 4695/5331 4235/4823 
f 4697/5333 4239/4827 4131/4719 4699/5335 
f 4698/5334 4697/5333 4699/5335 4700/5336 
f 4701/5337 4702/5338 4700/5336 4699/5335 
f 4130/4718 4701/5337 4699/5335 4131/4719 
f 4701/5337 4130/4718 4129/4717 4703/5339 
f 4702/5338 4701/5337 4703/5339 4704/5340 
f 4705/5341 4706/5342 4704/5340 4703/5339 
f 4137/4725 4705/5341 4703/5339 4129/4717 
f 4705/5341 4137/4725 4136/4724 4707/5343 
f 4706/5342 4705/5341 4707/5343 4708/5344 
f 4709/5345 4710/5346 4708/5344 4707/5343 
f 4143/4731 4709/5345 4707/5343 4136/4724 
f 4709/5345 4143/4731 4142/4730 4149/4737 
f 4710/5346 4709/5345 4149/4737 4148/4736 
f 4711/5347 4712/5348 4166/4754 4173/4761 
f 4179/4767 4711/5347 4173/4761 4172/4760 
f 4711/5347 4179/4767 4178/4766 4713/5349 
f 4712/5348 4711/5347 4713/5349 4714/5350 
f 4715/5351 4716/5352 4714/5350 4713/5349 
f 4185/4773 4715/5351 4713/5349 4178/4766 
f 4715/5351 4185/4773 4184/4772 4717/5353 
f 4716/5352 4715/5351 4717/5353 4718/5354 
f 4719/5355 4720/5356 4718/5354 4717/5353 
f 4191/4779 4719/5355 4717/5353 4184/4772 
f 4719/5355 4191/4779 4190/4778 4721/5357 
f 4720/5356 4719/5355 4721/5357 4722/5358 
f 4723/5359 4724/5360 4722/5358 4721/5357 
f 4197/4785 4723/5359 4721/5357 4190/4778 
f 4723/5359 4197/4785 4196/4784 4725/5361 
f 4724/5360 4723/5359 4725/5361 4726/5362 
f 4727/5363 4728/5364 4726/5362 4725/5361 
f 4203/4791 4727/5363 4725/5361 4196/4784 
f 4727/5363 4203/4791 4202/4790 4209/4797 
f 4728/5364 4727/5363 4209/4797 4208/4796 
f 4729/5365 4105/4693 4104/4692 4224/4812 
f 4694/5330 4729/5365 4224/4812 4223/4811 
f 4729/5365 4694/5330 4696/5332 4730/5366 
f 4105/4693 4729/5365 4730/5366 4107/4695 
f 4731/5367 4688/5324 4107/4695 4730/5366 
f 4698/5334 4731/5367 4730/5366 4696/5332 
f 4731/5367 4698/5334 4700/5336 4732/5368 
f 4688/5324 4731/5367 4732/5368 4686/5322 
f 4733/5369 4682/5318 4686/5322 4732/5368 
f 4702/5338 4733/5369 4732/5368 4700/5336 
f 4733/5369 4702/5338 4704/5340 4734/5370 
f 4682/5318 4733/5369 4734/5370 4680/5316 
f 4735/5371 4673/5309 4680/5316 4734/5370 
f 4706/5342 4735/5371 4734/5370 4704/5340 
f 4735/5371 4706/5342 4708/5344 4736/5372 
f 4673/5309 4735/5371 4736/5372 4674/5310 
f 4737/5373 4691/5327 4674/5310 4736/5372 
f 4710/5346 4737/5373 4736/5372 4708/5344 
f 4737/5373 4710/5346 4148/4736 4155/4743 
f 4691/5327 4737/5373 4155/4743 4154/4742 
f 4738/5374 4692/5328 4160/4748 4167/4755 
f 4712/5348 4738/5374 4167/4755 4166/4754 
f 4738/5374 4712/5348 4714/5350 4739/5375 
f 4692/5328 4738/5374 4739/5375 4677/5313 
f 4740/5376 4676/5312 4677/5313 4739/5375 
f 4716/5352 4740/5376 4739/5375 4714/5350 
f 4740/5376 4716/5352 4718/5354 4741/5377 
f 4676/5312 4740/5376 4741/5377 4678/5314 
f 4742/5378 4683/5319 4678/5314 4741/5377 
f 4720/5356 4742/5378 4741/5377 4718/5354 
f 4742/5378 4720/5356 4722/5358 4743/5379 
f 4683/5319 4742/5378 4743/5379 4684/5320 
f 4744/5380 4689/5325 4684/5320 4743/5379 
f 4724/5360 4744/5380 4743/5379 4722/5358 
f 4744/5380 4724/5360 4726/5362 4745/5381 
f 4689/5325 4744/5380 4745/5381 4108/4696 
f 4746/5382 4109/4697 4108/4696 4745/5381 
f 4728/5364 4746/5382 4745/5381 4726/5362 
f 4746/5382 4728/5364 4208/4796 4214/4802 
f 4109/4697 4746/5382 4214/4802 4110/4698 
f 4240/4828 4244/4832 4249/4837 4248/4836 
f 4241/4829 4240/4828 4248/4836 4251/4839 
f 4252/4840 4254/4842 4259/4847 4258/4846 
f 4244/4832 4252/4840 4258/4846 4249/4837 
f 4265/4853 4260/4848 4262/4850 4266/4854 
f 4254/4842 4260/4848 4265/4853 4259/4847 
f 4273/4861 4268/4856 4270/4858 4274/4862 
f 4266/4854 4262/4850 4268/4856 4273/4861 
f 4281/4869 4276/4864 4278/4866 4282/4870 
f 4274/4862 4270/4858 4276/4864 4281/4869 
f 4284/4872 4286/4874 4291/4879 4290/4878 
f 4282/4870 4278/4866 4284/4872 4290/4878 
f 4292/4880 4294/4882 4299/4887 4298/4886 
f 4286/4874 4292/4880 4298/4886 4291/4879 
f 4300/4888 4302/4890 4307/4895 4306/4894 
f 4294/4882 4300/4888 4306/4894 4299/4887 
f 4313/4901 4308/4896 4310/4898 4314/4902 
f 4302/4890 4308/4896 4313/4901 4307/4895 
f 4321/4909 4316/4904 4318/4906 4322/4910 
f 4314/4902 4310/4898 4316/4904 4321/4909 
f 4329/4917 4324/4912 4326/4914 4330/4918 
f 4322/4910 4318/4906 4324/4912 4329/4917 
f 4332/4920 4334/4922 4339/4927 4338/4926 
f 4330/4918 4326/4914 4332/4920 4338/4926 
f 4340/4928 4342/4930 4347/4935 4346/4934 
f 4334/4922 4340/4928 4346/4934 4339/4927 
f 4348/4936 4350/4938 4355/4943 4354/4942 
f 4342/4930 4348/4936 4354/4942 4347/4935 
f 4356/4944 4358/4946 4363/4951 4362/4950 
f 4350/4938 4356/4944 4362/4950 4355/4943 
f 4369/4957 4364/4952 4366/4954 4370/4958 
f 4363/4951 4358/4946 4364/4952 4369/4957 
f 4377/4965 4372/4960 4374/4962 4378/4966 
f 4370/4958 4366/4954 4372/4960 4377/4965 
f 4385/4973 4380/4968 4382/4970 4386/4974 
f 4378/4966 4374/4962 4380/4968 4385/4973 
f 4393/4981 4388/4976 4390/4978 4394/4982 
f 4386/4974 4382/4970 4388/4976 4393/4981 
f 4396/4984 4241/4829 4251/4839 4399/4987 
f 4394/4982 4390/4978 4396/4984 4399/4987 
# 4740 polygons

