# 3ds Max Wavefront OBJ Exporter v0.99 - (c)2007 guruware
# File Created: 12.05.2025 15:17:10

mtllib Kitchenware_154.mtl

#
# object Kitchenware_154
#

v  0.0000 -10.0945 0.0000
v  -0.2001 -10.0945 -0.4829
v  -0.1168 -10.0945 -0.5874
v  0.0000 -10.0945 -0.5227
v  -0.4500 -10.1215 -1.0865
v  -0.2332 -10.1215 -1.1720
v  0.0000 -10.1215 -1.1761
v  -0.4651 -10.2023 -2.3382
v  0.0000 -10.2023 -2.3844
v  -0.9125 -10.2023 -2.2029
v  -1.3464 -10.2843 -3.2503
v  -0.6863 -10.2843 -3.4499
v  0.0000 -10.2843 -3.5181
v  -0.7700 -10.3150 -3.8711
v  0.0000 -10.3150 -3.9477
v  -1.5107 -10.3150 -3.6472
v  -1.5385 -10.3156 -3.7141
v  -0.7842 -10.3156 -3.9422
v  0.0000 -10.3156 -4.0201
v  -0.7964 -10.3075 -4.0035
v  0.0000 -10.3075 -4.0827
v  -1.5624 -10.3075 -3.7719
v  -1.5822 -10.2921 -3.8198
v  -0.8064 -10.2921 -4.0543
v  0.0000 -10.2921 -4.1345
v  -0.8143 -10.2706 -4.0936
v  0.0000 -10.2706 -4.1746
v  -1.5976 -10.2706 -3.8569
v  -1.6082 -10.2442 -3.8824
v  -0.8197 -10.2442 -4.1208
v  0.0000 -10.2442 -4.2023
v  -0.8224 -10.2144 -4.1348
v  0.0000 -10.2144 -4.2166
v  -1.6136 -10.2144 -3.8957
v  -1.6137 -10.1823 -3.8958
v  -0.8225 -10.1823 -4.1350
v  0.0000 -10.1823 -4.2168
v  -0.8196 -10.1493 -4.1203
v  0.0000 -10.1493 -4.2018
v  -1.6080 -10.1493 -3.8820
v  -1.5962 -10.1167 -3.8535
v  -0.8136 -10.1167 -4.0901
v  0.0000 -10.1167 -4.1710
v  -0.8043 -10.0857 -4.0435
v  0.0000 -10.0857 -4.1235
v  -1.5780 -10.0857 -3.8096
v  -1.5531 -10.0577 -3.7494
v  -0.7916 -10.0577 -3.9795
v  0.0000 -10.0577 -4.0583
v  -0.7752 -10.0338 -3.8975
v  0.0000 -10.0338 -3.9746
v  -1.5210 -10.0338 -3.6721
v  -1.4782 -10.0137 -3.5685
v  -0.7534 -10.0137 -3.7876
v  0.0000 -10.0137 -3.8626
v  -0.7241 -9.9967 -3.6401
v  0.0000 -9.9967 -3.7121
v  -1.4206 -9.9967 -3.4296
v  -1.3445 -9.9791 -3.2459
v  -0.6853 -9.9791 -3.4452
v  0.0000 -9.9791 -3.5134
v  -0.6351 -9.9573 -3.1930
v  0.0000 -9.9573 -3.2562
v  -1.2461 -9.9573 -3.0083
v  -1.1304 -9.9279 -2.7290
v  -0.5762 -9.9279 -2.8966
v  0.0000 -9.9279 -2.9539
v  -0.5110 -9.8879 -2.5690
v  0.0000 -9.8879 -2.6198
v  -1.0026 -9.8879 -2.4204
v  -0.8677 -9.8341 -2.0945
v  -0.4422 -9.8341 -2.2231
v  0.0000 -9.8341 -2.2671
v  -0.3724 -9.7633 -1.8722
v  0.0000 -9.7633 -1.9092
v  -0.7306 -9.7633 -1.7639
v  -0.5967 -9.6723 -1.4406
v  -0.3041 -9.6723 -1.5290
v  0.0000 -9.6723 -1.5593
v  -0.2400 -9.5579 -1.2068
v  0.0000 -9.5579 -1.2307
v  -0.4710 -9.5579 -1.1370
v  -0.3585 -9.4170 -0.8654
v  -0.1827 -9.4170 -0.9185
v  0.0000 -9.4170 -0.9367
v  -0.1348 -9.2465 -0.6772
v  0.0000 -9.2465 -0.6906
v  -0.2643 -9.2465 -0.6380
v  -0.1935 -9.0430 -0.4672
v  -0.0986 -9.0430 -0.4958
v  0.0000 -9.0430 -0.5057
v  -0.0771 -8.8035 -0.3875
v  0.0000 -8.8035 -0.3952
v  -0.1513 -8.8035 -0.3651
v  -0.1302 -7.6912 -0.3143
v  -0.0664 -7.6912 -0.3336
v  0.0000 -7.6912 -0.3402
v  -0.0628 -4.8695 -0.3156
v  0.0000 -4.8695 -0.3219
v  -0.1232 -4.8695 -0.2974
v  -0.1236 -2.0873 -0.2983
v  -0.0629 -2.0873 -0.3166
v  0.0000 -2.0873 -0.3228
v  -0.0635 -1.0936 -0.3194
v  0.0000 -1.0936 -0.3257
v  -0.1246 -1.0936 -0.3009
v  -0.1271 -0.9917 -0.3069
v  -0.0648 -0.9917 -0.3258
v  0.0000 -0.9917 -0.3322
v  -0.0671 -0.8854 -0.3375
v  0.0000 -0.8854 -0.3442
v  -0.1317 -0.8854 -0.3180
v  -0.1389 -0.7765 -0.3351
v  -0.0708 -0.7765 -0.3557
v  0.0000 -0.7765 -0.3628
v  -0.0759 -0.6674 -0.3816
v  0.0000 -0.6674 -0.3892
v  -0.1490 -0.6674 -0.3596
v  -0.1625 -0.5600 -0.3924
v  -0.0829 -0.5600 -0.4164
v  0.0000 -0.5600 -0.4247
v  -0.0917 -0.4564 -0.4613
v  0.0000 -0.4564 -0.4704
v  -0.1801 -0.4564 -0.4346
v  -0.2020 -0.3589 -0.4875
v  -0.1029 -0.3589 -0.5174
v  0.0000 -0.3589 -0.5277
v  -0.1165 -0.2695 -0.5860
v  0.0000 -0.2695 -0.5976
v  -0.2287 -0.2695 -0.5521
v  -0.2607 -0.1902 -0.6295
v  -0.1329 -0.1902 -0.6682
v  0.0000 -0.1902 -0.6814
v  -0.1522 -0.1233 -0.7652
v  0.0000 -0.1233 -0.7803
v  -0.2986 -0.1233 -0.7209
v  -0.3428 -0.0708 -0.8274
v  -0.1747 -0.0708 -0.8782
v  0.0000 -0.0708 -0.8956
v  -0.2006 -0.0348 -1.0084
v  0.0000 -0.0348 -1.0284
v  -0.3936 -0.0348 -0.9501
v  -0.4750 0.0284 -1.1467
v  -0.2421 0.0284 -1.2171
v  0.0000 0.0284 -1.2412
v  -0.3115 0.1627 -1.5656
v  0.0000 0.1627 -1.5966
v  -0.6110 0.1627 -1.4751
v  -0.7580 0.3757 -1.8298
v  -0.3863 0.3757 -1.9422
v  0.0000 0.3757 -1.9806
v  -0.4446 0.6751 -2.2350
v  0.0000 0.6751 -2.2792
v  -0.8722 0.6751 -2.1057
v  -0.9566 1.0627 -2.3096
v  -0.4876 1.0627 -2.4513
v  0.0000 1.0627 -2.4998
v  -0.5169 1.5404 -2.5986
v  0.0000 1.5404 -2.6500
v  -1.0141 1.5404 -2.4483
v  -1.0475 2.1100 -2.5289
v  -0.5340 2.1100 -2.6841
v  0.0000 2.1100 -2.7372
v  -0.5401 2.7734 -2.7152
v  0.0000 2.7734 -2.7689
v  -1.0596 2.7734 -2.5582
v  -1.0534 3.5325 -2.5431
v  -0.5369 3.5325 -2.6993
v  0.0000 3.5325 -2.7527
v  -0.5259 4.3892 -2.6435
v  0.0000 4.3892 -2.6958
v  -1.0317 4.3892 -2.4906
v  -0.9973 5.3453 -2.4076
v  -0.5083 5.3453 -2.5554
v  0.0000 5.3453 -2.6060
v  -0.4858 6.4027 -2.4422
v  0.0000 6.4027 -2.4905
v  -0.9531 6.4027 -2.3009
v  -0.9020 7.5633 -2.1776
v  -0.4598 7.5633 -2.3113
v  0.0000 7.5633 -2.3570
v  -0.4316 8.8289 -2.1700
v  0.0000 8.8289 -2.2129
v  -0.8469 8.8289 -2.0445
v  -0.8066 9.8322 -1.9473
v  -0.4111 9.8322 -2.0669
v  0.0000 9.8322 -2.1078
v  -0.4079 10.2058 -2.0507
v  0.0000 10.2058 -2.0913
v  -0.8003 10.2058 -1.9321
v  -0.8008 10.2597 -1.9334
v  -0.4082 10.2597 -2.0521
v  0.0000 10.2597 -2.0927
v  -0.3982 10.3037 -2.0018
v  0.0000 10.3037 -2.0415
v  -0.7812 10.3037 -1.8861
v  -0.7545 10.3156 -1.8214
v  -0.3845 10.3156 -1.9333
v  0.0000 10.3156 -1.9715
v  -0.3739 10.2729 -1.8797
v  0.0000 10.2729 -1.9169
v  -0.7336 10.2730 -1.7710
v  -0.7256 10.2093 -1.7517
v  -0.3698 10.2093 -1.8593
v  0.0000 10.2093 -1.8961
v  -0.3759 10.1583 -1.8901
v  0.0000 10.1583 -1.9275
v  -0.7376 10.1583 -1.7807
v  -0.7649 9.8489 -1.8468
v  -0.3899 9.8489 -1.9601
v  0.0000 9.8489 -1.9989
v  -0.4093 9.0104 -2.0577
v  0.0000 9.0104 -2.0984
v  -0.8030 9.0104 -1.9386
v  -0.8465 7.9255 -2.0435
v  -0.4314 7.9255 -2.1689
v  0.0000 7.9255 -2.2118
v  -0.4536 6.8769 -2.2802
v  0.0000 6.8769 -2.3254
v  -0.8899 6.8769 -2.1483
v  -0.9293 5.8746 -2.2433
v  -0.4736 5.8746 -2.3811
v  0.0000 5.8746 -2.4282
v  -0.4895 4.9288 -2.4608
v  0.0000 4.9288 -2.5095
v  -0.9604 4.9288 -2.3185
v  -0.9791 4.0495 -2.3639
v  -0.4991 4.0495 -2.5091
v  0.0000 4.0495 -2.5587
v  -0.5003 3.2469 -2.5152
v  0.0000 3.2469 -2.5650
v  -0.9816 3.2469 -2.3697
v  -0.9634 2.5310 -2.3259
v  -0.4910 2.5310 -2.4687
v  0.0000 2.5310 -2.5176
v  -0.4693 1.9120 -2.3591
v  0.0000 1.9120 -2.4058
v  -0.9207 1.9120 -2.2226
v  -0.8491 1.4000 -2.0499
v  -0.4328 1.4000 -2.1758
v  0.0000 1.4000 -2.2188
v  -0.3796 1.0050 -1.9082
v  0.0000 1.0050 -1.9459
v  -0.7447 1.0050 -1.7978
v  -0.6033 0.7372 -1.4565
v  -0.3075 0.7372 -1.5459
v  0.0000 0.7372 -1.5765
v  -0.2145 0.6066 -1.0783
v  0.0000 0.6066 -1.0996
v  -0.4208 0.6066 -1.0159
v  -0.2458 0.5601 -0.5933
v  -0.1276 0.5601 -0.6416
v  0.0000 0.5601 -0.6422
v  -0.3696 -10.0945 -0.3696
v  -0.3327 -10.0945 -0.4980
v  -0.8316 -10.1215 -0.8316
v  -0.6639 -10.1215 -0.9935
v  -1.3245 -10.2023 -1.9822
v  -1.6861 -10.2023 -1.6860
v  -2.4878 -10.2843 -2.4877
v  -1.9543 -10.2843 -2.9247
v  -2.1928 -10.3150 -3.2817
v  -2.7914 -10.3150 -2.7914
v  -2.8427 -10.3156 -2.8427
v  -2.2330 -10.3156 -3.3420
v  -2.2678 -10.3075 -3.3940
v  -2.8870 -10.3075 -2.8869
v  -2.9236 -10.2921 -2.9235
v  -2.2965 -10.2921 -3.4370
v  -2.3189 -10.2706 -3.4704
v  -2.9519 -10.2706 -2.9519
v  -2.9715 -10.2442 -2.9715
v  -2.3342 -10.2442 -3.4934
v  -2.3422 -10.2144 -3.5053
v  -2.9817 -10.2144 -2.9816
v  -2.9818 -10.1823 -2.9817
v  -2.3423 -10.1823 -3.5054
v  -2.3340 -10.1493 -3.4930
v  -2.9712 -10.1493 -2.9712
v  -2.9494 -10.1167 -2.9494
v  -2.3169 -10.1167 -3.4674
v  -2.2904 -10.0857 -3.4279
v  -2.9158 -10.0857 -2.9157
v  -2.8696 -10.0577 -2.8696
v  -2.2543 -10.0577 -3.3737
v  -2.2078 -10.0338 -3.3041
v  -2.8105 -10.0338 -2.8105
v  -2.7312 -10.0137 -2.7312
v  -2.1456 -10.0137 -3.2110
v  -2.0620 -9.9967 -3.0860
v  -2.6249 -9.9967 -2.6249
v  -2.4843 -9.9791 -2.4843
v  -1.9516 -9.9791 -2.9207
v  -1.8087 -9.9573 -2.7069
v  -2.3025 -9.9573 -2.3025
v  -2.0887 -9.9279 -2.0887
v  -1.6408 -9.9279 -2.4556
v  -1.4552 -9.8879 -2.1779
v  -1.8525 -9.8879 -1.8525
v  -1.6031 -9.8341 -1.6031
v  -1.2593 -9.8341 -1.8847
v  -1.0605 -9.7633 -1.5871
v  -1.3500 -9.7633 -1.3500
v  -1.1026 -9.6723 -1.1026
v  -0.8661 -9.6723 -1.2963
v  -0.6836 -9.5579 -1.0231
v  -0.8702 -9.5579 -0.8702
v  -0.6624 -9.4170 -0.6624
v  -0.5203 -9.4170 -0.7787
v  -0.3837 -9.2465 -0.5741
v  -0.4884 -9.2465 -0.4883
v  -0.3575 -9.0430 -0.3576
v  -0.2809 -9.0430 -0.4204
v  -0.2195 -8.8035 -0.3285
v  -0.2794 -8.8035 -0.2794
v  -0.2406 -7.6912 -0.2406
v  -0.1890 -7.6912 -0.2828
v  -0.1788 -4.8695 -0.2676
v  -0.2276 -4.8695 -0.2276
v  -0.2283 -2.0873 -0.2283
v  -0.1793 -2.0873 -0.2684
v  -0.1809 -1.0936 -0.2708
v  -0.2303 -1.0936 -0.2303
v  -0.2349 -0.9917 -0.2349
v  -0.1845 -0.9917 -0.2762
v  -0.1912 -0.8854 -0.2861
v  -0.2434 -0.8854 -0.2434
v  -0.2565 -0.7765 -0.2565
v  -0.2015 -0.7765 -0.3016
v  -0.2162 -0.6674 -0.3235
v  -0.2752 -0.6674 -0.2752
v  -0.3003 -0.5600 -0.3003
v  -0.2359 -0.5600 -0.3530
v  -0.2613 -0.4564 -0.3911
v  -0.3326 -0.4564 -0.3327
v  -0.3732 -0.3589 -0.3731
v  -0.2932 -0.3589 -0.4387
v  -0.3320 -0.2695 -0.4968
v  -0.4226 -0.2695 -0.4226
v  -0.4818 -0.1902 -0.4818
v  -0.3785 -0.1902 -0.5665
v  -0.4334 -0.1233 -0.6487
v  -0.5518 -0.1233 -0.5518
v  -0.6332 -0.0708 -0.6333
v  -0.4974 -0.0708 -0.7445
v  -0.5713 -0.0348 -0.8549
v  -0.7272 -0.0348 -0.7272
v  -0.8777 0.0284 -0.8776
v  -0.6894 0.0284 -1.0318
v  -0.8868 0.1627 -1.3273
v  -1.1290 0.1627 -1.1290
v  -1.4005 0.3757 -1.4005
v  -1.1002 0.3757 -1.6465
v  -1.2660 0.6751 -1.8947
v  -1.6116 0.6751 -1.6116
v  -1.7676 1.0627 -1.7677
v  -1.3885 1.0627 -2.0781
v  -1.4720 1.5404 -2.2030
v  -1.8739 1.5404 -1.8738
v  -1.9355 2.1100 -1.9355
v  -1.5204 2.1100 -2.2755
v  -1.5381 2.7734 -2.3019
v  -1.9580 2.7734 -1.9579
v  -1.9464 3.5325 -1.9464
v  -1.5290 3.5325 -2.2883
v  -1.4975 4.3892 -2.2411
v  -1.9062 4.3892 -1.9062
v  -1.8427 5.3453 -1.8427
v  -1.4475 5.3453 -2.1664
v  -1.3834 6.4027 -2.0704
v  -1.7611 6.4027 -1.7611
v  -1.6666 7.5633 -1.6667
v  -1.3092 7.5633 -1.9594
v  -1.2292 8.8289 -1.8396
v  -1.5648 8.8289 -1.5648
v  -1.4904 9.8322 -1.4904
v  -1.1708 9.8322 -1.7522
v  -1.1617 10.2058 -1.7385
v  -1.4788 10.2058 -1.4787
v  -1.4797 10.2597 -1.4798
v  -1.1624 10.2597 -1.7397
v  -1.1339 10.3037 -1.6971
v  -1.4435 10.3037 -1.4435
v  -1.3941 10.3156 -1.3941
v  -1.0951 10.3156 -1.6390
v  -1.0648 10.2730 -1.5936
v  -1.3555 10.2730 -1.3555
v  -1.3408 10.2093 -1.3407
v  -1.0532 10.2093 -1.5762
v  -1.0706 10.1583 -1.6023
v  -1.3629 10.1583 -1.3629
v  -1.4134 9.8489 -1.4135
v  -1.1104 9.8489 -1.6617
v  -1.1656 9.0104 -1.7444
v  -1.4838 9.0104 -1.4838
v  -1.5640 7.9255 -1.5640
v  -1.2286 7.9255 -1.8387
v  -1.2917 6.8769 -1.9331
v  -1.6442 6.8769 -1.6443
v  -1.7170 5.8746 -1.7170
v  -1.3488 5.8746 -2.0186
v  -1.3940 4.9288 -2.0862
v  -1.7745 4.9288 -1.7745
v  -1.8093 4.0495 -1.8093
v  -1.4213 4.0495 -2.1271
v  -1.4248 3.2469 -2.1323
v  -1.8137 3.2469 -1.8137
v  -1.7802 2.5310 -1.7802
v  -1.3985 2.5310 -2.0929
v  -1.3363 1.9120 -1.9999
v  -1.7012 1.9120 -1.7011
v  -1.5689 1.4000 -1.5689
v  -1.2324 1.4000 -1.8445
v  -1.0809 1.0050 -1.6177
v  -1.3760 1.0050 -1.3760
v  -1.1147 0.7372 -1.1147
v  -0.8757 0.7372 -1.3105
v  -0.6108 0.6066 -0.9141
v  -0.7775 0.6066 -0.7775
v  -0.4540 0.5601 -0.4541
v  -0.3634 0.5601 -0.5439
v  -0.4829 -10.0945 -0.2000
v  -0.4980 -10.0945 -0.3328
v  -1.0866 -10.1215 -0.4501
v  -0.9935 -10.1215 -0.6639
v  -1.9822 -10.2023 -1.3245
v  -2.2029 -10.2023 -0.9125
v  -3.2503 -10.2843 -1.3463
v  -2.9247 -10.2843 -1.9542
v  -3.2818 -10.3150 -2.1928
v  -3.6472 -10.3150 -1.5107
v  -3.7142 -10.3156 -1.5384
v  -3.3421 -10.3156 -2.2330
v  -3.3940 -10.3075 -2.2678
v  -3.7720 -10.3075 -1.5624
v  -3.8198 -10.2921 -1.5822
v  -3.4370 -10.2921 -2.2966
v  -3.4704 -10.2706 -2.3189
v  -3.8568 -10.2706 -1.5976
v  -3.8824 -10.2442 -1.6081
v  -3.4934 -10.2442 -2.3342
v  -3.5053 -10.2144 -2.3422
v  -3.8957 -10.2144 -1.6136
v  -3.8958 -10.1823 -1.6137
v  -3.5055 -10.1823 -2.3423
v  -3.4931 -10.1493 -2.3340
v  -3.8820 -10.1493 -1.6080
v  -3.8535 -10.1167 -1.5962
v  -3.4675 -10.1167 -2.3169
v  -3.4279 -10.0857 -2.2904
v  -3.8096 -10.0857 -1.5780
v  -3.7494 -10.0577 -1.5530
v  -3.3737 -10.0577 -2.2542
v  -3.3042 -10.0338 -2.2078
v  -3.6721 -10.0338 -1.5210
v  -3.5686 -10.0137 -1.4781
v  -3.2110 -10.0137 -2.1455
v  -3.0860 -9.9967 -2.0620
v  -3.4296 -9.9967 -1.4206
v  -3.2459 -9.9791 -1.3445
v  -2.9207 -9.9791 -1.9515
v  -2.7069 -9.9573 -1.8087
v  -3.0084 -9.9573 -1.2461
v  -2.7290 -9.9279 -1.1304
v  -2.4556 -9.9279 -1.6408
v  -2.1779 -9.8879 -1.4552
v  -2.4203 -9.8879 -1.0025
v  -2.0946 -9.8341 -0.8676
v  -1.8847 -9.8341 -1.2593
v  -1.5872 -9.7633 -1.0605
v  -1.7639 -9.7633 -0.7306
v  -1.4406 -9.6723 -0.5967
v  -1.2962 -9.6723 -0.8661
v  -1.0231 -9.5579 -0.6836
v  -1.1371 -9.5579 -0.4710
v  -0.8655 -9.4170 -0.3585
v  -0.7787 -9.4170 -0.5203
v  -0.5741 -9.2465 -0.3836
v  -0.6380 -9.2465 -0.2643
v  -0.4672 -9.0430 -0.1935
v  -0.4204 -9.0430 -0.2809
v  -0.3285 -8.8035 -0.2195
v  -0.3651 -8.8035 -0.1512
v  -0.3143 -7.6912 -0.1302
v  -0.2829 -7.6912 -0.1890
v  -0.2676 -4.8695 -0.1788
v  -0.2974 -4.8695 -0.1232
v  -0.2983 -2.0873 -0.1235
v  -0.2684 -2.0873 -0.1793
v  -0.2707 -1.0936 -0.1809
v  -0.3009 -1.0936 -0.1246
v  -0.3069 -0.9917 -0.1271
v  -0.2762 -0.9917 -0.1845
v  -0.2861 -0.8854 -0.1912
v  -0.3180 -0.8854 -0.1317
v  -0.3351 -0.7765 -0.1388
v  -0.3016 -0.7765 -0.2015
v  -0.3236 -0.6674 -0.2162
v  -0.3595 -0.6674 -0.1489
v  -0.3923 -0.5600 -0.1625
v  -0.3531 -0.5600 -0.2359
v  -0.3911 -0.4564 -0.2613
v  -0.4347 -0.4564 -0.1800
v  -0.4875 -0.3589 -0.2019
v  -0.4387 -0.3589 -0.2931
v  -0.4968 -0.2695 -0.3319
v  -0.5521 -0.2695 -0.2287
v  -0.6295 -0.1902 -0.2608
v  -0.5665 -0.1902 -0.3785
v  -0.6487 -0.1233 -0.4335
v  -0.7210 -0.1233 -0.2986
v  -0.8274 -0.0708 -0.3427
v  -0.7445 -0.0708 -0.4975
v  -0.8549 -0.0348 -0.5712
v  -0.9501 -0.0348 -0.3935
v  -1.1467 0.0284 -0.4750
v  -1.0318 0.0284 -0.6894
v  -1.3273 0.1627 -0.8869
v  -1.4750 0.1627 -0.6110
v  -1.8298 0.3757 -0.7579
v  -1.6465 0.3757 -1.1002
v  -1.8948 0.6751 -1.2660
v  -2.1057 0.6751 -0.8722
v  -2.3095 1.0627 -0.9566
v  -2.0782 1.0627 -1.3886
v  -2.2030 1.5404 -1.4720
v  -2.4483 1.5404 -1.0141
v  -2.5289 2.1100 -1.0475
v  -2.2755 2.1100 -1.5204
v  -2.3019 2.7734 -1.5381
v  -2.5581 2.7734 -1.0596
v  -2.5432 3.5325 -1.0534
v  -2.2883 3.5325 -1.5290
v  -2.2410 4.3892 -1.4974
v  -2.4906 4.3892 -1.0316
v  -2.4076 5.3453 -0.9973
v  -2.1664 5.3453 -1.4475
v  -2.0704 6.4027 -1.3834
v  -2.3009 6.4027 -0.9531
v  -2.1776 7.5633 -0.9020
v  -1.9594 7.5633 -1.3092
v  -1.8396 8.8289 -1.2292
v  -2.0445 8.8289 -0.8468
v  -1.9473 9.8322 -0.8066
v  -1.7522 9.8322 -1.1708
v  -1.7385 10.2058 -1.1616
v  -1.9320 10.2058 -0.8003
v  -1.9334 10.2597 -0.8008
v  -1.7397 10.2597 -1.1624
v  -1.6971 10.3037 -1.1340
v  -1.8861 10.3037 -0.7812
v  -1.8214 10.3156 -0.7545
v  -1.6390 10.3156 -1.0951
v  -1.5936 10.2730 -1.0648
v  -1.7710 10.2730 -0.7336
v  -1.7517 10.2093 -0.7256
v  -1.5762 10.2093 -1.0532
v  -1.6023 10.1583 -1.0706
v  -1.7807 10.1583 -0.7376
v  -1.8468 9.8489 -0.7650
v  -1.6617 9.8489 -1.1103
v  -1.7444 9.0104 -1.1656
v  -1.9386 9.0104 -0.8030
v  -2.0434 7.9255 -0.8464
v  -1.8388 7.9255 -1.2286
v  -1.9331 6.8769 -1.2917
v  -2.1483 6.8769 -0.8899
v  -2.2433 5.8746 -0.9292
v  -2.0185 5.8746 -1.3488
v  -2.0863 4.9288 -1.3940
v  -2.3185 4.9288 -0.9604
v  -2.3640 4.0495 -0.9792
v  -2.1271 4.0495 -1.4213
v  -2.1323 3.2469 -1.4248
v  -2.3697 3.2469 -0.9816
v  -2.3259 2.5310 -0.9634
v  -2.0929 2.5310 -1.3984
v  -2.0000 1.9120 -1.3363
v  -2.2226 1.9120 -0.9206
v  -2.0499 1.4000 -0.8491
v  -1.8445 1.4000 -1.2325
v  -1.6177 1.0050 -1.0809
v  -1.7979 1.0050 -0.7447
v  -1.4565 0.7372 -0.6033
v  -1.3105 0.7372 -0.8757
v  -0.9141 0.6066 -0.6108
v  -1.0159 0.6066 -0.4208
v  -0.5933 0.5601 -0.2457
v  -0.5439 0.5601 -0.3634
v  -0.5227 -10.0945 0.0000
v  -0.5875 -10.0945 -0.1168
v  -1.1761 -10.1215 0.0000
v  -1.1720 -10.1215 -0.2331
v  -2.3381 -10.2023 -0.4651
v  -2.3845 -10.2023 0.0000
v  -3.5182 -10.2843 0.0000
v  -3.4499 -10.2843 -0.6862
v  -3.8711 -10.3150 -0.7700
v  -3.9476 -10.3150 0.0000
v  -4.0201 -10.3156 0.0000
v  -3.9422 -10.3156 -0.7841
v  -4.0035 -10.3075 -0.7963
v  -4.0827 -10.3075 0.0000
v  -4.1345 -10.2921 0.0000
v  -4.0543 -10.2921 -0.8064
v  -4.0936 -10.2706 -0.8143
v  -4.1746 -10.2706 0.0000
v  -4.2024 -10.2442 0.0000
v  -4.1208 -10.2442 -0.8197
v  -4.1348 -10.2144 -0.8225
v  -4.2167 -10.2144 0.0000
v  -4.2168 -10.1823 0.0000
v  -4.1349 -10.1823 -0.8225
v  -4.1203 -10.1493 -0.8196
v  -4.2019 -10.1493 0.0000
v  -4.1711 -10.1167 0.0000
v  -4.0901 -10.1167 -0.8136
v  -4.0435 -10.0857 -0.8043
v  -4.1235 -10.0857 0.0000
v  -4.0583 -10.0577 0.0000
v  -3.9796 -10.0577 -0.7916
v  -3.8976 -10.0338 -0.7753
v  -3.9746 -10.0338 0.0000
v  -3.8626 -10.0137 0.0000
v  -3.7876 -10.0137 -0.7534
v  -3.6402 -9.9967 -0.7241
v  -3.7122 -9.9967 0.0000
v  -3.5133 -9.9791 0.0000
v  -3.4452 -9.9791 -0.6853
v  -3.1930 -9.9573 -0.6351
v  -3.2562 -9.9573 0.0000
v  -2.9539 -9.9279 0.0000
v  -2.8966 -9.9279 -0.5762
v  -2.5690 -9.8879 -0.5110
v  -2.6198 -9.8879 0.0000
v  -2.2672 -9.8341 0.0000
v  -2.2231 -9.8341 -0.4422
v  -1.8722 -9.7633 -0.3724
v  -1.9093 -9.7633 0.0000
v  -1.5594 -9.6723 0.0000
v  -1.5290 -9.6723 -0.3041
v  -1.2069 -9.5579 -0.2401
v  -1.2307 -9.5579 0.0000
v  -0.9367 -9.4170 0.0000
v  -0.9186 -9.4170 -0.1827
v  -0.6772 -9.2465 -0.1347
v  -0.6907 -9.2465 0.0000
v  -0.5056 -9.0430 0.0000
v  -0.4958 -9.0430 -0.0986
v  -0.3875 -8.8035 -0.0771
v  -0.3952 -8.8035 0.0000
v  -0.3402 -7.6912 0.0000
v  -0.3336 -7.6912 -0.0664
v  -0.3157 -4.8695 -0.0628
v  -0.3219 -4.8695 0.0000
v  -0.3228 -2.0873 0.0000
v  -0.3166 -2.0873 -0.0630
v  -0.3194 -1.0936 -0.0635
v  -0.3257 -1.0936 0.0000
v  -0.3323 -0.9917 0.0000
v  -0.3258 -0.9917 -0.0648
v  -0.3375 -0.8854 -0.0671
v  -0.3442 -0.8854 0.0000
v  -0.3628 -0.7765 0.0000
v  -0.3557 -0.7765 -0.0708
v  -0.3817 -0.6674 -0.0759
v  -0.3892 -0.6674 0.0000
v  -0.4247 -0.5600 0.0000
v  -0.4165 -0.5600 -0.0828
v  -0.4613 -0.4564 -0.0918
v  -0.4704 -0.4564 0.0000
v  -0.5277 -0.3589 0.0000
v  -0.5175 -0.3589 -0.1029
v  -0.5860 -0.2695 -0.1166
v  -0.5976 -0.2695 0.0000
v  -0.6814 -0.1902 0.0000
v  -0.6682 -0.1902 -0.1329
v  -0.7652 -0.1233 -0.1522
v  -0.7804 -0.1233 0.0000
v  -0.8956 -0.0708 0.0000
v  -0.8782 -0.0708 -0.1747
v  -1.0084 -0.0348 -0.2006
v  -1.0283 -0.0348 0.0000
v  -1.2412 0.0284 0.0000
v  -1.2171 0.0284 -0.2421
v  -1.5656 0.1627 -0.3114
v  -1.5966 0.1627 0.0000
v  -1.9806 0.3757 0.0000
v  -1.9422 0.3757 -0.3863
v  -2.2350 0.6751 -0.4446
v  -2.2792 0.6751 0.0000
v  -2.4999 1.0627 0.0000
v  -2.4513 1.0627 -0.4876
v  -2.5987 1.5404 -0.5169
v  -2.6501 1.5404 0.0000
v  -2.7372 2.1100 0.0000
v  -2.6841 2.1100 -0.5339
v  -2.7152 2.7734 -0.5401
v  -2.7690 2.7734 0.0000
v  -2.7527 3.5325 0.0000
v  -2.6993 3.5325 -0.5369
v  -2.6435 4.3892 -0.5258
v  -2.6958 4.3892 0.0000
v  -2.6059 5.3453 0.0000
v  -2.5554 5.3453 -0.5083
v  -2.4422 6.4027 -0.4858
v  -2.4905 6.4027 0.0000
v  -2.3570 7.5633 0.0000
v  -2.3113 7.5633 -0.4597
v  -2.1700 8.8289 -0.4316
v  -2.2129 8.8289 -0.0000
v  -2.1078 9.8322 -0.0000
v  -2.0669 9.8322 -0.4111
v  -2.0507 10.2058 -0.4079
v  -2.0912 10.2058 -0.0000
v  -2.0927 10.2597 -0.0000
v  -2.0521 10.2597 -0.4082
v  -2.0019 10.3037 -0.3982
v  -2.0414 10.3037 -0.0000
v  -1.9715 10.3156 -0.0000
v  -1.9333 10.3156 -0.3846
v  -1.8797 10.2730 -0.3739
v  -1.9169 10.2730 -0.0000
v  -1.8961 10.2093 -0.0000
v  -1.8593 10.2093 -0.3698
v  -1.8901 10.1583 -0.3760
v  -1.9275 10.1583 -0.0000
v  -1.9989 9.8489 -0.0000
v  -1.9602 9.8489 -0.3899
v  -2.0576 9.0104 -0.4093
v  -2.0984 9.0104 -0.0000
v  -2.2119 7.9255 0.0000
v  -2.1689 7.9255 -0.4314
v  -2.2802 6.8769 -0.4536
v  -2.3253 6.8769 0.0000
v  -2.4282 5.8746 0.0000
v  -2.3810 5.8746 -0.4736
v  -2.4609 4.9288 -0.4895
v  -2.5095 4.9288 0.0000
v  -2.5587 4.0495 0.0000
v  -2.5091 4.0495 -0.4991
v  -2.5152 3.2469 -0.5003
v  -2.5650 3.2469 0.0000
v  -2.5176 2.5310 0.0000
v  -2.4688 2.5310 -0.4911
v  -2.3591 1.9120 -0.4693
v  -2.4057 1.9120 0.0000
v  -2.2188 1.4000 0.0000
v  -2.1757 1.4000 -0.4328
v  -1.9082 1.0050 -0.3796
v  -1.9460 1.0050 0.0000
v  -1.5764 0.7372 0.0000
v  -1.5459 0.7372 -0.3075
v  -1.0782 0.6066 -0.2145
v  -1.0996 0.6066 0.0000
v  -0.6422 0.5601 0.0000
v  -0.6415 0.5601 -0.1276
v  -0.4829 -10.0945 0.2000
v  -0.5875 -10.0945 0.1168
v  -1.0865 -10.1215 0.4501
v  -1.1720 -10.1215 0.2331
v  -2.3381 -10.2023 0.4651
v  -2.2029 -10.2023 0.9125
v  -3.2503 -10.2843 1.3463
v  -3.4499 -10.2843 0.6862
v  -3.8711 -10.3150 0.7700
v  -3.6472 -10.3150 1.5107
v  -3.7142 -10.3156 1.5384
v  -3.9422 -10.3156 0.7842
v  -4.0035 -10.3075 0.7964
v  -3.7720 -10.3075 1.5624
v  -3.8198 -10.2921 1.5822
v  -4.0543 -10.2921 0.8065
v  -4.0936 -10.2706 0.8143
v  -3.8568 -10.2706 1.5976
v  -3.8824 -10.2442 1.6082
v  -4.1208 -10.2442 0.8197
v  -4.1348 -10.2144 0.8225
v  -3.8957 -10.2144 1.6136
v  -3.8958 -10.1823 1.6137
v  -4.1349 -10.1823 0.8225
v  -4.1203 -10.1493 0.8196
v  -3.8820 -10.1493 1.6080
v  -3.8535 -10.1167 1.5962
v  -4.0901 -10.1167 0.8136
v  -4.0435 -10.0857 0.8043
v  -3.8095 -10.0857 1.5780
v  -3.7494 -10.0577 1.5530
v  -3.9796 -10.0577 0.7916
v  -3.8976 -10.0338 0.7753
v  -3.6721 -10.0338 1.5210
v  -3.5686 -10.0137 1.4781
v  -3.7876 -10.0137 0.7534
v  -3.6402 -9.9967 0.7241
v  -3.4296 -9.9967 1.4206
v  -3.2459 -9.9791 1.3445
v  -3.4452 -9.9791 0.6853
v  -3.1930 -9.9573 0.6351
v  -3.0084 -9.9573 1.2461
v  -2.7290 -9.9279 1.1304
v  -2.8966 -9.9279 0.5762
v  -2.5690 -9.8879 0.5110
v  -2.4203 -9.8879 1.0025
v  -2.0946 -9.8341 0.8676
v  -2.2231 -9.8341 0.4422
v  -1.8722 -9.7633 0.3724
v  -1.7639 -9.7633 0.7306
v  -1.4406 -9.6723 0.5967
v  -1.5290 -9.6723 0.3041
v  -1.2069 -9.5579 0.2401
v  -1.1371 -9.5579 0.4710
v  -0.8655 -9.4170 0.3585
v  -0.9186 -9.4170 0.1827
v  -0.6772 -9.2465 0.1347
v  -0.6380 -9.2465 0.2643
v  -0.4672 -9.0430 0.1935
v  -0.4958 -9.0430 0.0986
v  -0.3875 -8.8035 0.0771
v  -0.3651 -8.8035 0.1512
v  -0.3143 -7.6912 0.1302
v  -0.3336 -7.6912 0.0664
v  -0.3157 -4.8695 0.0628
v  -0.2974 -4.8695 0.1232
v  -0.2983 -2.0873 0.1235
v  -0.3166 -2.0873 0.0630
v  -0.3194 -1.0936 0.0635
v  -0.3009 -1.0936 0.1246
v  -0.3069 -0.9917 0.1271
v  -0.3258 -0.9917 0.0648
v  -0.3375 -0.8854 0.0671
v  -0.3180 -0.8854 0.1317
v  -0.3351 -0.7765 0.1388
v  -0.3557 -0.7765 0.0708
v  -0.3817 -0.6674 0.0759
v  -0.3595 -0.6674 0.1489
v  -0.3923 -0.5600 0.1625
v  -0.4165 -0.5600 0.0828
v  -0.4613 -0.4564 0.0918
v  -0.4347 -0.4564 0.1800
v  -0.4875 -0.3589 0.2019
v  -0.5175 -0.3589 0.1029
v  -0.5860 -0.2695 0.1166
v  -0.5521 -0.2695 0.2287
v  -0.6295 -0.1902 0.2608
v  -0.6682 -0.1902 0.1329
v  -0.7652 -0.1233 0.1522
v  -0.7210 -0.1233 0.2986
v  -0.8274 -0.0708 0.3427
v  -0.8782 -0.0708 0.1747
v  -1.0084 -0.0348 0.2006
v  -0.9501 -0.0348 0.3935
v  -1.1467 0.0284 0.4750
v  -1.2171 0.0284 0.2421
v  -1.5656 0.1627 0.3114
v  -1.4750 0.1627 0.6110
v  -1.8298 0.3757 0.7580
v  -1.9422 0.3757 0.3863
v  -2.2350 0.6751 0.4446
v  -2.1057 0.6751 0.8722
v  -2.3095 1.0627 0.9566
v  -2.4513 1.0627 0.4876
v  -2.5987 1.5404 0.5169
v  -2.4483 1.5404 1.0141
v  -2.5289 2.1100 1.0475
v  -2.6841 2.1100 0.5339
v  -2.7152 2.7734 0.5401
v  -2.5581 2.7734 1.0596
v  -2.5432 3.5325 1.0534
v  -2.6993 3.5325 0.5369
v  -2.6435 4.3892 0.5258
v  -2.4906 4.3892 1.0316
v  -2.4076 5.3453 0.9973
v  -2.5554 5.3453 0.5083
v  -2.4422 6.4027 0.4858
v  -2.3009 6.4027 0.9531
v  -2.1776 7.5633 0.9020
v  -2.3113 7.5633 0.4597
v  -2.1700 8.8289 0.4316
v  -2.0445 8.8289 0.8468
v  -1.9473 9.8322 0.8066
v  -2.0669 9.8322 0.4111
v  -2.0507 10.2058 0.4079
v  -1.9320 10.2058 0.8003
v  -1.9334 10.2597 0.8008
v  -2.0521 10.2597 0.4082
v  -2.0019 10.3037 0.3982
v  -1.8861 10.3037 0.7812
v  -1.8214 10.3156 0.7545
v  -1.9333 10.3156 0.3846
v  -1.8797 10.2730 0.3739
v  -1.7710 10.2730 0.7336
v  -1.7517 10.2093 0.7256
v  -1.8593 10.2093 0.3698
v  -1.8901 10.1583 0.3760
v  -1.7807 10.1583 0.7376
v  -1.8468 9.8489 0.7650
v  -1.9602 9.8489 0.3899
v  -2.0576 9.0104 0.4093
v  -1.9386 9.0104 0.8030
v  -2.0434 7.9255 0.8464
v  -2.1689 7.9255 0.4314
v  -2.2802 6.8769 0.4536
v  -2.1483 6.8769 0.8899
v  -2.2433 5.8746 0.9292
v  -2.3810 5.8746 0.4736
v  -2.4609 4.9288 0.4895
v  -2.3185 4.9288 0.9604
v  -2.3640 4.0495 0.9792
v  -2.5091 4.0495 0.4991
v  -2.5152 3.2469 0.5003
v  -2.3697 3.2469 0.9816
v  -2.3259 2.5310 0.9634
v  -2.4688 2.5310 0.4911
v  -2.3591 1.9120 0.4693
v  -2.2226 1.9120 0.9206
v  -2.0499 1.4000 0.8491
v  -2.1757 1.4000 0.4328
v  -1.9082 1.0050 0.3796
v  -1.7978 1.0050 0.7447
v  -1.4565 0.7372 0.6033
v  -1.5459 0.7372 0.3075
v  -1.0782 0.6066 0.2145
v  -1.0159 0.6066 0.4208
v  -0.5933 0.5601 0.2457
v  -0.6415 0.5601 0.1276
v  -0.3696 -10.0945 0.3696
v  -0.4980 -10.0945 0.3328
v  -0.8316 -10.1215 0.8316
v  -0.9935 -10.1215 0.6639
v  -1.9822 -10.2023 1.3245
v  -1.6860 -10.2023 1.6860
v  -2.4878 -10.2843 2.4877
v  -2.9247 -10.2843 1.9542
v  -3.2818 -10.3150 2.1928
v  -2.7914 -10.3150 2.7914
v  -2.8427 -10.3156 2.8427
v  -3.3421 -10.3156 2.2331
v  -3.3940 -10.3075 2.2678
v  -2.8870 -10.3075 2.8869
v  -2.9235 -10.2921 2.9235
v  -3.4370 -10.2921 2.2966
v  -3.4704 -10.2706 2.3189
v  -2.9519 -10.2706 2.9519
v  -2.9715 -10.2442 2.9715
v  -3.4934 -10.2442 2.3342
v  -3.5053 -10.2144 2.3422
v  -2.9817 -10.2144 2.9816
v  -2.9818 -10.1823 2.9817
v  -3.5054 -10.1823 2.3423
v  -3.4930 -10.1493 2.3340
v  -2.9712 -10.1493 2.9712
v  -2.9493 -10.1167 2.9494
v  -3.4675 -10.1167 2.3169
v  -3.4279 -10.0857 2.2904
v  -2.9158 -10.0857 2.9157
v  -2.8696 -10.0577 2.8696
v  -3.3737 -10.0577 2.2542
v  -3.3042 -10.0338 2.2078
v  -2.8105 -10.0338 2.8105
v  -2.7312 -10.0137 2.7312
v  -3.2110 -10.0137 2.1455
v  -3.0860 -9.9967 2.0620
v  -2.6249 -9.9967 2.6249
v  -2.4843 -9.9791 2.4843
v  -2.9207 -9.9791 1.9516
v  -2.7069 -9.9573 1.8087
v  -2.3025 -9.9573 2.3025
v  -2.0887 -9.9279 2.0887
v  -2.4556 -9.9279 1.6408
v  -2.1779 -9.8879 1.4552
v  -1.8525 -9.8879 1.8525
v  -1.6031 -9.8341 1.6031
v  -1.8847 -9.8341 1.2593
v  -1.5871 -9.7633 1.0605
v  -1.3500 -9.7633 1.3500
v  -1.1026 -9.6723 1.1026
v  -1.2962 -9.6723 0.8661
v  -1.0231 -9.5579 0.6836
v  -0.8702 -9.5579 0.8702
v  -0.6623 -9.4170 0.6624
v  -0.7787 -9.4170 0.5203
v  -0.5741 -9.2465 0.3836
v  -0.4884 -9.2465 0.4883
v  -0.3575 -9.0430 0.3576
v  -0.4204 -9.0430 0.2809
v  -0.3285 -8.8035 0.2195
v  -0.2794 -8.8035 0.2794
v  -0.2406 -7.6912 0.2406
v  -0.2829 -7.6912 0.1890
v  -0.2676 -4.8695 0.1788
v  -0.2276 -4.8695 0.2276
v  -0.2283 -2.0873 0.2283
v  -0.2684 -2.0873 0.1793
v  -0.2707 -1.0936 0.1809
v  -0.2303 -1.0936 0.2303
v  -0.2349 -0.9917 0.2349
v  -0.2762 -0.9917 0.1845
v  -0.2861 -0.8854 0.1912
v  -0.2434 -0.8854 0.2434
v  -0.2565 -0.7765 0.2565
v  -0.3016 -0.7765 0.2015
v  -0.3236 -0.6674 0.2162
v  -0.2752 -0.6674 0.2752
v  -0.3003 -0.5600 0.3003
v  -0.3531 -0.5600 0.2359
v  -0.3911 -0.4564 0.2613
v  -0.3326 -0.4564 0.3327
v  -0.3732 -0.3589 0.3731
v  -0.4387 -0.3589 0.2931
v  -0.4968 -0.2695 0.3319
v  -0.4226 -0.2695 0.4226
v  -0.4818 -0.1902 0.4818
v  -0.5665 -0.1902 0.3785
v  -0.6487 -0.1233 0.4335
v  -0.5518 -0.1233 0.5518
v  -0.6332 -0.0708 0.6333
v  -0.7445 -0.0708 0.4975
v  -0.8549 -0.0348 0.5712
v  -0.7272 -0.0348 0.7272
v  -0.8777 0.0284 0.8776
v  -1.0318 0.0284 0.6894
v  -1.3273 0.1627 0.8869
v  -1.1290 0.1627 1.1290
v  -1.4005 0.3757 1.4005
v  -1.6465 0.3757 1.1002
v  -1.8948 0.6751 1.2660
v  -1.6116 0.6751 1.6116
v  -1.7676 1.0627 1.7677
v  -2.0782 1.0627 1.3886
v  -2.2030 1.5404 1.4720
v  -1.8739 1.5404 1.8739
v  -1.9355 2.1100 1.9355
v  -2.2755 2.1100 1.5204
v  -2.3019 2.7734 1.5381
v  -1.9580 2.7734 1.9579
v  -1.9464 3.5325 1.9464
v  -2.2883 3.5325 1.5290
v  -2.2410 4.3892 1.4974
v  -1.9062 4.3892 1.9062
v  -1.8427 5.3453 1.8427
v  -2.1664 5.3453 1.4475
v  -2.0704 6.4027 1.3834
v  -1.7611 6.4027 1.7611
v  -1.6666 7.5633 1.6667
v  -1.9594 7.5633 1.3092
v  -1.8396 8.8289 1.2292
v  -1.5648 8.8289 1.5648
v  -1.4904 9.8322 1.4904
v  -1.7522 9.8322 1.1708
v  -1.7385 10.2058 1.1616
v  -1.4788 10.2058 1.4787
v  -1.4797 10.2597 1.4798
v  -1.7397 10.2597 1.1624
v  -1.6971 10.3037 1.1340
v  -1.4435 10.3037 1.4435
v  -1.3941 10.3156 1.3941
v  -1.6390 10.3156 1.0951
v  -1.5936 10.2730 1.0648
v  -1.3555 10.2730 1.3555
v  -1.3408 10.2093 1.3407
v  -1.5762 10.2093 1.0532
v  -1.6023 10.1583 1.0706
v  -1.3629 10.1583 1.3629
v  -1.4134 9.8489 1.4135
v  -1.6617 9.8489 1.1103
v  -1.7444 9.0104 1.1656
v  -1.4838 9.0104 1.4838
v  -1.5640 7.9255 1.5640
v  -1.8388 7.9255 1.2286
v  -1.9331 6.8769 1.2917
v  -1.6442 6.8769 1.6443
v  -1.7170 5.8746 1.7170
v  -2.0185 5.8746 1.3488
v  -2.0862 4.9288 1.3940
v  -1.7745 4.9288 1.7745
v  -1.8093 4.0495 1.8093
v  -2.1271 4.0495 1.4213
v  -2.1323 3.2469 1.4248
v  -1.8137 3.2469 1.8137
v  -1.7802 2.5310 1.7802
v  -2.0929 2.5310 1.3984
v  -2.0000 1.9120 1.3363
v  -1.7012 1.9120 1.7011
v  -1.5689 1.4000 1.5689
v  -1.8445 1.4000 1.2325
v  -1.6177 1.0050 1.0809
v  -1.3760 1.0050 1.3760
v  -1.1147 0.7372 1.1147
v  -1.3105 0.7372 0.8757
v  -0.9141 0.6066 0.6108
v  -0.7775 0.6066 0.7775
v  -0.4540 0.5601 0.4541
v  -0.5439 0.5601 0.3634
v  -0.2001 -10.0945 0.4829
v  -0.3327 -10.0945 0.4980
v  -0.4500 -10.1215 1.0866
v  -0.6639 -10.1215 0.9936
v  -1.3245 -10.2023 1.9822
v  -0.9125 -10.2023 2.2029
v  -1.3463 -10.2843 3.2503
v  -1.9542 -10.2843 2.9247
v  -2.1928 -10.3150 3.2818
v  -1.5107 -10.3150 3.6472
v  -1.5385 -10.3156 3.7141
v  -2.2330 -10.3156 3.3420
v  -2.2678 -10.3075 3.3940
v  -1.5624 -10.3075 3.7719
v  -1.5822 -10.2921 3.8198
v  -2.2965 -10.2921 3.4371
v  -2.3189 -10.2706 3.4704
v  -1.5976 -10.2706 3.8569
v  -1.6082 -10.2442 3.8824
v  -2.3342 -10.2442 3.4934
v  -2.3422 -10.2144 3.5053
v  -1.6136 -10.2144 3.8957
v  -1.6137 -10.1823 3.8958
v  -2.3423 -10.1823 3.5055
v  -2.3340 -10.1493 3.4931
v  -1.6080 -10.1493 3.8820
v  -1.5962 -10.1167 3.8535
v  -2.3169 -10.1167 3.4674
v  -2.2904 -10.0857 3.4279
v  -1.5779 -10.0857 3.8096
v  -1.5531 -10.0577 3.7494
v  -2.2542 -10.0577 3.3737
v  -2.2078 -10.0338 3.3042
v  -1.5210 -10.0338 3.6721
v  -1.4781 -10.0137 3.5685
v  -2.1456 -10.0137 3.2110
v  -2.0619 -9.9967 3.0860
v  -1.4206 -9.9967 3.4296
v  -1.3445 -9.9791 3.2459
v  -1.9516 -9.9791 2.9207
v  -1.8087 -9.9573 2.7069
v  -1.2461 -9.9573 3.0083
v  -1.1304 -9.9279 2.7290
v  -1.6408 -9.9279 2.4556
v  -1.4552 -9.8879 2.1779
v  -1.0026 -9.8879 2.4204
v  -0.8676 -9.8341 2.0945
v  -1.2593 -9.8341 1.8847
v  -1.0605 -9.7633 1.5871
v  -0.7306 -9.7633 1.7639
v  -0.5967 -9.6723 1.4406
v  -0.8661 -9.6723 1.2963
v  -0.6836 -9.5579 1.0231
v  -0.4710 -9.5579 1.1370
v  -0.3585 -9.4170 0.8654
v  -0.5203 -9.4170 0.7787
v  -0.3837 -9.2465 0.5741
v  -0.2643 -9.2465 0.6380
v  -0.1935 -9.0430 0.4672
v  -0.2809 -9.0430 0.4204
v  -0.2195 -8.8035 0.3285
v  -0.1513 -8.8035 0.3651
v  -0.1302 -7.6912 0.3143
v  -0.1890 -7.6912 0.2828
v  -0.1788 -4.8695 0.2676
v  -0.1232 -4.8695 0.2974
v  -0.1236 -2.0873 0.2983
v  -0.1793 -2.0873 0.2684
v  -0.1809 -1.0936 0.2708
v  -0.1246 -1.0936 0.3009
v  -0.1271 -0.9917 0.3069
v  -0.1845 -0.9917 0.2762
v  -0.1912 -0.8854 0.2861
v  -0.1317 -0.8854 0.3180
v  -0.1389 -0.7765 0.3351
v  -0.2015 -0.7765 0.3016
v  -0.2162 -0.6674 0.3235
v  -0.1490 -0.6674 0.3596
v  -0.1625 -0.5600 0.3924
v  -0.2359 -0.5600 0.3530
v  -0.2613 -0.4564 0.3911
v  -0.1801 -0.4564 0.4346
v  -0.2019 -0.3589 0.4875
v  -0.2932 -0.3589 0.4387
v  -0.3320 -0.2695 0.4968
v  -0.2287 -0.2695 0.5521
v  -0.2607 -0.1902 0.6295
v  -0.3785 -0.1902 0.5665
v  -0.4334 -0.1233 0.6487
v  -0.2986 -0.1233 0.7209
v  -0.3428 -0.0708 0.8274
v  -0.4974 -0.0708 0.7445
v  -0.5713 -0.0348 0.8549
v  -0.3936 -0.0348 0.9501
v  -0.4750 0.0284 1.1467
v  -0.6894 0.0284 1.0318
v  -0.8868 0.1627 1.3273
v  -0.6110 0.1627 1.4751
v  -0.7580 0.3757 1.8299
v  -1.1002 0.3757 1.6465
v  -1.2660 0.6751 1.8947
v  -0.8722 0.6751 2.1057
v  -0.9566 1.0627 2.3096
v  -1.3885 1.0627 2.0782
v  -1.4720 1.5404 2.2030
v  -1.0141 1.5404 2.4483
v  -1.0475 2.1100 2.5289
v  -1.5204 2.1100 2.2755
v  -1.5381 2.7734 2.3019
v  -1.0596 2.7734 2.5582
v  -1.0534 3.5325 2.5431
v  -1.5290 3.5325 2.2883
v  -1.4975 4.3892 2.2411
v  -1.0317 4.3892 2.4906
v  -0.9973 5.3453 2.4076
v  -1.4475 5.3453 2.1664
v  -1.3834 6.4027 2.0704
v  -0.9531 6.4027 2.3009
v  -0.9020 7.5633 2.1776
v  -1.3092 7.5633 1.9594
v  -1.2292 8.8289 1.8396
v  -0.8469 8.8289 2.0444
v  -0.8066 9.8322 1.9473
v  -1.1708 9.8322 1.7522
v  -1.1617 10.2058 1.7385
v  -0.8003 10.2058 1.9321
v  -0.8008 10.2597 1.9334
v  -1.1624 10.2597 1.7397
v  -1.1339 10.3037 1.6971
v  -0.7812 10.3037 1.8861
v  -0.7545 10.3156 1.8214
v  -1.0951 10.3156 1.6389
v  -1.0648 10.2730 1.5936
v  -0.7336 10.2730 1.7710
v  -0.7256 10.2093 1.7517
v  -1.0532 10.2093 1.5762
v  -1.0706 10.1583 1.6023
v  -0.7376 10.1583 1.7807
v  -0.7649 9.8489 1.8468
v  -1.1104 9.8489 1.6617
v  -1.1656 9.0104 1.7444
v  -0.8030 9.0104 1.9386
v  -0.8465 7.9255 2.0435
v  -1.2286 7.9255 1.8387
v  -1.2917 6.8769 1.9331
v  -0.8899 6.8769 2.1483
v  -0.9293 5.8746 2.2433
v  -1.3488 5.8746 2.0186
v  -1.3940 4.9288 2.0862
v  -0.9604 4.9288 2.3185
v  -0.9791 4.0495 2.3639
v  -1.4213 4.0495 2.1271
v  -1.4248 3.2469 2.1323
v  -0.9816 3.2469 2.3697
v  -0.9634 2.5310 2.3259
v  -1.3985 2.5310 2.0929
v  -1.3363 1.9120 1.9999
v  -0.9207 1.9120 2.2226
v  -0.8491 1.4000 2.0499
v  -1.2324 1.4000 1.8445
v  -1.0809 1.0050 1.6177
v  -0.7447 1.0050 1.7978
v  -0.6033 0.7372 1.4565
v  -0.8757 0.7372 1.3105
v  -0.6108 0.6066 0.9141
v  -0.4208 0.6066 1.0159
v  -0.2458 0.5601 0.5933
v  -0.3634 0.5601 0.5439
v  0.0000 -10.0945 0.5227
v  -0.1168 -10.0945 0.5874
v  0.0000 -10.1215 1.1761
v  -0.2332 -10.1215 1.1720
v  -0.4651 -10.2023 2.3382
v  0.0000 -10.2023 2.3844
v  0.0000 -10.2843 3.5181
v  -0.6863 -10.2843 3.4499
v  -0.7700 -10.3150 3.8711
v  0.0000 -10.3150 3.9477
v  0.0000 -10.3156 4.0201
v  -0.7841 -10.3156 3.9422
v  -0.7963 -10.3075 4.0035
v  0.0000 -10.3075 4.0827
v  0.0000 -10.2921 4.1345
v  -0.8064 -10.2921 4.0543
v  -0.8142 -10.2706 4.0937
v  0.0000 -10.2706 4.1746
v  0.0000 -10.2442 4.2023
v  -0.8197 -10.2442 4.1208
v  -0.8224 -10.2144 4.1348
v  0.0000 -10.2144 4.2166
v  0.0000 -10.1823 4.2168
v  -0.8225 -10.1823 4.1350
v  -0.8196 -10.1493 4.1203
v  0.0000 -10.1493 4.2018
v  0.0000 -10.1167 4.1710
v  -0.8136 -10.1167 4.0901
v  -0.8043 -10.0857 4.0435
v  0.0000 -10.0857 4.1235
v  0.0000 -10.0577 4.0583
v  -0.7915 -10.0577 3.9795
v  -0.7752 -10.0338 3.8975
v  0.0000 -10.0338 3.9746
v  0.0000 -10.0137 3.8626
v  -0.7534 -10.0137 3.7876
v  -0.7241 -9.9967 3.6401
v  0.0000 -9.9967 3.7121
v  0.0000 -9.9791 3.5134
v  -0.6853 -9.9791 3.4452
v  -0.6351 -9.9573 3.1930
v  0.0000 -9.9573 3.2562
v  0.0000 -9.9279 2.9539
v  -0.5762 -9.9279 2.8966
v  -0.5110 -9.8879 2.5690
v  0.0000 -9.8879 2.6198
v  0.0000 -9.8341 2.2671
v  -0.4422 -9.8341 2.2231
v  -0.3724 -9.7633 1.8722
v  0.0000 -9.7633 1.9092
v  0.0000 -9.6723 1.5593
v  -0.3041 -9.6723 1.5290
v  -0.2400 -9.5579 1.2068
v  0.0000 -9.5579 1.2307
v  0.0000 -9.4170 0.9367
v  -0.1827 -9.4170 0.9185
v  -0.1348 -9.2465 0.6772
v  0.0000 -9.2465 0.6906
v  0.0000 -9.0430 0.5057
v  -0.0986 -9.0430 0.4958
v  -0.0771 -8.8035 0.3875
v  0.0000 -8.8035 0.3952
v  0.0000 -7.6912 0.3402
v  -0.0664 -7.6912 0.3336
v  -0.0628 -4.8695 0.3156
v  0.0000 -4.8695 0.3219
v  0.0000 -2.0873 0.3228
v  -0.0629 -2.0873 0.3166
v  -0.0635 -1.0936 0.3194
v  0.0000 -1.0936 0.3257
v  0.0000 -0.9917 0.3322
v  -0.0648 -0.9917 0.3258
v  -0.0671 -0.8854 0.3375
v  0.0000 -0.8854 0.3442
v  0.0000 -0.7765 0.3628
v  -0.0708 -0.7765 0.3557
v  -0.0759 -0.6674 0.3816
v  0.0000 -0.6674 0.3892
v  0.0000 -0.5600 0.4247
v  -0.0829 -0.5600 0.4164
v  -0.0917 -0.4564 0.4613
v  0.0000 -0.4564 0.4704
v  0.0000 -0.3589 0.5277
v  -0.1029 -0.3589 0.5174
v  -0.1165 -0.2695 0.5860
v  0.0000 -0.2695 0.5976
v  0.0000 -0.1902 0.6814
v  -0.1329 -0.1902 0.6682
v  -0.1522 -0.1233 0.7652
v  0.0000 -0.1233 0.7803
v  0.0000 -0.0708 0.8956
v  -0.1747 -0.0708 0.8782
v  -0.2006 -0.0348 1.0084
v  0.0000 -0.0348 1.0284
v  0.0000 0.0284 1.2412
v  -0.2421 0.0284 1.2171
v  -0.3115 0.1627 1.5656
v  0.0000 0.1627 1.5966
v  0.0000 0.3757 1.9806
v  -0.3863 0.3757 1.9422
v  -0.4446 0.6751 2.2350
v  0.0000 0.6751 2.2792
v  0.0000 1.0627 2.4998
v  -0.4876 1.0627 2.4513
v  -0.5169 1.5404 2.5986
v  0.0000 1.5404 2.6500
v  0.0000 2.1100 2.7372
v  -0.5339 2.1100 2.6841
v  -0.5401 2.7734 2.7152
v  0.0000 2.7734 2.7689
v  0.0000 3.5325 2.7527
v  -0.5369 3.5325 2.6993
v  -0.5259 4.3892 2.6435
v  0.0000 4.3892 2.6958
v  0.0000 5.3453 2.6060
v  -0.5083 5.3453 2.5554
v  -0.4858 6.4027 2.4422
v  0.0000 6.4027 2.4905
v  0.0000 7.5633 2.3570
v  -0.4598 7.5633 2.3113
v  -0.4316 8.8289 2.1700
v  0.0000 8.8289 2.2129
v  0.0000 9.8322 2.1078
v  -0.4111 9.8322 2.0669
v  -0.4079 10.2058 2.0507
v  0.0000 10.2058 2.0913
v  0.0000 10.2597 2.0927
v  -0.4082 10.2597 2.0521
v  -0.3982 10.3037 2.0018
v  0.0000 10.3037 2.0415
v  0.0000 10.3156 1.9715
v  -0.3845 10.3156 1.9333
v  -0.3739 10.2729 1.8797
v  0.0000 10.2729 1.9169
v  0.0000 10.2093 1.8961
v  -0.3698 10.2093 1.8593
v  -0.3759 10.1583 1.8901
v  0.0000 10.1583 1.9275
v  0.0000 9.8489 1.9989
v  -0.3899 9.8489 1.9601
v  -0.4093 9.0104 2.0577
v  0.0000 9.0104 2.0984
v  0.0000 7.9255 2.2118
v  -0.4314 7.9255 2.1689
v  -0.4536 6.8769 2.2802
v  0.0000 6.8769 2.3254
v  0.0000 5.8746 2.4282
v  -0.4736 5.8746 2.3811
v  -0.4895 4.9288 2.4608
v  0.0000 4.9288 2.5095
v  0.0000 4.0495 2.5587
v  -0.4991 4.0495 2.5091
v  -0.5003 3.2469 2.5152
v  0.0000 3.2469 2.5650
v  0.0000 2.5310 2.5176
v  -0.4910 2.5310 2.4687
v  -0.4692 1.9120 2.3591
v  0.0000 1.9120 2.4058
v  0.0000 1.4000 2.2188
v  -0.4328 1.4000 2.1758
v  -0.3796 1.0050 1.9082
v  0.0000 1.0050 1.9459
v  0.0000 0.7372 1.5765
v  -0.3075 0.7372 1.5459
v  -0.2145 0.6066 1.0783
v  0.0000 0.6066 1.0996
v  0.0000 0.5601 0.6422
v  -0.1276 0.5601 0.6416
v  0.2000 -10.0945 0.4829
v  0.1168 -10.0945 0.5874
v  0.4500 -10.1215 1.0865
v  0.2331 -10.1215 1.1720
v  0.4651 -10.2023 2.3382
v  0.9125 -10.2023 2.2029
v  1.3463 -10.2843 3.2503
v  0.6862 -10.2843 3.4499
v  0.7700 -10.3150 3.8711
v  1.5107 -10.3150 3.6472
v  1.5385 -10.3156 3.7141
v  0.7841 -10.3156 3.9422
v  0.7963 -10.3075 4.0035
v  1.5624 -10.3075 3.7719
v  1.5821 -10.2921 3.8198
v  0.8064 -10.2921 4.0543
v  0.8142 -10.2706 4.0936
v  1.5976 -10.2706 3.8569
v  1.6082 -10.2442 3.8824
v  0.8197 -10.2442 4.1208
v  0.8224 -10.2144 4.1348
v  1.6136 -10.2144 3.8957
v  1.6137 -10.1823 3.8958
v  0.8224 -10.1823 4.1350
v  0.8196 -10.1493 4.1203
v  1.6080 -10.1493 3.8820
v  1.5962 -10.1167 3.8535
v  0.8136 -10.1167 4.0901
v  0.8043 -10.0857 4.0435
v  1.5779 -10.0857 3.8096
v  1.5531 -10.0577 3.7494
v  0.7915 -10.0577 3.9795
v  0.7752 -10.0338 3.8975
v  1.5210 -10.0338 3.6721
v  1.4781 -10.0137 3.5685
v  0.7534 -10.0137 3.7876
v  0.7240 -9.9967 3.6401
v  1.4206 -9.9967 3.4296
v  1.3445 -9.9791 3.2459
v  0.6853 -9.9791 3.4452
v  0.6351 -9.9573 3.1930
v  1.2461 -9.9573 3.0083
v  1.1304 -9.9279 2.7290
v  0.5761 -9.9279 2.8966
v  0.5110 -9.8879 2.5690
v  1.0025 -9.8879 2.4204
v  0.8676 -9.8341 2.0945
v  0.4422 -9.8341 2.2231
v  0.3724 -9.7633 1.8722
v  0.7306 -9.7633 1.7639
v  0.5967 -9.6723 1.4406
v  0.3041 -9.6723 1.5290
v  0.2400 -9.5579 1.2068
v  0.4709 -9.5579 1.1370
v  0.3585 -9.4170 0.8654
v  0.1827 -9.4170 0.9185
v  0.1347 -9.2465 0.6772
v  0.2643 -9.2465 0.6380
v  0.1935 -9.0430 0.4672
v  0.0986 -9.0430 0.4958
v  0.0771 -8.8035 0.3875
v  0.1513 -8.8035 0.3651
v  0.1302 -7.6912 0.3143
v  0.0664 -7.6912 0.3336
v  0.0628 -4.8695 0.3156
v  0.1232 -4.8695 0.2974
v  0.1235 -2.0873 0.2983
v  0.0629 -2.0873 0.3166
v  0.0635 -1.0936 0.3194
v  0.1246 -1.0936 0.3009
v  0.1271 -0.9917 0.3069
v  0.0648 -0.9917 0.3258
v  0.0671 -0.8854 0.3375
v  0.1317 -0.8854 0.3180
v  0.1389 -0.7765 0.3351
v  0.0708 -0.7765 0.3557
v  0.0759 -0.6674 0.3816
v  0.1490 -0.6674 0.3596
v  0.1625 -0.5600 0.3924
v  0.0829 -0.5600 0.4164
v  0.0917 -0.4564 0.4613
v  0.1801 -0.4564 0.4346
v  0.2019 -0.3589 0.4875
v  0.1029 -0.3589 0.5174
v  0.1165 -0.2695 0.5860
v  0.2287 -0.2695 0.5521
v  0.2607 -0.1902 0.6295
v  0.1329 -0.1902 0.6682
v  0.1522 -0.1233 0.7652
v  0.2986 -0.1233 0.7209
v  0.3428 -0.0708 0.8274
v  0.1747 -0.0708 0.8782
v  0.2006 -0.0348 1.0084
v  0.3935 -0.0348 0.9501
v  0.4749 0.0284 1.1467
v  0.2421 0.0284 1.2171
v  0.3114 0.1627 1.5656
v  0.6110 0.1627 1.4751
v  0.7580 0.3757 1.8298
v  0.3863 0.3757 1.9422
v  0.4446 0.6751 2.2350
v  0.8722 0.6751 2.1057
v  0.9566 1.0627 2.3096
v  0.4876 1.0627 2.4513
v  0.5169 1.5404 2.5986
v  1.0141 1.5404 2.4483
v  1.0475 2.1100 2.5289
v  0.5339 2.1100 2.6841
v  0.5401 2.7734 2.7152
v  1.0596 2.7734 2.5582
v  1.0534 3.5325 2.5431
v  0.5369 3.5325 2.6993
v  0.5259 4.3892 2.6435
v  1.0317 4.3892 2.4906
v  0.9973 5.3453 2.4076
v  0.5083 5.3453 2.5554
v  0.4858 6.4027 2.4422
v  0.9531 6.4027 2.3009
v  0.9020 7.5633 2.1776
v  0.4598 7.5633 2.3113
v  0.4316 8.8289 2.1700
v  0.8469 8.8289 2.0444
v  0.8066 9.8322 1.9473
v  0.4111 9.8322 2.0669
v  0.4079 10.2058 2.0507
v  0.8003 10.2058 1.9321
v  0.8008 10.2597 1.9334
v  0.4082 10.2597 2.0521
v  0.3982 10.3037 2.0018
v  0.7812 10.3037 1.8861
v  0.7545 10.3156 1.8214
v  0.3845 10.3156 1.9333
v  0.3739 10.2729 1.8797
v  0.7336 10.2729 1.7710
v  0.7256 10.2093 1.7517
v  0.3698 10.2093 1.8593
v  0.3759 10.1583 1.8901
v  0.7376 10.1583 1.7807
v  0.7649 9.8489 1.8468
v  0.3899 9.8489 1.9601
v  0.4093 9.0104 2.0577
v  0.8030 9.0104 1.9386
v  0.8465 7.9255 2.0435
v  0.4314 7.9255 2.1689
v  0.4536 6.8769 2.2802
v  0.8899 6.8769 2.1483
v  0.9293 5.8746 2.2433
v  0.4736 5.8746 2.3811
v  0.4895 4.9288 2.4608
v  0.9604 4.9288 2.3185
v  0.9791 4.0495 2.3639
v  0.4991 4.0495 2.5091
v  0.5003 3.2469 2.5152
v  0.9816 3.2469 2.3697
v  0.9634 2.5310 2.3259
v  0.4910 2.5310 2.4687
v  0.4692 1.9120 2.3591
v  0.9207 1.9120 2.2226
v  0.8491 1.4000 2.0499
v  0.4328 1.4000 2.1758
v  0.3796 1.0050 1.9082
v  0.7446 1.0050 1.7978
v  0.6033 0.7372 1.4564
v  0.3075 0.7372 1.5459
v  0.2145 0.6066 1.0783
v  0.4208 0.6066 1.0159
v  0.2458 0.5601 0.5933
v  0.1276 0.5601 0.6416
v  0.3696 -10.0945 0.3696
v  0.3327 -10.0945 0.4980
v  0.8316 -10.1215 0.8316
v  0.6639 -10.1215 0.9935
v  1.3245 -10.2023 1.9822
v  1.6860 -10.2023 1.6860
v  2.4877 -10.2843 2.4877
v  1.9542 -10.2843 2.9247
v  2.1928 -10.3150 3.2817
v  2.7914 -10.3150 2.7914
v  2.8426 -10.3156 2.8427
v  2.2330 -10.3156 3.3420
v  2.2677 -10.3075 3.3940
v  2.8869 -10.3075 2.8869
v  2.9235 -10.2921 2.9235
v  2.2965 -10.2921 3.4370
v  2.3189 -10.2706 3.4704
v  2.9519 -10.2706 2.9519
v  2.9715 -10.2442 2.9715
v  2.3342 -10.2442 3.4934
v  2.3422 -10.2144 3.5053
v  2.9816 -10.2144 2.9816
v  2.9817 -10.1823 2.9817
v  2.3422 -10.1823 3.5054
v  2.3339 -10.1493 3.4930
v  2.9712 -10.1493 2.9712
v  2.9493 -10.1167 2.9494
v  2.3169 -10.1167 3.4674
v  2.2904 -10.0857 3.4279
v  2.9157 -10.0857 2.9157
v  2.8696 -10.0577 2.8696
v  2.2542 -10.0577 3.3737
v  2.2078 -10.0338 3.3041
v  2.8105 -10.0338 2.8105
v  2.7312 -10.0137 2.7312
v  2.1455 -10.0137 3.2110
v  2.0619 -9.9967 3.0860
v  2.6249 -9.9967 2.6249
v  2.4843 -9.9791 2.4843
v  1.9515 -9.9791 2.9207
v  1.8086 -9.9573 2.7069
v  2.3025 -9.9573 2.3025
v  2.0887 -9.9279 2.0887
v  1.6408 -9.9279 2.4556
v  1.4552 -9.8879 2.1779
v  1.8524 -9.8879 1.8525
v  1.6030 -9.8341 1.6031
v  1.2593 -9.8341 1.8847
v  1.0605 -9.7633 1.5871
v  1.3500 -9.7633 1.3500
v  1.1025 -9.6723 1.1026
v  0.8661 -9.6723 1.2963
v  0.6836 -9.5579 1.0231
v  0.8702 -9.5579 0.8702
v  0.6623 -9.4170 0.6624
v  0.5203 -9.4170 0.7787
v  0.3836 -9.2465 0.5741
v  0.4883 -9.2465 0.4883
v  0.3575 -9.0430 0.3576
v  0.2809 -9.0430 0.4204
v  0.2194 -8.8035 0.3285
v  0.2794 -8.8035 0.2794
v  0.2405 -7.6912 0.2406
v  0.1889 -7.6912 0.2828
v  0.1788 -4.8695 0.2676
v  0.2275 -4.8695 0.2276
v  0.2283 -2.0873 0.2283
v  0.1793 -2.0873 0.2684
v  0.1809 -1.0936 0.2708
v  0.2303 -1.0936 0.2303
v  0.2349 -0.9917 0.2349
v  0.1845 -0.9917 0.2762
v  0.1912 -0.8854 0.2861
v  0.2434 -0.8854 0.2434
v  0.2565 -0.7765 0.2565
v  0.2015 -0.7765 0.3016
v  0.2162 -0.6674 0.3235
v  0.2752 -0.6674 0.2752
v  0.3003 -0.5600 0.3003
v  0.2358 -0.5600 0.3530
v  0.2613 -0.4564 0.3911
v  0.3326 -0.4564 0.3327
v  0.3731 -0.3589 0.3731
v  0.2931 -0.3589 0.4387
v  0.3320 -0.2695 0.4968
v  0.4226 -0.2695 0.4226
v  0.4818 -0.1902 0.4818
v  0.3785 -0.1902 0.5665
v  0.4334 -0.1233 0.6487
v  0.5518 -0.1233 0.5518
v  0.6332 -0.0708 0.6333
v  0.4974 -0.0708 0.7445
v  0.5713 -0.0348 0.8549
v  0.7272 -0.0348 0.7272
v  0.8777 0.0284 0.8776
v  0.6894 0.0284 1.0318
v  0.8868 0.1627 1.3273
v  1.1290 0.1627 1.1290
v  1.4005 0.3757 1.4005
v  1.1002 0.3757 1.6465
v  1.2660 0.6751 1.8947
v  1.6116 0.6751 1.6116
v  1.7676 1.0627 1.7677
v  1.3885 1.0627 2.0781
v  1.4720 1.5404 2.2030
v  1.8739 1.5404 1.8738
v  1.9355 2.1100 1.9355
v  1.5204 2.1100 2.2755
v  1.5381 2.7734 2.3019
v  1.9579 2.7734 1.9579
v  1.9464 3.5325 1.9464
v  1.5290 3.5325 2.2883
v  1.4975 4.3892 2.2411
v  1.9062 4.3892 1.9062
v  1.8427 5.3453 1.8427
v  1.4475 5.3453 2.1664
v  1.3834 6.4027 2.0704
v  1.7611 6.4027 1.7611
v  1.6666 7.5633 1.6667
v  1.3092 7.5633 1.9594
v  1.2292 8.8289 1.8396
v  1.5648 8.8289 1.5648
v  1.4904 9.8322 1.4904
v  1.1708 9.8322 1.7522
v  1.1617 10.2058 1.7385
v  1.4788 10.2058 1.4787
v  1.4797 10.2597 1.4798
v  1.1624 10.2597 1.7397
v  1.1339 10.3037 1.6971
v  1.4435 10.3037 1.4435
v  1.3941 10.3156 1.3941
v  1.0951 10.3156 1.6389
v  1.0648 10.2729 1.5936
v  1.3555 10.2729 1.3555
v  1.3408 10.2093 1.3407
v  1.0532 10.2093 1.5762
v  1.0706 10.1583 1.6023
v  1.3629 10.1583 1.3629
v  1.4134 9.8489 1.4135
v  1.1104 9.8489 1.6617
v  1.1656 9.0104 1.7444
v  1.4838 9.0104 1.4838
v  1.5640 7.9255 1.5640
v  1.2286 7.9255 1.8387
v  1.2917 6.8769 1.9331
v  1.6442 6.8769 1.6443
v  1.7170 5.8746 1.7170
v  1.3488 5.8746 2.0186
v  1.3940 4.9288 2.0862
v  1.7745 4.9288 1.7745
v  1.8093 4.0495 1.8093
v  1.4213 4.0495 2.1271
v  1.4248 3.2469 2.1323
v  1.8137 3.2469 1.8137
v  1.7802 2.5310 1.7802
v  1.3985 2.5310 2.0929
v  1.3363 1.9120 1.9999
v  1.7012 1.9120 1.7011
v  1.5689 1.4000 1.5689
v  1.2324 1.4000 1.8445
v  1.0809 1.0050 1.6177
v  1.3760 1.0050 1.3760
v  1.1147 0.7372 1.1147
v  0.8757 0.7372 1.3105
v  0.6107 0.6066 0.9141
v  0.7775 0.6066 0.7775
v  0.4540 0.5601 0.4541
v  0.3634 0.5601 0.5439
v  0.4829 -10.0945 0.2000
v  0.4980 -10.0945 0.3328
v  1.0865 -10.1215 0.4501
v  0.9935 -10.1215 0.6639
v  1.9822 -10.2023 1.3245
v  2.2029 -10.2023 0.9125
v  3.2503 -10.2843 1.3463
v  2.9246 -10.2843 1.9542
v  3.2817 -10.3150 2.1928
v  3.6471 -10.3150 1.5107
v  3.7141 -10.3156 1.5384
v  3.3420 -10.3156 2.2330
v  3.3940 -10.3075 2.2678
v  3.7719 -10.3075 1.5624
v  3.8198 -10.2921 1.5822
v  3.4370 -10.2921 2.2966
v  3.4704 -10.2706 2.3189
v  3.8568 -10.2706 1.5976
v  3.8824 -10.2442 1.6081
v  3.4934 -10.2442 2.3342
v  3.5053 -10.2144 2.3422
v  3.8957 -10.2144 1.6136
v  3.8958 -10.1823 1.6137
v  3.5054 -10.1823 2.3423
v  3.4930 -10.1493 2.3340
v  3.8820 -10.1493 1.6080
v  3.8535 -10.1167 1.5962
v  3.4675 -10.1167 2.3169
v  3.4279 -10.0857 2.2904
v  3.8095 -10.0857 1.5780
v  3.7494 -10.0577 1.5530
v  3.3737 -10.0577 2.2542
v  3.3041 -10.0338 2.2078
v  3.6720 -10.0338 1.5210
v  3.5686 -10.0137 1.4781
v  3.2110 -10.0137 2.1455
v  3.0859 -9.9967 2.0620
v  3.4296 -9.9967 1.4206
v  3.2459 -9.9791 1.3445
v  2.9207 -9.9791 1.9516
v  2.7069 -9.9573 1.8087
v  3.0083 -9.9573 1.2461
v  2.7290 -9.9279 1.1304
v  2.4556 -9.9279 1.6408
v  2.1778 -9.8879 1.4552
v  2.4203 -9.8879 1.0025
v  2.0946 -9.8341 0.8676
v  1.8847 -9.8341 1.2593
v  1.5871 -9.7633 1.0605
v  1.7638 -9.7633 0.7306
v  1.4406 -9.6723 0.5967
v  1.2962 -9.6723 0.8661
v  1.0231 -9.5579 0.6836
v  1.1370 -9.5579 0.4710
v  0.8654 -9.4170 0.3585
v  0.7787 -9.4170 0.5203
v  0.5741 -9.2465 0.3836
v  0.6380 -9.2465 0.2643
v  0.4671 -9.0430 0.1935
v  0.4204 -9.0430 0.2809
v  0.3284 -8.8035 0.2195
v  0.3651 -8.8035 0.1512
v  0.3143 -7.6912 0.1302
v  0.2828 -7.6912 0.1890
v  0.2676 -4.8695 0.1788
v  0.2974 -4.8695 0.1232
v  0.2982 -2.0873 0.1235
v  0.2684 -2.0873 0.1793
v  0.2707 -1.0936 0.1809
v  0.3009 -1.0936 0.1246
v  0.3069 -0.9917 0.1271
v  0.2762 -0.9917 0.1845
v  0.2861 -0.8854 0.1912
v  0.3180 -0.8854 0.1317
v  0.3351 -0.7765 0.1388
v  0.3016 -0.7765 0.2015
v  0.3235 -0.6674 0.2162
v  0.3595 -0.6674 0.1489
v  0.3923 -0.5600 0.1625
v  0.3531 -0.5600 0.2359
v  0.3911 -0.4564 0.2613
v  0.4346 -0.4564 0.1800
v  0.4875 -0.3589 0.2019
v  0.4387 -0.3589 0.2931
v  0.4968 -0.2695 0.3319
v  0.5521 -0.2695 0.2287
v  0.6295 -0.1902 0.2608
v  0.5665 -0.1902 0.3785
v  0.6487 -0.1233 0.4335
v  0.7210 -0.1233 0.2986
v  0.8274 -0.0708 0.3427
v  0.7445 -0.0708 0.4975
v  0.8549 -0.0348 0.5712
v  0.9501 -0.0348 0.3935
v  1.1467 0.0284 0.4750
v  1.0318 0.0284 0.6894
v  1.3272 0.1627 0.8869
v  1.4750 0.1627 0.6110
v  1.8298 0.3757 0.7579
v  1.6465 0.3757 1.1002
v  1.8948 0.6751 1.2660
v  2.1057 0.6751 0.8722
v  2.3095 1.0627 0.9566
v  2.0782 1.0627 1.3886
v  2.2030 1.5403 1.4720
v  2.4483 1.5403 1.0141
v  2.5289 2.1100 1.0475
v  2.2755 2.1100 1.5204
v  2.3019 2.7734 1.5381
v  2.5581 2.7734 1.0596
v  2.5431 3.5325 1.0534
v  2.2883 3.5325 1.5290
v  2.2410 4.3892 1.4974
v  2.4906 4.3892 1.0316
v  2.4076 5.3453 0.9973
v  2.1664 5.3453 1.4475
v  2.0704 6.4027 1.3834
v  2.3009 6.4027 0.9531
v  2.1776 7.5633 0.9020
v  1.9594 7.5633 1.3092
v  1.8396 8.8289 1.2292
v  2.0445 8.8289 0.8468
v  1.9473 9.8322 0.8066
v  1.7522 9.8322 1.1708
v  1.7385 10.2058 1.1616
v  1.9320 10.2058 0.8003
v  1.9334 10.2597 0.8008
v  1.7397 10.2597 1.1624
v  1.6971 10.3037 1.1340
v  1.8861 10.3037 0.7812
v  1.8214 10.3156 0.7545
v  1.6390 10.3156 1.0951
v  1.5936 10.2729 1.0648
v  1.7710 10.2729 0.7336
v  1.7517 10.2093 0.7256
v  1.5762 10.2093 1.0532
v  1.6024 10.1583 1.0706
v  1.7807 10.1583 0.7376
v  1.8468 9.8489 0.7650
v  1.6618 9.8489 1.1103
v  1.7444 9.0104 1.1656
v  1.9386 9.0104 0.8030
v  2.0434 7.9255 0.8464
v  1.8388 7.9255 1.2286
v  1.9331 6.8769 1.2917
v  2.1483 6.8769 0.8899
v  2.2433 5.8746 0.9292
v  2.0185 5.8746 1.3488
v  2.0862 4.9288 1.3940
v  2.3185 4.9288 0.9604
v  2.3640 4.0495 0.9792
v  2.1271 4.0495 1.4213
v  2.1323 3.2469 1.4248
v  2.3697 3.2469 0.9816
v  2.3259 2.5310 0.9634
v  2.0929 2.5310 1.3984
v  2.0000 1.9120 1.3363
v  2.2226 1.9120 0.9206
v  2.0499 1.4000 0.8491
v  1.8445 1.4000 1.2325
v  1.6177 1.0050 1.0809
v  1.7978 1.0050 0.7447
v  1.4565 0.7372 0.6033
v  1.3105 0.7372 0.8757
v  0.9141 0.6066 0.6108
v  1.0159 0.6066 0.4208
v  0.5933 0.5601 0.2457
v  0.5439 0.5601 0.3634
v  0.5227 -10.0945 -0.0000
v  0.5875 -10.0945 0.1168
v  1.1761 -10.1215 -0.0000
v  1.1720 -10.1215 0.2331
v  2.3381 -10.2023 0.4651
v  2.3844 -10.2023 -0.0000
v  3.5181 -10.2843 -0.0000
v  3.4499 -10.2843 0.6862
v  3.8711 -10.3150 0.7700
v  3.9476 -10.3150 -0.0000
v  4.0201 -10.3156 -0.0000
v  3.9421 -10.3156 0.7841
v  4.0035 -10.3075 0.7963
v  4.0827 -10.3075 -0.0000
v  4.1345 -10.2921 -0.0000
v  4.0543 -10.2921 0.8064
v  4.0936 -10.2706 0.8143
v  4.1746 -10.2706 -0.0000
v  4.2023 -10.2442 -0.0000
v  4.1207 -10.2442 0.8197
v  4.1348 -10.2144 0.8225
v  4.2166 -10.2144 -0.0000
v  4.2168 -10.1823 -0.0000
v  4.1349 -10.1823 0.8225
v  4.1203 -10.1493 0.8196
v  4.2018 -10.1493 -0.0000
v  4.1710 -10.1167 -0.0000
v  4.0901 -10.1167 0.8136
v  4.0435 -10.0857 0.8043
v  4.1234 -10.0857 -0.0000
v  4.0583 -10.0577 -0.0000
v  3.9795 -10.0577 0.7916
v  3.8975 -10.0338 0.7753
v  3.9746 -10.0338 -0.0000
v  3.8626 -10.0137 -0.0000
v  3.7876 -10.0137 0.7534
v  3.6401 -9.9967 0.7241
v  3.7122 -9.9967 -0.0000
v  3.5133 -9.9791 -0.0000
v  3.4451 -9.9791 0.6853
v  3.1930 -9.9573 0.6351
v  3.2561 -9.9573 -0.0000
v  2.9539 -9.9279 -0.0000
v  2.8966 -9.9279 0.5762
v  2.5689 -9.8879 0.5110
v  2.6197 -9.8879 -0.0000
v  2.2671 -9.8341 -0.0000
v  2.2231 -9.8341 0.4422
v  1.8722 -9.7633 0.3724
v  1.9092 -9.7633 -0.0000
v  1.5593 -9.6723 -0.0000
v  1.5290 -9.6723 0.3041
v  1.2068 -9.5579 0.2401
v  1.2307 -9.5579 -0.0000
v  0.9367 -9.4170 -0.0000
v  0.9185 -9.4170 0.1827
v  0.6772 -9.2465 0.1347
v  0.6906 -9.2465 -0.0000
v  0.5056 -9.0430 -0.0000
v  0.4958 -9.0430 0.0986
v  0.3875 -8.8035 0.0771
v  0.3951 -8.8035 -0.0000
v  0.3402 -7.6912 -0.0000
v  0.3336 -7.6912 0.0664
v  0.3157 -4.8695 0.0628
v  0.3219 -4.8695 -0.0000
v  0.3228 -2.0873 -0.0000
v  0.3165 -2.0873 0.0630
v  0.3194 -1.0936 0.0635
v  0.3257 -1.0936 -0.0000
v  0.3322 -0.9917 -0.0000
v  0.3258 -0.9917 0.0648
v  0.3375 -0.8854 0.0671
v  0.3442 -0.8854 -0.0000
v  0.3628 -0.7765 -0.0000
v  0.3557 -0.7765 0.0708
v  0.3817 -0.6674 0.0759
v  0.3892 -0.6674 -0.0000
v  0.4247 -0.5600 -0.0000
v  0.4165 -0.5600 0.0828
v  0.4613 -0.4564 0.0918
v  0.4704 -0.4564 -0.0000
v  0.5277 -0.3589 -0.0000
v  0.5175 -0.3589 0.1029
v  0.5860 -0.2695 0.1166
v  0.5976 -0.2695 -0.0000
v  0.6814 -0.1902 -0.0000
v  0.6681 -0.1902 0.1329
v  0.7652 -0.1233 0.1522
v  0.7803 -0.1233 -0.0000
v  0.8956 -0.0708 -0.0000
v  0.8782 -0.0708 0.1747
v  1.0084 -0.0348 0.2006
v  1.0283 -0.0348 -0.0000
v  1.2412 0.0284 -0.0000
v  1.2171 0.0284 0.2421
v  1.5656 0.1627 0.3114
v  1.5966 0.1627 -0.0000
v  1.9806 0.3757 -0.0000
v  1.9422 0.3757 0.3863
v  2.2349 0.6751 0.4446
v  2.2792 0.6751 -0.0000
v  2.4999 1.0627 -0.0000
v  2.4513 1.0627 0.4876
v  2.5986 1.5403 0.5169
v  2.6500 1.5403 -0.0000
v  2.7372 2.1100 -0.0000
v  2.6841 2.1100 0.5339
v  2.7152 2.7734 0.5401
v  2.7689 2.7734 -0.0000
v  2.7527 3.5325 -0.0000
v  2.6993 3.5325 0.5369
v  2.6435 4.3892 0.5258
v  2.6958 4.3892 -0.0000
v  2.6059 5.3453 -0.0000
v  2.5554 5.3453 0.5083
v  2.4422 6.4027 0.4858
v  2.4905 6.4027 -0.0000
v  2.3570 7.5633 -0.0000
v  2.3113 7.5633 0.4597
v  2.1700 8.8289 0.4316
v  2.2129 8.8289 -0.0000
v  2.1078 9.8322 -0.0000
v  2.0669 9.8322 0.4111
v  2.0507 10.2058 0.4079
v  2.0913 10.2058 -0.0000
v  2.0927 10.2597 -0.0000
v  2.0521 10.2597 0.4082
v  2.0019 10.3037 0.3982
v  2.0414 10.3037 -0.0000
v  1.9715 10.3156 -0.0000
v  1.9333 10.3156 0.3846
v  1.8797 10.2729 0.3739
v  1.9169 10.2729 -0.0000
v  1.8961 10.2093 -0.0000
v  1.8593 10.2093 0.3698
v  1.8901 10.1583 0.3760
v  1.9275 10.1583 -0.0000
v  1.9989 9.8489 -0.0000
v  1.9602 9.8489 0.3899
v  2.0576 9.0104 0.4093
v  2.0984 9.0104 -0.0000
v  2.2119 7.9255 -0.0000
v  2.1689 7.9255 0.4314
v  2.2802 6.8769 0.4536
v  2.3253 6.8769 -0.0000
v  2.4282 5.8746 -0.0000
v  2.3810 5.8746 0.4736
v  2.4609 4.9288 0.4895
v  2.5095 4.9288 -0.0000
v  2.5587 4.0495 -0.0000
v  2.5091 4.0495 0.4991
v  2.5152 3.2469 0.5003
v  2.5650 3.2469 -0.0000
v  2.5176 2.5310 -0.0000
v  2.4687 2.5310 0.4911
v  2.3591 1.9120 0.4692
v  2.4057 1.9120 -0.0000
v  2.2188 1.4000 -0.0000
v  2.1757 1.4000 0.4328
v  1.9082 1.0050 0.3796
v  1.9460 1.0050 -0.0000
v  1.5764 0.7372 -0.0000
v  1.5459 0.7372 0.3075
v  1.0782 0.6066 0.2145
v  1.0996 0.6066 -0.0000
v  0.6422 0.5601 -0.0000
v  0.6415 0.5601 0.1276
v  0.4829 -10.0945 -0.2000
v  0.5875 -10.0945 -0.1168
v  1.0865 -10.1215 -0.4501
v  1.1720 -10.1215 -0.2331
v  2.3381 -10.2023 -0.4651
v  2.2029 -10.2023 -0.9125
v  3.2503 -10.2843 -1.3463
v  3.4498 -10.2843 -0.6862
v  3.8711 -10.3150 -0.7700
v  3.6471 -10.3150 -1.5107
v  3.7141 -10.3156 -1.5384
v  3.9421 -10.3156 -0.7841
v  4.0035 -10.3075 -0.7964
v  3.7719 -10.3075 -1.5624
v  3.8198 -10.2921 -1.5822
v  4.0543 -10.2921 -0.8065
v  4.0936 -10.2706 -0.8143
v  3.8568 -10.2706 -1.5976
v  3.8824 -10.2442 -1.6082
v  4.1207 -10.2442 -0.8197
v  4.1348 -10.2144 -0.8225
v  3.8957 -10.2144 -1.6136
v  3.8958 -10.1823 -1.6137
v  4.1349 -10.1823 -0.8225
v  4.1203 -10.1493 -0.8196
v  3.8820 -10.1493 -1.6080
v  3.8535 -10.1167 -1.5962
v  4.0901 -10.1167 -0.8136
v  4.0435 -10.0857 -0.8043
v  3.8095 -10.0857 -1.5780
v  3.7494 -10.0577 -1.5530
v  3.9795 -10.0577 -0.7916
v  3.8975 -10.0338 -0.7753
v  3.6720 -10.0338 -1.5210
v  3.5686 -10.0137 -1.4781
v  3.7876 -10.0137 -0.7534
v  3.6401 -9.9967 -0.7241
v  3.4296 -9.9967 -1.4206
v  3.2459 -9.9791 -1.3445
v  3.4451 -9.9791 -0.6853
v  3.1930 -9.9573 -0.6351
v  3.0083 -9.9573 -1.2461
v  2.7290 -9.9279 -1.1304
v  2.8966 -9.9279 -0.5762
v  2.5689 -9.8879 -0.5110
v  2.4203 -9.8879 -1.0025
v  2.0946 -9.8341 -0.8676
v  2.2231 -9.8341 -0.4422
v  1.8722 -9.7633 -0.3724
v  1.7638 -9.7633 -0.7306
v  1.4406 -9.6723 -0.5967
v  1.5290 -9.6723 -0.3041
v  1.2068 -9.5579 -0.2401
v  1.1370 -9.5579 -0.4710
v  0.8654 -9.4170 -0.3585
v  0.9185 -9.4170 -0.1827
v  0.6772 -9.2465 -0.1347
v  0.6380 -9.2465 -0.2643
v  0.4671 -9.0430 -0.1935
v  0.4958 -9.0430 -0.0986
v  0.3875 -8.8035 -0.0771
v  0.3651 -8.8035 -0.1512
v  0.3143 -7.6912 -0.1302
v  0.3336 -7.6912 -0.0664
v  0.3157 -4.8695 -0.0628
v  0.2974 -4.8695 -0.1232
v  0.2982 -2.0873 -0.1235
v  0.3165 -2.0873 -0.0630
v  0.3194 -1.0936 -0.0635
v  0.3009 -1.0936 -0.1246
v  0.3069 -0.9917 -0.1271
v  0.3258 -0.9917 -0.0648
v  0.3375 -0.8854 -0.0671
v  0.3180 -0.8854 -0.1317
v  0.3351 -0.7765 -0.1388
v  0.3557 -0.7765 -0.0708
v  0.3817 -0.6674 -0.0759
v  0.3595 -0.6674 -0.1489
v  0.3923 -0.5600 -0.1625
v  0.4165 -0.5600 -0.0828
v  0.4613 -0.4564 -0.0918
v  0.4346 -0.4564 -0.1800
v  0.4875 -0.3589 -0.2019
v  0.5175 -0.3589 -0.1029
v  0.5860 -0.2695 -0.1166
v  0.5521 -0.2695 -0.2287
v  0.6295 -0.1902 -0.2608
v  0.6681 -0.1902 -0.1329
v  0.7652 -0.1233 -0.1522
v  0.7210 -0.1233 -0.2986
v  0.8274 -0.0708 -0.3427
v  0.8782 -0.0708 -0.1747
v  1.0084 -0.0348 -0.2006
v  0.9501 -0.0348 -0.3935
v  1.1467 0.0284 -0.4750
v  1.2171 0.0284 -0.2421
v  1.5656 0.1627 -0.3114
v  1.4750 0.1627 -0.6110
v  1.8298 0.3757 -0.7580
v  1.9422 0.3757 -0.3863
v  2.2349 0.6751 -0.4446
v  2.1057 0.6751 -0.8722
v  2.3095 1.0627 -0.9567
v  2.4513 1.0627 -0.4876
v  2.5986 1.5403 -0.5169
v  2.4483 1.5403 -1.0141
v  2.5289 2.1100 -1.0475
v  2.6841 2.1100 -0.5339
v  2.7152 2.7734 -0.5401
v  2.5581 2.7734 -1.0596
v  2.5431 3.5325 -1.0534
v  2.6993 3.5325 -0.5369
v  2.6435 4.3892 -0.5258
v  2.4906 4.3892 -1.0317
v  2.4076 5.3453 -0.9973
v  2.5554 5.3453 -0.5083
v  2.4422 6.4027 -0.4858
v  2.3009 6.4027 -0.9531
v  2.1776 7.5633 -0.9020
v  2.3113 7.5633 -0.4597
v  2.1700 8.8289 -0.4316
v  2.0445 8.8289 -0.8468
v  1.9473 9.8322 -0.8066
v  2.0669 9.8322 -0.4111
v  2.0507 10.2058 -0.4079
v  1.9320 10.2058 -0.8003
v  1.9334 10.2597 -0.8008
v  2.0521 10.2597 -0.4082
v  2.0019 10.3037 -0.3982
v  1.8861 10.3037 -0.7812
v  1.8214 10.3156 -0.7545
v  1.9333 10.3156 -0.3846
v  1.8797 10.2729 -0.3739
v  1.7710 10.2729 -0.7336
v  1.7517 10.2093 -0.7256
v  1.8593 10.2093 -0.3698
v  1.8901 10.1583 -0.3760
v  1.7807 10.1583 -0.7376
v  1.8468 9.8489 -0.7650
v  1.9602 9.8489 -0.3899
v  2.0576 9.0104 -0.4093
v  1.9386 9.0104 -0.8030
v  2.0434 7.9255 -0.8464
v  2.1689 7.9255 -0.4314
v  2.2802 6.8769 -0.4536
v  2.1483 6.8769 -0.8899
v  2.2433 5.8746 -0.9292
v  2.3810 5.8746 -0.4736
v  2.4609 4.9288 -0.4895
v  2.3185 4.9288 -0.9604
v  2.3640 4.0495 -0.9792
v  2.5091 4.0495 -0.4991
v  2.5152 3.2469 -0.5003
v  2.3697 3.2469 -0.9816
v  2.3259 2.5310 -0.9634
v  2.4687 2.5310 -0.4911
v  2.3591 1.9120 -0.4693
v  2.2226 1.9120 -0.9206
v  2.0499 1.4000 -0.8491
v  2.1757 1.4000 -0.4328
v  1.9082 1.0050 -0.3796
v  1.7978 1.0050 -0.7447
v  1.4565 0.7372 -0.6033
v  1.5459 0.7372 -0.3075
v  1.0782 0.6066 -0.2145
v  1.0159 0.6066 -0.4208
v  0.5933 0.5601 -0.2457
v  0.6415 0.5601 -0.1276
v  0.3696 -10.0945 -0.3696
v  0.4980 -10.0945 -0.3328
v  0.8316 -10.1215 -0.8316
v  0.9935 -10.1215 -0.6639
v  1.9822 -10.2023 -1.3245
v  1.6860 -10.2023 -1.6860
v  2.4877 -10.2843 -2.4877
v  2.9246 -10.2843 -1.9542
v  3.2817 -10.3150 -2.1928
v  2.7914 -10.3150 -2.7914
v  2.8426 -10.3156 -2.8427
v  3.3420 -10.3156 -2.2331
v  3.3940 -10.3075 -2.2678
v  2.8869 -10.3075 -2.8869
v  2.9235 -10.2921 -2.9235
v  3.4370 -10.2921 -2.2966
v  3.4704 -10.2706 -2.3189
v  2.9519 -10.2706 -2.9519
v  2.9715 -10.2442 -2.9715
v  3.4934 -10.2442 -2.3342
v  3.5053 -10.2144 -2.3422
v  2.9816 -10.2144 -2.9816
v  2.9817 -10.1823 -2.9817
v  3.5054 -10.1823 -2.3423
v  3.4930 -10.1493 -2.3340
v  2.9712 -10.1493 -2.9712
v  2.9493 -10.1167 -2.9494
v  3.4674 -10.1167 -2.3169
v  3.4279 -10.0857 -2.2904
v  2.9157 -10.0857 -2.9157
v  2.8696 -10.0577 -2.8696
v  3.3737 -10.0577 -2.2542
v  3.3041 -10.0338 -2.2078
v  2.8105 -10.0338 -2.8105
v  2.7312 -10.0137 -2.7312
v  3.2109 -10.0137 -2.1455
v  3.0859 -9.9967 -2.0620
v  2.6249 -9.9967 -2.6249
v  2.4843 -9.9791 -2.4843
v  2.9207 -9.9791 -1.9516
v  2.7069 -9.9573 -1.8087
v  2.3025 -9.9573 -2.3025
v  2.0887 -9.9279 -2.0887
v  2.4556 -9.9279 -1.6408
v  2.1778 -9.8879 -1.4552
v  1.8524 -9.8879 -1.8525
v  1.6030 -9.8341 -1.6031
v  1.8847 -9.8341 -1.2593
v  1.5871 -9.7633 -1.0605
v  1.3500 -9.7633 -1.3500
v  1.1025 -9.6723 -1.1026
v  1.2962 -9.6723 -0.8661
v  1.0231 -9.5579 -0.6836
v  0.8702 -9.5579 -0.8702
v  0.6623 -9.4170 -0.6624
v  0.7787 -9.4170 -0.5203
v  0.5741 -9.2465 -0.3836
v  0.4883 -9.2465 -0.4883
v  0.3575 -9.0430 -0.3576
v  0.4204 -9.0430 -0.2809
v  0.3284 -8.8035 -0.2195
v  0.2794 -8.8035 -0.2794
v  0.2405 -7.6912 -0.2406
v  0.2828 -7.6912 -0.1890
v  0.2676 -4.8695 -0.1788
v  0.2275 -4.8695 -0.2276
v  0.2283 -2.0873 -0.2283
v  0.2684 -2.0873 -0.1793
v  0.2707 -1.0936 -0.1809
v  0.2303 -1.0936 -0.2303
v  0.2349 -0.9917 -0.2349
v  0.2762 -0.9917 -0.1845
v  0.2861 -0.8854 -0.1912
v  0.2434 -0.8854 -0.2434
v  0.2565 -0.7765 -0.2565
v  0.3016 -0.7765 -0.2015
v  0.3235 -0.6674 -0.2162
v  0.2752 -0.6674 -0.2752
v  0.3003 -0.5600 -0.3003
v  0.3531 -0.5600 -0.2359
v  0.3911 -0.4564 -0.2613
v  0.3326 -0.4564 -0.3327
v  0.3731 -0.3589 -0.3731
v  0.4387 -0.3589 -0.2931
v  0.4968 -0.2695 -0.3319
v  0.4226 -0.2695 -0.4226
v  0.4818 -0.1902 -0.4818
v  0.5665 -0.1902 -0.3785
v  0.6487 -0.1233 -0.4335
v  0.5518 -0.1233 -0.5518
v  0.6332 -0.0708 -0.6333
v  0.7445 -0.0708 -0.4975
v  0.8549 -0.0348 -0.5712
v  0.7272 -0.0348 -0.7272
v  0.8777 0.0284 -0.8777
v  1.0318 0.0284 -0.6894
v  1.3272 0.1627 -0.8869
v  1.1290 0.1627 -1.1290
v  1.4005 0.3757 -1.4005
v  1.6465 0.3757 -1.1002
v  1.8948 0.6751 -1.2660
v  1.6116 0.6751 -1.6116
v  1.7676 1.0627 -1.7677
v  2.0782 1.0627 -1.3886
v  2.2030 1.5403 -1.4720
v  1.8739 1.5403 -1.8739
v  1.9355 2.1100 -1.9355
v  2.2755 2.1100 -1.5204
v  2.3019 2.7734 -1.5381
v  1.9579 2.7734 -1.9579
v  1.9464 3.5325 -1.9464
v  2.2883 3.5325 -1.5290
v  2.2410 4.3892 -1.4974
v  1.9062 4.3892 -1.9062
v  1.8427 5.3453 -1.8427
v  2.1664 5.3453 -1.4475
v  2.0704 6.4027 -1.3834
v  1.7611 6.4027 -1.7611
v  1.6666 7.5633 -1.6667
v  1.9594 7.5633 -1.3092
v  1.8396 8.8289 -1.2292
v  1.5648 8.8289 -1.5648
v  1.4904 9.8322 -1.4904
v  1.7522 9.8322 -1.1708
v  1.7385 10.2058 -1.1616
v  1.4788 10.2058 -1.4788
v  1.4797 10.2597 -1.4798
v  1.7397 10.2597 -1.1624
v  1.6971 10.3037 -1.1340
v  1.4435 10.3037 -1.4435
v  1.3941 10.3156 -1.3941
v  1.6390 10.3156 -1.0951
v  1.5936 10.2729 -1.0648
v  1.3555 10.2729 -1.3555
v  1.3408 10.2093 -1.3407
v  1.5762 10.2093 -1.0532
v  1.6024 10.1583 -1.0706
v  1.3629 10.1583 -1.3629
v  1.4134 9.8489 -1.4135
v  1.6618 9.8489 -1.1103
v  1.7444 9.0104 -1.1656
v  1.4838 9.0104 -1.4838
v  1.5640 7.9255 -1.5640
v  1.8388 7.9255 -1.2286
v  1.9331 6.8769 -1.2917
v  1.6442 6.8769 -1.6443
v  1.7170 5.8746 -1.7170
v  2.0185 5.8746 -1.3488
v  2.0862 4.9288 -1.3940
v  1.7745 4.9288 -1.7745
v  1.8093 4.0495 -1.8093
v  2.1271 4.0495 -1.4213
v  2.1323 3.2469 -1.4248
v  1.8137 3.2469 -1.8137
v  1.7802 2.5310 -1.7802
v  2.0928 2.5310 -1.3984
v  2.0000 1.9120 -1.3363
v  1.7012 1.9120 -1.7011
v  1.5689 1.4000 -1.5689
v  1.8445 1.4000 -1.2325
v  1.6177 1.0050 -1.0809
v  1.3760 1.0050 -1.3760
v  1.1147 0.7372 -1.1147
v  1.3105 0.7372 -0.8757
v  0.9141 0.6066 -0.6108
v  0.7775 0.6066 -0.7775
v  0.4540 0.5601 -0.4541
v  0.5439 0.5601 -0.3634
v  0.2000 -10.0945 -0.4829
v  0.3327 -10.0945 -0.4980
v  0.4500 -10.1215 -1.0866
v  0.6639 -10.1215 -0.9936
v  1.3245 -10.2023 -1.9822
v  0.9125 -10.2023 -2.2029
v  1.3463 -10.2843 -3.2503
v  1.9542 -10.2843 -2.9247
v  2.1928 -10.3150 -3.2818
v  1.5107 -10.3150 -3.6472
v  1.5385 -10.3156 -3.7141
v  2.2330 -10.3156 -3.3420
v  2.2677 -10.3075 -3.3940
v  1.5624 -10.3075 -3.7719
v  1.5821 -10.2921 -3.8198
v  2.2965 -10.2921 -3.4371
v  2.3189 -10.2706 -3.4704
v  1.5975 -10.2706 -3.8569
v  1.6081 -10.2442 -3.8824
v  2.3342 -10.2442 -3.4934
v  2.3421 -10.2144 -3.5053
v  1.6136 -10.2144 -3.8957
v  1.6136 -10.1823 -3.8958
v  2.3422 -10.1823 -3.5055
v  2.3339 -10.1493 -3.4931
v  1.6080 -10.1493 -3.8820
v  1.5962 -10.1167 -3.8535
v  2.3169 -10.1167 -3.4674
v  2.2904 -10.0857 -3.4279
v  1.5779 -10.0857 -3.8096
v  1.5530 -10.0577 -3.7494
v  2.2542 -10.0577 -3.3737
v  2.2078 -10.0338 -3.3042
v  1.5210 -10.0338 -3.6721
v  1.4781 -10.0137 -3.5685
v  2.1455 -10.0137 -3.2110
v  2.0619 -9.9967 -3.0860
v  1.4206 -9.9967 -3.4296
v  1.3445 -9.9791 -3.2459
v  1.9515 -9.9791 -2.9207
v  1.8086 -9.9573 -2.7069
v  1.2461 -9.9573 -3.0083
v  1.1304 -9.9279 -2.7290
v  1.6408 -9.9279 -2.4556
v  1.4552 -9.8879 -2.1779
v  1.0025 -9.8879 -2.4204
v  0.8676 -9.8341 -2.0945
v  1.2593 -9.8341 -1.8847
v  1.0605 -9.7633 -1.5871
v  0.7306 -9.7633 -1.7639
v  0.5967 -9.6723 -1.4406
v  0.8661 -9.6723 -1.2963
v  0.6836 -9.5579 -1.0231
v  0.4709 -9.5579 -1.1370
v  0.3585 -9.4170 -0.8654
v  0.5203 -9.4170 -0.7787
v  0.3836 -9.2465 -0.5741
v  0.2643 -9.2465 -0.6380
v  0.1935 -9.0430 -0.4672
v  0.2809 -9.0430 -0.4204
v  0.2194 -8.8035 -0.3285
v  0.1512 -8.8035 -0.3651
v  0.1302 -7.6912 -0.3143
v  0.1889 -7.6912 -0.2828
v  0.1788 -4.8695 -0.2676
v  0.1231 -4.8695 -0.2974
v  0.1235 -2.0873 -0.2983
v  0.1793 -2.0873 -0.2684
v  0.1809 -1.0936 -0.2708
v  0.1246 -1.0936 -0.3009
v  0.1271 -0.9917 -0.3069
v  0.1845 -0.9917 -0.2762
v  0.1912 -0.8854 -0.2861
v  0.1317 -0.8854 -0.3180
v  0.1389 -0.7765 -0.3351
v  0.2015 -0.7765 -0.3016
v  0.2162 -0.6674 -0.3235
v  0.1490 -0.6674 -0.3596
v  0.1625 -0.5600 -0.3924
v  0.2358 -0.5600 -0.3530
v  0.2613 -0.4564 -0.3911
v  0.1801 -0.4564 -0.4346
v  0.2019 -0.3589 -0.4875
v  0.2931 -0.3589 -0.4387
v  0.3320 -0.2695 -0.4968
v  0.2287 -0.2695 -0.5521
v  0.2607 -0.1902 -0.6295
v  0.3785 -0.1902 -0.5665
v  0.4334 -0.1233 -0.6487
v  0.2986 -0.1233 -0.7209
v  0.3428 -0.0708 -0.8274
v  0.4974 -0.0708 -0.7445
v  0.5713 -0.0348 -0.8549
v  0.3935 -0.0348 -0.9501
v  0.4749 0.0284 -1.1467
v  0.6894 0.0284 -1.0318
v  0.8868 0.1627 -1.3273
v  0.6110 0.1627 -1.4751
v  0.7580 0.3757 -1.8298
v  1.1002 0.3757 -1.6465
v  1.2660 0.6751 -1.8947
v  0.8722 0.6751 -2.1057
v  0.9566 1.0627 -2.3096
v  1.3885 1.0627 -2.0782
v  1.4720 1.5404 -2.2030
v  1.0141 1.5404 -2.4483
v  1.0475 2.1100 -2.5289
v  1.5204 2.1100 -2.2755
v  1.5381 2.7734 -2.3019
v  1.0596 2.7734 -2.5582
v  1.0534 3.5325 -2.5431
v  1.5290 3.5325 -2.2883
v  1.4975 4.3892 -2.2411
v  1.0317 4.3892 -2.4906
v  0.9973 5.3453 -2.4076
v  1.4475 5.3453 -2.1664
v  1.3834 6.4027 -2.0704
v  0.9531 6.4027 -2.3009
v  0.9020 7.5633 -2.1776
v  1.3092 7.5633 -1.9594
v  1.2292 8.8289 -1.8396
v  0.8469 8.8289 -2.0445
v  0.8066 9.8322 -1.9473
v  1.1708 9.8322 -1.7522
v  1.1617 10.2058 -1.7385
v  0.8003 10.2058 -1.9321
v  0.8008 10.2597 -1.9334
v  1.1624 10.2597 -1.7397
v  1.1339 10.3037 -1.6971
v  0.7812 10.3037 -1.8861
v  0.7545 10.3156 -1.8214
v  1.0951 10.3156 -1.6390
v  1.0648 10.2729 -1.5936
v  0.7336 10.2729 -1.7710
v  0.7256 10.2093 -1.7517
v  1.0532 10.2093 -1.5762
v  1.0706 10.1583 -1.6023
v  0.7376 10.1583 -1.7807
v  0.7649 9.8489 -1.8468
v  1.1104 9.8489 -1.6617
v  1.1656 9.0104 -1.7444
v  0.8030 9.0104 -1.9386
v  0.8465 7.9255 -2.0435
v  1.2286 7.9255 -1.8387
v  1.2917 6.8769 -1.9331
v  0.8899 6.8769 -2.1483
v  0.9293 5.8746 -2.2433
v  1.3488 5.8746 -2.0186
v  1.3940 4.9288 -2.0862
v  0.9604 4.9288 -2.3185
v  0.9791 4.0495 -2.3639
v  1.4213 4.0495 -2.1271
v  1.4248 3.2469 -2.1323
v  0.9815 3.2469 -2.3697
v  0.9634 2.5310 -2.3259
v  1.3984 2.5310 -2.0929
v  1.3363 1.9120 -1.9999
v  0.9207 1.9120 -2.2226
v  0.8491 1.4000 -2.0499
v  1.2324 1.4000 -1.8445
v  1.0809 1.0050 -1.6177
v  0.7446 1.0050 -1.7978
v  0.6033 0.7372 -1.4565
v  0.8757 0.7372 -1.3105
v  0.6107 0.6066 -0.9141
v  0.4208 0.6066 -1.0159
v  0.2458 0.5601 -0.5933
v  0.3634 0.5601 -0.5439
v  0.1168 -10.0945 -0.5874
v  0.2331 -10.1215 -1.1720
v  0.4651 -10.2023 -2.3382
v  0.6862 -10.2843 -3.4499
v  0.7700 -10.3150 -3.8711
v  0.7841 -10.3156 -3.9422
v  0.7963 -10.3075 -4.0035
v  0.8064 -10.2921 -4.0543
v  0.8142 -10.2706 -4.0937
v  0.8197 -10.2442 -4.1208
v  0.8224 -10.2144 -4.1348
v  0.8224 -10.1823 -4.1350
v  0.8196 -10.1493 -4.1203
v  0.8136 -10.1167 -4.0901
v  0.8042 -10.0857 -4.0435
v  0.7915 -10.0577 -3.9795
v  0.7752 -10.0338 -3.8975
v  0.7534 -10.0137 -3.7876
v  0.7240 -9.9967 -3.6401
v  0.6853 -9.9791 -3.4452
v  0.6351 -9.9573 -3.1930
v  0.5761 -9.9279 -2.8966
v  0.5110 -9.8879 -2.5690
v  0.4422 -9.8341 -2.2231
v  0.3724 -9.7633 -1.8722
v  0.3041 -9.6723 -1.5290
v  0.2400 -9.5579 -1.2068
v  0.1827 -9.4170 -0.9185
v  0.1347 -9.2465 -0.6772
v  0.0986 -9.0430 -0.4958
v  0.0771 -8.8035 -0.3875
v  0.0664 -7.6912 -0.3336
v  0.0628 -4.8695 -0.3156
v  0.0629 -2.0873 -0.3166
v  0.0635 -1.0936 -0.3194
v  0.0648 -0.9917 -0.3258
v  0.0671 -0.8854 -0.3375
v  0.0708 -0.7765 -0.3557
v  0.0759 -0.6674 -0.3816
v  0.0829 -0.5600 -0.4164
v  0.0917 -0.4564 -0.4613
v  0.1029 -0.3589 -0.5174
v  0.1165 -0.2695 -0.5860
v  0.1329 -0.1902 -0.6682
v  0.1522 -0.1233 -0.7652
v  0.1747 -0.0708 -0.8782
v  0.2006 -0.0348 -1.0084
v  0.2420 0.0284 -1.2171
v  0.3114 0.1627 -1.5656
v  0.3863 0.3757 -1.9422
v  0.4446 0.6751 -2.2350
v  0.4876 1.0627 -2.4513
v  0.5169 1.5404 -2.5986
v  0.5339 2.1100 -2.6841
v  0.5401 2.7734 -2.7152
v  0.5369 3.5325 -2.6993
v  0.5259 4.3892 -2.6435
v  0.5083 5.3453 -2.5554
v  0.4858 6.4027 -2.4422
v  0.4598 7.5633 -2.3113
v  0.4316 8.8289 -2.1700
v  0.4111 9.8322 -2.0669
v  0.4079 10.2058 -2.0507
v  0.4082 10.2597 -2.0521
v  0.3982 10.3037 -2.0019
v  0.3845 10.3156 -1.9333
v  0.3739 10.2729 -1.8797
v  0.3698 10.2093 -1.8593
v  0.3759 10.1583 -1.8901
v  0.3899 9.8489 -1.9601
v  0.4093 9.0104 -2.0577
v  0.4314 7.9255 -2.1689
v  0.4536 6.8769 -2.2802
v  0.4736 5.8746 -2.3811
v  0.4895 4.9288 -2.4608
v  0.4991 4.0495 -2.5091
v  0.5003 3.2469 -2.5152
v  0.4910 2.5310 -2.4687
v  0.4692 1.9120 -2.3591
v  0.4328 1.4000 -2.1758
v  0.3796 1.0050 -1.9082
v  0.3075 0.7372 -1.5459
v  0.2145 0.6066 -1.0783
v  0.1276 0.5601 -0.6416
v  -0.0740 0.5446 -0.3720
v  0.0000 0.5446 -0.3310
v  -0.1266 0.5446 -0.3058
v  0.0000 0.5446 -0.0000
v  -0.2108 0.5446 -0.3154
v  -0.2340 0.5446 -0.2341
v  -0.3154 0.5446 -0.2107
v  -0.3058 0.5446 -0.1267
v  -0.3720 0.5446 -0.0740
v  -0.3310 0.5446 -0.0000
v  -0.3720 0.5446 0.0740
v  -0.3058 0.5446 0.1267
v  -0.3154 0.5446 0.2107
v  -0.2340 0.5446 0.2341
v  -0.2108 0.5446 0.3154
v  -0.1266 0.5446 0.3058
v  -0.0740 0.5446 0.3720
v  0.0000 0.5446 0.3310
v  0.0740 0.5446 0.3720
v  0.1266 0.5446 0.3058
v  0.2108 0.5446 0.3154
v  0.2340 0.5446 0.2341
v  0.3154 0.5446 0.2107
v  0.3058 0.5446 0.1267
v  0.3720 0.5446 0.0740
v  0.3310 0.5446 -0.0000
v  0.3720 0.5446 -0.0740
v  0.3058 0.5446 -0.1267
v  0.3154 0.5446 -0.2107
v  0.2340 0.5446 -0.2341
v  0.2107 0.5446 -0.3154
v  0.1266 0.5446 -0.3058
v  0.0740 0.5446 -0.3720
# 2722 vertices

vt 0.4317 0.0643 0.0111
vt 0.6882 0.0643 0.0532
vt 0.7578 0.0643 0.0709
vt 0.6996 0.0643 0.0620
vt 0.9531 0.0643 0.1063
vt 0.8831 0.0632 0.1414
vt 0.8475 0.0632 0.1392
vt 0.9249 0.0597 0.2822
vt 0.8968 0.0597 0.2822
vt 0.9530 0.0597 0.2822
vt 0.9530 0.0550 0.4580
vt 0.9249 0.0561 0.4164
vt 0.8968 0.0561 0.4164
vt 0.9249 0.0547 0.4672
vt 0.8968 0.0547 0.4672
vt 0.9530 0.0547 0.4672
vt 0.9530 0.0545 0.4764
vt 0.9249 0.0547 0.4758
vt 0.8968 0.0547 0.4758
vt 0.9249 0.0551 0.4832
vt 0.8968 0.0551 0.4832
vt 0.9530 0.0551 0.4832
vt 0.9530 0.0556 0.4900
vt 0.9249 0.0557 0.4893
vt 0.8968 0.0557 0.4893
vt 0.9249 0.0567 0.4941
vt 0.8968 0.0567 0.4941
vt 0.9530 0.0567 0.4941
vt 0.9530 0.0577 0.4981
vt 0.9249 0.0578 0.4973
vt 0.8968 0.0578 0.4973
vt 0.9249 0.0591 0.4990
vt 0.8968 0.0591 0.4990
vt 0.9530 0.0591 0.4990
vt 0.9530 0.0605 0.4999
vt 0.9249 0.0605 0.4990
vt 0.8968 0.0605 0.4990
vt 0.9249 0.0620 0.4973
vt 0.8968 0.0620 0.4973
vt 0.9530 0.0620 0.4973
vt 0.9530 0.0634 0.4946
vt 0.9249 0.0634 0.4936
vt 0.8968 0.0634 0.4936
vt 0.9249 0.0647 0.4880
vt 0.8968 0.0647 0.4880
vt 0.9530 0.0647 0.4880
vt 0.9530 0.0660 0.4814
vt 0.9249 0.0660 0.4803
vt 0.8968 0.0660 0.4803
vt 0.9249 0.0670 0.4704
vt 0.8968 0.0670 0.4704
vt 0.9530 0.0670 0.4704
vt 0.9530 0.0679 0.4594
vt 0.9249 0.0679 0.4571
vt 0.8968 0.0679 0.4571
vt 0.9249 0.0686 0.4393
vt 0.8968 0.0686 0.4393
vt 0.9530 0.0686 0.4393
vt 0.9530 0.0693 0.4193
vt 0.9249 0.0694 0.4158
vt 0.8968 0.0694 0.4158
vt 0.9249 0.0703 0.3854
vt 0.8968 0.0703 0.3854
vt 0.9530 0.0703 0.3854
vt 0.9530 0.0714 0.3515
vt 0.9249 0.0716 0.3496
vt 0.8968 0.0716 0.3496
vt 0.9249 0.0733 0.3100
vt 0.8968 0.0733 0.3100
vt 0.9530 0.0733 0.3100
vt 0.9530 0.0753 0.2686
vt 0.9249 0.0757 0.2683
vt 0.8968 0.0757 0.2683
vt 0.9249 0.0788 0.2259
vt 0.8968 0.0788 0.2259
vt 0.9530 0.0788 0.2259
vt 0.9530 0.0822 0.1833
vt 0.9249 0.0827 0.1845
vt 0.8968 0.0827 0.1845
vt 0.9249 0.0877 0.1456
vt 0.8968 0.0877 0.1456
vt 0.9530 0.0877 0.1456
vt 0.9531 0.0932 0.1080
vt 0.9249 0.0939 0.1108
vt 0.8968 0.0939 0.1108
vt 0.9249 0.1013 0.0817
vt 0.8968 0.1013 0.0817
vt 0.9531 0.1013 0.0817
vt 0.9531 0.1094 0.0554
vt 0.9249 0.1101 0.0598
vt 0.8968 0.1101 0.0598
vt 0.9249 0.1206 0.0467
vt 0.8968 0.1206 0.0467
vt 0.9531 0.1206 0.0467
vt 0.9531 0.1318 0.0381
vt 0.9249 0.1690 0.0402
vt 0.8968 0.1690 0.0402
vt 0.9249 0.2919 0.0381
vt 0.8968 0.2919 0.0381
vt 0.9531 0.2919 0.0381
vt 0.9531 0.4521 0.0381
vt 0.9249 0.4131 0.0382
vt 0.8968 0.4131 0.0382
vt 0.9249 0.4564 0.0385
vt 0.8968 0.4564 0.0385
vt 0.9531 0.4564 0.0385
vt 0.9531 0.4607 0.0390
vt 0.9249 0.4608 0.0393
vt 0.8968 0.4608 0.0393
vt 0.9249 0.4655 0.0407
vt 0.8968 0.4655 0.0407
vt 0.9531 0.4655 0.0407
vt 0.9531 0.4702 0.0424
vt 0.9249 0.4702 0.0429
vt 0.8968 0.4702 0.0429
vt 0.9249 0.4750 0.0460
vt 0.8968 0.4750 0.0460
vt 0.9531 0.4750 0.0460
vt 0.9531 0.4797 0.0496
vt 0.9249 0.4796 0.0502
vt 0.8968 0.4796 0.0502
vt 0.9249 0.4841 0.0557
vt 0.8968 0.4841 0.0557
vt 0.9531 0.4841 0.0557
vt 0.9531 0.4886 0.0617
vt 0.9249 0.4884 0.0624
vt 0.8968 0.4884 0.0624
vt 0.9249 0.4923 0.0707
vt 0.8968 0.4923 0.0707
vt 0.9531 0.4923 0.0707
vt 0.9531 0.4960 0.0797
vt 0.9249 0.4957 0.0806
vt 0.8968 0.4957 0.0806
vt 0.9249 0.4987 0.0923
vt 0.8968 0.4987 0.0923
vt 0.9531 0.4987 0.0923
vt 0.9531 0.5013 0.1049
vt 0.9249 0.5009 0.1060
vt 0.8968 0.5009 0.1060
vt 0.9249 0.5025 0.1217
vt 0.8968 0.5025 0.1217
vt 0.9531 0.5025 0.1217
vt 0.9530 0.5037 0.1384
vt 0.9249 0.5053 0.1469
vt 0.8968 0.5053 0.1469
vt 0.9249 0.5111 0.1889
vt 0.8968 0.5111 0.1889
vt 0.9530 0.5111 0.1889
vt 0.9530 0.5185 0.2394
vt 0.9249 0.5204 0.2344
vt 0.8968 0.5204 0.2344
vt 0.9249 0.5334 0.2697
vt 0.8968 0.5334 0.2697
vt 0.9530 0.5334 0.2697
vt 0.9530 0.5484 0.3000
vt 0.9249 0.5503 0.2958
vt 0.8968 0.5503 0.2958
vt 0.9249 0.5711 0.3136
vt 0.8968 0.5711 0.3136
vt 0.9530 0.5711 0.3136
vt 0.9530 0.5939 0.3272
vt 0.9249 0.5959 0.3239
vt 0.8968 0.5959 0.3239
vt 0.9249 0.6248 0.3277
vt 0.8968 0.6248 0.3277
vt 0.9530 0.6248 0.3277
vt 0.9530 0.6558 0.3282
vt 0.9249 0.6579 0.3258
vt 0.8968 0.6579 0.3258
vt 0.9249 0.6952 0.3190
vt 0.8968 0.6952 0.3190
vt 0.9530 0.6952 0.3190
vt 0.9530 0.7346 0.3099
vt 0.9249 0.7369 0.3084
vt 0.8968 0.7369 0.3084
vt 0.9249 0.7829 0.2947
vt 0.8968 0.7829 0.2947
vt 0.9530 0.7829 0.2947
vt 0.9530 0.8312 0.2796
vt 0.9249 0.8335 0.2789
vt 0.8968 0.8335 0.2789
vt 0.9249 0.8886 0.2619
vt 0.8968 0.8886 0.2619
vt 0.9530 0.8886 0.2619
vt 0.9530 0.9460 0.2442
vt 0.9249 0.9323 0.2494
vt 0.8968 0.9323 0.2494
vt 0.9249 0.9486 0.2475
vt 0.8968 0.9486 0.2475
vt 0.9530 0.9486 0.2475
vt 0.9530 0.9511 0.2508
vt 0.9249 0.9509 0.2477
vt 0.8968 0.9509 0.2477
vt 0.9249 0.9528 0.2416
vt 0.8968 0.9528 0.2416
vt 0.9530 0.9528 0.2416
vt 0.9530 0.9545 0.2324
vt 0.9249 0.9533 0.2333
vt 0.8968 0.9533 0.2333
vt 0.9249 0.9515 0.2268
vt 0.8968 0.9515 0.2268
vt 0.9530 0.9515 0.2269
vt 0.9530 0.9484 0.2213
vt 0.9249 0.9487 0.2244
vt 0.8968 0.9487 0.2244
vt 0.9249 0.9465 0.2281
vt 0.8968 0.9465 0.2281
vt 0.9530 0.9465 0.2281
vt 0.9530 0.9445 0.2349
vt 0.9249 0.9330 0.2366
vt 0.8968 0.9330 0.2366
vt 0.9249 0.8965 0.2483
vt 0.8968 0.8965 0.2483
vt 0.9530 0.8965 0.2483
vt 0.9530 0.8484 0.2618
vt 0.9249 0.8492 0.2618
vt 0.8968 0.8492 0.2618
vt 0.9249 0.8036 0.2752
vt 0.8968 0.8036 0.2752
vt 0.9530 0.8036 0.2752
vt 0.9530 0.7587 0.2886
vt 0.9249 0.7599 0.2874
vt 0.8968 0.7599 0.2874
vt 0.9249 0.7187 0.2970
vt 0.8968 0.7187 0.2970
vt 0.9530 0.7187 0.2970
vt 0.9530 0.6787 0.3054
vt 0.9249 0.6804 0.3028
vt 0.8968 0.6804 0.3028
vt 0.9249 0.6455 0.3035
vt 0.8968 0.6455 0.3035
vt 0.9530 0.6455 0.3036
vt 0.9530 0.6122 0.3018
vt 0.9249 0.6143 0.2979
vt 0.8968 0.6143 0.2979
vt 0.9249 0.5873 0.2847
vt 0.8968 0.5873 0.2847
vt 0.9530 0.5873 0.2847
vt 0.9530 0.5625 0.2677
vt 0.9249 0.5650 0.2626
vt 0.8968 0.5650 0.2626
vt 0.9249 0.5478 0.2303
vt 0.8968 0.5478 0.2303
vt 0.9530 0.5478 0.2303
vt 0.9530 0.5331 0.1929
vt 0.9249 0.5361 0.1866
vt 0.8968 0.5361 0.1866
vt 0.9249 0.5304 0.1301
vt 0.8968 0.5304 0.1301
vt 0.9531 0.5304 0.1301
vt 0.9531 0.5278 0.0673
vt 0.8831 0.5284 0.0774
vt 0.8475 0.5284 0.0760
vt 0.2402 0.0643 0.0620
vt 0.1953 0.0643 0.0709
vt 0.2382 0.0643 0.0532
vt 0.1420 0.0632 0.1392
vt 0.1097 0.0632 0.1414
vt 0.0531 0.0643 0.1063
vt 0.0812 0.0597 0.2822
vt 0.0530 0.0597 0.2822
vt 0.1093 0.0597 0.2822
vt 0.1093 0.0561 0.4164
vt 0.0812 0.0561 0.4164
vt 0.0530 0.0550 0.4580
vt 0.0812 0.0547 0.4672
vt 0.0530 0.0547 0.4672
vt 0.1093 0.0547 0.4672
vt 0.1093 0.0547 0.4758
vt 0.0812 0.0547 0.4758
vt 0.0530 0.0545 0.4764
vt 0.0812 0.0551 0.4832
vt 0.0530 0.0551 0.4832
vt 0.1093 0.0551 0.4832
vt 0.1093 0.0557 0.4893
vt 0.0812 0.0557 0.4893
vt 0.0530 0.0556 0.4900
vt 0.0812 0.0567 0.4941
vt 0.0530 0.0567 0.4941
vt 0.1093 0.0567 0.4941
vt 0.1093 0.0578 0.4974
vt 0.0812 0.0578 0.4973
vt 0.0530 0.0577 0.4981
vt 0.0812 0.0591 0.4990
vt 0.0530 0.0591 0.4990
vt 0.1093 0.0591 0.4991
vt 0.1093 0.0605 0.4991
vt 0.0812 0.0605 0.4991
vt 0.0530 0.0605 0.4999
vt 0.0812 0.0620 0.4973
vt 0.0530 0.0620 0.4973
vt 0.1093 0.0620 0.4973
vt 0.1093 0.0634 0.4937
vt 0.0812 0.0634 0.4936
vt 0.0530 0.0634 0.4946
vt 0.0812 0.0647 0.4880
vt 0.0530 0.0647 0.4880
vt 0.1093 0.0647 0.4880
vt 0.1093 0.0660 0.4803
vt 0.0812 0.0660 0.4803
vt 0.0530 0.0660 0.4814
vt 0.0812 0.0670 0.4704
vt 0.0530 0.0670 0.4704
vt 0.1093 0.0670 0.4704
vt 0.1093 0.0679 0.4571
vt 0.0812 0.0679 0.4571
vt 0.0530 0.0679 0.4594
vt 0.0812 0.0686 0.4393
vt 0.0530 0.0686 0.4393
vt 0.1093 0.0686 0.4393
vt 0.1093 0.0694 0.4158
vt 0.0812 0.0694 0.4158
vt 0.0530 0.0693 0.4193
vt 0.0812 0.0703 0.3854
vt 0.0530 0.0703 0.3854
vt 0.1093 0.0703 0.3854
vt 0.1093 0.0716 0.3496
vt 0.0812 0.0716 0.3496
vt 0.0530 0.0714 0.3515
vt 0.0812 0.0733 0.3100
vt 0.0530 0.0733 0.3100
vt 0.1093 0.0733 0.3101
vt 0.1093 0.0757 0.2683
vt 0.0812 0.0757 0.2683
vt 0.0530 0.0753 0.2686
vt 0.0812 0.0788 0.2259
vt 0.0530 0.0788 0.2259
vt 0.1093 0.0788 0.2260
vt 0.1093 0.0827 0.1845
vt 0.0812 0.0827 0.1845
vt 0.0530 0.0822 0.1833
vt 0.0812 0.0877 0.1456
vt 0.0530 0.0877 0.1456
vt 0.1093 0.0877 0.1456
vt 0.1093 0.0939 0.1109
vt 0.0812 0.0939 0.1108
vt 0.0531 0.0932 0.1080
vt 0.0812 0.1013 0.0817
vt 0.0531 0.1013 0.0817
vt 0.1093 0.1013 0.0817
vt 0.1093 0.1101 0.0598
vt 0.0812 0.1101 0.0598
vt 0.0531 0.1094 0.0554
vt 0.0812 0.1206 0.0468
vt 0.0531 0.1206 0.0467
vt 0.1094 0.1206 0.0468
vt 0.1094 0.1690 0.0403
vt 0.0812 0.1690 0.0402
vt 0.0531 0.1318 0.0381
vt 0.0812 0.2919 0.0381
vt 0.0531 0.2919 0.0381
vt 0.1094 0.2919 0.0381
vt 0.1094 0.4131 0.0382
vt 0.0812 0.4131 0.0382
vt 0.0531 0.4521 0.0381
vt 0.0812 0.4564 0.0385
vt 0.0531 0.4564 0.0385
vt 0.1094 0.4564 0.0385
vt 0.1094 0.4608 0.0393
vt 0.0812 0.4608 0.0393
vt 0.0531 0.4607 0.0390
vt 0.0812 0.4655 0.0407
vt 0.0531 0.4655 0.0407
vt 0.1094 0.4655 0.0407
vt 0.1094 0.4702 0.0429
vt 0.0812 0.4702 0.0429
vt 0.0531 0.4702 0.0424
vt 0.0812 0.4750 0.0460
vt 0.0531 0.4750 0.0460
vt 0.1094 0.4750 0.0460
vt 0.1093 0.4796 0.0503
vt 0.0812 0.4796 0.0502
vt 0.0531 0.4797 0.0496
vt 0.0812 0.4841 0.0557
vt 0.0531 0.4841 0.0557
vt 0.1093 0.4841 0.0557
vt 0.1093 0.4884 0.0624
vt 0.0812 0.4884 0.0624
vt 0.0531 0.4886 0.0617
vt 0.0812 0.4923 0.0707
vt 0.0531 0.4923 0.0707
vt 0.1093 0.4923 0.0707
vt 0.1093 0.4957 0.0806
vt 0.0812 0.4957 0.0806
vt 0.0531 0.4960 0.0797
vt 0.0812 0.4987 0.0923
vt 0.0531 0.4987 0.0923
vt 0.1093 0.4987 0.0923
vt 0.1093 0.5009 0.1060
vt 0.0812 0.5009 0.1060
vt 0.0531 0.5013 0.1049
vt 0.0812 0.5025 0.1217
vt 0.0531 0.5025 0.1217
vt 0.1093 0.5025 0.1217
vt 0.1093 0.5053 0.1469
vt 0.0812 0.5053 0.1469
vt 0.0530 0.5037 0.1384
vt 0.0812 0.5111 0.1889
vt 0.0530 0.5111 0.1889
vt 0.1093 0.5111 0.1890
vt 0.1093 0.5204 0.2344
vt 0.0812 0.5204 0.2344
vt 0.0530 0.5185 0.2394
vt 0.0812 0.5334 0.2697
vt 0.0530 0.5334 0.2697
vt 0.1093 0.5334 0.2697
vt 0.1093 0.5503 0.2959
vt 0.0812 0.5503 0.2959
vt 0.0530 0.5484 0.3000
vt 0.0812 0.5711 0.3136
vt 0.0530 0.5711 0.3136
vt 0.1093 0.5711 0.3136
vt 0.1093 0.5959 0.3240
vt 0.0812 0.5959 0.3239
vt 0.0530 0.5939 0.3272
vt 0.0812 0.6248 0.3277
vt 0.0530 0.6248 0.3277
vt 0.1093 0.6248 0.3277
vt 0.1093 0.6579 0.3258
vt 0.0812 0.6579 0.3258
vt 0.0530 0.6558 0.3282
vt 0.0812 0.6952 0.3190
vt 0.0530 0.6952 0.3190
vt 0.1093 0.6952 0.3191
vt 0.1093 0.7369 0.3084
vt 0.0812 0.7369 0.3084
vt 0.0530 0.7346 0.3099
vt 0.0812 0.7829 0.2947
vt 0.0530 0.7829 0.2947
vt 0.1093 0.7829 0.2948
vt 0.1093 0.8335 0.2790
vt 0.0812 0.8335 0.2789
vt 0.0530 0.8312 0.2796
vt 0.0812 0.8886 0.2619
vt 0.0530 0.8886 0.2619
vt 0.1093 0.8886 0.2619
vt 0.1093 0.9323 0.2495
vt 0.0812 0.9323 0.2494
vt 0.0530 0.9460 0.2442
vt 0.0812 0.9486 0.2475
vt 0.0530 0.9486 0.2475
vt 0.1093 0.9486 0.2475
vt 0.1093 0.9509 0.2477
vt 0.0812 0.9509 0.2477
vt 0.0530 0.9511 0.2508
vt 0.0812 0.9528 0.2416
vt 0.0530 0.9528 0.2416
vt 0.1093 0.9528 0.2416
vt 0.1093 0.9533 0.2333
vt 0.0812 0.9533 0.2333
vt 0.0530 0.9545 0.2324
vt 0.0812 0.9515 0.2269
vt 0.0530 0.9515 0.2269
vt 0.1093 0.9515 0.2269
vt 0.1093 0.9487 0.2244
vt 0.0812 0.9487 0.2244
vt 0.0530 0.9484 0.2213
vt 0.0812 0.9465 0.2281
vt 0.0530 0.9465 0.2281
vt 0.1093 0.9465 0.2281
vt 0.1093 0.9330 0.2366
vt 0.0812 0.9330 0.2366
vt 0.0530 0.9445 0.2349
vt 0.0812 0.8965 0.2483
vt 0.0530 0.8965 0.2483
vt 0.1093 0.8965 0.2483
vt 0.1093 0.8492 0.2618
vt 0.0812 0.8492 0.2618
vt 0.0530 0.8484 0.2618
vt 0.0812 0.8036 0.2752
vt 0.0530 0.8036 0.2752
vt 0.1093 0.8036 0.2752
vt 0.1093 0.7599 0.2874
vt 0.0812 0.7599 0.2874
vt 0.0530 0.7587 0.2886
vt 0.0812 0.7187 0.2970
vt 0.0530 0.7187 0.2970
vt 0.1093 0.7187 0.2970
vt 0.1093 0.6804 0.3028
vt 0.0812 0.6804 0.3028
vt 0.0530 0.6787 0.3054
vt 0.0812 0.6455 0.3036
vt 0.0530 0.6455 0.3036
vt 0.1093 0.6455 0.3036
vt 0.1093 0.6143 0.2980
vt 0.0812 0.6143 0.2979
vt 0.0530 0.6122 0.3018
vt 0.0812 0.5873 0.2847
vt 0.0530 0.5873 0.2847
vt 0.1093 0.5873 0.2847
vt 0.1093 0.5650 0.2626
vt 0.0812 0.5650 0.2626
vt 0.0530 0.5625 0.2677
vt 0.0812 0.5478 0.2303
vt 0.0530 0.5478 0.2303
vt 0.1093 0.5478 0.2303
vt 0.1093 0.5361 0.1866
vt 0.0812 0.5361 0.1866
vt 0.0530 0.5331 0.1929
vt 0.0812 0.5304 0.1301
vt 0.0531 0.5304 0.1301
vt 0.1093 0.5304 0.1301
vt 0.1420 0.5284 0.0760
vt 0.1097 0.5284 0.0774
vt 0.0531 0.5278 0.0673
vt 0.2730 0.0643 0.0620
vt 0.2328 0.0643 0.0709
vt 0.1924 0.0632 0.1392
vt 0.1613 0.0632 0.1415
vt 0.1374 0.0597 0.2822
vt 0.1656 0.0597 0.2822
vt 0.1655 0.0561 0.4164
vt 0.1374 0.0561 0.4164
vt 0.1374 0.0547 0.4672
vt 0.1655 0.0547 0.4672
vt 0.1655 0.0547 0.4758
vt 0.1374 0.0547 0.4758
vt 0.1374 0.0551 0.4832
vt 0.1655 0.0551 0.4832
vt 0.1655 0.0557 0.4894
vt 0.1374 0.0557 0.4893
vt 0.1374 0.0567 0.4941
vt 0.1655 0.0567 0.4941
vt 0.1655 0.0578 0.4974
vt 0.1374 0.0578 0.4974
vt 0.1374 0.0591 0.4991
vt 0.1655 0.0591 0.4991
vt 0.1655 0.0605 0.4991
vt 0.1374 0.0605 0.4991
vt 0.1374 0.0620 0.4973
vt 0.1655 0.0620 0.4973
vt 0.1655 0.0634 0.4937
vt 0.1374 0.0634 0.4937
vt 0.1374 0.0647 0.4880
vt 0.1655 0.0647 0.4881
vt 0.1655 0.0660 0.4803
vt 0.1374 0.0660 0.4803
vt 0.1374 0.0670 0.4704
vt 0.1655 0.0670 0.4704
vt 0.1655 0.0679 0.4572
vt 0.1374 0.0679 0.4572
vt 0.1374 0.0686 0.4394
vt 0.1655 0.0686 0.4394
vt 0.1655 0.0694 0.4158
vt 0.1374 0.0694 0.4158
vt 0.1374 0.0703 0.3854
vt 0.1655 0.0703 0.3854
vt 0.1655 0.0716 0.3496
vt 0.1374 0.0716 0.3496
vt 0.1374 0.0733 0.3101
vt 0.1656 0.0733 0.3101
vt 0.1656 0.0757 0.2683
vt 0.1374 0.0757 0.2683
vt 0.1374 0.0788 0.2260
vt 0.1656 0.0788 0.2260
vt 0.1656 0.0827 0.1846
vt 0.1374 0.0827 0.1845
vt 0.1374 0.0877 0.1457
vt 0.1656 0.0877 0.1457
vt 0.1656 0.0939 0.1109
vt 0.1374 0.0939 0.1109
vt 0.1375 0.1013 0.0817
vt 0.1656 0.1013 0.0817
vt 0.1656 0.1101 0.0598
vt 0.1375 0.1101 0.0598
vt 0.1375 0.1206 0.0468
vt 0.1656 0.1206 0.0468
vt 0.1656 0.1690 0.0403
vt 0.1375 0.1690 0.0403
vt 0.1375 0.2919 0.0381
vt 0.1656 0.2919 0.0381
vt 0.1656 0.4131 0.0382
vt 0.1375 0.4131 0.0382
vt 0.1375 0.4564 0.0385
vt 0.1656 0.4564 0.0385
vt 0.1656 0.4608 0.0393
vt 0.1375 0.4608 0.0393
vt 0.1375 0.4655 0.0407
vt 0.1656 0.4655 0.0407
vt 0.1656 0.4702 0.0429
vt 0.1375 0.4702 0.0429
vt 0.1375 0.4750 0.0461
vt 0.1656 0.4750 0.0461
vt 0.1656 0.4796 0.0503
vt 0.1375 0.4796 0.0503
vt 0.1375 0.4841 0.0557
vt 0.1656 0.4841 0.0557
vt 0.1656 0.4884 0.0625
vt 0.1375 0.4884 0.0624
vt 0.1375 0.4923 0.0707
vt 0.1656 0.4923 0.0707
vt 0.1656 0.4957 0.0806
vt 0.1375 0.4957 0.0806
vt 0.1374 0.4987 0.0924
vt 0.1656 0.4987 0.0924
vt 0.1656 0.5009 0.1060
vt 0.1374 0.5009 0.1060
vt 0.1374 0.5025 0.1217
vt 0.1656 0.5025 0.1217
vt 0.1656 0.5053 0.1469
vt 0.1374 0.5053 0.1469
vt 0.1374 0.5111 0.1890
vt 0.1656 0.5111 0.1890
vt 0.1656 0.5204 0.2344
vt 0.1374 0.5204 0.2344
vt 0.1374 0.5334 0.2698
vt 0.1656 0.5334 0.2698
vt 0.1656 0.5503 0.2959
vt 0.1374 0.5503 0.2959
vt 0.1374 0.5711 0.3136
vt 0.1656 0.5711 0.3137
vt 0.1655 0.5959 0.3240
vt 0.1374 0.5959 0.3240
vt 0.1374 0.6248 0.3277
vt 0.1655 0.6248 0.3277
vt 0.1655 0.6579 0.3258
vt 0.1374 0.6579 0.3258
vt 0.1374 0.6952 0.3191
vt 0.1655 0.6952 0.3191
vt 0.1656 0.7369 0.3084
vt 0.1374 0.7369 0.3084
vt 0.1374 0.7829 0.2948
vt 0.1656 0.7829 0.2948
vt 0.1656 0.8335 0.2790
vt 0.1374 0.8335 0.2790
vt 0.1374 0.8886 0.2619
vt 0.1656 0.8886 0.2619
vt 0.1656 0.9323 0.2495
vt 0.1374 0.9323 0.2495
vt 0.1374 0.9486 0.2475
vt 0.1656 0.9486 0.2475
vt 0.1656 0.9509 0.2477
vt 0.1374 0.9509 0.2477
vt 0.1374 0.9528 0.2416
vt 0.1656 0.9528 0.2416
vt 0.1656 0.9533 0.2333
vt 0.1374 0.9533 0.2333
vt 0.1374 0.9515 0.2269
vt 0.1656 0.9515 0.2269
vt 0.1656 0.9487 0.2244
vt 0.1374 0.9487 0.2244
vt 0.1374 0.9465 0.2281
vt 0.1656 0.9465 0.2281
vt 0.1656 0.9330 0.2366
vt 0.1374 0.9330 0.2366
vt 0.1374 0.8965 0.2484
vt 0.1656 0.8965 0.2484
vt 0.1656 0.8492 0.2618
vt 0.1374 0.8492 0.2618
vt 0.1374 0.8036 0.2752
vt 0.1656 0.8036 0.2752
vt 0.1656 0.7599 0.2874
vt 0.1374 0.7599 0.2874
vt 0.1374 0.7187 0.2970
vt 0.1656 0.7187 0.2970
vt 0.1656 0.6804 0.3028
vt 0.1374 0.6804 0.3028
vt 0.1374 0.6455 0.3036
vt 0.1656 0.6455 0.3036
vt 0.1656 0.6143 0.2980
vt 0.1374 0.6143 0.2980
vt 0.1374 0.5873 0.2847
vt 0.1656 0.5873 0.2847
vt 0.1656 0.5650 0.2626
vt 0.1374 0.5650 0.2626
vt 0.1374 0.5478 0.2303
vt 0.1656 0.5478 0.2303
vt 0.1656 0.5361 0.1866
vt 0.1374 0.5361 0.1866
vt 0.1374 0.5304 0.1301
vt 0.1656 0.5304 0.1301
vt 0.1924 0.5284 0.0760
vt 0.1613 0.5284 0.0774
vt 0.3058 0.0643 0.0621
vt 0.2703 0.0643 0.0709
vt 0.2428 0.0632 0.1393
vt 0.2128 0.0632 0.1415
vt 0.1937 0.0597 0.2822
vt 0.2218 0.0597 0.2822
vt 0.2218 0.0561 0.4164
vt 0.1937 0.0561 0.4164
vt 0.1937 0.0547 0.4673
vt 0.2218 0.0547 0.4673
vt 0.2218 0.0547 0.4758
vt 0.1937 0.0547 0.4758
vt 0.1937 0.0551 0.4832
vt 0.2218 0.0551 0.4833
vt 0.2218 0.0557 0.4894
vt 0.1937 0.0557 0.4894
vt 0.1937 0.0567 0.4941
vt 0.2218 0.0567 0.4941
vt 0.2218 0.0578 0.4974
vt 0.1937 0.0578 0.4974
vt 0.1937 0.0591 0.4991
vt 0.2218 0.0591 0.4991
vt 0.2218 0.0605 0.4991
vt 0.1937 0.0605 0.4991
vt 0.1937 0.0620 0.4973
vt 0.2218 0.0620 0.4974
vt 0.2218 0.0634 0.4937
vt 0.1937 0.0634 0.4937
vt 0.1937 0.0647 0.4881
vt 0.2218 0.0647 0.4881
vt 0.2218 0.0660 0.4804
vt 0.1937 0.0660 0.4803
vt 0.1937 0.0670 0.4704
vt 0.2218 0.0670 0.4705
vt 0.2218 0.0679 0.4572
vt 0.1937 0.0679 0.4572
vt 0.1937 0.0686 0.4394
vt 0.2218 0.0686 0.4394
vt 0.2218 0.0694 0.4159
vt 0.1937 0.0694 0.4159
vt 0.1937 0.0703 0.3854
vt 0.2218 0.0703 0.3854
vt 0.2218 0.0716 0.3496
vt 0.1937 0.0716 0.3496
vt 0.1937 0.0733 0.3101
vt 0.2218 0.0733 0.3101
vt 0.2218 0.0757 0.2683
vt 0.1937 0.0757 0.2683
vt 0.1937 0.0788 0.2260
vt 0.2218 0.0788 0.2260
vt 0.2218 0.0827 0.1846
vt 0.1937 0.0827 0.1846
vt 0.1937 0.0877 0.1457
vt 0.2218 0.0877 0.1457
vt 0.2218 0.0939 0.1109
vt 0.1937 0.0939 0.1109
vt 0.1937 0.1013 0.0817
vt 0.2218 0.1013 0.0817
vt 0.2218 0.1101 0.0599
vt 0.1937 0.1101 0.0599
vt 0.1937 0.1206 0.0468
vt 0.2219 0.1206 0.0468
vt 0.2219 0.1690 0.0403
vt 0.1937 0.1690 0.0403
vt 0.1938 0.2919 0.0381
vt 0.2219 0.2919 0.0381
vt 0.2219 0.4131 0.0382
vt 0.1938 0.4131 0.0382
vt 0.1938 0.4564 0.0385
vt 0.2219 0.4564 0.0386
vt 0.2219 0.4608 0.0393
vt 0.1938 0.4608 0.0393
vt 0.1937 0.4655 0.0407
vt 0.2219 0.4655 0.0407
vt 0.2219 0.4702 0.0429
vt 0.1937 0.4702 0.0429
vt 0.1937 0.4750 0.0461
vt 0.2219 0.4750 0.0461
vt 0.2219 0.4796 0.0503
vt 0.1937 0.4796 0.0503
vt 0.1937 0.4841 0.0557
vt 0.2218 0.4841 0.0557
vt 0.2218 0.4884 0.0625
vt 0.1937 0.4884 0.0625
vt 0.1937 0.4923 0.0707
vt 0.2218 0.4923 0.0707
vt 0.2218 0.4957 0.0807
vt 0.1937 0.4957 0.0807
vt 0.1937 0.4987 0.0924
vt 0.2218 0.4987 0.0924
vt 0.2218 0.5009 0.1060
vt 0.1937 0.5009 0.1060
vt 0.1937 0.5025 0.1217
vt 0.2218 0.5025 0.1217
vt 0.2218 0.5053 0.1469
vt 0.1937 0.5053 0.1469
vt 0.1937 0.5111 0.1890
vt 0.2218 0.5111 0.1890
vt 0.2218 0.5204 0.2344
vt 0.1937 0.5204 0.2344
vt 0.1937 0.5334 0.2698
vt 0.2218 0.5334 0.2698
vt 0.2218 0.5503 0.2959
vt 0.1937 0.5503 0.2959
vt 0.1937 0.5711 0.3137
vt 0.2218 0.5711 0.3137
vt 0.2218 0.5959 0.3240
vt 0.1937 0.5959 0.3240
vt 0.1937 0.6248 0.3277
vt 0.2218 0.6248 0.3277
vt 0.2218 0.6579 0.3258
vt 0.1937 0.6579 0.3258
vt 0.1937 0.6952 0.3191
vt 0.2218 0.6952 0.3191
vt 0.2218 0.7369 0.3085
vt 0.1937 0.7369 0.3084
vt 0.1937 0.7829 0.2948
vt 0.2218 0.7829 0.2948
vt 0.2218 0.8335 0.2790
vt 0.1937 0.8335 0.2790
vt 0.1937 0.8886 0.2619
vt 0.2218 0.8886 0.2619
vt 0.2218 0.9323 0.2495
vt 0.1937 0.9323 0.2495
vt 0.1937 0.9486 0.2475
vt 0.2218 0.9486 0.2475
vt 0.2218 0.9509 0.2477
vt 0.1937 0.9509 0.2477
vt 0.1937 0.9528 0.2416
vt 0.2218 0.9528 0.2416
vt 0.2218 0.9533 0.2334
vt 0.1937 0.9533 0.2334
vt 0.1937 0.9515 0.2269
vt 0.2218 0.9515 0.2269
vt 0.2218 0.9487 0.2244
vt 0.1937 0.9487 0.2244
vt 0.1937 0.9465 0.2281
vt 0.2218 0.9465 0.2281
vt 0.2218 0.9330 0.2366
vt 0.1937 0.9330 0.2366
vt 0.1937 0.8965 0.2484
vt 0.2218 0.8965 0.2484
vt 0.2218 0.8492 0.2618
vt 0.1937 0.8492 0.2618
vt 0.1937 0.8036 0.2752
vt 0.2218 0.8036 0.2752
vt 0.2218 0.7599 0.2874
vt 0.1937 0.7599 0.2874
vt 0.1937 0.7187 0.2970
vt 0.2218 0.7187 0.2970
vt 0.2218 0.6804 0.3029
vt 0.1937 0.6804 0.3029
vt 0.1937 0.6455 0.3036
vt 0.2218 0.6455 0.3036
vt 0.2218 0.6143 0.2980
vt 0.1937 0.6143 0.2980
vt 0.1937 0.5873 0.2848
vt 0.2218 0.5873 0.2848
vt 0.2218 0.5650 0.2626
vt 0.1937 0.5650 0.2626
vt 0.1937 0.5478 0.2303
vt 0.2218 0.5478 0.2303
vt 0.2218 0.5361 0.1866
vt 0.1937 0.5361 0.1866
vt 0.1937 0.5304 0.1302
vt 0.2218 0.5304 0.1302
vt 0.2428 0.5284 0.0760
vt 0.2129 0.5284 0.0774
vt 0.3386 0.0643 0.0621
vt 0.3078 0.0643 0.0709
vt 0.2932 0.0632 0.1393
vt 0.2644 0.0632 0.1415
vt 0.2499 0.0597 0.2822
vt 0.2780 0.0597 0.2822
vt 0.2780 0.0561 0.4164
vt 0.2499 0.0561 0.4164
vt 0.2499 0.0547 0.4673
vt 0.2780 0.0547 0.4673
vt 0.2780 0.0547 0.4759
vt 0.2499 0.0547 0.4759
vt 0.2499 0.0551 0.4833
vt 0.2780 0.0551 0.4833
vt 0.2780 0.0557 0.4894
vt 0.2499 0.0557 0.4894
vt 0.2499 0.0567 0.4941
vt 0.2780 0.0567 0.4941
vt 0.2780 0.0578 0.4974
vt 0.2499 0.0578 0.4974
vt 0.2499 0.0591 0.4991
vt 0.2780 0.0591 0.4991
vt 0.2780 0.0605 0.4991
vt 0.2499 0.0605 0.4991
vt 0.2499 0.0620 0.4974
vt 0.2780 0.0620 0.4974
vt 0.2780 0.0634 0.4937
vt 0.2499 0.0634 0.4937
vt 0.2499 0.0647 0.4881
vt 0.2780 0.0647 0.4881
vt 0.2780 0.0660 0.4804
vt 0.2499 0.0660 0.4804
vt 0.2499 0.0670 0.4705
vt 0.2780 0.0670 0.4705
vt 0.2780 0.0679 0.4572
vt 0.2499 0.0679 0.4572
vt 0.2499 0.0686 0.4394
vt 0.2780 0.0686 0.4394
vt 0.2780 0.0694 0.4159
vt 0.2499 0.0694 0.4159
vt 0.2499 0.0703 0.3854
vt 0.2780 0.0703 0.3854
vt 0.2780 0.0716 0.3496
vt 0.2499 0.0716 0.3496
vt 0.2499 0.0733 0.3101
vt 0.2780 0.0733 0.3101
vt 0.2780 0.0757 0.2684
vt 0.2499 0.0757 0.2684
vt 0.2499 0.0788 0.2260
vt 0.2780 0.0788 0.2260
vt 0.2780 0.0827 0.1846
vt 0.2499 0.0827 0.1846
vt 0.2499 0.0877 0.1457
vt 0.2781 0.0877 0.1457
vt 0.2781 0.0939 0.1109
vt 0.2499 0.0939 0.1109
vt 0.2500 0.1013 0.0818
vt 0.2781 0.1013 0.0818
vt 0.2781 0.1101 0.0599
vt 0.2500 0.1101 0.0599
vt 0.2500 0.1206 0.0468
vt 0.2781 0.1206 0.0468
vt 0.2781 0.1690 0.0403
vt 0.2500 0.1690 0.0403
vt 0.2500 0.2919 0.0381
vt 0.2781 0.2919 0.0381
vt 0.2781 0.4131 0.0382
vt 0.2500 0.4131 0.0382
vt 0.2500 0.4564 0.0386
vt 0.2781 0.4564 0.0386
vt 0.2781 0.4608 0.0393
vt 0.2500 0.4608 0.0393
vt 0.2500 0.4655 0.0407
vt 0.2781 0.4655 0.0408
vt 0.2781 0.4702 0.0430
vt 0.2500 0.4702 0.0429
vt 0.2500 0.4750 0.0461
vt 0.2781 0.4750 0.0461
vt 0.2781 0.4796 0.0503
vt 0.2500 0.4796 0.0503
vt 0.2500 0.4841 0.0557
vt 0.2781 0.4841 0.0557
vt 0.2781 0.4884 0.0625
vt 0.2500 0.4884 0.0625
vt 0.2500 0.4923 0.0707
vt 0.2781 0.4923 0.0707
vt 0.2781 0.4957 0.0807
vt 0.2499 0.4957 0.0807
vt 0.2499 0.4987 0.0924
vt 0.2781 0.4987 0.0924
vt 0.2781 0.5009 0.1060
vt 0.2499 0.5009 0.1060
vt 0.2499 0.5025 0.1217
vt 0.2781 0.5025 0.1217
vt 0.2781 0.5053 0.1469
vt 0.2499 0.5053 0.1469
vt 0.2499 0.5111 0.1890
vt 0.2780 0.5111 0.1890
vt 0.2780 0.5204 0.2344
vt 0.2499 0.5204 0.2344
vt 0.2499 0.5334 0.2698
vt 0.2780 0.5334 0.2698
vt 0.2780 0.5503 0.2959
vt 0.2499 0.5503 0.2959
vt 0.2499 0.5711 0.3137
vt 0.2780 0.5711 0.3137
vt 0.2780 0.5959 0.3240
vt 0.2499 0.5959 0.3240
vt 0.2499 0.6248 0.3278
vt 0.2780 0.6248 0.3278
vt 0.2780 0.6579 0.3258
vt 0.2499 0.6579 0.3258
vt 0.2499 0.6952 0.3191
vt 0.2780 0.6952 0.3191
vt 0.2780 0.7369 0.3085
vt 0.2499 0.7369 0.3085
vt 0.2499 0.7829 0.2948
vt 0.2780 0.7829 0.2948
vt 0.2780 0.8335 0.2790
vt 0.2499 0.8335 0.2790
vt 0.2499 0.8886 0.2619
vt 0.2780 0.8886 0.2619
vt 0.2780 0.9323 0.2495
vt 0.2499 0.9323 0.2495
vt 0.2499 0.9486 0.2475
vt 0.2780 0.9486 0.2475
vt 0.2780 0.9509 0.2477
vt 0.2499 0.9509 0.2477
vt 0.2499 0.9528 0.2416
vt 0.2780 0.9528 0.2416
vt 0.2780 0.9533 0.2334
vt 0.2499 0.9533 0.2334
vt 0.2499 0.9515 0.2269
vt 0.2780 0.9515 0.2269
vt 0.2780 0.9487 0.2244
vt 0.2499 0.9487 0.2244
vt 0.2499 0.9465 0.2282
vt 0.2780 0.9465 0.2282
vt 0.2780 0.9330 0.2366
vt 0.2499 0.9330 0.2366
vt 0.2499 0.8965 0.2484
vt 0.2780 0.8965 0.2484
vt 0.2780 0.8492 0.2618
vt 0.2499 0.8492 0.2618
vt 0.2499 0.8036 0.2752
vt 0.2780 0.8036 0.2753
vt 0.2780 0.7599 0.2874
vt 0.2499 0.7599 0.2874
vt 0.2499 0.7187 0.2970
vt 0.2780 0.7187 0.2971
vt 0.2780 0.6804 0.3029
vt 0.2499 0.6804 0.3029
vt 0.2499 0.6455 0.3036
vt 0.2780 0.6455 0.3036
vt 0.2780 0.6143 0.2980
vt 0.2499 0.6143 0.2980
vt 0.2499 0.5873 0.2848
vt 0.2780 0.5873 0.2848
vt 0.2780 0.5650 0.2626
vt 0.2499 0.5650 0.2626
vt 0.2499 0.5478 0.2303
vt 0.2780 0.5478 0.2303
vt 0.2780 0.5361 0.1866
vt 0.2499 0.5361 0.1866
vt 0.2499 0.5304 0.1302
vt 0.2781 0.5304 0.1302
vt 0.2932 0.5284 0.0761
vt 0.2644 0.5284 0.0775
vt 0.3714 0.0643 0.0621
vt 0.3453 0.0643 0.0709
vt 0.3436 0.0632 0.1393
vt 0.3159 0.0632 0.1415
vt 0.3062 0.0597 0.2822
vt 0.3343 0.0597 0.2822
vt 0.3343 0.0561 0.4164
vt 0.3062 0.0561 0.4164
vt 0.3062 0.0547 0.4673
vt 0.3343 0.0547 0.4673
vt 0.3343 0.0547 0.4758
vt 0.3062 0.0547 0.4759
vt 0.3062 0.0551 0.4833
vt 0.3343 0.0551 0.4833
vt 0.3343 0.0557 0.4894
vt 0.3062 0.0557 0.4894
vt 0.3062 0.0567 0.4941
vt 0.3343 0.0567 0.4941
vt 0.3343 0.0578 0.4974
vt 0.3062 0.0578 0.4974
vt 0.3062 0.0591 0.4991
vt 0.3343 0.0591 0.4991
vt 0.3343 0.0605 0.4991
vt 0.3062 0.0605 0.4991
vt 0.3062 0.0620 0.4974
vt 0.3343 0.0620 0.4974
vt 0.3343 0.0634 0.4937
vt 0.3062 0.0634 0.4937
vt 0.3062 0.0647 0.4881
vt 0.3343 0.0647 0.4881
vt 0.3343 0.0660 0.4804
vt 0.3062 0.0660 0.4804
vt 0.3062 0.0670 0.4705
vt 0.3343 0.0670 0.4705
vt 0.3343 0.0679 0.4572
vt 0.3062 0.0679 0.4572
vt 0.3062 0.0686 0.4394
vt 0.3343 0.0686 0.4394
vt 0.3343 0.0694 0.4159
vt 0.3062 0.0694 0.4159
vt 0.3062 0.0703 0.3854
vt 0.3343 0.0703 0.3854
vt 0.3343 0.0716 0.3496
vt 0.3062 0.0716 0.3496
vt 0.3062 0.0733 0.3101
vt 0.3343 0.0733 0.3101
vt 0.3343 0.0757 0.2684
vt 0.3062 0.0757 0.2684
vt 0.3062 0.0788 0.2260
vt 0.3343 0.0788 0.2260
vt 0.3343 0.0827 0.1846
vt 0.3062 0.0827 0.1846
vt 0.3062 0.0877 0.1457
vt 0.3343 0.0877 0.1457
vt 0.3343 0.0939 0.1109
vt 0.3062 0.0939 0.1109
vt 0.3062 0.1013 0.0818
vt 0.3343 0.1013 0.0818
vt 0.3343 0.1101 0.0599
vt 0.3062 0.1101 0.0599
vt 0.3062 0.1206 0.0468
vt 0.3343 0.1206 0.0468
vt 0.3343 0.1690 0.0403
vt 0.3062 0.1690 0.0403
vt 0.3062 0.2919 0.0381
vt 0.3343 0.2919 0.0381
vt 0.3343 0.4131 0.0382
vt 0.3062 0.4131 0.0382
vt 0.3062 0.4564 0.0386
vt 0.3343 0.4564 0.0386
vt 0.3343 0.4608 0.0393
vt 0.3062 0.4608 0.0393
vt 0.3062 0.4655 0.0408
vt 0.3343 0.4655 0.0408
vt 0.3343 0.4702 0.0430
vt 0.3062 0.4702 0.0430
vt 0.3062 0.4750 0.0461
vt 0.3343 0.4750 0.0461
vt 0.3343 0.4796 0.0503
vt 0.3062 0.4796 0.0503
vt 0.3062 0.4841 0.0557
vt 0.3343 0.4841 0.0557
vt 0.3343 0.4884 0.0625
vt 0.3062 0.4884 0.0625
vt 0.3062 0.4923 0.0707
vt 0.3343 0.4923 0.0708
vt 0.3343 0.4957 0.0807
vt 0.3062 0.4957 0.0807
vt 0.3062 0.4987 0.0924
vt 0.3343 0.4987 0.0924
vt 0.3343 0.5009 0.1060
vt 0.3062 0.5009 0.1060
vt 0.3062 0.5025 0.1217
vt 0.3343 0.5025 0.1217
vt 0.3343 0.5053 0.1469
vt 0.3062 0.5053 0.1469
vt 0.3062 0.5111 0.1890
vt 0.3343 0.5111 0.1890
vt 0.3343 0.5204 0.2344
vt 0.3062 0.5204 0.2344
vt 0.3062 0.5334 0.2698
vt 0.3343 0.5334 0.2698
vt 0.3343 0.5503 0.2959
vt 0.3062 0.5503 0.2959
vt 0.3062 0.5711 0.3137
vt 0.3343 0.5711 0.3137
vt 0.3343 0.5959 0.3240
vt 0.3062 0.5959 0.3240
vt 0.3062 0.6248 0.3278
vt 0.3343 0.6248 0.3278
vt 0.3343 0.6579 0.3258
vt 0.3062 0.6579 0.3258
vt 0.3062 0.6952 0.3191
vt 0.3343 0.6952 0.3191
vt 0.3343 0.7369 0.3085
vt 0.3062 0.7369 0.3085
vt 0.3062 0.7829 0.2948
vt 0.3343 0.7829 0.2948
vt 0.3343 0.8335 0.2790
vt 0.3062 0.8335 0.2790
vt 0.3062 0.8886 0.2619
vt 0.3343 0.8886 0.2619
vt 0.3343 0.9323 0.2495
vt 0.3062 0.9323 0.2495
vt 0.3062 0.9486 0.2475
vt 0.3343 0.9486 0.2475
vt 0.3343 0.9509 0.2477
vt 0.3062 0.9509 0.2477
vt 0.3062 0.9528 0.2416
vt 0.3343 0.9528 0.2416
vt 0.3343 0.9533 0.2334
vt 0.3062 0.9533 0.2334
vt 0.3062 0.9515 0.2269
vt 0.3343 0.9515 0.2269
vt 0.3343 0.9487 0.2244
vt 0.3062 0.9487 0.2244
vt 0.3062 0.9465 0.2282
vt 0.3343 0.9465 0.2282
vt 0.3343 0.9330 0.2366
vt 0.3062 0.9330 0.2366
vt 0.3062 0.8965 0.2484
vt 0.3343 0.8965 0.2484
vt 0.3343 0.8492 0.2618
vt 0.3062 0.8492 0.2618
vt 0.3062 0.8036 0.2753
vt 0.3343 0.8036 0.2753
vt 0.3343 0.7599 0.2874
vt 0.3062 0.7599 0.2874
vt 0.3062 0.7187 0.2971
vt 0.3343 0.7187 0.2970
vt 0.3343 0.6804 0.3029
vt 0.3062 0.6804 0.3029
vt 0.3062 0.6455 0.3036
vt 0.3343 0.6455 0.3036
vt 0.3343 0.6143 0.2980
vt 0.3062 0.6143 0.2980
vt 0.3062 0.5873 0.2848
vt 0.3343 0.5873 0.2848
vt 0.3343 0.5650 0.2626
vt 0.3062 0.5650 0.2626
vt 0.3062 0.5478 0.2303
vt 0.3343 0.5478 0.2303
vt 0.3343 0.5361 0.1866
vt 0.3062 0.5361 0.1866
vt 0.3062 0.5304 0.1302
vt 0.3343 0.5304 0.1302
vt 0.3436 0.5284 0.0761
vt 0.3160 0.5284 0.0775
vt 0.4042 0.0643 0.0621
vt 0.3828 0.0643 0.0709
vt 0.3940 0.0632 0.1393
vt 0.3675 0.0632 0.1415
vt 0.3624 0.0597 0.2822
vt 0.3905 0.0597 0.2822
vt 0.3905 0.0561 0.4164
vt 0.3624 0.0561 0.4164
vt 0.3624 0.0547 0.4673
vt 0.3905 0.0547 0.4673
vt 0.3905 0.0547 0.4758
vt 0.3624 0.0547 0.4758
vt 0.3624 0.0551 0.4832
vt 0.3905 0.0551 0.4832
vt 0.3905 0.0557 0.4894
vt 0.3624 0.0557 0.4894
vt 0.3624 0.0567 0.4941
vt 0.3905 0.0567 0.4941
vt 0.3905 0.0578 0.4974
vt 0.3624 0.0578 0.4974
vt 0.3624 0.0591 0.4991
vt 0.3905 0.0591 0.4991
vt 0.3905 0.0605 0.4991
vt 0.3624 0.0605 0.4991
vt 0.3624 0.0620 0.4973
vt 0.3905 0.0620 0.4973
vt 0.3905 0.0634 0.4937
vt 0.3624 0.0634 0.4937
vt 0.3624 0.0647 0.4881
vt 0.3905 0.0647 0.4881
vt 0.3905 0.0660 0.4803
vt 0.3624 0.0660 0.4804
vt 0.3624 0.0670 0.4705
vt 0.3905 0.0670 0.4704
vt 0.3905 0.0679 0.4572
vt 0.3624 0.0679 0.4572
vt 0.3624 0.0686 0.4394
vt 0.3905 0.0686 0.4394
vt 0.3905 0.0694 0.4159
vt 0.3624 0.0694 0.4159
vt 0.3624 0.0703 0.3854
vt 0.3905 0.0703 0.3854
vt 0.3905 0.0716 0.3496
vt 0.3624 0.0716 0.3496
vt 0.3624 0.0733 0.3101
vt 0.3905 0.0733 0.3101
vt 0.3905 0.0757 0.2684
vt 0.3624 0.0757 0.2684
vt 0.3624 0.0788 0.2260
vt 0.3905 0.0788 0.2260
vt 0.3905 0.0827 0.1846
vt 0.3624 0.0827 0.1846
vt 0.3624 0.0877 0.1457
vt 0.3905 0.0877 0.1457
vt 0.3905 0.0939 0.1109
vt 0.3624 0.0939 0.1109
vt 0.3624 0.1013 0.0818
vt 0.3905 0.1013 0.0818
vt 0.3905 0.1101 0.0599
vt 0.3624 0.1101 0.0599
vt 0.3624 0.1206 0.0468
vt 0.3905 0.1206 0.0468
vt 0.3905 0.1690 0.0403
vt 0.3624 0.1690 0.0403
vt 0.3624 0.2919 0.0381
vt 0.3905 0.2919 0.0381
vt 0.3905 0.4131 0.0382
vt 0.3624 0.4131 0.0382
vt 0.3624 0.4564 0.0386
vt 0.3905 0.4564 0.0386
vt 0.3905 0.4608 0.0393
vt 0.3624 0.4608 0.0393
vt 0.3624 0.4655 0.0408
vt 0.3905 0.4655 0.0408
vt 0.3905 0.4702 0.0430
vt 0.3624 0.4702 0.0430
vt 0.3624 0.4750 0.0461
vt 0.3905 0.4750 0.0461
vt 0.3905 0.4796 0.0503
vt 0.3624 0.4796 0.0503
vt 0.3624 0.4841 0.0557
vt 0.3905 0.4841 0.0557
vt 0.3905 0.4884 0.0625
vt 0.3624 0.4884 0.0625
vt 0.3624 0.4923 0.0708
vt 0.3905 0.4923 0.0708
vt 0.3905 0.4957 0.0807
vt 0.3624 0.4957 0.0807
vt 0.3624 0.4987 0.0924
vt 0.3905 0.4987 0.0924
vt 0.3905 0.5009 0.1060
vt 0.3624 0.5009 0.1060
vt 0.3624 0.5025 0.1217
vt 0.3905 0.5025 0.1217
vt 0.3905 0.5053 0.1469
vt 0.3624 0.5053 0.1469
vt 0.3624 0.5111 0.1890
vt 0.3905 0.5111 0.1890
vt 0.3905 0.5204 0.2344
vt 0.3624 0.5204 0.2344
vt 0.3624 0.5334 0.2698
vt 0.3905 0.5334 0.2698
vt 0.3905 0.5503 0.2959
vt 0.3624 0.5503 0.2959
vt 0.3624 0.5711 0.3137
vt 0.3905 0.5711 0.3137
vt 0.3905 0.5959 0.3240
vt 0.3624 0.5959 0.3240
vt 0.3624 0.6248 0.3278
vt 0.3905 0.6248 0.3277
vt 0.3905 0.6579 0.3258
vt 0.3624 0.6579 0.3258
vt 0.3624 0.6952 0.3191
vt 0.3905 0.6952 0.3191
vt 0.3905 0.7369 0.3085
vt 0.3624 0.7369 0.3085
vt 0.3624 0.7829 0.2948
vt 0.3905 0.7829 0.2948
vt 0.3905 0.8335 0.2790
vt 0.3624 0.8335 0.2790
vt 0.3624 0.8886 0.2619
vt 0.3905 0.8886 0.2619
vt 0.3905 0.9323 0.2495
vt 0.3624 0.9323 0.2495
vt 0.3624 0.9486 0.2475
vt 0.3905 0.9486 0.2475
vt 0.3905 0.9509 0.2477
vt 0.3624 0.9509 0.2477
vt 0.3624 0.9528 0.2416
vt 0.3905 0.9528 0.2416
vt 0.3905 0.9533 0.2334
vt 0.3624 0.9533 0.2334
vt 0.3624 0.9515 0.2269
vt 0.3905 0.9515 0.2269
vt 0.3905 0.9487 0.2244
vt 0.3624 0.9487 0.2244
vt 0.3624 0.9465 0.2282
vt 0.3905 0.9465 0.2281
vt 0.3905 0.9330 0.2366
vt 0.3624 0.9330 0.2366
vt 0.3624 0.8965 0.2484
vt 0.3905 0.8965 0.2484
vt 0.3905 0.8492 0.2618
vt 0.3624 0.8492 0.2618
vt 0.3624 0.8036 0.2752
vt 0.3905 0.8036 0.2752
vt 0.3905 0.7599 0.2874
vt 0.3624 0.7599 0.2874
vt 0.3624 0.7187 0.2970
vt 0.3905 0.7187 0.2970
vt 0.3905 0.6804 0.3029
vt 0.3624 0.6804 0.3029
vt 0.3624 0.6455 0.3036
vt 0.3905 0.6455 0.3036
vt 0.3905 0.6143 0.2980
vt 0.3624 0.6143 0.2980
vt 0.3624 0.5873 0.2848
vt 0.3905 0.5873 0.2848
vt 0.3905 0.5650 0.2626
vt 0.3624 0.5650 0.2626
vt 0.3624 0.5478 0.2303
vt 0.3905 0.5478 0.2303
vt 0.3905 0.5361 0.1866
vt 0.3624 0.5361 0.1866
vt 0.3624 0.5304 0.1302
vt 0.3905 0.5304 0.1302
vt 0.3940 0.5284 0.0761
vt 0.3675 0.5284 0.0775
vt 0.4371 0.0643 0.0621
vt 0.4202 0.0643 0.0709
vt 0.4443 0.0632 0.1393
vt 0.4191 0.0632 0.1415
vt 0.4187 0.0597 0.2822
vt 0.4468 0.0597 0.2822
vt 0.4468 0.0561 0.4164
vt 0.4187 0.0561 0.4164
vt 0.4187 0.0547 0.4672
vt 0.4468 0.0547 0.4672
vt 0.4468 0.0547 0.4758
vt 0.4187 0.0547 0.4758
vt 0.4187 0.0551 0.4832
vt 0.4468 0.0551 0.4832
vt 0.4468 0.0557 0.4894
vt 0.4187 0.0557 0.4894
vt 0.4187 0.0567 0.4941
vt 0.4468 0.0567 0.4941
vt 0.4468 0.0578 0.4974
vt 0.4187 0.0578 0.4974
vt 0.4187 0.0591 0.4991
vt 0.4468 0.0591 0.4991
vt 0.4468 0.0605 0.4991
vt 0.4187 0.0605 0.4991
vt 0.4187 0.0620 0.4973
vt 0.4468 0.0620 0.4973
vt 0.4468 0.0634 0.4937
vt 0.4187 0.0634 0.4937
vt 0.4187 0.0647 0.4881
vt 0.4468 0.0647 0.4880
vt 0.4468 0.0660 0.4803
vt 0.4187 0.0660 0.4803
vt 0.4187 0.0670 0.4704
vt 0.4468 0.0670 0.4704
vt 0.4468 0.0679 0.4572
vt 0.4187 0.0679 0.4572
vt 0.4187 0.0686 0.4394
vt 0.4468 0.0686 0.4394
vt 0.4468 0.0694 0.4158
vt 0.4187 0.0694 0.4158
vt 0.4187 0.0703 0.3854
vt 0.4468 0.0703 0.3854
vt 0.4468 0.0716 0.3496
vt 0.4187 0.0716 0.3496
vt 0.4187 0.0733 0.3101
vt 0.4468 0.0733 0.3101
vt 0.4468 0.0757 0.2683
vt 0.4187 0.0757 0.2683
vt 0.4187 0.0788 0.2260
vt 0.4468 0.0788 0.2260
vt 0.4468 0.0827 0.1846
vt 0.4187 0.0827 0.1846
vt 0.4187 0.0877 0.1457
vt 0.4468 0.0877 0.1457
vt 0.4468 0.0939 0.1109
vt 0.4187 0.0939 0.1109
vt 0.4187 0.1013 0.0818
vt 0.4468 0.1013 0.0818
vt 0.4468 0.1101 0.0599
vt 0.4187 0.1101 0.0599
vt 0.4187 0.1206 0.0468
vt 0.4468 0.1206 0.0468
vt 0.4468 0.1690 0.0403
vt 0.4187 0.1690 0.0403
vt 0.4187 0.2919 0.0381
vt 0.4468 0.2919 0.0381
vt 0.4468 0.4131 0.0382
vt 0.4187 0.4131 0.0382
vt 0.4187 0.4564 0.0386
vt 0.4468 0.4564 0.0386
vt 0.4468 0.4608 0.0393
vt 0.4187 0.4608 0.0393
vt 0.4187 0.4655 0.0408
vt 0.4468 0.4655 0.0408
vt 0.4468 0.4702 0.0430
vt 0.4187 0.4702 0.0430
vt 0.4187 0.4750 0.0461
vt 0.4468 0.4750 0.0461
vt 0.4468 0.4796 0.0503
vt 0.4187 0.4796 0.0503
vt 0.4187 0.4841 0.0557
vt 0.4468 0.4841 0.0557
vt 0.4468 0.4884 0.0625
vt 0.4187 0.4884 0.0625
vt 0.4187 0.4923 0.0708
vt 0.4468 0.4923 0.0708
vt 0.4468 0.4957 0.0807
vt 0.4187 0.4957 0.0807
vt 0.4187 0.4987 0.0924
vt 0.4468 0.4987 0.0924
vt 0.4468 0.5009 0.1060
vt 0.4187 0.5009 0.1060
vt 0.4187 0.5025 0.1217
vt 0.4468 0.5025 0.1217
vt 0.4468 0.5053 0.1469
vt 0.4187 0.5053 0.1469
vt 0.4187 0.5111 0.1890
vt 0.4468 0.5111 0.1890
vt 0.4468 0.5204 0.2344
vt 0.4187 0.5204 0.2344
vt 0.4187 0.5334 0.2698
vt 0.4468 0.5334 0.2698
vt 0.4468 0.5503 0.2959
vt 0.4187 0.5503 0.2959
vt 0.4187 0.5711 0.3137
vt 0.4468 0.5711 0.3137
vt 0.4468 0.5959 0.3240
vt 0.4187 0.5959 0.3240
vt 0.4187 0.6248 0.3277
vt 0.4468 0.6248 0.3277
vt 0.4468 0.6579 0.3258
vt 0.4187 0.6579 0.3258
vt 0.4187 0.6952 0.3191
vt 0.4468 0.6952 0.3191
vt 0.4468 0.7369 0.3084
vt 0.4187 0.7369 0.3084
vt 0.4187 0.7829 0.2948
vt 0.4468 0.7829 0.2948
vt 0.4468 0.8335 0.2790
vt 0.4187 0.8335 0.2790
vt 0.4187 0.8886 0.2619
vt 0.4468 0.8886 0.2619
vt 0.4468 0.9323 0.2495
vt 0.4187 0.9323 0.2495
vt 0.4187 0.9486 0.2475
vt 0.4468 0.9486 0.2475
vt 0.4468 0.9509 0.2477
vt 0.4187 0.9509 0.2477
vt 0.4187 0.9528 0.2416
vt 0.4468 0.9528 0.2416
vt 0.4468 0.9533 0.2334
vt 0.4187 0.9533 0.2334
vt 0.4187 0.9515 0.2269
vt 0.4468 0.9515 0.2269
vt 0.4468 0.9487 0.2244
vt 0.4187 0.9487 0.2244
vt 0.4187 0.9465 0.2281
vt 0.4468 0.9465 0.2281
vt 0.4468 0.9330 0.2366
vt 0.4187 0.9330 0.2366
vt 0.4187 0.8965 0.2484
vt 0.4468 0.8965 0.2484
vt 0.4468 0.8492 0.2618
vt 0.4187 0.8492 0.2618
vt 0.4187 0.8036 0.2752
vt 0.4468 0.8036 0.2752
vt 0.4468 0.7599 0.2874
vt 0.4187 0.7599 0.2874
vt 0.4187 0.7187 0.2970
vt 0.4468 0.7187 0.2970
vt 0.4468 0.6804 0.3029
vt 0.4187 0.6804 0.3029
vt 0.4187 0.6455 0.3036
vt 0.4468 0.6455 0.3036
vt 0.4468 0.6143 0.2980
vt 0.4187 0.6143 0.2980
vt 0.4187 0.5873 0.2848
vt 0.4468 0.5873 0.2848
vt 0.4468 0.5650 0.2626
vt 0.4187 0.5650 0.2626
vt 0.4187 0.5478 0.2303
vt 0.4468 0.5478 0.2303
vt 0.4468 0.5361 0.1866
vt 0.4187 0.5361 0.1866
vt 0.4187 0.5304 0.1302
vt 0.4468 0.5304 0.1302
vt 0.4443 0.5284 0.0761
vt 0.4191 0.5284 0.0775
vt 0.4699 0.0643 0.0621
vt 0.4577 0.0643 0.0709
vt 0.4947 0.0632 0.1393
vt 0.4706 0.0632 0.1415
vt 0.4749 0.0597 0.2822
vt 0.5030 0.0597 0.2822
vt 0.5030 0.0561 0.4164
vt 0.4749 0.0561 0.4164
vt 0.4749 0.0547 0.4672
vt 0.5030 0.0547 0.4672
vt 0.5030 0.0547 0.4758
vt 0.4749 0.0547 0.4758
vt 0.4749 0.0551 0.4832
vt 0.5030 0.0551 0.4832
vt 0.5030 0.0557 0.4893
vt 0.4749 0.0557 0.4893
vt 0.4749 0.0567 0.4941
vt 0.5030 0.0567 0.4941
vt 0.5030 0.0578 0.4974
vt 0.4749 0.0578 0.4974
vt 0.4749 0.0591 0.4991
vt 0.5030 0.0591 0.4991
vt 0.5030 0.0605 0.4991
vt 0.4749 0.0605 0.4991
vt 0.4749 0.0620 0.4973
vt 0.5030 0.0620 0.4973
vt 0.5030 0.0634 0.4937
vt 0.4749 0.0634 0.4937
vt 0.4749 0.0647 0.4880
vt 0.5030 0.0647 0.4880
vt 0.5030 0.0660 0.4803
vt 0.4749 0.0660 0.4803
vt 0.4749 0.0670 0.4704
vt 0.5030 0.0670 0.4704
vt 0.5030 0.0679 0.4572
vt 0.4749 0.0679 0.4572
vt 0.4749 0.0686 0.4394
vt 0.5030 0.0686 0.4394
vt 0.5030 0.0694 0.4158
vt 0.4749 0.0694 0.4158
vt 0.4749 0.0703 0.3854
vt 0.5030 0.0703 0.3854
vt 0.5030 0.0716 0.3496
vt 0.4749 0.0716 0.3496
vt 0.4749 0.0733 0.3101
vt 0.5030 0.0733 0.3101
vt 0.5030 0.0757 0.2683
vt 0.4749 0.0757 0.2683
vt 0.4749 0.0788 0.2260
vt 0.5030 0.0788 0.2260
vt 0.5030 0.0827 0.1846
vt 0.4749 0.0827 0.1846
vt 0.4749 0.0877 0.1457
vt 0.5030 0.0877 0.1457
vt 0.5030 0.0939 0.1109
vt 0.4749 0.0939 0.1109
vt 0.4749 0.1013 0.0818
vt 0.5030 0.1013 0.0818
vt 0.5030 0.1101 0.0599
vt 0.4749 0.1101 0.0599
vt 0.4749 0.1206 0.0468
vt 0.5030 0.1206 0.0468
vt 0.5030 0.1690 0.0403
vt 0.4749 0.1690 0.0403
vt 0.4749 0.2919 0.0381
vt 0.5030 0.2919 0.0381
vt 0.5030 0.4131 0.0382
vt 0.4749 0.4131 0.0382
vt 0.4749 0.4564 0.0386
vt 0.5030 0.4564 0.0386
vt 0.5030 0.4608 0.0393
vt 0.4749 0.4608 0.0393
vt 0.4749 0.4655 0.0408
vt 0.5030 0.4655 0.0408
vt 0.5030 0.4702 0.0430
vt 0.4749 0.4702 0.0430
vt 0.4749 0.4750 0.0461
vt 0.5030 0.4750 0.0461
vt 0.5030 0.4796 0.0503
vt 0.4749 0.4796 0.0503
vt 0.4749 0.4841 0.0557
vt 0.5030 0.4841 0.0557
vt 0.5030 0.4884 0.0625
vt 0.4749 0.4884 0.0625
vt 0.4749 0.4923 0.0707
vt 0.5030 0.4923 0.0707
vt 0.5030 0.4957 0.0807
vt 0.4749 0.4957 0.0807
vt 0.4749 0.4987 0.0924
vt 0.5030 0.4987 0.0924
vt 0.5030 0.5009 0.1060
vt 0.4749 0.5009 0.1060
vt 0.4749 0.5025 0.1217
vt 0.5030 0.5025 0.1217
vt 0.5030 0.5053 0.1469
vt 0.4749 0.5053 0.1469
vt 0.4749 0.5111 0.1890
vt 0.5030 0.5111 0.1890
vt 0.5030 0.5204 0.2344
vt 0.4749 0.5204 0.2344
vt 0.4749 0.5334 0.2698
vt 0.5030 0.5334 0.2698
vt 0.5030 0.5503 0.2959
vt 0.4749 0.5503 0.2959
vt 0.4749 0.5711 0.3137
vt 0.5030 0.5711 0.3137
vt 0.5030 0.5959 0.3240
vt 0.4749 0.5959 0.3240
vt 0.4749 0.6248 0.3277
vt 0.5030 0.6248 0.3277
vt 0.5030 0.6579 0.3258
vt 0.4749 0.6579 0.3258
vt 0.4749 0.6952 0.3191
vt 0.5030 0.6952 0.3191
vt 0.5030 0.7369 0.3084
vt 0.4749 0.7369 0.3084
vt 0.4749 0.7829 0.2948
vt 0.5030 0.7829 0.2948
vt 0.5030 0.8335 0.2790
vt 0.4749 0.8335 0.2790
vt 0.4749 0.8886 0.2619
vt 0.5030 0.8886 0.2619
vt 0.5030 0.9323 0.2495
vt 0.4749 0.9323 0.2495
vt 0.4749 0.9486 0.2475
vt 0.5030 0.9486 0.2475
vt 0.5030 0.9509 0.2477
vt 0.4749 0.9509 0.2477
vt 0.4749 0.9528 0.2416
vt 0.5030 0.9528 0.2416
vt 0.5030 0.9533 0.2334
vt 0.4749 0.9533 0.2334
vt 0.4749 0.9515 0.2269
vt 0.5030 0.9515 0.2269
vt 0.5030 0.9487 0.2244
vt 0.4749 0.9487 0.2244
vt 0.4749 0.9465 0.2281
vt 0.5030 0.9465 0.2281
vt 0.5030 0.9330 0.2366
vt 0.4749 0.9330 0.2366
vt 0.4749 0.8965 0.2484
vt 0.5030 0.8965 0.2484
vt 0.5030 0.8492 0.2618
vt 0.4749 0.8492 0.2618
vt 0.4749 0.8036 0.2752
vt 0.5030 0.8036 0.2752
vt 0.5030 0.7599 0.2874
vt 0.4749 0.7599 0.2874
vt 0.4749 0.7187 0.2970
vt 0.5030 0.7187 0.2970
vt 0.5030 0.6804 0.3029
vt 0.4749 0.6804 0.3029
vt 0.4749 0.6455 0.3036
vt 0.5030 0.6455 0.3036
vt 0.5030 0.6143 0.2980
vt 0.4749 0.6143 0.2980
vt 0.4749 0.5873 0.2848
vt 0.5030 0.5873 0.2847
vt 0.5030 0.5650 0.2626
vt 0.4749 0.5650 0.2626
vt 0.4749 0.5478 0.2303
vt 0.5030 0.5478 0.2303
vt 0.5030 0.5361 0.1866
vt 0.4749 0.5361 0.1866
vt 0.4749 0.5304 0.1302
vt 0.5030 0.5304 0.1302
vt 0.4947 0.5284 0.0761
vt 0.4706 0.5284 0.0775
vt 0.5027 0.0643 0.0621
vt 0.4952 0.0643 0.0709
vt 0.5451 0.0632 0.1393
vt 0.5222 0.0632 0.1415
vt 0.5311 0.0597 0.2822
vt 0.5593 0.0597 0.2822
vt 0.5593 0.0561 0.4164
vt 0.5312 0.0561 0.4164
vt 0.5312 0.0547 0.4672
vt 0.5593 0.0547 0.4672
vt 0.5593 0.0547 0.4758
vt 0.5312 0.0547 0.4758
vt 0.5312 0.0551 0.4832
vt 0.5593 0.0551 0.4832
vt 0.5593 0.0557 0.4894
vt 0.5312 0.0557 0.4894
vt 0.5312 0.0567 0.4941
vt 0.5593 0.0567 0.4941
vt 0.5593 0.0578 0.4974
vt 0.5312 0.0578 0.4974
vt 0.5312 0.0591 0.4991
vt 0.5593 0.0591 0.4991
vt 0.5593 0.0605 0.4991
vt 0.5312 0.0605 0.4991
vt 0.5312 0.0620 0.4973
vt 0.5593 0.0620 0.4973
vt 0.5593 0.0634 0.4937
vt 0.5312 0.0634 0.4937
vt 0.5312 0.0647 0.4880
vt 0.5593 0.0647 0.4881
vt 0.5593 0.0660 0.4803
vt 0.5312 0.0660 0.4803
vt 0.5312 0.0670 0.4704
vt 0.5593 0.0670 0.4704
vt 0.5593 0.0679 0.4572
vt 0.5312 0.0679 0.4572
vt 0.5312 0.0686 0.4394
vt 0.5593 0.0686 0.4394
vt 0.5593 0.0694 0.4158
vt 0.5312 0.0694 0.4158
vt 0.5312 0.0703 0.3854
vt 0.5593 0.0703 0.3854
vt 0.5593 0.0716 0.3496
vt 0.5312 0.0716 0.3496
vt 0.5312 0.0733 0.3101
vt 0.5593 0.0733 0.3101
vt 0.5593 0.0757 0.2683
vt 0.5312 0.0757 0.2683
vt 0.5312 0.0788 0.2260
vt 0.5593 0.0788 0.2260
vt 0.5593 0.0827 0.1846
vt 0.5311 0.0827 0.1846
vt 0.5311 0.0877 0.1457
vt 0.5593 0.0877 0.1457
vt 0.5593 0.0939 0.1109
vt 0.5311 0.0939 0.1109
vt 0.5311 0.1013 0.0818
vt 0.5593 0.1013 0.0818
vt 0.5592 0.1101 0.0599
vt 0.5311 0.1101 0.0599
vt 0.5311 0.1206 0.0468
vt 0.5592 0.1206 0.0468
vt 0.5592 0.1690 0.0403
vt 0.5311 0.1690 0.0403
vt 0.5311 0.2919 0.0381
vt 0.5592 0.2919 0.0381
vt 0.5592 0.4131 0.0382
vt 0.5311 0.4131 0.0382
vt 0.5311 0.4564 0.0386
vt 0.5592 0.4564 0.0386
vt 0.5592 0.4608 0.0393
vt 0.5311 0.4608 0.0393
vt 0.5311 0.4655 0.0408
vt 0.5592 0.4655 0.0407
vt 0.5592 0.4702 0.0429
vt 0.5311 0.4702 0.0430
vt 0.5311 0.4750 0.0461
vt 0.5592 0.4750 0.0461
vt 0.5592 0.4796 0.0503
vt 0.5311 0.4796 0.0503
vt 0.5311 0.4841 0.0557
vt 0.5592 0.4841 0.0557
vt 0.5592 0.4884 0.0625
vt 0.5311 0.4884 0.0625
vt 0.5311 0.4923 0.0707
vt 0.5592 0.4923 0.0707
vt 0.5593 0.4957 0.0807
vt 0.5311 0.4957 0.0807
vt 0.5311 0.4987 0.0924
vt 0.5593 0.4987 0.0924
vt 0.5593 0.5009 0.1060
vt 0.5311 0.5009 0.1060
vt 0.5311 0.5025 0.1217
vt 0.5593 0.5025 0.1217
vt 0.5593 0.5053 0.1469
vt 0.5311 0.5053 0.1469
vt 0.5311 0.5111 0.1890
vt 0.5593 0.5111 0.1890
vt 0.5593 0.5204 0.2344
vt 0.5312 0.5204 0.2344
vt 0.5312 0.5334 0.2698
vt 0.5593 0.5334 0.2698
vt 0.5593 0.5503 0.2959
vt 0.5312 0.5503 0.2959
vt 0.5312 0.5711 0.3137
vt 0.5593 0.5711 0.3137
vt 0.5593 0.5959 0.3240
vt 0.5312 0.5959 0.3240
vt 0.5312 0.6248 0.3277
vt 0.5593 0.6248 0.3277
vt 0.5593 0.6579 0.3258
vt 0.5312 0.6579 0.3258
vt 0.5312 0.6952 0.3191
vt 0.5593 0.6952 0.3191
vt 0.5593 0.7369 0.3084
vt 0.5312 0.7369 0.3084
vt 0.5312 0.7829 0.2948
vt 0.5593 0.7829 0.2948
vt 0.5593 0.8335 0.2790
vt 0.5312 0.8335 0.2790
vt 0.5312 0.8886 0.2619
vt 0.5593 0.8886 0.2619
vt 0.5593 0.9323 0.2495
vt 0.5312 0.9323 0.2495
vt 0.5312 0.9486 0.2475
vt 0.5593 0.9486 0.2475
vt 0.5593 0.9509 0.2477
vt 0.5312 0.9509 0.2477
vt 0.5312 0.9528 0.2416
vt 0.5593 0.9528 0.2416
vt 0.5593 0.9533 0.2334
vt 0.5312 0.9533 0.2334
vt 0.5312 0.9515 0.2269
vt 0.5593 0.9515 0.2269
vt 0.5593 0.9487 0.2244
vt 0.5312 0.9487 0.2244
vt 0.5312 0.9465 0.2281
vt 0.5593 0.9465 0.2281
vt 0.5593 0.9330 0.2366
vt 0.5312 0.9330 0.2366
vt 0.5312 0.8965 0.2484
vt 0.5593 0.8965 0.2484
vt 0.5593 0.8492 0.2618
vt 0.5312 0.8492 0.2618
vt 0.5312 0.8036 0.2752
vt 0.5593 0.8036 0.2752
vt 0.5593 0.7599 0.2874
vt 0.5312 0.7599 0.2874
vt 0.5312 0.7187 0.2970
vt 0.5593 0.7187 0.2970
vt 0.5593 0.6804 0.3029
vt 0.5312 0.6804 0.3029
vt 0.5312 0.6455 0.3036
vt 0.5593 0.6455 0.3036
vt 0.5593 0.6143 0.2980
vt 0.5312 0.6143 0.2980
vt 0.5312 0.5873 0.2847
vt 0.5593 0.5873 0.2848
vt 0.5593 0.5650 0.2626
vt 0.5312 0.5650 0.2626
vt 0.5312 0.5478 0.2303
vt 0.5593 0.5478 0.2303
vt 0.5593 0.5361 0.1866
vt 0.5311 0.5361 0.1866
vt 0.5311 0.5304 0.1302
vt 0.5593 0.5304 0.1302
vt 0.5451 0.5284 0.0760
vt 0.5222 0.5284 0.0775
vt 0.5355 0.0643 0.0621
vt 0.5327 0.0643 0.0709
vt 0.5955 0.0632 0.1393
vt 0.5737 0.0632 0.1415
vt 0.5874 0.0597 0.2822
vt 0.6155 0.0597 0.2822
vt 0.6155 0.0561 0.4164
vt 0.5874 0.0561 0.4164
vt 0.5874 0.0547 0.4673
vt 0.6155 0.0547 0.4673
vt 0.6155 0.0547 0.4758
vt 0.5874 0.0547 0.4758
vt 0.5874 0.0551 0.4832
vt 0.6155 0.0551 0.4832
vt 0.6155 0.0557 0.4894
vt 0.5874 0.0557 0.4894
vt 0.5874 0.0567 0.4941
vt 0.6155 0.0567 0.4941
vt 0.6155 0.0578 0.4974
vt 0.5874 0.0578 0.4974
vt 0.5874 0.0591 0.4991
vt 0.6155 0.0591 0.4991
vt 0.6155 0.0605 0.4991
vt 0.5874 0.0605 0.4991
vt 0.5874 0.0620 0.4973
vt 0.6155 0.0620 0.4973
vt 0.6155 0.0634 0.4937
vt 0.5874 0.0634 0.4937
vt 0.5874 0.0647 0.4881
vt 0.6155 0.0647 0.4881
vt 0.6155 0.0660 0.4803
vt 0.5874 0.0660 0.4803
vt 0.5874 0.0670 0.4704
vt 0.6155 0.0670 0.4704
vt 0.6155 0.0679 0.4572
vt 0.5874 0.0679 0.4572
vt 0.5874 0.0686 0.4394
vt 0.6155 0.0686 0.4394
vt 0.6155 0.0694 0.4159
vt 0.5874 0.0694 0.4158
vt 0.5874 0.0703 0.3854
vt 0.6155 0.0703 0.3854
vt 0.6155 0.0716 0.3496
vt 0.5874 0.0716 0.3496
vt 0.5874 0.0733 0.3101
vt 0.6155 0.0733 0.3101
vt 0.6155 0.0757 0.2683
vt 0.5874 0.0757 0.2683
vt 0.5874 0.0788 0.2260
vt 0.6155 0.0788 0.2260
vt 0.6155 0.0827 0.1846
vt 0.5874 0.0827 0.1846
vt 0.5874 0.0877 0.1457
vt 0.6155 0.0877 0.1457
vt 0.6155 0.0939 0.1109
vt 0.5874 0.0939 0.1109
vt 0.5874 0.1013 0.0817
vt 0.6155 0.1013 0.0817
vt 0.6155 0.1101 0.0599
vt 0.5874 0.1101 0.0599
vt 0.5873 0.1206 0.0468
vt 0.6155 0.1206 0.0468
vt 0.6155 0.1690 0.0403
vt 0.5873 0.1690 0.0403
vt 0.5873 0.2919 0.0381
vt 0.6155 0.2919 0.0381
vt 0.6155 0.4131 0.0382
vt 0.5873 0.4131 0.0382
vt 0.5873 0.4564 0.0386
vt 0.6155 0.4564 0.0386
vt 0.6155 0.4608 0.0393
vt 0.5873 0.4608 0.0393
vt 0.5873 0.4655 0.0407
vt 0.6155 0.4655 0.0407
vt 0.6155 0.4702 0.0429
vt 0.5873 0.4702 0.0429
vt 0.5873 0.4750 0.0461
vt 0.6155 0.4750 0.0461
vt 0.6155 0.4796 0.0503
vt 0.5874 0.4796 0.0503
vt 0.5874 0.4841 0.0557
vt 0.6155 0.4841 0.0557
vt 0.6155 0.4884 0.0625
vt 0.5874 0.4884 0.0625
vt 0.5874 0.4923 0.0707
vt 0.6155 0.4923 0.0707
vt 0.6155 0.4957 0.0807
vt 0.5874 0.4957 0.0807
vt 0.5874 0.4987 0.0924
vt 0.6155 0.4987 0.0924
vt 0.6155 0.5009 0.1060
vt 0.5874 0.5009 0.1060
vt 0.5874 0.5025 0.1217
vt 0.6155 0.5025 0.1217
vt 0.6155 0.5053 0.1469
vt 0.5874 0.5053 0.1469
vt 0.5874 0.5111 0.1890
vt 0.6155 0.5111 0.1890
vt 0.6155 0.5204 0.2344
vt 0.5874 0.5204 0.2344
vt 0.5874 0.5334 0.2698
vt 0.6155 0.5334 0.2698
vt 0.6155 0.5503 0.2959
vt 0.5874 0.5503 0.2959
vt 0.5874 0.5711 0.3137
vt 0.6155 0.5711 0.3137
vt 0.6155 0.5959 0.3240
vt 0.5874 0.5959 0.3240
vt 0.5874 0.6248 0.3277
vt 0.6155 0.6248 0.3277
vt 0.6155 0.6579 0.3258
vt 0.5874 0.6579 0.3258
vt 0.5874 0.6952 0.3191
vt 0.6155 0.6952 0.3191
vt 0.6155 0.7369 0.3084
vt 0.5874 0.7369 0.3084
vt 0.5874 0.7829 0.2948
vt 0.6155 0.7829 0.2948
vt 0.6155 0.8335 0.2790
vt 0.5874 0.8335 0.2790
vt 0.5874 0.8886 0.2619
vt 0.6155 0.8886 0.2619
vt 0.6155 0.9323 0.2495
vt 0.5874 0.9323 0.2495
vt 0.5874 0.9486 0.2475
vt 0.6155 0.9486 0.2475
vt 0.6155 0.9509 0.2477
vt 0.5874 0.9509 0.2477
vt 0.5874 0.9528 0.2416
vt 0.6155 0.9528 0.2416
vt 0.6155 0.9533 0.2334
vt 0.5874 0.9533 0.2334
vt 0.5874 0.9515 0.2269
vt 0.6155 0.9515 0.2269
vt 0.6155 0.9487 0.2244
vt 0.5874 0.9487 0.2244
vt 0.5874 0.9465 0.2281
vt 0.6155 0.9465 0.2281
vt 0.6155 0.9330 0.2366
vt 0.5874 0.9330 0.2366
vt 0.5874 0.8965 0.2484
vt 0.6155 0.8965 0.2484
vt 0.6155 0.8492 0.2618
vt 0.5874 0.8492 0.2618
vt 0.5874 0.8036 0.2752
vt 0.6155 0.8036 0.2752
vt 0.6155 0.7599 0.2874
vt 0.5874 0.7599 0.2874
vt 0.5874 0.7187 0.2970
vt 0.6155 0.7187 0.2970
vt 0.6155 0.6804 0.3029
vt 0.5874 0.6804 0.3029
vt 0.5874 0.6455 0.3036
vt 0.6155 0.6455 0.3036
vt 0.6155 0.6143 0.2980
vt 0.5874 0.6143 0.2980
vt 0.5874 0.5873 0.2848
vt 0.6155 0.5873 0.2848
vt 0.6155 0.5650 0.2626
vt 0.5874 0.5650 0.2626
vt 0.5874 0.5478 0.2303
vt 0.6155 0.5478 0.2303
vt 0.6155 0.5361 0.1866
vt 0.5874 0.5361 0.1866
vt 0.5874 0.5304 0.1302
vt 0.6155 0.5304 0.1302
vt 0.5955 0.5284 0.0760
vt 0.5737 0.5284 0.0774
vt 0.5683 0.0643 0.0621
vt 0.5702 0.0643 0.0709
vt 0.6459 0.0632 0.1392
vt 0.6253 0.0632 0.1415
vt 0.6436 0.0597 0.2822
vt 0.6718 0.0597 0.2822
vt 0.6718 0.0561 0.4164
vt 0.6437 0.0561 0.4164
vt 0.6437 0.0547 0.4673
vt 0.6718 0.0547 0.4673
vt 0.6718 0.0547 0.4758
vt 0.6437 0.0547 0.4758
vt 0.6437 0.0551 0.4832
vt 0.6718 0.0551 0.4832
vt 0.6718 0.0557 0.4894
vt 0.6437 0.0557 0.4894
vt 0.6437 0.0567 0.4941
vt 0.6718 0.0567 0.4941
vt 0.6718 0.0578 0.4974
vt 0.6437 0.0578 0.4974
vt 0.6437 0.0591 0.4991
vt 0.6718 0.0591 0.4991
vt 0.6718 0.0605 0.4991
vt 0.6437 0.0605 0.4991
vt 0.6437 0.0620 0.4973
vt 0.6718 0.0620 0.4973
vt 0.6718 0.0634 0.4937
vt 0.6437 0.0634 0.4937
vt 0.6437 0.0647 0.4881
vt 0.6718 0.0647 0.4881
vt 0.6718 0.0660 0.4804
vt 0.6437 0.0660 0.4804
vt 0.6437 0.0670 0.4704
vt 0.6718 0.0670 0.4705
vt 0.6718 0.0679 0.4572
vt 0.6437 0.0679 0.4572
vt 0.6437 0.0686 0.4394
vt 0.6718 0.0686 0.4394
vt 0.6718 0.0694 0.4159
vt 0.6437 0.0694 0.4159
vt 0.6437 0.0703 0.3854
vt 0.6718 0.0703 0.3854
vt 0.6718 0.0716 0.3496
vt 0.6437 0.0716 0.3496
vt 0.6437 0.0733 0.3101
vt 0.6718 0.0733 0.3101
vt 0.6718 0.0757 0.2683
vt 0.6436 0.0757 0.2683
vt 0.6436 0.0788 0.2260
vt 0.6718 0.0788 0.2260
vt 0.6718 0.0827 0.1846
vt 0.6436 0.0827 0.1846
vt 0.6436 0.0877 0.1457
vt 0.6718 0.0877 0.1457
vt 0.6718 0.0939 0.1109
vt 0.6436 0.0939 0.1109
vt 0.6436 0.1013 0.0817
vt 0.6717 0.1013 0.0817
vt 0.6717 0.1101 0.0598
vt 0.6436 0.1101 0.0599
vt 0.6436 0.1206 0.0468
vt 0.6717 0.1206 0.0468
vt 0.6717 0.1690 0.0403
vt 0.6436 0.1690 0.0403
vt 0.6436 0.2919 0.0381
vt 0.6717 0.2919 0.0381
vt 0.6717 0.4131 0.0382
vt 0.6436 0.4131 0.0382
vt 0.6436 0.4564 0.0386
vt 0.6717 0.4564 0.0385
vt 0.6717 0.4608 0.0393
vt 0.6436 0.4608 0.0393
vt 0.6436 0.4655 0.0407
vt 0.6717 0.4655 0.0407
vt 0.6717 0.4702 0.0429
vt 0.6436 0.4702 0.0429
vt 0.6436 0.4750 0.0461
vt 0.6717 0.4750 0.0461
vt 0.6717 0.4796 0.0503
vt 0.6436 0.4796 0.0503
vt 0.6436 0.4841 0.0557
vt 0.6717 0.4841 0.0557
vt 0.6717 0.4884 0.0625
vt 0.6436 0.4884 0.0625
vt 0.6436 0.4923 0.0707
vt 0.6717 0.4923 0.0707
vt 0.6717 0.4957 0.0807
vt 0.6436 0.4957 0.0807
vt 0.6436 0.4987 0.0924
vt 0.6717 0.4987 0.0924
vt 0.6718 0.5009 0.1060
vt 0.6436 0.5009 0.1060
vt 0.6436 0.5025 0.1217
vt 0.6718 0.5025 0.1217
vt 0.6718 0.5053 0.1469
vt 0.6436 0.5053 0.1469
vt 0.6436 0.5111 0.1890
vt 0.6718 0.5111 0.1890
vt 0.6718 0.5204 0.2344
vt 0.6436 0.5204 0.2344
vt 0.6436 0.5334 0.2698
vt 0.6718 0.5334 0.2698
vt 0.6718 0.5503 0.2959
vt 0.6437 0.5503 0.2959
vt 0.6437 0.5711 0.3137
vt 0.6718 0.5711 0.3137
vt 0.6718 0.5959 0.3240
vt 0.6437 0.5959 0.3240
vt 0.6437 0.6248 0.3277
vt 0.6718 0.6248 0.3277
vt 0.6718 0.6579 0.3258
vt 0.6437 0.6579 0.3258
vt 0.6437 0.6952 0.3191
vt 0.6718 0.6952 0.3191
vt 0.6718 0.7369 0.3084
vt 0.6437 0.7369 0.3085
vt 0.6437 0.7829 0.2948
vt 0.6718 0.7829 0.2948
vt 0.6718 0.8335 0.2790
vt 0.6437 0.8335 0.2790
vt 0.6436 0.8886 0.2619
vt 0.6718 0.8886 0.2619
vt 0.6718 0.9323 0.2495
vt 0.6436 0.9323 0.2495
vt 0.6436 0.9486 0.2475
vt 0.6718 0.9486 0.2475
vt 0.6718 0.9509 0.2477
vt 0.6436 0.9509 0.2477
vt 0.6436 0.9528 0.2416
vt 0.6718 0.9528 0.2416
vt 0.6718 0.9533 0.2334
vt 0.6436 0.9533 0.2334
vt 0.6436 0.9515 0.2269
vt 0.6718 0.9515 0.2269
vt 0.6718 0.9487 0.2244
vt 0.6436 0.9487 0.2244
vt 0.6436 0.9465 0.2281
vt 0.6718 0.9465 0.2281
vt 0.6718 0.9330 0.2366
vt 0.6436 0.9330 0.2366
vt 0.6436 0.8965 0.2484
vt 0.6718 0.8965 0.2484
vt 0.6718 0.8492 0.2618
vt 0.6436 0.8492 0.2618
vt 0.6437 0.8036 0.2752
vt 0.6718 0.8036 0.2752
vt 0.6718 0.7599 0.2874
vt 0.6437 0.7599 0.2874
vt 0.6437 0.7187 0.2970
vt 0.6718 0.7187 0.2970
vt 0.6718 0.6804 0.3029
vt 0.6437 0.6804 0.3029
vt 0.6437 0.6455 0.3036
vt 0.6718 0.6455 0.3036
vt 0.6718 0.6143 0.2980
vt 0.6437 0.6143 0.2980
vt 0.6437 0.5873 0.2848
vt 0.6718 0.5873 0.2848
vt 0.6718 0.5650 0.2626
vt 0.6436 0.5650 0.2626
vt 0.6436 0.5478 0.2303
vt 0.6718 0.5478 0.2303
vt 0.6718 0.5361 0.1866
vt 0.6436 0.5361 0.1866
vt 0.6436 0.5304 0.1302
vt 0.6718 0.5304 0.1301
vt 0.6459 0.5284 0.0760
vt 0.6253 0.5284 0.0774
vt 0.6011 0.0643 0.0620
vt 0.6077 0.0643 0.0709
vt 0.6963 0.0632 0.1392
vt 0.6768 0.0632 0.1415
vt 0.6999 0.0597 0.2822
vt 0.7280 0.0597 0.2822
vt 0.7280 0.0561 0.4164
vt 0.6999 0.0561 0.4164
vt 0.6999 0.0547 0.4673
vt 0.7280 0.0547 0.4673
vt 0.7280 0.0547 0.4758
vt 0.6999 0.0547 0.4758
vt 0.6999 0.0551 0.4832
vt 0.7280 0.0551 0.4832
vt 0.7280 0.0557 0.4894
vt 0.6999 0.0557 0.4894
vt 0.6999 0.0567 0.4941
vt 0.7280 0.0567 0.4941
vt 0.7280 0.0578 0.4974
vt 0.6999 0.0578 0.4974
vt 0.6999 0.0591 0.4991
vt 0.7280 0.0591 0.4991
vt 0.7280 0.0605 0.4991
vt 0.6999 0.0605 0.4991
vt 0.6999 0.0620 0.4973
vt 0.7280 0.0620 0.4973
vt 0.7280 0.0634 0.4937
vt 0.6999 0.0634 0.4937
vt 0.6999 0.0647 0.4881
vt 0.7280 0.0647 0.4881
vt 0.7280 0.0660 0.4803
vt 0.6999 0.0660 0.4803
vt 0.6999 0.0670 0.4704
vt 0.7280 0.0670 0.4704
vt 0.7280 0.0679 0.4572
vt 0.6999 0.0679 0.4572
vt 0.6999 0.0686 0.4394
vt 0.7280 0.0686 0.4394
vt 0.7280 0.0694 0.4158
vt 0.6999 0.0694 0.4159
vt 0.6999 0.0703 0.3854
vt 0.7280 0.0703 0.3854
vt 0.7280 0.0716 0.3496
vt 0.6999 0.0716 0.3496
vt 0.6999 0.0733 0.3101
vt 0.7280 0.0733 0.3101
vt 0.7280 0.0757 0.2683
vt 0.6999 0.0757 0.2683
vt 0.6999 0.0788 0.2260
vt 0.7280 0.0788 0.2260
vt 0.7280 0.0827 0.1846
vt 0.6999 0.0827 0.1846
vt 0.6999 0.0877 0.1457
vt 0.7280 0.0877 0.1457
vt 0.7280 0.0939 0.1109
vt 0.6999 0.0939 0.1109
vt 0.6999 0.1013 0.0817
vt 0.7280 0.1013 0.0817
vt 0.7280 0.1101 0.0598
vt 0.6998 0.1101 0.0598
vt 0.6998 0.1206 0.0468
vt 0.7280 0.1206 0.0468
vt 0.7280 0.1690 0.0403
vt 0.6998 0.1690 0.0403
vt 0.6998 0.2919 0.0381
vt 0.7280 0.2919 0.0381
vt 0.7280 0.4131 0.0382
vt 0.6998 0.4131 0.0382
vt 0.6998 0.4564 0.0385
vt 0.7280 0.4564 0.0385
vt 0.7280 0.4608 0.0393
vt 0.6998 0.4608 0.0393
vt 0.6998 0.4655 0.0407
vt 0.7280 0.4655 0.0407
vt 0.7280 0.4702 0.0429
vt 0.6998 0.4702 0.0429
vt 0.6998 0.4750 0.0461
vt 0.7280 0.4750 0.0461
vt 0.7280 0.4796 0.0503
vt 0.6998 0.4796 0.0503
vt 0.6998 0.4841 0.0557
vt 0.7280 0.4841 0.0557
vt 0.7280 0.4884 0.0624
vt 0.6999 0.4884 0.0624
vt 0.6999 0.4923 0.0707
vt 0.7280 0.4923 0.0707
vt 0.7280 0.4957 0.0806
vt 0.6999 0.4957 0.0806
vt 0.6999 0.4987 0.0924
vt 0.7280 0.4987 0.0924
vt 0.7280 0.5009 0.1060
vt 0.6999 0.5009 0.1060
vt 0.6999 0.5025 0.1217
vt 0.7280 0.5025 0.1217
vt 0.7280 0.5053 0.1469
vt 0.6999 0.5053 0.1469
vt 0.6999 0.5111 0.1890
vt 0.7280 0.5111 0.1890
vt 0.7280 0.5204 0.2344
vt 0.6999 0.5204 0.2344
vt 0.6999 0.5334 0.2698
vt 0.7280 0.5334 0.2698
vt 0.7280 0.5503 0.2959
vt 0.6999 0.5503 0.2959
vt 0.6999 0.5711 0.3137
vt 0.7280 0.5711 0.3137
vt 0.7280 0.5959 0.3240
vt 0.6999 0.5959 0.3240
vt 0.6999 0.6248 0.3277
vt 0.7280 0.6248 0.3277
vt 0.7280 0.6579 0.3258
vt 0.6999 0.6579 0.3258
vt 0.6999 0.6952 0.3191
vt 0.7280 0.6952 0.3191
vt 0.7280 0.7369 0.3084
vt 0.6999 0.7369 0.3084
vt 0.6999 0.7829 0.2948
vt 0.7280 0.7829 0.2948
vt 0.7280 0.8335 0.2790
vt 0.6999 0.8335 0.2790
vt 0.6999 0.8886 0.2619
vt 0.7280 0.8886 0.2619
vt 0.7280 0.9323 0.2495
vt 0.6999 0.9323 0.2495
vt 0.6999 0.9486 0.2475
vt 0.7280 0.9486 0.2475
vt 0.7280 0.9509 0.2477
vt 0.6999 0.9509 0.2477
vt 0.6999 0.9528 0.2416
vt 0.7280 0.9528 0.2416
vt 0.7280 0.9533 0.2333
vt 0.6999 0.9533 0.2334
vt 0.6999 0.9515 0.2269
vt 0.7280 0.9515 0.2269
vt 0.7280 0.9487 0.2244
vt 0.6999 0.9487 0.2244
vt 0.6999 0.9465 0.2281
vt 0.7280 0.9465 0.2281
vt 0.7280 0.9330 0.2366
vt 0.6999 0.9330 0.2366
vt 0.6999 0.8965 0.2484
vt 0.7280 0.8965 0.2484
vt 0.7280 0.8492 0.2618
vt 0.6999 0.8492 0.2618
vt 0.6999 0.8036 0.2752
vt 0.7280 0.8036 0.2752
vt 0.7280 0.7599 0.2874
vt 0.6999 0.7599 0.2874
vt 0.6999 0.7187 0.2970
vt 0.7280 0.7187 0.2970
vt 0.7280 0.6804 0.3028
vt 0.6999 0.6804 0.3029
vt 0.6999 0.6455 0.3036
vt 0.7280 0.6455 0.3036
vt 0.7280 0.6143 0.2980
vt 0.6999 0.6143 0.2980
vt 0.6999 0.5873 0.2847
vt 0.7280 0.5873 0.2847
vt 0.7280 0.5650 0.2626
vt 0.6999 0.5650 0.2626
vt 0.6999 0.5478 0.2303
vt 0.7280 0.5478 0.2303
vt 0.7280 0.5361 0.1866
vt 0.6999 0.5361 0.1866
vt 0.6999 0.5304 0.1301
vt 0.7280 0.5304 0.1301
vt 0.6963 0.5284 0.0760
vt 0.6768 0.5284 0.0774
vt 0.6339 0.0643 0.0620
vt 0.6452 0.0643 0.0709
vt 0.7467 0.0632 0.1392
vt 0.7284 0.0632 0.1414
vt 0.7561 0.0597 0.2822
vt 0.7843 0.0597 0.2822
vt 0.7843 0.0561 0.4164
vt 0.7561 0.0561 0.4164
vt 0.7561 0.0547 0.4672
vt 0.7843 0.0547 0.4672
vt 0.7843 0.0547 0.4758
vt 0.7561 0.0547 0.4758
vt 0.7561 0.0551 0.4832
vt 0.7843 0.0551 0.4832
vt 0.7843 0.0557 0.4893
vt 0.7561 0.0557 0.4894
vt 0.7561 0.0567 0.4941
vt 0.7843 0.0567 0.4941
vt 0.7843 0.0578 0.4974
vt 0.7561 0.0578 0.4974
vt 0.7561 0.0591 0.4991
vt 0.7843 0.0591 0.4991
vt 0.7843 0.0605 0.4991
vt 0.7561 0.0605 0.4991
vt 0.7561 0.0620 0.4973
vt 0.7843 0.0620 0.4973
vt 0.7843 0.0634 0.4937
vt 0.7561 0.0634 0.4937
vt 0.7561 0.0647 0.4880
vt 0.7843 0.0647 0.4880
vt 0.7843 0.0660 0.4803
vt 0.7561 0.0660 0.4803
vt 0.7561 0.0670 0.4704
vt 0.7843 0.0670 0.4704
vt 0.7843 0.0679 0.4572
vt 0.7561 0.0679 0.4572
vt 0.7561 0.0686 0.4394
vt 0.7843 0.0686 0.4394
vt 0.7843 0.0694 0.4158
vt 0.7561 0.0694 0.4158
vt 0.7561 0.0703 0.3854
vt 0.7843 0.0703 0.3854
vt 0.7843 0.0716 0.3496
vt 0.7561 0.0716 0.3496
vt 0.7561 0.0733 0.3101
vt 0.7843 0.0733 0.3101
vt 0.7843 0.0757 0.2683
vt 0.7561 0.0757 0.2683
vt 0.7561 0.0788 0.2260
vt 0.7843 0.0788 0.2260
vt 0.7843 0.0827 0.1845
vt 0.7561 0.0827 0.1845
vt 0.7561 0.0877 0.1457
vt 0.7843 0.0877 0.1456
vt 0.7843 0.0939 0.1109
vt 0.7561 0.0939 0.1109
vt 0.7561 0.1013 0.0817
vt 0.7842 0.1013 0.0817
vt 0.7842 0.1101 0.0598
vt 0.7561 0.1101 0.0598
vt 0.7561 0.1206 0.0468
vt 0.7842 0.1206 0.0468
vt 0.7842 0.1690 0.0402
vt 0.7561 0.1690 0.0403
vt 0.7561 0.2919 0.0381
vt 0.7842 0.2919 0.0381
vt 0.7842 0.4131 0.0382
vt 0.7561 0.4131 0.0382
vt 0.7561 0.4564 0.0385
vt 0.7842 0.4564 0.0385
vt 0.7842 0.4608 0.0393
vt 0.7561 0.4608 0.0393
vt 0.7561 0.4655 0.0407
vt 0.7842 0.4655 0.0407
vt 0.7842 0.4702 0.0429
vt 0.7561 0.4702 0.0429
vt 0.7561 0.4750 0.0460
vt 0.7842 0.4750 0.0460
vt 0.7842 0.4796 0.0502
vt 0.7561 0.4796 0.0503
vt 0.7561 0.4841 0.0557
vt 0.7842 0.4841 0.0557
vt 0.7842 0.4884 0.0624
vt 0.7561 0.4884 0.0624
vt 0.7561 0.4923 0.0707
vt 0.7842 0.4923 0.0707
vt 0.7843 0.4957 0.0806
vt 0.7561 0.4957 0.0806
vt 0.7561 0.4987 0.0923
vt 0.7843 0.4987 0.0923
vt 0.7843 0.5009 0.1060
vt 0.7561 0.5009 0.1060
vt 0.7561 0.5025 0.1217
vt 0.7843 0.5025 0.1217
vt 0.7843 0.5053 0.1469
vt 0.7561 0.5053 0.1469
vt 0.7561 0.5111 0.1890
vt 0.7843 0.5111 0.1890
vt 0.7843 0.5204 0.2344
vt 0.7561 0.5204 0.2344
vt 0.7561 0.5334 0.2698
vt 0.7843 0.5334 0.2697
vt 0.7843 0.5503 0.2959
vt 0.7561 0.5503 0.2959
vt 0.7561 0.5711 0.3136
vt 0.7843 0.5711 0.3136
vt 0.7843 0.5959 0.3240
vt 0.7561 0.5959 0.3240
vt 0.7561 0.6248 0.3277
vt 0.7843 0.6248 0.3277
vt 0.7843 0.6579 0.3258
vt 0.7561 0.6579 0.3258
vt 0.7561 0.6952 0.3191
vt 0.7843 0.6952 0.3191
vt 0.7843 0.7369 0.3084
vt 0.7561 0.7369 0.3084
vt 0.7561 0.7829 0.2948
vt 0.7843 0.7829 0.2948
vt 0.7843 0.8335 0.2790
vt 0.7561 0.8335 0.2790
vt 0.7561 0.8886 0.2619
vt 0.7843 0.8886 0.2619
vt 0.7843 0.9323 0.2495
vt 0.7561 0.9323 0.2495
vt 0.7561 0.9486 0.2475
vt 0.7843 0.9486 0.2475
vt 0.7843 0.9509 0.2477
vt 0.7561 0.9509 0.2477
vt 0.7561 0.9528 0.2416
vt 0.7843 0.9528 0.2416
vt 0.7843 0.9533 0.2333
vt 0.7561 0.9533 0.2333
vt 0.7561 0.9515 0.2269
vt 0.7843 0.9515 0.2269
vt 0.7843 0.9487 0.2244
vt 0.7561 0.9487 0.2244
vt 0.7561 0.9465 0.2281
vt 0.7843 0.9465 0.2281
vt 0.7843 0.9330 0.2366
vt 0.7561 0.9330 0.2366
vt 0.7561 0.8965 0.2484
vt 0.7843 0.8965 0.2483
vt 0.7843 0.8492 0.2618
vt 0.7561 0.8492 0.2618
vt 0.7561 0.8036 0.2752
vt 0.7843 0.8036 0.2752
vt 0.7843 0.7599 0.2874
vt 0.7561 0.7599 0.2874
vt 0.7561 0.7187 0.2970
vt 0.7843 0.7187 0.2970
vt 0.7843 0.6804 0.3028
vt 0.7561 0.6804 0.3028
vt 0.7561 0.6455 0.3036
vt 0.7843 0.6455 0.3036
vt 0.7843 0.6143 0.2980
vt 0.7561 0.6143 0.2980
vt 0.7561 0.5873 0.2847
vt 0.7843 0.5873 0.2847
vt 0.7843 0.5650 0.2626
vt 0.7561 0.5650 0.2626
vt 0.7561 0.5478 0.2303
vt 0.7843 0.5478 0.2303
vt 0.7843 0.5361 0.1866
vt 0.7561 0.5361 0.1866
vt 0.7561 0.5304 0.1301
vt 0.7843 0.5304 0.1301
vt 0.7467 0.5284 0.0760
vt 0.7284 0.5284 0.0774
vt 0.6667 0.0643 0.0620
vt 0.6827 0.0643 0.0709
vt 0.7971 0.0632 0.1392
vt 0.7800 0.0632 0.1414
vt 0.8124 0.0597 0.2822
vt 0.8405 0.0597 0.2822
vt 0.8405 0.0561 0.4164
vt 0.8124 0.0561 0.4164
vt 0.8124 0.0547 0.4672
vt 0.8405 0.0547 0.4672
vt 0.8405 0.0547 0.4758
vt 0.8124 0.0547 0.4758
vt 0.8124 0.0551 0.4832
vt 0.8405 0.0551 0.4832
vt 0.8405 0.0557 0.4893
vt 0.8124 0.0557 0.4893
vt 0.8124 0.0567 0.4941
vt 0.8405 0.0567 0.4941
vt 0.8405 0.0578 0.4973
vt 0.8124 0.0578 0.4974
vt 0.8124 0.0591 0.4991
vt 0.8405 0.0591 0.4990
vt 0.8405 0.0605 0.4991
vt 0.8124 0.0605 0.4991
vt 0.8124 0.0620 0.4973
vt 0.8405 0.0620 0.4973
vt 0.8405 0.0634 0.4936
vt 0.8124 0.0634 0.4937
vt 0.8124 0.0647 0.4880
vt 0.8405 0.0647 0.4880
vt 0.8405 0.0660 0.4803
vt 0.8124 0.0660 0.4803
vt 0.8124 0.0670 0.4704
vt 0.8405 0.0670 0.4704
vt 0.8405 0.0679 0.4571
vt 0.8124 0.0679 0.4571
vt 0.8124 0.0686 0.4393
vt 0.8405 0.0686 0.4393
vt 0.8405 0.0694 0.4158
vt 0.8124 0.0694 0.4158
vt 0.8124 0.0703 0.3854
vt 0.8405 0.0703 0.3854
vt 0.8405 0.0716 0.3496
vt 0.8124 0.0716 0.3496
vt 0.8124 0.0733 0.3101
vt 0.8405 0.0733 0.3100
vt 0.8405 0.0757 0.2683
vt 0.8124 0.0757 0.2683
vt 0.8124 0.0788 0.2259
vt 0.8405 0.0788 0.2259
vt 0.8405 0.0827 0.1845
vt 0.8124 0.0827 0.1845
vt 0.8124 0.0877 0.1456
vt 0.8405 0.0877 0.1456
vt 0.8405 0.0939 0.1108
vt 0.8124 0.0939 0.1108
vt 0.8124 0.1013 0.0817
vt 0.8405 0.1013 0.0817
vt 0.8405 0.1101 0.0598
vt 0.8124 0.1101 0.0598
vt 0.8124 0.1206 0.0467
vt 0.8405 0.1206 0.0467
vt 0.8405 0.1690 0.0402
vt 0.8124 0.1690 0.0402
vt 0.8124 0.2919 0.0381
vt 0.8405 0.2919 0.0381
vt 0.8405 0.4131 0.0382
vt 0.8124 0.4131 0.0382
vt 0.8124 0.4564 0.0385
vt 0.8405 0.4564 0.0385
vt 0.8405 0.4608 0.0393
vt 0.8124 0.4608 0.0393
vt 0.8124 0.4655 0.0407
vt 0.8405 0.4655 0.0407
vt 0.8405 0.4702 0.0429
vt 0.8124 0.4702 0.0429
vt 0.8124 0.4750 0.0460
vt 0.8405 0.4750 0.0460
vt 0.8405 0.4796 0.0502
vt 0.8124 0.4796 0.0502
vt 0.8124 0.4841 0.0557
vt 0.8405 0.4841 0.0557
vt 0.8405 0.4884 0.0624
vt 0.8124 0.4884 0.0624
vt 0.8124 0.4923 0.0707
vt 0.8405 0.4923 0.0707
vt 0.8405 0.4957 0.0806
vt 0.8124 0.4957 0.0806
vt 0.8124 0.4987 0.0923
vt 0.8405 0.4987 0.0923
vt 0.8405 0.5009 0.1060
vt 0.8124 0.5009 0.1060
vt 0.8124 0.5025 0.1217
vt 0.8405 0.5025 0.1217
vt 0.8405 0.5053 0.1469
vt 0.8124 0.5053 0.1469
vt 0.8124 0.5111 0.1889
vt 0.8405 0.5111 0.1889
vt 0.8405 0.5204 0.2344
vt 0.8124 0.5204 0.2344
vt 0.8124 0.5334 0.2697
vt 0.8405 0.5334 0.2697
vt 0.8405 0.5503 0.2958
vt 0.8124 0.5503 0.2959
vt 0.8124 0.5711 0.3136
vt 0.8405 0.5711 0.3136
vt 0.8405 0.5959 0.3239
vt 0.8124 0.5959 0.3240
vt 0.8124 0.6248 0.3277
vt 0.8405 0.6248 0.3277
vt 0.8405 0.6579 0.3258
vt 0.8124 0.6579 0.3258
vt 0.8124 0.6952 0.3191
vt 0.8405 0.6952 0.3190
vt 0.8405 0.7369 0.3084
vt 0.8124 0.7369 0.3084
vt 0.8124 0.7829 0.2948
vt 0.8405 0.7829 0.2947
vt 0.8405 0.8335 0.2789
vt 0.8124 0.8335 0.2789
vt 0.8124 0.8886 0.2619
vt 0.8405 0.8886 0.2619
vt 0.8405 0.9323 0.2494
vt 0.8124 0.9323 0.2495
vt 0.8124 0.9486 0.2475
vt 0.8405 0.9486 0.2475
vt 0.8405 0.9509 0.2477
vt 0.8124 0.9509 0.2477
vt 0.8124 0.9528 0.2416
vt 0.8405 0.9528 0.2416
vt 0.8405 0.9533 0.2333
vt 0.8124 0.9533 0.2333
vt 0.8124 0.9515 0.2269
vt 0.8405 0.9515 0.2269
vt 0.8405 0.9487 0.2244
vt 0.8124 0.9487 0.2244
vt 0.8124 0.9465 0.2281
vt 0.8405 0.9465 0.2281
vt 0.8405 0.9330 0.2366
vt 0.8124 0.9330 0.2366
vt 0.8124 0.8965 0.2483
vt 0.8405 0.8965 0.2483
vt 0.8405 0.8492 0.2618
vt 0.8124 0.8492 0.2618
vt 0.8124 0.8036 0.2752
vt 0.8405 0.8036 0.2752
vt 0.8405 0.7599 0.2874
vt 0.8124 0.7599 0.2874
vt 0.8124 0.7187 0.2970
vt 0.8405 0.7187 0.2970
vt 0.8405 0.6804 0.3028
vt 0.8124 0.6804 0.3028
vt 0.8124 0.6455 0.3036
vt 0.8405 0.6455 0.3036
vt 0.8405 0.6143 0.2979
vt 0.8124 0.6143 0.2980
vt 0.8124 0.5873 0.2847
vt 0.8405 0.5873 0.2847
vt 0.8405 0.5650 0.2626
vt 0.8124 0.5650 0.2626
vt 0.8124 0.5478 0.2303
vt 0.8405 0.5478 0.2303
vt 0.8405 0.5361 0.1866
vt 0.8124 0.5361 0.1866
vt 0.8124 0.5304 0.1301
vt 0.8405 0.5304 0.1301
vt 0.7971 0.5284 0.0760
vt 0.7800 0.5284 0.0774
vt 0.7202 0.0643 0.0709
vt 0.8316 0.0632 0.1414
vt 0.8687 0.0597 0.2822
vt 0.8687 0.0561 0.4164
vt 0.8687 0.0547 0.4672
vt 0.8687 0.0547 0.4758
vt 0.8687 0.0551 0.4832
vt 0.8687 0.0557 0.4893
vt 0.8687 0.0567 0.4941
vt 0.8687 0.0578 0.4973
vt 0.8687 0.0591 0.4990
vt 0.8687 0.0605 0.4990
vt 0.8687 0.0620 0.4973
vt 0.8687 0.0634 0.4936
vt 0.8687 0.0647 0.4880
vt 0.8687 0.0660 0.4803
vt 0.8687 0.0670 0.4704
vt 0.8687 0.0679 0.4571
vt 0.8687 0.0686 0.4393
vt 0.8687 0.0694 0.4158
vt 0.8687 0.0703 0.3854
vt 0.8687 0.0716 0.3496
vt 0.8687 0.0733 0.3100
vt 0.8687 0.0757 0.2683
vt 0.8687 0.0788 0.2259
vt 0.8687 0.0827 0.1845
vt 0.8687 0.0877 0.1456
vt 0.8687 0.0939 0.1108
vt 0.8687 0.1013 0.0817
vt 0.8687 0.1101 0.0598
vt 0.8687 0.1206 0.0467
vt 0.8686 0.1690 0.0402
vt 0.8686 0.2919 0.0381
vt 0.8686 0.4131 0.0382
vt 0.8686 0.4564 0.0385
vt 0.8686 0.4608 0.0393
vt 0.8686 0.4655 0.0407
vt 0.8686 0.4702 0.0429
vt 0.8686 0.4750 0.0460
vt 0.8687 0.4796 0.0502
vt 0.8687 0.4841 0.0557
vt 0.8687 0.4884 0.0624
vt 0.8687 0.4923 0.0707
vt 0.8687 0.4957 0.0806
vt 0.8687 0.4987 0.0923
vt 0.8687 0.5009 0.1060
vt 0.8687 0.5025 0.1217
vt 0.8687 0.5053 0.1469
vt 0.8687 0.5111 0.1889
vt 0.8687 0.5204 0.2344
vt 0.8687 0.5334 0.2697
vt 0.8687 0.5503 0.2958
vt 0.8687 0.5711 0.3136
vt 0.8687 0.5959 0.3239
vt 0.8687 0.6248 0.3277
vt 0.8687 0.6579 0.3258
vt 0.8687 0.6952 0.3190
vt 0.8687 0.7369 0.3084
vt 0.8687 0.7829 0.2947
vt 0.8687 0.8335 0.2789
vt 0.8687 0.8886 0.2619
vt 0.8687 0.9323 0.2494
vt 0.8687 0.9486 0.2475
vt 0.8687 0.9509 0.2477
vt 0.8687 0.9528 0.2416
vt 0.8687 0.9533 0.2333
vt 0.8687 0.9515 0.2269
vt 0.8687 0.9487 0.2244
vt 0.8687 0.9465 0.2281
vt 0.8687 0.9330 0.2366
vt 0.8687 0.8965 0.2483
vt 0.8687 0.8492 0.2618
vt 0.8687 0.8036 0.2752
vt 0.8687 0.7599 0.2874
vt 0.8687 0.7187 0.2970
vt 0.8687 0.6804 0.3028
vt 0.8687 0.6455 0.3036
vt 0.8687 0.6143 0.2979
vt 0.8687 0.5873 0.2847
vt 0.8687 0.5650 0.2626
vt 0.8687 0.5478 0.2303
vt 0.8687 0.5361 0.1866
vt 0.8687 0.5304 0.1301
vt 0.8315 0.5284 0.0774
vt 0.7578 0.5278 0.0449
vt 0.6995 0.5278 0.0393
vt 0.6882 0.5278 0.0337
vt 0.4317 0.5278 0.0070
vt 0.1953 0.5278 0.0449
vt 0.2382 0.5278 0.0337
vt 0.2402 0.5278 0.0393
vt 0.2328 0.5278 0.0449
vt 0.2730 0.5278 0.0393
vt 0.2703 0.5278 0.0449
vt 0.3058 0.5278 0.0393
vt 0.3078 0.5278 0.0449
vt 0.3386 0.5278 0.0393
vt 0.3453 0.5278 0.0449
vt 0.3714 0.5278 0.0393
vt 0.3828 0.5278 0.0449
vt 0.4042 0.5278 0.0393
vt 0.4202 0.5278 0.0449
vt 0.4370 0.5278 0.0393
vt 0.4577 0.5278 0.0449
vt 0.4698 0.5278 0.0393
vt 0.4952 0.5278 0.0449
vt 0.5027 0.5278 0.0393
vt 0.5327 0.5278 0.0449
vt 0.5355 0.5278 0.0393
vt 0.5702 0.5278 0.0449
vt 0.5683 0.5278 0.0393
vt 0.6077 0.5278 0.0449
vt 0.6011 0.5278 0.0393
vt 0.6452 0.5278 0.0449
vt 0.6339 0.5278 0.0393
vt 0.6827 0.5278 0.0449
vt 0.6667 0.5278 0.0393
vt 0.7202 0.5278 0.0449
# 2807 texture coords

o Kitchenware_154
g Kitchenware_154
usemtl Glass
s 8
f 1/1 2/2 3/3 4/4 
f 2/2 5/5 6/6 3/3 
f 7/7 4/4 3/3 6/6 
f 7/7 6/6 8/8 9/9 
f 6/6 5/5 10/10 8/8 
f 11/11 12/12 8/8 10/10 
f 12/12 13/13 9/9 8/8 
f 13/13 12/12 14/14 15/15 
f 12/12 11/11 16/16 14/14 
f 17/17 18/18 14/14 16/16 
f 18/18 19/19 15/15 14/14 
f 19/19 18/18 20/20 21/21 
f 18/18 17/17 22/22 20/20 
f 23/23 24/24 20/20 22/22 
f 24/24 25/25 21/21 20/20 
f 25/25 24/24 26/26 27/27 
f 24/24 23/23 28/28 26/26 
f 29/29 30/30 26/26 28/28 
f 30/30 31/31 27/27 26/26 
f 31/31 30/30 32/32 33/33 
f 30/30 29/29 34/34 32/32 
f 35/35 36/36 32/32 34/34 
f 36/36 37/37 33/33 32/32 
f 37/37 36/36 38/38 39/39 
f 36/36 35/35 40/40 38/38 
f 41/41 42/42 38/38 40/40 
f 42/42 43/43 39/39 38/38 
f 43/43 42/42 44/44 45/45 
f 42/42 41/41 46/46 44/44 
f 47/47 48/48 44/44 46/46 
f 48/48 49/49 45/45 44/44 
f 49/49 48/48 50/50 51/51 
f 48/48 47/47 52/52 50/50 
f 53/53 54/54 50/50 52/52 
f 54/54 55/55 51/51 50/50 
f 55/55 54/54 56/56 57/57 
f 54/54 53/53 58/58 56/56 
f 59/59 60/60 56/56 58/58 
f 60/60 61/61 57/57 56/56 
f 61/61 60/60 62/62 63/63 
f 60/60 59/59 64/64 62/62 
f 65/65 66/66 62/62 64/64 
f 66/66 67/67 63/63 62/62 
f 67/67 66/66 68/68 69/69 
f 66/66 65/65 70/70 68/68 
f 71/71 72/72 68/68 70/70 
f 72/72 73/73 69/69 68/68 
f 73/73 72/72 74/74 75/75 
f 72/72 71/71 76/76 74/74 
f 77/77 78/78 74/74 76/76 
f 78/78 79/79 75/75 74/74 
f 79/79 78/78 80/80 81/81 
f 78/78 77/77 82/82 80/80 
f 83/83 84/84 80/80 82/82 
f 84/84 85/85 81/81 80/80 
f 85/85 84/84 86/86 87/87 
f 84/84 83/83 88/88 86/86 
f 89/89 90/90 86/86 88/88 
f 90/90 91/91 87/87 86/86 
f 91/91 90/90 92/92 93/93 
f 90/90 89/89 94/94 92/92 
f 95/95 96/96 92/92 94/94 
f 96/96 97/97 93/93 92/92 
f 97/97 96/96 98/98 99/99 
f 96/96 95/95 100/100 98/98 
f 101/101 102/102 98/98 100/100 
f 102/102 103/103 99/99 98/98 
f 103/103 102/102 104/104 105/105 
f 102/102 101/101 106/106 104/104 
f 107/107 108/108 104/104 106/106 
f 108/108 109/109 105/105 104/104 
f 109/109 108/108 110/110 111/111 
f 108/108 107/107 112/112 110/110 
f 113/113 114/114 110/110 112/112 
f 114/114 115/115 111/111 110/110 
f 115/115 114/114 116/116 117/117 
f 114/114 113/113 118/118 116/116 
f 119/119 120/120 116/116 118/118 
f 120/120 121/121 117/117 116/116 
f 121/121 120/120 122/122 123/123 
f 120/120 119/119 124/124 122/122 
f 125/125 126/126 122/122 124/124 
f 126/126 127/127 123/123 122/122 
f 127/127 126/126 128/128 129/129 
f 126/126 125/125 130/130 128/128 
f 131/131 132/132 128/128 130/130 
f 132/132 133/133 129/129 128/128 
f 133/133 132/132 134/134 135/135 
f 132/132 131/131 136/136 134/134 
f 137/137 138/138 134/134 136/136 
f 138/138 139/139 135/135 134/134 
f 139/139 138/138 140/140 141/141 
f 138/138 137/137 142/142 140/140 
f 143/143 144/144 140/140 142/142 
f 144/144 145/145 141/141 140/140 
f 145/145 144/144 146/146 147/147 
f 144/144 143/143 148/148 146/146 
f 149/149 150/150 146/146 148/148 
f 150/150 151/151 147/147 146/146 
f 151/151 150/150 152/152 153/153 
f 150/150 149/149 154/154 152/152 
f 155/155 156/156 152/152 154/154 
f 156/156 157/157 153/153 152/152 
f 157/157 156/156 158/158 159/159 
f 156/156 155/155 160/160 158/158 
f 161/161 162/162 158/158 160/160 
f 162/162 163/163 159/159 158/158 
f 163/163 162/162 164/164 165/165 
f 162/162 161/161 166/166 164/164 
f 167/167 168/168 164/164 166/166 
f 168/168 169/169 165/165 164/164 
f 169/169 168/168 170/170 171/171 
f 168/168 167/167 172/172 170/170 
f 173/173 174/174 170/170 172/172 
f 174/174 175/175 171/171 170/170 
f 175/175 174/174 176/176 177/177 
f 174/174 173/173 178/178 176/176 
f 179/179 180/180 176/176 178/178 
f 180/180 181/181 177/177 176/176 
f 181/181 180/180 182/182 183/183 
f 180/180 179/179 184/184 182/182 
f 185/185 186/186 182/182 184/184 
f 186/186 187/187 183/183 182/182 
f 187/187 186/186 188/188 189/189 
f 186/186 185/185 190/190 188/188 
f 191/191 192/192 188/188 190/190 
f 192/192 193/193 189/189 188/188 
f 193/193 192/192 194/194 195/195 
f 192/192 191/191 196/196 194/194 
f 197/197 198/198 194/194 196/196 
f 198/198 199/199 195/195 194/194 
f 199/199 198/198 200/200 201/201 
f 198/198 197/197 202/202 200/200 
f 203/203 204/204 200/200 202/202 
f 204/204 205/205 201/201 200/200 
f 205/205 204/204 206/206 207/207 
f 204/204 203/203 208/208 206/206 
f 209/209 210/210 206/206 208/208 
f 210/210 211/211 207/207 206/206 
f 211/211 210/210 212/212 213/213 
f 210/210 209/209 214/214 212/212 
f 215/215 216/216 212/212 214/214 
f 216/216 217/217 213/213 212/212 
f 217/217 216/216 218/218 219/219 
f 216/216 215/215 220/220 218/218 
f 221/221 222/222 218/218 220/220 
f 222/222 223/223 219/219 218/218 
f 223/223 222/222 224/224 225/225 
f 222/222 221/221 226/226 224/224 
f 227/227 228/228 224/224 226/226 
f 228/228 229/229 225/225 224/224 
f 229/229 228/228 230/230 231/231 
f 228/228 227/227 232/232 230/230 
f 233/233 234/234 230/230 232/232 
f 234/234 235/235 231/231 230/230 
f 235/235 234/234 236/236 237/237 
f 234/234 233/233 238/238 236/236 
f 239/239 240/240 236/236 238/238 
f 240/240 241/241 237/237 236/236 
f 241/241 240/240 242/242 243/243 
f 240/240 239/239 244/244 242/242 
f 245/245 246/246 242/242 244/244 
f 246/246 247/247 243/243 242/242 
f 247/247 246/246 248/248 249/249 
f 246/246 245/245 250/250 248/248 
f 251/251 252/252 248/248 250/250 
f 252/252 253/253 249/249 248/248 
f 1/1 254/254 255/255 2/256 
f 254/254 256/257 257/258 255/255 
f 5/259 2/256 255/255 257/258 
f 5/259 257/258 258/260 10/261 
f 257/258 256/257 259/262 258/260 
f 260/263 261/264 258/260 259/262 
f 261/264 11/265 10/261 258/260 
f 11/265 261/264 262/266 16/267 
f 261/264 260/263 263/268 262/266 
f 264/269 265/270 262/266 263/268 
f 265/270 17/271 16/267 262/266 
f 17/271 265/270 266/272 22/273 
f 265/270 264/269 267/274 266/272 
f 268/275 269/276 266/272 267/274 
f 269/276 23/277 22/273 266/272 
f 23/277 269/276 270/278 28/279 
f 269/276 268/275 271/280 270/278 
f 272/281 273/282 270/278 271/280 
f 273/282 29/283 28/279 270/278 
f 29/283 273/282 274/284 34/285 
f 273/282 272/281 275/286 274/284 
f 276/287 277/288 274/284 275/286 
f 277/288 35/289 34/285 274/284 
f 35/289 277/288 278/290 40/291 
f 277/288 276/287 279/292 278/290 
f 280/293 281/294 278/290 279/292 
f 281/294 41/295 40/291 278/290 
f 41/295 281/294 282/296 46/297 
f 281/294 280/293 283/298 282/296 
f 284/299 285/300 282/296 283/298 
f 285/300 47/301 46/297 282/296 
f 47/301 285/300 286/302 52/303 
f 285/300 284/299 287/304 286/302 
f 288/305 289/306 286/302 287/304 
f 289/306 53/307 52/303 286/302 
f 53/307 289/306 290/308 58/309 
f 289/306 288/305 291/310 290/308 
f 292/311 293/312 290/308 291/310 
f 293/312 59/313 58/309 290/308 
f 59/313 293/312 294/314 64/315 
f 293/312 292/311 295/316 294/314 
f 296/317 297/318 294/314 295/316 
f 297/318 65/319 64/315 294/314 
f 65/319 297/318 298/320 70/321 
f 297/318 296/317 299/322 298/320 
f 300/323 301/324 298/320 299/322 
f 301/324 71/325 70/321 298/320 
f 71/325 301/324 302/326 76/327 
f 301/324 300/323 303/328 302/326 
f 304/329 305/330 302/326 303/328 
f 305/330 77/331 76/327 302/326 
f 77/331 305/330 306/332 82/333 
f 305/330 304/329 307/334 306/332 
f 308/335 309/336 306/332 307/334 
f 309/336 83/337 82/333 306/332 
f 83/337 309/336 310/338 88/339 
f 309/336 308/335 311/340 310/338 
f 312/341 313/342 310/338 311/340 
f 313/342 89/343 88/339 310/338 
f 89/343 313/342 314/344 94/345 
f 313/342 312/341 315/346 314/344 
f 316/347 317/348 314/344 315/346 
f 317/348 95/349 94/345 314/344 
f 95/349 317/348 318/350 100/351 
f 317/348 316/347 319/352 318/350 
f 320/353 321/354 318/350 319/352 
f 321/354 101/355 100/351 318/350 
f 101/355 321/354 322/356 106/357 
f 321/354 320/353 323/358 322/356 
f 324/359 325/360 322/356 323/358 
f 325/360 107/361 106/357 322/356 
f 107/361 325/360 326/362 112/363 
f 325/360 324/359 327/364 326/362 
f 328/365 329/366 326/362 327/364 
f 329/366 113/367 112/363 326/362 
f 113/367 329/366 330/368 118/369 
f 329/366 328/365 331/370 330/368 
f 332/371 333/372 330/368 331/370 
f 333/372 119/373 118/369 330/368 
f 119/373 333/372 334/374 124/375 
f 333/372 332/371 335/376 334/374 
f 336/377 337/378 334/374 335/376 
f 337/378 125/379 124/375 334/374 
f 125/379 337/378 338/380 130/381 
f 337/378 336/377 339/382 338/380 
f 340/383 341/384 338/380 339/382 
f 341/384 131/385 130/381 338/380 
f 131/385 341/384 342/386 136/387 
f 341/384 340/383 343/388 342/386 
f 344/389 345/390 342/386 343/388 
f 345/390 137/391 136/387 342/386 
f 137/391 345/390 346/392 142/393 
f 345/390 344/389 347/394 346/392 
f 348/395 349/396 346/392 347/394 
f 349/396 143/397 142/393 346/392 
f 143/397 349/396 350/398 148/399 
f 349/396 348/395 351/400 350/398 
f 352/401 353/402 350/398 351/400 
f 353/402 149/403 148/399 350/398 
f 149/403 353/402 354/404 154/405 
f 353/402 352/401 355/406 354/404 
f 356/407 357/408 354/404 355/406 
f 357/408 155/409 154/405 354/404 
f 155/409 357/408 358/410 160/411 
f 357/408 356/407 359/412 358/410 
f 360/413 361/414 358/410 359/412 
f 361/414 161/415 160/411 358/410 
f 161/415 361/414 362/416 166/417 
f 361/414 360/413 363/418 362/416 
f 364/419 365/420 362/416 363/418 
f 365/420 167/421 166/417 362/416 
f 167/421 365/420 366/422 172/423 
f 365/420 364/419 367/424 366/422 
f 368/425 369/426 366/422 367/424 
f 369/426 173/427 172/423 366/422 
f 173/427 369/426 370/428 178/429 
f 369/426 368/425 371/430 370/428 
f 372/431 373/432 370/428 371/430 
f 373/432 179/433 178/429 370/428 
f 179/433 373/432 374/434 184/435 
f 373/432 372/431 375/436 374/434 
f 376/437 377/438 374/434 375/436 
f 377/438 185/439 184/435 374/434 
f 185/439 377/438 378/440 190/441 
f 377/438 376/437 379/442 378/440 
f 380/443 381/444 378/440 379/442 
f 381/444 191/445 190/441 378/440 
f 191/445 381/444 382/446 196/447 
f 381/444 380/443 383/448 382/446 
f 384/449 385/450 382/446 383/448 
f 385/450 197/451 196/447 382/446 
f 197/451 385/450 386/452 202/453 
f 385/450 384/449 387/454 386/452 
f 388/455 389/456 386/452 387/454 
f 389/456 203/457 202/453 386/452 
f 203/457 389/456 390/458 208/459 
f 389/456 388/455 391/460 390/458 
f 392/461 393/462 390/458 391/460 
f 393/462 209/463 208/459 390/458 
f 209/463 393/462 394/464 214/465 
f 393/462 392/461 395/466 394/464 
f 396/467 397/468 394/464 395/466 
f 397/468 215/469 214/465 394/464 
f 215/469 397/468 398/470 220/471 
f 397/468 396/467 399/472 398/470 
f 400/473 401/474 398/470 399/472 
f 401/474 221/475 220/471 398/470 
f 221/475 401/474 402/476 226/477 
f 401/474 400/473 403/478 402/476 
f 404/479 405/480 402/476 403/478 
f 405/480 227/481 226/477 402/476 
f 227/481 405/480 406/482 232/483 
f 405/480 404/479 407/484 406/482 
f 408/485 409/486 406/482 407/484 
f 409/486 233/487 232/483 406/482 
f 233/487 409/486 410/488 238/489 
f 409/486 408/485 411/490 410/488 
f 412/491 413/492 410/488 411/490 
f 413/492 239/493 238/489 410/488 
f 239/493 413/492 414/494 244/495 
f 413/492 412/491 415/496 414/494 
f 416/497 417/498 414/494 415/496 
f 417/498 245/499 244/495 414/494 
f 245/499 417/498 418/500 250/501 
f 417/498 416/497 419/502 418/500 
f 420/503 421/504 418/500 419/502 
f 421/504 251/505 250/501 418/500 
f 1/1 422/506 423/507 254/254 
f 422/506 424/508 425/509 423/507 
f 256/257 254/254 423/507 425/509 
f 256/257 425/509 426/510 259/262 
f 425/509 424/508 427/511 426/510 
f 428/512 429/513 426/510 427/511 
f 429/513 260/263 259/262 426/510 
f 260/263 429/513 430/514 263/268 
f 429/513 428/512 431/515 430/514 
f 432/516 433/517 430/514 431/515 
f 433/517 264/269 263/268 430/514 
f 264/269 433/517 434/518 267/274 
f 433/517 432/516 435/519 434/518 
f 436/520 437/521 434/518 435/519 
f 437/521 268/275 267/274 434/518 
f 268/275 437/521 438/522 271/280 
f 437/521 436/520 439/523 438/522 
f 440/524 441/525 438/522 439/523 
f 441/525 272/281 271/280 438/522 
f 272/281 441/525 442/526 275/286 
f 441/525 440/524 443/527 442/526 
f 444/528 445/529 442/526 443/527 
f 445/529 276/287 275/286 442/526 
f 276/287 445/529 446/530 279/292 
f 445/529 444/528 447/531 446/530 
f 448/532 449/533 446/530 447/531 
f 449/533 280/293 279/292 446/530 
f 280/293 449/533 450/534 283/298 
f 449/533 448/532 451/535 450/534 
f 452/536 453/537 450/534 451/535 
f 453/537 284/299 283/298 450/534 
f 284/299 453/537 454/538 287/304 
f 453/537 452/536 455/539 454/538 
f 456/540 457/541 454/538 455/539 
f 457/541 288/305 287/304 454/538 
f 288/305 457/541 458/542 291/310 
f 457/541 456/540 459/543 458/542 
f 460/544 461/545 458/542 459/543 
f 461/545 292/311 291/310 458/542 
f 292/311 461/545 462/546 295/316 
f 461/545 460/544 463/547 462/546 
f 464/548 465/549 462/546 463/547 
f 465/549 296/317 295/316 462/546 
f 296/317 465/549 466/550 299/322 
f 465/549 464/548 467/551 466/550 
f 468/552 469/553 466/550 467/551 
f 469/553 300/323 299/322 466/550 
f 300/323 469/553 470/554 303/328 
f 469/553 468/552 471/555 470/554 
f 472/556 473/557 470/554 471/555 
f 473/557 304/329 303/328 470/554 
f 304/329 473/557 474/558 307/334 
f 473/557 472/556 475/559 474/558 
f 476/560 477/561 474/558 475/559 
f 477/561 308/335 307/334 474/558 
f 308/335 477/561 478/562 311/340 
f 477/561 476/560 479/563 478/562 
f 480/564 481/565 478/562 479/563 
f 481/565 312/341 311/340 478/562 
f 312/341 481/565 482/566 315/346 
f 481/565 480/564 483/567 482/566 
f 484/568 485/569 482/566 483/567 
f 485/569 316/347 315/346 482/566 
f 316/347 485/569 486/570 319/352 
f 485/569 484/568 487/571 486/570 
f 488/572 489/573 486/570 487/571 
f 489/573 320/353 319/352 486/570 
f 320/353 489/573 490/574 323/358 
f 489/573 488/572 491/575 490/574 
f 492/576 493/577 490/574 491/575 
f 493/577 324/359 323/358 490/574 
f 324/359 493/577 494/578 327/364 
f 493/577 492/576 495/579 494/578 
f 496/580 497/581 494/578 495/579 
f 497/581 328/365 327/364 494/578 
f 328/365 497/581 498/582 331/370 
f 497/581 496/580 499/583 498/582 
f 500/584 501/585 498/582 499/583 
f 501/585 332/371 331/370 498/582 
f 332/371 501/585 502/586 335/376 
f 501/585 500/584 503/587 502/586 
f 504/588 505/589 502/586 503/587 
f 505/589 336/377 335/376 502/586 
f 336/377 505/589 506/590 339/382 
f 505/589 504/588 507/591 506/590 
f 508/592 509/593 506/590 507/591 
f 509/593 340/383 339/382 506/590 
f 340/383 509/593 510/594 343/388 
f 509/593 508/592 511/595 510/594 
f 512/596 513/597 510/594 511/595 
f 513/597 344/389 343/388 510/594 
f 344/389 513/597 514/598 347/394 
f 513/597 512/596 515/599 514/598 
f 516/600 517/601 514/598 515/599 
f 517/601 348/395 347/394 514/598 
f 348/395 517/601 518/602 351/400 
f 517/601 516/600 519/603 518/602 
f 520/604 521/605 518/602 519/603 
f 521/605 352/401 351/400 518/602 
f 352/401 521/605 522/606 355/406 
f 521/605 520/604 523/607 522/606 
f 524/608 525/609 522/606 523/607 
f 525/609 356/407 355/406 522/606 
f 356/407 525/609 526/610 359/412 
f 525/609 524/608 527/611 526/610 
f 528/612 529/613 526/610 527/611 
f 529/613 360/413 359/412 526/610 
f 360/413 529/613 530/614 363/418 
f 529/613 528/612 531/615 530/614 
f 532/616 533/617 530/614 531/615 
f 533/617 364/419 363/418 530/614 
f 364/419 533/617 534/618 367/424 
f 533/617 532/616 535/619 534/618 
f 536/620 537/621 534/618 535/619 
f 537/621 368/425 367/424 534/618 
f 368/425 537/621 538/622 371/430 
f 537/621 536/620 539/623 538/622 
f 540/624 541/625 538/622 539/623 
f 541/625 372/431 371/430 538/622 
f 372/431 541/625 542/626 375/436 
f 541/625 540/624 543/627 542/626 
f 544/628 545/629 542/626 543/627 
f 545/629 376/437 375/436 542/626 
f 376/437 545/629 546/630 379/442 
f 545/629 544/628 547/631 546/630 
f 548/632 549/633 546/630 547/631 
f 549/633 380/443 379/442 546/630 
f 380/443 549/633 550/634 383/448 
f 549/633 548/632 551/635 550/634 
f 552/636 553/637 550/634 551/635 
f 553/637 384/449 383/448 550/634 
f 384/449 553/637 554/638 387/454 
f 553/637 552/636 555/639 554/638 
f 556/640 557/641 554/638 555/639 
f 557/641 388/455 387/454 554/638 
f 388/455 557/641 558/642 391/460 
f 557/641 556/640 559/643 558/642 
f 560/644 561/645 558/642 559/643 
f 561/645 392/461 391/460 558/642 
f 392/461 561/645 562/646 395/466 
f 561/645 560/644 563/647 562/646 
f 564/648 565/649 562/646 563/647 
f 565/649 396/467 395/466 562/646 
f 396/467 565/649 566/650 399/472 
f 565/649 564/648 567/651 566/650 
f 568/652 569/653 566/650 567/651 
f 569/653 400/473 399/472 566/650 
f 400/473 569/653 570/654 403/478 
f 569/653 568/652 571/655 570/654 
f 572/656 573/657 570/654 571/655 
f 573/657 404/479 403/478 570/654 
f 404/479 573/657 574/658 407/484 
f 573/657 572/656 575/659 574/658 
f 576/660 577/661 574/658 575/659 
f 577/661 408/485 407/484 574/658 
f 408/485 577/661 578/662 411/490 
f 577/661 576/660 579/663 578/662 
f 580/664 581/665 578/662 579/663 
f 581/665 412/491 411/490 578/662 
f 412/491 581/665 582/666 415/496 
f 581/665 580/664 583/667 582/666 
f 584/668 585/669 582/666 583/667 
f 585/669 416/497 415/496 582/666 
f 416/497 585/669 586/670 419/502 
f 585/669 584/668 587/671 586/670 
f 588/672 589/673 586/670 587/671 
f 589/673 420/503 419/502 586/670 
f 1/1 590/674 591/675 422/506 
f 590/674 592/676 593/677 591/675 
f 424/508 422/506 591/675 593/677 
f 424/508 593/677 594/678 427/511 
f 593/677 592/676 595/679 594/678 
f 596/680 597/681 594/678 595/679 
f 597/681 428/512 427/511 594/678 
f 428/512 597/681 598/682 431/515 
f 597/681 596/680 599/683 598/682 
f 600/684 601/685 598/682 599/683 
f 601/685 432/516 431/515 598/682 
f 432/516 601/685 602/686 435/519 
f 601/685 600/684 603/687 602/686 
f 604/688 605/689 602/686 603/687 
f 605/689 436/520 435/519 602/686 
f 436/520 605/689 606/690 439/523 
f 605/689 604/688 607/691 606/690 
f 608/692 609/693 606/690 607/691 
f 609/693 440/524 439/523 606/690 
f 440/524 609/693 610/694 443/527 
f 609/693 608/692 611/695 610/694 
f 612/696 613/697 610/694 611/695 
f 613/697 444/528 443/527 610/694 
f 444/528 613/697 614/698 447/531 
f 613/697 612/696 615/699 614/698 
f 616/700 617/701 614/698 615/699 
f 617/701 448/532 447/531 614/698 
f 448/532 617/701 618/702 451/535 
f 617/701 616/700 619/703 618/702 
f 620/704 621/705 618/702 619/703 
f 621/705 452/536 451/535 618/702 
f 452/536 621/705 622/706 455/539 
f 621/705 620/704 623/707 622/706 
f 624/708 625/709 622/706 623/707 
f 625/709 456/540 455/539 622/706 
f 456/540 625/709 626/710 459/543 
f 625/709 624/708 627/711 626/710 
f 628/712 629/713 626/710 627/711 
f 629/713 460/544 459/543 626/710 
f 460/544 629/713 630/714 463/547 
f 629/713 628/712 631/715 630/714 
f 632/716 633/717 630/714 631/715 
f 633/717 464/548 463/547 630/714 
f 464/548 633/717 634/718 467/551 
f 633/717 632/716 635/719 634/718 
f 636/720 637/721 634/718 635/719 
f 637/721 468/552 467/551 634/718 
f 468/552 637/721 638/722 471/555 
f 637/721 636/720 639/723 638/722 
f 640/724 641/725 638/722 639/723 
f 641/725 472/556 471/555 638/722 
f 472/556 641/725 642/726 475/559 
f 641/725 640/724 643/727 642/726 
f 644/728 645/729 642/726 643/727 
f 645/729 476/560 475/559 642/726 
f 476/560 645/729 646/730 479/563 
f 645/729 644/728 647/731 646/730 
f 648/732 649/733 646/730 647/731 
f 649/733 480/564 479/563 646/730 
f 480/564 649/733 650/734 483/567 
f 649/733 648/732 651/735 650/734 
f 652/736 653/737 650/734 651/735 
f 653/737 484/568 483/567 650/734 
f 484/568 653/737 654/738 487/571 
f 653/737 652/736 655/739 654/738 
f 656/740 657/741 654/738 655/739 
f 657/741 488/572 487/571 654/738 
f 488/572 657/741 658/742 491/575 
f 657/741 656/740 659/743 658/742 
f 660/744 661/745 658/742 659/743 
f 661/745 492/576 491/575 658/742 
f 492/576 661/745 662/746 495/579 
f 661/745 660/744 663/747 662/746 
f 664/748 665/749 662/746 663/747 
f 665/749 496/580 495/579 662/746 
f 496/580 665/749 666/750 499/583 
f 665/749 664/748 667/751 666/750 
f 668/752 669/753 666/750 667/751 
f 669/753 500/584 499/583 666/750 
f 500/584 669/753 670/754 503/587 
f 669/753 668/752 671/755 670/754 
f 672/756 673/757 670/754 671/755 
f 673/757 504/588 503/587 670/754 
f 504/588 673/757 674/758 507/591 
f 673/757 672/756 675/759 674/758 
f 676/760 677/761 674/758 675/759 
f 677/761 508/592 507/591 674/758 
f 508/592 677/761 678/762 511/595 
f 677/761 676/760 679/763 678/762 
f 680/764 681/765 678/762 679/763 
f 681/765 512/596 511/595 678/762 
f 512/596 681/765 682/766 515/599 
f 681/765 680/764 683/767 682/766 
f 684/768 685/769 682/766 683/767 
f 685/769 516/600 515/599 682/766 
f 516/600 685/769 686/770 519/603 
f 685/769 684/768 687/771 686/770 
f 688/772 689/773 686/770 687/771 
f 689/773 520/604 519/603 686/770 
f 520/604 689/773 690/774 523/607 
f 689/773 688/772 691/775 690/774 
f 692/776 693/777 690/774 691/775 
f 693/777 524/608 523/607 690/774 
f 524/608 693/777 694/778 527/611 
f 693/777 692/776 695/779 694/778 
f 696/780 697/781 694/778 695/779 
f 697/781 528/612 527/611 694/778 
f 528/612 697/781 698/782 531/615 
f 697/781 696/780 699/783 698/782 
f 700/784 701/785 698/782 699/783 
f 701/785 532/616 531/615 698/782 
f 532/616 701/785 702/786 535/619 
f 701/785 700/784 703/787 702/786 
f 704/788 705/789 702/786 703/787 
f 705/789 536/620 535/619 702/786 
f 536/620 705/789 706/790 539/623 
f 705/789 704/788 707/791 706/790 
f 708/792 709/793 706/790 707/791 
f 709/793 540/624 539/623 706/790 
f 540/624 709/793 710/794 543/627 
f 709/793 708/792 711/795 710/794 
f 712/796 713/797 710/794 711/795 
f 713/797 544/628 543/627 710/794 
f 544/628 713/797 714/798 547/631 
f 713/797 712/796 715/799 714/798 
f 716/800 717/801 714/798 715/799 
f 717/801 548/632 547/631 714/798 
f 548/632 717/801 718/802 551/635 
f 717/801 716/800 719/803 718/802 
f 720/804 721/805 718/802 719/803 
f 721/805 552/636 551/635 718/802 
f 552/636 721/805 722/806 555/639 
f 721/805 720/804 723/807 722/806 
f 724/808 725/809 722/806 723/807 
f 725/809 556/640 555/639 722/806 
f 556/640 725/809 726/810 559/643 
f 725/809 724/808 727/811 726/810 
f 728/812 729/813 726/810 727/811 
f 729/813 560/644 559/643 726/810 
f 560/644 729/813 730/814 563/647 
f 729/813 728/812 731/815 730/814 
f 732/816 733/817 730/814 731/815 
f 733/817 564/648 563/647 730/814 
f 564/648 733/817 734/818 567/651 
f 733/817 732/816 735/819 734/818 
f 736/820 737/821 734/818 735/819 
f 737/821 568/652 567/651 734/818 
f 568/652 737/821 738/822 571/655 
f 737/821 736/820 739/823 738/822 
f 740/824 741/825 738/822 739/823 
f 741/825 572/656 571/655 738/822 
f 572/656 741/825 742/826 575/659 
f 741/825 740/824 743/827 742/826 
f 744/828 745/829 742/826 743/827 
f 745/829 576/660 575/659 742/826 
f 576/660 745/829 746/830 579/663 
f 745/829 744/828 747/831 746/830 
f 748/832 749/833 746/830 747/831 
f 749/833 580/664 579/663 746/830 
f 580/664 749/833 750/834 583/667 
f 749/833 748/832 751/835 750/834 
f 752/836 753/837 750/834 751/835 
f 753/837 584/668 583/667 750/834 
f 584/668 753/837 754/838 587/671 
f 753/837 752/836 755/839 754/838 
f 756/840 757/841 754/838 755/839 
f 757/841 588/672 587/671 754/838 
f 1/1 758/842 759/843 590/674 
f 758/842 760/844 761/845 759/843 
f 592/676 590/674 759/843 761/845 
f 592/676 761/845 762/846 595/679 
f 761/845 760/844 763/847 762/846 
f 764/848 765/849 762/846 763/847 
f 765/849 596/680 595/679 762/846 
f 596/680 765/849 766/850 599/683 
f 765/849 764/848 767/851 766/850 
f 768/852 769/853 766/850 767/851 
f 769/853 600/684 599/683 766/850 
f 600/684 769/853 770/854 603/687 
f 769/853 768/852 771/855 770/854 
f 772/856 773/857 770/854 771/855 
f 773/857 604/688 603/687 770/854 
f 604/688 773/857 774/858 607/691 
f 773/857 772/856 775/859 774/858 
f 776/860 777/861 774/858 775/859 
f 777/861 608/692 607/691 774/858 
f 608/692 777/861 778/862 611/695 
f 777/861 776/860 779/863 778/862 
f 780/864 781/865 778/862 779/863 
f 781/865 612/696 611/695 778/862 
f 612/696 781/865 782/866 615/699 
f 781/865 780/864 783/867 782/866 
f 784/868 785/869 782/866 783/867 
f 785/869 616/700 615/699 782/866 
f 616/700 785/869 786/870 619/703 
f 785/869 784/868 787/871 786/870 
f 788/872 789/873 786/870 787/871 
f 789/873 620/704 619/703 786/870 
f 620/704 789/873 790/874 623/707 
f 789/873 788/872 791/875 790/874 
f 792/876 793/877 790/874 791/875 
f 793/877 624/708 623/707 790/874 
f 624/708 793/877 794/878 627/711 
f 793/877 792/876 795/879 794/878 
f 796/880 797/881 794/878 795/879 
f 797/881 628/712 627/711 794/878 
f 628/712 797/881 798/882 631/715 
f 797/881 796/880 799/883 798/882 
f 800/884 801/885 798/882 799/883 
f 801/885 632/716 631/715 798/882 
f 632/716 801/885 802/886 635/719 
f 801/885 800/884 803/887 802/886 
f 804/888 805/889 802/886 803/887 
f 805/889 636/720 635/719 802/886 
f 636/720 805/889 806/890 639/723 
f 805/889 804/888 807/891 806/890 
f 808/892 809/893 806/890 807/891 
f 809/893 640/724 639/723 806/890 
f 640/724 809/893 810/894 643/727 
f 809/893 808/892 811/895 810/894 
f 812/896 813/897 810/894 811/895 
f 813/897 644/728 643/727 810/894 
f 644/728 813/897 814/898 647/731 
f 813/897 812/896 815/899 814/898 
f 816/900 817/901 814/898 815/899 
f 817/901 648/732 647/731 814/898 
f 648/732 817/901 818/902 651/735 
f 817/901 816/900 819/903 818/902 
f 820/904 821/905 818/902 819/903 
f 821/905 652/736 651/735 818/902 
f 652/736 821/905 822/906 655/739 
f 821/905 820/904 823/907 822/906 
f 824/908 825/909 822/906 823/907 
f 825/909 656/740 655/739 822/906 
f 656/740 825/909 826/910 659/743 
f 825/909 824/908 827/911 826/910 
f 828/912 829/913 826/910 827/911 
f 829/913 660/744 659/743 826/910 
f 660/744 829/913 830/914 663/747 
f 829/913 828/912 831/915 830/914 
f 832/916 833/917 830/914 831/915 
f 833/917 664/748 663/747 830/914 
f 664/748 833/917 834/918 667/751 
f 833/917 832/916 835/919 834/918 
f 836/920 837/921 834/918 835/919 
f 837/921 668/752 667/751 834/918 
f 668/752 837/921 838/922 671/755 
f 837/921 836/920 839/923 838/922 
f 840/924 841/925 838/922 839/923 
f 841/925 672/756 671/755 838/922 
f 672/756 841/925 842/926 675/759 
f 841/925 840/924 843/927 842/926 
f 844/928 845/929 842/926 843/927 
f 845/929 676/760 675/759 842/926 
f 676/760 845/929 846/930 679/763 
f 845/929 844/928 847/931 846/930 
f 848/932 849/933 846/930 847/931 
f 849/933 680/764 679/763 846/930 
f 680/764 849/933 850/934 683/767 
f 849/933 848/932 851/935 850/934 
f 852/936 853/937 850/934 851/935 
f 853/937 684/768 683/767 850/934 
f 684/768 853/937 854/938 687/771 
f 853/937 852/936 855/939 854/938 
f 856/940 857/941 854/938 855/939 
f 857/941 688/772 687/771 854/938 
f 688/772 857/941 858/942 691/775 
f 857/941 856/940 859/943 858/942 
f 860/944 861/945 858/942 859/943 
f 861/945 692/776 691/775 858/942 
f 692/776 861/945 862/946 695/779 
f 861/945 860/944 863/947 862/946 
f 864/948 865/949 862/946 863/947 
f 865/949 696/780 695/779 862/946 
f 696/780 865/949 866/950 699/783 
f 865/949 864/948 867/951 866/950 
f 868/952 869/953 866/950 867/951 
f 869/953 700/784 699/783 866/950 
f 700/784 869/953 870/954 703/787 
f 869/953 868/952 871/955 870/954 
f 872/956 873/957 870/954 871/955 
f 873/957 704/788 703/787 870/954 
f 704/788 873/957 874/958 707/791 
f 873/957 872/956 875/959 874/958 
f 876/960 877/961 874/958 875/959 
f 877/961 708/792 707/791 874/958 
f 708/792 877/961 878/962 711/795 
f 877/961 876/960 879/963 878/962 
f 880/964 881/965 878/962 879/963 
f 881/965 712/796 711/795 878/962 
f 712/796 881/965 882/966 715/799 
f 881/965 880/964 883/967 882/966 
f 884/968 885/969 882/966 883/967 
f 885/969 716/800 715/799 882/966 
f 716/800 885/969 886/970 719/803 
f 885/969 884/968 887/971 886/970 
f 888/972 889/973 886/970 887/971 
f 889/973 720/804 719/803 886/970 
f 720/804 889/973 890/974 723/807 
f 889/973 888/972 891/975 890/974 
f 892/976 893/977 890/974 891/975 
f 893/977 724/808 723/807 890/974 
f 724/808 893/977 894/978 727/811 
f 893/977 892/976 895/979 894/978 
f 896/980 897/981 894/978 895/979 
f 897/981 728/812 727/811 894/978 
f 728/812 897/981 898/982 731/815 
f 897/981 896/980 899/983 898/982 
f 900/984 901/985 898/982 899/983 
f 901/985 732/816 731/815 898/982 
f 732/816 901/985 902/986 735/819 
f 901/985 900/984 903/987 902/986 
f 904/988 905/989 902/986 903/987 
f 905/989 736/820 735/819 902/986 
f 736/820 905/989 906/990 739/823 
f 905/989 904/988 907/991 906/990 
f 908/992 909/993 906/990 907/991 
f 909/993 740/824 739/823 906/990 
f 740/824 909/993 910/994 743/827 
f 909/993 908/992 911/995 910/994 
f 912/996 913/997 910/994 911/995 
f 913/997 744/828 743/827 910/994 
f 744/828 913/997 914/998 747/831 
f 913/997 912/996 915/999 914/998 
f 916/1000 917/1001 914/998 915/999 
f 917/1001 748/832 747/831 914/998 
f 748/832 917/1001 918/1002 751/835 
f 917/1001 916/1000 919/1003 918/1002 
f 920/1004 921/1005 918/1002 919/1003 
f 921/1005 752/836 751/835 918/1002 
f 752/836 921/1005 922/1006 755/839 
f 921/1005 920/1004 923/1007 922/1006 
f 924/1008 925/1009 922/1006 923/1007 
f 925/1009 756/840 755/839 922/1006 
f 1/1 926/1010 927/1011 758/842 
f 926/1010 928/1012 929/1013 927/1011 
f 760/844 758/842 927/1011 929/1013 
f 760/844 929/1013 930/1014 763/847 
f 929/1013 928/1012 931/1015 930/1014 
f 932/1016 933/1017 930/1014 931/1015 
f 933/1017 764/848 763/847 930/1014 
f 764/848 933/1017 934/1018 767/851 
f 933/1017 932/1016 935/1019 934/1018 
f 936/1020 937/1021 934/1018 935/1019 
f 937/1021 768/852 767/851 934/1018 
f 768/852 937/1021 938/1022 771/855 
f 937/1021 936/1020 939/1023 938/1022 
f 940/1024 941/1025 938/1022 939/1023 
f 941/1025 772/856 771/855 938/1022 
f 772/856 941/1025 942/1026 775/859 
f 941/1025 940/1024 943/1027 942/1026 
f 944/1028 945/1029 942/1026 943/1027 
f 945/1029 776/860 775/859 942/1026 
f 776/860 945/1029 946/1030 779/863 
f 945/1029 944/1028 947/1031 946/1030 
f 948/1032 949/1033 946/1030 947/1031 
f 949/1033 780/864 779/863 946/1030 
f 780/864 949/1033 950/1034 783/867 
f 949/1033 948/1032 951/1035 950/1034 
f 952/1036 953/1037 950/1034 951/1035 
f 953/1037 784/868 783/867 950/1034 
f 784/868 953/1037 954/1038 787/871 
f 953/1037 952/1036 955/1039 954/1038 
f 956/1040 957/1041 954/1038 955/1039 
f 957/1041 788/872 787/871 954/1038 
f 788/872 957/1041 958/1042 791/875 
f 957/1041 956/1040 959/1043 958/1042 
f 960/1044 961/1045 958/1042 959/1043 
f 961/1045 792/876 791/875 958/1042 
f 792/876 961/1045 962/1046 795/879 
f 961/1045 960/1044 963/1047 962/1046 
f 964/1048 965/1049 962/1046 963/1047 
f 965/1049 796/880 795/879 962/1046 
f 796/880 965/1049 966/1050 799/883 
f 965/1049 964/1048 967/1051 966/1050 
f 968/1052 969/1053 966/1050 967/1051 
f 969/1053 800/884 799/883 966/1050 
f 800/884 969/1053 970/1054 803/887 
f 969/1053 968/1052 971/1055 970/1054 
f 972/1056 973/1057 970/1054 971/1055 
f 973/1057 804/888 803/887 970/1054 
f 804/888 973/1057 974/1058 807/891 
f 973/1057 972/1056 975/1059 974/1058 
f 976/1060 977/1061 974/1058 975/1059 
f 977/1061 808/892 807/891 974/1058 
f 808/892 977/1061 978/1062 811/895 
f 977/1061 976/1060 979/1063 978/1062 
f 980/1064 981/1065 978/1062 979/1063 
f 981/1065 812/896 811/895 978/1062 
f 812/896 981/1065 982/1066 815/899 
f 981/1065 980/1064 983/1067 982/1066 
f 984/1068 985/1069 982/1066 983/1067 
f 985/1069 816/900 815/899 982/1066 
f 816/900 985/1069 986/1070 819/903 
f 985/1069 984/1068 987/1071 986/1070 
f 988/1072 989/1073 986/1070 987/1071 
f 989/1073 820/904 819/903 986/1070 
f 820/904 989/1073 990/1074 823/907 
f 989/1073 988/1072 991/1075 990/1074 
f 992/1076 993/1077 990/1074 991/1075 
f 993/1077 824/908 823/907 990/1074 
f 824/908 993/1077 994/1078 827/911 
f 993/1077 992/1076 995/1079 994/1078 
f 996/1080 997/1081 994/1078 995/1079 
f 997/1081 828/912 827/911 994/1078 
f 828/912 997/1081 998/1082 831/915 
f 997/1081 996/1080 999/1083 998/1082 
f 1000/1084 1001/1085 998/1082 999/1083 
f 1001/1085 832/916 831/915 998/1082 
f 832/916 1001/1085 1002/1086 835/919 
f 1001/1085 1000/1084 1003/1087 1002/1086 
f 1004/1088 1005/1089 1002/1086 1003/1087 
f 1005/1089 836/920 835/919 1002/1086 
f 836/920 1005/1089 1006/1090 839/923 
f 1005/1089 1004/1088 1007/1091 1006/1090 
f 1008/1092 1009/1093 1006/1090 1007/1091 
f 1009/1093 840/924 839/923 1006/1090 
f 840/924 1009/1093 1010/1094 843/927 
f 1009/1093 1008/1092 1011/1095 1010/1094 
f 1012/1096 1013/1097 1010/1094 1011/1095 
f 1013/1097 844/928 843/927 1010/1094 
f 844/928 1013/1097 1014/1098 847/931 
f 1013/1097 1012/1096 1015/1099 1014/1098 
f 1016/1100 1017/1101 1014/1098 1015/1099 
f 1017/1101 848/932 847/931 1014/1098 
f 848/932 1017/1101 1018/1102 851/935 
f 1017/1101 1016/1100 1019/1103 1018/1102 
f 1020/1104 1021/1105 1018/1102 1019/1103 
f 1021/1105 852/936 851/935 1018/1102 
f 852/936 1021/1105 1022/1106 855/939 
f 1021/1105 1020/1104 1023/1107 1022/1106 
f 1024/1108 1025/1109 1022/1106 1023/1107 
f 1025/1109 856/940 855/939 1022/1106 
f 856/940 1025/1109 1026/1110 859/943 
f 1025/1109 1024/1108 1027/1111 1026/1110 
f 1028/1112 1029/1113 1026/1110 1027/1111 
f 1029/1113 860/944 859/943 1026/1110 
f 860/944 1029/1113 1030/1114 863/947 
f 1029/1113 1028/1112 1031/1115 1030/1114 
f 1032/1116 1033/1117 1030/1114 1031/1115 
f 1033/1117 864/948 863/947 1030/1114 
f 864/948 1033/1117 1034/1118 867/951 
f 1033/1117 1032/1116 1035/1119 1034/1118 
f 1036/1120 1037/1121 1034/1118 1035/1119 
f 1037/1121 868/952 867/951 1034/1118 
f 868/952 1037/1121 1038/1122 871/955 
f 1037/1121 1036/1120 1039/1123 1038/1122 
f 1040/1124 1041/1125 1038/1122 1039/1123 
f 1041/1125 872/956 871/955 1038/1122 
f 872/956 1041/1125 1042/1126 875/959 
f 1041/1125 1040/1124 1043/1127 1042/1126 
f 1044/1128 1045/1129 1042/1126 1043/1127 
f 1045/1129 876/960 875/959 1042/1126 
f 876/960 1045/1129 1046/1130 879/963 
f 1045/1129 1044/1128 1047/1131 1046/1130 
f 1048/1132 1049/1133 1046/1130 1047/1131 
f 1049/1133 880/964 879/963 1046/1130 
f 880/964 1049/1133 1050/1134 883/967 
f 1049/1133 1048/1132 1051/1135 1050/1134 
f 1052/1136 1053/1137 1050/1134 1051/1135 
f 1053/1137 884/968 883/967 1050/1134 
f 884/968 1053/1137 1054/1138 887/971 
f 1053/1137 1052/1136 1055/1139 1054/1138 
f 1056/1140 1057/1141 1054/1138 1055/1139 
f 1057/1141 888/972 887/971 1054/1138 
f 888/972 1057/1141 1058/1142 891/975 
f 1057/1141 1056/1140 1059/1143 1058/1142 
f 1060/1144 1061/1145 1058/1142 1059/1143 
f 1061/1145 892/976 891/975 1058/1142 
f 892/976 1061/1145 1062/1146 895/979 
f 1061/1145 1060/1144 1063/1147 1062/1146 
f 1064/1148 1065/1149 1062/1146 1063/1147 
f 1065/1149 896/980 895/979 1062/1146 
f 896/980 1065/1149 1066/1150 899/983 
f 1065/1149 1064/1148 1067/1151 1066/1150 
f 1068/1152 1069/1153 1066/1150 1067/1151 
f 1069/1153 900/984 899/983 1066/1150 
f 900/984 1069/1153 1070/1154 903/987 
f 1069/1153 1068/1152 1071/1155 1070/1154 
f 1072/1156 1073/1157 1070/1154 1071/1155 
f 1073/1157 904/988 903/987 1070/1154 
f 904/988 1073/1157 1074/1158 907/991 
f 1073/1157 1072/1156 1075/1159 1074/1158 
f 1076/1160 1077/1161 1074/1158 1075/1159 
f 1077/1161 908/992 907/991 1074/1158 
f 908/992 1077/1161 1078/1162 911/995 
f 1077/1161 1076/1160 1079/1163 1078/1162 
f 1080/1164 1081/1165 1078/1162 1079/1163 
f 1081/1165 912/996 911/995 1078/1162 
f 912/996 1081/1165 1082/1166 915/999 
f 1081/1165 1080/1164 1083/1167 1082/1166 
f 1084/1168 1085/1169 1082/1166 1083/1167 
f 1085/1169 916/1000 915/999 1082/1166 
f 916/1000 1085/1169 1086/1170 919/1003 
f 1085/1169 1084/1168 1087/1171 1086/1170 
f 1088/1172 1089/1173 1086/1170 1087/1171 
f 1089/1173 920/1004 919/1003 1086/1170 
f 920/1004 1089/1173 1090/1174 923/1007 
f 1089/1173 1088/1172 1091/1175 1090/1174 
f 1092/1176 1093/1177 1090/1174 1091/1175 
f 1093/1177 924/1008 923/1007 1090/1174 
f 1/1 1094/1178 1095/1179 926/1010 
f 1094/1178 1096/1180 1097/1181 1095/1179 
f 928/1012 926/1010 1095/1179 1097/1181 
f 928/1012 1097/1181 1098/1182 931/1015 
f 1097/1181 1096/1180 1099/1183 1098/1182 
f 1100/1184 1101/1185 1098/1182 1099/1183 
f 1101/1185 932/1016 931/1015 1098/1182 
f 932/1016 1101/1185 1102/1186 935/1019 
f 1101/1185 1100/1184 1103/1187 1102/1186 
f 1104/1188 1105/1189 1102/1186 1103/1187 
f 1105/1189 936/1020 935/1019 1102/1186 
f 936/1020 1105/1189 1106/1190 939/1023 
f 1105/1189 1104/1188 1107/1191 1106/1190 
f 1108/1192 1109/1193 1106/1190 1107/1191 
f 1109/1193 940/1024 939/1023 1106/1190 
f 940/1024 1109/1193 1110/1194 943/1027 
f 1109/1193 1108/1192 1111/1195 1110/1194 
f 1112/1196 1113/1197 1110/1194 1111/1195 
f 1113/1197 944/1028 943/1027 1110/1194 
f 944/1028 1113/1197 1114/1198 947/1031 
f 1113/1197 1112/1196 1115/1199 1114/1198 
f 1116/1200 1117/1201 1114/1198 1115/1199 
f 1117/1201 948/1032 947/1031 1114/1198 
f 948/1032 1117/1201 1118/1202 951/1035 
f 1117/1201 1116/1200 1119/1203 1118/1202 
f 1120/1204 1121/1205 1118/1202 1119/1203 
f 1121/1205 952/1036 951/1035 1118/1202 
f 952/1036 1121/1205 1122/1206 955/1039 
f 1121/1205 1120/1204 1123/1207 1122/1206 
f 1124/1208 1125/1209 1122/1206 1123/1207 
f 1125/1209 956/1040 955/1039 1122/1206 
f 956/1040 1125/1209 1126/1210 959/1043 
f 1125/1209 1124/1208 1127/1211 1126/1210 
f 1128/1212 1129/1213 1126/1210 1127/1211 
f 1129/1213 960/1044 959/1043 1126/1210 
f 960/1044 1129/1213 1130/1214 963/1047 
f 1129/1213 1128/1212 1131/1215 1130/1214 
f 1132/1216 1133/1217 1130/1214 1131/1215 
f 1133/1217 964/1048 963/1047 1130/1214 
f 964/1048 1133/1217 1134/1218 967/1051 
f 1133/1217 1132/1216 1135/1219 1134/1218 
f 1136/1220 1137/1221 1134/1218 1135/1219 
f 1137/1221 968/1052 967/1051 1134/1218 
f 968/1052 1137/1221 1138/1222 971/1055 
f 1137/1221 1136/1220 1139/1223 1138/1222 
f 1140/1224 1141/1225 1138/1222 1139/1223 
f 1141/1225 972/1056 971/1055 1138/1222 
f 972/1056 1141/1225 1142/1226 975/1059 
f 1141/1225 1140/1224 1143/1227 1142/1226 
f 1144/1228 1145/1229 1142/1226 1143/1227 
f 1145/1229 976/1060 975/1059 1142/1226 
f 976/1060 1145/1229 1146/1230 979/1063 
f 1145/1229 1144/1228 1147/1231 1146/1230 
f 1148/1232 1149/1233 1146/1230 1147/1231 
f 1149/1233 980/1064 979/1063 1146/1230 
f 980/1064 1149/1233 1150/1234 983/1067 
f 1149/1233 1148/1232 1151/1235 1150/1234 
f 1152/1236 1153/1237 1150/1234 1151/1235 
f 1153/1237 984/1068 983/1067 1150/1234 
f 984/1068 1153/1237 1154/1238 987/1071 
f 1153/1237 1152/1236 1155/1239 1154/1238 
f 1156/1240 1157/1241 1154/1238 1155/1239 
f 1157/1241 988/1072 987/1071 1154/1238 
f 988/1072 1157/1241 1158/1242 991/1075 
f 1157/1241 1156/1240 1159/1243 1158/1242 
f 1160/1244 1161/1245 1158/1242 1159/1243 
f 1161/1245 992/1076 991/1075 1158/1242 
f 992/1076 1161/1245 1162/1246 995/1079 
f 1161/1245 1160/1244 1163/1247 1162/1246 
f 1164/1248 1165/1249 1162/1246 1163/1247 
f 1165/1249 996/1080 995/1079 1162/1246 
f 996/1080 1165/1249 1166/1250 999/1083 
f 1165/1249 1164/1248 1167/1251 1166/1250 
f 1168/1252 1169/1253 1166/1250 1167/1251 
f 1169/1253 1000/1084 999/1083 1166/1250 
f 1000/1084 1169/1253 1170/1254 1003/1087 
f 1169/1253 1168/1252 1171/1255 1170/1254 
f 1172/1256 1173/1257 1170/1254 1171/1255 
f 1173/1257 1004/1088 1003/1087 1170/1254 
f 1004/1088 1173/1257 1174/1258 1007/1091 
f 1173/1257 1172/1256 1175/1259 1174/1258 
f 1176/1260 1177/1261 1174/1258 1175/1259 
f 1177/1261 1008/1092 1007/1091 1174/1258 
f 1008/1092 1177/1261 1178/1262 1011/1095 
f 1177/1261 1176/1260 1179/1263 1178/1262 
f 1180/1264 1181/1265 1178/1262 1179/1263 
f 1181/1265 1012/1096 1011/1095 1178/1262 
f 1012/1096 1181/1265 1182/1266 1015/1099 
f 1181/1265 1180/1264 1183/1267 1182/1266 
f 1184/1268 1185/1269 1182/1266 1183/1267 
f 1185/1269 1016/1100 1015/1099 1182/1266 
f 1016/1100 1185/1269 1186/1270 1019/1103 
f 1185/1269 1184/1268 1187/1271 1186/1270 
f 1188/1272 1189/1273 1186/1270 1187/1271 
f 1189/1273 1020/1104 1019/1103 1186/1270 
f 1020/1104 1189/1273 1190/1274 1023/1107 
f 1189/1273 1188/1272 1191/1275 1190/1274 
f 1192/1276 1193/1277 1190/1274 1191/1275 
f 1193/1277 1024/1108 1023/1107 1190/1274 
f 1024/1108 1193/1277 1194/1278 1027/1111 
f 1193/1277 1192/1276 1195/1279 1194/1278 
f 1196/1280 1197/1281 1194/1278 1195/1279 
f 1197/1281 1028/1112 1027/1111 1194/1278 
f 1028/1112 1197/1281 1198/1282 1031/1115 
f 1197/1281 1196/1280 1199/1283 1198/1282 
f 1200/1284 1201/1285 1198/1282 1199/1283 
f 1201/1285 1032/1116 1031/1115 1198/1282 
f 1032/1116 1201/1285 1202/1286 1035/1119 
f 1201/1285 1200/1284 1203/1287 1202/1286 
f 1204/1288 1205/1289 1202/1286 1203/1287 
f 1205/1289 1036/1120 1035/1119 1202/1286 
f 1036/1120 1205/1289 1206/1290 1039/1123 
f 1205/1289 1204/1288 1207/1291 1206/1290 
f 1208/1292 1209/1293 1206/1290 1207/1291 
f 1209/1293 1040/1124 1039/1123 1206/1290 
f 1040/1124 1209/1293 1210/1294 1043/1127 
f 1209/1293 1208/1292 1211/1295 1210/1294 
f 1212/1296 1213/1297 1210/1294 1211/1295 
f 1213/1297 1044/1128 1043/1127 1210/1294 
f 1044/1128 1213/1297 1214/1298 1047/1131 
f 1213/1297 1212/1296 1215/1299 1214/1298 
f 1216/1300 1217/1301 1214/1298 1215/1299 
f 1217/1301 1048/1132 1047/1131 1214/1298 
f 1048/1132 1217/1301 1218/1302 1051/1135 
f 1217/1301 1216/1300 1219/1303 1218/1302 
f 1220/1304 1221/1305 1218/1302 1219/1303 
f 1221/1305 1052/1136 1051/1135 1218/1302 
f 1052/1136 1221/1305 1222/1306 1055/1139 
f 1221/1305 1220/1304 1223/1307 1222/1306 
f 1224/1308 1225/1309 1222/1306 1223/1307 
f 1225/1309 1056/1140 1055/1139 1222/1306 
f 1056/1140 1225/1309 1226/1310 1059/1143 
f 1225/1309 1224/1308 1227/1311 1226/1310 
f 1228/1312 1229/1313 1226/1310 1227/1311 
f 1229/1313 1060/1144 1059/1143 1226/1310 
f 1060/1144 1229/1313 1230/1314 1063/1147 
f 1229/1313 1228/1312 1231/1315 1230/1314 
f 1232/1316 1233/1317 1230/1314 1231/1315 
f 1233/1317 1064/1148 1063/1147 1230/1314 
f 1064/1148 1233/1317 1234/1318 1067/1151 
f 1233/1317 1232/1316 1235/1319 1234/1318 
f 1236/1320 1237/1321 1234/1318 1235/1319 
f 1237/1321 1068/1152 1067/1151 1234/1318 
f 1068/1152 1237/1321 1238/1322 1071/1155 
f 1237/1321 1236/1320 1239/1323 1238/1322 
f 1240/1324 1241/1325 1238/1322 1239/1323 
f 1241/1325 1072/1156 1071/1155 1238/1322 
f 1072/1156 1241/1325 1242/1326 1075/1159 
f 1241/1325 1240/1324 1243/1327 1242/1326 
f 1244/1328 1245/1329 1242/1326 1243/1327 
f 1245/1329 1076/1160 1075/1159 1242/1326 
f 1076/1160 1245/1329 1246/1330 1079/1163 
f 1245/1329 1244/1328 1247/1331 1246/1330 
f 1248/1332 1249/1333 1246/1330 1247/1331 
f 1249/1333 1080/1164 1079/1163 1246/1330 
f 1080/1164 1249/1333 1250/1334 1083/1167 
f 1249/1333 1248/1332 1251/1335 1250/1334 
f 1252/1336 1253/1337 1250/1334 1251/1335 
f 1253/1337 1084/1168 1083/1167 1250/1334 
f 1084/1168 1253/1337 1254/1338 1087/1171 
f 1253/1337 1252/1336 1255/1339 1254/1338 
f 1256/1340 1257/1341 1254/1338 1255/1339 
f 1257/1341 1088/1172 1087/1171 1254/1338 
f 1088/1172 1257/1341 1258/1342 1091/1175 
f 1257/1341 1256/1340 1259/1343 1258/1342 
f 1260/1344 1261/1345 1258/1342 1259/1343 
f 1261/1345 1092/1176 1091/1175 1258/1342 
f 1/1 1262/1346 1263/1347 1094/1178 
f 1262/1346 1264/1348 1265/1349 1263/1347 
f 1096/1180 1094/1178 1263/1347 1265/1349 
f 1096/1180 1265/1349 1266/1350 1099/1183 
f 1265/1349 1264/1348 1267/1351 1266/1350 
f 1268/1352 1269/1353 1266/1350 1267/1351 
f 1269/1353 1100/1184 1099/1183 1266/1350 
f 1100/1184 1269/1353 1270/1354 1103/1187 
f 1269/1353 1268/1352 1271/1355 1270/1354 
f 1272/1356 1273/1357 1270/1354 1271/1355 
f 1273/1357 1104/1188 1103/1187 1270/1354 
f 1104/1188 1273/1357 1274/1358 1107/1191 
f 1273/1357 1272/1356 1275/1359 1274/1358 
f 1276/1360 1277/1361 1274/1358 1275/1359 
f 1277/1361 1108/1192 1107/1191 1274/1358 
f 1108/1192 1277/1361 1278/1362 1111/1195 
f 1277/1361 1276/1360 1279/1363 1278/1362 
f 1280/1364 1281/1365 1278/1362 1279/1363 
f 1281/1365 1112/1196 1111/1195 1278/1362 
f 1112/1196 1281/1365 1282/1366 1115/1199 
f 1281/1365 1280/1364 1283/1367 1282/1366 
f 1284/1368 1285/1369 1282/1366 1283/1367 
f 1285/1369 1116/1200 1115/1199 1282/1366 
f 1116/1200 1285/1369 1286/1370 1119/1203 
f 1285/1369 1284/1368 1287/1371 1286/1370 
f 1288/1372 1289/1373 1286/1370 1287/1371 
f 1289/1373 1120/1204 1119/1203 1286/1370 
f 1120/1204 1289/1373 1290/1374 1123/1207 
f 1289/1373 1288/1372 1291/1375 1290/1374 
f 1292/1376 1293/1377 1290/1374 1291/1375 
f 1293/1377 1124/1208 1123/1207 1290/1374 
f 1124/1208 1293/1377 1294/1378 1127/1211 
f 1293/1377 1292/1376 1295/1379 1294/1378 
f 1296/1380 1297/1381 1294/1378 1295/1379 
f 1297/1381 1128/1212 1127/1211 1294/1378 
f 1128/1212 1297/1381 1298/1382 1131/1215 
f 1297/1381 1296/1380 1299/1383 1298/1382 
f 1300/1384 1301/1385 1298/1382 1299/1383 
f 1301/1385 1132/1216 1131/1215 1298/1382 
f 1132/1216 1301/1385 1302/1386 1135/1219 
f 1301/1385 1300/1384 1303/1387 1302/1386 
f 1304/1388 1305/1389 1302/1386 1303/1387 
f 1305/1389 1136/1220 1135/1219 1302/1386 
f 1136/1220 1305/1389 1306/1390 1139/1223 
f 1305/1389 1304/1388 1307/1391 1306/1390 
f 1308/1392 1309/1393 1306/1390 1307/1391 
f 1309/1393 1140/1224 1139/1223 1306/1390 
f 1140/1224 1309/1393 1310/1394 1143/1227 
f 1309/1393 1308/1392 1311/1395 1310/1394 
f 1312/1396 1313/1397 1310/1394 1311/1395 
f 1313/1397 1144/1228 1143/1227 1310/1394 
f 1144/1228 1313/1397 1314/1398 1147/1231 
f 1313/1397 1312/1396 1315/1399 1314/1398 
f 1316/1400 1317/1401 1314/1398 1315/1399 
f 1317/1401 1148/1232 1147/1231 1314/1398 
f 1148/1232 1317/1401 1318/1402 1151/1235 
f 1317/1401 1316/1400 1319/1403 1318/1402 
f 1320/1404 1321/1405 1318/1402 1319/1403 
f 1321/1405 1152/1236 1151/1235 1318/1402 
f 1152/1236 1321/1405 1322/1406 1155/1239 
f 1321/1405 1320/1404 1323/1407 1322/1406 
f 1324/1408 1325/1409 1322/1406 1323/1407 
f 1325/1409 1156/1240 1155/1239 1322/1406 
f 1156/1240 1325/1409 1326/1410 1159/1243 
f 1325/1409 1324/1408 1327/1411 1326/1410 
f 1328/1412 1329/1413 1326/1410 1327/1411 
f 1329/1413 1160/1244 1159/1243 1326/1410 
f 1160/1244 1329/1413 1330/1414 1163/1247 
f 1329/1413 1328/1412 1331/1415 1330/1414 
f 1332/1416 1333/1417 1330/1414 1331/1415 
f 1333/1417 1164/1248 1163/1247 1330/1414 
f 1164/1248 1333/1417 1334/1418 1167/1251 
f 1333/1417 1332/1416 1335/1419 1334/1418 
f 1336/1420 1337/1421 1334/1418 1335/1419 
f 1337/1421 1168/1252 1167/1251 1334/1418 
f 1168/1252 1337/1421 1338/1422 1171/1255 
f 1337/1421 1336/1420 1339/1423 1338/1422 
f 1340/1424 1341/1425 1338/1422 1339/1423 
f 1341/1425 1172/1256 1171/1255 1338/1422 
f 1172/1256 1341/1425 1342/1426 1175/1259 
f 1341/1425 1340/1424 1343/1427 1342/1426 
f 1344/1428 1345/1429 1342/1426 1343/1427 
f 1345/1429 1176/1260 1175/1259 1342/1426 
f 1176/1260 1345/1429 1346/1430 1179/1263 
f 1345/1429 1344/1428 1347/1431 1346/1430 
f 1348/1432 1349/1433 1346/1430 1347/1431 
f 1349/1433 1180/1264 1179/1263 1346/1430 
f 1180/1264 1349/1433 1350/1434 1183/1267 
f 1349/1433 1348/1432 1351/1435 1350/1434 
f 1352/1436 1353/1437 1350/1434 1351/1435 
f 1353/1437 1184/1268 1183/1267 1350/1434 
f 1184/1268 1353/1437 1354/1438 1187/1271 
f 1353/1437 1352/1436 1355/1439 1354/1438 
f 1356/1440 1357/1441 1354/1438 1355/1439 
f 1357/1441 1188/1272 1187/1271 1354/1438 
f 1188/1272 1357/1441 1358/1442 1191/1275 
f 1357/1441 1356/1440 1359/1443 1358/1442 
f 1360/1444 1361/1445 1358/1442 1359/1443 
f 1361/1445 1192/1276 1191/1275 1358/1442 
f 1192/1276 1361/1445 1362/1446 1195/1279 
f 1361/1445 1360/1444 1363/1447 1362/1446 
f 1364/1448 1365/1449 1362/1446 1363/1447 
f 1365/1449 1196/1280 1195/1279 1362/1446 
f 1196/1280 1365/1449 1366/1450 1199/1283 
f 1365/1449 1364/1448 1367/1451 1366/1450 
f 1368/1452 1369/1453 1366/1450 1367/1451 
f 1369/1453 1200/1284 1199/1283 1366/1450 
f 1200/1284 1369/1453 1370/1454 1203/1287 
f 1369/1453 1368/1452 1371/1455 1370/1454 
f 1372/1456 1373/1457 1370/1454 1371/1455 
f 1373/1457 1204/1288 1203/1287 1370/1454 
f 1204/1288 1373/1457 1374/1458 1207/1291 
f 1373/1457 1372/1456 1375/1459 1374/1458 
f 1376/1460 1377/1461 1374/1458 1375/1459 
f 1377/1461 1208/1292 1207/1291 1374/1458 
f 1208/1292 1377/1461 1378/1462 1211/1295 
f 1377/1461 1376/1460 1379/1463 1378/1462 
f 1380/1464 1381/1465 1378/1462 1379/1463 
f 1381/1465 1212/1296 1211/1295 1378/1462 
f 1212/1296 1381/1465 1382/1466 1215/1299 
f 1381/1465 1380/1464 1383/1467 1382/1466 
f 1384/1468 1385/1469 1382/1466 1383/1467 
f 1385/1469 1216/1300 1215/1299 1382/1466 
f 1216/1300 1385/1469 1386/1470 1219/1303 
f 1385/1469 1384/1468 1387/1471 1386/1470 
f 1388/1472 1389/1473 1386/1470 1387/1471 
f 1389/1473 1220/1304 1219/1303 1386/1470 
f 1220/1304 1389/1473 1390/1474 1223/1307 
f 1389/1473 1388/1472 1391/1475 1390/1474 
f 1392/1476 1393/1477 1390/1474 1391/1475 
f 1393/1477 1224/1308 1223/1307 1390/1474 
f 1224/1308 1393/1477 1394/1478 1227/1311 
f 1393/1477 1392/1476 1395/1479 1394/1478 
f 1396/1480 1397/1481 1394/1478 1395/1479 
f 1397/1481 1228/1312 1227/1311 1394/1478 
f 1228/1312 1397/1481 1398/1482 1231/1315 
f 1397/1481 1396/1480 1399/1483 1398/1482 
f 1400/1484 1401/1485 1398/1482 1399/1483 
f 1401/1485 1232/1316 1231/1315 1398/1482 
f 1232/1316 1401/1485 1402/1486 1235/1319 
f 1401/1485 1400/1484 1403/1487 1402/1486 
f 1404/1488 1405/1489 1402/1486 1403/1487 
f 1405/1489 1236/1320 1235/1319 1402/1486 
f 1236/1320 1405/1489 1406/1490 1239/1323 
f 1405/1489 1404/1488 1407/1491 1406/1490 
f 1408/1492 1409/1493 1406/1490 1407/1491 
f 1409/1493 1240/1324 1239/1323 1406/1490 
f 1240/1324 1409/1493 1410/1494 1243/1327 
f 1409/1493 1408/1492 1411/1495 1410/1494 
f 1412/1496 1413/1497 1410/1494 1411/1495 
f 1413/1497 1244/1328 1243/1327 1410/1494 
f 1244/1328 1413/1497 1414/1498 1247/1331 
f 1413/1497 1412/1496 1415/1499 1414/1498 
f 1416/1500 1417/1501 1414/1498 1415/1499 
f 1417/1501 1248/1332 1247/1331 1414/1498 
f 1248/1332 1417/1501 1418/1502 1251/1335 
f 1417/1501 1416/1500 1419/1503 1418/1502 
f 1420/1504 1421/1505 1418/1502 1419/1503 
f 1421/1505 1252/1336 1251/1335 1418/1502 
f 1252/1336 1421/1505 1422/1506 1255/1339 
f 1421/1505 1420/1504 1423/1507 1422/1506 
f 1424/1508 1425/1509 1422/1506 1423/1507 
f 1425/1509 1256/1340 1255/1339 1422/1506 
f 1256/1340 1425/1509 1426/1510 1259/1343 
f 1425/1509 1424/1508 1427/1511 1426/1510 
f 1428/1512 1429/1513 1426/1510 1427/1511 
f 1429/1513 1260/1344 1259/1343 1426/1510 
f 1/1 1430/1514 1431/1515 1262/1346 
f 1430/1514 1432/1516 1433/1517 1431/1515 
f 1264/1348 1262/1346 1431/1515 1433/1517 
f 1264/1348 1433/1517 1434/1518 1267/1351 
f 1433/1517 1432/1516 1435/1519 1434/1518 
f 1436/1520 1437/1521 1434/1518 1435/1519 
f 1437/1521 1268/1352 1267/1351 1434/1518 
f 1268/1352 1437/1521 1438/1522 1271/1355 
f 1437/1521 1436/1520 1439/1523 1438/1522 
f 1440/1524 1441/1525 1438/1522 1439/1523 
f 1441/1525 1272/1356 1271/1355 1438/1522 
f 1272/1356 1441/1525 1442/1526 1275/1359 
f 1441/1525 1440/1524 1443/1527 1442/1526 
f 1444/1528 1445/1529 1442/1526 1443/1527 
f 1445/1529 1276/1360 1275/1359 1442/1526 
f 1276/1360 1445/1529 1446/1530 1279/1363 
f 1445/1529 1444/1528 1447/1531 1446/1530 
f 1448/1532 1449/1533 1446/1530 1447/1531 
f 1449/1533 1280/1364 1279/1363 1446/1530 
f 1280/1364 1449/1533 1450/1534 1283/1367 
f 1449/1533 1448/1532 1451/1535 1450/1534 
f 1452/1536 1453/1537 1450/1534 1451/1535 
f 1453/1537 1284/1368 1283/1367 1450/1534 
f 1284/1368 1453/1537 1454/1538 1287/1371 
f 1453/1537 1452/1536 1455/1539 1454/1538 
f 1456/1540 1457/1541 1454/1538 1455/1539 
f 1457/1541 1288/1372 1287/1371 1454/1538 
f 1288/1372 1457/1541 1458/1542 1291/1375 
f 1457/1541 1456/1540 1459/1543 1458/1542 
f 1460/1544 1461/1545 1458/1542 1459/1543 
f 1461/1545 1292/1376 1291/1375 1458/1542 
f 1292/1376 1461/1545 1462/1546 1295/1379 
f 1461/1545 1460/1544 1463/1547 1462/1546 
f 1464/1548 1465/1549 1462/1546 1463/1547 
f 1465/1549 1296/1380 1295/1379 1462/1546 
f 1296/1380 1465/1549 1466/1550 1299/1383 
f 1465/1549 1464/1548 1467/1551 1466/1550 
f 1468/1552 1469/1553 1466/1550 1467/1551 
f 1469/1553 1300/1384 1299/1383 1466/1550 
f 1300/1384 1469/1553 1470/1554 1303/1387 
f 1469/1553 1468/1552 1471/1555 1470/1554 
f 1472/1556 1473/1557 1470/1554 1471/1555 
f 1473/1557 1304/1388 1303/1387 1470/1554 
f 1304/1388 1473/1557 1474/1558 1307/1391 
f 1473/1557 1472/1556 1475/1559 1474/1558 
f 1476/1560 1477/1561 1474/1558 1475/1559 
f 1477/1561 1308/1392 1307/1391 1474/1558 
f 1308/1392 1477/1561 1478/1562 1311/1395 
f 1477/1561 1476/1560 1479/1563 1478/1562 
f 1480/1564 1481/1565 1478/1562 1479/1563 
f 1481/1565 1312/1396 1311/1395 1478/1562 
f 1312/1396 1481/1565 1482/1566 1315/1399 
f 1481/1565 1480/1564 1483/1567 1482/1566 
f 1484/1568 1485/1569 1482/1566 1483/1567 
f 1485/1569 1316/1400 1315/1399 1482/1566 
f 1316/1400 1485/1569 1486/1570 1319/1403 
f 1485/1569 1484/1568 1487/1571 1486/1570 
f 1488/1572 1489/1573 1486/1570 1487/1571 
f 1489/1573 1320/1404 1319/1403 1486/1570 
f 1320/1404 1489/1573 1490/1574 1323/1407 
f 1489/1573 1488/1572 1491/1575 1490/1574 
f 1492/1576 1493/1577 1490/1574 1491/1575 
f 1493/1577 1324/1408 1323/1407 1490/1574 
f 1324/1408 1493/1577 1494/1578 1327/1411 
f 1493/1577 1492/1576 1495/1579 1494/1578 
f 1496/1580 1497/1581 1494/1578 1495/1579 
f 1497/1581 1328/1412 1327/1411 1494/1578 
f 1328/1412 1497/1581 1498/1582 1331/1415 
f 1497/1581 1496/1580 1499/1583 1498/1582 
f 1500/1584 1501/1585 1498/1582 1499/1583 
f 1501/1585 1332/1416 1331/1415 1498/1582 
f 1332/1416 1501/1585 1502/1586 1335/1419 
f 1501/1585 1500/1584 1503/1587 1502/1586 
f 1504/1588 1505/1589 1502/1586 1503/1587 
f 1505/1589 1336/1420 1335/1419 1502/1586 
f 1336/1420 1505/1589 1506/1590 1339/1423 
f 1505/1589 1504/1588 1507/1591 1506/1590 
f 1508/1592 1509/1593 1506/1590 1507/1591 
f 1509/1593 1340/1424 1339/1423 1506/1590 
f 1340/1424 1509/1593 1510/1594 1343/1427 
f 1509/1593 1508/1592 1511/1595 1510/1594 
f 1512/1596 1513/1597 1510/1594 1511/1595 
f 1513/1597 1344/1428 1343/1427 1510/1594 
f 1344/1428 1513/1597 1514/1598 1347/1431 
f 1513/1597 1512/1596 1515/1599 1514/1598 
f 1516/1600 1517/1601 1514/1598 1515/1599 
f 1517/1601 1348/1432 1347/1431 1514/1598 
f 1348/1432 1517/1601 1518/1602 1351/1435 
f 1517/1601 1516/1600 1519/1603 1518/1602 
f 1520/1604 1521/1605 1518/1602 1519/1603 
f 1521/1605 1352/1436 1351/1435 1518/1602 
f 1352/1436 1521/1605 1522/1606 1355/1439 
f 1521/1605 1520/1604 1523/1607 1522/1606 
f 1524/1608 1525/1609 1522/1606 1523/1607 
f 1525/1609 1356/1440 1355/1439 1522/1606 
f 1356/1440 1525/1609 1526/1610 1359/1443 
f 1525/1609 1524/1608 1527/1611 1526/1610 
f 1528/1612 1529/1613 1526/1610 1527/1611 
f 1529/1613 1360/1444 1359/1443 1526/1610 
f 1360/1444 1529/1613 1530/1614 1363/1447 
f 1529/1613 1528/1612 1531/1615 1530/1614 
f 1532/1616 1533/1617 1530/1614 1531/1615 
f 1533/1617 1364/1448 1363/1447 1530/1614 
f 1364/1448 1533/1617 1534/1618 1367/1451 
f 1533/1617 1532/1616 1535/1619 1534/1618 
f 1536/1620 1537/1621 1534/1618 1535/1619 
f 1537/1621 1368/1452 1367/1451 1534/1618 
f 1368/1452 1537/1621 1538/1622 1371/1455 
f 1537/1621 1536/1620 1539/1623 1538/1622 
f 1540/1624 1541/1625 1538/1622 1539/1623 
f 1541/1625 1372/1456 1371/1455 1538/1622 
f 1372/1456 1541/1625 1542/1626 1375/1459 
f 1541/1625 1540/1624 1543/1627 1542/1626 
f 1544/1628 1545/1629 1542/1626 1543/1627 
f 1545/1629 1376/1460 1375/1459 1542/1626 
f 1376/1460 1545/1629 1546/1630 1379/1463 
f 1545/1629 1544/1628 1547/1631 1546/1630 
f 1548/1632 1549/1633 1546/1630 1547/1631 
f 1549/1633 1380/1464 1379/1463 1546/1630 
f 1380/1464 1549/1633 1550/1634 1383/1467 
f 1549/1633 1548/1632 1551/1635 1550/1634 
f 1552/1636 1553/1637 1550/1634 1551/1635 
f 1553/1637 1384/1468 1383/1467 1550/1634 
f 1384/1468 1553/1637 1554/1638 1387/1471 
f 1553/1637 1552/1636 1555/1639 1554/1638 
f 1556/1640 1557/1641 1554/1638 1555/1639 
f 1557/1641 1388/1472 1387/1471 1554/1638 
f 1388/1472 1557/1641 1558/1642 1391/1475 
f 1557/1641 1556/1640 1559/1643 1558/1642 
f 1560/1644 1561/1645 1558/1642 1559/1643 
f 1561/1645 1392/1476 1391/1475 1558/1642 
f 1392/1476 1561/1645 1562/1646 1395/1479 
f 1561/1645 1560/1644 1563/1647 1562/1646 
f 1564/1648 1565/1649 1562/1646 1563/1647 
f 1565/1649 1396/1480 1395/1479 1562/1646 
f 1396/1480 1565/1649 1566/1650 1399/1483 
f 1565/1649 1564/1648 1567/1651 1566/1650 
f 1568/1652 1569/1653 1566/1650 1567/1651 
f 1569/1653 1400/1484 1399/1483 1566/1650 
f 1400/1484 1569/1653 1570/1654 1403/1487 
f 1569/1653 1568/1652 1571/1655 1570/1654 
f 1572/1656 1573/1657 1570/1654 1571/1655 
f 1573/1657 1404/1488 1403/1487 1570/1654 
f 1404/1488 1573/1657 1574/1658 1407/1491 
f 1573/1657 1572/1656 1575/1659 1574/1658 
f 1576/1660 1577/1661 1574/1658 1575/1659 
f 1577/1661 1408/1492 1407/1491 1574/1658 
f 1408/1492 1577/1661 1578/1662 1411/1495 
f 1577/1661 1576/1660 1579/1663 1578/1662 
f 1580/1664 1581/1665 1578/1662 1579/1663 
f 1581/1665 1412/1496 1411/1495 1578/1662 
f 1412/1496 1581/1665 1582/1666 1415/1499 
f 1581/1665 1580/1664 1583/1667 1582/1666 
f 1584/1668 1585/1669 1582/1666 1583/1667 
f 1585/1669 1416/1500 1415/1499 1582/1666 
f 1416/1500 1585/1669 1586/1670 1419/1503 
f 1585/1669 1584/1668 1587/1671 1586/1670 
f 1588/1672 1589/1673 1586/1670 1587/1671 
f 1589/1673 1420/1504 1419/1503 1586/1670 
f 1420/1504 1589/1673 1590/1674 1423/1507 
f 1589/1673 1588/1672 1591/1675 1590/1674 
f 1592/1676 1593/1677 1590/1674 1591/1675 
f 1593/1677 1424/1508 1423/1507 1590/1674 
f 1424/1508 1593/1677 1594/1678 1427/1511 
f 1593/1677 1592/1676 1595/1679 1594/1678 
f 1596/1680 1597/1681 1594/1678 1595/1679 
f 1597/1681 1428/1512 1427/1511 1594/1678 
f 1/1 1598/1682 1599/1683 1430/1514 
f 1598/1682 1600/1684 1601/1685 1599/1683 
f 1432/1516 1430/1514 1599/1683 1601/1685 
f 1432/1516 1601/1685 1602/1686 1435/1519 
f 1601/1685 1600/1684 1603/1687 1602/1686 
f 1604/1688 1605/1689 1602/1686 1603/1687 
f 1605/1689 1436/1520 1435/1519 1602/1686 
f 1436/1520 1605/1689 1606/1690 1439/1523 
f 1605/1689 1604/1688 1607/1691 1606/1690 
f 1608/1692 1609/1693 1606/1690 1607/1691 
f 1609/1693 1440/1524 1439/1523 1606/1690 
f 1440/1524 1609/1693 1610/1694 1443/1527 
f 1609/1693 1608/1692 1611/1695 1610/1694 
f 1612/1696 1613/1697 1610/1694 1611/1695 
f 1613/1697 1444/1528 1443/1527 1610/1694 
f 1444/1528 1613/1697 1614/1698 1447/1531 
f 1613/1697 1612/1696 1615/1699 1614/1698 
f 1616/1700 1617/1701 1614/1698 1615/1699 
f 1617/1701 1448/1532 1447/1531 1614/1698 
f 1448/1532 1617/1701 1618/1702 1451/1535 
f 1617/1701 1616/1700 1619/1703 1618/1702 
f 1620/1704 1621/1705 1618/1702 1619/1703 
f 1621/1705 1452/1536 1451/1535 1618/1702 
f 1452/1536 1621/1705 1622/1706 1455/1539 
f 1621/1705 1620/1704 1623/1707 1622/1706 
f 1624/1708 1625/1709 1622/1706 1623/1707 
f 1625/1709 1456/1540 1455/1539 1622/1706 
f 1456/1540 1625/1709 1626/1710 1459/1543 
f 1625/1709 1624/1708 1627/1711 1626/1710 
f 1628/1712 1629/1713 1626/1710 1627/1711 
f 1629/1713 1460/1544 1459/1543 1626/1710 
f 1460/1544 1629/1713 1630/1714 1463/1547 
f 1629/1713 1628/1712 1631/1715 1630/1714 
f 1632/1716 1633/1717 1630/1714 1631/1715 
f 1633/1717 1464/1548 1463/1547 1630/1714 
f 1464/1548 1633/1717 1634/1718 1467/1551 
f 1633/1717 1632/1716 1635/1719 1634/1718 
f 1636/1720 1637/1721 1634/1718 1635/1719 
f 1637/1721 1468/1552 1467/1551 1634/1718 
f 1468/1552 1637/1721 1638/1722 1471/1555 
f 1637/1721 1636/1720 1639/1723 1638/1722 
f 1640/1724 1641/1725 1638/1722 1639/1723 
f 1641/1725 1472/1556 1471/1555 1638/1722 
f 1472/1556 1641/1725 1642/1726 1475/1559 
f 1641/1725 1640/1724 1643/1727 1642/1726 
f 1644/1728 1645/1729 1642/1726 1643/1727 
f 1645/1729 1476/1560 1475/1559 1642/1726 
f 1476/1560 1645/1729 1646/1730 1479/1563 
f 1645/1729 1644/1728 1647/1731 1646/1730 
f 1648/1732 1649/1733 1646/1730 1647/1731 
f 1649/1733 1480/1564 1479/1563 1646/1730 
f 1480/1564 1649/1733 1650/1734 1483/1567 
f 1649/1733 1648/1732 1651/1735 1650/1734 
f 1652/1736 1653/1737 1650/1734 1651/1735 
f 1653/1737 1484/1568 1483/1567 1650/1734 
f 1484/1568 1653/1737 1654/1738 1487/1571 
f 1653/1737 1652/1736 1655/1739 1654/1738 
f 1656/1740 1657/1741 1654/1738 1655/1739 
f 1657/1741 1488/1572 1487/1571 1654/1738 
f 1488/1572 1657/1741 1658/1742 1491/1575 
f 1657/1741 1656/1740 1659/1743 1658/1742 
f 1660/1744 1661/1745 1658/1742 1659/1743 
f 1661/1745 1492/1576 1491/1575 1658/1742 
f 1492/1576 1661/1745 1662/1746 1495/1579 
f 1661/1745 1660/1744 1663/1747 1662/1746 
f 1664/1748 1665/1749 1662/1746 1663/1747 
f 1665/1749 1496/1580 1495/1579 1662/1746 
f 1496/1580 1665/1749 1666/1750 1499/1583 
f 1665/1749 1664/1748 1667/1751 1666/1750 
f 1668/1752 1669/1753 1666/1750 1667/1751 
f 1669/1753 1500/1584 1499/1583 1666/1750 
f 1500/1584 1669/1753 1670/1754 1503/1587 
f 1669/1753 1668/1752 1671/1755 1670/1754 
f 1672/1756 1673/1757 1670/1754 1671/1755 
f 1673/1757 1504/1588 1503/1587 1670/1754 
f 1504/1588 1673/1757 1674/1758 1507/1591 
f 1673/1757 1672/1756 1675/1759 1674/1758 
f 1676/1760 1677/1761 1674/1758 1675/1759 
f 1677/1761 1508/1592 1507/1591 1674/1758 
f 1508/1592 1677/1761 1678/1762 1511/1595 
f 1677/1761 1676/1760 1679/1763 1678/1762 
f 1680/1764 1681/1765 1678/1762 1679/1763 
f 1681/1765 1512/1596 1511/1595 1678/1762 
f 1512/1596 1681/1765 1682/1766 1515/1599 
f 1681/1765 1680/1764 1683/1767 1682/1766 
f 1684/1768 1685/1769 1682/1766 1683/1767 
f 1685/1769 1516/1600 1515/1599 1682/1766 
f 1516/1600 1685/1769 1686/1770 1519/1603 
f 1685/1769 1684/1768 1687/1771 1686/1770 
f 1688/1772 1689/1773 1686/1770 1687/1771 
f 1689/1773 1520/1604 1519/1603 1686/1770 
f 1520/1604 1689/1773 1690/1774 1523/1607 
f 1689/1773 1688/1772 1691/1775 1690/1774 
f 1692/1776 1693/1777 1690/1774 1691/1775 
f 1693/1777 1524/1608 1523/1607 1690/1774 
f 1524/1608 1693/1777 1694/1778 1527/1611 
f 1693/1777 1692/1776 1695/1779 1694/1778 
f 1696/1780 1697/1781 1694/1778 1695/1779 
f 1697/1781 1528/1612 1527/1611 1694/1778 
f 1528/1612 1697/1781 1698/1782 1531/1615 
f 1697/1781 1696/1780 1699/1783 1698/1782 
f 1700/1784 1701/1785 1698/1782 1699/1783 
f 1701/1785 1532/1616 1531/1615 1698/1782 
f 1532/1616 1701/1785 1702/1786 1535/1619 
f 1701/1785 1700/1784 1703/1787 1702/1786 
f 1704/1788 1705/1789 1702/1786 1703/1787 
f 1705/1789 1536/1620 1535/1619 1702/1786 
f 1536/1620 1705/1789 1706/1790 1539/1623 
f 1705/1789 1704/1788 1707/1791 1706/1790 
f 1708/1792 1709/1793 1706/1790 1707/1791 
f 1709/1793 1540/1624 1539/1623 1706/1790 
f 1540/1624 1709/1793 1710/1794 1543/1627 
f 1709/1793 1708/1792 1711/1795 1710/1794 
f 1712/1796 1713/1797 1710/1794 1711/1795 
f 1713/1797 1544/1628 1543/1627 1710/1794 
f 1544/1628 1713/1797 1714/1798 1547/1631 
f 1713/1797 1712/1796 1715/1799 1714/1798 
f 1716/1800 1717/1801 1714/1798 1715/1799 
f 1717/1801 1548/1632 1547/1631 1714/1798 
f 1548/1632 1717/1801 1718/1802 1551/1635 
f 1717/1801 1716/1800 1719/1803 1718/1802 
f 1720/1804 1721/1805 1718/1802 1719/1803 
f 1721/1805 1552/1636 1551/1635 1718/1802 
f 1552/1636 1721/1805 1722/1806 1555/1639 
f 1721/1805 1720/1804 1723/1807 1722/1806 
f 1724/1808 1725/1809 1722/1806 1723/1807 
f 1725/1809 1556/1640 1555/1639 1722/1806 
f 1556/1640 1725/1809 1726/1810 1559/1643 
f 1725/1809 1724/1808 1727/1811 1726/1810 
f 1728/1812 1729/1813 1726/1810 1727/1811 
f 1729/1813 1560/1644 1559/1643 1726/1810 
f 1560/1644 1729/1813 1730/1814 1563/1647 
f 1729/1813 1728/1812 1731/1815 1730/1814 
f 1732/1816 1733/1817 1730/1814 1731/1815 
f 1733/1817 1564/1648 1563/1647 1730/1814 
f 1564/1648 1733/1817 1734/1818 1567/1651 
f 1733/1817 1732/1816 1735/1819 1734/1818 
f 1736/1820 1737/1821 1734/1818 1735/1819 
f 1737/1821 1568/1652 1567/1651 1734/1818 
f 1568/1652 1737/1821 1738/1822 1571/1655 
f 1737/1821 1736/1820 1739/1823 1738/1822 
f 1740/1824 1741/1825 1738/1822 1739/1823 
f 1741/1825 1572/1656 1571/1655 1738/1822 
f 1572/1656 1741/1825 1742/1826 1575/1659 
f 1741/1825 1740/1824 1743/1827 1742/1826 
f 1744/1828 1745/1829 1742/1826 1743/1827 
f 1745/1829 1576/1660 1575/1659 1742/1826 
f 1576/1660 1745/1829 1746/1830 1579/1663 
f 1745/1829 1744/1828 1747/1831 1746/1830 
f 1748/1832 1749/1833 1746/1830 1747/1831 
f 1749/1833 1580/1664 1579/1663 1746/1830 
f 1580/1664 1749/1833 1750/1834 1583/1667 
f 1749/1833 1748/1832 1751/1835 1750/1834 
f 1752/1836 1753/1837 1750/1834 1751/1835 
f 1753/1837 1584/1668 1583/1667 1750/1834 
f 1584/1668 1753/1837 1754/1838 1587/1671 
f 1753/1837 1752/1836 1755/1839 1754/1838 
f 1756/1840 1757/1841 1754/1838 1755/1839 
f 1757/1841 1588/1672 1587/1671 1754/1838 
f 1588/1672 1757/1841 1758/1842 1591/1675 
f 1757/1841 1756/1840 1759/1843 1758/1842 
f 1760/1844 1761/1845 1758/1842 1759/1843 
f 1761/1845 1592/1676 1591/1675 1758/1842 
f 1592/1676 1761/1845 1762/1846 1595/1679 
f 1761/1845 1760/1844 1763/1847 1762/1846 
f 1764/1848 1765/1849 1762/1846 1763/1847 
f 1765/1849 1596/1680 1595/1679 1762/1846 
f 1/1 1766/1850 1767/1851 1598/1682 
f 1766/1850 1768/1852 1769/1853 1767/1851 
f 1600/1684 1598/1682 1767/1851 1769/1853 
f 1600/1684 1769/1853 1770/1854 1603/1687 
f 1769/1853 1768/1852 1771/1855 1770/1854 
f 1772/1856 1773/1857 1770/1854 1771/1855 
f 1773/1857 1604/1688 1603/1687 1770/1854 
f 1604/1688 1773/1857 1774/1858 1607/1691 
f 1773/1857 1772/1856 1775/1859 1774/1858 
f 1776/1860 1777/1861 1774/1858 1775/1859 
f 1777/1861 1608/1692 1607/1691 1774/1858 
f 1608/1692 1777/1861 1778/1862 1611/1695 
f 1777/1861 1776/1860 1779/1863 1778/1862 
f 1780/1864 1781/1865 1778/1862 1779/1863 
f 1781/1865 1612/1696 1611/1695 1778/1862 
f 1612/1696 1781/1865 1782/1866 1615/1699 
f 1781/1865 1780/1864 1783/1867 1782/1866 
f 1784/1868 1785/1869 1782/1866 1783/1867 
f 1785/1869 1616/1700 1615/1699 1782/1866 
f 1616/1700 1785/1869 1786/1870 1619/1703 
f 1785/1869 1784/1868 1787/1871 1786/1870 
f 1788/1872 1789/1873 1786/1870 1787/1871 
f 1789/1873 1620/1704 1619/1703 1786/1870 
f 1620/1704 1789/1873 1790/1874 1623/1707 
f 1789/1873 1788/1872 1791/1875 1790/1874 
f 1792/1876 1793/1877 1790/1874 1791/1875 
f 1793/1877 1624/1708 1623/1707 1790/1874 
f 1624/1708 1793/1877 1794/1878 1627/1711 
f 1793/1877 1792/1876 1795/1879 1794/1878 
f 1796/1880 1797/1881 1794/1878 1795/1879 
f 1797/1881 1628/1712 1627/1711 1794/1878 
f 1628/1712 1797/1881 1798/1882 1631/1715 
f 1797/1881 1796/1880 1799/1883 1798/1882 
f 1800/1884 1801/1885 1798/1882 1799/1883 
f 1801/1885 1632/1716 1631/1715 1798/1882 
f 1632/1716 1801/1885 1802/1886 1635/1719 
f 1801/1885 1800/1884 1803/1887 1802/1886 
f 1804/1888 1805/1889 1802/1886 1803/1887 
f 1805/1889 1636/1720 1635/1719 1802/1886 
f 1636/1720 1805/1889 1806/1890 1639/1723 
f 1805/1889 1804/1888 1807/1891 1806/1890 
f 1808/1892 1809/1893 1806/1890 1807/1891 
f 1809/1893 1640/1724 1639/1723 1806/1890 
f 1640/1724 1809/1893 1810/1894 1643/1727 
f 1809/1893 1808/1892 1811/1895 1810/1894 
f 1812/1896 1813/1897 1810/1894 1811/1895 
f 1813/1897 1644/1728 1643/1727 1810/1894 
f 1644/1728 1813/1897 1814/1898 1647/1731 
f 1813/1897 1812/1896 1815/1899 1814/1898 
f 1816/1900 1817/1901 1814/1898 1815/1899 
f 1817/1901 1648/1732 1647/1731 1814/1898 
f 1648/1732 1817/1901 1818/1902 1651/1735 
f 1817/1901 1816/1900 1819/1903 1818/1902 
f 1820/1904 1821/1905 1818/1902 1819/1903 
f 1821/1905 1652/1736 1651/1735 1818/1902 
f 1652/1736 1821/1905 1822/1906 1655/1739 
f 1821/1905 1820/1904 1823/1907 1822/1906 
f 1824/1908 1825/1909 1822/1906 1823/1907 
f 1825/1909 1656/1740 1655/1739 1822/1906 
f 1656/1740 1825/1909 1826/1910 1659/1743 
f 1825/1909 1824/1908 1827/1911 1826/1910 
f 1828/1912 1829/1913 1826/1910 1827/1911 
f 1829/1913 1660/1744 1659/1743 1826/1910 
f 1660/1744 1829/1913 1830/1914 1663/1747 
f 1829/1913 1828/1912 1831/1915 1830/1914 
f 1832/1916 1833/1917 1830/1914 1831/1915 
f 1833/1917 1664/1748 1663/1747 1830/1914 
f 1664/1748 1833/1917 1834/1918 1667/1751 
f 1833/1917 1832/1916 1835/1919 1834/1918 
f 1836/1920 1837/1921 1834/1918 1835/1919 
f 1837/1921 1668/1752 1667/1751 1834/1918 
f 1668/1752 1837/1921 1838/1922 1671/1755 
f 1837/1921 1836/1920 1839/1923 1838/1922 
f 1840/1924 1841/1925 1838/1922 1839/1923 
f 1841/1925 1672/1756 1671/1755 1838/1922 
f 1672/1756 1841/1925 1842/1926 1675/1759 
f 1841/1925 1840/1924 1843/1927 1842/1926 
f 1844/1928 1845/1929 1842/1926 1843/1927 
f 1845/1929 1676/1760 1675/1759 1842/1926 
f 1676/1760 1845/1929 1846/1930 1679/1763 
f 1845/1929 1844/1928 1847/1931 1846/1930 
f 1848/1932 1849/1933 1846/1930 1847/1931 
f 1849/1933 1680/1764 1679/1763 1846/1930 
f 1680/1764 1849/1933 1850/1934 1683/1767 
f 1849/1933 1848/1932 1851/1935 1850/1934 
f 1852/1936 1853/1937 1850/1934 1851/1935 
f 1853/1937 1684/1768 1683/1767 1850/1934 
f 1684/1768 1853/1937 1854/1938 1687/1771 
f 1853/1937 1852/1936 1855/1939 1854/1938 
f 1856/1940 1857/1941 1854/1938 1855/1939 
f 1857/1941 1688/1772 1687/1771 1854/1938 
f 1688/1772 1857/1941 1858/1942 1691/1775 
f 1857/1941 1856/1940 1859/1943 1858/1942 
f 1860/1944 1861/1945 1858/1942 1859/1943 
f 1861/1945 1692/1776 1691/1775 1858/1942 
f 1692/1776 1861/1945 1862/1946 1695/1779 
f 1861/1945 1860/1944 1863/1947 1862/1946 
f 1864/1948 1865/1949 1862/1946 1863/1947 
f 1865/1949 1696/1780 1695/1779 1862/1946 
f 1696/1780 1865/1949 1866/1950 1699/1783 
f 1865/1949 1864/1948 1867/1951 1866/1950 
f 1868/1952 1869/1953 1866/1950 1867/1951 
f 1869/1953 1700/1784 1699/1783 1866/1950 
f 1700/1784 1869/1953 1870/1954 1703/1787 
f 1869/1953 1868/1952 1871/1955 1870/1954 
f 1872/1956 1873/1957 1870/1954 1871/1955 
f 1873/1957 1704/1788 1703/1787 1870/1954 
f 1704/1788 1873/1957 1874/1958 1707/1791 
f 1873/1957 1872/1956 1875/1959 1874/1958 
f 1876/1960 1877/1961 1874/1958 1875/1959 
f 1877/1961 1708/1792 1707/1791 1874/1958 
f 1708/1792 1877/1961 1878/1962 1711/1795 
f 1877/1961 1876/1960 1879/1963 1878/1962 
f 1880/1964 1881/1965 1878/1962 1879/1963 
f 1881/1965 1712/1796 1711/1795 1878/1962 
f 1712/1796 1881/1965 1882/1966 1715/1799 
f 1881/1965 1880/1964 1883/1967 1882/1966 
f 1884/1968 1885/1969 1882/1966 1883/1967 
f 1885/1969 1716/1800 1715/1799 1882/1966 
f 1716/1800 1885/1969 1886/1970 1719/1803 
f 1885/1969 1884/1968 1887/1971 1886/1970 
f 1888/1972 1889/1973 1886/1970 1887/1971 
f 1889/1973 1720/1804 1719/1803 1886/1970 
f 1720/1804 1889/1973 1890/1974 1723/1807 
f 1889/1973 1888/1972 1891/1975 1890/1974 
f 1892/1976 1893/1977 1890/1974 1891/1975 
f 1893/1977 1724/1808 1723/1807 1890/1974 
f 1724/1808 1893/1977 1894/1978 1727/1811 
f 1893/1977 1892/1976 1895/1979 1894/1978 
f 1896/1980 1897/1981 1894/1978 1895/1979 
f 1897/1981 1728/1812 1727/1811 1894/1978 
f 1728/1812 1897/1981 1898/1982 1731/1815 
f 1897/1981 1896/1980 1899/1983 1898/1982 
f 1900/1984 1901/1985 1898/1982 1899/1983 
f 1901/1985 1732/1816 1731/1815 1898/1982 
f 1732/1816 1901/1985 1902/1986 1735/1819 
f 1901/1985 1900/1984 1903/1987 1902/1986 
f 1904/1988 1905/1989 1902/1986 1903/1987 
f 1905/1989 1736/1820 1735/1819 1902/1986 
f 1736/1820 1905/1989 1906/1990 1739/1823 
f 1905/1989 1904/1988 1907/1991 1906/1990 
f 1908/1992 1909/1993 1906/1990 1907/1991 
f 1909/1993 1740/1824 1739/1823 1906/1990 
f 1740/1824 1909/1993 1910/1994 1743/1827 
f 1909/1993 1908/1992 1911/1995 1910/1994 
f 1912/1996 1913/1997 1910/1994 1911/1995 
f 1913/1997 1744/1828 1743/1827 1910/1994 
f 1744/1828 1913/1997 1914/1998 1747/1831 
f 1913/1997 1912/1996 1915/1999 1914/1998 
f 1916/2000 1917/2001 1914/1998 1915/1999 
f 1917/2001 1748/1832 1747/1831 1914/1998 
f 1748/1832 1917/2001 1918/2002 1751/1835 
f 1917/2001 1916/2000 1919/2003 1918/2002 
f 1920/2004 1921/2005 1918/2002 1919/2003 
f 1921/2005 1752/1836 1751/1835 1918/2002 
f 1752/1836 1921/2005 1922/2006 1755/1839 
f 1921/2005 1920/2004 1923/2007 1922/2006 
f 1924/2008 1925/2009 1922/2006 1923/2007 
f 1925/2009 1756/1840 1755/1839 1922/2006 
f 1756/1840 1925/2009 1926/2010 1759/1843 
f 1925/2009 1924/2008 1927/2011 1926/2010 
f 1928/2012 1929/2013 1926/2010 1927/2011 
f 1929/2013 1760/1844 1759/1843 1926/2010 
f 1760/1844 1929/2013 1930/2014 1763/1847 
f 1929/2013 1928/2012 1931/2015 1930/2014 
f 1932/2016 1933/2017 1930/2014 1931/2015 
f 1933/2017 1764/1848 1763/1847 1930/2014 
f 1/1 1934/2018 1935/2019 1766/1850 
f 1934/2018 1936/2020 1937/2021 1935/2019 
f 1768/1852 1766/1850 1935/2019 1937/2021 
f 1768/1852 1937/2021 1938/2022 1771/1855 
f 1937/2021 1936/2020 1939/2023 1938/2022 
f 1940/2024 1941/2025 1938/2022 1939/2023 
f 1941/2025 1772/1856 1771/1855 1938/2022 
f 1772/1856 1941/2025 1942/2026 1775/1859 
f 1941/2025 1940/2024 1943/2027 1942/2026 
f 1944/2028 1945/2029 1942/2026 1943/2027 
f 1945/2029 1776/1860 1775/1859 1942/2026 
f 1776/1860 1945/2029 1946/2030 1779/1863 
f 1945/2029 1944/2028 1947/2031 1946/2030 
f 1948/2032 1949/2033 1946/2030 1947/2031 
f 1949/2033 1780/1864 1779/1863 1946/2030 
f 1780/1864 1949/2033 1950/2034 1783/1867 
f 1949/2033 1948/2032 1951/2035 1950/2034 
f 1952/2036 1953/2037 1950/2034 1951/2035 
f 1953/2037 1784/1868 1783/1867 1950/2034 
f 1784/1868 1953/2037 1954/2038 1787/1871 
f 1953/2037 1952/2036 1955/2039 1954/2038 
f 1956/2040 1957/2041 1954/2038 1955/2039 
f 1957/2041 1788/1872 1787/1871 1954/2038 
f 1788/1872 1957/2041 1958/2042 1791/1875 
f 1957/2041 1956/2040 1959/2043 1958/2042 
f 1960/2044 1961/2045 1958/2042 1959/2043 
f 1961/2045 1792/1876 1791/1875 1958/2042 
f 1792/1876 1961/2045 1962/2046 1795/1879 
f 1961/2045 1960/2044 1963/2047 1962/2046 
f 1964/2048 1965/2049 1962/2046 1963/2047 
f 1965/2049 1796/1880 1795/1879 1962/2046 
f 1796/1880 1965/2049 1966/2050 1799/1883 
f 1965/2049 1964/2048 1967/2051 1966/2050 
f 1968/2052 1969/2053 1966/2050 1967/2051 
f 1969/2053 1800/1884 1799/1883 1966/2050 
f 1800/1884 1969/2053 1970/2054 1803/1887 
f 1969/2053 1968/2052 1971/2055 1970/2054 
f 1972/2056 1973/2057 1970/2054 1971/2055 
f 1973/2057 1804/1888 1803/1887 1970/2054 
f 1804/1888 1973/2057 1974/2058 1807/1891 
f 1973/2057 1972/2056 1975/2059 1974/2058 
f 1976/2060 1977/2061 1974/2058 1975/2059 
f 1977/2061 1808/1892 1807/1891 1974/2058 
f 1808/1892 1977/2061 1978/2062 1811/1895 
f 1977/2061 1976/2060 1979/2063 1978/2062 
f 1980/2064 1981/2065 1978/2062 1979/2063 
f 1981/2065 1812/1896 1811/1895 1978/2062 
f 1812/1896 1981/2065 1982/2066 1815/1899 
f 1981/2065 1980/2064 1983/2067 1982/2066 
f 1984/2068 1985/2069 1982/2066 1983/2067 
f 1985/2069 1816/1900 1815/1899 1982/2066 
f 1816/1900 1985/2069 1986/2070 1819/1903 
f 1985/2069 1984/2068 1987/2071 1986/2070 
f 1988/2072 1989/2073 1986/2070 1987/2071 
f 1989/2073 1820/1904 1819/1903 1986/2070 
f 1820/1904 1989/2073 1990/2074 1823/1907 
f 1989/2073 1988/2072 1991/2075 1990/2074 
f 1992/2076 1993/2077 1990/2074 1991/2075 
f 1993/2077 1824/1908 1823/1907 1990/2074 
f 1824/1908 1993/2077 1994/2078 1827/1911 
f 1993/2077 1992/2076 1995/2079 1994/2078 
f 1996/2080 1997/2081 1994/2078 1995/2079 
f 1997/2081 1828/1912 1827/1911 1994/2078 
f 1828/1912 1997/2081 1998/2082 1831/1915 
f 1997/2081 1996/2080 1999/2083 1998/2082 
f 2000/2084 2001/2085 1998/2082 1999/2083 
f 2001/2085 1832/1916 1831/1915 1998/2082 
f 1832/1916 2001/2085 2002/2086 1835/1919 
f 2001/2085 2000/2084 2003/2087 2002/2086 
f 2004/2088 2005/2089 2002/2086 2003/2087 
f 2005/2089 1836/1920 1835/1919 2002/2086 
f 1836/1920 2005/2089 2006/2090 1839/1923 
f 2005/2089 2004/2088 2007/2091 2006/2090 
f 2008/2092 2009/2093 2006/2090 2007/2091 
f 2009/2093 1840/1924 1839/1923 2006/2090 
f 1840/1924 2009/2093 2010/2094 1843/1927 
f 2009/2093 2008/2092 2011/2095 2010/2094 
f 2012/2096 2013/2097 2010/2094 2011/2095 
f 2013/2097 1844/1928 1843/1927 2010/2094 
f 1844/1928 2013/2097 2014/2098 1847/1931 
f 2013/2097 2012/2096 2015/2099 2014/2098 
f 2016/2100 2017/2101 2014/2098 2015/2099 
f 2017/2101 1848/1932 1847/1931 2014/2098 
f 1848/1932 2017/2101 2018/2102 1851/1935 
f 2017/2101 2016/2100 2019/2103 2018/2102 
f 2020/2104 2021/2105 2018/2102 2019/2103 
f 2021/2105 1852/1936 1851/1935 2018/2102 
f 1852/1936 2021/2105 2022/2106 1855/1939 
f 2021/2105 2020/2104 2023/2107 2022/2106 
f 2024/2108 2025/2109 2022/2106 2023/2107 
f 2025/2109 1856/1940 1855/1939 2022/2106 
f 1856/1940 2025/2109 2026/2110 1859/1943 
f 2025/2109 2024/2108 2027/2111 2026/2110 
f 2028/2112 2029/2113 2026/2110 2027/2111 
f 2029/2113 1860/1944 1859/1943 2026/2110 
f 1860/1944 2029/2113 2030/2114 1863/1947 
f 2029/2113 2028/2112 2031/2115 2030/2114 
f 2032/2116 2033/2117 2030/2114 2031/2115 
f 2033/2117 1864/1948 1863/1947 2030/2114 
f 1864/1948 2033/2117 2034/2118 1867/1951 
f 2033/2117 2032/2116 2035/2119 2034/2118 
f 2036/2120 2037/2121 2034/2118 2035/2119 
f 2037/2121 1868/1952 1867/1951 2034/2118 
f 1868/1952 2037/2121 2038/2122 1871/1955 
f 2037/2121 2036/2120 2039/2123 2038/2122 
f 2040/2124 2041/2125 2038/2122 2039/2123 
f 2041/2125 1872/1956 1871/1955 2038/2122 
f 1872/1956 2041/2125 2042/2126 1875/1959 
f 2041/2125 2040/2124 2043/2127 2042/2126 
f 2044/2128 2045/2129 2042/2126 2043/2127 
f 2045/2129 1876/1960 1875/1959 2042/2126 
f 1876/1960 2045/2129 2046/2130 1879/1963 
f 2045/2129 2044/2128 2047/2131 2046/2130 
f 2048/2132 2049/2133 2046/2130 2047/2131 
f 2049/2133 1880/1964 1879/1963 2046/2130 
f 1880/1964 2049/2133 2050/2134 1883/1967 
f 2049/2133 2048/2132 2051/2135 2050/2134 
f 2052/2136 2053/2137 2050/2134 2051/2135 
f 2053/2137 1884/1968 1883/1967 2050/2134 
f 1884/1968 2053/2137 2054/2138 1887/1971 
f 2053/2137 2052/2136 2055/2139 2054/2138 
f 2056/2140 2057/2141 2054/2138 2055/2139 
f 2057/2141 1888/1972 1887/1971 2054/2138 
f 1888/1972 2057/2141 2058/2142 1891/1975 
f 2057/2141 2056/2140 2059/2143 2058/2142 
f 2060/2144 2061/2145 2058/2142 2059/2143 
f 2061/2145 1892/1976 1891/1975 2058/2142 
f 1892/1976 2061/2145 2062/2146 1895/1979 
f 2061/2145 2060/2144 2063/2147 2062/2146 
f 2064/2148 2065/2149 2062/2146 2063/2147 
f 2065/2149 1896/1980 1895/1979 2062/2146 
f 1896/1980 2065/2149 2066/2150 1899/1983 
f 2065/2149 2064/2148 2067/2151 2066/2150 
f 2068/2152 2069/2153 2066/2150 2067/2151 
f 2069/2153 1900/1984 1899/1983 2066/2150 
f 1900/1984 2069/2153 2070/2154 1903/1987 
f 2069/2153 2068/2152 2071/2155 2070/2154 
f 2072/2156 2073/2157 2070/2154 2071/2155 
f 2073/2157 1904/1988 1903/1987 2070/2154 
f 1904/1988 2073/2157 2074/2158 1907/1991 
f 2073/2157 2072/2156 2075/2159 2074/2158 
f 2076/2160 2077/2161 2074/2158 2075/2159 
f 2077/2161 1908/1992 1907/1991 2074/2158 
f 1908/1992 2077/2161 2078/2162 1911/1995 
f 2077/2161 2076/2160 2079/2163 2078/2162 
f 2080/2164 2081/2165 2078/2162 2079/2163 
f 2081/2165 1912/1996 1911/1995 2078/2162 
f 1912/1996 2081/2165 2082/2166 1915/1999 
f 2081/2165 2080/2164 2083/2167 2082/2166 
f 2084/2168 2085/2169 2082/2166 2083/2167 
f 2085/2169 1916/2000 1915/1999 2082/2166 
f 1916/2000 2085/2169 2086/2170 1919/2003 
f 2085/2169 2084/2168 2087/2171 2086/2170 
f 2088/2172 2089/2173 2086/2170 2087/2171 
f 2089/2173 1920/2004 1919/2003 2086/2170 
f 1920/2004 2089/2173 2090/2174 1923/2007 
f 2089/2173 2088/2172 2091/2175 2090/2174 
f 2092/2176 2093/2177 2090/2174 2091/2175 
f 2093/2177 1924/2008 1923/2007 2090/2174 
f 1924/2008 2093/2177 2094/2178 1927/2011 
f 2093/2177 2092/2176 2095/2179 2094/2178 
f 2096/2180 2097/2181 2094/2178 2095/2179 
f 2097/2181 1928/2012 1927/2011 2094/2178 
f 1928/2012 2097/2181 2098/2182 1931/2015 
f 2097/2181 2096/2180 2099/2183 2098/2182 
f 2100/2184 2101/2185 2098/2182 2099/2183 
f 2101/2185 1932/2016 1931/2015 2098/2182 
f 1/1 2102/2186 2103/2187 1934/2018 
f 2102/2186 2104/2188 2105/2189 2103/2187 
f 1936/2020 1934/2018 2103/2187 2105/2189 
f 1936/2020 2105/2189 2106/2190 1939/2023 
f 2105/2189 2104/2188 2107/2191 2106/2190 
f 2108/2192 2109/2193 2106/2190 2107/2191 
f 2109/2193 1940/2024 1939/2023 2106/2190 
f 1940/2024 2109/2193 2110/2194 1943/2027 
f 2109/2193 2108/2192 2111/2195 2110/2194 
f 2112/2196 2113/2197 2110/2194 2111/2195 
f 2113/2197 1944/2028 1943/2027 2110/2194 
f 1944/2028 2113/2197 2114/2198 1947/2031 
f 2113/2197 2112/2196 2115/2199 2114/2198 
f 2116/2200 2117/2201 2114/2198 2115/2199 
f 2117/2201 1948/2032 1947/2031 2114/2198 
f 1948/2032 2117/2201 2118/2202 1951/2035 
f 2117/2201 2116/2200 2119/2203 2118/2202 
f 2120/2204 2121/2205 2118/2202 2119/2203 
f 2121/2205 1952/2036 1951/2035 2118/2202 
f 1952/2036 2121/2205 2122/2206 1955/2039 
f 2121/2205 2120/2204 2123/2207 2122/2206 
f 2124/2208 2125/2209 2122/2206 2123/2207 
f 2125/2209 1956/2040 1955/2039 2122/2206 
f 1956/2040 2125/2209 2126/2210 1959/2043 
f 2125/2209 2124/2208 2127/2211 2126/2210 
f 2128/2212 2129/2213 2126/2210 2127/2211 
f 2129/2213 1960/2044 1959/2043 2126/2210 
f 1960/2044 2129/2213 2130/2214 1963/2047 
f 2129/2213 2128/2212 2131/2215 2130/2214 
f 2132/2216 2133/2217 2130/2214 2131/2215 
f 2133/2217 1964/2048 1963/2047 2130/2214 
f 1964/2048 2133/2217 2134/2218 1967/2051 
f 2133/2217 2132/2216 2135/2219 2134/2218 
f 2136/2220 2137/2221 2134/2218 2135/2219 
f 2137/2221 1968/2052 1967/2051 2134/2218 
f 1968/2052 2137/2221 2138/2222 1971/2055 
f 2137/2221 2136/2220 2139/2223 2138/2222 
f 2140/2224 2141/2225 2138/2222 2139/2223 
f 2141/2225 1972/2056 1971/2055 2138/2222 
f 1972/2056 2141/2225 2142/2226 1975/2059 
f 2141/2225 2140/2224 2143/2227 2142/2226 
f 2144/2228 2145/2229 2142/2226 2143/2227 
f 2145/2229 1976/2060 1975/2059 2142/2226 
f 1976/2060 2145/2229 2146/2230 1979/2063 
f 2145/2229 2144/2228 2147/2231 2146/2230 
f 2148/2232 2149/2233 2146/2230 2147/2231 
f 2149/2233 1980/2064 1979/2063 2146/2230 
f 1980/2064 2149/2233 2150/2234 1983/2067 
f 2149/2233 2148/2232 2151/2235 2150/2234 
f 2152/2236 2153/2237 2150/2234 2151/2235 
f 2153/2237 1984/2068 1983/2067 2150/2234 
f 1984/2068 2153/2237 2154/2238 1987/2071 
f 2153/2237 2152/2236 2155/2239 2154/2238 
f 2156/2240 2157/2241 2154/2238 2155/2239 
f 2157/2241 1988/2072 1987/2071 2154/2238 
f 1988/2072 2157/2241 2158/2242 1991/2075 
f 2157/2241 2156/2240 2159/2243 2158/2242 
f 2160/2244 2161/2245 2158/2242 2159/2243 
f 2161/2245 1992/2076 1991/2075 2158/2242 
f 1992/2076 2161/2245 2162/2246 1995/2079 
f 2161/2245 2160/2244 2163/2247 2162/2246 
f 2164/2248 2165/2249 2162/2246 2163/2247 
f 2165/2249 1996/2080 1995/2079 2162/2246 
f 1996/2080 2165/2249 2166/2250 1999/2083 
f 2165/2249 2164/2248 2167/2251 2166/2250 
f 2168/2252 2169/2253 2166/2250 2167/2251 
f 2169/2253 2000/2084 1999/2083 2166/2250 
f 2000/2084 2169/2253 2170/2254 2003/2087 
f 2169/2253 2168/2252 2171/2255 2170/2254 
f 2172/2256 2173/2257 2170/2254 2171/2255 
f 2173/2257 2004/2088 2003/2087 2170/2254 
f 2004/2088 2173/2257 2174/2258 2007/2091 
f 2173/2257 2172/2256 2175/2259 2174/2258 
f 2176/2260 2177/2261 2174/2258 2175/2259 
f 2177/2261 2008/2092 2007/2091 2174/2258 
f 2008/2092 2177/2261 2178/2262 2011/2095 
f 2177/2261 2176/2260 2179/2263 2178/2262 
f 2180/2264 2181/2265 2178/2262 2179/2263 
f 2181/2265 2012/2096 2011/2095 2178/2262 
f 2012/2096 2181/2265 2182/2266 2015/2099 
f 2181/2265 2180/2264 2183/2267 2182/2266 
f 2184/2268 2185/2269 2182/2266 2183/2267 
f 2185/2269 2016/2100 2015/2099 2182/2266 
f 2016/2100 2185/2269 2186/2270 2019/2103 
f 2185/2269 2184/2268 2187/2271 2186/2270 
f 2188/2272 2189/2273 2186/2270 2187/2271 
f 2189/2273 2020/2104 2019/2103 2186/2270 
f 2020/2104 2189/2273 2190/2274 2023/2107 
f 2189/2273 2188/2272 2191/2275 2190/2274 
f 2192/2276 2193/2277 2190/2274 2191/2275 
f 2193/2277 2024/2108 2023/2107 2190/2274 
f 2024/2108 2193/2277 2194/2278 2027/2111 
f 2193/2277 2192/2276 2195/2279 2194/2278 
f 2196/2280 2197/2281 2194/2278 2195/2279 
f 2197/2281 2028/2112 2027/2111 2194/2278 
f 2028/2112 2197/2281 2198/2282 2031/2115 
f 2197/2281 2196/2280 2199/2283 2198/2282 
f 2200/2284 2201/2285 2198/2282 2199/2283 
f 2201/2285 2032/2116 2031/2115 2198/2282 
f 2032/2116 2201/2285 2202/2286 2035/2119 
f 2201/2285 2200/2284 2203/2287 2202/2286 
f 2204/2288 2205/2289 2202/2286 2203/2287 
f 2205/2289 2036/2120 2035/2119 2202/2286 
f 2036/2120 2205/2289 2206/2290 2039/2123 
f 2205/2289 2204/2288 2207/2291 2206/2290 
f 2208/2292 2209/2293 2206/2290 2207/2291 
f 2209/2293 2040/2124 2039/2123 2206/2290 
f 2040/2124 2209/2293 2210/2294 2043/2127 
f 2209/2293 2208/2292 2211/2295 2210/2294 
f 2212/2296 2213/2297 2210/2294 2211/2295 
f 2213/2297 2044/2128 2043/2127 2210/2294 
f 2044/2128 2213/2297 2214/2298 2047/2131 
f 2213/2297 2212/2296 2215/2299 2214/2298 
f 2216/2300 2217/2301 2214/2298 2215/2299 
f 2217/2301 2048/2132 2047/2131 2214/2298 
f 2048/2132 2217/2301 2218/2302 2051/2135 
f 2217/2301 2216/2300 2219/2303 2218/2302 
f 2220/2304 2221/2305 2218/2302 2219/2303 
f 2221/2305 2052/2136 2051/2135 2218/2302 
f 2052/2136 2221/2305 2222/2306 2055/2139 
f 2221/2305 2220/2304 2223/2307 2222/2306 
f 2224/2308 2225/2309 2222/2306 2223/2307 
f 2225/2309 2056/2140 2055/2139 2222/2306 
f 2056/2140 2225/2309 2226/2310 2059/2143 
f 2225/2309 2224/2308 2227/2311 2226/2310 
f 2228/2312 2229/2313 2226/2310 2227/2311 
f 2229/2313 2060/2144 2059/2143 2226/2310 
f 2060/2144 2229/2313 2230/2314 2063/2147 
f 2229/2313 2228/2312 2231/2315 2230/2314 
f 2232/2316 2233/2317 2230/2314 2231/2315 
f 2233/2317 2064/2148 2063/2147 2230/2314 
f 2064/2148 2233/2317 2234/2318 2067/2151 
f 2233/2317 2232/2316 2235/2319 2234/2318 
f 2236/2320 2237/2321 2234/2318 2235/2319 
f 2237/2321 2068/2152 2067/2151 2234/2318 
f 2068/2152 2237/2321 2238/2322 2071/2155 
f 2237/2321 2236/2320 2239/2323 2238/2322 
f 2240/2324 2241/2325 2238/2322 2239/2323 
f 2241/2325 2072/2156 2071/2155 2238/2322 
f 2072/2156 2241/2325 2242/2326 2075/2159 
f 2241/2325 2240/2324 2243/2327 2242/2326 
f 2244/2328 2245/2329 2242/2326 2243/2327 
f 2245/2329 2076/2160 2075/2159 2242/2326 
f 2076/2160 2245/2329 2246/2330 2079/2163 
f 2245/2329 2244/2328 2247/2331 2246/2330 
f 2248/2332 2249/2333 2246/2330 2247/2331 
f 2249/2333 2080/2164 2079/2163 2246/2330 
f 2080/2164 2249/2333 2250/2334 2083/2167 
f 2249/2333 2248/2332 2251/2335 2250/2334 
f 2252/2336 2253/2337 2250/2334 2251/2335 
f 2253/2337 2084/2168 2083/2167 2250/2334 
f 2084/2168 2253/2337 2254/2338 2087/2171 
f 2253/2337 2252/2336 2255/2339 2254/2338 
f 2256/2340 2257/2341 2254/2338 2255/2339 
f 2257/2341 2088/2172 2087/2171 2254/2338 
f 2088/2172 2257/2341 2258/2342 2091/2175 
f 2257/2341 2256/2340 2259/2343 2258/2342 
f 2260/2344 2261/2345 2258/2342 2259/2343 
f 2261/2345 2092/2176 2091/2175 2258/2342 
f 2092/2176 2261/2345 2262/2346 2095/2179 
f 2261/2345 2260/2344 2263/2347 2262/2346 
f 2264/2348 2265/2349 2262/2346 2263/2347 
f 2265/2349 2096/2180 2095/2179 2262/2346 
f 2096/2180 2265/2349 2266/2350 2099/2183 
f 2265/2349 2264/2348 2267/2351 2266/2350 
f 2268/2352 2269/2353 2266/2350 2267/2351 
f 2269/2353 2100/2184 2099/2183 2266/2350 
f 1/1 2270/2354 2271/2355 2102/2186 
f 2270/2354 2272/2356 2273/2357 2271/2355 
f 2104/2188 2102/2186 2271/2355 2273/2357 
f 2104/2188 2273/2357 2274/2358 2107/2191 
f 2273/2357 2272/2356 2275/2359 2274/2358 
f 2276/2360 2277/2361 2274/2358 2275/2359 
f 2277/2361 2108/2192 2107/2191 2274/2358 
f 2108/2192 2277/2361 2278/2362 2111/2195 
f 2277/2361 2276/2360 2279/2363 2278/2362 
f 2280/2364 2281/2365 2278/2362 2279/2363 
f 2281/2365 2112/2196 2111/2195 2278/2362 
f 2112/2196 2281/2365 2282/2366 2115/2199 
f 2281/2365 2280/2364 2283/2367 2282/2366 
f 2284/2368 2285/2369 2282/2366 2283/2367 
f 2285/2369 2116/2200 2115/2199 2282/2366 
f 2116/2200 2285/2369 2286/2370 2119/2203 
f 2285/2369 2284/2368 2287/2371 2286/2370 
f 2288/2372 2289/2373 2286/2370 2287/2371 
f 2289/2373 2120/2204 2119/2203 2286/2370 
f 2120/2204 2289/2373 2290/2374 2123/2207 
f 2289/2373 2288/2372 2291/2375 2290/2374 
f 2292/2376 2293/2377 2290/2374 2291/2375 
f 2293/2377 2124/2208 2123/2207 2290/2374 
f 2124/2208 2293/2377 2294/2378 2127/2211 
f 2293/2377 2292/2376 2295/2379 2294/2378 
f 2296/2380 2297/2381 2294/2378 2295/2379 
f 2297/2381 2128/2212 2127/2211 2294/2378 
f 2128/2212 2297/2381 2298/2382 2131/2215 
f 2297/2381 2296/2380 2299/2383 2298/2382 
f 2300/2384 2301/2385 2298/2382 2299/2383 
f 2301/2385 2132/2216 2131/2215 2298/2382 
f 2132/2216 2301/2385 2302/2386 2135/2219 
f 2301/2385 2300/2384 2303/2387 2302/2386 
f 2304/2388 2305/2389 2302/2386 2303/2387 
f 2305/2389 2136/2220 2135/2219 2302/2386 
f 2136/2220 2305/2389 2306/2390 2139/2223 
f 2305/2389 2304/2388 2307/2391 2306/2390 
f 2308/2392 2309/2393 2306/2390 2307/2391 
f 2309/2393 2140/2224 2139/2223 2306/2390 
f 2140/2224 2309/2393 2310/2394 2143/2227 
f 2309/2393 2308/2392 2311/2395 2310/2394 
f 2312/2396 2313/2397 2310/2394 2311/2395 
f 2313/2397 2144/2228 2143/2227 2310/2394 
f 2144/2228 2313/2397 2314/2398 2147/2231 
f 2313/2397 2312/2396 2315/2399 2314/2398 
f 2316/2400 2317/2401 2314/2398 2315/2399 
f 2317/2401 2148/2232 2147/2231 2314/2398 
f 2148/2232 2317/2401 2318/2402 2151/2235 
f 2317/2401 2316/2400 2319/2403 2318/2402 
f 2320/2404 2321/2405 2318/2402 2319/2403 
f 2321/2405 2152/2236 2151/2235 2318/2402 
f 2152/2236 2321/2405 2322/2406 2155/2239 
f 2321/2405 2320/2404 2323/2407 2322/2406 
f 2324/2408 2325/2409 2322/2406 2323/2407 
f 2325/2409 2156/2240 2155/2239 2322/2406 
f 2156/2240 2325/2409 2326/2410 2159/2243 
f 2325/2409 2324/2408 2327/2411 2326/2410 
f 2328/2412 2329/2413 2326/2410 2327/2411 
f 2329/2413 2160/2244 2159/2243 2326/2410 
f 2160/2244 2329/2413 2330/2414 2163/2247 
f 2329/2413 2328/2412 2331/2415 2330/2414 
f 2332/2416 2333/2417 2330/2414 2331/2415 
f 2333/2417 2164/2248 2163/2247 2330/2414 
f 2164/2248 2333/2417 2334/2418 2167/2251 
f 2333/2417 2332/2416 2335/2419 2334/2418 
f 2336/2420 2337/2421 2334/2418 2335/2419 
f 2337/2421 2168/2252 2167/2251 2334/2418 
f 2168/2252 2337/2421 2338/2422 2171/2255 
f 2337/2421 2336/2420 2339/2423 2338/2422 
f 2340/2424 2341/2425 2338/2422 2339/2423 
f 2341/2425 2172/2256 2171/2255 2338/2422 
f 2172/2256 2341/2425 2342/2426 2175/2259 
f 2341/2425 2340/2424 2343/2427 2342/2426 
f 2344/2428 2345/2429 2342/2426 2343/2427 
f 2345/2429 2176/2260 2175/2259 2342/2426 
f 2176/2260 2345/2429 2346/2430 2179/2263 
f 2345/2429 2344/2428 2347/2431 2346/2430 
f 2348/2432 2349/2433 2346/2430 2347/2431 
f 2349/2433 2180/2264 2179/2263 2346/2430 
f 2180/2264 2349/2433 2350/2434 2183/2267 
f 2349/2433 2348/2432 2351/2435 2350/2434 
f 2352/2436 2353/2437 2350/2434 2351/2435 
f 2353/2437 2184/2268 2183/2267 2350/2434 
f 2184/2268 2353/2437 2354/2438 2187/2271 
f 2353/2437 2352/2436 2355/2439 2354/2438 
f 2356/2440 2357/2441 2354/2438 2355/2439 
f 2357/2441 2188/2272 2187/2271 2354/2438 
f 2188/2272 2357/2441 2358/2442 2191/2275 
f 2357/2441 2356/2440 2359/2443 2358/2442 
f 2360/2444 2361/2445 2358/2442 2359/2443 
f 2361/2445 2192/2276 2191/2275 2358/2442 
f 2192/2276 2361/2445 2362/2446 2195/2279 
f 2361/2445 2360/2444 2363/2447 2362/2446 
f 2364/2448 2365/2449 2362/2446 2363/2447 
f 2365/2449 2196/2280 2195/2279 2362/2446 
f 2196/2280 2365/2449 2366/2450 2199/2283 
f 2365/2449 2364/2448 2367/2451 2366/2450 
f 2368/2452 2369/2453 2366/2450 2367/2451 
f 2369/2453 2200/2284 2199/2283 2366/2450 
f 2200/2284 2369/2453 2370/2454 2203/2287 
f 2369/2453 2368/2452 2371/2455 2370/2454 
f 2372/2456 2373/2457 2370/2454 2371/2455 
f 2373/2457 2204/2288 2203/2287 2370/2454 
f 2204/2288 2373/2457 2374/2458 2207/2291 
f 2373/2457 2372/2456 2375/2459 2374/2458 
f 2376/2460 2377/2461 2374/2458 2375/2459 
f 2377/2461 2208/2292 2207/2291 2374/2458 
f 2208/2292 2377/2461 2378/2462 2211/2295 
f 2377/2461 2376/2460 2379/2463 2378/2462 
f 2380/2464 2381/2465 2378/2462 2379/2463 
f 2381/2465 2212/2296 2211/2295 2378/2462 
f 2212/2296 2381/2465 2382/2466 2215/2299 
f 2381/2465 2380/2464 2383/2467 2382/2466 
f 2384/2468 2385/2469 2382/2466 2383/2467 
f 2385/2469 2216/2300 2215/2299 2382/2466 
f 2216/2300 2385/2469 2386/2470 2219/2303 
f 2385/2469 2384/2468 2387/2471 2386/2470 
f 2388/2472 2389/2473 2386/2470 2387/2471 
f 2389/2473 2220/2304 2219/2303 2386/2470 
f 2220/2304 2389/2473 2390/2474 2223/2307 
f 2389/2473 2388/2472 2391/2475 2390/2474 
f 2392/2476 2393/2477 2390/2474 2391/2475 
f 2393/2477 2224/2308 2223/2307 2390/2474 
f 2224/2308 2393/2477 2394/2478 2227/2311 
f 2393/2477 2392/2476 2395/2479 2394/2478 
f 2396/2480 2397/2481 2394/2478 2395/2479 
f 2397/2481 2228/2312 2227/2311 2394/2478 
f 2228/2312 2397/2481 2398/2482 2231/2315 
f 2397/2481 2396/2480 2399/2483 2398/2482 
f 2400/2484 2401/2485 2398/2482 2399/2483 
f 2401/2485 2232/2316 2231/2315 2398/2482 
f 2232/2316 2401/2485 2402/2486 2235/2319 
f 2401/2485 2400/2484 2403/2487 2402/2486 
f 2404/2488 2405/2489 2402/2486 2403/2487 
f 2405/2489 2236/2320 2235/2319 2402/2486 
f 2236/2320 2405/2489 2406/2490 2239/2323 
f 2405/2489 2404/2488 2407/2491 2406/2490 
f 2408/2492 2409/2493 2406/2490 2407/2491 
f 2409/2493 2240/2324 2239/2323 2406/2490 
f 2240/2324 2409/2493 2410/2494 2243/2327 
f 2409/2493 2408/2492 2411/2495 2410/2494 
f 2412/2496 2413/2497 2410/2494 2411/2495 
f 2413/2497 2244/2328 2243/2327 2410/2494 
f 2244/2328 2413/2497 2414/2498 2247/2331 
f 2413/2497 2412/2496 2415/2499 2414/2498 
f 2416/2500 2417/2501 2414/2498 2415/2499 
f 2417/2501 2248/2332 2247/2331 2414/2498 
f 2248/2332 2417/2501 2418/2502 2251/2335 
f 2417/2501 2416/2500 2419/2503 2418/2502 
f 2420/2504 2421/2505 2418/2502 2419/2503 
f 2421/2505 2252/2336 2251/2335 2418/2502 
f 2252/2336 2421/2505 2422/2506 2255/2339 
f 2421/2505 2420/2504 2423/2507 2422/2506 
f 2424/2508 2425/2509 2422/2506 2423/2507 
f 2425/2509 2256/2340 2255/2339 2422/2506 
f 2256/2340 2425/2509 2426/2510 2259/2343 
f 2425/2509 2424/2508 2427/2511 2426/2510 
f 2428/2512 2429/2513 2426/2510 2427/2511 
f 2429/2513 2260/2344 2259/2343 2426/2510 
f 2260/2344 2429/2513 2430/2514 2263/2347 
f 2429/2513 2428/2512 2431/2515 2430/2514 
f 2432/2516 2433/2517 2430/2514 2431/2515 
f 2433/2517 2264/2348 2263/2347 2430/2514 
f 2264/2348 2433/2517 2434/2518 2267/2351 
f 2433/2517 2432/2516 2435/2519 2434/2518 
f 2436/2520 2437/2521 2434/2518 2435/2519 
f 2437/2521 2268/2352 2267/2351 2434/2518 
f 1/1 2438/2522 2439/2523 2270/2354 
f 2438/2522 2440/2524 2441/2525 2439/2523 
f 2272/2356 2270/2354 2439/2523 2441/2525 
f 2272/2356 2441/2525 2442/2526 2275/2359 
f 2441/2525 2440/2524 2443/2527 2442/2526 
f 2444/2528 2445/2529 2442/2526 2443/2527 
f 2445/2529 2276/2360 2275/2359 2442/2526 
f 2276/2360 2445/2529 2446/2530 2279/2363 
f 2445/2529 2444/2528 2447/2531 2446/2530 
f 2448/2532 2449/2533 2446/2530 2447/2531 
f 2449/2533 2280/2364 2279/2363 2446/2530 
f 2280/2364 2449/2533 2450/2534 2283/2367 
f 2449/2533 2448/2532 2451/2535 2450/2534 
f 2452/2536 2453/2537 2450/2534 2451/2535 
f 2453/2537 2284/2368 2283/2367 2450/2534 
f 2284/2368 2453/2537 2454/2538 2287/2371 
f 2453/2537 2452/2536 2455/2539 2454/2538 
f 2456/2540 2457/2541 2454/2538 2455/2539 
f 2457/2541 2288/2372 2287/2371 2454/2538 
f 2288/2372 2457/2541 2458/2542 2291/2375 
f 2457/2541 2456/2540 2459/2543 2458/2542 
f 2460/2544 2461/2545 2458/2542 2459/2543 
f 2461/2545 2292/2376 2291/2375 2458/2542 
f 2292/2376 2461/2545 2462/2546 2295/2379 
f 2461/2545 2460/2544 2463/2547 2462/2546 
f 2464/2548 2465/2549 2462/2546 2463/2547 
f 2465/2549 2296/2380 2295/2379 2462/2546 
f 2296/2380 2465/2549 2466/2550 2299/2383 
f 2465/2549 2464/2548 2467/2551 2466/2550 
f 2468/2552 2469/2553 2466/2550 2467/2551 
f 2469/2553 2300/2384 2299/2383 2466/2550 
f 2300/2384 2469/2553 2470/2554 2303/2387 
f 2469/2553 2468/2552 2471/2555 2470/2554 
f 2472/2556 2473/2557 2470/2554 2471/2555 
f 2473/2557 2304/2388 2303/2387 2470/2554 
f 2304/2388 2473/2557 2474/2558 2307/2391 
f 2473/2557 2472/2556 2475/2559 2474/2558 
f 2476/2560 2477/2561 2474/2558 2475/2559 
f 2477/2561 2308/2392 2307/2391 2474/2558 
f 2308/2392 2477/2561 2478/2562 2311/2395 
f 2477/2561 2476/2560 2479/2563 2478/2562 
f 2480/2564 2481/2565 2478/2562 2479/2563 
f 2481/2565 2312/2396 2311/2395 2478/2562 
f 2312/2396 2481/2565 2482/2566 2315/2399 
f 2481/2565 2480/2564 2483/2567 2482/2566 
f 2484/2568 2485/2569 2482/2566 2483/2567 
f 2485/2569 2316/2400 2315/2399 2482/2566 
f 2316/2400 2485/2569 2486/2570 2319/2403 
f 2485/2569 2484/2568 2487/2571 2486/2570 
f 2488/2572 2489/2573 2486/2570 2487/2571 
f 2489/2573 2320/2404 2319/2403 2486/2570 
f 2320/2404 2489/2573 2490/2574 2323/2407 
f 2489/2573 2488/2572 2491/2575 2490/2574 
f 2492/2576 2493/2577 2490/2574 2491/2575 
f 2493/2577 2324/2408 2323/2407 2490/2574 
f 2324/2408 2493/2577 2494/2578 2327/2411 
f 2493/2577 2492/2576 2495/2579 2494/2578 
f 2496/2580 2497/2581 2494/2578 2495/2579 
f 2497/2581 2328/2412 2327/2411 2494/2578 
f 2328/2412 2497/2581 2498/2582 2331/2415 
f 2497/2581 2496/2580 2499/2583 2498/2582 
f 2500/2584 2501/2585 2498/2582 2499/2583 
f 2501/2585 2332/2416 2331/2415 2498/2582 
f 2332/2416 2501/2585 2502/2586 2335/2419 
f 2501/2585 2500/2584 2503/2587 2502/2586 
f 2504/2588 2505/2589 2502/2586 2503/2587 
f 2505/2589 2336/2420 2335/2419 2502/2586 
f 2336/2420 2505/2589 2506/2590 2339/2423 
f 2505/2589 2504/2588 2507/2591 2506/2590 
f 2508/2592 2509/2593 2506/2590 2507/2591 
f 2509/2593 2340/2424 2339/2423 2506/2590 
f 2340/2424 2509/2593 2510/2594 2343/2427 
f 2509/2593 2508/2592 2511/2595 2510/2594 
f 2512/2596 2513/2597 2510/2594 2511/2595 
f 2513/2597 2344/2428 2343/2427 2510/2594 
f 2344/2428 2513/2597 2514/2598 2347/2431 
f 2513/2597 2512/2596 2515/2599 2514/2598 
f 2516/2600 2517/2601 2514/2598 2515/2599 
f 2517/2601 2348/2432 2347/2431 2514/2598 
f 2348/2432 2517/2601 2518/2602 2351/2435 
f 2517/2601 2516/2600 2519/2603 2518/2602 
f 2520/2604 2521/2605 2518/2602 2519/2603 
f 2521/2605 2352/2436 2351/2435 2518/2602 
f 2352/2436 2521/2605 2522/2606 2355/2439 
f 2521/2605 2520/2604 2523/2607 2522/2606 
f 2524/2608 2525/2609 2522/2606 2523/2607 
f 2525/2609 2356/2440 2355/2439 2522/2606 
f 2356/2440 2525/2609 2526/2610 2359/2443 
f 2525/2609 2524/2608 2527/2611 2526/2610 
f 2528/2612 2529/2613 2526/2610 2527/2611 
f 2529/2613 2360/2444 2359/2443 2526/2610 
f 2360/2444 2529/2613 2530/2614 2363/2447 
f 2529/2613 2528/2612 2531/2615 2530/2614 
f 2532/2616 2533/2617 2530/2614 2531/2615 
f 2533/2617 2364/2448 2363/2447 2530/2614 
f 2364/2448 2533/2617 2534/2618 2367/2451 
f 2533/2617 2532/2616 2535/2619 2534/2618 
f 2536/2620 2537/2621 2534/2618 2535/2619 
f 2537/2621 2368/2452 2367/2451 2534/2618 
f 2368/2452 2537/2621 2538/2622 2371/2455 
f 2537/2621 2536/2620 2539/2623 2538/2622 
f 2540/2624 2541/2625 2538/2622 2539/2623 
f 2541/2625 2372/2456 2371/2455 2538/2622 
f 2372/2456 2541/2625 2542/2626 2375/2459 
f 2541/2625 2540/2624 2543/2627 2542/2626 
f 2544/2628 2545/2629 2542/2626 2543/2627 
f 2545/2629 2376/2460 2375/2459 2542/2626 
f 2376/2460 2545/2629 2546/2630 2379/2463 
f 2545/2629 2544/2628 2547/2631 2546/2630 
f 2548/2632 2549/2633 2546/2630 2547/2631 
f 2549/2633 2380/2464 2379/2463 2546/2630 
f 2380/2464 2549/2633 2550/2634 2383/2467 
f 2549/2633 2548/2632 2551/2635 2550/2634 
f 2552/2636 2553/2637 2550/2634 2551/2635 
f 2553/2637 2384/2468 2383/2467 2550/2634 
f 2384/2468 2553/2637 2554/2638 2387/2471 
f 2553/2637 2552/2636 2555/2639 2554/2638 
f 2556/2640 2557/2641 2554/2638 2555/2639 
f 2557/2641 2388/2472 2387/2471 2554/2638 
f 2388/2472 2557/2641 2558/2642 2391/2475 
f 2557/2641 2556/2640 2559/2643 2558/2642 
f 2560/2644 2561/2645 2558/2642 2559/2643 
f 2561/2645 2392/2476 2391/2475 2558/2642 
f 2392/2476 2561/2645 2562/2646 2395/2479 
f 2561/2645 2560/2644 2563/2647 2562/2646 
f 2564/2648 2565/2649 2562/2646 2563/2647 
f 2565/2649 2396/2480 2395/2479 2562/2646 
f 2396/2480 2565/2649 2566/2650 2399/2483 
f 2565/2649 2564/2648 2567/2651 2566/2650 
f 2568/2652 2569/2653 2566/2650 2567/2651 
f 2569/2653 2400/2484 2399/2483 2566/2650 
f 2400/2484 2569/2653 2570/2654 2403/2487 
f 2569/2653 2568/2652 2571/2655 2570/2654 
f 2572/2656 2573/2657 2570/2654 2571/2655 
f 2573/2657 2404/2488 2403/2487 2570/2654 
f 2404/2488 2573/2657 2574/2658 2407/2491 
f 2573/2657 2572/2656 2575/2659 2574/2658 
f 2576/2660 2577/2661 2574/2658 2575/2659 
f 2577/2661 2408/2492 2407/2491 2574/2658 
f 2408/2492 2577/2661 2578/2662 2411/2495 
f 2577/2661 2576/2660 2579/2663 2578/2662 
f 2580/2664 2581/2665 2578/2662 2579/2663 
f 2581/2665 2412/2496 2411/2495 2578/2662 
f 2412/2496 2581/2665 2582/2666 2415/2499 
f 2581/2665 2580/2664 2583/2667 2582/2666 
f 2584/2668 2585/2669 2582/2666 2583/2667 
f 2585/2669 2416/2500 2415/2499 2582/2666 
f 2416/2500 2585/2669 2586/2670 2419/2503 
f 2585/2669 2584/2668 2587/2671 2586/2670 
f 2588/2672 2589/2673 2586/2670 2587/2671 
f 2589/2673 2420/2504 2419/2503 2586/2670 
f 2420/2504 2589/2673 2590/2674 2423/2507 
f 2589/2673 2588/2672 2591/2675 2590/2674 
f 2592/2676 2593/2677 2590/2674 2591/2675 
f 2593/2677 2424/2508 2423/2507 2590/2674 
f 2424/2508 2593/2677 2594/2678 2427/2511 
f 2593/2677 2592/2676 2595/2679 2594/2678 
f 2596/2680 2597/2681 2594/2678 2595/2679 
f 2597/2681 2428/2512 2427/2511 2594/2678 
f 2428/2512 2597/2681 2598/2682 2431/2515 
f 2597/2681 2596/2680 2599/2683 2598/2682 
f 2600/2684 2601/2685 2598/2682 2599/2683 
f 2601/2685 2432/2516 2431/2515 2598/2682 
f 2432/2516 2601/2685 2602/2686 2435/2519 
f 2601/2685 2600/2684 2603/2687 2602/2686 
f 2604/2688 2605/2689 2602/2686 2603/2687 
f 2605/2689 2436/2520 2435/2519 2602/2686 
f 1/1 4/4 2606/2690 2438/2522 
f 4/4 7/7 2607/2691 2606/2690 
f 2440/2524 2438/2522 2606/2690 2607/2691 
f 2440/2524 2607/2691 2608/2692 2443/2527 
f 2607/2691 7/7 9/9 2608/2692 
f 13/13 2609/2693 2608/2692 9/9 
f 2609/2693 2444/2528 2443/2527 2608/2692 
f 2444/2528 2609/2693 2610/2694 2447/2531 
f 2609/2693 13/13 15/15 2610/2694 
f 19/19 2611/2695 2610/2694 15/15 
f 2611/2695 2448/2532 2447/2531 2610/2694 
f 2448/2532 2611/2695 2612/2696 2451/2535 
f 2611/2695 19/19 21/21 2612/2696 
f 25/25 2613/2697 2612/2696 21/21 
f 2613/2697 2452/2536 2451/2535 2612/2696 
f 2452/2536 2613/2697 2614/2698 2455/2539 
f 2613/2697 25/25 27/27 2614/2698 
f 31/31 2615/2699 2614/2698 27/27 
f 2615/2699 2456/2540 2455/2539 2614/2698 
f 2456/2540 2615/2699 2616/2700 2459/2543 
f 2615/2699 31/31 33/33 2616/2700 
f 37/37 2617/2701 2616/2700 33/33 
f 2617/2701 2460/2544 2459/2543 2616/2700 
f 2460/2544 2617/2701 2618/2702 2463/2547 
f 2617/2701 37/37 39/39 2618/2702 
f 43/43 2619/2703 2618/2702 39/39 
f 2619/2703 2464/2548 2463/2547 2618/2702 
f 2464/2548 2619/2703 2620/2704 2467/2551 
f 2619/2703 43/43 45/45 2620/2704 
f 49/49 2621/2705 2620/2704 45/45 
f 2621/2705 2468/2552 2467/2551 2620/2704 
f 2468/2552 2621/2705 2622/2706 2471/2555 
f 2621/2705 49/49 51/51 2622/2706 
f 55/55 2623/2707 2622/2706 51/51 
f 2623/2707 2472/2556 2471/2555 2622/2706 
f 2472/2556 2623/2707 2624/2708 2475/2559 
f 2623/2707 55/55 57/57 2624/2708 
f 61/61 2625/2709 2624/2708 57/57 
f 2625/2709 2476/2560 2475/2559 2624/2708 
f 2476/2560 2625/2709 2626/2710 2479/2563 
f 2625/2709 61/61 63/63 2626/2710 
f 67/67 2627/2711 2626/2710 63/63 
f 2627/2711 2480/2564 2479/2563 2626/2710 
f 2480/2564 2627/2711 2628/2712 2483/2567 
f 2627/2711 67/67 69/69 2628/2712 
f 73/73 2629/2713 2628/2712 69/69 
f 2629/2713 2484/2568 2483/2567 2628/2712 
f 2484/2568 2629/2713 2630/2714 2487/2571 
f 2629/2713 73/73 75/75 2630/2714 
f 79/79 2631/2715 2630/2714 75/75 
f 2631/2715 2488/2572 2487/2571 2630/2714 
f 2488/2572 2631/2715 2632/2716 2491/2575 
f 2631/2715 79/79 81/81 2632/2716 
f 85/85 2633/2717 2632/2716 81/81 
f 2633/2717 2492/2576 2491/2575 2632/2716 
f 2492/2576 2633/2717 2634/2718 2495/2579 
f 2633/2717 85/85 87/87 2634/2718 
f 91/91 2635/2719 2634/2718 87/87 
f 2635/2719 2496/2580 2495/2579 2634/2718 
f 2496/2580 2635/2719 2636/2720 2499/2583 
f 2635/2719 91/91 93/93 2636/2720 
f 97/97 2637/2721 2636/2720 93/93 
f 2637/2721 2500/2584 2499/2583 2636/2720 
f 2500/2584 2637/2721 2638/2722 2503/2587 
f 2637/2721 97/97 99/99 2638/2722 
f 103/103 2639/2723 2638/2722 99/99 
f 2639/2723 2504/2588 2503/2587 2638/2722 
f 2504/2588 2639/2723 2640/2724 2507/2591 
f 2639/2723 103/103 105/105 2640/2724 
f 109/109 2641/2725 2640/2724 105/105 
f 2641/2725 2508/2592 2507/2591 2640/2724 
f 2508/2592 2641/2725 2642/2726 2511/2595 
f 2641/2725 109/109 111/111 2642/2726 
f 115/115 2643/2727 2642/2726 111/111 
f 2643/2727 2512/2596 2511/2595 2642/2726 
f 2512/2596 2643/2727 2644/2728 2515/2599 
f 2643/2727 115/115 117/117 2644/2728 
f 121/121 2645/2729 2644/2728 117/117 
f 2645/2729 2516/2600 2515/2599 2644/2728 
f 2516/2600 2645/2729 2646/2730 2519/2603 
f 2645/2729 121/121 123/123 2646/2730 
f 127/127 2647/2731 2646/2730 123/123 
f 2647/2731 2520/2604 2519/2603 2646/2730 
f 2520/2604 2647/2731 2648/2732 2523/2607 
f 2647/2731 127/127 129/129 2648/2732 
f 133/133 2649/2733 2648/2732 129/129 
f 2649/2733 2524/2608 2523/2607 2648/2732 
f 2524/2608 2649/2733 2650/2734 2527/2611 
f 2649/2733 133/133 135/135 2650/2734 
f 139/139 2651/2735 2650/2734 135/135 
f 2651/2735 2528/2612 2527/2611 2650/2734 
f 2528/2612 2651/2735 2652/2736 2531/2615 
f 2651/2735 139/139 141/141 2652/2736 
f 145/145 2653/2737 2652/2736 141/141 
f 2653/2737 2532/2616 2531/2615 2652/2736 
f 2532/2616 2653/2737 2654/2738 2535/2619 
f 2653/2737 145/145 147/147 2654/2738 
f 151/151 2655/2739 2654/2738 147/147 
f 2655/2739 2536/2620 2535/2619 2654/2738 
f 2536/2620 2655/2739 2656/2740 2539/2623 
f 2655/2739 151/151 153/153 2656/2740 
f 157/157 2657/2741 2656/2740 153/153 
f 2657/2741 2540/2624 2539/2623 2656/2740 
f 2540/2624 2657/2741 2658/2742 2543/2627 
f 2657/2741 157/157 159/159 2658/2742 
f 163/163 2659/2743 2658/2742 159/159 
f 2659/2743 2544/2628 2543/2627 2658/2742 
f 2544/2628 2659/2743 2660/2744 2547/2631 
f 2659/2743 163/163 165/165 2660/2744 
f 169/169 2661/2745 2660/2744 165/165 
f 2661/2745 2548/2632 2547/2631 2660/2744 
f 2548/2632 2661/2745 2662/2746 2551/2635 
f 2661/2745 169/169 171/171 2662/2746 
f 175/175 2663/2747 2662/2746 171/171 
f 2663/2747 2552/2636 2551/2635 2662/2746 
f 2552/2636 2663/2747 2664/2748 2555/2639 
f 2663/2747 175/175 177/177 2664/2748 
f 181/181 2665/2749 2664/2748 177/177 
f 2665/2749 2556/2640 2555/2639 2664/2748 
f 2556/2640 2665/2749 2666/2750 2559/2643 
f 2665/2749 181/181 183/183 2666/2750 
f 187/187 2667/2751 2666/2750 183/183 
f 2667/2751 2560/2644 2559/2643 2666/2750 
f 2560/2644 2667/2751 2668/2752 2563/2647 
f 2667/2751 187/187 189/189 2668/2752 
f 193/193 2669/2753 2668/2752 189/189 
f 2669/2753 2564/2648 2563/2647 2668/2752 
f 2564/2648 2669/2753 2670/2754 2567/2651 
f 2669/2753 193/193 195/195 2670/2754 
f 199/199 2671/2755 2670/2754 195/195 
f 2671/2755 2568/2652 2567/2651 2670/2754 
f 2568/2652 2671/2755 2672/2756 2571/2655 
f 2671/2755 199/199 201/201 2672/2756 
f 205/205 2673/2757 2672/2756 201/201 
f 2673/2757 2572/2656 2571/2655 2672/2756 
f 2572/2656 2673/2757 2674/2758 2575/2659 
f 2673/2757 205/205 207/207 2674/2758 
f 211/211 2675/2759 2674/2758 207/207 
f 2675/2759 2576/2660 2575/2659 2674/2758 
f 2576/2660 2675/2759 2676/2760 2579/2663 
f 2675/2759 211/211 213/213 2676/2760 
f 217/217 2677/2761 2676/2760 213/213 
f 2677/2761 2580/2664 2579/2663 2676/2760 
f 2580/2664 2677/2761 2678/2762 2583/2667 
f 2677/2761 217/217 219/219 2678/2762 
f 223/223 2679/2763 2678/2762 219/219 
f 2679/2763 2584/2668 2583/2667 2678/2762 
f 2584/2668 2679/2763 2680/2764 2587/2671 
f 2679/2763 223/223 225/225 2680/2764 
f 229/229 2681/2765 2680/2764 225/225 
f 2681/2765 2588/2672 2587/2671 2680/2764 
f 2588/2672 2681/2765 2682/2766 2591/2675 
f 2681/2765 229/229 231/231 2682/2766 
f 235/235 2683/2767 2682/2766 231/231 
f 2683/2767 2592/2676 2591/2675 2682/2766 
f 2592/2676 2683/2767 2684/2768 2595/2679 
f 2683/2767 235/235 237/237 2684/2768 
f 241/241 2685/2769 2684/2768 237/237 
f 2685/2769 2596/2680 2595/2679 2684/2768 
f 2596/2680 2685/2769 2686/2770 2599/2683 
f 2685/2769 241/241 243/243 2686/2770 
f 247/247 2687/2771 2686/2770 243/243 
f 2687/2771 2600/2684 2599/2683 2686/2770 
f 2600/2684 2687/2771 2688/2772 2603/2687 
f 2687/2771 247/247 249/249 2688/2772 
f 253/253 2689/2773 2688/2772 249/249 
f 2689/2773 2604/2688 2603/2687 2688/2772 
f 253/253 252/252 2690/2774 2691/2775 
f 252/252 251/251 2692/2776 2690/2774 
f 2693/2777 2691/2775 2690/2774 2692/2776 
f 251/505 421/504 2694/2778 2692/2779 
f 421/504 420/503 2695/2780 2694/2778 
f 2693/2777 2692/2779 2694/2778 2695/2780 
f 420/503 589/673 2696/2781 2695/2780 
f 589/673 588/672 2697/2782 2696/2781 
f 2693/2777 2695/2780 2696/2781 2697/2782 
f 588/672 757/841 2698/2783 2697/2782 
f 757/841 756/840 2699/2784 2698/2783 
f 2693/2777 2697/2782 2698/2783 2699/2784 
f 756/840 925/1009 2700/2785 2699/2784 
f 925/1009 924/1008 2701/2786 2700/2785 
f 2693/2777 2699/2784 2700/2785 2701/2786 
f 924/1008 1093/1177 2702/2787 2701/2786 
f 1093/1177 1092/1176 2703/2788 2702/2787 
f 2693/2777 2701/2786 2702/2787 2703/2788 
f 1092/1176 1261/1345 2704/2789 2703/2788 
f 1261/1345 1260/1344 2705/2790 2704/2789 
f 2693/2777 2703/2788 2704/2789 2705/2790 
f 1260/1344 1429/1513 2706/2791 2705/2790 
f 1429/1513 1428/1512 2707/2792 2706/2791 
f 2693/2777 2705/2790 2706/2791 2707/2792 
f 1428/1512 1597/1681 2708/2793 2707/2792 
f 1597/1681 1596/1680 2709/2794 2708/2793 
f 2693/2777 2707/2792 2708/2793 2709/2794 
f 1596/1680 1765/1849 2710/2795 2709/2794 
f 1765/1849 1764/1848 2711/2796 2710/2795 
f 2693/2777 2709/2794 2710/2795 2711/2796 
f 1764/1848 1933/2017 2712/2797 2711/2796 
f 1933/2017 1932/2016 2713/2798 2712/2797 
f 2693/2777 2711/2796 2712/2797 2713/2798 
f 1932/2016 2101/2185 2714/2799 2713/2798 
f 2101/2185 2100/2184 2715/2800 2714/2799 
f 2693/2777 2713/2798 2714/2799 2715/2800 
f 2100/2184 2269/2353 2716/2801 2715/2800 
f 2269/2353 2268/2352 2717/2802 2716/2801 
f 2693/2777 2715/2800 2716/2801 2717/2802 
f 2268/2352 2437/2521 2718/2803 2717/2802 
f 2437/2521 2436/2520 2719/2804 2718/2803 
f 2693/2777 2717/2802 2718/2803 2719/2804 
f 2436/2520 2605/2689 2720/2805 2719/2804 
f 2605/2689 2604/2688 2721/2806 2720/2805 
f 2693/2777 2719/2804 2720/2805 2721/2806 
f 2604/2688 2689/2773 2722/2807 2721/2806 
f 2689/2773 253/253 2691/2775 2722/2807 
f 2693/2777 2721/2806 2722/2807 2691/2775 
# 2720 polygons

