# 3ds Max Wavefront OBJ Exporter v0.99 - (c)2007 guruware
# File Created: 11.06.2025 18:32:52

mtllib Curtain-Blind-017.mtl

#
# object Curtain_Blind_017
#

v  811.0915 204.9138 7.9770
v  811.0915 204.6070 8.0184
v  811.0915 204.2977 8.0320
v  811.0915 203.9885 8.0180
v  811.0915 203.6817 7.9762
v  811.0915 203.3800 7.9071
v  811.0915 203.0856 7.8113
v  811.0915 202.8010 7.6894
v  811.0915 202.5285 7.5425
v  811.0915 202.2703 7.3718
v  811.0915 202.0284 7.1787
v  811.0915 201.8047 6.9646
v  811.0915 201.6012 6.7313
v  811.0915 201.4194 6.4808
v  811.0915 201.2608 6.2149
v  811.0915 201.1267 5.9359
v  811.0915 201.0181 5.6460
v  811.0915 200.9359 5.3475
v  811.0915 200.8808 5.0429
v  811.0915 200.8533 4.7345
v  811.0915 200.8535 4.4250
v  811.0915 200.8814 4.1167
v  811.0915 200.9369 3.8121
v  811.0915 201.0195 3.5137
v  811.0915 201.1284 3.2240
v  811.0915 201.2629 2.9452
v  811.0915 201.4219 2.6795
v  811.0915 201.6040 2.4292
v  811.0915 201.8078 2.1962
v  811.0915 202.0317 1.9824
v  811.0915 202.2739 1.7895
v  811.0915 202.5324 1.6192
v  811.0915 202.8051 1.4726
v  811.0915 203.0898 1.3512
v  811.0915 203.3843 1.2557
v  811.0915 203.6861 1.1870
v  811.0915 203.9929 1.1456
v  811.0915 204.3022 1.1319
v  811.0915 204.6115 1.1460
v  811.0915 204.9182 1.1878
v  811.0915 205.2200 1.2569
v  811.0915 205.5143 1.3527
v  811.0915 205.7989 1.4746
v  811.0915 206.0714 1.6215
v  811.0915 206.3297 1.7922
v  811.0915 206.5716 1.9853
v  811.0915 206.7952 2.1994
v  811.0915 206.9987 2.4327
v  811.0915 207.1805 2.6832
v  811.0915 207.3391 2.9491
v  811.0915 207.4733 3.2281
v  811.0915 207.5818 3.5180
v  811.0915 207.6640 3.8165
v  811.0915 207.7191 4.1211
v  811.0915 207.7466 4.4295
v  811.0915 207.7464 4.7390
v  811.0915 207.7185 5.0473
v  811.0915 207.6630 5.3519
v  811.0915 207.5805 5.6503
v  811.0915 207.4715 5.9400
v  811.0915 207.3370 6.2188
v  811.0915 207.1780 6.4845
v  811.0915 206.9959 6.7348
v  811.0915 206.7921 6.9678
v  811.0915 206.5682 7.1816
v  811.0915 206.3260 7.3745
v  811.0915 206.0676 7.5448
v  811.0915 205.7949 7.6914
v  811.0915 205.5101 7.8128
v  811.0915 205.2156 7.9083
v  811.0414 204.6137 8.0679
v  810.7415 204.6137 8.0679
v  810.7415 204.3000 8.0820
v  811.0414 204.3000 8.0820
v  811.0414 204.9249 8.0258
v  810.7415 204.9249 8.0258
v  811.0414 205.2311 7.9559
v  810.7415 205.2311 7.9559
v  811.0414 205.5298 7.8588
v  810.7415 205.5298 7.8588
v  811.0414 205.8186 7.7354
v  810.7415 205.8186 7.7354
v  811.0414 206.0951 7.5866
v  810.7415 206.0951 7.5866
v  811.0414 206.3572 7.4136
v  810.7415 206.3572 7.4136
v  811.0414 206.6028 7.2177
v  810.7415 206.6028 7.2177
v  811.0414 206.8298 7.0007
v  810.7415 206.8298 7.0007
v  811.0414 207.0364 6.7642
v  810.7415 207.0364 6.7642
v  811.0414 207.2210 6.5101
v  810.7415 207.2210 6.5101
v  811.0414 207.3821 6.2405
v  810.7415 207.3821 6.2405
v  811.0414 207.5183 5.9576
v  810.7415 207.5183 5.9576
v  811.0414 207.6287 5.6636
v  810.7415 207.6287 5.6636
v  811.0414 207.7122 5.3608
v  810.7415 207.7122 5.3608
v  811.0414 207.7683 5.0518
v  810.7415 207.7683 5.0518
v  811.0414 207.7964 4.7390
v  810.7415 207.7964 4.7390
v  811.0414 207.7964 4.4250
v  810.7415 207.7964 4.4250
v  811.0414 207.7683 4.1122
v  810.7415 207.7683 4.1122
v  811.0414 207.7122 3.8032
v  810.7415 207.7122 3.8032
v  811.0414 207.6287 3.5004
v  810.7415 207.6287 3.5004
v  811.0414 207.5183 3.2064
v  810.7415 207.5183 3.2064
v  811.0414 207.3821 2.9235
v  810.7415 207.3821 2.9235
v  811.0414 207.2210 2.6539
v  810.7415 207.2210 2.6539
v  811.0414 207.0364 2.3998
v  810.7415 207.0364 2.3998
v  811.0414 206.8298 2.1633
v  810.7415 206.8298 2.1633
v  811.0414 206.6028 1.9462
v  810.7415 206.6028 1.9462
v  811.0414 206.3572 1.7504
v  810.7415 206.3572 1.7504
v  811.0414 206.0951 1.5774
v  810.7415 206.0951 1.5774
v  811.0414 205.8186 1.4286
v  810.7415 205.8186 1.4286
v  811.0414 205.5298 1.3052
v  810.7415 205.5298 1.3052
v  811.0414 205.2311 1.2081
v  810.7415 205.2311 1.2081
v  811.0414 204.9249 1.1382
v  810.7415 204.9249 1.1382
v  811.0414 204.6137 1.0961
v  810.7415 204.6137 1.0961
v  811.0414 204.3000 1.0820
v  810.7415 204.3000 1.0820
v  811.0414 203.9862 1.0961
v  810.7415 203.9862 1.0961
v  811.0414 203.6750 1.1382
v  810.7415 203.6750 1.1382
v  811.0414 203.3688 1.2081
v  810.7415 203.3688 1.2081
v  811.0414 203.0702 1.3052
v  810.7415 203.0702 1.3052
v  811.0414 202.7814 1.4286
v  810.7415 202.7814 1.4286
v  811.0414 202.5048 1.5774
v  810.7415 202.5048 1.5774
v  811.0414 202.2427 1.7504
v  810.7415 202.2427 1.7504
v  811.0414 201.9972 1.9462
v  810.7415 201.9972 1.9462
v  811.0414 201.7702 2.1633
v  810.7415 201.7702 2.1633
v  811.0414 201.5636 2.3998
v  810.7415 201.5636 2.3998
v  811.0414 201.3790 2.6539
v  810.7415 201.3790 2.6539
v  811.0414 201.2179 2.9235
v  810.7415 201.2179 2.9235
v  811.0414 201.0816 3.2064
v  810.7415 201.0816 3.2064
v  811.0414 200.9713 3.5004
v  810.7415 200.9713 3.5004
v  811.0414 200.8877 3.8032
v  810.7415 200.8877 3.8032
v  811.0414 200.8316 4.1122
v  810.7415 200.8316 4.1122
v  811.0414 200.8035 4.4250
v  810.7415 200.8035 4.4250
v  811.0414 200.8035 4.7390
v  810.7415 200.8035 4.7390
v  811.0414 200.8316 5.0518
v  810.7415 200.8316 5.0518
v  811.0414 200.8877 5.3608
v  810.7415 200.8877 5.3608
v  811.0414 200.9713 5.6636
v  810.7415 200.9713 5.6636
v  811.0414 201.0816 5.9576
v  810.7415 201.0816 5.9576
v  811.0414 201.2179 6.2405
v  810.7415 201.2179 6.2405
v  811.0414 201.3790 6.5101
v  810.7415 201.3790 6.5101
v  811.0414 201.5636 6.7642
v  810.7415 201.5636 6.7642
v  811.0414 201.7702 7.0007
v  810.7415 201.7702 7.0007
v  811.0414 201.9972 7.2178
v  810.7415 201.9972 7.2178
v  811.0414 202.2427 7.4136
v  810.7415 202.2427 7.4136
v  811.0414 202.5048 7.5866
v  810.7415 202.5048 7.5866
v  811.0414 202.7814 7.7354
v  810.7415 202.7814 7.7354
v  811.0414 203.0702 7.8588
v  810.7415 203.0702 7.8588
v  811.0414 203.3689 7.9559
v  810.7415 203.3689 7.9559
v  811.0414 203.6750 8.0258
v  810.7415 203.6750 8.0258
v  811.0414 203.9862 8.0679
v  810.7415 203.9862 8.0679
v  810.6915 203.0898 7.8128
v  810.6915 203.3843 7.9083
v  810.6915 203.6861 7.9770
v  810.6915 203.9929 8.0184
v  810.6915 204.3022 8.0320
v  810.6915 204.6115 8.0180
v  810.6915 204.9182 7.9762
v  810.6915 205.2200 7.9071
v  810.6915 205.5143 7.8113
v  810.6915 205.7989 7.6894
v  810.6915 206.0714 7.5425
v  810.6915 206.3297 7.3718
v  810.6915 206.5716 7.1787
v  810.6915 206.7952 6.9646
v  810.6915 206.9987 6.7313
v  810.6915 207.1805 6.4807
v  810.6915 207.3391 6.2149
v  810.6915 207.4733 5.9359
v  810.6915 207.5818 5.6460
v  810.6915 207.6640 5.3475
v  810.6915 207.7191 5.0429
v  810.6915 207.7466 4.7345
v  810.6915 207.7464 4.4250
v  810.6915 207.7185 4.1167
v  810.6915 207.6630 3.8121
v  810.6915 207.5805 3.5137
v  810.6915 207.4715 3.2240
v  810.6915 207.3370 2.9452
v  810.6915 207.1780 2.6795
v  810.6915 206.9959 2.4292
v  810.6915 206.7921 2.1962
v  810.6915 206.5682 1.9824
v  810.6915 206.3260 1.7895
v  810.6915 206.0676 1.6192
v  810.6915 205.7949 1.4726
v  810.6915 205.5101 1.3512
v  810.6915 205.2156 1.2557
v  810.6915 204.9138 1.1870
v  810.6915 204.6070 1.1456
v  810.6915 204.2977 1.1319
v  810.6915 203.9885 1.1460
v  810.6915 203.6817 1.1878
v  810.6915 203.3800 1.2569
v  810.6915 203.0856 1.3527
v  810.6915 202.8010 1.4746
v  810.6915 202.5285 1.6215
v  810.6915 202.2703 1.7922
v  810.6915 202.0284 1.9853
v  810.6915 201.8047 2.1994
v  810.6915 201.6012 2.4327
v  810.6915 201.4194 2.6832
v  810.6915 201.2608 2.9491
v  810.6915 201.1267 3.2281
v  810.6915 201.0181 3.5180
v  810.6915 200.9359 3.8165
v  810.6915 200.8808 4.1211
v  810.6915 200.8533 4.4295
v  810.6915 200.8535 4.7390
v  810.6915 200.8814 5.0473
v  810.6915 200.9369 5.3519
v  810.6915 201.0195 5.6503
v  810.6915 201.1284 5.9400
v  810.6915 201.2629 6.2188
v  810.6915 201.4219 6.4845
v  810.6915 201.6040 6.7348
v  810.6915 201.8078 6.9678
v  810.6915 202.0317 7.1816
v  810.6915 202.2739 7.3745
v  810.6915 202.5324 7.5448
v  810.6915 202.8051 7.6914
v  811.0790 203.9868 8.0554
v  811.0790 203.6767 8.0134
v  811.0790 203.3716 7.9437
v  811.0790 203.0740 7.8469
v  811.0790 202.7863 7.7239
v  811.0790 202.5107 7.5756
v  811.0790 202.2496 7.4031
v  811.0790 202.0050 7.2080
v  811.0790 201.7788 6.9917
v  811.0790 201.5730 6.7560
v  811.0790 201.3891 6.5028
v  811.0790 201.2286 6.2341
v  811.0790 201.0929 5.9522
v  811.0790 200.9830 5.6592
v  811.0790 200.8998 5.3575
v  811.0790 200.8439 5.0496
v  811.0790 200.8159 4.7379
v  811.0790 200.8160 4.4250
v  811.0790 200.8441 4.1133
v  811.0790 200.9000 3.8054
v  811.0790 200.9833 3.5038
v  811.0790 201.0933 3.2108
v  811.0790 201.2291 2.9289
v  811.0790 201.3897 2.6603
v  811.0790 201.5737 2.4071
v  811.0790 201.7796 2.1715
v  811.0790 202.0058 1.9553
v  811.0790 202.2505 1.7602
v  811.0790 202.5117 1.5879
v  811.0790 202.7873 1.4396
v  811.0790 203.0751 1.3167
v  811.0790 203.3727 1.2200
v  811.0790 203.6778 1.1504
v  811.0790 203.9879 1.1085
v  811.0790 204.3005 1.0945
v  811.0790 204.6131 1.1086
v  811.0790 204.9232 1.1506
v  811.0790 205.2283 1.2203
v  811.0790 205.5259 1.3171
v  811.0790 205.8136 1.4401
v  811.0790 206.0892 1.5884
v  811.0790 206.3503 1.7609
v  811.0790 206.5950 1.9560
v  811.0790 206.8211 2.1723
v  811.0790 207.0270 2.4080
v  811.0790 207.2109 2.6612
v  811.0790 207.3713 2.9299
v  811.0790 207.5071 3.2118
v  811.0790 207.6170 3.5048
v  811.0790 207.7002 3.8065
v  811.0790 207.7560 4.1144
v  811.0790 207.7840 4.4261
v  811.0790 207.7839 4.7390
v  811.0790 207.7559 5.0507
v  811.0790 207.6999 5.3586
v  811.0790 207.6166 5.6602
v  811.0790 207.5066 5.9532
v  811.0790 207.3708 6.2351
v  811.0790 207.2103 6.5037
v  811.0790 207.0263 6.7569
v  811.0790 206.8203 6.9925
v  811.0790 206.5941 7.2087
v  811.0790 206.3494 7.4038
v  811.0790 206.0882 7.5761
v  811.0790 205.8127 7.7244
v  811.0790 205.5249 7.8473
v  811.0790 205.2272 7.9440
v  811.0790 204.9221 8.0136
v  811.0790 204.6120 8.0555
v  811.0790 204.2994 8.0695
v  810.7040 204.6131 8.0554
v  810.7040 204.3005 8.0695
v  810.7040 204.9232 8.0134
v  810.7040 205.2283 7.9437
v  810.7040 205.5259 7.8469
v  810.7040 205.8136 7.7239
v  810.7040 206.0892 7.5756
v  810.7040 206.3503 7.4031
v  810.7040 206.5950 7.2080
v  810.7040 206.8211 6.9917
v  810.7040 207.0270 6.7560
v  810.7040 207.2109 6.5028
v  810.7040 207.3713 6.2341
v  810.7040 207.5071 5.9522
v  810.7040 207.6170 5.6592
v  810.7040 207.7002 5.3575
v  810.7040 207.7560 5.0496
v  810.7040 207.7840 4.7379
v  810.7040 207.7839 4.4250
v  810.7040 207.7559 4.1133
v  810.7040 207.6999 3.8054
v  810.7040 207.6166 3.5038
v  810.7040 207.5066 3.2108
v  810.7040 207.3708 2.9289
v  810.7040 207.2103 2.6603
v  810.7040 207.0263 2.4071
v  810.7040 206.8203 2.1715
v  810.7040 206.5941 1.9553
v  810.7040 206.3494 1.7602
v  810.7040 206.0882 1.5879
v  810.7040 205.8127 1.4396
v  810.7040 205.5249 1.3167
v  810.7040 205.2272 1.2200
v  810.7040 204.9221 1.1504
v  810.7040 204.6120 1.1085
v  810.7040 204.2994 1.0945
v  810.7040 203.9868 1.1086
v  810.7040 203.6767 1.1506
v  810.7040 203.3716 1.2203
v  810.7040 203.0740 1.3171
v  810.7040 202.7863 1.4401
v  810.7040 202.5107 1.5884
v  810.7040 202.2496 1.7609
v  810.7040 202.0050 1.9560
v  810.7040 201.7788 2.1723
v  810.7040 201.5730 2.4080
v  810.7040 201.3891 2.6612
v  810.7040 201.2286 2.9299
v  810.7040 201.0929 3.2118
v  810.7040 200.9830 3.5048
v  810.7040 200.8998 3.8065
v  810.7040 200.8439 4.1144
v  810.7040 200.8159 4.4261
v  810.7040 200.8160 4.7390
v  810.7040 200.8441 5.0507
v  810.7040 200.9000 5.3586
v  810.7040 200.9833 5.6602
v  810.7040 201.0933 5.9532
v  810.7040 201.2291 6.2351
v  810.7040 201.3897 6.5037
v  810.7040 201.5737 6.7569
v  810.7040 201.7796 6.9925
v  810.7040 202.0058 7.2087
v  810.7040 202.2505 7.4038
v  810.7040 202.5117 7.5761
v  810.7040 202.7873 7.7244
v  810.7040 203.0751 7.8473
v  810.7040 203.3727 7.9440
v  810.7040 203.6778 8.0136
v  810.7040 203.9879 8.0555
v  811.0414 204.7114 5.1483
v  811.0414 204.5163 5.2477
v  811.0414 204.3000 5.2820
v  811.0414 204.0837 5.2477
v  811.0414 203.8885 5.1483
v  811.0414 203.7337 4.9934
v  811.0414 203.6342 4.7983
v  811.0414 203.6000 4.5820
v  811.0414 203.6342 4.3657
v  811.0414 203.7337 4.1705
v  811.0414 203.8885 4.0157
v  811.0414 204.0837 3.9163
v  811.0414 204.3000 3.8820
v  811.0414 204.5163 3.9163
v  811.0414 204.7114 4.0157
v  811.0414 204.8663 4.1705
v  811.0414 204.9657 4.3657
v  811.0414 205.0000 4.5820
v  811.0414 204.9657 4.7983
v  811.0414 204.8663 4.9934
v  679.3415 204.5163 5.2477
v  679.3415 204.3000 5.2820
v  679.3415 204.7114 5.1483
v  679.3415 204.8663 4.9934
v  679.3415 204.9657 4.7983
v  679.3415 205.0000 4.5820
v  679.3415 204.9657 4.3657
v  679.3415 204.8663 4.1705
v  679.3415 204.7114 4.0157
v  679.3415 204.5163 3.9162
v  679.3415 204.3000 3.8820
v  679.3415 204.0836 3.9162
v  679.3415 203.8885 4.0157
v  679.3415 203.7336 4.1705
v  679.3415 203.6342 4.3657
v  679.3415 203.6000 4.5820
v  679.3415 203.6342 4.7983
v  679.3415 203.7336 4.9934
v  679.3415 203.8885 5.1483
v  679.3415 204.0836 5.2477
v  810.4080 202.9300 1.0629
v  810.4080 202.9300 0.9049
v  811.3660 202.9300 0.9049
v  811.3660 202.9300 1.0629
v  811.3660 205.4300 0.9049
v  810.4080 205.4300 0.9049
v  810.4080 205.4300 1.0629
v  811.3660 205.4300 1.0629
v  811.3870 202.9510 0.9049
v  811.3870 205.4090 0.9049
v  811.3870 205.4090 1.0629
v  811.3870 202.9510 1.0629
v  810.4080 202.9510 0.8839
v  810.4080 205.4090 0.8839
v  811.3660 205.4090 0.8839
v  811.3660 202.9510 0.8839
v  810.3870 202.9510 1.0629
v  810.3870 205.4090 1.0629
v  810.3870 205.4090 0.9049
v  810.3870 202.9510 0.9049
v  811.3660 202.9510 1.0839
v  811.3660 205.4090 1.0839
v  810.4080 205.4090 1.0839
v  810.4080 202.9510 1.0839
v  811.3817 202.9353 1.0629
v  811.3792 202.9379 1.0760
v  811.3660 202.9353 1.0786
v  810.4080 202.9353 1.0786
v  810.3948 202.9379 1.0760
v  810.3923 202.9353 1.0629
v  810.3923 202.9353 0.9049
v  810.3948 202.9379 0.8917
v  810.4080 202.9353 0.8891
v  811.3660 202.9353 0.8891
v  811.3792 202.9379 0.8917
v  811.3817 202.9353 0.9049
v  811.3660 205.4248 1.0786
v  811.3792 205.4221 1.0760
v  811.3817 205.4248 1.0629
v  811.3817 205.4248 0.9049
v  811.3792 205.4221 0.8917
v  811.3660 205.4248 0.8891
v  810.4080 205.4248 0.8891
v  810.3948 205.4221 0.8917
v  810.3923 205.4248 0.9049
v  810.3923 205.4248 1.0629
v  810.3948 205.4221 1.0760
v  810.4080 205.4248 1.0786
v  811.3817 202.9510 1.0786
v  811.3817 202.9510 0.8891
v  811.3817 205.4090 0.8891
v  811.3817 205.4090 1.0786
v  810.3923 202.9510 0.8891
v  810.3923 205.4090 0.8891
v  810.3923 202.9510 1.0786
v  810.3923 205.4090 1.0786
v  810.2659 195.0651 4.0400
v  810.2103 203.4766 3.8946
v  810.1857 203.4799 3.7554
v  810.2414 195.0684 3.9008
v  810.4053 195.0667 4.0155
v  810.3495 203.4782 3.8701
v  810.3807 195.0700 3.8763
v  810.3251 203.4815 3.7309
v  810.3216 186.8959 4.0103
v  810.2971 186.8992 3.8711
v  810.4609 186.8975 3.9858
v  810.4363 186.9007 3.8465
v  810.3772 178.7457 3.8123
v  810.3526 178.7489 3.6731
v  810.5165 178.7473 3.7878
v  810.4919 178.7505 3.6485
v  810.4326 170.6276 3.6192
v  810.4080 170.6307 3.4799
v  810.5718 170.6291 3.5946
v  810.5474 170.6322 3.4554
v  810.4879 162.5545 3.4316
v  810.4633 162.5576 3.2924
v  810.6271 162.5561 3.4071
v  810.6025 162.5591 3.2678
v  810.5428 154.5398 3.2504
v  810.5182 154.5427 3.1112
v  810.6820 154.5413 3.2259
v  810.6575 154.5443 3.0866
v  810.5975 146.5964 3.0763
v  810.5729 146.5992 2.9370
v  810.7368 146.5979 3.0518
v  810.7122 146.6008 2.9125
v  810.6519 138.7374 2.9100
v  810.6273 138.7402 2.7707
v  810.7911 138.7389 2.8855
v  810.7666 138.7417 2.7462
v  810.7059 130.9760 2.7523
v  810.6813 130.9787 2.6130
v  810.8451 130.9775 2.7277
v  810.8206 130.9801 2.5885
v  810.7595 123.3253 2.6038
v  810.7349 123.3278 2.4646
v  810.8987 123.3267 2.5793
v  810.8741 123.3293 2.4401
v  810.8126 115.7983 2.4655
v  810.7880 115.8007 2.3262
v  810.9518 115.7997 2.4410
v  810.9273 115.8021 2.3017
v  810.8651 108.4082 2.3379
v  810.8406 108.4104 2.1987
v  811.0045 108.4096 2.3134
v  810.9799 108.4118 2.1742
v  810.9172 101.1681 2.2220
v  810.8927 101.1701 2.0827
v  811.0565 101.1694 2.1974
v  811.0319 101.1715 2.0582
v  810.9687 94.0910 2.1183
v  810.9442 94.0928 1.9790
v  811.1079 94.0924 2.0937
v  811.0834 94.0942 1.9545
v  811.0195 87.1901 2.0276
v  810.9950 87.1917 1.8883
v  811.1588 87.1915 2.0031
v  811.1342 87.1931 1.8638
v  811.0697 80.4785 1.9507
v  811.0450 80.4799 1.8115
v  811.2089 80.4798 1.9262
v  811.1844 80.4812 1.7869
v  811.1191 73.9692 1.8884
v  811.0945 73.9703 1.7491
v  811.2583 73.9706 1.8638
v  811.2338 73.9716 1.7246
v  811.1677 67.6755 1.8413
v  811.1432 67.6762 1.7020
v  811.3071 67.6768 1.8168
v  811.2825 67.6775 1.6775
v  811.2156 61.6103 1.8102
v  811.1911 61.6107 1.6710
v  811.3549 61.6115 1.7857
v  811.3303 61.6119 1.6464
v  811.2625 55.7868 1.7959
v  811.2380 55.7869 1.6567
v  811.4019 55.7880 1.7714
v  811.3773 55.7881 1.6321
v  811.3086 50.2182 1.7991
v  811.2841 50.2177 1.6599
v  811.4479 50.2193 1.7746
v  811.4233 50.2189 1.6353
v  811.3537 44.9174 1.8206
v  811.3292 44.9164 1.6813
v  811.4929 44.9185 1.7961
v  811.4684 44.9175 1.6568
v  811.3978 39.8977 1.8611
v  811.3734 39.8961 1.7218
v  811.5370 39.8986 1.8365
v  811.5126 39.8971 1.6973
v  811.4409 35.1720 1.9213
v  811.4163 35.1697 1.7820
v  811.5801 35.1730 1.8967
v  811.5557 35.1707 1.7575
v  811.4828 30.7537 2.0019
v  811.4583 30.7505 1.8627
v  811.6221 30.7545 1.9774
v  811.5977 30.7513 1.8382
v  811.5236 26.6557 2.1038
v  811.4992 26.6515 1.9646
v  811.6630 26.6564 2.0793
v  811.6384 26.6522 1.9401
v  811.5633 22.8912 2.2277
v  811.5389 22.8857 2.0885
v  811.7026 22.8918 2.2032
v  811.6781 22.8863 2.0640
v  811.6017 19.4734 2.3742
v  811.5773 19.4663 2.2351
v  811.7411 19.4738 2.3497
v  811.7166 19.4667 2.2106
v  811.6389 16.4153 2.5443
v  811.6145 16.4062 2.4052
v  811.7783 16.4156 2.5198
v  811.7537 16.4065 2.3807
v  811.6748 13.7304 2.7384
v  811.6504 13.7185 2.5996
v  811.8141 13.7303 2.7139
v  811.7897 13.7185 2.5751
v  811.7092 11.4319 2.9574
v  811.6849 11.4161 2.8190
v  811.8486 11.4314 2.9330
v  811.8242 11.4156 2.7946
v  811.7423 9.5334 3.2019
v  811.7181 9.5116 3.0643
v  811.8817 9.5323 3.1776
v  811.8574 9.5105 3.0399
v  811.7739 8.0491 3.4723
v  811.7498 8.0173 3.3364
v  811.9132 8.0470 3.4481
v  811.8892 8.0151 3.3123
v  811.8037 6.9957 3.7677
v  811.7803 6.9434 3.6376
v  811.9431 6.9915 3.7441
v  811.9196 6.9392 3.6140
v  811.8310 6.3987 4.0788
v  811.8100 6.2928 3.9766
v  811.9706 6.3890 4.0580
v  811.9496 6.2830 3.9559
v  811.8530 6.2562 4.3678
v  811.8411 6.0909 4.3855
v  811.9936 6.2403 4.3594
v  811.9817 6.0751 4.3771
v  811.8730 6.4933 4.6721
v  811.8674 6.4032 4.7863
v  812.0142 6.4852 4.6737
v  812.0085 6.3951 4.7878
v  811.8900 7.1871 4.9899
v  811.8854 7.1394 5.1235
v  812.0312 7.1834 4.9935
v  812.0267 7.1357 5.1271
v  811.9017 8.3207 5.2878
v  811.8973 8.2904 5.4260
v  812.0430 8.3188 5.2919
v  812.0386 8.2885 5.4301
v  811.9078 9.8724 5.5601
v  811.9036 9.8512 5.6999
v  812.0493 9.8714 5.5643
v  812.0450 9.8503 5.7041
v  811.9088 11.8270 5.8063
v  811.9045 11.8114 5.9468
v  812.0502 11.8266 5.8106
v  812.0458 11.8110 5.9511
v  811.9045 14.1711 6.0271
v  811.9002 14.1592 6.1680
v  812.0458 14.1711 6.0314
v  812.0416 14.1592 6.1723
v  811.8952 16.8916 6.2231
v  811.8908 16.8825 6.3642
v  812.0365 16.8919 6.2275
v  812.0322 16.8828 6.3686
v  811.8809 19.9760 6.3952
v  811.8766 19.9689 6.5364
v  812.0223 19.9765 6.3996
v  812.0179 19.9693 6.5408
v  811.8620 23.4114 6.5442
v  811.8576 23.4059 6.6854
v  812.0033 23.4121 6.5486
v  811.9990 23.4066 6.6898
v  811.8385 27.1854 6.6708
v  811.8342 27.1811 6.8121
v  811.9799 27.1861 6.6752
v  811.9755 27.1819 6.8165
v  811.8107 31.2853 6.7759
v  811.8063 31.2820 6.9173
v  811.9520 31.2861 6.7803
v  811.9476 31.2829 6.9216
v  811.7786 35.6985 6.8604
v  811.7742 35.6961 7.0017
v  811.9200 35.6995 6.8647
v  811.9156 35.6970 7.0061
v  811.7425 40.4125 6.9250
v  811.7381 40.4108 7.0663
v  811.8839 40.4135 6.9293
v  811.8795 40.4118 7.0707
v  811.7025 45.4148 6.9705
v  811.6981 45.4137 7.1119
v  811.8439 45.4159 6.9749
v  811.8396 45.4148 7.1162
v  811.6589 50.6928 6.9978
v  811.6545 50.6922 7.1392
v  811.8003 50.6940 7.0022
v  811.7959 50.6934 7.1436
v  811.6118 56.2341 7.0078
v  811.6074 56.2338 7.1492
v  811.7531 56.2352 7.0122
v  811.7487 56.2351 7.1535
v  811.5612 62.0259 7.0012
v  811.5568 62.0261 7.1426
v  811.7025 62.0271 7.0056
v  811.6981 62.0274 7.1470
v  811.5074 68.0558 6.9789
v  811.5031 68.0564 7.1203
v  811.6487 68.0571 6.9833
v  811.6443 68.0577 7.1247
v  811.4507 74.3114 6.9417
v  811.4463 74.3123 7.0831
v  811.5920 74.3127 6.9461
v  811.5876 74.3135 7.0875
v  811.3911 80.7799 6.8905
v  811.3867 80.7811 7.0318
v  811.5324 80.7813 6.8948
v  811.5280 80.7824 7.0362
v  811.3287 87.4490 6.8260
v  811.3243 87.4503 6.9673
v  811.4700 87.4503 6.8303
v  811.4656 87.4517 6.9717
v  811.2639 94.3061 6.7491
v  811.2595 94.3076 6.8904
v  811.4052 94.3074 6.7534
v  811.4008 94.3090 6.8948
v  811.1967 101.3385 6.6606
v  811.1923 101.3403 6.8019
v  811.3380 101.3400 6.6649
v  811.3337 101.3417 6.8063
v  811.1273 108.5340 6.5613
v  811.1229 108.5359 6.7026
v  811.2686 108.5354 6.5657
v  811.2642 108.5373 6.7070
v  811.0560 115.8798 6.4521
v  811.0515 115.8818 6.5934
v  811.1973 115.8812 6.4565
v  811.1929 115.8832 6.5978
v  810.9826 123.3633 6.3338
v  810.9782 123.3655 6.4752
v  811.1240 123.3648 6.3382
v  811.1196 123.3670 6.4795
v  810.9077 130.9723 6.2073
v  810.9034 130.9746 6.3486
v  811.0491 130.9737 6.2116
v  811.0447 130.9760 6.3530
v  810.8312 138.6940 6.0732
v  810.8269 138.6964 6.2146
v  810.9726 138.6955 6.0776
v  810.9682 138.6979 6.2189
v  810.7535 146.5160 5.9326
v  810.7490 146.5185 6.0739
v  810.8949 146.5175 5.9370
v  810.8904 146.5199 6.0783
v  810.6745 154.4257 5.7862
v  810.6701 154.4282 5.9275
v  810.8159 154.4272 5.7905
v  810.8114 154.4297 5.9319
v  810.5945 162.4106 5.6348
v  810.5901 162.4131 5.7761
v  810.7359 162.4121 5.6392
v  810.7315 162.4147 5.7805
v  810.5137 170.4581 5.4793
v  810.5093 170.4608 5.6206
v  810.6551 170.4596 5.4836
v  810.6506 170.4623 5.6250
v  810.4323 178.5558 5.3204
v  810.4279 178.5585 5.4617
v  810.5736 178.5573 5.3248
v  810.5692 178.5600 5.4661
v  810.3502 186.6911 5.1591
v  810.3458 186.6937 5.3004
v  810.4916 186.6926 5.1635
v  810.4872 186.6952 5.3048
v  810.2679 194.8514 4.9961
v  810.2635 194.8541 5.1374
v  810.4092 194.8530 5.0005
v  810.4048 194.8556 5.1418
v  810.1854 203.0243 4.8323
v  810.1810 203.0270 4.9736
v  810.3268 203.0258 4.8367
v  810.3224 203.0285 4.9780
v  810.2675 203.2425 3.8068
v  810.2675 203.3425 4.1068
v  810.0453 203.4203 4.0290
v  809.9675 203.3425 3.8068
v  810.2675 203.3425 3.5068
v  810.0453 203.4203 3.5846
v  810.4897 203.4203 3.5846
v  810.5676 203.3425 3.8068
v  810.4897 203.4203 4.0290
v  810.2675 204.0425 3.8068
v  809.9675 203.9425 3.8068
v  810.0453 203.8647 4.0290
v  810.2675 203.9425 4.1068
v  810.5676 203.9425 3.8068
v  810.4897 203.8647 4.0290
v  810.4897 203.8647 3.5846
v  810.2675 203.9425 3.5068
v  810.0453 203.8647 3.5846
v  810.2675 203.6425 4.2068
v  809.9675 203.6425 4.1068
v  810.5676 203.6425 4.1068
v  810.6675 203.6425 3.8068
v  810.5676 203.6425 3.5068
v  810.2675 203.6425 3.4068
v  809.9675 203.6425 3.5068
v  809.8676 203.6425 3.8068
v  810.2794 201.5191 3.8164
v  810.2794 201.6191 4.1164
v  810.0572 201.6969 4.0386
v  809.9794 201.6191 3.8164
v  810.2794 201.6191 3.5164
v  810.0572 201.6969 3.5942
v  810.5016 201.6969 3.5942
v  810.5794 201.6191 3.8164
v  810.5016 201.6969 4.0386
v  810.2794 202.3191 3.8164
v  809.9794 202.2191 3.8164
v  810.0572 202.1413 4.0386
v  810.2794 202.2191 4.1164
v  810.5794 202.2191 3.8164
v  810.5016 202.1413 4.0386
v  810.5016 202.1413 3.5942
v  810.2794 202.2191 3.5164
v  810.0572 202.1413 3.5942
v  810.2794 201.9191 4.2164
v  809.9794 201.9191 4.1164
v  810.5794 201.9191 4.1164
v  810.6793 201.9191 3.8164
v  810.5794 201.9191 3.5164
v  810.2794 201.9191 3.4164
v  809.9794 201.9191 3.5164
v  809.8794 201.9191 3.8164
v  810.2911 199.7957 3.7713
v  810.2911 199.8957 4.0713
v  810.0688 199.9734 3.9936
v  809.9911 199.8957 3.7713
v  810.2911 199.8957 3.4713
v  810.0688 199.9734 3.5491
v  810.5133 199.9734 3.5491
v  810.5910 199.8957 3.7713
v  810.5133 199.9734 3.9936
v  810.2911 200.5957 3.7713
v  809.9911 200.4957 3.7713
v  810.0688 200.4179 3.9936
v  810.2911 200.4957 4.0713
v  810.5910 200.4957 3.7713
v  810.5133 200.4179 3.9936
v  810.5133 200.4179 3.5491
v  810.2911 200.4957 3.4713
v  810.0688 200.4179 3.5491
v  810.2911 200.1957 4.1713
v  809.9911 200.1957 4.0713
v  810.5910 200.1957 4.0713
v  810.6910 200.1957 3.7713
v  810.5910 200.1957 3.4713
v  810.2911 200.1957 3.3713
v  809.9911 200.1957 3.4713
v  809.8911 200.1957 3.7713
v  810.3027 198.0722 3.8607
v  810.3027 198.1722 4.1607
v  810.0805 198.2500 4.0829
v  810.0028 198.1722 3.8607
v  810.3027 198.1722 3.5607
v  810.0805 198.2500 3.6385
v  810.5250 198.2500 3.6385
v  810.6028 198.1722 3.8607
v  810.5250 198.2500 4.0829
v  810.3027 198.8722 3.8607
v  810.0028 198.7722 3.8607
v  810.0805 198.6945 4.0829
v  810.3027 198.7722 4.1607
v  810.6028 198.7722 3.8607
v  810.5250 198.6945 4.0829
v  810.5250 198.6945 3.6385
v  810.3027 198.7722 3.5607
v  810.0805 198.6945 3.6385
v  810.3027 198.4722 4.2607
v  810.0028 198.4722 4.1607
v  810.6028 198.4722 4.1607
v  810.7028 198.4722 3.8607
v  810.6028 198.4722 3.5607
v  810.3027 198.4722 3.4607
v  810.0028 198.4722 3.5607
v  809.9028 198.4722 3.8607
v  810.3144 196.3488 3.8688
v  810.3144 196.4488 4.1688
v  810.0922 196.5266 4.0910
v  810.0143 196.4488 3.8688
v  810.3144 196.4488 3.5688
v  810.0922 196.5266 3.6466
v  810.5366 196.5266 3.6466
v  810.6144 196.4488 3.8688
v  810.5366 196.5266 4.0910
v  810.3144 197.1488 3.8688
v  810.0143 197.0488 3.8688
v  810.0922 196.9710 4.0910
v  810.3144 197.0488 4.1688
v  810.6144 197.0488 3.8688
v  810.5366 196.9710 4.0910
v  810.5366 196.9710 3.6466
v  810.3144 197.0488 3.5688
v  810.0922 196.9710 3.6466
v  810.3144 196.7488 4.2688
v  810.0143 196.7488 4.1688
v  810.6144 196.7488 4.1688
v  810.7144 196.7488 3.8688
v  810.6144 196.7488 3.5688
v  810.3144 196.7488 3.4688
v  810.0143 196.7488 3.5688
v  809.9144 196.7488 3.8688
v  810.3262 194.6254 3.8961
v  810.3261 194.7254 4.1961
v  810.1039 194.8031 4.1184
v  810.0262 194.7254 3.8961
v  810.3262 194.7254 3.5961
v  810.1039 194.8031 3.6739
v  810.5484 194.8031 3.6739
v  810.6261 194.7254 3.8961
v  810.5484 194.8031 4.1184
v  810.3261 195.4254 3.8961
v  810.0262 195.3254 3.8961
v  810.1039 195.2476 4.1184
v  810.3261 195.3254 4.1961
v  810.6261 195.3254 3.8961
v  810.5484 195.2476 4.1184
v  810.5484 195.2476 3.6739
v  810.3261 195.3254 3.5961
v  810.1039 195.2476 3.6739
v  810.3261 195.0254 4.2961
v  810.0262 195.0254 4.1961
v  810.6261 195.0254 4.1961
v  810.7262 195.0254 3.8961
v  810.6261 195.0254 3.5961
v  810.3262 195.0254 3.4961
v  810.0262 195.0254 3.5961
v  809.9261 195.0254 3.8961
v  810.3378 192.9019 3.9430
v  810.3378 193.0019 4.2430
v  810.1156 193.0797 4.1653
v  810.0379 193.0019 3.9430
v  810.3378 193.0019 3.6430
v  810.1156 193.0797 3.7208
v  810.5601 193.0797 3.7208
v  810.6379 193.0019 3.9430
v  810.5601 193.0797 4.1653
v  810.3378 193.7019 3.9430
v  810.0379 193.6019 3.9430
v  810.1156 193.5241 4.1653
v  810.3378 193.6019 4.2430
v  810.6379 193.6019 3.9430
v  810.5601 193.5241 4.1653
v  810.5601 193.5241 3.7208
v  810.3378 193.6019 3.6430
v  810.1156 193.5241 3.7208
v  810.3378 193.3019 4.3430
v  810.0379 193.3019 4.2430
v  810.6379 193.3019 4.2430
v  810.7379 193.3019 3.9430
v  810.6379 193.3019 3.6430
v  810.3378 193.3019 3.5430
v  810.0379 193.3019 3.6430
v  809.9379 193.3019 3.9430
v  810.3495 191.1785 3.9543
v  810.3495 191.2785 4.2543
v  810.1273 191.3563 4.1765
v  810.0494 191.2785 3.9543
v  810.3495 191.2785 3.6543
v  810.1273 191.3563 3.7321
v  810.5717 191.3563 3.7321
v  810.6495 191.2785 3.9543
v  810.5717 191.3563 4.1765
v  810.3495 191.9785 3.9543
v  810.0494 191.8785 3.9543
v  810.1273 191.8007 4.1765
v  810.3495 191.8785 4.2543
v  810.6495 191.8785 3.9543
v  810.5717 191.8007 4.1765
v  810.5717 191.8007 3.7321
v  810.3495 191.8785 3.6543
v  810.1273 191.8007 3.7321
v  810.3495 191.5785 4.3543
v  810.0494 191.5785 4.2543
v  810.6495 191.5785 4.2543
v  810.7495 191.5785 3.9543
v  810.6495 191.5785 3.6543
v  810.3495 191.5785 3.5543
v  810.0494 191.5785 3.6543
v  809.9495 191.5785 3.9543
v  810.3615 189.4550 3.9915
v  810.3615 189.5551 4.2915
v  810.1393 189.6328 4.2137
v  810.0615 189.5551 3.9915
v  810.3615 189.5551 3.6915
v  810.1393 189.6328 3.7693
v  810.5837 189.6328 3.7693
v  810.6615 189.5551 3.9915
v  810.5837 189.6328 4.2137
v  810.3615 190.2551 3.9915
v  810.0615 190.1551 3.9915
v  810.1393 190.0773 4.2137
v  810.3615 190.1551 4.2915
v  810.6615 190.1551 3.9915
v  810.5837 190.0773 4.2137
v  810.5837 190.0773 3.7693
v  810.3615 190.1551 3.6915
v  810.1393 190.0773 3.7693
v  810.3615 189.8551 4.3915
v  810.0615 189.8551 4.2915
v  810.6615 189.8551 4.2915
v  810.7615 189.8551 3.9915
v  810.6615 189.8551 3.6915
v  810.3615 189.8551 3.5915
v  810.0615 189.8551 3.6915
v  809.9615 189.8551 3.9915
v  810.3731 187.7316 3.9490
v  810.3731 187.8316 4.2490
v  810.1509 187.9093 4.1712
v  810.0731 187.8316 3.9490
v  810.3731 187.8316 3.6490
v  810.1509 187.9093 3.7267
v  810.5953 187.9093 3.7267
v  810.6732 187.8316 3.9490
v  810.5953 187.9093 4.1712
v  810.3731 188.5316 3.9490
v  810.0731 188.4316 3.9490
v  810.1509 188.3538 4.1712
v  810.3731 188.4316 4.2490
v  810.6732 188.4316 3.9490
v  810.5953 188.3538 4.1712
v  810.5953 188.3538 3.7267
v  810.3731 188.4316 3.6490
v  810.1509 188.3538 3.7267
v  810.3731 188.1316 4.3490
v  810.0731 188.1316 4.2490
v  810.6732 188.1316 4.2490
v  810.7731 188.1316 3.9490
v  810.6732 188.1316 3.6490
v  810.3731 188.1316 3.5490
v  810.0731 188.1316 3.6490
v  809.9731 188.1316 3.9490
v  810.3848 186.0081 3.9067
v  810.3848 186.1081 4.2067
v  810.1627 186.1859 4.1289
v  810.0848 186.1081 3.9067
v  810.3848 186.1081 3.6067
v  810.1627 186.1859 3.6845
v  810.6071 186.1859 3.6845
v  810.6849 186.1081 3.9067
v  810.6071 186.1859 4.1289
v  810.3848 186.8081 3.9067
v  810.0848 186.7081 3.9067
v  810.1627 186.6303 4.1289
v  810.3848 186.7081 4.2067
v  810.6849 186.7081 3.9067
v  810.6071 186.6303 4.1289
v  810.6071 186.6303 3.6845
v  810.3848 186.7081 3.6067
v  810.1627 186.6303 3.6845
v  810.3848 186.4081 4.3067
v  810.0848 186.4081 4.2067
v  810.6849 186.4081 4.2067
v  810.7848 186.4081 3.9067
v  810.6849 186.4081 3.6067
v  810.3848 186.4081 3.5067
v  810.0848 186.4081 3.6067
v  809.9849 186.4081 3.9067
v  810.3965 184.2846 3.8646
v  810.3965 184.3846 4.1646
v  810.1743 184.4624 4.0868
v  810.0964 184.3846 3.8646
v  810.3965 184.3846 3.5646
v  810.1743 184.4624 3.6423
v  810.6187 184.4624 3.6423
v  810.6965 184.3846 3.8646
v  810.6187 184.4624 4.0868
v  810.3965 185.0846 3.8646
v  810.0964 184.9846 3.8646
v  810.1743 184.9068 4.0868
v  810.3965 184.9846 4.1646
v  810.6965 184.9846 3.8646
v  810.6187 184.9068 4.0868
v  810.6187 184.9068 3.6423
v  810.3965 184.9846 3.5646
v  810.1743 184.9068 3.6423
v  810.3965 184.6846 4.2646
v  810.0964 184.6846 4.1646
v  810.6965 184.6846 4.1646
v  810.7964 184.6846 3.8646
v  810.6965 184.6846 3.5646
v  810.3965 184.6846 3.4646
v  810.0964 184.6846 3.5646
v  809.9965 184.6846 3.8646
v  810.4087 182.5611 3.8227
v  810.4087 182.6611 4.1227
v  810.1864 182.7389 4.0449
v  810.1086 182.6611 3.8227
v  810.4087 182.6611 3.5227
v  810.1864 182.7389 3.6004
v  810.6309 182.7389 3.6004
v  810.7086 182.6611 3.8227
v  810.6309 182.7389 4.0449
v  810.4087 183.3611 3.8227
v  810.1086 183.2612 3.8227
v  810.1864 183.1834 4.0449
v  810.4087 183.2612 4.1227
v  810.7086 183.2612 3.8227
v  810.6309 183.1834 4.0449
v  810.6309 183.1834 3.6004
v  810.4087 183.2612 3.5227
v  810.1864 183.1834 3.6004
v  810.4087 182.9612 4.2227
v  810.1086 182.9612 4.1227
v  810.7086 182.9612 4.1227
v  810.8087 182.9612 3.8227
v  810.7086 182.9612 3.5227
v  810.4087 182.9612 3.4227
v  810.1086 182.9612 3.5227
v  810.0086 182.9612 3.8227
v  810.4203 180.8377 3.7808
v  810.4203 180.9377 4.0808
v  810.1980 181.0154 4.0031
v  810.1203 180.9377 3.7808
v  810.4203 180.9377 3.4808
v  810.1980 181.0154 3.5586
v  810.6425 181.0154 3.5586
v  810.7203 180.9377 3.7808
v  810.6425 181.0154 4.0031
v  810.4203 181.6377 3.7808
v  810.1203 181.5377 3.7808
v  810.1980 181.4599 4.0031
v  810.4203 181.5377 4.0808
v  810.7203 181.5377 3.7808
v  810.6425 181.4599 4.0031
v  810.6425 181.4599 3.5586
v  810.4203 181.5377 3.4808
v  810.1980 181.4599 3.5586
v  810.4203 181.2377 4.1808
v  810.1203 181.2377 4.0808
v  810.7203 181.2377 4.0808
v  810.8203 181.2377 3.7808
v  810.7203 181.2377 3.4808
v  810.4203 181.2377 3.3808
v  810.1203 181.2377 3.4808
v  810.0203 181.2377 3.7808
v  810.4321 179.1142 3.7392
v  810.4321 179.2142 4.0392
v  810.2098 179.2920 3.9615
v  810.1320 179.2142 3.7392
v  810.4321 179.2142 3.4392
v  810.2098 179.2920 3.5170
v  810.6542 179.2920 3.5170
v  810.7320 179.2142 3.7392
v  810.6542 179.2920 3.9615
v  810.4321 179.9142 3.7392
v  810.1320 179.8142 3.7392
v  810.2098 179.7365 3.9615
v  810.4321 179.8142 4.0392
v  810.7320 179.8142 3.7392
v  810.6542 179.7365 3.9615
v  810.6542 179.7365 3.5170
v  810.4321 179.8142 3.4392
v  810.2098 179.7365 3.5170
v  810.4321 179.5142 4.1392
v  810.1320 179.5142 4.0392
v  810.7320 179.5142 4.0392
v  810.8320 179.5142 3.7392
v  810.7320 179.5142 3.4392
v  810.4321 179.5142 3.3392
v  810.1320 179.5142 3.4392
v  810.0320 179.5142 3.7392
v  810.4438 177.3907 3.6979
v  810.4438 177.4907 3.9979
v  810.2216 177.5685 3.9201
v  810.1437 177.4907 3.6979
v  810.4438 177.4907 3.3979
v  810.2216 177.5685 3.4757
v  810.6660 177.5685 3.4757
v  810.7438 177.4907 3.6979
v  810.6660 177.5685 3.9201
v  810.4438 178.1907 3.6979
v  810.1437 178.0907 3.6979
v  810.2216 178.0129 3.9201
v  810.4438 178.0907 3.9979
v  810.7438 178.0907 3.6979
v  810.6660 178.0129 3.9201
v  810.6660 178.0129 3.4757
v  810.4438 178.0907 3.3979
v  810.2216 178.0129 3.4757
v  810.4438 177.7907 4.0979
v  810.1437 177.7907 3.9979
v  810.7438 177.7907 3.9979
v  810.8438 177.7907 3.6979
v  810.7438 177.7907 3.3979
v  810.4438 177.7907 3.2979
v  810.1437 177.7907 3.3979
v  810.0438 177.7907 3.6979
v  810.4555 175.6673 3.6567
v  810.4555 175.7673 3.9567
v  810.2332 175.8450 3.8789
v  810.1555 175.7673 3.6567
v  810.4555 175.7673 3.3567
v  810.2332 175.8450 3.4345
v  810.6777 175.8450 3.4345
v  810.7554 175.7673 3.6567
v  810.6777 175.8450 3.8789
v  810.4555 176.4673 3.6567
v  810.1555 176.3673 3.6567
v  810.2332 176.2895 3.8789
v  810.4555 176.3673 3.9567
v  810.7554 176.3673 3.6567
v  810.6777 176.2895 3.8789
v  810.6777 176.2895 3.4345
v  810.4555 176.3673 3.3567
v  810.2332 176.2895 3.4345
v  810.4555 176.0673 4.0567
v  810.1555 176.0673 3.9567
v  810.7554 176.0673 3.9567
v  810.8555 176.0673 3.6567
v  810.7554 176.0673 3.3567
v  810.4555 176.0673 3.2567
v  810.1555 176.0673 3.3567
v  810.0554 176.0673 3.6567
v  810.4673 173.9437 3.6156
v  810.4673 174.0437 3.9156
v  810.2451 174.1215 3.8379
v  810.1673 174.0437 3.6156
v  810.4673 174.0437 3.3156
v  810.2451 174.1215 3.3934
v  810.6896 174.1215 3.3934
v  810.7673 174.0437 3.6156
v  810.6896 174.1215 3.8379
v  810.4673 174.7437 3.6156
v  810.1673 174.6437 3.6156
v  810.2451 174.5659 3.8379
v  810.4673 174.6437 3.9156
v  810.7673 174.6437 3.6156
v  810.6896 174.5659 3.8379
v  810.6896 174.5659 3.3934
v  810.4673 174.6437 3.3156
v  810.2451 174.5659 3.3934
v  810.4673 174.3437 4.0156
v  810.1673 174.3437 3.9156
v  810.7673 174.3437 3.9156
v  810.8673 174.3437 3.6156
v  810.7673 174.3437 3.3156
v  810.4673 174.3437 3.2156
v  810.1673 174.3437 3.3156
v  810.0673 174.3437 3.6156
v  810.4792 172.2202 3.5747
v  810.4792 172.3202 3.8747
v  810.2571 172.3980 3.7970
v  810.1793 172.3202 3.5747
v  810.4792 172.3202 3.2747
v  810.2571 172.3980 3.3525
v  810.7015 172.3980 3.3525
v  810.7792 172.3202 3.5747
v  810.7015 172.3980 3.7970
v  810.4792 173.0202 3.5747
v  810.1793 172.9202 3.5747
v  810.2571 172.8425 3.7970
v  810.4792 172.9202 3.8747
v  810.7792 172.9202 3.5747
v  810.7015 172.8425 3.7970
v  810.7015 172.8425 3.3525
v  810.4792 172.9202 3.2747
v  810.2571 172.8425 3.3525
v  810.4792 172.6202 3.9747
v  810.1793 172.6202 3.8747
v  810.7792 172.6202 3.8747
v  810.8792 172.6202 3.5747
v  810.7792 172.6202 3.2747
v  810.4792 172.6202 3.1747
v  810.1793 172.6202 3.2747
v  810.0792 172.6202 3.5747
v  810.4910 170.4967 3.5342
v  810.4910 170.5967 3.8342
v  810.2687 170.6745 3.7564
v  810.1910 170.5967 3.5342
v  810.4910 170.5967 3.2342
v  810.2687 170.6745 3.3120
v  810.7132 170.6745 3.3120
v  810.7909 170.5967 3.5342
v  810.7132 170.6745 3.7564
v  810.4909 171.2967 3.5342
v  810.1910 171.1967 3.5342
v  810.2687 171.1190 3.7564
v  810.4909 171.1967 3.8342
v  810.7909 171.1967 3.5342
v  810.7132 171.1190 3.7564
v  810.7132 171.1190 3.3120
v  810.4910 171.1967 3.2342
v  810.2687 171.1190 3.3120
v  810.4909 170.8967 3.9342
v  810.1910 170.8967 3.8342
v  810.7909 170.8967 3.8342
v  810.8910 170.8967 3.5342
v  810.7909 170.8967 3.2342
v  810.4910 170.8967 3.1342
v  810.1910 170.8967 3.2342
v  810.0909 170.8967 3.5342
v  810.5027 168.7732 3.4938
v  810.5027 168.8732 3.7938
v  810.2805 168.9510 3.7160
v  810.2028 168.8732 3.4938
v  810.5027 168.8732 3.1938
v  810.2805 168.9510 3.2716
v  810.7250 168.9510 3.2716
v  810.8027 168.8732 3.4938
v  810.7250 168.9510 3.7160
v  810.5027 169.5732 3.4938
v  810.2028 169.4732 3.4938
v  810.2805 169.3954 3.7160
v  810.5027 169.4732 3.7938
v  810.8027 169.4732 3.4938
v  810.7250 169.3954 3.7160
v  810.7250 169.3954 3.2716
v  810.5027 169.4732 3.1938
v  810.2805 169.3954 3.2716
v  810.5027 169.1732 3.8938
v  810.2028 169.1732 3.7938
v  810.8027 169.1732 3.7938
v  810.9028 169.1732 3.4938
v  810.8027 169.1732 3.1938
v  810.5027 169.1732 3.0938
v  810.2028 169.1732 3.1938
v  810.1027 169.1732 3.4938
v  810.5145 167.0497 3.4536
v  810.5145 167.1497 3.7536
v  810.2922 167.2275 3.6758
v  810.2144 167.1497 3.4536
v  810.5145 167.1497 3.1536
v  810.2922 167.2275 3.2314
v  810.7366 167.2275 3.2314
v  810.8145 167.1497 3.4536
v  810.7366 167.2275 3.6758
v  810.5145 167.8497 3.4536
v  810.2144 167.7497 3.4536
v  810.2922 167.6719 3.6758
v  810.5145 167.7497 3.7536
v  810.8145 167.7497 3.4536
v  810.7366 167.6719 3.6758
v  810.7366 167.6719 3.2314
v  810.5145 167.7497 3.1536
v  810.2922 167.6719 3.2314
v  810.5145 167.4497 3.8536
v  810.2144 167.4497 3.7536
v  810.8145 167.4497 3.7536
v  810.9144 167.4497 3.4536
v  810.8145 167.4497 3.1536
v  810.5145 167.4497 3.0536
v  810.2144 167.4497 3.1536
v  810.1145 167.4497 3.4536
v  810.5262 165.3262 3.4136
v  810.5262 165.4262 3.7136
v  810.3041 165.5040 3.6358
v  810.2263 165.4262 3.4136
v  810.5262 165.4262 3.1136
v  810.3041 165.5040 3.1914
v  810.7485 165.5040 3.1914
v  810.8263 165.4262 3.4136
v  810.7485 165.5040 3.6358
v  810.5262 166.1262 3.4136
v  810.2263 166.0262 3.4136
v  810.3041 165.9484 3.6358
v  810.5262 166.0262 3.7136
v  810.8263 166.0262 3.4136
v  810.7485 165.9484 3.6358
v  810.7485 165.9484 3.1914
v  810.5262 166.0262 3.1136
v  810.3041 165.9484 3.1914
v  810.5262 165.7262 3.8136
v  810.2263 165.7262 3.7136
v  810.8263 165.7262 3.7136
v  810.9263 165.7262 3.4136
v  810.8263 165.7262 3.1136
v  810.5262 165.7262 3.0136
v  810.2263 165.7262 3.1136
v  810.1263 165.7262 3.4136
v  810.5379 163.6026 3.3738
v  810.5379 163.7027 3.6738
v  810.3157 163.7804 3.5960
v  810.2379 163.7027 3.3738
v  810.5379 163.7027 3.0738
v  810.3157 163.7804 3.1516
v  810.7601 163.7804 3.1516
v  810.8380 163.7027 3.3738
v  810.7601 163.7804 3.5960
v  810.5379 164.4026 3.3738
v  810.2379 164.3027 3.3738
v  810.3157 164.2249 3.5960
v  810.5379 164.3027 3.6738
v  810.8380 164.3027 3.3738
v  810.7601 164.2249 3.5960
v  810.7601 164.2249 3.1516
v  810.5379 164.3027 3.0738
v  810.3157 164.2249 3.1516
v  810.5379 164.0027 3.7738
v  810.2379 164.0027 3.6738
v  810.8380 164.0027 3.6738
v  810.9379 164.0027 3.3738
v  810.8380 164.0027 3.0738
v  810.5379 164.0027 2.9738
v  810.2379 164.0027 3.0738
v  810.1379 164.0027 3.3738
v  810.5496 161.8792 3.3342
v  810.5496 161.9792 3.6342
v  810.3275 162.0569 3.5565
v  810.2496 161.9792 3.3342
v  810.5496 161.9792 3.0342
v  810.3275 162.0569 3.1120
v  810.7719 162.0569 3.1120
v  810.8497 161.9792 3.3342
v  810.7719 162.0569 3.5565
v  810.5496 162.6792 3.3342
v  810.2496 162.5792 3.3342
v  810.3275 162.5014 3.5565
v  810.5496 162.5792 3.6342
v  810.8497 162.5792 3.3342
v  810.7719 162.5014 3.5565
v  810.7719 162.5014 3.1120
v  810.5496 162.5792 3.0342
v  810.3275 162.5014 3.1120
v  810.5496 162.2792 3.7342
v  810.2496 162.2792 3.6342
v  810.8497 162.2792 3.6342
v  810.9496 162.2792 3.3342
v  810.8497 162.2792 3.0342
v  810.5496 162.2792 2.9342
v  810.2496 162.2792 3.0342
v  810.1497 162.2792 3.3342
v  810.5612 160.1556 3.2950
v  810.5612 160.2556 3.5950
v  810.3390 160.3334 3.5172
v  810.2612 160.2556 3.2950
v  810.5612 160.2556 2.9950
v  810.3390 160.3334 3.0727
v  810.7834 160.3334 3.0727
v  810.8612 160.2556 3.2950
v  810.7834 160.3334 3.5172
v  810.5612 160.9556 3.2950
v  810.2612 160.8556 3.2950
v  810.3390 160.7778 3.5172
v  810.5612 160.8556 3.5950
v  810.8612 160.8556 3.2950
v  810.7834 160.7778 3.5172
v  810.7834 160.7778 3.0727
v  810.5612 160.8556 2.9950
v  810.3390 160.7778 3.0727
v  810.5612 160.5556 3.6950
v  810.2612 160.5556 3.5950
v  810.8612 160.5556 3.5950
v  810.9612 160.5556 3.2950
v  810.8612 160.5556 2.9950
v  810.5612 160.5556 2.8950
v  810.2612 160.5556 2.9950
v  810.1612 160.5556 3.2950
v  810.5735 158.4321 3.2559
v  810.5735 158.5320 3.5559
v  810.3513 158.6098 3.4781
v  810.2734 158.5320 3.2559
v  810.5735 158.5320 2.9559
v  810.3513 158.6098 3.0337
v  810.7957 158.6098 3.0337
v  810.8735 158.5320 3.2559
v  810.7957 158.6098 3.4781
v  810.5735 159.2320 3.2559
v  810.2734 159.1320 3.2559
v  810.3513 159.0543 3.4781
v  810.5735 159.1320 3.5559
v  810.8735 159.1320 3.2559
v  810.7957 159.0543 3.4781
v  810.7957 159.0543 3.0337
v  810.5735 159.1320 2.9559
v  810.3513 159.0543 3.0337
v  810.5735 158.8320 3.6559
v  810.2734 158.8320 3.5559
v  810.8735 158.8320 3.5559
v  810.9734 158.8320 3.2559
v  810.8735 158.8320 2.9559
v  810.5735 158.8320 2.8559
v  810.2734 158.8320 2.9559
v  810.1735 158.8320 3.2559
v  810.5852 156.7085 3.2171
v  810.5852 156.8085 3.5171
v  810.3629 156.8863 3.4393
v  810.2852 156.8085 3.2171
v  810.5852 156.8085 2.9171
v  810.3629 156.8863 2.9949
v  810.8074 156.8863 2.9949
v  810.8851 156.8085 3.2171
v  810.8074 156.8863 3.4393
v  810.5852 157.5085 3.2171
v  810.2852 157.4085 3.2171
v  810.3629 157.3307 3.4393
v  810.5852 157.4085 3.5171
v  810.8851 157.4085 3.2171
v  810.8074 157.3307 3.4393
v  810.8074 157.3307 2.9949
v  810.5852 157.4085 2.9171
v  810.3629 157.3307 2.9949
v  810.5852 157.1085 3.6171
v  810.2852 157.1085 3.5171
v  810.8851 157.1085 3.5171
v  810.9852 157.1085 3.2171
v  810.8851 157.1085 2.9171
v  810.5852 157.1085 2.8171
v  810.2852 157.1085 2.9171
v  810.1851 157.1085 3.2171
v  810.5972 154.9849 3.1785
v  810.5972 155.0849 3.4785
v  810.3750 155.1627 3.4007
v  810.2972 155.0849 3.1785
v  810.5972 155.0849 2.8785
v  810.3750 155.1627 2.9562
v  810.8195 155.1627 2.9562
v  810.8973 155.0849 3.1785
v  810.8195 155.1627 3.4007
v  810.5972 155.7849 3.1785
v  810.2972 155.6849 3.1785
v  810.3750 155.6071 3.4007
v  810.5972 155.6849 3.4785
v  810.8973 155.6849 3.1785
v  810.8195 155.6071 3.4007
v  810.8195 155.6071 2.9562
v  810.5972 155.6849 2.8785
v  810.3750 155.6071 2.9562
v  810.5972 155.3849 3.5785
v  810.2972 155.3849 3.4785
v  810.8973 155.3849 3.4785
v  810.9972 155.3849 3.1785
v  810.8973 155.3849 2.8785
v  810.5972 155.3849 2.7785
v  810.2972 155.3849 2.8785
v  810.1973 155.3849 3.1785
v  810.6089 153.2614 3.1402
v  810.6089 153.3614 3.4402
v  810.3868 153.4392 3.3624
v  810.3090 153.3614 3.1402
v  810.6089 153.3614 2.8402
v  810.3868 153.4392 2.9180
v  810.8312 153.4392 2.9180
v  810.9090 153.3614 3.1402
v  810.8312 153.4392 3.3624
v  810.6089 154.0614 3.1402
v  810.3090 153.9614 3.1402
v  810.3868 153.8836 3.3624
v  810.6089 153.9614 3.4402
v  810.9090 153.9614 3.1402
v  810.8312 153.8836 3.3624
v  810.8312 153.8836 2.9180
v  810.6089 153.9614 2.8402
v  810.3868 153.8836 2.9180
v  810.6089 153.6614 3.5402
v  810.3090 153.6614 3.4402
v  810.9090 153.6614 3.4402
v  811.0090 153.6614 3.1402
v  810.9090 153.6614 2.8402
v  810.6089 153.6614 2.7402
v  810.3090 153.6614 2.8402
v  810.2090 153.6614 3.1402
v  810.6206 151.5379 3.1021
v  810.6206 151.6379 3.4021
v  810.3984 151.7156 3.3243
v  810.3207 151.6379 3.1021
v  810.6206 151.6379 2.8021
v  810.3984 151.7156 2.8799
v  810.8429 151.7156 2.8799
v  810.9206 151.6379 3.1021
v  810.8429 151.7156 3.3243
v  810.6206 152.3379 3.1021
v  810.3207 152.2379 3.1021
v  810.3984 152.1601 3.3243
v  810.6206 152.2379 3.4021
v  810.9206 152.2379 3.1021
v  810.8429 152.1601 3.3243
v  810.8429 152.1601 2.8799
v  810.6206 152.2379 2.8021
v  810.3984 152.1601 2.8799
v  810.6206 151.9379 3.5021
v  810.3207 151.9379 3.4021
v  810.9206 151.9379 3.4021
v  811.0206 151.9379 3.1021
v  810.9206 151.9379 2.8021
v  810.6206 151.9379 2.7021
v  810.3207 151.9379 2.8021
v  810.2206 151.9379 3.1021
v  810.6325 149.8143 3.0644
v  810.6325 149.9143 3.3644
v  810.4103 149.9921 3.2866
v  810.3325 149.9143 3.0644
v  810.6325 149.9143 2.7644
v  810.4103 149.9921 2.8422
v  810.8547 149.9921 2.8422
v  810.9324 149.9143 3.0644
v  810.8547 149.9921 3.2866
v  810.6325 150.6143 3.0644
v  810.3325 150.5143 3.0644
v  810.4103 150.4365 3.2866
v  810.6325 150.5143 3.3644
v  810.9324 150.5143 3.0644
v  810.8547 150.4365 3.2866
v  810.8547 150.4365 2.8422
v  810.6325 150.5143 2.7644
v  810.4103 150.4365 2.8422
v  810.6325 150.2143 3.4644
v  810.3325 150.2143 3.3644
v  810.9324 150.2143 3.3644
v  811.0325 150.2143 3.0644
v  810.9324 150.2143 2.7644
v  810.6325 150.2143 2.6644
v  810.3325 150.2143 2.7644
v  810.2324 150.2143 3.0644
v  810.6445 148.0907 3.0267
v  810.6445 148.1907 3.3267
v  810.4223 148.2685 3.2489
v  810.3446 148.1907 3.0267
v  810.6445 148.1907 2.7267
v  810.4223 148.2685 2.8045
v  810.8668 148.2685 2.8045
v  810.9446 148.1907 3.0267
v  810.8668 148.2685 3.2489
v  810.6445 148.8907 3.0267
v  810.3446 148.7907 3.0267
v  810.4223 148.7129 3.2489
v  810.6445 148.7907 3.3267
v  810.9446 148.7907 3.0267
v  810.8668 148.7129 3.2489
v  810.8668 148.7129 2.8045
v  810.6445 148.7907 2.7267
v  810.4223 148.7129 2.8045
v  810.6445 148.4907 3.4267
v  810.3446 148.4907 3.3267
v  810.9446 148.4907 3.3267
v  811.0446 148.4907 3.0267
v  810.9446 148.4907 2.7267
v  810.6445 148.4907 2.6267
v  810.3446 148.4907 2.7267
v  810.2446 148.4907 3.0267
v  810.6566 146.3672 2.9895
v  810.6566 146.4672 3.2895
v  810.4343 146.5449 3.2117
v  810.3566 146.4672 2.9895
v  810.6566 146.4672 2.6895
v  810.4343 146.5449 2.7672
v  810.8788 146.5449 2.7672
v  810.9565 146.4672 2.9895
v  810.8788 146.5449 3.2117
v  810.6566 147.1672 2.9895
v  810.3566 147.0672 2.9895
v  810.4343 146.9894 3.2117
v  810.6566 147.0672 3.2895
v  810.9565 147.0672 2.9895
v  810.8788 146.9894 3.2117
v  810.8788 146.9894 2.7672
v  810.6566 147.0672 2.6895
v  810.4343 146.9894 2.7672
v  810.6566 146.7672 3.3895
v  810.3566 146.7672 3.2895
v  810.9565 146.7672 3.2895
v  811.0566 146.7672 2.9895
v  810.9565 146.7672 2.6895
v  810.6566 146.7672 2.5895
v  810.3566 146.7672 2.6895
v  810.2566 146.7672 2.9895
v  810.6684 144.6435 2.9525
v  810.6684 144.7435 3.2525
v  810.4462 144.8213 3.1748
v  810.3683 144.7435 2.9525
v  810.6684 144.7435 2.6525
v  810.4462 144.8213 2.7303
v  810.8906 144.8213 2.7303
v  810.9684 144.7435 2.9525
v  810.8906 144.8213 3.1748
v  810.6684 145.4435 2.9525
v  810.3683 145.3435 2.9525
v  810.4462 145.2657 3.1748
v  810.6684 145.3435 3.2525
v  810.9684 145.3435 2.9525
v  810.8906 145.2657 3.1748
v  810.8906 145.2657 2.7303
v  810.6684 145.3435 2.6525
v  810.4462 145.2657 2.7303
v  810.6684 145.0435 3.3525
v  810.3683 145.0435 3.2525
v  810.9684 145.0435 3.2525
v  811.0684 145.0435 2.9525
v  810.9684 145.0435 2.6525
v  810.6684 145.0435 2.5525
v  810.3683 145.0435 2.6525
v  810.2684 145.0435 2.9525
v  810.6800 142.9200 2.9158
v  810.6800 143.0199 3.2158
v  810.4578 143.0977 3.1381
v  810.3800 143.0199 2.9158
v  810.6800 143.0199 2.6158
v  810.4578 143.0977 2.6936
v  810.9022 143.0977 2.6936
v  810.9800 143.0199 2.9158
v  810.9022 143.0977 3.1381
v  810.6800 143.7199 2.9158
v  810.3800 143.6199 2.9158
v  810.4578 143.5421 3.1381
v  810.6800 143.6199 3.2158
v  810.9800 143.6199 2.9158
v  810.9022 143.5421 3.1381
v  810.9022 143.5421 2.6936
v  810.6800 143.6199 2.6158
v  810.4578 143.5421 2.6936
v  810.6800 143.3199 3.3158
v  810.3800 143.3199 3.2158
v  810.9800 143.3199 3.2158
v  811.0800 143.3199 2.9158
v  810.9800 143.3199 2.6158
v  810.6800 143.3199 2.5158
v  810.3800 143.3199 2.6158
v  810.2800 143.3199 2.9158
v  810.6921 141.1964 2.8795
v  810.6921 141.2964 3.1795
v  810.4699 141.3741 3.1017
v  810.3921 141.2964 2.8795
v  810.6921 141.2964 2.5795
v  810.4699 141.3741 2.6573
v  810.9143 141.3741 2.6573
v  810.9921 141.2964 2.8795
v  810.9143 141.3741 3.1017
v  810.6921 141.9964 2.8795
v  810.3921 141.8964 2.8795
v  810.4699 141.8186 3.1017
v  810.6921 141.8964 3.1795
v  810.9921 141.8964 2.8795
v  810.9143 141.8186 3.1017
v  810.9143 141.8186 2.6573
v  810.6921 141.8964 2.5795
v  810.4699 141.8186 2.6573
v  810.6921 141.5964 3.2795
v  810.3921 141.5964 3.1795
v  810.9921 141.5964 3.1795
v  811.0921 141.5964 2.8795
v  810.9921 141.5964 2.5795
v  810.6921 141.5964 2.4795
v  810.3921 141.5964 2.5795
v  810.2921 141.5964 2.8795
v  810.7042 139.4727 2.8434
v  810.7042 139.5727 3.1434
v  810.4821 139.6505 3.0656
v  810.4043 139.5727 2.8434
v  810.7042 139.5727 2.5434
v  810.4821 139.6505 2.6212
v  810.9265 139.6505 2.6212
v  811.0043 139.5727 2.8434
v  810.9265 139.6505 3.0656
v  810.7042 140.2727 2.8434
v  810.4042 140.1727 2.8434
v  810.4821 140.0949 3.0656
v  810.7042 140.1727 3.1434
v  811.0043 140.1727 2.8434
v  810.9265 140.0949 3.0656
v  810.9265 140.0949 2.6212
v  810.7042 140.1727 2.5434
v  810.4821 140.0949 2.6212
v  810.7042 139.8727 3.2434
v  810.4043 139.8727 3.1434
v  811.0043 139.8727 3.1434
v  811.1043 139.8727 2.8434
v  811.0043 139.8727 2.5434
v  810.7042 139.8727 2.4434
v  810.4042 139.8727 2.5434
v  810.3043 139.8727 2.8434
v  810.7161 137.7491 2.8077
v  810.7161 137.8491 3.1077
v  810.4938 137.9269 3.0300
v  810.4161 137.8491 2.8077
v  810.7161 137.8491 2.5077
v  810.4938 137.9269 2.5855
v  810.9384 137.9269 2.5855
v  811.0161 137.8491 2.8077
v  810.9384 137.9269 3.0300
v  810.7161 138.5491 2.8077
v  810.4161 138.4491 2.8077
v  810.4938 138.3714 3.0300
v  810.7161 138.4491 3.1077
v  811.0161 138.4491 2.8077
v  810.9384 138.3714 3.0300
v  810.9384 138.3714 2.5855
v  810.7161 138.4491 2.5077
v  810.4938 138.3714 2.5855
v  810.7161 138.1491 3.2077
v  810.4161 138.1491 3.1077
v  811.0161 138.1491 3.1077
v  811.1161 138.1491 2.8077
v  811.0161 138.1491 2.5077
v  810.7161 138.1491 2.4077
v  810.4161 138.1491 2.5077
v  810.3161 138.1491 2.8077
v  810.7277 136.0255 2.7722
v  810.7277 136.1255 3.0722
v  810.5055 136.2033 2.9944
v  810.4277 136.1255 2.7722
v  810.7277 136.1255 2.4722
v  810.5055 136.2033 2.5500
v  810.9499 136.2033 2.5500
v  811.0276 136.1255 2.7722
v  810.9499 136.2033 2.9944
v  810.7277 136.8255 2.7722
v  810.4277 136.7255 2.7722
v  810.5055 136.6477 2.9944
v  810.7277 136.7255 3.0722
v  811.0276 136.7255 2.7722
v  810.9499 136.6477 2.9944
v  810.9499 136.6477 2.5500
v  810.7277 136.7255 2.4722
v  810.5055 136.6477 2.5500
v  810.7277 136.4255 3.1722
v  810.4277 136.4255 3.0722
v  811.0276 136.4255 3.0722
v  811.1277 136.4255 2.7722
v  811.0276 136.4255 2.4722
v  810.7277 136.4255 2.3722
v  810.4277 136.4255 2.4722
v  810.3276 136.4255 2.7722
v  810.7402 134.3019 2.7372
v  810.7402 134.4019 3.0372
v  810.5180 134.4797 2.9594
v  810.4402 134.4019 2.7372
v  810.7402 134.4019 2.4372
v  810.5180 134.4797 2.5150
v  810.9625 134.4797 2.5150
v  811.0402 134.4019 2.7372
v  810.9625 134.4797 2.9594
v  810.7402 135.1019 2.7372
v  810.4402 135.0019 2.7372
v  810.5180 134.9241 2.9594
v  810.7402 135.0019 3.0372
v  811.0402 135.0019 2.7372
v  810.9625 134.9241 2.9594
v  810.9625 134.9241 2.5150
v  810.7402 135.0019 2.4372
v  810.5180 134.9241 2.5150
v  810.7402 134.7019 3.1372
v  810.4402 134.7019 3.0372
v  811.0402 134.7019 3.0372
v  811.1403 134.7019 2.7372
v  811.0402 134.7019 2.4372
v  810.7402 134.7019 2.3372
v  810.4402 134.7019 2.4372
v  810.3402 134.7019 2.7372
v  810.7520 132.5783 2.7024
v  810.7520 132.6783 3.0024
v  810.5297 132.7561 2.9246
v  810.4520 132.6783 2.7024
v  810.7520 132.6783 2.4024
v  810.5297 132.7561 2.4802
v  810.9742 132.7561 2.4802
v  811.0519 132.6783 2.7024
v  810.9742 132.7561 2.9246
v  810.7520 133.3783 2.7024
v  810.4520 133.2783 2.7024
v  810.5297 133.2005 2.9246
v  810.7520 133.2783 3.0024
v  811.0519 133.2783 2.7024
v  810.9742 133.2005 2.9246
v  810.9742 133.2005 2.4802
v  810.7520 133.2783 2.4024
v  810.5297 133.2005 2.4802
v  810.7520 132.9783 3.1024
v  810.4520 132.9783 3.0024
v  811.0519 132.9783 3.0024
v  811.1520 132.9783 2.7024
v  811.0519 132.9783 2.4024
v  810.7520 132.9783 2.3024
v  810.4520 132.9783 2.4024
v  810.3519 132.9783 2.7024
v  810.7641 130.8547 2.6680
v  810.7641 130.9547 2.9680
v  810.5419 131.0324 2.8902
v  810.4641 130.9547 2.6680
v  810.7641 130.9547 2.3680
v  810.5419 131.0324 2.4458
v  810.9863 131.0324 2.4458
v  811.0641 130.9547 2.6680
v  810.9863 131.0324 2.8902
v  810.7641 131.6547 2.6680
v  810.4641 131.5547 2.6680
v  810.5419 131.4769 2.8902
v  810.7641 131.5547 2.9680
v  811.0641 131.5547 2.6680
v  810.9863 131.4769 2.8902
v  810.9863 131.4769 2.4458
v  810.7641 131.5547 2.3680
v  810.5419 131.4769 2.4458
v  810.7641 131.2547 3.0680
v  810.4641 131.2547 2.9680
v  811.0641 131.2547 2.9680
v  811.1641 131.2547 2.6680
v  811.0641 131.2547 2.3680
v  810.7641 131.2547 2.2680
v  810.4641 131.2547 2.3680
v  810.3641 131.2547 2.6680
v  810.7761 129.1310 2.6339
v  810.7761 129.2310 2.9339
v  810.5538 129.3087 2.8561
v  810.4761 129.2310 2.6339
v  810.7761 129.2310 2.3339
v  810.5538 129.3087 2.4117
v  810.9982 129.3087 2.4117
v  811.0760 129.2310 2.6339
v  810.9982 129.3087 2.8561
v  810.7761 129.9310 2.6339
v  810.4761 129.8310 2.6339
v  810.5538 129.7532 2.8561
v  810.7761 129.8310 2.9339
v  811.0760 129.8310 2.6339
v  810.9982 129.7532 2.8561
v  810.9982 129.7532 2.4117
v  810.7761 129.8310 2.3339
v  810.5538 129.7532 2.4117
v  810.7761 129.5310 3.0339
v  810.4761 129.5310 2.9339
v  811.0760 129.5310 2.9339
v  811.1761 129.5310 2.6339
v  811.0760 129.5310 2.3339
v  810.7761 129.5310 2.2339
v  810.4761 129.5310 2.3339
v  810.3761 129.5310 2.6339
v  810.7878 127.4073 2.6004
v  810.7878 127.5073 2.9004
v  810.5657 127.5851 2.8226
v  810.4879 127.5073 2.6004
v  810.7878 127.5073 2.3004
v  810.5657 127.5851 2.3781
v  811.0102 127.5851 2.3781
v  811.0879 127.5073 2.6004
v  811.0102 127.5851 2.8226
v  810.7878 128.2073 2.6004
v  810.4879 128.1073 2.6004
v  810.5657 128.0296 2.8226
v  810.7878 128.1073 2.9004
v  811.0879 128.1073 2.6004
v  811.0102 128.0296 2.8226
v  811.0102 128.0296 2.3781
v  810.7878 128.1073 2.3004
v  810.5657 128.0296 2.3781
v  810.7878 127.8073 3.0004
v  810.4879 127.8073 2.9004
v  811.0879 127.8073 2.9004
v  811.1879 127.8073 2.6004
v  811.0879 127.8073 2.3004
v  810.7878 127.8073 2.2004
v  810.4879 127.8073 2.3004
v  810.3879 127.8073 2.6004
v  810.8004 125.6837 2.5669
v  810.8004 125.7837 2.8669
v  810.5781 125.8614 2.7891
v  810.5004 125.7837 2.5669
v  810.8004 125.7837 2.2669
v  810.5781 125.8614 2.3447
v  811.0226 125.8614 2.3447
v  811.1004 125.7837 2.5669
v  811.0226 125.8614 2.7891
v  810.8004 126.4837 2.5669
v  810.5004 126.3837 2.5669
v  810.5781 126.3059 2.7891
v  810.8004 126.3837 2.8669
v  811.1004 126.3837 2.5669
v  811.0226 126.3059 2.7891
v  811.0226 126.3059 2.3447
v  810.8004 126.3837 2.2669
v  810.5781 126.3059 2.3447
v  810.8004 126.0837 2.9669
v  810.5004 126.0837 2.8669
v  811.1004 126.0837 2.8669
v  811.2003 126.0837 2.5669
v  811.1004 126.0837 2.2669
v  810.8004 126.0837 2.1669
v  810.5004 126.0837 2.2669
v  810.4004 126.0837 2.5669
v  810.8121 123.9600 2.5341
v  810.8121 124.0600 2.8341
v  810.5899 124.1378 2.7563
v  810.5121 124.0600 2.5341
v  810.8121 124.0600 2.2341
v  810.5899 124.1378 2.3119
v  811.0343 124.1378 2.3119
v  811.1121 124.0600 2.5341
v  811.0343 124.1378 2.7563
v  810.8121 124.7600 2.5341
v  810.5121 124.6600 2.5341
v  810.5899 124.5822 2.7563
v  810.8121 124.6600 2.8341
v  811.1121 124.6600 2.5341
v  811.0343 124.5822 2.7563
v  811.0343 124.5822 2.3119
v  810.8121 124.6600 2.2341
v  810.5899 124.5822 2.3119
v  810.8121 124.3600 2.9341
v  810.5121 124.3600 2.8341
v  811.1121 124.3600 2.8341
v  811.2122 124.3600 2.5341
v  811.1121 124.3600 2.2341
v  810.8121 124.3600 2.1341
v  810.5121 124.3600 2.2341
v  810.4121 124.3600 2.5341
v  810.8247 122.2363 2.5015
v  810.8247 122.3363 2.8015
v  810.6025 122.4141 2.7237
v  810.5247 122.3363 2.5015
v  810.8247 122.3363 2.2015
v  810.6025 122.4141 2.2793
v  811.0469 122.4141 2.2793
v  811.1247 122.3363 2.5015
v  811.0469 122.4141 2.7237
v  810.8247 123.0363 2.5015
v  810.5247 122.9363 2.5015
v  810.6025 122.8585 2.7237
v  810.8247 122.9363 2.8015
v  811.1247 122.9363 2.5015
v  811.0469 122.8585 2.7237
v  811.0469 122.8585 2.2793
v  810.8247 122.9363 2.2015
v  810.6025 122.8585 2.2793
v  810.8247 122.6363 2.9015
v  810.5247 122.6363 2.8015
v  811.1247 122.6363 2.8015
v  811.2247 122.6363 2.5015
v  811.1247 122.6363 2.2015
v  810.8247 122.6363 2.1015
v  810.5247 122.6363 2.2015
v  810.4247 122.6363 2.5015
v  810.8364 120.5126 2.4694
v  810.8364 120.6127 2.7694
v  810.6142 120.6904 2.6917
v  810.5364 120.6127 2.4694
v  810.8364 120.6127 2.1694
v  810.6142 120.6904 2.2472
v  811.0586 120.6904 2.2472
v  811.1364 120.6127 2.4694
v  811.0586 120.6904 2.6917
v  810.8364 121.3127 2.4694
v  810.5364 121.2127 2.4694
v  810.6142 121.1349 2.6917
v  810.8364 121.2127 2.7694
v  811.1364 121.2127 2.4694
v  811.0586 121.1349 2.6917
v  811.0586 121.1349 2.2472
v  810.8364 121.2127 2.1694
v  810.6142 121.1349 2.2472
v  810.8364 120.9127 2.8694
v  810.5364 120.9127 2.7694
v  811.1364 120.9127 2.7694
v  811.2364 120.9127 2.4694
v  811.1364 120.9127 2.1694
v  810.8364 120.9127 2.0694
v  810.5364 120.9127 2.1694
v  810.4365 120.9127 2.4694
v  810.8488 118.7889 2.4377
v  810.8488 118.8889 2.7377
v  810.6266 118.9667 2.6599
v  810.5489 118.8889 2.4377
v  810.8488 118.8889 2.1377
v  810.6266 118.9667 2.2155
v  811.0710 118.9667 2.2155
v  811.1488 118.8889 2.4377
v  811.0710 118.9667 2.6599
v  810.8488 119.5889 2.4377
v  810.5489 119.4889 2.4377
v  810.6266 119.4111 2.6599
v  810.8488 119.4889 2.7377
v  811.1488 119.4889 2.4377
v  811.0710 119.4111 2.6599
v  811.0710 119.4111 2.2155
v  810.8488 119.4889 2.1377
v  810.6266 119.4111 2.2155
v  810.8488 119.1889 2.8377
v  810.5489 119.1889 2.7377
v  811.1488 119.1889 2.7377
v  811.2489 119.1889 2.4377
v  811.1488 119.1889 2.1377
v  810.8488 119.1889 2.0377
v  810.5489 119.1889 2.1377
v  810.4489 119.1889 2.4377
v  810.8610 117.0653 2.4064
v  810.8610 117.1653 2.7064
v  810.6387 117.2431 2.6286
v  810.5610 117.1653 2.4064
v  810.8610 117.1653 2.1064
v  810.6387 117.2431 2.1842
v  811.0833 117.2431 2.1842
v  811.1609 117.1653 2.4064
v  811.0833 117.2431 2.6286
v  810.8610 117.8653 2.4064
v  810.5610 117.7653 2.4064
v  810.6387 117.6875 2.6286
v  810.8610 117.7653 2.7064
v  811.1609 117.7653 2.4064
v  811.0833 117.6875 2.6286
v  811.0833 117.6875 2.1842
v  810.8610 117.7653 2.1064
v  810.6387 117.6875 2.1842
v  810.8610 117.4653 2.8064
v  810.5610 117.4653 2.7064
v  811.1609 117.4653 2.7064
v  811.2610 117.4653 2.4064
v  811.1609 117.4653 2.1064
v  810.8610 117.4653 2.0064
v  810.5610 117.4653 2.1064
v  810.4609 117.4653 2.4064
v  810.8730 115.3416 2.3756
v  810.8730 115.4416 2.6756
v  810.6508 115.5194 2.5978
v  810.5730 115.4416 2.3756
v  810.8730 115.4416 2.0756
v  810.6508 115.5194 2.1534
v  811.0952 115.5194 2.1534
v  811.1730 115.4416 2.3756
v  811.0952 115.5194 2.5978
v  810.8730 116.1416 2.3756
v  810.5730 116.0416 2.3756
v  810.6508 115.9638 2.5978
v  810.8730 116.0416 2.6756
v  811.1730 116.0416 2.3756
v  811.0952 115.9638 2.5978
v  811.0952 115.9638 2.1534
v  810.8730 116.0416 2.0756
v  810.6508 115.9638 2.1534
v  810.8730 115.7416 2.7756
v  810.5730 115.7416 2.6756
v  811.1730 115.7416 2.6756
v  811.2730 115.7416 2.3756
v  811.1730 115.7416 2.0756
v  810.8730 115.7416 1.9756
v  810.5730 115.7416 2.0756
v  810.4731 115.7416 2.3756
v  810.8855 113.6178 2.3451
v  810.8855 113.7178 2.6451
v  810.6633 113.7956 2.5674
v  810.5855 113.7178 2.3451
v  810.8855 113.7178 2.0451
v  810.6633 113.7956 2.1229
v  811.1077 113.7956 2.1229
v  811.1855 113.7178 2.3451
v  811.1077 113.7956 2.5674
v  810.8855 114.4178 2.3451
v  810.5855 114.3178 2.3451
v  810.6633 114.2401 2.5674
v  810.8855 114.3178 2.6451
v  811.1855 114.3178 2.3451
v  811.1077 114.2401 2.5674
v  811.1077 114.2401 2.1229
v  810.8855 114.3178 2.0451
v  810.6633 114.2401 2.1229
v  810.8855 114.0178 2.7451
v  810.5855 114.0178 2.6451
v  811.1855 114.0178 2.6451
v  811.2855 114.0178 2.3451
v  811.1855 114.0178 2.0451
v  810.8855 114.0178 1.9451
v  810.5855 114.0178 2.0451
v  810.4855 114.0178 2.3451
v  810.8977 111.8941 2.3152
v  810.8977 111.9941 2.6152
v  810.6755 112.0719 2.5374
v  810.5977 111.9941 2.3152
v  810.8977 111.9941 2.0152
v  810.6755 112.0719 2.0929
v  811.1199 112.0719 2.0929
v  811.1976 111.9941 2.3152
v  811.1199 112.0719 2.5374
v  810.8977 112.6941 2.3152
v  810.5977 112.5941 2.3152
v  810.6755 112.5163 2.5374
v  810.8977 112.5941 2.6152
v  811.1976 112.5941 2.3152
v  811.1199 112.5163 2.5374
v  811.1199 112.5163 2.0929
v  810.8977 112.5941 2.0152
v  810.6755 112.5163 2.0929
v  810.8977 112.2941 2.7152
v  810.5977 112.2941 2.6152
v  811.1976 112.2941 2.6152
v  811.2977 112.2941 2.3152
v  811.1976 112.2941 2.0152
v  810.8977 112.2941 1.9152
v  810.5977 112.2941 2.0152
v  810.4977 112.2941 2.3152
v  810.9099 110.1704 2.2859
v  810.9099 110.2704 2.5859
v  810.6876 110.3482 2.5081
v  810.6098 110.2704 2.2859
v  810.9099 110.2704 1.9859
v  810.6876 110.3482 2.0637
v  811.1321 110.3482 2.0637
v  811.2098 110.2704 2.2859
v  811.1321 110.3482 2.5081
v  810.9099 110.9704 2.2859
v  810.6098 110.8704 2.2859
v  810.6876 110.7926 2.5081
v  810.9099 110.8704 2.5859
v  811.2098 110.8704 2.2859
v  811.1321 110.7926 2.5081
v  811.1321 110.7926 2.0637
v  810.9099 110.8704 1.9859
v  810.6876 110.7926 2.0637
v  810.9099 110.5704 2.6859
v  810.6098 110.5704 2.5859
v  811.2098 110.5704 2.5859
v  811.3098 110.5704 2.2859
v  811.2098 110.5704 1.9859
v  810.9099 110.5704 1.8859
v  810.6098 110.5704 1.9859
v  810.5099 110.5704 2.2859
v  810.9222 108.4466 2.2569
v  810.9222 108.5466 2.5569
v  810.7000 108.6244 2.4791
v  810.6223 108.5466 2.2569
v  810.9222 108.5466 1.9569
v  810.7000 108.6244 2.0347
v  811.1445 108.6244 2.0347
v  811.2223 108.5466 2.2569
v  811.1445 108.6244 2.4791
v  810.9222 109.2467 2.2569
v  810.6223 109.1466 2.2569
v  810.7000 109.0689 2.4791
v  810.9222 109.1466 2.5569
v  811.2223 109.1466 2.2569
v  811.1445 109.0689 2.4791
v  811.1445 109.0689 2.0347
v  810.9222 109.1466 1.9569
v  810.7000 109.0689 2.0347
v  810.9222 108.8466 2.6569
v  810.6223 108.8466 2.5569
v  811.2223 108.8466 2.5569
v  811.3223 108.8466 2.2569
v  811.2223 108.8466 1.9569
v  810.9222 108.8466 1.8569
v  810.6223 108.8466 1.9569
v  810.5223 108.8466 2.2569
v  810.9349 106.7229 2.2283
v  810.9349 106.8229 2.5283
v  810.7127 106.9007 2.4505
v  810.6349 106.8229 2.2283
v  810.9349 106.8229 1.9283
v  810.7127 106.9007 2.0061
v  811.1571 106.9007 2.0061
v  811.2349 106.8229 2.2283
v  811.1571 106.9007 2.4505
v  810.9349 107.5229 2.2283
v  810.6349 107.4229 2.2283
v  810.7127 107.3451 2.4505
v  810.9349 107.4229 2.5283
v  811.2349 107.4229 2.2283
v  811.1571 107.3451 2.4505
v  811.1571 107.3451 2.0061
v  810.9349 107.4229 1.9283
v  810.7127 107.3451 2.0061
v  810.9349 107.1229 2.6283
v  810.6349 107.1229 2.5283
v  811.2349 107.1229 2.5283
v  811.3349 107.1229 2.2283
v  811.2349 107.1229 1.9283
v  810.9349 107.1229 1.8283
v  810.6349 107.1229 1.9283
v  810.5349 107.1229 2.2283
v  810.9468 104.9992 2.2003
v  810.9468 105.0992 2.5003
v  810.7246 105.1770 2.4226
v  810.6469 105.0992 2.2003
v  810.9468 105.0992 1.9003
v  810.7246 105.1770 1.9781
v  811.1691 105.1770 1.9781
v  811.2469 105.0992 2.2003
v  811.1691 105.1770 2.4226
v  810.9468 105.7992 2.2003
v  810.6469 105.6992 2.2003
v  810.7246 105.6214 2.4226
v  810.9468 105.6992 2.5003
v  811.2469 105.6992 2.2003
v  811.1691 105.6214 2.4226
v  811.1691 105.6214 1.9781
v  810.9468 105.6992 1.9003
v  810.7246 105.6214 1.9781
v  810.9468 105.3992 2.6003
v  810.6469 105.3992 2.5003
v  811.2469 105.3992 2.5003
v  811.3468 105.3992 2.2003
v  811.2469 105.3992 1.9003
v  810.9468 105.3992 1.8003
v  810.6469 105.3992 1.9003
v  810.5469 105.3992 2.2003
v  810.9595 103.2754 2.1731
v  810.9595 103.3754 2.4731
v  810.7373 103.4532 2.3953
v  810.6595 103.3754 2.1731
v  810.9595 103.3754 1.8731
v  810.7373 103.4532 1.9508
v  811.1818 103.4532 1.9508
v  811.2596 103.3754 2.1731
v  811.1818 103.4532 2.3953
v  810.9595 104.0754 2.1731
v  810.6595 103.9754 2.1731
v  810.7373 103.8976 2.3953
v  810.9595 103.9754 2.4731
v  811.2596 103.9754 2.1731
v  811.1818 103.8976 2.3953
v  811.1818 103.8976 1.9508
v  810.9595 103.9754 1.8731
v  810.7373 103.8976 1.9508
v  810.9595 103.6754 2.5731
v  810.6595 103.6754 2.4731
v  811.2596 103.6754 2.4731
v  811.3595 103.6754 2.1731
v  811.2596 103.6754 1.8731
v  810.9595 103.6754 1.7731
v  810.6595 103.6754 1.8731
v  810.5596 103.6754 2.1731
v  810.9716 101.5516 2.1461
v  810.9716 101.6516 2.4461
v  810.7493 101.7294 2.3683
v  810.6715 101.6516 2.1461
v  810.9716 101.6516 1.8461
v  810.7493 101.7294 1.9238
v  811.1937 101.7294 1.9238
v  811.2715 101.6516 2.1461
v  811.1937 101.7294 2.3683
v  810.9716 102.3516 2.1461
v  810.6715 102.2516 2.1461
v  810.7493 102.1738 2.3683
v  810.9716 102.2516 2.4461
v  811.2715 102.2516 2.1461
v  811.1937 102.1738 2.3683
v  811.1937 102.1738 1.9238
v  810.9716 102.2516 1.8461
v  810.7493 102.1738 1.9238
v  810.9716 101.9516 2.5461
v  810.6715 101.9516 2.4461
v  811.2715 101.9516 2.4461
v  811.3715 101.9516 2.1461
v  811.2715 101.9516 1.8461
v  810.9716 101.9516 1.7461
v  810.6715 101.9516 1.8461
v  810.5715 101.9516 2.1461
v  810.9839 99.8279 2.1197
v  810.9839 99.9279 2.4197
v  810.7617 100.0057 2.3420
v  810.6840 99.9279 2.1197
v  810.9839 99.9279 1.8197
v  810.7617 100.0057 1.8975
v  811.2062 100.0057 1.8975
v  811.2840 99.9279 2.1197
v  811.2062 100.0057 2.3420
v  810.9839 100.6279 2.1197
v  810.6840 100.5279 2.1197
v  810.7617 100.4501 2.3420
v  810.9839 100.5279 2.4197
v  811.2840 100.5279 2.1197
v  811.2062 100.4501 2.3420
v  811.2062 100.4501 1.8975
v  810.9839 100.5279 1.8197
v  810.7617 100.4501 1.8975
v  810.9839 100.2279 2.5197
v  810.6840 100.2279 2.4197
v  811.2840 100.2279 2.4197
v  811.3840 100.2279 2.1197
v  811.2840 100.2279 1.8197
v  810.9839 100.2279 1.7197
v  810.6840 100.2279 1.8197
v  810.5840 100.2279 2.1197
v  810.9965 98.1041 2.0940
v  810.9965 98.2041 2.3940
v  810.7742 98.2818 2.3163
v  810.6965 98.2041 2.0940
v  810.9965 98.2041 1.7940
v  810.7742 98.2818 1.8718
v  811.2188 98.2818 1.8718
v  811.2964 98.2041 2.0940
v  811.2188 98.2818 2.3163
v  810.9965 98.9041 2.0940
v  810.6965 98.8041 2.0940
v  810.7742 98.7263 2.3163
v  810.9965 98.8041 2.3940
v  811.2964 98.8041 2.0940
v  811.2188 98.7263 2.3163
v  811.2188 98.7263 1.8718
v  810.9965 98.8041 1.7940
v  810.7742 98.7263 1.8718
v  810.9965 98.5041 2.4940
v  810.6965 98.5041 2.3940
v  811.2964 98.5041 2.3940
v  811.3965 98.5041 2.0940
v  811.2964 98.5041 1.7940
v  810.9965 98.5041 1.6940
v  810.6965 98.5041 1.7940
v  810.5964 98.5041 2.0940
v  811.0091 96.3803 2.0688
v  811.0091 96.4803 2.3688
v  810.7869 96.5581 2.2910
v  810.7092 96.4803 2.0688
v  811.0091 96.4803 1.7688
v  810.7869 96.5581 1.8466
v  811.2313 96.5581 1.8466
v  811.3091 96.4803 2.0688
v  811.2313 96.5581 2.2910
v  811.0091 97.1803 2.0688
v  810.7092 97.0803 2.0688
v  810.7869 97.0025 2.2910
v  811.0091 97.0803 2.3688
v  811.3091 97.0803 2.0688
v  811.2313 97.0025 2.2910
v  811.2313 97.0025 1.8466
v  811.0091 97.0803 1.7688
v  810.7869 97.0025 1.8466
v  811.0091 96.7803 2.4688
v  810.7092 96.7803 2.3688
v  811.3091 96.7803 2.3688
v  811.4092 96.7803 2.0688
v  811.3091 96.7803 1.7688
v  811.0091 96.7803 1.6688
v  810.7092 96.7803 1.7688
v  810.6091 96.7803 2.0688
v  811.0219 94.6565 2.0445
v  811.0219 94.7565 2.3445
v  810.7997 94.8343 2.2667
v  810.7219 94.7565 2.0445
v  811.0219 94.7565 1.7445
v  810.7997 94.8343 1.8223
v  811.2441 94.8343 1.8223
v  811.3219 94.7565 2.0445
v  811.2441 94.8343 2.2667
v  811.0219 95.4565 2.0445
v  810.7219 95.3565 2.0445
v  810.7997 95.2787 2.2667
v  811.0219 95.3565 2.3445
v  811.3219 95.3565 2.0445
v  811.2441 95.2787 2.2667
v  811.2441 95.2787 1.8223
v  811.0219 95.3565 1.7445
v  810.7997 95.2787 1.8223
v  811.0219 95.0565 2.4445
v  810.7219 95.0565 2.3445
v  811.3219 95.0565 2.3445
v  811.4219 95.0565 2.0445
v  811.3219 95.0565 1.7445
v  811.0219 95.0565 1.6445
v  810.7219 95.0565 1.7445
v  810.6219 95.0565 2.0445
v  811.0348 92.9327 2.0206
v  811.0348 93.0327 2.3206
v  810.8126 93.1105 2.2428
v  810.7347 93.0327 2.0206
v  811.0348 93.0327 1.7206
v  810.8126 93.1105 1.7984
v  811.2570 93.1105 1.7984
v  811.3348 93.0327 2.0206
v  811.2570 93.1105 2.2428
v  811.0348 93.7327 2.0206
v  810.7347 93.6327 2.0206
v  810.8126 93.5549 2.2428
v  811.0348 93.6327 2.3206
v  811.3348 93.6327 2.0206
v  811.2570 93.5549 2.2428
v  811.2570 93.5549 1.7984
v  811.0348 93.6327 1.7206
v  810.8126 93.5549 1.7984
v  811.0348 93.3327 2.4206
v  810.7347 93.3327 2.3206
v  811.3348 93.3327 2.3206
v  811.4348 93.3327 2.0206
v  811.3348 93.3327 1.7206
v  811.0348 93.3327 1.6206
v  810.7347 93.3327 1.7206
v  810.6348 93.3327 2.0206
v  811.0472 91.2089 1.9972
v  811.0472 91.3089 2.2972
v  810.8250 91.3866 2.2194
v  810.7471 91.3089 1.9972
v  811.0472 91.3089 1.6972
v  810.8250 91.3866 1.7750
v  811.2694 91.3866 1.7750
v  811.3472 91.3089 1.9972
v  811.2694 91.3866 2.2194
v  811.0472 92.0089 1.9972
v  810.7471 91.9089 1.9972
v  810.8250 91.8311 2.2194
v  811.0472 91.9089 2.2972
v  811.3472 91.9089 1.9972
v  811.2694 91.8311 2.2194
v  811.2694 91.8311 1.7750
v  811.0472 91.9089 1.6972
v  810.8250 91.8311 1.7750
v  811.0472 91.6088 2.3972
v  810.7471 91.6088 2.2972
v  811.3472 91.6088 2.2972
v  811.4471 91.6088 1.9972
v  811.3472 91.6088 1.6972
v  811.0472 91.6088 1.5972
v  810.7471 91.6088 1.6972
v  810.6471 91.6088 1.9972
v  811.0597 89.4850 1.9748
v  811.0597 89.5850 2.2748
v  810.8375 89.6628 2.1971
v  810.7598 89.5850 1.9748
v  811.0597 89.5850 1.6748
v  810.8375 89.6628 1.7526
v  811.2819 89.6628 1.7526
v  811.3597 89.5850 1.9748
v  811.2819 89.6628 2.1971
v  811.0597 90.2850 1.9748
v  810.7598 90.1850 1.9748
v  810.8375 90.1072 2.1971
v  811.0597 90.1850 2.2748
v  811.3597 90.1850 1.9748
v  811.2819 90.1072 2.1971
v  811.2819 90.1072 1.7526
v  811.0597 90.1850 1.6748
v  810.8375 90.1072 1.7526
v  811.0597 89.8850 2.3748
v  810.7598 89.8850 2.2748
v  811.3597 89.8850 2.2748
v  811.4597 89.8850 1.9748
v  811.3597 89.8850 1.6748
v  811.0597 89.8850 1.5748
v  810.7598 89.8850 1.6748
v  810.6597 89.8850 1.9748
v  811.0725 87.7612 1.9530
v  811.0725 87.8612 2.2530
v  810.8503 87.9390 2.1752
v  810.7726 87.8612 1.9530
v  811.0725 87.8612 1.6530
v  810.8503 87.9390 1.7308
v  811.2949 87.9390 1.7308
v  811.3726 87.8612 1.9530
v  811.2949 87.9390 2.1752
v  811.0725 88.5612 1.9530
v  810.7726 88.4612 1.9530
v  810.8503 88.3834 2.1752
v  811.0725 88.4612 2.2530
v  811.3726 88.4612 1.9530
v  811.2949 88.3834 2.1752
v  811.2949 88.3834 1.7308
v  811.0725 88.4612 1.6530
v  810.8503 88.3834 1.7308
v  811.0725 88.1612 2.3530
v  810.7726 88.1612 2.2530
v  811.3726 88.1612 2.2530
v  811.4726 88.1612 1.9530
v  811.3726 88.1612 1.6530
v  811.0725 88.1612 1.5530
v  810.7726 88.1612 1.6530
v  810.6725 88.1612 1.9530
v  811.0855 86.0374 1.9319
v  811.0855 86.1374 2.2319
v  810.8633 86.2151 2.1541
v  810.7855 86.1374 1.9319
v  811.0855 86.1374 1.6319
v  810.8633 86.2151 1.7096
v  811.3077 86.2151 1.7096
v  811.3856 86.1374 1.9319
v  811.3077 86.2151 2.1541
v  811.0855 86.8374 1.9319
v  810.7855 86.7374 1.9319
v  810.8633 86.6596 2.1541
v  811.0855 86.7374 2.2319
v  811.3856 86.7374 1.9319
v  811.3077 86.6596 2.1541
v  811.3077 86.6596 1.7096
v  811.0855 86.7374 1.6319
v  810.8633 86.6596 1.7096
v  811.0855 86.4374 2.3319
v  810.7855 86.4374 2.2319
v  811.3856 86.4374 2.2319
v  811.4855 86.4374 1.9319
v  811.3856 86.4374 1.6319
v  811.0855 86.4374 1.5319
v  810.7855 86.4374 1.6319
v  810.6855 86.4374 1.9319
v  811.0979 84.3135 1.9114
v  811.0979 84.4135 2.2114
v  810.8757 84.4913 2.1336
v  810.7979 84.4135 1.9114
v  811.0979 84.4135 1.6114
v  810.8757 84.4913 1.6892
v  811.3201 84.4913 1.6892
v  811.3979 84.4135 1.9114
v  811.3201 84.4913 2.1336
v  811.0979 85.1135 1.9114
v  810.7979 85.0135 1.9114
v  810.8757 84.9357 2.1336
v  811.0979 85.0135 2.2114
v  811.3979 85.0135 1.9114
v  811.3201 84.9357 2.1336
v  811.3201 84.9357 1.6892
v  811.0979 85.0135 1.6114
v  810.8757 84.9357 1.6892
v  811.0979 84.7135 2.3114
v  810.7979 84.7135 2.2114
v  811.3979 84.7135 2.2114
v  811.4980 84.7135 1.9114
v  811.3979 84.7135 1.6114
v  811.0979 84.7135 1.5114
v  810.7979 84.7135 1.6114
v  810.6979 84.7135 1.9114
v  811.1113 82.5896 1.8920
v  811.1113 82.6896 2.1920
v  810.8890 82.7674 2.1142
v  810.8112 82.6896 1.8920
v  811.1113 82.6896 1.5920
v  810.8890 82.7674 1.6698
v  811.3335 82.7674 1.6698
v  811.4113 82.6896 1.8920
v  811.3335 82.7674 2.1142
v  811.1113 83.3896 1.8920
v  810.8112 83.2896 1.8920
v  810.8890 83.2118 2.1142
v  811.1113 83.2896 2.1920
v  811.4113 83.2896 1.8920
v  811.3335 83.2118 2.1142
v  811.3335 83.2118 1.6698
v  811.1113 83.2896 1.5920
v  810.8890 83.2118 1.6698
v  811.1113 82.9896 2.2920
v  810.8112 82.9896 2.1920
v  811.4113 82.9896 2.1920
v  811.5112 82.9896 1.8920
v  811.4113 82.9896 1.5920
v  811.1113 82.9896 1.4920
v  810.8112 82.9896 1.5920
v  810.7113 82.9896 1.8920
v  811.1238 80.8658 1.8733
v  811.1238 80.9658 2.1733
v  810.9016 81.0436 2.0955
v  810.8239 80.9658 1.8733
v  811.1238 80.9658 1.5733
v  810.9016 81.0436 1.6511
v  811.3461 81.0436 1.6511
v  811.4239 80.9658 1.8733
v  811.3461 81.0436 2.0955
v  811.1238 81.6658 1.8733
v  810.8239 81.5658 1.8733
v  810.9016 81.4880 2.0955
v  811.1238 81.5658 2.1733
v  811.4239 81.5658 1.8733
v  811.3461 81.4880 2.0955
v  811.3461 81.4880 1.6511
v  811.1238 81.5658 1.5733
v  810.9016 81.4880 1.6511
v  811.1238 81.2658 2.2733
v  810.8239 81.2658 2.1733
v  811.4239 81.2658 2.1733
v  811.5239 81.2658 1.8733
v  811.4239 81.2658 1.5733
v  811.1238 81.2658 1.4733
v  810.8239 81.2658 1.5733
v  810.7239 81.2658 1.8733
v  811.1371 79.1419 1.8551
v  811.1371 79.2419 2.1551
v  810.9149 79.3196 2.0773
v  810.8371 79.2419 1.8551
v  811.1371 79.2419 1.5551
v  810.9149 79.3196 1.6329
v  811.3593 79.3196 1.6329
v  811.4371 79.2419 1.8551
v  811.3593 79.3196 2.0773
v  811.1371 79.9419 1.8551
v  810.8371 79.8419 1.8551
v  810.9149 79.7641 2.0773
v  811.1371 79.8419 2.1551
v  811.4371 79.8419 1.8551
v  811.3593 79.7641 2.0773
v  811.3593 79.7641 1.6329
v  811.1371 79.8419 1.5551
v  810.9149 79.7641 1.6329
v  811.1371 79.5419 2.2551
v  810.8371 79.5419 2.1551
v  811.4371 79.5419 2.1551
v  811.5370 79.5419 1.8551
v  811.4371 79.5419 1.5551
v  811.1371 79.5419 1.4551
v  810.8371 79.5419 1.5551
v  810.7371 79.5419 1.8551
v  811.1504 77.4180 1.8382
v  811.1504 77.5180 2.1382
v  810.9282 77.5958 2.0604
v  810.8503 77.5180 1.8382
v  811.1504 77.5180 1.5382
v  810.9282 77.5958 1.6160
v  811.3726 77.5958 1.6160
v  811.4504 77.5180 1.8382
v  811.3726 77.5958 2.0604
v  811.1504 78.2180 1.8382
v  810.8503 78.1180 1.8382
v  810.9282 78.0402 2.0604
v  811.1504 78.1180 2.1382
v  811.4504 78.1180 1.8382
v  811.3726 78.0402 2.0604
v  811.3726 78.0402 1.6160
v  811.1504 78.1180 1.5382
v  810.9282 78.0402 1.6160
v  811.1504 77.8180 2.2382
v  810.8503 77.8180 2.1382
v  811.4504 77.8180 2.1382
v  811.5504 77.8180 1.8382
v  811.4504 77.8180 1.5382
v  811.1504 77.8180 1.4382
v  810.8503 77.8180 1.5382
v  810.7504 77.8180 1.8382
v  811.1633 75.6941 1.8221
v  811.1633 75.7941 2.1221
v  810.9411 75.8719 2.0443
v  810.8633 75.7941 1.8221
v  811.1633 75.7941 1.5221
v  810.9411 75.8719 1.5999
v  811.3856 75.8719 1.5999
v  811.4634 75.7941 1.8221
v  811.3856 75.8719 2.0443
v  811.1633 76.4941 1.8221
v  810.8633 76.3941 1.8221
v  810.9411 76.3163 2.0443
v  811.1633 76.3941 2.1221
v  811.4634 76.3941 1.8221
v  811.3856 76.3163 2.0443
v  811.3856 76.3163 1.5999
v  811.1633 76.3941 1.5221
v  810.9411 76.3163 1.5999
v  811.1633 76.0941 2.2221
v  810.8633 76.0941 2.1221
v  811.4634 76.0941 2.1221
v  811.5633 76.0941 1.8221
v  811.4634 76.0941 1.5221
v  811.1633 76.0941 1.4221
v  810.8633 76.0941 1.5221
v  810.7634 76.0941 1.8221
v  811.1762 73.9702 1.8068
v  811.1762 74.0702 2.1068
v  810.9540 74.1480 2.0290
v  810.8762 74.0702 1.8068
v  811.1762 74.0702 1.5068
v  810.9540 74.1480 1.5845
v  811.3984 74.1480 1.5845
v  811.4761 74.0702 1.8068
v  811.3984 74.1480 2.0290
v  811.1762 74.7702 1.8068
v  810.8762 74.6702 1.8068
v  810.9540 74.5924 2.0290
v  811.1762 74.6702 2.1068
v  811.4761 74.6702 1.8068
v  811.3984 74.5924 2.0290
v  811.3984 74.5924 1.5845
v  811.1762 74.6702 1.5068
v  810.9540 74.5924 1.5845
v  811.1762 74.3702 2.2068
v  810.8762 74.3702 2.1068
v  811.4761 74.3702 2.1068
v  811.5762 74.3702 1.8068
v  811.4761 74.3702 1.5068
v  811.1762 74.3702 1.4068
v  810.8762 74.3702 1.5068
v  810.7761 74.3702 1.8068
v  811.1895 72.2463 1.7923
v  811.1895 72.3463 2.0923
v  810.9672 72.4240 2.0145
v  810.8894 72.3463 1.7923
v  811.1895 72.3463 1.4923
v  810.9672 72.4240 1.5701
v  811.4117 72.4240 1.5701
v  811.4894 72.3463 1.7923
v  811.4117 72.4240 2.0145
v  811.1895 73.0463 1.7923
v  810.8894 72.9463 1.7923
v  810.9672 72.8685 2.0145
v  811.1895 72.9463 2.0923
v  811.4894 72.9463 1.7923
v  811.4117 72.8685 2.0145
v  811.4117 72.8685 1.5701
v  811.1895 72.9463 1.4923
v  810.9672 72.8685 1.5701
v  811.1895 72.6462 2.1923
v  810.8894 72.6462 2.0923
v  811.4894 72.6462 2.0923
v  811.5894 72.6462 1.7923
v  811.4894 72.6462 1.4923
v  811.1895 72.6462 1.3923
v  810.8894 72.6462 1.4923
v  810.7894 72.6462 1.7923
v  811.2026 70.5223 1.7792
v  811.2026 70.6223 2.0792
v  810.9804 70.7001 2.0014
v  810.9027 70.6223 1.7792
v  811.2026 70.6223 1.4792
v  810.9804 70.7001 1.5569
v  811.4249 70.7001 1.5569
v  811.5026 70.6223 1.7792
v  811.4249 70.7001 2.0014
v  811.2026 71.3223 1.7792
v  810.9027 71.2223 1.7792
v  810.9804 71.1445 2.0014
v  811.2026 71.2223 2.0792
v  811.5026 71.2223 1.7792
v  811.4249 71.1445 2.0014
v  811.4249 71.1445 1.5569
v  811.2026 71.2223 1.4792
v  810.9804 71.1445 1.5569
v  811.2026 70.9223 2.1792
v  810.9027 70.9223 2.0792
v  811.5026 70.9223 2.0792
v  811.6027 70.9223 1.7792
v  811.5026 70.9223 1.4792
v  811.2026 70.9223 1.3792
v  810.9027 70.9223 1.4792
v  810.8027 70.9223 1.7792
v  811.2159 68.7984 1.7670
v  811.2159 68.8984 2.0670
v  810.9938 68.9762 1.9892
v  810.9160 68.8984 1.7670
v  811.2159 68.8984 1.4670
v  810.9938 68.9762 1.5448
v  811.4382 68.9762 1.5448
v  811.5160 68.8984 1.7670
v  811.4382 68.9762 1.9892
v  811.2159 69.5984 1.7670
v  810.9160 69.4984 1.7670
v  810.9938 69.4206 1.9892
v  811.2159 69.4984 2.0670
v  811.5160 69.4984 1.7670
v  811.4382 69.4206 1.9892
v  811.4382 69.4206 1.5448
v  811.2159 69.4984 1.4670
v  810.9938 69.4206 1.5448
v  811.2159 69.1984 2.1670
v  810.9160 69.1984 2.0670
v  811.5160 69.1984 2.0670
v  811.6160 69.1984 1.7670
v  811.5160 69.1984 1.4670
v  811.2159 69.1984 1.3670
v  810.9160 69.1984 1.4670
v  810.8160 69.1984 1.7670
v  811.2298 67.0745 1.7561
v  811.2298 67.1745 2.0561
v  811.0076 67.2523 1.9783
v  810.9297 67.1745 1.7561
v  811.2298 67.1745 1.4561
v  811.0076 67.2523 1.5339
v  811.4520 67.2523 1.5339
v  811.5298 67.1745 1.7561
v  811.4520 67.2523 1.9783
v  811.2298 67.8745 1.7561
v  810.9297 67.7745 1.7561
v  811.0076 67.6967 1.9783
v  811.2298 67.7745 2.0561
v  811.5298 67.7745 1.7561
v  811.4520 67.6967 1.9783
v  811.4520 67.6967 1.5339
v  811.2298 67.7745 1.4561
v  811.0076 67.6967 1.5339
v  811.2298 67.4745 2.1561
v  810.9297 67.4745 2.0561
v  811.5298 67.4745 2.0561
v  811.6298 67.4745 1.7561
v  811.5298 67.4745 1.4561
v  811.2298 67.4745 1.3561
v  810.9297 67.4745 1.4561
v  810.8298 67.4745 1.7561
v  811.2433 65.3505 1.7459
v  811.2433 65.4505 2.0459
v  811.0211 65.5283 1.9681
v  810.9433 65.4505 1.7459
v  811.2433 65.4505 1.4459
v  811.0211 65.5283 1.5237
v  811.4656 65.5283 1.5237
v  811.5434 65.4505 1.7459
v  811.4656 65.5283 1.9681
v  811.2433 66.1505 1.7459
v  810.9433 66.0506 1.7459
v  811.0211 65.9728 1.9681
v  811.2433 66.0506 2.0459
v  811.5434 66.0506 1.7459
v  811.4656 65.9728 1.9681
v  811.4656 65.9728 1.5237
v  811.2433 66.0506 1.4459
v  811.0211 65.9728 1.5237
v  811.2433 65.7505 2.1459
v  810.9433 65.7505 2.0459
v  811.5434 65.7505 2.0459
v  811.6434 65.7505 1.7459
v  811.5434 65.7505 1.4459
v  811.2433 65.7505 1.3459
v  810.9433 65.7505 1.4459
v  810.8434 65.7505 1.7459
v  811.2568 63.6266 1.7373
v  811.2568 63.7266 2.0373
v  811.0346 63.8044 1.9595
v  810.9568 63.7266 1.7373
v  811.2568 63.7266 1.4373
v  811.0346 63.8044 1.5151
v  811.4790 63.8044 1.5151
v  811.5568 63.7266 1.7373
v  811.4790 63.8044 1.9595
v  811.2568 64.4266 1.7373
v  810.9568 64.3266 1.7373
v  811.0346 64.2488 1.9595
v  811.2568 64.3266 2.0373
v  811.5568 64.3266 1.7373
v  811.4790 64.2488 1.9595
v  811.4790 64.2488 1.5151
v  811.2568 64.3266 1.4373
v  811.0346 64.2488 1.5151
v  811.2568 64.0266 2.1373
v  810.9568 64.0266 2.0373
v  811.5568 64.0266 2.0373
v  811.6567 64.0266 1.7373
v  811.5568 64.0266 1.4373
v  811.2568 64.0266 1.3373
v  810.9568 64.0266 1.4373
v  810.8568 64.0266 1.7373
v  811.2708 61.9026 1.7298
v  811.2708 62.0026 2.0298
v  811.0486 62.0804 1.9521
v  810.9708 62.0026 1.7298
v  811.2708 62.0026 1.4298
v  811.0486 62.0804 1.5076
v  811.4930 62.0804 1.5076
v  811.5709 62.0026 1.7298
v  811.4930 62.0804 1.9521
v  811.2708 62.7026 1.7298
v  810.9708 62.6026 1.7298
v  811.0486 62.5248 1.9521
v  811.2708 62.6026 2.0298
v  811.5709 62.6026 1.7298
v  811.4930 62.5248 1.9521
v  811.4930 62.5248 1.5076
v  811.2708 62.6026 1.4298
v  811.0486 62.5248 1.5076
v  811.2708 62.3026 2.1298
v  810.9708 62.3026 2.0298
v  811.5709 62.3026 2.0298
v  811.6709 62.3026 1.7298
v  811.5709 62.3026 1.4298
v  811.2708 62.3026 1.3298
v  810.9708 62.3026 1.4298
v  810.8708 62.3026 1.7298
v  811.2844 60.1787 1.7237
v  811.2844 60.2787 2.0237
v  811.0621 60.3565 1.9460
v  810.9844 60.2787 1.7237
v  811.2844 60.2787 1.4237
v  811.0621 60.3565 1.5015
v  811.5067 60.3565 1.5015
v  811.5844 60.2787 1.7237
v  811.5067 60.3565 1.9460
v  811.2844 60.9787 1.7237
v  810.9844 60.8787 1.7237
v  811.0621 60.8009 1.9460
v  811.2844 60.8787 2.0237
v  811.5844 60.8787 1.7237
v  811.5067 60.8009 1.9460
v  811.5067 60.8009 1.5015
v  811.2844 60.8787 1.4237
v  811.0621 60.8009 1.5015
v  811.2844 60.5787 2.1237
v  810.9844 60.5787 2.0237
v  811.5844 60.5787 2.0237
v  811.6844 60.5787 1.7237
v  811.5844 60.5787 1.4237
v  811.2844 60.5787 1.3237
v  810.9844 60.5787 1.4237
v  810.8844 60.5787 1.7237
v  811.2981 58.4547 1.7188
v  811.2981 58.5547 2.0188
v  811.0759 58.6325 1.9410
v  810.9982 58.5547 1.7188
v  811.2981 58.5547 1.4188
v  811.0759 58.6325 1.4966
v  811.5204 58.6325 1.4966
v  811.5981 58.5547 1.7188
v  811.5204 58.6325 1.9410
v  811.2981 59.2547 1.7188
v  810.9982 59.1547 1.7188
v  811.0759 59.0769 1.9410
v  811.2981 59.1547 2.0188
v  811.5981 59.1547 1.7188
v  811.5204 59.0769 1.9410
v  811.5204 59.0769 1.4966
v  811.2981 59.1547 1.4188
v  811.0759 59.0769 1.4966
v  811.2981 58.8547 2.1188
v  810.9982 58.8547 2.0188
v  811.5981 58.8547 2.0188
v  811.6981 58.8547 1.7188
v  811.5981 58.8547 1.4188
v  811.2981 58.8547 1.3188
v  810.9982 58.8547 1.4188
v  810.8981 58.8547 1.7188
v  811.3121 56.7307 1.7155
v  811.3121 56.8307 2.0155
v  811.0899 56.9085 1.9377
v  811.0121 56.8307 1.7155
v  811.3121 56.8307 1.4155
v  811.0899 56.9085 1.4933
v  811.5343 56.9085 1.4933
v  811.6121 56.8307 1.7155
v  811.5343 56.9085 1.9377
v  811.3121 57.5307 1.7155
v  811.0121 57.4307 1.7155
v  811.0899 57.3529 1.9377
v  811.3121 57.4307 2.0155
v  811.6121 57.4307 1.7155
v  811.5343 57.3529 1.9377
v  811.5343 57.3529 1.4933
v  811.3121 57.4307 1.4155
v  811.0899 57.3529 1.4933
v  811.3121 57.1307 2.1155
v  811.0121 57.1307 2.0155
v  811.6121 57.1307 2.0155
v  811.7121 57.1307 1.7155
v  811.6121 57.1307 1.4155
v  811.3121 57.1307 1.3155
v  811.0121 57.1307 1.4155
v  810.9121 57.1307 1.7155
v  811.3261 55.0068 1.7135
v  811.3261 55.1068 2.0135
v  811.1039 55.1846 1.9357
v  811.0261 55.1068 1.7135
v  811.3261 55.1068 1.4135
v  811.1039 55.1846 1.4913
v  811.5483 55.1846 1.4913
v  811.6262 55.1068 1.7135
v  811.5483 55.1846 1.9357
v  811.3261 55.8068 1.7135
v  811.0261 55.7068 1.7135
v  811.1039 55.6290 1.9357
v  811.3261 55.7068 2.0135
v  811.6262 55.7068 1.7135
v  811.5483 55.6290 1.9357
v  811.5483 55.6290 1.4913
v  811.3261 55.7068 1.4135
v  811.1039 55.6290 1.4913
v  811.3261 55.4068 2.1135
v  811.0262 55.4068 2.0135
v  811.6262 55.4068 2.0135
v  811.7262 55.4068 1.7135
v  811.6262 55.4068 1.4135
v  811.3261 55.4068 1.3135
v  811.0261 55.4068 1.4135
v  810.9261 55.4068 1.7135
v  811.3401 53.2828 1.7135
v  811.3401 53.3828 2.0135
v  811.1179 53.4606 1.9358
v  811.0402 53.3828 1.7135
v  811.3401 53.3828 1.4135
v  811.1179 53.4606 1.4913
v  811.5624 53.4606 1.4913
v  811.6401 53.3828 1.7135
v  811.5624 53.4606 1.9358
v  811.3401 54.0828 1.7135
v  811.0402 53.9828 1.7135
v  811.1179 53.9050 1.9358
v  811.3401 53.9828 2.0135
v  811.6401 53.9828 1.7135
v  811.5624 53.9050 1.9358
v  811.5624 53.9050 1.4913
v  811.3401 53.9828 1.4135
v  811.1179 53.9050 1.4913
v  811.3401 53.6828 2.1135
v  811.0402 53.6828 2.0135
v  811.6401 53.6828 2.0135
v  811.7402 53.6828 1.7135
v  811.6401 53.6828 1.4135
v  811.3401 53.6828 1.3135
v  811.0402 53.6828 1.4135
v  810.9402 53.6828 1.7135
v  811.3547 51.5589 1.7153
v  811.3547 51.6588 2.0153
v  811.1325 51.7366 1.9375
v  811.0547 51.6588 1.7153
v  811.3547 51.6588 1.4153
v  811.1325 51.7366 1.4930
v  811.5770 51.7366 1.4930
v  811.6547 51.6588 1.7153
v  811.5770 51.7366 1.9375
v  811.3547 52.3589 1.7153
v  811.0547 52.2589 1.7153
v  811.1325 52.1811 1.9375
v  811.3547 52.2589 2.0153
v  811.6547 52.2589 1.7153
v  811.5770 52.1811 1.9375
v  811.5770 52.1811 1.4930
v  811.3547 52.2589 1.4153
v  811.1325 52.1811 1.4930
v  811.3547 51.9588 2.1153
v  811.0547 51.9588 2.0153
v  811.6547 51.9588 2.0153
v  811.7547 51.9588 1.7153
v  811.6547 51.9588 1.4153
v  811.3547 51.9588 1.3153
v  811.0547 51.9588 1.4153
v  810.9547 51.9588 1.7153
v  811.3691 49.8349 1.7185
v  811.3691 49.9349 2.0185
v  811.1469 50.0127 1.9408
v  811.0691 49.9349 1.7185
v  811.3691 49.9349 1.4185
v  811.1469 50.0127 1.4963
v  811.5913 50.0127 1.4963
v  811.6691 49.9349 1.7185
v  811.5913 50.0127 1.9408
v  811.3691 50.6349 1.7185
v  811.0691 50.5349 1.7185
v  811.1469 50.4571 1.9408
v  811.3691 50.5349 2.0185
v  811.6691 50.5349 1.7185
v  811.5913 50.4571 1.9408
v  811.5913 50.4571 1.4963
v  811.3691 50.5349 1.4185
v  811.1469 50.4571 1.4963
v  811.3691 50.2349 2.1185
v  811.0691 50.2349 2.0185
v  811.6691 50.2349 2.0185
v  811.7691 50.2349 1.7185
v  811.6691 50.2349 1.4185
v  811.3691 50.2349 1.3185
v  811.0691 50.2349 1.4185
v  810.9691 50.2349 1.7185
v  811.3835 48.1110 1.7238
v  811.3835 48.2110 2.0238
v  811.1613 48.2887 1.9460
v  811.0836 48.2110 1.7238
v  811.3835 48.2110 1.4238
v  811.1613 48.2887 1.5016
v  811.6058 48.2887 1.5016
v  811.6835 48.2110 1.7238
v  811.6058 48.2887 1.9460
v  811.3835 48.9109 1.7238
v  811.0836 48.8109 1.7238
v  811.1613 48.7332 1.9460
v  811.3835 48.8109 2.0238
v  811.6835 48.8109 1.7238
v  811.6058 48.7332 1.9460
v  811.6058 48.7332 1.5016
v  811.3835 48.8109 1.4238
v  811.1613 48.7332 1.5016
v  811.3835 48.5109 2.1238
v  811.0836 48.5109 2.0238
v  811.6835 48.5109 2.0238
v  811.7836 48.5109 1.7238
v  811.6835 48.5109 1.4238
v  811.3835 48.5109 1.3238
v  811.0836 48.5109 1.4238
v  810.9836 48.5109 1.7238
v  811.3984 46.3870 1.7312
v  811.3984 46.4870 2.0312
v  811.1762 46.5648 1.9534
v  811.0984 46.4870 1.7312
v  811.3984 46.4870 1.4312
v  811.1762 46.5648 1.5090
v  811.6206 46.5648 1.5090
v  811.6984 46.4870 1.7312
v  811.6206 46.5648 1.9534
v  811.3984 47.1870 1.7312
v  811.0984 47.0870 1.7312
v  811.1762 47.0092 1.9534
v  811.3984 47.0870 2.0312
v  811.6984 47.0870 1.7312
v  811.6206 47.0092 1.9534
v  811.6206 47.0092 1.5090
v  811.3984 47.0870 1.4312
v  811.1762 47.0092 1.5090
v  811.3984 46.7870 2.1312
v  811.0984 46.7870 2.0312
v  811.6984 46.7870 2.0312
v  811.7984 46.7870 1.7312
v  811.6984 46.7870 1.4312
v  811.3984 46.7870 1.3312
v  811.0984 46.7870 1.4312
v  810.9984 46.7870 1.7312
v  811.4134 44.6630 1.7407
v  811.4134 44.7631 2.0407
v  811.1912 44.8408 1.9630
v  811.1133 44.7631 1.7407
v  811.4134 44.7631 1.4407
v  811.1912 44.8408 1.5185
v  811.6356 44.8408 1.5185
v  811.7134 44.7631 1.7407
v  811.6356 44.8408 1.9630
v  811.4134 45.4631 1.7407
v  811.1133 45.3630 1.7407
v  811.1912 45.2853 1.9630
v  811.4134 45.3630 2.0407
v  811.7134 45.3630 1.7407
v  811.6356 45.2853 1.9630
v  811.6356 45.2853 1.5185
v  811.4134 45.3630 1.4407
v  811.1912 45.2853 1.5185
v  811.4134 45.0630 2.1407
v  811.1133 45.0630 2.0407
v  811.7134 45.0630 2.0407
v  811.8134 45.0630 1.7407
v  811.7134 45.0630 1.4407
v  811.4134 45.0630 1.3407
v  811.1133 45.0630 1.4407
v  811.0134 45.0630 1.7407
v  811.4282 42.9391 1.7524
v  811.4282 43.0391 2.0524
v  811.2059 43.1169 1.9746
v  811.1281 43.0391 1.7524
v  811.4282 43.0391 1.4524
v  811.2059 43.1169 1.5301
v  811.6504 43.1169 1.5301
v  811.7282 43.0391 1.7524
v  811.6504 43.1169 1.9746
v  811.4282 43.7391 1.7524
v  811.1281 43.6391 1.7524
v  811.2059 43.5613 1.9746
v  811.4282 43.6391 2.0524
v  811.7282 43.6391 1.7524
v  811.6504 43.5613 1.9746
v  811.6504 43.5613 1.5301
v  811.4282 43.6391 1.4524
v  811.2059 43.5613 1.5301
v  811.4282 43.3391 2.1524
v  811.1281 43.3391 2.0524
v  811.7282 43.3391 2.0524
v  811.8281 43.3391 1.7524
v  811.7282 43.3391 1.4524
v  811.4282 43.3391 1.3524
v  811.1281 43.3391 1.4524
v  811.0282 43.3391 1.7524
v  811.4434 41.2153 1.7667
v  811.4434 41.3153 2.0667
v  811.2211 41.3931 1.9889
v  811.1434 41.3153 1.7667
v  811.4434 41.3153 1.4667
v  811.2211 41.3931 1.5445
v  811.6656 41.3931 1.5445
v  811.7433 41.3153 1.7667
v  811.6656 41.3931 1.9889
v  811.4434 42.0153 1.7667
v  811.1434 41.9153 1.7667
v  811.2211 41.8375 1.9889
v  811.4434 41.9153 2.0667
v  811.7433 41.9153 1.7667
v  811.6656 41.8375 1.9889
v  811.6656 41.8375 1.5445
v  811.4434 41.9153 1.4667
v  811.2211 41.8375 1.5445
v  811.4434 41.6153 2.1667
v  811.1434 41.6153 2.0667
v  811.7433 41.6153 2.0667
v  811.8434 41.6153 1.7667
v  811.7433 41.6153 1.4667
v  811.4434 41.6153 1.3667
v  811.1434 41.6153 1.4667
v  811.0433 41.6153 1.7667
v  811.4590 39.4914 1.7836
v  811.4590 39.5914 2.0836
v  811.2368 39.6692 2.0058
v  811.1589 39.5914 1.7836
v  811.4590 39.5914 1.4836
v  811.2368 39.6692 1.5614
v  811.6812 39.6692 1.5614
v  811.7590 39.5914 1.7836
v  811.6812 39.6692 2.0058
v  811.4590 40.2914 1.7836
v  811.1589 40.1914 1.7836
v  811.2368 40.1136 2.0058
v  811.4590 40.1914 2.0836
v  811.7590 40.1914 1.7836
v  811.6812 40.1136 2.0058
v  811.6812 40.1136 1.5614
v  811.4590 40.1914 1.4836
v  811.2368 40.1136 1.5614
v  811.4590 39.8914 2.1836
v  811.1589 39.8914 2.0836
v  811.7590 39.8914 2.0836
v  811.8589 39.8914 1.7836
v  811.7590 39.8914 1.4836
v  811.4590 39.8914 1.3836
v  811.1589 39.8914 1.4836
v  811.0590 39.8914 1.7836
v  811.4743 37.7675 1.8036
v  811.4743 37.8675 2.1036
v  811.2520 37.9453 2.0258
v  811.1743 37.8675 1.8036
v  811.4743 37.8675 1.5036
v  811.2520 37.9453 1.5814
v  811.6965 37.9453 1.5814
v  811.7742 37.8675 1.8036
v  811.6965 37.9453 2.0258
v  811.4743 38.5675 1.8036
v  811.1743 38.4675 1.8036
v  811.2520 38.3898 2.0258
v  811.4743 38.4675 2.1036
v  811.7742 38.4675 1.8036
v  811.6965 38.3898 2.0258
v  811.6965 38.3898 1.5814
v  811.4743 38.4675 1.5036
v  811.2520 38.3898 1.5814
v  811.4743 38.1675 2.2036
v  811.1743 38.1675 2.1036
v  811.7742 38.1675 2.1036
v  811.8743 38.1675 1.8036
v  811.7742 38.1675 1.5036
v  811.4743 38.1675 1.4036
v  811.1743 38.1675 1.5036
v  811.0743 38.1675 1.8036
v  811.4902 36.0438 1.8266
v  811.4902 36.1438 2.1266
v  811.2678 36.2215 2.0489
v  811.1901 36.1438 1.8266
v  811.4902 36.1438 1.5266
v  811.2678 36.2215 1.6044
v  811.7123 36.2215 1.6044
v  811.7901 36.1438 1.8266
v  811.7123 36.2215 2.0489
v  811.4902 36.8438 1.8266
v  811.1901 36.7438 1.8266
v  811.2678 36.6660 2.0489
v  811.4902 36.7438 2.1266
v  811.7901 36.7438 1.8266
v  811.7123 36.6660 2.0489
v  811.7123 36.6660 1.6044
v  811.4902 36.7438 1.5266
v  811.2678 36.6660 1.6044
v  811.4902 36.4438 2.2266
v  811.1901 36.4438 2.1266
v  811.7901 36.4438 2.1266
v  811.8901 36.4438 1.8266
v  811.7901 36.4438 1.5266
v  811.4902 36.4438 1.4266
v  811.1901 36.4438 1.5266
v  811.0901 36.4438 1.8266
v  811.5058 34.3200 1.8532
v  811.5058 34.4200 2.1532
v  811.2836 34.4978 2.0755
v  811.2059 34.4200 1.8532
v  811.5058 34.4200 1.5532
v  811.2836 34.4978 1.6310
v  811.7281 34.4978 1.6310
v  811.8058 34.4200 1.8532
v  811.7281 34.4978 2.0755
v  811.5058 35.1200 1.8532
v  811.2059 35.0200 1.8532
v  811.2836 34.9422 2.0755
v  811.5058 35.0200 2.1532
v  811.8058 35.0200 1.8532
v  811.7281 34.9422 2.0755
v  811.7281 34.9422 1.6310
v  811.5058 35.0200 1.5532
v  811.2836 34.9422 1.6310
v  811.5058 34.7200 2.2532
v  811.2059 34.7200 2.1532
v  811.8058 34.7200 2.1532
v  811.9059 34.7200 1.8532
v  811.8058 34.7200 1.5532
v  811.5058 34.7200 1.4532
v  811.2059 34.7200 1.5532
v  811.1058 34.7200 1.8532
v  811.5223 32.5964 1.8836
v  811.5223 32.6964 2.1836
v  811.3000 32.7741 2.1058
v  811.2223 32.6964 1.8836
v  811.5223 32.6964 1.5836
v  811.3000 32.7741 1.6614
v  811.7445 32.7741 1.6614
v  811.8222 32.6964 1.8836
v  811.7445 32.7741 2.1058
v  811.5223 33.3964 1.8836
v  811.2223 33.2963 1.8836
v  811.3000 33.2186 2.1058
v  811.5223 33.2963 2.1836
v  811.8222 33.2963 1.8836
v  811.7445 33.2186 2.1058
v  811.7445 33.2186 1.6614
v  811.5223 33.2963 1.5836
v  811.3000 33.2186 1.6614
v  811.5223 32.9963 2.2836
v  811.2223 32.9963 2.1836
v  811.8222 32.9963 2.1836
v  811.9222 32.9963 1.8836
v  811.8222 32.9963 1.5836
v  811.5223 32.9963 1.4836
v  811.2223 32.9963 1.5836
v  811.1223 32.9963 1.8836
v  811.5392 30.8728 1.9181
v  811.5392 30.9728 2.2181
v  811.3169 31.0506 2.1403
v  811.2391 30.9728 1.9181
v  811.5392 30.9728 1.6181
v  811.3169 31.0506 1.6958
v  811.7614 31.0506 1.6958
v  811.8391 30.9728 1.9181
v  811.7614 31.0506 2.1403
v  811.5392 31.6728 1.9181
v  811.2391 31.5728 1.9181
v  811.3169 31.4950 2.1403
v  811.5392 31.5728 2.2181
v  811.8391 31.5728 1.9181
v  811.7614 31.4950 2.1403
v  811.7614 31.4950 1.6958
v  811.5392 31.5728 1.6181
v  811.3169 31.4950 1.6958
v  811.5392 31.2728 2.3181
v  811.2391 31.2728 2.2181
v  811.8391 31.2728 2.2181
v  811.9391 31.2728 1.9181
v  811.8391 31.2728 1.6181
v  811.5392 31.2728 1.5181
v  811.2391 31.2728 1.6181
v  811.1391 31.2728 1.9181
v  811.5558 29.1493 1.9569
v  811.5558 29.2493 2.2569
v  811.3336 29.3271 2.1791
v  811.2559 29.2493 1.9569
v  811.5558 29.2493 1.6569
v  811.3336 29.3271 1.7347
v  811.7781 29.3271 1.7347
v  811.8558 29.2493 1.9569
v  811.7781 29.3271 2.1791
v  811.5558 29.9493 1.9569
v  811.2559 29.8493 1.9569
v  811.3336 29.7715 2.1791
v  811.5558 29.8493 2.2569
v  811.8558 29.8493 1.9569
v  811.7781 29.7715 2.1791
v  811.7781 29.7715 1.7347
v  811.5558 29.8493 1.6569
v  811.3336 29.7715 1.7347
v  811.5558 29.5493 2.3569
v  811.2559 29.5493 2.2569
v  811.8558 29.5493 2.2569
v  811.9558 29.5493 1.9569
v  811.8558 29.5493 1.6569
v  811.5558 29.5493 1.5569
v  811.2559 29.5493 1.6569
v  811.1558 29.5493 1.9569
v  811.5731 27.4259 2.0010
v  811.5731 27.5259 2.3010
v  811.3509 27.6037 2.2232
v  811.2731 27.5259 2.0010
v  811.5731 27.5259 1.7010
v  811.3509 27.6037 1.7787
v  811.7953 27.6037 1.7787
v  811.8732 27.5259 2.0010
v  811.7953 27.6037 2.2232
v  811.5731 28.2259 2.0010
v  811.2731 28.1259 2.0010
v  811.3509 28.0481 2.2232
v  811.5731 28.1259 2.3010
v  811.8732 28.1259 2.0010
v  811.7953 28.0481 2.2232
v  811.7953 28.0481 1.7787
v  811.5731 28.1259 1.7010
v  811.3509 28.0481 1.7787
v  811.5731 27.8259 2.4010
v  811.2731 27.8259 2.3010
v  811.8732 27.8259 2.3010
v  811.9731 27.8259 2.0010
v  811.8732 27.8259 1.7010
v  811.5731 27.8259 1.6010
v  811.2731 27.8259 1.7010
v  811.1732 27.8259 2.0010
v  811.5911 25.7027 2.0505
v  811.5911 25.8027 2.3505
v  811.3688 25.8805 2.2727
v  811.2911 25.8027 2.0505
v  811.5911 25.8027 1.7505
v  811.3688 25.8805 1.8283
v  811.8134 25.8805 1.8283
v  811.8911 25.8027 2.0505
v  811.8134 25.8805 2.2727
v  811.5911 26.5027 2.0505
v  811.2911 26.4027 2.0505
v  811.3688 26.3249 2.2727
v  811.5911 26.4027 2.3505
v  811.8911 26.4027 2.0505
v  811.8134 26.3249 2.2727
v  811.8134 26.3249 1.8283
v  811.5911 26.4027 1.7505
v  811.3688 26.3249 1.8283
v  811.5911 26.1027 2.4505
v  811.2911 26.1027 2.3505
v  811.8911 26.1027 2.3505
v  811.9911 26.1027 2.0505
v  811.8911 26.1027 1.7505
v  811.5911 26.1027 1.6505
v  811.2911 26.1027 1.7505
v  811.1911 26.1027 2.0505
v  811.6090 23.9797 2.1068
v  811.6090 24.0796 2.4068
v  811.3867 24.1574 2.3290
v  811.3090 24.0796 2.1068
v  811.6090 24.0796 1.8068
v  811.3867 24.1574 1.8845
v  811.8312 24.1574 1.8845
v  811.9089 24.0796 2.1068
v  811.8312 24.1574 2.3290
v  811.6090 24.7797 2.1068
v  811.3090 24.6796 2.1068
v  811.3867 24.6019 2.3290
v  811.6090 24.6796 2.4068
v  811.9089 24.6796 2.1068
v  811.8312 24.6019 2.3290
v  811.8312 24.6019 1.8845
v  811.6090 24.6796 1.8068
v  811.3867 24.6019 1.8845
v  811.6090 24.3796 2.5068
v  811.3090 24.3796 2.4068
v  811.9089 24.3796 2.4068
v  812.0090 24.3796 2.1068
v  811.9089 24.3796 1.8068
v  811.6090 24.3796 1.7068
v  811.3090 24.3796 1.8068
v  811.2089 24.3796 2.1068
v  811.6277 22.2569 2.1708
v  811.6277 22.3569 2.4708
v  811.4056 22.4347 2.3931
v  811.3278 22.3569 2.1708
v  811.6277 22.3569 1.8708
v  811.4056 22.4347 1.9486
v  811.8500 22.4347 1.9486
v  811.9277 22.3569 2.1708
v  811.8500 22.4347 2.3931
v  811.6277 23.0569 2.1708
v  811.3278 22.9569 2.1708
v  811.4056 22.8791 2.3931
v  811.6277 22.9569 2.4708
v  811.9277 22.9569 2.1708
v  811.8500 22.8791 2.3931
v  811.8500 22.8791 1.9486
v  811.6277 22.9569 1.8708
v  811.4056 22.8791 1.9486
v  811.6277 22.6569 2.5708
v  811.3278 22.6569 2.4708
v  811.9277 22.6569 2.4708
v  812.0277 22.6569 2.1708
v  811.9277 22.6569 1.8708
v  811.6277 22.6569 1.7708
v  811.3278 22.6569 1.8708
v  811.2277 22.6569 2.1708
v  811.6469 20.5345 2.2430
v  811.6469 20.6345 2.5430
v  811.4246 20.7123 2.4652
v  811.3468 20.6345 2.2430
v  811.6469 20.6345 1.9430
v  811.4246 20.7123 2.0208
v  811.8690 20.7123 2.0208
v  811.9469 20.6345 2.2430
v  811.8690 20.7123 2.4652
v  811.6469 21.3345 2.2430
v  811.3468 21.2345 2.2430
v  811.4246 21.1568 2.4652
v  811.6469 21.2345 2.5430
v  811.9469 21.2345 2.2430
v  811.8690 21.1568 2.4652
v  811.8690 21.1568 2.0208
v  811.6469 21.2345 1.9430
v  811.4246 21.1568 2.0208
v  811.6469 20.9345 2.6430
v  811.3468 20.9345 2.5430
v  811.9469 20.9345 2.5430
v  812.0468 20.9345 2.2430
v  811.9469 20.9345 1.9430
v  811.6469 20.9345 1.8430
v  811.3468 20.9345 1.9430
v  811.2469 20.9345 2.2430
v  811.6669 18.8127 2.3261
v  811.6669 18.9127 2.6261
v  811.4446 18.9904 2.5484
v  811.3668 18.9127 2.3261
v  811.6669 18.9127 2.0261
v  811.4446 18.9904 2.1039
v  811.8891 18.9904 2.1039
v  811.9668 18.9127 2.3261
v  811.8891 18.9904 2.5484
v  811.6669 19.6127 2.3261
v  811.3668 19.5127 2.3261
v  811.4446 19.4349 2.5484
v  811.6669 19.5127 2.6261
v  811.9668 19.5127 2.3261
v  811.8891 19.4349 2.5484
v  811.8891 19.4349 2.1039
v  811.6669 19.5127 2.0261
v  811.4446 19.4349 2.1039
v  811.6669 19.2127 2.7261
v  811.3668 19.2127 2.6261
v  811.9668 19.2127 2.6261
v  812.0668 19.2127 2.3261
v  811.9668 19.2127 2.0261
v  811.6669 19.2127 1.9261
v  811.3668 19.2127 2.0261
v  811.2668 19.2127 2.3261
v  811.6879 17.0914 2.4211
v  811.6879 17.1914 2.7211
v  811.4656 17.2691 2.6433
v  811.3878 17.1914 2.4211
v  811.6879 17.1914 2.1211
v  811.4656 17.2691 2.1989
v  811.9100 17.2691 2.1989
v  811.9879 17.1914 2.4211
v  811.9100 17.2691 2.6433
v  811.6879 17.8914 2.4211
v  811.3878 17.7914 2.4211
v  811.4656 17.7136 2.6433
v  811.6879 17.7914 2.7211
v  811.9879 17.7914 2.4211
v  811.9100 17.7136 2.6433
v  811.9100 17.7136 2.1989
v  811.6879 17.7914 2.1211
v  811.4656 17.7136 2.1989
v  811.6879 17.4914 2.8211
v  811.3878 17.4914 2.7211
v  811.9879 17.4914 2.7211
v  812.0878 17.4914 2.4211
v  811.9879 17.4914 2.1211
v  811.6879 17.4914 2.0211
v  811.3878 17.4914 2.1211
v  811.2879 17.4914 2.4211
v  811.7098 15.3711 2.5325
v  811.7098 15.4711 2.8325
v  811.4875 15.5489 2.7547
v  811.4098 15.4711 2.5325
v  811.7098 15.4711 2.2325
v  811.4875 15.5489 2.3103
v  811.9320 15.5489 2.3103
v  812.0097 15.4711 2.5325
v  811.9320 15.5489 2.7547
v  811.7098 16.1711 2.5325
v  811.4098 16.0711 2.5325
v  811.4875 15.9933 2.7547
v  811.7098 16.0711 2.8325
v  812.0097 16.0711 2.5325
v  811.9320 15.9933 2.7547
v  811.9320 15.9933 2.3103
v  811.7098 16.0711 2.2325
v  811.4875 15.9933 2.3103
v  811.7098 15.7711 2.9325
v  811.4098 15.7711 2.8325
v  812.0097 15.7711 2.8325
v  812.1097 15.7711 2.5325
v  812.0097 15.7711 2.2325
v  811.7098 15.7711 2.1325
v  811.4098 15.7711 2.2325
v  811.3097 15.7711 2.5325
v  811.7332 13.6523 2.6638
v  811.7332 13.7523 2.9638
v  811.5109 13.8301 2.8860
v  811.4332 13.7523 2.6638
v  811.7332 13.7523 2.3638
v  811.5109 13.8301 2.4416
v  811.9554 13.8301 2.4416
v  812.0332 13.7523 2.6638
v  811.9554 13.8301 2.8861
v  811.7332 14.4523 2.6638
v  811.4332 14.3523 2.6638
v  811.5109 14.2745 2.8860
v  811.7332 14.3523 2.9638
v  812.0332 14.3523 2.6638
v  811.9554 14.2745 2.8861
v  811.9554 14.2745 2.4416
v  811.7332 14.3523 2.3638
v  811.5109 14.2745 2.4416
v  811.7332 14.0523 3.0638
v  811.4332 14.0523 2.9638
v  812.0332 14.0523 2.9638
v  812.1332 14.0523 2.6638
v  812.0332 14.0523 2.3638
v  811.7332 14.0523 2.2638
v  811.4332 14.0523 2.3638
v  811.3332 14.0523 2.6638
v  811.7586 11.9358 2.8227
v  811.7586 12.0358 3.1227
v  811.5364 12.1136 3.0449
v  811.4586 12.0358 2.8227
v  811.7586 12.0358 2.5227
v  811.5364 12.1136 2.6004
v  811.9808 12.1136 2.6004
v  812.0587 12.0358 2.8227
v  811.9808 12.1136 3.0449
v  811.7586 12.7358 2.8227
v  811.4586 12.6358 2.8227
v  811.5364 12.5580 3.0449
v  811.7586 12.6358 3.1227
v  812.0587 12.6358 2.8227
v  811.9808 12.5580 3.0449
v  811.9808 12.5580 2.6004
v  811.7586 12.6358 2.5227
v  811.5364 12.5580 2.6004
v  811.7586 12.3358 3.2227
v  811.4586 12.3358 3.1227
v  812.0587 12.3358 3.1227
v  812.1586 12.3358 2.8227
v  812.0587 12.3358 2.5227
v  811.7586 12.3358 2.4227
v  811.4586 12.3358 2.5227
v  811.3586 12.3358 2.8227
v  811.7870 10.2237 3.0221
v  811.7870 10.3237 3.3221
v  811.5648 10.4015 3.2443
v  811.4870 10.3237 3.0221
v  811.7870 10.3237 2.7221
v  811.5648 10.4015 2.7999
v  812.0092 10.4015 2.7999
v  812.0870 10.3237 3.0221
v  812.0092 10.4015 3.2443
v  811.7870 11.0237 3.0221
v  811.4870 10.9237 3.0221
v  811.5648 10.8459 3.2443
v  811.7870 10.9237 3.3221
v  812.0870 10.9237 3.0221
v  812.0092 10.8459 3.2443
v  812.0092 10.8459 2.7999
v  811.7870 10.9237 2.7221
v  811.5648 10.8459 2.7999
v  811.7870 10.6237 3.4221
v  811.4870 10.6237 3.3221
v  812.0870 10.6237 3.3221
v  812.1870 10.6237 3.0221
v  812.0870 10.6237 2.7221
v  811.7870 10.6237 2.6221
v  811.4870 10.6237 2.7221
v  811.3871 10.6237 3.0221
v  811.8203 8.5216 3.2929
v  811.8203 8.6216 3.5929
v  811.5981 8.6994 3.5151
v  811.5204 8.6216 3.2929
v  811.8203 8.6216 2.9929
v  811.5981 8.6994 3.0707
v  812.0426 8.6994 3.0707
v  812.1204 8.6216 3.2929
v  812.0426 8.6994 3.5151
v  811.8203 9.3216 3.2929
v  811.5204 9.2216 3.2929
v  811.5981 9.1439 3.5151
v  811.8203 9.2216 3.5929
v  812.1204 9.2216 3.2929
v  812.0426 9.1439 3.5151
v  812.0426 9.1439 3.0707
v  811.8203 9.2216 2.9929
v  811.5981 9.1439 3.0707
v  811.8203 8.9216 3.6929
v  811.5204 8.9216 3.5929
v  812.1204 8.9216 3.5929
v  812.2204 8.9216 3.2929
v  812.1204 8.9216 2.9929
v  811.8203 8.9216 2.8929
v  811.5204 8.9216 2.9929
v  811.4203 8.9216 3.2929
v  811.8658 6.8583 3.7347
v  811.8658 6.9584 4.0347
v  811.6436 7.0361 3.9569
v  811.5658 6.9584 3.7347
v  811.8658 6.9584 3.4347
v  811.6436 7.0361 3.5125
v  812.0880 7.0361 3.5125
v  812.1657 6.9584 3.7347
v  812.0880 7.0361 3.9569
v  811.8658 7.6584 3.7347
v  811.5658 7.5584 3.7347
v  811.6436 7.4806 3.9569
v  811.8658 7.5584 4.0347
v  812.1657 7.5584 3.7347
v  812.0880 7.4806 3.9569
v  812.0880 7.4806 3.5125
v  811.8658 7.5584 3.4347
v  811.6436 7.4806 3.5125
v  811.8658 7.2584 4.1347
v  811.5658 7.2584 4.0347
v  812.1657 7.2584 4.0347
v  812.2657 7.2584 3.7347
v  812.1657 7.2584 3.4347
v  811.8658 7.2584 3.3347
v  811.5658 7.2584 3.4347
v  811.4658 7.2584 3.7347
v  811.9479 6.6645 4.8552
v  811.9479 6.7645 5.1552
v  811.7257 6.8423 5.0774
v  811.6479 6.7645 4.8552
v  811.9479 6.7645 4.5552
v  811.7257 6.8423 4.6329
v  812.1701 6.8423 4.6329
v  812.2479 6.7645 4.8552
v  812.1701 6.8423 5.0774
v  811.9479 7.4645 4.8552
v  811.6479 7.3645 4.8552
v  811.7257 7.2867 5.0774
v  811.9479 7.3645 5.1552
v  812.2479 7.3645 4.8552
v  812.1701 7.2867 5.0774
v  812.1701 7.2867 4.6329
v  811.9479 7.3645 4.5552
v  811.7257 7.2867 4.6329
v  811.9479 7.0645 5.2552
v  811.6479 7.0645 5.1552
v  812.2479 7.0645 5.1552
v  812.3479 7.0645 4.8552
v  812.2479 7.0645 4.5552
v  811.9479 7.0645 4.4552
v  811.6479 7.0645 4.5552
v  811.5480 7.0645 4.8552
v  811.9700 8.3086 5.3583
v  811.9700 8.4087 5.6583
v  811.7477 8.4864 5.5805
v  811.6699 8.4087 5.3583
v  811.9700 8.4087 5.0583
v  811.7477 8.4864 5.1361
v  812.1921 8.4864 5.1361
v  812.2700 8.4087 5.3583
v  812.1921 8.4864 5.5805
v  811.9700 9.1087 5.3583
v  811.6699 9.0087 5.3583
v  811.7477 8.9309 5.5805
v  811.9700 9.0087 5.6583
v  812.2700 9.0087 5.3583
v  812.1921 8.9309 5.5805
v  812.1921 8.9309 5.1361
v  811.9700 9.0087 5.0583
v  811.7477 8.9309 5.1361
v  811.9700 8.7087 5.7583
v  811.6699 8.7087 5.6583
v  812.2700 8.7087 5.6583
v  812.3699 8.7087 5.3583
v  812.2700 8.7087 5.0583
v  811.9700 8.7087 4.9583
v  811.6699 8.7087 5.0583
v  811.5699 8.7087 5.3583
v  811.9766 10.0071 5.6522
v  811.9766 10.1071 5.9522
v  811.7544 10.1849 5.8744
v  811.6766 10.1071 5.6522
v  811.9766 10.1071 5.3522
v  811.7544 10.1849 5.4300
v  812.1989 10.1849 5.4300
v  812.2767 10.1071 5.6522
v  812.1989 10.1849 5.8744
v  811.9766 10.8071 5.6522
v  811.6766 10.7071 5.6522
v  811.7544 10.6293 5.8744
v  811.9766 10.7071 5.9522
v  812.2767 10.7071 5.6522
v  812.1989 10.6293 5.8744
v  812.1989 10.6293 5.4300
v  811.9766 10.7071 5.3522
v  811.7544 10.6293 5.4300
v  811.9766 10.4071 6.0522
v  811.6766 10.4071 5.9522
v  812.2767 10.4071 5.9522
v  812.3766 10.4071 5.6522
v  812.2767 10.4071 5.3522
v  811.9766 10.4071 5.2522
v  811.6766 10.4071 5.3522
v  811.5767 10.4071 5.6522
v  811.9770 11.7175 5.8669
v  811.9770 11.8175 6.1669
v  811.7548 11.8953 6.0891
v  811.6770 11.8175 5.8669
v  811.9770 11.8175 5.5669
v  811.7548 11.8953 5.6447
v  812.1992 11.8953 5.6447
v  812.2769 11.8175 5.8669
v  812.1992 11.8953 6.0891
v  811.9770 12.5175 5.8669
v  811.6770 12.4175 5.8669
v  811.7548 12.3398 6.0891
v  811.9770 12.4175 6.1669
v  812.2769 12.4175 5.8669
v  812.1992 12.3398 6.0891
v  812.1992 12.3398 5.6447
v  811.9770 12.4175 5.5669
v  811.7548 12.3398 5.6447
v  811.9770 12.1175 6.2669
v  811.6770 12.1175 6.1669
v  812.2769 12.1175 6.1669
v  812.3770 12.1175 5.8669
v  812.2769 12.1175 5.5669
v  811.9770 12.1175 5.4669
v  811.6770 12.1175 5.5669
v  811.5770 12.1175 5.8669
v  811.9746 13.4332 6.0367
v  811.9746 13.5332 6.3367
v  811.7524 13.6109 6.2590
v  811.6747 13.5332 6.0367
v  811.9746 13.5332 5.7367
v  811.7524 13.6109 5.8145
v  812.1969 13.6109 5.8145
v  812.2747 13.5332 6.0367
v  812.1969 13.6109 6.2590
v  811.9746 14.2332 6.0367
v  811.6747 14.1332 6.0367
v  811.7524 14.0554 6.2590
v  811.9746 14.1332 6.3367
v  812.2747 14.1332 6.0367
v  812.1969 14.0554 6.2590
v  812.1969 14.0554 5.8145
v  811.9746 14.1332 5.7367
v  811.7524 14.0554 5.8145
v  811.9746 13.8332 6.4367
v  811.6747 13.8332 6.3367
v  812.2747 13.8332 6.3367
v  812.3747 13.8332 6.0367
v  812.2747 13.8332 5.7367
v  811.9746 13.8332 5.6367
v  811.6747 13.8332 5.7367
v  811.5746 13.8332 6.0367
v  811.9700 15.1515 6.1762
v  811.9700 15.2515 6.4762
v  811.7477 15.3293 6.3984
v  811.6700 15.2515 6.1762
v  811.9700 15.2515 5.8762
v  811.7477 15.3293 5.9540
v  812.1923 15.3293 5.9540
v  812.2700 15.2515 6.1762
v  812.1923 15.3293 6.3984
v  811.9700 15.9515 6.1762
v  811.6700 15.8515 6.1762
v  811.7477 15.7737 6.3984
v  811.9700 15.8515 6.4762
v  812.2700 15.8515 6.1762
v  812.1923 15.7737 6.3984
v  812.1923 15.7737 5.9540
v  811.9700 15.8515 5.8762
v  811.7477 15.7737 5.9540
v  811.9700 15.5515 6.5762
v  811.6700 15.5515 6.4762
v  812.2700 15.5515 6.4762
v  812.3700 15.5515 6.1762
v  812.2700 15.5515 5.8762
v  811.9700 15.5515 5.7762
v  811.6700 15.5515 5.8762
v  811.5699 15.5515 6.1762
v  811.9636 16.8714 6.2942
v  811.9636 16.9714 6.5942
v  811.7415 17.0492 6.5164
v  811.6637 16.9714 6.2942
v  811.9636 16.9714 5.9942
v  811.7415 17.0492 6.0720
v  812.1859 17.0492 6.0720
v  812.2637 16.9714 6.2942
v  812.1859 17.0492 6.5164
v  811.9636 17.6714 6.2942
v  811.6637 17.5714 6.2942
v  811.7415 17.4937 6.5164
v  811.9636 17.5714 6.5942
v  812.2637 17.5714 6.2942
v  812.1859 17.4937 6.5164
v  812.1859 17.4937 6.0720
v  811.9636 17.5714 5.9942
v  811.7415 17.4937 6.0720
v  811.9636 17.2714 6.6942
v  811.6637 17.2714 6.5942
v  812.2637 17.2714 6.5942
v  812.3637 17.2714 6.2942
v  812.2637 17.2714 5.9942
v  811.9636 17.2714 5.8942
v  811.6637 17.2714 5.9942
v  811.5637 17.2714 6.2942
v  811.9558 18.5924 6.3963
v  811.9558 18.6924 6.6963
v  811.7336 18.7702 6.6185
v  811.6558 18.6924 6.3963
v  811.9558 18.6924 6.0963
v  811.7336 18.7702 6.1741
v  812.1780 18.7702 6.1741
v  812.2559 18.6924 6.3963
v  812.1780 18.7702 6.6185
v  811.9558 19.3924 6.3963
v  811.6558 19.2924 6.3963
v  811.7336 19.2147 6.6185
v  811.9558 19.2924 6.6963
v  812.2559 19.2924 6.3963
v  812.1780 19.2147 6.6185
v  812.1780 19.2147 6.1741
v  811.9558 19.2924 6.0963
v  811.7336 19.2147 6.1741
v  811.9558 18.9924 6.7963
v  811.6558 18.9924 6.6963
v  812.2559 18.9924 6.6963
v  812.3558 18.9924 6.3963
v  812.2559 18.9924 6.0963
v  811.9558 18.9924 5.9963
v  811.6558 18.9924 6.0963
v  811.5558 18.9924 6.3963
v  811.9473 20.3142 6.4841
v  811.9473 20.4142 6.7841
v  811.7250 20.4920 6.7063
v  811.6473 20.4142 6.4841
v  811.9473 20.4142 6.1841
v  811.7250 20.4920 6.2619
v  812.1696 20.4920 6.2619
v  812.2473 20.4142 6.4841
v  812.1696 20.4920 6.7063
v  811.9473 21.1142 6.4841
v  811.6473 21.0142 6.4841
v  811.7250 20.9364 6.7063
v  811.9473 21.0142 6.7841
v  812.2473 21.0142 6.4841
v  812.1696 20.9364 6.7063
v  812.1696 20.9364 6.2619
v  811.9473 21.0142 6.1841
v  811.7250 20.9364 6.2619
v  811.9473 20.7142 6.8841
v  811.6473 20.7142 6.7841
v  812.2473 20.7142 6.7841
v  812.3473 20.7142 6.4841
v  812.2473 20.7142 6.1841
v  811.9473 20.7142 6.0841
v  811.6473 20.7142 6.1841
v  811.5473 20.7142 6.4841
v  811.9382 22.0364 6.5618
v  811.9382 22.1364 6.8618
v  811.7159 22.2142 6.7841
v  811.6382 22.1364 6.5618
v  811.9382 22.1364 6.2618
v  811.7159 22.2142 6.3396
v  812.1604 22.2142 6.3396
v  812.2381 22.1364 6.5618
v  812.1604 22.2142 6.7841
v  811.9382 22.8364 6.5618
v  811.6382 22.7364 6.5618
v  811.7159 22.6587 6.7841
v  811.9382 22.7364 6.8618
v  812.2381 22.7364 6.5618
v  812.1604 22.6587 6.7841
v  812.1604 22.6587 6.3396
v  811.9382 22.7364 6.2618
v  811.7159 22.6587 6.3396
v  811.9382 22.4364 6.9618
v  811.6382 22.4364 6.8618
v  812.2381 22.4364 6.8618
v  812.3381 22.4364 6.5618
v  812.2381 22.4364 6.2618
v  811.9382 22.4364 6.1618
v  811.6382 22.4364 6.2618
v  811.5381 22.4364 6.5618
v  811.9285 23.7591 6.6298
v  811.9285 23.8591 6.9298
v  811.7062 23.9369 6.8520
v  811.6285 23.8591 6.6298
v  811.9285 23.8591 6.3298
v  811.7062 23.9369 6.4076
v  812.1507 23.9369 6.4076
v  812.2285 23.8591 6.6298
v  812.1507 23.9369 6.8520
v  811.9285 24.5591 6.6298
v  811.6285 24.4591 6.6298
v  811.7062 24.3813 6.8520
v  811.9285 24.4591 6.9298
v  812.2285 24.4591 6.6298
v  812.1507 24.3813 6.8520
v  812.1507 24.3813 6.4076
v  811.9285 24.4591 6.3298
v  811.7062 24.3813 6.4076
v  811.9285 24.1591 7.0298
v  811.6285 24.1591 6.9298
v  812.2285 24.1591 6.9298
v  812.3286 24.1591 6.6298
v  812.2285 24.1591 6.3298
v  811.9285 24.1591 6.2298
v  811.6285 24.1591 6.3298
v  811.5285 24.1591 6.6298
v  811.9176 25.4820 6.6903
v  811.9176 25.5820 6.9903
v  811.6954 25.6598 6.9125
v  811.6176 25.5820 6.6903
v  811.9176 25.5820 6.3903
v  811.6954 25.6598 6.4680
v  812.1398 25.6598 6.4680
v  812.2176 25.5820 6.6903
v  812.1398 25.6598 6.9125
v  811.9176 26.2820 6.6903
v  811.6176 26.1820 6.6903
v  811.6954 26.1042 6.9125
v  811.9176 26.1820 6.9903
v  812.2176 26.1820 6.6903
v  812.1398 26.1042 6.9125
v  812.1398 26.1042 6.4680
v  811.9176 26.1820 6.3903
v  811.6954 26.1042 6.4680
v  811.9176 25.8820 7.0903
v  811.6176 25.8820 6.9903
v  812.2176 25.8820 6.9903
v  812.3176 25.8820 6.6903
v  812.2176 25.8820 6.3903
v  811.9176 25.8820 6.2903
v  811.6176 25.8820 6.3903
v  811.5176 25.8820 6.6903
v  811.9066 27.2051 6.7441
v  811.9066 27.3051 7.0441
v  811.6844 27.3829 6.9663
v  811.6066 27.3051 6.7441
v  811.9066 27.3051 6.4441
v  811.6844 27.3829 6.5219
v  812.1288 27.3829 6.5219
v  812.2067 27.3051 6.7441
v  812.1288 27.3829 6.9663
v  811.9066 28.0051 6.7441
v  811.6066 27.9051 6.7441
v  811.6844 27.8274 6.9663
v  811.9066 27.9051 7.0441
v  812.2067 27.9051 6.7441
v  812.1288 27.8274 6.9663
v  812.1288 27.8274 6.5219
v  811.9066 27.9051 6.4441
v  811.6844 27.8274 6.5219
v  811.9066 27.6051 7.1441
v  811.6066 27.6051 7.0441
v  812.2067 27.6051 7.0441
v  812.3066 27.6051 6.7441
v  812.2067 27.6051 6.4441
v  811.9066 27.6051 6.3441
v  811.6066 27.6051 6.4441
v  811.5067 27.6051 6.7441
v  811.8953 28.9285 6.7920
v  811.8953 29.0285 7.0920
v  811.6731 29.1063 7.0142
v  811.5953 29.0285 6.7920
v  811.8953 29.0285 6.4920
v  811.6731 29.1063 6.5697
v  812.1175 29.1063 6.5697
v  812.1953 29.0285 6.7920
v  812.1175 29.1063 7.0142
v  811.8953 29.7285 6.7920
v  811.5953 29.6285 6.7920
v  811.6731 29.5507 7.0142
v  811.8953 29.6285 7.0920
v  812.1953 29.6285 6.7920
v  812.1175 29.5507 7.0142
v  812.1175 29.5507 6.5697
v  811.8953 29.6285 6.4920
v  811.6731 29.5507 6.5697
v  811.8953 29.3285 7.1920
v  811.5953 29.3285 7.0920
v  812.1953 29.3285 7.0920
v  812.2953 29.3285 6.7920
v  812.1953 29.3285 6.4920
v  811.8953 29.3285 6.3920
v  811.5953 29.3285 6.4920
v  811.4953 29.3285 6.7920
v  811.8831 30.6519 6.8343
v  811.8831 30.7519 7.1343
v  811.6609 30.8297 7.0565
v  811.5831 30.7519 6.8343
v  811.8831 30.7519 6.5343
v  811.6609 30.8297 6.6121
v  812.1053 30.8297 6.6121
v  812.1831 30.7519 6.8343
v  812.1053 30.8297 7.0565
v  811.8831 31.4519 6.8343
v  811.5831 31.3519 6.8343
v  811.6609 31.2741 7.0565
v  811.8831 31.3519 7.1343
v  812.1831 31.3519 6.8343
v  812.1053 31.2741 7.0565
v  812.1053 31.2741 6.6121
v  811.8831 31.3519 6.5343
v  811.6609 31.2741 6.6121
v  811.8831 31.0519 7.2343
v  811.5831 31.0519 7.1343
v  812.1831 31.0519 7.1343
v  812.2830 31.0519 6.8343
v  812.1831 31.0519 6.5343
v  811.8831 31.0519 6.4343
v  811.5831 31.0519 6.5343
v  811.4830 31.0519 6.8343
v  811.8715 32.3755 6.8719
v  811.8715 32.4755 7.1719
v  811.6493 32.5533 7.0941
v  811.5715 32.4755 6.8719
v  811.8715 32.4755 6.5719
v  811.6493 32.5533 6.6497
v  812.0938 32.5533 6.6497
v  812.1716 32.4755 6.8719
v  812.0938 32.5533 7.0941
v  811.8715 33.1756 6.8719
v  811.5715 33.0755 6.8719
v  811.6493 32.9978 7.0941
v  811.8715 33.0755 7.1719
v  812.1716 33.0755 6.8719
v  812.0938 32.9978 7.0941
v  812.0938 32.9978 6.6497
v  811.8715 33.0755 6.5719
v  811.6493 32.9978 6.6497
v  811.8715 32.7755 7.2719
v  811.5715 32.7755 7.1719
v  812.1716 32.7755 7.1719
v  812.2715 32.7755 6.8719
v  812.1716 32.7755 6.5719
v  811.8715 32.7755 6.4719
v  811.5715 32.7755 6.5719
v  811.4716 32.7755 6.8719
v  811.8589 34.0992 6.9054
v  811.8589 34.1992 7.2054
v  811.6367 34.2770 7.1277
v  811.5590 34.1992 6.9054
v  811.8589 34.1992 6.6054
v  811.6367 34.2770 6.6832
v  812.0812 34.2770 6.6832
v  812.1589 34.1992 6.9054
v  812.0812 34.2770 7.1277
v  811.8589 34.8992 6.9054
v  811.5590 34.7992 6.9054
v  811.6367 34.7214 7.1277
v  811.8589 34.7992 7.2054
v  812.1589 34.7992 6.9054
v  812.0812 34.7214 7.1277
v  812.0812 34.7214 6.6832
v  811.8589 34.7992 6.6054
v  811.6367 34.7214 6.6832
v  811.8589 34.4992 7.3054
v  811.5590 34.4992 7.2054
v  812.1589 34.4992 7.2054
v  812.2590 34.4992 6.9054
v  812.1589 34.4992 6.6054
v  811.8589 34.4992 6.5054
v  811.5590 34.4992 6.6054
v  811.4590 34.4992 6.9054
v  811.8462 35.8229 6.9350
v  811.8462 35.9229 7.2350
v  811.6238 36.0007 7.1573
v  811.5461 35.9229 6.9350
v  811.8462 35.9229 6.6350
v  811.6238 36.0007 6.7128
v  812.0684 36.0007 6.7128
v  812.1461 35.9229 6.9350
v  812.0684 36.0007 7.1573
v  811.8462 36.6229 6.9350
v  811.5461 36.5229 6.9350
v  811.6238 36.4451 7.1573
v  811.8462 36.5229 7.2350
v  812.1461 36.5229 6.9350
v  812.0684 36.4451 7.1573
v  812.0684 36.4451 6.7128
v  811.8462 36.5229 6.6350
v  811.6238 36.4451 6.7128
v  811.8462 36.2229 7.3350
v  811.5461 36.2229 7.2350
v  812.1461 36.2229 7.2350
v  812.2462 36.2229 6.9350
v  812.1461 36.2229 6.6350
v  811.8462 36.2229 6.5350
v  811.5461 36.2229 6.6350
v  811.4461 36.2229 6.9350
v  811.8333 37.5466 6.9611
v  811.8333 37.6466 7.2611
v  811.6111 37.7244 7.1834
v  811.5333 37.6466 6.9611
v  811.8334 37.6466 6.6611
v  811.6111 37.7244 6.7389
v  812.0556 37.7244 6.7389
v  812.1333 37.6466 6.9611
v  812.0556 37.7244 7.1834
v  811.8333 38.3466 6.9611
v  811.5333 38.2466 6.9611
v  811.6111 38.1689 7.1834
v  811.8333 38.2466 7.2611
v  812.1333 38.2466 6.9611
v  812.0556 38.1689 7.1834
v  812.0556 38.1689 6.7389
v  811.8334 38.2466 6.6611
v  811.6111 38.1689 6.7389
v  811.8333 37.9466 7.3611
v  811.5333 37.9466 7.2611
v  812.1333 37.9466 7.2611
v  812.2333 37.9466 6.9611
v  812.1333 37.9466 6.6611
v  811.8334 37.9466 6.5611
v  811.5333 37.9466 6.6611
v  811.4333 37.9466 6.9611
v  811.8199 39.2705 6.9840
v  811.8199 39.3705 7.2840
v  811.5977 39.4482 7.2062
v  811.5200 39.3705 6.9840
v  811.8199 39.3705 6.6840
v  811.5977 39.4482 6.7617
v  812.0422 39.4482 6.7617
v  812.1199 39.3705 6.9840
v  812.0422 39.4482 7.2062
v  811.8199 40.0705 6.9840
v  811.5200 39.9705 6.9840
v  811.5977 39.8927 7.2062
v  811.8199 39.9705 7.2840
v  812.1199 39.9705 6.9840
v  812.0422 39.8927 7.2062
v  812.0422 39.8927 6.7617
v  811.8199 39.9705 6.6840
v  811.5977 39.8927 6.7617
v  811.8199 39.6705 7.3840
v  811.5200 39.6705 7.2840
v  812.1199 39.6705 7.2840
v  812.2200 39.6705 6.9840
v  812.1199 39.6705 6.6840
v  811.8199 39.6705 6.5840
v  811.5200 39.6705 6.6840
v  811.4200 39.6705 6.9840
v  811.8063 40.9943 7.0041
v  811.8063 41.0943 7.3041
v  811.5841 41.1721 7.2263
v  811.5063 41.0943 7.0041
v  811.8063 41.0943 6.7041
v  811.5841 41.1721 6.7819
v  812.0286 41.1721 6.7819
v  812.1063 41.0943 7.0041
v  812.0286 41.1721 7.2263
v  811.8063 41.7943 7.0041
v  811.5063 41.6943 7.0041
v  811.5841 41.6165 7.2263
v  811.8063 41.6943 7.3041
v  812.1063 41.6943 7.0041
v  812.0286 41.6165 7.2263
v  812.0286 41.6165 6.7819
v  811.8063 41.6943 6.7041
v  811.5841 41.6165 6.7819
v  811.8063 41.3943 7.4041
v  811.5063 41.3943 7.3041
v  812.1063 41.3943 7.3041
v  812.2064 41.3943 7.0041
v  812.1063 41.3943 6.7041
v  811.8063 41.3943 6.6041
v  811.5063 41.3943 6.7041
v  811.4063 41.3943 7.0041
v  811.7925 42.7182 7.0211
v  811.7925 42.8182 7.3211
v  811.5703 42.8960 7.2434
v  811.4926 42.8182 7.0211
v  811.7925 42.8182 6.7211
v  811.5703 42.8960 6.7989
v  812.0148 42.8960 6.7989
v  812.0925 42.8182 7.0211
v  812.0148 42.8960 7.2434
v  811.7925 43.5182 7.0211
v  811.4926 43.4182 7.0211
v  811.5703 43.3404 7.2434
v  811.7925 43.4182 7.3211
v  812.0925 43.4182 7.0211
v  812.0148 43.3404 7.2434
v  812.0148 43.3404 6.7989
v  811.7925 43.4182 6.7211
v  811.5703 43.3404 6.7989
v  811.7925 43.1182 7.4211
v  811.4926 43.1182 7.3211
v  812.0925 43.1182 7.3211
v  812.1925 43.1182 7.0211
v  812.0925 43.1182 6.7211
v  811.7925 43.1182 6.6211
v  811.4926 43.1182 6.7211
v  811.3925 43.1182 7.0211
v  811.7788 44.4422 7.0359
v  811.7788 44.5421 7.3359
v  811.5566 44.6199 7.2581
v  811.4788 44.5421 7.0359
v  811.7788 44.5421 6.7359
v  811.5566 44.6199 6.8137
v  812.0010 44.6199 6.8137
v  812.0789 44.5421 7.0359
v  812.0010 44.6199 7.2581
v  811.7788 45.2422 7.0359
v  811.4788 45.1422 7.0359
v  811.5566 45.0644 7.2581
v  811.7788 45.1422 7.3359
v  812.0789 45.1422 7.0359
v  812.0010 45.0644 7.2581
v  812.0010 45.0644 6.8137
v  811.7788 45.1422 6.7359
v  811.5566 45.0644 6.8137
v  811.7788 44.8421 7.4359
v  811.4788 44.8421 7.3359
v  812.0789 44.8421 7.3359
v  812.1788 44.8421 7.0359
v  812.0789 44.8421 6.7359
v  811.7788 44.8421 6.6359
v  811.4788 44.8421 6.7359
v  811.3788 44.8421 7.0359
v  811.7648 46.1660 7.0484
v  811.7648 46.2660 7.3484
v  811.5426 46.3438 7.2706
v  811.4649 46.2660 7.0484
v  811.7648 46.2660 6.7484
v  811.5426 46.3438 6.8262
v  811.9871 46.3438 6.8262
v  812.0648 46.2660 7.0484
v  811.9871 46.3438 7.2706
v  811.7648 46.9660 7.0484
v  811.4649 46.8660 7.0484
v  811.5426 46.7882 7.2706
v  811.7648 46.8660 7.3484
v  812.0648 46.8660 7.0484
v  811.9871 46.7882 7.2706
v  811.9871 46.7882 6.8262
v  811.7648 46.8660 6.7484
v  811.5426 46.7882 6.8262
v  811.7648 46.5660 7.4484
v  811.4649 46.5660 7.3484
v  812.0648 46.5660 7.3484
v  812.1649 46.5660 7.0484
v  812.0648 46.5660 6.7484
v  811.7648 46.5660 6.6484
v  811.4649 46.5660 6.7484
v  811.3649 46.5660 7.0484
v  811.7504 47.8900 7.0585
v  811.7504 47.9900 7.3585
v  811.5281 48.0678 7.2807
v  811.4504 47.9900 7.0585
v  811.7504 47.9900 6.7585
v  811.5281 48.0678 6.8363
v  811.9726 48.0678 6.8363
v  812.0504 47.9900 7.0585
v  811.9726 48.0678 7.2807
v  811.7504 48.6900 7.0585
v  811.4504 48.5900 7.0585
v  811.5281 48.5122 7.2807
v  811.7504 48.5900 7.3585
v  812.0504 48.5900 7.0585
v  811.9726 48.5122 7.2807
v  811.9726 48.5122 6.8363
v  811.7504 48.5900 6.7585
v  811.5281 48.5122 6.8363
v  811.7504 48.2900 7.4585
v  811.4504 48.2900 7.3585
v  812.0504 48.2900 7.3585
v  812.1504 48.2900 7.0585
v  812.0504 48.2900 6.7585
v  811.7504 48.2900 6.6585
v  811.4504 48.2900 6.7585
v  811.3503 48.2900 7.0585
v  811.7364 49.6139 7.0666
v  811.7364 49.7139 7.3666
v  811.5142 49.7917 7.2888
v  811.4363 49.7139 7.0666
v  811.7364 49.7139 6.7666
v  811.5142 49.7917 6.8444
v  811.9586 49.7917 6.8444
v  812.0363 49.7139 7.0666
v  811.9586 49.7917 7.2888
v  811.7364 50.4139 7.0666
v  811.4363 50.3139 7.0666
v  811.5142 50.2361 7.2888
v  811.7364 50.3139 7.3666
v  812.0363 50.3139 7.0666
v  811.9586 50.2361 7.2888
v  811.9586 50.2361 6.8444
v  811.7364 50.3139 6.7666
v  811.5142 50.2361 6.8444
v  811.7364 50.0139 7.4666
v  811.4363 50.0139 7.3666
v  812.0363 50.0139 7.3666
v  812.1364 50.0139 7.0666
v  812.0363 50.0139 6.7666
v  811.7364 50.0139 6.6666
v  811.4363 50.0139 6.7666
v  811.3363 50.0139 7.0666
v  811.7219 51.3378 7.0729
v  811.7219 51.4379 7.3729
v  811.4997 51.5156 7.2951
v  811.4219 51.4379 7.0729
v  811.7219 51.4379 6.7729
v  811.4997 51.5156 6.8507
v  811.9441 51.5156 6.8507
v  812.0219 51.4379 7.0729
v  811.9441 51.5156 7.2951
v  811.7219 52.1379 7.0729
v  811.4219 52.0379 7.0729
v  811.4997 51.9601 7.2951
v  811.7219 52.0379 7.3729
v  812.0219 52.0379 7.0729
v  811.9441 51.9601 7.2951
v  811.9441 51.9601 6.8507
v  811.7219 52.0379 6.7729
v  811.4997 51.9601 6.8507
v  811.7219 51.7379 7.4729
v  811.4219 51.7379 7.3729
v  812.0219 51.7379 7.3729
v  812.1219 51.7379 7.0729
v  812.0219 51.7379 6.7729
v  811.7219 51.7379 6.6729
v  811.4219 51.7379 6.7729
v  811.3219 51.7379 7.0729
v  811.7073 53.0618 7.0770
v  811.7073 53.1618 7.3770
v  811.4851 53.2396 7.2993
v  811.4073 53.1618 7.0770
v  811.7073 53.1618 6.7770
v  811.4851 53.2396 6.8548
v  811.9296 53.2396 6.8548
v  812.0073 53.1618 7.0770
v  811.9296 53.2396 7.2993
v  811.7073 53.8618 7.0770
v  811.4073 53.7618 7.0770
v  811.4851 53.6840 7.2993
v  811.7073 53.7618 7.3770
v  812.0073 53.7618 7.0770
v  811.9296 53.6840 7.2993
v  811.9296 53.6840 6.8548
v  811.7073 53.7618 6.7770
v  811.4851 53.6840 6.8548
v  811.7073 53.4618 7.4770
v  811.4073 53.4618 7.3770
v  812.0073 53.4618 7.3770
v  812.1074 53.4618 7.0770
v  812.0073 53.4618 6.7770
v  811.7073 53.4618 6.6770
v  811.4073 53.4618 6.7770
v  811.3073 53.4618 7.0770
v  811.6926 54.7858 7.0796
v  811.6926 54.8858 7.3796
v  811.4704 54.9636 7.3019
v  811.3927 54.8858 7.0796
v  811.6926 54.8858 6.7796
v  811.4704 54.9636 6.8574
v  811.9149 54.9636 6.8574
v  811.9927 54.8858 7.0796
v  811.9149 54.9636 7.3019
v  811.6926 55.5858 7.0796
v  811.3927 55.4858 7.0796
v  811.4704 55.4080 7.3019
v  811.6926 55.4858 7.3796
v  811.9927 55.4858 7.0796
v  811.9149 55.4080 7.3019
v  811.9149 55.4080 6.8574
v  811.6926 55.4858 6.7796
v  811.4704 55.4080 6.8574
v  811.6926 55.1858 7.4796
v  811.3927 55.1858 7.3796
v  811.9927 55.1858 7.3796
v  812.0927 55.1858 7.0796
v  811.9927 55.1858 6.7796
v  811.6926 55.1858 6.6796
v  811.3927 55.1858 6.7796
v  811.2927 55.1858 7.0796
v  811.6779 56.5097 7.0806
v  811.6779 56.6097 7.3806
v  811.4557 56.6875 7.3028
v  811.3779 56.6097 7.0806
v  811.6779 56.6097 6.7806
v  811.4557 56.6875 6.8584
v  811.9001 56.6875 6.8584
v  811.9778 56.6097 7.0806
v  811.9001 56.6875 7.3028
v  811.6779 57.3097 7.0806
v  811.3779 57.2097 7.0806
v  811.4557 57.1319 7.3028
v  811.6779 57.2097 7.3806
v  811.9778 57.2097 7.0806
v  811.9001 57.1319 7.3028
v  811.9001 57.1319 6.8584
v  811.6779 57.2097 6.7806
v  811.4557 57.1319 6.8584
v  811.6779 56.9097 7.4806
v  811.3779 56.9097 7.3806
v  811.9778 56.9097 7.3806
v  812.0779 56.9097 7.0806
v  811.9778 56.9097 6.7806
v  811.6779 56.9097 6.6806
v  811.3779 56.9097 6.7806
v  811.2779 56.9097 7.0806
v  811.6628 58.2337 7.0801
v  811.6628 58.3337 7.3801
v  811.4406 58.4115 7.3023
v  811.3629 58.3337 7.0801
v  811.6628 58.3337 6.7801
v  811.4406 58.4115 6.8578
v  811.8851 58.4115 6.8578
v  811.9628 58.3337 7.0801
v  811.8851 58.4115 7.3023
v  811.6628 59.0337 7.0801
v  811.3629 58.9337 7.0801
v  811.4406 58.8559 7.3023
v  811.6628 58.9337 7.3801
v  811.9628 58.9337 7.0801
v  811.8851 58.8559 7.3023
v  811.8851 58.8559 6.8578
v  811.6628 58.9337 6.7801
v  811.4406 58.8559 6.8578
v  811.6628 58.6337 7.4801
v  811.3629 58.6337 7.3801
v  811.9628 58.6337 7.3801
v  812.0629 58.6337 7.0801
v  811.9628 58.6337 6.7801
v  811.6628 58.6337 6.6801
v  811.3629 58.6337 6.7801
v  811.2628 58.6337 7.0801
v  811.6477 59.9577 7.0782
v  811.6477 60.0577 7.3782
v  811.4255 60.1355 7.3004
v  811.3477 60.0577 7.0782
v  811.6477 60.0577 6.7782
v  811.4255 60.1355 6.8559
v  811.8699 60.1355 6.8559
v  811.9476 60.0577 7.0782
v  811.8699 60.1355 7.3004
v  811.6477 60.7577 7.0782
v  811.3477 60.6577 7.0782
v  811.4255 60.5799 7.3004
v  811.6477 60.6577 7.3782
v  811.9476 60.6577 7.0782
v  811.8699 60.5799 7.3004
v  811.8699 60.5799 6.8559
v  811.6477 60.6577 6.7782
v  811.4255 60.5799 6.8559
v  811.6477 60.3577 7.4782
v  811.3477 60.3577 7.3782
v  811.9476 60.3577 7.3782
v  812.0477 60.3577 7.0782
v  811.9476 60.3577 6.7782
v  811.6477 60.3577 6.6782
v  811.3477 60.3577 6.7782
v  811.2476 60.3577 7.0782
v  811.6324 61.6816 7.0750
v  811.6324 61.7816 7.3750
v  811.4102 61.8594 7.2973
v  811.3324 61.7816 7.0750
v  811.6324 61.7816 6.7750
v  811.4102 61.8594 6.8528
v  811.8547 61.8594 6.8528
v  811.9325 61.7816 7.0750
v  811.8547 61.8594 7.2973
v  811.6324 62.4816 7.0750
v  811.3324 62.3816 7.0750
v  811.4102 62.3038 7.2973
v  811.6324 62.3816 7.3750
v  811.9325 62.3816 7.0750
v  811.8547 62.3038 7.2973
v  811.8547 62.3038 6.8528
v  811.6324 62.3816 6.7750
v  811.4102 62.3038 6.8528
v  811.6324 62.0816 7.4750
v  811.3324 62.0816 7.3750
v  811.9325 62.0816 7.3750
v  812.0325 62.0816 7.0750
v  811.9325 62.0816 6.7750
v  811.6324 62.0816 6.6750
v  811.3324 62.0816 6.7750
v  811.2325 62.0816 7.0750
v  811.6175 63.4055 7.0702
v  811.6175 63.5055 7.3702
v  811.3953 63.5833 7.2925
v  811.3174 63.5055 7.0702
v  811.6175 63.5055 6.7702
v  811.3953 63.5833 6.8480
v  811.8397 63.5833 6.8480
v  811.9175 63.5055 7.0702
v  811.8397 63.5833 7.2925
v  811.6175 64.2055 7.0702
v  811.3174 64.1055 7.0702
v  811.3953 64.0277 7.2925
v  811.6175 64.1055 7.3702
v  811.9175 64.1055 7.0702
v  811.8397 64.0277 7.2925
v  811.8397 64.0277 6.8480
v  811.6175 64.1055 6.7702
v  811.3953 64.0277 6.8480
v  811.6175 63.8055 7.4702
v  811.3174 63.8055 7.3702
v  811.9175 63.8055 7.3702
v  812.0175 63.8055 7.0702
v  811.9175 63.8055 6.7702
v  811.6175 63.8055 6.6702
v  811.3174 63.8055 6.7702
v  811.2175 63.8055 7.0702
v  811.6021 65.1295 7.0644
v  811.6021 65.2295 7.3644
v  811.3797 65.3073 7.2866
v  811.3020 65.2295 7.0644
v  811.6021 65.2295 6.7644
v  811.3797 65.3073 6.8422
v  811.8242 65.3073 6.8422
v  811.9020 65.2295 7.0644
v  811.8242 65.3073 7.2866
v  811.6021 65.9295 7.0644
v  811.3020 65.8295 7.0644
v  811.3797 65.7517 7.2866
v  811.6021 65.8295 7.3644
v  811.9020 65.8295 7.0644
v  811.8242 65.7517 7.2866
v  811.8242 65.7517 6.8422
v  811.6021 65.8295 6.7644
v  811.3797 65.7517 6.8422
v  811.6021 65.5295 7.4644
v  811.3020 65.5295 7.3644
v  811.9020 65.5295 7.3644
v  812.0020 65.5295 7.0644
v  811.9020 65.5295 6.7644
v  811.6021 65.5295 6.6644
v  811.3020 65.5295 6.7644
v  811.2020 65.5295 7.0644
v  811.5863 66.8535 7.0572
v  811.5863 66.9535 7.3572
v  811.3641 67.0313 7.2795
v  811.2863 66.9535 7.0572
v  811.5863 66.9535 6.7572
v  811.3641 67.0313 6.8350
v  811.8085 67.0313 6.8350
v  811.8863 66.9535 7.0572
v  811.8085 67.0313 7.2795
v  811.5863 67.6535 7.0572
v  811.2863 67.5535 7.0572
v  811.3641 67.4757 7.2795
v  811.5863 67.5535 7.3572
v  811.8863 67.5535 7.0572
v  811.8085 67.4757 7.2795
v  811.8085 67.4757 6.8350
v  811.5863 67.5535 6.7572
v  811.3641 67.4757 6.8350
v  811.5863 67.2535 7.4572
v  811.2863 67.2535 7.3572
v  811.8863 67.2535 7.3572
v  811.9863 67.2535 7.0572
v  811.8863 67.2535 6.7572
v  811.5863 67.2535 6.6572
v  811.2863 67.2535 6.7572
v  811.1862 67.2535 7.0572
v  811.5709 68.5774 7.0491
v  811.5709 68.6774 7.3491
v  811.3488 68.7552 7.2714
v  811.2710 68.6774 7.0491
v  811.5709 68.6774 6.7491
v  811.3488 68.7552 6.8269
v  811.7932 68.7552 6.8269
v  811.8710 68.6774 7.0491
v  811.7932 68.7552 7.2714
v  811.5709 69.3774 7.0491
v  811.2710 69.2774 7.0491
v  811.3488 69.1996 7.2714
v  811.5709 69.2774 7.3491
v  811.8710 69.2774 7.0491
v  811.7932 69.1996 7.2714
v  811.7932 69.1996 6.8269
v  811.5709 69.2774 6.7491
v  811.3488 69.1996 6.8269
v  811.5709 68.9774 7.4491
v  811.2710 68.9774 7.3491
v  811.8710 68.9774 7.3491
v  811.9710 68.9774 7.0491
v  811.8710 68.9774 6.7491
v  811.5709 68.9774 6.6491
v  811.2710 68.9774 6.7491
v  811.1710 68.9774 7.0491
v  811.5555 70.3013 7.0402
v  811.5555 70.4013 7.3402
v  811.3333 70.4791 7.2624
v  811.2556 70.4013 7.0402
v  811.5555 70.4013 6.7402
v  811.3333 70.4791 6.8180
v  811.7777 70.4791 6.8180
v  811.8555 70.4013 7.0402
v  811.7777 70.4791 7.2624
v  811.5555 71.1013 7.0402
v  811.2554 71.0013 7.0402
v  811.3333 70.9235 7.2624
v  811.5555 71.0013 7.3402
v  811.8555 71.0013 7.0402
v  811.7777 70.9235 7.2624
v  811.7777 70.9235 6.8180
v  811.5555 71.0013 6.7402
v  811.3333 70.9235 6.8180
v  811.5555 70.7013 7.4402
v  811.2554 70.7013 7.3402
v  811.8555 70.7013 7.3402
v  811.9554 70.7013 7.0402
v  811.8555 70.7013 6.7402
v  811.5555 70.7013 6.6402
v  811.2556 70.7013 6.7402
v  811.1555 70.7013 7.0402
v  811.5399 72.0253 7.0296
v  811.5399 72.1253 7.3296
v  811.3176 72.2030 7.2518
v  811.2398 72.1253 7.0296
v  811.5399 72.1253 6.7296
v  811.3176 72.2030 6.8074
v  811.7620 72.2030 6.8074
v  811.8398 72.1253 7.0296
v  811.7620 72.2030 7.2518
v  811.5399 72.8253 7.0296
v  811.2398 72.7253 7.0296
v  811.3176 72.6475 7.2518
v  811.5399 72.7253 7.3296
v  811.8398 72.7253 7.0296
v  811.7620 72.6475 7.2518
v  811.7620 72.6475 6.8074
v  811.5399 72.7253 6.7296
v  811.3176 72.6475 6.8074
v  811.5399 72.4253 7.4296
v  811.2398 72.4253 7.3296
v  811.8398 72.4253 7.3296
v  811.9398 72.4253 7.0296
v  811.8398 72.4253 6.7296
v  811.5399 72.4253 6.6296
v  811.2398 72.4253 6.7296
v  811.1398 72.4253 7.0296
v  811.5243 73.7491 7.0184
v  811.5243 73.8491 7.3184
v  811.3021 73.9269 7.2406
v  811.2242 73.8491 7.0184
v  811.5243 73.8491 6.7184
v  811.3021 73.9269 6.7962
v  811.7465 73.9269 6.7962
v  811.8243 73.8491 7.0184
v  811.7465 73.9269 7.2406
v  811.5243 74.5491 7.0184
v  811.2242 74.4491 7.0184
v  811.3021 74.3714 7.2406
v  811.5243 74.4491 7.3184
v  811.8243 74.4491 7.0184
v  811.7465 74.3714 7.2406
v  811.7465 74.3714 6.7962
v  811.5243 74.4491 6.7184
v  811.3021 74.3714 6.7962
v  811.5243 74.1491 7.4184
v  811.2242 74.1491 7.3184
v  811.8243 74.1491 7.3184
v  811.9243 74.1491 7.0184
v  811.8243 74.1491 6.7184
v  811.5243 74.1491 6.6184
v  811.2242 74.1491 6.7184
v  811.1243 74.1491 7.0184
v  811.5082 75.4730 7.0063
v  811.5082 75.5730 7.3063
v  811.2859 75.6508 7.2285
v  811.2083 75.5730 7.0063
v  811.5082 75.5730 6.7063
v  811.2859 75.6508 6.7841
v  811.7304 75.6508 6.7841
v  811.8082 75.5730 7.0063
v  811.7304 75.6508 7.2285
v  811.5082 76.2730 7.0063
v  811.2083 76.1730 7.0063
v  811.2859 76.0952 7.2285
v  811.5082 76.1730 7.3063
v  811.8082 76.1730 7.0063
v  811.7304 76.0952 7.2285
v  811.7304 76.0952 6.7841
v  811.5082 76.1730 6.7063
v  811.2859 76.0952 6.7841
v  811.5082 75.8730 7.4063
v  811.2083 75.8730 7.3063
v  811.8082 75.8730 7.3063
v  811.9083 75.8730 7.0063
v  811.8082 75.8730 6.7063
v  811.5082 75.8730 6.6063
v  811.2083 75.8730 6.7063
v  811.1082 75.8730 7.0063
v  811.4926 77.1969 6.9933
v  811.4926 77.2969 7.2933
v  811.2703 77.3747 7.2155
v  811.1925 77.2969 6.9933
v  811.4926 77.2969 6.6933
v  811.2703 77.3747 6.7710
v  811.7147 77.3747 6.7710
v  811.7925 77.2969 6.9933
v  811.7147 77.3747 7.2155
v  811.4926 77.9969 6.9933
v  811.1925 77.8969 6.9933
v  811.2703 77.8192 7.2155
v  811.4926 77.8969 7.2933
v  811.7925 77.8969 6.9933
v  811.7147 77.8192 7.2155
v  811.7147 77.8192 6.7710
v  811.4926 77.8969 6.6933
v  811.2703 77.8192 6.7710
v  811.4926 77.5969 7.3933
v  811.1925 77.5969 7.2933
v  811.7925 77.5969 7.2933
v  811.8925 77.5969 6.9933
v  811.7925 77.5969 6.6933
v  811.4926 77.5969 6.5933
v  811.1925 77.5969 6.6933
v  811.0926 77.5969 6.9933
v  811.4766 78.9209 6.9793
v  811.4766 79.0209 7.2793
v  811.2544 79.0986 7.2015
v  811.1766 79.0209 6.9793
v  811.4766 79.0209 6.6793
v  811.2544 79.0986 6.7570
v  811.6988 79.0986 6.7570
v  811.7766 79.0209 6.9793
v  811.6988 79.0986 7.2015
v  811.4766 79.7209 6.9793
v  811.1766 79.6209 6.9793
v  811.2544 79.5431 7.2015
v  811.4766 79.6209 7.2793
v  811.7766 79.6209 6.9793
v  811.6988 79.5431 7.2015
v  811.6988 79.5431 6.7570
v  811.4766 79.6209 6.6793
v  811.2544 79.5431 6.7570
v  811.4766 79.3209 7.3793
v  811.1766 79.3209 7.2793
v  811.7766 79.3209 7.2793
v  811.8766 79.3209 6.9793
v  811.7766 79.3209 6.6793
v  811.4766 79.3209 6.5793
v  811.1766 79.3209 6.6793
v  811.0765 79.3209 6.9793
v  811.4607 80.6447 6.9645
v  811.4607 80.7447 7.2645
v  811.2385 80.8225 7.1868
v  811.1606 80.7447 6.9645
v  811.4607 80.7447 6.6645
v  811.2385 80.8225 6.7423
v  811.6829 80.8225 6.7423
v  811.7607 80.7447 6.9645
v  811.6829 80.8225 7.1868
v  811.4607 81.4447 6.9645
v  811.1606 81.3447 6.9645
v  811.2385 81.2669 7.1868
v  811.4607 81.3447 7.2645
v  811.7607 81.3447 6.9645
v  811.6829 81.2669 7.1868
v  811.6829 81.2669 6.7423
v  811.4607 81.3447 6.6645
v  811.2385 81.2669 6.7423
v  811.4607 81.0447 7.3645
v  811.1606 81.0447 7.2645
v  811.7607 81.0447 7.2645
v  811.8607 81.0447 6.9645
v  811.7607 81.0447 6.6645
v  811.4607 81.0447 6.5645
v  811.1606 81.0447 6.6645
v  811.0606 81.0447 6.9645
v  811.4448 82.3686 6.9489
v  811.4448 82.4686 7.2489
v  811.2227 82.5464 7.1712
v  811.1449 82.4686 6.9489
v  811.4448 82.4686 6.6489
v  811.2227 82.5464 6.7267
v  811.6671 82.5464 6.7267
v  811.7449 82.4686 6.9489
v  811.6671 82.5464 7.1712
v  811.4448 83.1686 6.9489
v  811.1449 83.0686 6.9489
v  811.2227 82.9908 7.1712
v  811.4448 83.0686 7.2489
v  811.7449 83.0686 6.9489
v  811.6671 82.9908 7.1712
v  811.6671 82.9908 6.7267
v  811.4448 83.0686 6.6489
v  811.2227 82.9908 6.7267
v  811.4448 82.7686 7.3489
v  811.1449 82.7686 7.2489
v  811.7449 82.7686 7.2489
v  811.8449 82.7686 6.9489
v  811.7449 82.7686 6.6489
v  811.4448 82.7686 6.5489
v  811.1449 82.7686 6.6489
v  811.0449 82.7686 6.9489
v  811.4283 84.0925 6.9326
v  811.4283 84.1924 7.2326
v  811.2062 84.2702 7.1549
v  811.1284 84.1924 6.9326
v  811.4283 84.1924 6.6326
v  811.2062 84.2702 6.7104
v  811.6506 84.2702 6.7104
v  811.7284 84.1924 6.9326
v  811.6506 84.2702 7.1549
v  811.4283 84.8924 6.9326
v  811.1284 84.7924 6.9326
v  811.2062 84.7147 7.1549
v  811.4283 84.7924 7.2326
v  811.7284 84.7924 6.9326
v  811.6506 84.7147 7.1549
v  811.6506 84.7147 6.7104
v  811.4283 84.7924 6.6326
v  811.2062 84.7147 6.7104
v  811.4283 84.4924 7.3326
v  811.1284 84.4924 7.2326
v  811.7284 84.4924 7.2326
v  811.8284 84.4924 6.9326
v  811.7284 84.4924 6.6326
v  811.4283 84.4924 6.5326
v  811.1284 84.4924 6.6326
v  811.0284 84.4924 6.9326
v  811.4125 85.8163 6.9155
v  811.4125 85.9163 7.2155
v  811.1902 85.9941 7.1378
v  811.1125 85.9163 6.9155
v  811.4125 85.9163 6.6155
v  811.1902 85.9941 6.6933
v  811.6347 85.9941 6.6933
v  811.7125 85.9163 6.9155
v  811.6347 85.9941 7.1378
v  811.4125 86.6163 6.9155
v  811.1125 86.5163 6.9155
v  811.1902 86.4385 7.1378
v  811.4125 86.5163 7.2155
v  811.7125 86.5163 6.9155
v  811.6347 86.4385 7.1378
v  811.6347 86.4385 6.6933
v  811.4125 86.5163 6.6155
v  811.1902 86.4385 6.6933
v  811.4125 86.2163 7.3155
v  811.1125 86.2163 7.2155
v  811.7125 86.2163 7.2155
v  811.8125 86.2163 6.9155
v  811.7125 86.2163 6.6155
v  811.4125 86.2163 6.5155
v  811.1125 86.2163 6.6155
v  811.0125 86.2163 6.9155
v  811.3965 87.5402 6.8978
v  811.3965 87.6402 7.1978
v  811.1743 87.7180 7.1200
v  811.0965 87.6402 6.8978
v  811.3965 87.6402 6.5978
v  811.1743 87.7180 6.6756
v  811.6187 87.7180 6.6756
v  811.6965 87.6402 6.8978
v  811.6187 87.7180 7.1200
v  811.3965 88.3402 6.8978
v  811.0965 88.2402 6.8978
v  811.1743 88.1624 7.1200
v  811.3965 88.2402 7.1978
v  811.6965 88.2402 6.8978
v  811.6187 88.1624 7.1200
v  811.6187 88.1624 6.6756
v  811.3965 88.2402 6.5978
v  811.1743 88.1624 6.6756
v  811.3965 87.9402 7.2978
v  811.0965 87.9402 7.1978
v  811.6965 87.9402 7.1978
v  811.7964 87.9402 6.8978
v  811.6965 87.9402 6.5978
v  811.3965 87.9402 6.4978
v  811.0965 87.9402 6.5978
v  810.9965 87.9402 6.8978
v  811.3800 89.2640 6.8795
v  811.3800 89.3640 7.1795
v  811.1578 89.4418 7.1018
v  811.0800 89.3640 6.8795
v  811.3800 89.3640 6.5795
v  811.1578 89.4418 6.6573
v  811.6022 89.4418 6.6573
v  811.6799 89.3640 6.8795
v  811.6022 89.4418 7.1018
v  811.3800 90.0640 6.8795
v  811.0800 89.9640 6.8795
v  811.1578 89.8862 7.1018
v  811.3800 89.9640 7.1795
v  811.6799 89.9640 6.8795
v  811.6022 89.8862 7.1018
v  811.6022 89.8862 6.6573
v  811.3800 89.9640 6.5795
v  811.1578 89.8862 6.6573
v  811.3800 89.6640 7.2795
v  811.0800 89.6640 7.1795
v  811.6799 89.6640 7.1795
v  811.7800 89.6640 6.8795
v  811.6799 89.6640 6.5795
v  811.3800 89.6640 6.4795
v  811.0800 89.6640 6.5795
v  810.9799 89.6640 6.8795
v  811.3636 90.9878 6.8603
v  811.3636 91.0879 7.1603
v  811.1414 91.1656 7.0826
v  811.0636 91.0879 6.8603
v  811.3636 91.0879 6.5603
v  811.1414 91.1656 6.6381
v  811.5858 91.1656 6.6381
v  811.6636 91.0879 6.8603
v  811.5858 91.1656 7.0826
v  811.3636 91.7878 6.8603
v  811.0636 91.6879 6.8603
v  811.1414 91.6101 7.0826
v  811.3636 91.6879 7.1603
v  811.6636 91.6879 6.8603
v  811.5858 91.6101 7.0826
v  811.5858 91.6101 6.6381
v  811.3636 91.6879 6.5603
v  811.1414 91.6101 6.6381
v  811.3636 91.3879 7.2603
v  811.0636 91.3879 7.1603
v  811.6636 91.3879 7.1603
v  811.7635 91.3879 6.8603
v  811.6636 91.3879 6.5603
v  811.3636 91.3879 6.4603
v  811.0636 91.3879 6.5603
v  810.9636 91.3879 6.8603
v  811.3474 92.7117 6.8406
v  811.3474 92.8117 7.1406
v  811.1252 92.8895 7.0628
v  811.0474 92.8117 6.8406
v  811.3474 92.8117 6.5406
v  811.1252 92.8895 6.6184
v  811.5696 92.8895 6.6184
v  811.6474 92.8117 6.8406
v  811.5696 92.8895 7.0628
v  811.3474 93.5117 6.8406
v  811.0474 93.4117 6.8406
v  811.1252 93.3339 7.0628
v  811.3474 93.4117 7.1406
v  811.6474 93.4117 6.8406
v  811.5696 93.3339 7.0628
v  811.5696 93.3339 6.6184
v  811.3474 93.4117 6.5406
v  811.1252 93.3339 6.6184
v  811.3474 93.1117 7.2406
v  811.0474 93.1117 7.1406
v  811.6474 93.1117 7.1406
v  811.7474 93.1117 6.8406
v  811.6474 93.1117 6.5406
v  811.3474 93.1117 6.4406
v  811.0474 93.1117 6.5406
v  810.9474 93.1117 6.8406
v  811.3308 94.4355 6.8203
v  811.3308 94.5355 7.1203
v  811.1086 94.6133 7.0426
v  811.0309 94.5355 6.8203
v  811.3308 94.5355 6.5203
v  811.1086 94.6133 6.5981
v  811.5530 94.6133 6.5981
v  811.6308 94.5355 6.8203
v  811.5530 94.6133 7.0426
v  811.3308 95.2355 6.8203
v  811.0309 95.1355 6.8203
v  811.1086 95.0577 7.0426
v  811.3308 95.1355 7.1203
v  811.6308 95.1355 6.8203
v  811.5530 95.0577 7.0426
v  811.5530 95.0577 6.5981
v  811.3308 95.1355 6.5203
v  811.1086 95.0577 6.5981
v  811.3308 94.8355 7.2203
v  811.0309 94.8355 7.1203
v  811.6308 94.8355 7.1203
v  811.7308 94.8355 6.8203
v  811.6308 94.8355 6.5203
v  811.3308 94.8355 6.4203
v  811.0309 94.8355 6.5203
v  810.9308 94.8355 6.8203
v  811.3145 96.1593 6.7995
v  811.3145 96.2593 7.0995
v  811.0922 96.3371 7.0217
v  811.0145 96.2593 6.7995
v  811.3145 96.2593 6.4995
v  811.0922 96.3371 6.5772
v  811.5367 96.3371 6.5772
v  811.6144 96.2593 6.7995
v  811.5367 96.3371 7.0217
v  811.3145 96.9593 6.7995
v  811.0145 96.8593 6.7995
v  811.0922 96.7816 7.0217
v  811.3145 96.8593 7.0995
v  811.6144 96.8593 6.7995
v  811.5367 96.7816 7.0217
v  811.5367 96.7816 6.5772
v  811.3145 96.8593 6.4995
v  811.0922 96.7816 6.5772
v  811.3145 96.5593 7.1995
v  811.0145 96.5593 7.0995
v  811.6144 96.5593 7.0995
v  811.7145 96.5593 6.7995
v  811.6144 96.5593 6.4995
v  811.3145 96.5593 6.3995
v  811.0145 96.5593 6.4995
v  810.9144 96.5593 6.7995
v  811.2981 97.8832 6.7779
v  811.2981 97.9832 7.0779
v  811.0759 98.0610 7.0001
v  810.9980 97.9832 6.7779
v  811.2981 97.9832 6.4779
v  811.0759 98.0610 6.5556
v  811.5203 98.0610 6.5556
v  811.5981 97.9832 6.7779
v  811.5203 98.0610 7.0001
v  811.2981 98.6832 6.7779
v  810.9980 98.5832 6.7779
v  811.0759 98.5054 7.0001
v  811.2981 98.5832 7.0779
v  811.5981 98.5832 6.7779
v  811.5203 98.5054 7.0001
v  811.5203 98.5054 6.5556
v  811.2981 98.5832 6.4779
v  811.0759 98.5054 6.5556
v  811.2981 98.2832 7.1779
v  810.9980 98.2832 7.0779
v  811.5981 98.2832 7.0779
v  811.6981 98.2832 6.7779
v  811.5981 98.2832 6.4779
v  811.2981 98.2832 6.3779
v  810.9980 98.2832 6.4779
v  810.8981 98.2832 6.7779
v  811.2815 99.6070 6.7559
v  811.2815 99.7070 7.0559
v  811.0593 99.7848 6.9781
v  810.9816 99.7070 6.7559
v  811.2816 99.7070 6.4559
v  811.0593 99.7848 6.5337
v  811.5038 99.7848 6.5337
v  811.5815 99.7070 6.7559
v  811.5038 99.7848 6.9781
v  811.2815 100.4070 6.7559
v  810.9816 100.3070 6.7559
v  811.0593 100.2292 6.9781
v  811.2815 100.3070 7.0559
v  811.5815 100.3070 6.7559
v  811.5038 100.2292 6.9781
v  811.5038 100.2292 6.5337
v  811.2816 100.3070 6.4559
v  811.0593 100.2292 6.5337
v  811.2815 100.0070 7.1559
v  810.9816 100.0070 7.0559
v  811.5815 100.0070 7.0559
v  811.6816 100.0070 6.7559
v  811.5815 100.0070 6.4559
v  811.2815 100.0070 6.3559
v  810.9816 100.0070 6.4559
v  810.8815 100.0070 6.7559
v  811.2653 101.3308 6.7334
v  811.2653 101.4308 7.0334
v  811.0431 101.5086 6.9557
v  810.9653 101.4308 6.7334
v  811.2653 101.4308 6.4334
v  811.0431 101.5086 6.5112
v  811.4875 101.5086 6.5112
v  811.5653 101.4308 6.7334
v  811.4875 101.5086 6.9557
v  811.2653 102.1308 6.7334
v  810.9653 102.0308 6.7334
v  811.0431 101.9530 6.9557
v  811.2653 102.0308 7.0334
v  811.5653 102.0308 6.7334
v  811.4875 101.9530 6.9557
v  811.4875 101.9530 6.5112
v  811.2653 102.0308 6.4334
v  811.0431 101.9530 6.5112
v  811.2653 101.7308 7.1334
v  810.9653 101.7308 7.0334
v  811.5653 101.7308 7.0334
v  811.6653 101.7308 6.7334
v  811.5653 101.7308 6.4334
v  811.2653 101.7308 6.3334
v  810.9653 101.7308 6.4334
v  810.8653 101.7308 6.7334
v  811.2490 103.0546 6.7105
v  811.2490 103.1545 7.0105
v  811.0267 103.2323 6.9328
v  810.9490 103.1545 6.7105
v  811.2490 103.1545 6.4105
v  811.0267 103.2323 6.4883
v  811.4712 103.2323 6.4883
v  811.5489 103.1545 6.7105
v  811.4712 103.2323 6.9328
v  811.2490 103.8546 6.7105
v  810.9490 103.7546 6.7105
v  811.0267 103.6768 6.9328
v  811.2490 103.7546 7.0105
v  811.5489 103.7546 6.7105
v  811.4712 103.6768 6.9328
v  811.4712 103.6768 6.4883
v  811.2490 103.7546 6.4105
v  811.0267 103.6768 6.4883
v  811.2490 103.4546 7.1105
v  810.9490 103.4546 7.0105
v  811.5489 103.4546 7.0105
v  811.6489 103.4546 6.7105
v  811.5489 103.4546 6.4105
v  811.2490 103.4546 6.3105
v  810.9490 103.4546 6.4105
v  810.8489 103.4546 6.7105
v  811.2321 104.7783 6.6869
v  811.2321 104.8783 6.9869
v  811.0099 104.9561 6.9092
v  810.9321 104.8783 6.6869
v  811.2321 104.8783 6.3869
v  811.0099 104.9561 6.4647
v  811.4543 104.9561 6.4647
v  811.5320 104.8783 6.6869
v  811.4543 104.9561 6.9092
v  811.2321 105.5783 6.6869
v  810.9321 105.4783 6.6869
v  811.0099 105.4006 6.9092
v  811.2321 105.4783 6.9869
v  811.5320 105.4783 6.6869
v  811.4543 105.4006 6.9092
v  811.4543 105.4006 6.4647
v  811.2321 105.4783 6.3869
v  811.0099 105.4006 6.4647
v  811.2321 105.1783 7.0869
v  810.9321 105.1783 6.9869
v  811.5320 105.1783 6.9869
v  811.6321 105.1783 6.6869
v  811.5320 105.1783 6.3869
v  811.2321 105.1783 6.2869
v  810.9321 105.1783 6.3869
v  810.8320 105.1783 6.6869
v  811.2152 106.5021 6.6630
v  811.2152 106.6021 6.9630
v  810.9930 106.6799 6.8852
v  810.9152 106.6021 6.6630
v  811.2152 106.6021 6.3630
v  810.9930 106.6799 6.4408
v  811.4374 106.6799 6.4408
v  811.5153 106.6021 6.6630
v  811.4374 106.6799 6.8852
v  811.2152 107.3021 6.6630
v  810.9152 107.2021 6.6630
v  810.9930 107.1243 6.8852
v  811.2152 107.2021 6.9630
v  811.5153 107.2021 6.6630
v  811.4374 107.1243 6.8852
v  811.4374 107.1243 6.4408
v  811.2152 107.2021 6.3630
v  810.9930 107.1243 6.4408
v  811.2152 106.9021 7.0630
v  810.9152 106.9021 6.9630
v  811.5153 106.9021 6.9630
v  811.6152 106.9021 6.6630
v  811.5153 106.9021 6.3630
v  811.2152 106.9021 6.2630
v  810.9152 106.9021 6.3630
v  810.8152 106.9021 6.6630
v  811.1988 108.2258 6.6385
v  811.1987 108.3258 6.9385
v  810.9765 108.4036 6.8607
v  810.8988 108.3258 6.6385
v  811.1988 108.3258 6.3385
v  810.9765 108.4036 6.4162
v  811.4210 108.4036 6.4162
v  811.4987 108.3258 6.6385
v  811.4210 108.4036 6.8607
v  811.1988 109.0258 6.6385
v  810.8988 108.9258 6.6385
v  810.9765 108.8481 6.8607
v  811.1987 108.9258 6.9385
v  811.4987 108.9258 6.6385
v  811.4210 108.8481 6.8607
v  811.4210 108.8481 6.4162
v  811.1987 108.9258 6.3385
v  810.9765 108.8481 6.4162
v  811.1987 108.6258 7.0385
v  810.8988 108.6258 6.9385
v  811.4987 108.6258 6.9385
v  811.5988 108.6258 6.6385
v  811.4987 108.6258 6.3385
v  811.1988 108.6258 6.2385
v  810.8988 108.6258 6.3385
v  810.7988 108.6258 6.6385
v  811.1822 109.9496 6.6138
v  811.1822 110.0496 6.9138
v  810.9600 110.1274 6.8360
v  810.8822 110.0496 6.6138
v  811.1822 110.0496 6.3138
v  810.9600 110.1274 6.3915
v  811.4044 110.1274 6.3915
v  811.4822 110.0496 6.6138
v  811.4044 110.1274 6.8360
v  811.1822 110.7496 6.6138
v  810.8822 110.6496 6.6138
v  810.9600 110.5718 6.8360
v  811.1822 110.6496 6.9138
v  811.4822 110.6496 6.6138
v  811.4044 110.5718 6.8360
v  811.4044 110.5718 6.3915
v  811.1822 110.6496 6.3138
v  810.9600 110.5718 6.3915
v  811.1822 110.3496 7.0138
v  810.8822 110.3496 6.9138
v  811.4822 110.3496 6.9138
v  811.5822 110.3496 6.6138
v  811.4822 110.3496 6.3138
v  811.1822 110.3496 6.2138
v  810.8822 110.3496 6.3138
v  810.7822 110.3496 6.6138
v  811.1652 111.6734 6.5884
v  811.1652 111.7734 6.8884
v  810.9429 111.8512 6.8106
v  810.8652 111.7734 6.5884
v  811.1652 111.7734 6.2884
v  810.9429 111.8512 6.3661
v  811.3875 111.8512 6.3661
v  811.4651 111.7734 6.5884
v  811.3875 111.8512 6.8106
v  811.1652 112.4734 6.5884
v  810.8652 112.3734 6.5884
v  810.9429 112.2956 6.8106
v  811.1652 112.3734 6.8884
v  811.4651 112.3734 6.5884
v  811.3875 112.2956 6.8106
v  811.3875 112.2956 6.3661
v  811.1652 112.3734 6.2884
v  810.9429 112.2956 6.3661
v  811.1652 112.0734 6.9884
v  810.8652 112.0734 6.8884
v  811.4651 112.0734 6.8884
v  811.5652 112.0734 6.5884
v  811.4651 112.0734 6.2884
v  811.1652 112.0734 6.1884
v  810.8652 112.0734 6.2884
v  810.7652 112.0734 6.5884
v  811.1486 113.3971 6.5627
v  811.1486 113.4971 6.8627
v  810.9263 113.5749 6.7849
v  810.8486 113.4971 6.5627
v  811.1486 113.4971 6.2627
v  810.9263 113.5749 6.3405
v  811.3708 113.5749 6.3405
v  811.4485 113.4971 6.5627
v  811.3708 113.5749 6.7849
v  811.1486 114.1971 6.5627
v  810.8486 114.0971 6.5627
v  810.9263 114.0193 6.7849
v  811.1486 114.0971 6.8627
v  811.4485 114.0971 6.5627
v  811.3708 114.0193 6.7849
v  811.3708 114.0193 6.3405
v  811.1486 114.0971 6.2627
v  810.9263 114.0193 6.3405
v  811.1486 113.7971 6.9627
v  810.8486 113.7971 6.8627
v  811.4485 113.7971 6.8627
v  811.5486 113.7971 6.5627
v  811.4485 113.7971 6.2627
v  811.1486 113.7971 6.1627
v  810.8486 113.7971 6.2627
v  810.7486 113.7971 6.5627
v  811.1316 115.1209 6.5366
v  811.1316 115.2209 6.8366
v  810.9094 115.2987 6.7588
v  810.8315 115.2209 6.5366
v  811.1316 115.2209 6.2366
v  810.9094 115.2987 6.3144
v  811.3538 115.2987 6.3144
v  811.4316 115.2209 6.5366
v  811.3538 115.2987 6.7588
v  811.1316 115.9209 6.5366
v  810.8315 115.8209 6.5366
v  810.9094 115.7431 6.7588
v  811.1316 115.8209 6.8366
v  811.4316 115.8209 6.5366
v  811.3538 115.7431 6.7588
v  811.3538 115.7431 6.3144
v  811.1316 115.8209 6.2366
v  810.9094 115.7431 6.3144
v  811.1316 115.5209 6.9366
v  810.8315 115.5209 6.8366
v  811.4316 115.5209 6.8366
v  811.5316 115.5209 6.5366
v  811.4316 115.5209 6.2366
v  811.1316 115.5209 6.1366
v  810.8315 115.5209 6.2366
v  810.7316 115.5209 6.5366
v  811.1149 116.8446 6.5101
v  811.1149 116.9446 6.8101
v  810.8927 117.0224 6.7323
v  810.8149 116.9446 6.5101
v  811.1149 116.9446 6.2101
v  810.8927 117.0224 6.2879
v  811.3371 117.0224 6.2879
v  811.4148 116.9446 6.5101
v  811.3371 117.0224 6.7323
v  811.1149 117.6446 6.5101
v  810.8149 117.5446 6.5101
v  810.8927 117.4668 6.7323
v  811.1149 117.5446 6.8101
v  811.4148 117.5446 6.5101
v  811.3371 117.4668 6.7323
v  811.3371 117.4668 6.2879
v  811.1149 117.5446 6.2101
v  810.8927 117.4668 6.2879
v  811.1149 117.2446 6.9101
v  810.8149 117.2446 6.8101
v  811.4148 117.2446 6.8101
v  811.5148 117.2446 6.5101
v  811.4148 117.2446 6.2101
v  811.1149 117.2446 6.1101
v  810.8149 117.2446 6.2101
v  810.7148 117.2446 6.5101
v  811.0980 118.5683 6.4831
v  811.0980 118.6683 6.7831
v  810.8757 118.7461 6.7053
v  810.7980 118.6683 6.4831
v  811.0980 118.6683 6.1831
v  810.8757 118.7461 6.2609
v  811.3202 118.7461 6.2609
v  811.3979 118.6683 6.4831
v  811.3202 118.7461 6.7053
v  811.0980 119.3683 6.4831
v  810.7980 119.2683 6.4831
v  810.8757 119.1906 6.7053
v  811.0980 119.2683 6.7831
v  811.3979 119.2683 6.4831
v  811.3202 119.1906 6.7053
v  811.3202 119.1906 6.2609
v  811.0980 119.2683 6.1831
v  810.8757 119.1906 6.2609
v  811.0980 118.9683 6.8831
v  810.7980 118.9683 6.7831
v  811.3979 118.9683 6.7831
v  811.4980 118.9683 6.4831
v  811.3979 118.9683 6.1831
v  811.0980 118.9683 6.0831
v  810.7980 118.9683 6.1831
v  810.6979 118.9683 6.4831
v  811.0813 120.2921 6.4561
v  811.0813 120.3921 6.7561
v  810.8591 120.4698 6.6783
v  810.7814 120.3921 6.4561
v  811.0813 120.3921 6.1561
v  810.8591 120.4698 6.2339
v  811.3035 120.4698 6.2339
v  811.3813 120.3921 6.4561
v  811.3035 120.4698 6.6783
v  811.0813 121.0921 6.4561
v  810.7814 120.9921 6.4561
v  810.8591 120.9143 6.6783
v  811.0813 120.9921 6.7561
v  811.3813 120.9921 6.4561
v  811.3035 120.9143 6.6783
v  811.3035 120.9143 6.2339
v  811.0813 120.9921 6.1561
v  810.8591 120.9143 6.2339
v  811.0813 120.6921 6.8561
v  810.7814 120.6921 6.7561
v  811.3813 120.6921 6.7561
v  811.4814 120.6921 6.4561
v  811.3813 120.6921 6.1561
v  811.0813 120.6921 6.0561
v  810.7814 120.6921 6.1561
v  810.6813 120.6921 6.4561
v  811.0647 122.0158 6.4285
v  811.0647 122.1158 6.7285
v  810.8425 122.1936 6.6507
v  810.7647 122.1158 6.4285
v  811.0647 122.1158 6.1285
v  810.8425 122.1936 6.2062
v  811.2869 122.1936 6.2062
v  811.3647 122.1158 6.4285
v  811.2869 122.1936 6.6507
v  811.0647 122.8158 6.4285
v  810.7647 122.7158 6.4285
v  810.8425 122.6380 6.6507
v  811.0647 122.7158 6.7285
v  811.3647 122.7158 6.4285
v  811.2869 122.6380 6.6507
v  811.2869 122.6380 6.2062
v  811.0647 122.7158 6.1285
v  810.8425 122.6380 6.2062
v  811.0647 122.4158 6.8285
v  810.7647 122.4158 6.7285
v  811.3647 122.4158 6.7285
v  811.4647 122.4158 6.4285
v  811.3647 122.4158 6.1285
v  811.0647 122.4158 6.0285
v  810.7647 122.4158 6.1285
v  810.6647 122.4158 6.4285
v  811.0474 123.7395 6.4005
v  811.0474 123.8395 6.7005
v  810.8251 123.9173 6.6227
v  810.7473 123.8395 6.4005
v  811.0474 123.8395 6.1005
v  810.8251 123.9173 6.1782
v  811.2696 123.9173 6.1782
v  811.3474 123.8395 6.4005
v  811.2696 123.9173 6.6227
v  811.0474 124.5395 6.4005
v  810.7473 124.4395 6.4005
v  810.8251 124.3617 6.6227
v  811.0474 124.4395 6.7005
v  811.3474 124.4395 6.4005
v  811.2696 124.3617 6.6227
v  811.2696 124.3617 6.1782
v  811.0474 124.4395 6.1005
v  810.8251 124.3617 6.1782
v  811.0474 124.1395 6.8005
v  810.7473 124.1395 6.7005
v  811.3474 124.1395 6.7005
v  811.4473 124.1395 6.4005
v  811.3474 124.1395 6.1005
v  811.0474 124.1395 6.0005
v  810.7473 124.1395 6.1005
v  810.6474 124.1395 6.4005
v  811.0306 125.4632 6.3724
v  811.0306 125.5632 6.6724
v  810.8083 125.6410 6.5946
v  810.7305 125.5632 6.3724
v  811.0306 125.5632 6.0724
v  810.8083 125.6410 6.1501
v  811.2528 125.6410 6.1501
v  811.3305 125.5632 6.3724
v  811.2528 125.6410 6.5946
v  811.0306 126.2632 6.3724
v  810.7305 126.1632 6.3724
v  810.8083 126.0854 6.5946
v  811.0306 126.1632 6.6724
v  811.3305 126.1632 6.3724
v  811.2528 126.0854 6.5946
v  811.2528 126.0854 6.1501
v  811.0306 126.1632 6.0724
v  810.8083 126.0854 6.1501
v  811.0306 125.8632 6.7724
v  810.7305 125.8632 6.6724
v  811.3305 125.8632 6.6724
v  811.4305 125.8632 6.3724
v  811.3305 125.8632 6.0724
v  811.0306 125.8632 5.9724
v  810.7305 125.8632 6.0724
v  810.6305 125.8632 6.3724
v  811.0138 127.1869 6.3438
v  811.0138 127.2869 6.6438
v  810.7916 127.3647 6.5661
v  810.7137 127.2869 6.3438
v  811.0138 127.2869 6.0438
v  810.7916 127.3647 6.1216
v  811.2360 127.3647 6.1216
v  811.3138 127.2869 6.3438
v  811.2360 127.3647 6.5661
v  811.0138 127.9869 6.3438
v  810.7137 127.8869 6.3438
v  810.7916 127.8091 6.5661
v  811.0138 127.8869 6.6438
v  811.3138 127.8869 6.3438
v  811.2360 127.8091 6.5661
v  811.2360 127.8091 6.1216
v  811.0138 127.8869 6.0438
v  810.7916 127.8091 6.1216
v  811.0138 127.5869 6.7438
v  810.7137 127.5869 6.6438
v  811.3138 127.5869 6.6438
v  811.4138 127.5869 6.3438
v  811.3138 127.5869 6.0438
v  811.0138 127.5869 5.9438
v  810.7137 127.5869 6.0438
v  810.6138 127.5869 6.3438
v  810.9963 128.9106 6.3149
v  810.9963 129.0106 6.6149
v  810.7741 129.0884 6.5372
v  810.6964 129.0106 6.3149
v  810.9963 129.0106 6.0149
v  810.7741 129.0884 6.0927
v  811.2186 129.0884 6.0927
v  811.2964 129.0106 6.3149
v  811.2186 129.0884 6.5372
v  810.9963 129.7106 6.3149
v  810.6964 129.6106 6.3149
v  810.7741 129.5328 6.5372
v  810.9963 129.6106 6.6149
v  811.2964 129.6106 6.3149
v  811.2186 129.5328 6.5372
v  811.2186 129.5328 6.0927
v  810.9963 129.6106 6.0149
v  810.7741 129.5328 6.0927
v  810.9963 129.3106 6.7149
v  810.6964 129.3106 6.6149
v  811.2964 129.3106 6.6149
v  811.3964 129.3106 6.3149
v  811.2964 129.3106 6.0149
v  810.9963 129.3106 5.9149
v  810.6964 129.3106 6.0149
v  810.5964 129.3106 6.3149
v  810.9792 130.6343 6.2859
v  810.9792 130.7343 6.5859
v  810.7571 130.8121 6.5081
v  810.6793 130.7343 6.2859
v  810.9792 130.7343 5.9859
v  810.7571 130.8121 6.0637
v  811.2015 130.8121 6.0637
v  811.2793 130.7343 6.2859
v  811.2015 130.8121 6.5081
v  810.9792 131.4343 6.2859
v  810.6793 131.3343 6.2859
v  810.7571 131.2565 6.5081
v  810.9792 131.3343 6.5859
v  811.2793 131.3343 6.2859
v  811.2015 131.2565 6.5081
v  811.2015 131.2565 6.0637
v  810.9792 131.3343 5.9859
v  810.7571 131.2565 6.0637
v  810.9792 131.0343 6.6859
v  810.6793 131.0343 6.5859
v  811.2793 131.0343 6.5859
v  811.3793 131.0343 6.2859
v  811.2793 131.0343 5.9859
v  810.9792 131.0343 5.8859
v  810.6793 131.0343 5.9859
v  810.5792 131.0343 6.2859
v  810.9626 132.3580 6.2563
v  810.9626 132.4580 6.5563
v  810.7403 132.5358 6.4785
v  810.6625 132.4580 6.2563
v  810.9626 132.4580 5.9563
v  810.7403 132.5358 6.0341
v  811.1848 132.5358 6.0341
v  811.2625 132.4580 6.2563
v  811.1848 132.5358 6.4786
v  810.9626 133.1580 6.2563
v  810.6625 133.0580 6.2563
v  810.7403 132.9802 6.4785
v  810.9626 133.0580 6.5563
v  811.2625 133.0580 6.2563
v  811.1848 132.9802 6.4786
v  811.1848 132.9802 6.0341
v  810.9626 133.0580 5.9563
v  810.7403 132.9802 6.0341
v  810.9626 132.7580 6.6563
v  810.6625 132.7580 6.5563
v  811.2625 132.7580 6.5563
v  811.3625 132.7580 6.2563
v  811.2625 132.7580 5.9563
v  810.9626 132.7580 5.8563
v  810.6625 132.7580 5.9563
v  810.5625 132.7580 6.2563
v  810.9453 134.0817 6.2268
v  810.9453 134.1817 6.5268
v  810.7231 134.2595 6.4490
v  810.6453 134.1817 6.2268
v  810.9453 134.1817 5.9268
v  810.7231 134.2595 6.0045
v  811.1675 134.2595 6.0045
v  811.2454 134.1817 6.2268
v  811.1675 134.2595 6.4490
v  810.9453 134.8817 6.2268
v  810.6453 134.7817 6.2268
v  810.7231 134.7039 6.4490
v  810.9453 134.7817 6.5268
v  811.2454 134.7817 6.2268
v  811.1675 134.7039 6.4490
v  811.1675 134.7039 6.0045
v  810.9453 134.7817 5.9268
v  810.7231 134.7039 6.0045
v  810.9453 134.4817 6.6268
v  810.6453 134.4817 6.5268
v  811.2454 134.4817 6.5268
v  811.3453 134.4817 6.2268
v  811.2454 134.4817 5.9268
v  810.9453 134.4817 5.8268
v  810.6453 134.4817 5.9268
v  810.5453 134.4817 6.2268
v  810.9285 135.8053 6.1968
v  810.9285 135.9053 6.4968
v  810.7061 135.9831 6.4190
v  810.6284 135.9053 6.1968
v  810.9285 135.9053 5.8968
v  810.7062 135.9831 5.9746
v  811.1506 135.9831 5.9746
v  811.2284 135.9053 6.1968
v  811.1506 135.9831 6.4190
v  810.9285 136.6053 6.1968
v  810.6284 136.5053 6.1968
v  810.7061 136.4276 6.4190
v  810.9285 136.5053 6.4968
v  811.2284 136.5053 6.1968
v  811.1506 136.4276 6.4190
v  811.1506 136.4276 5.9746
v  810.9285 136.5053 5.8968
v  810.7062 136.4276 5.9746
v  810.9285 136.2053 6.5968
v  810.6284 136.2053 6.4968
v  811.2284 136.2053 6.4968
v  811.3284 136.2053 6.1968
v  811.2284 136.2053 5.8968
v  810.9285 136.2053 5.7968
v  810.6284 136.2053 5.8968
v  810.5284 136.2053 6.1968
v  810.9114 137.5290 6.1666
v  810.9114 137.6290 6.4666
v  810.6891 137.7068 6.3888
v  810.6113 137.6290 6.1666
v  810.9114 137.6290 5.8666
v  810.6891 137.7068 5.9444
v  811.1335 137.7068 5.9444
v  811.2114 137.6290 6.1666
v  811.1335 137.7068 6.3888
v  810.9114 138.3290 6.1666
v  810.6113 138.2290 6.1666
v  810.6891 138.1512 6.3888
v  810.9114 138.2290 6.4666
v  811.2114 138.2290 6.1666
v  811.1335 138.1512 6.3888
v  811.1335 138.1512 5.9444
v  810.9114 138.2290 5.8666
v  810.6891 138.1512 5.9444
v  810.9114 137.9290 6.5666
v  810.6113 137.9290 6.4666
v  811.2114 137.9290 6.4666
v  811.3113 137.9290 6.1666
v  811.2114 137.9290 5.8666
v  810.9114 137.9290 5.7666
v  810.6113 137.9290 5.8666
v  810.5114 137.9290 6.1666
v  810.8940 139.2527 6.1362
v  810.8940 139.3527 6.4362
v  810.6718 139.4305 6.3585
v  810.5940 139.3527 6.1362
v  810.8940 139.3527 5.8362
v  810.6718 139.4305 5.9140
v  811.1162 139.4305 5.9140
v  811.1940 139.3527 6.1362
v  811.1162 139.4305 6.3585
v  810.8940 140.0527 6.1362
v  810.5940 139.9527 6.1362
v  810.6718 139.8749 6.3585
v  810.8940 139.9527 6.4362
v  811.1940 139.9527 6.1362
v  811.1162 139.8749 6.3585
v  811.1162 139.8749 5.9140
v  810.8940 139.9527 5.8362
v  810.6718 139.8749 5.9140
v  810.8940 139.6527 6.5362
v  810.5940 139.6527 6.4362
v  811.1940 139.6527 6.4362
v  811.2940 139.6527 6.1362
v  811.1940 139.6527 5.8362
v  810.8940 139.6527 5.7362
v  810.5940 139.6527 5.8362
v  810.4940 139.6527 6.1362
v  810.8770 140.9763 6.1055
v  810.8770 141.0763 6.4055
v  810.6547 141.1541 6.3278
v  810.5769 141.0763 6.1055
v  810.8770 141.0763 5.8055
v  810.6547 141.1541 5.8833
v  811.0991 141.1541 5.8833
v  811.1769 141.0763 6.1055
v  811.0991 141.1541 6.3278
v  810.8770 141.7763 6.1055
v  810.5769 141.6763 6.1055
v  810.6547 141.5986 6.3278
v  810.8770 141.6763 6.4055
v  811.1769 141.6763 6.1055
v  811.0991 141.5986 6.3278
v  811.0991 141.5986 5.8833
v  810.8770 141.6763 5.8055
v  810.6547 141.5986 5.8833
v  810.8770 141.3763 6.5055
v  810.5769 141.3763 6.4055
v  811.1769 141.3763 6.4055
v  811.2769 141.3763 6.1055
v  811.1769 141.3763 5.8055
v  810.8770 141.3763 5.7055
v  810.5769 141.3763 5.8055
v  810.4769 141.3763 6.1055
v  810.8599 142.7000 6.0747
v  810.8599 142.8000 6.3747
v  810.6376 142.8778 6.2970
v  810.5598 142.8000 6.0747
v  810.8599 142.8000 5.7747
v  810.6376 142.8778 5.8525
v  811.0821 142.8778 5.8525
v  811.1598 142.8000 6.0747
v  811.0821 142.8778 6.2970
v  810.8599 143.5000 6.0747
v  810.5598 143.4000 6.0747
v  810.6376 143.3222 6.2970
v  810.8599 143.4000 6.3747
v  811.1598 143.4000 6.0747
v  811.0821 143.3222 6.2970
v  811.0821 143.3222 5.8525
v  810.8599 143.4000 5.7747
v  810.6376 143.3222 5.8525
v  810.8599 143.1000 6.4747
v  810.5598 143.1000 6.3747
v  811.1598 143.1000 6.3747
v  811.2598 143.1000 6.0747
v  811.1598 143.1000 5.7747
v  810.8599 143.1000 5.6747
v  810.5598 143.1000 5.7747
v  810.4598 143.1000 6.0747
v  810.8425 144.4236 6.0436
v  810.8425 144.5237 6.3436
v  810.6203 144.6014 6.2658
v  810.5426 144.5237 6.0436
v  810.8425 144.5237 5.7436
v  810.6203 144.6014 5.8213
v  811.0648 144.6014 5.8213
v  811.1425 144.5237 6.0436
v  811.0648 144.6014 6.2658
v  810.8425 145.2236 6.0436
v  810.5426 145.1236 6.0436
v  810.6203 145.0459 6.2658
v  810.8425 145.1236 6.3436
v  811.1425 145.1236 6.0436
v  811.0648 145.0459 6.2658
v  811.0648 145.0459 5.8213
v  810.8425 145.1236 5.7436
v  810.6203 145.0459 5.8213
v  810.8425 144.8236 6.4436
v  810.5426 144.8236 6.3436
v  811.1425 144.8236 6.3436
v  811.2426 144.8236 6.0436
v  811.1425 144.8236 5.7436
v  810.8425 144.8236 5.6436
v  810.5426 144.8236 5.7436
v  810.4426 144.8236 6.0436
v  810.8253 146.1473 6.0122
v  810.8253 146.2473 6.3122
v  810.6031 146.3251 6.2345
v  810.5254 146.2473 6.0122
v  810.8253 146.2473 5.7122
v  810.6031 146.3251 5.7900
v  811.0477 146.3251 5.7900
v  811.1254 146.2473 6.0122
v  811.0477 146.3251 6.2345
v  810.8253 146.9473 6.0122
v  810.5254 146.8473 6.0122
v  810.6031 146.7695 6.2345
v  810.8253 146.8473 6.3122
v  811.1254 146.8473 6.0122
v  811.0477 146.7695 6.2345
v  811.0477 146.7695 5.7900
v  810.8253 146.8473 5.7122
v  810.6031 146.7695 5.7900
v  810.8253 146.5473 6.4122
v  810.5254 146.5473 6.3122
v  811.1254 146.5473 6.3122
v  811.2254 146.5473 6.0122
v  811.1254 146.5473 5.7122
v  810.8253 146.5473 5.6122
v  810.5254 146.5473 5.7122
v  810.4254 146.5473 6.0122
v  810.8083 147.8710 5.9808
v  810.8083 147.9710 6.2808
v  810.5861 148.0488 6.2031
v  810.5082 147.9710 5.9808
v  810.8083 147.9710 5.6808
v  810.5861 148.0488 5.7586
v  811.0305 148.0488 5.7586
v  811.1083 147.9710 5.9808
v  811.0305 148.0488 6.2031
v  810.8083 148.6710 5.9808
v  810.5082 148.5710 5.9808
v  810.5861 148.4932 6.2031
v  810.8083 148.5710 6.2808
v  811.1083 148.5710 5.9808
v  811.0305 148.4932 6.2031
v  811.0305 148.4932 5.7586
v  810.8083 148.5710 5.6808
v  810.5861 148.4932 5.7586
v  810.8083 148.2710 6.3808
v  810.5082 148.2710 6.2808
v  811.1083 148.2710 6.2808
v  811.2083 148.2710 5.9808
v  811.1083 148.2710 5.6808
v  810.8083 148.2710 5.5808
v  810.5082 148.2710 5.6808
v  810.4083 148.2710 5.9808
v  810.7911 149.5946 5.9489
v  810.7911 149.6946 6.2489
v  810.5688 149.7724 6.1711
v  810.4911 149.6946 5.9489
v  810.7911 149.6946 5.6489
v  810.5688 149.7724 5.7267
v  811.0133 149.7724 5.7267
v  811.0911 149.6946 5.9489
v  811.0133 149.7724 6.1711
v  810.7911 150.3946 5.9489
v  810.4911 150.2946 5.9489
v  810.5688 150.2168 6.1711
v  810.7911 150.2946 6.2489
v  811.0911 150.2946 5.9489
v  811.0133 150.2168 6.1711
v  811.0133 150.2168 5.7267
v  810.7911 150.2946 5.6489
v  810.5688 150.2168 5.7267
v  810.7911 149.9946 6.3489
v  810.4911 149.9946 6.2489
v  811.0911 149.9946 6.2489
v  811.1911 149.9946 5.9489
v  811.0911 149.9946 5.6489
v  810.7911 149.9946 5.5489
v  810.4911 149.9946 5.6489
v  810.3911 149.9946 5.9489
v  810.7739 151.3182 5.9171
v  810.7739 151.4182 6.2171
v  810.5518 151.4960 6.1393
v  810.4740 151.4182 5.9171
v  810.7739 151.4182 5.6171
v  810.5518 151.4960 5.6949
v  810.9962 151.4960 5.6949
v  811.0740 151.4182 5.9171
v  810.9962 151.4960 6.1393
v  810.7739 152.1182 5.9171
v  810.4740 152.0182 5.9171
v  810.5518 151.9404 6.1393
v  810.7739 152.0182 6.2171
v  811.0740 152.0182 5.9171
v  810.9962 151.9404 6.1393
v  810.9962 151.9404 5.6949
v  810.7739 152.0182 5.6171
v  810.5518 151.9404 5.6949
v  810.7739 151.7182 6.3171
v  810.4740 151.7182 6.2171
v  811.0740 151.7182 6.2171
v  811.1740 151.7182 5.9171
v  811.0740 151.7182 5.6171
v  810.7739 151.7182 5.5171
v  810.4740 151.7182 5.6171
v  810.3740 151.7182 5.9171
v  810.7567 153.0419 5.8850
v  810.7567 153.1419 6.1850
v  810.5345 153.2197 6.1072
v  810.4567 153.1419 5.8850
v  810.7567 153.1419 5.5850
v  810.5345 153.2197 5.6627
v  810.9789 153.2197 5.6627
v  811.0567 153.1419 5.8850
v  810.9789 153.2197 6.1072
v  810.7567 153.8419 5.8850
v  810.4567 153.7419 5.8850
v  810.5345 153.6641 6.1072
v  810.7567 153.7419 6.1850
v  811.0567 153.7419 5.8850
v  810.9789 153.6641 6.1072
v  810.9789 153.6641 5.6627
v  810.7567 153.7419 5.5850
v  810.5345 153.6641 5.6627
v  810.7567 153.4419 6.2850
v  810.4567 153.4419 6.1850
v  811.0567 153.4419 6.1850
v  811.1567 153.4419 5.8850
v  811.0567 153.4419 5.5850
v  810.7567 153.4419 5.4850
v  810.4567 153.4419 5.5850
v  810.3566 153.4419 5.8850
v  810.7395 154.7655 5.8527
v  810.7395 154.8655 6.1527
v  810.5172 154.9433 6.0749
v  810.4395 154.8655 5.8527
v  810.7395 154.8655 5.5527
v  810.5172 154.9433 5.6304
v  810.9617 154.9433 5.6304
v  811.0394 154.8655 5.8527
v  810.9617 154.9433 6.0749
v  810.7395 155.5655 5.8527
v  810.4395 155.4655 5.8527
v  810.5172 155.3877 6.0749
v  810.7395 155.4655 6.1527
v  811.0394 155.4655 5.8527
v  810.9617 155.3877 6.0749
v  810.9617 155.3877 5.6304
v  810.7395 155.4655 5.5527
v  810.5172 155.3877 5.6304
v  810.7395 155.1655 6.2527
v  810.4395 155.1655 6.1527
v  811.0394 155.1655 6.1527
v  811.1395 155.1655 5.8527
v  811.0394 155.1655 5.5527
v  810.7395 155.1655 5.4527
v  810.4395 155.1655 5.5527
v  810.3395 155.1655 5.8527
v  810.7224 156.4891 5.8203
v  810.7224 156.5891 6.1203
v  810.5001 156.6669 6.0425
v  810.4223 156.5891 5.8203
v  810.7224 156.5891 5.5203
v  810.5001 156.6669 5.5980
v  810.9446 156.6669 5.5980
v  811.0224 156.5891 5.8203
v  810.9446 156.6669 6.0425
v  810.7224 157.2891 5.8203
v  810.4223 157.1891 5.8203
v  810.5001 157.1113 6.0425
v  810.7224 157.1891 6.1203
v  811.0224 157.1891 5.8203
v  810.9446 157.1113 6.0425
v  810.9446 157.1113 5.5980
v  810.7224 157.1891 5.5203
v  810.5001 157.1113 5.5980
v  810.7224 156.8891 6.2203
v  810.4223 156.8891 6.1203
v  811.0223 156.8891 6.1203
v  811.1223 156.8891 5.8203
v  811.0223 156.8891 5.5203
v  810.7224 156.8891 5.4203
v  810.4223 156.8891 5.5203
v  810.3223 156.8891 5.8203
v  810.7051 158.2128 5.7876
v  810.7051 158.3128 6.0876
v  810.4829 158.3905 6.0098
v  810.4052 158.3128 5.7876
v  810.7051 158.3128 5.4876
v  810.4829 158.3905 5.5654
v  810.9274 158.3905 5.5654
v  811.0051 158.3128 5.7876
v  810.9274 158.3905 6.0098
v  810.7051 159.0128 5.7876
v  810.4052 158.9128 5.7876
v  810.4829 158.8350 6.0098
v  810.7051 158.9128 6.0876
v  811.0051 158.9128 5.7876
v  810.9274 158.8350 6.0098
v  810.9274 158.8350 5.5654
v  810.7051 158.9128 5.4876
v  810.4829 158.8350 5.5654
v  810.7051 158.6128 6.1876
v  810.4052 158.6128 6.0876
v  811.0051 158.6128 6.0876
v  811.1052 158.6128 5.7876
v  811.0051 158.6128 5.4876
v  810.7051 158.6128 5.3876
v  810.4052 158.6128 5.4876
v  810.3051 158.6128 5.7876
v  810.6879 159.9364 5.7550
v  810.6879 160.0364 6.0550
v  810.4657 160.1142 5.9772
v  810.3880 160.0364 5.7550
v  810.6879 160.0364 5.4550
v  810.4657 160.1142 5.5327
v  810.9102 160.1142 5.5327
v  810.9880 160.0364 5.7550
v  810.9102 160.1142 5.9772
v  810.6879 160.7364 5.7550
v  810.3880 160.6364 5.7550
v  810.4657 160.5586 5.9772
v  810.6879 160.6364 6.0550
v  810.9880 160.6364 5.7550
v  810.9102 160.5586 5.9772
v  810.9102 160.5586 5.5327
v  810.6879 160.6364 5.4550
v  810.4657 160.5586 5.5327
v  810.6879 160.3364 6.1550
v  810.3880 160.3364 6.0550
v  810.9880 160.3364 6.0550
v  811.0880 160.3364 5.7550
v  810.9880 160.3364 5.4550
v  810.6879 160.3364 5.3550
v  810.3880 160.3364 5.4550
v  810.2880 160.3364 5.7550
v  810.6707 161.6600 5.7220
v  810.6707 161.7600 6.0220
v  810.4485 161.8378 5.9442
v  810.3707 161.7600 5.7220
v  810.6707 161.7600 5.4220
v  810.4485 161.8378 5.4998
v  810.8929 161.8378 5.4998
v  810.9707 161.7600 5.7220
v  810.8929 161.8378 5.9442
v  810.6707 162.4600 5.7220
v  810.3707 162.3600 5.7220
v  810.4485 162.2822 5.9442
v  810.6707 162.3600 6.0220
v  810.9707 162.3600 5.7220
v  810.8929 162.2822 5.9442
v  810.8929 162.2822 5.4998
v  810.6707 162.3600 5.4220
v  810.4485 162.2822 5.4998
v  810.6707 162.0600 6.1220
v  810.3707 162.0600 6.0220
v  810.9707 162.0600 6.0220
v  811.0707 162.0600 5.7220
v  810.9707 162.0600 5.4220
v  810.6707 162.0600 5.3220
v  810.3707 162.0600 5.4220
v  810.2707 162.0600 5.7220
v  810.6531 163.3837 5.6889
v  810.6531 163.4837 5.9889
v  810.4309 163.5614 5.9112
v  810.3531 163.4837 5.6889
v  810.6531 163.4837 5.3889
v  810.4309 163.5614 5.4667
v  810.8753 163.5614 5.4667
v  810.9531 163.4837 5.6889
v  810.8753 163.5614 5.9112
v  810.6531 164.1837 5.6889
v  810.3531 164.0837 5.6889
v  810.4309 164.0059 5.9112
v  810.6531 164.0837 5.9889
v  810.9531 164.0837 5.6889
v  810.8753 164.0059 5.9112
v  810.8753 164.0059 5.4667
v  810.6531 164.0837 5.3889
v  810.4309 164.0059 5.4667
v  810.6531 163.7837 6.0889
v  810.3531 163.7837 5.9889
v  810.9531 163.7837 5.9889
v  811.0531 163.7837 5.6889
v  810.9531 163.7837 5.3889
v  810.6531 163.7837 5.2889
v  810.3531 163.7837 5.3889
v  810.2532 163.7837 5.6889
v  810.6359 165.1073 5.6559
v  810.6359 165.2073 5.9559
v  810.4138 165.2851 5.8781
v  810.3359 165.2073 5.6559
v  810.6359 165.2073 5.3559
v  810.4138 165.2851 5.4336
v  810.8582 165.2851 5.4336
v  810.9360 165.2073 5.6559
v  810.8582 165.2851 5.8781
v  810.6359 165.9073 5.6559
v  810.3359 165.8073 5.6559
v  810.4138 165.7295 5.8781
v  810.6359 165.8073 5.9559
v  810.9360 165.8073 5.6559
v  810.8582 165.7295 5.8781
v  810.8582 165.7295 5.4336
v  810.6359 165.8073 5.3559
v  810.4138 165.7295 5.4336
v  810.6359 165.5073 6.0559
v  810.3360 165.5073 5.9559
v  810.9360 165.5073 5.9559
v  811.0360 165.5073 5.6559
v  810.9360 165.5073 5.3559
v  810.6359 165.5073 5.2559
v  810.3360 165.5073 5.3559
v  810.2360 165.5073 5.6559
v  810.6184 166.8309 5.6227
v  810.6184 166.9309 5.9227
v  810.3962 167.0087 5.8449
v  810.3184 166.9309 5.6227
v  810.6184 166.9309 5.3227
v  810.3962 167.0087 5.4005
v  810.8406 167.0087 5.4005
v  810.9185 166.9309 5.6227
v  810.8406 167.0087 5.8449
v  810.6184 167.6309 5.6227
v  810.3184 167.5309 5.6227
v  810.3962 167.4531 5.8449
v  810.6184 167.5309 5.9227
v  810.9185 167.5309 5.6227
v  810.8406 167.4531 5.8449
v  810.8406 167.4531 5.4005
v  810.6184 167.5309 5.3227
v  810.3962 167.4531 5.4005
v  810.6184 167.2309 6.0227
v  810.3184 167.2309 5.9227
v  810.9185 167.2309 5.9227
v  811.0184 167.2309 5.6227
v  810.9185 167.2309 5.3227
v  810.6184 167.2309 5.2227
v  810.3184 167.2309 5.3227
v  810.2184 167.2309 5.6227
v  810.6011 168.5545 5.5891
v  810.6011 168.6545 5.8891
v  810.3789 168.7323 5.8114
v  810.3011 168.6545 5.5891
v  810.6011 168.6545 5.2891
v  810.3789 168.7323 5.3669
v  810.8234 168.7323 5.3669
v  810.9012 168.6545 5.5891
v  810.8234 168.7323 5.8114
v  810.6011 169.3545 5.5891
v  810.3011 169.2545 5.5891
v  810.3789 169.1767 5.8114
v  810.6011 169.2545 5.8891
v  810.9012 169.2545 5.5891
v  810.8234 169.1767 5.8114
v  810.8234 169.1767 5.3669
v  810.6011 169.2545 5.2891
v  810.3789 169.1767 5.3669
v  810.6011 168.9545 5.9891
v  810.3011 168.9545 5.8891
v  810.9012 168.9545 5.8891
v  811.0011 168.9545 5.5891
v  810.9012 168.9545 5.2891
v  810.6011 168.9545 5.1891
v  810.3011 168.9545 5.2891
v  810.2012 168.9545 5.5891
v  810.5839 170.2781 5.5555
v  810.5839 170.3781 5.8555
v  810.3617 170.4559 5.7777
v  810.2839 170.3781 5.5555
v  810.5839 170.3781 5.2555
v  810.3617 170.4559 5.3333
v  810.8062 170.4559 5.3333
v  810.8839 170.3781 5.5555
v  810.8062 170.4559 5.7777
v  810.5839 171.0781 5.5555
v  810.2839 170.9781 5.5555
v  810.3617 170.9003 5.7777
v  810.5839 170.9781 5.8555
v  810.8839 170.9781 5.5555
v  810.8062 170.9003 5.7777
v  810.8062 170.9003 5.3333
v  810.5839 170.9781 5.2555
v  810.3617 170.9003 5.3333
v  810.5839 170.6781 5.9555
v  810.2839 170.6781 5.8555
v  810.8839 170.6781 5.8555
v  810.9839 170.6781 5.5555
v  810.8839 170.6781 5.2555
v  810.5839 170.6781 5.1555
v  810.2839 170.6781 5.2555
v  810.1839 170.6781 5.5555
v  810.5669 172.0017 5.5220
v  810.5669 172.1017 5.8220
v  810.3446 172.1795 5.7442
v  810.2668 172.1017 5.5220
v  810.5669 172.1017 5.2220
v  810.3446 172.1795 5.2998
v  810.7891 172.1795 5.2998
v  810.8668 172.1017 5.5220
v  810.7891 172.1795 5.7442
v  810.5669 172.8017 5.5220
v  810.2668 172.7017 5.5220
v  810.3446 172.6239 5.7442
v  810.5669 172.7017 5.8220
v  810.8668 172.7017 5.5220
v  810.7891 172.6239 5.7442
v  810.7891 172.6239 5.2998
v  810.5669 172.7017 5.2220
v  810.3446 172.6239 5.2998
v  810.5669 172.4017 5.9220
v  810.2668 172.4017 5.8220
v  810.8668 172.4017 5.8220
v  810.9669 172.4017 5.5220
v  810.8668 172.4017 5.2220
v  810.5669 172.4017 5.1220
v  810.2668 172.4017 5.2220
v  810.1668 172.4017 5.5220
v  810.5494 173.7253 5.4885
v  810.5494 173.8253 5.7885
v  810.3270 173.9031 5.7107
v  810.2493 173.8253 5.4885
v  810.5494 173.8253 5.1885
v  810.3270 173.9031 5.2663
v  810.7715 173.9031 5.2663
v  810.8493 173.8253 5.4885
v  810.7715 173.9031 5.7107
v  810.5494 174.5253 5.4885
v  810.2493 174.4253 5.4885
v  810.3270 174.3475 5.7107
v  810.5494 174.4253 5.7885
v  810.8493 174.4253 5.4885
v  810.7715 174.3475 5.7107
v  810.7715 174.3475 5.2663
v  810.5494 174.4253 5.1885
v  810.3270 174.3475 5.2663
v  810.5494 174.1253 5.8885
v  810.2493 174.1253 5.7885
v  810.8493 174.1253 5.7885
v  810.9493 174.1253 5.4885
v  810.8493 174.1253 5.1885
v  810.5494 174.1253 5.0885
v  810.2493 174.1253 5.1885
v  810.1493 174.1253 5.4885
v  810.5321 175.4489 5.4546
v  810.5320 175.5489 5.7546
v  810.3098 175.6267 5.6768
v  810.2321 175.5489 5.4546
v  810.5321 175.5489 5.1546
v  810.3098 175.6267 5.2324
v  810.7543 175.6267 5.2324
v  810.8320 175.5489 5.4546
v  810.7543 175.6267 5.6768
v  810.5321 176.2489 5.4546
v  810.2321 176.1489 5.4546
v  810.3098 176.0711 5.6768
v  810.5320 176.1489 5.7546
v  810.8320 176.1489 5.4546
v  810.7543 176.0711 5.6768
v  810.7543 176.0711 5.2324
v  810.5321 176.1489 5.1546
v  810.3098 176.0711 5.2324
v  810.5320 175.8489 5.8546
v  810.2321 175.8489 5.7546
v  810.8320 175.8489 5.7546
v  810.9321 175.8489 5.4546
v  810.8320 175.8489 5.1546
v  810.5321 175.8489 5.0546
v  810.2321 175.8489 5.1546
v  810.1320 175.8489 5.4546
v  810.5145 177.1725 5.4206
v  810.5145 177.2725 5.7206
v  810.2924 177.3503 5.6429
v  810.2145 177.2725 5.4206
v  810.5145 177.2725 5.1206
v  810.2924 177.3503 5.1984
v  810.7368 177.3503 5.1984
v  810.8146 177.2725 5.4206
v  810.7368 177.3503 5.6429
v  810.5145 177.9725 5.4206
v  810.2145 177.8725 5.4206
v  810.2924 177.7947 5.6429
v  810.5145 177.8725 5.7206
v  810.8146 177.8725 5.4206
v  810.7368 177.7947 5.6429
v  810.7368 177.7947 5.1984
v  810.5145 177.8725 5.1206
v  810.2924 177.7947 5.1984
v  810.5145 177.5725 5.8206
v  810.2145 177.5725 5.7206
v  810.8146 177.5725 5.7206
v  810.9145 177.5725 5.4206
v  810.8146 177.5725 5.1206
v  810.5145 177.5725 5.0206
v  810.2145 177.5725 5.1206
v  810.1146 177.5725 5.4206
v  810.4974 178.8961 5.3866
v  810.4974 178.9961 5.6866
v  810.2751 179.0739 5.6089
v  810.1973 178.9961 5.3866
v  810.4974 178.9961 5.0866
v  810.2751 179.0739 5.1644
v  810.7196 179.0739 5.1644
v  810.7973 178.9961 5.3866
v  810.7196 179.0739 5.6089
v  810.4974 179.6961 5.3866
v  810.1973 179.5961 5.3866
v  810.2751 179.5183 5.6089
v  810.4974 179.5961 5.6866
v  810.7973 179.5961 5.3866
v  810.7196 179.5183 5.6089
v  810.7196 179.5183 5.1644
v  810.4974 179.5961 5.0866
v  810.2751 179.5183 5.1644
v  810.4974 179.2961 5.7866
v  810.1973 179.2961 5.6866
v  810.7973 179.2961 5.6866
v  810.8973 179.2961 5.3866
v  810.7973 179.2961 5.0866
v  810.4974 179.2961 4.9866
v  810.1973 179.2961 5.0866
v  810.0973 179.2961 5.3866
v  810.4802 180.6197 5.3526
v  810.4802 180.7197 5.6526
v  810.2580 180.7975 5.5748
v  810.1802 180.7197 5.3526
v  810.4802 180.7197 5.0526
v  810.2580 180.7975 5.1304
v  810.7024 180.7975 5.1304
v  810.7802 180.7197 5.3526
v  810.7024 180.7975 5.5748
v  810.4802 181.4197 5.3526
v  810.1802 181.3197 5.3526
v  810.2580 181.2419 5.5748
v  810.4802 181.3197 5.6526
v  810.7802 181.3197 5.3526
v  810.7024 181.2419 5.5748
v  810.7024 181.2419 5.1304
v  810.4802 181.3197 5.0526
v  810.2580 181.2419 5.1304
v  810.4802 181.0197 5.7526
v  810.1802 181.0197 5.6526
v  810.7802 181.0197 5.6526
v  810.8802 181.0197 5.3526
v  810.7802 181.0197 5.0526
v  810.4802 181.0197 4.9526
v  810.1802 181.0197 5.0526
v  810.0801 181.0197 5.3526
v  810.4626 182.3433 5.3184
v  810.4626 182.4433 5.6184
v  810.2404 182.5211 5.5407
v  810.1627 182.4433 5.3185
v  810.4626 182.4433 5.0184
v  810.2404 182.5211 5.0962
v  810.6848 182.5211 5.0962
v  810.7626 182.4433 5.3184
v  810.6848 182.5211 5.5407
v  810.4626 183.1433 5.3184
v  810.1627 183.0433 5.3185
v  810.2404 182.9655 5.5407
v  810.4626 183.0433 5.6184
v  810.7626 183.0433 5.3184
v  810.6848 182.9655 5.5407
v  810.6848 182.9655 5.0962
v  810.4626 183.0433 5.0185
v  810.2404 182.9655 5.0962
v  810.4626 182.7433 5.7185
v  810.1627 182.7433 5.6185
v  810.7626 182.7433 5.6185
v  810.8626 182.7433 5.3184
v  810.7626 182.7433 5.0184
v  810.4626 182.7433 4.9184
v  810.1627 182.7433 5.0184
v  810.0626 182.7433 5.3184
v  810.4449 184.0669 5.2841
v  810.4449 184.1669 5.5841
v  810.2227 184.2447 5.5063
v  810.1449 184.1669 5.2841
v  810.4449 184.1669 4.9841
v  810.2227 184.2447 5.0619
v  810.6671 184.2447 5.0619
v  810.7449 184.1669 5.2841
v  810.6671 184.2447 5.5063
v  810.4449 184.8669 5.2841
v  810.1449 184.7669 5.2841
v  810.2227 184.6891 5.5063
v  810.4449 184.7669 5.5841
v  810.7449 184.7669 5.2841
v  810.6671 184.6891 5.5063
v  810.6671 184.6891 5.0619
v  810.4449 184.7669 4.9841
v  810.2227 184.6891 5.0619
v  810.4449 184.4669 5.6841
v  810.1449 184.4669 5.5841
v  810.7449 184.4669 5.5841
v  810.8449 184.4669 5.2841
v  810.7449 184.4669 4.9841
v  810.4449 184.4669 4.8841
v  810.1449 184.4669 4.9841
v  810.0449 184.4669 5.2841
v  810.4279 185.7905 5.2500
v  810.4279 185.8905 5.5500
v  810.2056 185.9683 5.4722
v  810.1278 185.8905 5.2500
v  810.4279 185.8905 4.9500
v  810.2056 185.9683 5.0278
v  810.6501 185.9683 5.0278
v  810.7278 185.8905 5.2500
v  810.6501 185.9683 5.4722
v  810.4279 186.5905 5.2500
v  810.1278 186.4905 5.2500
v  810.2056 186.4127 5.4722
v  810.4279 186.4905 5.5500
v  810.7278 186.4905 5.2500
v  810.6501 186.4127 5.4722
v  810.6501 186.4127 5.0278
v  810.4279 186.4905 4.9500
v  810.2056 186.4127 5.0278
v  810.4279 186.1905 5.6500
v  810.1278 186.1905 5.5500
v  810.7278 186.1905 5.5500
v  810.8278 186.1905 5.2500
v  810.7278 186.1905 4.9500
v  810.4279 186.1905 4.8500
v  810.1278 186.1905 4.9500
v  810.0278 186.1905 5.2500
v  810.4106 187.5141 5.2156
v  810.4106 187.6141 5.5156
v  810.1884 187.6919 5.4379
v  810.1106 187.6141 5.2156
v  810.4106 187.6141 4.9156
v  810.1884 187.6919 4.9934
v  810.6328 187.6919 4.9934
v  810.7106 187.6141 5.2156
v  810.6328 187.6919 5.4379
v  810.4106 188.3141 5.2156
v  810.1106 188.2141 5.2156
v  810.1884 188.1363 5.4379
v  810.4106 188.2141 5.5156
v  810.7106 188.2141 5.2156
v  810.6328 188.1363 5.4379
v  810.6328 188.1363 4.9934
v  810.4106 188.2141 4.9156
v  810.1884 188.1363 4.9934
v  810.4106 187.9141 5.6156
v  810.1106 187.9141 5.5156
v  810.7106 187.9141 5.5156
v  810.8105 187.9141 5.2156
v  810.7106 187.9141 4.9156
v  810.4106 187.9141 4.8156
v  810.1106 187.9141 4.9156
v  810.0106 187.9141 5.2156
v  810.3929 189.2377 5.1812
v  810.3929 189.3377 5.4812
v  810.1708 189.4154 5.4035
v  810.0929 189.3377 5.1812
v  810.3929 189.3377 4.8812
v  810.1708 189.4154 4.9590
v  810.6152 189.4154 4.9590
v  810.6930 189.3377 5.1812
v  810.6152 189.4154 5.4035
v  810.3929 190.0377 5.1812
v  810.0929 189.9377 5.1812
v  810.1708 189.8599 5.4035
v  810.3929 189.9377 5.4812
v  810.6930 189.9377 5.1812
v  810.6152 189.8599 5.4035
v  810.6152 189.8599 4.9590
v  810.3929 189.9377 4.8812
v  810.1708 189.8599 4.9590
v  810.3929 189.6377 5.5812
v  810.0929 189.6377 5.4812
v  810.6930 189.6377 5.4812
v  810.7929 189.6377 5.1812
v  810.6930 189.6377 4.8812
v  810.3929 189.6377 4.7812
v  810.0929 189.6377 4.8812
v  809.9930 189.6377 5.1812
v  810.3755 190.9613 5.1469
v  810.3755 191.0613 5.4469
v  810.1533 191.1391 5.3692
v  810.0755 191.0613 5.1469
v  810.3755 191.0613 4.8469
v  810.1533 191.1391 4.9247
v  810.5977 191.1391 4.9247
v  810.6755 191.0613 5.1469
v  810.5977 191.1391 5.3692
v  810.3755 191.7613 5.1469
v  810.0755 191.6613 5.1469
v  810.1533 191.5835 5.3692
v  810.3755 191.6613 5.4469
v  810.6755 191.6613 5.1469
v  810.5977 191.5835 5.3692
v  810.5977 191.5835 4.9247
v  810.3755 191.6613 4.8469
v  810.1533 191.5835 4.9247
v  810.3755 191.3613 5.5469
v  810.0755 191.3613 5.4469
v  810.6755 191.3613 5.4469
v  810.7755 191.3613 5.1469
v  810.6755 191.3613 4.8469
v  810.3755 191.3613 4.7469
v  810.0755 191.3613 4.8469
v  809.9755 191.3613 5.1469
v  810.3582 192.6848 5.1124
v  810.3582 192.7848 5.4124
v  810.1359 192.8626 5.3346
v  810.0582 192.7848 5.1124
v  810.3582 192.7848 4.8124
v  810.1359 192.8626 4.8902
v  810.5804 192.8626 4.8902
v  810.6581 192.7848 5.1124
v  810.5804 192.8626 5.3346
v  810.3582 193.4848 5.1124
v  810.0582 193.3848 5.1124
v  810.1359 193.3071 5.3346
v  810.3582 193.3848 5.4124
v  810.6581 193.3848 5.1124
v  810.5804 193.3071 5.3346
v  810.5804 193.3071 4.8902
v  810.3582 193.3848 4.8124
v  810.1359 193.3071 4.8902
v  810.3582 193.0848 5.5124
v  810.0582 193.0848 5.4124
v  810.6581 193.0848 5.4124
v  810.7582 193.0848 5.1124
v  810.6581 193.0848 4.8124
v  810.3582 193.0848 4.7124
v  810.0582 193.0848 4.8124
v  809.9582 193.0848 5.1124
v  810.3409 194.4085 5.0779
v  810.3409 194.5085 5.3779
v  810.1187 194.5863 5.3001
v  810.0408 194.5085 5.0779
v  810.3409 194.5085 4.7779
v  810.1187 194.5863 4.8557
v  810.5631 194.5863 4.8557
v  810.6409 194.5085 5.0779
v  810.5631 194.5863 5.3001
v  810.3409 195.2085 5.0779
v  810.0408 195.1085 5.0779
v  810.1187 195.0307 5.3001
v  810.3409 195.1085 5.3779
v  810.6409 195.1085 5.0779
v  810.5631 195.0307 5.3001
v  810.5631 195.0307 4.8557
v  810.3409 195.1085 4.7779
v  810.1187 195.0307 4.8557
v  810.3409 194.8085 5.4779
v  810.0408 194.8085 5.3779
v  810.6409 194.8085 5.3779
v  810.7408 194.8085 5.0779
v  810.6409 194.8085 4.7779
v  810.3409 194.8085 4.6779
v  810.0408 194.8085 4.7779
v  809.9409 194.8085 5.0779
v  810.3235 196.1320 5.0434
v  810.3235 196.2320 5.3434
v  810.1013 196.3098 5.2657
v  810.0235 196.2320 5.0434
v  810.3235 196.2320 4.7434
v  810.1013 196.3098 4.8212
v  810.5457 196.3098 4.8212
v  810.6235 196.2320 5.0434
v  810.5457 196.3098 5.2657
v  810.3235 196.9320 5.0434
v  810.0235 196.8320 5.0434
v  810.1013 196.7542 5.2657
v  810.3235 196.8320 5.3434
v  810.6235 196.8320 5.0434
v  810.5457 196.7542 5.2657
v  810.5457 196.7542 4.8212
v  810.3235 196.8320 4.7434
v  810.1013 196.7542 4.8212
v  810.3235 196.5320 5.4434
v  810.0235 196.5320 5.3434
v  810.6235 196.5320 5.3434
v  810.7235 196.5320 5.0434
v  810.6235 196.5320 4.7434
v  810.3235 196.5320 4.6434
v  810.0235 196.5320 4.7434
v  809.9235 196.5320 5.0434
v  810.3059 197.8556 5.0090
v  810.3059 197.9556 5.3090
v  810.0837 198.0334 5.2312
v  810.0060 197.9556 5.0090
v  810.3059 197.9556 4.7090
v  810.0837 198.0334 4.7867
v  810.5282 198.0334 4.7867
v  810.6059 197.9556 5.0090
v  810.5282 198.0334 5.2312
v  810.3059 198.6556 5.0090
v  810.0060 198.5556 5.0090
v  810.0837 198.4779 5.2312
v  810.3059 198.5556 5.3090
v  810.6059 198.5556 5.0090
v  810.5282 198.4779 5.2312
v  810.5282 198.4779 4.7867
v  810.3059 198.5556 4.7090
v  810.0837 198.4779 4.7867
v  810.3059 198.2556 5.4090
v  810.0060 198.2556 5.3090
v  810.6059 198.2556 5.3090
v  810.7059 198.2556 5.0090
v  810.6059 198.2556 4.7090
v  810.3059 198.2556 4.6090
v  810.0060 198.2556 4.7090
v  809.9059 198.2556 5.0089
v  810.2887 199.5792 4.9743
v  810.2887 199.6792 5.2743
v  810.0664 199.7570 5.1966
v  809.9887 199.6792 4.9743
v  810.2887 199.6792 4.6743
v  810.0664 199.7570 4.7521
v  810.5109 199.7570 4.7521
v  810.5886 199.6792 4.9743
v  810.5109 199.7570 5.1966
v  810.2887 200.3792 4.9743
v  809.9887 200.2792 4.9743
v  810.0664 200.2014 5.1966
v  810.2887 200.2792 5.2743
v  810.5886 200.2792 4.9743
v  810.5109 200.2014 5.1966
v  810.5109 200.2014 4.7521
v  810.2887 200.2792 4.6743
v  810.0664 200.2014 4.7521
v  810.2887 199.9792 5.3743
v  809.9887 199.9792 5.2743
v  810.5886 199.9792 5.2743
v  810.6887 199.9792 4.9743
v  810.5886 199.9792 4.6743
v  810.2887 199.9792 4.5743
v  809.9887 199.9792 4.6743
v  809.8887 199.9792 4.9743
v  810.2715 201.3028 4.9398
v  810.2715 201.4028 5.2398
v  810.0493 201.4806 5.1621
v  809.9716 201.4028 4.9398
v  810.2715 201.4028 4.6398
v  810.0493 201.4806 4.7176
v  810.4938 201.4806 4.7176
v  810.5716 201.4028 4.9398
v  810.4938 201.4806 5.1621
v  810.2715 202.1028 4.9398
v  809.9716 202.0028 4.9398
v  810.0493 201.9250 5.1621
v  810.2715 202.0028 5.2398
v  810.5716 202.0028 4.9398
v  810.4938 201.9250 5.1621
v  810.4938 201.9250 4.7176
v  810.2715 202.0028 4.6398
v  810.0493 201.9250 4.7176
v  810.2715 201.7028 5.3398
v  809.9716 201.7028 5.2398
v  810.5716 201.7028 5.2398
v  810.6716 201.7028 4.9398
v  810.5716 201.7028 4.6398
v  810.2715 201.7028 4.5398
v  809.9716 201.7028 4.6398
v  809.8716 201.7028 4.9398
v  810.2539 203.0264 4.9052
v  810.2539 203.1264 5.2052
v  810.0317 203.2042 5.1274
v  809.9539 203.1264 4.9052
v  810.2539 203.1264 4.6052
v  810.0317 203.2042 4.6829
v  810.4761 203.2042 4.6829
v  810.5540 203.1264 4.9052
v  810.4761 203.2042 5.1274
v  810.2539 203.8264 4.9052
v  809.9539 203.7264 4.9052
v  810.0317 203.6486 5.1274
v  810.2539 203.7264 5.2052
v  810.5540 203.7264 4.9052
v  810.4761 203.6486 5.1274
v  810.4761 203.6486 4.6829
v  810.2539 203.7264 4.6052
v  810.0317 203.6486 4.6829
v  810.2539 203.4264 5.3052
v  809.9539 203.4264 5.2052
v  810.5540 203.4264 5.2052
v  810.6539 203.4264 4.9052
v  810.5540 203.4264 4.6052
v  810.2539 203.4264 4.5052
v  809.9539 203.4264 4.6052
v  809.8539 203.4264 4.9052
v  809.8915 132.6870 1.7270
v  809.8915 131.5050 1.7270
v  679.7916 131.5050 1.7270
v  679.7916 132.6870 1.7270
v  809.8915 131.4960 1.7360
v  809.8915 131.4960 2.0930
v  679.7916 131.4960 2.0930
v  679.7916 131.4960 1.7360
v  809.8915 131.5050 2.1020
v  809.8915 132.6870 2.1020
v  679.7916 132.6870 2.1020
v  679.7916 131.5050 2.1020
v  809.8915 132.6960 2.0930
v  809.9005 132.6960 2.0110
v  679.7825 132.6960 2.0110
v  679.7916 132.6960 2.0930
v  809.8826 132.6870 2.0020
v  809.8826 131.6050 2.0020
v  679.8005 131.6050 2.0020
v  679.8005 132.6870 2.0020
v  809.8915 131.5960 1.9930
v  809.8915 131.5960 1.8360
v  679.7916 131.5960 1.8360
v  679.7916 131.5960 1.9930
v  809.8826 131.6050 1.8270
v  809.8826 132.6870 1.8270
v  679.8005 132.6870 1.8270
v  679.8005 131.6050 1.8270
v  809.9005 132.6960 1.8180
v  809.8915 132.6960 1.7360
v  679.7916 132.6960 1.7360
v  679.7825 132.6960 1.8180
v  679.6678 131.5050 2.0930
v  679.6678 132.6870 2.0930
v  679.6678 132.6870 2.0020
v  679.6678 131.5960 2.0020
v  679.6678 131.5960 1.8270
v  679.6678 132.6870 1.8270
v  679.6678 132.6870 1.7360
v  679.6678 131.5050 1.7360
v  810.0152 131.5960 2.0020
v  810.0152 132.6870 2.0020
v  810.0153 132.6870 2.0930
v  810.0153 131.5050 2.0930
v  810.0153 131.5050 1.7360
v  810.0153 132.6870 1.7360
v  810.0153 132.6870 1.8270
v  810.0153 131.5960 1.8270
v  810.0062 132.6870 1.7270
v  810.0062 131.5050 1.7270
v  679.6768 131.5050 1.7270
v  679.6768 132.6870 1.7270
v  810.0062 131.4960 1.7360
v  810.0062 131.4960 2.0930
v  679.6768 131.4960 2.0930
v  679.6768 131.4960 1.7360
v  810.0062 131.5050 2.1020
v  810.0062 132.6870 2.1020
v  679.6768 132.6870 2.1020
v  679.6768 131.5050 2.1020
v  810.0062 132.6960 2.0930
v  810.0062 132.6960 2.0020
v  679.6768 132.6960 2.0020
v  679.6768 132.6960 2.0930
v  810.0062 131.5960 1.9930
v  810.0062 131.5960 1.8360
v  679.6768 131.5960 1.8360
v  679.6768 131.5960 1.9930
v  810.0062 132.6960 1.8270
v  810.0062 132.6960 1.7360
v  679.6768 132.6960 1.7360
v  679.6768 132.6960 1.8270
v  679.7916 131.6050 1.9930
v  679.7916 131.6050 1.8360
v  679.7916 132.6870 1.8360
v  679.7916 132.6870 1.9930
v  679.7825 131.5960 1.8360
v  679.7825 131.5960 1.9930
v  809.9005 131.5960 1.9930
v  809.9005 131.5960 1.8360
v  809.8915 132.6870 1.9930
v  809.8915 132.6870 1.8360
v  809.8915 131.6050 1.8360
v  809.8915 131.6050 1.9930
v  679.7938 132.6870 1.9997
v  679.7916 132.6939 2.0020
v  679.7960 132.6937 2.0042
v  809.8870 132.6937 2.0042
v  809.8915 132.6933 2.0020
v  809.8892 132.6870 1.9997
v  809.8892 131.6050 1.9997
v  809.8915 131.5982 1.9987
v  809.8848 131.5982 1.9997
v  679.7983 131.5982 1.9997
v  679.7916 131.5982 1.9987
v  679.7938 131.6050 1.9997
v  679.7938 131.6050 1.8292
v  679.7916 131.5982 1.8303
v  679.7983 131.5982 1.8292
v  809.8848 131.5982 1.8292
v  809.8915 131.5982 1.8303
v  809.8892 131.6050 1.8292
v  809.8892 132.6870 1.8292
v  809.8915 132.6933 1.8270
v  809.8870 132.6937 1.8247
v  679.7960 132.6937 1.8247
v  679.7916 132.6939 1.8270
v  679.7938 132.6870 1.8292
v  679.6700 132.6937 1.7360
v  679.6711 132.6926 1.7304
v  679.6700 132.6870 1.7292
v  679.6700 131.5050 1.7292
v  679.6711 131.4993 1.7304
v  679.6700 131.4982 1.7360
v  679.6700 131.4982 2.0930
v  679.6711 131.4993 2.0986
v  679.6700 131.5050 2.0997
v  679.6700 132.6870 2.0997
v  679.6711 132.6926 2.0986
v  679.6700 132.6937 2.0930
v  810.0130 132.6937 2.0930
v  810.0118 132.6926 2.0986
v  810.0130 132.6870 2.0997
v  810.0130 131.5050 2.0997
v  810.0118 131.4994 2.0986
v  810.0130 131.4982 2.0930
v  810.0130 131.4982 1.7360
v  810.0118 131.4994 1.7304
v  810.0130 131.5050 1.7292
v  810.0130 132.6870 1.7292
v  810.0118 132.6926 1.7304
v  810.0130 132.6937 1.7360
v  810.0062 132.6937 1.7292
v  810.0062 131.4982 1.7292
v  679.6768 131.4982 1.7292
v  679.6768 132.6937 1.7292
v  810.0062 131.4982 2.0997
v  679.6768 131.4982 2.0997
v  810.0062 132.6937 2.0997
v  679.6768 132.6937 2.0997
v  810.0062 131.5960 1.9975
v  810.0111 131.5960 1.9979
v  810.0130 131.5960 1.9952
v  810.0130 131.5960 1.8337
v  810.0111 131.5960 1.8311
v  810.0062 131.5960 1.8315
v  679.6768 131.5960 1.8315
v  679.6719 131.5960 1.8311
v  679.6700 131.5960 1.8337
v  679.6700 131.5960 1.9952
v  679.6719 131.5960 1.9979
v  679.6768 131.5960 1.9975
v  679.7892 132.6937 1.9975
v  679.7892 131.5982 1.9930
v  679.7892 131.5982 1.8360
v  679.7892 132.6937 1.8315
v  679.7848 131.5960 1.9975
v  679.7848 131.5960 1.8315
v  809.8983 131.5960 1.9975
v  809.8938 131.5982 1.9930
v  809.8938 131.5982 1.8360
v  809.8983 131.5960 1.8315
v  809.8938 132.6937 1.9975
v  809.8938 132.6937 1.8315
v  679.7916 132.6937 1.7292
v  809.8915 132.6937 1.7292
v  809.8915 131.4982 1.7292
v  679.7916 131.4982 1.7292
v  809.8915 131.4982 2.0997
v  679.7916 131.4982 2.0997
v  809.8915 132.6937 2.0997
v  679.7916 132.6937 2.0997
v  679.6700 132.6937 1.8270
v  679.6700 132.6937 2.0020
v  810.0130 132.6937 2.0020
v  810.0130 132.6937 1.8270
v  679.3415 204.9138 7.9770
v  679.3415 204.6070 8.0183
v  679.3415 204.2977 8.0320
v  679.3415 203.9885 8.0179
v  679.3415 203.6817 7.9762
v  679.3415 203.3799 7.9071
v  679.3415 203.0856 7.8113
v  679.3415 202.8010 7.6894
v  679.3415 202.5285 7.5425
v  679.3415 202.2702 7.3718
v  679.3415 202.0284 7.1786
v  679.3415 201.8047 6.9646
v  679.3415 201.6012 6.7313
v  679.3415 201.4194 6.4807
v  679.3415 201.2608 6.2149
v  679.3415 201.1266 5.9359
v  679.3415 201.0181 5.6460
v  679.3415 200.9359 5.3475
v  679.3415 200.8808 5.0429
v  679.3415 200.8533 4.7345
v  679.3415 200.8535 4.4250
v  679.3415 200.8814 4.1167
v  679.3415 200.9369 3.8121
v  679.3415 201.0195 3.5137
v  679.3415 201.1284 3.2240
v  679.3415 201.2629 2.9451
v  679.3415 201.4219 2.6795
v  679.3415 201.6040 2.4292
v  679.3415 201.8078 2.1962
v  679.3415 202.0317 1.9824
v  679.3415 202.2739 1.7895
v  679.3415 202.5323 1.6191
v  679.3415 202.8050 1.4726
v  679.3415 203.0898 1.3511
v  679.3415 203.3843 1.2557
v  679.3415 203.6861 1.1870
v  679.3415 203.9929 1.1456
v  679.3415 204.3022 1.1319
v  679.3415 204.6115 1.1460
v  679.3415 204.9182 1.1878
v  679.3415 205.2199 1.2569
v  679.3415 205.5143 1.3527
v  679.3415 205.7989 1.4746
v  679.3415 206.0714 1.6214
v  679.3415 206.3297 1.7922
v  679.3415 206.5715 1.9853
v  679.3415 206.7952 2.1994
v  679.3415 206.9987 2.4327
v  679.3415 207.1805 2.6832
v  679.3415 207.3391 2.9491
v  679.3415 207.4733 3.2281
v  679.3415 207.5818 3.5180
v  679.3415 207.6640 3.8165
v  679.3415 207.7191 4.1211
v  679.3415 207.7466 4.4294
v  679.3415 207.7464 4.7390
v  679.3415 207.7185 5.0473
v  679.3415 207.6630 5.3519
v  679.3415 207.5804 5.6502
v  679.3415 207.4715 5.9400
v  679.3415 207.3370 6.2188
v  679.3415 207.1780 6.4845
v  679.3415 206.9959 6.7348
v  679.3415 206.7921 6.9678
v  679.3415 206.5682 7.1816
v  679.3415 206.3260 7.3745
v  679.3415 206.0675 7.5448
v  679.3415 205.7948 7.6913
v  679.3415 205.5101 7.8128
v  679.3415 205.2156 7.9083
v  679.2915 204.6137 8.0679
v  678.9915 204.6137 8.0679
v  678.9915 204.3000 8.0820
v  679.2915 204.3000 8.0820
v  679.2915 204.9249 8.0257
v  678.9915 204.9249 8.0257
v  679.2915 205.2311 7.9559
v  678.9915 205.2311 7.9559
v  679.2915 205.5298 7.8588
v  678.9915 205.5298 7.8588
v  679.2915 205.8185 7.7354
v  678.9915 205.8185 7.7354
v  679.2915 206.0951 7.5866
v  678.9915 206.0951 7.5866
v  679.2915 206.3572 7.4135
v  678.9915 206.3572 7.4135
v  679.2915 206.6027 7.2177
v  678.9915 206.6027 7.2177
v  679.2915 206.8297 7.0007
v  678.9915 206.8297 7.0007
v  679.2915 207.0363 6.7642
v  678.9915 207.0363 6.7642
v  679.2915 207.2210 6.5101
v  678.9915 207.2210 6.5101
v  679.2915 207.3820 6.2405
v  678.9915 207.3820 6.2405
v  679.2915 207.5183 5.9576
v  678.9915 207.5183 5.9576
v  679.2915 207.6286 5.6635
v  678.9915 207.6286 5.6635
v  679.2915 207.7122 5.3608
v  678.9915 207.7122 5.3608
v  679.2915 207.7683 5.0518
v  678.9915 207.7683 5.0518
v  679.2915 207.7964 4.7390
v  678.9915 207.7964 4.7390
v  679.2915 207.7964 4.4250
v  678.9915 207.7964 4.4250
v  679.2915 207.7683 4.1122
v  678.9915 207.7683 4.1122
v  679.2915 207.7122 3.8032
v  678.9915 207.7122 3.8032
v  679.2915 207.6286 3.5004
v  678.9915 207.6286 3.5004
v  679.2915 207.5183 3.2064
v  678.9915 207.5183 3.2064
v  679.2915 207.3820 2.9234
v  678.9915 207.3820 2.9234
v  679.2915 207.2210 2.6538
v  678.9915 207.2210 2.6538
v  679.2915 207.0363 2.3998
v  678.9915 207.0363 2.3998
v  679.2915 206.8297 2.1633
v  678.9915 206.8297 2.1633
v  679.2915 206.6027 1.9462
v  678.9915 206.6027 1.9462
v  679.2915 206.3572 1.7504
v  678.9915 206.3572 1.7504
v  679.2915 206.0951 1.5774
v  678.9915 206.0951 1.5774
v  679.2915 205.8185 1.4286
v  678.9915 205.8185 1.4286
v  679.2915 205.5298 1.3052
v  678.9915 205.5298 1.3052
v  679.2915 205.2311 1.2081
v  678.9915 205.2311 1.2081
v  679.2915 204.9249 1.1382
v  678.9915 204.9249 1.1382
v  679.2915 204.6137 1.0961
v  678.9915 204.6137 1.0961
v  679.2915 204.3000 1.0820
v  678.9915 204.3000 1.0820
v  679.2915 203.9862 1.0961
v  678.9915 203.9862 1.0961
v  679.2915 203.6750 1.1382
v  678.9915 203.6750 1.1382
v  679.2915 203.3688 1.2081
v  678.9915 203.3688 1.2081
v  679.2915 203.0701 1.3052
v  678.9915 203.0701 1.3052
v  679.2915 202.7813 1.4286
v  678.9915 202.7813 1.4286
v  679.2915 202.5048 1.5774
v  678.9915 202.5048 1.5774
v  679.2915 202.2427 1.7504
v  678.9915 202.2427 1.7504
v  679.2915 201.9972 1.9462
v  678.9915 201.9972 1.9462
v  679.2915 201.7702 2.1633
v  678.9915 201.7702 2.1633
v  679.2915 201.5635 2.3998
v  678.9915 201.5635 2.3998
v  679.2915 201.3789 2.6538
v  678.9915 201.3789 2.6538
v  679.2915 201.2179 2.9234
v  678.9915 201.2179 2.9234
v  679.2915 201.0816 3.2064
v  678.9915 201.0816 3.2064
v  679.2915 200.9713 3.5004
v  678.9915 200.9713 3.5004
v  679.2915 200.8877 3.8032
v  678.9915 200.8877 3.8032
v  679.2915 200.8316 4.1122
v  678.9915 200.8316 4.1122
v  679.2915 200.8035 4.4250
v  678.9915 200.8035 4.4250
v  679.2915 200.8035 4.7390
v  678.9915 200.8035 4.7390
v  679.2915 200.8316 5.0518
v  678.9915 200.8316 5.0518
v  679.2915 200.8877 5.3608
v  678.9915 200.8877 5.3608
v  679.2915 200.9713 5.6635
v  678.9915 200.9713 5.6635
v  679.2915 201.0816 5.9576
v  678.9915 201.0816 5.9576
v  679.2915 201.2179 6.2405
v  678.9915 201.2179 6.2405
v  679.2915 201.3789 6.5101
v  678.9915 201.3789 6.5101
v  679.2915 201.5636 6.7642
v  678.9915 201.5636 6.7642
v  679.2915 201.7702 7.0007
v  678.9915 201.7702 7.0007
v  679.2915 201.9972 7.2177
v  678.9915 201.9972 7.2177
v  679.2915 202.2427 7.4135
v  678.9915 202.2427 7.4135
v  679.2915 202.5048 7.5866
v  678.9915 202.5048 7.5866
v  679.2915 202.7814 7.7354
v  678.9915 202.7814 7.7354
v  679.2915 203.0701 7.8588
v  678.9915 203.0701 7.8588
v  679.2915 203.3688 7.9559
v  678.9915 203.3688 7.9559
v  679.2915 203.6750 8.0257
v  678.9915 203.6750 8.0257
v  679.2915 203.9862 8.0679
v  678.9915 203.9862 8.0679
v  678.9415 203.0898 7.8128
v  678.9415 203.3843 7.9083
v  678.9415 203.6861 7.9770
v  678.9415 203.9929 8.0183
v  678.9415 204.3022 8.0320
v  678.9415 204.6115 8.0179
v  678.9415 204.9182 7.9762
v  678.9415 205.2199 7.9071
v  678.9415 205.5143 7.8113
v  678.9415 205.7989 7.6894
v  678.9415 206.0714 7.5425
v  678.9415 206.3297 7.3718
v  678.9415 206.5715 7.1786
v  678.9415 206.7952 6.9646
v  678.9415 206.9987 6.7313
v  678.9415 207.1805 6.4807
v  678.9415 207.3391 6.2149
v  678.9415 207.4733 5.9359
v  678.9415 207.5818 5.6460
v  678.9415 207.6640 5.3475
v  678.9415 207.7191 5.0429
v  678.9415 207.7466 4.7345
v  678.9415 207.7464 4.4250
v  678.9415 207.7185 4.1167
v  678.9415 207.6630 3.8121
v  678.9415 207.5804 3.5137
v  678.9415 207.4715 3.2240
v  678.9415 207.3370 2.9451
v  678.9415 207.1780 2.6795
v  678.9415 206.9959 2.4292
v  678.9415 206.7921 2.1962
v  678.9415 206.5682 1.9824
v  678.9415 206.3260 1.7895
v  678.9415 206.0675 1.6191
v  678.9415 205.7948 1.4726
v  678.9415 205.5101 1.3511
v  678.9415 205.2156 1.2557
v  678.9415 204.9138 1.1870
v  678.9415 204.6070 1.1456
v  678.9415 204.2977 1.1319
v  678.9415 203.9885 1.1460
v  678.9415 203.6817 1.1878
v  678.9415 203.3799 1.2569
v  678.9415 203.0856 1.3527
v  678.9415 202.8010 1.4746
v  678.9415 202.5285 1.6214
v  678.9415 202.2702 1.7922
v  678.9415 202.0283 1.9853
v  678.9415 201.8047 2.1994
v  678.9415 201.6012 2.4327
v  678.9415 201.4194 2.6832
v  678.9415 201.2608 2.9491
v  678.9415 201.1266 3.2281
v  678.9415 201.0181 3.5180
v  678.9415 200.9359 3.8165
v  678.9415 200.8808 4.1211
v  678.9415 200.8533 4.4294
v  678.9415 200.8535 4.7390
v  678.9415 200.8814 5.0473
v  678.9415 200.9369 5.3519
v  678.9415 201.0195 5.6502
v  678.9415 201.1284 5.9400
v  678.9415 201.2629 6.2188
v  678.9415 201.4219 6.4845
v  678.9415 201.6040 6.7348
v  678.9415 201.8078 6.9678
v  678.9415 202.0317 7.1816
v  678.9415 202.2739 7.3745
v  678.9415 202.5323 7.5448
v  678.9415 202.8050 7.6913
v  679.3290 203.9868 8.0554
v  679.3290 203.6767 8.0134
v  679.3290 203.3716 7.9437
v  679.3290 203.0740 7.8469
v  679.3290 202.7863 7.7239
v  679.3290 202.5107 7.5756
v  679.3290 202.2496 7.4031
v  679.3290 202.0050 7.2080
v  679.3290 201.7788 6.9917
v  679.3290 201.5729 6.7560
v  679.3290 201.3891 6.5028
v  679.3290 201.2286 6.2341
v  679.3290 201.0929 5.9522
v  679.3290 200.9830 5.6592
v  679.3290 200.8997 5.3575
v  679.3290 200.8439 5.0496
v  679.3290 200.8159 4.7379
v  679.3290 200.8160 4.4250
v  679.3290 200.8441 4.1133
v  679.3290 200.9000 3.8054
v  679.3290 200.9833 3.5038
v  679.3290 201.0933 3.2108
v  679.3290 201.2291 2.9289
v  679.3290 201.3897 2.6603
v  679.3290 201.5737 2.4071
v  679.3290 201.7796 2.1715
v  679.3290 202.0058 1.9553
v  679.3290 202.2505 1.7602
v  679.3290 202.5117 1.5878
v  679.3290 202.7873 1.4396
v  679.3290 203.0751 1.3167
v  679.3290 203.3727 1.2200
v  679.3290 203.6778 1.1504
v  679.3290 203.9879 1.1085
v  679.3290 204.3005 1.0945
v  679.3290 204.6131 1.1086
v  679.3290 204.9232 1.1506
v  679.3290 205.2283 1.2203
v  679.3290 205.5259 1.3170
v  679.3290 205.8136 1.4401
v  679.3290 206.0892 1.5884
v  679.3290 206.3503 1.7609
v  679.3290 206.5949 1.9560
v  679.3290 206.8211 2.1723
v  679.3290 207.0269 2.4080
v  679.3290 207.2108 2.6612
v  679.3290 207.3713 2.9299
v  679.3290 207.5070 3.2118
v  679.3290 207.6169 3.5048
v  679.3290 207.7001 3.8065
v  679.3290 207.7560 4.1144
v  679.3290 207.7840 4.4261
v  679.3290 207.7839 4.7390
v  679.3290 207.7558 5.0507
v  679.3290 207.6999 5.3586
v  679.3290 207.6166 5.6602
v  679.3290 207.5066 5.9532
v  679.3290 207.3708 6.2351
v  679.3290 207.2102 6.5037
v  679.3290 207.0262 6.7569
v  679.3290 206.8203 6.9925
v  679.3290 206.5941 7.2087
v  679.3290 206.3494 7.4038
v  679.3290 206.0882 7.5761
v  679.3290 205.8126 7.7244
v  679.3290 205.5249 7.8473
v  679.3290 205.2272 7.9440
v  679.3290 204.9221 8.0136
v  679.3290 204.6120 8.0555
v  679.3290 204.2994 8.0695
v  678.9540 204.6131 8.0554
v  678.9540 204.3005 8.0695
v  678.9540 204.9232 8.0134
v  678.9540 205.2283 7.9437
v  678.9540 205.5259 7.8469
v  678.9540 205.8136 7.7239
v  678.9540 206.0892 7.5755
v  678.9540 206.3503 7.4031
v  678.9540 206.5949 7.2080
v  678.9540 206.8211 6.9917
v  678.9540 207.0269 6.7560
v  678.9540 207.2108 6.5028
v  678.9540 207.3713 6.2341
v  678.9540 207.5070 5.9521
v  678.9540 207.6169 5.6592
v  678.9540 207.7001 5.3575
v  678.9540 207.7560 5.0496
v  678.9540 207.7840 4.7379
v  678.9540 207.7839 4.4250
v  678.9540 207.7558 4.1133
v  678.9540 207.6999 3.8054
v  678.9540 207.6166 3.5038
v  678.9540 207.5066 3.2108
v  678.9540 207.3708 2.9289
v  678.9540 207.2102 2.6603
v  678.9540 207.0262 2.4071
v  678.9540 206.8203 2.1715
v  678.9540 206.5941 1.9553
v  678.9540 206.3494 1.7602
v  678.9540 206.0882 1.5878
v  678.9540 205.8126 1.4396
v  678.9540 205.5249 1.3167
v  678.9540 205.2272 1.2200
v  678.9540 204.9221 1.1504
v  678.9540 204.6120 1.1085
v  678.9540 204.2994 1.0945
v  678.9540 203.9868 1.1086
v  678.9540 203.6767 1.1506
v  678.9540 203.3716 1.2203
v  678.9540 203.0740 1.3171
v  678.9540 202.7863 1.4401
v  678.9540 202.5107 1.5884
v  678.9540 202.2496 1.7609
v  678.9540 202.0050 1.9560
v  678.9540 201.7788 2.1723
v  678.9540 201.5729 2.4080
v  678.9540 201.3891 2.6612
v  678.9540 201.2286 2.9299
v  678.9540 201.0929 3.2118
v  678.9540 200.9830 3.5048
v  678.9540 200.8997 3.8065
v  678.9540 200.8439 4.1144
v  678.9540 200.8159 4.4261
v  678.9540 200.8160 4.7390
v  678.9540 200.8441 5.0507
v  678.9540 200.9000 5.3586
v  678.9540 200.9833 5.6602
v  678.9540 201.0933 5.9532
v  678.9540 201.2291 6.2351
v  678.9540 201.3897 6.5037
v  678.9540 201.5737 6.7569
v  678.9540 201.7796 6.9925
v  678.9540 202.0058 7.2087
v  678.9540 202.2505 7.4038
v  678.9540 202.5117 7.5761
v  678.9540 202.7873 7.7244
v  678.9540 203.0751 7.8473
v  678.9540 203.3727 7.9440
v  678.9540 203.6778 8.0136
v  678.9540 203.9879 8.0555
v  678.6683 202.9300 1.0628
v  678.6683 202.9300 0.9048
v  679.6263 202.9300 0.9048
v  679.6263 202.9300 1.0628
v  679.6263 205.4300 0.9048
v  678.6683 205.4300 0.9048
v  678.6683 205.4300 1.0628
v  679.6263 205.4300 1.0628
v  679.6473 202.9510 0.9048
v  679.6473 205.4090 0.9048
v  679.6473 205.4090 1.0628
v  679.6473 202.9510 1.0628
v  678.6683 202.9510 0.8838
v  678.6683 205.4090 0.8838
v  679.6263 205.4090 0.8838
v  679.6263 202.9510 0.8838
v  678.6473 202.9510 1.0628
v  678.6473 205.4090 1.0628
v  678.6473 205.4090 0.9048
v  678.6473 202.9510 0.9048
v  679.6263 202.9510 1.0838
v  679.6263 205.4090 1.0838
v  678.6683 205.4090 1.0838
v  678.6683 202.9510 1.0838
v  679.6421 202.9352 1.0628
v  679.6395 202.9379 1.0760
v  679.6263 202.9352 1.0786
v  678.6683 202.9352 1.0786
v  678.6553 202.9379 1.0760
v  678.6526 202.9352 1.0628
v  678.6526 202.9352 0.9048
v  678.6553 202.9379 0.8917
v  678.6683 202.9352 0.8891
v  679.6263 202.9352 0.8891
v  679.6395 202.9379 0.8917
v  679.6421 202.9352 0.9048
v  679.6263 205.4247 1.0786
v  679.6395 205.4221 1.0760
v  679.6421 205.4247 1.0628
v  679.6421 205.4247 0.9048
v  679.6395 205.4221 0.8917
v  679.6263 205.4247 0.8891
v  678.6683 205.4247 0.8891
v  678.6553 205.4221 0.8917
v  678.6526 205.4247 0.9048
v  678.6526 205.4247 1.0628
v  678.6553 205.4221 1.0760
v  678.6683 205.4247 1.0786
v  679.6421 202.9510 1.0786
v  679.6421 202.9510 0.8891
v  679.6421 205.4090 0.8891
v  679.6421 205.4090 1.0786
v  678.6526 202.9510 0.8891
v  678.6526 205.4090 0.8891
v  678.6526 202.9510 1.0786
v  678.6526 205.4090 1.0786
v  809.8416 204.3015 1.9869
v  809.8416 204.4454 1.9992
v  679.8415 204.4453 1.9992
v  679.8415 204.3015 1.9869
v  809.8416 204.5831 2.0173
v  679.8415 204.5831 2.0174
v  809.8416 204.7182 2.0415
v  679.8415 204.7181 2.0415
v  809.8416 204.8505 2.0717
v  679.8415 204.8504 2.0718
v  809.8416 204.9801 2.1080
v  679.8415 204.9801 2.1080
v  809.8416 205.1071 2.1503
v  679.8415 205.1071 2.1503
v  809.8416 205.2315 2.1986
v  679.8415 205.2315 2.1986
v  809.8416 205.3543 2.2535
v  679.8415 205.3542 2.2535
v  809.8416 205.4759 2.3152
v  679.8415 205.4758 2.3152
v  809.8416 205.5954 2.3832
v  679.8415 205.5953 2.3832
v  809.8416 205.7118 2.4570
v  679.8415 205.7117 2.4570
v  809.8416 205.8242 2.5359
v  679.8415 205.8242 2.5360
v  809.8416 205.9316 2.6195
v  679.8415 205.9316 2.6195
v  809.8416 206.0332 2.7071
v  679.8415 206.0331 2.7071
v  809.8416 206.1301 2.8000
v  679.8415 206.1300 2.8000
v  809.8416 206.2236 2.8990
v  679.8415 206.2235 2.8990
v  809.8416 206.3129 3.0034
v  679.8415 206.3129 3.0034
v  809.8416 206.3974 3.1122
v  679.8415 206.3974 3.1123
v  809.8416 206.4763 3.2246
v  679.8415 206.4762 3.2246
v  809.8416 206.5488 3.3396
v  679.8415 206.5487 3.3397
v  809.8416 206.6143 3.4565
v  679.8415 206.6143 3.4566
v  809.8416 206.6737 3.5769
v  679.8415 206.6737 3.5769
v  809.8416 206.7279 3.7019
v  679.8415 206.7279 3.7019
v  809.8416 206.7763 3.8305
v  679.8415 206.7763 3.8305
v  809.8416 206.8184 3.9615
v  679.8415 206.8184 3.9616
v  809.8416 206.8537 4.0939
v  679.8415 206.8537 4.0939
v  809.8416 206.8818 4.2264
v  679.8415 206.8818 4.2264
v  809.8416 206.9023 4.3581
v  679.8415 206.9022 4.3581
v  809.8416 206.9153 4.4910
v  679.8415 206.9153 4.4910
v  809.8416 206.9214 4.6268
v  679.8415 206.9213 4.6268
v  809.8416 206.9204 4.7640
v  679.8415 206.9204 4.7641
v  809.8416 206.9125 4.9015
v  679.8415 206.9124 4.9015
v  809.8416 206.8976 5.0378
v  679.8415 206.8976 5.0378
v  809.8416 206.8759 5.1717
v  679.8415 206.8758 5.1717
v  809.8416 206.8473 5.3019
v  679.8415 206.8473 5.3019
v  809.8416 206.8114 5.4302
v  679.8415 206.8114 5.4302
v  809.8416 206.7678 5.5585
v  679.8415 206.7677 5.5586
v  809.8416 206.7169 5.6858
v  679.8415 206.7169 5.6858
v  809.8416 206.6594 5.8108
v  679.8415 206.6594 5.8108
v  809.8416 206.5958 5.9323
v  679.8415 206.5958 5.9323
v  809.8416 206.5267 6.0492
v  679.8415 206.5267 6.0492
v  809.8416 206.4527 6.1605
v  679.8415 206.4527 6.1606
v  809.8416 206.3726 6.2680
v  679.8415 206.3726 6.2680
v  809.8416 206.2856 6.3729
v  679.8415 206.2856 6.3730
v  809.8416 206.1927 6.4742
v  679.8415 206.1926 6.4742
v  809.8416 206.0945 6.5706
v  679.8415 206.0945 6.5706
v  809.8416 205.9921 6.6609
v  679.8415 205.9920 6.6610
v  809.8416 205.8862 6.7441
v  679.8415 205.8861 6.7441
v  809.8416 205.7776 6.8191
v  679.8415 205.7776 6.8191
v  809.8416 205.6644 6.8871
v  679.8415 205.6644 6.8871
v  809.8416 205.5449 6.9494
v  679.8415 205.5448 6.9494
v  809.8416 205.4203 7.0056
v  679.8415 205.4203 7.0057
v  809.8416 205.2922 7.0553
v  679.8415 205.2922 7.0554
v  809.8416 205.1619 7.0981
v  679.8415 205.1618 7.0981
v  809.8416 205.0307 7.1335
v  679.8415 205.0307 7.1335
v  809.8416 204.9002 7.1612
v  679.8415 204.9001 7.1612
v  809.8416 204.7681 7.1818
v  679.8415 204.7680 7.1818
v  809.8416 204.6326 7.1956
v  679.8415 204.6325 7.1956
v  809.8416 204.4953 7.2023
v  679.8415 204.4952 7.2023
v  809.8416 204.3578 7.2016
v  679.8415 204.3577 7.2016
v  809.8416 204.2216 7.1933
v  679.8415 204.2216 7.1934
v  809.8416 204.0883 7.1772
v  679.8415 204.0883 7.1773
v  809.8416 203.9593 7.1531
v  679.8415 203.9593 7.1532
v  809.8416 203.8319 7.1203
v  679.8415 203.8319 7.1203
v  809.8416 203.7039 7.0786
v  679.8415 203.7039 7.0787
v  809.8416 203.5767 7.0288
v  679.8415 203.5767 7.0288
v  809.8416 203.4519 6.9715
v  679.8415 203.4518 6.9715
v  809.8416 203.3309 6.9074
v  679.8415 203.3308 6.9075
v  809.8416 203.2151 6.8375
v  679.8415 203.2151 6.8375
v  809.8416 203.1060 6.7624
v  679.8415 203.1059 6.7625
v  809.8416 203.0016 6.6808
v  679.8415 203.0016 6.6809
v  809.8416 202.9001 6.5914
v  679.8415 202.9001 6.5914
v  809.8416 202.8027 6.4951
v  679.8415 202.8027 6.4952
v  809.8416 202.7106 6.3933
v  679.8415 202.7105 6.3933
v  809.8416 202.6249 6.2870
v  679.8415 202.6249 6.2870
v  809.8416 202.5470 6.1774
v  679.8415 202.5470 6.1775
v  809.8416 202.4777 6.0656
v  679.8415 202.4776 6.0657
v  809.8416 202.4156 5.9492
v  679.8415 202.4156 5.9492
v  809.8416 202.3594 5.8263
v  679.8415 202.3593 5.8263
v  809.8416 202.3098 5.6986
v  679.8415 202.3098 5.6987
v  809.8416 202.2677 5.5680
v  679.8415 202.2677 5.5680
v  809.8416 202.2338 5.4360
v  679.8415 202.2337 5.4360
v  809.8416 202.2086 5.3045
v  679.8415 202.2086 5.3045
v  809.8416 202.1928 5.1748
v  679.8415 202.1928 5.1749
v  809.8416 202.1862 5.0441
v  679.8415 202.1862 5.0441
v  809.8416 202.1882 4.9097
v  679.8415 202.1882 4.9097
v  809.8416 202.1988 4.7735
v  679.8415 202.1987 4.7735
v  809.8416 202.2177 4.6376
v  679.8415 202.2176 4.6376
v  809.8416 202.2447 4.5039
v  679.8415 202.2446 4.5039
v  809.8416 202.2795 4.3743
v  679.8415 202.2794 4.3743
v  809.8416 202.3218 4.2506
v  679.8415 202.3218 4.2506
v  809.8416 202.3728 4.1299
v  679.8415 202.3727 4.1299
v  809.8416 202.4332 4.0097
v  679.8415 202.4331 4.0097
v  809.8416 202.5020 3.8916
v  679.8415 202.5020 3.8916
v  809.8416 202.5784 3.7776
v  679.8415 202.5783 3.7776
v  809.8416 202.6611 3.6693
v  679.8415 202.6610 3.6693
v  809.8416 202.7491 3.5685
v  679.8415 202.7490 3.5686
v  809.8416 202.8413 3.4768
v  679.8415 202.8412 3.4768
v  809.8416 202.9402 3.3919
v  679.8415 202.9402 3.3919
v  809.8416 203.0478 3.3115
v  679.8415 203.0478 3.3115
v  809.8416 203.1623 3.2371
v  679.8415 203.1623 3.2371
v  809.8416 203.2818 3.1698
v  679.8415 203.2818 3.1698
v  809.8416 203.4044 3.1107
v  679.8415 203.4044 3.1108
v  809.8416 203.5283 3.0611
v  679.8415 203.5282 3.0612
v  809.8416 203.6517 3.0218
v  679.8415 203.6516 3.0219
v  809.8416 203.7782 2.9920
v  679.8415 203.7781 2.9920
v  809.8416 203.9106 2.9703
v  679.8415 203.9106 2.9703
v  809.8416 204.0466 2.9573
v  679.8415 204.0465 2.9573
v  809.8416 204.1836 2.9532
v  679.8415 204.1836 2.9532
v  809.8416 204.3194 2.9583
v  679.8415 204.3193 2.9583
v  809.8416 204.4514 2.9727
v  679.8415 204.4513 2.9727
v  809.8416 204.5776 2.9964
v  679.8415 204.5775 2.9965
v  809.8416 204.7018 3.0306
v  679.8415 204.7018 3.0306
v  809.8416 204.8276 3.0755
v  679.8415 204.8276 3.0756
v  809.8416 204.9525 3.1303
v  679.8415 204.9525 3.1303
v  809.8416 205.0741 3.1938
v  679.8415 205.0740 3.1939
v  809.8416 205.1899 3.2650
v  679.8415 205.1898 3.2650
v  809.8416 205.2976 3.3425
v  679.8415 205.2976 3.3426
v  809.8416 205.3953 3.4253
v  679.8415 205.3953 3.4254
v  809.8416 205.4860 3.5163
v  679.8415 205.4859 3.5164
v  809.8416 205.5726 3.6178
v  679.8415 205.5726 3.6179
v  809.8416 205.6535 3.7277
v  679.8415 205.6534 3.7277
v  809.8416 205.7268 3.8435
v  679.8415 205.7267 3.8436
v  809.8416 205.7910 3.9632
v  679.8415 205.7909 3.9632
v  809.8416 205.8445 4.0841
v  679.8415 205.8445 4.0841
v  809.8416 205.8861 4.2042
v  679.8415 205.8861 4.2043
v  809.8416 205.9171 4.3282
v  679.8415 205.9171 4.3282
v  809.8416 205.9390 4.4597
v  679.8415 205.9390 4.4597
v  809.8416 205.9513 4.5956
v  679.8415 205.9513 4.5957
v  809.8416 205.9537 4.7329
v  679.8415 205.9537 4.7329
v  809.8416 205.9459 4.8682
v  679.8415 205.9459 4.8682
v  809.8416 205.9279 4.9985
v  679.8415 205.9279 4.9986
v  809.8416 205.8996 5.1212
v  679.8415 205.8996 5.1212
v  809.8416 205.8596 5.2413
v  679.8415 205.8596 5.2413
v  809.8416 205.8070 5.3633
v  679.8415 205.8070 5.3633
v  809.8416 205.7434 5.4840
v  679.8415 205.7434 5.4841
v  809.8416 205.6702 5.6003
v  679.8415 205.6702 5.6003
v  809.8416 205.5893 5.7089
v  679.8415 205.5893 5.7089
v  809.8416 205.5026 5.8070
v  679.8415 205.5025 5.8070
v  809.8416 205.4116 5.8920
v  679.8415 205.4116 5.8920
v  809.8416 205.3118 5.9677
v  679.8415 205.3118 5.9677
v  809.8416 205.1996 6.0378
v  679.8415 205.1996 6.0378
v  809.8416 205.0784 6.1003
v  679.8415 205.0783 6.1003
v  809.8416 204.9516 6.1533
v  679.8415 204.9515 6.1533
v  809.8416 204.8228 6.1950
v  679.8415 204.8228 6.1950
v  809.8416 204.6959 6.2240
v  679.8415 204.6959 6.2241
v  809.8416 204.5739 6.2392
v  679.8415 204.5739 6.2393
v  809.8416 204.4501 6.2409
v  679.8415 204.4500 6.2409
v  809.8416 204.3185 6.2300
v  679.8415 204.3185 6.2301
v  809.8416 204.1838 6.2070
v  679.8415 204.1838 6.2070
v  809.8416 204.0505 6.1725
v  679.8415 204.0505 6.1725
v  809.8416 203.9231 6.1274
v  679.8415 203.9230 6.1274
v  809.8416 203.8060 6.0730
v  679.8415 203.8059 6.0730
v  809.8416 203.7027 6.0104
v  679.8415 203.7027 6.0105
v  809.8416 203.6069 5.9350
v  679.8415 203.6069 5.9350
v  809.8416 203.5125 5.8434
v  679.8415 203.5125 5.8434
v  809.8416 203.4234 5.7393
v  679.8415 203.4234 5.7393
v  809.8416 203.3432 5.6267
v  679.8415 203.3432 5.6267
v  809.8416 203.2752 5.5098
v  679.8415 203.2752 5.5098
v  809.8416 203.2224 5.3932
v  679.8415 203.2224 5.3932
v  809.8416 203.1870 5.2807
v  679.8415 203.1869 5.2807
v  809.8416 203.1670 5.1628
v  679.8415 203.1669 5.1629
v  809.8416 203.1597 5.0319
v  679.8415 203.1597 5.0319
v  809.8416 203.1657 4.8943
v  679.8415 203.1657 4.8943
v  809.8416 203.1848 4.7566
v  679.8415 203.1848 4.7566
v  809.8416 203.2165 4.6251
v  679.8415 203.2164 4.6251
v  809.8416 203.2594 4.5064
v  679.8415 203.2594 4.5065
v  809.8416 203.3121 4.4058
v  679.8415 203.3121 4.4058
v  809.8416 203.3815 4.3130
v  679.8415 203.3814 4.3130
v  809.8416 203.4722 4.2190
v  679.8415 203.4722 4.2191
v  809.8416 203.5789 4.1300
v  679.8415 203.5788 4.1300
v  809.8416 203.6952 4.0513
v  679.8415 203.6952 4.0513
v  809.8416 203.8147 3.9878
v  679.8415 203.8147 3.9878
v  809.8416 203.9300 3.9436
v  679.8415 203.9300 3.9436
v  809.8416 204.0347 3.9213
v  679.8415 204.0347 3.9214
v  809.8416 204.1451 3.9199
v  679.8415 204.1450 3.9199
v  809.8416 204.2744 3.9371
v  679.8415 204.2743 3.9371
v  809.8416 204.4118 3.9720
v  679.8415 204.4118 3.9720
v  809.8416 204.5464 4.0222
v  679.8415 204.5463 4.0222
v  809.8416 204.6675 4.0841
v  679.8415 204.6675 4.0841
v  809.8416 204.7650 4.1524
v  679.8415 204.7649 4.1524
v  809.8416 204.8306 4.2202
v  679.8415 204.8306 4.2202
v  809.8416 204.8783 4.3084
v  679.8415 204.8783 4.3084
v  809.8416 204.9195 4.4343
v  679.8415 204.9195 4.4343
v  809.8416 204.9478 4.5820
v  679.8415 204.9477 4.5820
v  809.8416 204.9594 4.7339
v  679.8415 204.9594 4.7339
v  809.8416 204.9530 4.8723
v  679.8415 204.9530 4.8723
v  809.8416 204.9311 4.9771
v  679.8415 204.9310 4.9772
v  809.8416 204.9068 5.0289
v  679.8415 204.9067 5.0290
v  809.8416 204.8564 5.0595
v  679.8415 204.8564 5.0595
v  809.8416 204.7419 5.0919
v  679.8415 204.7419 5.0919
v  809.8416 204.5848 5.1129
v  679.8415 204.5848 5.1130
v  809.8416 204.4143 5.1196
v  679.8415 204.4143 5.1197
v  809.8416 204.2558 5.1137
v  679.8415 204.2558 5.1137
v  809.8416 204.1368 5.0992
v  679.8415 204.1368 5.0993
v  809.8416 204.0959 5.0904
v  679.8415 204.0959 5.0905
v  809.8416 204.0860 5.0763
v  679.8415 204.0860 5.0764
v  679.8415 204.4615 1.8501
v  809.8416 204.4616 1.8501
v  809.8416 204.3143 1.8374
v  679.8415 204.3143 1.8374
v  679.8415 204.6061 1.8691
v  809.8416 204.6062 1.8691
v  679.8415 204.7481 1.8946
v  809.8416 204.7481 1.8945
v  679.8415 204.8873 1.9264
v  809.8416 204.8874 1.9264
v  679.8415 205.0240 1.9646
v  809.8416 205.0240 1.9646
v  679.8415 205.1579 2.0092
v  809.8416 205.1580 2.0092
v  679.8415 205.2892 2.0602
v  809.8416 205.2893 2.0602
v  679.8415 205.4188 2.1181
v  809.8416 205.4188 2.1181
v  679.8415 205.5469 2.1831
v  809.8416 205.5469 2.1831
v  679.8415 205.6726 2.2546
v  809.8416 205.6726 2.2546
v  679.8415 205.7950 2.3322
v  809.8416 205.7951 2.3322
v  679.8415 205.9134 2.4154
v  809.8416 205.9134 2.4153
v  679.8415 206.0266 2.5035
v  809.8416 206.0267 2.5035
v  679.8415 206.1340 2.5962
v  809.8416 206.1341 2.5962
v  679.8415 206.2365 2.6943
v  809.8416 206.2365 2.6943
v  679.8415 206.3351 2.7987
v  809.8416 206.3351 2.7987
v  679.8415 206.4292 2.9086
v  809.8416 206.4292 2.9086
v  679.8415 206.5181 3.0232
v  809.8416 206.5181 3.0231
v  679.8415 206.6011 3.1416
v  809.8416 206.6012 3.1415
v  679.8415 206.6777 3.2630
v  809.8416 206.6777 3.2630
v  679.8415 206.7470 3.3866
v  809.8416 206.7470 3.3866
v  679.8415 206.8098 3.5138
v  809.8416 206.8099 3.5138
v  679.8415 206.8669 3.6457
v  809.8416 206.8670 3.6456
v  679.8415 206.9179 3.7812
v  809.8416 206.9180 3.7811
v  679.8415 206.9623 3.9193
v  809.8416 206.9623 3.9193
v  679.8415 206.9996 4.0590
v  809.8416 206.9996 4.0590
v  679.8415 207.0293 4.1994
v  809.8416 207.0294 4.1993
v  679.8415 207.0510 4.3393
v  809.8416 207.0511 4.3393
v  679.8415 207.0649 4.4804
v  809.8416 207.0649 4.4803
v  679.8415 207.0713 4.6240
v  809.8416 207.0713 4.6239
v  679.8415 207.0703 4.7689
v  809.8416 207.0703 4.7689
v  679.8415 207.0619 4.9140
v  809.8416 207.0620 4.9140
v  679.8415 207.0462 5.0580
v  809.8416 207.0463 5.0580
v  679.8415 207.0232 5.1998
v  809.8416 207.0232 5.1998
v  679.8415 206.9928 5.3382
v  809.8416 206.9929 5.3382
v  679.8415 206.9547 5.4746
v  809.8416 206.9547 5.4746
v  679.8415 206.9084 5.6105
v  809.8416 206.9085 5.6105
v  679.8415 206.8547 5.7450
v  809.8416 206.8548 5.7450
v  679.8415 206.7940 5.8769
v  809.8416 206.7941 5.8769
v  679.8415 206.7268 6.0053
v  809.8416 206.7269 6.0052
v  679.8415 206.6538 6.1290
v  809.8416 206.6538 6.1289
v  679.8415 206.5753 6.2469
v  809.8416 206.5753 6.2469
v  679.8415 206.4905 6.3607
v  809.8416 206.4905 6.3607
v  679.8415 206.3987 6.4716
v  809.8416 206.3987 6.4715
v  679.8415 206.3004 6.5785
v  809.8416 206.3005 6.5785
v  679.8415 206.1967 6.6804
v  809.8416 206.1967 6.6804
v  679.8415 206.0880 6.7762
v  809.8416 206.0880 6.7762
v  679.8415 205.9752 6.8649
v  809.8416 205.9752 6.8648
v  679.8415 205.8589 6.9452
v  809.8416 205.8589 6.9452
v  679.8415 205.7377 7.0180
v  809.8416 205.7377 7.0179
v  679.8415 205.6104 7.0843
v  809.8416 205.6104 7.0843
v  679.8415 205.4783 7.1440
v  809.8416 205.4783 7.1440
v  679.8415 205.3427 7.1966
v  809.8416 205.3427 7.1966
v  679.8415 205.2047 7.2418
v  809.8416 205.2048 7.2418
v  679.8415 205.0658 7.2793
v  809.8416 205.0659 7.2793
v  679.8415 204.9273 7.3088
v  809.8416 204.9273 7.3087
v  679.8415 204.7872 7.3306
v  809.8416 204.7872 7.3306
v  679.8415 204.6438 7.3452
v  809.8416 204.6438 7.3452
v  679.8415 204.4985 7.3523
v  809.8416 204.4986 7.3523
v  679.8415 204.3528 7.3516
v  809.8416 204.3529 7.3515
v  679.8415 204.2080 7.3427
v  809.8416 204.2080 7.3427
v  679.8415 204.0655 7.3255
v  809.8416 204.0656 7.3255
v  679.8415 203.9268 7.2996
v  809.8416 203.9268 7.2996
v  679.8415 203.7899 7.2644
v  809.8416 203.7900 7.2643
v  679.8415 203.6533 7.2199
v  809.8416 203.6533 7.2198
v  679.8415 203.5180 7.1668
v  809.8416 203.5180 7.1668
v  679.8415 203.3855 7.1060
v  809.8416 203.3855 7.1060
v  679.8415 203.2569 7.0380
v  809.8416 203.2570 7.0380
v  679.8415 203.1337 6.9636
v  809.8416 203.1338 6.9635
v  679.8415 203.0172 6.8834
v  809.8416 203.0172 6.8834
v  679.8415 202.9057 6.7962
v  809.8416 202.9058 6.7962
v  679.8415 202.7977 6.7011
v  809.8416 202.7978 6.7010
v  679.8415 202.6943 6.5989
v  809.8416 202.6943 6.5989
v  679.8415 202.5965 6.4907
v  809.8416 202.5965 6.4907
v  679.8415 202.5053 6.3776
v  809.8416 202.5054 6.3775
v  679.8415 202.4220 6.2605
v  809.8416 202.4221 6.2605
v  679.8415 202.3476 6.1405
v  809.8416 202.3477 6.1405
v  679.8415 202.2811 6.0157
v  809.8416 202.2812 6.0157
v  679.8415 202.2212 5.8847
v  809.8416 202.2212 5.8846
v  679.8415 202.1684 5.7488
v  809.8416 202.1685 5.7488
v  679.8415 202.1236 5.6097
v  809.8416 202.1236 5.6097
v  679.8415 202.0874 5.4688
v  809.8416 202.0874 5.4688
v  679.8415 202.0604 5.3277
v  809.8416 202.0604 5.3276
v  679.8415 202.0433 5.1877
v  809.8416 202.0434 5.1877
v  679.8415 202.0362 5.0468
v  809.8416 202.0362 5.0468
v  679.8415 202.0383 4.9028
v  809.8416 202.0384 4.9028
v  679.8415 202.0496 4.7574
v  809.8416 202.0496 4.7574
v  679.8415 202.0698 4.6124
v  809.8416 202.0698 4.6124
v  679.8415 202.0986 4.4696
v  809.8416 202.0987 4.4695
v  679.8415 202.1360 4.3305
v  809.8416 202.1360 4.3305
v  679.8415 202.1816 4.1971
v  809.8416 202.1817 4.1971
v  679.8415 202.2365 4.0671
v  809.8416 202.2366 4.0670
v  679.8415 202.3012 3.9382
v  809.8416 202.3013 3.9382
v  679.8415 202.3748 3.8121
v  809.8416 202.3749 3.8121
v  679.8415 202.4564 3.6903
v  809.8416 202.4564 3.6903
v  679.8415 202.5449 3.5744
v  809.8416 202.5450 3.5744
v  679.8415 202.6396 3.4660
v  809.8416 202.6396 3.4660
v  679.8415 202.7394 3.3667
v  809.8416 202.7395 3.3666
v  679.8415 202.8464 3.2748
v  809.8416 202.8465 3.2748
v  679.8415 202.9620 3.1885
v  809.8416 202.9620 3.1885
v  679.8415 203.0845 3.1088
v  809.8416 203.0846 3.1088
v  679.8415 203.2124 3.0368
v  809.8416 203.2124 3.0368
v  679.8415 203.3440 2.9735
v  809.8416 203.3440 2.9735
v  679.8415 203.4776 2.9200
v  809.8416 203.4776 2.9199
v  679.8415 203.6116 2.8773
v  809.8416 203.6117 2.8773
v  679.8415 203.7487 2.8449
v  809.8416 203.7488 2.8449
v  679.8415 203.8913 2.8216
v  809.8416 203.8913 2.8215
v  679.8415 204.0371 2.8076
v  809.8416 204.0372 2.8076
v  679.8415 204.1842 2.8032
v  809.8416 204.1842 2.8032
v  679.8415 204.3303 2.8087
v  809.8416 204.3303 2.8087
v  679.8415 204.4734 2.8243
v  809.8416 204.4734 2.8243
v  679.8415 204.6113 2.8503
v  809.8416 204.6114 2.8503
v  679.8415 204.7469 2.8876
v  809.8416 204.7470 2.8876
v  679.8415 204.8830 2.9362
v  809.8416 204.8830 2.9361
v  679.8415 205.0174 2.9951
v  809.8416 205.0174 2.9951
v  679.8415 205.1481 3.0634
v  809.8416 205.1481 3.0634
v  679.8415 205.2730 3.1402
v  809.8416 205.2730 3.1401
v  679.8415 205.3900 3.2244
v  809.8416 205.3900 3.2244
v  679.8415 205.4970 3.3151
v  809.8416 205.4971 3.3151
v  679.8415 205.5962 3.4147
v  809.8416 205.5962 3.4146
v  679.8415 205.6901 3.5246
v  809.8416 205.6901 3.5246
v  679.8415 205.7773 3.6431
v  809.8416 205.7773 3.6430
v  679.8415 205.8563 3.7680
v  809.8416 205.8563 3.7679
v  679.8415 205.9257 3.8973
v  809.8416 205.9257 3.8973
v  679.8415 205.9840 4.0292
v  809.8416 205.9841 4.0291
v  679.8415 206.0298 4.1615
v  809.8416 206.0299 4.1615
v  679.8415 206.0639 4.2977
v  809.8416 206.0639 4.2977
v  679.8415 206.0877 4.4406
v  809.8416 206.0878 4.4406
v  679.8415 206.1011 4.5876
v  809.8416 206.1011 4.5876
v  679.8415 206.1036 4.7359
v  809.8416 206.1037 4.7359
v  679.8415 206.0952 4.8828
v  809.8416 206.0952 4.8828
v  679.8415 206.0754 5.0257
v  809.8416 206.0754 5.0257
v  679.8415 206.0440 5.1618
v  809.8416 206.0441 5.1618
v  679.8415 205.9997 5.2947
v  809.8416 205.9998 5.2947
v  679.8415 205.9424 5.4280
v  809.8416 205.9424 5.4280
v  679.8415 205.8733 5.5590
v  809.8416 205.8733 5.5590
v  679.8415 205.7939 5.6851
v  809.8416 205.7939 5.6851
v  679.8415 205.7057 5.8035
v  809.8416 205.7057 5.8035
v  679.8415 205.6100 5.9116
v  809.8416 205.6100 5.9116
v  679.8415 205.5083 6.0067
v  809.8416 205.5083 6.0067
v  679.8415 205.3970 6.0911
v  809.8416 205.3971 6.0911
v  679.8415 205.2738 6.1682
v  809.8416 205.2738 6.1682
v  679.8415 205.1417 6.2363
v  809.8416 205.1417 6.2363
v  679.8415 205.0036 6.2940
v  809.8416 205.0036 6.2939
v  679.8415 204.8627 6.3396
v  809.8416 204.8627 6.3396
v  679.8415 204.7219 6.3718
v  809.8416 204.7219 6.3718
v  679.8415 204.5842 6.3889
v  809.8416 204.5842 6.3889
v  679.8415 204.4449 6.3908
v  809.8416 204.4449 6.3908
v  679.8415 204.2997 6.3789
v  809.8416 204.2997 6.3789
v  679.8415 204.1523 6.3537
v  809.8416 204.1523 6.3537
v  679.8415 204.0066 6.3160
v  809.8416 204.0066 6.3159
v  679.8415 203.8663 6.2663
v  809.8416 203.8663 6.2663
v  679.8415 203.7353 6.2053
v  809.8416 203.7353 6.2053
v  679.8415 203.6173 6.1338
v  809.8416 203.6173 6.1338
v  679.8415 203.5082 6.0480
v  809.8416 203.5082 6.0480
v  679.8415 203.4032 5.9461
v  809.8416 203.4032 5.9461
v  679.8415 203.3052 5.8317
v  809.8416 203.3052 5.8316
v  679.8415 203.2171 5.7080
v  809.8416 203.2172 5.7080
v  679.8415 203.1419 5.5785
v  809.8416 203.1419 5.5785
v  679.8415 203.0822 5.4467
v  809.8416 203.0822 5.4467
v  679.8415 203.0411 5.3159
v  809.8416 203.0412 5.3159
v  679.8415 203.0179 5.1797
v  809.8416 203.0179 5.1797
v  679.8415 203.0097 5.0329
v  809.8416 203.0097 5.0328
v  679.8415 203.0163 4.8807
v  809.8416 203.0163 4.8807
v  679.8415 203.0374 4.7287
v  809.8416 203.0374 4.7286
v  679.8415 203.0728 4.5819
v  809.8416 203.0728 4.5819
v  679.8415 203.1221 4.4459
v  809.8416 203.1222 4.4459
v  679.8415 203.1851 4.3259
v  809.8416 203.1852 4.3258
v  679.8415 203.2671 4.2159
v  809.8416 203.2671 4.2159
v  679.8415 203.3699 4.1093
v  809.8416 203.3700 4.1093
v  679.8415 203.4886 4.0102
v  809.8416 203.4886 4.0102
v  679.8415 203.6179 3.9228
v  809.8416 203.6179 3.9227
v  679.8415 203.7526 3.8512
v  809.8416 203.7527 3.8512
v  679.8415 203.8877 3.7997
v  809.8416 203.8878 3.7996
v  679.8415 204.0180 3.7723
v  809.8416 204.0180 3.7723
v  679.8415 204.1537 3.7701
v  809.8416 204.1537 3.7701
v  679.8415 204.3027 3.7898
v  809.8416 204.3027 3.7898
v  679.8415 204.4565 3.8289
v  809.8416 204.4566 3.8288
v  679.8415 204.6068 3.8850
v  809.8416 204.6069 3.8850
v  679.8415 204.7451 3.9557
v  809.8416 204.7451 3.9557
v  679.8415 204.8628 4.0387
v  809.8416 204.8628 4.0387
v  679.8415 204.9515 4.1316
v  809.8416 204.9516 4.1315
v  679.8415 205.0158 4.2485
v  809.8416 205.0159 4.2485
v  679.8415 205.0647 4.3966
v  809.8416 205.0647 4.3966
v  679.8415 205.0964 4.5622
v  809.8416 205.0965 4.5621
v  679.8415 205.1093 4.7318
v  809.8416 205.1094 4.7318
v  679.8415 205.1017 4.8919
v  809.8416 205.1017 4.8919
v  679.8415 205.0718 5.0290
v  809.8416 205.0718 5.0290
v  679.8415 205.0179 5.1296
v  809.8416 205.0180 5.1296
v  679.8415 204.9202 5.1953
v  809.8416 204.9202 5.1953
v  679.8415 204.7733 5.2386
v  809.8416 204.7733 5.2385
v  679.8415 204.5978 5.2624
v  809.8416 204.5979 5.2624
v  679.8415 204.4144 5.2697
v  809.8416 204.4145 5.2696
v  679.8415 204.2436 5.2632
v  809.8416 204.2437 5.2632
v  679.8415 204.1060 5.2461
v  809.8416 204.1060 5.2460
v  679.8415 204.0220 5.2210
v  809.8416 204.0220 5.2210
v  679.8415 203.9849 5.1871
v  809.8416 203.9849 5.1871
v  679.8415 132.1662 1.8374
v  809.8416 132.1662 1.8374
v  809.8416 132.1662 1.9869
v  679.8415 132.1662 1.9869
# 8236 vertices

vt 0.7785 0.0000 1.0000
vt 0.7642 0.0000 1.0000
vt 1.0696 0.0000 1.7944
vt 0.9884 0.0000 1.6096
vt 0.6246 0.0000 0.7193
vt 0.2597 0.0000 -0.1768
vt 0.2209 0.0000 -0.2631
vt 0.1844 0.0000 -0.3473
vt 0.1504 0.0000 -0.4287
vt 0.1192 0.0000 -0.5067
vt 0.0911 0.0000 -0.5805
vt 0.0663 0.0000 -0.6497
vt 0.0450 0.0000 -0.7137
vt 0.0273 0.0000 -0.7719
vt 0.0135 0.0000 -0.8239
vt 0.0035 0.0000 -0.8693
vt -0.0024 0.0000 -0.9076
vt -0.0043 0.0000 -0.9387
vt -0.0022 0.0000 -0.9622
vt 0.0040 0.0000 -0.9779
vt 0.0142 0.0000 -0.9858
vt 0.0283 0.0000 -0.9858
vt 0.0462 0.0000 -0.9778
vt 0.0678 0.0000 -0.9619
vt 0.0929 0.0000 -0.9383
vt 0.1212 0.0000 -0.9071
vt 0.1525 0.0000 -0.8686
vt 0.1867 0.0000 -0.8232
vt 0.2234 0.0000 -0.7711
vt 0.2623 0.0000 -0.7128
vt 0.3031 0.0000 -0.6488
vt 0.3456 0.0000 -0.5795
vt 0.3892 0.0000 -0.5056
vt 0.4338 0.0000 -0.4276
vt 0.4788 0.0000 -0.3461
vt 0.5241 0.0000 -0.2619
vt 0.5692 0.0000 -0.1756
vt 0.6137 0.0000 -0.0878
vt 0.6572 0.0000 0.0006
vt 0.6996 0.0000 0.0891
vt 0.7403 0.0000 0.1768
vt 0.7791 0.0000 0.2631
vt 0.8156 0.0000 0.3473
vt 0.8496 0.0000 0.4287
vt 0.8807 0.0000 0.5066
vt 0.9089 0.0000 0.5805
vt 0.9337 0.0000 0.6497
vt 0.9550 0.0000 0.7136
vt 0.9727 0.0000 0.7719
vt 0.9865 0.0000 0.8238
vt 0.9965 0.0000 0.8692
vt 1.0024 0.0000 0.9076
vt 1.0043 0.0000 0.9386
vt 1.0021 0.0000 0.9621
vt 0.9959 0.0000 0.9779
vt 0.9857 0.0000 0.9858
vt 0.9749 0.0000 0.9929
vt 0.9642 0.0000 1.0000
vt 0.9499 0.0000 1.0000
vt 0.9356 0.0000 1.0000
vt 0.9213 0.0000 1.0000
vt 0.9070 0.0000 1.0000
vt 0.8928 0.0000 1.0000
vt 0.8785 0.0000 1.0000
vt 0.8642 0.0000 1.0000
vt 0.8499 0.0000 1.0000
vt 0.8356 0.0000 1.0000
vt 0.8213 0.0000 1.0000
vt 0.8070 0.0000 1.0000
vt 0.7928 0.0000 1.0000
vt 0.7643 0.1250 1.0000
vt 0.7643 0.8750 1.0000
vt 0.7500 0.8750 1.0000
vt 0.7500 0.1250 1.0000
vt 0.7786 0.1250 1.0000
vt 0.7786 0.8750 1.0000
vt 0.7929 0.1250 1.0000
vt 0.7929 0.8750 1.0000
vt 0.8071 0.1250 1.0000
vt 0.8071 0.8750 1.0000
vt 0.8214 0.1250 1.0000
vt 0.8214 0.8750 1.0000
vt 0.8357 0.1250 1.0000
vt 0.8357 0.8750 1.0000
vt 0.8500 0.1250 1.0000
vt 0.8500 0.8750 1.0000
vt 0.8643 0.1250 1.0000
vt 0.8643 0.8750 1.0000
vt 0.8786 0.1250 1.0000
vt 0.8786 0.8750 1.0000
vt 0.8929 0.1250 1.0000
vt 0.8929 0.8750 1.0000
vt 0.9071 0.1250 1.0000
vt 0.9071 0.8750 1.0000
vt 0.9214 0.1250 1.0000
vt 0.9214 0.8750 1.0000
vt 0.9357 0.1250 1.0000
vt 0.9357 0.8750 1.0000
vt 0.9500 0.1250 1.0000
vt 0.9500 0.8750 1.0000
vt 0.9643 0.1250 1.0000
vt 0.9643 0.8750 1.0000
vt 0.9786 0.1250 1.0000
vt 0.9786 0.8750 1.0000
vt 0.9929 0.1250 1.0000
vt 0.9929 0.8750 1.0000
vt 0.0071 0.1250 1.0000
vt 0.0071 0.8750 1.0000
vt -0.0071 0.8750 1.0000
vt -0.0071 0.1250 1.0000
vt 0.0214 0.1250 1.0000
vt 0.0214 0.8750 1.0000
vt 0.0357 0.1250 1.0000
vt 0.0357 0.8750 1.0000
vt 0.0500 0.1250 1.0000
vt 0.0500 0.8750 1.0000
vt 0.0643 0.1250 1.0000
vt 0.0643 0.8750 1.0000
vt 0.0786 0.1250 1.0000
vt 0.0786 0.8750 1.0000
vt 0.0929 0.1250 1.0000
vt 0.0929 0.8750 1.0000
vt 0.1071 0.1250 1.0000
vt 0.1071 0.8750 1.0000
vt 0.1214 0.1250 1.0000
vt 0.1214 0.8750 1.0000
vt 0.1357 0.1250 1.0000
vt 0.1357 0.8750 1.0000
vt 0.1500 0.1250 1.0000
vt 0.1500 0.8750 1.0000
vt 0.1643 0.1250 1.0000
vt 0.1643 0.8750 1.0000
vt 0.1786 0.1250 1.0000
vt 0.1786 0.8750 1.0000
vt 0.1929 0.1250 1.0000
vt 0.1929 0.8750 1.0000
vt 0.2071 0.1250 1.0000
vt 0.2071 0.8750 1.0000
vt 0.2214 0.1250 1.0000
vt 0.2214 0.8750 1.0000
vt 0.2357 0.1250 1.0000
vt 0.2357 0.8750 1.0000
vt 0.2500 0.1250 1.0000
vt 0.2500 0.8750 1.0000
vt 0.2643 0.1250 1.0000
vt 0.2643 0.8750 1.0000
vt 0.2786 0.1250 1.0000
vt 0.2786 0.8750 1.0000
vt 0.2929 0.1250 1.0000
vt 0.2929 0.8750 1.0000
vt 0.3071 0.1250 1.0000
vt 0.3071 0.8750 1.0000
vt 0.3214 0.1250 1.0000
vt 0.3214 0.8750 1.0000
vt 0.3357 0.1250 1.0000
vt 0.3357 0.8750 1.0000
vt 0.3500 0.1250 1.0000
vt 0.3500 0.8750 1.0000
vt 0.3643 0.1250 1.0000
vt 0.3643 0.8750 1.0000
vt 0.3786 0.1250 1.0000
vt 0.3786 0.8750 1.0000
vt 0.3929 0.1250 1.0000
vt 0.3929 0.8750 1.0000
vt 0.4071 0.1250 1.0000
vt 0.4071 0.8750 1.0000
vt 0.4214 0.1250 1.0000
vt 0.4214 0.8750 1.0000
vt 0.4357 0.1250 1.0000
vt 0.4357 0.8750 1.0000
vt 0.4500 0.1250 1.0000
vt 0.4500 0.8750 1.0000
vt 0.4643 0.1250 1.0000
vt 0.4643 0.8750 1.0000
vt 0.4786 0.1250 1.0000
vt 0.4786 0.8750 1.0000
vt 0.4929 0.1250 1.0000
vt 0.4929 0.8750 1.0000
vt 0.5071 0.1250 1.0000
vt 0.5071 0.8750 1.0000
vt 0.5214 0.1250 1.0000
vt 0.5214 0.8750 1.0000
vt 0.5357 0.1250 1.0000
vt 0.5357 0.8750 1.0000
vt 0.5500 0.1250 1.0000
vt 0.5500 0.8750 1.0000
vt 0.5643 0.1250 1.0000
vt 0.5643 0.8750 1.0000
vt 0.5786 0.1250 1.0000
vt 0.5786 0.8750 1.0000
vt 0.5929 0.1250 1.0000
vt 0.5929 0.8750 1.0000
vt 0.6071 0.1250 1.0000
vt 0.6071 0.8750 1.0000
vt 0.6214 0.1250 1.0000
vt 0.6214 0.8750 1.0000
vt 0.6357 0.1250 1.0000
vt 0.6357 0.8750 1.0000
vt 0.6500 0.1250 1.0000
vt 0.6500 0.8750 1.0000
vt 0.6643 0.1250 1.0000
vt 0.6643 0.8750 1.0000
vt 0.6786 0.1250 1.0000
vt 0.6786 0.8750 1.0000
vt 0.6929 0.1250 1.0000
vt 0.6929 0.8750 1.0000
vt 0.7071 0.1250 1.0000
vt 0.7071 0.8750 1.0000
vt 0.7214 0.1250 1.0000
vt 0.7214 0.8750 1.0000
vt 0.7357 0.1250 1.0000
vt 0.7357 0.8750 1.0000
vt 0.2215 1.0000 -0.2619
vt 0.2603 1.0000 -0.1756
vt -0.0705 1.0000 -1.0410
vt -0.0135 1.0000 -0.9277
vt 0.3739 1.0000 0.0322
vt 0.7644 1.0000 1.0000
vt 0.7787 1.0000 1.0000
vt 0.7930 1.0000 1.0000
vt 0.8072 1.0000 1.0000
vt 0.8215 1.0000 1.0000
vt 0.8358 1.0000 1.0000
vt 0.8501 1.0000 1.0000
vt 0.8644 1.0000 1.0000
vt 0.8787 1.0000 1.0000
vt 0.8930 1.0000 1.0000
vt 0.9072 1.0000 1.0000
vt 0.9215 1.0000 1.0000
vt 0.9358 1.0000 1.0000
vt 0.9501 1.0000 1.0000
vt 0.9644 1.0000 1.0000
vt 0.9752 1.0000 0.9929
vt 0.9859 1.0000 0.9857
vt 0.9961 1.0000 0.9777
vt 1.0022 1.0000 0.9618
vt 1.0043 1.0000 0.9382
vt 1.0023 1.0000 0.9071
vt 0.9963 1.0000 0.8686
vt 0.9864 1.0000 0.8231
vt 0.9724 1.0000 0.7711
vt 0.9547 1.0000 0.7128
vt 0.9333 1.0000 0.6487
vt 0.9085 1.0000 0.5795
vt 0.8803 1.0000 0.5055
vt 0.8491 1.0000 0.4275
vt 0.8151 1.0000 0.3461
vt 0.7785 1.0000 0.2619
vt 0.7397 1.0000 0.1756
vt 0.6990 1.0000 0.0878
vt 0.6566 1.0000 -0.0006
vt 0.6130 1.0000 -0.0891
vt 0.5685 1.0000 -0.1768
vt 0.5235 1.0000 -0.2631
vt 0.4782 1.0000 -0.3473
vt 0.4331 1.0000 -0.4287
vt 0.3886 1.0000 -0.5066
vt 0.3449 1.0000 -0.5805
vt 0.3026 1.0000 -0.6497
vt 0.2618 1.0000 -0.7136
vt 0.2229 1.0000 -0.7718
vt 0.1862 1.0000 -0.8238
vt 0.1521 1.0000 -0.8692
vt 0.1208 1.0000 -0.9076
vt 0.0925 1.0000 -0.9386
vt 0.0675 1.0000 -0.9621
vt 0.0460 1.0000 -0.9779
vt 0.0281 1.0000 -0.9858
vt 0.0141 1.0000 -0.9857
vt 0.0039 1.0000 -0.9777
vt -0.0022 1.0000 -0.9618
vt -0.0043 1.0000 -0.9382
vt -0.0023 1.0000 -0.9071
vt 0.0037 1.0000 -0.8686
vt 0.0136 1.0000 -0.8231
vt 0.0276 1.0000 -0.7710
vt 0.0453 1.0000 -0.7128
vt 0.0667 1.0000 -0.6487
vt 0.0915 1.0000 -0.5795
vt 0.1197 1.0000 -0.5055
vt 0.1509 1.0000 -0.4275
vt 0.1849 1.0000 -0.3461
vt 0.3408 0.0000 -0.0000
vt 0.2978 0.0000 -0.0897
vt 0.2565 0.0000 -0.1788
vt 0.2172 0.0000 -0.2663
vt 0.1801 0.0000 -0.3518
vt 0.1456 0.0000 -0.4344
vt 0.1139 0.0000 -0.5135
vt 0.0854 0.0000 -0.5884
vt 0.0602 0.0000 -0.6586
vt 0.0385 0.0000 -0.7236
vt 0.0206 0.0000 -0.7827
vt 0.0065 0.0000 -0.8355
vt -0.0036 0.0000 -0.8815
vt -0.0097 0.0000 -0.9205
vt -0.0116 0.0000 -0.9521
vt -0.0095 0.0000 -0.9760
vt -0.0032 0.0000 -0.9920
vt 0.0071 0.0000 -1.0001
vt 0.0214 0.0000 -1.0001
vt 0.0395 0.0000 -0.9920
vt 0.0614 0.0000 -0.9760
vt 0.0868 0.0000 -0.9521
vt 0.1155 0.0000 -0.9205
vt 0.1473 0.0000 -0.8815
vt 0.1819 0.0000 -0.8355
vt 0.2191 0.0000 -0.7827
vt 0.2586 0.0000 -0.7236
vt 0.3000 0.0000 -0.6586
vt 0.3430 0.0000 -0.5884
vt 0.3873 0.0000 -0.5134
vt 0.4325 0.0000 -0.4343
vt 0.4782 0.0000 -0.3517
vt 0.5241 0.0000 -0.2663
vt 0.5698 0.0000 -0.1787
vt 0.6150 0.0000 -0.0897
vt 0.6592 0.0000 0.0000
vt 0.7021 0.0000 0.0897
vt 0.7435 0.0000 0.1787
vt 0.7828 0.0000 0.2663
vt 0.8199 0.0000 0.3517
vt 0.8544 0.0000 0.4343
vt 0.8860 0.0000 0.5134
vt 0.9146 0.0000 0.5884
vt 0.9398 0.0000 0.6586
vt 0.9614 0.0000 0.7235
vt 0.9794 0.0000 0.7826
vt 0.9935 0.0000 0.8354
vt 1.0036 0.0000 0.8815
vt 1.0096 0.0000 0.9205
vt 1.0116 0.0000 0.9520
vt 1.0094 0.0000 0.9759
vt 1.0032 0.0000 0.9919
vt 0.9929 0.0000 1.0000
vt 0.9786 0.0000 1.0000
vt 0.9643 0.0000 1.0000
vt 0.9500 0.0000 1.0000
vt 0.9357 0.0000 1.0000
vt 0.9214 0.0000 1.0000
vt 0.9071 0.0000 1.0000
vt 0.8929 0.0000 1.0000
vt 0.8786 0.0000 1.0000
vt 0.8643 0.0000 1.0000
vt 0.8500 0.0000 1.0000
vt 0.8357 0.0000 1.0000
vt 0.8214 0.0000 1.0000
vt 0.8071 0.0000 1.0000
vt 0.7929 0.0000 1.0000
vt 0.7786 0.0000 1.0000
vt 0.7643 0.0000 1.0000
vt 0.7500 0.0000 1.0000
vt 0.7643 1.0000 1.0000
vt 0.7500 1.0000 1.0000
vt 0.7786 1.0000 1.0000
vt 0.7929 1.0000 1.0000
vt 0.8071 1.0000 1.0000
vt 0.8214 1.0000 1.0000
vt 0.8357 1.0000 1.0000
vt 0.8500 1.0000 1.0000
vt 0.8643 1.0000 1.0000
vt 0.8786 1.0000 1.0000
vt 0.8929 1.0000 1.0000
vt 0.9071 1.0000 1.0000
vt 0.9214 1.0000 1.0000
vt 0.9357 1.0000 1.0000
vt 0.9500 1.0000 1.0000
vt 0.9643 1.0000 1.0000
vt 0.9786 1.0000 1.0000
vt 0.9929 1.0000 1.0000
vt -0.0071 0.0000 1.0000
vt 0.0071 0.0000 1.0000
vt 0.0071 1.0000 1.0000
vt -0.0071 1.0000 1.0000
vt 0.0214 0.0000 1.0000
vt 0.0214 1.0000 1.0000
vt 0.0357 0.0000 1.0000
vt 0.0357 1.0000 1.0000
vt 0.0500 0.0000 1.0000
vt 0.0500 1.0000 1.0000
vt 0.0643 0.0000 1.0000
vt 0.0643 1.0000 1.0000
vt 0.0786 0.0000 1.0000
vt 0.0786 1.0000 1.0000
vt 0.0929 0.0000 1.0000
vt 0.0929 1.0000 1.0000
vt 0.1071 0.0000 1.0000
vt 0.1071 1.0000 1.0000
vt 0.1214 0.0000 1.0000
vt 0.1214 1.0000 1.0000
vt 0.1357 0.0000 1.0000
vt 0.1357 1.0000 1.0000
vt 0.1500 0.0000 1.0000
vt 0.1500 1.0000 1.0000
vt 0.1643 0.0000 1.0000
vt 0.1643 1.0000 1.0000
vt 0.1786 0.0000 1.0000
vt 0.1786 1.0000 1.0000
vt 0.1929 0.0000 1.0000
vt 0.1929 1.0000 1.0000
vt 0.2071 0.0000 1.0000
vt 0.2071 1.0000 1.0000
vt 0.2214 0.0000 1.0000
vt 0.2214 1.0000 1.0000
vt 0.2357 0.0000 1.0000
vt 0.2357 1.0000 1.0000
vt 0.2500 0.0000 1.0000
vt 0.2500 1.0000 1.0000
vt 0.2643 0.0000 1.0000
vt 0.2643 1.0000 1.0000
vt 0.2786 0.0000 1.0000
vt 0.2786 1.0000 1.0000
vt 0.2929 0.0000 1.0000
vt 0.2929 1.0000 1.0000
vt 0.3071 0.0000 1.0000
vt 0.3071 1.0000 1.0000
vt 0.3214 0.0000 1.0000
vt 0.3214 1.0000 1.0000
vt 0.3357 0.0000 1.0000
vt 0.3357 1.0000 1.0000
vt 0.3500 0.0000 1.0000
vt 0.3500 1.0000 1.0000
vt 0.3643 0.0000 1.0000
vt 0.3643 1.0000 1.0000
vt 0.3786 0.0000 1.0000
vt 0.3786 1.0000 1.0000
vt 0.3929 0.0000 1.0000
vt 0.3929 1.0000 1.0000
vt 0.4071 0.0000 1.0000
vt 0.4071 1.0000 1.0000
vt 0.4214 0.0000 1.0000
vt 0.4214 1.0000 1.0000
vt 0.4357 0.0000 1.0000
vt 0.4357 1.0000 1.0000
vt 0.4500 0.0000 1.0000
vt 0.4500 1.0000 1.0000
vt 0.4643 0.0000 1.0000
vt 0.4643 1.0000 1.0000
vt 0.4786 0.0000 1.0000
vt 0.4786 1.0000 1.0000
vt 0.4929 0.0000 1.0000
vt 0.4929 1.0000 1.0000
vt 0.5071 0.0000 1.0000
vt 0.5071 1.0000 1.0000
vt 0.5214 0.0000 1.0000
vt 0.5214 1.0000 1.0000
vt 0.5357 0.0000 1.0000
vt 0.5357 1.0000 1.0000
vt 0.5500 0.0000 1.0000
vt 0.5500 1.0000 1.0000
vt 0.5643 0.0000 1.0000
vt 0.5643 1.0000 1.0000
vt 0.5786 0.0000 1.0000
vt 0.5786 1.0000 1.0000
vt 0.5929 0.0000 1.0000
vt 0.5929 1.0000 1.0000
vt 0.6071 0.0000 1.0000
vt 0.6071 1.0000 1.0000
vt 0.6214 0.0000 1.0000
vt 0.6214 1.0000 1.0000
vt 0.6357 0.0000 1.0000
vt 0.6357 1.0000 1.0000
vt 0.6500 0.0000 1.0000
vt 0.6500 1.0000 1.0000
vt 0.6643 0.0000 1.0000
vt 0.6643 1.0000 1.0000
vt 0.6786 0.0000 1.0000
vt 0.6786 1.0000 1.0000
vt 0.6929 0.0000 1.0000
vt 0.6929 1.0000 1.0000
vt 0.7071 0.0000 1.0000
vt 0.7071 1.0000 1.0000
vt 0.7214 0.0000 1.0000
vt 0.7214 1.0000 1.0000
vt 0.7357 0.0000 1.0000
vt 0.7357 1.0000 1.0000
vt 1.0032 1.0000 0.9919
vt 1.0094 1.0000 0.9759
vt 1.0116 1.0000 0.9520
vt 1.0097 1.0000 0.9205
vt 1.0036 1.0000 0.8815
vt 0.9935 1.0000 0.8354
vt 0.9794 1.0000 0.7826
vt 0.9614 1.0000 0.7235
vt 0.9398 1.0000 0.6586
vt 0.9146 1.0000 0.5884
vt 0.8860 1.0000 0.5134
vt 0.8544 1.0000 0.4343
vt 0.8199 1.0000 0.3517
vt 0.7828 1.0000 0.2663
vt 0.7435 1.0000 0.1787
vt 0.7021 1.0000 0.0897
vt 0.6592 1.0000 0.0000
vt 0.6150 1.0000 -0.0897
vt 0.5698 1.0000 -0.1787
vt 0.5241 1.0000 -0.2663
vt 0.4782 1.0000 -0.3517
vt 0.4325 1.0000 -0.4343
vt 0.3873 1.0000 -0.5134
vt 0.3430 1.0000 -0.5884
vt 0.3000 1.0000 -0.6586
vt 0.2586 1.0000 -0.7235
vt 0.2191 1.0000 -0.7826
vt 0.1819 1.0000 -0.8354
vt 0.1473 1.0000 -0.8815
vt 0.1155 1.0000 -0.9205
vt 0.0868 1.0000 -0.9520
vt 0.0614 1.0000 -0.9759
vt 0.0396 1.0000 -0.9919
vt 0.0214 1.0000 -1.0000
vt 0.0071 1.0000 -1.0000
vt -0.0032 1.0000 -0.9919
vt -0.0094 1.0000 -0.9759
vt -0.0116 1.0000 -0.9520
vt -0.0097 1.0000 -0.9205
vt -0.0036 1.0000 -0.8815
vt 0.0065 1.0000 -0.8354
vt 0.0206 1.0000 -0.7826
vt 0.0386 1.0000 -0.7235
vt 0.0602 1.0000 -0.6586
vt 0.0854 1.0000 -0.5884
vt 0.1140 1.0000 -0.5134
vt 0.1456 1.0000 -0.4343
vt 0.1801 1.0000 -0.3517
vt 0.2172 1.0000 -0.2663
vt 0.2565 1.0000 -0.1787
vt 0.2979 1.0000 -0.0897
vt 0.8000 0.0000 1.0000
vt 0.4095 0.0000 0.1584
vt 0.2748 0.0000 -0.1584
vt 0.1623 0.0000 -0.4596
vt 0.0827 0.0000 -0.7159
vt 0.0440 0.0000 -0.9021
vt 0.0500 0.0000 -1.0000
vt 0.1000 0.0000 -1.0000
vt 0.1892 0.0000 -0.9021
vt 0.3087 0.0000 -0.7159
vt 0.4470 0.0000 -0.4597
vt 0.5905 0.0000 -0.1584
vt 0.7252 0.0000 0.1584
vt 0.8377 0.0000 0.4596
vt 0.9173 0.0000 0.7159
vt 0.9560 0.0000 0.9021
vt 0.9000 0.0000 1.0000
vt 0.8000 1.0000 1.0000
vt 0.9000 1.0000 1.0000
vt -0.0500 0.0000 1.0000
vt 0.0000 0.0000 1.0000
vt 0.0000 1.0000 1.0000
vt -0.0500 1.0000 1.0000
vt 0.1000 0.0000 1.0000
vt 0.1000 1.0000 1.0000
vt 0.2000 0.0000 1.0000
vt 0.2000 1.0000 1.0000
vt 0.3000 0.0000 1.0000
vt 0.3000 1.0000 1.0000
vt 0.4000 0.0000 1.0000
vt 0.4000 1.0000 1.0000
vt 0.5000 0.0000 1.0000
vt 0.5000 1.0000 1.0000
vt 0.6000 0.0000 1.0000
vt 0.6000 1.0000 1.0000
vt 0.7000 0.0000 1.0000
vt 0.7000 1.0000 1.0000
vt 0.0827 1.0000 -0.7159
vt 0.1623 1.0000 -0.4596
vt 0.2748 1.0000 -0.1584
vt 0.9560 1.0000 0.9021
vt 0.9173 1.0000 0.7159
vt 0.8377 1.0000 0.4596
vt 0.7252 1.0000 0.1584
vt 0.5905 1.0000 -0.1584
vt 0.4470 1.0000 -0.4596
vt 0.3087 1.0000 -0.7159
vt 0.1892 1.0000 -0.9021
vt 0.1000 1.0000 -1.0000
vt 0.0500 1.0000 -1.0000
vt 0.0440 1.0000 -0.9021
vt 0.8950 0.9790 0.0000
vt 0.1050 0.9790 0.0000
vt 0.1050 0.0210 0.0000
vt 0.8950 0.0210 0.0000
vt 0.8950 0.0084 0.0000
vt 0.8950 0.9916 0.0000
vt 0.1050 0.9916 0.0000
vt 0.1050 0.0084 0.0000
vt 0.9790 0.0084 0.0000
vt 0.9790 0.9916 0.0000
vt 0.0210 0.9916 0.0000
vt 0.0210 0.0084 0.0000
vt 0.8950 0.0000 0.0000
vt 1.0000 0.0000 0.0000
vt 1.0000 0.0210 0.0000
vt 1.0000 0.9790 0.0000
vt 1.0000 1.0000 0.0000
vt 0.8950 1.0000 0.0000
vt 0.1050 1.0000 0.0000
vt 0.0000 1.0000 0.0000
vt 0.0000 0.9790 0.0000
vt 0.0000 0.0210 0.0000
vt 0.0000 0.0000 0.0000
vt 0.1050 0.0000 0.0000
vt 0.0000 0.0084 0.0000
vt 1.0000 0.0084 0.0000
vt 1.0000 0.9916 0.0000
vt 0.0000 0.9916 0.0000
vt 0.0210 0.0000 0.0000
vt 0.9790 0.0000 0.0000
vt 0.9790 1.0000 0.0000
vt 0.0210 1.0000 0.0000
vt 75.1236 926.2305 119.3904
vt 75.8458 1007.9810 121.3929
vt 74.8461 1008.0143 120.3932
vt 74.1239 926.2638 118.3907
vt 76.1238 926.2461 118.3907
vt 76.8460 1007.9966 120.3932
vt 75.1241 926.2794 117.3910
vt 75.8462 1008.0299 119.3935
vt 74.4203 844.5388 117.4158
vt 73.4205 844.5715 116.4161
vt 75.4204 844.5544 116.4161
vt 74.4207 844.5870 115.4164
vt 73.7396 763.0367 115.4755
vt 72.7399 763.0688 114.4758
vt 74.7398 763.0521 114.4758
vt 73.7401 763.0843 113.4761
vt 73.0856 681.8549 113.5757
vt 72.0858 681.8864 112.5759
vt 74.0858 681.8702 112.5760
vt 73.0860 681.9017 111.5762
vt 72.4621 601.1248 111.7228
vt 71.4623 601.1554 110.7230
vt 73.4623 601.1400 110.7230
vt 72.4625 601.1707 109.7233
vt 71.8730 520.9771 109.9231
vt 70.8732 521.0068 108.9233
vt 72.8732 520.9922 108.9234
vt 71.8734 521.0220 107.9236
vt 71.3223 441.5430 108.1831
vt 70.3225 441.5718 107.1833
vt 72.3224 441.5580 107.1834
vt 71.3227 441.5868 106.1836
vt 70.8138 362.9535 106.5091
vt 69.8140 362.9812 105.5093
vt 71.8139 362.9683 105.5094
vt 70.8141 362.9961 104.5095
vt 70.3514 285.3396 104.9074
vt 69.3516 285.3660 103.9075
vt 71.3516 285.3542 103.9077
vt 70.3518 285.3807 102.9078
vt 69.9390 208.8322 103.3844
vt 68.9392 208.8574 102.3845
vt 70.9392 208.8467 102.3847
vt 69.9394 208.8719 101.3848
vt 69.5806 133.5625 101.9464
vt 68.5808 133.5862 100.9465
vt 70.5808 133.5768 100.9467
vt 69.5810 133.6006 99.9468
vt 69.2801 59.6614 100.5999
vt 68.2803 59.6836 99.6000
vt 70.2803 59.6756 99.6002
vt 69.2804 59.6977 98.6002
vt 69.0413 -12.7398 99.3511
vt 68.0415 -12.7195 98.3512
vt 70.0415 -12.7259 98.3514
vt 69.0416 -12.7056 97.3514
vt 68.8681 -83.5105 98.2065
vt 67.8683 -83.4923 97.2065
vt 69.8683 -83.4968 97.2067
vt 68.8685 -83.4786 96.2067
vt 68.7645 -152.5193 97.1723
vt 67.7647 -152.5033 96.1723
vt 69.7647 -152.5059 96.1726
vt 68.7649 -152.4899 95.1725
vt 68.7344 -219.6356 96.2550
vt 67.7346 -219.6221 95.2549
vt 69.7346 -219.6224 95.2552
vt 68.7347 -219.6089 94.2552
vt 68.7816 -284.7279 95.4608
vt 67.7818 -284.7172 94.4607
vt 69.7818 -284.7150 94.4611
vt 68.7819 -284.7043 93.4609
vt 68.9101 -347.6655 94.7962
vt 67.9103 -347.6579 93.7961
vt 69.9103 -347.6530 93.7964
vt 68.9104 -347.6454 92.7963
vt 69.1237 -408.3173 94.2675
vt 68.1239 -408.3132 93.2673
vt 70.1239 -408.3051 93.2677
vt 69.1241 -408.3010 92.2675
vt 69.4264 -466.5520 93.8810
vt 68.4266 -466.5519 92.8808
vt 70.4266 -466.5403 92.8813
vt 69.4268 -466.5402 91.8811
vt 69.8221 -522.2386 93.6432
vt 68.8223 -522.2431 92.6429
vt 70.8223 -522.2274 92.6434
vt 69.8225 -522.2319 91.6432
vt 70.3147 -575.2463 93.5603
vt 69.3149 -575.2562 92.5600
vt 71.3148 -575.2357 92.5605
vt 70.3151 -575.2455 91.5603
vt 70.9080 -625.4438 93.6387
vt 69.9083 -625.4597 92.6385
vt 71.9081 -625.4338 92.6389
vt 70.9085 -625.4497 91.6387
vt 71.6059 -672.7001 93.8848
vt 70.6064 -672.7232 92.8846
vt 72.6061 -672.6909 92.8850
vt 71.6066 -672.7139 91.8848
vt 72.4125 -716.8837 94.3049
vt 71.4131 -716.9153 93.3048
vt 73.4127 -716.8753 93.3052
vt 72.4133 -716.9069 92.3050
vt 73.3315 -757.8636 94.9054
vt 72.3323 -757.9056 93.9054
vt 74.3317 -757.8564 93.9056
vt 73.3325 -757.8983 92.9057
vt 74.3668 -795.5087 95.6925
vt 73.3679 -795.5633 94.6928
vt 75.3670 -795.5026 94.6928
vt 74.3682 -795.5573 93.6931
vt 75.5223 -829.6870 96.6727
vt 74.5240 -829.7576 95.6734
vt 76.5226 -829.6827 95.6730
vt 75.5243 -829.7533 94.6738
vt 76.8018 -860.2671 97.8521
vt 75.8044 -860.3583 96.8536
vt 77.8022 -860.2648 96.8525
vt 76.8048 -860.3561 95.8540
vt 78.2091 -887.1163 99.2370
vt 77.2131 -887.2354 98.2399
vt 79.2096 -887.1169 98.2376
vt 78.2137 -887.2360 97.2405
vt 79.7477 -910.1014 100.8334
vt 78.7544 -910.2597 99.8390
vt 80.7486 -910.1061 99.8342
vt 79.7552 -910.2644 98.8399
vt 81.4209 -929.0865 102.6466
vt 80.4327 -929.3043 101.6580
vt 82.4222 -929.0974 101.6480
vt 81.4341 -929.3152 100.6594
vt 83.2299 -943.9291 104.6803
vt 82.2541 -944.2477 103.7054
vt 84.2326 -943.9503 103.6832
vt 83.2567 -944.2689 102.7083
vt 85.1688 -954.4638 106.9289
vt 84.2304 -954.9865 105.9974
vt 86.1753 -954.5060 105.9362
vt 85.2369 -955.0286 105.0047
vt 87.1765 -960.4329 109.3205
vt 86.4185 -961.4928 108.6040
vt 88.2015 -960.5303 108.3499
vt 87.4435 -961.5901 107.6333
vt 89.0151 -961.8589 111.5622
vt 89.0189 -963.5110 111.7748
vt 90.1184 -962.0173 110.6872
vt 90.1223 -963.6694 110.8998
vt 90.9238 -959.4871 113.9404
vt 91.5329 -960.3884 114.9073
vt 92.0896 -959.5681 113.1432
vt 92.6987 -960.4694 114.1101
vt 92.8858 -952.5491 116.4465
vt 93.6150 -953.0267 117.5668
vt 94.0640 -952.5862 115.6651
vt 94.7932 -953.0638 116.7854
vt 94.6904 -941.2134 118.8194
vt 95.4475 -941.5162 119.9764
vt 95.8715 -941.2325 118.0418
vt 96.6286 -941.5353 119.1988
vt 96.3031 -925.6967 121.0134
vt 97.0698 -925.9080 122.1834
vt 97.4852 -925.7064 120.2372
vt 98.2519 -925.9177 121.4071
vt 97.7229 -906.1507 123.0254
vt 98.4936 -906.3062 124.2011
vt 98.9054 -906.1545 122.2497
vt 99.6761 -906.3100 123.4254
vt 98.9539 -882.7099 124.8587
vt 99.7267 -882.8278 126.0373
vt 100.1367 -882.7099 124.0833
vt 100.9094 -882.8278 125.2620
vt 100.0018 -855.5042 126.5183
vt 100.7756 -855.5952 127.6986
vt 101.1847 -855.5013 125.7431
vt 101.9584 -855.5924 126.9234
vt 100.8724 -824.6606 128.0096
vt 101.6467 -824.7317 129.1909
vt 102.0553 -824.6558 127.2345
vt 102.8296 -824.7268 128.4158
vt 101.5716 -790.3062 129.3383
vt 102.3463 -790.3616 130.5202
vt 102.7546 -790.2997 128.5633
vt 103.5292 -790.3550 129.7452
vt 102.1056 -752.5667 130.5102
vt 102.8804 -752.6096 131.6925
vt 103.2885 -752.5589 129.7352
vt 104.0634 -752.6017 130.9175
vt 102.4804 -711.5680 131.5310
vt 103.2553 -711.6008 132.7135
vt 103.6634 -711.5591 130.7560
vt 104.4383 -711.5919 131.9386
vt 102.7022 -667.4356 132.4065
vt 103.4772 -667.4600 133.5892
vt 103.8851 -667.4259 131.6316
vt 104.6601 -667.4503 132.8143
vt 102.7770 -620.2954 133.1425
vt 103.5520 -620.3127 134.3253
vt 103.9599 -620.2850 132.3675
vt 104.7349 -620.3022 133.5504
vt 102.7109 -570.2724 133.7447
vt 103.4859 -570.2836 134.9276
vt 103.8939 -570.2613 132.9698
vt 104.6689 -570.2725 134.1527
vt 102.5102 -517.4922 134.2191
vt 103.2852 -517.4984 135.4021
vt 103.6932 -517.4807 133.4442
vt 104.4681 -517.4868 134.6272
vt 102.1809 -462.0801 134.5714
vt 102.9558 -462.0817 135.7544
vt 103.3638 -462.0681 133.7965
vt 104.1388 -462.0696 134.9795
vt 101.7291 -404.1616 134.8074
vt 102.5040 -404.1593 135.9904
vt 102.9120 -404.1492 134.0325
vt 103.6869 -404.1469 135.2155
vt 101.1609 -343.8621 134.9329
vt 101.9358 -343.8563 136.1160
vt 102.3439 -343.8492 134.1580
vt 103.1187 -343.8435 135.3410
vt 100.4825 -281.3067 134.9538
vt 101.2574 -281.2980 136.1368
vt 101.6655 -281.2935 134.1789
vt 102.4403 -281.2849 135.3619
vt 99.7000 -216.6210 134.8759
vt 100.4749 -216.6097 136.0589
vt 100.8830 -216.6076 134.1010
vt 101.6578 -216.5963 135.2840
vt 98.8196 -149.9303 134.7049
vt 99.5944 -149.9167 135.8879
vt 100.0025 -149.9167 133.9300
vt 100.7773 -149.9031 135.1130
vt 97.8473 -81.3598 134.4467
vt 98.6220 -81.3441 135.6297
vt 99.0302 -81.3459 133.6718
vt 99.8050 -81.3303 134.8548
vt 96.7892 -11.0348 134.1071
vt 97.5640 -11.0173 135.2901
vt 97.9722 -11.0208 133.3322
vt 98.7469 -11.0033 134.5152
vt 95.6516 60.9192 133.6920
vt 96.4263 60.9384 134.8750
vt 96.8345 60.9334 132.9171
vt 97.6092 60.9526 134.1001
vt 94.4404 134.3768 133.2070
vt 95.2151 134.3974 134.3900
vt 95.6234 134.3911 132.4321
vt 96.3981 134.4118 133.6151
vt 93.1619 209.2130 132.6581
vt 93.9366 209.2350 133.8411
vt 94.3449 209.2275 131.8832
vt 95.1195 209.2495 133.0662
vt 91.8222 285.3026 132.0511
vt 92.5969 285.3255 133.2341
vt 93.0051 285.3172 131.2762
vt 93.7798 285.3401 132.4592
vt 90.4274 362.5198 131.3918
vt 91.2020 362.5437 132.5747
vt 91.6103 362.5345 130.6169
vt 92.3849 362.5584 131.7998
vt 88.9835 440.7397 130.6859
vt 89.7581 440.7643 131.8688
vt 90.1664 440.7544 129.9110
vt 90.9410 440.7790 131.0939
vt 87.4968 519.8365 129.9393
vt 88.2714 519.8618 131.1222
vt 88.6797 519.8514 129.1644
vt 89.4543 519.8766 130.3473
vt 85.9734 599.6853 129.1579
vt 86.7480 599.7112 130.3408
vt 87.1563 599.7003 128.3829
vt 87.9309 599.7262 129.5659
vt 84.4193 680.1608 128.3473
vt 85.1939 680.1872 129.5302
vt 85.6022 680.1757 127.5724
vt 86.3768 680.2021 128.7553
vt 82.8407 761.1378 127.5135
vt 83.6153 761.1642 128.6964
vt 84.0236 761.1528 126.7386
vt 84.7982 761.1792 127.9215
vt 81.2438 842.4905 126.6623
vt 82.0184 842.5169 127.8452
vt 82.4267 842.5054 125.8874
vt 83.2013 842.5319 127.0703
vt 79.6346 924.0939 125.7994
vt 80.4092 924.1204 126.9824
vt 80.8175 924.1089 125.0245
vt 81.5921 924.1353 126.2075
vt 78.0193 1005.8228 124.9308
vt 78.7939 1005.8492 126.1137
vt 79.2022 1005.8378 124.1558
vt 79.9768 1005.8642 125.3388
vt 0.5000 0.5000 0.0000
vt 0.5000 0.0000 0.0000
vt 1.0000 0.5000 0.0000
vt 0.5000 1.0000 0.0000
vt 0.0000 0.5000 0.0000
vt -5.9100 -750.4998 1.8750
vt 5.9100 -750.4998 1.8750
vt 5.9100 750.4998 1.8750
vt -5.9100 750.4998 1.8750
vt 6.0000 -750.4998 1.7850
vt 6.0000 -750.4998 -1.7850
vt 6.0000 750.4998 -1.7850
vt 6.0000 750.4998 1.7850
vt 5.9100 -750.4998 -1.8750
vt -5.9100 -750.4998 -1.8750
vt -5.9100 750.4998 -1.8750
vt 5.9100 750.4998 -1.8750
vt -6.0000 -750.4998 -1.7850
vt -6.0000 -750.5898 -0.9650
vt -6.0000 750.5898 -0.9650
vt -6.0000 750.4998 -1.7850
vt -5.9100 -750.4098 -0.8750
vt 4.9100 -750.4098 -0.8750
vt 4.9100 750.4097 -0.8750
vt -5.9100 750.4097 -0.8750
vt 5.0000 -750.4998 -0.7850
vt 5.0000 -750.4998 0.7850
vt 5.0000 750.4998 0.7850
vt 5.0000 750.4998 -0.7850
vt 4.9100 -750.4098 0.8750
vt -5.9100 -750.4098 0.8750
vt -5.9100 750.4097 0.8750
vt 4.9100 750.4097 0.8750
vt -6.0000 -750.5898 0.9650
vt -6.0000 -750.4998 1.7850
vt -6.0000 750.4998 1.7850
vt -6.0000 750.5898 0.9650
vt 5.9100 751.7373 -1.7850
vt -5.9100 751.7373 -1.7850
vt -5.9100 751.7373 -0.8750
vt 5.0000 751.7373 -0.8750
vt 5.0000 751.7373 0.8750
vt -5.9100 751.7373 0.8750
vt -5.9100 751.7373 1.7850
vt 5.9100 751.7373 1.7850
vt 5.0000 -751.7373 -0.8750
vt -5.9100 -751.7373 -0.8750
vt -5.9100 -751.7373 -1.7850
vt 5.9100 -751.7373 -1.7850
vt 5.9100 -751.7373 1.7850
vt -5.9100 -751.7373 1.7850
vt -5.9100 -751.7373 0.8750
vt 5.0000 -751.7373 0.8750
vt -5.9100 -751.6473 1.8750
vt 5.9100 -751.6473 1.8750
vt 5.9100 751.6473 1.8750
vt -5.9100 751.6473 1.8750
vt 6.0000 -751.6473 1.7850
vt 6.0000 -751.6473 -1.7850
vt 6.0000 751.6473 -1.7850
vt 6.0000 751.6473 1.7850
vt 5.9100 -751.6473 -1.8750
vt -5.9100 -751.6473 -1.8750
vt -5.9100 751.6473 -1.8750
vt 5.9100 751.6473 -1.8750
vt -6.0000 -751.6473 -1.7850
vt -6.0000 -751.6473 -0.8750
vt -6.0000 751.6473 -0.8750
vt -6.0000 751.6473 -1.7850
vt 5.0000 -751.6473 -0.7850
vt 5.0000 -751.6473 0.7850
vt 5.0000 751.6473 0.7850
vt 5.0000 751.6473 -0.7850
vt -6.0000 -751.6473 0.8750
vt -6.0000 -751.6473 1.7850
vt -6.0000 751.6473 1.7850
vt -6.0000 751.6473 0.8750
vt 4.9100 750.4998 -0.7850
vt 4.9100 750.4998 0.7850
vt -5.9100 750.4998 0.7850
vt -5.9100 750.4998 -0.7850
vt 5.0000 750.5898 0.7850
vt 5.0000 750.5898 -0.7850
vt 5.0000 -750.5898 -0.7850
vt 5.0000 -750.5898 0.7850
vt -5.9100 -750.4998 -0.7850
vt -5.9100 -750.4998 0.7850
vt 4.9100 -750.4998 0.7850
vt 4.9100 -750.4998 -0.7850
vt -5.9100 750.4772 -0.8525
vt -5.9792 750.4998 -0.8750
vt -5.9775 750.4547 -0.8975
vt -5.9775 -750.4548 -0.8975
vt -5.9732 -750.4999 -0.8750
vt -5.9100 -750.4773 -0.8525
vt 4.9100 -750.4773 -0.8525
vt 4.9779 -750.4998 -0.8418
vt 4.9775 -750.4323 -0.8525
vt 4.9775 750.4323 -0.8525
vt 4.9779 750.4998 -0.8418
vt 4.9100 750.4772 -0.8525
vt 4.9100 750.4772 0.8525
vt 4.9779 750.4998 0.8418
vt 4.9775 750.4323 0.8525
vt 4.9775 -750.4323 0.8525
vt 4.9779 -750.4998 0.8418
vt 4.9100 -750.4773 0.8525
vt -5.9100 -750.4773 0.8525
vt -5.9732 -750.4999 0.8750
vt -5.9775 -750.4548 0.8975
vt -5.9775 750.4547 0.8975
vt -5.9792 750.4998 0.8750
vt -5.9100 750.4772 0.8525
vt -5.9775 751.7148 1.7850
vt -5.9663 751.7036 1.8413
vt -5.9100 751.7148 1.8525
vt 5.9100 751.7148 1.8525
vt 5.9663 751.7036 1.8413
vt 5.9775 751.7148 1.7850
vt 5.9775 751.7148 -1.7850
vt 5.9663 751.7036 -1.8413
vt 5.9100 751.7148 -1.8525
vt -5.9100 751.7148 -1.8525
vt -5.9663 751.7036 -1.8413
vt -5.9775 751.7148 -1.7850
vt -5.9775 -751.7148 -1.7850
vt -5.9663 -751.7036 -1.8413
vt -5.9100 -751.7148 -1.8525
vt 5.9100 -751.7148 -1.8525
vt 5.9663 -751.7036 -1.8413
vt 5.9775 -751.7148 -1.7850
vt 5.9775 -751.7148 1.7850
vt 5.9663 -751.7036 1.8413
vt 5.9100 -751.7148 1.8525
vt -5.9100 -751.7148 1.8525
vt -5.9663 -751.7036 1.8413
vt -5.9775 -751.7148 1.7850
vt -5.9775 -751.6473 1.8525
vt 5.9775 -751.6473 1.8525
vt 5.9775 751.6473 1.8525
vt -5.9775 751.6473 1.8525
vt 5.9775 -751.6473 -1.8525
vt 5.9775 751.6473 -1.8525
vt -5.9775 -751.6473 -1.8525
vt -5.9775 751.6473 -1.8525
vt 5.0000 -751.6473 -0.8300
vt 5.0000 -751.6960 -0.8338
vt 5.0000 -751.7148 -0.8075
vt 5.0000 -751.7148 0.8075
vt 5.0000 -751.6960 0.8338
vt 5.0000 -751.6473 0.8300
vt 5.0000 751.6473 0.8300
vt 5.0000 751.6960 0.8338
vt 5.0000 751.7148 0.8075
vt 5.0000 751.7148 -0.8075
vt 5.0000 751.6960 -0.8338
vt 5.0000 751.6473 -0.8300
vt -5.9775 750.5223 -0.8300
vt 4.9775 750.5223 -0.7850
vt 4.9775 750.5223 0.7850
vt -5.9775 750.5223 0.8300
vt 5.0000 750.5673 -0.8300
vt 5.0000 750.5673 0.8300
vt 5.0000 -750.5673 -0.8300
vt 4.9775 -750.5223 -0.7850
vt 4.9775 -750.5223 0.7850
vt 5.0000 -750.5673 0.8300
vt -5.9775 -750.5223 -0.8300
vt -5.9775 -750.5223 0.8300
vt -5.9775 750.4998 1.8525
vt -5.9775 -750.4998 1.8525
vt 5.9775 -750.4998 1.8525
vt 5.9775 750.4998 1.8525
vt 5.9775 -750.4998 -1.8525
vt 5.9775 750.4998 -1.8525
vt -5.9775 -750.4998 -1.8525
vt -5.9775 750.4998 -1.8525
vt -5.9775 751.7148 0.8750
vt -5.9775 751.7148 -0.8750
vt -5.9775 -751.7148 -0.8750
vt -5.9775 -751.7148 0.8750
vt 1.3917 -0.1818 0.5237
vt 1.3930 -0.1818 0.5236
vt 1.3930 1.1818 0.5236
vt 1.3917 1.1818 0.5237
vt 1.3942 -0.1818 0.5234
vt 1.3942 1.1818 0.5234
vt 1.3955 -0.1818 0.5232
vt 1.3955 1.1818 0.5232
vt 1.3967 -0.1818 0.5229
vt 1.3967 1.1818 0.5229
vt 1.3979 -0.1818 0.5226
vt 1.3979 1.1818 0.5226
vt 1.3990 -0.1818 0.5222
vt 1.3990 1.1818 0.5222
vt 1.4001 -0.1818 0.5218
vt 1.4001 1.1818 0.5218
vt 1.4013 -0.1818 0.5213
vt 1.4013 1.1818 0.5213
vt 1.4024 -0.1818 0.5207
vt 1.4024 1.1818 0.5207
vt 1.4034 -0.1818 0.5201
vt 1.4034 1.1818 0.5201
vt 1.4045 -0.1818 0.5194
vt 1.4045 1.1818 0.5194
vt 1.4055 -0.1818 0.5187
vt 1.4055 1.1818 0.5187
vt 1.4065 -0.1818 0.5180
vt 1.4065 1.1818 0.5180
vt 1.4074 -0.1818 0.5172
vt 1.4074 1.1818 0.5172
vt 1.4083 -0.1818 0.5163
vt 1.4083 1.1818 0.5163
vt 0.4837 -0.1818 -0.4083
vt 0.4846 -0.1818 -0.4092
vt 0.4846 1.1818 -0.4092
vt 0.4837 1.1818 -0.4083
vt 0.4855 -0.1818 -0.4100
vt 0.4855 1.1818 -0.4100
vt 0.4865 -0.1818 -0.4107
vt 0.4865 1.1818 -0.4107
vt 0.4875 -0.1818 -0.4115
vt 0.4875 1.1818 -0.4115
vt 0.4886 -0.1818 -0.4121
vt 0.4886 1.1818 -0.4121
vt 0.4897 -0.1818 -0.4127
vt 0.4897 1.1818 -0.4127
vt 0.4907 -0.1818 -0.4133
vt 0.4907 1.1818 -0.4133
vt 0.4919 -0.1818 -0.4137
vt 0.4919 1.1818 -0.4137
vt 0.4931 -0.1818 -0.4142
vt 0.4931 1.1818 -0.4142
vt 0.4942 -0.1818 -0.4146
vt 0.4942 1.1818 -0.4146
vt 0.4954 -0.1818 -0.4149
vt 0.4954 1.1818 -0.4149
vt 0.4967 -0.1818 -0.4151
vt 0.4967 1.1818 -0.4151
vt 0.4978 -0.1818 -0.4153
vt 0.4978 1.1818 -0.4153
vt 0.4991 -0.1818 -0.4154
vt 0.4991 1.1818 -0.4154
vt 0.5003 -0.1818 -0.4155
vt 0.5003 1.1818 -0.4155
vt 0.5015 -0.1818 -0.4155
vt 0.5015 1.1818 -0.4155
vt 0.5028 -0.1818 -0.4154
vt 0.5028 1.1818 -0.4154
vt 0.5040 -0.1818 -0.4153
vt 0.5040 1.1818 -0.4153
vt 0.5052 -0.1818 -0.4151
vt 0.5052 1.1818 -0.4151
vt 0.5064 -0.1818 -0.4148
vt 0.5064 1.1818 -0.4148
vt 0.5076 -0.1818 -0.4145
vt 0.5076 1.1818 -0.4145
vt 0.5088 -0.1818 -0.4141
vt 0.5088 1.1818 -0.4141
vt 0.5099 -0.1818 -0.4136
vt 0.5099 1.1818 -0.4136
vt 0.5111 -0.1818 -0.4131
vt 0.5111 1.1818 -0.4131
vt 0.5122 -0.1818 -0.4125
vt 0.5122 1.1818 -0.4125
vt 0.5132 -0.1818 -0.4119
vt 0.5132 1.1818 -0.4119
vt 0.5142 -0.1818 -0.4112
vt 0.5142 1.1818 -0.4112
vt 0.5152 -0.1818 -0.4105
vt 0.5152 1.1818 -0.4105
vt 0.5162 -0.1818 -0.4097
vt 0.5162 1.1818 -0.4097
vt 0.5171 -0.1818 -0.4089
vt 0.5171 1.1818 -0.4089
vt -0.4089 -0.1818 0.4829
vt -0.4080 -0.1818 0.4820
vt -0.4080 1.1818 0.4820
vt -0.4089 1.1818 0.4829
vt -0.4071 -0.1818 0.4812
vt -0.4071 1.1818 0.4812
vt -0.4061 -0.1818 0.4805
vt -0.4061 1.1818 0.4805
vt -0.4051 -0.1818 0.4798
vt -0.4051 1.1818 0.4798
vt -0.4041 -0.1818 0.4792
vt -0.4041 1.1818 0.4792
vt -0.4030 -0.1818 0.4786
vt -0.4030 1.1818 0.4786
vt -0.4019 -0.1818 0.4781
vt -0.4019 1.1818 0.4781
vt -0.4007 -0.1818 0.4776
vt -0.4007 1.1818 0.4776
vt -0.3995 -0.1818 0.4772
vt -0.3995 1.1818 0.4772
vt -0.3983 -0.1818 0.4769
vt -0.3983 1.1818 0.4769
vt -0.3971 -0.1818 0.4767
vt -0.3971 1.1818 0.4767
vt -0.3959 -0.1818 0.4765
vt -0.3959 1.1818 0.4765
vt -0.3947 -0.1818 0.4764
vt -0.3947 1.1818 0.4764
vt -0.3934 -0.1818 0.4763
vt -0.3934 1.1818 0.4763
vt -0.3922 -0.1818 0.4763
vt -0.3922 1.1818 0.4763
vt -0.3910 -0.1818 0.4764
vt -0.3910 1.1818 0.4764
vt -0.3897 -0.1818 0.4765
vt -0.3897 1.1818 0.4765
vt -0.3886 -0.1818 0.4767
vt -0.3886 1.1818 0.4767
vt -0.3874 -0.1818 0.4770
vt -0.3874 1.1818 0.4770
vt -0.3863 -0.1818 0.4774
vt -0.3863 1.1818 0.4774
vt -0.3851 -0.1818 0.4779
vt -0.3851 1.1818 0.4779
vt -0.3840 -0.1818 0.4784
vt -0.3840 1.1818 0.4784
vt -0.3829 -0.1818 0.4790
vt -0.3829 1.1818 0.4790
vt -0.3818 -0.1818 0.4796
vt -0.3818 1.1818 0.4796
vt -0.3808 -0.1818 0.4803
vt -0.3808 1.1818 0.4803
vt -0.3799 -0.1818 0.4810
vt -0.3799 1.1818 0.4810
vt -0.3789 -0.1818 0.4818
vt -0.3789 1.1818 0.4818
vt -0.3781 -0.1818 0.4827
vt -0.3781 1.1818 0.4827
vt 0.4827 -0.1818 -0.3781
vt 0.4837 -0.1818 -0.3772
vt 0.4837 1.1818 -0.3772
vt 0.4827 1.1818 -0.3781
vt 0.4846 -0.1818 -0.3764
vt 0.4846 1.1818 -0.3764
vt 0.4856 -0.1818 -0.3757
vt 0.4856 1.1818 -0.3757
vt 0.4866 -0.1818 -0.3751
vt 0.4866 1.1818 -0.3751
vt 0.4877 -0.1818 -0.3745
vt 0.4877 1.1818 -0.3745
vt 0.4888 -0.1818 -0.3740
vt 0.4888 1.1818 -0.3740
vt 0.4900 -0.1818 -0.3736
vt 0.4900 1.1818 -0.3736
vt 0.4912 -0.1818 -0.3732
vt 0.4912 1.1818 -0.3732
vt 0.4924 -0.1818 -0.3729
vt 0.4924 1.1818 -0.3729
vt 0.4935 -0.1818 -0.3727
vt 0.4935 1.1818 -0.3727
vt 0.4947 -0.1818 -0.3725
vt 0.4947 1.1818 -0.3725
vt 0.4959 -0.1818 -0.3725
vt 0.4959 1.1818 -0.3725
vt 0.4971 -0.1818 -0.3725
vt 0.4971 1.1818 -0.3725
vt 0.4984 -0.1818 -0.3726
vt 0.4984 1.1818 -0.3726
vt 0.4996 -0.1818 -0.3727
vt 0.4996 1.1818 -0.3727
vt 0.5008 -0.1818 -0.3730
vt 0.5008 1.1818 -0.3730
vt 0.5020 -0.1818 -0.3733
vt 0.5020 1.1818 -0.3733
vt 0.5031 -0.1818 -0.3737
vt 0.5031 1.1818 -0.3737
vt 0.5042 -0.1818 -0.3742
vt 0.5042 1.1818 -0.3742
vt 0.5053 -0.1818 -0.3747
vt 0.5053 1.1818 -0.3747
vt 0.5064 -0.1818 -0.3753
vt 0.5064 1.1818 -0.3753
vt 0.5074 -0.1818 -0.3760
vt 0.5074 1.1818 -0.3760
vt 0.5084 -0.1818 -0.3768
vt 0.5084 1.1818 -0.3768
vt 0.5093 -0.1818 -0.3776
vt 0.5093 1.1818 -0.3776
vt 1.3776 -0.1818 0.5093
vt 1.3784 -0.1818 0.5102
vt 1.3784 1.1818 0.5102
vt 1.3776 1.1818 0.5093
vt 1.3793 -0.1818 0.5109
vt 1.3793 1.1818 0.5109
vt 1.3803 -0.1818 0.5117
vt 1.3803 1.1818 0.5117
vt 1.3813 -0.1818 0.5123
vt 1.3813 1.1818 0.5123
vt 1.3824 -0.1818 0.5130
vt 1.3824 1.1818 0.5130
vt 1.3835 -0.1818 0.5135
vt 1.3835 1.1818 0.5135
vt 1.3847 -0.1818 0.5139
vt 1.3847 1.1818 0.5139
vt 1.3858 -0.1818 0.5143
vt 1.3858 1.1818 0.5143
vt 1.3869 -0.1818 0.5146
vt 1.3869 1.1818 0.5146
vt 1.3881 -0.1818 0.5148
vt 1.3881 1.1818 0.5148
vt 1.3894 -0.1818 0.5149
vt 1.3894 1.1818 0.5149
vt 1.3906 -0.1818 0.5149
vt 1.3906 1.1818 0.5149
vt 1.3918 -0.1818 0.5149
vt 1.3918 1.1818 0.5149
vt 1.3930 -0.1818 0.5147
vt 1.3930 1.1818 0.5147
vt 1.3942 -0.1818 0.5145
vt 1.3942 1.1818 0.5145
vt 1.3953 -0.1818 0.5142
vt 1.3953 1.1818 0.5142
vt 1.3965 -0.1818 0.5138
vt 1.3965 1.1818 0.5138
vt 1.3976 -0.1818 0.5133
vt 1.3976 1.1818 0.5133
vt 1.3987 -0.1818 0.5127
vt 1.3987 1.1818 0.5127
vt 1.3998 -0.1818 0.5121
vt 1.3998 1.1818 0.5121
vt 1.4007 -0.1818 0.5114
vt 1.4007 1.1818 0.5114
vt 1.4016 -0.1818 0.5106
vt 1.4016 1.1818 0.5106
vt 0.4894 -0.1818 -0.4016
vt 0.4902 -0.1818 -0.4025
vt 0.4902 1.1818 -0.4025
vt 0.4894 1.1818 -0.4016
vt 0.4911 -0.1818 -0.4032
vt 0.4911 1.1818 -0.4032
vt 0.4921 -0.1818 -0.4040
vt 0.4921 1.1818 -0.4040
vt 0.4932 -0.1818 -0.4046
vt 0.4932 1.1818 -0.4046
vt 0.4943 -0.1818 -0.4052
vt 0.4943 1.1818 -0.4052
vt 0.4954 -0.1818 -0.4057
vt 0.4954 1.1818 -0.4057
vt 0.4964 -0.1818 -0.4061
vt 0.4964 1.1818 -0.4061
vt 0.4976 -0.1818 -0.4064
vt 0.4976 1.1818 -0.4064
vt 0.4988 -0.1818 -0.4066
vt 0.4988 1.1818 -0.4066
vt 0.5000 -0.1818 -0.4067
vt 0.5000 1.1818 -0.4067
vt 0.5013 -0.1818 -0.4067
vt 0.5013 1.1818 -0.4067
vt 0.5025 -0.1818 -0.4066
vt 0.5025 1.1818 -0.4066
vt 0.5037 -0.1818 -0.4065
vt 0.5037 1.1818 -0.4065
vt 0.5048 -0.1818 -0.4062
vt 0.5048 1.1818 -0.4062
vt 0.5059 -0.1818 -0.4058
vt 0.5059 1.1818 -0.4058
vt 0.5070 -0.1818 -0.4054
vt 0.5070 1.1818 -0.4054
vt 0.5081 -0.1818 -0.4048
vt 0.5081 1.1818 -0.4048
vt 0.5091 -0.1818 -0.4041
vt 0.5091 1.1818 -0.4041
vt 0.5101 -0.1818 -0.4034
vt 0.5101 1.1818 -0.4034
vt 0.5110 -0.1818 -0.4026
vt 0.5110 1.1818 -0.4026
vt -0.4026 -0.1818 0.4890
vt -0.4018 -0.1818 0.4882
vt -0.4018 1.1818 0.4882
vt -0.4026 1.1818 0.4890
vt -0.4009 -0.1818 0.4875
vt -0.4009 1.1818 0.4875
vt -0.3998 -0.1818 0.4869
vt -0.3998 1.1818 0.4869
vt -0.3987 -0.1818 0.4863
vt -0.3987 1.1818 0.4863
vt -0.3976 -0.1818 0.4858
vt -0.3976 1.1818 0.4858
vt -0.3964 -0.1818 0.4855
vt -0.3964 1.1818 0.4855
vt -0.3953 -0.1818 0.4852
vt -0.3953 1.1818 0.4852
vt -0.3942 -0.1818 0.4851
vt -0.3942 1.1818 0.4851
vt -0.3930 -0.1818 0.4850
vt -0.3930 1.1818 0.4850
vt -0.3918 -0.1818 0.4851
vt -0.3918 1.1818 0.4851
vt -0.3906 -0.1818 0.4853
vt -0.3906 1.1818 0.4853
vt -0.3894 -0.1818 0.4857
vt -0.3894 1.1818 0.4857
vt -0.3882 -0.1818 0.4861
vt -0.3882 1.1818 0.4861
vt -0.3872 -0.1818 0.4866
vt -0.3872 1.1818 0.4866
vt -0.3862 -0.1818 0.4871
vt -0.3862 1.1818 0.4871
vt -0.3854 -0.1818 0.4878
vt -0.3854 1.1818 0.4878
vt -0.3845 -0.1818 0.4886
vt -0.3845 1.1818 0.4886
vt 0.4886 -0.1818 -0.3845
vt 0.4896 -0.1818 -0.3837
vt 0.4896 1.1818 -0.3837
vt 0.4886 1.1818 -0.3845
vt 0.4906 -0.1818 -0.3830
vt 0.4906 1.1818 -0.3830
vt 0.4917 -0.1818 -0.3824
vt 0.4917 1.1818 -0.3824
vt 0.4927 -0.1818 -0.3819
vt 0.4927 1.1818 -0.3819
vt 0.4938 -0.1818 -0.3816
vt 0.4938 1.1818 -0.3816
vt 0.4948 -0.1818 -0.3814
vt 0.4948 1.1818 -0.3814
vt 0.4960 -0.1818 -0.3813
vt 0.4960 1.1818 -0.3813
vt 0.4973 -0.1818 -0.3814
vt 0.4973 1.1818 -0.3814
vt 0.4985 -0.1818 -0.3815
vt 0.4985 1.1818 -0.3815
vt 0.4997 -0.1818 -0.3818
vt 0.4997 1.1818 -0.3818
vt 0.5008 -0.1818 -0.3822
vt 0.5008 1.1818 -0.3822
vt 0.5017 -0.1818 -0.3827
vt 0.5017 1.1818 -0.3827
vt 0.5026 -0.1818 -0.3833
vt 0.5026 1.1818 -0.3833
vt 0.5034 -0.1818 -0.3841
vt 0.5034 1.1818 -0.3841
vt 1.3841 -0.1818 0.5034
vt 1.3851 -0.1818 0.5042
vt 1.3851 1.1818 0.5042
vt 1.3841 1.1818 0.5034
vt 1.3862 -0.1818 0.5049
vt 1.3862 1.1818 0.5049
vt 1.3873 -0.1818 0.5055
vt 1.3873 1.1818 0.5055
vt 1.3883 -0.1818 0.5059
vt 1.3883 1.1818 0.5059
vt 1.3893 -0.1818 0.5061
vt 1.3893 1.1818 0.5061
vt 1.3903 -0.1818 0.5061
vt 1.3903 1.1818 0.5061
vt 1.3914 -0.1818 0.5060
vt 1.3914 1.1818 0.5060
vt 1.3927 -0.1818 0.5057
vt 1.3927 1.1818 0.5057
vt 1.3939 -0.1818 0.5052
vt 1.3939 1.1818 0.5052
vt 1.3950 -0.1818 0.5046
vt 1.3950 1.1818 0.5046
vt 1.3959 -0.1818 0.5040
vt 1.3959 1.1818 0.5040
vt 0.4960 -0.1818 -0.3959
vt 0.4966 -0.1818 -0.3965
vt 0.4966 1.1818 -0.3965
vt 0.4960 1.1818 -0.3959
vt 0.4974 -0.1818 -0.3969
vt 0.4974 1.1818 -0.3969
vt 0.4985 -0.1818 -0.3973
vt 0.4985 1.1818 -0.3973
vt 0.4999 -0.1818 -0.3976
vt 0.4999 1.1818 -0.3976
vt 0.5013 -0.1818 -0.3977
vt 0.5013 1.1818 -0.3977
vt 0.5025 -0.1818 -0.3976
vt 0.5025 1.1818 -0.3976
vt 0.5035 -0.1818 -0.3974
vt 0.5035 1.1818 -0.3974
vt 0.5039 -0.1818 -0.3972
vt 0.5039 1.1818 -0.3972
vt -0.3972 -0.1818 0.4961
vt -0.3967 -0.1818 0.4958
vt -0.3967 1.1818 0.4958
vt -0.3972 1.1818 0.4961
vt -0.3957 -0.1818 0.4955
vt -0.3957 1.1818 0.4955
vt -0.3943 -0.1818 0.4953
vt -0.3943 1.1818 0.4953
vt -0.3927 -0.1818 0.4952
vt -0.3927 1.1818 0.4952
vt -0.3913 -0.1818 0.4953
vt -0.3913 1.1818 0.4953
vt -0.3902 -0.1818 0.4954
vt -0.3902 1.1818 0.4954
vt -0.3898 -0.1818 0.4955
vt -0.3898 1.1818 0.4955
vt 0.4955 -0.1818 -0.3898
vt 0.4956 -0.1818 -0.3897
vt 0.4956 1.1818 -0.3897
vt 0.4955 1.1818 -0.3898
vt -0.3931 1.1818 0.5250
vt -0.3931 -0.1818 0.5250
vt -0.3918 -0.1818 0.5251
vt -0.3918 1.1818 0.5251
vt -0.3945 1.1818 0.5248
vt -0.3945 -0.1818 0.5248
vt -0.3957 1.1818 0.5245
vt -0.3957 -0.1818 0.5245
vt -0.3970 1.1818 0.5243
vt -0.3970 -0.1818 0.5243
vt -0.3983 1.1818 0.5239
vt -0.3983 -0.1818 0.5239
vt -0.3995 1.1818 0.5235
vt -0.3995 -0.1818 0.5235
vt -0.4007 1.1818 0.5230
vt -0.4007 -0.1818 0.5230
vt -0.4018 1.1818 0.5225
vt -0.4018 -0.1818 0.5225
vt -0.4030 1.1818 0.5219
vt -0.4030 -0.1818 0.5219
vt -0.4041 1.1818 0.5213
vt -0.4041 -0.1818 0.5213
vt -0.4053 1.1818 0.5206
vt -0.4053 -0.1818 0.5206
vt -0.4063 1.1818 0.5198
vt -0.4063 -0.1818 0.5198
vt -0.4074 1.1818 0.5190
vt -0.4074 -0.1818 0.5190
vt -0.4083 1.1818 0.5182
vt -0.4083 -0.1818 0.5182
vt -0.4093 1.1818 0.5173
vt -0.4093 -0.1818 0.5173
vt 0.5163 1.1818 -0.4102
vt 0.5163 -0.1818 -0.4102
vt 0.5173 -0.1818 -0.4093
vt 0.5173 1.1818 -0.4093
vt 0.5153 1.1818 -0.4110
vt 0.5153 -0.1818 -0.4110
vt 0.5143 1.1818 -0.4118
vt 0.5143 -0.1818 -0.4118
vt 0.5132 1.1818 -0.4126
vt 0.5132 -0.1818 -0.4126
vt 0.5121 1.1818 -0.4133
vt 0.5121 -0.1818 -0.4133
vt 0.5110 1.1818 -0.4139
vt 0.5110 -0.1818 -0.4139
vt 0.5098 1.1818 -0.4145
vt 0.5098 -0.1818 -0.4145
vt 0.5086 1.1818 -0.4150
vt 0.5086 -0.1818 -0.4150
vt 0.5074 1.1818 -0.4155
vt 0.5074 -0.1818 -0.4155
vt 0.5061 1.1818 -0.4159
vt 0.5061 -0.1818 -0.4159
vt 0.5049 1.1818 -0.4162
vt 0.5049 -0.1818 -0.4162
vt 0.5036 1.1818 -0.4165
vt 0.5036 -0.1818 -0.4165
vt 0.5023 1.1818 -0.4167
vt 0.5023 -0.1818 -0.4167
vt 0.5010 1.1818 -0.4168
vt 0.5010 -0.1818 -0.4168
vt 0.4997 1.1818 -0.4169
vt 0.4997 -0.1818 -0.4169
vt 0.4984 1.1818 -0.4169
vt 0.4984 -0.1818 -0.4169
vt 0.4971 1.1818 -0.4168
vt 0.4971 -0.1818 -0.4168
vt 0.4958 1.1818 -0.4166
vt 0.4958 -0.1818 -0.4166
vt 0.4945 1.1818 -0.4164
vt 0.4945 -0.1818 -0.4164
vt 0.4932 1.1818 -0.4162
vt 0.4932 -0.1818 -0.4162
vt 0.4920 1.1818 -0.4158
vt 0.4920 -0.1818 -0.4158
vt 0.4908 1.1818 -0.4154
vt 0.4908 -0.1818 -0.4154
vt 0.4895 1.1818 -0.4149
vt 0.4895 -0.1818 -0.4149
vt 0.4883 1.1818 -0.4143
vt 0.4883 -0.1818 -0.4143
vt 0.4872 1.1818 -0.4137
vt 0.4872 -0.1818 -0.4137
vt 0.4861 1.1818 -0.4131
vt 0.4861 -0.1818 -0.4131
vt 0.4850 1.1818 -0.4124
vt 0.4850 -0.1818 -0.4124
vt 0.4839 1.1818 -0.4116
vt 0.4839 -0.1818 -0.4116
vt 0.4829 1.1818 -0.4107
vt 0.4829 -0.1818 -0.4107
vt 0.4820 1.1818 -0.4099
vt 0.4820 -0.1818 -0.4099
vt 1.4089 1.1818 0.4810
vt 1.4089 -0.1818 0.4810
vt 1.4099 -0.1818 0.4820
vt 1.4099 1.1818 0.4820
vt 1.4079 1.1818 0.4802
vt 1.4079 -0.1818 0.4802
vt 1.4069 1.1818 0.4794
vt 1.4069 -0.1818 0.4794
vt 1.4058 1.1818 0.4786
vt 1.4058 -0.1818 0.4786
vt 1.4047 1.1818 0.4780
vt 1.4047 -0.1818 0.4780
vt 1.4036 1.1818 0.4774
vt 1.4036 -0.1818 0.4774
vt 1.4024 1.1818 0.4768
vt 1.4024 -0.1818 0.4768
vt 1.4011 1.1818 0.4763
vt 1.4011 -0.1818 0.4763
vt 1.3999 1.1818 0.4759
vt 1.3999 -0.1818 0.4759
vt 1.3986 1.1818 0.4756
vt 1.3986 -0.1818 0.4756
vt 1.3974 1.1818 0.4753
vt 1.3974 -0.1818 0.4753
vt 1.3961 1.1818 0.4751
vt 1.3961 -0.1818 0.4751
vt 1.3948 1.1818 0.4750
vt 1.3948 -0.1818 0.4750
vt 1.3935 1.1818 0.4749
vt 1.3935 -0.1818 0.4749
vt 1.3922 1.1818 0.4749
vt 1.3922 -0.1818 0.4749
vt 1.3908 1.1818 0.4750
vt 1.3908 -0.1818 0.4750
vt 1.3895 1.1818 0.4752
vt 1.3895 -0.1818 0.4752
vt 1.3883 1.1818 0.4754
vt 1.3883 -0.1818 0.4754
vt 1.3870 1.1818 0.4757
vt 1.3870 -0.1818 0.4757
vt 1.3858 1.1818 0.4761
vt 1.3858 -0.1818 0.4761
vt 1.3846 1.1818 0.4766
vt 1.3846 -0.1818 0.4766
vt 1.3834 1.1818 0.4772
vt 1.3834 -0.1818 0.4772
vt 1.3822 1.1818 0.4778
vt 1.3822 -0.1818 0.4778
vt 1.3811 1.1818 0.4785
vt 1.3811 -0.1818 0.4785
vt 1.3800 1.1818 0.4792
vt 1.3800 -0.1818 0.4792
vt 1.3790 1.1818 0.4800
vt 1.3790 -0.1818 0.4800
vt 1.3780 1.1818 0.4809
vt 1.3780 -0.1818 0.4809
vt 1.3771 1.1818 0.4818
vt 1.3771 -0.1818 0.4818
vt 0.5172 1.1818 -0.3762
vt 0.5172 -0.1818 -0.3762
vt 0.5182 -0.1818 -0.3771
vt 0.5182 1.1818 -0.3771
vt 0.5162 1.1818 -0.3754
vt 0.5162 -0.1818 -0.3754
vt 0.5151 1.1818 -0.3746
vt 0.5151 -0.1818 -0.3746
vt 0.5141 1.1818 -0.3739
vt 0.5141 -0.1818 -0.3739
vt 0.5129 1.1818 -0.3733
vt 0.5129 -0.1818 -0.3733
vt 0.5117 1.1818 -0.3728
vt 0.5117 -0.1818 -0.3728
vt 0.5105 1.1818 -0.3723
vt 0.5105 -0.1818 -0.3723
vt 0.5092 1.1818 -0.3719
vt 0.5092 -0.1818 -0.3719
vt 0.5079 1.1818 -0.3716
vt 0.5079 -0.1818 -0.3716
vt 0.5067 1.1818 -0.3713
vt 0.5067 -0.1818 -0.3713
vt 0.5054 1.1818 -0.3712
vt 0.5054 -0.1818 -0.3712
vt 0.5041 1.1818 -0.3711
vt 0.5041 -0.1818 -0.3711
vt 0.5028 1.1818 -0.3711
vt 0.5028 -0.1818 -0.3711
vt 0.5015 1.1818 -0.3712
vt 0.5015 -0.1818 -0.3712
vt 0.5002 1.1818 -0.3714
vt 0.5002 -0.1818 -0.3714
vt 0.4989 1.1818 -0.3717
vt 0.4989 -0.1818 -0.3717
vt 0.4976 1.1818 -0.3720
vt 0.4976 -0.1818 -0.3720
vt 0.4964 1.1818 -0.3724
vt 0.4964 -0.1818 -0.3724
vt 0.4952 1.1818 -0.3729
vt 0.4952 -0.1818 -0.3729
vt 0.4940 1.1818 -0.3735
vt 0.4940 -0.1818 -0.3735
vt 0.4929 1.1818 -0.3742
vt 0.4929 -0.1818 -0.3742
vt 0.4918 1.1818 -0.3749
vt 0.4918 -0.1818 -0.3749
vt 0.4907 1.1818 -0.3757
vt 0.4907 -0.1818 -0.3757
vt 0.4897 1.1818 -0.3766
vt 0.4897 -0.1818 -0.3766
vt -0.3775 1.1818 0.5112
vt -0.3775 -0.1818 0.5112
vt -0.3766 -0.1818 0.5103
vt -0.3766 1.1818 0.5103
vt -0.3785 1.1818 0.5120
vt -0.3785 -0.1818 0.5120
vt -0.3795 1.1818 0.5128
vt -0.3795 -0.1818 0.5128
vt -0.3806 1.1818 0.5135
vt -0.3806 -0.1818 0.5135
vt -0.3818 1.1818 0.5142
vt -0.3818 -0.1818 0.5142
vt -0.3830 1.1818 0.5147
vt -0.3830 -0.1818 0.5147
vt -0.3842 1.1818 0.5152
vt -0.3842 -0.1818 0.5152
vt -0.3854 1.1818 0.5156
vt -0.3854 -0.1818 0.5156
vt -0.3867 1.1818 0.5159
vt -0.3867 -0.1818 0.5159
vt -0.3880 1.1818 0.5161
vt -0.3880 -0.1818 0.5161
vt -0.3893 1.1818 0.5162
vt -0.3893 -0.1818 0.5162
vt -0.3906 1.1818 0.5163
vt -0.3906 -0.1818 0.5163
vt -0.3919 1.1818 0.5162
vt -0.3919 -0.1818 0.5162
vt -0.3932 1.1818 0.5161
vt -0.3932 -0.1818 0.5161
vt -0.3945 1.1818 0.5159
vt -0.3945 -0.1818 0.5159
vt -0.3957 1.1818 0.5155
vt -0.3957 -0.1818 0.5155
vt -0.3970 1.1818 0.5151
vt -0.3970 -0.1818 0.5151
vt -0.3982 1.1818 0.5145
vt -0.3982 -0.1818 0.5145
vt -0.3994 1.1818 0.5139
vt -0.3994 -0.1818 0.5139
vt -0.4005 1.1818 0.5132
vt -0.4005 -0.1818 0.5132
vt -0.4016 1.1818 0.5125
vt -0.4016 -0.1818 0.5125
vt -0.4026 1.1818 0.5116
vt -0.4026 -0.1818 0.5116
vt 0.5107 1.1818 -0.4035
vt 0.5107 -0.1818 -0.4035
vt 0.5116 -0.1818 -0.4026
vt 0.5116 1.1818 -0.4026
vt 0.5097 1.1818 -0.4043
vt 0.5097 -0.1818 -0.4043
vt 0.5087 1.1818 -0.4051
vt 0.5087 -0.1818 -0.4051
vt 0.5075 1.1818 -0.4058
vt 0.5075 -0.1818 -0.4058
vt 0.5063 1.1818 -0.4064
vt 0.5063 -0.1818 -0.4064
vt 0.5051 1.1818 -0.4070
vt 0.5051 -0.1818 -0.4070
vt 0.5039 1.1818 -0.4074
vt 0.5039 -0.1818 -0.4074
vt 0.5027 1.1818 -0.4077
vt 0.5027 -0.1818 -0.4077
vt 0.5014 1.1818 -0.4079
vt 0.5014 -0.1818 -0.4079
vt 0.5001 1.1818 -0.4080
vt 0.5001 -0.1818 -0.4080
vt 0.4987 1.1818 -0.4081
vt 0.4987 -0.1818 -0.4081
vt 0.4974 1.1818 -0.4080
vt 0.4974 -0.1818 -0.4080
vt 0.4961 1.1818 -0.4078
vt 0.4961 -0.1818 -0.4078
vt 0.4948 1.1818 -0.4075
vt 0.4948 -0.1818 -0.4075
vt 0.4936 1.1818 -0.4071
vt 0.4936 -0.1818 -0.4071
vt 0.4924 1.1818 -0.4066
vt 0.4924 -0.1818 -0.4066
vt 0.4912 1.1818 -0.4060
vt 0.4912 -0.1818 -0.4060
vt 0.4901 1.1818 -0.4053
vt 0.4901 -0.1818 -0.4053
vt 0.4890 1.1818 -0.4044
vt 0.4890 -0.1818 -0.4044
vt 0.4880 1.1818 -0.4036
vt 0.4880 -0.1818 -0.4036
vt 1.4027 1.1818 0.4872
vt 1.4027 -0.1818 0.4872
vt 1.4036 -0.1818 0.4880
vt 1.4036 1.1818 0.4880
vt 1.4016 1.1818 0.4864
vt 1.4016 -0.1818 0.4864
vt 1.4005 1.1818 0.4857
vt 1.4005 -0.1818 0.4857
vt 1.3993 1.1818 0.4851
vt 1.3993 -0.1818 0.4851
vt 1.3981 1.1818 0.4846
vt 1.3981 -0.1818 0.4846
vt 1.3968 1.1818 0.4841
vt 1.3968 -0.1818 0.4841
vt 1.3955 1.1818 0.4838
vt 1.3955 -0.1818 0.4838
vt 1.3943 1.1818 0.4837
vt 1.3943 -0.1818 0.4837
vt 1.3930 1.1818 0.4837
vt 1.3930 -0.1818 0.4837
vt 1.3917 1.1818 0.4838
vt 1.3917 -0.1818 0.4838
vt 1.3903 1.1818 0.4840
vt 1.3903 -0.1818 0.4840
vt 1.3890 1.1818 0.4844
vt 1.3890 -0.1818 0.4844
vt 1.3877 1.1818 0.4848
vt 1.3877 -0.1818 0.4848
vt 1.3865 1.1818 0.4854
vt 1.3865 -0.1818 0.4854
vt 1.3855 1.1818 0.4860
vt 1.3855 -0.1818 0.4860
vt 1.3845 1.1818 0.4868
vt 1.3845 -0.1818 0.4868
vt 1.3835 1.1818 0.4877
vt 1.3835 -0.1818 0.4877
vt 0.5112 1.1818 -0.3826
vt 0.5112 -0.1818 -0.3826
vt 0.5123 -0.1818 -0.3835
vt 0.5123 1.1818 -0.3835
vt 0.5101 1.1818 -0.3818
vt 0.5101 -0.1818 -0.3818
vt 0.5089 1.1818 -0.3811
vt 0.5089 -0.1818 -0.3811
vt 0.5077 1.1818 -0.3806
vt 0.5077 -0.1818 -0.3806
vt 0.5066 1.1818 -0.3802
vt 0.5066 -0.1818 -0.3802
vt 0.5053 1.1818 -0.3800
vt 0.5053 -0.1818 -0.3800
vt 0.5040 1.1818 -0.3799
vt 0.5040 -0.1818 -0.3799
vt 0.5026 1.1818 -0.3800
vt 0.5026 -0.1818 -0.3800
vt 0.5012 1.1818 -0.3802
vt 0.5012 -0.1818 -0.3802
vt 0.4999 1.1818 -0.3805
vt 0.4999 -0.1818 -0.3805
vt 0.4986 1.1818 -0.3810
vt 0.4986 -0.1818 -0.3810
vt 0.4976 1.1818 -0.3815
vt 0.4976 -0.1818 -0.3815
vt 0.4966 1.1818 -0.3823
vt 0.4966 -0.1818 -0.3823
vt 0.4956 1.1818 -0.3832
vt 0.4956 -0.1818 -0.3832
vt -0.3843 1.1818 0.5053
vt -0.3843 -0.1818 0.5053
vt -0.3832 -0.1818 0.5044
vt -0.3832 1.1818 0.5044
vt -0.3855 1.1818 0.5061
vt -0.3855 -0.1818 0.5061
vt -0.3867 1.1818 0.5068
vt -0.3867 -0.1818 0.5068
vt -0.3879 1.1818 0.5072
vt -0.3879 -0.1818 0.5072
vt -0.3891 1.1818 0.5075
vt -0.3891 -0.1818 0.5075
vt -0.3903 1.1818 0.5075
vt -0.3903 -0.1818 0.5075
vt -0.3917 1.1818 0.5073
vt -0.3917 -0.1818 0.5073
vt -0.3931 1.1818 0.5070
vt -0.3931 -0.1818 0.5070
vt -0.3945 1.1818 0.5065
vt -0.3945 -0.1818 0.5065
vt -0.3957 1.1818 0.5058
vt -0.3957 -0.1818 0.5058
vt -0.3968 1.1818 0.5051
vt -0.3968 -0.1818 0.5051
vt 0.5042 1.1818 -0.3976
vt 0.5042 -0.1818 -0.3976
vt 0.5051 -0.1818 -0.3968
vt 0.5051 1.1818 -0.3968
vt 0.5031 1.1818 -0.3982
vt 0.5031 -0.1818 -0.3982
vt 0.5018 1.1818 -0.3986
vt 0.5018 -0.1818 -0.3986
vt 0.5003 1.1818 -0.3989
vt 0.5003 -0.1818 -0.3989
vt 0.4988 1.1818 -0.3990
vt 0.4988 -0.1818 -0.3990
vt 0.4973 1.1818 -0.3990
vt 0.4973 -0.1818 -0.3990
vt 0.4961 1.1818 -0.3987
vt 0.4961 -0.1818 -0.3987
vt 0.4951 1.1818 -0.3982
vt 0.4951 -0.1818 -0.3982
vt 1.3973 1.1818 0.4945
vt 1.3973 -0.1818 0.4945
vt 1.3982 -0.1818 0.4951
vt 1.3982 1.1818 0.4951
vt 1.3960 1.1818 0.4941
vt 1.3960 -0.1818 0.4941
vt 1.3944 1.1818 0.4939
vt 1.3944 -0.1818 0.4939
vt 1.3927 1.1818 0.4939
vt 1.3927 -0.1818 0.4939
vt 1.3912 1.1818 0.4939
vt 1.3912 -0.1818 0.4939
vt 1.3899 1.1818 0.4941
vt 1.3899 -0.1818 0.4941
vt 1.3891 1.1818 0.4943
vt 1.3891 -0.1818 0.4943
vt 1.3888 1.1818 0.4946
vt 1.3888 -0.1818 0.4946
vt 0.5250 -0.3931 1.1818
vt 0.5251 -0.3918 1.1818
vt 0.5237 -0.3917 1.1818
vt 0.5236 -0.3930 1.1818
vt 0.4749 1.1818 0.2641
vt 0.4749 -0.1818 0.2641
vt 0.4763 -0.1818 0.2641
vt 0.4763 1.1818 0.2641
vt 0.4749 -0.3918 -0.1818
vt 0.4750 -0.3931 -0.1818
vt 0.4764 -0.3930 -0.1818
vt 0.4763 -0.3917 -0.1818
vt 0.5248 -0.3945 1.1818
vt 0.5234 -0.3942 1.1818
vt 0.4752 -0.3945 -0.1818
vt 0.4766 -0.3942 -0.1818
vt 0.5245 -0.3957 1.1818
vt 0.5232 -0.3955 1.1818
vt 0.4755 -0.3957 -0.1818
vt 0.4768 -0.3955 -0.1818
vt 0.5243 -0.3970 1.1818
vt 0.5229 -0.3967 1.1818
vt 0.4757 -0.3970 -0.1818
vt 0.4771 -0.3967 -0.1818
vt 0.5239 -0.3983 1.1818
vt 0.5226 -0.3979 1.1818
vt 0.4761 -0.3983 -0.1818
vt 0.4774 -0.3979 -0.1818
vt 0.5235 -0.3995 1.1818
vt 0.5222 -0.3990 1.1818
vt 0.4765 -0.3995 -0.1818
vt 0.4778 -0.3990 -0.1818
vt 0.5230 -0.4007 1.1818
vt 0.5218 -0.4001 1.1818
vt 0.4770 -0.4007 -0.1818
vt 0.4782 -0.4001 -0.1818
vt 0.5225 -0.4018 1.1818
vt 0.5213 -0.4013 1.1818
vt 0.4775 -0.4018 -0.1818
vt 0.4787 -0.4013 -0.1818
vt 0.5219 -0.4030 1.1818
vt 0.5207 -0.4024 1.1818
vt 0.4781 -0.4030 -0.1818
vt 0.4793 -0.4024 -0.1818
vt 0.5213 -0.4041 1.1818
vt 0.5201 -0.4034 1.1818
vt 0.4787 -0.4041 -0.1818
vt 0.4799 -0.4034 -0.1818
vt 0.5206 -0.4053 1.1818
vt 0.5194 -0.4045 1.1818
vt 0.4794 -0.4053 -0.1818
vt 0.4806 -0.4045 -0.1818
vt 0.5198 -0.4063 1.1818
vt 0.5187 -0.4055 1.1818
vt 0.4802 -0.4063 -0.1818
vt 0.4813 -0.4055 -0.1818
vt 0.5190 -0.4074 1.1818
vt 0.5180 -0.4065 1.1818
vt 0.4810 -0.4074 -0.1818
vt 0.4820 -0.4065 -0.1818
vt 0.5182 -0.4083 1.1818
vt 0.5172 -0.4074 1.1818
vt 0.4818 -0.4083 -0.1818
vt 0.4828 -0.4074 -0.1818
vt 0.5173 -0.4093 1.1818
vt 0.5163 -0.4083 1.1818
vt 0.4827 -0.4093 -0.1818
vt 0.4837 -0.4083 -0.1818
vt 0.5163 -0.4102 1.1818
vt 0.5154 -0.4092 1.1818
vt 0.4837 -0.4102 -0.1818
vt 0.4846 -0.4092 -0.1818
vt 0.5153 -0.4110 1.1818
vt 0.5145 -0.4100 1.1818
vt 0.4847 -0.4110 -0.1818
vt 0.4855 -0.4100 -0.1818
vt 0.5143 -0.4118 1.1818
vt 0.5135 -0.4107 1.1818
vt 0.4857 -0.4118 -0.1818
vt 0.4865 -0.4107 -0.1818
vt 0.5132 -0.4126 1.1818
vt 0.5125 -0.4115 1.1818
vt 0.4868 -0.4126 -0.1818
vt 0.4875 -0.4115 -0.1818
vt 0.5121 -0.4133 1.1818
vt 0.5114 -0.4121 1.1818
vt 0.4879 -0.4133 -0.1818
vt 0.4886 -0.4121 -0.1818
vt 0.5110 -0.4139 1.1818
vt 0.5103 -0.4127 1.1818
vt 0.4890 -0.4139 -0.1818
vt 0.4897 -0.4127 -0.1818
vt 0.5098 -0.4145 1.1818
vt 0.5093 -0.4133 1.1818
vt 0.4902 -0.4145 -0.1818
vt 0.4907 -0.4133 -0.1818
vt 0.5086 -0.4150 1.1818
vt 0.5081 -0.4137 1.1818
vt 0.4914 -0.4150 -0.1818
vt 0.4919 -0.4137 -0.1818
vt 0.5074 -0.4155 1.1818
vt 0.5069 -0.4142 1.1818
vt 0.4926 -0.4155 -0.1818
vt 0.4931 -0.4142 -0.1818
vt 0.5061 -0.4159 1.1818
vt 0.5058 -0.4146 1.1818
vt 0.4939 -0.4159 -0.1818
vt 0.4942 -0.4146 -0.1818
vt 0.5049 -0.4162 1.1818
vt 0.5046 -0.4149 1.1818
vt 0.4951 -0.4162 -0.1818
vt 0.4954 -0.4149 -0.1818
vt 0.5036 -0.4165 1.1818
vt 0.5033 -0.4151 1.1818
vt 0.4964 -0.4165 -0.1818
vt 0.4967 -0.4151 -0.1818
vt 0.5023 -0.4167 1.1818
vt 0.5022 -0.4153 1.1818
vt 0.4977 -0.4167 -0.1818
vt 0.4978 -0.4153 -0.1818
vt 0.5010 -0.4168 1.1818
vt 0.5009 -0.4154 1.1818
vt 0.4990 -0.4168 -0.1818
vt 0.4991 -0.4154 -0.1818
vt 0.4997 -0.4169 1.1818
vt 0.4997 -0.4155 1.1818
vt 0.5003 -0.4169 -0.1818
vt 0.5003 -0.4155 -0.1818
vt 0.4984 -0.4169 1.1818
vt 0.4985 -0.4155 1.1818
vt 0.5016 -0.4169 -0.1818
vt 0.5015 -0.4155 -0.1818
vt 0.4971 -0.4168 1.1818
vt 0.4972 -0.4154 1.1818
vt 0.5029 -0.4168 -0.1818
vt 0.5028 -0.4154 -0.1818
vt 0.4958 -0.4166 1.1818
vt 0.4960 -0.4153 1.1818
vt 0.5042 -0.4166 -0.1818
vt 0.5040 -0.4153 -0.1818
vt 0.4945 -0.4164 1.1818
vt 0.4948 -0.4151 1.1818
vt 0.5055 -0.4164 -0.1818
vt 0.5052 -0.4151 -0.1818
vt 0.4932 -0.4162 1.1818
vt 0.4936 -0.4148 1.1818
vt 0.5068 -0.4162 -0.1818
vt 0.5064 -0.4148 -0.1818
vt 0.4920 -0.4158 1.1818
vt 0.4924 -0.4145 1.1818
vt 0.5080 -0.4158 -0.1818
vt 0.5076 -0.4145 -0.1818
vt 0.4908 -0.4154 1.1818
vt 0.4912 -0.4141 1.1818
vt 0.5092 -0.4154 -0.1818
vt 0.5088 -0.4141 -0.1818
vt 0.4895 -0.4149 1.1818
vt 0.4901 -0.4136 1.1818
vt 0.5105 -0.4149 -0.1818
vt 0.5099 -0.4136 -0.1818
vt 0.4883 -0.4143 1.1818
vt 0.4889 -0.4131 1.1818
vt 0.5117 -0.4143 -0.1818
vt 0.5111 -0.4131 -0.1818
vt 0.4872 -0.4137 1.1818
vt 0.4878 -0.4125 1.1818
vt 0.5128 -0.4137 -0.1818
vt 0.5122 -0.4125 -0.1818
vt 0.4861 -0.4131 1.1818
vt 0.4868 -0.4119 1.1818
vt 0.5139 -0.4131 -0.1818
vt 0.5132 -0.4119 -0.1818
vt 0.4850 -0.4124 1.1818
vt 0.4858 -0.4112 1.1818
vt 0.5150 -0.4124 -0.1818
vt 0.5142 -0.4112 -0.1818
vt 0.4839 -0.4116 1.1818
vt 0.4848 -0.4105 1.1818
vt 0.5161 -0.4116 -0.1818
vt 0.5152 -0.4105 -0.1818
vt 0.4829 -0.4107 1.1818
vt 0.4838 -0.4097 1.1818
vt 0.5171 -0.4107 -0.1818
vt 0.5162 -0.4097 -0.1818
vt 0.4820 -0.4099 1.1818
vt 0.4829 -0.4089 1.1818
vt 0.5180 -0.4099 -0.1818
vt 0.5171 -0.4089 -0.1818
vt 0.4810 -0.4089 1.1818
vt 0.4820 -0.4080 1.1818
vt 0.5190 -0.4089 -0.1818
vt 0.5180 -0.4080 -0.1818
vt 0.4802 -0.4079 1.1818
vt 0.4812 -0.4071 1.1818
vt 0.5198 -0.4079 -0.1818
vt 0.5188 -0.4071 -0.1818
vt 0.4794 -0.4069 1.1818
vt 0.4805 -0.4061 1.1818
vt 0.5206 -0.4069 -0.1818
vt 0.5195 -0.4061 -0.1818
vt 0.4786 -0.4058 1.1818
vt 0.4798 -0.4051 1.1818
vt 0.5214 -0.4058 -0.1818
vt 0.5202 -0.4051 -0.1818
vt 0.4780 -0.4047 1.1818
vt 0.4792 -0.4041 1.1818
vt 0.5220 -0.4047 -0.1818
vt 0.5208 -0.4041 -0.1818
vt 0.4774 -0.4036 1.1818
vt 0.4786 -0.4030 1.1818
vt 0.5226 -0.4036 -0.1818
vt 0.5214 -0.4030 -0.1818
vt 0.4768 -0.4024 1.1818
vt 0.4781 -0.4019 1.1818
vt 0.5232 -0.4024 -0.1818
vt 0.5219 -0.4019 -0.1818
vt 0.4763 -0.4011 1.1818
vt 0.4776 -0.4007 1.1818
vt 0.5237 -0.4011 -0.1818
vt 0.5224 -0.4007 -0.1818
vt 0.4759 -0.3999 1.1818
vt 0.4772 -0.3995 1.1818
vt 0.5241 -0.3999 -0.1818
vt 0.5228 -0.3995 -0.1818
vt 0.4756 -0.3986 1.1818
vt 0.4769 -0.3983 1.1818
vt 0.5244 -0.3986 -0.1818
vt 0.5231 -0.3983 -0.1818
vt 0.4753 -0.3974 1.1818
vt 0.4767 -0.3971 1.1818
vt 0.5247 -0.3974 -0.1818
vt 0.5233 -0.3971 -0.1818
vt 0.4751 -0.3961 1.1818
vt 0.4765 -0.3959 1.1818
vt 0.5249 -0.3961 -0.1818
vt 0.5235 -0.3959 -0.1818
vt 0.4750 -0.3948 1.1818
vt 0.4764 -0.3947 1.1818
vt 0.5250 -0.3948 -0.1818
vt 0.5236 -0.3947 -0.1818
vt 0.4749 -0.3935 1.1818
vt 0.4763 -0.3934 1.1818
vt 0.5251 -0.3935 -0.1818
vt 0.5237 -0.3934 -0.1818
vt 0.4749 -0.3922 1.1818
vt 0.4763 -0.3922 1.1818
vt 0.5251 -0.3922 -0.1818
vt 0.5237 -0.3922 -0.1818
vt 0.4750 -0.3908 1.1818
vt 0.4764 -0.3910 1.1818
vt 0.5250 -0.3908 -0.1818
vt 0.5236 -0.3910 -0.1818
vt 0.4752 -0.3895 1.1818
vt 0.4765 -0.3897 1.1818
vt 0.5248 -0.3895 -0.1818
vt 0.5235 -0.3897 -0.1818
vt 0.4754 -0.3883 1.1818
vt 0.4767 -0.3886 1.1818
vt 0.5246 -0.3883 -0.1818
vt 0.5233 -0.3886 -0.1818
vt 0.4757 -0.3870 1.1818
vt 0.4770 -0.3874 1.1818
vt 0.5243 -0.3870 -0.1818
vt 0.5230 -0.3874 -0.1818
vt 0.4761 -0.3858 1.1818
vt 0.4774 -0.3863 1.1818
vt 0.5239 -0.3858 -0.1818
vt 0.5226 -0.3863 -0.1818
vt 0.4766 -0.3846 1.1818
vt 0.4779 -0.3851 1.1818
vt 0.5234 -0.3846 -0.1818
vt 0.5221 -0.3851 -0.1818
vt 0.4772 -0.3834 1.1818
vt 0.4784 -0.3840 1.1818
vt 0.5228 -0.3834 -0.1818
vt 0.5216 -0.3840 -0.1818
vt 0.4778 -0.3822 1.1818
vt 0.4790 -0.3829 1.1818
vt 0.5222 -0.3822 -0.1818
vt 0.5210 -0.3829 -0.1818
vt 0.4785 -0.3811 1.1818
vt 0.4796 -0.3818 1.1818
vt 0.5215 -0.3811 -0.1818
vt 0.5204 -0.3818 -0.1818
vt 0.4792 -0.3800 1.1818
vt 0.4803 -0.3808 1.1818
vt 0.5208 -0.3800 -0.1818
vt 0.5197 -0.3808 -0.1818
vt 0.4800 -0.3790 1.1818
vt 0.4810 -0.3799 1.1818
vt 0.5200 -0.3790 -0.1818
vt 0.5190 -0.3799 -0.1818
vt 0.4809 -0.3780 1.1818
vt 0.4818 -0.3789 1.1818
vt 0.5191 -0.3780 -0.1818
vt 0.5182 -0.3789 -0.1818
vt 0.4818 -0.3771 1.1818
vt 0.4827 -0.3781 1.1818
vt 0.5182 -0.3771 -0.1818
vt 0.5173 -0.3781 -0.1818
vt 0.4828 -0.3762 1.1818
vt 0.4837 -0.3772 1.1818
vt 0.5172 -0.3762 -0.1818
vt 0.5163 -0.3772 -0.1818
vt 0.4838 -0.3754 1.1818
vt 0.4846 -0.3764 1.1818
vt 0.5162 -0.3754 -0.1818
vt 0.5154 -0.3764 -0.1818
vt 0.4849 -0.3746 1.1818
vt 0.4856 -0.3757 1.1818
vt 0.5151 -0.3746 -0.1818
vt 0.5144 -0.3757 -0.1818
vt 0.4859 -0.3739 1.1818
vt 0.4866 -0.3751 1.1818
vt 0.5141 -0.3739 -0.1818
vt 0.5134 -0.3751 -0.1818
vt 0.4871 -0.3733 1.1818
vt 0.4877 -0.3745 1.1818
vt 0.5129 -0.3733 -0.1818
vt 0.5123 -0.3745 -0.1818
vt 0.4883 -0.3728 1.1818
vt 0.4888 -0.3740 1.1818
vt 0.5117 -0.3728 -0.1818
vt 0.5112 -0.3740 -0.1818
vt 0.4895 -0.3723 1.1818
vt 0.4900 -0.3736 1.1818
vt 0.5105 -0.3723 -0.1818
vt 0.5100 -0.3736 -0.1818
vt 0.4908 -0.3719 1.1818
vt 0.4912 -0.3732 1.1818
vt 0.5092 -0.3719 -0.1818
vt 0.5088 -0.3732 -0.1818
vt 0.4921 -0.3716 1.1818
vt 0.4924 -0.3729 1.1818
vt 0.5079 -0.3716 -0.1818
vt 0.5076 -0.3729 -0.1818
vt 0.4933 -0.3713 1.1818
vt 0.4935 -0.3727 1.1818
vt 0.5067 -0.3713 -0.1818
vt 0.5065 -0.3727 -0.1818
vt 0.4946 -0.3712 1.1818
vt 0.4947 -0.3725 1.1818
vt 0.5054 -0.3712 -0.1818
vt 0.5053 -0.3725 -0.1818
vt 0.4959 -0.3711 1.1818
vt 0.4959 -0.3725 1.1818
vt 0.5041 -0.3711 -0.1818
vt 0.5041 -0.3725 -0.1818
vt 0.4972 -0.3711 1.1818
vt 0.4971 -0.3725 1.1818
vt 0.5028 -0.3711 -0.1818
vt 0.5029 -0.3725 -0.1818
vt 0.4985 -0.3712 1.1818
vt 0.4984 -0.3726 1.1818
vt 0.5015 -0.3712 -0.1818
vt 0.5016 -0.3726 -0.1818
vt 0.4998 -0.3714 1.1818
vt 0.4996 -0.3727 1.1818
vt 0.5002 -0.3714 -0.1818
vt 0.5004 -0.3727 -0.1818
vt 0.5011 -0.3717 1.1818
vt 0.5008 -0.3730 1.1818
vt 0.4989 -0.3717 -0.1818
vt 0.4992 -0.3730 -0.1818
vt 0.5024 -0.3720 1.1818
vt 0.5020 -0.3733 1.1818
vt 0.4976 -0.3720 -0.1818
vt 0.4980 -0.3733 -0.1818
vt 0.5036 -0.3724 1.1818
vt 0.5031 -0.3737 1.1818
vt 0.4964 -0.3724 -0.1818
vt 0.4969 -0.3737 -0.1818
vt 0.5048 -0.3729 1.1818
vt 0.5042 -0.3742 1.1818
vt 0.4952 -0.3729 -0.1818
vt 0.4958 -0.3742 -0.1818
vt 0.5060 -0.3735 1.1818
vt 0.5053 -0.3747 1.1818
vt 0.4940 -0.3735 -0.1818
vt 0.4947 -0.3747 -0.1818
vt 0.5071 -0.3742 1.1818
vt 0.5064 -0.3753 1.1818
vt 0.4929 -0.3742 -0.1818
vt 0.4936 -0.3753 -0.1818
vt 0.5082 -0.3749 1.1818
vt 0.5074 -0.3760 1.1818
vt 0.4918 -0.3749 -0.1818
vt 0.4926 -0.3760 -0.1818
vt 0.5093 -0.3757 1.1818
vt 0.5084 -0.3768 1.1818
vt 0.4907 -0.3757 -0.1818
vt 0.4916 -0.3768 -0.1818
vt 0.5103 -0.3766 1.1818
vt 0.5093 -0.3776 1.1818
vt 0.4897 -0.3766 -0.1818
vt 0.4907 -0.3776 -0.1818
vt 0.5112 -0.3775 1.1818
vt 0.5102 -0.3784 1.1818
vt 0.4888 -0.3775 -0.1818
vt 0.4898 -0.3784 -0.1818
vt 0.5120 -0.3785 1.1818
vt 0.5109 -0.3793 1.1818
vt 0.4880 -0.3785 -0.1818
vt 0.4891 -0.3793 -0.1818
vt 0.5128 -0.3795 1.1818
vt 0.5117 -0.3803 1.1818
vt 0.4872 -0.3795 -0.1818
vt 0.4883 -0.3803 -0.1818
vt 0.5135 -0.3806 1.1818
vt 0.5123 -0.3813 1.1818
vt 0.4865 -0.3806 -0.1818
vt 0.4877 -0.3813 -0.1818
vt 0.5142 -0.3818 1.1818
vt 0.5130 -0.3824 1.1818
vt 0.4858 -0.3818 -0.1818
vt 0.4870 -0.3824 -0.1818
vt 0.5147 -0.3830 1.1818
vt 0.5135 -0.3835 1.1818
vt 0.4853 -0.3830 -0.1818
vt 0.4865 -0.3835 -0.1818
vt 0.5152 -0.3842 1.1818
vt 0.5139 -0.3847 1.1818
vt 0.4848 -0.3842 -0.1818
vt 0.4861 -0.3847 -0.1818
vt 0.5156 -0.3854 1.1818
vt 0.5143 -0.3858 1.1818
vt 0.4844 -0.3854 -0.1818
vt 0.4857 -0.3858 -0.1818
vt 0.5159 -0.3867 1.1818
vt 0.5146 -0.3869 1.1818
vt 0.4841 -0.3867 -0.1818
vt 0.4854 -0.3869 -0.1818
vt 0.5161 -0.3880 1.1818
vt 0.5148 -0.3881 1.1818
vt 0.4839 -0.3880 -0.1818
vt 0.4852 -0.3881 -0.1818
vt 0.5162 -0.3893 1.1818
vt 0.5149 -0.3894 1.1818
vt 0.4838 -0.3893 -0.1818
vt 0.4851 -0.3894 -0.1818
vt 0.5163 -0.3906 1.1818
vt 0.5149 -0.3906 1.1818
vt 0.4837 -0.3906 -0.1818
vt 0.4851 -0.3906 -0.1818
vt 0.5162 -0.3919 1.1818
vt 0.5149 -0.3918 1.1818
vt 0.4838 -0.3919 -0.1818
vt 0.4851 -0.3918 -0.1818
vt 0.5161 -0.3932 1.1818
vt 0.5147 -0.3930 1.1818
vt 0.4839 -0.3932 -0.1818
vt 0.4853 -0.3930 -0.1818
vt 0.5159 -0.3945 1.1818
vt 0.5145 -0.3942 1.1818
vt 0.4841 -0.3945 -0.1818
vt 0.4855 -0.3942 -0.1818
vt 0.5155 -0.3957 1.1818
vt 0.5142 -0.3953 1.1818
vt 0.4845 -0.3957 -0.1818
vt 0.4858 -0.3953 -0.1818
vt 0.5151 -0.3970 1.1818
vt 0.5138 -0.3965 1.1818
vt 0.4849 -0.3970 -0.1818
vt 0.4862 -0.3965 -0.1818
vt 0.5145 -0.3982 1.1818
vt 0.5133 -0.3976 1.1818
vt 0.4855 -0.3982 -0.1818
vt 0.4867 -0.3976 -0.1818
vt 0.5139 -0.3994 1.1818
vt 0.5127 -0.3987 1.1818
vt 0.4861 -0.3994 -0.1818
vt 0.4873 -0.3987 -0.1818
vt 0.5132 -0.4005 1.1818
vt 0.5121 -0.3998 1.1818
vt 0.4868 -0.4005 -0.1818
vt 0.4879 -0.3998 -0.1818
vt 0.5125 -0.4016 1.1818
vt 0.5114 -0.4007 1.1818
vt 0.4875 -0.4016 -0.1818
vt 0.4886 -0.4007 -0.1818
vt 0.5116 -0.4026 1.1818
vt 0.5106 -0.4016 1.1818
vt 0.4884 -0.4026 -0.1818
vt 0.4894 -0.4016 -0.1818
vt 0.5107 -0.4035 1.1818
vt 0.5098 -0.4025 1.1818
vt 0.4893 -0.4035 -0.1818
vt 0.4902 -0.4025 -0.1818
vt 0.5097 -0.4043 1.1818
vt 0.5089 -0.4032 1.1818
vt 0.4903 -0.4043 -0.1818
vt 0.4911 -0.4032 -0.1818
vt 0.5087 -0.4051 1.1818
vt 0.5079 -0.4040 1.1818
vt 0.4913 -0.4051 -0.1818
vt 0.4921 -0.4040 -0.1818
vt 0.5075 -0.4058 1.1818
vt 0.5068 -0.4046 1.1818
vt 0.4925 -0.4058 -0.1818
vt 0.4932 -0.4046 -0.1818
vt 0.5063 -0.4064 1.1818
vt 0.5057 -0.4052 1.1818
vt 0.4937 -0.4064 -0.1818
vt 0.4943 -0.4052 -0.1818
vt 0.5051 -0.4070 1.1818
vt 0.5046 -0.4057 1.1818
vt 0.4949 -0.4070 -0.1818
vt 0.4954 -0.4057 -0.1818
vt 0.5039 -0.4074 1.1818
vt 0.5036 -0.4061 1.1818
vt 0.4961 -0.4074 -0.1818
vt 0.4964 -0.4061 -0.1818
vt 0.5027 -0.4077 1.1818
vt 0.5024 -0.4064 1.1818
vt 0.4973 -0.4077 -0.1818
vt 0.4976 -0.4064 -0.1818
vt 0.5014 -0.4079 1.1818
vt 0.5012 -0.4066 1.1818
vt 0.4986 -0.4079 -0.1818
vt 0.4988 -0.4066 -0.1818
vt 0.5001 -0.4080 1.1818
vt 0.5000 -0.4067 1.1818
vt 0.4999 -0.4080 -0.1818
vt 0.5000 -0.4067 -0.1818
vt 0.4987 -0.4081 1.1818
vt 0.4987 -0.4067 1.1818
vt 0.5013 -0.4081 -0.1818
vt 0.5013 -0.4067 -0.1818
vt 0.4974 -0.4080 1.1818
vt 0.4975 -0.4066 1.1818
vt 0.5026 -0.4080 -0.1818
vt 0.5025 -0.4066 -0.1818
vt 0.4961 -0.4078 1.1818
vt 0.4963 -0.4065 1.1818
vt 0.5039 -0.4078 -0.1818
vt 0.5037 -0.4065 -0.1818
vt 0.4948 -0.4075 1.1818
vt 0.4952 -0.4062 1.1818
vt 0.5052 -0.4075 -0.1818
vt 0.5048 -0.4062 -0.1818
vt 0.4936 -0.4071 1.1818
vt 0.4941 -0.4058 1.1818
vt 0.5064 -0.4071 -0.1818
vt 0.5059 -0.4058 -0.1818
vt 0.4924 -0.4066 1.1818
vt 0.4930 -0.4054 1.1818
vt 0.5076 -0.4066 -0.1818
vt 0.5070 -0.4054 -0.1818
vt 0.4912 -0.4060 1.1818
vt 0.4919 -0.4048 1.1818
vt 0.5088 -0.4060 -0.1818
vt 0.5081 -0.4048 -0.1818
vt 0.4901 -0.4053 1.1818
vt 0.4909 -0.4041 1.1818
vt 0.5099 -0.4053 -0.1818
vt 0.5091 -0.4041 -0.1818
vt 0.4890 -0.4044 1.1818
vt 0.4899 -0.4034 1.1818
vt 0.5110 -0.4044 -0.1818
vt 0.5101 -0.4034 -0.1818
vt 0.4880 -0.4036 1.1818
vt 0.4890 -0.4026 1.1818
vt 0.5120 -0.4036 -0.1818
vt 0.5110 -0.4026 -0.1818
vt 0.4872 -0.4027 1.1818
vt 0.4882 -0.4018 1.1818
vt 0.5128 -0.4027 -0.1818
vt 0.5118 -0.4018 -0.1818
vt 0.4864 -0.4016 1.1818
vt 0.4875 -0.4009 1.1818
vt 0.5136 -0.4016 -0.1818
vt 0.5125 -0.4009 -0.1818
vt 0.4857 -0.4005 1.1818
vt 0.4869 -0.3998 1.1818
vt 0.5143 -0.4005 -0.1818
vt 0.5131 -0.3998 -0.1818
vt 0.4851 -0.3993 1.1818
vt 0.4863 -0.3987 1.1818
vt 0.5149 -0.3993 -0.1818
vt 0.5137 -0.3987 -0.1818
vt 0.4846 -0.3981 1.1818
vt 0.4858 -0.3976 1.1818
vt 0.5154 -0.3981 -0.1818
vt 0.5142 -0.3976 -0.1818
vt 0.4841 -0.3968 1.1818
vt 0.4855 -0.3964 1.1818
vt 0.5159 -0.3968 -0.1818
vt 0.5145 -0.3964 -0.1818
vt 0.4838 -0.3955 1.1818
vt 0.4852 -0.3953 1.1818
vt 0.5162 -0.3955 -0.1818
vt 0.5148 -0.3953 -0.1818
vt 0.4837 -0.3943 1.1818
vt 0.4851 -0.3942 1.1818
vt 0.5163 -0.3943 -0.1818
vt 0.5149 -0.3942 -0.1818
vt 0.4837 -0.3930 1.1818
vt 0.4850 -0.3930 1.1818
vt 0.5163 -0.3930 -0.1818
vt 0.5150 -0.3930 -0.1818
vt 0.4838 -0.3917 1.1818
vt 0.4851 -0.3918 1.1818
vt 0.5162 -0.3917 -0.1818
vt 0.5149 -0.3918 -0.1818
vt 0.4840 -0.3903 1.1818
vt 0.4853 -0.3906 1.1818
vt 0.5160 -0.3903 -0.1818
vt 0.5147 -0.3906 -0.1818
vt 0.4844 -0.3890 1.1818
vt 0.4857 -0.3894 1.1818
vt 0.5156 -0.3890 -0.1818
vt 0.5143 -0.3894 -0.1818
vt 0.4848 -0.3877 1.1818
vt 0.4861 -0.3882 1.1818
vt 0.5152 -0.3877 -0.1818
vt 0.5139 -0.3882 -0.1818
vt 0.4854 -0.3865 1.1818
vt 0.4866 -0.3872 1.1818
vt 0.5146 -0.3865 -0.1818
vt 0.5134 -0.3872 -0.1818
vt 0.4860 -0.3855 1.1818
vt 0.4871 -0.3862 1.1818
vt 0.5140 -0.3855 -0.1818
vt 0.5129 -0.3862 -0.1818
vt 0.4868 -0.3845 1.1818
vt 0.4878 -0.3854 1.1818
vt 0.5132 -0.3845 -0.1818
vt 0.5122 -0.3854 -0.1818
vt 0.4877 -0.3835 1.1818
vt 0.4886 -0.3845 1.1818
vt 0.5123 -0.3835 -0.1818
vt 0.5114 -0.3845 -0.1818
vt 0.4888 -0.3826 1.1818
vt 0.4896 -0.3837 1.1818
vt 0.5112 -0.3826 -0.1818
vt 0.5104 -0.3837 -0.1818
vt 0.4899 -0.3818 1.1818
vt 0.4906 -0.3830 1.1818
vt 0.5101 -0.3818 -0.1818
vt 0.5094 -0.3830 -0.1818
vt 0.4911 -0.3811 1.1818
vt 0.4917 -0.3824 1.1818
vt 0.5089 -0.3811 -0.1818
vt 0.5083 -0.3824 -0.1818
vt 0.4923 -0.3806 1.1818
vt 0.4927 -0.3819 1.1818
vt 0.5077 -0.3806 -0.1818
vt 0.5073 -0.3819 -0.1818
vt 0.4934 -0.3802 1.1818
vt 0.4938 -0.3816 1.1818
vt 0.5066 -0.3802 -0.1818
vt 0.5062 -0.3816 -0.1818
vt 0.4947 -0.3800 1.1818
vt 0.4948 -0.3814 1.1818
vt 0.5053 -0.3800 -0.1818
vt 0.5052 -0.3814 -0.1818
vt 0.4960 -0.3799 1.1818
vt 0.4960 -0.3813 1.1818
vt 0.5040 -0.3799 -0.1818
vt 0.5040 -0.3813 -0.1818
vt 0.4974 -0.3800 1.1818
vt 0.4973 -0.3814 1.1818
vt 0.5026 -0.3800 -0.1818
vt 0.5027 -0.3814 -0.1818
vt 0.4988 -0.3802 1.1818
vt 0.4985 -0.3815 1.1818
vt 0.5012 -0.3802 -0.1818
vt 0.5015 -0.3815 -0.1818
vt 0.5001 -0.3805 1.1818
vt 0.4997 -0.3818 1.1818
vt 0.4999 -0.3805 -0.1818
vt 0.5003 -0.3818 -0.1818
vt 0.5014 -0.3810 1.1818
vt 0.5008 -0.3822 1.1818
vt 0.4986 -0.3810 -0.1818
vt 0.4992 -0.3822 -0.1818
vt 0.5024 -0.3815 1.1818
vt 0.5017 -0.3827 1.1818
vt 0.4976 -0.3815 -0.1818
vt 0.4983 -0.3827 -0.1818
vt 0.5034 -0.3823 1.1818
vt 0.5026 -0.3833 1.1818
vt 0.4966 -0.3823 -0.1818
vt 0.4974 -0.3833 -0.1818
vt 0.5044 -0.3832 1.1818
vt 0.5034 -0.3841 1.1818
vt 0.4956 -0.3832 -0.1818
vt 0.4966 -0.3841 -0.1818
vt 0.5053 -0.3843 1.1818
vt 0.5042 -0.3851 1.1818
vt 0.4947 -0.3843 -0.1818
vt 0.4958 -0.3851 -0.1818
vt 0.5061 -0.3855 1.1818
vt 0.5049 -0.3862 1.1818
vt 0.4939 -0.3855 -0.1818
vt 0.4951 -0.3862 -0.1818
vt 0.5068 -0.3867 1.1818
vt 0.5055 -0.3873 1.1818
vt 0.4932 -0.3867 -0.1818
vt 0.4945 -0.3873 -0.1818
vt 0.5072 -0.3879 1.1818
vt 0.5059 -0.3883 1.1818
vt 0.4928 -0.3879 -0.1818
vt 0.4941 -0.3883 -0.1818
vt 0.5075 -0.3891 1.1818
vt 0.5061 -0.3893 1.1818
vt 0.4925 -0.3891 -0.1818
vt 0.4939 -0.3893 -0.1818
vt 0.5075 -0.3903 1.1818
vt 0.5061 -0.3903 1.1818
vt 0.4925 -0.3903 -0.1818
vt 0.4939 -0.3903 -0.1818
vt 0.5073 -0.3917 1.1818
vt 0.5060 -0.3914 1.1818
vt 0.4927 -0.3917 -0.1818
vt 0.4940 -0.3914 -0.1818
vt 0.5070 -0.3931 1.1818
vt 0.5057 -0.3927 1.1818
vt 0.4930 -0.3931 -0.1818
vt 0.4943 -0.3927 -0.1818
vt 0.5065 -0.3945 1.1818
vt 0.5052 -0.3939 1.1818
vt 0.4935 -0.3945 -0.1818
vt 0.4948 -0.3939 -0.1818
vt 0.5058 -0.3957 1.1818
vt 0.5046 -0.3950 1.1818
vt 0.4942 -0.3957 -0.1818
vt 0.4954 -0.3950 -0.1818
vt 0.5051 -0.3968 1.1818
vt 0.5040 -0.3959 1.1818
vt 0.4949 -0.3968 -0.1818
vt 0.4960 -0.3959 -0.1818
vt 0.5042 -0.3976 1.1818
vt 0.5034 -0.3965 1.1818
vt 0.4958 -0.3976 -0.1818
vt 0.4966 -0.3965 -0.1818
vt 0.5031 -0.3982 1.1818
vt 0.5026 -0.3969 1.1818
vt 0.4969 -0.3982 -0.1818
vt 0.4974 -0.3969 -0.1818
vt 0.5018 -0.3986 1.1818
vt 0.5015 -0.3973 1.1818
vt 0.4982 -0.3986 -0.1818
vt 0.4985 -0.3973 -0.1818
vt 0.5003 -0.3989 1.1818
vt 0.5001 -0.3976 1.1818
vt 0.4997 -0.3989 -0.1818
vt 0.4999 -0.3976 -0.1818
vt 0.4988 -0.3990 1.1818
vt 0.4987 -0.3977 1.1818
vt 0.5012 -0.3990 -0.1818
vt 0.5013 -0.3977 -0.1818
vt 0.4973 -0.3990 1.1818
vt 0.4975 -0.3976 1.1818
vt 0.5027 -0.3990 -0.1818
vt 0.5025 -0.3976 -0.1818
vt 0.4961 -0.3987 1.1818
vt 0.4965 -0.3974 1.1818
vt 0.5039 -0.3987 -0.1818
vt 0.5035 -0.3974 -0.1818
vt 0.4951 -0.3982 1.1818
vt 0.4961 -0.3972 1.1818
vt 0.5049 -0.3982 -0.1818
vt 0.5039 -0.3972 -0.1818
vt 0.4945 -0.3973 1.1818
vt 0.4958 -0.3967 1.1818
vt 0.5055 -0.3973 -0.1818
vt 0.5042 -0.3967 -0.1818
vt 0.4941 -0.3960 1.1818
vt 0.4955 -0.3957 1.1818
vt 0.5059 -0.3960 -0.1818
vt 0.5045 -0.3957 -0.1818
vt 0.4939 -0.3944 1.1818
vt 0.4953 -0.3943 1.1818
vt 0.5061 -0.3944 -0.1818
vt 0.5047 -0.3943 -0.1818
vt 0.4939 -0.3927 1.1818
vt 0.4952 -0.3927 1.1818
vt 0.5061 -0.3927 -0.1818
vt 0.5048 -0.3927 -0.1818
vt 0.4939 -0.3912 1.1818
vt 0.4953 -0.3913 1.1818
vt 0.5061 -0.3912 -0.1818
vt 0.5047 -0.3913 -0.1818
vt 0.4941 -0.3899 1.1818
vt 0.4954 -0.3902 1.1818
vt 0.5059 -0.3899 -0.1818
vt 0.5046 -0.3902 -0.1818
vt 0.4943 -0.3891 1.1818
vt 0.4955 -0.3898 1.1818
vt 0.5057 -0.3891 -0.1818
vt 0.5045 -0.3898 -0.1818
vt 0.4946 -0.3888 1.1818
vt 0.4956 -0.3897 1.1818
vt 0.5054 -0.3888 -0.1818
vt 0.5044 -0.3897 -0.1818
vt 0.5054 -0.1818 -0.3888
vt 0.5054 1.1818 -0.3888
vt 0.5044 1.1818 -0.3897
vt 0.5044 -0.1818 -0.3897
vt 0.7359 1.1818 0.5237
vt 0.7359 -0.1818 0.5237
vt 0.5251 0.2641 1.1818
vt 0.5237 0.2641 1.1818
vt 0.2641 -0.1818 0.5251
vt 0.2641 1.1818 0.5251
vt 0.4763 0.2641 -0.1818
vt 0.4749 0.2641 -0.1818
# 2725 texture coords

o Curtain_Blind_017
g Curtain_Blind_017
usemtl Plastic
s 1
f 1/1 2/2 3/3 4/4 5/5 6/6 7/7 8/8 9/9 10/10 11/11 12/12 13/13 14/14 15/15 16/16 17/17 18/18 19/19 20/20 21/21 22/22 23/23 24/24 25/25 26/26 27/27 28/28 29/29 30/30 31/31 32/32 33/33 34/34 35/35 36/36 37/37 38/38 39/39 40/40 41/41 42/42 43/43 44/44 45/45 46/46 47/47 48/48 49/49 50/50 51/51 52/52 53/53 54/54 55/55 56/56 57/57 58/58 59/59 60/60 61/61 62/62 63/63 64/64 65/65 66/66 67/67 68/68 69/69 70/70 
s 8
f 71/71 72/72 73/73 74/74 
f 75/75 76/76 72/72 71/71 
f 77/77 78/78 76/76 75/75 
f 79/79 80/80 78/78 77/77 
f 81/81 82/82 80/80 79/79 
f 83/83 84/84 82/82 81/81 
f 85/85 86/86 84/84 83/83 
f 87/87 88/88 86/86 85/85 
f 89/89 90/90 88/88 87/87 
f 91/91 92/92 90/90 89/89 
f 93/93 94/94 92/92 91/91 
f 95/95 96/96 94/94 93/93 
f 97/97 98/98 96/96 95/95 
f 99/99 100/100 98/98 97/97 
f 101/101 102/102 100/100 99/99 
f 103/103 104/104 102/102 101/101 
f 105/105 106/106 104/104 103/103 
f 107/107 108/108 106/109 105/110 
f 109/111 110/112 108/108 107/107 
f 111/113 112/114 110/112 109/111 
f 113/115 114/116 112/114 111/113 
f 115/117 116/118 114/116 113/115 
f 117/119 118/120 116/118 115/117 
f 119/121 120/122 118/120 117/119 
f 121/123 122/124 120/122 119/121 
f 123/125 124/126 122/124 121/123 
f 125/127 126/128 124/126 123/125 
f 127/129 128/130 126/128 125/127 
f 129/131 130/132 128/130 127/129 
f 131/133 132/134 130/132 129/131 
f 133/135 134/136 132/134 131/133 
f 135/137 136/138 134/136 133/135 
f 137/139 138/140 136/138 135/137 
f 139/141 140/142 138/140 137/139 
f 141/143 142/144 140/142 139/141 
f 143/145 144/146 142/144 141/143 
f 145/147 146/148 144/146 143/145 
f 147/149 148/150 146/148 145/147 
f 149/151 150/152 148/150 147/149 
f 151/153 152/154 150/152 149/151 
f 153/155 154/156 152/154 151/153 
f 155/157 156/158 154/156 153/155 
f 157/159 158/160 156/158 155/157 
f 159/161 160/162 158/160 157/159 
f 161/163 162/164 160/162 159/161 
f 163/165 164/166 162/164 161/163 
f 165/167 166/168 164/166 163/165 
f 167/169 168/170 166/168 165/167 
f 169/171 170/172 168/170 167/169 
f 171/173 172/174 170/172 169/171 
f 173/175 174/176 172/174 171/173 
f 175/177 176/178 174/176 173/175 
f 177/179 178/180 176/178 175/177 
f 179/181 180/182 178/180 177/179 
f 181/183 182/184 180/182 179/181 
f 183/185 184/186 182/184 181/183 
f 185/187 186/188 184/186 183/185 
f 187/189 188/190 186/188 185/187 
f 189/191 190/192 188/190 187/189 
f 191/193 192/194 190/192 189/191 
f 193/195 194/196 192/194 191/193 
f 195/197 196/198 194/196 193/195 
f 197/199 198/200 196/198 195/197 
f 199/201 200/202 198/200 197/199 
f 201/203 202/204 200/202 199/201 
f 203/205 204/206 202/204 201/203 
f 205/207 206/208 204/206 203/205 
f 207/209 208/210 206/208 205/207 
f 209/211 210/212 208/210 207/209 
f 74/74 73/73 210/212 209/211 
s 1
f 211/213 212/214 213/215 214/216 215/217 216/218 217/219 218/220 219/221 220/222 221/223 222/224 223/225 224/226 225/227 226/228 227/229 228/230 229/231 230/232 231/233 232/234 233/235 234/236 235/237 236/238 237/239 238/240 239/241 240/242 241/243 242/244 243/245 244/246 245/247 246/248 247/249 248/250 249/251 250/252 251/253 252/254 253/255 254/256 255/257 256/258 257/259 258/260 259/261 260/262 261/263 262/264 263/265 264/266 265/267 266/268 267/269 268/270 269/271 270/272 271/273 272/274 273/275 274/276 275/277 276/278 277/279 278/280 279/281 280/282 
s 2
f 5/5 4/4 281/283 282/284 
f 6/6 5/5 282/284 283/285 
f 7/7 6/6 283/285 284/286 
f 8/8 7/7 284/286 285/287 
f 9/9 8/8 285/287 286/288 
f 10/10 9/9 286/288 287/289 
f 11/11 10/10 287/289 288/290 
f 12/12 11/11 288/290 289/291 
f 13/13 12/12 289/291 290/292 
f 14/14 13/13 290/292 291/293 
f 15/15 14/14 291/293 292/294 
f 16/16 15/15 292/294 293/295 
f 17/17 16/16 293/295 294/296 
f 18/18 17/17 294/296 295/297 
f 19/19 18/18 295/297 296/298 
f 20/20 19/19 296/298 297/299 
f 21/21 20/20 297/299 298/300 
f 22/22 21/21 298/300 299/301 
f 23/23 22/22 299/301 300/302 
f 24/24 23/23 300/302 301/303 
f 25/25 24/24 301/303 302/304 
f 26/26 25/25 302/304 303/305 
f 27/27 26/26 303/305 304/306 
f 28/28 27/27 304/306 305/307 
f 29/29 28/28 305/307 306/308 
f 30/30 29/29 306/308 307/309 
f 31/31 30/30 307/309 308/310 
f 32/32 31/31 308/310 309/311 
f 33/33 32/32 309/311 310/312 
f 34/34 33/33 310/312 311/313 
f 35/35 34/34 311/313 312/314 
f 36/36 35/35 312/314 313/315 
f 37/37 36/36 313/315 314/316 
f 38/38 37/37 314/316 315/317 
f 39/39 38/38 315/317 316/318 
f 40/40 39/39 316/318 317/319 
f 41/41 40/40 317/319 318/320 
f 42/42 41/41 318/320 319/321 
f 43/43 42/42 319/321 320/322 
f 44/44 43/43 320/322 321/323 
f 45/45 44/44 321/323 322/324 
f 46/46 45/45 322/324 323/325 
f 47/47 46/46 323/325 324/326 
f 48/48 47/47 324/326 325/327 
f 49/49 48/48 325/327 326/328 
f 50/50 49/49 326/328 327/329 
f 51/51 50/50 327/329 328/330 
f 52/52 51/51 328/330 329/331 
f 53/53 52/52 329/331 330/332 
f 54/54 53/53 330/332 331/333 
f 55/55 54/54 331/333 332/334 
f 56/56 55/55 332/334 333/335 
f 57/57 56/56 333/335 334/336 
f 58/58 57/57 334/336 335/337 
f 59/59 58/58 335/337 336/338 
f 60/60 59/59 336/338 337/339 
f 61/61 60/60 337/339 338/340 
f 62/62 61/61 338/340 339/341 
f 63/63 62/62 339/341 340/342 
f 64/64 63/63 340/342 341/343 
f 65/65 64/64 341/343 342/344 
f 66/66 65/65 342/344 343/345 
f 67/67 66/66 343/345 344/346 
f 68/68 67/67 344/346 345/347 
f 69/69 68/68 345/347 346/348 
f 70/70 69/69 346/348 347/349 
f 1/1 70/70 347/349 348/350 
f 2/2 1/1 348/350 349/351 
f 3/3 2/2 349/351 350/352 
f 4/4 3/3 350/352 281/283 
s 4
f 71/71 74/74 350/352 349/351 
f 73/73 72/72 351/353 352/354 
f 75/75 71/71 349/351 348/350 
f 72/72 76/76 353/355 351/353 
f 77/77 75/75 348/350 347/349 
f 76/76 78/78 354/356 353/355 
f 79/79 77/77 347/349 346/348 
f 78/78 80/80 355/357 354/356 
f 81/81 79/79 346/348 345/347 
f 80/80 82/82 356/358 355/357 
f 83/83 81/81 345/347 344/346 
f 82/82 84/84 357/359 356/358 
f 85/85 83/83 344/346 343/345 
f 84/84 86/86 358/360 357/359 
f 87/87 85/85 343/345 342/344 
f 86/86 88/88 359/361 358/360 
f 89/89 87/87 342/344 341/343 
f 88/88 90/90 360/362 359/361 
f 91/91 89/89 341/343 340/342 
f 90/90 92/92 361/363 360/362 
f 93/93 91/91 340/342 339/341 
f 92/92 94/94 362/364 361/363 
f 95/95 93/93 339/341 338/340 
f 94/94 96/96 363/365 362/364 
f 97/97 95/95 338/340 337/339 
f 96/96 98/98 364/366 363/365 
f 99/99 97/97 337/339 336/338 
f 98/98 100/100 365/367 364/366 
f 101/101 99/99 336/338 335/337 
f 100/100 102/102 366/368 365/367 
f 103/103 101/101 335/337 334/336 
f 102/102 104/104 367/369 366/368 
f 105/105 103/103 334/336 333/335 
f 104/104 106/106 368/370 367/369 
f 107/107 105/110 333/371 332/372 
f 106/109 108/108 369/373 368/374 
f 109/111 107/107 332/372 331/375 
f 108/108 110/112 370/376 369/373 
f 111/113 109/111 331/375 330/377 
f 110/112 112/114 371/378 370/376 
f 113/115 111/113 330/377 329/379 
f 112/114 114/116 372/380 371/378 
f 115/117 113/115 329/379 328/381 
f 114/116 116/118 373/382 372/380 
f 117/119 115/117 328/381 327/383 
f 116/118 118/120 374/384 373/382 
f 119/121 117/119 327/383 326/385 
f 118/120 120/122 375/386 374/384 
f 121/123 119/121 326/385 325/387 
f 120/122 122/124 376/388 375/386 
f 123/125 121/123 325/387 324/389 
f 122/124 124/126 377/390 376/388 
f 125/127 123/125 324/389 323/391 
f 124/126 126/128 378/392 377/390 
f 127/129 125/127 323/391 322/393 
f 126/128 128/130 379/394 378/392 
f 129/131 127/129 322/393 321/395 
f 128/130 130/132 380/396 379/394 
f 131/133 129/131 321/395 320/397 
f 130/132 132/134 381/398 380/396 
f 133/135 131/133 320/397 319/399 
f 132/134 134/136 382/400 381/398 
f 135/137 133/135 319/399 318/401 
f 134/136 136/138 383/402 382/400 
f 137/139 135/137 318/401 317/403 
f 136/138 138/140 384/404 383/402 
f 139/141 137/139 317/403 316/405 
f 138/140 140/142 385/406 384/404 
f 141/143 139/141 316/405 315/407 
f 140/142 142/144 386/408 385/406 
f 143/145 141/143 315/407 314/409 
f 142/144 144/146 387/410 386/408 
f 145/147 143/145 314/409 313/411 
f 144/146 146/148 388/412 387/410 
f 147/149 145/147 313/411 312/413 
f 146/148 148/150 389/414 388/412 
f 149/151 147/149 312/413 311/415 
f 148/150 150/152 390/416 389/414 
f 151/153 149/151 311/415 310/417 
f 150/152 152/154 391/418 390/416 
f 153/155 151/153 310/417 309/419 
f 152/154 154/156 392/420 391/418 
f 155/157 153/155 309/419 308/421 
f 154/156 156/158 393/422 392/420 
f 157/159 155/157 308/421 307/423 
f 156/158 158/160 394/424 393/422 
f 159/161 157/159 307/423 306/425 
f 158/160 160/162 395/426 394/424 
f 161/163 159/161 306/425 305/427 
f 160/162 162/164 396/428 395/426 
f 163/165 161/163 305/427 304/429 
f 162/164 164/166 397/430 396/428 
f 165/167 163/165 304/429 303/431 
f 164/166 166/168 398/432 397/430 
f 167/169 165/167 303/431 302/433 
f 166/168 168/170 399/434 398/432 
f 169/171 167/169 302/433 301/435 
f 168/170 170/172 400/436 399/434 
f 171/173 169/171 301/435 300/437 
f 170/172 172/174 401/438 400/436 
f 173/175 171/173 300/437 299/439 
f 172/174 174/176 402/440 401/438 
f 175/177 173/175 299/439 298/441 
f 174/176 176/178 403/442 402/440 
f 177/179 175/177 298/441 297/443 
f 176/178 178/180 404/444 403/442 
f 179/181 177/179 297/443 296/445 
f 178/180 180/182 405/446 404/444 
f 181/183 179/181 296/445 295/447 
f 180/182 182/184 406/448 405/446 
f 183/185 181/183 295/447 294/449 
f 182/184 184/186 407/450 406/448 
f 185/187 183/185 294/449 293/451 
f 184/186 186/188 408/452 407/450 
f 187/189 185/187 293/451 292/453 
f 186/188 188/190 409/454 408/452 
f 189/191 187/189 292/453 291/455 
f 188/190 190/192 410/456 409/454 
f 191/193 189/191 291/455 290/457 
f 190/192 192/194 411/458 410/456 
f 193/195 191/193 290/457 289/459 
f 192/194 194/196 412/460 411/458 
f 195/197 193/195 289/459 288/461 
f 194/196 196/198 413/462 412/460 
f 197/199 195/197 288/461 287/463 
f 196/198 198/200 414/464 413/462 
f 199/201 197/199 287/463 286/465 
f 198/200 200/202 415/466 414/464 
f 201/203 199/201 286/465 285/467 
f 200/202 202/204 416/468 415/466 
f 203/205 201/203 285/467 284/469 
f 202/204 204/206 417/470 416/468 
f 205/207 203/205 284/469 283/471 
f 204/206 206/208 418/472 417/470 
f 207/209 205/207 283/471 282/473 
f 206/208 208/210 419/474 418/472 
f 209/211 207/209 282/473 281/475 
f 208/210 210/212 420/476 419/474 
f 74/74 209/211 281/475 350/352 
f 210/212 73/73 352/354 420/476 
s 2
f 215/217 214/216 420/476 352/354 
f 216/218 215/217 352/354 351/353 
f 217/219 216/218 351/353 353/355 
f 218/220 217/219 353/355 354/356 
f 219/221 218/220 354/356 355/357 
f 220/222 219/221 355/357 356/358 
f 221/223 220/222 356/358 357/359 
f 222/224 221/223 357/359 358/360 
f 223/225 222/224 358/360 359/361 
f 224/226 223/225 359/361 360/362 
f 225/227 224/226 360/362 361/363 
f 226/228 225/227 361/363 362/364 
f 227/229 226/228 362/364 363/365 
f 228/230 227/229 363/365 364/366 
f 229/231 228/230 364/366 365/367 
f 230/232 229/231 365/367 366/368 
f 231/233 230/232 366/368 367/369 
f 232/234 231/233 367/369 368/370 
f 233/235 232/234 368/370 369/477 
f 234/236 233/235 369/477 370/478 
f 235/237 234/236 370/478 371/479 
f 236/238 235/237 371/479 372/480 
f 237/239 236/238 372/480 373/481 
f 238/240 237/239 373/481 374/482 
f 239/241 238/240 374/482 375/483 
f 240/242 239/241 375/483 376/484 
f 241/243 240/242 376/484 377/485 
f 242/244 241/243 377/485 378/486 
f 243/245 242/244 378/486 379/487 
f 244/246 243/245 379/487 380/488 
f 245/247 244/246 380/488 381/489 
f 246/248 245/247 381/489 382/490 
f 247/249 246/248 382/490 383/491 
f 248/250 247/249 383/491 384/492 
f 249/251 248/250 384/492 385/493 
f 250/252 249/251 385/493 386/494 
f 251/253 250/252 386/494 387/495 
f 252/254 251/253 387/495 388/496 
f 253/255 252/254 388/496 389/497 
f 254/256 253/255 389/497 390/498 
f 255/257 254/256 390/498 391/499 
f 256/258 255/257 391/499 392/500 
f 257/259 256/258 392/500 393/501 
f 258/260 257/259 393/501 394/502 
f 259/261 258/260 394/502 395/503 
f 260/262 259/261 395/503 396/504 
f 261/263 260/262 396/504 397/505 
f 262/264 261/263 397/505 398/506 
f 263/265 262/264 398/506 399/507 
f 264/266 263/265 399/507 400/508 
f 265/267 264/266 400/508 401/509 
f 266/268 265/267 401/509 402/510 
f 267/269 266/268 402/510 403/511 
f 268/270 267/269 403/511 404/512 
f 269/271 268/270 404/512 405/513 
f 270/272 269/271 405/513 406/514 
f 271/273 270/272 406/514 407/515 
f 272/274 271/273 407/515 408/516 
f 273/275 272/274 408/516 409/517 
f 274/276 273/275 409/517 410/518 
f 275/277 274/276 410/518 411/519 
f 276/278 275/277 411/519 412/520 
f 277/279 276/278 412/520 413/521 
f 278/280 277/279 413/521 414/522 
f 279/281 278/280 414/522 415/523 
f 280/282 279/281 415/523 416/524 
f 211/213 280/282 416/524 417/525 
f 212/214 211/213 417/525 418/526 
f 213/215 212/214 418/526 419/527 
f 214/216 213/215 419/527 420/476 
s 1
f 421/345 422/528 423/352 424/529 425/530 426/531 427/532 428/533 429/534 430/535 431/536 432/537 433/538 434/539 435/540 436/541 437/542 438/543 439/338 440/544 
s 8
f 423/352 422/528 441/545 442/354 
f 422/528 421/345 443/360 441/545 
f 421/345 440/544 444/546 443/360 
f 440/544 439/338 445/367 444/546 
f 439/547 438/548 446/549 445/550 
f 438/548 437/379 447/380 446/549 
f 437/379 436/551 448/552 447/380 
f 436/551 435/393 449/394 448/552 
f 435/393 434/553 450/554 449/394 
f 434/553 433/407 451/408 450/554 
f 433/407 432/555 452/556 451/408 
f 432/555 431/421 453/422 452/556 
f 431/421 430/557 454/558 453/422 
f 430/557 429/435 455/436 454/558 
f 429/435 428/559 456/560 455/436 
f 428/559 427/449 457/450 456/560 
f 427/449 426/561 458/562 457/450 
f 426/561 425/463 459/464 458/562 
f 425/463 424/563 460/564 459/464 
f 424/563 423/352 442/354 460/564 
s 1
f 457/565 458/566 459/567 460/564 442/354 441/545 443/360 444/546 445/367 446/568 447/569 448/570 449/571 450/572 451/573 452/574 453/575 454/576 455/577 456/578 
s 2
f 461/579 462/580 463/581 464/582 
s 4
f 465/582 466/579 467/580 468/581 
s 8
f 469/583 470/584 471/585 472/586 
s 16
f 473/587 474/588 475/589 476/590 
s 32
f 477/583 478/584 479/585 480/586 
s 64
f 481/587 482/588 483/589 484/590 
s 1
f 464/582 485/591 486/592 487/593 
f 461/579 488/594 489/595 490/596 
f 462/580 491/597 492/598 493/599 
f 463/581 494/600 495/601 496/602 
f 468/581 497/600 498/601 499/602 
f 465/582 500/591 501/592 502/593 
f 466/579 503/594 504/595 505/596 
f 467/580 506/597 507/598 508/599 
s 128
f 472/586 509/603 486/601 485/602 
f 469/583 496/591 495/592 510/604 
f 470/584 511/605 501/595 500/596 
f 471/585 499/597 498/598 512/606 
s 256
f 476/590 510/603 495/601 494/607 
f 473/587 493/608 492/592 513/604 
f 474/588 514/605 504/595 503/609 
f 475/589 502/610 501/598 511/606 
s 128
f 480/586 513/603 492/601 491/602 
f 477/583 490/591 489/592 515/604 
f 478/584 516/605 507/595 506/596 
f 479/585 505/597 504/598 514/606 
s 256
f 484/590 515/603 489/601 488/607 
f 481/587 487/608 486/592 509/604 
f 482/588 512/605 498/595 497/609 
f 483/589 508/610 507/598 516/606 
s 1
f 461/579 464/582 487/593 488/594 
f 462/580 461/579 490/596 491/597 
f 463/581 462/580 493/599 494/600 
f 464/582 463/581 496/602 485/591 
f 465/582 468/581 499/602 500/591 
f 466/579 465/582 502/593 503/594 
f 467/580 466/579 505/596 506/597 
f 468/581 467/580 508/599 497/600 
s 128
f 469/583 472/586 485/602 496/591 
f 470/584 469/583 510/604 511/605 
f 471/585 470/584 500/596 499/597 
f 472/586 471/585 512/606 509/603 
s 256
f 473/587 476/590 494/607 493/608 
f 474/588 473/587 513/604 514/605 
f 475/589 474/588 503/609 502/610 
f 476/590 475/589 511/606 510/603 
s 128
f 477/583 480/586 491/602 490/591 
f 478/584 477/583 515/604 516/605 
f 479/585 478/584 506/596 505/597 
f 480/586 479/585 514/606 513/603 
s 256
f 481/587 484/590 488/607 487/608 
f 482/588 481/587 509/604 512/605 
f 483/589 482/588 497/609 508/610 
f 484/590 483/589 516/606 515/603 
s 1
f 517/611 518/612 519/613 520/614 
s 2
f 521/615 522/616 518/612 517/611 
s 1
f 523/617 524/618 522/616 521/615 
s 2
f 520/614 519/613 524/618 523/617 
s 1
f 525/619 517/611 520/614 526/620 
s 2
f 527/621 521/615 517/611 525/619 
s 1
f 528/622 523/617 521/615 527/621 
s 2
f 526/620 520/614 523/617 528/622 
s 1
f 529/623 525/619 526/620 530/624 
s 2
f 531/625 527/621 525/619 529/623 
s 1
f 532/626 528/622 527/621 531/625 
s 2
f 530/624 526/620 528/622 532/626 
s 1
f 533/627 529/623 530/624 534/628 
s 2
f 535/629 531/625 529/623 533/627 
s 1
f 536/630 532/626 531/625 535/629 
s 2
f 534/628 530/624 532/626 536/630 
s 1
f 537/631 533/627 534/628 538/632 
s 2
f 539/633 535/629 533/627 537/631 
s 1
f 540/634 536/630 535/629 539/633 
s 2
f 538/632 534/628 536/630 540/634 
s 1
f 541/635 537/631 538/632 542/636 
s 2
f 543/637 539/633 537/631 541/635 
s 1
f 544/638 540/634 539/633 543/637 
s 2
f 542/636 538/632 540/634 544/638 
s 1
f 545/639 541/635 542/636 546/640 
s 2
f 547/641 543/637 541/635 545/639 
s 1
f 548/642 544/638 543/637 547/641 
s 2
f 546/640 542/636 544/638 548/642 
s 1
f 549/643 545/639 546/640 550/644 
s 2
f 551/645 547/641 545/639 549/643 
s 1
f 552/646 548/642 547/641 551/645 
s 2
f 550/644 546/640 548/642 552/646 
s 1
f 553/647 549/643 550/644 554/648 
s 2
f 555/649 551/645 549/643 553/647 
s 1
f 556/650 552/646 551/645 555/649 
s 2
f 554/648 550/644 552/646 556/650 
s 1
f 557/651 553/647 554/648 558/652 
s 2
f 559/653 555/649 553/647 557/651 
s 1
f 560/654 556/650 555/649 559/653 
s 2
f 558/652 554/648 556/650 560/654 
s 1
f 561/655 557/651 558/652 562/656 
s 2
f 563/657 559/653 557/651 561/655 
s 1
f 564/658 560/654 559/653 563/657 
s 2
f 562/656 558/652 560/654 564/658 
s 1
f 565/659 561/655 562/656 566/660 
s 2
f 567/661 563/657 561/655 565/659 
s 1
f 568/662 564/658 563/657 567/661 
s 2
f 566/660 562/656 564/658 568/662 
s 1
f 569/663 565/659 566/660 570/664 
s 2
f 571/665 567/661 565/659 569/663 
s 1
f 572/666 568/662 567/661 571/665 
s 2
f 570/664 566/660 568/662 572/666 
s 1
f 573/667 569/663 570/664 574/668 
s 2
f 575/669 571/665 569/663 573/667 
s 1
f 576/670 572/666 571/665 575/669 
s 2
f 574/668 570/664 572/666 576/670 
s 1
f 577/671 573/667 574/668 578/672 
s 2
f 579/673 575/669 573/667 577/671 
s 1
f 580/674 576/670 575/669 579/673 
s 2
f 578/672 574/668 576/670 580/674 
s 1
f 581/675 577/671 578/672 582/676 
s 2
f 583/677 579/673 577/671 581/675 
s 1
f 584/678 580/674 579/673 583/677 
s 2
f 582/676 578/672 580/674 584/678 
s 1
f 585/679 581/675 582/676 586/680 
s 2
f 587/681 583/677 581/675 585/679 
s 1
f 588/682 584/678 583/677 587/681 
s 2
f 586/680 582/676 584/678 588/682 
s 1
f 589/683 585/679 586/680 590/684 
s 2
f 591/685 587/681 585/679 589/683 
s 1
f 592/686 588/682 587/681 591/685 
s 2
f 590/684 586/680 588/682 592/686 
s 1
f 593/687 589/683 590/684 594/688 
s 2
f 595/689 591/685 589/683 593/687 
s 1
f 596/690 592/686 591/685 595/689 
s 2
f 594/688 590/684 592/686 596/690 
s 1
f 597/691 593/687 594/688 598/692 
s 2
f 599/693 595/689 593/687 597/691 
s 1
f 600/694 596/690 595/689 599/693 
s 2
f 598/692 594/688 596/690 600/694 
s 1
f 601/695 597/691 598/692 602/696 
s 2
f 603/697 599/693 597/691 601/695 
s 1
f 604/698 600/694 599/693 603/697 
s 2
f 602/696 598/692 600/694 604/698 
s 1
f 605/699 601/695 602/696 606/700 
s 2
f 607/701 603/697 601/695 605/699 
s 1
f 608/702 604/698 603/697 607/701 
s 2
f 606/700 602/696 604/698 608/702 
s 1
f 609/703 605/699 606/700 610/704 
s 2
f 611/705 607/701 605/699 609/703 
s 1
f 612/706 608/702 607/701 611/705 
s 2
f 610/704 606/700 608/702 612/706 
s 1
f 613/707 609/703 610/704 614/708 
s 2
f 615/709 611/705 609/703 613/707 
s 1
f 616/710 612/706 611/705 615/709 
s 2
f 614/708 610/704 612/706 616/710 
s 1
f 617/711 613/707 614/708 618/712 
s 2
f 619/713 615/709 613/707 617/711 
s 1
f 620/714 616/710 615/709 619/713 
s 2
f 618/712 614/708 616/710 620/714 
s 1
f 621/715 617/711 618/712 622/716 
s 2
f 623/717 619/713 617/711 621/715 
s 1
f 624/718 620/714 619/713 623/717 
s 2
f 622/716 618/712 620/714 624/718 
s 1
f 625/719 621/715 622/716 626/720 
s 2
f 627/721 623/717 621/715 625/719 
s 1
f 628/722 624/718 623/717 627/721 
s 2
f 626/720 622/716 624/718 628/722 
s 1
f 629/723 625/719 626/720 630/724 
s 2
f 631/725 627/721 625/719 629/723 
s 1
f 632/726 628/722 627/721 631/725 
s 2
f 630/724 626/720 628/722 632/726 
s 1
f 633/727 629/723 630/724 634/728 
s 2
f 635/729 631/725 629/723 633/727 
s 1
f 636/730 632/726 631/725 635/729 
s 2
f 634/728 630/724 632/726 636/730 
s 1
f 637/731 633/727 634/728 638/732 
s 2
f 639/733 635/729 633/727 637/731 
s 1
f 640/734 636/730 635/729 639/733 
s 2
f 638/732 634/728 636/730 640/734 
s 1
f 641/735 637/731 638/732 642/736 
s 2
f 643/737 639/733 637/731 641/735 
s 1
f 644/738 640/734 639/733 643/737 
s 2
f 642/736 638/732 640/734 644/738 
s 1
f 645/739 641/735 642/736 646/740 
s 2
f 647/741 643/737 641/735 645/739 
s 1
f 648/742 644/738 643/737 647/741 
s 2
f 646/740 642/736 644/738 648/742 
s 1
f 649/743 645/739 646/740 650/744 
s 2
f 651/745 647/741 645/739 649/743 
s 1
f 652/746 648/742 647/741 651/745 
s 2
f 650/744 646/740 648/742 652/746 
s 1
f 653/747 649/743 650/744 654/748 
s 2
f 655/749 651/745 649/743 653/747 
s 1
f 656/750 652/746 651/745 655/749 
s 2
f 654/748 650/744 652/746 656/750 
s 1
f 657/751 653/747 654/748 658/752 
s 2
f 659/753 655/749 653/747 657/751 
s 1
f 660/754 656/750 655/749 659/753 
s 2
f 658/752 654/748 656/750 660/754 
s 1
f 661/755 657/751 658/752 662/756 
s 2
f 663/757 659/753 657/751 661/755 
s 1
f 664/758 660/754 659/753 663/757 
s 2
f 662/756 658/752 660/754 664/758 
s 1
f 665/759 661/755 662/756 666/760 
s 4
f 667/761 663/757 661/755 665/759 
s 1
f 668/762 664/758 663/757 667/761 
s 4
f 666/760 662/756 664/758 668/762 
s 1
f 669/763 665/759 666/760 670/764 
s 4
f 671/765 667/761 665/759 669/763 
s 1
f 672/766 668/762 667/761 671/765 
s 4
f 670/764 666/760 668/762 672/766 
s 1
f 673/767 669/763 670/764 674/768 
s 4
f 675/769 671/765 669/763 673/767 
s 1
f 676/770 672/766 671/765 675/769 
s 4
f 674/768 670/764 672/766 676/770 
s 1
f 677/771 673/767 674/768 678/772 
s 4
f 679/773 675/769 673/767 677/771 
s 1
f 680/774 676/770 675/769 679/773 
s 4
f 678/772 674/768 676/770 680/774 
s 1
f 681/775 677/771 678/772 682/776 
s 4
f 683/777 679/773 677/771 681/775 
s 1
f 684/778 680/774 679/773 683/777 
s 4
f 682/776 678/772 680/774 684/778 
s 1
f 685/779 681/775 682/776 686/780 
s 4
f 687/781 683/777 681/775 685/779 
s 1
f 688/782 684/778 683/777 687/781 
s 4
f 686/780 682/776 684/778 688/782 
s 1
f 689/783 685/779 686/780 690/784 
s 4
f 691/785 687/781 685/779 689/783 
s 1
f 692/786 688/782 687/781 691/785 
s 4
f 690/784 686/780 688/782 692/786 
s 1
f 693/787 689/783 690/784 694/788 
s 4
f 695/789 691/785 689/783 693/787 
s 1
f 696/790 692/786 691/785 695/789 
s 4
f 694/788 690/784 692/786 696/790 
s 1
f 697/791 693/787 694/788 698/792 
s 4
f 699/793 695/789 693/787 697/791 
s 1
f 700/794 696/790 695/789 699/793 
s 4
f 698/792 694/788 696/790 700/794 
s 1
f 701/795 697/791 698/792 702/796 
s 4
f 703/797 699/793 697/791 701/795 
s 1
f 704/798 700/794 699/793 703/797 
s 4
f 702/796 698/792 700/794 704/798 
s 1
f 705/799 701/795 702/796 706/800 
s 4
f 707/801 703/797 701/795 705/799 
s 1
f 708/802 704/798 703/797 707/801 
s 4
f 706/800 702/796 704/798 708/802 
s 1
f 709/803 705/799 706/800 710/804 
s 4
f 711/805 707/801 705/799 709/803 
s 1
f 712/806 708/802 707/801 711/805 
s 4
f 710/804 706/800 708/802 712/806 
s 1
f 713/807 709/803 710/804 714/808 
s 4
f 715/809 711/805 709/803 713/807 
s 1
f 716/810 712/806 711/805 715/809 
s 4
f 714/808 710/804 712/806 716/810 
s 1
f 717/811 713/807 714/808 718/812 
s 4
f 719/813 715/809 713/807 717/811 
s 1
f 720/814 716/810 715/809 719/813 
s 4
f 718/812 714/808 716/810 720/814 
s 1
f 721/815 717/811 718/812 722/816 
s 4
f 723/817 719/813 717/811 721/815 
s 1
f 724/818 720/814 719/813 723/817 
s 4
f 722/816 718/812 720/814 724/818 
s 1
f 725/819 721/815 722/816 726/820 
s 4
f 727/821 723/817 721/815 725/819 
s 1
f 728/822 724/818 723/817 727/821 
s 4
f 726/820 722/816 724/818 728/822 
s 1
f 729/823 725/819 726/820 730/824 
s 4
f 731/825 727/821 725/819 729/823 
s 1
f 732/826 728/822 727/821 731/825 
s 4
f 730/824 726/820 728/822 732/826 
s 1
f 733/827 729/823 730/824 734/828 
s 4
f 735/829 731/825 729/823 733/827 
s 1
f 736/830 732/826 731/825 735/829 
s 4
f 734/828 730/824 732/826 736/830 
s 1
f 737/831 733/827 734/828 738/832 
s 4
f 739/833 735/829 733/827 737/831 
s 1
f 740/834 736/830 735/829 739/833 
s 4
f 738/832 734/828 736/830 740/834 
s 1
f 741/835 737/831 738/832 742/836 
s 4
f 743/837 739/833 737/831 741/835 
s 1
f 744/838 740/834 739/833 743/837 
s 4
f 742/836 738/832 740/834 744/838 
s 1
f 745/839 741/835 742/836 746/840 
s 4
f 747/841 743/837 741/835 745/839 
s 1
f 748/842 744/838 743/837 747/841 
s 4
f 746/840 742/836 744/838 748/842 
s 1
f 749/843 745/839 746/840 750/844 
s 4
f 751/845 747/841 745/839 749/843 
s 1
f 752/846 748/842 747/841 751/845 
s 4
f 750/844 746/840 748/842 752/846 
s 1
f 753/847 749/843 750/844 754/848 
s 4
f 755/849 751/845 749/843 753/847 
s 1
f 756/850 752/846 751/845 755/849 
s 4
f 754/848 750/844 752/846 756/850 
s 1
f 757/851 753/847 754/848 758/852 
s 4
f 759/853 755/849 753/847 757/851 
s 1
f 760/854 756/850 755/849 759/853 
s 4
f 758/852 754/848 756/850 760/854 
s 1
f 761/855 757/851 758/852 762/856 
s 4
f 763/857 759/853 757/851 761/855 
s 1
f 764/858 760/854 759/853 763/857 
s 4
f 762/856 758/852 760/854 764/858 
s 1
f 765/859 761/855 762/856 766/860 
s 4
f 767/861 763/857 761/855 765/859 
s 1
f 768/862 764/858 763/857 767/861 
s 4
f 766/860 762/856 764/858 768/862 
s 1
f 769/863 765/859 766/860 770/864 
s 4
f 771/865 767/861 765/859 769/863 
s 1
f 772/866 768/862 767/861 771/865 
s 4
f 770/864 766/860 768/862 772/866 
s 1
f 773/867 769/863 770/864 774/868 
s 4
f 775/869 771/865 769/863 773/867 
s 1
f 776/870 772/866 771/865 775/869 
s 4
f 774/868 770/864 772/866 776/870 
s 1
f 777/871 773/867 774/868 778/872 
s 4
f 779/873 775/869 773/867 777/871 
s 1
f 780/874 776/870 775/869 779/873 
s 4
f 778/872 774/868 776/870 780/874 
s 1
f 781/875 777/871 778/872 782/876 
s 4
f 783/877 779/873 777/871 781/875 
s 1
f 784/878 780/874 779/873 783/877 
s 4
f 782/876 778/872 780/874 784/878 
s 1
f 785/879 781/875 782/876 786/880 
s 4
f 787/881 783/877 781/875 785/879 
s 1
f 788/882 784/878 783/877 787/881 
s 4
f 786/880 782/876 784/878 788/882 
s 1
f 789/883 785/879 786/880 790/884 
s 4
f 791/885 787/881 785/879 789/883 
s 1
f 792/886 788/882 787/881 791/885 
s 4
f 790/884 786/880 788/882 792/886 
s 1
f 793/887 789/883 790/884 794/888 
s 4
f 795/889 791/885 789/883 793/887 
s 1
f 796/890 792/886 791/885 795/889 
s 4
f 794/888 790/884 792/886 796/890 
s 1
f 797/891 793/887 794/888 798/892 
s 4
f 799/893 795/889 793/887 797/891 
s 1
f 800/894 796/890 795/889 799/893 
s 4
f 798/892 794/888 796/890 800/894 
s 1
f 801/895 797/891 798/892 802/896 
s 4
f 803/897 799/893 797/891 801/895 
s 1
f 804/898 800/894 799/893 803/897 
s 4
f 802/896 798/892 800/894 804/898 
s 1
f 805/899 801/895 802/896 806/900 
s 4
f 807/901 803/897 801/895 805/899 
s 1
f 808/902 804/898 803/897 807/901 
s 4
f 806/900 802/896 804/898 808/902 
f 522/616 524/618 519/613 518/612 
s 2
f 806/900 808/902 807/901 805/899 
s 1
f 809/903 810/904 811/592 812/905 
f 813/906 809/903 812/905 814/595 
f 809/903 813/906 815/598 816/907 
f 810/904 809/903 816/907 817/601 
f 818/903 819/907 820/601 821/904 
f 822/905 818/903 821/904 823/592 
f 818/903 822/905 824/595 825/906 
f 819/907 818/903 825/906 826/598 
f 827/903 828/907 811/601 810/904 
f 829/905 827/903 810/904 817/592 
f 827/903 829/905 823/595 821/906 
f 828/907 827/903 821/906 820/598 
f 830/903 829/907 817/601 816/904 
f 831/905 830/903 816/904 815/592 
f 830/903 831/905 824/595 822/906 
f 829/907 830/903 822/906 823/598 
f 832/903 831/907 815/601 813/904 
f 833/905 832/903 813/904 814/592 
f 832/903 833/905 826/595 825/906 
f 831/907 832/903 825/906 824/598 
f 834/903 833/907 814/601 812/904 
f 828/905 834/903 812/904 811/592 
f 834/903 828/905 820/595 819/906 
f 833/907 834/903 819/906 826/598 
f 835/903 836/904 837/592 838/905 
f 839/906 835/903 838/905 840/595 
f 835/903 839/906 841/598 842/907 
f 836/904 835/903 842/907 843/601 
f 844/903 845/907 846/601 847/904 
f 848/905 844/903 847/904 849/592 
f 844/903 848/905 850/595 851/906 
f 845/907 844/903 851/906 852/598 
f 853/903 854/907 837/601 836/904 
f 855/905 853/903 836/904 843/592 
f 853/903 855/905 849/595 847/906 
f 854/907 853/903 847/906 846/598 
f 856/903 855/907 843/601 842/904 
f 857/905 856/903 842/904 841/592 
f 856/903 857/905 850/595 848/906 
f 855/907 856/903 848/906 849/598 
f 858/903 857/907 841/601 839/904 
f 859/905 858/903 839/904 840/592 
f 858/903 859/905 852/595 851/906 
f 857/907 858/903 851/906 850/598 
f 860/903 859/907 840/601 838/904 
f 854/905 860/903 838/904 837/592 
f 860/903 854/905 846/595 845/906 
f 859/907 860/903 845/906 852/598 
f 861/903 862/904 863/592 864/905 
f 865/906 861/903 864/905 866/595 
f 861/903 865/906 867/598 868/907 
f 862/904 861/903 868/907 869/601 
f 870/903 871/907 872/601 873/904 
f 874/905 870/903 873/904 875/592 
f 870/903 874/905 876/595 877/906 
f 871/907 870/903 877/906 878/598 
f 879/903 880/907 863/601 862/904 
f 881/905 879/903 862/904 869/592 
f 879/903 881/905 875/595 873/906 
f 880/907 879/903 873/906 872/598 
f 882/903 881/907 869/601 868/904 
f 883/905 882/903 868/904 867/592 
f 882/903 883/905 876/595 874/906 
f 881/907 882/903 874/906 875/598 
f 884/903 883/907 867/601 865/904 
f 885/905 884/903 865/904 866/592 
f 884/903 885/905 878/595 877/906 
f 883/907 884/903 877/906 876/598 
f 886/903 885/907 866/601 864/904 
f 880/905 886/903 864/904 863/592 
f 886/903 880/905 872/595 871/906 
f 885/907 886/903 871/906 878/598 
f 887/903 888/904 889/592 890/905 
f 891/906 887/903 890/905 892/595 
f 887/903 891/906 893/598 894/907 
f 888/904 887/903 894/907 895/601 
f 896/903 897/907 898/601 899/904 
f 900/905 896/903 899/904 901/592 
f 896/903 900/905 902/595 903/906 
f 897/907 896/903 903/906 904/598 
f 905/903 906/907 889/601 888/904 
f 907/905 905/903 888/904 895/592 
f 905/903 907/905 901/595 899/906 
f 906/907 905/903 899/906 898/598 
f 908/903 907/907 895/601 894/904 
f 909/905 908/903 894/904 893/592 
f 908/903 909/905 902/595 900/906 
f 907/907 908/903 900/906 901/598 
f 910/903 909/907 893/601 891/904 
f 911/905 910/903 891/904 892/592 
f 910/903 911/905 904/595 903/906 
f 909/907 910/903 903/906 902/598 
f 912/903 911/907 892/601 890/904 
f 906/905 912/903 890/904 889/592 
f 912/903 906/905 898/595 897/906 
f 911/907 912/903 897/906 904/598 
f 913/903 914/904 915/592 916/905 
f 917/906 913/903 916/905 918/595 
f 913/903 917/906 919/598 920/907 
f 914/904 913/903 920/907 921/601 
f 922/903 923/907 924/601 925/904 
f 926/905 922/903 925/904 927/592 
f 922/903 926/905 928/595 929/906 
f 923/907 922/903 929/906 930/598 
f 931/903 932/907 915/601 914/904 
f 933/905 931/903 914/904 921/592 
f 931/903 933/905 927/595 925/906 
f 932/907 931/903 925/906 924/598 
f 934/903 933/907 921/601 920/904 
f 935/905 934/903 920/904 919/592 
f 934/903 935/905 928/595 926/906 
f 933/907 934/903 926/906 927/598 
f 936/903 935/907 919/601 917/904 
f 937/905 936/903 917/904 918/592 
f 936/903 937/905 930/595 929/906 
f 935/907 936/903 929/906 928/598 
f 938/903 937/907 918/601 916/904 
f 932/905 938/903 916/904 915/592 
f 938/903 932/905 924/595 923/906 
f 937/907 938/903 923/906 930/598 
f 939/903 940/904 941/592 942/905 
f 943/906 939/903 942/905 944/595 
f 939/903 943/906 945/598 946/907 
f 940/904 939/903 946/907 947/601 
f 948/903 949/907 950/601 951/904 
f 952/905 948/903 951/904 953/592 
f 948/903 952/905 954/595 955/906 
f 949/907 948/903 955/906 956/598 
f 957/903 958/907 941/601 940/904 
f 959/905 957/903 940/904 947/592 
f 957/903 959/905 953/595 951/906 
f 958/907 957/903 951/906 950/598 
f 960/903 959/907 947/601 946/904 
f 961/905 960/903 946/904 945/592 
f 960/903 961/905 954/595 952/906 
f 959/907 960/903 952/906 953/598 
f 962/903 961/907 945/601 943/904 
f 963/905 962/903 943/904 944/592 
f 962/903 963/905 956/595 955/906 
f 961/907 962/903 955/906 954/598 
f 964/903 963/907 944/601 942/904 
f 958/905 964/903 942/904 941/592 
f 964/903 958/905 950/595 949/906 
f 963/907 964/903 949/906 956/598 
f 965/903 966/904 967/592 968/905 
f 969/906 965/903 968/905 970/595 
f 965/903 969/906 971/598 972/907 
f 966/904 965/903 972/907 973/601 
f 974/903 975/907 976/601 977/904 
f 978/905 974/903 977/904 979/592 
f 974/903 978/905 980/595 981/906 
f 975/907 974/903 981/906 982/598 
f 983/903 984/907 967/601 966/904 
f 985/905 983/903 966/904 973/592 
f 983/903 985/905 979/595 977/906 
f 984/907 983/903 977/906 976/598 
f 986/903 985/907 973/601 972/904 
f 987/905 986/903 972/904 971/592 
f 986/903 987/905 980/595 978/906 
f 985/907 986/903 978/906 979/598 
f 988/903 987/907 971/601 969/904 
f 989/905 988/903 969/904 970/592 
f 988/903 989/905 982/595 981/906 
f 987/907 988/903 981/906 980/598 
f 990/903 989/907 970/601 968/904 
f 984/905 990/903 968/904 967/592 
f 990/903 984/905 976/595 975/906 
f 989/907 990/903 975/906 982/598 
f 991/903 992/904 993/592 994/905 
f 995/906 991/903 994/905 996/595 
f 991/903 995/906 997/598 998/907 
f 992/904 991/903 998/907 999/601 
f 1000/903 1001/907 1002/601 1003/904 
f 1004/905 1000/903 1003/904 1005/592 
f 1000/903 1004/905 1006/595 1007/906 
f 1001/907 1000/903 1007/906 1008/598 
f 1009/903 1010/907 993/601 992/904 
f 1011/905 1009/903 992/904 999/592 
f 1009/903 1011/905 1005/595 1003/906 
f 1010/907 1009/903 1003/906 1002/598 
f 1012/903 1011/907 999/601 998/904 
f 1013/905 1012/903 998/904 997/592 
f 1012/903 1013/905 1006/595 1004/906 
f 1011/907 1012/903 1004/906 1005/598 
f 1014/903 1013/907 997/601 995/904 
f 1015/905 1014/903 995/904 996/592 
f 1014/903 1015/905 1008/595 1007/906 
f 1013/907 1014/903 1007/906 1006/598 
f 1016/903 1015/907 996/601 994/904 
f 1010/905 1016/903 994/904 993/592 
f 1016/903 1010/905 1002/595 1001/906 
f 1015/907 1016/903 1001/906 1008/598 
f 1017/903 1018/904 1019/592 1020/905 
f 1021/906 1017/903 1020/905 1022/595 
f 1017/903 1021/906 1023/598 1024/907 
f 1018/904 1017/903 1024/907 1025/601 
f 1026/903 1027/907 1028/601 1029/904 
f 1030/905 1026/903 1029/904 1031/592 
f 1026/903 1030/905 1032/595 1033/906 
f 1027/907 1026/903 1033/906 1034/598 
f 1035/903 1036/907 1019/601 1018/904 
f 1037/905 1035/903 1018/904 1025/592 
f 1035/903 1037/905 1031/595 1029/906 
f 1036/907 1035/903 1029/906 1028/598 
f 1038/903 1037/907 1025/601 1024/904 
f 1039/905 1038/903 1024/904 1023/592 
f 1038/903 1039/905 1032/595 1030/906 
f 1037/907 1038/903 1030/906 1031/598 
f 1040/903 1039/907 1023/601 1021/904 
f 1041/905 1040/903 1021/904 1022/592 
f 1040/903 1041/905 1034/595 1033/906 
f 1039/907 1040/903 1033/906 1032/598 
f 1042/903 1041/907 1022/601 1020/904 
f 1036/905 1042/903 1020/904 1019/592 
f 1042/903 1036/905 1028/595 1027/906 
f 1041/907 1042/903 1027/906 1034/598 
f 1043/903 1044/904 1045/592 1046/905 
f 1047/906 1043/903 1046/905 1048/595 
f 1043/903 1047/906 1049/598 1050/907 
f 1044/904 1043/903 1050/907 1051/601 
f 1052/903 1053/907 1054/601 1055/904 
f 1056/905 1052/903 1055/904 1057/592 
f 1052/903 1056/905 1058/595 1059/906 
f 1053/907 1052/903 1059/906 1060/598 
f 1061/903 1062/907 1045/601 1044/904 
f 1063/905 1061/903 1044/904 1051/592 
f 1061/903 1063/905 1057/595 1055/906 
f 1062/907 1061/903 1055/906 1054/598 
f 1064/903 1063/907 1051/601 1050/904 
f 1065/905 1064/903 1050/904 1049/592 
f 1064/903 1065/905 1058/595 1056/906 
f 1063/907 1064/903 1056/906 1057/598 
f 1066/903 1065/907 1049/601 1047/904 
f 1067/905 1066/903 1047/904 1048/592 
f 1066/903 1067/905 1060/595 1059/906 
f 1065/907 1066/903 1059/906 1058/598 
f 1068/903 1067/907 1048/601 1046/904 
f 1062/905 1068/903 1046/904 1045/592 
f 1068/903 1062/905 1054/595 1053/906 
f 1067/907 1068/903 1053/906 1060/598 
f 1069/903 1070/904 1071/592 1072/905 
f 1073/906 1069/903 1072/905 1074/595 
f 1069/903 1073/906 1075/598 1076/907 
f 1070/904 1069/903 1076/907 1077/601 
f 1078/903 1079/907 1080/601 1081/904 
f 1082/905 1078/903 1081/904 1083/592 
f 1078/903 1082/905 1084/595 1085/906 
f 1079/907 1078/903 1085/906 1086/598 
f 1087/903 1088/907 1071/601 1070/904 
f 1089/905 1087/903 1070/904 1077/592 
f 1087/903 1089/905 1083/595 1081/906 
f 1088/907 1087/903 1081/906 1080/598 
f 1090/903 1089/907 1077/601 1076/904 
f 1091/905 1090/903 1076/904 1075/592 
f 1090/903 1091/905 1084/595 1082/906 
f 1089/907 1090/903 1082/906 1083/598 
f 1092/903 1091/907 1075/601 1073/904 
f 1093/905 1092/903 1073/904 1074/592 
f 1092/903 1093/905 1086/595 1085/906 
f 1091/907 1092/903 1085/906 1084/598 
f 1094/903 1093/907 1074/601 1072/904 
f 1088/905 1094/903 1072/904 1071/592 
f 1094/903 1088/905 1080/595 1079/906 
f 1093/907 1094/903 1079/906 1086/598 
f 1095/903 1096/904 1097/592 1098/905 
f 1099/906 1095/903 1098/905 1100/595 
f 1095/903 1099/906 1101/598 1102/907 
f 1096/904 1095/903 1102/907 1103/601 
f 1104/903 1105/907 1106/601 1107/904 
f 1108/905 1104/903 1107/904 1109/592 
f 1104/903 1108/905 1110/595 1111/906 
f 1105/907 1104/903 1111/906 1112/598 
f 1113/903 1114/907 1097/601 1096/904 
f 1115/905 1113/903 1096/904 1103/592 
f 1113/903 1115/905 1109/595 1107/906 
f 1114/907 1113/903 1107/906 1106/598 
f 1116/903 1115/907 1103/601 1102/904 
f 1117/905 1116/903 1102/904 1101/592 
f 1116/903 1117/905 1110/595 1108/906 
f 1115/907 1116/903 1108/906 1109/598 
f 1118/903 1117/907 1101/601 1099/904 
f 1119/905 1118/903 1099/904 1100/592 
f 1118/903 1119/905 1112/595 1111/906 
f 1117/907 1118/903 1111/906 1110/598 
f 1120/903 1119/907 1100/601 1098/904 
f 1114/905 1120/903 1098/904 1097/592 
f 1120/903 1114/905 1106/595 1105/906 
f 1119/907 1120/903 1105/906 1112/598 
f 1121/903 1122/904 1123/592 1124/905 
f 1125/906 1121/903 1124/905 1126/595 
f 1121/903 1125/906 1127/598 1128/907 
f 1122/904 1121/903 1128/907 1129/601 
f 1130/903 1131/907 1132/601 1133/904 
f 1134/905 1130/903 1133/904 1135/592 
f 1130/903 1134/905 1136/595 1137/906 
f 1131/907 1130/903 1137/906 1138/598 
f 1139/903 1140/907 1123/601 1122/904 
f 1141/905 1139/903 1122/904 1129/592 
f 1139/903 1141/905 1135/595 1133/906 
f 1140/907 1139/903 1133/906 1132/598 
f 1142/903 1141/907 1129/601 1128/904 
f 1143/905 1142/903 1128/904 1127/592 
f 1142/903 1143/905 1136/595 1134/906 
f 1141/907 1142/903 1134/906 1135/598 
f 1144/903 1143/907 1127/601 1125/904 
f 1145/905 1144/903 1125/904 1126/592 
f 1144/903 1145/905 1138/595 1137/906 
f 1143/907 1144/903 1137/906 1136/598 
f 1146/903 1145/907 1126/601 1124/904 
f 1140/905 1146/903 1124/904 1123/592 
f 1146/903 1140/905 1132/595 1131/906 
f 1145/907 1146/903 1131/906 1138/598 
f 1147/903 1148/904 1149/592 1150/905 
f 1151/906 1147/903 1150/905 1152/595 
f 1147/903 1151/906 1153/598 1154/907 
f 1148/904 1147/903 1154/907 1155/601 
f 1156/903 1157/907 1158/601 1159/904 
f 1160/905 1156/903 1159/904 1161/592 
f 1156/903 1160/905 1162/595 1163/906 
f 1157/907 1156/903 1163/906 1164/598 
f 1165/903 1166/907 1149/601 1148/904 
f 1167/905 1165/903 1148/904 1155/592 
f 1165/903 1167/905 1161/595 1159/906 
f 1166/907 1165/903 1159/906 1158/598 
f 1168/903 1167/907 1155/601 1154/904 
f 1169/905 1168/903 1154/904 1153/592 
f 1168/903 1169/905 1162/595 1160/906 
f 1167/907 1168/903 1160/906 1161/598 
f 1170/903 1169/907 1153/601 1151/904 
f 1171/905 1170/903 1151/904 1152/592 
f 1170/903 1171/905 1164/595 1163/906 
f 1169/907 1170/903 1163/906 1162/598 
f 1172/903 1171/907 1152/601 1150/904 
f 1166/905 1172/903 1150/904 1149/592 
f 1172/903 1166/905 1158/595 1157/906 
f 1171/907 1172/903 1157/906 1164/598 
f 1173/903 1174/904 1175/592 1176/905 
f 1177/906 1173/903 1176/905 1178/595 
f 1173/903 1177/906 1179/598 1180/907 
f 1174/904 1173/903 1180/907 1181/601 
f 1182/903 1183/907 1184/601 1185/904 
f 1186/905 1182/903 1185/904 1187/592 
f 1182/903 1186/905 1188/595 1189/906 
f 1183/907 1182/903 1189/906 1190/598 
f 1191/903 1192/907 1175/601 1174/904 
f 1193/905 1191/903 1174/904 1181/592 
f 1191/903 1193/905 1187/595 1185/906 
f 1192/907 1191/903 1185/906 1184/598 
f 1194/903 1193/907 1181/601 1180/904 
f 1195/905 1194/903 1180/904 1179/592 
f 1194/903 1195/905 1188/595 1186/906 
f 1193/907 1194/903 1186/906 1187/598 
f 1196/903 1195/907 1179/601 1177/904 
f 1197/905 1196/903 1177/904 1178/592 
f 1196/903 1197/905 1190/595 1189/906 
f 1195/907 1196/903 1189/906 1188/598 
f 1198/903 1197/907 1178/601 1176/904 
f 1192/905 1198/903 1176/904 1175/592 
f 1198/903 1192/905 1184/595 1183/906 
f 1197/907 1198/903 1183/906 1190/598 
f 1199/903 1200/904 1201/592 1202/905 
f 1203/906 1199/903 1202/905 1204/595 
f 1199/903 1203/906 1205/598 1206/907 
f 1200/904 1199/903 1206/907 1207/601 
f 1208/903 1209/907 1210/601 1211/904 
f 1212/905 1208/903 1211/904 1213/592 
f 1208/903 1212/905 1214/595 1215/906 
f 1209/907 1208/903 1215/906 1216/598 
f 1217/903 1218/907 1201/601 1200/904 
f 1219/905 1217/903 1200/904 1207/592 
f 1217/903 1219/905 1213/595 1211/906 
f 1218/907 1217/903 1211/906 1210/598 
f 1220/903 1219/907 1207/601 1206/904 
f 1221/905 1220/903 1206/904 1205/592 
f 1220/903 1221/905 1214/595 1212/906 
f 1219/907 1220/903 1212/906 1213/598 
f 1222/903 1221/907 1205/601 1203/904 
f 1223/905 1222/903 1203/904 1204/592 
f 1222/903 1223/905 1216/595 1215/906 
f 1221/907 1222/903 1215/906 1214/598 
f 1224/903 1223/907 1204/601 1202/904 
f 1218/905 1224/903 1202/904 1201/592 
f 1224/903 1218/905 1210/595 1209/906 
f 1223/907 1224/903 1209/906 1216/598 
f 1225/903 1226/904 1227/592 1228/905 
f 1229/906 1225/903 1228/905 1230/595 
f 1225/903 1229/906 1231/598 1232/907 
f 1226/904 1225/903 1232/907 1233/601 
f 1234/903 1235/907 1236/601 1237/904 
f 1238/905 1234/903 1237/904 1239/592 
f 1234/903 1238/905 1240/595 1241/906 
f 1235/907 1234/903 1241/906 1242/598 
f 1243/903 1244/907 1227/601 1226/904 
f 1245/905 1243/903 1226/904 1233/592 
f 1243/903 1245/905 1239/595 1237/906 
f 1244/907 1243/903 1237/906 1236/598 
f 1246/903 1245/907 1233/601 1232/904 
f 1247/905 1246/903 1232/904 1231/592 
f 1246/903 1247/905 1240/595 1238/906 
f 1245/907 1246/903 1238/906 1239/598 
f 1248/903 1247/907 1231/601 1229/904 
f 1249/905 1248/903 1229/904 1230/592 
f 1248/903 1249/905 1242/595 1241/906 
f 1247/907 1248/903 1241/906 1240/598 
f 1250/903 1249/907 1230/601 1228/904 
f 1244/905 1250/903 1228/904 1227/592 
f 1250/903 1244/905 1236/595 1235/906 
f 1249/907 1250/903 1235/906 1242/598 
f 1251/903 1252/904 1253/592 1254/905 
f 1255/906 1251/903 1254/905 1256/595 
f 1251/903 1255/906 1257/598 1258/907 
f 1252/904 1251/903 1258/907 1259/601 
f 1260/903 1261/907 1262/601 1263/904 
f 1264/905 1260/903 1263/904 1265/592 
f 1260/903 1264/905 1266/595 1267/906 
f 1261/907 1260/903 1267/906 1268/598 
f 1269/903 1270/907 1253/601 1252/904 
f 1271/905 1269/903 1252/904 1259/592 
f 1269/903 1271/905 1265/595 1263/906 
f 1270/907 1269/903 1263/906 1262/598 
f 1272/903 1271/907 1259/601 1258/904 
f 1273/905 1272/903 1258/904 1257/592 
f 1272/903 1273/905 1266/595 1264/906 
f 1271/907 1272/903 1264/906 1265/598 
f 1274/903 1273/907 1257/601 1255/904 
f 1275/905 1274/903 1255/904 1256/592 
f 1274/903 1275/905 1268/595 1267/906 
f 1273/907 1274/903 1267/906 1266/598 
f 1276/903 1275/907 1256/601 1254/904 
f 1270/905 1276/903 1254/904 1253/592 
f 1276/903 1270/905 1262/595 1261/906 
f 1275/907 1276/903 1261/906 1268/598 
f 1277/903 1278/904 1279/592 1280/905 
f 1281/906 1277/903 1280/905 1282/595 
f 1277/903 1281/906 1283/598 1284/907 
f 1278/904 1277/903 1284/907 1285/601 
f 1286/903 1287/907 1288/601 1289/904 
f 1290/905 1286/903 1289/904 1291/592 
f 1286/903 1290/905 1292/595 1293/906 
f 1287/907 1286/903 1293/906 1294/598 
f 1295/903 1296/907 1279/601 1278/904 
f 1297/905 1295/903 1278/904 1285/592 
f 1295/903 1297/905 1291/595 1289/906 
f 1296/907 1295/903 1289/906 1288/598 
f 1298/903 1297/907 1285/601 1284/904 
f 1299/905 1298/903 1284/904 1283/592 
f 1298/903 1299/905 1292/595 1290/906 
f 1297/907 1298/903 1290/906 1291/598 
f 1300/903 1299/907 1283/601 1281/904 
f 1301/905 1300/903 1281/904 1282/592 
f 1300/903 1301/905 1294/595 1293/906 
f 1299/907 1300/903 1293/906 1292/598 
f 1302/903 1301/907 1282/601 1280/904 
f 1296/905 1302/903 1280/904 1279/592 
f 1302/903 1296/905 1288/595 1287/906 
f 1301/907 1302/903 1287/906 1294/598 
f 1303/903 1304/904 1305/592 1306/905 
f 1307/906 1303/903 1306/905 1308/595 
f 1303/903 1307/906 1309/598 1310/907 
f 1304/904 1303/903 1310/907 1311/601 
f 1312/903 1313/907 1314/601 1315/904 
f 1316/905 1312/903 1315/904 1317/592 
f 1312/903 1316/905 1318/595 1319/906 
f 1313/907 1312/903 1319/906 1320/598 
f 1321/903 1322/907 1305/601 1304/904 
f 1323/905 1321/903 1304/904 1311/592 
f 1321/903 1323/905 1317/595 1315/906 
f 1322/907 1321/903 1315/906 1314/598 
f 1324/903 1323/907 1311/601 1310/904 
f 1325/905 1324/903 1310/904 1309/592 
f 1324/903 1325/905 1318/595 1316/906 
f 1323/907 1324/903 1316/906 1317/598 
f 1326/903 1325/907 1309/601 1307/904 
f 1327/905 1326/903 1307/904 1308/592 
f 1326/903 1327/905 1320/595 1319/906 
f 1325/907 1326/903 1319/906 1318/598 
f 1328/903 1327/907 1308/601 1306/904 
f 1322/905 1328/903 1306/904 1305/592 
f 1328/903 1322/905 1314/595 1313/906 
f 1327/907 1328/903 1313/906 1320/598 
f 1329/903 1330/904 1331/592 1332/905 
f 1333/906 1329/903 1332/905 1334/595 
f 1329/903 1333/906 1335/598 1336/907 
f 1330/904 1329/903 1336/907 1337/601 
f 1338/903 1339/907 1340/601 1341/904 
f 1342/905 1338/903 1341/904 1343/592 
f 1338/903 1342/905 1344/595 1345/906 
f 1339/907 1338/903 1345/906 1346/598 
f 1347/903 1348/907 1331/601 1330/904 
f 1349/905 1347/903 1330/904 1337/592 
f 1347/903 1349/905 1343/595 1341/906 
f 1348/907 1347/903 1341/906 1340/598 
f 1350/903 1349/907 1337/601 1336/904 
f 1351/905 1350/903 1336/904 1335/592 
f 1350/903 1351/905 1344/595 1342/906 
f 1349/907 1350/903 1342/906 1343/598 
f 1352/903 1351/907 1335/601 1333/904 
f 1353/905 1352/903 1333/904 1334/592 
f 1352/903 1353/905 1346/595 1345/906 
f 1351/907 1352/903 1345/906 1344/598 
f 1354/903 1353/907 1334/601 1332/904 
f 1348/905 1354/903 1332/904 1331/592 
f 1354/903 1348/905 1340/595 1339/906 
f 1353/907 1354/903 1339/906 1346/598 
f 1355/903 1356/904 1357/592 1358/905 
f 1359/906 1355/903 1358/905 1360/595 
f 1355/903 1359/906 1361/598 1362/907 
f 1356/904 1355/903 1362/907 1363/601 
f 1364/903 1365/907 1366/601 1367/904 
f 1368/905 1364/903 1367/904 1369/592 
f 1364/903 1368/905 1370/595 1371/906 
f 1365/907 1364/903 1371/906 1372/598 
f 1373/903 1374/907 1357/601 1356/904 
f 1375/905 1373/903 1356/904 1363/592 
f 1373/903 1375/905 1369/595 1367/906 
f 1374/907 1373/903 1367/906 1366/598 
f 1376/903 1375/907 1363/601 1362/904 
f 1377/905 1376/903 1362/904 1361/592 
f 1376/903 1377/905 1370/595 1368/906 
f 1375/907 1376/903 1368/906 1369/598 
f 1378/903 1377/907 1361/601 1359/904 
f 1379/905 1378/903 1359/904 1360/592 
f 1378/903 1379/905 1372/595 1371/906 
f 1377/907 1378/903 1371/906 1370/598 
f 1380/903 1379/907 1360/601 1358/904 
f 1374/905 1380/903 1358/904 1357/592 
f 1380/903 1374/905 1366/595 1365/906 
f 1379/907 1380/903 1365/906 1372/598 
f 1381/903 1382/904 1383/592 1384/905 
f 1385/906 1381/903 1384/905 1386/595 
f 1381/903 1385/906 1387/598 1388/907 
f 1382/904 1381/903 1388/907 1389/601 
f 1390/903 1391/907 1392/601 1393/904 
f 1394/905 1390/903 1393/904 1395/592 
f 1390/903 1394/905 1396/595 1397/906 
f 1391/907 1390/903 1397/906 1398/598 
f 1399/903 1400/907 1383/601 1382/904 
f 1401/905 1399/903 1382/904 1389/592 
f 1399/903 1401/905 1395/595 1393/906 
f 1400/907 1399/903 1393/906 1392/598 
f 1402/903 1401/907 1389/601 1388/904 
f 1403/905 1402/903 1388/904 1387/592 
f 1402/903 1403/905 1396/595 1394/906 
f 1401/907 1402/903 1394/906 1395/598 
f 1404/903 1403/907 1387/601 1385/904 
f 1405/905 1404/903 1385/904 1386/592 
f 1404/903 1405/905 1398/595 1397/906 
f 1403/907 1404/903 1397/906 1396/598 
f 1406/903 1405/907 1386/601 1384/904 
f 1400/905 1406/903 1384/904 1383/592 
f 1406/903 1400/905 1392/595 1391/906 
f 1405/907 1406/903 1391/906 1398/598 
f 1407/903 1408/904 1409/592 1410/905 
f 1411/906 1407/903 1410/905 1412/595 
f 1407/903 1411/906 1413/598 1414/907 
f 1408/904 1407/903 1414/907 1415/601 
f 1416/903 1417/907 1418/601 1419/904 
f 1420/905 1416/903 1419/904 1421/592 
f 1416/903 1420/905 1422/595 1423/906 
f 1417/907 1416/903 1423/906 1424/598 
f 1425/903 1426/907 1409/601 1408/904 
f 1427/905 1425/903 1408/904 1415/592 
f 1425/903 1427/905 1421/595 1419/906 
f 1426/907 1425/903 1419/906 1418/598 
f 1428/903 1427/907 1415/601 1414/904 
f 1429/905 1428/903 1414/904 1413/592 
f 1428/903 1429/905 1422/595 1420/906 
f 1427/907 1428/903 1420/906 1421/598 
f 1430/903 1429/907 1413/601 1411/904 
f 1431/905 1430/903 1411/904 1412/592 
f 1430/903 1431/905 1424/595 1423/906 
f 1429/907 1430/903 1423/906 1422/598 
f 1432/903 1431/907 1412/601 1410/904 
f 1426/905 1432/903 1410/904 1409/592 
f 1432/903 1426/905 1418/595 1417/906 
f 1431/907 1432/903 1417/906 1424/598 
f 1433/903 1434/904 1435/592 1436/905 
f 1437/906 1433/903 1436/905 1438/595 
f 1433/903 1437/906 1439/598 1440/907 
f 1434/904 1433/903 1440/907 1441/601 
f 1442/903 1443/907 1444/601 1445/904 
f 1446/905 1442/903 1445/904 1447/592 
f 1442/903 1446/905 1448/595 1449/906 
f 1443/907 1442/903 1449/906 1450/598 
f 1451/903 1452/907 1435/601 1434/904 
f 1453/905 1451/903 1434/904 1441/592 
f 1451/903 1453/905 1447/595 1445/906 
f 1452/907 1451/903 1445/906 1444/598 
f 1454/903 1453/907 1441/601 1440/904 
f 1455/905 1454/903 1440/904 1439/592 
f 1454/903 1455/905 1448/595 1446/906 
f 1453/907 1454/903 1446/906 1447/598 
f 1456/903 1455/907 1439/601 1437/904 
f 1457/905 1456/903 1437/904 1438/592 
f 1456/903 1457/905 1450/595 1449/906 
f 1455/907 1456/903 1449/906 1448/598 
f 1458/903 1457/907 1438/601 1436/904 
f 1452/905 1458/903 1436/904 1435/592 
f 1458/903 1452/905 1444/595 1443/906 
f 1457/907 1458/903 1443/906 1450/598 
f 1459/903 1460/904 1461/592 1462/905 
f 1463/906 1459/903 1462/905 1464/595 
f 1459/903 1463/906 1465/598 1466/907 
f 1460/904 1459/903 1466/907 1467/601 
f 1468/903 1469/907 1470/601 1471/904 
f 1472/905 1468/903 1471/904 1473/592 
f 1468/903 1472/905 1474/595 1475/906 
f 1469/907 1468/903 1475/906 1476/598 
f 1477/903 1478/907 1461/601 1460/904 
f 1479/905 1477/903 1460/904 1467/592 
f 1477/903 1479/905 1473/595 1471/906 
f 1478/907 1477/903 1471/906 1470/598 
f 1480/903 1479/907 1467/601 1466/904 
f 1481/905 1480/903 1466/904 1465/592 
f 1480/903 1481/905 1474/595 1472/906 
f 1479/907 1480/903 1472/906 1473/598 
f 1482/903 1481/907 1465/601 1463/904 
f 1483/905 1482/903 1463/904 1464/592 
f 1482/903 1483/905 1476/595 1475/906 
f 1481/907 1482/903 1475/906 1474/598 
f 1484/903 1483/907 1464/601 1462/904 
f 1478/905 1484/903 1462/904 1461/592 
f 1484/903 1478/905 1470/595 1469/906 
f 1483/907 1484/903 1469/906 1476/598 
f 1485/903 1486/904 1487/592 1488/905 
f 1489/906 1485/903 1488/905 1490/595 
f 1485/903 1489/906 1491/598 1492/907 
f 1486/904 1485/903 1492/907 1493/601 
f 1494/903 1495/907 1496/601 1497/904 
f 1498/905 1494/903 1497/904 1499/592 
f 1494/903 1498/905 1500/595 1501/906 
f 1495/907 1494/903 1501/906 1502/598 
f 1503/903 1504/907 1487/601 1486/904 
f 1505/905 1503/903 1486/904 1493/592 
f 1503/903 1505/905 1499/595 1497/906 
f 1504/907 1503/903 1497/906 1496/598 
f 1506/903 1505/907 1493/601 1492/904 
f 1507/905 1506/903 1492/904 1491/592 
f 1506/903 1507/905 1500/595 1498/906 
f 1505/907 1506/903 1498/906 1499/598 
f 1508/903 1507/907 1491/601 1489/904 
f 1509/905 1508/903 1489/904 1490/592 
f 1508/903 1509/905 1502/595 1501/906 
f 1507/907 1508/903 1501/906 1500/598 
f 1510/903 1509/907 1490/601 1488/904 
f 1504/905 1510/903 1488/904 1487/592 
f 1510/903 1504/905 1496/595 1495/906 
f 1509/907 1510/903 1495/906 1502/598 
f 1511/903 1512/904 1513/592 1514/905 
f 1515/906 1511/903 1514/905 1516/595 
f 1511/903 1515/906 1517/598 1518/907 
f 1512/904 1511/903 1518/907 1519/601 
f 1520/903 1521/907 1522/601 1523/904 
f 1524/905 1520/903 1523/904 1525/592 
f 1520/903 1524/905 1526/595 1527/906 
f 1521/907 1520/903 1527/906 1528/598 
f 1529/903 1530/907 1513/601 1512/904 
f 1531/905 1529/903 1512/904 1519/592 
f 1529/903 1531/905 1525/595 1523/906 
f 1530/907 1529/903 1523/906 1522/598 
f 1532/903 1531/907 1519/601 1518/904 
f 1533/905 1532/903 1518/904 1517/592 
f 1532/903 1533/905 1526/595 1524/906 
f 1531/907 1532/903 1524/906 1525/598 
f 1534/903 1533/907 1517/601 1515/904 
f 1535/905 1534/903 1515/904 1516/592 
f 1534/903 1535/905 1528/595 1527/906 
f 1533/907 1534/903 1527/906 1526/598 
f 1536/903 1535/907 1516/601 1514/904 
f 1530/905 1536/903 1514/904 1513/592 
f 1536/903 1530/905 1522/595 1521/906 
f 1535/907 1536/903 1521/906 1528/598 
f 1537/903 1538/904 1539/592 1540/905 
f 1541/906 1537/903 1540/905 1542/595 
f 1537/903 1541/906 1543/598 1544/907 
f 1538/904 1537/903 1544/907 1545/601 
f 1546/903 1547/907 1548/601 1549/904 
f 1550/905 1546/903 1549/904 1551/592 
f 1546/903 1550/905 1552/595 1553/906 
f 1547/907 1546/903 1553/906 1554/598 
f 1555/903 1556/907 1539/601 1538/904 
f 1557/905 1555/903 1538/904 1545/592 
f 1555/903 1557/905 1551/595 1549/906 
f 1556/907 1555/903 1549/906 1548/598 
f 1558/903 1557/907 1545/601 1544/904 
f 1559/905 1558/903 1544/904 1543/592 
f 1558/903 1559/905 1552/595 1550/906 
f 1557/907 1558/903 1550/906 1551/598 
f 1560/903 1559/907 1543/601 1541/904 
f 1561/905 1560/903 1541/904 1542/592 
f 1560/903 1561/905 1554/595 1553/906 
f 1559/907 1560/903 1553/906 1552/598 
f 1562/903 1561/907 1542/601 1540/904 
f 1556/905 1562/903 1540/904 1539/592 
f 1562/903 1556/905 1548/595 1547/906 
f 1561/907 1562/903 1547/906 1554/598 
f 1563/903 1564/904 1565/592 1566/905 
f 1567/906 1563/903 1566/905 1568/595 
f 1563/903 1567/906 1569/598 1570/907 
f 1564/904 1563/903 1570/907 1571/601 
f 1572/903 1573/907 1574/601 1575/904 
f 1576/905 1572/903 1575/904 1577/592 
f 1572/903 1576/905 1578/595 1579/906 
f 1573/907 1572/903 1579/906 1580/598 
f 1581/903 1582/907 1565/601 1564/904 
f 1583/905 1581/903 1564/904 1571/592 
f 1581/903 1583/905 1577/595 1575/906 
f 1582/907 1581/903 1575/906 1574/598 
f 1584/903 1583/907 1571/601 1570/904 
f 1585/905 1584/903 1570/904 1569/592 
f 1584/903 1585/905 1578/595 1576/906 
f 1583/907 1584/903 1576/906 1577/598 
f 1586/903 1585/907 1569/601 1567/904 
f 1587/905 1586/903 1567/904 1568/592 
f 1586/903 1587/905 1580/595 1579/906 
f 1585/907 1586/903 1579/906 1578/598 
f 1588/903 1587/907 1568/601 1566/904 
f 1582/905 1588/903 1566/904 1565/592 
f 1588/903 1582/905 1574/595 1573/906 
f 1587/907 1588/903 1573/906 1580/598 
f 1589/903 1590/904 1591/592 1592/905 
f 1593/906 1589/903 1592/905 1594/595 
f 1589/903 1593/906 1595/598 1596/907 
f 1590/904 1589/903 1596/907 1597/601 
f 1598/903 1599/907 1600/601 1601/904 
f 1602/905 1598/903 1601/904 1603/592 
f 1598/903 1602/905 1604/595 1605/906 
f 1599/907 1598/903 1605/906 1606/598 
f 1607/903 1608/907 1591/601 1590/904 
f 1609/905 1607/903 1590/904 1597/592 
f 1607/903 1609/905 1603/595 1601/906 
f 1608/907 1607/903 1601/906 1600/598 
f 1610/903 1609/907 1597/601 1596/904 
f 1611/905 1610/903 1596/904 1595/592 
f 1610/903 1611/905 1604/595 1602/906 
f 1609/907 1610/903 1602/906 1603/598 
f 1612/903 1611/907 1595/601 1593/904 
f 1613/905 1612/903 1593/904 1594/592 
f 1612/903 1613/905 1606/595 1605/906 
f 1611/907 1612/903 1605/906 1604/598 
f 1614/903 1613/907 1594/601 1592/904 
f 1608/905 1614/903 1592/904 1591/592 
f 1614/903 1608/905 1600/595 1599/906 
f 1613/907 1614/903 1599/906 1606/598 
f 1615/903 1616/904 1617/592 1618/905 
f 1619/906 1615/903 1618/905 1620/595 
f 1615/903 1619/906 1621/598 1622/907 
f 1616/904 1615/903 1622/907 1623/601 
f 1624/903 1625/907 1626/601 1627/904 
f 1628/905 1624/903 1627/904 1629/592 
f 1624/903 1628/905 1630/595 1631/906 
f 1625/907 1624/903 1631/906 1632/598 
f 1633/903 1634/907 1617/601 1616/904 
f 1635/905 1633/903 1616/904 1623/592 
f 1633/903 1635/905 1629/595 1627/906 
f 1634/907 1633/903 1627/906 1626/598 
f 1636/903 1635/907 1623/601 1622/904 
f 1637/905 1636/903 1622/904 1621/592 
f 1636/903 1637/905 1630/595 1628/906 
f 1635/907 1636/903 1628/906 1629/598 
f 1638/903 1637/907 1621/601 1619/904 
f 1639/905 1638/903 1619/904 1620/592 
f 1638/903 1639/905 1632/595 1631/906 
f 1637/907 1638/903 1631/906 1630/598 
f 1640/903 1639/907 1620/601 1618/904 
f 1634/905 1640/903 1618/904 1617/592 
f 1640/903 1634/905 1626/595 1625/906 
f 1639/907 1640/903 1625/906 1632/598 
f 1641/903 1642/904 1643/592 1644/905 
f 1645/906 1641/903 1644/905 1646/595 
f 1641/903 1645/906 1647/598 1648/907 
f 1642/904 1641/903 1648/907 1649/601 
f 1650/903 1651/907 1652/601 1653/904 
f 1654/905 1650/903 1653/904 1655/592 
f 1650/903 1654/905 1656/595 1657/906 
f 1651/907 1650/903 1657/906 1658/598 
f 1659/903 1660/907 1643/601 1642/904 
f 1661/905 1659/903 1642/904 1649/592 
f 1659/903 1661/905 1655/595 1653/906 
f 1660/907 1659/903 1653/906 1652/598 
f 1662/903 1661/907 1649/601 1648/904 
f 1663/905 1662/903 1648/904 1647/592 
f 1662/903 1663/905 1656/595 1654/906 
f 1661/907 1662/903 1654/906 1655/598 
f 1664/903 1663/907 1647/601 1645/904 
f 1665/905 1664/903 1645/904 1646/592 
f 1664/903 1665/905 1658/595 1657/906 
f 1663/907 1664/903 1657/906 1656/598 
f 1666/903 1665/907 1646/601 1644/904 
f 1660/905 1666/903 1644/904 1643/592 
f 1666/903 1660/905 1652/595 1651/906 
f 1665/907 1666/903 1651/906 1658/598 
f 1667/903 1668/904 1669/592 1670/905 
f 1671/906 1667/903 1670/905 1672/595 
f 1667/903 1671/906 1673/598 1674/907 
f 1668/904 1667/903 1674/907 1675/601 
f 1676/903 1677/907 1678/601 1679/904 
f 1680/905 1676/903 1679/904 1681/592 
f 1676/903 1680/905 1682/595 1683/906 
f 1677/907 1676/903 1683/906 1684/598 
f 1685/903 1686/907 1669/601 1668/904 
f 1687/905 1685/903 1668/904 1675/592 
f 1685/903 1687/905 1681/595 1679/906 
f 1686/907 1685/903 1679/906 1678/598 
f 1688/903 1687/907 1675/601 1674/904 
f 1689/905 1688/903 1674/904 1673/592 
f 1688/903 1689/905 1682/595 1680/906 
f 1687/907 1688/903 1680/906 1681/598 
f 1690/903 1689/907 1673/601 1671/904 
f 1691/905 1690/903 1671/904 1672/592 
f 1690/903 1691/905 1684/595 1683/906 
f 1689/907 1690/903 1683/906 1682/598 
f 1692/903 1691/907 1672/601 1670/904 
f 1686/905 1692/903 1670/904 1669/592 
f 1692/903 1686/905 1678/595 1677/906 
f 1691/907 1692/903 1677/906 1684/598 
f 1693/903 1694/904 1695/592 1696/905 
f 1697/906 1693/903 1696/905 1698/595 
f 1693/903 1697/906 1699/598 1700/907 
f 1694/904 1693/903 1700/907 1701/601 
f 1702/903 1703/907 1704/601 1705/904 
f 1706/905 1702/903 1705/904 1707/592 
f 1702/903 1706/905 1708/595 1709/906 
f 1703/907 1702/903 1709/906 1710/598 
f 1711/903 1712/907 1695/601 1694/904 
f 1713/905 1711/903 1694/904 1701/592 
f 1711/903 1713/905 1707/595 1705/906 
f 1712/907 1711/903 1705/906 1704/598 
f 1714/903 1713/907 1701/601 1700/904 
f 1715/905 1714/903 1700/904 1699/592 
f 1714/903 1715/905 1708/595 1706/906 
f 1713/907 1714/903 1706/906 1707/598 
f 1716/903 1715/907 1699/601 1697/904 
f 1717/905 1716/903 1697/904 1698/592 
f 1716/903 1717/905 1710/595 1709/906 
f 1715/907 1716/903 1709/906 1708/598 
f 1718/903 1717/907 1698/601 1696/904 
f 1712/905 1718/903 1696/904 1695/592 
f 1718/903 1712/905 1704/595 1703/906 
f 1717/907 1718/903 1703/906 1710/598 
f 1719/903 1720/904 1721/592 1722/905 
f 1723/906 1719/903 1722/905 1724/595 
f 1719/903 1723/906 1725/598 1726/907 
f 1720/904 1719/903 1726/907 1727/601 
f 1728/903 1729/907 1730/601 1731/904 
f 1732/905 1728/903 1731/904 1733/592 
f 1728/903 1732/905 1734/595 1735/906 
f 1729/907 1728/903 1735/906 1736/598 
f 1737/903 1738/907 1721/601 1720/904 
f 1739/905 1737/903 1720/904 1727/592 
f 1737/903 1739/905 1733/595 1731/906 
f 1738/907 1737/903 1731/906 1730/598 
f 1740/903 1739/907 1727/601 1726/904 
f 1741/905 1740/903 1726/904 1725/592 
f 1740/903 1741/905 1734/595 1732/906 
f 1739/907 1740/903 1732/906 1733/598 
f 1742/903 1741/907 1725/601 1723/904 
f 1743/905 1742/903 1723/904 1724/592 
f 1742/903 1743/905 1736/595 1735/906 
f 1741/907 1742/903 1735/906 1734/598 
f 1744/903 1743/907 1724/601 1722/904 
f 1738/905 1744/903 1722/904 1721/592 
f 1744/903 1738/905 1730/595 1729/906 
f 1743/907 1744/903 1729/906 1736/598 
f 1745/903 1746/904 1747/592 1748/905 
f 1749/906 1745/903 1748/905 1750/595 
f 1745/903 1749/906 1751/598 1752/907 
f 1746/904 1745/903 1752/907 1753/601 
f 1754/903 1755/907 1756/601 1757/904 
f 1758/905 1754/903 1757/904 1759/592 
f 1754/903 1758/905 1760/595 1761/906 
f 1755/907 1754/903 1761/906 1762/598 
f 1763/903 1764/907 1747/601 1746/904 
f 1765/905 1763/903 1746/904 1753/592 
f 1763/903 1765/905 1759/595 1757/906 
f 1764/907 1763/903 1757/906 1756/598 
f 1766/903 1765/907 1753/601 1752/904 
f 1767/905 1766/903 1752/904 1751/592 
f 1766/903 1767/905 1760/595 1758/906 
f 1765/907 1766/903 1758/906 1759/598 
f 1768/903 1767/907 1751/601 1749/904 
f 1769/905 1768/903 1749/904 1750/592 
f 1768/903 1769/905 1762/595 1761/906 
f 1767/907 1768/903 1761/906 1760/598 
f 1770/903 1769/907 1750/601 1748/904 
f 1764/905 1770/903 1748/904 1747/592 
f 1770/903 1764/905 1756/595 1755/906 
f 1769/907 1770/903 1755/906 1762/598 
f 1771/903 1772/904 1773/592 1774/905 
f 1775/906 1771/903 1774/905 1776/595 
f 1771/903 1775/906 1777/598 1778/907 
f 1772/904 1771/903 1778/907 1779/601 
f 1780/903 1781/907 1782/601 1783/904 
f 1784/905 1780/903 1783/904 1785/592 
f 1780/903 1784/905 1786/595 1787/906 
f 1781/907 1780/903 1787/906 1788/598 
f 1789/903 1790/907 1773/601 1772/904 
f 1791/905 1789/903 1772/904 1779/592 
f 1789/903 1791/905 1785/595 1783/906 
f 1790/907 1789/903 1783/906 1782/598 
f 1792/903 1791/907 1779/601 1778/904 
f 1793/905 1792/903 1778/904 1777/592 
f 1792/903 1793/905 1786/595 1784/906 
f 1791/907 1792/903 1784/906 1785/598 
f 1794/903 1793/907 1777/601 1775/904 
f 1795/905 1794/903 1775/904 1776/592 
f 1794/903 1795/905 1788/595 1787/906 
f 1793/907 1794/903 1787/906 1786/598 
f 1796/903 1795/907 1776/601 1774/904 
f 1790/905 1796/903 1774/904 1773/592 
f 1796/903 1790/905 1782/595 1781/906 
f 1795/907 1796/903 1781/906 1788/598 
f 1797/903 1798/904 1799/592 1800/905 
f 1801/906 1797/903 1800/905 1802/595 
f 1797/903 1801/906 1803/598 1804/907 
f 1798/904 1797/903 1804/907 1805/601 
f 1806/903 1807/907 1808/601 1809/904 
f 1810/905 1806/903 1809/904 1811/592 
f 1806/903 1810/905 1812/595 1813/906 
f 1807/907 1806/903 1813/906 1814/598 
f 1815/903 1816/907 1799/601 1798/904 
f 1817/905 1815/903 1798/904 1805/592 
f 1815/903 1817/905 1811/595 1809/906 
f 1816/907 1815/903 1809/906 1808/598 
f 1818/903 1817/907 1805/601 1804/904 
f 1819/905 1818/903 1804/904 1803/592 
f 1818/903 1819/905 1812/595 1810/906 
f 1817/907 1818/903 1810/906 1811/598 
f 1820/903 1819/907 1803/601 1801/904 
f 1821/905 1820/903 1801/904 1802/592 
f 1820/903 1821/905 1814/595 1813/906 
f 1819/907 1820/903 1813/906 1812/598 
f 1822/903 1821/907 1802/601 1800/904 
f 1816/905 1822/903 1800/904 1799/592 
f 1822/903 1816/905 1808/595 1807/906 
f 1821/907 1822/903 1807/906 1814/598 
f 1823/903 1824/904 1825/592 1826/905 
f 1827/906 1823/903 1826/905 1828/595 
f 1823/903 1827/906 1829/598 1830/907 
f 1824/904 1823/903 1830/907 1831/601 
f 1832/903 1833/907 1834/601 1835/904 
f 1836/905 1832/903 1835/904 1837/592 
f 1832/903 1836/905 1838/595 1839/906 
f 1833/907 1832/903 1839/906 1840/598 
f 1841/903 1842/907 1825/601 1824/904 
f 1843/905 1841/903 1824/904 1831/592 
f 1841/903 1843/905 1837/595 1835/906 
f 1842/907 1841/903 1835/906 1834/598 
f 1844/903 1843/907 1831/601 1830/904 
f 1845/905 1844/903 1830/904 1829/592 
f 1844/903 1845/905 1838/595 1836/906 
f 1843/907 1844/903 1836/906 1837/598 
f 1846/903 1845/907 1829/601 1827/904 
f 1847/905 1846/903 1827/904 1828/592 
f 1846/903 1847/905 1840/595 1839/906 
f 1845/907 1846/903 1839/906 1838/598 
f 1848/903 1847/907 1828/601 1826/904 
f 1842/905 1848/903 1826/904 1825/592 
f 1848/903 1842/905 1834/595 1833/906 
f 1847/907 1848/903 1833/906 1840/598 
f 1849/903 1850/904 1851/592 1852/905 
f 1853/906 1849/903 1852/905 1854/595 
f 1849/903 1853/906 1855/598 1856/907 
f 1850/904 1849/903 1856/907 1857/601 
f 1858/903 1859/907 1860/601 1861/904 
f 1862/905 1858/903 1861/904 1863/592 
f 1858/903 1862/905 1864/595 1865/906 
f 1859/907 1858/903 1865/906 1866/598 
f 1867/903 1868/907 1851/601 1850/904 
f 1869/905 1867/903 1850/904 1857/592 
f 1867/903 1869/905 1863/595 1861/906 
f 1868/907 1867/903 1861/906 1860/598 
f 1870/903 1869/907 1857/601 1856/904 
f 1871/905 1870/903 1856/904 1855/592 
f 1870/903 1871/905 1864/595 1862/906 
f 1869/907 1870/903 1862/906 1863/598 
f 1872/903 1871/907 1855/601 1853/904 
f 1873/905 1872/903 1853/904 1854/592 
f 1872/903 1873/905 1866/595 1865/906 
f 1871/907 1872/903 1865/906 1864/598 
f 1874/903 1873/907 1854/601 1852/904 
f 1868/905 1874/903 1852/904 1851/592 
f 1874/903 1868/905 1860/595 1859/906 
f 1873/907 1874/903 1859/906 1866/598 
f 1875/903 1876/904 1877/592 1878/905 
f 1879/906 1875/903 1878/905 1880/595 
f 1875/903 1879/906 1881/598 1882/907 
f 1876/904 1875/903 1882/907 1883/601 
f 1884/903 1885/907 1886/601 1887/904 
f 1888/905 1884/903 1887/904 1889/592 
f 1884/903 1888/905 1890/595 1891/906 
f 1885/907 1884/903 1891/906 1892/598 
f 1893/903 1894/907 1877/601 1876/904 
f 1895/905 1893/903 1876/904 1883/592 
f 1893/903 1895/905 1889/595 1887/906 
f 1894/907 1893/903 1887/906 1886/598 
f 1896/903 1895/907 1883/601 1882/904 
f 1897/905 1896/903 1882/904 1881/592 
f 1896/903 1897/905 1890/595 1888/906 
f 1895/907 1896/903 1888/906 1889/598 
f 1898/903 1897/907 1881/601 1879/904 
f 1899/905 1898/903 1879/904 1880/592 
f 1898/903 1899/905 1892/595 1891/906 
f 1897/907 1898/903 1891/906 1890/598 
f 1900/903 1899/907 1880/601 1878/904 
f 1894/905 1900/903 1878/904 1877/592 
f 1900/903 1894/905 1886/595 1885/906 
f 1899/907 1900/903 1885/906 1892/598 
f 1901/903 1902/904 1903/592 1904/905 
f 1905/906 1901/903 1904/905 1906/595 
f 1901/903 1905/906 1907/598 1908/907 
f 1902/904 1901/903 1908/907 1909/601 
f 1910/903 1911/907 1912/601 1913/904 
f 1914/905 1910/903 1913/904 1915/592 
f 1910/903 1914/905 1916/595 1917/906 
f 1911/907 1910/903 1917/906 1918/598 
f 1919/903 1920/907 1903/601 1902/904 
f 1921/905 1919/903 1902/904 1909/592 
f 1919/903 1921/905 1915/595 1913/906 
f 1920/907 1919/903 1913/906 1912/598 
f 1922/903 1921/907 1909/601 1908/904 
f 1923/905 1922/903 1908/904 1907/592 
f 1922/903 1923/905 1916/595 1914/906 
f 1921/907 1922/903 1914/906 1915/598 
f 1924/903 1923/907 1907/601 1905/904 
f 1925/905 1924/903 1905/904 1906/592 
f 1924/903 1925/905 1918/595 1917/906 
f 1923/907 1924/903 1917/906 1916/598 
f 1926/903 1925/907 1906/601 1904/904 
f 1920/905 1926/903 1904/904 1903/592 
f 1926/903 1920/905 1912/595 1911/906 
f 1925/907 1926/903 1911/906 1918/598 
f 1927/903 1928/904 1929/592 1930/905 
f 1931/906 1927/903 1930/905 1932/595 
f 1927/903 1931/906 1933/598 1934/907 
f 1928/904 1927/903 1934/907 1935/601 
f 1936/903 1937/907 1938/601 1939/904 
f 1940/905 1936/903 1939/904 1941/592 
f 1936/903 1940/905 1942/595 1943/906 
f 1937/907 1936/903 1943/906 1944/598 
f 1945/903 1946/907 1929/601 1928/904 
f 1947/905 1945/903 1928/904 1935/592 
f 1945/903 1947/905 1941/595 1939/906 
f 1946/907 1945/903 1939/906 1938/598 
f 1948/903 1947/907 1935/601 1934/904 
f 1949/905 1948/903 1934/904 1933/592 
f 1948/903 1949/905 1942/595 1940/906 
f 1947/907 1948/903 1940/906 1941/598 
f 1950/903 1949/907 1933/601 1931/904 
f 1951/905 1950/903 1931/904 1932/592 
f 1950/903 1951/905 1944/595 1943/906 
f 1949/907 1950/903 1943/906 1942/598 
f 1952/903 1951/907 1932/601 1930/904 
f 1946/905 1952/903 1930/904 1929/592 
f 1952/903 1946/905 1938/595 1937/906 
f 1951/907 1952/903 1937/906 1944/598 
f 1953/903 1954/904 1955/592 1956/905 
f 1957/906 1953/903 1956/905 1958/595 
f 1953/903 1957/906 1959/598 1960/907 
f 1954/904 1953/903 1960/907 1961/601 
f 1962/903 1963/907 1964/601 1965/904 
f 1966/905 1962/903 1965/904 1967/592 
f 1962/903 1966/905 1968/595 1969/906 
f 1963/907 1962/903 1969/906 1970/598 
f 1971/903 1972/907 1955/601 1954/904 
f 1973/905 1971/903 1954/904 1961/592 
f 1971/903 1973/905 1967/595 1965/906 
f 1972/907 1971/903 1965/906 1964/598 
f 1974/903 1973/907 1961/601 1960/904 
f 1975/905 1974/903 1960/904 1959/592 
f 1974/903 1975/905 1968/595 1966/906 
f 1973/907 1974/903 1966/906 1967/598 
f 1976/903 1975/907 1959/601 1957/904 
f 1977/905 1976/903 1957/904 1958/592 
f 1976/903 1977/905 1970/595 1969/906 
f 1975/907 1976/903 1969/906 1968/598 
f 1978/903 1977/907 1958/601 1956/904 
f 1972/905 1978/903 1956/904 1955/592 
f 1978/903 1972/905 1964/595 1963/906 
f 1977/907 1978/903 1963/906 1970/598 
f 1979/903 1980/904 1981/592 1982/905 
f 1983/906 1979/903 1982/905 1984/595 
f 1979/903 1983/906 1985/598 1986/907 
f 1980/904 1979/903 1986/907 1987/601 
f 1988/903 1989/907 1990/601 1991/904 
f 1992/905 1988/903 1991/904 1993/592 
f 1988/903 1992/905 1994/595 1995/906 
f 1989/907 1988/903 1995/906 1996/598 
f 1997/903 1998/907 1981/601 1980/904 
f 1999/905 1997/903 1980/904 1987/592 
f 1997/903 1999/905 1993/595 1991/906 
f 1998/907 1997/903 1991/906 1990/598 
f 2000/903 1999/907 1987/601 1986/904 
f 2001/905 2000/903 1986/904 1985/592 
f 2000/903 2001/905 1994/595 1992/906 
f 1999/907 2000/903 1992/906 1993/598 
f 2002/903 2001/907 1985/601 1983/904 
f 2003/905 2002/903 1983/904 1984/592 
f 2002/903 2003/905 1996/595 1995/906 
f 2001/907 2002/903 1995/906 1994/598 
f 2004/903 2003/907 1984/601 1982/904 
f 1998/905 2004/903 1982/904 1981/592 
f 2004/903 1998/905 1990/595 1989/906 
f 2003/907 2004/903 1989/906 1996/598 
f 2005/903 2006/904 2007/592 2008/905 
f 2009/906 2005/903 2008/905 2010/595 
f 2005/903 2009/906 2011/598 2012/907 
f 2006/904 2005/903 2012/907 2013/601 
f 2014/903 2015/907 2016/601 2017/904 
f 2018/905 2014/903 2017/904 2019/592 
f 2014/903 2018/905 2020/595 2021/906 
f 2015/907 2014/903 2021/906 2022/598 
f 2023/903 2024/907 2007/601 2006/904 
f 2025/905 2023/903 2006/904 2013/592 
f 2023/903 2025/905 2019/595 2017/906 
f 2024/907 2023/903 2017/906 2016/598 
f 2026/903 2025/907 2013/601 2012/904 
f 2027/905 2026/903 2012/904 2011/592 
f 2026/903 2027/905 2020/595 2018/906 
f 2025/907 2026/903 2018/906 2019/598 
f 2028/903 2027/907 2011/601 2009/904 
f 2029/905 2028/903 2009/904 2010/592 
f 2028/903 2029/905 2022/595 2021/906 
f 2027/907 2028/903 2021/906 2020/598 
f 2030/903 2029/907 2010/601 2008/904 
f 2024/905 2030/903 2008/904 2007/592 
f 2030/903 2024/905 2016/595 2015/906 
f 2029/907 2030/903 2015/906 2022/598 
f 2031/903 2032/904 2033/592 2034/905 
f 2035/906 2031/903 2034/905 2036/595 
f 2031/903 2035/906 2037/598 2038/907 
f 2032/904 2031/903 2038/907 2039/601 
f 2040/903 2041/907 2042/601 2043/904 
f 2044/905 2040/903 2043/904 2045/592 
f 2040/903 2044/905 2046/595 2047/906 
f 2041/907 2040/903 2047/906 2048/598 
f 2049/903 2050/907 2033/601 2032/904 
f 2051/905 2049/903 2032/904 2039/592 
f 2049/903 2051/905 2045/595 2043/906 
f 2050/907 2049/903 2043/906 2042/598 
f 2052/903 2051/907 2039/601 2038/904 
f 2053/905 2052/903 2038/904 2037/592 
f 2052/903 2053/905 2046/595 2044/906 
f 2051/907 2052/903 2044/906 2045/598 
f 2054/903 2053/907 2037/601 2035/904 
f 2055/905 2054/903 2035/904 2036/592 
f 2054/903 2055/905 2048/595 2047/906 
f 2053/907 2054/903 2047/906 2046/598 
f 2056/903 2055/907 2036/601 2034/904 
f 2050/905 2056/903 2034/904 2033/592 
f 2056/903 2050/905 2042/595 2041/906 
f 2055/907 2056/903 2041/906 2048/598 
f 2057/903 2058/904 2059/592 2060/905 
f 2061/906 2057/903 2060/905 2062/595 
f 2057/903 2061/906 2063/598 2064/907 
f 2058/904 2057/903 2064/907 2065/601 
f 2066/903 2067/907 2068/601 2069/904 
f 2070/905 2066/903 2069/904 2071/592 
f 2066/903 2070/905 2072/595 2073/906 
f 2067/907 2066/903 2073/906 2074/598 
f 2075/903 2076/907 2059/601 2058/904 
f 2077/905 2075/903 2058/904 2065/592 
f 2075/903 2077/905 2071/595 2069/906 
f 2076/907 2075/903 2069/906 2068/598 
f 2078/903 2077/907 2065/601 2064/904 
f 2079/905 2078/903 2064/904 2063/592 
f 2078/903 2079/905 2072/595 2070/906 
f 2077/907 2078/903 2070/906 2071/598 
f 2080/903 2079/907 2063/601 2061/904 
f 2081/905 2080/903 2061/904 2062/592 
f 2080/903 2081/905 2074/595 2073/906 
f 2079/907 2080/903 2073/906 2072/598 
f 2082/903 2081/907 2062/601 2060/904 
f 2076/905 2082/903 2060/904 2059/592 
f 2082/903 2076/905 2068/595 2067/906 
f 2081/907 2082/903 2067/906 2074/598 
f 2083/903 2084/904 2085/592 2086/905 
f 2087/906 2083/903 2086/905 2088/595 
f 2083/903 2087/906 2089/598 2090/907 
f 2084/904 2083/903 2090/907 2091/601 
f 2092/903 2093/907 2094/601 2095/904 
f 2096/905 2092/903 2095/904 2097/592 
f 2092/903 2096/905 2098/595 2099/906 
f 2093/907 2092/903 2099/906 2100/598 
f 2101/903 2102/907 2085/601 2084/904 
f 2103/905 2101/903 2084/904 2091/592 
f 2101/903 2103/905 2097/595 2095/906 
f 2102/907 2101/903 2095/906 2094/598 
f 2104/903 2103/907 2091/601 2090/904 
f 2105/905 2104/903 2090/904 2089/592 
f 2104/903 2105/905 2098/595 2096/906 
f 2103/907 2104/903 2096/906 2097/598 
f 2106/903 2105/907 2089/601 2087/904 
f 2107/905 2106/903 2087/904 2088/592 
f 2106/903 2107/905 2100/595 2099/906 
f 2105/907 2106/903 2099/906 2098/598 
f 2108/903 2107/907 2088/601 2086/904 
f 2102/905 2108/903 2086/904 2085/592 
f 2108/903 2102/905 2094/595 2093/906 
f 2107/907 2108/903 2093/906 2100/598 
f 2109/903 2110/904 2111/592 2112/905 
f 2113/906 2109/903 2112/905 2114/595 
f 2109/903 2113/906 2115/598 2116/907 
f 2110/904 2109/903 2116/907 2117/601 
f 2118/903 2119/907 2120/601 2121/904 
f 2122/905 2118/903 2121/904 2123/592 
f 2118/903 2122/905 2124/595 2125/906 
f 2119/907 2118/903 2125/906 2126/598 
f 2127/903 2128/907 2111/601 2110/904 
f 2129/905 2127/903 2110/904 2117/592 
f 2127/903 2129/905 2123/595 2121/906 
f 2128/907 2127/903 2121/906 2120/598 
f 2130/903 2129/907 2117/601 2116/904 
f 2131/905 2130/903 2116/904 2115/592 
f 2130/903 2131/905 2124/595 2122/906 
f 2129/907 2130/903 2122/906 2123/598 
f 2132/903 2131/907 2115/601 2113/904 
f 2133/905 2132/903 2113/904 2114/592 
f 2132/903 2133/905 2126/595 2125/906 
f 2131/907 2132/903 2125/906 2124/598 
f 2134/903 2133/907 2114/601 2112/904 
f 2128/905 2134/903 2112/904 2111/592 
f 2134/903 2128/905 2120/595 2119/906 
f 2133/907 2134/903 2119/906 2126/598 
f 2135/903 2136/904 2137/592 2138/905 
f 2139/906 2135/903 2138/905 2140/595 
f 2135/903 2139/906 2141/598 2142/907 
f 2136/904 2135/903 2142/907 2143/601 
f 2144/903 2145/907 2146/601 2147/904 
f 2148/905 2144/903 2147/904 2149/592 
f 2144/903 2148/905 2150/595 2151/906 
f 2145/907 2144/903 2151/906 2152/598 
f 2153/903 2154/907 2137/601 2136/904 
f 2155/905 2153/903 2136/904 2143/592 
f 2153/903 2155/905 2149/595 2147/906 
f 2154/907 2153/903 2147/906 2146/598 
f 2156/903 2155/907 2143/601 2142/904 
f 2157/905 2156/903 2142/904 2141/592 
f 2156/903 2157/905 2150/595 2148/906 
f 2155/907 2156/903 2148/906 2149/598 
f 2158/903 2157/907 2141/601 2139/904 
f 2159/905 2158/903 2139/904 2140/592 
f 2158/903 2159/905 2152/595 2151/906 
f 2157/907 2158/903 2151/906 2150/598 
f 2160/903 2159/907 2140/601 2138/904 
f 2154/905 2160/903 2138/904 2137/592 
f 2160/903 2154/905 2146/595 2145/906 
f 2159/907 2160/903 2145/906 2152/598 
f 2161/903 2162/904 2163/592 2164/905 
f 2165/906 2161/903 2164/905 2166/595 
f 2161/903 2165/906 2167/598 2168/907 
f 2162/904 2161/903 2168/907 2169/601 
f 2170/903 2171/907 2172/601 2173/904 
f 2174/905 2170/903 2173/904 2175/592 
f 2170/903 2174/905 2176/595 2177/906 
f 2171/907 2170/903 2177/906 2178/598 
f 2179/903 2180/907 2163/601 2162/904 
f 2181/905 2179/903 2162/904 2169/592 
f 2179/903 2181/905 2175/595 2173/906 
f 2180/907 2179/903 2173/906 2172/598 
f 2182/903 2181/907 2169/601 2168/904 
f 2183/905 2182/903 2168/904 2167/592 
f 2182/903 2183/905 2176/595 2174/906 
f 2181/907 2182/903 2174/906 2175/598 
f 2184/903 2183/907 2167/601 2165/904 
f 2185/905 2184/903 2165/904 2166/592 
f 2184/903 2185/905 2178/595 2177/906 
f 2183/907 2184/903 2177/906 2176/598 
f 2186/903 2185/907 2166/601 2164/904 
f 2180/905 2186/903 2164/904 2163/592 
f 2186/903 2180/905 2172/595 2171/906 
f 2185/907 2186/903 2171/906 2178/598 
f 2187/903 2188/904 2189/592 2190/905 
f 2191/906 2187/903 2190/905 2192/595 
f 2187/903 2191/906 2193/598 2194/907 
f 2188/904 2187/903 2194/907 2195/601 
f 2196/903 2197/907 2198/601 2199/904 
f 2200/905 2196/903 2199/904 2201/592 
f 2196/903 2200/905 2202/595 2203/906 
f 2197/907 2196/903 2203/906 2204/598 
f 2205/903 2206/907 2189/601 2188/904 
f 2207/905 2205/903 2188/904 2195/592 
f 2205/903 2207/905 2201/595 2199/906 
f 2206/907 2205/903 2199/906 2198/598 
f 2208/903 2207/907 2195/601 2194/904 
f 2209/905 2208/903 2194/904 2193/592 
f 2208/903 2209/905 2202/595 2200/906 
f 2207/907 2208/903 2200/906 2201/598 
f 2210/903 2209/907 2193/601 2191/904 
f 2211/905 2210/903 2191/904 2192/592 
f 2210/903 2211/905 2204/595 2203/906 
f 2209/907 2210/903 2203/906 2202/598 
f 2212/903 2211/907 2192/601 2190/904 
f 2206/905 2212/903 2190/904 2189/592 
f 2212/903 2206/905 2198/595 2197/906 
f 2211/907 2212/903 2197/906 2204/598 
f 2213/903 2214/904 2215/592 2216/905 
f 2217/906 2213/903 2216/905 2218/595 
f 2213/903 2217/906 2219/598 2220/907 
f 2214/904 2213/903 2220/907 2221/601 
f 2222/903 2223/907 2224/601 2225/904 
f 2226/905 2222/903 2225/904 2227/592 
f 2222/903 2226/905 2228/595 2229/906 
f 2223/907 2222/903 2229/906 2230/598 
f 2231/903 2232/907 2215/601 2214/904 
f 2233/905 2231/903 2214/904 2221/592 
f 2231/903 2233/905 2227/595 2225/906 
f 2232/907 2231/903 2225/906 2224/598 
f 2234/903 2233/907 2221/601 2220/904 
f 2235/905 2234/903 2220/904 2219/592 
f 2234/903 2235/905 2228/595 2226/906 
f 2233/907 2234/903 2226/906 2227/598 
f 2236/903 2235/907 2219/601 2217/904 
f 2237/905 2236/903 2217/904 2218/592 
f 2236/903 2237/905 2230/595 2229/906 
f 2235/907 2236/903 2229/906 2228/598 
f 2238/903 2237/907 2218/601 2216/904 
f 2232/905 2238/903 2216/904 2215/592 
f 2238/903 2232/905 2224/595 2223/906 
f 2237/907 2238/903 2223/906 2230/598 
f 2239/903 2240/904 2241/592 2242/905 
f 2243/906 2239/903 2242/905 2244/595 
f 2239/903 2243/906 2245/598 2246/907 
f 2240/904 2239/903 2246/907 2247/601 
f 2248/903 2249/907 2250/601 2251/904 
f 2252/905 2248/903 2251/904 2253/592 
f 2248/903 2252/905 2254/595 2255/906 
f 2249/907 2248/903 2255/906 2256/598 
f 2257/903 2258/907 2241/601 2240/904 
f 2259/905 2257/903 2240/904 2247/592 
f 2257/903 2259/905 2253/595 2251/906 
f 2258/907 2257/903 2251/906 2250/598 
f 2260/903 2259/907 2247/601 2246/904 
f 2261/905 2260/903 2246/904 2245/592 
f 2260/903 2261/905 2254/595 2252/906 
f 2259/907 2260/903 2252/906 2253/598 
f 2262/903 2261/907 2245/601 2243/904 
f 2263/905 2262/903 2243/904 2244/592 
f 2262/903 2263/905 2256/595 2255/906 
f 2261/907 2262/903 2255/906 2254/598 
f 2264/903 2263/907 2244/601 2242/904 
f 2258/905 2264/903 2242/904 2241/592 
f 2264/903 2258/905 2250/595 2249/906 
f 2263/907 2264/903 2249/906 2256/598 
f 2265/903 2266/904 2267/592 2268/905 
f 2269/906 2265/903 2268/905 2270/595 
f 2265/903 2269/906 2271/598 2272/907 
f 2266/904 2265/903 2272/907 2273/601 
f 2274/903 2275/907 2276/601 2277/904 
f 2278/905 2274/903 2277/904 2279/592 
f 2274/903 2278/905 2280/595 2281/906 
f 2275/907 2274/903 2281/906 2282/598 
f 2283/903 2284/907 2267/601 2266/904 
f 2285/905 2283/903 2266/904 2273/592 
f 2283/903 2285/905 2279/595 2277/906 
f 2284/907 2283/903 2277/906 2276/598 
f 2286/903 2285/907 2273/601 2272/904 
f 2287/905 2286/903 2272/904 2271/592 
f 2286/903 2287/905 2280/595 2278/906 
f 2285/907 2286/903 2278/906 2279/598 
f 2288/903 2287/907 2271/601 2269/904 
f 2289/905 2288/903 2269/904 2270/592 
f 2288/903 2289/905 2282/595 2281/906 
f 2287/907 2288/903 2281/906 2280/598 
f 2290/903 2289/907 2270/601 2268/904 
f 2284/905 2290/903 2268/904 2267/592 
f 2290/903 2284/905 2276/595 2275/906 
f 2289/907 2290/903 2275/906 2282/598 
f 2291/903 2292/904 2293/592 2294/905 
f 2295/906 2291/903 2294/905 2296/595 
f 2291/903 2295/906 2297/598 2298/907 
f 2292/904 2291/903 2298/907 2299/601 
f 2300/903 2301/907 2302/601 2303/904 
f 2304/905 2300/903 2303/904 2305/592 
f 2300/903 2304/905 2306/595 2307/906 
f 2301/907 2300/903 2307/906 2308/598 
f 2309/903 2310/907 2293/601 2292/904 
f 2311/905 2309/903 2292/904 2299/592 
f 2309/903 2311/905 2305/595 2303/906 
f 2310/907 2309/903 2303/906 2302/598 
f 2312/903 2311/907 2299/601 2298/904 
f 2313/905 2312/903 2298/904 2297/592 
f 2312/903 2313/905 2306/595 2304/906 
f 2311/907 2312/903 2304/906 2305/598 
f 2314/903 2313/907 2297/601 2295/904 
f 2315/905 2314/903 2295/904 2296/592 
f 2314/903 2315/905 2308/595 2307/906 
f 2313/907 2314/903 2307/906 2306/598 
f 2316/903 2315/907 2296/601 2294/904 
f 2310/905 2316/903 2294/904 2293/592 
f 2316/903 2310/905 2302/595 2301/906 
f 2315/907 2316/903 2301/906 2308/598 
f 2317/903 2318/904 2319/592 2320/905 
f 2321/906 2317/903 2320/905 2322/595 
f 2317/903 2321/906 2323/598 2324/907 
f 2318/904 2317/903 2324/907 2325/601 
f 2326/903 2327/907 2328/601 2329/904 
f 2330/905 2326/903 2329/904 2331/592 
f 2326/903 2330/905 2332/595 2333/906 
f 2327/907 2326/903 2333/906 2334/598 
f 2335/903 2336/907 2319/601 2318/904 
f 2337/905 2335/903 2318/904 2325/592 
f 2335/903 2337/905 2331/595 2329/906 
f 2336/907 2335/903 2329/906 2328/598 
f 2338/903 2337/907 2325/601 2324/904 
f 2339/905 2338/903 2324/904 2323/592 
f 2338/903 2339/905 2332/595 2330/906 
f 2337/907 2338/903 2330/906 2331/598 
f 2340/903 2339/907 2323/601 2321/904 
f 2341/905 2340/903 2321/904 2322/592 
f 2340/903 2341/905 2334/595 2333/906 
f 2339/907 2340/903 2333/906 2332/598 
f 2342/903 2341/907 2322/601 2320/904 
f 2336/905 2342/903 2320/904 2319/592 
f 2342/903 2336/905 2328/595 2327/906 
f 2341/907 2342/903 2327/906 2334/598 
f 2343/903 2344/904 2345/592 2346/905 
f 2347/906 2343/903 2346/905 2348/595 
f 2343/903 2347/906 2349/598 2350/907 
f 2344/904 2343/903 2350/907 2351/601 
f 2352/903 2353/907 2354/601 2355/904 
f 2356/905 2352/903 2355/904 2357/592 
f 2352/903 2356/905 2358/595 2359/906 
f 2353/907 2352/903 2359/906 2360/598 
f 2361/903 2362/907 2345/601 2344/904 
f 2363/905 2361/903 2344/904 2351/592 
f 2361/903 2363/905 2357/595 2355/906 
f 2362/907 2361/903 2355/906 2354/598 
f 2364/903 2363/907 2351/601 2350/904 
f 2365/905 2364/903 2350/904 2349/592 
f 2364/903 2365/905 2358/595 2356/906 
f 2363/907 2364/903 2356/906 2357/598 
f 2366/903 2365/907 2349/601 2347/904 
f 2367/905 2366/903 2347/904 2348/592 
f 2366/903 2367/905 2360/595 2359/906 
f 2365/907 2366/903 2359/906 2358/598 
f 2368/903 2367/907 2348/601 2346/904 
f 2362/905 2368/903 2346/904 2345/592 
f 2368/903 2362/905 2354/595 2353/906 
f 2367/907 2368/903 2353/906 2360/598 
f 2369/903 2370/904 2371/592 2372/905 
f 2373/906 2369/903 2372/905 2374/595 
f 2369/903 2373/906 2375/598 2376/907 
f 2370/904 2369/903 2376/907 2377/601 
f 2378/903 2379/907 2380/601 2381/904 
f 2382/905 2378/903 2381/904 2383/592 
f 2378/903 2382/905 2384/595 2385/906 
f 2379/907 2378/903 2385/906 2386/598 
f 2387/903 2388/907 2371/601 2370/904 
f 2389/905 2387/903 2370/904 2377/592 
f 2387/903 2389/905 2383/595 2381/906 
f 2388/907 2387/903 2381/906 2380/598 
f 2390/903 2389/907 2377/601 2376/904 
f 2391/905 2390/903 2376/904 2375/592 
f 2390/903 2391/905 2384/595 2382/906 
f 2389/907 2390/903 2382/906 2383/598 
f 2392/903 2391/907 2375/601 2373/904 
f 2393/905 2392/903 2373/904 2374/592 
f 2392/903 2393/905 2386/595 2385/906 
f 2391/907 2392/903 2385/906 2384/598 
f 2394/903 2393/907 2374/601 2372/904 
f 2388/905 2394/903 2372/904 2371/592 
f 2394/903 2388/905 2380/595 2379/906 
f 2393/907 2394/903 2379/906 2386/598 
f 2395/903 2396/904 2397/592 2398/905 
f 2399/906 2395/903 2398/905 2400/595 
f 2395/903 2399/906 2401/598 2402/907 
f 2396/904 2395/903 2402/907 2403/601 
f 2404/903 2405/907 2406/601 2407/904 
f 2408/905 2404/903 2407/904 2409/592 
f 2404/903 2408/905 2410/595 2411/906 
f 2405/907 2404/903 2411/906 2412/598 
f 2413/903 2414/907 2397/601 2396/904 
f 2415/905 2413/903 2396/904 2403/592 
f 2413/903 2415/905 2409/595 2407/906 
f 2414/907 2413/903 2407/906 2406/598 
f 2416/903 2415/907 2403/601 2402/904 
f 2417/905 2416/903 2402/904 2401/592 
f 2416/903 2417/905 2410/595 2408/906 
f 2415/907 2416/903 2408/906 2409/598 
f 2418/903 2417/907 2401/601 2399/904 
f 2419/905 2418/903 2399/904 2400/592 
f 2418/903 2419/905 2412/595 2411/906 
f 2417/907 2418/903 2411/906 2410/598 
f 2420/903 2419/907 2400/601 2398/904 
f 2414/905 2420/903 2398/904 2397/592 
f 2420/903 2414/905 2406/595 2405/906 
f 2419/907 2420/903 2405/906 2412/598 
f 2421/903 2422/904 2423/592 2424/905 
f 2425/906 2421/903 2424/905 2426/595 
f 2421/903 2425/906 2427/598 2428/907 
f 2422/904 2421/903 2428/907 2429/601 
f 2430/903 2431/907 2432/601 2433/904 
f 2434/905 2430/903 2433/904 2435/592 
f 2430/903 2434/905 2436/595 2437/906 
f 2431/907 2430/903 2437/906 2438/598 
f 2439/903 2440/907 2423/601 2422/904 
f 2441/905 2439/903 2422/904 2429/592 
f 2439/903 2441/905 2435/595 2433/906 
f 2440/907 2439/903 2433/906 2432/598 
f 2442/903 2441/907 2429/601 2428/904 
f 2443/905 2442/903 2428/904 2427/592 
f 2442/903 2443/905 2436/595 2434/906 
f 2441/907 2442/903 2434/906 2435/598 
f 2444/903 2443/907 2427/601 2425/904 
f 2445/905 2444/903 2425/904 2426/592 
f 2444/903 2445/905 2438/595 2437/906 
f 2443/907 2444/903 2437/906 2436/598 
f 2446/903 2445/907 2426/601 2424/904 
f 2440/905 2446/903 2424/904 2423/592 
f 2446/903 2440/905 2432/595 2431/906 
f 2445/907 2446/903 2431/906 2438/598 
f 2447/903 2448/904 2449/592 2450/905 
f 2451/906 2447/903 2450/905 2452/595 
f 2447/903 2451/906 2453/598 2454/907 
f 2448/904 2447/903 2454/907 2455/601 
f 2456/903 2457/907 2458/601 2459/904 
f 2460/905 2456/903 2459/904 2461/592 
f 2456/903 2460/905 2462/595 2463/906 
f 2457/907 2456/903 2463/906 2464/598 
f 2465/903 2466/907 2449/601 2448/904 
f 2467/905 2465/903 2448/904 2455/592 
f 2465/903 2467/905 2461/595 2459/906 
f 2466/907 2465/903 2459/906 2458/598 
f 2468/903 2467/907 2455/601 2454/904 
f 2469/905 2468/903 2454/904 2453/592 
f 2468/903 2469/905 2462/595 2460/906 
f 2467/907 2468/903 2460/906 2461/598 
f 2470/903 2469/907 2453/601 2451/904 
f 2471/905 2470/903 2451/904 2452/592 
f 2470/903 2471/905 2464/595 2463/906 
f 2469/907 2470/903 2463/906 2462/598 
f 2472/903 2471/907 2452/601 2450/904 
f 2466/905 2472/903 2450/904 2449/592 
f 2472/903 2466/905 2458/595 2457/906 
f 2471/907 2472/903 2457/906 2464/598 
f 2473/903 2474/904 2475/592 2476/905 
f 2477/906 2473/903 2476/905 2478/595 
f 2473/903 2477/906 2479/598 2480/907 
f 2474/904 2473/903 2480/907 2481/601 
f 2482/903 2483/907 2484/601 2485/904 
f 2486/905 2482/903 2485/904 2487/592 
f 2482/903 2486/905 2488/595 2489/906 
f 2483/907 2482/903 2489/906 2490/598 
f 2491/903 2492/907 2475/601 2474/904 
f 2493/905 2491/903 2474/904 2481/592 
f 2491/903 2493/905 2487/595 2485/906 
f 2492/907 2491/903 2485/906 2484/598 
f 2494/903 2493/907 2481/601 2480/904 
f 2495/905 2494/903 2480/904 2479/592 
f 2494/903 2495/905 2488/595 2486/906 
f 2493/907 2494/903 2486/906 2487/598 
f 2496/903 2495/907 2479/601 2477/904 
f 2497/905 2496/903 2477/904 2478/592 
f 2496/903 2497/905 2490/595 2489/906 
f 2495/907 2496/903 2489/906 2488/598 
f 2498/903 2497/907 2478/601 2476/904 
f 2492/905 2498/903 2476/904 2475/592 
f 2498/903 2492/905 2484/595 2483/906 
f 2497/907 2498/903 2483/906 2490/598 
f 2499/903 2500/904 2501/592 2502/905 
f 2503/906 2499/903 2502/905 2504/595 
f 2499/903 2503/906 2505/598 2506/907 
f 2500/904 2499/903 2506/907 2507/601 
f 2508/903 2509/907 2510/601 2511/904 
f 2512/905 2508/903 2511/904 2513/592 
f 2508/903 2512/905 2514/595 2515/906 
f 2509/907 2508/903 2515/906 2516/598 
f 2517/903 2518/907 2501/601 2500/904 
f 2519/905 2517/903 2500/904 2507/592 
f 2517/903 2519/905 2513/595 2511/906 
f 2518/907 2517/903 2511/906 2510/598 
f 2520/903 2519/907 2507/601 2506/904 
f 2521/905 2520/903 2506/904 2505/592 
f 2520/903 2521/905 2514/595 2512/906 
f 2519/907 2520/903 2512/906 2513/598 
f 2522/903 2521/907 2505/601 2503/904 
f 2523/905 2522/903 2503/904 2504/592 
f 2522/903 2523/905 2516/595 2515/906 
f 2521/907 2522/903 2515/906 2514/598 
f 2524/903 2523/907 2504/601 2502/904 
f 2518/905 2524/903 2502/904 2501/592 
f 2524/903 2518/905 2510/595 2509/906 
f 2523/907 2524/903 2509/906 2516/598 
f 2525/903 2526/904 2527/592 2528/905 
f 2529/906 2525/903 2528/905 2530/595 
f 2525/903 2529/906 2531/598 2532/907 
f 2526/904 2525/903 2532/907 2533/601 
f 2534/903 2535/907 2536/601 2537/904 
f 2538/905 2534/903 2537/904 2539/592 
f 2534/903 2538/905 2540/595 2541/906 
f 2535/907 2534/903 2541/906 2542/598 
f 2543/903 2544/907 2527/601 2526/904 
f 2545/905 2543/903 2526/904 2533/592 
f 2543/903 2545/905 2539/595 2537/906 
f 2544/907 2543/903 2537/906 2536/598 
f 2546/903 2545/907 2533/601 2532/904 
f 2547/905 2546/903 2532/904 2531/592 
f 2546/903 2547/905 2540/595 2538/906 
f 2545/907 2546/903 2538/906 2539/598 
f 2548/903 2547/907 2531/601 2529/904 
f 2549/905 2548/903 2529/904 2530/592 
f 2548/903 2549/905 2542/595 2541/906 
f 2547/907 2548/903 2541/906 2540/598 
f 2550/903 2549/907 2530/601 2528/904 
f 2544/905 2550/903 2528/904 2527/592 
f 2550/903 2544/905 2536/595 2535/906 
f 2549/907 2550/903 2535/906 2542/598 
f 2551/903 2552/904 2553/592 2554/905 
f 2555/906 2551/903 2554/905 2556/595 
f 2551/903 2555/906 2557/598 2558/907 
f 2552/904 2551/903 2558/907 2559/601 
f 2560/903 2561/907 2562/601 2563/904 
f 2564/905 2560/903 2563/904 2565/592 
f 2560/903 2564/905 2566/595 2567/906 
f 2561/907 2560/903 2567/906 2568/598 
f 2569/903 2570/907 2553/601 2552/904 
f 2571/905 2569/903 2552/904 2559/592 
f 2569/903 2571/905 2565/595 2563/906 
f 2570/907 2569/903 2563/906 2562/598 
f 2572/903 2571/907 2559/601 2558/904 
f 2573/905 2572/903 2558/904 2557/592 
f 2572/903 2573/905 2566/595 2564/906 
f 2571/907 2572/903 2564/906 2565/598 
f 2574/903 2573/907 2557/601 2555/904 
f 2575/905 2574/903 2555/904 2556/592 
f 2574/903 2575/905 2568/595 2567/906 
f 2573/907 2574/903 2567/906 2566/598 
f 2576/903 2575/907 2556/601 2554/904 
f 2570/905 2576/903 2554/904 2553/592 
f 2576/903 2570/905 2562/595 2561/906 
f 2575/907 2576/903 2561/906 2568/598 
f 2577/903 2578/904 2579/592 2580/905 
f 2581/906 2577/903 2580/905 2582/595 
f 2577/903 2581/906 2583/598 2584/907 
f 2578/904 2577/903 2584/907 2585/601 
f 2586/903 2587/907 2588/601 2589/904 
f 2590/905 2586/903 2589/904 2591/592 
f 2586/903 2590/905 2592/595 2593/906 
f 2587/907 2586/903 2593/906 2594/598 
f 2595/903 2596/907 2579/601 2578/904 
f 2597/905 2595/903 2578/904 2585/592 
f 2595/903 2597/905 2591/595 2589/906 
f 2596/907 2595/903 2589/906 2588/598 
f 2598/903 2597/907 2585/601 2584/904 
f 2599/905 2598/903 2584/904 2583/592 
f 2598/903 2599/905 2592/595 2590/906 
f 2597/907 2598/903 2590/906 2591/598 
f 2600/903 2599/907 2583/601 2581/904 
f 2601/905 2600/903 2581/904 2582/592 
f 2600/903 2601/905 2594/595 2593/906 
f 2599/907 2600/903 2593/906 2592/598 
f 2602/903 2601/907 2582/601 2580/904 
f 2596/905 2602/903 2580/904 2579/592 
f 2602/903 2596/905 2588/595 2587/906 
f 2601/907 2602/903 2587/906 2594/598 
f 2603/903 2604/904 2605/592 2606/905 
f 2607/906 2603/903 2606/905 2608/595 
f 2603/903 2607/906 2609/598 2610/907 
f 2604/904 2603/903 2610/907 2611/601 
f 2612/903 2613/907 2614/601 2615/904 
f 2616/905 2612/903 2615/904 2617/592 
f 2612/903 2616/905 2618/595 2619/906 
f 2613/907 2612/903 2619/906 2620/598 
f 2621/903 2622/907 2605/601 2604/904 
f 2623/905 2621/903 2604/904 2611/592 
f 2621/903 2623/905 2617/595 2615/906 
f 2622/907 2621/903 2615/906 2614/598 
f 2624/903 2623/907 2611/601 2610/904 
f 2625/905 2624/903 2610/904 2609/592 
f 2624/903 2625/905 2618/595 2616/906 
f 2623/907 2624/903 2616/906 2617/598 
f 2626/903 2625/907 2609/601 2607/904 
f 2627/905 2626/903 2607/904 2608/592 
f 2626/903 2627/905 2620/595 2619/906 
f 2625/907 2626/903 2619/906 2618/598 
f 2628/903 2627/907 2608/601 2606/904 
f 2622/905 2628/903 2606/904 2605/592 
f 2628/903 2622/905 2614/595 2613/906 
f 2627/907 2628/903 2613/906 2620/598 
f 2629/903 2630/904 2631/592 2632/905 
f 2633/906 2629/903 2632/905 2634/595 
f 2629/903 2633/906 2635/598 2636/907 
f 2630/904 2629/903 2636/907 2637/601 
f 2638/903 2639/907 2640/601 2641/904 
f 2642/905 2638/903 2641/904 2643/592 
f 2638/903 2642/905 2644/595 2645/906 
f 2639/907 2638/903 2645/906 2646/598 
f 2647/903 2648/907 2631/601 2630/904 
f 2649/905 2647/903 2630/904 2637/592 
f 2647/903 2649/905 2643/595 2641/906 
f 2648/907 2647/903 2641/906 2640/598 
f 2650/903 2649/907 2637/601 2636/904 
f 2651/905 2650/903 2636/904 2635/592 
f 2650/903 2651/905 2644/595 2642/906 
f 2649/907 2650/903 2642/906 2643/598 
f 2652/903 2651/907 2635/601 2633/904 
f 2653/905 2652/903 2633/904 2634/592 
f 2652/903 2653/905 2646/595 2645/906 
f 2651/907 2652/903 2645/906 2644/598 
f 2654/903 2653/907 2634/601 2632/904 
f 2648/905 2654/903 2632/904 2631/592 
f 2654/903 2648/905 2640/595 2639/906 
f 2653/907 2654/903 2639/906 2646/598 
f 2655/903 2656/904 2657/592 2658/905 
f 2659/906 2655/903 2658/905 2660/595 
f 2655/903 2659/906 2661/598 2662/907 
f 2656/904 2655/903 2662/907 2663/601 
f 2664/903 2665/907 2666/601 2667/904 
f 2668/905 2664/903 2667/904 2669/592 
f 2664/903 2668/905 2670/595 2671/906 
f 2665/907 2664/903 2671/906 2672/598 
f 2673/903 2674/907 2657/601 2656/904 
f 2675/905 2673/903 2656/904 2663/592 
f 2673/903 2675/905 2669/595 2667/906 
f 2674/907 2673/903 2667/906 2666/598 
f 2676/903 2675/907 2663/601 2662/904 
f 2677/905 2676/903 2662/904 2661/592 
f 2676/903 2677/905 2670/595 2668/906 
f 2675/907 2676/903 2668/906 2669/598 
f 2678/903 2677/907 2661/601 2659/904 
f 2679/905 2678/903 2659/904 2660/592 
f 2678/903 2679/905 2672/595 2671/906 
f 2677/907 2678/903 2671/906 2670/598 
f 2680/903 2679/907 2660/601 2658/904 
f 2674/905 2680/903 2658/904 2657/592 
f 2680/903 2674/905 2666/595 2665/906 
f 2679/907 2680/903 2665/906 2672/598 
f 2681/903 2682/904 2683/592 2684/905 
f 2685/906 2681/903 2684/905 2686/595 
f 2681/903 2685/906 2687/598 2688/907 
f 2682/904 2681/903 2688/907 2689/601 
f 2690/903 2691/907 2692/601 2693/904 
f 2694/905 2690/903 2693/904 2695/592 
f 2690/903 2694/905 2696/595 2697/906 
f 2691/907 2690/903 2697/906 2698/598 
f 2699/903 2700/907 2683/601 2682/904 
f 2701/905 2699/903 2682/904 2689/592 
f 2699/903 2701/905 2695/595 2693/906 
f 2700/907 2699/903 2693/906 2692/598 
f 2702/903 2701/907 2689/601 2688/904 
f 2703/905 2702/903 2688/904 2687/592 
f 2702/903 2703/905 2696/595 2694/906 
f 2701/907 2702/903 2694/906 2695/598 
f 2704/903 2703/907 2687/601 2685/904 
f 2705/905 2704/903 2685/904 2686/592 
f 2704/903 2705/905 2698/595 2697/906 
f 2703/907 2704/903 2697/906 2696/598 
f 2706/903 2705/907 2686/601 2684/904 
f 2700/905 2706/903 2684/904 2683/592 
f 2706/903 2700/905 2692/595 2691/906 
f 2705/907 2706/903 2691/906 2698/598 
f 2707/903 2708/904 2709/592 2710/905 
f 2711/906 2707/903 2710/905 2712/595 
f 2707/903 2711/906 2713/598 2714/907 
f 2708/904 2707/903 2714/907 2715/601 
f 2716/903 2717/907 2718/601 2719/904 
f 2720/905 2716/903 2719/904 2721/592 
f 2716/903 2720/905 2722/595 2723/906 
f 2717/907 2716/903 2723/906 2724/598 
f 2725/903 2726/907 2709/601 2708/904 
f 2727/905 2725/903 2708/904 2715/592 
f 2725/903 2727/905 2721/595 2719/906 
f 2726/907 2725/903 2719/906 2718/598 
f 2728/903 2727/907 2715/601 2714/904 
f 2729/905 2728/903 2714/904 2713/592 
f 2728/903 2729/905 2722/595 2720/906 
f 2727/907 2728/903 2720/906 2721/598 
f 2730/903 2729/907 2713/601 2711/904 
f 2731/905 2730/903 2711/904 2712/592 
f 2730/903 2731/905 2724/595 2723/906 
f 2729/907 2730/903 2723/906 2722/598 
f 2732/903 2731/907 2712/601 2710/904 
f 2726/905 2732/903 2710/904 2709/592 
f 2732/903 2726/905 2718/595 2717/906 
f 2731/907 2732/903 2717/906 2724/598 
f 2733/903 2734/904 2735/592 2736/905 
f 2737/906 2733/903 2736/905 2738/595 
f 2733/903 2737/906 2739/598 2740/907 
f 2734/904 2733/903 2740/907 2741/601 
f 2742/903 2743/907 2744/601 2745/904 
f 2746/905 2742/903 2745/904 2747/592 
f 2742/903 2746/905 2748/595 2749/906 
f 2743/907 2742/903 2749/906 2750/598 
f 2751/903 2752/907 2735/601 2734/904 
f 2753/905 2751/903 2734/904 2741/592 
f 2751/903 2753/905 2747/595 2745/906 
f 2752/907 2751/903 2745/906 2744/598 
f 2754/903 2753/907 2741/601 2740/904 
f 2755/905 2754/903 2740/904 2739/592 
f 2754/903 2755/905 2748/595 2746/906 
f 2753/907 2754/903 2746/906 2747/598 
f 2756/903 2755/907 2739/601 2737/904 
f 2757/905 2756/903 2737/904 2738/592 
f 2756/903 2757/905 2750/595 2749/906 
f 2755/907 2756/903 2749/906 2748/598 
f 2758/903 2757/907 2738/601 2736/904 
f 2752/905 2758/903 2736/904 2735/592 
f 2758/903 2752/905 2744/595 2743/906 
f 2757/907 2758/903 2743/906 2750/598 
f 2759/903 2760/904 2761/592 2762/905 
f 2763/906 2759/903 2762/905 2764/595 
f 2759/903 2763/906 2765/598 2766/907 
f 2760/904 2759/903 2766/907 2767/601 
f 2768/903 2769/907 2770/601 2771/904 
f 2772/905 2768/903 2771/904 2773/592 
f 2768/903 2772/905 2774/595 2775/906 
f 2769/907 2768/903 2775/906 2776/598 
f 2777/903 2778/907 2761/601 2760/904 
f 2779/905 2777/903 2760/904 2767/592 
f 2777/903 2779/905 2773/595 2771/906 
f 2778/907 2777/903 2771/906 2770/598 
f 2780/903 2779/907 2767/601 2766/904 
f 2781/905 2780/903 2766/904 2765/592 
f 2780/903 2781/905 2774/595 2772/906 
f 2779/907 2780/903 2772/906 2773/598 
f 2782/903 2781/907 2765/601 2763/904 
f 2783/905 2782/903 2763/904 2764/592 
f 2782/903 2783/905 2776/595 2775/906 
f 2781/907 2782/903 2775/906 2774/598 
f 2784/903 2783/907 2764/601 2762/904 
f 2778/905 2784/903 2762/904 2761/592 
f 2784/903 2778/905 2770/595 2769/906 
f 2783/907 2784/903 2769/906 2776/598 
f 2785/903 2786/904 2787/592 2788/905 
f 2789/906 2785/903 2788/905 2790/595 
f 2785/903 2789/906 2791/598 2792/907 
f 2786/904 2785/903 2792/907 2793/601 
f 2794/903 2795/907 2796/601 2797/904 
f 2798/905 2794/903 2797/904 2799/592 
f 2794/903 2798/905 2800/595 2801/906 
f 2795/907 2794/903 2801/906 2802/598 
f 2803/903 2804/907 2787/601 2786/904 
f 2805/905 2803/903 2786/904 2793/592 
f 2803/903 2805/905 2799/595 2797/906 
f 2804/907 2803/903 2797/906 2796/598 
f 2806/903 2805/907 2793/601 2792/904 
f 2807/905 2806/903 2792/904 2791/592 
f 2806/903 2807/905 2800/595 2798/906 
f 2805/907 2806/903 2798/906 2799/598 
f 2808/903 2807/907 2791/601 2789/904 
f 2809/905 2808/903 2789/904 2790/592 
f 2808/903 2809/905 2802/595 2801/906 
f 2807/907 2808/903 2801/906 2800/598 
f 2810/903 2809/907 2790/601 2788/904 
f 2804/905 2810/903 2788/904 2787/592 
f 2810/903 2804/905 2796/595 2795/906 
f 2809/907 2810/903 2795/906 2802/598 
f 2811/903 2812/904 2813/592 2814/905 
f 2815/906 2811/903 2814/905 2816/595 
f 2811/903 2815/906 2817/598 2818/907 
f 2812/904 2811/903 2818/907 2819/601 
f 2820/903 2821/907 2822/601 2823/904 
f 2824/905 2820/903 2823/904 2825/592 
f 2820/903 2824/905 2826/595 2827/906 
f 2821/907 2820/903 2827/906 2828/598 
f 2829/903 2830/907 2813/601 2812/904 
f 2831/905 2829/903 2812/904 2819/592 
f 2829/903 2831/905 2825/595 2823/906 
f 2830/907 2829/903 2823/906 2822/598 
f 2832/903 2831/907 2819/601 2818/904 
f 2833/905 2832/903 2818/904 2817/592 
f 2832/903 2833/905 2826/595 2824/906 
f 2831/907 2832/903 2824/906 2825/598 
f 2834/903 2833/907 2817/601 2815/904 
f 2835/905 2834/903 2815/904 2816/592 
f 2834/903 2835/905 2828/595 2827/906 
f 2833/907 2834/903 2827/906 2826/598 
f 2836/903 2835/907 2816/601 2814/904 
f 2830/905 2836/903 2814/904 2813/592 
f 2836/903 2830/905 2822/595 2821/906 
f 2835/907 2836/903 2821/906 2828/598 
f 2837/903 2838/904 2839/592 2840/905 
f 2841/906 2837/903 2840/905 2842/595 
f 2837/903 2841/906 2843/598 2844/907 
f 2838/904 2837/903 2844/907 2845/601 
f 2846/903 2847/907 2848/601 2849/904 
f 2850/905 2846/903 2849/904 2851/592 
f 2846/903 2850/905 2852/595 2853/906 
f 2847/907 2846/903 2853/906 2854/598 
f 2855/903 2856/907 2839/601 2838/904 
f 2857/905 2855/903 2838/904 2845/592 
f 2855/903 2857/905 2851/595 2849/906 
f 2856/907 2855/903 2849/906 2848/598 
f 2858/903 2857/907 2845/601 2844/904 
f 2859/905 2858/903 2844/904 2843/592 
f 2858/903 2859/905 2852/595 2850/906 
f 2857/907 2858/903 2850/906 2851/598 
f 2860/903 2859/907 2843/601 2841/904 
f 2861/905 2860/903 2841/904 2842/592 
f 2860/903 2861/905 2854/595 2853/906 
f 2859/907 2860/903 2853/906 2852/598 
f 2862/903 2861/907 2842/601 2840/904 
f 2856/905 2862/903 2840/904 2839/592 
f 2862/903 2856/905 2848/595 2847/906 
f 2861/907 2862/903 2847/906 2854/598 
f 2863/903 2864/904 2865/592 2866/905 
f 2867/906 2863/903 2866/905 2868/595 
f 2863/903 2867/906 2869/598 2870/907 
f 2864/904 2863/903 2870/907 2871/601 
f 2872/903 2873/907 2874/601 2875/904 
f 2876/905 2872/903 2875/904 2877/592 
f 2872/903 2876/905 2878/595 2879/906 
f 2873/907 2872/903 2879/906 2880/598 
f 2881/903 2882/907 2865/601 2864/904 
f 2883/905 2881/903 2864/904 2871/592 
f 2881/903 2883/905 2877/595 2875/906 
f 2882/907 2881/903 2875/906 2874/598 
f 2884/903 2883/907 2871/601 2870/904 
f 2885/905 2884/903 2870/904 2869/592 
f 2884/903 2885/905 2878/595 2876/906 
f 2883/907 2884/903 2876/906 2877/598 
f 2886/903 2885/907 2869/601 2867/904 
f 2887/905 2886/903 2867/904 2868/592 
f 2886/903 2887/905 2880/595 2879/906 
f 2885/907 2886/903 2879/906 2878/598 
f 2888/903 2887/907 2868/601 2866/904 
f 2882/905 2888/903 2866/904 2865/592 
f 2888/903 2882/905 2874/595 2873/906 
f 2887/907 2888/903 2873/906 2880/598 
f 2889/903 2890/904 2891/592 2892/905 
f 2893/906 2889/903 2892/905 2894/595 
f 2889/903 2893/906 2895/598 2896/907 
f 2890/904 2889/903 2896/907 2897/601 
f 2898/903 2899/907 2900/601 2901/904 
f 2902/905 2898/903 2901/904 2903/592 
f 2898/903 2902/905 2904/595 2905/906 
f 2899/907 2898/903 2905/906 2906/598 
f 2907/903 2908/907 2891/601 2890/904 
f 2909/905 2907/903 2890/904 2897/592 
f 2907/903 2909/905 2903/595 2901/906 
f 2908/907 2907/903 2901/906 2900/598 
f 2910/903 2909/907 2897/601 2896/904 
f 2911/905 2910/903 2896/904 2895/592 
f 2910/903 2911/905 2904/595 2902/906 
f 2909/907 2910/903 2902/906 2903/598 
f 2912/903 2911/907 2895/601 2893/904 
f 2913/905 2912/903 2893/904 2894/592 
f 2912/903 2913/905 2906/595 2905/906 
f 2911/907 2912/903 2905/906 2904/598 
f 2914/903 2913/907 2894/601 2892/904 
f 2908/905 2914/903 2892/904 2891/592 
f 2914/903 2908/905 2900/595 2899/906 
f 2913/907 2914/903 2899/906 2906/598 
usemtl Base
f 2915/903 2916/904 2917/592 2918/905 
f 2919/906 2915/903 2918/905 2920/595 
f 2915/903 2919/906 2921/598 2922/907 
f 2916/904 2915/903 2922/907 2923/601 
f 2924/903 2925/907 2926/601 2927/904 
f 2928/905 2924/903 2927/904 2929/592 
f 2924/903 2928/905 2930/595 2931/906 
f 2925/907 2924/903 2931/906 2932/598 
f 2933/903 2934/907 2917/601 2916/904 
f 2935/905 2933/903 2916/904 2923/592 
f 2933/903 2935/905 2929/595 2927/906 
f 2934/907 2933/903 2927/906 2926/598 
f 2936/903 2935/907 2923/601 2922/904 
f 2937/905 2936/903 2922/904 2921/592 
f 2936/903 2937/905 2930/595 2928/906 
f 2935/907 2936/903 2928/906 2929/598 
f 2938/903 2937/907 2921/601 2919/904 
f 2939/905 2938/903 2919/904 2920/592 
f 2938/903 2939/905 2932/595 2931/906 
f 2937/907 2938/903 2931/906 2930/598 
f 2940/903 2939/907 2920/601 2918/904 
f 2934/905 2940/903 2918/904 2917/592 
f 2940/903 2934/905 2926/595 2925/906 
f 2939/907 2940/903 2925/906 2932/598 
f 2941/903 2942/904 2943/592 2944/905 
f 2945/906 2941/903 2944/905 2946/595 
f 2941/903 2945/906 2947/598 2948/907 
f 2942/904 2941/903 2948/907 2949/601 
f 2950/903 2951/907 2952/601 2953/904 
f 2954/905 2950/903 2953/904 2955/592 
f 2950/903 2954/905 2956/595 2957/906 
f 2951/907 2950/903 2957/906 2958/598 
f 2959/903 2960/907 2943/601 2942/904 
f 2961/905 2959/903 2942/904 2949/592 
f 2959/903 2961/905 2955/595 2953/906 
f 2960/907 2959/903 2953/906 2952/598 
f 2962/903 2961/907 2949/601 2948/904 
f 2963/905 2962/903 2948/904 2947/592 
f 2962/903 2963/905 2956/595 2954/906 
f 2961/907 2962/903 2954/906 2955/598 
f 2964/903 2963/907 2947/601 2945/904 
f 2965/905 2964/903 2945/904 2946/592 
f 2964/903 2965/905 2958/595 2957/906 
f 2963/907 2964/903 2957/906 2956/598 
f 2966/903 2965/907 2946/601 2944/904 
f 2960/905 2966/903 2944/904 2943/592 
f 2966/903 2960/905 2952/595 2951/906 
f 2965/907 2966/903 2951/906 2958/598 
f 2967/903 2968/904 2969/592 2970/905 
f 2971/906 2967/903 2970/905 2972/595 
f 2967/903 2971/906 2973/598 2974/907 
f 2968/904 2967/903 2974/907 2975/601 
f 2976/903 2977/907 2978/601 2979/904 
f 2980/905 2976/903 2979/904 2981/592 
f 2976/903 2980/905 2982/595 2983/906 
f 2977/907 2976/903 2983/906 2984/598 
f 2985/903 2986/907 2969/601 2968/904 
f 2987/905 2985/903 2968/904 2975/592 
f 2985/903 2987/905 2981/595 2979/906 
f 2986/907 2985/903 2979/906 2978/598 
f 2988/903 2987/907 2975/601 2974/904 
f 2989/905 2988/903 2974/904 2973/592 
f 2988/903 2989/905 2982/595 2980/906 
f 2987/907 2988/903 2980/906 2981/598 
f 2990/903 2989/907 2973/601 2971/904 
f 2991/905 2990/903 2971/904 2972/592 
f 2990/903 2991/905 2984/595 2983/906 
f 2989/907 2990/903 2983/906 2982/598 
f 2992/903 2991/907 2972/601 2970/904 
f 2986/905 2992/903 2970/904 2969/592 
f 2992/903 2986/905 2978/595 2977/906 
f 2991/907 2992/903 2977/906 2984/598 
f 2993/903 2994/904 2995/592 2996/905 
f 2997/906 2993/903 2996/905 2998/595 
f 2993/903 2997/906 2999/598 3000/907 
f 2994/904 2993/903 3000/907 3001/601 
f 3002/903 3003/907 3004/601 3005/904 
f 3006/905 3002/903 3005/904 3007/592 
f 3002/903 3006/905 3008/595 3009/906 
f 3003/907 3002/903 3009/906 3010/598 
f 3011/903 3012/907 2995/601 2994/904 
f 3013/905 3011/903 2994/904 3001/592 
f 3011/903 3013/905 3007/595 3005/906 
f 3012/907 3011/903 3005/906 3004/598 
f 3014/903 3013/907 3001/601 3000/904 
f 3015/905 3014/903 3000/904 2999/592 
f 3014/903 3015/905 3008/595 3006/906 
f 3013/907 3014/903 3006/906 3007/598 
f 3016/903 3015/907 2999/601 2997/904 
f 3017/905 3016/903 2997/904 2998/592 
f 3016/903 3017/905 3010/595 3009/906 
f 3015/907 3016/903 3009/906 3008/598 
f 3018/903 3017/907 2998/601 2996/904 
f 3012/905 3018/903 2996/904 2995/592 
f 3018/903 3012/905 3004/595 3003/906 
f 3017/907 3018/903 3003/906 3010/598 
f 3019/903 3020/904 3021/592 3022/905 
f 3023/906 3019/903 3022/905 3024/595 
f 3019/903 3023/906 3025/598 3026/907 
f 3020/904 3019/903 3026/907 3027/601 
f 3028/903 3029/907 3030/601 3031/904 
f 3032/905 3028/903 3031/904 3033/592 
f 3028/903 3032/905 3034/595 3035/906 
f 3029/907 3028/903 3035/906 3036/598 
f 3037/903 3038/907 3021/601 3020/904 
f 3039/905 3037/903 3020/904 3027/592 
f 3037/903 3039/905 3033/595 3031/906 
f 3038/907 3037/903 3031/906 3030/598 
f 3040/903 3039/907 3027/601 3026/904 
f 3041/905 3040/903 3026/904 3025/592 
f 3040/903 3041/905 3034/595 3032/906 
f 3039/907 3040/903 3032/906 3033/598 
f 3042/903 3041/907 3025/601 3023/904 
f 3043/905 3042/903 3023/904 3024/592 
f 3042/903 3043/905 3036/595 3035/906 
f 3041/907 3042/903 3035/906 3034/598 
f 3044/903 3043/907 3024/601 3022/904 
f 3038/905 3044/903 3022/904 3021/592 
f 3044/903 3038/905 3030/595 3029/906 
f 3043/907 3044/903 3029/906 3036/598 
f 3045/903 3046/904 3047/592 3048/905 
f 3049/906 3045/903 3048/905 3050/595 
f 3045/903 3049/906 3051/598 3052/907 
f 3046/904 3045/903 3052/907 3053/601 
f 3054/903 3055/907 3056/601 3057/904 
f 3058/905 3054/903 3057/904 3059/592 
f 3054/903 3058/905 3060/595 3061/906 
f 3055/907 3054/903 3061/906 3062/598 
f 3063/903 3064/907 3047/601 3046/904 
f 3065/905 3063/903 3046/904 3053/592 
f 3063/903 3065/905 3059/595 3057/906 
f 3064/907 3063/903 3057/906 3056/598 
f 3066/903 3065/907 3053/601 3052/904 
f 3067/905 3066/903 3052/904 3051/592 
f 3066/903 3067/905 3060/595 3058/906 
f 3065/907 3066/903 3058/906 3059/598 
f 3068/903 3067/907 3051/601 3049/904 
f 3069/905 3068/903 3049/904 3050/592 
f 3068/903 3069/905 3062/595 3061/906 
f 3067/907 3068/903 3061/906 3060/598 
f 3070/903 3069/907 3050/601 3048/904 
f 3064/905 3070/903 3048/904 3047/592 
f 3070/903 3064/905 3056/595 3055/906 
f 3069/907 3070/903 3055/906 3062/598 
f 3071/903 3072/904 3073/592 3074/905 
f 3075/906 3071/903 3074/905 3076/595 
f 3071/903 3075/906 3077/598 3078/907 
f 3072/904 3071/903 3078/907 3079/601 
f 3080/903 3081/907 3082/601 3083/904 
f 3084/905 3080/903 3083/904 3085/592 
f 3080/903 3084/905 3086/595 3087/906 
f 3081/907 3080/903 3087/906 3088/598 
f 3089/903 3090/907 3073/601 3072/904 
f 3091/905 3089/903 3072/904 3079/592 
f 3089/903 3091/905 3085/595 3083/906 
f 3090/907 3089/903 3083/906 3082/598 
f 3092/903 3091/907 3079/601 3078/904 
f 3093/905 3092/903 3078/904 3077/592 
f 3092/903 3093/905 3086/595 3084/906 
f 3091/907 3092/903 3084/906 3085/598 
f 3094/903 3093/907 3077/601 3075/904 
f 3095/905 3094/903 3075/904 3076/592 
f 3094/903 3095/905 3088/595 3087/906 
f 3093/907 3094/903 3087/906 3086/598 
f 3096/903 3095/907 3076/601 3074/904 
f 3090/905 3096/903 3074/904 3073/592 
f 3096/903 3090/905 3082/595 3081/906 
f 3095/907 3096/903 3081/906 3088/598 
f 3097/903 3098/904 3099/592 3100/905 
f 3101/906 3097/903 3100/905 3102/595 
f 3097/903 3101/906 3103/598 3104/907 
f 3098/904 3097/903 3104/907 3105/601 
f 3106/903 3107/907 3108/601 3109/904 
f 3110/905 3106/903 3109/904 3111/592 
f 3106/903 3110/905 3112/595 3113/906 
f 3107/907 3106/903 3113/906 3114/598 
f 3115/903 3116/907 3099/601 3098/904 
f 3117/905 3115/903 3098/904 3105/592 
f 3115/903 3117/905 3111/595 3109/906 
f 3116/907 3115/903 3109/906 3108/598 
f 3118/903 3117/907 3105/601 3104/904 
f 3119/905 3118/903 3104/904 3103/592 
f 3118/903 3119/905 3112/595 3110/906 
f 3117/907 3118/903 3110/906 3111/598 
f 3120/903 3119/907 3103/601 3101/904 
f 3121/905 3120/903 3101/904 3102/592 
f 3120/903 3121/905 3114/595 3113/906 
f 3119/907 3120/903 3113/906 3112/598 
f 3122/903 3121/907 3102/601 3100/904 
f 3116/905 3122/903 3100/904 3099/592 
f 3122/903 3116/905 3108/595 3107/906 
f 3121/907 3122/903 3107/906 3114/598 
f 3123/903 3124/904 3125/592 3126/905 
f 3127/906 3123/903 3126/905 3128/595 
f 3123/903 3127/906 3129/598 3130/907 
f 3124/904 3123/903 3130/907 3131/601 
f 3132/903 3133/907 3134/601 3135/904 
f 3136/905 3132/903 3135/904 3137/592 
f 3132/903 3136/905 3138/595 3139/906 
f 3133/907 3132/903 3139/906 3140/598 
f 3141/903 3142/907 3125/601 3124/904 
f 3143/905 3141/903 3124/904 3131/592 
f 3141/903 3143/905 3137/595 3135/906 
f 3142/907 3141/903 3135/906 3134/598 
f 3144/903 3143/907 3131/601 3130/904 
f 3145/905 3144/903 3130/904 3129/592 
f 3144/903 3145/905 3138/595 3136/906 
f 3143/907 3144/903 3136/906 3137/598 
f 3146/903 3145/907 3129/601 3127/904 
f 3147/905 3146/903 3127/904 3128/592 
f 3146/903 3147/905 3140/595 3139/906 
f 3145/907 3146/903 3139/906 3138/598 
f 3148/903 3147/907 3128/601 3126/904 
f 3142/905 3148/903 3126/904 3125/592 
f 3148/903 3142/905 3134/595 3133/906 
f 3147/907 3148/903 3133/906 3140/598 
f 3149/903 3150/904 3151/592 3152/905 
f 3153/906 3149/903 3152/905 3154/595 
f 3149/903 3153/906 3155/598 3156/907 
f 3150/904 3149/903 3156/907 3157/601 
f 3158/903 3159/907 3160/601 3161/904 
f 3162/905 3158/903 3161/904 3163/592 
f 3158/903 3162/905 3164/595 3165/906 
f 3159/907 3158/903 3165/906 3166/598 
f 3167/903 3168/907 3151/601 3150/904 
f 3169/905 3167/903 3150/904 3157/592 
f 3167/903 3169/905 3163/595 3161/906 
f 3168/907 3167/903 3161/906 3160/598 
f 3170/903 3169/907 3157/601 3156/904 
f 3171/905 3170/903 3156/904 3155/592 
f 3170/903 3171/905 3164/595 3162/906 
f 3169/907 3170/903 3162/906 3163/598 
f 3172/903 3171/907 3155/601 3153/904 
f 3173/905 3172/903 3153/904 3154/592 
f 3172/903 3173/905 3166/595 3165/906 
f 3171/907 3172/903 3165/906 3164/598 
f 3174/903 3173/907 3154/601 3152/904 
f 3168/905 3174/903 3152/904 3151/592 
f 3174/903 3168/905 3160/595 3159/906 
f 3173/907 3174/903 3159/906 3166/598 
f 3175/903 3176/904 3177/592 3178/905 
f 3179/906 3175/903 3178/905 3180/595 
f 3175/903 3179/906 3181/598 3182/907 
f 3176/904 3175/903 3182/907 3183/601 
f 3184/903 3185/907 3186/601 3187/904 
f 3188/905 3184/903 3187/904 3189/592 
f 3184/903 3188/905 3190/595 3191/906 
f 3185/907 3184/903 3191/906 3192/598 
f 3193/903 3194/907 3177/601 3176/904 
f 3195/905 3193/903 3176/904 3183/592 
f 3193/903 3195/905 3189/595 3187/906 
f 3194/907 3193/903 3187/906 3186/598 
f 3196/903 3195/907 3183/601 3182/904 
f 3197/905 3196/903 3182/904 3181/592 
f 3196/903 3197/905 3190/595 3188/906 
f 3195/907 3196/903 3188/906 3189/598 
f 3198/903 3197/907 3181/601 3179/904 
f 3199/905 3198/903 3179/904 3180/592 
f 3198/903 3199/905 3192/595 3191/906 
f 3197/907 3198/903 3191/906 3190/598 
f 3200/903 3199/907 3180/601 3178/904 
f 3194/905 3200/903 3178/904 3177/592 
f 3200/903 3194/905 3186/595 3185/906 
f 3199/907 3200/903 3185/906 3192/598 
f 3201/903 3202/904 3203/592 3204/905 
f 3205/906 3201/903 3204/905 3206/595 
f 3201/903 3205/906 3207/598 3208/907 
f 3202/904 3201/903 3208/907 3209/601 
f 3210/903 3211/907 3212/601 3213/904 
f 3214/905 3210/903 3213/904 3215/592 
f 3210/903 3214/905 3216/595 3217/906 
f 3211/907 3210/903 3217/906 3218/598 
f 3219/903 3220/907 3203/601 3202/904 
f 3221/905 3219/903 3202/904 3209/592 
f 3219/903 3221/905 3215/595 3213/906 
f 3220/907 3219/903 3213/906 3212/598 
f 3222/903 3221/907 3209/601 3208/904 
f 3223/905 3222/903 3208/904 3207/592 
f 3222/903 3223/905 3216/595 3214/906 
f 3221/907 3222/903 3214/906 3215/598 
f 3224/903 3223/907 3207/601 3205/904 
f 3225/905 3224/903 3205/904 3206/592 
f 3224/903 3225/905 3218/595 3217/906 
f 3223/907 3224/903 3217/906 3216/598 
f 3226/903 3225/907 3206/601 3204/904 
f 3220/905 3226/903 3204/904 3203/592 
f 3226/903 3220/905 3212/595 3211/906 
f 3225/907 3226/903 3211/906 3218/598 
f 3227/903 3228/904 3229/592 3230/905 
f 3231/906 3227/903 3230/905 3232/595 
f 3227/903 3231/906 3233/598 3234/907 
f 3228/904 3227/903 3234/907 3235/601 
f 3236/903 3237/907 3238/601 3239/904 
f 3240/905 3236/903 3239/904 3241/592 
f 3236/903 3240/905 3242/595 3243/906 
f 3237/907 3236/903 3243/906 3244/598 
f 3245/903 3246/907 3229/601 3228/904 
f 3247/905 3245/903 3228/904 3235/592 
f 3245/903 3247/905 3241/595 3239/906 
f 3246/907 3245/903 3239/906 3238/598 
f 3248/903 3247/907 3235/601 3234/904 
f 3249/905 3248/903 3234/904 3233/592 
f 3248/903 3249/905 3242/595 3240/906 
f 3247/907 3248/903 3240/906 3241/598 
f 3250/903 3249/907 3233/601 3231/904 
f 3251/905 3250/903 3231/904 3232/592 
f 3250/903 3251/905 3244/595 3243/906 
f 3249/907 3250/903 3243/906 3242/598 
f 3252/903 3251/907 3232/601 3230/904 
f 3246/905 3252/903 3230/904 3229/592 
f 3252/903 3246/905 3238/595 3237/906 
f 3251/907 3252/903 3237/906 3244/598 
f 3253/903 3254/904 3255/592 3256/905 
f 3257/906 3253/903 3256/905 3258/595 
f 3253/903 3257/906 3259/598 3260/907 
f 3254/904 3253/903 3260/907 3261/601 
f 3262/903 3263/907 3264/601 3265/904 
f 3266/905 3262/903 3265/904 3267/592 
f 3262/903 3266/905 3268/595 3269/906 
f 3263/907 3262/903 3269/906 3270/598 
f 3271/903 3272/907 3255/601 3254/904 
f 3273/905 3271/903 3254/904 3261/592 
f 3271/903 3273/905 3267/595 3265/906 
f 3272/907 3271/903 3265/906 3264/598 
f 3274/903 3273/907 3261/601 3260/904 
f 3275/905 3274/903 3260/904 3259/592 
f 3274/903 3275/905 3268/595 3266/906 
f 3273/907 3274/903 3266/906 3267/598 
f 3276/903 3275/907 3259/601 3257/904 
f 3277/905 3276/903 3257/904 3258/592 
f 3276/903 3277/905 3270/595 3269/906 
f 3275/907 3276/903 3269/906 3268/598 
f 3278/903 3277/907 3258/601 3256/904 
f 3272/905 3278/903 3256/904 3255/592 
f 3278/903 3272/905 3264/595 3263/906 
f 3277/907 3278/903 3263/906 3270/598 
f 3279/903 3280/904 3281/592 3282/905 
f 3283/906 3279/903 3282/905 3284/595 
f 3279/903 3283/906 3285/598 3286/907 
f 3280/904 3279/903 3286/907 3287/601 
f 3288/903 3289/907 3290/601 3291/904 
f 3292/905 3288/903 3291/904 3293/592 
f 3288/903 3292/905 3294/595 3295/906 
f 3289/907 3288/903 3295/906 3296/598 
f 3297/903 3298/907 3281/601 3280/904 
f 3299/905 3297/903 3280/904 3287/592 
f 3297/903 3299/905 3293/595 3291/906 
f 3298/907 3297/903 3291/906 3290/598 
f 3300/903 3299/907 3287/601 3286/904 
f 3301/905 3300/903 3286/904 3285/592 
f 3300/903 3301/905 3294/595 3292/906 
f 3299/907 3300/903 3292/906 3293/598 
f 3302/903 3301/907 3285/601 3283/904 
f 3303/905 3302/903 3283/904 3284/592 
f 3302/903 3303/905 3296/595 3295/906 
f 3301/907 3302/903 3295/906 3294/598 
f 3304/903 3303/907 3284/601 3282/904 
f 3298/905 3304/903 3282/904 3281/592 
f 3304/903 3298/905 3290/595 3289/906 
f 3303/907 3304/903 3289/906 3296/598 
f 3305/903 3306/904 3307/592 3308/905 
f 3309/906 3305/903 3308/905 3310/595 
f 3305/903 3309/906 3311/598 3312/907 
f 3306/904 3305/903 3312/907 3313/601 
f 3314/903 3315/907 3316/601 3317/904 
f 3318/905 3314/903 3317/904 3319/592 
f 3314/903 3318/905 3320/595 3321/906 
f 3315/907 3314/903 3321/906 3322/598 
f 3323/903 3324/907 3307/601 3306/904 
f 3325/905 3323/903 3306/904 3313/592 
f 3323/903 3325/905 3319/595 3317/906 
f 3324/907 3323/903 3317/906 3316/598 
f 3326/903 3325/907 3313/601 3312/904 
f 3327/905 3326/903 3312/904 3311/592 
f 3326/903 3327/905 3320/595 3318/906 
f 3325/907 3326/903 3318/906 3319/598 
f 3328/903 3327/907 3311/601 3309/904 
f 3329/905 3328/903 3309/904 3310/592 
f 3328/903 3329/905 3322/595 3321/906 
f 3327/907 3328/903 3321/906 3320/598 
f 3330/903 3329/907 3310/601 3308/904 
f 3324/905 3330/903 3308/904 3307/592 
f 3330/903 3324/905 3316/595 3315/906 
f 3329/907 3330/903 3315/906 3322/598 
f 3331/903 3332/904 3333/592 3334/905 
f 3335/906 3331/903 3334/905 3336/595 
f 3331/903 3335/906 3337/598 3338/907 
f 3332/904 3331/903 3338/907 3339/601 
f 3340/903 3341/907 3342/601 3343/904 
f 3344/905 3340/903 3343/904 3345/592 
f 3340/903 3344/905 3346/595 3347/906 
f 3341/907 3340/903 3347/906 3348/598 
f 3349/903 3350/907 3333/601 3332/904 
f 3351/905 3349/903 3332/904 3339/592 
f 3349/903 3351/905 3345/595 3343/906 
f 3350/907 3349/903 3343/906 3342/598 
f 3352/903 3351/907 3339/601 3338/904 
f 3353/905 3352/903 3338/904 3337/592 
f 3352/903 3353/905 3346/595 3344/906 
f 3351/907 3352/903 3344/906 3345/598 
f 3354/903 3353/907 3337/601 3335/904 
f 3355/905 3354/903 3335/904 3336/592 
f 3354/903 3355/905 3348/595 3347/906 
f 3353/907 3354/903 3347/906 3346/598 
f 3356/903 3355/907 3336/601 3334/904 
f 3350/905 3356/903 3334/904 3333/592 
f 3356/903 3350/905 3342/595 3341/906 
f 3355/907 3356/903 3341/906 3348/598 
f 3357/903 3358/904 3359/592 3360/905 
f 3361/906 3357/903 3360/905 3362/595 
f 3357/903 3361/906 3363/598 3364/907 
f 3358/904 3357/903 3364/907 3365/601 
f 3366/903 3367/907 3368/601 3369/904 
f 3370/905 3366/903 3369/904 3371/592 
f 3366/903 3370/905 3372/595 3373/906 
f 3367/907 3366/903 3373/906 3374/598 
f 3375/903 3376/907 3359/601 3358/904 
f 3377/905 3375/903 3358/904 3365/592 
f 3375/903 3377/905 3371/595 3369/906 
f 3376/907 3375/903 3369/906 3368/598 
f 3378/903 3377/907 3365/601 3364/904 
f 3379/905 3378/903 3364/904 3363/592 
f 3378/903 3379/905 3372/595 3370/906 
f 3377/907 3378/903 3370/906 3371/598 
f 3380/903 3379/907 3363/601 3361/904 
f 3381/905 3380/903 3361/904 3362/592 
f 3380/903 3381/905 3374/595 3373/906 
f 3379/907 3380/903 3373/906 3372/598 
f 3382/903 3381/907 3362/601 3360/904 
f 3376/905 3382/903 3360/904 3359/592 
f 3382/903 3376/905 3368/595 3367/906 
f 3381/907 3382/903 3367/906 3374/598 
f 3383/903 3384/904 3385/592 3386/905 
f 3387/906 3383/903 3386/905 3388/595 
f 3383/903 3387/906 3389/598 3390/907 
f 3384/904 3383/903 3390/907 3391/601 
f 3392/903 3393/907 3394/601 3395/904 
f 3396/905 3392/903 3395/904 3397/592 
f 3392/903 3396/905 3398/595 3399/906 
f 3393/907 3392/903 3399/906 3400/598 
f 3401/903 3402/907 3385/601 3384/904 
f 3403/905 3401/903 3384/904 3391/592 
f 3401/903 3403/905 3397/595 3395/906 
f 3402/907 3401/903 3395/906 3394/598 
f 3404/903 3403/907 3391/601 3390/904 
f 3405/905 3404/903 3390/904 3389/592 
f 3404/903 3405/905 3398/595 3396/906 
f 3403/907 3404/903 3396/906 3397/598 
f 3406/903 3405/907 3389/601 3387/904 
f 3407/905 3406/903 3387/904 3388/592 
f 3406/903 3407/905 3400/595 3399/906 
f 3405/907 3406/903 3399/906 3398/598 
f 3408/903 3407/907 3388/601 3386/904 
f 3402/905 3408/903 3386/904 3385/592 
f 3408/903 3402/905 3394/595 3393/906 
f 3407/907 3408/903 3393/906 3400/598 
f 3409/903 3410/904 3411/592 3412/905 
f 3413/906 3409/903 3412/905 3414/595 
f 3409/903 3413/906 3415/598 3416/907 
f 3410/904 3409/903 3416/907 3417/601 
f 3418/903 3419/907 3420/601 3421/904 
f 3422/905 3418/903 3421/904 3423/592 
f 3418/903 3422/905 3424/595 3425/906 
f 3419/907 3418/903 3425/906 3426/598 
f 3427/903 3428/907 3411/601 3410/904 
f 3429/905 3427/903 3410/904 3417/592 
f 3427/903 3429/905 3423/595 3421/906 
f 3428/907 3427/903 3421/906 3420/598 
f 3430/903 3429/907 3417/601 3416/904 
f 3431/905 3430/903 3416/904 3415/592 
f 3430/903 3431/905 3424/595 3422/906 
f 3429/907 3430/903 3422/906 3423/598 
f 3432/903 3431/907 3415/601 3413/904 
f 3433/905 3432/903 3413/904 3414/592 
f 3432/903 3433/905 3426/595 3425/906 
f 3431/907 3432/903 3425/906 3424/598 
f 3434/903 3433/907 3414/601 3412/904 
f 3428/905 3434/903 3412/904 3411/592 
f 3434/903 3428/905 3420/595 3419/906 
f 3433/907 3434/903 3419/906 3426/598 
f 3435/903 3436/904 3437/592 3438/905 
f 3439/906 3435/903 3438/905 3440/595 
f 3435/903 3439/906 3441/598 3442/907 
f 3436/904 3435/903 3442/907 3443/601 
f 3444/903 3445/907 3446/601 3447/904 
f 3448/905 3444/903 3447/904 3449/592 
f 3444/903 3448/905 3450/595 3451/906 
f 3445/907 3444/903 3451/906 3452/598 
f 3453/903 3454/907 3437/601 3436/904 
f 3455/905 3453/903 3436/904 3443/592 
f 3453/903 3455/905 3449/595 3447/906 
f 3454/907 3453/903 3447/906 3446/598 
f 3456/903 3455/907 3443/601 3442/904 
f 3457/905 3456/903 3442/904 3441/592 
f 3456/903 3457/905 3450/595 3448/906 
f 3455/907 3456/903 3448/906 3449/598 
f 3458/903 3457/907 3441/601 3439/904 
f 3459/905 3458/903 3439/904 3440/592 
f 3458/903 3459/905 3452/595 3451/906 
f 3457/907 3458/903 3451/906 3450/598 
f 3460/903 3459/907 3440/601 3438/904 
f 3454/905 3460/903 3438/904 3437/592 
f 3460/903 3454/905 3446/595 3445/906 
f 3459/907 3460/903 3445/906 3452/598 
f 3461/903 3462/904 3463/592 3464/905 
f 3465/906 3461/903 3464/905 3466/595 
f 3461/903 3465/906 3467/598 3468/907 
f 3462/904 3461/903 3468/907 3469/601 
f 3470/903 3471/907 3472/601 3473/904 
f 3474/905 3470/903 3473/904 3475/592 
f 3470/903 3474/905 3476/595 3477/906 
f 3471/907 3470/903 3477/906 3478/598 
f 3479/903 3480/907 3463/601 3462/904 
f 3481/905 3479/903 3462/904 3469/592 
f 3479/903 3481/905 3475/595 3473/906 
f 3480/907 3479/903 3473/906 3472/598 
f 3482/903 3481/907 3469/601 3468/904 
f 3483/905 3482/903 3468/904 3467/592 
f 3482/903 3483/905 3476/595 3474/906 
f 3481/907 3482/903 3474/906 3475/598 
f 3484/903 3483/907 3467/601 3465/904 
f 3485/905 3484/903 3465/904 3466/592 
f 3484/903 3485/905 3478/595 3477/906 
f 3483/907 3484/903 3477/906 3476/598 
f 3486/903 3485/907 3466/601 3464/904 
f 3480/905 3486/903 3464/904 3463/592 
f 3486/903 3480/905 3472/595 3471/906 
f 3485/907 3486/903 3471/906 3478/598 
f 3487/903 3488/904 3489/592 3490/905 
f 3491/906 3487/903 3490/905 3492/595 
f 3487/903 3491/906 3493/598 3494/907 
f 3488/904 3487/903 3494/907 3495/601 
f 3496/903 3497/907 3498/601 3499/904 
f 3500/905 3496/903 3499/904 3501/592 
f 3496/903 3500/905 3502/595 3503/906 
f 3497/907 3496/903 3503/906 3504/598 
f 3505/903 3506/907 3489/601 3488/904 
f 3507/905 3505/903 3488/904 3495/592 
f 3505/903 3507/905 3501/595 3499/906 
f 3506/907 3505/903 3499/906 3498/598 
f 3508/903 3507/907 3495/601 3494/904 
f 3509/905 3508/903 3494/904 3493/592 
f 3508/903 3509/905 3502/595 3500/906 
f 3507/907 3508/903 3500/906 3501/598 
f 3510/903 3509/907 3493/601 3491/904 
f 3511/905 3510/903 3491/904 3492/592 
f 3510/903 3511/905 3504/595 3503/906 
f 3509/907 3510/903 3503/906 3502/598 
f 3512/903 3511/907 3492/601 3490/904 
f 3506/905 3512/903 3490/904 3489/592 
f 3512/903 3506/905 3498/595 3497/906 
f 3511/907 3512/903 3497/906 3504/598 
f 3513/903 3514/904 3515/592 3516/905 
f 3517/906 3513/903 3516/905 3518/595 
f 3513/903 3517/906 3519/598 3520/907 
f 3514/904 3513/903 3520/907 3521/601 
f 3522/903 3523/907 3524/601 3525/904 
f 3526/905 3522/903 3525/904 3527/592 
f 3522/903 3526/905 3528/595 3529/906 
f 3523/907 3522/903 3529/906 3530/598 
f 3531/903 3532/907 3515/601 3514/904 
f 3533/905 3531/903 3514/904 3521/592 
f 3531/903 3533/905 3527/595 3525/906 
f 3532/907 3531/903 3525/906 3524/598 
f 3534/903 3533/907 3521/601 3520/904 
f 3535/905 3534/903 3520/904 3519/592 
f 3534/903 3535/905 3528/595 3526/906 
f 3533/907 3534/903 3526/906 3527/598 
f 3536/903 3535/907 3519/601 3517/904 
f 3537/905 3536/903 3517/904 3518/592 
f 3536/903 3537/905 3530/595 3529/906 
f 3535/907 3536/903 3529/906 3528/598 
f 3538/903 3537/907 3518/601 3516/904 
f 3532/905 3538/903 3516/904 3515/592 
f 3538/903 3532/905 3524/595 3523/906 
f 3537/907 3538/903 3523/906 3530/598 
f 3539/903 3540/904 3541/592 3542/905 
f 3543/906 3539/903 3542/905 3544/595 
f 3539/903 3543/906 3545/598 3546/907 
f 3540/904 3539/903 3546/907 3547/601 
f 3548/903 3549/907 3550/601 3551/904 
f 3552/905 3548/903 3551/904 3553/592 
f 3548/903 3552/905 3554/595 3555/906 
f 3549/907 3548/903 3555/906 3556/598 
f 3557/903 3558/907 3541/601 3540/904 
f 3559/905 3557/903 3540/904 3547/592 
f 3557/903 3559/905 3553/595 3551/906 
f 3558/907 3557/903 3551/906 3550/598 
f 3560/903 3559/907 3547/601 3546/904 
f 3561/905 3560/903 3546/904 3545/592 
f 3560/903 3561/905 3554/595 3552/906 
f 3559/907 3560/903 3552/906 3553/598 
f 3562/903 3561/907 3545/601 3543/904 
f 3563/905 3562/903 3543/904 3544/592 
f 3562/903 3563/905 3556/595 3555/906 
f 3561/907 3562/903 3555/906 3554/598 
f 3564/903 3563/907 3544/601 3542/904 
f 3558/905 3564/903 3542/904 3541/592 
f 3564/903 3558/905 3550/595 3549/906 
f 3563/907 3564/903 3549/906 3556/598 
f 3565/903 3566/904 3567/592 3568/905 
f 3569/906 3565/903 3568/905 3570/595 
f 3565/903 3569/906 3571/598 3572/907 
f 3566/904 3565/903 3572/907 3573/601 
f 3574/903 3575/907 3576/601 3577/904 
f 3578/905 3574/903 3577/904 3579/592 
f 3574/903 3578/905 3580/595 3581/906 
f 3575/907 3574/903 3581/906 3582/598 
f 3583/903 3584/907 3567/601 3566/904 
f 3585/905 3583/903 3566/904 3573/592 
f 3583/903 3585/905 3579/595 3577/906 
f 3584/907 3583/903 3577/906 3576/598 
f 3586/903 3585/907 3573/601 3572/904 
f 3587/905 3586/903 3572/904 3571/592 
f 3586/903 3587/905 3580/595 3578/906 
f 3585/907 3586/903 3578/906 3579/598 
f 3588/903 3587/907 3571/601 3569/904 
f 3589/905 3588/903 3569/904 3570/592 
f 3588/903 3589/905 3582/595 3581/906 
f 3587/907 3588/903 3581/906 3580/598 
f 3590/903 3589/907 3570/601 3568/904 
f 3584/905 3590/903 3568/904 3567/592 
f 3590/903 3584/905 3576/595 3575/906 
f 3589/907 3590/903 3575/906 3582/598 
f 3591/903 3592/904 3593/592 3594/905 
f 3595/906 3591/903 3594/905 3596/595 
f 3591/903 3595/906 3597/598 3598/907 
f 3592/904 3591/903 3598/907 3599/601 
f 3600/903 3601/907 3602/601 3603/904 
f 3604/905 3600/903 3603/904 3605/592 
f 3600/903 3604/905 3606/595 3607/906 
f 3601/907 3600/903 3607/906 3608/598 
f 3609/903 3610/907 3593/601 3592/904 
f 3611/905 3609/903 3592/904 3599/592 
f 3609/903 3611/905 3605/595 3603/906 
f 3610/907 3609/903 3603/906 3602/598 
f 3612/903 3611/907 3599/601 3598/904 
f 3613/905 3612/903 3598/904 3597/592 
f 3612/903 3613/905 3606/595 3604/906 
f 3611/907 3612/903 3604/906 3605/598 
f 3614/903 3613/907 3597/601 3595/904 
f 3615/905 3614/903 3595/904 3596/592 
f 3614/903 3615/905 3608/595 3607/906 
f 3613/907 3614/903 3607/906 3606/598 
f 3616/903 3615/907 3596/601 3594/904 
f 3610/905 3616/903 3594/904 3593/592 
f 3616/903 3610/905 3602/595 3601/906 
f 3615/907 3616/903 3601/906 3608/598 
f 3617/903 3618/904 3619/592 3620/905 
f 3621/906 3617/903 3620/905 3622/595 
f 3617/903 3621/906 3623/598 3624/907 
f 3618/904 3617/903 3624/907 3625/601 
f 3626/903 3627/907 3628/601 3629/904 
f 3630/905 3626/903 3629/904 3631/592 
f 3626/903 3630/905 3632/595 3633/906 
f 3627/907 3626/903 3633/906 3634/598 
f 3635/903 3636/907 3619/601 3618/904 
f 3637/905 3635/903 3618/904 3625/592 
f 3635/903 3637/905 3631/595 3629/906 
f 3636/907 3635/903 3629/906 3628/598 
f 3638/903 3637/907 3625/601 3624/904 
f 3639/905 3638/903 3624/904 3623/592 
f 3638/903 3639/905 3632/595 3630/906 
f 3637/907 3638/903 3630/906 3631/598 
f 3640/903 3639/907 3623/601 3621/904 
f 3641/905 3640/903 3621/904 3622/592 
f 3640/903 3641/905 3634/595 3633/906 
f 3639/907 3640/903 3633/906 3632/598 
f 3642/903 3641/907 3622/601 3620/904 
f 3636/905 3642/903 3620/904 3619/592 
f 3642/903 3636/905 3628/595 3627/906 
f 3641/907 3642/903 3627/906 3634/598 
f 3643/903 3644/904 3645/592 3646/905 
f 3647/906 3643/903 3646/905 3648/595 
f 3643/903 3647/906 3649/598 3650/907 
f 3644/904 3643/903 3650/907 3651/601 
f 3652/903 3653/907 3654/601 3655/904 
f 3656/905 3652/903 3655/904 3657/592 
f 3652/903 3656/905 3658/595 3659/906 
f 3653/907 3652/903 3659/906 3660/598 
f 3661/903 3662/907 3645/601 3644/904 
f 3663/905 3661/903 3644/904 3651/592 
f 3661/903 3663/905 3657/595 3655/906 
f 3662/907 3661/903 3655/906 3654/598 
f 3664/903 3663/907 3651/601 3650/904 
f 3665/905 3664/903 3650/904 3649/592 
f 3664/903 3665/905 3658/595 3656/906 
f 3663/907 3664/903 3656/906 3657/598 
f 3666/903 3665/907 3649/601 3647/904 
f 3667/905 3666/903 3647/904 3648/592 
f 3666/903 3667/905 3660/595 3659/906 
f 3665/907 3666/903 3659/906 3658/598 
f 3668/903 3667/907 3648/601 3646/904 
f 3662/905 3668/903 3646/904 3645/592 
f 3668/903 3662/905 3654/595 3653/906 
f 3667/907 3668/903 3653/906 3660/598 
f 3669/903 3670/904 3671/592 3672/905 
f 3673/906 3669/903 3672/905 3674/595 
f 3669/903 3673/906 3675/598 3676/907 
f 3670/904 3669/903 3676/907 3677/601 
f 3678/903 3679/907 3680/601 3681/904 
f 3682/905 3678/903 3681/904 3683/592 
f 3678/903 3682/905 3684/595 3685/906 
f 3679/907 3678/903 3685/906 3686/598 
f 3687/903 3688/907 3671/601 3670/904 
f 3689/905 3687/903 3670/904 3677/592 
f 3687/903 3689/905 3683/595 3681/906 
f 3688/907 3687/903 3681/906 3680/598 
f 3690/903 3689/907 3677/601 3676/904 
f 3691/905 3690/903 3676/904 3675/592 
f 3690/903 3691/905 3684/595 3682/906 
f 3689/907 3690/903 3682/906 3683/598 
f 3692/903 3691/907 3675/601 3673/904 
f 3693/905 3692/903 3673/904 3674/592 
f 3692/903 3693/905 3686/595 3685/906 
f 3691/907 3692/903 3685/906 3684/598 
f 3694/903 3693/907 3674/601 3672/904 
f 3688/905 3694/903 3672/904 3671/592 
f 3694/903 3688/905 3680/595 3679/906 
f 3693/907 3694/903 3679/906 3686/598 
f 3695/903 3696/904 3697/592 3698/905 
f 3699/906 3695/903 3698/905 3700/595 
f 3695/903 3699/906 3701/598 3702/907 
f 3696/904 3695/903 3702/907 3703/601 
f 3704/903 3705/907 3706/601 3707/904 
f 3708/905 3704/903 3707/904 3709/592 
f 3704/903 3708/905 3710/595 3711/906 
f 3705/907 3704/903 3711/906 3712/598 
f 3713/903 3714/907 3697/601 3696/904 
f 3715/905 3713/903 3696/904 3703/592 
f 3713/903 3715/905 3709/595 3707/906 
f 3714/907 3713/903 3707/906 3706/598 
f 3716/903 3715/907 3703/601 3702/904 
f 3717/905 3716/903 3702/904 3701/592 
f 3716/903 3717/905 3710/595 3708/906 
f 3715/907 3716/903 3708/906 3709/598 
f 3718/903 3717/907 3701/601 3699/904 
f 3719/905 3718/903 3699/904 3700/592 
f 3718/903 3719/905 3712/595 3711/906 
f 3717/907 3718/903 3711/906 3710/598 
f 3720/903 3719/907 3700/601 3698/904 
f 3714/905 3720/903 3698/904 3697/592 
f 3720/903 3714/905 3706/595 3705/906 
f 3719/907 3720/903 3705/906 3712/598 
f 3721/903 3722/904 3723/592 3724/905 
f 3725/906 3721/903 3724/905 3726/595 
f 3721/903 3725/906 3727/598 3728/907 
f 3722/904 3721/903 3728/907 3729/601 
f 3730/903 3731/907 3732/601 3733/904 
f 3734/905 3730/903 3733/904 3735/592 
f 3730/903 3734/905 3736/595 3737/906 
f 3731/907 3730/903 3737/906 3738/598 
f 3739/903 3740/907 3723/601 3722/904 
f 3741/905 3739/903 3722/904 3729/592 
f 3739/903 3741/905 3735/595 3733/906 
f 3740/907 3739/903 3733/906 3732/598 
f 3742/903 3741/907 3729/601 3728/904 
f 3743/905 3742/903 3728/904 3727/592 
f 3742/903 3743/905 3736/595 3734/906 
f 3741/907 3742/903 3734/906 3735/598 
f 3744/903 3743/907 3727/601 3725/904 
f 3745/905 3744/903 3725/904 3726/592 
f 3744/903 3745/905 3738/595 3737/906 
f 3743/907 3744/903 3737/906 3736/598 
f 3746/903 3745/907 3726/601 3724/904 
f 3740/905 3746/903 3724/904 3723/592 
f 3746/903 3740/905 3732/595 3731/906 
f 3745/907 3746/903 3731/906 3738/598 
f 3747/903 3748/904 3749/592 3750/905 
f 3751/906 3747/903 3750/905 3752/595 
f 3747/903 3751/906 3753/598 3754/907 
f 3748/904 3747/903 3754/907 3755/601 
f 3756/903 3757/907 3758/601 3759/904 
f 3760/905 3756/903 3759/904 3761/592 
f 3756/903 3760/905 3762/595 3763/906 
f 3757/907 3756/903 3763/906 3764/598 
f 3765/903 3766/907 3749/601 3748/904 
f 3767/905 3765/903 3748/904 3755/592 
f 3765/903 3767/905 3761/595 3759/906 
f 3766/907 3765/903 3759/906 3758/598 
f 3768/903 3767/907 3755/601 3754/904 
f 3769/905 3768/903 3754/904 3753/592 
f 3768/903 3769/905 3762/595 3760/906 
f 3767/907 3768/903 3760/906 3761/598 
f 3770/903 3769/907 3753/601 3751/904 
f 3771/905 3770/903 3751/904 3752/592 
f 3770/903 3771/905 3764/595 3763/906 
f 3769/907 3770/903 3763/906 3762/598 
f 3772/903 3771/907 3752/601 3750/904 
f 3766/905 3772/903 3750/904 3749/592 
f 3772/903 3766/905 3758/595 3757/906 
f 3771/907 3772/903 3757/906 3764/598 
f 3773/903 3774/904 3775/592 3776/905 
f 3777/906 3773/903 3776/905 3778/595 
f 3773/903 3777/906 3779/598 3780/907 
f 3774/904 3773/903 3780/907 3781/601 
f 3782/903 3783/907 3784/601 3785/904 
f 3786/905 3782/903 3785/904 3787/592 
f 3782/903 3786/905 3788/595 3789/906 
f 3783/907 3782/903 3789/906 3790/598 
f 3791/903 3792/907 3775/601 3774/904 
f 3793/905 3791/903 3774/904 3781/592 
f 3791/903 3793/905 3787/595 3785/906 
f 3792/907 3791/903 3785/906 3784/598 
f 3794/903 3793/907 3781/601 3780/904 
f 3795/905 3794/903 3780/904 3779/592 
f 3794/903 3795/905 3788/595 3786/906 
f 3793/907 3794/903 3786/906 3787/598 
f 3796/903 3795/907 3779/601 3777/904 
f 3797/905 3796/903 3777/904 3778/592 
f 3796/903 3797/905 3790/595 3789/906 
f 3795/907 3796/903 3789/906 3788/598 
f 3798/903 3797/907 3778/601 3776/904 
f 3792/905 3798/903 3776/904 3775/592 
f 3798/903 3792/905 3784/595 3783/906 
f 3797/907 3798/903 3783/906 3790/598 
f 3799/903 3800/904 3801/592 3802/905 
f 3803/906 3799/903 3802/905 3804/595 
f 3799/903 3803/906 3805/598 3806/907 
f 3800/904 3799/903 3806/907 3807/601 
f 3808/903 3809/907 3810/601 3811/904 
f 3812/905 3808/903 3811/904 3813/592 
f 3808/903 3812/905 3814/595 3815/906 
f 3809/907 3808/903 3815/906 3816/598 
f 3817/903 3818/907 3801/601 3800/904 
f 3819/905 3817/903 3800/904 3807/592 
f 3817/903 3819/905 3813/595 3811/906 
f 3818/907 3817/903 3811/906 3810/598 
f 3820/903 3819/907 3807/601 3806/904 
f 3821/905 3820/903 3806/904 3805/592 
f 3820/903 3821/905 3814/595 3812/906 
f 3819/907 3820/903 3812/906 3813/598 
f 3822/903 3821/907 3805/601 3803/904 
f 3823/905 3822/903 3803/904 3804/592 
f 3822/903 3823/905 3816/595 3815/906 
f 3821/907 3822/903 3815/906 3814/598 
f 3824/903 3823/907 3804/601 3802/904 
f 3818/905 3824/903 3802/904 3801/592 
f 3824/903 3818/905 3810/595 3809/906 
f 3823/907 3824/903 3809/906 3816/598 
f 3825/903 3826/904 3827/592 3828/905 
f 3829/906 3825/903 3828/905 3830/595 
f 3825/903 3829/906 3831/598 3832/907 
f 3826/904 3825/903 3832/907 3833/601 
f 3834/903 3835/907 3836/601 3837/904 
f 3838/905 3834/903 3837/904 3839/592 
f 3834/903 3838/905 3840/595 3841/906 
f 3835/907 3834/903 3841/906 3842/598 
f 3843/903 3844/907 3827/601 3826/904 
f 3845/905 3843/903 3826/904 3833/592 
f 3843/903 3845/905 3839/595 3837/906 
f 3844/907 3843/903 3837/906 3836/598 
f 3846/903 3845/907 3833/601 3832/904 
f 3847/905 3846/903 3832/904 3831/592 
f 3846/903 3847/905 3840/595 3838/906 
f 3845/907 3846/903 3838/906 3839/598 
f 3848/903 3847/907 3831/601 3829/904 
f 3849/905 3848/903 3829/904 3830/592 
f 3848/903 3849/905 3842/595 3841/906 
f 3847/907 3848/903 3841/906 3840/598 
f 3850/903 3849/907 3830/601 3828/904 
f 3844/905 3850/903 3828/904 3827/592 
f 3850/903 3844/905 3836/595 3835/906 
f 3849/907 3850/903 3835/906 3842/598 
f 3851/903 3852/904 3853/592 3854/905 
f 3855/906 3851/903 3854/905 3856/595 
f 3851/903 3855/906 3857/598 3858/907 
f 3852/904 3851/903 3858/907 3859/601 
f 3860/903 3861/907 3862/601 3863/904 
f 3864/905 3860/903 3863/904 3865/592 
f 3860/903 3864/905 3866/595 3867/906 
f 3861/907 3860/903 3867/906 3868/598 
f 3869/903 3870/907 3853/601 3852/904 
f 3871/905 3869/903 3852/904 3859/592 
f 3869/903 3871/905 3865/595 3863/906 
f 3870/907 3869/903 3863/906 3862/598 
f 3872/903 3871/907 3859/601 3858/904 
f 3873/905 3872/903 3858/904 3857/592 
f 3872/903 3873/905 3866/595 3864/906 
f 3871/907 3872/903 3864/906 3865/598 
f 3874/903 3873/907 3857/601 3855/904 
f 3875/905 3874/903 3855/904 3856/592 
f 3874/903 3875/905 3868/595 3867/906 
f 3873/907 3874/903 3867/906 3866/598 
f 3876/903 3875/907 3856/601 3854/904 
f 3870/905 3876/903 3854/904 3853/592 
f 3876/903 3870/905 3862/595 3861/906 
f 3875/907 3876/903 3861/906 3868/598 
f 3877/903 3878/904 3879/592 3880/905 
f 3881/906 3877/903 3880/905 3882/595 
f 3877/903 3881/906 3883/598 3884/907 
f 3878/904 3877/903 3884/907 3885/601 
f 3886/903 3887/907 3888/601 3889/904 
f 3890/905 3886/903 3889/904 3891/592 
f 3886/903 3890/905 3892/595 3893/906 
f 3887/907 3886/903 3893/906 3894/598 
f 3895/903 3896/907 3879/601 3878/904 
f 3897/905 3895/903 3878/904 3885/592 
f 3895/903 3897/905 3891/595 3889/906 
f 3896/907 3895/903 3889/906 3888/598 
f 3898/903 3897/907 3885/601 3884/904 
f 3899/905 3898/903 3884/904 3883/592 
f 3898/903 3899/905 3892/595 3890/906 
f 3897/907 3898/903 3890/906 3891/598 
f 3900/903 3899/907 3883/601 3881/904 
f 3901/905 3900/903 3881/904 3882/592 
f 3900/903 3901/905 3894/595 3893/906 
f 3899/907 3900/903 3893/906 3892/598 
f 3902/903 3901/907 3882/601 3880/904 
f 3896/905 3902/903 3880/904 3879/592 
f 3902/903 3896/905 3888/595 3887/906 
f 3901/907 3902/903 3887/906 3894/598 
f 3903/903 3904/904 3905/592 3906/905 
f 3907/906 3903/903 3906/905 3908/595 
f 3903/903 3907/906 3909/598 3910/907 
f 3904/904 3903/903 3910/907 3911/601 
f 3912/903 3913/907 3914/601 3915/904 
f 3916/905 3912/903 3915/904 3917/592 
f 3912/903 3916/905 3918/595 3919/906 
f 3913/907 3912/903 3919/906 3920/598 
f 3921/903 3922/907 3905/601 3904/904 
f 3923/905 3921/903 3904/904 3911/592 
f 3921/903 3923/905 3917/595 3915/906 
f 3922/907 3921/903 3915/906 3914/598 
f 3924/903 3923/907 3911/601 3910/904 
f 3925/905 3924/903 3910/904 3909/592 
f 3924/903 3925/905 3918/595 3916/906 
f 3923/907 3924/903 3916/906 3917/598 
f 3926/903 3925/907 3909/601 3907/904 
f 3927/905 3926/903 3907/904 3908/592 
f 3926/903 3927/905 3920/595 3919/906 
f 3925/907 3926/903 3919/906 3918/598 
f 3928/903 3927/907 3908/601 3906/904 
f 3922/905 3928/903 3906/904 3905/592 
f 3928/903 3922/905 3914/595 3913/906 
f 3927/907 3928/903 3913/906 3920/598 
f 3929/903 3930/904 3931/592 3932/905 
f 3933/906 3929/903 3932/905 3934/595 
f 3929/903 3933/906 3935/598 3936/907 
f 3930/904 3929/903 3936/907 3937/601 
f 3938/903 3939/907 3940/601 3941/904 
f 3942/905 3938/903 3941/904 3943/592 
f 3938/903 3942/905 3944/595 3945/906 
f 3939/907 3938/903 3945/906 3946/598 
f 3947/903 3948/907 3931/601 3930/904 
f 3949/905 3947/903 3930/904 3937/592 
f 3947/903 3949/905 3943/595 3941/906 
f 3948/907 3947/903 3941/906 3940/598 
f 3950/903 3949/907 3937/601 3936/904 
f 3951/905 3950/903 3936/904 3935/592 
f 3950/903 3951/905 3944/595 3942/906 
f 3949/907 3950/903 3942/906 3943/598 
f 3952/903 3951/907 3935/601 3933/904 
f 3953/905 3952/903 3933/904 3934/592 
f 3952/903 3953/905 3946/595 3945/906 
f 3951/907 3952/903 3945/906 3944/598 
f 3954/903 3953/907 3934/601 3932/904 
f 3948/905 3954/903 3932/904 3931/592 
f 3954/903 3948/905 3940/595 3939/906 
f 3953/907 3954/903 3939/906 3946/598 
f 3955/903 3956/904 3957/592 3958/905 
f 3959/906 3955/903 3958/905 3960/595 
f 3955/903 3959/906 3961/598 3962/907 
f 3956/904 3955/903 3962/907 3963/601 
f 3964/903 3965/907 3966/601 3967/904 
f 3968/905 3964/903 3967/904 3969/592 
f 3964/903 3968/905 3970/595 3971/906 
f 3965/907 3964/903 3971/906 3972/598 
f 3973/903 3974/907 3957/601 3956/904 
f 3975/905 3973/903 3956/904 3963/592 
f 3973/903 3975/905 3969/595 3967/906 
f 3974/907 3973/903 3967/906 3966/598 
f 3976/903 3975/907 3963/601 3962/904 
f 3977/905 3976/903 3962/904 3961/592 
f 3976/903 3977/905 3970/595 3968/906 
f 3975/907 3976/903 3968/906 3969/598 
f 3978/903 3977/907 3961/601 3959/904 
f 3979/905 3978/903 3959/904 3960/592 
f 3978/903 3979/905 3972/595 3971/906 
f 3977/907 3978/903 3971/906 3970/598 
f 3980/903 3979/907 3960/601 3958/904 
f 3974/905 3980/903 3958/904 3957/592 
f 3980/903 3974/905 3966/595 3965/906 
f 3979/907 3980/903 3965/906 3972/598 
f 3981/903 3982/904 3983/592 3984/905 
f 3985/906 3981/903 3984/905 3986/595 
f 3981/903 3985/906 3987/598 3988/907 
f 3982/904 3981/903 3988/907 3989/601 
f 3990/903 3991/907 3992/601 3993/904 
f 3994/905 3990/903 3993/904 3995/592 
f 3990/903 3994/905 3996/595 3997/906 
f 3991/907 3990/903 3997/906 3998/598 
f 3999/903 4000/907 3983/601 3982/904 
f 4001/905 3999/903 3982/904 3989/592 
f 3999/903 4001/905 3995/595 3993/906 
f 4000/907 3999/903 3993/906 3992/598 
f 4002/903 4001/907 3989/601 3988/904 
f 4003/905 4002/903 3988/904 3987/592 
f 4002/903 4003/905 3996/595 3994/906 
f 4001/907 4002/903 3994/906 3995/598 
f 4004/903 4003/907 3987/601 3985/904 
f 4005/905 4004/903 3985/904 3986/592 
f 4004/903 4005/905 3998/595 3997/906 
f 4003/907 4004/903 3997/906 3996/598 
f 4006/903 4005/907 3986/601 3984/904 
f 4000/905 4006/903 3984/904 3983/592 
f 4006/903 4000/905 3992/595 3991/906 
f 4005/907 4006/903 3991/906 3998/598 
f 4007/903 4008/904 4009/592 4010/905 
f 4011/906 4007/903 4010/905 4012/595 
f 4007/903 4011/906 4013/598 4014/907 
f 4008/904 4007/903 4014/907 4015/601 
f 4016/903 4017/907 4018/601 4019/904 
f 4020/905 4016/903 4019/904 4021/592 
f 4016/903 4020/905 4022/595 4023/906 
f 4017/907 4016/903 4023/906 4024/598 
f 4025/903 4026/907 4009/601 4008/904 
f 4027/905 4025/903 4008/904 4015/592 
f 4025/903 4027/905 4021/595 4019/906 
f 4026/907 4025/903 4019/906 4018/598 
f 4028/903 4027/907 4015/601 4014/904 
f 4029/905 4028/903 4014/904 4013/592 
f 4028/903 4029/905 4022/595 4020/906 
f 4027/907 4028/903 4020/906 4021/598 
f 4030/903 4029/907 4013/601 4011/904 
f 4031/905 4030/903 4011/904 4012/592 
f 4030/903 4031/905 4024/595 4023/906 
f 4029/907 4030/903 4023/906 4022/598 
f 4032/903 4031/907 4012/601 4010/904 
f 4026/905 4032/903 4010/904 4009/592 
f 4032/903 4026/905 4018/595 4017/906 
f 4031/907 4032/903 4017/906 4024/598 
f 4033/903 4034/904 4035/592 4036/905 
f 4037/906 4033/903 4036/905 4038/595 
f 4033/903 4037/906 4039/598 4040/907 
f 4034/904 4033/903 4040/907 4041/601 
f 4042/903 4043/907 4044/601 4045/904 
f 4046/905 4042/903 4045/904 4047/592 
f 4042/903 4046/905 4048/595 4049/906 
f 4043/907 4042/903 4049/906 4050/598 
f 4051/903 4052/907 4035/601 4034/904 
f 4053/905 4051/903 4034/904 4041/592 
f 4051/903 4053/905 4047/595 4045/906 
f 4052/907 4051/903 4045/906 4044/598 
f 4054/903 4053/907 4041/601 4040/904 
f 4055/905 4054/903 4040/904 4039/592 
f 4054/903 4055/905 4048/595 4046/906 
f 4053/907 4054/903 4046/906 4047/598 
f 4056/903 4055/907 4039/601 4037/904 
f 4057/905 4056/903 4037/904 4038/592 
f 4056/903 4057/905 4050/595 4049/906 
f 4055/907 4056/903 4049/906 4048/598 
f 4058/903 4057/907 4038/601 4036/904 
f 4052/905 4058/903 4036/904 4035/592 
f 4058/903 4052/905 4044/595 4043/906 
f 4057/907 4058/903 4043/906 4050/598 
f 4059/903 4060/904 4061/592 4062/905 
f 4063/906 4059/903 4062/905 4064/595 
f 4059/903 4063/906 4065/598 4066/907 
f 4060/904 4059/903 4066/907 4067/601 
f 4068/903 4069/907 4070/601 4071/904 
f 4072/905 4068/903 4071/904 4073/592 
f 4068/903 4072/905 4074/595 4075/906 
f 4069/907 4068/903 4075/906 4076/598 
f 4077/903 4078/907 4061/601 4060/904 
f 4079/905 4077/903 4060/904 4067/592 
f 4077/903 4079/905 4073/595 4071/906 
f 4078/907 4077/903 4071/906 4070/598 
f 4080/903 4079/907 4067/601 4066/904 
f 4081/905 4080/903 4066/904 4065/592 
f 4080/903 4081/905 4074/595 4072/906 
f 4079/907 4080/903 4072/906 4073/598 
f 4082/903 4081/907 4065/601 4063/904 
f 4083/905 4082/903 4063/904 4064/592 
f 4082/903 4083/905 4076/595 4075/906 
f 4081/907 4082/903 4075/906 4074/598 
f 4084/903 4083/907 4064/601 4062/904 
f 4078/905 4084/903 4062/904 4061/592 
f 4084/903 4078/905 4070/595 4069/906 
f 4083/907 4084/903 4069/906 4076/598 
f 4085/903 4086/904 4087/592 4088/905 
f 4089/906 4085/903 4088/905 4090/595 
f 4085/903 4089/906 4091/598 4092/907 
f 4086/904 4085/903 4092/907 4093/601 
f 4094/903 4095/907 4096/601 4097/904 
f 4098/905 4094/903 4097/904 4099/592 
f 4094/903 4098/905 4100/595 4101/906 
f 4095/907 4094/903 4101/906 4102/598 
f 4103/903 4104/907 4087/601 4086/904 
f 4105/905 4103/903 4086/904 4093/592 
f 4103/903 4105/905 4099/595 4097/906 
f 4104/907 4103/903 4097/906 4096/598 
f 4106/903 4105/907 4093/601 4092/904 
f 4107/905 4106/903 4092/904 4091/592 
f 4106/903 4107/905 4100/595 4098/906 
f 4105/907 4106/903 4098/906 4099/598 
f 4108/903 4107/907 4091/601 4089/904 
f 4109/905 4108/903 4089/904 4090/592 
f 4108/903 4109/905 4102/595 4101/906 
f 4107/907 4108/903 4101/906 4100/598 
f 4110/903 4109/907 4090/601 4088/904 
f 4104/905 4110/903 4088/904 4087/592 
f 4110/903 4104/905 4096/595 4095/906 
f 4109/907 4110/903 4095/906 4102/598 
f 4111/903 4112/904 4113/592 4114/905 
f 4115/906 4111/903 4114/905 4116/595 
f 4111/903 4115/906 4117/598 4118/907 
f 4112/904 4111/903 4118/907 4119/601 
f 4120/903 4121/907 4122/601 4123/904 
f 4124/905 4120/903 4123/904 4125/592 
f 4120/903 4124/905 4126/595 4127/906 
f 4121/907 4120/903 4127/906 4128/598 
f 4129/903 4130/907 4113/601 4112/904 
f 4131/905 4129/903 4112/904 4119/592 
f 4129/903 4131/905 4125/595 4123/906 
f 4130/907 4129/903 4123/906 4122/598 
f 4132/903 4131/907 4119/601 4118/904 
f 4133/905 4132/903 4118/904 4117/592 
f 4132/903 4133/905 4126/595 4124/906 
f 4131/907 4132/903 4124/906 4125/598 
f 4134/903 4133/907 4117/601 4115/904 
f 4135/905 4134/903 4115/904 4116/592 
f 4134/903 4135/905 4128/595 4127/906 
f 4133/907 4134/903 4127/906 4126/598 
f 4136/903 4135/907 4116/601 4114/904 
f 4130/905 4136/903 4114/904 4113/592 
f 4136/903 4130/905 4122/595 4121/906 
f 4135/907 4136/903 4121/906 4128/598 
f 4137/903 4138/904 4139/592 4140/905 
f 4141/906 4137/903 4140/905 4142/595 
f 4137/903 4141/906 4143/598 4144/907 
f 4138/904 4137/903 4144/907 4145/601 
f 4146/903 4147/907 4148/601 4149/904 
f 4150/905 4146/903 4149/904 4151/592 
f 4146/903 4150/905 4152/595 4153/906 
f 4147/907 4146/903 4153/906 4154/598 
f 4155/903 4156/907 4139/601 4138/904 
f 4157/905 4155/903 4138/904 4145/592 
f 4155/903 4157/905 4151/595 4149/906 
f 4156/907 4155/903 4149/906 4148/598 
f 4158/903 4157/907 4145/601 4144/904 
f 4159/905 4158/903 4144/904 4143/592 
f 4158/903 4159/905 4152/595 4150/906 
f 4157/907 4158/903 4150/906 4151/598 
f 4160/903 4159/907 4143/601 4141/904 
f 4161/905 4160/903 4141/904 4142/592 
f 4160/903 4161/905 4154/595 4153/906 
f 4159/907 4160/903 4153/906 4152/598 
f 4162/903 4161/907 4142/601 4140/904 
f 4156/905 4162/903 4140/904 4139/592 
f 4162/903 4156/905 4148/595 4147/906 
f 4161/907 4162/903 4147/906 4154/598 
f 4163/903 4164/904 4165/592 4166/905 
f 4167/906 4163/903 4166/905 4168/595 
f 4163/903 4167/906 4169/598 4170/907 
f 4164/904 4163/903 4170/907 4171/601 
f 4172/903 4173/907 4174/601 4175/904 
f 4176/905 4172/903 4175/904 4177/592 
f 4172/903 4176/905 4178/595 4179/906 
f 4173/907 4172/903 4179/906 4180/598 
f 4181/903 4182/907 4165/601 4164/904 
f 4183/905 4181/903 4164/904 4171/592 
f 4181/903 4183/905 4177/595 4175/906 
f 4182/907 4181/903 4175/906 4174/598 
f 4184/903 4183/907 4171/601 4170/904 
f 4185/905 4184/903 4170/904 4169/592 
f 4184/903 4185/905 4178/595 4176/906 
f 4183/907 4184/903 4176/906 4177/598 
f 4186/903 4185/907 4169/601 4167/904 
f 4187/905 4186/903 4167/904 4168/592 
f 4186/903 4187/905 4180/595 4179/906 
f 4185/907 4186/903 4179/906 4178/598 
f 4188/903 4187/907 4168/601 4166/904 
f 4182/905 4188/903 4166/904 4165/592 
f 4188/903 4182/905 4174/595 4173/906 
f 4187/907 4188/903 4173/906 4180/598 
f 4189/903 4190/904 4191/592 4192/905 
f 4193/906 4189/903 4192/905 4194/595 
f 4189/903 4193/906 4195/598 4196/907 
f 4190/904 4189/903 4196/907 4197/601 
f 4198/903 4199/907 4200/601 4201/904 
f 4202/905 4198/903 4201/904 4203/592 
f 4198/903 4202/905 4204/595 4205/906 
f 4199/907 4198/903 4205/906 4206/598 
f 4207/903 4208/907 4191/601 4190/904 
f 4209/905 4207/903 4190/904 4197/592 
f 4207/903 4209/905 4203/595 4201/906 
f 4208/907 4207/903 4201/906 4200/598 
f 4210/903 4209/907 4197/601 4196/904 
f 4211/905 4210/903 4196/904 4195/592 
f 4210/903 4211/905 4204/595 4202/906 
f 4209/907 4210/903 4202/906 4203/598 
f 4212/903 4211/907 4195/601 4193/904 
f 4213/905 4212/903 4193/904 4194/592 
f 4212/903 4213/905 4206/595 4205/906 
f 4211/907 4212/903 4205/906 4204/598 
f 4214/903 4213/907 4194/601 4192/904 
f 4208/905 4214/903 4192/904 4191/592 
f 4214/903 4208/905 4200/595 4199/906 
f 4213/907 4214/903 4199/906 4206/598 
f 4215/903 4216/904 4217/592 4218/905 
f 4219/906 4215/903 4218/905 4220/595 
f 4215/903 4219/906 4221/598 4222/907 
f 4216/904 4215/903 4222/907 4223/601 
f 4224/903 4225/907 4226/601 4227/904 
f 4228/905 4224/903 4227/904 4229/592 
f 4224/903 4228/905 4230/595 4231/906 
f 4225/907 4224/903 4231/906 4232/598 
f 4233/903 4234/907 4217/601 4216/904 
f 4235/905 4233/903 4216/904 4223/592 
f 4233/903 4235/905 4229/595 4227/906 
f 4234/907 4233/903 4227/906 4226/598 
f 4236/903 4235/907 4223/601 4222/904 
f 4237/905 4236/903 4222/904 4221/592 
f 4236/903 4237/905 4230/595 4228/906 
f 4235/907 4236/903 4228/906 4229/598 
f 4238/903 4237/907 4221/601 4219/904 
f 4239/905 4238/903 4219/904 4220/592 
f 4238/903 4239/905 4232/595 4231/906 
f 4237/907 4238/903 4231/906 4230/598 
f 4240/903 4239/907 4220/601 4218/904 
f 4234/905 4240/903 4218/904 4217/592 
f 4240/903 4234/905 4226/595 4225/906 
f 4239/907 4240/903 4225/906 4232/598 
f 4241/903 4242/904 4243/592 4244/905 
f 4245/906 4241/903 4244/905 4246/595 
f 4241/903 4245/906 4247/598 4248/907 
f 4242/904 4241/903 4248/907 4249/601 
f 4250/903 4251/907 4252/601 4253/904 
f 4254/905 4250/903 4253/904 4255/592 
f 4250/903 4254/905 4256/595 4257/906 
f 4251/907 4250/903 4257/906 4258/598 
f 4259/903 4260/907 4243/601 4242/904 
f 4261/905 4259/903 4242/904 4249/592 
f 4259/903 4261/905 4255/595 4253/906 
f 4260/907 4259/903 4253/906 4252/598 
f 4262/903 4261/907 4249/601 4248/904 
f 4263/905 4262/903 4248/904 4247/592 
f 4262/903 4263/905 4256/595 4254/906 
f 4261/907 4262/903 4254/906 4255/598 
f 4264/903 4263/907 4247/601 4245/904 
f 4265/905 4264/903 4245/904 4246/592 
f 4264/903 4265/905 4258/595 4257/906 
f 4263/907 4264/903 4257/906 4256/598 
f 4266/903 4265/907 4246/601 4244/904 
f 4260/905 4266/903 4244/904 4243/592 
f 4266/903 4260/905 4252/595 4251/906 
f 4265/907 4266/903 4251/906 4258/598 
f 4267/903 4268/904 4269/592 4270/905 
f 4271/906 4267/903 4270/905 4272/595 
f 4267/903 4271/906 4273/598 4274/907 
f 4268/904 4267/903 4274/907 4275/601 
f 4276/903 4277/907 4278/601 4279/904 
f 4280/905 4276/903 4279/904 4281/592 
f 4276/903 4280/905 4282/595 4283/906 
f 4277/907 4276/903 4283/906 4284/598 
f 4285/903 4286/907 4269/601 4268/904 
f 4287/905 4285/903 4268/904 4275/592 
f 4285/903 4287/905 4281/595 4279/906 
f 4286/907 4285/903 4279/906 4278/598 
f 4288/903 4287/907 4275/601 4274/904 
f 4289/905 4288/903 4274/904 4273/592 
f 4288/903 4289/905 4282/595 4280/906 
f 4287/907 4288/903 4280/906 4281/598 
f 4290/903 4289/907 4273/601 4271/904 
f 4291/905 4290/903 4271/904 4272/592 
f 4290/903 4291/905 4284/595 4283/906 
f 4289/907 4290/903 4283/906 4282/598 
f 4292/903 4291/907 4272/601 4270/904 
f 4286/905 4292/903 4270/904 4269/592 
f 4292/903 4286/905 4278/595 4277/906 
f 4291/907 4292/903 4277/906 4284/598 
f 4293/903 4294/904 4295/592 4296/905 
f 4297/906 4293/903 4296/905 4298/595 
f 4293/903 4297/906 4299/598 4300/907 
f 4294/904 4293/903 4300/907 4301/601 
f 4302/903 4303/907 4304/601 4305/904 
f 4306/905 4302/903 4305/904 4307/592 
f 4302/903 4306/905 4308/595 4309/906 
f 4303/907 4302/903 4309/906 4310/598 
f 4311/903 4312/907 4295/601 4294/904 
f 4313/905 4311/903 4294/904 4301/592 
f 4311/903 4313/905 4307/595 4305/906 
f 4312/907 4311/903 4305/906 4304/598 
f 4314/903 4313/907 4301/601 4300/904 
f 4315/905 4314/903 4300/904 4299/592 
f 4314/903 4315/905 4308/595 4306/906 
f 4313/907 4314/903 4306/906 4307/598 
f 4316/903 4315/907 4299/601 4297/904 
f 4317/905 4316/903 4297/904 4298/592 
f 4316/903 4317/905 4310/595 4309/906 
f 4315/907 4316/903 4309/906 4308/598 
f 4318/903 4317/907 4298/601 4296/904 
f 4312/905 4318/903 4296/904 4295/592 
f 4318/903 4312/905 4304/595 4303/906 
f 4317/907 4318/903 4303/906 4310/598 
f 4319/903 4320/904 4321/592 4322/905 
f 4323/906 4319/903 4322/905 4324/595 
f 4319/903 4323/906 4325/598 4326/907 
f 4320/904 4319/903 4326/907 4327/601 
f 4328/903 4329/907 4330/601 4331/904 
f 4332/905 4328/903 4331/904 4333/592 
f 4328/903 4332/905 4334/595 4335/906 
f 4329/907 4328/903 4335/906 4336/598 
f 4337/903 4338/907 4321/601 4320/904 
f 4339/905 4337/903 4320/904 4327/592 
f 4337/903 4339/905 4333/595 4331/906 
f 4338/907 4337/903 4331/906 4330/598 
f 4340/903 4339/907 4327/601 4326/904 
f 4341/905 4340/903 4326/904 4325/592 
f 4340/903 4341/905 4334/595 4332/906 
f 4339/907 4340/903 4332/906 4333/598 
f 4342/903 4341/907 4325/601 4323/904 
f 4343/905 4342/903 4323/904 4324/592 
f 4342/903 4343/905 4336/595 4335/906 
f 4341/907 4342/903 4335/906 4334/598 
f 4344/903 4343/907 4324/601 4322/904 
f 4338/905 4344/903 4322/904 4321/592 
f 4344/903 4338/905 4330/595 4329/906 
f 4343/907 4344/903 4329/906 4336/598 
f 4345/903 4346/904 4347/592 4348/905 
f 4349/906 4345/903 4348/905 4350/595 
f 4345/903 4349/906 4351/598 4352/907 
f 4346/904 4345/903 4352/907 4353/601 
f 4354/903 4355/907 4356/601 4357/904 
f 4358/905 4354/903 4357/904 4359/592 
f 4354/903 4358/905 4360/595 4361/906 
f 4355/907 4354/903 4361/906 4362/598 
f 4363/903 4364/907 4347/601 4346/904 
f 4365/905 4363/903 4346/904 4353/592 
f 4363/903 4365/905 4359/595 4357/906 
f 4364/907 4363/903 4357/906 4356/598 
f 4366/903 4365/907 4353/601 4352/904 
f 4367/905 4366/903 4352/904 4351/592 
f 4366/903 4367/905 4360/595 4358/906 
f 4365/907 4366/903 4358/906 4359/598 
f 4368/903 4367/907 4351/601 4349/904 
f 4369/905 4368/903 4349/904 4350/592 
f 4368/903 4369/905 4362/595 4361/906 
f 4367/907 4368/903 4361/906 4360/598 
f 4370/903 4369/907 4350/601 4348/904 
f 4364/905 4370/903 4348/904 4347/592 
f 4370/903 4364/905 4356/595 4355/906 
f 4369/907 4370/903 4355/906 4362/598 
f 4371/903 4372/904 4373/592 4374/905 
f 4375/906 4371/903 4374/905 4376/595 
f 4371/903 4375/906 4377/598 4378/907 
f 4372/904 4371/903 4378/907 4379/601 
f 4380/903 4381/907 4382/601 4383/904 
f 4384/905 4380/903 4383/904 4385/592 
f 4380/903 4384/905 4386/595 4387/906 
f 4381/907 4380/903 4387/906 4388/598 
f 4389/903 4390/907 4373/601 4372/904 
f 4391/905 4389/903 4372/904 4379/592 
f 4389/903 4391/905 4385/595 4383/906 
f 4390/907 4389/903 4383/906 4382/598 
f 4392/903 4391/907 4379/601 4378/904 
f 4393/905 4392/903 4378/904 4377/592 
f 4392/903 4393/905 4386/595 4384/906 
f 4391/907 4392/903 4384/906 4385/598 
f 4394/903 4393/907 4377/601 4375/904 
f 4395/905 4394/903 4375/904 4376/592 
f 4394/903 4395/905 4388/595 4387/906 
f 4393/907 4394/903 4387/906 4386/598 
f 4396/903 4395/907 4376/601 4374/904 
f 4390/905 4396/903 4374/904 4373/592 
f 4396/903 4390/905 4382/595 4381/906 
f 4395/907 4396/903 4381/906 4388/598 
f 4397/903 4398/904 4399/592 4400/905 
f 4401/906 4397/903 4400/905 4402/595 
f 4397/903 4401/906 4403/598 4404/907 
f 4398/904 4397/903 4404/907 4405/601 
f 4406/903 4407/907 4408/601 4409/904 
f 4410/905 4406/903 4409/904 4411/592 
f 4406/903 4410/905 4412/595 4413/906 
f 4407/907 4406/903 4413/906 4414/598 
f 4415/903 4416/907 4399/601 4398/904 
f 4417/905 4415/903 4398/904 4405/592 
f 4415/903 4417/905 4411/595 4409/906 
f 4416/907 4415/903 4409/906 4408/598 
f 4418/903 4417/907 4405/601 4404/904 
f 4419/905 4418/903 4404/904 4403/592 
f 4418/903 4419/905 4412/595 4410/906 
f 4417/907 4418/903 4410/906 4411/598 
f 4420/903 4419/907 4403/601 4401/904 
f 4421/905 4420/903 4401/904 4402/592 
f 4420/903 4421/905 4414/595 4413/906 
f 4419/907 4420/903 4413/906 4412/598 
f 4422/903 4421/907 4402/601 4400/904 
f 4416/905 4422/903 4400/904 4399/592 
f 4422/903 4416/905 4408/595 4407/906 
f 4421/907 4422/903 4407/906 4414/598 
f 4423/903 4424/904 4425/592 4426/905 
f 4427/906 4423/903 4426/905 4428/595 
f 4423/903 4427/906 4429/598 4430/907 
f 4424/904 4423/903 4430/907 4431/601 
f 4432/903 4433/907 4434/601 4435/904 
f 4436/905 4432/903 4435/904 4437/592 
f 4432/903 4436/905 4438/595 4439/906 
f 4433/907 4432/903 4439/906 4440/598 
f 4441/903 4442/907 4425/601 4424/904 
f 4443/905 4441/903 4424/904 4431/592 
f 4441/903 4443/905 4437/595 4435/906 
f 4442/907 4441/903 4435/906 4434/598 
f 4444/903 4443/907 4431/601 4430/904 
f 4445/905 4444/903 4430/904 4429/592 
f 4444/903 4445/905 4438/595 4436/906 
f 4443/907 4444/903 4436/906 4437/598 
f 4446/903 4445/907 4429/601 4427/904 
f 4447/905 4446/903 4427/904 4428/592 
f 4446/903 4447/905 4440/595 4439/906 
f 4445/907 4446/903 4439/906 4438/598 
f 4448/903 4447/907 4428/601 4426/904 
f 4442/905 4448/903 4426/904 4425/592 
f 4448/903 4442/905 4434/595 4433/906 
f 4447/907 4448/903 4433/906 4440/598 
f 4449/903 4450/904 4451/592 4452/905 
f 4453/906 4449/903 4452/905 4454/595 
f 4449/903 4453/906 4455/598 4456/907 
f 4450/904 4449/903 4456/907 4457/601 
f 4458/903 4459/907 4460/601 4461/904 
f 4462/905 4458/903 4461/904 4463/592 
f 4458/903 4462/905 4464/595 4465/906 
f 4459/907 4458/903 4465/906 4466/598 
f 4467/903 4468/907 4451/601 4450/904 
f 4469/905 4467/903 4450/904 4457/592 
f 4467/903 4469/905 4463/595 4461/906 
f 4468/907 4467/903 4461/906 4460/598 
f 4470/903 4469/907 4457/601 4456/904 
f 4471/905 4470/903 4456/904 4455/592 
f 4470/903 4471/905 4464/595 4462/906 
f 4469/907 4470/903 4462/906 4463/598 
f 4472/903 4471/907 4455/601 4453/904 
f 4473/905 4472/903 4453/904 4454/592 
f 4472/903 4473/905 4466/595 4465/906 
f 4471/907 4472/903 4465/906 4464/598 
f 4474/903 4473/907 4454/601 4452/904 
f 4468/905 4474/903 4452/904 4451/592 
f 4474/903 4468/905 4460/595 4459/906 
f 4473/907 4474/903 4459/906 4466/598 
f 4475/903 4476/904 4477/592 4478/905 
f 4479/906 4475/903 4478/905 4480/595 
f 4475/903 4479/906 4481/598 4482/907 
f 4476/904 4475/903 4482/907 4483/601 
f 4484/903 4485/907 4486/601 4487/904 
f 4488/905 4484/903 4487/904 4489/592 
f 4484/903 4488/905 4490/595 4491/906 
f 4485/907 4484/903 4491/906 4492/598 
f 4493/903 4494/907 4477/601 4476/904 
f 4495/905 4493/903 4476/904 4483/592 
f 4493/903 4495/905 4489/595 4487/906 
f 4494/907 4493/903 4487/906 4486/598 
f 4496/903 4495/907 4483/601 4482/904 
f 4497/905 4496/903 4482/904 4481/592 
f 4496/903 4497/905 4490/595 4488/906 
f 4495/907 4496/903 4488/906 4489/598 
f 4498/903 4497/907 4481/601 4479/904 
f 4499/905 4498/903 4479/904 4480/592 
f 4498/903 4499/905 4492/595 4491/906 
f 4497/907 4498/903 4491/906 4490/598 
f 4500/903 4499/907 4480/601 4478/904 
f 4494/905 4500/903 4478/904 4477/592 
f 4500/903 4494/905 4486/595 4485/906 
f 4499/907 4500/903 4485/906 4492/598 
f 4501/903 4502/904 4503/592 4504/905 
f 4505/906 4501/903 4504/905 4506/595 
f 4501/903 4505/906 4507/598 4508/907 
f 4502/904 4501/903 4508/907 4509/601 
f 4510/903 4511/907 4512/601 4513/904 
f 4514/905 4510/903 4513/904 4515/592 
f 4510/903 4514/905 4516/595 4517/906 
f 4511/907 4510/903 4517/906 4518/598 
f 4519/903 4520/907 4503/601 4502/904 
f 4521/905 4519/903 4502/904 4509/592 
f 4519/903 4521/905 4515/595 4513/906 
f 4520/907 4519/903 4513/906 4512/598 
f 4522/903 4521/907 4509/601 4508/904 
f 4523/905 4522/903 4508/904 4507/592 
f 4522/903 4523/905 4516/595 4514/906 
f 4521/907 4522/903 4514/906 4515/598 
f 4524/903 4523/907 4507/601 4505/904 
f 4525/905 4524/903 4505/904 4506/592 
f 4524/903 4525/905 4518/595 4517/906 
f 4523/907 4524/903 4517/906 4516/598 
f 4526/903 4525/907 4506/601 4504/904 
f 4520/905 4526/903 4504/904 4503/592 
f 4526/903 4520/905 4512/595 4511/906 
f 4525/907 4526/903 4511/906 4518/598 
f 4527/903 4528/904 4529/592 4530/905 
f 4531/906 4527/903 4530/905 4532/595 
f 4527/903 4531/906 4533/598 4534/907 
f 4528/904 4527/903 4534/907 4535/601 
f 4536/903 4537/907 4538/601 4539/904 
f 4540/905 4536/903 4539/904 4541/592 
f 4536/903 4540/905 4542/595 4543/906 
f 4537/907 4536/903 4543/906 4544/598 
f 4545/903 4546/907 4529/601 4528/904 
f 4547/905 4545/903 4528/904 4535/592 
f 4545/903 4547/905 4541/595 4539/906 
f 4546/907 4545/903 4539/906 4538/598 
f 4548/903 4547/907 4535/601 4534/904 
f 4549/905 4548/903 4534/904 4533/592 
f 4548/903 4549/905 4542/595 4540/906 
f 4547/907 4548/903 4540/906 4541/598 
f 4550/903 4549/907 4533/601 4531/904 
f 4551/905 4550/903 4531/904 4532/592 
f 4550/903 4551/905 4544/595 4543/906 
f 4549/907 4550/903 4543/906 4542/598 
f 4552/903 4551/907 4532/601 4530/904 
f 4546/905 4552/903 4530/904 4529/592 
f 4552/903 4546/905 4538/595 4537/906 
f 4551/907 4552/903 4537/906 4544/598 
f 4553/903 4554/904 4555/592 4556/905 
f 4557/906 4553/903 4556/905 4558/595 
f 4553/903 4557/906 4559/598 4560/907 
f 4554/904 4553/903 4560/907 4561/601 
f 4562/903 4563/907 4564/601 4565/904 
f 4566/905 4562/903 4565/904 4567/592 
f 4562/903 4566/905 4568/595 4569/906 
f 4563/907 4562/903 4569/906 4570/598 
f 4571/903 4572/907 4555/601 4554/904 
f 4573/905 4571/903 4554/904 4561/592 
f 4571/903 4573/905 4567/595 4565/906 
f 4572/907 4571/903 4565/906 4564/598 
f 4574/903 4573/907 4561/601 4560/904 
f 4575/905 4574/903 4560/904 4559/592 
f 4574/903 4575/905 4568/595 4566/906 
f 4573/907 4574/903 4566/906 4567/598 
f 4576/903 4575/907 4559/601 4557/904 
f 4577/905 4576/903 4557/904 4558/592 
f 4576/903 4577/905 4570/595 4569/906 
f 4575/907 4576/903 4569/906 4568/598 
f 4578/903 4577/907 4558/601 4556/904 
f 4572/905 4578/903 4556/904 4555/592 
f 4578/903 4572/905 4564/595 4563/906 
f 4577/907 4578/903 4563/906 4570/598 
f 4579/903 4580/904 4581/592 4582/905 
f 4583/906 4579/903 4582/905 4584/595 
f 4579/903 4583/906 4585/598 4586/907 
f 4580/904 4579/903 4586/907 4587/601 
f 4588/903 4589/907 4590/601 4591/904 
f 4592/905 4588/903 4591/904 4593/592 
f 4588/903 4592/905 4594/595 4595/906 
f 4589/907 4588/903 4595/906 4596/598 
f 4597/903 4598/907 4581/601 4580/904 
f 4599/905 4597/903 4580/904 4587/592 
f 4597/903 4599/905 4593/595 4591/906 
f 4598/907 4597/903 4591/906 4590/598 
f 4600/903 4599/907 4587/601 4586/904 
f 4601/905 4600/903 4586/904 4585/592 
f 4600/903 4601/905 4594/595 4592/906 
f 4599/907 4600/903 4592/906 4593/598 
f 4602/903 4601/907 4585/601 4583/904 
f 4603/905 4602/903 4583/904 4584/592 
f 4602/903 4603/905 4596/595 4595/906 
f 4601/907 4602/903 4595/906 4594/598 
f 4604/903 4603/907 4584/601 4582/904 
f 4598/905 4604/903 4582/904 4581/592 
f 4604/903 4598/905 4590/595 4589/906 
f 4603/907 4604/903 4589/906 4596/598 
f 4605/903 4606/904 4607/592 4608/905 
f 4609/906 4605/903 4608/905 4610/595 
f 4605/903 4609/906 4611/598 4612/907 
f 4606/904 4605/903 4612/907 4613/601 
f 4614/903 4615/907 4616/601 4617/904 
f 4618/905 4614/903 4617/904 4619/592 
f 4614/903 4618/905 4620/595 4621/906 
f 4615/907 4614/903 4621/906 4622/598 
f 4623/903 4624/907 4607/601 4606/904 
f 4625/905 4623/903 4606/904 4613/592 
f 4623/903 4625/905 4619/595 4617/906 
f 4624/907 4623/903 4617/906 4616/598 
f 4626/903 4625/907 4613/601 4612/904 
f 4627/905 4626/903 4612/904 4611/592 
f 4626/903 4627/905 4620/595 4618/906 
f 4625/907 4626/903 4618/906 4619/598 
f 4628/903 4627/907 4611/601 4609/904 
f 4629/905 4628/903 4609/904 4610/592 
f 4628/903 4629/905 4622/595 4621/906 
f 4627/907 4628/903 4621/906 4620/598 
f 4630/903 4629/907 4610/601 4608/904 
f 4624/905 4630/903 4608/904 4607/592 
f 4630/903 4624/905 4616/595 4615/906 
f 4629/907 4630/903 4615/906 4622/598 
f 4631/903 4632/904 4633/592 4634/905 
f 4635/906 4631/903 4634/905 4636/595 
f 4631/903 4635/906 4637/598 4638/907 
f 4632/904 4631/903 4638/907 4639/601 
f 4640/903 4641/907 4642/601 4643/904 
f 4644/905 4640/903 4643/904 4645/592 
f 4640/903 4644/905 4646/595 4647/906 
f 4641/907 4640/903 4647/906 4648/598 
f 4649/903 4650/907 4633/601 4632/904 
f 4651/905 4649/903 4632/904 4639/592 
f 4649/903 4651/905 4645/595 4643/906 
f 4650/907 4649/903 4643/906 4642/598 
f 4652/903 4651/907 4639/601 4638/904 
f 4653/905 4652/903 4638/904 4637/592 
f 4652/903 4653/905 4646/595 4644/906 
f 4651/907 4652/903 4644/906 4645/598 
f 4654/903 4653/907 4637/601 4635/904 
f 4655/905 4654/903 4635/904 4636/592 
f 4654/903 4655/905 4648/595 4647/906 
f 4653/907 4654/903 4647/906 4646/598 
f 4656/903 4655/907 4636/601 4634/904 
f 4650/905 4656/903 4634/904 4633/592 
f 4656/903 4650/905 4642/595 4641/906 
f 4655/907 4656/903 4641/906 4648/598 
f 4657/903 4658/904 4659/592 4660/905 
f 4661/906 4657/903 4660/905 4662/595 
f 4657/903 4661/906 4663/598 4664/907 
f 4658/904 4657/903 4664/907 4665/601 
f 4666/903 4667/907 4668/601 4669/904 
f 4670/905 4666/903 4669/904 4671/592 
f 4666/903 4670/905 4672/595 4673/906 
f 4667/907 4666/903 4673/906 4674/598 
f 4675/903 4676/907 4659/601 4658/904 
f 4677/905 4675/903 4658/904 4665/592 
f 4675/903 4677/905 4671/595 4669/906 
f 4676/907 4675/903 4669/906 4668/598 
f 4678/903 4677/907 4665/601 4664/904 
f 4679/905 4678/903 4664/904 4663/592 
f 4678/903 4679/905 4672/595 4670/906 
f 4677/907 4678/903 4670/906 4671/598 
f 4680/903 4679/907 4663/601 4661/904 
f 4681/905 4680/903 4661/904 4662/592 
f 4680/903 4681/905 4674/595 4673/906 
f 4679/907 4680/903 4673/906 4672/598 
f 4682/903 4681/907 4662/601 4660/904 
f 4676/905 4682/903 4660/904 4659/592 
f 4682/903 4676/905 4668/595 4667/906 
f 4681/907 4682/903 4667/906 4674/598 
f 4683/903 4684/904 4685/592 4686/905 
f 4687/906 4683/903 4686/905 4688/595 
f 4683/903 4687/906 4689/598 4690/907 
f 4684/904 4683/903 4690/907 4691/601 
f 4692/903 4693/907 4694/601 4695/904 
f 4696/905 4692/903 4695/904 4697/592 
f 4692/903 4696/905 4698/595 4699/906 
f 4693/907 4692/903 4699/906 4700/598 
f 4701/903 4702/907 4685/601 4684/904 
f 4703/905 4701/903 4684/904 4691/592 
f 4701/903 4703/905 4697/595 4695/906 
f 4702/907 4701/903 4695/906 4694/598 
f 4704/903 4703/907 4691/601 4690/904 
f 4705/905 4704/903 4690/904 4689/592 
f 4704/903 4705/905 4698/595 4696/906 
f 4703/907 4704/903 4696/906 4697/598 
f 4706/903 4705/907 4689/601 4687/904 
f 4707/905 4706/903 4687/904 4688/592 
f 4706/903 4707/905 4700/595 4699/906 
f 4705/907 4706/903 4699/906 4698/598 
f 4708/903 4707/907 4688/601 4686/904 
f 4702/905 4708/903 4686/904 4685/592 
f 4708/903 4702/905 4694/595 4693/906 
f 4707/907 4708/903 4693/906 4700/598 
usemtl Plastic
f 4709/903 4710/904 4711/592 4712/905 
f 4713/906 4709/903 4712/905 4714/595 
f 4709/903 4713/906 4715/598 4716/907 
f 4710/904 4709/903 4716/907 4717/601 
f 4718/903 4719/907 4720/601 4721/904 
f 4722/905 4718/903 4721/904 4723/592 
f 4718/903 4722/905 4724/595 4725/906 
f 4719/907 4718/903 4725/906 4726/598 
f 4727/903 4728/907 4711/601 4710/904 
f 4729/905 4727/903 4710/904 4717/592 
f 4727/903 4729/905 4723/595 4721/906 
f 4728/907 4727/903 4721/906 4720/598 
f 4730/903 4729/907 4717/601 4716/904 
f 4731/905 4730/903 4716/904 4715/592 
f 4730/903 4731/905 4724/595 4722/906 
f 4729/907 4730/903 4722/906 4723/598 
f 4732/903 4731/907 4715/601 4713/904 
f 4733/905 4732/903 4713/904 4714/592 
f 4732/903 4733/905 4726/595 4725/906 
f 4731/907 4732/903 4725/906 4724/598 
f 4734/903 4733/907 4714/601 4712/904 
f 4728/905 4734/903 4712/904 4711/592 
f 4734/903 4728/905 4720/595 4719/906 
f 4733/907 4734/903 4719/906 4726/598 
f 4735/903 4736/904 4737/592 4738/905 
f 4739/906 4735/903 4738/905 4740/595 
f 4735/903 4739/906 4741/598 4742/907 
f 4736/904 4735/903 4742/907 4743/601 
f 4744/903 4745/907 4746/601 4747/904 
f 4748/905 4744/903 4747/904 4749/592 
f 4744/903 4748/905 4750/595 4751/906 
f 4745/907 4744/903 4751/906 4752/598 
f 4753/903 4754/907 4737/601 4736/904 
f 4755/905 4753/903 4736/904 4743/592 
f 4753/903 4755/905 4749/595 4747/906 
f 4754/907 4753/903 4747/906 4746/598 
f 4756/903 4755/907 4743/601 4742/904 
f 4757/905 4756/903 4742/904 4741/592 
f 4756/903 4757/905 4750/595 4748/906 
f 4755/907 4756/903 4748/906 4749/598 
f 4758/903 4757/907 4741/601 4739/904 
f 4759/905 4758/903 4739/904 4740/592 
f 4758/903 4759/905 4752/595 4751/906 
f 4757/907 4758/903 4751/906 4750/598 
f 4760/903 4759/907 4740/601 4738/904 
f 4754/905 4760/903 4738/904 4737/592 
f 4760/903 4754/905 4746/595 4745/906 
f 4759/907 4760/903 4745/906 4752/598 
f 4761/903 4762/904 4763/592 4764/905 
f 4765/906 4761/903 4764/905 4766/595 
f 4761/903 4765/906 4767/598 4768/907 
f 4762/904 4761/903 4768/907 4769/601 
f 4770/903 4771/907 4772/601 4773/904 
f 4774/905 4770/903 4773/904 4775/592 
f 4770/903 4774/905 4776/595 4777/906 
f 4771/907 4770/903 4777/906 4778/598 
f 4779/903 4780/907 4763/601 4762/904 
f 4781/905 4779/903 4762/904 4769/592 
f 4779/903 4781/905 4775/595 4773/906 
f 4780/907 4779/903 4773/906 4772/598 
f 4782/903 4781/907 4769/601 4768/904 
f 4783/905 4782/903 4768/904 4767/592 
f 4782/903 4783/905 4776/595 4774/906 
f 4781/907 4782/903 4774/906 4775/598 
f 4784/903 4783/907 4767/601 4765/904 
f 4785/905 4784/903 4765/904 4766/592 
f 4784/903 4785/905 4778/595 4777/906 
f 4783/907 4784/903 4777/906 4776/598 
f 4786/903 4785/907 4766/601 4764/904 
f 4780/905 4786/903 4764/904 4763/592 
f 4786/903 4780/905 4772/595 4771/906 
f 4785/907 4786/903 4771/906 4778/598 
f 4787/903 4788/904 4789/592 4790/905 
f 4791/906 4787/903 4790/905 4792/595 
f 4787/903 4791/906 4793/598 4794/907 
f 4788/904 4787/903 4794/907 4795/601 
f 4796/903 4797/907 4798/601 4799/904 
f 4800/905 4796/903 4799/904 4801/592 
f 4796/903 4800/905 4802/595 4803/906 
f 4797/907 4796/903 4803/906 4804/598 
f 4805/903 4806/907 4789/601 4788/904 
f 4807/905 4805/903 4788/904 4795/592 
f 4805/903 4807/905 4801/595 4799/906 
f 4806/907 4805/903 4799/906 4798/598 
f 4808/903 4807/907 4795/601 4794/904 
f 4809/905 4808/903 4794/904 4793/592 
f 4808/903 4809/905 4802/595 4800/906 
f 4807/907 4808/903 4800/906 4801/598 
f 4810/903 4809/907 4793/601 4791/904 
f 4811/905 4810/903 4791/904 4792/592 
f 4810/903 4811/905 4804/595 4803/906 
f 4809/907 4810/903 4803/906 4802/598 
f 4812/903 4811/907 4792/601 4790/904 
f 4806/905 4812/903 4790/904 4789/592 
f 4812/903 4806/905 4798/595 4797/906 
f 4811/907 4812/903 4797/906 4804/598 
f 4813/903 4814/904 4815/592 4816/905 
f 4817/906 4813/903 4816/905 4818/595 
f 4813/903 4817/906 4819/598 4820/907 
f 4814/904 4813/903 4820/907 4821/601 
f 4822/903 4823/907 4824/601 4825/904 
f 4826/905 4822/903 4825/904 4827/592 
f 4822/903 4826/905 4828/595 4829/906 
f 4823/907 4822/903 4829/906 4830/598 
f 4831/903 4832/907 4815/601 4814/904 
f 4833/905 4831/903 4814/904 4821/592 
f 4831/903 4833/905 4827/595 4825/906 
f 4832/907 4831/903 4825/906 4824/598 
f 4834/903 4833/907 4821/601 4820/904 
f 4835/905 4834/903 4820/904 4819/592 
f 4834/903 4835/905 4828/595 4826/906 
f 4833/907 4834/903 4826/906 4827/598 
f 4836/903 4835/907 4819/601 4817/904 
f 4837/905 4836/903 4817/904 4818/592 
f 4836/903 4837/905 4830/595 4829/906 
f 4835/907 4836/903 4829/906 4828/598 
f 4838/903 4837/907 4818/601 4816/904 
f 4832/905 4838/903 4816/904 4815/592 
f 4838/903 4832/905 4824/595 4823/906 
f 4837/907 4838/903 4823/906 4830/598 
f 4839/903 4840/904 4841/592 4842/905 
f 4843/906 4839/903 4842/905 4844/595 
f 4839/903 4843/906 4845/598 4846/907 
f 4840/904 4839/903 4846/907 4847/601 
f 4848/903 4849/907 4850/601 4851/904 
f 4852/905 4848/903 4851/904 4853/592 
f 4848/903 4852/905 4854/595 4855/906 
f 4849/907 4848/903 4855/906 4856/598 
f 4857/903 4858/907 4841/601 4840/904 
f 4859/905 4857/903 4840/904 4847/592 
f 4857/903 4859/905 4853/595 4851/906 
f 4858/907 4857/903 4851/906 4850/598 
f 4860/903 4859/907 4847/601 4846/904 
f 4861/905 4860/903 4846/904 4845/592 
f 4860/903 4861/905 4854/595 4852/906 
f 4859/907 4860/903 4852/906 4853/598 
f 4862/903 4861/907 4845/601 4843/904 
f 4863/905 4862/903 4843/904 4844/592 
f 4862/903 4863/905 4856/595 4855/906 
f 4861/907 4862/903 4855/906 4854/598 
f 4864/903 4863/907 4844/601 4842/904 
f 4858/905 4864/903 4842/904 4841/592 
f 4864/903 4858/905 4850/595 4849/906 
f 4863/907 4864/903 4849/906 4856/598 
f 4865/903 4866/904 4867/592 4868/905 
f 4869/906 4865/903 4868/905 4870/595 
f 4865/903 4869/906 4871/598 4872/907 
f 4866/904 4865/903 4872/907 4873/601 
f 4874/903 4875/907 4876/601 4877/904 
f 4878/905 4874/903 4877/904 4879/592 
f 4874/903 4878/905 4880/595 4881/906 
f 4875/907 4874/903 4881/906 4882/598 
f 4883/903 4884/907 4867/601 4866/904 
f 4885/905 4883/903 4866/904 4873/592 
f 4883/903 4885/905 4879/595 4877/906 
f 4884/907 4883/903 4877/906 4876/598 
f 4886/903 4885/907 4873/601 4872/904 
f 4887/905 4886/903 4872/904 4871/592 
f 4886/903 4887/905 4880/595 4878/906 
f 4885/907 4886/903 4878/906 4879/598 
f 4888/903 4887/907 4871/601 4869/904 
f 4889/905 4888/903 4869/904 4870/592 
f 4888/903 4889/905 4882/595 4881/906 
f 4887/907 4888/903 4881/906 4880/598 
f 4890/903 4889/907 4870/601 4868/904 
f 4884/905 4890/903 4868/904 4867/592 
f 4890/903 4884/905 4876/595 4875/906 
f 4889/907 4890/903 4875/906 4882/598 
f 4891/903 4892/904 4893/592 4894/905 
f 4895/906 4891/903 4894/905 4896/595 
f 4891/903 4895/906 4897/598 4898/907 
f 4892/904 4891/903 4898/907 4899/601 
f 4900/903 4901/907 4902/601 4903/904 
f 4904/905 4900/903 4903/904 4905/592 
f 4900/903 4904/905 4906/595 4907/906 
f 4901/907 4900/903 4907/906 4908/598 
f 4909/903 4910/907 4893/601 4892/904 
f 4911/905 4909/903 4892/904 4899/592 
f 4909/903 4911/905 4905/595 4903/906 
f 4910/907 4909/903 4903/906 4902/598 
f 4912/903 4911/907 4899/601 4898/904 
f 4913/905 4912/903 4898/904 4897/592 
f 4912/903 4913/905 4906/595 4904/906 
f 4911/907 4912/903 4904/906 4905/598 
f 4914/903 4913/907 4897/601 4895/904 
f 4915/905 4914/903 4895/904 4896/592 
f 4914/903 4915/905 4908/595 4907/906 
f 4913/907 4914/903 4907/906 4906/598 
f 4916/903 4915/907 4896/601 4894/904 
f 4910/905 4916/903 4894/904 4893/592 
f 4916/903 4910/905 4902/595 4901/906 
f 4915/907 4916/903 4901/906 4908/598 
f 4917/903 4918/904 4919/592 4920/905 
f 4921/906 4917/903 4920/905 4922/595 
f 4917/903 4921/906 4923/598 4924/907 
f 4918/904 4917/903 4924/907 4925/601 
f 4926/903 4927/907 4928/601 4929/904 
f 4930/905 4926/903 4929/904 4931/592 
f 4926/903 4930/905 4932/595 4933/906 
f 4927/907 4926/903 4933/906 4934/598 
f 4935/903 4936/907 4919/601 4918/904 
f 4937/905 4935/903 4918/904 4925/592 
f 4935/903 4937/905 4931/595 4929/906 
f 4936/907 4935/903 4929/906 4928/598 
f 4938/903 4937/907 4925/601 4924/904 
f 4939/905 4938/903 4924/904 4923/592 
f 4938/903 4939/905 4932/595 4930/906 
f 4937/907 4938/903 4930/906 4931/598 
f 4940/903 4939/907 4923/601 4921/904 
f 4941/905 4940/903 4921/904 4922/592 
f 4940/903 4941/905 4934/595 4933/906 
f 4939/907 4940/903 4933/906 4932/598 
f 4942/903 4941/907 4922/601 4920/904 
f 4936/905 4942/903 4920/904 4919/592 
f 4942/903 4936/905 4928/595 4927/906 
f 4941/907 4942/903 4927/906 4934/598 
f 4943/903 4944/904 4945/592 4946/905 
f 4947/906 4943/903 4946/905 4948/595 
f 4943/903 4947/906 4949/598 4950/907 
f 4944/904 4943/903 4950/907 4951/601 
f 4952/903 4953/907 4954/601 4955/904 
f 4956/905 4952/903 4955/904 4957/592 
f 4952/903 4956/905 4958/595 4959/906 
f 4953/907 4952/903 4959/906 4960/598 
f 4961/903 4962/907 4945/601 4944/904 
f 4963/905 4961/903 4944/904 4951/592 
f 4961/903 4963/905 4957/595 4955/906 
f 4962/907 4961/903 4955/906 4954/598 
f 4964/903 4963/907 4951/601 4950/904 
f 4965/905 4964/903 4950/904 4949/592 
f 4964/903 4965/905 4958/595 4956/906 
f 4963/907 4964/903 4956/906 4957/598 
f 4966/903 4965/907 4949/601 4947/904 
f 4967/905 4966/903 4947/904 4948/592 
f 4966/903 4967/905 4960/595 4959/906 
f 4965/907 4966/903 4959/906 4958/598 
f 4968/903 4967/907 4948/601 4946/904 
f 4962/905 4968/903 4946/904 4945/592 
f 4968/903 4962/905 4954/595 4953/906 
f 4967/907 4968/903 4953/906 4960/598 
f 4969/903 4970/904 4971/592 4972/905 
f 4973/906 4969/903 4972/905 4974/595 
f 4969/903 4973/906 4975/598 4976/907 
f 4970/904 4969/903 4976/907 4977/601 
f 4978/903 4979/907 4980/601 4981/904 
f 4982/905 4978/903 4981/904 4983/592 
f 4978/903 4982/905 4984/595 4985/906 
f 4979/907 4978/903 4985/906 4986/598 
f 4987/903 4988/907 4971/601 4970/904 
f 4989/905 4987/903 4970/904 4977/592 
f 4987/903 4989/905 4983/595 4981/906 
f 4988/907 4987/903 4981/906 4980/598 
f 4990/903 4989/907 4977/601 4976/904 
f 4991/905 4990/903 4976/904 4975/592 
f 4990/903 4991/905 4984/595 4982/906 
f 4989/907 4990/903 4982/906 4983/598 
f 4992/903 4991/907 4975/601 4973/904 
f 4993/905 4992/903 4973/904 4974/592 
f 4992/903 4993/905 4986/595 4985/906 
f 4991/907 4992/903 4985/906 4984/598 
f 4994/903 4993/907 4974/601 4972/904 
f 4988/905 4994/903 4972/904 4971/592 
f 4994/903 4988/905 4980/595 4979/906 
f 4993/907 4994/903 4979/906 4986/598 
f 4995/903 4996/904 4997/592 4998/905 
f 4999/906 4995/903 4998/905 5000/595 
f 4995/903 4999/906 5001/598 5002/907 
f 4996/904 4995/903 5002/907 5003/601 
f 5004/903 5005/907 5006/601 5007/904 
f 5008/905 5004/903 5007/904 5009/592 
f 5004/903 5008/905 5010/595 5011/906 
f 5005/907 5004/903 5011/906 5012/598 
f 5013/903 5014/907 4997/601 4996/904 
f 5015/905 5013/903 4996/904 5003/592 
f 5013/903 5015/905 5009/595 5007/906 
f 5014/907 5013/903 5007/906 5006/598 
f 5016/903 5015/907 5003/601 5002/904 
f 5017/905 5016/903 5002/904 5001/592 
f 5016/903 5017/905 5010/595 5008/906 
f 5015/907 5016/903 5008/906 5009/598 
f 5018/903 5017/907 5001/601 4999/904 
f 5019/905 5018/903 4999/904 5000/592 
f 5018/903 5019/905 5012/595 5011/906 
f 5017/907 5018/903 5011/906 5010/598 
f 5020/903 5019/907 5000/601 4998/904 
f 5014/905 5020/903 4998/904 4997/592 
f 5020/903 5014/905 5006/595 5005/906 
f 5019/907 5020/903 5005/906 5012/598 
f 5021/903 5022/904 5023/592 5024/905 
f 5025/906 5021/903 5024/905 5026/595 
f 5021/903 5025/906 5027/598 5028/907 
f 5022/904 5021/903 5028/907 5029/601 
f 5030/903 5031/907 5032/601 5033/904 
f 5034/905 5030/903 5033/904 5035/592 
f 5030/903 5034/905 5036/595 5037/906 
f 5031/907 5030/903 5037/906 5038/598 
f 5039/903 5040/907 5023/601 5022/904 
f 5041/905 5039/903 5022/904 5029/592 
f 5039/903 5041/905 5035/595 5033/906 
f 5040/907 5039/903 5033/906 5032/598 
f 5042/903 5041/907 5029/601 5028/904 
f 5043/905 5042/903 5028/904 5027/592 
f 5042/903 5043/905 5036/595 5034/906 
f 5041/907 5042/903 5034/906 5035/598 
f 5044/903 5043/907 5027/601 5025/904 
f 5045/905 5044/903 5025/904 5026/592 
f 5044/903 5045/905 5038/595 5037/906 
f 5043/907 5044/903 5037/906 5036/598 
f 5046/903 5045/907 5026/601 5024/904 
f 5040/905 5046/903 5024/904 5023/592 
f 5046/903 5040/905 5032/595 5031/906 
f 5045/907 5046/903 5031/906 5038/598 
f 5047/903 5048/904 5049/592 5050/905 
f 5051/906 5047/903 5050/905 5052/595 
f 5047/903 5051/906 5053/598 5054/907 
f 5048/904 5047/903 5054/907 5055/601 
f 5056/903 5057/907 5058/601 5059/904 
f 5060/905 5056/903 5059/904 5061/592 
f 5056/903 5060/905 5062/595 5063/906 
f 5057/907 5056/903 5063/906 5064/598 
f 5065/903 5066/907 5049/601 5048/904 
f 5067/905 5065/903 5048/904 5055/592 
f 5065/903 5067/905 5061/595 5059/906 
f 5066/907 5065/903 5059/906 5058/598 
f 5068/903 5067/907 5055/601 5054/904 
f 5069/905 5068/903 5054/904 5053/592 
f 5068/903 5069/905 5062/595 5060/906 
f 5067/907 5068/903 5060/906 5061/598 
f 5070/903 5069/907 5053/601 5051/904 
f 5071/905 5070/903 5051/904 5052/592 
f 5070/903 5071/905 5064/595 5063/906 
f 5069/907 5070/903 5063/906 5062/598 
f 5072/903 5071/907 5052/601 5050/904 
f 5066/905 5072/903 5050/904 5049/592 
f 5072/903 5066/905 5058/595 5057/906 
f 5071/907 5072/903 5057/906 5064/598 
f 5073/903 5074/904 5075/592 5076/905 
f 5077/906 5073/903 5076/905 5078/595 
f 5073/903 5077/906 5079/598 5080/907 
f 5074/904 5073/903 5080/907 5081/601 
f 5082/903 5083/907 5084/601 5085/904 
f 5086/905 5082/903 5085/904 5087/592 
f 5082/903 5086/905 5088/595 5089/906 
f 5083/907 5082/903 5089/906 5090/598 
f 5091/903 5092/907 5075/601 5074/904 
f 5093/905 5091/903 5074/904 5081/592 
f 5091/903 5093/905 5087/595 5085/906 
f 5092/907 5091/903 5085/906 5084/598 
f 5094/903 5093/907 5081/601 5080/904 
f 5095/905 5094/903 5080/904 5079/592 
f 5094/903 5095/905 5088/595 5086/906 
f 5093/907 5094/903 5086/906 5087/598 
f 5096/903 5095/907 5079/601 5077/904 
f 5097/905 5096/903 5077/904 5078/592 
f 5096/903 5097/905 5090/595 5089/906 
f 5095/907 5096/903 5089/906 5088/598 
f 5098/903 5097/907 5078/601 5076/904 
f 5092/905 5098/903 5076/904 5075/592 
f 5098/903 5092/905 5084/595 5083/906 
f 5097/907 5098/903 5083/906 5090/598 
f 5099/903 5100/904 5101/592 5102/905 
f 5103/906 5099/903 5102/905 5104/595 
f 5099/903 5103/906 5105/598 5106/907 
f 5100/904 5099/903 5106/907 5107/601 
f 5108/903 5109/907 5110/601 5111/904 
f 5112/905 5108/903 5111/904 5113/592 
f 5108/903 5112/905 5114/595 5115/906 
f 5109/907 5108/903 5115/906 5116/598 
f 5117/903 5118/907 5101/601 5100/904 
f 5119/905 5117/903 5100/904 5107/592 
f 5117/903 5119/905 5113/595 5111/906 
f 5118/907 5117/903 5111/906 5110/598 
f 5120/903 5119/907 5107/601 5106/904 
f 5121/905 5120/903 5106/904 5105/592 
f 5120/903 5121/905 5114/595 5112/906 
f 5119/907 5120/903 5112/906 5113/598 
f 5122/903 5121/907 5105/601 5103/904 
f 5123/905 5122/903 5103/904 5104/592 
f 5122/903 5123/905 5116/595 5115/906 
f 5121/907 5122/903 5115/906 5114/598 
f 5124/903 5123/907 5104/601 5102/904 
f 5118/905 5124/903 5102/904 5101/592 
f 5124/903 5118/905 5110/595 5109/906 
f 5123/907 5124/903 5109/906 5116/598 
f 5125/903 5126/904 5127/592 5128/905 
f 5129/906 5125/903 5128/905 5130/595 
f 5125/903 5129/906 5131/598 5132/907 
f 5126/904 5125/903 5132/907 5133/601 
f 5134/903 5135/907 5136/601 5137/904 
f 5138/905 5134/903 5137/904 5139/592 
f 5134/903 5138/905 5140/595 5141/906 
f 5135/907 5134/903 5141/906 5142/598 
f 5143/903 5144/907 5127/601 5126/904 
f 5145/905 5143/903 5126/904 5133/592 
f 5143/903 5145/905 5139/595 5137/906 
f 5144/907 5143/903 5137/906 5136/598 
f 5146/903 5145/907 5133/601 5132/904 
f 5147/905 5146/903 5132/904 5131/592 
f 5146/903 5147/905 5140/595 5138/906 
f 5145/907 5146/903 5138/906 5139/598 
f 5148/903 5147/907 5131/601 5129/904 
f 5149/905 5148/903 5129/904 5130/592 
f 5148/903 5149/905 5142/595 5141/906 
f 5147/907 5148/903 5141/906 5140/598 
f 5150/903 5149/907 5130/601 5128/904 
f 5144/905 5150/903 5128/904 5127/592 
f 5150/903 5144/905 5136/595 5135/906 
f 5149/907 5150/903 5135/906 5142/598 
f 5151/903 5152/904 5153/592 5154/905 
f 5155/906 5151/903 5154/905 5156/595 
f 5151/903 5155/906 5157/598 5158/907 
f 5152/904 5151/903 5158/907 5159/601 
f 5160/903 5161/907 5162/601 5163/904 
f 5164/905 5160/903 5163/904 5165/592 
f 5160/903 5164/905 5166/595 5167/906 
f 5161/907 5160/903 5167/906 5168/598 
f 5169/903 5170/907 5153/601 5152/904 
f 5171/905 5169/903 5152/904 5159/592 
f 5169/903 5171/905 5165/595 5163/906 
f 5170/907 5169/903 5163/906 5162/598 
f 5172/903 5171/907 5159/601 5158/904 
f 5173/905 5172/903 5158/904 5157/592 
f 5172/903 5173/905 5166/595 5164/906 
f 5171/907 5172/903 5164/906 5165/598 
f 5174/903 5173/907 5157/601 5155/904 
f 5175/905 5174/903 5155/904 5156/592 
f 5174/903 5175/905 5168/595 5167/906 
f 5173/907 5174/903 5167/906 5166/598 
f 5176/903 5175/907 5156/601 5154/904 
f 5170/905 5176/903 5154/904 5153/592 
f 5176/903 5170/905 5162/595 5161/906 
f 5175/907 5176/903 5161/906 5168/598 
f 5177/903 5178/904 5179/592 5180/905 
f 5181/906 5177/903 5180/905 5182/595 
f 5177/903 5181/906 5183/598 5184/907 
f 5178/904 5177/903 5184/907 5185/601 
f 5186/903 5187/907 5188/601 5189/904 
f 5190/905 5186/903 5189/904 5191/592 
f 5186/903 5190/905 5192/595 5193/906 
f 5187/907 5186/903 5193/906 5194/598 
f 5195/903 5196/907 5179/601 5178/904 
f 5197/905 5195/903 5178/904 5185/592 
f 5195/903 5197/905 5191/595 5189/906 
f 5196/907 5195/903 5189/906 5188/598 
f 5198/903 5197/907 5185/601 5184/904 
f 5199/905 5198/903 5184/904 5183/592 
f 5198/903 5199/905 5192/595 5190/906 
f 5197/907 5198/903 5190/906 5191/598 
f 5200/903 5199/907 5183/601 5181/904 
f 5201/905 5200/903 5181/904 5182/592 
f 5200/903 5201/905 5194/595 5193/906 
f 5199/907 5200/903 5193/906 5192/598 
f 5202/903 5201/907 5182/601 5180/904 
f 5196/905 5202/903 5180/904 5179/592 
f 5202/903 5196/905 5188/595 5187/906 
f 5201/907 5202/903 5187/906 5194/598 
f 5203/903 5204/904 5205/592 5206/905 
f 5207/906 5203/903 5206/905 5208/595 
f 5203/903 5207/906 5209/598 5210/907 
f 5204/904 5203/903 5210/907 5211/601 
f 5212/903 5213/907 5214/601 5215/904 
f 5216/905 5212/903 5215/904 5217/592 
f 5212/903 5216/905 5218/595 5219/906 
f 5213/907 5212/903 5219/906 5220/598 
f 5221/903 5222/907 5205/601 5204/904 
f 5223/905 5221/903 5204/904 5211/592 
f 5221/903 5223/905 5217/595 5215/906 
f 5222/907 5221/903 5215/906 5214/598 
f 5224/903 5223/907 5211/601 5210/904 
f 5225/905 5224/903 5210/904 5209/592 
f 5224/903 5225/905 5218/595 5216/906 
f 5223/907 5224/903 5216/906 5217/598 
f 5226/903 5225/907 5209/601 5207/904 
f 5227/905 5226/903 5207/904 5208/592 
f 5226/903 5227/905 5220/595 5219/906 
f 5225/907 5226/903 5219/906 5218/598 
f 5228/903 5227/907 5208/601 5206/904 
f 5222/905 5228/903 5206/904 5205/592 
f 5228/903 5222/905 5214/595 5213/906 
f 5227/907 5228/903 5213/906 5220/598 
f 5229/903 5230/904 5231/592 5232/905 
f 5233/906 5229/903 5232/905 5234/595 
f 5229/903 5233/906 5235/598 5236/907 
f 5230/904 5229/903 5236/907 5237/601 
f 5238/903 5239/907 5240/601 5241/904 
f 5242/905 5238/903 5241/904 5243/592 
f 5238/903 5242/905 5244/595 5245/906 
f 5239/907 5238/903 5245/906 5246/598 
f 5247/903 5248/907 5231/601 5230/904 
f 5249/905 5247/903 5230/904 5237/592 
f 5247/903 5249/905 5243/595 5241/906 
f 5248/907 5247/903 5241/906 5240/598 
f 5250/903 5249/907 5237/601 5236/904 
f 5251/905 5250/903 5236/904 5235/592 
f 5250/903 5251/905 5244/595 5242/906 
f 5249/907 5250/903 5242/906 5243/598 
f 5252/903 5251/907 5235/601 5233/904 
f 5253/905 5252/903 5233/904 5234/592 
f 5252/903 5253/905 5246/595 5245/906 
f 5251/907 5252/903 5245/906 5244/598 
f 5254/903 5253/907 5234/601 5232/904 
f 5248/905 5254/903 5232/904 5231/592 
f 5254/903 5248/905 5240/595 5239/906 
f 5253/907 5254/903 5239/906 5246/598 
f 5255/903 5256/904 5257/592 5258/905 
f 5259/906 5255/903 5258/905 5260/595 
f 5255/903 5259/906 5261/598 5262/907 
f 5256/904 5255/903 5262/907 5263/601 
f 5264/903 5265/907 5266/601 5267/904 
f 5268/905 5264/903 5267/904 5269/592 
f 5264/903 5268/905 5270/595 5271/906 
f 5265/907 5264/903 5271/906 5272/598 
f 5273/903 5274/907 5257/601 5256/904 
f 5275/905 5273/903 5256/904 5263/592 
f 5273/903 5275/905 5269/595 5267/906 
f 5274/907 5273/903 5267/906 5266/598 
f 5276/903 5275/907 5263/601 5262/904 
f 5277/905 5276/903 5262/904 5261/592 
f 5276/903 5277/905 5270/595 5268/906 
f 5275/907 5276/903 5268/906 5269/598 
f 5278/903 5277/907 5261/601 5259/904 
f 5279/905 5278/903 5259/904 5260/592 
f 5278/903 5279/905 5272/595 5271/906 
f 5277/907 5278/903 5271/906 5270/598 
f 5280/903 5279/907 5260/601 5258/904 
f 5274/905 5280/903 5258/904 5257/592 
f 5280/903 5274/905 5266/595 5265/906 
f 5279/907 5280/903 5265/906 5272/598 
f 5281/903 5282/904 5283/592 5284/905 
f 5285/906 5281/903 5284/905 5286/595 
f 5281/903 5285/906 5287/598 5288/907 
f 5282/904 5281/903 5288/907 5289/601 
f 5290/903 5291/907 5292/601 5293/904 
f 5294/905 5290/903 5293/904 5295/592 
f 5290/903 5294/905 5296/595 5297/906 
f 5291/907 5290/903 5297/906 5298/598 
f 5299/903 5300/907 5283/601 5282/904 
f 5301/905 5299/903 5282/904 5289/592 
f 5299/903 5301/905 5295/595 5293/906 
f 5300/907 5299/903 5293/906 5292/598 
f 5302/903 5301/907 5289/601 5288/904 
f 5303/905 5302/903 5288/904 5287/592 
f 5302/903 5303/905 5296/595 5294/906 
f 5301/907 5302/903 5294/906 5295/598 
f 5304/903 5303/907 5287/601 5285/904 
f 5305/905 5304/903 5285/904 5286/592 
f 5304/903 5305/905 5298/595 5297/906 
f 5303/907 5304/903 5297/906 5296/598 
f 5306/903 5305/907 5286/601 5284/904 
f 5300/905 5306/903 5284/904 5283/592 
f 5306/903 5300/905 5292/595 5291/906 
f 5305/907 5306/903 5291/906 5298/598 
f 5307/903 5308/904 5309/592 5310/905 
f 5311/906 5307/903 5310/905 5312/595 
f 5307/903 5311/906 5313/598 5314/907 
f 5308/904 5307/903 5314/907 5315/601 
f 5316/903 5317/907 5318/601 5319/904 
f 5320/905 5316/903 5319/904 5321/592 
f 5316/903 5320/905 5322/595 5323/906 
f 5317/907 5316/903 5323/906 5324/598 
f 5325/903 5326/907 5309/601 5308/904 
f 5327/905 5325/903 5308/904 5315/592 
f 5325/903 5327/905 5321/595 5319/906 
f 5326/907 5325/903 5319/906 5318/598 
f 5328/903 5327/907 5315/601 5314/904 
f 5329/905 5328/903 5314/904 5313/592 
f 5328/903 5329/905 5322/595 5320/906 
f 5327/907 5328/903 5320/906 5321/598 
f 5330/903 5329/907 5313/601 5311/904 
f 5331/905 5330/903 5311/904 5312/592 
f 5330/903 5331/905 5324/595 5323/906 
f 5329/907 5330/903 5323/906 5322/598 
f 5332/903 5331/907 5312/601 5310/904 
f 5326/905 5332/903 5310/904 5309/592 
f 5332/903 5326/905 5318/595 5317/906 
f 5331/907 5332/903 5317/906 5324/598 
f 5333/903 5334/904 5335/592 5336/905 
f 5337/906 5333/903 5336/905 5338/595 
f 5333/903 5337/906 5339/598 5340/907 
f 5334/904 5333/903 5340/907 5341/601 
f 5342/903 5343/907 5344/601 5345/904 
f 5346/905 5342/903 5345/904 5347/592 
f 5342/903 5346/905 5348/595 5349/906 
f 5343/907 5342/903 5349/906 5350/598 
f 5351/903 5352/907 5335/601 5334/904 
f 5353/905 5351/903 5334/904 5341/592 
f 5351/903 5353/905 5347/595 5345/906 
f 5352/907 5351/903 5345/906 5344/598 
f 5354/903 5353/907 5341/601 5340/904 
f 5355/905 5354/903 5340/904 5339/592 
f 5354/903 5355/905 5348/595 5346/906 
f 5353/907 5354/903 5346/906 5347/598 
f 5356/903 5355/907 5339/601 5337/904 
f 5357/905 5356/903 5337/904 5338/592 
f 5356/903 5357/905 5350/595 5349/906 
f 5355/907 5356/903 5349/906 5348/598 
f 5358/903 5357/907 5338/601 5336/904 
f 5352/905 5358/903 5336/904 5335/592 
f 5358/903 5352/905 5344/595 5343/906 
f 5357/907 5358/903 5343/906 5350/598 
f 5359/903 5360/904 5361/592 5362/905 
f 5363/906 5359/903 5362/905 5364/595 
f 5359/903 5363/906 5365/598 5366/907 
f 5360/904 5359/903 5366/907 5367/601 
f 5368/903 5369/907 5370/601 5371/904 
f 5372/905 5368/903 5371/904 5373/592 
f 5368/903 5372/905 5374/595 5375/906 
f 5369/907 5368/903 5375/906 5376/598 
f 5377/903 5378/907 5361/601 5360/904 
f 5379/905 5377/903 5360/904 5367/592 
f 5377/903 5379/905 5373/595 5371/906 
f 5378/907 5377/903 5371/906 5370/598 
f 5380/903 5379/907 5367/601 5366/904 
f 5381/905 5380/903 5366/904 5365/592 
f 5380/903 5381/905 5374/595 5372/906 
f 5379/907 5380/903 5372/906 5373/598 
f 5382/903 5381/907 5365/601 5363/904 
f 5383/905 5382/903 5363/904 5364/592 
f 5382/903 5383/905 5376/595 5375/906 
f 5381/907 5382/903 5375/906 5374/598 
f 5384/903 5383/907 5364/601 5362/904 
f 5378/905 5384/903 5362/904 5361/592 
f 5384/903 5378/905 5370/595 5369/906 
f 5383/907 5384/903 5369/906 5376/598 
f 5385/903 5386/904 5387/592 5388/905 
f 5389/906 5385/903 5388/905 5390/595 
f 5385/903 5389/906 5391/598 5392/907 
f 5386/904 5385/903 5392/907 5393/601 
f 5394/903 5395/907 5396/601 5397/904 
f 5398/905 5394/903 5397/904 5399/592 
f 5394/903 5398/905 5400/595 5401/906 
f 5395/907 5394/903 5401/906 5402/598 
f 5403/903 5404/907 5387/601 5386/904 
f 5405/905 5403/903 5386/904 5393/592 
f 5403/903 5405/905 5399/595 5397/906 
f 5404/907 5403/903 5397/906 5396/598 
f 5406/903 5405/907 5393/601 5392/904 
f 5407/905 5406/903 5392/904 5391/592 
f 5406/903 5407/905 5400/595 5398/906 
f 5405/907 5406/903 5398/906 5399/598 
f 5408/903 5407/907 5391/601 5389/904 
f 5409/905 5408/903 5389/904 5390/592 
f 5408/903 5409/905 5402/595 5401/906 
f 5407/907 5408/903 5401/906 5400/598 
f 5410/903 5409/907 5390/601 5388/904 
f 5404/905 5410/903 5388/904 5387/592 
f 5410/903 5404/905 5396/595 5395/906 
f 5409/907 5410/903 5395/906 5402/598 
f 5411/903 5412/904 5413/592 5414/905 
f 5415/906 5411/903 5414/905 5416/595 
f 5411/903 5415/906 5417/598 5418/907 
f 5412/904 5411/903 5418/907 5419/601 
f 5420/903 5421/907 5422/601 5423/904 
f 5424/905 5420/903 5423/904 5425/592 
f 5420/903 5424/905 5426/595 5427/906 
f 5421/907 5420/903 5427/906 5428/598 
f 5429/903 5430/907 5413/601 5412/904 
f 5431/905 5429/903 5412/904 5419/592 
f 5429/903 5431/905 5425/595 5423/906 
f 5430/907 5429/903 5423/906 5422/598 
f 5432/903 5431/907 5419/601 5418/904 
f 5433/905 5432/903 5418/904 5417/592 
f 5432/903 5433/905 5426/595 5424/906 
f 5431/907 5432/903 5424/906 5425/598 
f 5434/903 5433/907 5417/601 5415/904 
f 5435/905 5434/903 5415/904 5416/592 
f 5434/903 5435/905 5428/595 5427/906 
f 5433/907 5434/903 5427/906 5426/598 
f 5436/903 5435/907 5416/601 5414/904 
f 5430/905 5436/903 5414/904 5413/592 
f 5436/903 5430/905 5422/595 5421/906 
f 5435/907 5436/903 5421/906 5428/598 
f 5437/903 5438/904 5439/592 5440/905 
f 5441/906 5437/903 5440/905 5442/595 
f 5437/903 5441/906 5443/598 5444/907 
f 5438/904 5437/903 5444/907 5445/601 
f 5446/903 5447/907 5448/601 5449/904 
f 5450/905 5446/903 5449/904 5451/592 
f 5446/903 5450/905 5452/595 5453/906 
f 5447/907 5446/903 5453/906 5454/598 
f 5455/903 5456/907 5439/601 5438/904 
f 5457/905 5455/903 5438/904 5445/592 
f 5455/903 5457/905 5451/595 5449/906 
f 5456/907 5455/903 5449/906 5448/598 
f 5458/903 5457/907 5445/601 5444/904 
f 5459/905 5458/903 5444/904 5443/592 
f 5458/903 5459/905 5452/595 5450/906 
f 5457/907 5458/903 5450/906 5451/598 
f 5460/903 5459/907 5443/601 5441/904 
f 5461/905 5460/903 5441/904 5442/592 
f 5460/903 5461/905 5454/595 5453/906 
f 5459/907 5460/903 5453/906 5452/598 
f 5462/903 5461/907 5442/601 5440/904 
f 5456/905 5462/903 5440/904 5439/592 
f 5462/903 5456/905 5448/595 5447/906 
f 5461/907 5462/903 5447/906 5454/598 
f 5463/903 5464/904 5465/592 5466/905 
f 5467/906 5463/903 5466/905 5468/595 
f 5463/903 5467/906 5469/598 5470/907 
f 5464/904 5463/903 5470/907 5471/601 
f 5472/903 5473/907 5474/601 5475/904 
f 5476/905 5472/903 5475/904 5477/592 
f 5472/903 5476/905 5478/595 5479/906 
f 5473/907 5472/903 5479/906 5480/598 
f 5481/903 5482/907 5465/601 5464/904 
f 5483/905 5481/903 5464/904 5471/592 
f 5481/903 5483/905 5477/595 5475/906 
f 5482/907 5481/903 5475/906 5474/598 
f 5484/903 5483/907 5471/601 5470/904 
f 5485/905 5484/903 5470/904 5469/592 
f 5484/903 5485/905 5478/595 5476/906 
f 5483/907 5484/903 5476/906 5477/598 
f 5486/903 5485/907 5469/601 5467/904 
f 5487/905 5486/903 5467/904 5468/592 
f 5486/903 5487/905 5480/595 5479/906 
f 5485/907 5486/903 5479/906 5478/598 
f 5488/903 5487/907 5468/601 5466/904 
f 5482/905 5488/903 5466/904 5465/592 
f 5488/903 5482/905 5474/595 5473/906 
f 5487/907 5488/903 5473/906 5480/598 
f 5489/903 5490/904 5491/592 5492/905 
f 5493/906 5489/903 5492/905 5494/595 
f 5489/903 5493/906 5495/598 5496/907 
f 5490/904 5489/903 5496/907 5497/601 
f 5498/903 5499/907 5500/601 5501/904 
f 5502/905 5498/903 5501/904 5503/592 
f 5498/903 5502/905 5504/595 5505/906 
f 5499/907 5498/903 5505/906 5506/598 
f 5507/903 5508/907 5491/601 5490/904 
f 5509/905 5507/903 5490/904 5497/592 
f 5507/903 5509/905 5503/595 5501/906 
f 5508/907 5507/903 5501/906 5500/598 
f 5510/903 5509/907 5497/601 5496/904 
f 5511/905 5510/903 5496/904 5495/592 
f 5510/903 5511/905 5504/595 5502/906 
f 5509/907 5510/903 5502/906 5503/598 
f 5512/903 5511/907 5495/601 5493/904 
f 5513/905 5512/903 5493/904 5494/592 
f 5512/903 5513/905 5506/595 5505/906 
f 5511/907 5512/903 5505/906 5504/598 
f 5514/903 5513/907 5494/601 5492/904 
f 5508/905 5514/903 5492/904 5491/592 
f 5514/903 5508/905 5500/595 5499/906 
f 5513/907 5514/903 5499/906 5506/598 
f 5515/903 5516/904 5517/592 5518/905 
f 5519/906 5515/903 5518/905 5520/595 
f 5515/903 5519/906 5521/598 5522/907 
f 5516/904 5515/903 5522/907 5523/601 
f 5524/903 5525/907 5526/601 5527/904 
f 5528/905 5524/903 5527/904 5529/592 
f 5524/903 5528/905 5530/595 5531/906 
f 5525/907 5524/903 5531/906 5532/598 
f 5533/903 5534/907 5517/601 5516/904 
f 5535/905 5533/903 5516/904 5523/592 
f 5533/903 5535/905 5529/595 5527/906 
f 5534/907 5533/903 5527/906 5526/598 
f 5536/903 5535/907 5523/601 5522/904 
f 5537/905 5536/903 5522/904 5521/592 
f 5536/903 5537/905 5530/595 5528/906 
f 5535/907 5536/903 5528/906 5529/598 
f 5538/903 5537/907 5521/601 5519/904 
f 5539/905 5538/903 5519/904 5520/592 
f 5538/903 5539/905 5532/595 5531/906 
f 5537/907 5538/903 5531/906 5530/598 
f 5540/903 5539/907 5520/601 5518/904 
f 5534/905 5540/903 5518/904 5517/592 
f 5540/903 5534/905 5526/595 5525/906 
f 5539/907 5540/903 5525/906 5532/598 
f 5541/903 5542/904 5543/592 5544/905 
f 5545/906 5541/903 5544/905 5546/595 
f 5541/903 5545/906 5547/598 5548/907 
f 5542/904 5541/903 5548/907 5549/601 
f 5550/903 5551/907 5552/601 5553/904 
f 5554/905 5550/903 5553/904 5555/592 
f 5550/903 5554/905 5556/595 5557/906 
f 5551/907 5550/903 5557/906 5558/598 
f 5559/903 5560/907 5543/601 5542/904 
f 5561/905 5559/903 5542/904 5549/592 
f 5559/903 5561/905 5555/595 5553/906 
f 5560/907 5559/903 5553/906 5552/598 
f 5562/903 5561/907 5549/601 5548/904 
f 5563/905 5562/903 5548/904 5547/592 
f 5562/903 5563/905 5556/595 5554/906 
f 5561/907 5562/903 5554/906 5555/598 
f 5564/903 5563/907 5547/601 5545/904 
f 5565/905 5564/903 5545/904 5546/592 
f 5564/903 5565/905 5558/595 5557/906 
f 5563/907 5564/903 5557/906 5556/598 
f 5566/903 5565/907 5546/601 5544/904 
f 5560/905 5566/903 5544/904 5543/592 
f 5566/903 5560/905 5552/595 5551/906 
f 5565/907 5566/903 5551/906 5558/598 
f 5567/903 5568/904 5569/592 5570/905 
f 5571/906 5567/903 5570/905 5572/595 
f 5567/903 5571/906 5573/598 5574/907 
f 5568/904 5567/903 5574/907 5575/601 
f 5576/903 5577/907 5578/601 5579/904 
f 5580/905 5576/903 5579/904 5581/592 
f 5576/903 5580/905 5582/595 5583/906 
f 5577/907 5576/903 5583/906 5584/598 
f 5585/903 5586/907 5569/601 5568/904 
f 5587/905 5585/903 5568/904 5575/592 
f 5585/903 5587/905 5581/595 5579/906 
f 5586/907 5585/903 5579/906 5578/598 
f 5588/903 5587/907 5575/601 5574/904 
f 5589/905 5588/903 5574/904 5573/592 
f 5588/903 5589/905 5582/595 5580/906 
f 5587/907 5588/903 5580/906 5581/598 
f 5590/903 5589/907 5573/601 5571/904 
f 5591/905 5590/903 5571/904 5572/592 
f 5590/903 5591/905 5584/595 5583/906 
f 5589/907 5590/903 5583/906 5582/598 
f 5592/903 5591/907 5572/601 5570/904 
f 5586/905 5592/903 5570/904 5569/592 
f 5592/903 5586/905 5578/595 5577/906 
f 5591/907 5592/903 5577/906 5584/598 
f 5593/903 5594/904 5595/592 5596/905 
f 5597/906 5593/903 5596/905 5598/595 
f 5593/903 5597/906 5599/598 5600/907 
f 5594/904 5593/903 5600/907 5601/601 
f 5602/903 5603/907 5604/601 5605/904 
f 5606/905 5602/903 5605/904 5607/592 
f 5602/903 5606/905 5608/595 5609/906 
f 5603/907 5602/903 5609/906 5610/598 
f 5611/903 5612/907 5595/601 5594/904 
f 5613/905 5611/903 5594/904 5601/592 
f 5611/903 5613/905 5607/595 5605/906 
f 5612/907 5611/903 5605/906 5604/598 
f 5614/903 5613/907 5601/601 5600/904 
f 5615/905 5614/903 5600/904 5599/592 
f 5614/903 5615/905 5608/595 5606/906 
f 5613/907 5614/903 5606/906 5607/598 
f 5616/903 5615/907 5599/601 5597/904 
f 5617/905 5616/903 5597/904 5598/592 
f 5616/903 5617/905 5610/595 5609/906 
f 5615/907 5616/903 5609/906 5608/598 
f 5618/903 5617/907 5598/601 5596/904 
f 5612/905 5618/903 5596/904 5595/592 
f 5618/903 5612/905 5604/595 5603/906 
f 5617/907 5618/903 5603/906 5610/598 
f 5619/903 5620/904 5621/592 5622/905 
f 5623/906 5619/903 5622/905 5624/595 
f 5619/903 5623/906 5625/598 5626/907 
f 5620/904 5619/903 5626/907 5627/601 
f 5628/903 5629/907 5630/601 5631/904 
f 5632/905 5628/903 5631/904 5633/592 
f 5628/903 5632/905 5634/595 5635/906 
f 5629/907 5628/903 5635/906 5636/598 
f 5637/903 5638/907 5621/601 5620/904 
f 5639/905 5637/903 5620/904 5627/592 
f 5637/903 5639/905 5633/595 5631/906 
f 5638/907 5637/903 5631/906 5630/598 
f 5640/903 5639/907 5627/601 5626/904 
f 5641/905 5640/903 5626/904 5625/592 
f 5640/903 5641/905 5634/595 5632/906 
f 5639/907 5640/903 5632/906 5633/598 
f 5642/903 5641/907 5625/601 5623/904 
f 5643/905 5642/903 5623/904 5624/592 
f 5642/903 5643/905 5636/595 5635/906 
f 5641/907 5642/903 5635/906 5634/598 
f 5644/903 5643/907 5624/601 5622/904 
f 5638/905 5644/903 5622/904 5621/592 
f 5644/903 5638/905 5630/595 5629/906 
f 5643/907 5644/903 5629/906 5636/598 
f 5645/903 5646/904 5647/592 5648/905 
f 5649/906 5645/903 5648/905 5650/595 
f 5645/903 5649/906 5651/598 5652/907 
f 5646/904 5645/903 5652/907 5653/601 
f 5654/903 5655/907 5656/601 5657/904 
f 5658/905 5654/903 5657/904 5659/592 
f 5654/903 5658/905 5660/595 5661/906 
f 5655/907 5654/903 5661/906 5662/598 
f 5663/903 5664/907 5647/601 5646/904 
f 5665/905 5663/903 5646/904 5653/592 
f 5663/903 5665/905 5659/595 5657/906 
f 5664/907 5663/903 5657/906 5656/598 
f 5666/903 5665/907 5653/601 5652/904 
f 5667/905 5666/903 5652/904 5651/592 
f 5666/903 5667/905 5660/595 5658/906 
f 5665/907 5666/903 5658/906 5659/598 
f 5668/903 5667/907 5651/601 5649/904 
f 5669/905 5668/903 5649/904 5650/592 
f 5668/903 5669/905 5662/595 5661/906 
f 5667/907 5668/903 5661/906 5660/598 
f 5670/903 5669/907 5650/601 5648/904 
f 5664/905 5670/903 5648/904 5647/592 
f 5670/903 5664/905 5656/595 5655/906 
f 5669/907 5670/903 5655/906 5662/598 
f 5671/903 5672/904 5673/592 5674/905 
f 5675/906 5671/903 5674/905 5676/595 
f 5671/903 5675/906 5677/598 5678/907 
f 5672/904 5671/903 5678/907 5679/601 
f 5680/903 5681/907 5682/601 5683/904 
f 5684/905 5680/903 5683/904 5685/592 
f 5680/903 5684/905 5686/595 5687/906 
f 5681/907 5680/903 5687/906 5688/598 
f 5689/903 5690/907 5673/601 5672/904 
f 5691/905 5689/903 5672/904 5679/592 
f 5689/903 5691/905 5685/595 5683/906 
f 5690/907 5689/903 5683/906 5682/598 
f 5692/903 5691/907 5679/601 5678/904 
f 5693/905 5692/903 5678/904 5677/592 
f 5692/903 5693/905 5686/595 5684/906 
f 5691/907 5692/903 5684/906 5685/598 
f 5694/903 5693/907 5677/601 5675/904 
f 5695/905 5694/903 5675/904 5676/592 
f 5694/903 5695/905 5688/595 5687/906 
f 5693/907 5694/903 5687/906 5686/598 
f 5696/903 5695/907 5676/601 5674/904 
f 5690/905 5696/903 5674/904 5673/592 
f 5696/903 5690/905 5682/595 5681/906 
f 5695/907 5696/903 5681/906 5688/598 
f 5697/903 5698/904 5699/592 5700/905 
f 5701/906 5697/903 5700/905 5702/595 
f 5697/903 5701/906 5703/598 5704/907 
f 5698/904 5697/903 5704/907 5705/601 
f 5706/903 5707/907 5708/601 5709/904 
f 5710/905 5706/903 5709/904 5711/592 
f 5706/903 5710/905 5712/595 5713/906 
f 5707/907 5706/903 5713/906 5714/598 
f 5715/903 5716/907 5699/601 5698/904 
f 5717/905 5715/903 5698/904 5705/592 
f 5715/903 5717/905 5711/595 5709/906 
f 5716/907 5715/903 5709/906 5708/598 
f 5718/903 5717/907 5705/601 5704/904 
f 5719/905 5718/903 5704/904 5703/592 
f 5718/903 5719/905 5712/595 5710/906 
f 5717/907 5718/903 5710/906 5711/598 
f 5720/903 5719/907 5703/601 5701/904 
f 5721/905 5720/903 5701/904 5702/592 
f 5720/903 5721/905 5714/595 5713/906 
f 5719/907 5720/903 5713/906 5712/598 
f 5722/903 5721/907 5702/601 5700/904 
f 5716/905 5722/903 5700/904 5699/592 
f 5722/903 5716/905 5708/595 5707/906 
f 5721/907 5722/903 5707/906 5714/598 
f 5723/903 5724/904 5725/592 5726/905 
f 5727/906 5723/903 5726/905 5728/595 
f 5723/903 5727/906 5729/598 5730/907 
f 5724/904 5723/903 5730/907 5731/601 
f 5732/903 5733/907 5734/601 5735/904 
f 5736/905 5732/903 5735/904 5737/592 
f 5732/903 5736/905 5738/595 5739/906 
f 5733/907 5732/903 5739/906 5740/598 
f 5741/903 5742/907 5725/601 5724/904 
f 5743/905 5741/903 5724/904 5731/592 
f 5741/903 5743/905 5737/595 5735/906 
f 5742/907 5741/903 5735/906 5734/598 
f 5744/903 5743/907 5731/601 5730/904 
f 5745/905 5744/903 5730/904 5729/592 
f 5744/903 5745/905 5738/595 5736/906 
f 5743/907 5744/903 5736/906 5737/598 
f 5746/903 5745/907 5729/601 5727/904 
f 5747/905 5746/903 5727/904 5728/592 
f 5746/903 5747/905 5740/595 5739/906 
f 5745/907 5746/903 5739/906 5738/598 
f 5748/903 5747/907 5728/601 5726/904 
f 5742/905 5748/903 5726/904 5725/592 
f 5748/903 5742/905 5734/595 5733/906 
f 5747/907 5748/903 5733/906 5740/598 
f 5749/903 5750/904 5751/592 5752/905 
f 5753/906 5749/903 5752/905 5754/595 
f 5749/903 5753/906 5755/598 5756/907 
f 5750/904 5749/903 5756/907 5757/601 
f 5758/903 5759/907 5760/601 5761/904 
f 5762/905 5758/903 5761/904 5763/592 
f 5758/903 5762/905 5764/595 5765/906 
f 5759/907 5758/903 5765/906 5766/598 
f 5767/903 5768/907 5751/601 5750/904 
f 5769/905 5767/903 5750/904 5757/592 
f 5767/903 5769/905 5763/595 5761/906 
f 5768/907 5767/903 5761/906 5760/598 
f 5770/903 5769/907 5757/601 5756/904 
f 5771/905 5770/903 5756/904 5755/592 
f 5770/903 5771/905 5764/595 5762/906 
f 5769/907 5770/903 5762/906 5763/598 
f 5772/903 5771/907 5755/601 5753/904 
f 5773/905 5772/903 5753/904 5754/592 
f 5772/903 5773/905 5766/595 5765/906 
f 5771/907 5772/903 5765/906 5764/598 
f 5774/903 5773/907 5754/601 5752/904 
f 5768/905 5774/903 5752/904 5751/592 
f 5774/903 5768/905 5760/595 5759/906 
f 5773/907 5774/903 5759/906 5766/598 
f 5775/903 5776/904 5777/592 5778/905 
f 5779/906 5775/903 5778/905 5780/595 
f 5775/903 5779/906 5781/598 5782/907 
f 5776/904 5775/903 5782/907 5783/601 
f 5784/903 5785/907 5786/601 5787/904 
f 5788/905 5784/903 5787/904 5789/592 
f 5784/903 5788/905 5790/595 5791/906 
f 5785/907 5784/903 5791/906 5792/598 
f 5793/903 5794/907 5777/601 5776/904 
f 5795/905 5793/903 5776/904 5783/592 
f 5793/903 5795/905 5789/595 5787/906 
f 5794/907 5793/903 5787/906 5786/598 
f 5796/903 5795/907 5783/601 5782/904 
f 5797/905 5796/903 5782/904 5781/592 
f 5796/903 5797/905 5790/595 5788/906 
f 5795/907 5796/903 5788/906 5789/598 
f 5798/903 5797/907 5781/601 5779/904 
f 5799/905 5798/903 5779/904 5780/592 
f 5798/903 5799/905 5792/595 5791/906 
f 5797/907 5798/903 5791/906 5790/598 
f 5800/903 5799/907 5780/601 5778/904 
f 5794/905 5800/903 5778/904 5777/592 
f 5800/903 5794/905 5786/595 5785/906 
f 5799/907 5800/903 5785/906 5792/598 
f 5801/903 5802/904 5803/592 5804/905 
f 5805/906 5801/903 5804/905 5806/595 
f 5801/903 5805/906 5807/598 5808/907 
f 5802/904 5801/903 5808/907 5809/601 
f 5810/903 5811/907 5812/601 5813/904 
f 5814/905 5810/903 5813/904 5815/592 
f 5810/903 5814/905 5816/595 5817/906 
f 5811/907 5810/903 5817/906 5818/598 
f 5819/903 5820/907 5803/601 5802/904 
f 5821/905 5819/903 5802/904 5809/592 
f 5819/903 5821/905 5815/595 5813/906 
f 5820/907 5819/903 5813/906 5812/598 
f 5822/903 5821/907 5809/601 5808/904 
f 5823/905 5822/903 5808/904 5807/592 
f 5822/903 5823/905 5816/595 5814/906 
f 5821/907 5822/903 5814/906 5815/598 
f 5824/903 5823/907 5807/601 5805/904 
f 5825/905 5824/903 5805/904 5806/592 
f 5824/903 5825/905 5818/595 5817/906 
f 5823/907 5824/903 5817/906 5816/598 
f 5826/903 5825/907 5806/601 5804/904 
f 5820/905 5826/903 5804/904 5803/592 
f 5826/903 5820/905 5812/595 5811/906 
f 5825/907 5826/903 5811/906 5818/598 
f 5827/903 5828/904 5829/592 5830/905 
f 5831/906 5827/903 5830/905 5832/595 
f 5827/903 5831/906 5833/598 5834/907 
f 5828/904 5827/903 5834/907 5835/601 
f 5836/903 5837/907 5838/601 5839/904 
f 5840/905 5836/903 5839/904 5841/592 
f 5836/903 5840/905 5842/595 5843/906 
f 5837/907 5836/903 5843/906 5844/598 
f 5845/903 5846/907 5829/601 5828/904 
f 5847/905 5845/903 5828/904 5835/592 
f 5845/903 5847/905 5841/595 5839/906 
f 5846/907 5845/903 5839/906 5838/598 
f 5848/903 5847/907 5835/601 5834/904 
f 5849/905 5848/903 5834/904 5833/592 
f 5848/903 5849/905 5842/595 5840/906 
f 5847/907 5848/903 5840/906 5841/598 
f 5850/903 5849/907 5833/601 5831/904 
f 5851/905 5850/903 5831/904 5832/592 
f 5850/903 5851/905 5844/595 5843/906 
f 5849/907 5850/903 5843/906 5842/598 
f 5852/903 5851/907 5832/601 5830/904 
f 5846/905 5852/903 5830/904 5829/592 
f 5852/903 5846/905 5838/595 5837/906 
f 5851/907 5852/903 5837/906 5844/598 
f 5853/903 5854/904 5855/592 5856/905 
f 5857/906 5853/903 5856/905 5858/595 
f 5853/903 5857/906 5859/598 5860/907 
f 5854/904 5853/903 5860/907 5861/601 
f 5862/903 5863/907 5864/601 5865/904 
f 5866/905 5862/903 5865/904 5867/592 
f 5862/903 5866/905 5868/595 5869/906 
f 5863/907 5862/903 5869/906 5870/598 
f 5871/903 5872/907 5855/601 5854/904 
f 5873/905 5871/903 5854/904 5861/592 
f 5871/903 5873/905 5867/595 5865/906 
f 5872/907 5871/903 5865/906 5864/598 
f 5874/903 5873/907 5861/601 5860/904 
f 5875/905 5874/903 5860/904 5859/592 
f 5874/903 5875/905 5868/595 5866/906 
f 5873/907 5874/903 5866/906 5867/598 
f 5876/903 5875/907 5859/601 5857/904 
f 5877/905 5876/903 5857/904 5858/592 
f 5876/903 5877/905 5870/595 5869/906 
f 5875/907 5876/903 5869/906 5868/598 
f 5878/903 5877/907 5858/601 5856/904 
f 5872/905 5878/903 5856/904 5855/592 
f 5878/903 5872/905 5864/595 5863/906 
f 5877/907 5878/903 5863/906 5870/598 
f 5879/903 5880/904 5881/592 5882/905 
f 5883/906 5879/903 5882/905 5884/595 
f 5879/903 5883/906 5885/598 5886/907 
f 5880/904 5879/903 5886/907 5887/601 
f 5888/903 5889/907 5890/601 5891/904 
f 5892/905 5888/903 5891/904 5893/592 
f 5888/903 5892/905 5894/595 5895/906 
f 5889/907 5888/903 5895/906 5896/598 
f 5897/903 5898/907 5881/601 5880/904 
f 5899/905 5897/903 5880/904 5887/592 
f 5897/903 5899/905 5893/595 5891/906 
f 5898/907 5897/903 5891/906 5890/598 
f 5900/903 5899/907 5887/601 5886/904 
f 5901/905 5900/903 5886/904 5885/592 
f 5900/903 5901/905 5894/595 5892/906 
f 5899/907 5900/903 5892/906 5893/598 
f 5902/903 5901/907 5885/601 5883/904 
f 5903/905 5902/903 5883/904 5884/592 
f 5902/903 5903/905 5896/595 5895/906 
f 5901/907 5902/903 5895/906 5894/598 
f 5904/903 5903/907 5884/601 5882/904 
f 5898/905 5904/903 5882/904 5881/592 
f 5904/903 5898/905 5890/595 5889/906 
f 5903/907 5904/903 5889/906 5896/598 
f 5905/903 5906/904 5907/592 5908/905 
f 5909/906 5905/903 5908/905 5910/595 
f 5905/903 5909/906 5911/598 5912/907 
f 5906/904 5905/903 5912/907 5913/601 
f 5914/903 5915/907 5916/601 5917/904 
f 5918/905 5914/903 5917/904 5919/592 
f 5914/903 5918/905 5920/595 5921/906 
f 5915/907 5914/903 5921/906 5922/598 
f 5923/903 5924/907 5907/601 5906/904 
f 5925/905 5923/903 5906/904 5913/592 
f 5923/903 5925/905 5919/595 5917/906 
f 5924/907 5923/903 5917/906 5916/598 
f 5926/903 5925/907 5913/601 5912/904 
f 5927/905 5926/903 5912/904 5911/592 
f 5926/903 5927/905 5920/595 5918/906 
f 5925/907 5926/903 5918/906 5919/598 
f 5928/903 5927/907 5911/601 5909/904 
f 5929/905 5928/903 5909/904 5910/592 
f 5928/903 5929/905 5922/595 5921/906 
f 5927/907 5928/903 5921/906 5920/598 
f 5930/903 5929/907 5910/601 5908/904 
f 5924/905 5930/903 5908/904 5907/592 
f 5930/903 5924/905 5916/595 5915/906 
f 5929/907 5930/903 5915/906 5922/598 
f 5931/903 5932/904 5933/592 5934/905 
f 5935/906 5931/903 5934/905 5936/595 
f 5931/903 5935/906 5937/598 5938/907 
f 5932/904 5931/903 5938/907 5939/601 
f 5940/903 5941/907 5942/601 5943/904 
f 5944/905 5940/903 5943/904 5945/592 
f 5940/903 5944/905 5946/595 5947/906 
f 5941/907 5940/903 5947/906 5948/598 
f 5949/903 5950/907 5933/601 5932/904 
f 5951/905 5949/903 5932/904 5939/592 
f 5949/903 5951/905 5945/595 5943/906 
f 5950/907 5949/903 5943/906 5942/598 
f 5952/903 5951/907 5939/601 5938/904 
f 5953/905 5952/903 5938/904 5937/592 
f 5952/903 5953/905 5946/595 5944/906 
f 5951/907 5952/903 5944/906 5945/598 
f 5954/903 5953/907 5937/601 5935/904 
f 5955/905 5954/903 5935/904 5936/592 
f 5954/903 5955/905 5948/595 5947/906 
f 5953/907 5954/903 5947/906 5946/598 
f 5956/903 5955/907 5936/601 5934/904 
f 5950/905 5956/903 5934/904 5933/592 
f 5956/903 5950/905 5942/595 5941/906 
f 5955/907 5956/903 5941/906 5948/598 
f 5957/903 5958/904 5959/592 5960/905 
f 5961/906 5957/903 5960/905 5962/595 
f 5957/903 5961/906 5963/598 5964/907 
f 5958/904 5957/903 5964/907 5965/601 
f 5966/903 5967/907 5968/601 5969/904 
f 5970/905 5966/903 5969/904 5971/592 
f 5966/903 5970/905 5972/595 5973/906 
f 5967/907 5966/903 5973/906 5974/598 
f 5975/903 5976/907 5959/601 5958/904 
f 5977/905 5975/903 5958/904 5965/592 
f 5975/903 5977/905 5971/595 5969/906 
f 5976/907 5975/903 5969/906 5968/598 
f 5978/903 5977/907 5965/601 5964/904 
f 5979/905 5978/903 5964/904 5963/592 
f 5978/903 5979/905 5972/595 5970/906 
f 5977/907 5978/903 5970/906 5971/598 
f 5980/903 5979/907 5963/601 5961/904 
f 5981/905 5980/903 5961/904 5962/592 
f 5980/903 5981/905 5974/595 5973/906 
f 5979/907 5980/903 5973/906 5972/598 
f 5982/903 5981/907 5962/601 5960/904 
f 5976/905 5982/903 5960/904 5959/592 
f 5982/903 5976/905 5968/595 5967/906 
f 5981/907 5982/903 5967/906 5974/598 
f 5983/903 5984/904 5985/592 5986/905 
f 5987/906 5983/903 5986/905 5988/595 
f 5983/903 5987/906 5989/598 5990/907 
f 5984/904 5983/903 5990/907 5991/601 
f 5992/903 5993/907 5994/601 5995/904 
f 5996/905 5992/903 5995/904 5997/592 
f 5992/903 5996/905 5998/595 5999/906 
f 5993/907 5992/903 5999/906 6000/598 
f 6001/903 6002/907 5985/601 5984/904 
f 6003/905 6001/903 5984/904 5991/592 
f 6001/903 6003/905 5997/595 5995/906 
f 6002/907 6001/903 5995/906 5994/598 
f 6004/903 6003/907 5991/601 5990/904 
f 6005/905 6004/903 5990/904 5989/592 
f 6004/903 6005/905 5998/595 5996/906 
f 6003/907 6004/903 5996/906 5997/598 
f 6006/903 6005/907 5989/601 5987/904 
f 6007/905 6006/903 5987/904 5988/592 
f 6006/903 6007/905 6000/595 5999/906 
f 6005/907 6006/903 5999/906 5998/598 
f 6008/903 6007/907 5988/601 5986/904 
f 6002/905 6008/903 5986/904 5985/592 
f 6008/903 6002/905 5994/595 5993/906 
f 6007/907 6008/903 5993/906 6000/598 
f 6009/903 6010/904 6011/592 6012/905 
f 6013/906 6009/903 6012/905 6014/595 
f 6009/903 6013/906 6015/598 6016/907 
f 6010/904 6009/903 6016/907 6017/601 
f 6018/903 6019/907 6020/601 6021/904 
f 6022/905 6018/903 6021/904 6023/592 
f 6018/903 6022/905 6024/595 6025/906 
f 6019/907 6018/903 6025/906 6026/598 
f 6027/903 6028/907 6011/601 6010/904 
f 6029/905 6027/903 6010/904 6017/592 
f 6027/903 6029/905 6023/595 6021/906 
f 6028/907 6027/903 6021/906 6020/598 
f 6030/903 6029/907 6017/601 6016/904 
f 6031/905 6030/903 6016/904 6015/592 
f 6030/903 6031/905 6024/595 6022/906 
f 6029/907 6030/903 6022/906 6023/598 
f 6032/903 6031/907 6015/601 6013/904 
f 6033/905 6032/903 6013/904 6014/592 
f 6032/903 6033/905 6026/595 6025/906 
f 6031/907 6032/903 6025/906 6024/598 
f 6034/903 6033/907 6014/601 6012/904 
f 6028/905 6034/903 6012/904 6011/592 
f 6034/903 6028/905 6020/595 6019/906 
f 6033/907 6034/903 6019/906 6026/598 
f 6035/903 6036/904 6037/592 6038/905 
f 6039/906 6035/903 6038/905 6040/595 
f 6035/903 6039/906 6041/598 6042/907 
f 6036/904 6035/903 6042/907 6043/601 
f 6044/903 6045/907 6046/601 6047/904 
f 6048/905 6044/903 6047/904 6049/592 
f 6044/903 6048/905 6050/595 6051/906 
f 6045/907 6044/903 6051/906 6052/598 
f 6053/903 6054/907 6037/601 6036/904 
f 6055/905 6053/903 6036/904 6043/592 
f 6053/903 6055/905 6049/595 6047/906 
f 6054/907 6053/903 6047/906 6046/598 
f 6056/903 6055/907 6043/601 6042/904 
f 6057/905 6056/903 6042/904 6041/592 
f 6056/903 6057/905 6050/595 6048/906 
f 6055/907 6056/903 6048/906 6049/598 
f 6058/903 6057/907 6041/601 6039/904 
f 6059/905 6058/903 6039/904 6040/592 
f 6058/903 6059/905 6052/595 6051/906 
f 6057/907 6058/903 6051/906 6050/598 
f 6060/903 6059/907 6040/601 6038/904 
f 6054/905 6060/903 6038/904 6037/592 
f 6060/903 6054/905 6046/595 6045/906 
f 6059/907 6060/903 6045/906 6052/598 
f 6061/903 6062/904 6063/592 6064/905 
f 6065/906 6061/903 6064/905 6066/595 
f 6061/903 6065/906 6067/598 6068/907 
f 6062/904 6061/903 6068/907 6069/601 
f 6070/903 6071/907 6072/601 6073/904 
f 6074/905 6070/903 6073/904 6075/592 
f 6070/903 6074/905 6076/595 6077/906 
f 6071/907 6070/903 6077/906 6078/598 
f 6079/903 6080/907 6063/601 6062/904 
f 6081/905 6079/903 6062/904 6069/592 
f 6079/903 6081/905 6075/595 6073/906 
f 6080/907 6079/903 6073/906 6072/598 
f 6082/903 6081/907 6069/601 6068/904 
f 6083/905 6082/903 6068/904 6067/592 
f 6082/903 6083/905 6076/595 6074/906 
f 6081/907 6082/903 6074/906 6075/598 
f 6084/903 6083/907 6067/601 6065/904 
f 6085/905 6084/903 6065/904 6066/592 
f 6084/903 6085/905 6078/595 6077/906 
f 6083/907 6084/903 6077/906 6076/598 
f 6086/903 6085/907 6066/601 6064/904 
f 6080/905 6086/903 6064/904 6063/592 
f 6086/903 6080/905 6072/595 6071/906 
f 6085/907 6086/903 6071/906 6078/598 
f 6087/903 6088/904 6089/592 6090/905 
f 6091/906 6087/903 6090/905 6092/595 
f 6087/903 6091/906 6093/598 6094/907 
f 6088/904 6087/903 6094/907 6095/601 
f 6096/903 6097/907 6098/601 6099/904 
f 6100/905 6096/903 6099/904 6101/592 
f 6096/903 6100/905 6102/595 6103/906 
f 6097/907 6096/903 6103/906 6104/598 
f 6105/903 6106/907 6089/601 6088/904 
f 6107/905 6105/903 6088/904 6095/592 
f 6105/903 6107/905 6101/595 6099/906 
f 6106/907 6105/903 6099/906 6098/598 
f 6108/903 6107/907 6095/601 6094/904 
f 6109/905 6108/903 6094/904 6093/592 
f 6108/903 6109/905 6102/595 6100/906 
f 6107/907 6108/903 6100/906 6101/598 
f 6110/903 6109/907 6093/601 6091/904 
f 6111/905 6110/903 6091/904 6092/592 
f 6110/903 6111/905 6104/595 6103/906 
f 6109/907 6110/903 6103/906 6102/598 
f 6112/903 6111/907 6092/601 6090/904 
f 6106/905 6112/903 6090/904 6089/592 
f 6112/903 6106/905 6098/595 6097/906 
f 6111/907 6112/903 6097/906 6104/598 
f 6113/903 6114/904 6115/592 6116/905 
f 6117/906 6113/903 6116/905 6118/595 
f 6113/903 6117/906 6119/598 6120/907 
f 6114/904 6113/903 6120/907 6121/601 
f 6122/903 6123/907 6124/601 6125/904 
f 6126/905 6122/903 6125/904 6127/592 
f 6122/903 6126/905 6128/595 6129/906 
f 6123/907 6122/903 6129/906 6130/598 
f 6131/903 6132/907 6115/601 6114/904 
f 6133/905 6131/903 6114/904 6121/592 
f 6131/903 6133/905 6127/595 6125/906 
f 6132/907 6131/903 6125/906 6124/598 
f 6134/903 6133/907 6121/601 6120/904 
f 6135/905 6134/903 6120/904 6119/592 
f 6134/903 6135/905 6128/595 6126/906 
f 6133/907 6134/903 6126/906 6127/598 
f 6136/903 6135/907 6119/601 6117/904 
f 6137/905 6136/903 6117/904 6118/592 
f 6136/903 6137/905 6130/595 6129/906 
f 6135/907 6136/903 6129/906 6128/598 
f 6138/903 6137/907 6118/601 6116/904 
f 6132/905 6138/903 6116/904 6115/592 
f 6138/903 6132/905 6124/595 6123/906 
f 6137/907 6138/903 6123/906 6130/598 
f 6139/903 6140/904 6141/592 6142/905 
f 6143/906 6139/903 6142/905 6144/595 
f 6139/903 6143/906 6145/598 6146/907 
f 6140/904 6139/903 6146/907 6147/601 
f 6148/903 6149/907 6150/601 6151/904 
f 6152/905 6148/903 6151/904 6153/592 
f 6148/903 6152/905 6154/595 6155/906 
f 6149/907 6148/903 6155/906 6156/598 
f 6157/903 6158/907 6141/601 6140/904 
f 6159/905 6157/903 6140/904 6147/592 
f 6157/903 6159/905 6153/595 6151/906 
f 6158/907 6157/903 6151/906 6150/598 
f 6160/903 6159/907 6147/601 6146/904 
f 6161/905 6160/903 6146/904 6145/592 
f 6160/903 6161/905 6154/595 6152/906 
f 6159/907 6160/903 6152/906 6153/598 
f 6162/903 6161/907 6145/601 6143/904 
f 6163/905 6162/903 6143/904 6144/592 
f 6162/903 6163/905 6156/595 6155/906 
f 6161/907 6162/903 6155/906 6154/598 
f 6164/903 6163/907 6144/601 6142/904 
f 6158/905 6164/903 6142/904 6141/592 
f 6164/903 6158/905 6150/595 6149/906 
f 6163/907 6164/903 6149/906 6156/598 
f 6165/903 6166/904 6167/592 6168/905 
f 6169/906 6165/903 6168/905 6170/595 
f 6165/903 6169/906 6171/598 6172/907 
f 6166/904 6165/903 6172/907 6173/601 
f 6174/903 6175/907 6176/601 6177/904 
f 6178/905 6174/903 6177/904 6179/592 
f 6174/903 6178/905 6180/595 6181/906 
f 6175/907 6174/903 6181/906 6182/598 
f 6183/903 6184/907 6167/601 6166/904 
f 6185/905 6183/903 6166/904 6173/592 
f 6183/903 6185/905 6179/595 6177/906 
f 6184/907 6183/903 6177/906 6176/598 
f 6186/903 6185/907 6173/601 6172/904 
f 6187/905 6186/903 6172/904 6171/592 
f 6186/903 6187/905 6180/595 6178/906 
f 6185/907 6186/903 6178/906 6179/598 
f 6188/903 6187/907 6171/601 6169/904 
f 6189/905 6188/903 6169/904 6170/592 
f 6188/903 6189/905 6182/595 6181/906 
f 6187/907 6188/903 6181/906 6180/598 
f 6190/903 6189/907 6170/601 6168/904 
f 6184/905 6190/903 6168/904 6167/592 
f 6190/903 6184/905 6176/595 6175/906 
f 6189/907 6190/903 6175/906 6182/598 
f 6191/903 6192/904 6193/592 6194/905 
f 6195/906 6191/903 6194/905 6196/595 
f 6191/903 6195/906 6197/598 6198/907 
f 6192/904 6191/903 6198/907 6199/601 
f 6200/903 6201/907 6202/601 6203/904 
f 6204/905 6200/903 6203/904 6205/592 
f 6200/903 6204/905 6206/595 6207/906 
f 6201/907 6200/903 6207/906 6208/598 
f 6209/903 6210/907 6193/601 6192/904 
f 6211/905 6209/903 6192/904 6199/592 
f 6209/903 6211/905 6205/595 6203/906 
f 6210/907 6209/903 6203/906 6202/598 
f 6212/903 6211/907 6199/601 6198/904 
f 6213/905 6212/903 6198/904 6197/592 
f 6212/903 6213/905 6206/595 6204/906 
f 6211/907 6212/903 6204/906 6205/598 
f 6214/903 6213/907 6197/601 6195/904 
f 6215/905 6214/903 6195/904 6196/592 
f 6214/903 6215/905 6208/595 6207/906 
f 6213/907 6214/903 6207/906 6206/598 
f 6216/903 6215/907 6196/601 6194/904 
f 6210/905 6216/903 6194/904 6193/592 
f 6216/903 6210/905 6202/595 6201/906 
f 6215/907 6216/903 6201/906 6208/598 
f 6217/903 6218/904 6219/592 6220/905 
f 6221/906 6217/903 6220/905 6222/595 
f 6217/903 6221/906 6223/598 6224/907 
f 6218/904 6217/903 6224/907 6225/601 
f 6226/903 6227/907 6228/601 6229/904 
f 6230/905 6226/903 6229/904 6231/592 
f 6226/903 6230/905 6232/595 6233/906 
f 6227/907 6226/903 6233/906 6234/598 
f 6235/903 6236/907 6219/601 6218/904 
f 6237/905 6235/903 6218/904 6225/592 
f 6235/903 6237/905 6231/595 6229/906 
f 6236/907 6235/903 6229/906 6228/598 
f 6238/903 6237/907 6225/601 6224/904 
f 6239/905 6238/903 6224/904 6223/592 
f 6238/903 6239/905 6232/595 6230/906 
f 6237/907 6238/903 6230/906 6231/598 
f 6240/903 6239/907 6223/601 6221/904 
f 6241/905 6240/903 6221/904 6222/592 
f 6240/903 6241/905 6234/595 6233/906 
f 6239/907 6240/903 6233/906 6232/598 
f 6242/903 6241/907 6222/601 6220/904 
f 6236/905 6242/903 6220/904 6219/592 
f 6242/903 6236/905 6228/595 6227/906 
f 6241/907 6242/903 6227/906 6234/598 
f 6243/903 6244/904 6245/592 6246/905 
f 6247/906 6243/903 6246/905 6248/595 
f 6243/903 6247/906 6249/598 6250/907 
f 6244/904 6243/903 6250/907 6251/601 
f 6252/903 6253/907 6254/601 6255/904 
f 6256/905 6252/903 6255/904 6257/592 
f 6252/903 6256/905 6258/595 6259/906 
f 6253/907 6252/903 6259/906 6260/598 
f 6261/903 6262/907 6245/601 6244/904 
f 6263/905 6261/903 6244/904 6251/592 
f 6261/903 6263/905 6257/595 6255/906 
f 6262/907 6261/903 6255/906 6254/598 
f 6264/903 6263/907 6251/601 6250/904 
f 6265/905 6264/903 6250/904 6249/592 
f 6264/903 6265/905 6258/595 6256/906 
f 6263/907 6264/903 6256/906 6257/598 
f 6266/903 6265/907 6249/601 6247/904 
f 6267/905 6266/903 6247/904 6248/592 
f 6266/903 6267/905 6260/595 6259/906 
f 6265/907 6266/903 6259/906 6258/598 
f 6268/903 6267/907 6248/601 6246/904 
f 6262/905 6268/903 6246/904 6245/592 
f 6268/903 6262/905 6254/595 6253/906 
f 6267/907 6268/903 6253/906 6260/598 
f 6269/903 6270/904 6271/592 6272/905 
f 6273/906 6269/903 6272/905 6274/595 
f 6269/903 6273/906 6275/598 6276/907 
f 6270/904 6269/903 6276/907 6277/601 
f 6278/903 6279/907 6280/601 6281/904 
f 6282/905 6278/903 6281/904 6283/592 
f 6278/903 6282/905 6284/595 6285/906 
f 6279/907 6278/903 6285/906 6286/598 
f 6287/903 6288/907 6271/601 6270/904 
f 6289/905 6287/903 6270/904 6277/592 
f 6287/903 6289/905 6283/595 6281/906 
f 6288/907 6287/903 6281/906 6280/598 
f 6290/903 6289/907 6277/601 6276/904 
f 6291/905 6290/903 6276/904 6275/592 
f 6290/903 6291/905 6284/595 6282/906 
f 6289/907 6290/903 6282/906 6283/598 
f 6292/903 6291/907 6275/601 6273/904 
f 6293/905 6292/903 6273/904 6274/592 
f 6292/903 6293/905 6286/595 6285/906 
f 6291/907 6292/903 6285/906 6284/598 
f 6294/903 6293/907 6274/601 6272/904 
f 6288/905 6294/903 6272/904 6271/592 
f 6294/903 6288/905 6280/595 6279/906 
f 6293/907 6294/903 6279/906 6286/598 
f 6295/903 6296/904 6297/592 6298/905 
f 6299/906 6295/903 6298/905 6300/595 
f 6295/903 6299/906 6301/598 6302/907 
f 6296/904 6295/903 6302/907 6303/601 
f 6304/903 6305/907 6306/601 6307/904 
f 6308/905 6304/903 6307/904 6309/592 
f 6304/903 6308/905 6310/595 6311/906 
f 6305/907 6304/903 6311/906 6312/598 
f 6313/903 6314/907 6297/601 6296/904 
f 6315/905 6313/903 6296/904 6303/592 
f 6313/903 6315/905 6309/595 6307/906 
f 6314/907 6313/903 6307/906 6306/598 
f 6316/903 6315/907 6303/601 6302/904 
f 6317/905 6316/903 6302/904 6301/592 
f 6316/903 6317/905 6310/595 6308/906 
f 6315/907 6316/903 6308/906 6309/598 
f 6318/903 6317/907 6301/601 6299/904 
f 6319/905 6318/903 6299/904 6300/592 
f 6318/903 6319/905 6312/595 6311/906 
f 6317/907 6318/903 6311/906 6310/598 
f 6320/903 6319/907 6300/601 6298/904 
f 6314/905 6320/903 6298/904 6297/592 
f 6320/903 6314/905 6306/595 6305/906 
f 6319/907 6320/903 6305/906 6312/598 
f 6321/903 6322/904 6323/592 6324/905 
f 6325/906 6321/903 6324/905 6326/595 
f 6321/903 6325/906 6327/598 6328/907 
f 6322/904 6321/903 6328/907 6329/601 
f 6330/903 6331/907 6332/601 6333/904 
f 6334/905 6330/903 6333/904 6335/592 
f 6330/903 6334/905 6336/595 6337/906 
f 6331/907 6330/903 6337/906 6338/598 
f 6339/903 6340/907 6323/601 6322/904 
f 6341/905 6339/903 6322/904 6329/592 
f 6339/903 6341/905 6335/595 6333/906 
f 6340/907 6339/903 6333/906 6332/598 
f 6342/903 6341/907 6329/601 6328/904 
f 6343/905 6342/903 6328/904 6327/592 
f 6342/903 6343/905 6336/595 6334/906 
f 6341/907 6342/903 6334/906 6335/598 
f 6344/903 6343/907 6327/601 6325/904 
f 6345/905 6344/903 6325/904 6326/592 
f 6344/903 6345/905 6338/595 6337/906 
f 6343/907 6344/903 6337/906 6336/598 
f 6346/903 6345/907 6326/601 6324/904 
f 6340/905 6346/903 6324/904 6323/592 
f 6346/903 6340/905 6332/595 6331/906 
f 6345/907 6346/903 6331/906 6338/598 
f 6347/903 6348/904 6349/592 6350/905 
f 6351/906 6347/903 6350/905 6352/595 
f 6347/903 6351/906 6353/598 6354/907 
f 6348/904 6347/903 6354/907 6355/601 
f 6356/903 6357/907 6358/601 6359/904 
f 6360/905 6356/903 6359/904 6361/592 
f 6356/903 6360/905 6362/595 6363/906 
f 6357/907 6356/903 6363/906 6364/598 
f 6365/903 6366/907 6349/601 6348/904 
f 6367/905 6365/903 6348/904 6355/592 
f 6365/903 6367/905 6361/595 6359/906 
f 6366/907 6365/903 6359/906 6358/598 
f 6368/903 6367/907 6355/601 6354/904 
f 6369/905 6368/903 6354/904 6353/592 
f 6368/903 6369/905 6362/595 6360/906 
f 6367/907 6368/903 6360/906 6361/598 
f 6370/903 6369/907 6353/601 6351/904 
f 6371/905 6370/903 6351/904 6352/592 
f 6370/903 6371/905 6364/595 6363/906 
f 6369/907 6370/903 6363/906 6362/598 
f 6372/903 6371/907 6352/601 6350/904 
f 6366/905 6372/903 6350/904 6349/592 
f 6372/903 6366/905 6358/595 6357/906 
f 6371/907 6372/903 6357/906 6364/598 
f 6373/903 6374/904 6375/592 6376/905 
f 6377/906 6373/903 6376/905 6378/595 
f 6373/903 6377/906 6379/598 6380/907 
f 6374/904 6373/903 6380/907 6381/601 
f 6382/903 6383/907 6384/601 6385/904 
f 6386/905 6382/903 6385/904 6387/592 
f 6382/903 6386/905 6388/595 6389/906 
f 6383/907 6382/903 6389/906 6390/598 
f 6391/903 6392/907 6375/601 6374/904 
f 6393/905 6391/903 6374/904 6381/592 
f 6391/903 6393/905 6387/595 6385/906 
f 6392/907 6391/903 6385/906 6384/598 
f 6394/903 6393/907 6381/601 6380/904 
f 6395/905 6394/903 6380/904 6379/592 
f 6394/903 6395/905 6388/595 6386/906 
f 6393/907 6394/903 6386/906 6387/598 
f 6396/903 6395/907 6379/601 6377/904 
f 6397/905 6396/903 6377/904 6378/592 
f 6396/903 6397/905 6390/595 6389/906 
f 6395/907 6396/903 6389/906 6388/598 
f 6398/903 6397/907 6378/601 6376/904 
f 6392/905 6398/903 6376/904 6375/592 
f 6398/903 6392/905 6384/595 6383/906 
f 6397/907 6398/903 6383/906 6390/598 
f 6399/903 6400/904 6401/592 6402/905 
f 6403/906 6399/903 6402/905 6404/595 
f 6399/903 6403/906 6405/598 6406/907 
f 6400/904 6399/903 6406/907 6407/601 
f 6408/903 6409/907 6410/601 6411/904 
f 6412/905 6408/903 6411/904 6413/592 
f 6408/903 6412/905 6414/595 6415/906 
f 6409/907 6408/903 6415/906 6416/598 
f 6417/903 6418/907 6401/601 6400/904 
f 6419/905 6417/903 6400/904 6407/592 
f 6417/903 6419/905 6413/595 6411/906 
f 6418/907 6417/903 6411/906 6410/598 
f 6420/903 6419/907 6407/601 6406/904 
f 6421/905 6420/903 6406/904 6405/592 
f 6420/903 6421/905 6414/595 6412/906 
f 6419/907 6420/903 6412/906 6413/598 
f 6422/903 6421/907 6405/601 6403/904 
f 6423/905 6422/903 6403/904 6404/592 
f 6422/903 6423/905 6416/595 6415/906 
f 6421/907 6422/903 6415/906 6414/598 
f 6424/903 6423/907 6404/601 6402/904 
f 6418/905 6424/903 6402/904 6401/592 
f 6424/903 6418/905 6410/595 6409/906 
f 6423/907 6424/903 6409/906 6416/598 
f 6425/903 6426/904 6427/592 6428/905 
f 6429/906 6425/903 6428/905 6430/595 
f 6425/903 6429/906 6431/598 6432/907 
f 6426/904 6425/903 6432/907 6433/601 
f 6434/903 6435/907 6436/601 6437/904 
f 6438/905 6434/903 6437/904 6439/592 
f 6434/903 6438/905 6440/595 6441/906 
f 6435/907 6434/903 6441/906 6442/598 
f 6443/903 6444/907 6427/601 6426/904 
f 6445/905 6443/903 6426/904 6433/592 
f 6443/903 6445/905 6439/595 6437/906 
f 6444/907 6443/903 6437/906 6436/598 
f 6446/903 6445/907 6433/601 6432/904 
f 6447/905 6446/903 6432/904 6431/592 
f 6446/903 6447/905 6440/595 6438/906 
f 6445/907 6446/903 6438/906 6439/598 
f 6448/903 6447/907 6431/601 6429/904 
f 6449/905 6448/903 6429/904 6430/592 
f 6448/903 6449/905 6442/595 6441/906 
f 6447/907 6448/903 6441/906 6440/598 
f 6450/903 6449/907 6430/601 6428/904 
f 6444/905 6450/903 6428/904 6427/592 
f 6450/903 6444/905 6436/595 6435/906 
f 6449/907 6450/903 6435/906 6442/598 
f 6451/903 6452/904 6453/592 6454/905 
f 6455/906 6451/903 6454/905 6456/595 
f 6451/903 6455/906 6457/598 6458/907 
f 6452/904 6451/903 6458/907 6459/601 
f 6460/903 6461/907 6462/601 6463/904 
f 6464/905 6460/903 6463/904 6465/592 
f 6460/903 6464/905 6466/595 6467/906 
f 6461/907 6460/903 6467/906 6468/598 
f 6469/903 6470/907 6453/601 6452/904 
f 6471/905 6469/903 6452/904 6459/592 
f 6469/903 6471/905 6465/595 6463/906 
f 6470/907 6469/903 6463/906 6462/598 
f 6472/903 6471/907 6459/601 6458/904 
f 6473/905 6472/903 6458/904 6457/592 
f 6472/903 6473/905 6466/595 6464/906 
f 6471/907 6472/903 6464/906 6465/598 
f 6474/903 6473/907 6457/601 6455/904 
f 6475/905 6474/903 6455/904 6456/592 
f 6474/903 6475/905 6468/595 6467/906 
f 6473/907 6474/903 6467/906 6466/598 
f 6476/903 6475/907 6456/601 6454/904 
f 6470/905 6476/903 6454/904 6453/592 
f 6476/903 6470/905 6462/595 6461/906 
f 6475/907 6476/903 6461/906 6468/598 
f 6477/903 6478/904 6479/592 6480/905 
f 6481/906 6477/903 6480/905 6482/595 
f 6477/903 6481/906 6483/598 6484/907 
f 6478/904 6477/903 6484/907 6485/601 
f 6486/903 6487/907 6488/601 6489/904 
f 6490/905 6486/903 6489/904 6491/592 
f 6486/903 6490/905 6492/595 6493/906 
f 6487/907 6486/903 6493/906 6494/598 
f 6495/903 6496/907 6479/601 6478/904 
f 6497/905 6495/903 6478/904 6485/592 
f 6495/903 6497/905 6491/595 6489/906 
f 6496/907 6495/903 6489/906 6488/598 
f 6498/903 6497/907 6485/601 6484/904 
f 6499/905 6498/903 6484/904 6483/592 
f 6498/903 6499/905 6492/595 6490/906 
f 6497/907 6498/903 6490/906 6491/598 
f 6500/903 6499/907 6483/601 6481/904 
f 6501/905 6500/903 6481/904 6482/592 
f 6500/903 6501/905 6494/595 6493/906 
f 6499/907 6500/903 6493/906 6492/598 
f 6502/903 6501/907 6482/601 6480/904 
f 6496/905 6502/903 6480/904 6479/592 
f 6502/903 6496/905 6488/595 6487/906 
f 6501/907 6502/903 6487/906 6494/598 
f 6503/903 6504/904 6505/592 6506/905 
f 6507/906 6503/903 6506/905 6508/595 
f 6503/903 6507/906 6509/598 6510/907 
f 6504/904 6503/903 6510/907 6511/601 
f 6512/903 6513/907 6514/601 6515/904 
f 6516/905 6512/903 6515/904 6517/592 
f 6512/903 6516/905 6518/595 6519/906 
f 6513/907 6512/903 6519/906 6520/598 
f 6521/903 6522/907 6505/601 6504/904 
f 6523/905 6521/903 6504/904 6511/592 
f 6521/903 6523/905 6517/595 6515/906 
f 6522/907 6521/903 6515/906 6514/598 
f 6524/903 6523/907 6511/601 6510/904 
f 6525/905 6524/903 6510/904 6509/592 
f 6524/903 6525/905 6518/595 6516/906 
f 6523/907 6524/903 6516/906 6517/598 
f 6526/903 6525/907 6509/601 6507/904 
f 6527/905 6526/903 6507/904 6508/592 
f 6526/903 6527/905 6520/595 6519/906 
f 6525/907 6526/903 6519/906 6518/598 
f 6528/903 6527/907 6508/601 6506/904 
f 6522/905 6528/903 6506/904 6505/592 
f 6528/903 6522/905 6514/595 6513/906 
f 6527/907 6528/903 6513/906 6520/598 
f 6529/903 6530/904 6531/592 6532/905 
f 6533/906 6529/903 6532/905 6534/595 
f 6529/903 6533/906 6535/598 6536/907 
f 6530/904 6529/903 6536/907 6537/601 
f 6538/903 6539/907 6540/601 6541/904 
f 6542/905 6538/903 6541/904 6543/592 
f 6538/903 6542/905 6544/595 6545/906 
f 6539/907 6538/903 6545/906 6546/598 
f 6547/903 6548/907 6531/601 6530/904 
f 6549/905 6547/903 6530/904 6537/592 
f 6547/903 6549/905 6543/595 6541/906 
f 6548/907 6547/903 6541/906 6540/598 
f 6550/903 6549/907 6537/601 6536/904 
f 6551/905 6550/903 6536/904 6535/592 
f 6550/903 6551/905 6544/595 6542/906 
f 6549/907 6550/903 6542/906 6543/598 
f 6552/903 6551/907 6535/601 6533/904 
f 6553/905 6552/903 6533/904 6534/592 
f 6552/903 6553/905 6546/595 6545/906 
f 6551/907 6552/903 6545/906 6544/598 
f 6554/903 6553/907 6534/601 6532/904 
f 6548/905 6554/903 6532/904 6531/592 
f 6554/903 6548/905 6540/595 6539/906 
f 6553/907 6554/903 6539/906 6546/598 
f 6555/903 6556/904 6557/592 6558/905 
f 6559/906 6555/903 6558/905 6560/595 
f 6555/903 6559/906 6561/598 6562/907 
f 6556/904 6555/903 6562/907 6563/601 
f 6564/903 6565/907 6566/601 6567/904 
f 6568/905 6564/903 6567/904 6569/592 
f 6564/903 6568/905 6570/595 6571/906 
f 6565/907 6564/903 6571/906 6572/598 
f 6573/903 6574/907 6557/601 6556/904 
f 6575/905 6573/903 6556/904 6563/592 
f 6573/903 6575/905 6569/595 6567/906 
f 6574/907 6573/903 6567/906 6566/598 
f 6576/903 6575/907 6563/601 6562/904 
f 6577/905 6576/903 6562/904 6561/592 
f 6576/903 6577/905 6570/595 6568/906 
f 6575/907 6576/903 6568/906 6569/598 
f 6578/903 6577/907 6561/601 6559/904 
f 6579/905 6578/903 6559/904 6560/592 
f 6578/903 6579/905 6572/595 6571/906 
f 6577/907 6578/903 6571/906 6570/598 
f 6580/903 6579/907 6560/601 6558/904 
f 6574/905 6580/903 6558/904 6557/592 
f 6580/903 6574/905 6566/595 6565/906 
f 6579/907 6580/903 6565/906 6572/598 
f 6581/903 6582/904 6583/592 6584/905 
f 6585/906 6581/903 6584/905 6586/595 
f 6581/903 6585/906 6587/598 6588/907 
f 6582/904 6581/903 6588/907 6589/601 
f 6590/903 6591/907 6592/601 6593/904 
f 6594/905 6590/903 6593/904 6595/592 
f 6590/903 6594/905 6596/595 6597/906 
f 6591/907 6590/903 6597/906 6598/598 
f 6599/903 6600/907 6583/601 6582/904 
f 6601/905 6599/903 6582/904 6589/592 
f 6599/903 6601/905 6595/595 6593/906 
f 6600/907 6599/903 6593/906 6592/598 
f 6602/903 6601/907 6589/601 6588/904 
f 6603/905 6602/903 6588/904 6587/592 
f 6602/903 6603/905 6596/595 6594/906 
f 6601/907 6602/903 6594/906 6595/598 
f 6604/903 6603/907 6587/601 6585/904 
f 6605/905 6604/903 6585/904 6586/592 
f 6604/903 6605/905 6598/595 6597/906 
f 6603/907 6604/903 6597/906 6596/598 
f 6606/903 6605/907 6586/601 6584/904 
f 6600/905 6606/903 6584/904 6583/592 
f 6606/903 6600/905 6592/595 6591/906 
f 6605/907 6606/903 6591/906 6598/598 
f 6607/903 6608/904 6609/592 6610/905 
f 6611/906 6607/903 6610/905 6612/595 
f 6607/903 6611/906 6613/598 6614/907 
f 6608/904 6607/903 6614/907 6615/601 
f 6616/903 6617/907 6618/601 6619/904 
f 6620/905 6616/903 6619/904 6621/592 
f 6616/903 6620/905 6622/595 6623/906 
f 6617/907 6616/903 6623/906 6624/598 
f 6625/903 6626/907 6609/601 6608/904 
f 6627/905 6625/903 6608/904 6615/592 
f 6625/903 6627/905 6621/595 6619/906 
f 6626/907 6625/903 6619/906 6618/598 
f 6628/903 6627/907 6615/601 6614/904 
f 6629/905 6628/903 6614/904 6613/592 
f 6628/903 6629/905 6622/595 6620/906 
f 6627/907 6628/903 6620/906 6621/598 
f 6630/903 6629/907 6613/601 6611/904 
f 6631/905 6630/903 6611/904 6612/592 
f 6630/903 6631/905 6624/595 6623/906 
f 6629/907 6630/903 6623/906 6622/598 
f 6632/903 6631/907 6612/601 6610/904 
f 6626/905 6632/903 6610/904 6609/592 
f 6632/903 6626/905 6618/595 6617/906 
f 6631/907 6632/903 6617/906 6624/598 
f 6633/903 6634/904 6635/592 6636/905 
f 6637/906 6633/903 6636/905 6638/595 
f 6633/903 6637/906 6639/598 6640/907 
f 6634/904 6633/903 6640/907 6641/601 
f 6642/903 6643/907 6644/601 6645/904 
f 6646/905 6642/903 6645/904 6647/592 
f 6642/903 6646/905 6648/595 6649/906 
f 6643/907 6642/903 6649/906 6650/598 
f 6651/903 6652/907 6635/601 6634/904 
f 6653/905 6651/903 6634/904 6641/592 
f 6651/903 6653/905 6647/595 6645/906 
f 6652/907 6651/903 6645/906 6644/598 
f 6654/903 6653/907 6641/601 6640/904 
f 6655/905 6654/903 6640/904 6639/592 
f 6654/903 6655/905 6648/595 6646/906 
f 6653/907 6654/903 6646/906 6647/598 
f 6656/903 6655/907 6639/601 6637/904 
f 6657/905 6656/903 6637/904 6638/592 
f 6656/903 6657/905 6650/595 6649/906 
f 6655/907 6656/903 6649/906 6648/598 
f 6658/903 6657/907 6638/601 6636/904 
f 6652/905 6658/903 6636/904 6635/592 
f 6658/903 6652/905 6644/595 6643/906 
f 6657/907 6658/903 6643/906 6650/598 
f 6659/903 6660/904 6661/592 6662/905 
f 6663/906 6659/903 6662/905 6664/595 
f 6659/903 6663/906 6665/598 6666/907 
f 6660/904 6659/903 6666/907 6667/601 
f 6668/903 6669/907 6670/601 6671/904 
f 6672/905 6668/903 6671/904 6673/592 
f 6668/903 6672/905 6674/595 6675/906 
f 6669/907 6668/903 6675/906 6676/598 
f 6677/903 6678/907 6661/601 6660/904 
f 6679/905 6677/903 6660/904 6667/592 
f 6677/903 6679/905 6673/595 6671/906 
f 6678/907 6677/903 6671/906 6670/598 
f 6680/903 6679/907 6667/601 6666/904 
f 6681/905 6680/903 6666/904 6665/592 
f 6680/903 6681/905 6674/595 6672/906 
f 6679/907 6680/903 6672/906 6673/598 
f 6682/903 6681/907 6665/601 6663/904 
f 6683/905 6682/903 6663/904 6664/592 
f 6682/903 6683/905 6676/595 6675/906 
f 6681/907 6682/903 6675/906 6674/598 
f 6684/903 6683/907 6664/601 6662/904 
f 6678/905 6684/903 6662/904 6661/592 
f 6684/903 6678/905 6670/595 6669/906 
f 6683/907 6684/903 6669/906 6676/598 
f 6685/903 6686/904 6687/592 6688/905 
f 6689/906 6685/903 6688/905 6690/595 
f 6685/903 6689/906 6691/598 6692/907 
f 6686/904 6685/903 6692/907 6693/601 
f 6694/903 6695/907 6696/601 6697/904 
f 6698/905 6694/903 6697/904 6699/592 
f 6694/903 6698/905 6700/595 6701/906 
f 6695/907 6694/903 6701/906 6702/598 
f 6703/903 6704/907 6687/601 6686/904 
f 6705/905 6703/903 6686/904 6693/592 
f 6703/903 6705/905 6699/595 6697/906 
f 6704/907 6703/903 6697/906 6696/598 
f 6706/903 6705/907 6693/601 6692/904 
f 6707/905 6706/903 6692/904 6691/592 
f 6706/903 6707/905 6700/595 6698/906 
f 6705/907 6706/903 6698/906 6699/598 
f 6708/903 6707/907 6691/601 6689/904 
f 6709/905 6708/903 6689/904 6690/592 
f 6708/903 6709/905 6702/595 6701/906 
f 6707/907 6708/903 6701/906 6700/598 
f 6710/903 6709/907 6690/601 6688/904 
f 6704/905 6710/903 6688/904 6687/592 
f 6710/903 6704/905 6696/595 6695/906 
f 6709/907 6710/903 6695/906 6702/598 
f 6711/903 6712/904 6713/592 6714/905 
f 6715/906 6711/903 6714/905 6716/595 
f 6711/903 6715/906 6717/598 6718/907 
f 6712/904 6711/903 6718/907 6719/601 
f 6720/903 6721/907 6722/601 6723/904 
f 6724/905 6720/903 6723/904 6725/592 
f 6720/903 6724/905 6726/595 6727/906 
f 6721/907 6720/903 6727/906 6728/598 
f 6729/903 6730/907 6713/601 6712/904 
f 6731/905 6729/903 6712/904 6719/592 
f 6729/903 6731/905 6725/595 6723/906 
f 6730/907 6729/903 6723/906 6722/598 
f 6732/903 6731/907 6719/601 6718/904 
f 6733/905 6732/903 6718/904 6717/592 
f 6732/903 6733/905 6726/595 6724/906 
f 6731/907 6732/903 6724/906 6725/598 
f 6734/903 6733/907 6717/601 6715/904 
f 6735/905 6734/903 6715/904 6716/592 
f 6734/903 6735/905 6728/595 6727/906 
f 6733/907 6734/903 6727/906 6726/598 
f 6736/903 6735/907 6716/601 6714/904 
f 6730/905 6736/903 6714/904 6713/592 
f 6736/903 6730/905 6722/595 6721/906 
f 6735/907 6736/903 6721/906 6728/598 
f 6737/903 6738/904 6739/592 6740/905 
f 6741/906 6737/903 6740/905 6742/595 
f 6737/903 6741/906 6743/598 6744/907 
f 6738/904 6737/903 6744/907 6745/601 
f 6746/903 6747/907 6748/601 6749/904 
f 6750/905 6746/903 6749/904 6751/592 
f 6746/903 6750/905 6752/595 6753/906 
f 6747/907 6746/903 6753/906 6754/598 
f 6755/903 6756/907 6739/601 6738/904 
f 6757/905 6755/903 6738/904 6745/592 
f 6755/903 6757/905 6751/595 6749/906 
f 6756/907 6755/903 6749/906 6748/598 
f 6758/903 6757/907 6745/601 6744/904 
f 6759/905 6758/903 6744/904 6743/592 
f 6758/903 6759/905 6752/595 6750/906 
f 6757/907 6758/903 6750/906 6751/598 
f 6760/903 6759/907 6743/601 6741/904 
f 6761/905 6760/903 6741/904 6742/592 
f 6760/903 6761/905 6754/595 6753/906 
f 6759/907 6760/903 6753/906 6752/598 
f 6762/903 6761/907 6742/601 6740/904 
f 6756/905 6762/903 6740/904 6739/592 
f 6762/903 6756/905 6748/595 6747/906 
f 6761/907 6762/903 6747/906 6754/598 
f 6763/903 6764/904 6765/592 6766/905 
f 6767/906 6763/903 6766/905 6768/595 
f 6763/903 6767/906 6769/598 6770/907 
f 6764/904 6763/903 6770/907 6771/601 
f 6772/903 6773/907 6774/601 6775/904 
f 6776/905 6772/903 6775/904 6777/592 
f 6772/903 6776/905 6778/595 6779/906 
f 6773/907 6772/903 6779/906 6780/598 
f 6781/903 6782/907 6765/601 6764/904 
f 6783/905 6781/903 6764/904 6771/592 
f 6781/903 6783/905 6777/595 6775/906 
f 6782/907 6781/903 6775/906 6774/598 
f 6784/903 6783/907 6771/601 6770/904 
f 6785/905 6784/903 6770/904 6769/592 
f 6784/903 6785/905 6778/595 6776/906 
f 6783/907 6784/903 6776/906 6777/598 
f 6786/903 6785/907 6769/601 6767/904 
f 6787/905 6786/903 6767/904 6768/592 
f 6786/903 6787/905 6780/595 6779/906 
f 6785/907 6786/903 6779/906 6778/598 
f 6788/903 6787/907 6768/601 6766/904 
f 6782/905 6788/903 6766/904 6765/592 
f 6788/903 6782/905 6774/595 6773/906 
f 6787/907 6788/903 6773/906 6780/598 
s 2049
f 6789/908 6790/909 6791/910 6792/911 
s 4100
f 6793/912 6794/913 6795/914 6796/915 
s 8194
f 6797/916 6798/917 6799/918 6800/919 
s 4100
f 6801/920 6802/921 6803/922 6804/923 
s 8194
f 6805/924 6806/925 6807/926 6808/927 
s 4100
f 6809/928 6810/929 6811/930 6812/931 
s 8194
f 6813/932 6814/933 6815/934 6816/935 
s 4100
f 6817/936 6818/937 6819/938 6820/939 
s 2147483648
f 6821/940 6822/941 6823/942 6824/943 6825/944 6826/945 6827/946 6828/947 
f 6829/948 6830/949 6831/950 6832/951 6833/952 6834/953 6835/954 6836/955 
s 2049
f 6837/956 6838/957 6790/909 6789/908 
f 6839/958 6840/959 6792/911 6791/910 
s 4100
f 6841/960 6842/961 6794/913 6793/912 
f 6843/962 6844/963 6796/915 6795/914 
s 8194
f 6845/964 6846/965 6798/917 6797/916 
f 6847/966 6848/967 6800/919 6799/918 
s 4100
f 6849/968 6850/969 6802/921 6801/920 
f 6803/922 6851/970 6852/971 6804/923 
f 6853/972 6854/973 6810/929 6809/928 
f 6855/974 6856/975 6812/931 6811/930 
f 6817/936 6857/976 6858/977 6818/937 
f 6859/978 6860/979 6820/939 6819/938 
s 1
f 6803/922 6820/939 6860/979 6851/970 
s 8
f 6861/980 6862/981 6863/982 6864/983 
s 1
f 6856/975 6855/974 6865/984 6866/985 
s 8
f 6823/942 6826/945 6825/944 6824/943 
s 1
f 6850/969 6857/976 6817/936 6802/921 
s 8
f 6829/948 6836/955 6835/954 6830/949 
s 1
f 6867/986 6868/987 6854/973 6853/972 
s 8
f 6869/988 6870/989 6871/990 6872/991 
s 32
f 6808/927 6873/992 6874/993 6875/994 
f 6805/924 6876/995 6877/996 6878/997 
f 6806/925 6879/998 6880/999 6881/1000 
f 6807/926 6882/1001 6883/1002 6884/1003 
f 6816/935 6885/1004 6886/1005 6887/1006 
f 6813/932 6888/1007 6889/1008 6890/1009 
f 6814/933 6891/1010 6892/1011 6893/1012 
f 6815/934 6894/1013 6895/1014 6896/1015 
f 6827/946 6897/1016 6898/1017 6899/1018 
f 6828/947 6900/1019 6901/1020 6902/1021 
f 6821/940 6903/1022 6904/1023 6905/1024 
f 6822/941 6906/1025 6907/1026 6908/1027 
f 6831/950 6909/1028 6910/1029 6911/1030 
f 6832/951 6912/1031 6913/1032 6914/1033 
f 6833/952 6915/1034 6916/1035 6917/1036 
f 6834/953 6918/1037 6919/1038 6920/1039 
s 64
f 6837/956 6921/1040 6919/1038 6918/1037 
f 6838/957 6917/1036 6916/1035 6922/1041 
f 6839/958 6923/1042 6901/1020 6900/1019 
f 6840/959 6899/1018 6898/1017 6924/1043 
s 256
f 6841/960 6922/1041 6916/1035 6915/1034 
f 6842/961 6914/1033 6913/1032 6925/1044 
f 6843/962 6926/1045 6904/1023 6903/1022 
f 6844/963 6902/1021 6901/1020 6923/1042 
s 128
f 6845/964 6925/1044 6913/1032 6912/1031 
f 6846/965 6911/1030 6910/1029 6927/1046 
f 6847/966 6928/1047 6907/1026 6906/1025 
f 6848/967 6905/1024 6904/1023 6926/1045 
s 256
f 6849/968 6927/1046 6910/1029 6909/1028 
f 6852/971 6908/1027 6907/1026 6928/1047 
s 64
f 6853/972 6929/1048 6930/1049 6931/1050 
f 6854/973 6932/1051 6933/1052 6934/1053 
f 6855/974 6935/1054 6936/1055 6937/1056 
f 6856/975 6938/1057 6939/1058 6940/1059 
s 256
f 6858/977 6920/1039 6919/1038 6921/1040 
f 6859/978 6924/1043 6898/1017 6897/1016 
s 128
f 6864/983 6941/1060 6874/993 6873/992 
f 6861/980 6884/1003 6883/1002 6942/1061 
f 6862/981 6943/1062 6886/1005 6885/1004 
f 6863/982 6896/1015 6895/1014 6944/1063 
s 256
f 6866/985 6942/1061 6883/1002 6945/1064 
f 6856/975 6940/1059 6939/1058 6938/1057 
f 6855/974 6937/1056 6936/1055 6935/1054 
f 6865/984 6946/1065 6886/1005 6943/1062 
s 128
f 6853/972 6931/1050 6930/1049 6929/1048 
f 6867/986 6947/1066 6880/999 6948/1067 
f 6868/987 6949/1068 6889/1008 6950/1069 
f 6854/973 6934/1053 6933/1052 6932/1051 
s 16
f 6872/991 6948/1067 6880/999 6879/998 
f 6869/988 6878/997 6877/996 6951/1070 
f 6870/989 6952/1071 6892/1011 6891/1010 
f 6871/990 6890/1009 6889/1008 6949/1068 
s 64
f 6789/908 6792/911 6953/1072 6954/1073 
f 6791/910 6790/909 6955/1074 6956/1075 
s 256
f 6793/912 6796/915 6956/1075 6955/1074 
f 6795/914 6794/913 6957/1076 6958/1077 
s 128
f 6797/916 6800/919 6958/1077 6957/1076 
f 6799/918 6798/917 6959/1078 6960/1079 
s 256
f 6801/920 6804/923 6960/1079 6959/1078 
s 64
f 6803/922 6802/921 6876/995 6875/994 
s 32
f 6805/924 6808/927 6875/994 6876/995 
f 6806/925 6805/924 6878/997 6879/998 
f 6807/926 6806/925 6881/1000 6882/1001 
f 6808/927 6807/926 6884/1003 6873/992 
s 64
f 6809/928 6812/931 6882/1001 6881/1000 
f 6811/930 6810/929 6888/1007 6887/1006 
s 32
f 6813/932 6816/935 6887/1006 6888/1007 
f 6814/933 6813/932 6890/1009 6891/1010 
f 6815/934 6814/933 6893/1012 6894/1013 
f 6816/935 6815/934 6896/1015 6885/1004 
s 64
f 6817/936 6820/939 6894/1013 6893/1012 
s 256
f 6819/938 6818/937 6954/1073 6953/1072 
s 32
f 6827/946 6826/945 6961/1080 6897/1016 
f 6828/947 6827/946 6899/1018 6900/1019 
f 6821/940 6828/947 6902/1021 6903/1022 
f 6822/941 6821/940 6905/1024 6906/1025 
f 6823/942 6822/941 6908/1027 6962/1081 
s 64
f 6825/944 6824/943 6938/1057 6937/1056 
f 6829/948 6836/955 6932/1051 6931/1050 
s 32
f 6831/950 6830/949 6963/1082 6909/1028 
f 6832/951 6831/950 6911/1030 6912/1031 
f 6833/952 6832/951 6914/1033 6915/1034 
f 6834/953 6833/952 6917/1036 6918/1037 
f 6835/954 6834/953 6920/1039 6964/1083 
s 64
f 6837/956 6789/908 6954/1073 6921/1040 
f 6838/957 6837/956 6918/1037 6917/1036 
f 6790/909 6838/957 6922/1041 6955/1074 
f 6839/958 6791/910 6956/1075 6923/1042 
f 6840/959 6839/958 6900/1019 6899/1018 
f 6792/911 6840/959 6924/1043 6953/1072 
s 256
f 6841/960 6793/912 6955/1074 6922/1041 
f 6842/961 6841/960 6915/1034 6914/1033 
f 6794/913 6842/961 6925/1044 6957/1076 
f 6843/962 6795/914 6958/1077 6926/1045 
f 6844/963 6843/962 6903/1022 6902/1021 
f 6796/915 6844/963 6923/1042 6956/1075 
s 128
f 6845/964 6797/916 6957/1076 6925/1044 
f 6846/965 6845/964 6912/1031 6911/1030 
f 6798/917 6846/965 6927/1046 6959/1078 
f 6847/966 6799/918 6960/1079 6928/1047 
f 6848/967 6847/966 6906/1025 6905/1024 
f 6800/919 6848/967 6926/1045 6958/1077 
s 256
f 6849/968 6801/920 6959/1078 6927/1046 
f 6850/969 6849/968 6909/1028 6963/1082 
f 6852/971 6851/970 6962/1081 6908/1027 
f 6804/923 6852/971 6928/1047 6960/1079 
s 64
f 6853/972 6809/928 6947/1066 6929/1048 
f 6854/973 6853/972 6931/1050 6932/1051 
f 6810/929 6854/973 6934/1053 6950/1069 
f 6855/974 6811/930 6946/1065 6935/1054 
f 6856/975 6855/974 6937/1056 6938/1057 
f 6812/931 6856/975 6940/1059 6945/1064 
s 256
f 6858/977 6857/976 6964/1083 6920/1039 
f 6818/937 6858/977 6921/1040 6954/1073 
f 6859/978 6819/938 6953/1072 6924/1043 
f 6860/979 6859/978 6897/1016 6961/1080 
s 64
f 6820/939 6803/922 6941/1060 6944/1063 
s 256
f 6851/970 6860/979 6961/1080 6962/1081 
s 128
f 6861/980 6864/983 6873/992 6884/1003 
f 6862/981 6861/980 6942/1061 6943/1062 
f 6863/982 6862/981 6885/1004 6896/1015 
f 6864/983 6863/982 6944/1063 6941/1060 
s 256
f 6856/975 6866/985 6945/1064 6940/1059 
f 6855/974 6856/975 6938/1057 6937/1056 
f 6865/984 6855/974 6935/1054 6946/1065 
f 6866/985 6865/984 6943/1062 6942/1061 
s 32
f 6826/945 6823/942 6962/1081 6961/1080 
s 256
f 6824/943 6825/944 6937/1056 6938/1057 
f 6857/976 6850/969 6963/1082 6964/1083 
s 64
f 6802/921 6817/936 6952/1071 6951/1070 
s 128
f 6836/955 6829/948 6931/1050 6932/1051 
s 32
f 6830/949 6835/954 6964/1083 6963/1082 
s 128
f 6867/986 6853/972 6929/1048 6947/1066 
f 6868/987 6867/986 6948/1067 6949/1068 
f 6854/973 6868/987 6950/1069 6934/1053 
f 6853/972 6854/973 6932/1051 6931/1050 
s 16
f 6869/988 6872/991 6879/998 6878/997 
f 6870/989 6869/988 6951/1070 6952/1071 
f 6871/990 6870/989 6891/1010 6890/1009 
f 6872/991 6871/990 6949/1068 6948/1067 
s 64
f 6803/922 6875/994 6874/993 6941/1060 
f 6809/928 6881/1000 6880/999 6947/1066 
f 6811/930 6887/1006 6886/1005 6946/1065 
f 6817/936 6893/1012 6892/1011 6952/1071 
s 256
f 6825/944 6937/1056 6936/1055 6937/1056 
s 128
f 6829/948 6931/1050 6930/1049 6931/1050 
s 64
f 6810/929 6950/1069 6889/1008 6888/1007 
f 6812/931 6945/1064 6883/1002 6882/1001 
f 6820/939 6944/1063 6895/1014 6894/1013 
s 256
f 6824/943 6938/1057 6939/1058 6938/1057 
s 64
f 6802/921 6951/1070 6877/996 6876/995 
s 128
f 6836/955 6932/1051 6933/1052 6932/1051 
s 1
f 6965/1 6966/2 6967/3 6968/4 6969/5 6970/6 6971/7 6972/8 6973/9 6974/10 6975/11 6976/12 6977/13 6978/14 6979/15 6980/16 6981/17 6982/18 6983/19 6984/20 6985/21 6986/22 6987/23 6988/24 6989/25 6990/26 6991/27 6992/28 6993/29 6994/30 6995/31 6996/32 6997/33 6998/34 6999/35 7000/36 7001/37 7002/38 7003/39 7004/40 7005/41 7006/42 7007/43 7008/44 7009/45 7010/46 7011/47 7012/48 7013/49 7014/50 7015/51 7016/52 7017/53 7018/54 7019/55 7020/56 7021/57 7022/58 7023/59 7024/60 7025/61 7026/62 7027/63 7028/64 7029/65 7030/66 7031/67 7032/68 7033/69 7034/70 
s 8
f 7035/71 7036/72 7037/73 7038/74 
f 7039/75 7040/76 7036/72 7035/71 
f 7041/77 7042/78 7040/76 7039/75 
f 7043/79 7044/80 7042/78 7041/77 
f 7045/81 7046/82 7044/80 7043/79 
f 7047/83 7048/84 7046/82 7045/81 
f 7049/85 7050/86 7048/84 7047/83 
f 7051/87 7052/88 7050/86 7049/85 
f 7053/89 7054/90 7052/88 7051/87 
f 7055/91 7056/92 7054/90 7053/89 
f 7057/93 7058/94 7056/92 7055/91 
f 7059/95 7060/96 7058/94 7057/93 
f 7061/97 7062/98 7060/96 7059/95 
f 7063/99 7064/100 7062/98 7061/97 
f 7065/101 7066/102 7064/100 7063/99 
f 7067/103 7068/104 7066/102 7065/101 
f 7069/105 7070/106 7068/104 7067/103 
f 7071/107 7072/108 7070/109 7069/110 
f 7073/111 7074/112 7072/108 7071/107 
f 7075/113 7076/114 7074/112 7073/111 
f 7077/115 7078/116 7076/114 7075/113 
f 7079/117 7080/118 7078/116 7077/115 
f 7081/119 7082/120 7080/118 7079/117 
f 7083/121 7084/122 7082/120 7081/119 
f 7085/123 7086/124 7084/122 7083/121 
f 7087/125 7088/126 7086/124 7085/123 
f 7089/127 7090/128 7088/126 7087/125 
f 7091/129 7092/130 7090/128 7089/127 
f 7093/131 7094/132 7092/130 7091/129 
f 7095/133 7096/134 7094/132 7093/131 
f 7097/135 7098/136 7096/134 7095/133 
f 7099/137 7100/138 7098/136 7097/135 
f 7101/139 7102/140 7100/138 7099/137 
f 7103/141 7104/142 7102/140 7101/139 
f 7105/143 7106/144 7104/142 7103/141 
f 7107/145 7108/146 7106/144 7105/143 
f 7109/147 7110/148 7108/146 7107/145 
f 7111/149 7112/150 7110/148 7109/147 
f 7113/151 7114/152 7112/150 7111/149 
f 7115/153 7116/154 7114/152 7113/151 
f 7117/155 7118/156 7116/154 7115/153 
f 7119/157 7120/158 7118/156 7117/155 
f 7121/159 7122/160 7120/158 7119/157 
f 7123/161 7124/162 7122/160 7121/159 
f 7125/163 7126/164 7124/162 7123/161 
f 7127/165 7128/166 7126/164 7125/163 
f 7129/167 7130/168 7128/166 7127/165 
f 7131/169 7132/170 7130/168 7129/167 
f 7133/171 7134/172 7132/170 7131/169 
f 7135/173 7136/174 7134/172 7133/171 
f 7137/175 7138/176 7136/174 7135/173 
f 7139/177 7140/178 7138/176 7137/175 
f 7141/179 7142/180 7140/178 7139/177 
f 7143/181 7144/182 7142/180 7141/179 
f 7145/183 7146/184 7144/182 7143/181 
f 7147/185 7148/186 7146/184 7145/183 
f 7149/187 7150/188 7148/186 7147/185 
f 7151/189 7152/190 7150/188 7149/187 
f 7153/191 7154/192 7152/190 7151/189 
f 7155/193 7156/194 7154/192 7153/191 
f 7157/195 7158/196 7156/194 7155/193 
f 7159/197 7160/198 7158/196 7157/195 
f 7161/199 7162/200 7160/198 7159/197 
f 7163/201 7164/202 7162/200 7161/199 
f 7165/203 7166/204 7164/202 7163/201 
f 7167/205 7168/206 7166/204 7165/203 
f 7169/207 7170/208 7168/206 7167/205 
f 7171/209 7172/210 7170/208 7169/207 
f 7173/211 7174/212 7172/210 7171/209 
f 7038/74 7037/73 7174/212 7173/211 
s 1
f 7175/213 7176/214 7177/215 7178/216 7179/217 7180/218 7181/219 7182/220 7183/221 7184/222 7185/223 7186/224 7187/225 7188/226 7189/227 7190/228 7191/229 7192/230 7193/231 7194/232 7195/233 7196/234 7197/235 7198/236 7199/237 7200/238 7201/239 7202/240 7203/241 7204/242 7205/243 7206/244 7207/245 7208/246 7209/247 7210/248 7211/249 7212/250 7213/251 7214/252 7215/253 7216/254 7217/255 7218/256 7219/257 7220/258 7221/259 7222/260 7223/261 7224/262 7225/263 7226/264 7227/265 7228/266 7229/267 7230/268 7231/269 7232/270 7233/271 7234/272 7235/273 7236/274 7237/275 7238/276 7239/277 7240/278 7241/279 7242/280 7243/281 7244/282 
s 2
f 6969/5 6968/4 7245/283 7246/284 
f 6970/6 6969/5 7246/284 7247/285 
f 6971/7 6970/6 7247/285 7248/286 
f 6972/8 6971/7 7248/286 7249/287 
f 6973/9 6972/8 7249/287 7250/288 
f 6974/10 6973/9 7250/288 7251/289 
f 6975/11 6974/10 7251/289 7252/290 
f 6976/12 6975/11 7252/290 7253/291 
f 6977/13 6976/12 7253/291 7254/292 
f 6978/14 6977/13 7254/292 7255/293 
f 6979/15 6978/14 7255/293 7256/294 
f 6980/16 6979/15 7256/294 7257/295 
f 6981/17 6980/16 7257/295 7258/296 
f 6982/18 6981/17 7258/296 7259/297 
f 6983/19 6982/18 7259/297 7260/298 
f 6984/20 6983/19 7260/298 7261/299 
f 6985/21 6984/20 7261/299 7262/300 
f 6986/22 6985/21 7262/300 7263/301 
f 6987/23 6986/22 7263/301 7264/302 
f 6988/24 6987/23 7264/302 7265/303 
f 6989/25 6988/24 7265/303 7266/304 
f 6990/26 6989/25 7266/304 7267/305 
f 6991/27 6990/26 7267/305 7268/306 
f 6992/28 6991/27 7268/306 7269/307 
f 6993/29 6992/28 7269/307 7270/308 
f 6994/30 6993/29 7270/308 7271/309 
f 6995/31 6994/30 7271/309 7272/310 
f 6996/32 6995/31 7272/310 7273/311 
f 6997/33 6996/32 7273/311 7274/312 
f 6998/34 6997/33 7274/312 7275/313 
f 6999/35 6998/34 7275/313 7276/314 
f 7000/36 6999/35 7276/314 7277/315 
f 7001/37 7000/36 7277/315 7278/316 
f 7002/38 7001/37 7278/316 7279/317 
f 7003/39 7002/38 7279/317 7280/318 
f 7004/40 7003/39 7280/318 7281/319 
f 7005/41 7004/40 7281/319 7282/320 
f 7006/42 7005/41 7282/320 7283/321 
f 7007/43 7006/42 7283/321 7284/322 
f 7008/44 7007/43 7284/322 7285/323 
f 7009/45 7008/44 7285/323 7286/324 
f 7010/46 7009/45 7286/324 7287/325 
f 7011/47 7010/46 7287/325 7288/326 
f 7012/48 7011/47 7288/326 7289/327 
f 7013/49 7012/48 7289/327 7290/328 
f 7014/50 7013/49 7290/328 7291/329 
f 7015/51 7014/50 7291/329 7292/330 
f 7016/52 7015/51 7292/330 7293/331 
f 7017/53 7016/52 7293/331 7294/332 
f 7018/54 7017/53 7294/332 7295/333 
f 7019/55 7018/54 7295/333 7296/334 
f 7020/56 7019/55 7296/334 7297/335 
f 7021/57 7020/56 7297/335 7298/336 
f 7022/58 7021/57 7298/336 7299/337 
f 7023/59 7022/58 7299/337 7300/338 
f 7024/60 7023/59 7300/338 7301/339 
f 7025/61 7024/60 7301/339 7302/340 
f 7026/62 7025/61 7302/340 7303/341 
f 7027/63 7026/62 7303/341 7304/342 
f 7028/64 7027/63 7304/342 7305/343 
f 7029/65 7028/64 7305/343 7306/344 
f 7030/66 7029/65 7306/344 7307/345 
f 7031/67 7030/66 7307/345 7308/346 
f 7032/68 7031/67 7308/346 7309/347 
f 7033/69 7032/68 7309/347 7310/348 
f 7034/70 7033/69 7310/348 7311/349 
f 6965/1 7034/70 7311/349 7312/350 
f 6966/2 6965/1 7312/350 7313/351 
f 6967/3 6966/2 7313/351 7314/352 
f 6968/4 6967/3 7314/352 7245/283 
s 4
f 7035/71 7038/74 7314/352 7313/351 
f 7037/73 7036/72 7315/353 7316/354 
f 7039/75 7035/71 7313/351 7312/350 
f 7036/72 7040/76 7317/355 7315/353 
f 7041/77 7039/75 7312/350 7311/349 
f 7040/76 7042/78 7318/356 7317/355 
f 7043/79 7041/77 7311/349 7310/348 
f 7042/78 7044/80 7319/357 7318/356 
f 7045/81 7043/79 7310/348 7309/347 
f 7044/80 7046/82 7320/358 7319/357 
f 7047/83 7045/81 7309/347 7308/346 
f 7046/82 7048/84 7321/359 7320/358 
f 7049/85 7047/83 7308/346 7307/345 
f 7048/84 7050/86 7322/360 7321/359 
f 7051/87 7049/85 7307/345 7306/344 
f 7050/86 7052/88 7323/361 7322/360 
f 7053/89 7051/87 7306/344 7305/343 
f 7052/88 7054/90 7324/362 7323/361 
f 7055/91 7053/89 7305/343 7304/342 
f 7054/90 7056/92 7325/363 7324/362 
f 7057/93 7055/91 7304/342 7303/341 
f 7056/92 7058/94 7326/364 7325/363 
f 7059/95 7057/93 7303/341 7302/340 
f 7058/94 7060/96 7327/365 7326/364 
f 7061/97 7059/95 7302/340 7301/339 
f 7060/96 7062/98 7328/366 7327/365 
f 7063/99 7061/97 7301/339 7300/338 
f 7062/98 7064/100 7329/367 7328/366 
f 7065/101 7063/99 7300/338 7299/337 
f 7064/100 7066/102 7330/368 7329/367 
f 7067/103 7065/101 7299/337 7298/336 
f 7066/102 7068/104 7331/369 7330/368 
f 7069/105 7067/103 7298/336 7297/335 
f 7068/104 7070/106 7332/370 7331/369 
f 7071/107 7069/110 7297/371 7296/372 
f 7070/109 7072/108 7333/373 7332/374 
f 7073/111 7071/107 7296/372 7295/375 
f 7072/108 7074/112 7334/376 7333/373 
f 7075/113 7073/111 7295/375 7294/377 
f 7074/112 7076/114 7335/378 7334/376 
f 7077/115 7075/113 7294/377 7293/379 
f 7076/114 7078/116 7336/380 7335/378 
f 7079/117 7077/115 7293/379 7292/381 
f 7078/116 7080/118 7337/382 7336/380 
f 7081/119 7079/117 7292/381 7291/383 
f 7080/118 7082/120 7338/384 7337/382 
f 7083/121 7081/119 7291/383 7290/385 
f 7082/120 7084/122 7339/386 7338/384 
f 7085/123 7083/121 7290/385 7289/387 
f 7084/122 7086/124 7340/388 7339/386 
f 7087/125 7085/123 7289/387 7288/389 
f 7086/124 7088/126 7341/390 7340/388 
f 7089/127 7087/125 7288/389 7287/391 
f 7088/126 7090/128 7342/392 7341/390 
f 7091/129 7089/127 7287/391 7286/393 
f 7090/128 7092/130 7343/394 7342/392 
f 7093/131 7091/129 7286/393 7285/395 
f 7092/130 7094/132 7344/396 7343/394 
f 7095/133 7093/131 7285/395 7284/397 
f 7094/132 7096/134 7345/398 7344/396 
f 7097/135 7095/133 7284/397 7283/399 
f 7096/134 7098/136 7346/400 7345/398 
f 7099/137 7097/135 7283/399 7282/401 
f 7098/136 7100/138 7347/402 7346/400 
f 7101/139 7099/137 7282/401 7281/403 
f 7100/138 7102/140 7348/404 7347/402 
f 7103/141 7101/139 7281/403 7280/405 
f 7102/140 7104/142 7349/406 7348/404 
f 7105/143 7103/141 7280/405 7279/407 
f 7104/142 7106/144 7350/408 7349/406 
f 7107/145 7105/143 7279/407 7278/409 
f 7106/144 7108/146 7351/410 7350/408 
f 7109/147 7107/145 7278/409 7277/411 
f 7108/146 7110/148 7352/412 7351/410 
f 7111/149 7109/147 7277/411 7276/413 
f 7110/148 7112/150 7353/414 7352/412 
f 7113/151 7111/149 7276/413 7275/415 
f 7112/150 7114/152 7354/416 7353/414 
f 7115/153 7113/151 7275/415 7274/417 
f 7114/152 7116/154 7355/418 7354/416 
f 7117/155 7115/153 7274/417 7273/419 
f 7116/154 7118/156 7356/420 7355/418 
f 7119/157 7117/155 7273/419 7272/421 
f 7118/156 7120/158 7357/422 7356/420 
f 7121/159 7119/157 7272/421 7271/423 
f 7120/158 7122/160 7358/424 7357/422 
f 7123/161 7121/159 7271/423 7270/425 
f 7122/160 7124/162 7359/426 7358/424 
f 7125/163 7123/161 7270/425 7269/427 
f 7124/162 7126/164 7360/428 7359/426 
f 7127/165 7125/163 7269/427 7268/429 
f 7126/164 7128/166 7361/430 7360/428 
f 7129/167 7127/165 7268/429 7267/431 
f 7128/166 7130/168 7362/432 7361/430 
f 7131/169 7129/167 7267/431 7266/433 
f 7130/168 7132/170 7363/434 7362/432 
f 7133/171 7131/169 7266/433 7265/435 
f 7132/170 7134/172 7364/436 7363/434 
f 7135/173 7133/171 7265/435 7264/437 
f 7134/172 7136/174 7365/438 7364/436 
f 7137/175 7135/173 7264/437 7263/439 
f 7136/174 7138/176 7366/440 7365/438 
f 7139/177 7137/175 7263/439 7262/441 
f 7138/176 7140/178 7367/442 7366/440 
f 7141/179 7139/177 7262/441 7261/443 
f 7140/178 7142/180 7368/444 7367/442 
f 7143/181 7141/179 7261/443 7260/445 
f 7142/180 7144/182 7369/446 7368/444 
f 7145/183 7143/181 7260/445 7259/447 
f 7144/182 7146/184 7370/448 7369/446 
f 7147/185 7145/183 7259/447 7258/449 
f 7146/184 7148/186 7371/450 7370/448 
f 7149/187 7147/185 7258/449 7257/451 
f 7148/186 7150/188 7372/452 7371/450 
f 7151/189 7149/187 7257/451 7256/453 
f 7150/188 7152/190 7373/454 7372/452 
f 7153/191 7151/189 7256/453 7255/455 
f 7152/190 7154/192 7374/456 7373/454 
f 7155/193 7153/191 7255/455 7254/457 
f 7154/192 7156/194 7375/458 7374/456 
f 7157/195 7155/193 7254/457 7253/459 
f 7156/194 7158/196 7376/460 7375/458 
f 7159/197 7157/195 7253/459 7252/461 
f 7158/196 7160/198 7377/462 7376/460 
f 7161/199 7159/197 7252/461 7251/463 
f 7160/198 7162/200 7378/464 7377/462 
f 7163/201 7161/199 7251/463 7250/465 
f 7162/200 7164/202 7379/466 7378/464 
f 7165/203 7163/201 7250/465 7249/467 
f 7164/202 7166/204 7380/468 7379/466 
f 7167/205 7165/203 7249/467 7248/469 
f 7166/204 7168/206 7381/470 7380/468 
f 7169/207 7167/205 7248/469 7247/471 
f 7168/206 7170/208 7382/472 7381/470 
f 7171/209 7169/207 7247/471 7246/473 
f 7170/208 7172/210 7383/474 7382/472 
f 7173/211 7171/209 7246/473 7245/475 
f 7172/210 7174/212 7384/476 7383/474 
f 7038/74 7173/211 7245/475 7314/352 
f 7174/212 7037/73 7316/354 7384/476 
s 2
f 7179/217 7178/216 7384/476 7316/354 
f 7180/218 7179/217 7316/354 7315/353 
f 7181/219 7180/218 7315/353 7317/355 
f 7182/220 7181/219 7317/355 7318/356 
f 7183/221 7182/220 7318/356 7319/357 
f 7184/222 7183/221 7319/357 7320/358 
f 7185/223 7184/222 7320/358 7321/359 
f 7186/224 7185/223 7321/359 7322/360 
f 7187/225 7186/224 7322/360 7323/361 
f 7188/226 7187/225 7323/361 7324/362 
f 7189/227 7188/226 7324/362 7325/363 
f 7190/228 7189/227 7325/363 7326/364 
f 7191/229 7190/228 7326/364 7327/365 
f 7192/230 7191/229 7327/365 7328/366 
f 7193/231 7192/230 7328/366 7329/367 
f 7194/232 7193/231 7329/367 7330/368 
f 7195/233 7194/232 7330/368 7331/369 
f 7196/234 7195/233 7331/369 7332/370 
f 7197/235 7196/234 7332/370 7333/477 
f 7198/236 7197/235 7333/477 7334/478 
f 7199/237 7198/236 7334/478 7335/479 
f 7200/238 7199/237 7335/479 7336/480 
f 7201/239 7200/238 7336/480 7337/481 
f 7202/240 7201/239 7337/481 7338/482 
f 7203/241 7202/240 7338/482 7339/483 
f 7204/242 7203/241 7339/483 7340/484 
f 7205/243 7204/242 7340/484 7341/485 
f 7206/244 7205/243 7341/485 7342/486 
f 7207/245 7206/244 7342/486 7343/487 
f 7208/246 7207/245 7343/487 7344/488 
f 7209/247 7208/246 7344/488 7345/489 
f 7210/248 7209/247 7345/489 7346/490 
f 7211/249 7210/248 7346/490 7347/491 
f 7212/250 7211/249 7347/491 7348/492 
f 7213/251 7212/250 7348/492 7349/493 
f 7214/252 7213/251 7349/493 7350/494 
f 7215/253 7214/252 7350/494 7351/495 
f 7216/254 7215/253 7351/495 7352/496 
f 7217/255 7216/254 7352/496 7353/497 
f 7218/256 7217/255 7353/497 7354/498 
f 7219/257 7218/256 7354/498 7355/499 
f 7220/258 7219/257 7355/499 7356/500 
f 7221/259 7220/258 7356/500 7357/501 
f 7222/260 7221/259 7357/501 7358/502 
f 7223/261 7222/260 7358/502 7359/503 
f 7224/262 7223/261 7359/503 7360/504 
f 7225/263 7224/262 7360/504 7361/505 
f 7226/264 7225/263 7361/505 7362/506 
f 7227/265 7226/264 7362/506 7363/507 
f 7228/266 7227/265 7363/507 7364/508 
f 7229/267 7228/266 7364/508 7365/509 
f 7230/268 7229/267 7365/509 7366/510 
f 7231/269 7230/268 7366/510 7367/511 
f 7232/270 7231/269 7367/511 7368/512 
f 7233/271 7232/270 7368/512 7369/513 
f 7234/272 7233/271 7369/513 7370/514 
f 7235/273 7234/272 7370/514 7371/515 
f 7236/274 7235/273 7371/515 7372/516 
f 7237/275 7236/274 7372/516 7373/517 
f 7238/276 7237/275 7373/517 7374/518 
f 7239/277 7238/276 7374/518 7375/519 
f 7240/278 7239/277 7375/519 7376/520 
f 7241/279 7240/278 7376/520 7377/521 
f 7242/280 7241/279 7377/521 7378/522 
f 7243/281 7242/280 7378/522 7379/523 
f 7244/282 7243/281 7379/523 7380/524 
f 7175/213 7244/282 7380/524 7381/525 
f 7176/214 7175/213 7381/525 7382/526 
f 7177/215 7176/214 7382/526 7383/527 
f 7178/216 7177/215 7383/527 7384/476 
f 7385/579 7386/580 7387/581 7388/582 
s 4
f 7389/582 7390/579 7391/580 7392/581 
s 8
f 7393/583 7394/584 7395/585 7396/586 
s 16
f 7397/587 7398/588 7399/589 7400/590 
s 32
f 7401/583 7402/584 7403/585 7404/586 
s 64
f 7405/587 7406/588 7407/589 7408/590 
s 1
f 7388/582 7409/591 7410/592 7411/593 
f 7385/579 7412/594 7413/595 7414/596 
f 7386/580 7415/597 7416/598 7417/599 
f 7387/581 7418/600 7419/601 7420/602 
f 7392/581 7421/600 7422/601 7423/602 
f 7389/582 7424/591 7425/592 7426/593 
f 7390/579 7427/594 7428/595 7429/596 
f 7391/580 7430/597 7431/598 7432/599 
s 128
f 7396/586 7433/603 7410/601 7409/602 
f 7393/583 7420/591 7419/592 7434/604 
f 7394/584 7435/605 7425/595 7424/596 
f 7395/585 7423/597 7422/598 7436/606 
s 256
f 7400/590 7434/603 7419/601 7418/607 
f 7397/587 7417/608 7416/592 7437/604 
f 7398/588 7438/605 7428/595 7427/609 
f 7399/589 7426/610 7425/598 7435/606 
s 128
f 7404/586 7437/603 7416/601 7415/602 
f 7401/583 7414/591 7413/592 7439/604 
f 7402/584 7440/605 7431/595 7430/596 
f 7403/585 7429/597 7428/598 7438/606 
s 256
f 7408/590 7439/603 7413/601 7412/607 
f 7405/587 7411/608 7410/592 7433/604 
f 7406/588 7436/605 7422/595 7421/609 
f 7407/589 7432/610 7431/598 7440/606 
s 1
f 7385/579 7388/582 7411/593 7412/594 
f 7386/580 7385/579 7414/596 7415/597 
f 7387/581 7386/580 7417/599 7418/600 
f 7388/582 7387/581 7420/602 7409/591 
f 7389/582 7392/581 7423/602 7424/591 
f 7390/579 7389/582 7426/593 7427/594 
f 7391/580 7390/579 7429/596 7430/597 
f 7392/581 7391/580 7432/599 7421/600 
s 128
f 7393/583 7396/586 7409/602 7420/591 
f 7394/584 7393/583 7434/604 7435/605 
f 7395/585 7394/584 7424/596 7423/597 
f 7396/586 7395/585 7436/606 7433/603 
s 256
f 7397/587 7400/590 7418/607 7417/608 
f 7398/588 7397/587 7437/604 7438/605 
f 7399/589 7398/588 7427/609 7426/610 
f 7400/590 7399/589 7435/606 7434/603 
s 128
f 7401/583 7404/586 7415/602 7414/591 
f 7402/584 7401/583 7439/604 7440/605 
f 7403/585 7402/584 7430/596 7429/597 
f 7404/586 7403/585 7438/606 7437/603 
s 256
f 7405/587 7408/590 7412/607 7411/608 
f 7406/588 7405/587 7433/604 7436/605 
f 7407/589 7406/588 7421/609 7432/610 
f 7408/590 7407/589 7440/606 7439/603 
usemtl Base
s 1
f 7441/1084 7442/1085 7443/1086 7444/1087 
s 3
f 7442/1085 7445/1088 7446/1089 7443/1086 
s 2
f 7445/1088 7447/1090 7448/1091 7446/1089 
f 7447/1090 7449/1092 7450/1093 7448/1091 
f 7449/1092 7451/1094 7452/1095 7450/1093 
f 7451/1094 7453/1096 7454/1097 7452/1095 
f 7453/1096 7455/1098 7456/1099 7454/1097 
f 7455/1098 7457/1100 7458/1101 7456/1099 
f 7457/1100 7459/1102 7460/1103 7458/1101 
f 7459/1102 7461/1104 7462/1105 7460/1103 
f 7461/1104 7463/1106 7464/1107 7462/1105 
f 7463/1106 7465/1108 7466/1109 7464/1107 
f 7465/1108 7467/1110 7468/1111 7466/1109 
f 7467/1110 7469/1112 7470/1113 7468/1111 
f 7469/1112 7471/1114 7472/1115 7470/1113 
f 7471/1116 7473/1117 7474/1118 7472/1119 
f 7473/1117 7475/1120 7476/1121 7474/1118 
f 7475/1120 7477/1122 7478/1123 7476/1121 
f 7477/1122 7479/1124 7480/1125 7478/1123 
f 7479/1124 7481/1126 7482/1127 7480/1125 
f 7481/1126 7483/1128 7484/1129 7482/1127 
f 7483/1128 7485/1130 7486/1131 7484/1129 
f 7485/1130 7487/1132 7488/1133 7486/1131 
f 7487/1132 7489/1134 7490/1135 7488/1133 
f 7489/1134 7491/1136 7492/1137 7490/1135 
f 7491/1136 7493/1138 7494/1139 7492/1137 
f 7493/1138 7495/1140 7496/1141 7494/1139 
f 7495/1140 7497/1142 7498/1143 7496/1141 
f 7497/1142 7499/1144 7500/1145 7498/1143 
f 7499/1144 7501/1146 7502/1147 7500/1145 
f 7501/1146 7503/1148 7504/1149 7502/1147 
f 7503/1148 7505/1150 7506/1151 7504/1149 
f 7505/1150 7507/1152 7508/1153 7506/1151 
f 7507/1152 7509/1154 7510/1155 7508/1153 
f 7509/1154 7511/1156 7512/1157 7510/1155 
f 7511/1156 7513/1158 7514/1159 7512/1157 
f 7513/1158 7515/1160 7516/1161 7514/1159 
f 7515/1160 7517/1162 7518/1163 7516/1161 
f 7517/1162 7519/1164 7520/1165 7518/1163 
f 7519/1164 7521/1166 7522/1167 7520/1165 
f 7521/1166 7523/1168 7524/1169 7522/1167 
f 7523/1168 7525/1170 7526/1171 7524/1169 
f 7525/1170 7527/1172 7528/1173 7526/1171 
f 7527/1172 7529/1174 7530/1175 7528/1173 
f 7529/1174 7531/1176 7532/1177 7530/1175 
f 7531/1178 7533/1179 7534/1180 7532/1181 
f 7533/1179 7535/1182 7536/1183 7534/1180 
f 7535/1182 7537/1184 7538/1185 7536/1183 
f 7537/1184 7539/1186 7540/1187 7538/1185 
f 7539/1186 7541/1188 7542/1189 7540/1187 
f 7541/1188 7543/1190 7544/1191 7542/1189 
f 7543/1190 7545/1192 7546/1193 7544/1191 
f 7545/1192 7547/1194 7548/1195 7546/1193 
f 7547/1194 7549/1196 7550/1197 7548/1195 
f 7549/1196 7551/1198 7552/1199 7550/1197 
f 7551/1198 7553/1200 7554/1201 7552/1199 
f 7553/1200 7555/1202 7556/1203 7554/1201 
f 7555/1202 7557/1204 7558/1205 7556/1203 
f 7557/1204 7559/1206 7560/1207 7558/1205 
f 7559/1206 7561/1208 7562/1209 7560/1207 
f 7561/1208 7563/1210 7564/1211 7562/1209 
f 7563/1210 7565/1212 7566/1213 7564/1211 
f 7565/1212 7567/1214 7568/1215 7566/1213 
f 7567/1214 7569/1216 7570/1217 7568/1215 
f 7569/1216 7571/1218 7572/1219 7570/1217 
f 7571/1218 7573/1220 7574/1221 7572/1219 
f 7573/1220 7575/1222 7576/1223 7574/1221 
f 7575/1222 7577/1224 7578/1225 7576/1223 
f 7577/1224 7579/1226 7580/1227 7578/1225 
f 7579/1226 7581/1228 7582/1229 7580/1227 
f 7581/1228 7583/1230 7584/1231 7582/1229 
f 7583/1230 7585/1232 7586/1233 7584/1231 
f 7585/1232 7587/1234 7588/1235 7586/1233 
f 7587/1236 7589/1237 7590/1238 7588/1239 
f 7589/1237 7591/1240 7592/1241 7590/1238 
f 7591/1240 7593/1242 7594/1243 7592/1241 
f 7593/1242 7595/1244 7596/1245 7594/1243 
f 7595/1244 7597/1246 7598/1247 7596/1245 
f 7597/1246 7599/1248 7600/1249 7598/1247 
f 7599/1248 7601/1250 7602/1251 7600/1249 
f 7601/1250 7603/1252 7604/1253 7602/1251 
f 7603/1252 7605/1254 7606/1255 7604/1253 
f 7605/1254 7607/1256 7608/1257 7606/1255 
f 7607/1256 7609/1258 7610/1259 7608/1257 
f 7609/1258 7611/1260 7612/1261 7610/1259 
f 7611/1260 7613/1262 7614/1263 7612/1261 
f 7613/1262 7615/1264 7616/1265 7614/1263 
f 7615/1264 7617/1266 7618/1267 7616/1265 
f 7617/1266 7619/1268 7620/1269 7618/1267 
f 7619/1268 7621/1270 7622/1271 7620/1269 
f 7621/1270 7623/1272 7624/1273 7622/1271 
f 7623/1272 7625/1274 7626/1275 7624/1273 
f 7625/1274 7627/1276 7628/1277 7626/1275 
f 7627/1276 7629/1278 7630/1279 7628/1277 
f 7629/1278 7631/1280 7632/1281 7630/1279 
f 7631/1280 7633/1282 7634/1283 7632/1281 
f 7633/1282 7635/1284 7636/1285 7634/1283 
f 7635/1286 7637/1287 7638/1288 7636/1289 
f 7637/1287 7639/1290 7640/1291 7638/1288 
f 7639/1290 7641/1292 7642/1293 7640/1291 
f 7641/1292 7643/1294 7644/1295 7642/1293 
f 7643/1294 7645/1296 7646/1297 7644/1295 
f 7645/1296 7647/1298 7648/1299 7646/1297 
f 7647/1298 7649/1300 7650/1301 7648/1299 
f 7649/1300 7651/1302 7652/1303 7650/1301 
f 7651/1302 7653/1304 7654/1305 7652/1303 
f 7653/1304 7655/1306 7656/1307 7654/1305 
f 7655/1306 7657/1308 7658/1309 7656/1307 
f 7657/1308 7659/1310 7660/1311 7658/1309 
f 7659/1310 7661/1312 7662/1313 7660/1311 
f 7661/1312 7663/1314 7664/1315 7662/1313 
f 7663/1314 7665/1316 7666/1317 7664/1315 
f 7665/1316 7667/1318 7668/1319 7666/1317 
f 7667/1318 7669/1320 7670/1321 7668/1319 
f 7669/1320 7671/1322 7672/1323 7670/1321 
f 7671/1322 7673/1324 7674/1325 7672/1323 
f 7673/1324 7675/1326 7676/1327 7674/1325 
f 7675/1326 7677/1328 7678/1329 7676/1327 
f 7677/1328 7679/1330 7680/1331 7678/1329 
f 7679/1332 7681/1333 7682/1334 7680/1335 
f 7681/1333 7683/1336 7684/1337 7682/1334 
f 7683/1336 7685/1338 7686/1339 7684/1337 
f 7685/1338 7687/1340 7688/1341 7686/1339 
f 7687/1340 7689/1342 7690/1343 7688/1341 
f 7689/1342 7691/1344 7692/1345 7690/1343 
f 7691/1344 7693/1346 7694/1347 7692/1345 
f 7693/1346 7695/1348 7696/1349 7694/1347 
f 7695/1348 7697/1350 7698/1351 7696/1349 
f 7697/1350 7699/1352 7700/1353 7698/1351 
f 7699/1352 7701/1354 7702/1355 7700/1353 
f 7701/1354 7703/1356 7704/1357 7702/1355 
f 7703/1356 7705/1358 7706/1359 7704/1357 
f 7705/1358 7707/1360 7708/1361 7706/1359 
f 7707/1360 7709/1362 7710/1363 7708/1361 
f 7709/1362 7711/1364 7712/1365 7710/1363 
f 7711/1364 7713/1366 7714/1367 7712/1365 
f 7713/1366 7715/1368 7716/1369 7714/1367 
f 7715/1368 7717/1370 7718/1371 7716/1369 
f 7717/1370 7719/1372 7720/1373 7718/1371 
f 7719/1374 7721/1375 7722/1376 7720/1377 
f 7721/1375 7723/1378 7724/1379 7722/1376 
f 7723/1378 7725/1380 7726/1381 7724/1379 
f 7725/1380 7727/1382 7728/1383 7726/1381 
f 7727/1382 7729/1384 7730/1385 7728/1383 
f 7729/1384 7731/1386 7732/1387 7730/1385 
f 7731/1386 7733/1388 7734/1389 7732/1387 
f 7733/1388 7735/1390 7736/1391 7734/1389 
f 7735/1390 7737/1392 7738/1393 7736/1391 
f 7737/1392 7739/1394 7740/1395 7738/1393 
f 7739/1394 7741/1396 7742/1397 7740/1395 
f 7741/1396 7743/1398 7744/1399 7742/1397 
f 7743/1398 7745/1400 7746/1401 7744/1399 
f 7745/1400 7747/1402 7748/1403 7746/1401 
f 7747/1402 7749/1404 7750/1405 7748/1403 
f 7749/1404 7751/1406 7752/1407 7750/1405 
f 7751/1406 7753/1408 7754/1409 7752/1407 
f 7753/1410 7755/1411 7756/1412 7754/1413 
f 7755/1411 7757/1414 7758/1415 7756/1412 
f 7757/1414 7759/1416 7760/1417 7758/1415 
f 7759/1416 7761/1418 7762/1419 7760/1417 
f 7761/1418 7763/1420 7764/1421 7762/1419 
f 7763/1420 7765/1422 7766/1423 7764/1421 
f 7765/1422 7767/1424 7768/1425 7766/1423 
f 7767/1424 7769/1426 7770/1427 7768/1425 
f 7769/1426 7771/1428 7772/1429 7770/1427 
f 7771/1428 7773/1430 7774/1431 7772/1429 
f 7773/1430 7775/1432 7776/1433 7774/1431 
f 7775/1432 7777/1434 7778/1435 7776/1433 
f 7777/1434 7779/1436 7780/1437 7778/1435 
f 7779/1436 7781/1438 7782/1439 7780/1437 
f 7781/1440 7783/1441 7784/1442 7782/1443 
f 7783/1441 7785/1444 7786/1445 7784/1442 
f 7785/1444 7787/1446 7788/1447 7786/1445 
f 7787/1446 7789/1448 7790/1449 7788/1447 
f 7789/1448 7791/1450 7792/1451 7790/1449 
f 7791/1450 7793/1452 7794/1453 7792/1451 
f 7793/1452 7795/1454 7796/1455 7794/1453 
f 7795/1454 7797/1456 7798/1457 7796/1455 
f 7797/1456 7799/1458 7800/1459 7798/1457 
f 7799/1458 7801/1460 7802/1461 7800/1459 
f 7801/1460 7803/1462 7804/1463 7802/1461 
f 7803/1464 7805/1465 7806/1466 7804/1467 
f 7805/1465 7807/1468 7808/1469 7806/1466 
f 7807/1468 7809/1470 7810/1471 7808/1469 
f 7809/1470 7811/1472 7812/1473 7810/1471 
f 7811/1472 7813/1474 7814/1475 7812/1473 
f 7813/1474 7815/1476 7816/1477 7814/1475 
f 7815/1476 7817/1478 7818/1479 7816/1477 
f 7817/1478 7819/1480 7820/1481 7818/1479 
f 7819/1482 7821/1483 7822/1484 7820/1485 
f 7821/1483 7823/1486 7824/1487 7822/1484 
f 7823/1486 7825/1488 7826/1489 7824/1487 
f 7825/1488 7827/1490 7828/1491 7826/1489 
f 7827/1490 7829/1492 7830/1493 7828/1491 
f 7829/1492 7831/1494 7832/1495 7830/1493 
f 7831/1494 7833/1496 7834/1497 7832/1495 
f 7833/1498 7835/1499 7836/1500 7834/1501 
s 1
f 7837/1502 7838/1503 7839/1504 7840/1505 
s 3
f 7841/1506 7842/1507 7838/1503 7837/1502 
s 2
f 7843/1508 7844/1509 7842/1507 7841/1506 
f 7845/1510 7846/1511 7844/1509 7843/1508 
f 7847/1512 7848/1513 7846/1511 7845/1510 
f 7849/1514 7850/1515 7848/1513 7847/1512 
f 7851/1516 7852/1517 7850/1515 7849/1514 
f 7853/1518 7854/1519 7852/1517 7851/1516 
f 7855/1520 7856/1521 7854/1519 7853/1518 
f 7857/1522 7858/1523 7856/1521 7855/1520 
f 7859/1524 7860/1525 7858/1523 7857/1522 
f 7861/1526 7862/1527 7860/1525 7859/1524 
f 7863/1528 7864/1529 7862/1527 7861/1526 
f 7865/1530 7866/1531 7864/1529 7863/1528 
f 7867/1532 7868/1533 7866/1531 7865/1530 
f 7869/1534 7870/1535 7868/1536 7867/1537 
f 7871/1538 7872/1539 7870/1535 7869/1534 
f 7873/1540 7874/1541 7872/1539 7871/1538 
f 7875/1542 7876/1543 7874/1541 7873/1540 
f 7877/1544 7878/1545 7876/1543 7875/1542 
f 7879/1546 7880/1547 7878/1545 7877/1544 
f 7881/1548 7882/1549 7880/1547 7879/1546 
f 7883/1550 7884/1551 7882/1549 7881/1548 
f 7885/1552 7886/1553 7884/1551 7883/1550 
f 7887/1554 7888/1555 7886/1553 7885/1552 
f 7889/1556 7890/1557 7888/1555 7887/1554 
f 7891/1558 7892/1559 7890/1557 7889/1556 
f 7893/1560 7894/1561 7892/1559 7891/1558 
f 7895/1562 7896/1563 7894/1561 7893/1560 
f 7897/1564 7898/1565 7896/1563 7895/1562 
f 7899/1566 7900/1567 7898/1565 7897/1564 
f 7901/1568 7902/1569 7900/1567 7899/1566 
f 7903/1570 7904/1571 7902/1569 7901/1568 
f 7905/1572 7906/1573 7904/1571 7903/1570 
f 7907/1574 7908/1575 7906/1573 7905/1572 
f 7909/1576 7910/1577 7908/1575 7907/1574 
f 7911/1578 7912/1579 7910/1577 7909/1576 
f 7913/1580 7914/1581 7912/1579 7911/1578 
f 7915/1582 7916/1583 7914/1581 7913/1580 
f 7917/1584 7918/1585 7916/1583 7915/1582 
f 7919/1586 7920/1587 7918/1585 7917/1584 
f 7921/1588 7922/1589 7920/1587 7919/1586 
f 7923/1590 7924/1591 7922/1589 7921/1588 
f 7925/1592 7926/1593 7924/1591 7923/1590 
f 7927/1594 7928/1595 7926/1593 7925/1592 
f 7929/1596 7930/1597 7928/1598 7927/1599 
f 7931/1600 7932/1601 7930/1597 7929/1596 
f 7933/1602 7934/1603 7932/1601 7931/1600 
f 7935/1604 7936/1605 7934/1603 7933/1602 
f 7937/1606 7938/1607 7936/1605 7935/1604 
f 7939/1608 7940/1609 7938/1607 7937/1606 
f 7941/1610 7942/1611 7940/1609 7939/1608 
f 7943/1612 7944/1613 7942/1611 7941/1610 
f 7945/1614 7946/1615 7944/1613 7943/1612 
f 7947/1616 7948/1617 7946/1615 7945/1614 
f 7949/1618 7950/1619 7948/1617 7947/1616 
f 7951/1620 7952/1621 7950/1619 7949/1618 
f 7953/1622 7954/1623 7952/1621 7951/1620 
f 7955/1624 7956/1625 7954/1623 7953/1622 
f 7957/1626 7958/1627 7956/1625 7955/1624 
f 7959/1628 7960/1629 7958/1627 7957/1626 
f 7961/1630 7962/1631 7960/1629 7959/1628 
f 7963/1632 7964/1633 7962/1631 7961/1630 
f 7965/1634 7966/1635 7964/1633 7963/1632 
f 7967/1636 7968/1637 7966/1635 7965/1634 
f 7969/1638 7970/1639 7968/1637 7967/1636 
f 7971/1640 7972/1641 7970/1639 7969/1638 
f 7973/1642 7974/1643 7972/1641 7971/1640 
f 7975/1644 7976/1645 7974/1643 7973/1642 
f 7977/1646 7978/1647 7976/1645 7975/1644 
f 7979/1648 7980/1649 7978/1647 7977/1646 
f 7981/1650 7982/1651 7980/1649 7979/1648 
f 7983/1652 7984/1653 7982/1651 7981/1650 
f 7985/1654 7986/1655 7984/1656 7983/1657 
f 7987/1658 7988/1659 7986/1655 7985/1654 
f 7989/1660 7990/1661 7988/1659 7987/1658 
f 7991/1662 7992/1663 7990/1661 7989/1660 
f 7993/1664 7994/1665 7992/1663 7991/1662 
f 7995/1666 7996/1667 7994/1665 7993/1664 
f 7997/1668 7998/1669 7996/1667 7995/1666 
f 7999/1670 8000/1671 7998/1669 7997/1668 
f 8001/1672 8002/1673 8000/1671 7999/1670 
f 8003/1674 8004/1675 8002/1673 8001/1672 
f 8005/1676 8006/1677 8004/1675 8003/1674 
f 8007/1678 8008/1679 8006/1677 8005/1676 
f 8009/1680 8010/1681 8008/1679 8007/1678 
f 8011/1682 8012/1683 8010/1681 8009/1680 
f 8013/1684 8014/1685 8012/1683 8011/1682 
f 8015/1686 8016/1687 8014/1685 8013/1684 
f 8017/1688 8018/1689 8016/1687 8015/1686 
f 8019/1690 8020/1691 8018/1689 8017/1688 
f 8021/1692 8022/1693 8020/1691 8019/1690 
f 8023/1694 8024/1695 8022/1693 8021/1692 
f 8025/1696 8026/1697 8024/1695 8023/1694 
f 8027/1698 8028/1699 8026/1697 8025/1696 
f 8029/1700 8030/1701 8028/1699 8027/1698 
f 8031/1702 8032/1703 8030/1701 8029/1700 
f 8033/1704 8034/1705 8032/1706 8031/1707 
f 8035/1708 8036/1709 8034/1705 8033/1704 
f 8037/1710 8038/1711 8036/1709 8035/1708 
f 8039/1712 8040/1713 8038/1711 8037/1710 
f 8041/1714 8042/1715 8040/1713 8039/1712 
f 8043/1716 8044/1717 8042/1715 8041/1714 
f 8045/1718 8046/1719 8044/1717 8043/1716 
f 8047/1720 8048/1721 8046/1719 8045/1718 
f 8049/1722 8050/1723 8048/1721 8047/1720 
f 8051/1724 8052/1725 8050/1723 8049/1722 
f 8053/1726 8054/1727 8052/1725 8051/1724 
f 8055/1728 8056/1729 8054/1727 8053/1726 
f 8057/1730 8058/1731 8056/1729 8055/1728 
f 8059/1732 8060/1733 8058/1731 8057/1730 
f 8061/1734 8062/1735 8060/1733 8059/1732 
f 8063/1736 8064/1737 8062/1735 8061/1734 
f 8065/1738 8066/1739 8064/1737 8063/1736 
f 8067/1740 8068/1741 8066/1739 8065/1738 
f 8069/1742 8070/1743 8068/1741 8067/1740 
f 8071/1744 8072/1745 8070/1743 8069/1742 
f 8073/1746 8074/1747 8072/1745 8071/1744 
f 8075/1748 8076/1749 8074/1747 8073/1746 
f 8077/1750 8078/1751 8076/1752 8075/1753 
f 8079/1754 8080/1755 8078/1751 8077/1750 
f 8081/1756 8082/1757 8080/1755 8079/1754 
f 8083/1758 8084/1759 8082/1757 8081/1756 
f 8085/1760 8086/1761 8084/1759 8083/1758 
f 8087/1762 8088/1763 8086/1761 8085/1760 
f 8089/1764 8090/1765 8088/1763 8087/1762 
f 8091/1766 8092/1767 8090/1765 8089/1764 
f 8093/1768 8094/1769 8092/1767 8091/1766 
f 8095/1770 8096/1771 8094/1769 8093/1768 
f 8097/1772 8098/1773 8096/1771 8095/1770 
f 8099/1774 8100/1775 8098/1773 8097/1772 
f 8101/1776 8102/1777 8100/1775 8099/1774 
f 8103/1778 8104/1779 8102/1777 8101/1776 
f 8105/1780 8106/1781 8104/1779 8103/1778 
f 8107/1782 8108/1783 8106/1781 8105/1780 
f 8109/1784 8110/1785 8108/1783 8107/1782 
f 8111/1786 8112/1787 8110/1785 8109/1784 
f 8113/1788 8114/1789 8112/1787 8111/1786 
f 8115/1790 8116/1791 8114/1789 8113/1788 
f 8117/1792 8118/1793 8116/1794 8115/1795 
f 8119/1796 8120/1797 8118/1793 8117/1792 
f 8121/1798 8122/1799 8120/1797 8119/1796 
f 8123/1800 8124/1801 8122/1799 8121/1798 
f 8125/1802 8126/1803 8124/1801 8123/1800 
f 8127/1804 8128/1805 8126/1803 8125/1802 
f 8129/1806 8130/1807 8128/1805 8127/1804 
f 8131/1808 8132/1809 8130/1807 8129/1806 
f 8133/1810 8134/1811 8132/1809 8131/1808 
f 8135/1812 8136/1813 8134/1811 8133/1810 
f 8137/1814 8138/1815 8136/1813 8135/1812 
f 8139/1816 8140/1817 8138/1815 8137/1814 
f 8141/1818 8142/1819 8140/1817 8139/1816 
f 8143/1820 8144/1821 8142/1819 8141/1818 
f 8145/1822 8146/1823 8144/1821 8143/1820 
f 8147/1824 8148/1825 8146/1823 8145/1822 
f 8149/1826 8150/1827 8148/1825 8147/1824 
f 8151/1828 8152/1829 8150/1830 8149/1831 
f 8153/1832 8154/1833 8152/1829 8151/1828 
f 8155/1834 8156/1835 8154/1833 8153/1832 
f 8157/1836 8158/1837 8156/1835 8155/1834 
f 8159/1838 8160/1839 8158/1837 8157/1836 
f 8161/1840 8162/1841 8160/1839 8159/1838 
f 8163/1842 8164/1843 8162/1841 8161/1840 
f 8165/1844 8166/1845 8164/1843 8163/1842 
f 8167/1846 8168/1847 8166/1845 8165/1844 
f 8169/1848 8170/1849 8168/1847 8167/1846 
f 8171/1850 8172/1851 8170/1849 8169/1848 
f 8173/1852 8174/1853 8172/1851 8171/1850 
f 8175/1854 8176/1855 8174/1853 8173/1852 
f 8177/1856 8178/1857 8176/1855 8175/1854 
f 8179/1858 8180/1859 8178/1860 8177/1861 
f 8181/1862 8182/1863 8180/1859 8179/1858 
f 8183/1864 8184/1865 8182/1863 8181/1862 
f 8185/1866 8186/1867 8184/1865 8183/1864 
f 8187/1868 8188/1869 8186/1867 8185/1866 
f 8189/1870 8190/1871 8188/1869 8187/1868 
f 8191/1872 8192/1873 8190/1871 8189/1870 
f 8193/1874 8194/1875 8192/1873 8191/1872 
f 8195/1876 8196/1877 8194/1875 8193/1874 
f 8197/1878 8198/1879 8196/1877 8195/1876 
f 8199/1880 8200/1881 8198/1879 8197/1878 
f 8201/1882 8202/1883 8200/1884 8199/1885 
f 8203/1886 8204/1887 8202/1883 8201/1882 
f 8205/1888 8206/1889 8204/1887 8203/1886 
f 8207/1890 8208/1891 8206/1889 8205/1888 
f 8209/1892 8210/1893 8208/1891 8207/1890 
f 8211/1894 8212/1895 8210/1893 8209/1892 
f 8213/1896 8214/1897 8212/1895 8211/1894 
f 8215/1898 8216/1899 8214/1897 8213/1896 
f 8217/1900 8218/1901 8216/1902 8215/1903 
f 8219/1904 8220/1905 8218/1901 8217/1900 
f 8221/1906 8222/1907 8220/1905 8219/1904 
f 8223/1908 8224/1909 8222/1907 8221/1906 
f 8225/1910 8226/1911 8224/1909 8223/1908 
f 8227/1912 8228/1913 8226/1911 8225/1910 
f 8229/1914 8230/1915 8228/1913 8227/1912 
f 8231/1916 8232/1917 8230/1915 8229/1914 
s 4
f 7837/1918 7840/1919 7444/1920 7443/1921 
s 2
f 8233/1922 8234/1923 8235/1924 8236/1925 
s 4
f 7839/1926 7838/1927 7442/1928 7441/1929 
f 7841/1930 7837/1918 7443/1921 7446/1931 
f 7838/1927 7842/1932 7445/1933 7442/1928 
f 7843/1934 7841/1930 7446/1931 7448/1935 
f 7842/1932 7844/1936 7447/1937 7445/1933 
f 7845/1938 7843/1934 7448/1935 7450/1939 
f 7844/1936 7846/1940 7449/1941 7447/1937 
f 7847/1942 7845/1938 7450/1939 7452/1943 
f 7846/1940 7848/1944 7451/1945 7449/1941 
f 7849/1946 7847/1942 7452/1943 7454/1947 
f 7848/1944 7850/1948 7453/1949 7451/1945 
f 7851/1950 7849/1946 7454/1947 7456/1951 
f 7850/1948 7852/1952 7455/1953 7453/1949 
f 7853/1954 7851/1950 7456/1951 7458/1955 
f 7852/1952 7854/1956 7457/1957 7455/1953 
f 7855/1958 7853/1954 7458/1955 7460/1959 
f 7854/1956 7856/1960 7459/1961 7457/1957 
f 7857/1962 7855/1958 7460/1959 7462/1963 
f 7856/1960 7858/1964 7461/1965 7459/1961 
f 7859/1966 7857/1962 7462/1963 7464/1967 
f 7858/1964 7860/1968 7463/1969 7461/1965 
f 7861/1970 7859/1966 7464/1967 7466/1971 
f 7860/1968 7862/1972 7465/1973 7463/1969 
f 7863/1974 7861/1970 7466/1971 7468/1975 
f 7862/1972 7864/1976 7467/1977 7465/1973 
f 7865/1978 7863/1974 7468/1975 7470/1979 
f 7864/1976 7866/1980 7469/1981 7467/1977 
f 7867/1982 7865/1978 7470/1979 7472/1983 
f 7866/1980 7868/1984 7471/1985 7469/1981 
f 7869/1986 7867/1982 7472/1983 7474/1987 
f 7868/1984 7870/1988 7473/1989 7471/1985 
f 7871/1990 7869/1986 7474/1987 7476/1991 
f 7870/1988 7872/1992 7475/1993 7473/1989 
f 7873/1994 7871/1990 7476/1991 7478/1995 
f 7872/1992 7874/1996 7477/1997 7475/1993 
f 7875/1998 7873/1994 7478/1995 7480/1999 
f 7874/1996 7876/2000 7479/2001 7477/1997 
f 7877/2002 7875/1998 7480/1999 7482/2003 
f 7876/2000 7878/2004 7481/2005 7479/2001 
f 7879/2006 7877/2002 7482/2003 7484/2007 
f 7878/2004 7880/2008 7483/2009 7481/2005 
f 7881/2010 7879/2006 7484/2007 7486/2011 
f 7880/2008 7882/2012 7485/2013 7483/2009 
f 7883/2014 7881/2010 7486/2011 7488/2015 
f 7882/2012 7884/2016 7487/2017 7485/2013 
f 7885/2018 7883/2014 7488/2015 7490/2019 
f 7884/2016 7886/2020 7489/2021 7487/2017 
f 7887/2022 7885/2018 7490/2019 7492/2023 
f 7886/2020 7888/2024 7491/2025 7489/2021 
f 7889/2026 7887/2022 7492/2023 7494/2027 
f 7888/2024 7890/2028 7493/2029 7491/2025 
f 7891/2030 7889/2026 7494/2027 7496/2031 
f 7890/2028 7892/2032 7495/2033 7493/2029 
f 7893/2034 7891/2030 7496/2031 7498/2035 
f 7892/2032 7894/2036 7497/2037 7495/2033 
f 7895/2038 7893/2034 7498/2035 7500/2039 
f 7894/2036 7896/2040 7499/2041 7497/2037 
f 7897/2042 7895/2038 7500/2039 7502/2043 
f 7896/2040 7898/2044 7501/2045 7499/2041 
f 7899/2046 7897/2042 7502/2043 7504/2047 
f 7898/2044 7900/2048 7503/2049 7501/2045 
f 7901/2050 7899/2046 7504/2047 7506/2051 
f 7900/2048 7902/2052 7505/2053 7503/2049 
f 7903/2054 7901/2050 7506/2051 7508/2055 
f 7902/2052 7904/2056 7507/2057 7505/2053 
f 7905/2058 7903/2054 7508/2055 7510/2059 
f 7904/2056 7906/2060 7509/2061 7507/2057 
f 7907/2062 7905/2058 7510/2059 7512/2063 
f 7906/2060 7908/2064 7511/2065 7509/2061 
f 7909/2066 7907/2062 7512/2063 7514/2067 
f 7908/2064 7910/2068 7513/2069 7511/2065 
f 7911/2070 7909/2066 7514/2067 7516/2071 
f 7910/2068 7912/2072 7515/2073 7513/2069 
f 7913/2074 7911/2070 7516/2071 7518/2075 
f 7912/2072 7914/2076 7517/2077 7515/2073 
f 7915/2078 7913/2074 7518/2075 7520/2079 
f 7914/2076 7916/2080 7519/2081 7517/2077 
f 7917/2082 7915/2078 7520/2079 7522/2083 
f 7916/2080 7918/2084 7521/2085 7519/2081 
f 7919/2086 7917/2082 7522/2083 7524/2087 
f 7918/2084 7920/2088 7523/2089 7521/2085 
f 7921/2090 7919/2086 7524/2087 7526/2091 
f 7920/2088 7922/2092 7525/2093 7523/2089 
f 7923/2094 7921/2090 7526/2091 7528/2095 
f 7922/2092 7924/2096 7527/2097 7525/2093 
f 7925/2098 7923/2094 7528/2095 7530/2099 
f 7924/2096 7926/2100 7529/2101 7527/2097 
f 7927/2102 7925/2098 7530/2099 7532/2103 
f 7926/2100 7928/2104 7531/2105 7529/2101 
f 7929/2106 7927/2102 7532/2103 7534/2107 
f 7928/2104 7930/2108 7533/2109 7531/2105 
f 7931/2110 7929/2106 7534/2107 7536/2111 
f 7930/2108 7932/2112 7535/2113 7533/2109 
f 7933/2114 7931/2110 7536/2111 7538/2115 
f 7932/2112 7934/2116 7537/2117 7535/2113 
f 7935/2118 7933/2114 7538/2115 7540/2119 
f 7934/2116 7936/2120 7539/2121 7537/2117 
f 7937/2122 7935/2118 7540/2119 7542/2123 
f 7936/2120 7938/2124 7541/2125 7539/2121 
f 7939/2126 7937/2122 7542/2123 7544/2127 
f 7938/2124 7940/2128 7543/2129 7541/2125 
f 7941/2130 7939/2126 7544/2127 7546/2131 
f 7940/2128 7942/2132 7545/2133 7543/2129 
f 7943/2134 7941/2130 7546/2131 7548/2135 
f 7942/2132 7944/2136 7547/2137 7545/2133 
f 7945/2138 7943/2134 7548/2135 7550/2139 
f 7944/2136 7946/2140 7549/2141 7547/2137 
f 7947/2142 7945/2138 7550/2139 7552/2143 
f 7946/2140 7948/2144 7551/2145 7549/2141 
f 7949/2146 7947/2142 7552/2143 7554/2147 
f 7948/2144 7950/2148 7553/2149 7551/2145 
f 7951/2150 7949/2146 7554/2147 7556/2151 
f 7950/2148 7952/2152 7555/2153 7553/2149 
f 7953/2154 7951/2150 7556/2151 7558/2155 
f 7952/2152 7954/2156 7557/2157 7555/2153 
f 7955/2158 7953/2154 7558/2155 7560/2159 
f 7954/2156 7956/2160 7559/2161 7557/2157 
f 7957/2162 7955/2158 7560/2159 7562/2163 
f 7956/2160 7958/2164 7561/2165 7559/2161 
f 7959/2166 7957/2162 7562/2163 7564/2167 
f 7958/2164 7960/2168 7563/2169 7561/2165 
f 7961/2170 7959/2166 7564/2167 7566/2171 
f 7960/2168 7962/2172 7565/2173 7563/2169 
f 7963/2174 7961/2170 7566/2171 7568/2175 
f 7962/2172 7964/2176 7567/2177 7565/2173 
f 7965/2178 7963/2174 7568/2175 7570/2179 
f 7964/2176 7966/2180 7569/2181 7567/2177 
f 7967/2182 7965/2178 7570/2179 7572/2183 
f 7966/2180 7968/2184 7571/2185 7569/2181 
f 7969/2186 7967/2182 7572/2183 7574/2187 
f 7968/2184 7970/2188 7573/2189 7571/2185 
f 7971/2190 7969/2186 7574/2187 7576/2191 
f 7970/2188 7972/2192 7575/2193 7573/2189 
f 7973/2194 7971/2190 7576/2191 7578/2195 
f 7972/2192 7974/2196 7577/2197 7575/2193 
f 7975/2198 7973/2194 7578/2195 7580/2199 
f 7974/2196 7976/2200 7579/2201 7577/2197 
f 7977/2202 7975/2198 7580/2199 7582/2203 
f 7976/2200 7978/2204 7581/2205 7579/2201 
f 7979/2206 7977/2202 7582/2203 7584/2207 
f 7978/2204 7980/2208 7583/2209 7581/2205 
f 7981/2210 7979/2206 7584/2207 7586/2211 
f 7980/2208 7982/2212 7585/2213 7583/2209 
f 7983/2214 7981/2210 7586/2211 7588/2215 
f 7982/2212 7984/2216 7587/2217 7585/2213 
f 7985/2218 7983/2214 7588/2215 7590/2219 
f 7984/2216 7986/2220 7589/2221 7587/2217 
f 7987/2222 7985/2218 7590/2219 7592/2223 
f 7986/2220 7988/2224 7591/2225 7589/2221 
f 7989/2226 7987/2222 7592/2223 7594/2227 
f 7988/2224 7990/2228 7593/2229 7591/2225 
f 7991/2230 7989/2226 7594/2227 7596/2231 
f 7990/2228 7992/2232 7595/2233 7593/2229 
f 7993/2234 7991/2230 7596/2231 7598/2235 
f 7992/2232 7994/2236 7597/2237 7595/2233 
f 7995/2238 7993/2234 7598/2235 7600/2239 
f 7994/2236 7996/2240 7599/2241 7597/2237 
f 7997/2242 7995/2238 7600/2239 7602/2243 
f 7996/2240 7998/2244 7601/2245 7599/2241 
f 7999/2246 7997/2242 7602/2243 7604/2247 
f 7998/2244 8000/2248 7603/2249 7601/2245 
f 8001/2250 7999/2246 7604/2247 7606/2251 
f 8000/2248 8002/2252 7605/2253 7603/2249 
f 8003/2254 8001/2250 7606/2251 7608/2255 
f 8002/2252 8004/2256 7607/2257 7605/2253 
f 8005/2258 8003/2254 7608/2255 7610/2259 
f 8004/2256 8006/2260 7609/2261 7607/2257 
f 8007/2262 8005/2258 7610/2259 7612/2263 
f 8006/2260 8008/2264 7611/2265 7609/2261 
f 8009/2266 8007/2262 7612/2263 7614/2267 
f 8008/2264 8010/2268 7613/2269 7611/2265 
f 8011/2270 8009/2266 7614/2267 7616/2271 
f 8010/2268 8012/2272 7615/2273 7613/2269 
f 8013/2274 8011/2270 7616/2271 7618/2275 
f 8012/2272 8014/2276 7617/2277 7615/2273 
f 8015/2278 8013/2274 7618/2275 7620/2279 
f 8014/2276 8016/2280 7619/2281 7617/2277 
f 8017/2282 8015/2278 7620/2279 7622/2283 
f 8016/2280 8018/2284 7621/2285 7619/2281 
f 8019/2286 8017/2282 7622/2283 7624/2287 
f 8018/2284 8020/2288 7623/2289 7621/2285 
f 8021/2290 8019/2286 7624/2287 7626/2291 
f 8020/2288 8022/2292 7625/2293 7623/2289 
f 8023/2294 8021/2290 7626/2291 7628/2295 
f 8022/2292 8024/2296 7627/2297 7625/2293 
f 8025/2298 8023/2294 7628/2295 7630/2299 
f 8024/2296 8026/2300 7629/2301 7627/2297 
f 8027/2302 8025/2298 7630/2299 7632/2303 
f 8026/2300 8028/2304 7631/2305 7629/2301 
f 8029/2306 8027/2302 7632/2303 7634/2307 
f 8028/2304 8030/2308 7633/2309 7631/2305 
f 8031/2310 8029/2306 7634/2307 7636/2311 
f 8030/2308 8032/2312 7635/2313 7633/2309 
f 8033/2314 8031/2310 7636/2311 7638/2315 
f 8032/2312 8034/2316 7637/2317 7635/2313 
f 8035/2318 8033/2314 7638/2315 7640/2319 
f 8034/2316 8036/2320 7639/2321 7637/2317 
f 8037/2322 8035/2318 7640/2319 7642/2323 
f 8036/2320 8038/2324 7641/2325 7639/2321 
f 8039/2326 8037/2322 7642/2323 7644/2327 
f 8038/2324 8040/2328 7643/2329 7641/2325 
f 8041/2330 8039/2326 7644/2327 7646/2331 
f 8040/2328 8042/2332 7645/2333 7643/2329 
f 8043/2334 8041/2330 7646/2331 7648/2335 
f 8042/2332 8044/2336 7647/2337 7645/2333 
f 8045/2338 8043/2334 7648/2335 7650/2339 
f 8044/2336 8046/2340 7649/2341 7647/2337 
f 8047/2342 8045/2338 7650/2339 7652/2343 
f 8046/2340 8048/2344 7651/2345 7649/2341 
f 8049/2346 8047/2342 7652/2343 7654/2347 
f 8048/2344 8050/2348 7653/2349 7651/2345 
f 8051/2350 8049/2346 7654/2347 7656/2351 
f 8050/2348 8052/2352 7655/2353 7653/2349 
f 8053/2354 8051/2350 7656/2351 7658/2355 
f 8052/2352 8054/2356 7657/2357 7655/2353 
f 8055/2358 8053/2354 7658/2355 7660/2359 
f 8054/2356 8056/2360 7659/2361 7657/2357 
f 8057/2362 8055/2358 7660/2359 7662/2363 
f 8056/2360 8058/2364 7661/2365 7659/2361 
f 8059/2366 8057/2362 7662/2363 7664/2367 
f 8058/2364 8060/2368 7663/2369 7661/2365 
f 8061/2370 8059/2366 7664/2367 7666/2371 
f 8060/2368 8062/2372 7665/2373 7663/2369 
f 8063/2374 8061/2370 7666/2371 7668/2375 
f 8062/2372 8064/2376 7667/2377 7665/2373 
f 8065/2378 8063/2374 7668/2375 7670/2379 
f 8064/2376 8066/2380 7669/2381 7667/2377 
f 8067/2382 8065/2378 7670/2379 7672/2383 
f 8066/2380 8068/2384 7671/2385 7669/2381 
f 8069/2386 8067/2382 7672/2383 7674/2387 
f 8068/2384 8070/2388 7673/2389 7671/2385 
f 8071/2390 8069/2386 7674/2387 7676/2391 
f 8070/2388 8072/2392 7675/2393 7673/2389 
f 8073/2394 8071/2390 7676/2391 7678/2395 
f 8072/2392 8074/2396 7677/2397 7675/2393 
f 8075/2398 8073/2394 7678/2395 7680/2399 
f 8074/2396 8076/2400 7679/2401 7677/2397 
f 8077/2402 8075/2398 7680/2399 7682/2403 
f 8076/2400 8078/2404 7681/2405 7679/2401 
f 8079/2406 8077/2402 7682/2403 7684/2407 
f 8078/2404 8080/2408 7683/2409 7681/2405 
f 8081/2410 8079/2406 7684/2407 7686/2411 
f 8080/2408 8082/2412 7685/2413 7683/2409 
f 8083/2414 8081/2410 7686/2411 7688/2415 
f 8082/2412 8084/2416 7687/2417 7685/2413 
f 8085/2418 8083/2414 7688/2415 7690/2419 
f 8084/2416 8086/2420 7689/2421 7687/2417 
f 8087/2422 8085/2418 7690/2419 7692/2423 
f 8086/2420 8088/2424 7691/2425 7689/2421 
f 8089/2426 8087/2422 7692/2423 7694/2427 
f 8088/2424 8090/2428 7693/2429 7691/2425 
f 8091/2430 8089/2426 7694/2427 7696/2431 
f 8090/2428 8092/2432 7695/2433 7693/2429 
f 8093/2434 8091/2430 7696/2431 7698/2435 
f 8092/2432 8094/2436 7697/2437 7695/2433 
f 8095/2438 8093/2434 7698/2435 7700/2439 
f 8094/2436 8096/2440 7699/2441 7697/2437 
f 8097/2442 8095/2438 7700/2439 7702/2443 
f 8096/2440 8098/2444 7701/2445 7699/2441 
f 8099/2446 8097/2442 7702/2443 7704/2447 
f 8098/2444 8100/2448 7703/2449 7701/2445 
f 8101/2450 8099/2446 7704/2447 7706/2451 
f 8100/2448 8102/2452 7705/2453 7703/2449 
f 8103/2454 8101/2450 7706/2451 7708/2455 
f 8102/2452 8104/2456 7707/2457 7705/2453 
f 8105/2458 8103/2454 7708/2455 7710/2459 
f 8104/2456 8106/2460 7709/2461 7707/2457 
f 8107/2462 8105/2458 7710/2459 7712/2463 
f 8106/2460 8108/2464 7711/2465 7709/2461 
f 8109/2466 8107/2462 7712/2463 7714/2467 
f 8108/2464 8110/2468 7713/2469 7711/2465 
f 8111/2470 8109/2466 7714/2467 7716/2471 
f 8110/2468 8112/2472 7715/2473 7713/2469 
f 8113/2474 8111/2470 7716/2471 7718/2475 
f 8112/2472 8114/2476 7717/2477 7715/2473 
f 8115/2478 8113/2474 7718/2475 7720/2479 
f 8114/2476 8116/2480 7719/2481 7717/2477 
f 8117/2482 8115/2478 7720/2479 7722/2483 
f 8116/2480 8118/2484 7721/2485 7719/2481 
f 8119/2486 8117/2482 7722/2483 7724/2487 
f 8118/2484 8120/2488 7723/2489 7721/2485 
f 8121/2490 8119/2486 7724/2487 7726/2491 
f 8120/2488 8122/2492 7725/2493 7723/2489 
f 8123/2494 8121/2490 7726/2491 7728/2495 
f 8122/2492 8124/2496 7727/2497 7725/2493 
f 8125/2498 8123/2494 7728/2495 7730/2499 
f 8124/2496 8126/2500 7729/2501 7727/2497 
f 8127/2502 8125/2498 7730/2499 7732/2503 
f 8126/2500 8128/2504 7731/2505 7729/2501 
f 8129/2506 8127/2502 7732/2503 7734/2507 
f 8128/2504 8130/2508 7733/2509 7731/2505 
f 8131/2510 8129/2506 7734/2507 7736/2511 
f 8130/2508 8132/2512 7735/2513 7733/2509 
f 8133/2514 8131/2510 7736/2511 7738/2515 
f 8132/2512 8134/2516 7737/2517 7735/2513 
f 8135/2518 8133/2514 7738/2515 7740/2519 
f 8134/2516 8136/2520 7739/2521 7737/2517 
f 8137/2522 8135/2518 7740/2519 7742/2523 
f 8136/2520 8138/2524 7741/2525 7739/2521 
f 8139/2526 8137/2522 7742/2523 7744/2527 
f 8138/2524 8140/2528 7743/2529 7741/2525 
f 8141/2530 8139/2526 7744/2527 7746/2531 
f 8140/2528 8142/2532 7745/2533 7743/2529 
f 8143/2534 8141/2530 7746/2531 7748/2535 
f 8142/2532 8144/2536 7747/2537 7745/2533 
f 8145/2538 8143/2534 7748/2535 7750/2539 
f 8144/2536 8146/2540 7749/2541 7747/2537 
f 8147/2542 8145/2538 7750/2539 7752/2543 
f 8146/2540 8148/2544 7751/2545 7749/2541 
f 8149/2546 8147/2542 7752/2543 7754/2547 
f 8148/2544 8150/2548 7753/2549 7751/2545 
f 8151/2550 8149/2546 7754/2547 7756/2551 
f 8150/2548 8152/2552 7755/2553 7753/2549 
f 8153/2554 8151/2550 7756/2551 7758/2555 
f 8152/2552 8154/2556 7757/2557 7755/2553 
f 8155/2558 8153/2554 7758/2555 7760/2559 
f 8154/2556 8156/2560 7759/2561 7757/2557 
f 8157/2562 8155/2558 7760/2559 7762/2563 
f 8156/2560 8158/2564 7761/2565 7759/2561 
f 8159/2566 8157/2562 7762/2563 7764/2567 
f 8158/2564 8160/2568 7763/2569 7761/2565 
f 8161/2570 8159/2566 7764/2567 7766/2571 
f 8160/2568 8162/2572 7765/2573 7763/2569 
f 8163/2574 8161/2570 7766/2571 7768/2575 
f 8162/2572 8164/2576 7767/2577 7765/2573 
f 8165/2578 8163/2574 7768/2575 7770/2579 
f 8164/2576 8166/2580 7769/2581 7767/2577 
f 8167/2582 8165/2578 7770/2579 7772/2583 
f 8166/2580 8168/2584 7771/2585 7769/2581 
f 8169/2586 8167/2582 7772/2583 7774/2587 
f 8168/2584 8170/2588 7773/2589 7771/2585 
f 8171/2590 8169/2586 7774/2587 7776/2591 
f 8170/2588 8172/2592 7775/2593 7773/2589 
f 8173/2594 8171/2590 7776/2591 7778/2595 
f 8172/2592 8174/2596 7777/2597 7775/2593 
f 8175/2598 8173/2594 7778/2595 7780/2599 
f 8174/2596 8176/2600 7779/2601 7777/2597 
f 8177/2602 8175/2598 7780/2599 7782/2603 
f 8176/2600 8178/2604 7781/2605 7779/2601 
f 8179/2606 8177/2602 7782/2603 7784/2607 
f 8178/2604 8180/2608 7783/2609 7781/2605 
f 8181/2610 8179/2606 7784/2607 7786/2611 
f 8180/2608 8182/2612 7785/2613 7783/2609 
f 8183/2614 8181/2610 7786/2611 7788/2615 
f 8182/2612 8184/2616 7787/2617 7785/2613 
f 8185/2618 8183/2614 7788/2615 7790/2619 
f 8184/2616 8186/2620 7789/2621 7787/2617 
f 8187/2622 8185/2618 7790/2619 7792/2623 
f 8186/2620 8188/2624 7791/2625 7789/2621 
f 8189/2626 8187/2622 7792/2623 7794/2627 
f 8188/2624 8190/2628 7793/2629 7791/2625 
f 8191/2630 8189/2626 7794/2627 7796/2631 
f 8190/2628 8192/2632 7795/2633 7793/2629 
f 8193/2634 8191/2630 7796/2631 7798/2635 
f 8192/2632 8194/2636 7797/2637 7795/2633 
f 8195/2638 8193/2634 7798/2635 7800/2639 
f 8194/2636 8196/2640 7799/2641 7797/2637 
f 8197/2642 8195/2638 7800/2639 7802/2643 
f 8196/2640 8198/2644 7801/2645 7799/2641 
f 8199/2646 8197/2642 7802/2643 7804/2647 
f 8198/2644 8200/2648 7803/2649 7801/2645 
f 8201/2650 8199/2646 7804/2647 7806/2651 
f 8200/2648 8202/2652 7805/2653 7803/2649 
f 8203/2654 8201/2650 7806/2651 7808/2655 
f 8202/2652 8204/2656 7807/2657 7805/2653 
f 8205/2658 8203/2654 7808/2655 7810/2659 
f 8204/2656 8206/2660 7809/2661 7807/2657 
f 8207/2662 8205/2658 7810/2659 7812/2663 
f 8206/2660 8208/2664 7811/2665 7809/2661 
f 8209/2666 8207/2662 7812/2663 7814/2667 
f 8208/2664 8210/2668 7813/2669 7811/2665 
f 8211/2670 8209/2666 7814/2667 7816/2671 
f 8210/2668 8212/2672 7815/2673 7813/2669 
f 8213/2674 8211/2670 7816/2671 7818/2675 
f 8212/2672 8214/2676 7817/2677 7815/2673 
f 8215/2678 8213/2674 7818/2675 7820/2679 
f 8214/2676 8216/2680 7819/2681 7817/2677 
f 8217/2682 8215/2678 7820/2679 7822/2683 
f 8216/2680 8218/2684 7821/2685 7819/2681 
f 8219/2686 8217/2682 7822/2683 7824/2687 
f 8218/2684 8220/2688 7823/2689 7821/2685 
f 8221/2690 8219/2686 7824/2687 7826/2691 
f 8220/2688 8222/2692 7825/2693 7823/2689 
f 8223/2694 8221/2690 7826/2691 7828/2695 
f 8222/2692 8224/2696 7827/2697 7825/2693 
f 8225/2698 8223/2694 7828/2695 7830/2699 
f 8224/2696 8226/2700 7829/2701 7827/2697 
f 8227/2702 8225/2698 7830/2699 7832/2703 
f 8226/2700 8228/2704 7831/2705 7829/2701 
f 8229/2706 8227/2702 7832/2703 7834/2707 
f 8228/2704 8230/2708 7833/2709 7831/2705 
f 8231/2710 8229/2706 7834/2707 7836/2711 
f 8230/2708 8232/2712 7835/2713 7833/2709 
s 1
f 8232/2714 8231/2715 7836/2716 7835/2717 
s off
f 7441/1084 7444/1087 8236/2718 8235/2719 
f 7444/1920 7840/1919 8233/2720 8236/2721 
f 7840/1505 7839/1504 8234/2722 8233/2723 
f 7839/1926 7441/1929 8235/2724 8234/2725 
# 7620 polygons

