# 3ds Max Wavefront OBJ Exporter v0.99 - (c)2007 guruware
# File Created: 26.04.2025 12:12:37

mtllib Wardrobe_017.mtl

#
# object Wardrobe_017
#

v  116.4172 -136.9717 28.5000
v  116.4172 139.3719 28.5000
v  116.4172 139.3719 -31.1000
v  116.4172 -136.9717 -31.0999
v  118.0172 -136.9717 28.5000
v  118.0172 -136.9717 -31.0999
v  118.0172 139.3719 -31.1000
v  118.0172 139.3719 28.5000
v  116.6172 -137.1717 28.5000
v  116.6172 -137.1717 -31.0999
v  117.8172 -137.1717 -31.0999
v  117.8172 -137.1717 28.5000
v  116.6172 -136.9717 -31.2999
v  116.6172 139.3719 -31.3000
v  117.8172 139.3719 -31.3000
v  117.8172 -136.9717 -31.2999
v  116.6172 139.5719 -31.1000
v  116.6172 139.5719 28.5000
v  117.8172 139.5719 28.5000
v  117.8172 139.5719 -31.1000
v  116.6172 139.3719 28.7000
v  116.6172 -136.9717 28.7000
v  117.8172 -136.9717 28.7000
v  117.8172 139.3719 28.7000
v  -117.8179 139.5719 28.4999
v  -117.8179 139.5719 -31.1001
v  117.8172 141.1719 28.5000
v  117.8172 141.1719 -31.1000
v  -117.8179 141.1719 -31.1001
v  -117.8179 141.1719 28.4999
v  118.0172 139.7719 28.5000
v  118.0172 139.7719 -31.1000
v  118.0172 140.9719 -31.1000
v  118.0172 140.9719 28.5000
v  117.8172 139.7719 -31.3000
v  -117.8179 139.7719 -31.3001
v  -117.8179 140.9719 -31.3001
v  117.8172 140.9719 -31.3000
v  -118.0179 139.7719 -31.1001
v  -118.0179 139.7719 28.4999
v  -118.0179 140.9719 28.4999
v  -118.0179 140.9719 -31.1001
v  -117.8179 139.7719 28.6999
v  117.8172 139.7719 28.7000
v  117.8172 140.9719 28.7000
v  -117.8179 140.9719 28.6999
v  -118.0180 -136.9717 28.5000
v  -118.0179 139.3719 28.4999
v  -118.0179 139.3719 -31.1001
v  -118.0179 -136.9717 -31.1001
v  -116.4180 -136.9717 28.5000
v  -116.4179 -136.9717 -31.1001
v  -116.4179 139.3719 -31.1001
v  -116.4179 139.3719 28.4999
v  -117.8180 -137.1717 28.5000
v  -117.8179 -137.1717 -31.1001
v  -116.6179 -137.1717 -31.1001
v  -116.6180 -137.1717 28.5000
v  -117.8179 -136.9717 -31.3001
v  -117.8179 139.3719 -31.3001
v  -116.6179 139.3719 -31.3001
v  -116.6179 -136.9717 -31.3001
v  -116.6179 139.5719 28.4999
v  -116.6179 139.5719 -31.1001
v  -117.8179 139.3719 28.6999
v  -117.8180 -136.9717 28.7000
v  -116.6180 -136.9717 28.7000
v  -116.6179 139.3719 28.6999
v  117.8172 -141.1717 28.5000
v  -117.8180 -141.1717 28.5000
v  -117.8179 -141.1717 -31.1001
v  117.8172 -141.1717 -31.0999
v  118.0172 -140.9717 28.5000
v  118.0172 -140.9717 -31.0999
v  118.0172 -137.3717 -31.0999
v  118.0172 -137.3717 28.5000
v  117.8172 -140.9717 -31.2999
v  -117.8179 -140.9717 -31.3001
v  -117.8179 -137.3717 -31.3001
v  117.8172 -137.3717 -31.2999
v  -118.0179 -140.9717 -31.1001
v  -118.0180 -140.9717 28.5000
v  -118.0180 -137.3717 28.5000
v  -118.0179 -137.3717 -31.1001
v  -117.8180 -140.9717 28.7000
v  117.8172 -140.9717 28.7000
v  117.8172 -137.3717 28.7000
v  -117.8180 -137.3717 28.7000
v  -58.9468 -136.9717 25.9129
v  -58.9468 139.3719 25.9129
v  -58.9468 139.3719 -31.1000
v  -58.9468 -136.9717 -31.1000
v  -57.3468 -136.9717 25.9129
v  -57.3468 -136.9717 -31.1000
v  -57.3468 139.3719 -31.1000
v  -57.3468 139.3719 25.9129
v  -58.7468 -137.1717 25.9129
v  -58.7468 -137.1717 -31.1000
v  -57.5468 -137.1717 -31.1000
v  -57.5468 -137.1717 25.9129
v  -58.7468 -136.9717 -31.3001
v  -58.7468 139.3719 -31.3001
v  -57.5468 139.3719 -31.3001
v  -57.5468 -136.9717 -31.3001
v  -58.7468 139.5719 -31.1000
v  -58.7468 139.5719 25.9129
v  -57.5468 139.5719 25.9129
v  -57.5468 139.5719 -31.1000
v  -58.7468 139.3719 26.1129
v  -58.7468 -136.9717 26.1129
v  -57.5468 -136.9717 26.1129
v  -57.5468 139.3719 26.1129
v  -0.8245 -136.9717 25.9129
v  -0.8244 139.3719 25.9129
v  -0.8244 139.3719 -31.1000
v  -0.8244 -136.9717 -31.1000
v  0.7756 -136.9717 25.9129
v  0.7756 -136.9717 -31.1000
v  0.7756 139.3719 -31.1000
v  0.7756 139.3719 25.9129
v  -0.6245 -137.1717 25.9129
v  -0.6244 -137.1717 -31.1000
v  0.5756 -137.1717 -31.1000
v  0.5755 -137.1717 25.9129
v  -0.6244 -136.9717 -31.3001
v  -0.6244 139.3719 -31.3001
v  0.5756 139.3719 -31.3001
v  0.5756 -136.9717 -31.3001
v  -0.6244 139.5719 -31.1000
v  -0.6244 139.5719 25.9129
v  0.5756 139.5719 25.9129
v  0.5756 139.5719 -31.1000
v  -0.6244 139.3719 26.1129
v  -0.6245 -136.9717 26.1129
v  0.5755 -136.9717 26.1129
v  0.5756 139.3719 26.1129
v  57.3139 -136.9717 25.9129
v  57.3139 139.3719 25.9129
v  57.3139 139.3719 -31.0999
v  57.3139 -136.9717 -31.0999
v  58.9139 -136.9717 25.9130
v  58.9139 -136.9717 -31.1000
v  58.9139 139.3719 -31.1000
v  58.9139 139.3719 25.9130
v  57.5139 -137.1717 25.9129
v  57.5139 -137.1717 -31.0999
v  58.7139 -137.1717 -31.0999
v  58.7139 -137.1717 25.9130
v  57.5139 -136.9717 -31.3000
v  57.5139 139.3719 -31.3000
v  58.7139 139.3719 -31.3000
v  58.7139 -136.9717 -31.3000
v  57.5139 139.5719 -31.0999
v  57.5139 139.5719 25.9129
v  58.7139 139.5719 25.9130
v  58.7139 139.5719 -31.0999
v  57.5139 139.3719 26.1129
v  57.5139 -136.9717 26.1129
v  58.7139 -136.9717 26.1130
v  58.7139 139.3719 26.1130
v  -115.8343 -136.5973 26.4000
v  -115.8343 138.9660 26.4000
v  -58.6554 138.9660 26.4000
v  -58.6554 -136.5973 26.4000
v  -115.8343 -136.5973 28.0000
v  -58.6554 -136.5973 28.0000
v  -58.6554 138.9660 28.0000
v  -115.8343 138.9660 28.0000
v  -115.8343 -136.8973 26.7000
v  -58.6554 -136.8973 26.7000
v  -58.6554 -136.8973 27.7000
v  -115.8343 -136.8973 27.7000
v  -58.3554 -136.5973 26.7000
v  -58.3554 138.9660 26.7000
v  -58.3554 138.9660 27.7000
v  -58.3554 -136.5973 27.7000
v  -58.6554 139.2660 26.7000
v  -115.8343 139.2660 26.7000
v  -115.8343 139.2660 27.7000
v  -58.6554 139.2660 27.7000
v  -116.1343 138.9660 26.7000
v  -116.1343 -136.5973 26.7000
v  -116.1343 -136.5973 27.7000
v  -116.1343 138.9660 27.7000
v  -114.7507 -136.5973 28.0000
v  -114.7507 -61.4715 28.0000
v  -113.1285 -61.4715 28.0000
v  -113.1285 -136.5973 28.0000
v  -114.7507 -136.5973 28.8000
v  -113.1285 -136.5973 28.8000
v  -113.1285 -61.4715 28.8000
v  -114.7507 -61.4715 28.8000
v  -114.7507 -136.8973 28.3000
v  -113.1285 -136.8973 28.3000
v  -113.1285 -136.8973 28.5000
v  -114.7507 -136.8973 28.5000
v  -112.8285 -136.5973 28.3000
v  -112.8285 -61.4715 28.3000
v  -112.8285 -61.4715 28.5000
v  -112.8285 -136.5973 28.5000
v  -113.1285 -61.1715 28.3000
v  -114.7507 -61.1715 28.3000
v  -114.7507 -61.1715 28.5000
v  -113.1285 -61.1715 28.5000
v  -115.0507 -61.4715 28.3000
v  -115.0507 -136.5973 28.3000
v  -115.0507 -136.5973 28.5000
v  -115.0507 -61.4715 28.5000
v  -110.3062 -136.5973 28.0000
v  -110.3062 -61.4715 28.0000
v  -108.6839 -61.4715 28.0000
v  -108.6839 -136.5973 28.0000
v  -110.3062 -136.5973 28.8000
v  -108.6839 -136.5973 28.8000
v  -108.6839 -61.4715 28.8000
v  -110.3062 -61.4715 28.8000
v  -110.3062 -136.8973 28.3000
v  -108.6839 -136.8973 28.3000
v  -108.6839 -136.8973 28.5000
v  -110.3062 -136.8973 28.5000
v  -108.3839 -136.5973 28.3000
v  -108.3839 -61.4715 28.3000
v  -108.3839 -61.4715 28.5000
v  -108.3839 -136.5973 28.5000
v  -108.6839 -61.1715 28.3000
v  -110.3062 -61.1715 28.3000
v  -110.3062 -61.1715 28.5000
v  -108.6839 -61.1715 28.5000
v  -110.6062 -61.4715 28.3000
v  -110.6062 -136.5973 28.3000
v  -110.6062 -136.5973 28.5000
v  -110.6062 -61.4715 28.5000
v  -105.8617 -136.5973 28.0000
v  -105.8617 -61.4715 28.0000
v  -104.2394 -61.4715 28.0000
v  -104.2394 -136.5973 28.0000
v  -105.8617 -136.5973 28.8000
v  -104.2394 -136.5973 28.8000
v  -104.2394 -61.4715 28.8000
v  -105.8617 -61.4715 28.8000
v  -105.8617 -136.8973 28.3000
v  -104.2394 -136.8973 28.3000
v  -104.2394 -136.8973 28.5000
v  -105.8617 -136.8973 28.5000
v  -103.9394 -136.5973 28.3000
v  -103.9394 -61.4715 28.3000
v  -103.9394 -61.4715 28.5000
v  -103.9394 -136.5973 28.5000
v  -104.2394 -61.1715 28.3000
v  -105.8617 -61.1715 28.3000
v  -105.8617 -61.1715 28.5000
v  -104.2394 -61.1715 28.5000
v  -106.1617 -61.4715 28.3000
v  -106.1617 -136.5973 28.3000
v  -106.1617 -136.5973 28.5000
v  -106.1617 -61.4715 28.5000
v  -101.4171 -136.5973 28.0000
v  -101.4171 -61.4715 28.0000
v  -99.7949 -61.4715 28.0000
v  -99.7949 -136.5973 28.0000
v  -101.4171 -136.5973 28.8000
v  -99.7949 -136.5973 28.8000
v  -99.7949 -61.4715 28.8000
v  -101.4171 -61.4715 28.8000
v  -101.4171 -136.8973 28.3000
v  -99.7949 -136.8973 28.3000
v  -99.7949 -136.8973 28.5000
v  -101.4171 -136.8973 28.5000
v  -99.4949 -136.5973 28.3000
v  -99.4949 -61.4715 28.3000
v  -99.4949 -61.4715 28.5000
v  -99.4949 -136.5973 28.5000
v  -99.7949 -61.1715 28.3000
v  -101.4171 -61.1715 28.3000
v  -101.4171 -61.1715 28.5000
v  -99.7949 -61.1715 28.5000
v  -101.7171 -61.4715 28.3000
v  -101.7171 -136.5973 28.3000
v  -101.7171 -136.5973 28.5000
v  -101.7171 -61.4715 28.5000
v  -96.9726 -136.5973 28.0000
v  -96.9726 -61.4715 28.0000
v  -95.3503 -61.4715 28.0000
v  -95.3503 -136.5973 28.0000
v  -96.9726 -136.5973 28.8000
v  -95.3503 -136.5973 28.8000
v  -95.3503 -61.4715 28.8000
v  -96.9726 -61.4715 28.8000
v  -96.9726 -136.8973 28.3000
v  -95.3503 -136.8973 28.3000
v  -95.3503 -136.8973 28.5000
v  -96.9726 -136.8973 28.5000
v  -95.0503 -136.5973 28.3000
v  -95.0503 -61.4715 28.3000
v  -95.0503 -61.4715 28.5000
v  -95.0503 -136.5973 28.5000
v  -95.3503 -61.1715 28.3000
v  -96.9726 -61.1715 28.3000
v  -96.9726 -61.1715 28.5000
v  -95.3503 -61.1715 28.5000
v  -97.2726 -61.4715 28.3000
v  -97.2726 -136.5973 28.3000
v  -97.2726 -136.5973 28.5000
v  -97.2726 -61.4715 28.5000
v  -92.5281 -136.5973 28.0000
v  -92.5281 -61.4715 28.0000
v  -90.9058 -61.4715 28.0000
v  -90.9058 -136.5973 28.0000
v  -92.5281 -136.5973 28.8000
v  -90.9058 -136.5973 28.8000
v  -90.9058 -61.4715 28.8000
v  -92.5281 -61.4715 28.8000
v  -92.5281 -136.8973 28.3000
v  -90.9058 -136.8973 28.3000
v  -90.9058 -136.8973 28.5000
v  -92.5281 -136.8973 28.5000
v  -90.6058 -136.5973 28.3000
v  -90.6058 -61.4715 28.3000
v  -90.6058 -61.4715 28.5000
v  -90.6058 -136.5973 28.5000
v  -90.9058 -61.1715 28.3000
v  -92.5281 -61.1715 28.3000
v  -92.5281 -61.1715 28.5000
v  -90.9058 -61.1715 28.5000
v  -92.8281 -61.4715 28.3000
v  -92.8281 -136.5973 28.3000
v  -92.8281 -136.5973 28.5000
v  -92.8281 -61.4715 28.5000
v  -88.0836 -136.5973 28.0000
v  -88.0836 -61.4715 28.0000
v  -86.4613 -61.4715 28.0000
v  -86.4613 -136.5973 28.0000
v  -88.0836 -136.5973 28.8000
v  -86.4613 -136.5973 28.8000
v  -86.4613 -61.4715 28.8000
v  -88.0836 -61.4715 28.8000
v  -88.0836 -136.8973 28.3000
v  -86.4613 -136.8973 28.3000
v  -86.4613 -136.8973 28.5000
v  -88.0836 -136.8973 28.5000
v  -86.1613 -136.5973 28.3000
v  -86.1613 -61.4715 28.3000
v  -86.1613 -61.4715 28.5000
v  -86.1613 -136.5973 28.5000
v  -86.4613 -61.1715 28.3000
v  -88.0836 -61.1715 28.3000
v  -88.0836 -61.1715 28.5000
v  -86.4613 -61.1715 28.5000
v  -88.3835 -61.4715 28.3000
v  -88.3835 -136.5973 28.3000
v  -88.3835 -136.5973 28.5000
v  -88.3835 -61.4715 28.5000
v  -83.6390 -136.5973 28.0000
v  -83.6390 -61.4715 28.0000
v  -82.0168 -61.4715 28.0000
v  -82.0168 -136.5973 28.0000
v  -83.6390 -136.5973 28.8000
v  -82.0168 -136.5973 28.8000
v  -82.0168 -61.4715 28.8000
v  -83.6390 -61.4715 28.8000
v  -83.6390 -136.8973 28.3000
v  -82.0168 -136.8973 28.3000
v  -82.0168 -136.8973 28.5000
v  -83.6390 -136.8973 28.5000
v  -81.7168 -136.5973 28.3000
v  -81.7168 -61.4715 28.3000
v  -81.7168 -61.4715 28.5000
v  -81.7168 -136.5973 28.5000
v  -82.0168 -61.1715 28.3000
v  -83.6390 -61.1715 28.3000
v  -83.6390 -61.1715 28.5000
v  -82.0168 -61.1715 28.5000
v  -83.9390 -61.4715 28.3000
v  -83.9390 -136.5973 28.3000
v  -83.9390 -136.5973 28.5000
v  -83.9390 -61.4715 28.5000
v  -79.1945 -136.5973 28.0000
v  -79.1945 -61.4715 28.0000
v  -77.5722 -61.4715 28.0000
v  -77.5722 -136.5973 28.0000
v  -79.1945 -136.5973 28.8000
v  -77.5722 -136.5973 28.8000
v  -77.5722 -61.4715 28.8000
v  -79.1945 -61.4715 28.8000
v  -79.1945 -136.8973 28.3000
v  -77.5722 -136.8973 28.3000
v  -77.5722 -136.8973 28.5000
v  -79.1945 -136.8973 28.5000
v  -77.2722 -136.5973 28.3000
v  -77.2722 -61.4715 28.3000
v  -77.2722 -61.4715 28.5000
v  -77.2722 -136.5973 28.5000
v  -77.5722 -61.1715 28.3000
v  -79.1945 -61.1715 28.3000
v  -79.1945 -61.1715 28.5000
v  -77.5722 -61.1715 28.5000
v  -79.4945 -61.4715 28.3000
v  -79.4945 -136.5973 28.3000
v  -79.4945 -136.5973 28.5000
v  -79.4945 -61.4715 28.5000
v  -74.7499 -136.5973 28.0000
v  -74.7499 -61.4715 28.0000
v  -73.1277 -61.4715 28.0000
v  -73.1277 -136.5973 28.0000
v  -74.7499 -136.5973 28.8000
v  -73.1277 -136.5973 28.8000
v  -73.1277 -61.4715 28.8000
v  -74.7499 -61.4715 28.8000
v  -74.7499 -136.8973 28.3000
v  -73.1277 -136.8973 28.3000
v  -73.1277 -136.8973 28.5000
v  -74.7499 -136.8973 28.5000
v  -72.8277 -136.5973 28.3000
v  -72.8277 -61.4715 28.3000
v  -72.8277 -61.4715 28.5000
v  -72.8277 -136.5973 28.5000
v  -73.1277 -61.1715 28.3000
v  -74.7499 -61.1715 28.3000
v  -74.7499 -61.1715 28.5000
v  -73.1277 -61.1715 28.5000
v  -75.0499 -61.4715 28.3000
v  -75.0499 -136.5973 28.3000
v  -75.0499 -136.5973 28.5000
v  -75.0499 -61.4715 28.5000
v  -70.3054 -136.5973 28.0000
v  -70.3054 -61.4715 28.0000
v  -68.6832 -61.4715 28.0000
v  -68.6832 -136.5973 28.0000
v  -70.3054 -136.5973 28.8000
v  -68.6832 -136.5973 28.8000
v  -68.6832 -61.4715 28.8000
v  -70.3054 -61.4715 28.8000
v  -70.3054 -136.8973 28.3000
v  -68.6832 -136.8973 28.3000
v  -68.6832 -136.8973 28.5000
v  -70.3054 -136.8973 28.5000
v  -68.3831 -136.5973 28.3000
v  -68.3831 -61.4715 28.3000
v  -68.3831 -61.4715 28.5000
v  -68.3831 -136.5973 28.5000
v  -68.6832 -61.1715 28.3000
v  -70.3054 -61.1715 28.3000
v  -70.3054 -61.1715 28.5000
v  -68.6832 -61.1715 28.5000
v  -70.6054 -61.4715 28.3000
v  -70.6054 -136.5973 28.3000
v  -70.6054 -136.5973 28.5000
v  -70.6054 -61.4715 28.5000
v  -65.8609 -136.5973 28.0000
v  -65.8609 -61.4715 28.0000
v  -64.2386 -61.4715 28.0000
v  -64.2386 -136.5973 28.0000
v  -65.8609 -136.5973 28.8000
v  -64.2386 -136.5973 28.8000
v  -64.2386 -61.4715 28.8000
v  -65.8609 -61.4715 28.8000
v  -65.8609 -136.8973 28.3000
v  -64.2386 -136.8973 28.3000
v  -64.2386 -136.8973 28.5000
v  -65.8609 -136.8973 28.5000
v  -63.9386 -136.5973 28.3000
v  -63.9386 -61.4715 28.3000
v  -63.9386 -61.4715 28.5000
v  -63.9386 -136.5973 28.5000
v  -64.2386 -61.1715 28.3000
v  -65.8609 -61.1715 28.3000
v  -65.8609 -61.1715 28.5000
v  -64.2386 -61.1715 28.5000
v  -66.1609 -61.4715 28.3000
v  -66.1609 -136.5973 28.3000
v  -66.1609 -136.5973 28.5000
v  -66.1609 -61.4715 28.5000
v  -61.4164 -136.5973 28.0000
v  -61.4164 -61.4715 28.0000
v  -59.7941 -61.4715 28.0000
v  -59.7941 -136.5973 28.0000
v  -61.4164 -136.5973 28.8000
v  -59.7941 -136.5973 28.8000
v  -59.7941 -61.4715 28.8000
v  -61.4164 -61.4715 28.8000
v  -61.4164 -136.8973 28.3000
v  -59.7941 -136.8973 28.3000
v  -59.7941 -136.8973 28.5000
v  -61.4164 -136.8973 28.5000
v  -59.4941 -136.5973 28.3000
v  -59.4941 -61.4715 28.3000
v  -59.4941 -61.4715 28.5000
v  -59.4941 -136.5973 28.5000
v  -59.7941 -61.1715 28.3000
v  -61.4164 -61.1715 28.3000
v  -61.4164 -61.1715 28.5000
v  -59.7941 -61.1715 28.5000
v  -61.7163 -61.4715 28.3000
v  -61.7163 -136.5973 28.3000
v  -61.7163 -136.5973 28.5000
v  -61.7163 -61.4715 28.5000
v  -115.8343 -60.5637 28.0000
v  -58.6535 138.9660 28.0000
v  -58.6558 -60.5637 28.0000
v  -115.8343 -60.5637 28.8000
v  -58.6558 -60.5637 28.8000
v  -58.6535 138.9660 28.8000
v  -115.8343 138.9660 28.8000
v  -115.8343 -60.8637 28.3000
v  -58.6558 -60.8637 28.3000
v  -58.6558 -60.8637 28.5000
v  -115.8343 -60.8637 28.5000
v  -58.3558 -60.5637 28.3000
v  -58.3534 138.9660 28.3000
v  -58.3534 138.9660 28.5000
v  -58.3558 -60.5637 28.5000
v  -58.6535 139.2660 28.3000
v  -115.8343 139.2660 28.3000
v  -115.8343 139.2660 28.5000
v  -58.6535 139.2660 28.5000
v  -116.1343 138.9660 28.3000
v  -116.1343 -60.5637 28.3000
v  -116.1343 -60.5637 28.5000
v  -116.1343 138.9660 28.5000
v  -57.6687 -136.5973 26.4000
v  -57.6687 138.9660 26.4000
v  -0.4898 138.9660 26.4000
v  -0.4898 -136.5973 26.4000
v  -57.6687 -136.5973 28.0000
v  -0.4898 -136.5973 28.0000
v  -0.4898 138.9660 28.0000
v  -57.6687 138.9660 28.0000
v  -57.6687 -136.8973 26.7000
v  -0.4898 -136.8973 26.7000
v  -0.4898 -136.8973 27.7000
v  -57.6687 -136.8973 27.7000
v  -0.1898 -136.5973 26.7000
v  -0.1898 138.9660 26.7000
v  -0.1898 138.9660 27.7000
v  -0.1898 -136.5973 27.7000
v  -0.4898 139.2660 26.7000
v  -57.6687 139.2660 26.7000
v  -57.6687 139.2660 27.7000
v  -0.4898 139.2660 27.7000
v  -57.9687 138.9660 26.7000
v  -57.9687 -136.5973 26.7000
v  -57.9687 -136.5973 27.7000
v  -57.9687 138.9660 27.7000
v  -56.5851 -136.5973 28.0000
v  -56.5851 -61.4715 28.0000
v  -54.9628 -61.4715 28.0000
v  -54.9628 -136.5973 28.0000
v  -56.5851 -136.5973 28.8000
v  -54.9628 -136.5973 28.8000
v  -54.9628 -61.4715 28.8000
v  -56.5851 -61.4715 28.8000
v  -56.5851 -136.8973 28.3000
v  -54.9628 -136.8973 28.3000
v  -54.9628 -136.8973 28.5000
v  -56.5851 -136.8973 28.5000
v  -54.6628 -136.5973 28.3000
v  -54.6628 -61.4715 28.3000
v  -54.6628 -61.4715 28.5000
v  -54.6628 -136.5973 28.5000
v  -54.9628 -61.1715 28.3000
v  -56.5851 -61.1715 28.3000
v  -56.5851 -61.1715 28.5000
v  -54.9628 -61.1715 28.5000
v  -56.8851 -61.4715 28.3000
v  -56.8851 -136.5973 28.3000
v  -56.8851 -136.5973 28.5000
v  -56.8851 -61.4715 28.5000
v  -52.1406 -136.5973 28.0000
v  -52.1406 -61.4715 28.0000
v  -50.5183 -61.4715 28.0000
v  -50.5183 -136.5973 28.0000
v  -52.1406 -136.5973 28.8000
v  -50.5183 -136.5973 28.8000
v  -50.5183 -61.4715 28.8000
v  -52.1406 -61.4715 28.8000
v  -52.1406 -136.8973 28.3000
v  -50.5183 -136.8973 28.3000
v  -50.5183 -136.8973 28.5000
v  -52.1406 -136.8973 28.5000
v  -50.2183 -136.5973 28.3000
v  -50.2183 -61.4715 28.3000
v  -50.2183 -61.4715 28.5000
v  -50.2183 -136.5973 28.5000
v  -50.5183 -61.1715 28.3000
v  -52.1406 -61.1715 28.3000
v  -52.1406 -61.1715 28.5000
v  -50.5183 -61.1715 28.5000
v  -52.4406 -61.4715 28.3000
v  -52.4406 -136.5973 28.3000
v  -52.4406 -136.5973 28.5000
v  -52.4406 -61.4715 28.5000
v  -47.6960 -136.5973 28.0000
v  -47.6961 -61.4715 28.0000
v  -46.0738 -61.4715 28.0000
v  -46.0738 -136.5973 28.0000
v  -47.6960 -136.5973 28.8000
v  -46.0738 -136.5973 28.8000
v  -46.0738 -61.4715 28.8000
v  -47.6961 -61.4715 28.8000
v  -47.6960 -136.8973 28.3000
v  -46.0738 -136.8973 28.3000
v  -46.0738 -136.8973 28.5000
v  -47.6960 -136.8973 28.5000
v  -45.7738 -136.5973 28.3000
v  -45.7738 -61.4715 28.3000
v  -45.7738 -61.4715 28.5000
v  -45.7738 -136.5973 28.5000
v  -46.0738 -61.1715 28.3000
v  -47.6961 -61.1715 28.3000
v  -47.6961 -61.1715 28.5000
v  -46.0738 -61.1715 28.5000
v  -47.9961 -61.4715 28.3000
v  -47.9960 -136.5973 28.3000
v  -47.9960 -136.5973 28.5000
v  -47.9961 -61.4715 28.5000
v  -43.2515 -136.5973 28.0000
v  -43.2515 -61.4715 28.0000
v  -41.6293 -61.4715 28.0000
v  -41.6292 -136.5973 28.0000
v  -43.2515 -136.5973 28.8000
v  -41.6292 -136.5973 28.8000
v  -41.6293 -61.4715 28.8000
v  -43.2515 -61.4715 28.8000
v  -43.2515 -136.8973 28.3000
v  -41.6292 -136.8973 28.3000
v  -41.6292 -136.8973 28.5000
v  -43.2515 -136.8973 28.5000
v  -41.3292 -136.5973 28.3000
v  -41.3293 -61.4715 28.3000
v  -41.3293 -61.4715 28.5000
v  -41.3292 -136.5973 28.5000
v  -41.6293 -61.1715 28.3000
v  -43.2515 -61.1715 28.3000
v  -43.2515 -61.1715 28.5000
v  -41.6293 -61.1715 28.5000
v  -43.5515 -61.4715 28.3000
v  -43.5515 -136.5973 28.3000
v  -43.5515 -136.5973 28.5000
v  -43.5515 -61.4715 28.5000
v  -38.8070 -136.5973 28.0000
v  -38.8070 -61.4715 28.0000
v  -37.1847 -61.4715 28.0000
v  -37.1847 -136.5973 28.0000
v  -38.8070 -136.5973 28.8000
v  -37.1847 -136.5973 28.8000
v  -37.1847 -61.4715 28.8000
v  -38.8070 -61.4715 28.8000
v  -38.8070 -136.8973 28.3000
v  -37.1847 -136.8973 28.3000
v  -37.1847 -136.8973 28.5000
v  -38.8070 -136.8973 28.5000
v  -36.8847 -136.5973 28.3000
v  -36.8847 -61.4715 28.3000
v  -36.8847 -61.4715 28.5000
v  -36.8847 -136.5973 28.5000
v  -37.1847 -61.1715 28.3000
v  -38.8070 -61.1715 28.3000
v  -38.8070 -61.1715 28.5000
v  -37.1847 -61.1715 28.5000
v  -39.1070 -61.4715 28.3000
v  -39.1070 -136.5973 28.3000
v  -39.1070 -136.5973 28.5000
v  -39.1070 -61.4715 28.5000
v  -34.3624 -136.5973 28.0000
v  -34.3625 -61.4715 28.0000
v  -32.7402 -61.4715 28.0000
v  -32.7402 -136.5973 28.0000
v  -34.3624 -136.5973 28.8000
v  -32.7402 -136.5973 28.8000
v  -32.7402 -61.4715 28.8000
v  -34.3625 -61.4715 28.8000
v  -34.3624 -136.8973 28.3000
v  -32.7402 -136.8973 28.3000
v  -32.7402 -136.8973 28.5000
v  -34.3624 -136.8973 28.5000
v  -32.4402 -136.5973 28.3000
v  -32.4402 -61.4715 28.3000
v  -32.4402 -61.4715 28.5000
v  -32.4402 -136.5973 28.5000
v  -32.7402 -61.1715 28.3000
v  -34.3625 -61.1715 28.3000
v  -34.3625 -61.1715 28.5000
v  -32.7402 -61.1715 28.5000
v  -34.6625 -61.4715 28.3000
v  -34.6624 -136.5973 28.3000
v  -34.6624 -136.5973 28.5000
v  -34.6625 -61.4715 28.5000
v  -29.9179 -136.5973 28.0000
v  -29.9179 -61.4715 28.0000
v  -28.2957 -61.4715 28.0000
v  -28.2957 -136.5973 28.0000
v  -29.9179 -136.5973 28.8000
v  -28.2957 -136.5973 28.8000
v  -28.2957 -61.4715 28.8000
v  -29.9179 -61.4715 28.8000
v  -29.9179 -136.8973 28.3000
v  -28.2957 -136.8973 28.3000
v  -28.2957 -136.8973 28.5000
v  -29.9179 -136.8973 28.5000
v  -27.9957 -136.5973 28.3000
v  -27.9957 -61.4715 28.3000
v  -27.9957 -61.4715 28.5000
v  -27.9957 -136.5973 28.5000
v  -28.2957 -61.1715 28.3000
v  -29.9179 -61.1715 28.3000
v  -29.9179 -61.1715 28.5000
v  -28.2957 -61.1715 28.5000
v  -30.2179 -61.4715 28.3000
v  -30.2179 -136.5973 28.3000
v  -30.2179 -136.5973 28.5000
v  -30.2179 -61.4715 28.5000
v  -25.4734 -136.5973 28.0000
v  -25.4734 -61.4715 28.0000
v  -23.8511 -61.4715 28.0000
v  -23.8511 -136.5973 28.0000
v  -25.4734 -136.5973 28.8000
v  -23.8511 -136.5973 28.8000
v  -23.8511 -61.4715 28.8000
v  -25.4734 -61.4715 28.8000
v  -25.4734 -136.8973 28.3000
v  -23.8511 -136.8973 28.3000
v  -23.8511 -136.8973 28.5000
v  -25.4734 -136.8973 28.5000
v  -23.5511 -136.5973 28.3000
v  -23.5511 -61.4715 28.3000
v  -23.5511 -61.4715 28.5000
v  -23.5511 -136.5973 28.5000
v  -23.8511 -61.1715 28.3000
v  -25.4734 -61.1715 28.3000
v  -25.4734 -61.1715 28.5000
v  -23.8511 -61.1715 28.5000
v  -25.7734 -61.4715 28.3000
v  -25.7734 -136.5973 28.3000
v  -25.7734 -136.5973 28.5000
v  -25.7734 -61.4715 28.5000
v  -21.0289 -136.5973 28.0000
v  -21.0289 -61.4715 28.0000
v  -19.4066 -61.4715 28.0000
v  -19.4066 -136.5973 28.0000
v  -21.0289 -136.5973 28.8000
v  -19.4066 -136.5973 28.8000
v  -19.4066 -61.4715 28.8000
v  -21.0289 -61.4715 28.8000
v  -21.0289 -136.8973 28.3000
v  -19.4066 -136.8973 28.3000
v  -19.4066 -136.8973 28.5000
v  -21.0289 -136.8973 28.5000
v  -19.1066 -136.5973 28.3000
v  -19.1066 -61.4715 28.3000
v  -19.1066 -61.4715 28.5000
v  -19.1066 -136.5973 28.5000
v  -19.4066 -61.1715 28.3000
v  -21.0289 -61.1715 28.3000
v  -21.0289 -61.1715 28.5000
v  -19.4066 -61.1715 28.5000
v  -21.3289 -61.4715 28.3000
v  -21.3289 -136.5973 28.3000
v  -21.3289 -136.5973 28.5000
v  -21.3289 -61.4715 28.5000
v  -16.5843 -136.5973 28.0000
v  -16.5843 -61.4715 28.0000
v  -14.9621 -61.4715 28.0000
v  -14.9621 -136.5973 28.0000
v  -16.5843 -136.5973 28.8000
v  -14.9621 -136.5973 28.8000
v  -14.9621 -61.4715 28.8000
v  -16.5843 -61.4715 28.8000
v  -16.5843 -136.8973 28.3000
v  -14.9621 -136.8973 28.3000
v  -14.9621 -136.8973 28.5000
v  -16.5843 -136.8973 28.5000
v  -14.6621 -136.5973 28.3000
v  -14.6621 -61.4715 28.3000
v  -14.6621 -61.4715 28.5000
v  -14.6621 -136.5973 28.5000
v  -14.9621 -61.1715 28.3000
v  -16.5843 -61.1715 28.3000
v  -16.5843 -61.1715 28.5000
v  -14.9621 -61.1715 28.5000
v  -16.8843 -61.4715 28.3000
v  -16.8843 -136.5973 28.3000
v  -16.8843 -136.5973 28.5000
v  -16.8843 -61.4715 28.5000
v  -12.1398 -136.5973 28.0000
v  -12.1398 -61.4715 28.0000
v  -10.5175 -61.4715 28.0000
v  -10.5175 -136.5973 28.0000
v  -12.1398 -136.5973 28.8000
v  -10.5175 -136.5973 28.8000
v  -10.5175 -61.4715 28.8000
v  -12.1398 -61.4715 28.8000
v  -12.1398 -136.8973 28.3000
v  -10.5175 -136.8973 28.3000
v  -10.5175 -136.8973 28.5000
v  -12.1398 -136.8973 28.5000
v  -10.2175 -136.5973 28.3000
v  -10.2175 -61.4715 28.3000
v  -10.2175 -61.4715 28.5000
v  -10.2175 -136.5973 28.5000
v  -10.5175 -61.1715 28.3000
v  -12.1398 -61.1715 28.3000
v  -12.1398 -61.1715 28.5000
v  -10.5175 -61.1715 28.5000
v  -12.4398 -61.4715 28.3000
v  -12.4398 -136.5973 28.3000
v  -12.4398 -136.5973 28.5000
v  -12.4398 -61.4715 28.5000
v  -7.6952 -136.5973 28.0000
v  -7.6953 -61.4715 28.0000
v  -6.0730 -61.4715 28.0000
v  -6.0730 -136.5973 28.0000
v  -7.6952 -136.5973 28.8000
v  -6.0730 -136.5973 28.8000
v  -6.0730 -61.4715 28.8000
v  -7.6953 -61.4715 28.8000
v  -7.6952 -136.8973 28.3000
v  -6.0730 -136.8973 28.3000
v  -6.0730 -136.8973 28.5000
v  -7.6952 -136.8973 28.5000
v  -5.7730 -136.5973 28.3000
v  -5.7730 -61.4715 28.3000
v  -5.7730 -61.4715 28.5000
v  -5.7730 -136.5973 28.5000
v  -6.0730 -61.1715 28.3000
v  -7.6953 -61.1715 28.3000
v  -7.6953 -61.1715 28.5000
v  -6.0730 -61.1715 28.5000
v  -7.9953 -61.4715 28.3000
v  -7.9952 -136.5973 28.3000
v  -7.9952 -136.5973 28.5000
v  -7.9953 -61.4715 28.5000
v  -3.2507 -136.5973 28.0000
v  -3.2507 -61.4715 28.0000
v  -1.6285 -61.4715 28.0000
v  -1.6285 -136.5973 28.0000
v  -3.2507 -136.5973 28.8000
v  -1.6285 -136.5973 28.8000
v  -1.6285 -61.4715 28.8000
v  -3.2507 -61.4715 28.8000
v  -3.2507 -136.8973 28.3000
v  -1.6285 -136.8973 28.3000
v  -1.6285 -136.8973 28.5000
v  -3.2507 -136.8973 28.5000
v  -1.3285 -136.5973 28.3000
v  -1.3285 -61.4715 28.3000
v  -1.3285 -61.4715 28.5000
v  -1.3285 -136.5973 28.5000
v  -1.6285 -61.1715 28.3000
v  -3.2507 -61.1715 28.3000
v  -3.2507 -61.1715 28.5000
v  -1.6285 -61.1715 28.5000
v  -3.5507 -61.4715 28.3000
v  -3.5507 -136.5973 28.3000
v  -3.5507 -136.5973 28.5000
v  -3.5507 -61.4715 28.5000
v  -57.6687 -60.5637 28.0000
v  -0.4878 138.9660 28.0000
v  -0.4902 -60.5637 28.0000
v  -57.6687 -60.5637 28.8000
v  -0.4902 -60.5637 28.8000
v  -0.4878 138.9660 28.8000
v  -57.6687 138.9660 28.8000
v  -57.6687 -60.8637 28.3000
v  -0.4902 -60.8637 28.3000
v  -0.4902 -60.8637 28.5000
v  -57.6687 -60.8637 28.5000
v  -0.1902 -60.5637 28.3000
v  -0.1878 138.9660 28.3000
v  -0.1878 138.9660 28.5000
v  -0.1902 -60.5637 28.5000
v  -0.4878 139.2660 28.3000
v  -57.6687 139.2660 28.3000
v  -57.6687 139.2660 28.5000
v  -0.4878 139.2660 28.5000
v  -57.9687 138.9660 28.3000
v  -57.9687 -60.5637 28.3000
v  -57.9687 -60.5637 28.5000
v  -57.9687 138.9660 28.5000
v  0.4579 -136.5973 26.4000
v  0.4579 138.9660 26.4000
v  57.6368 138.9660 26.4000
v  57.6368 -136.5973 26.4000
v  0.4579 -136.5973 28.0000
v  57.6368 -136.5973 28.0000
v  57.6368 138.9660 28.0000
v  0.4579 138.9660 28.0000
v  0.4579 -136.8973 26.7000
v  57.6368 -136.8973 26.7000
v  57.6368 -136.8973 27.7000
v  0.4579 -136.8973 27.7000
v  57.9368 -136.5973 26.7000
v  57.9368 138.9660 26.7000
v  57.9368 138.9660 27.7000
v  57.9368 -136.5973 27.7000
v  57.6368 139.2660 26.7000
v  0.4579 139.2660 26.7000
v  0.4579 139.2660 27.7000
v  57.6368 139.2660 27.7000
v  0.1579 138.9660 26.7000
v  0.1579 -136.5973 26.7000
v  0.1579 -136.5973 27.7000
v  0.1579 138.9660 27.7000
v  1.5414 -136.5973 28.0000
v  1.5414 -61.4715 28.0000
v  3.1637 -61.4715 28.0000
v  3.1637 -136.5973 28.0000
v  1.5414 -136.5973 28.8000
v  3.1637 -136.5973 28.8000
v  3.1637 -61.4715 28.8000
v  1.5414 -61.4715 28.8000
v  1.5414 -136.8973 28.3000
v  3.1637 -136.8973 28.3000
v  3.1637 -136.8973 28.5000
v  1.5414 -136.8973 28.5000
v  3.4637 -136.5973 28.3000
v  3.4637 -61.4715 28.3000
v  3.4637 -61.4715 28.5000
v  3.4637 -136.5973 28.5000
v  3.1637 -61.1715 28.3000
v  1.5414 -61.1715 28.3000
v  1.5414 -61.1715 28.5000
v  3.1637 -61.1715 28.5000
v  1.2414 -61.4715 28.3000
v  1.2414 -136.5973 28.3000
v  1.2414 -136.5973 28.5000
v  1.2414 -61.4715 28.5000
v  5.9860 -136.5973 28.0000
v  5.9860 -61.4715 28.0000
v  7.6083 -61.4715 28.0000
v  7.6082 -136.5973 28.0000
v  5.9860 -136.5973 28.8000
v  7.6082 -136.5973 28.8000
v  7.6083 -61.4715 28.8000
v  5.9860 -61.4715 28.8000
v  5.9860 -136.8973 28.3000
v  7.6082 -136.8973 28.3000
v  7.6082 -136.8973 28.5000
v  5.9860 -136.8973 28.5000
v  7.9082 -136.5973 28.3000
v  7.9083 -61.4715 28.3000
v  7.9083 -61.4715 28.5000
v  7.9082 -136.5973 28.5000
v  7.6083 -61.1715 28.3000
v  5.9860 -61.1715 28.3000
v  5.9860 -61.1715 28.5000
v  7.6083 -61.1715 28.5000
v  5.6860 -61.4715 28.3000
v  5.6860 -136.5973 28.3000
v  5.6860 -136.5973 28.5000
v  5.6860 -61.4715 28.5000
v  10.4305 -136.5973 28.0000
v  10.4305 -61.4715 28.0000
v  12.0528 -61.4715 28.0000
v  12.0528 -136.5973 28.0000
v  10.4305 -136.5973 28.8000
v  12.0528 -136.5973 28.8000
v  12.0528 -61.4715 28.8000
v  10.4305 -61.4715 28.8000
v  10.4305 -136.8973 28.3000
v  12.0528 -136.8973 28.3000
v  12.0528 -136.8973 28.5000
v  10.4305 -136.8973 28.5000
v  12.3528 -136.5973 28.3000
v  12.3528 -61.4715 28.3000
v  12.3528 -61.4715 28.5000
v  12.3528 -136.5973 28.5000
v  12.0528 -61.1715 28.3000
v  10.4305 -61.1715 28.3000
v  10.4305 -61.1715 28.5000
v  12.0528 -61.1715 28.5000
v  10.1305 -61.4715 28.3000
v  10.1305 -136.5973 28.3000
v  10.1305 -136.5973 28.5000
v  10.1305 -61.4715 28.5000
v  14.8750 -136.5973 28.0000
v  14.8751 -61.4715 28.0000
v  16.4973 -61.4715 28.0000
v  16.4973 -136.5973 28.0000
v  14.8750 -136.5973 28.8000
v  16.4973 -136.5973 28.8000
v  16.4973 -61.4715 28.8000
v  14.8751 -61.4715 28.8000
v  14.8750 -136.8973 28.3000
v  16.4973 -136.8973 28.3000
v  16.4973 -136.8973 28.5000
v  14.8750 -136.8973 28.5000
v  16.7973 -136.5973 28.3000
v  16.7973 -61.4715 28.3000
v  16.7973 -61.4715 28.5000
v  16.7973 -136.5973 28.5000
v  16.4973 -61.1715 28.3000
v  14.8751 -61.1715 28.3000
v  14.8751 -61.1715 28.5000
v  16.4973 -61.1715 28.5000
v  14.5751 -61.4715 28.3000
v  14.5750 -136.5973 28.3000
v  14.5750 -136.5973 28.5000
v  14.5751 -61.4715 28.5000
v  19.3196 -136.5973 28.0000
v  19.3196 -61.4715 28.0000
v  20.9419 -61.4715 28.0000
v  20.9418 -136.5973 28.0000
v  19.3196 -136.5973 28.8000
v  20.9418 -136.5973 28.8000
v  20.9419 -61.4715 28.8000
v  19.3196 -61.4715 28.8000
v  19.3196 -136.8973 28.3000
v  20.9418 -136.8973 28.3000
v  20.9418 -136.8973 28.5000
v  19.3196 -136.8973 28.5000
v  21.2418 -136.5973 28.3000
v  21.2419 -61.4715 28.3000
v  21.2419 -61.4715 28.5000
v  21.2418 -136.5973 28.5000
v  20.9419 -61.1715 28.3000
v  19.3196 -61.1715 28.3000
v  19.3196 -61.1715 28.5000
v  20.9419 -61.1715 28.5000
v  19.0196 -61.4715 28.3000
v  19.0196 -136.5973 28.3000
v  19.0196 -136.5973 28.5000
v  19.0196 -61.4715 28.5000
v  23.7641 -136.5973 28.0000
v  23.7641 -61.4715 28.0000
v  25.3864 -61.4715 28.0000
v  25.3864 -136.5973 28.0000
v  23.7641 -136.5973 28.8000
v  25.3864 -136.5973 28.8000
v  25.3864 -61.4715 28.8000
v  23.7641 -61.4715 28.8000
v  23.7641 -136.8973 28.3000
v  25.3864 -136.8973 28.3000
v  25.3864 -136.8973 28.5000
v  23.7641 -136.8973 28.5000
v  25.6864 -136.5973 28.3000
v  25.6864 -61.4715 28.3000
v  25.6864 -61.4715 28.5000
v  25.6864 -136.5973 28.5000
v  25.3864 -61.1715 28.3000
v  23.7641 -61.1715 28.3000
v  23.7641 -61.1715 28.5000
v  25.3864 -61.1715 28.5000
v  23.4641 -61.4715 28.3000
v  23.4641 -136.5973 28.3000
v  23.4641 -136.5973 28.5000
v  23.4641 -61.4715 28.5000
v  28.2086 -136.5973 28.0000
v  28.2086 -61.4715 28.0000
v  29.8309 -61.4715 28.0000
v  29.8309 -136.5973 28.0000
v  28.2086 -136.5973 28.8000
v  29.8309 -136.5973 28.8000
v  29.8309 -61.4715 28.8000
v  28.2086 -61.4715 28.8000
v  28.2086 -136.8973 28.3000
v  29.8309 -136.8973 28.3000
v  29.8309 -136.8973 28.5000
v  28.2086 -136.8973 28.5000
v  30.1309 -136.5973 28.3000
v  30.1309 -61.4715 28.3000
v  30.1309 -61.4715 28.5000
v  30.1309 -136.5973 28.5000
v  29.8309 -61.1715 28.3000
v  28.2086 -61.1715 28.3000
v  28.2086 -61.1715 28.5000
v  29.8309 -61.1715 28.5000
v  27.9086 -61.4715 28.3000
v  27.9086 -136.5973 28.3000
v  27.9086 -136.5973 28.5000
v  27.9086 -61.4715 28.5000
v  32.6532 -136.5973 28.0000
v  32.6532 -61.4715 28.0000
v  34.2754 -61.4715 28.0000
v  34.2754 -136.5973 28.0000
v  32.6532 -136.5973 28.8000
v  34.2754 -136.5973 28.8000
v  34.2754 -61.4715 28.8000
v  32.6532 -61.4715 28.8000
v  32.6532 -136.8973 28.3000
v  34.2754 -136.8972 28.3000
v  34.2754 -136.8972 28.5000
v  32.6532 -136.8973 28.5000
v  34.5754 -136.5973 28.3000
v  34.5755 -61.4715 28.3000
v  34.5755 -61.4715 28.5000
v  34.5754 -136.5973 28.5000
v  34.2754 -61.1715 28.3000
v  32.6532 -61.1715 28.3000
v  32.6532 -61.1715 28.5000
v  34.2754 -61.1715 28.5000
v  32.3532 -61.4715 28.3000
v  32.3532 -136.5973 28.3000
v  32.3532 -136.5973 28.5000
v  32.3532 -61.4715 28.5000
v  37.0977 -136.5973 28.0000
v  37.0977 -61.4715 28.0000
v  38.7200 -61.4715 28.0000
v  38.7200 -136.5973 28.0000
v  37.0977 -136.5973 28.8000
v  38.7200 -136.5973 28.8000
v  38.7200 -61.4715 28.8000
v  37.0977 -61.4715 28.8000
v  37.0977 -136.8972 28.3000
v  38.7200 -136.8972 28.3000
v  38.7200 -136.8972 28.5000
v  37.0977 -136.8972 28.5000
v  39.0200 -136.5973 28.3000
v  39.0200 -61.4715 28.3000
v  39.0200 -61.4715 28.5000
v  39.0200 -136.5973 28.5000
v  38.7200 -61.1715 28.3000
v  37.0977 -61.1715 28.3000
v  37.0977 -61.1715 28.5000
v  38.7200 -61.1715 28.5000
v  36.7977 -61.4715 28.3000
v  36.7977 -136.5973 28.3000
v  36.7977 -136.5973 28.5000
v  36.7977 -61.4715 28.5000
v  41.5422 -136.5973 28.0000
v  41.5422 -61.4715 28.0000
v  43.1645 -61.4715 28.0000
v  43.1645 -136.5973 28.0000
v  41.5422 -136.5973 28.8000
v  43.1645 -136.5973 28.8000
v  43.1645 -61.4715 28.8000
v  41.5422 -61.4715 28.8000
v  41.5422 -136.8972 28.3000
v  43.1645 -136.8972 28.3000
v  43.1645 -136.8972 28.5000
v  41.5422 -136.8972 28.5000
v  43.4645 -136.5973 28.3000
v  43.4645 -61.4715 28.3000
v  43.4645 -61.4715 28.5000
v  43.4645 -136.5973 28.5000
v  43.1645 -61.1715 28.3000
v  41.5422 -61.1715 28.3000
v  41.5422 -61.1715 28.5000
v  43.1645 -61.1715 28.5000
v  41.2422 -61.4715 28.3000
v  41.2422 -136.5973 28.3000
v  41.2422 -136.5973 28.5000
v  41.2422 -61.4715 28.5000
v  45.9868 -136.5973 28.0000
v  45.9868 -61.4715 28.0000
v  47.6090 -61.4715 28.0000
v  47.6090 -136.5973 28.0000
v  45.9868 -136.5973 28.8000
v  47.6090 -136.5973 28.8000
v  47.6090 -61.4715 28.8000
v  45.9868 -61.4715 28.8000
v  45.9868 -136.8972 28.3000
v  47.6090 -136.8972 28.3000
v  47.6090 -136.8972 28.5000
v  45.9868 -136.8972 28.5000
v  47.9090 -136.5973 28.3000
v  47.9090 -61.4715 28.3000
v  47.9090 -61.4715 28.5000
v  47.9090 -136.5973 28.5000
v  47.6090 -61.1715 28.3000
v  45.9868 -61.1715 28.3000
v  45.9868 -61.1715 28.5000
v  47.6090 -61.1715 28.5000
v  45.6868 -61.4715 28.3000
v  45.6868 -136.5973 28.3000
v  45.6868 -136.5973 28.5000
v  45.6868 -61.4715 28.5000
v  50.4313 -136.5973 28.0000
v  50.4313 -61.4715 28.0000
v  52.0536 -61.4715 28.0000
v  52.0536 -136.5973 28.0000
v  50.4313 -136.5973 28.8000
v  52.0536 -136.5973 28.8000
v  52.0536 -61.4715 28.8000
v  50.4313 -61.4715 28.8000
v  50.4313 -136.8972 28.3000
v  52.0536 -136.8972 28.3000
v  52.0536 -136.8972 28.5000
v  50.4313 -136.8972 28.5000
v  52.3536 -136.5973 28.3000
v  52.3536 -61.4715 28.3000
v  52.3536 -61.4715 28.5000
v  52.3536 -136.5973 28.5000
v  52.0536 -61.1715 28.3000
v  50.4313 -61.1715 28.3000
v  50.4313 -61.1715 28.5000
v  52.0536 -61.1715 28.5000
v  50.1313 -61.4715 28.3000
v  50.1313 -136.5973 28.3000
v  50.1313 -136.5973 28.5000
v  50.1313 -61.4715 28.5000
v  54.8758 -136.5973 28.0000
v  54.8758 -61.4715 28.0000
v  56.4981 -61.4715 28.0000
v  56.4981 -136.5973 28.0000
v  54.8758 -136.5973 28.8000
v  56.4981 -136.5973 28.8000
v  56.4981 -61.4715 28.8000
v  54.8758 -61.4715 28.8000
v  54.8758 -136.8972 28.3000
v  56.4981 -136.8972 28.3000
v  56.4981 -136.8972 28.5000
v  54.8758 -136.8972 28.5000
v  56.7981 -136.5973 28.3000
v  56.7981 -61.4715 28.3000
v  56.7981 -61.4715 28.5000
v  56.7981 -136.5973 28.5000
v  56.4981 -61.1715 28.3000
v  54.8758 -61.1715 28.3000
v  54.8758 -61.1715 28.5000
v  56.4981 -61.1715 28.5000
v  54.5758 -61.4715 28.3000
v  54.5758 -136.5973 28.3000
v  54.5758 -136.5973 28.5000
v  54.5758 -61.4715 28.5000
v  0.4579 -60.5637 28.0000
v  57.6387 138.9660 28.0000
v  57.6364 -60.5637 28.0000
v  0.4579 -60.5637 28.8000
v  57.6364 -60.5637 28.8000
v  57.6387 138.9660 28.8000
v  0.4579 138.9660 28.8000
v  0.4579 -60.8637 28.3000
v  57.6364 -60.8637 28.3000
v  57.6364 -60.8637 28.5000
v  0.4579 -60.8637 28.5000
v  57.9364 -60.5637 28.3000
v  57.9387 138.9660 28.3000
v  57.9387 138.9660 28.5000
v  57.9364 -60.5637 28.5000
v  57.6387 139.2660 28.3000
v  0.4579 139.2660 28.3000
v  0.4579 139.2660 28.5000
v  57.6387 139.2660 28.5000
v  0.1579 138.9660 28.3000
v  0.1579 -60.5637 28.3000
v  0.1579 -60.5637 28.5000
v  0.1579 138.9660 28.5000
v  58.6235 -136.5973 26.4000
v  58.6235 138.9660 26.4000
v  115.8024 138.9660 26.4000
v  115.8024 -136.5973 26.4000
v  58.6235 -136.5973 28.0000
v  115.8024 -136.5973 28.0000
v  115.8024 138.9660 28.0000
v  58.6235 138.9660 28.0000
v  58.6235 -136.8973 26.7000
v  115.8024 -136.8973 26.7000
v  115.8024 -136.8973 27.7000
v  58.6235 -136.8973 27.7000
v  116.1024 -136.5973 26.7000
v  116.1024 138.9660 26.7000
v  116.1024 138.9660 27.7000
v  116.1024 -136.5973 27.7000
v  115.8024 139.2660 26.7000
v  58.6235 139.2660 26.7000
v  58.6235 139.2660 27.7000
v  115.8024 139.2660 27.7000
v  58.3235 138.9660 26.7000
v  58.3235 -136.5973 26.7000
v  58.3235 -136.5973 27.7000
v  58.3235 138.9660 27.7000
v  59.7071 -136.5973 28.0000
v  59.7071 -61.4715 28.0000
v  61.3294 -61.4715 28.0000
v  61.3293 -136.5973 28.0000
v  59.7071 -136.5973 28.8000
v  61.3293 -136.5973 28.8000
v  61.3294 -61.4715 28.8000
v  59.7071 -61.4715 28.8000
v  59.7071 -136.8972 28.3000
v  61.3293 -136.8972 28.3000
v  61.3293 -136.8972 28.5000
v  59.7071 -136.8972 28.5000
v  61.6293 -136.5973 28.3000
v  61.6294 -61.4715 28.3000
v  61.6294 -61.4715 28.5000
v  61.6293 -136.5973 28.5000
v  61.3294 -61.1715 28.3000
v  59.7071 -61.1715 28.3000
v  59.7071 -61.1715 28.5000
v  61.3294 -61.1715 28.5000
v  59.4071 -61.4715 28.3000
v  59.4071 -136.5973 28.3000
v  59.4071 -136.5973 28.5000
v  59.4071 -61.4715 28.5000
v  64.1516 -136.5973 28.0000
v  64.1516 -61.4715 28.0000
v  65.7739 -61.4715 28.0000
v  65.7739 -136.5973 28.0000
v  64.1516 -136.5973 28.8000
v  65.7739 -136.5973 28.8000
v  65.7739 -61.4715 28.8000
v  64.1516 -61.4715 28.8000
v  64.1516 -136.8972 28.3000
v  65.7739 -136.8973 28.3000
v  65.7739 -136.8973 28.5000
v  64.1516 -136.8972 28.5000
v  66.0739 -136.5973 28.3000
v  66.0739 -61.4715 28.3000
v  66.0739 -61.4715 28.5000
v  66.0739 -136.5973 28.5000
v  65.7739 -61.1715 28.3000
v  64.1516 -61.1715 28.3000
v  64.1516 -61.1715 28.5000
v  65.7739 -61.1715 28.5000
v  63.8516 -61.4715 28.3000
v  63.8516 -136.5973 28.3000
v  63.8516 -136.5973 28.5000
v  63.8516 -61.4715 28.5000
v  68.5961 -136.5973 28.0000
v  68.5961 -61.4715 28.0000
v  70.2184 -61.4715 28.0000
v  70.2184 -136.5973 28.0000
v  68.5961 -136.5973 28.8000
v  70.2184 -136.5973 28.8000
v  70.2184 -61.4715 28.8000
v  68.5961 -61.4715 28.8000
v  68.5961 -136.8973 28.3000
v  70.2184 -136.8973 28.3000
v  70.2184 -136.8973 28.5000
v  68.5961 -136.8973 28.5000
v  70.5184 -136.5973 28.3000
v  70.5184 -61.4715 28.3000
v  70.5184 -61.4715 28.5000
v  70.5184 -136.5973 28.5000
v  70.2184 -61.1715 28.3000
v  68.5961 -61.1715 28.3000
v  68.5961 -61.1715 28.5000
v  70.2184 -61.1715 28.5000
v  68.2962 -61.4715 28.3000
v  68.2961 -136.5973 28.3000
v  68.2961 -136.5973 28.5000
v  68.2962 -61.4715 28.5000
v  73.0407 -136.5973 28.0000
v  73.0407 -61.4715 28.0000
v  74.6629 -61.4715 28.0000
v  74.6629 -136.5973 28.0000
v  73.0407 -136.5973 28.8000
v  74.6629 -136.5973 28.8000
v  74.6629 -61.4715 28.8000
v  73.0407 -61.4715 28.8000
v  73.0407 -136.8973 28.3000
v  74.6629 -136.8973 28.3000
v  74.6629 -136.8973 28.5000
v  73.0407 -136.8973 28.5000
v  74.9629 -136.5973 28.3000
v  74.9630 -61.4715 28.3000
v  74.9630 -61.4715 28.5000
v  74.9629 -136.5973 28.5000
v  74.6629 -61.1715 28.3000
v  73.0407 -61.1715 28.3000
v  73.0407 -61.1715 28.5000
v  74.6629 -61.1715 28.5000
v  72.7407 -61.4715 28.3000
v  72.7407 -136.5973 28.3000
v  72.7407 -136.5973 28.5000
v  72.7407 -61.4715 28.5000
v  77.4852 -136.5973 28.0000
v  77.4852 -61.4715 28.0000
v  79.1075 -61.4715 28.0000
v  79.1075 -136.5973 28.0000
v  77.4852 -136.5973 28.8000
v  79.1075 -136.5973 28.8000
v  79.1075 -61.4715 28.8000
v  77.4852 -61.4715 28.8000
v  77.4852 -136.8973 28.3000
v  79.1075 -136.8973 28.3000
v  79.1075 -136.8973 28.5000
v  77.4852 -136.8973 28.5000
v  79.4075 -136.5973 28.3000
v  79.4075 -61.4715 28.3000
v  79.4075 -61.4715 28.5000
v  79.4075 -136.5973 28.5000
v  79.1075 -61.1715 28.3000
v  77.4852 -61.1715 28.3000
v  77.4852 -61.1715 28.5000
v  79.1075 -61.1715 28.5000
v  77.1852 -61.4715 28.3000
v  77.1852 -136.5973 28.3000
v  77.1852 -136.5973 28.5000
v  77.1852 -61.4715 28.5000
v  81.9297 -136.5973 28.0000
v  81.9297 -61.4715 28.0000
v  83.5520 -61.4715 28.0000
v  83.5520 -136.5973 28.0000
v  81.9297 -136.5973 28.8000
v  83.5520 -136.5973 28.8000
v  83.5520 -61.4715 28.8000
v  81.9297 -61.4715 28.8000
v  81.9297 -136.8973 28.3000
v  83.5520 -136.8973 28.3000
v  83.5520 -136.8973 28.5000
v  81.9297 -136.8973 28.5000
v  83.8520 -136.5973 28.3000
v  83.8520 -61.4715 28.3000
v  83.8520 -61.4715 28.5000
v  83.8520 -136.5973 28.5000
v  83.5520 -61.1715 28.3000
v  81.9297 -61.1715 28.3000
v  81.9297 -61.1715 28.5000
v  83.5520 -61.1715 28.5000
v  81.6297 -61.4715 28.3000
v  81.6297 -136.5973 28.3000
v  81.6297 -136.5973 28.5000
v  81.6297 -61.4715 28.5000
v  86.3743 -136.5973 28.0000
v  86.3743 -61.4715 28.0000
v  87.9965 -61.4715 28.0000
v  87.9965 -136.5973 28.0000
v  86.3743 -136.5973 28.8000
v  87.9965 -136.5973 28.8000
v  87.9965 -61.4715 28.8000
v  86.3743 -61.4715 28.8000
v  86.3743 -136.8973 28.3000
v  87.9965 -136.8973 28.3000
v  87.9965 -136.8973 28.5000
v  86.3743 -136.8973 28.5000
v  88.2965 -136.5973 28.3000
v  88.2965 -61.4715 28.3000
v  88.2965 -61.4715 28.5000
v  88.2965 -136.5973 28.5000
v  87.9965 -61.1715 28.3000
v  86.3743 -61.1715 28.3000
v  86.3743 -61.1715 28.5000
v  87.9965 -61.1715 28.5000
v  86.0743 -61.4715 28.3000
v  86.0743 -136.5973 28.3000
v  86.0743 -136.5973 28.5000
v  86.0743 -61.4715 28.5000
v  90.8188 -136.5973 28.0000
v  90.8188 -61.4715 28.0000
v  92.4411 -61.4715 28.0000
v  92.4411 -136.5973 28.0000
v  90.8188 -136.5973 28.8000
v  92.4411 -136.5973 28.8000
v  92.4411 -61.4715 28.8000
v  90.8188 -61.4715 28.8000
v  90.8188 -136.8973 28.3000
v  92.4411 -136.8973 28.3000
v  92.4411 -136.8973 28.5000
v  90.8188 -136.8973 28.5000
v  92.7411 -136.5973 28.3000
v  92.7411 -61.4715 28.3000
v  92.7411 -61.4715 28.5000
v  92.7411 -136.5973 28.5000
v  92.4411 -61.1715 28.3000
v  90.8188 -61.1715 28.3000
v  90.8188 -61.1715 28.5000
v  92.4411 -61.1715 28.5000
v  90.5188 -61.4715 28.3000
v  90.5188 -136.5973 28.3000
v  90.5188 -136.5973 28.5000
v  90.5188 -61.4715 28.5000
v  95.2633 -136.5973 28.0000
v  95.2633 -61.4715 28.0000
v  96.8856 -61.4715 28.0000
v  96.8856 -136.5973 28.0000
v  95.2633 -136.5973 28.8000
v  96.8856 -136.5973 28.8000
v  96.8856 -61.4715 28.8000
v  95.2633 -61.4715 28.8000
v  95.2633 -136.8973 28.3000
v  96.8856 -136.8973 28.3000
v  96.8856 -136.8973 28.5000
v  95.2633 -136.8973 28.5000
v  97.1856 -136.5973 28.3000
v  97.1856 -61.4715 28.3000
v  97.1856 -61.4715 28.5000
v  97.1856 -136.5973 28.5000
v  96.8856 -61.1715 28.3000
v  95.2633 -61.1715 28.3000
v  95.2633 -61.1715 28.5000
v  96.8856 -61.1715 28.5000
v  94.9633 -61.4715 28.3000
v  94.9633 -136.5973 28.3000
v  94.9633 -136.5973 28.5000
v  94.9633 -61.4715 28.5000
v  99.7079 -136.5973 28.0000
v  99.7079 -61.4715 28.0000
v  101.3301 -61.4715 28.0000
v  101.3301 -136.5973 28.0000
v  99.7079 -136.5973 28.8000
v  101.3301 -136.5973 28.8000
v  101.3301 -61.4715 28.8000
v  99.7079 -61.4715 28.8000
v  99.7079 -136.8973 28.3000
v  101.3301 -136.8973 28.3000
v  101.3301 -136.8973 28.5000
v  99.7079 -136.8973 28.5000
v  101.6301 -136.5973 28.3000
v  101.6301 -61.4715 28.3000
v  101.6301 -61.4715 28.5000
v  101.6301 -136.5973 28.5000
v  101.3301 -61.1715 28.3000
v  99.7079 -61.1715 28.3000
v  99.7079 -61.1715 28.5000
v  101.3301 -61.1715 28.5000
v  99.4079 -61.4715 28.3000
v  99.4079 -136.5973 28.3000
v  99.4079 -136.5973 28.5000
v  99.4079 -61.4715 28.5000
v  104.1524 -136.5973 28.0000
v  104.1524 -61.4715 28.0000
v  105.7747 -61.4715 28.0000
v  105.7747 -136.5973 28.0000
v  104.1524 -136.5973 28.8000
v  105.7747 -136.5973 28.8000
v  105.7747 -61.4715 28.8000
v  104.1524 -61.4715 28.8000
v  104.1524 -136.8973 28.3000
v  105.7747 -136.8973 28.3000
v  105.7747 -136.8973 28.5000
v  104.1524 -136.8973 28.5000
v  106.0747 -136.5973 28.3000
v  106.0747 -61.4715 28.3000
v  106.0747 -61.4715 28.5000
v  106.0747 -136.5973 28.5000
v  105.7747 -61.1715 28.3000
v  104.1524 -61.1715 28.3000
v  104.1524 -61.1715 28.5000
v  105.7747 -61.1715 28.5000
v  103.8524 -61.4715 28.3000
v  103.8524 -136.5973 28.3000
v  103.8524 -136.5973 28.5000
v  103.8524 -61.4715 28.5000
v  108.5969 -136.5973 28.0000
v  108.5969 -61.4715 28.0000
v  110.2192 -61.4715 28.0000
v  110.2192 -136.5973 28.0000
v  108.5969 -136.5973 28.8000
v  110.2192 -136.5973 28.8000
v  110.2192 -61.4715 28.8000
v  108.5969 -61.4715 28.8000
v  108.5969 -136.8973 28.3000
v  110.2192 -136.8973 28.3000
v  110.2192 -136.8973 28.5000
v  108.5969 -136.8973 28.5000
v  110.5192 -136.5973 28.3000
v  110.5192 -61.4715 28.3000
v  110.5192 -61.4715 28.5000
v  110.5192 -136.5973 28.5000
v  110.2192 -61.1715 28.3000
v  108.5969 -61.1715 28.3000
v  108.5969 -61.1715 28.5000
v  110.2192 -61.1715 28.5000
v  108.2969 -61.4715 28.3000
v  108.2969 -136.5973 28.3000
v  108.2969 -136.5973 28.5000
v  108.2969 -61.4715 28.5000
v  113.0415 -136.5973 28.0000
v  113.0415 -61.4715 28.0000
v  114.6637 -61.4715 28.0000
v  114.6637 -136.5973 28.0000
v  113.0415 -136.5973 28.8000
v  114.6637 -136.5973 28.8000
v  114.6637 -61.4715 28.8000
v  113.0415 -61.4715 28.8000
v  113.0415 -136.8973 28.3000
v  114.6637 -136.8973 28.3000
v  114.6637 -136.8973 28.5000
v  113.0415 -136.8973 28.5000
v  114.9637 -136.5973 28.3000
v  114.9637 -61.4715 28.3000
v  114.9637 -61.4715 28.5000
v  114.9637 -136.5973 28.5000
v  114.6637 -61.1715 28.3000
v  113.0415 -61.1715 28.3000
v  113.0415 -61.1715 28.5000
v  114.6637 -61.1715 28.5000
v  112.7415 -61.4715 28.3000
v  112.7415 -136.5973 28.3000
v  112.7415 -136.5973 28.5000
v  112.7415 -61.4715 28.5000
v  58.6235 -60.5637 28.0000
v  115.8044 138.9660 28.0000
v  115.8020 -60.5637 28.0000
v  58.6235 -60.5637 28.8000
v  115.8020 -60.5637 28.8000
v  115.8044 138.9660 28.8000
v  58.6235 138.9660 28.8000
v  58.6235 -60.8637 28.3000
v  115.8020 -60.8637 28.3000
v  115.8020 -60.8637 28.5000
v  58.6235 -60.8637 28.5000
v  116.1020 -60.5637 28.3000
v  116.1044 138.9660 28.3000
v  116.1044 138.9660 28.5000
v  116.1020 -60.5637 28.5000
v  115.8044 139.2660 28.3000
v  58.6235 139.2660 28.3000
v  58.6235 139.2660 28.5000
v  115.8044 139.2660 28.5000
v  58.3235 138.9660 28.3000
v  58.3235 -60.5637 28.3000
v  58.3235 -60.5637 28.5000
v  58.3235 138.9660 28.5000
v  -58.9386 -46.0148 30.9000
v  -59.2270 -46.0222 30.9000
v  -59.2270 -46.0222 31.2000
v  -58.9386 -46.0148 31.2000
v  -59.6977 -46.0444 30.9000
v  -59.6977 -46.0444 31.2000
v  -60.1674 -46.0814 30.9000
v  -60.1674 -46.0814 31.2000
v  -60.6358 -46.1331 30.9000
v  -60.6358 -46.1331 31.2000
v  -61.1023 -46.1995 30.9000
v  -61.1023 -46.1995 31.2000
v  -61.5665 -46.2805 30.9000
v  -61.5665 -46.2805 31.2000
v  -62.0280 -46.3761 30.9000
v  -62.0280 -46.3761 31.2000
v  -62.4861 -46.4861 30.9000
v  -62.4861 -46.4861 31.2000
v  -62.9407 -46.6104 30.9000
v  -62.9407 -46.6104 31.2000
v  -63.3911 -46.7490 30.9000
v  -63.3911 -46.7490 31.2000
v  -63.8369 -46.9016 30.9000
v  -63.8369 -46.9016 31.2000
v  -64.2777 -47.0682 30.9000
v  -64.2777 -47.0682 31.2000
v  -64.7130 -47.2485 30.9000
v  -64.7130 -47.2485 31.2000
v  -65.1425 -47.4424 30.9000
v  -65.1425 -47.4424 31.2000
v  -65.5657 -47.6497 30.9000
v  -65.5657 -47.6497 31.2000
v  -65.9821 -47.8702 30.9000
v  -65.9821 -47.8702 31.2000
v  -66.3914 -48.1037 30.9000
v  -66.3914 -48.1037 31.2000
v  -66.7932 -48.3499 30.9000
v  -66.7932 -48.3499 31.2000
v  -67.1870 -48.6086 30.9000
v  -67.1870 -48.6086 31.2000
v  -67.5726 -48.8796 30.9000
v  -67.5726 -48.8796 31.2000
v  -67.9494 -49.1625 30.9000
v  -67.9494 -49.1625 31.2000
v  -68.3172 -49.4571 30.9000
v  -68.3172 -49.4571 31.2000
v  -68.6755 -49.7632 30.9000
v  -68.6755 -49.7632 31.2000
v  -69.0240 -50.0803 30.9000
v  -69.0240 -50.0803 31.2000
v  -69.3624 -50.4082 30.9000
v  -69.3624 -50.4082 31.2000
v  -69.6903 -50.7466 30.9000
v  -69.6903 -50.7466 31.2000
v  -70.0075 -51.0952 30.9000
v  -70.0075 -51.0952 31.2000
v  -70.3135 -51.4535 30.9000
v  -70.3135 -51.4535 31.2000
v  -70.6081 -51.8212 30.9000
v  -70.6081 -51.8212 31.2000
v  -70.8911 -52.1981 30.9000
v  -70.8911 -52.1981 31.2000
v  -71.1620 -52.5836 30.9000
v  -71.1620 -52.5836 31.2000
v  -71.4207 -52.9775 30.9000
v  -71.4207 -52.9775 31.2000
v  -71.6669 -53.3792 30.9000
v  -71.6669 -53.3792 31.2000
v  -71.9004 -53.7885 30.9000
v  -71.9004 -53.7885 31.2000
v  -72.1209 -54.2050 30.9000
v  -72.1209 -54.2050 31.2000
v  -72.3282 -54.6282 30.9000
v  -72.3282 -54.6282 31.2000
v  -72.5221 -55.0576 30.9000
v  -72.5221 -55.0576 31.2000
v  -72.7025 -55.4930 30.9000
v  -72.7025 -55.4930 31.2000
v  -72.8690 -55.9338 30.9000
v  -72.8690 -55.9338 31.2000
v  -73.0217 -56.3796 30.9000
v  -73.0217 -56.3796 31.2000
v  -73.1602 -56.8300 30.9000
v  -73.1602 -56.8300 31.2000
v  -73.2846 -57.2845 30.9000
v  -73.2846 -57.2845 31.2000
v  -73.3946 -57.7427 30.9000
v  -73.3946 -57.7427 31.2000
v  -73.4901 -58.2041 30.9000
v  -73.4901 -58.2041 31.2000
v  -73.5711 -58.6683 30.9000
v  -73.5711 -58.6683 31.2000
v  -73.6375 -59.1349 30.9000
v  -73.6375 -59.1349 31.2000
v  -73.6892 -59.6032 30.9000
v  -73.6892 -59.6032 31.2000
v  -73.7262 -60.0730 30.9000
v  -73.7262 -60.0730 31.2000
v  -73.7484 -60.5437 30.9000
v  -73.7484 -60.5437 31.2000
v  -73.7558 -61.0149 30.9000
v  -73.7558 -61.0149 31.2000
v  -73.7484 -61.4860 30.9000
v  -73.7484 -61.4860 31.2000
v  -73.7262 -61.9567 30.9000
v  -73.7262 -61.9567 31.2000
v  -73.6892 -62.4265 30.9000
v  -73.6892 -62.4265 31.2000
v  -73.6375 -62.8949 30.9000
v  -73.6375 -62.8949 31.2000
v  -73.5711 -63.3614 30.9000
v  -73.5711 -63.3614 31.2000
v  -73.4901 -63.8256 30.9000
v  -73.4901 -63.8256 31.2000
v  -73.3946 -64.2870 30.9000
v  -73.3946 -64.2870 31.2000
v  -73.2845 -64.7452 30.9000
v  -73.2845 -64.7452 31.2000
v  -73.1602 -65.1997 30.9000
v  -73.1602 -65.1997 31.2000
v  -73.0217 -65.6501 30.9000
v  -73.0217 -65.6501 31.2000
v  -72.8690 -66.0959 30.9000
v  -72.8690 -66.0959 31.2000
v  -72.7024 -66.5367 30.9000
v  -72.7024 -66.5367 31.2000
v  -72.5221 -66.9721 30.9000
v  -72.5221 -66.9721 31.2000
v  -72.3282 -67.4016 30.9000
v  -72.3282 -67.4016 31.2000
v  -72.1209 -67.8247 30.9000
v  -72.1209 -67.8247 31.2000
v  -71.9004 -68.2412 30.9000
v  -71.9004 -68.2412 31.2000
v  -71.6669 -68.6505 30.9000
v  -71.6669 -68.6505 31.2000
v  -71.4207 -69.0523 30.9000
v  -71.4207 -69.0523 31.2000
v  -71.1620 -69.4461 30.9000
v  -71.1620 -69.4461 31.2000
v  -70.8911 -69.8316 30.9000
v  -70.8911 -69.8316 31.2000
v  -70.6081 -70.2085 30.9000
v  -70.6081 -70.2085 31.2000
v  -70.3135 -70.5762 30.9000
v  -70.3135 -70.5762 31.2000
v  -70.0075 -70.9345 30.9000
v  -70.0075 -70.9345 31.2000
v  -69.6903 -71.2831 30.9000
v  -69.6903 -71.2831 31.2000
v  -69.3624 -71.6215 30.9000
v  -69.3624 -71.6215 31.2000
v  -69.0240 -71.9494 30.9000
v  -69.0240 -71.9494 31.2000
v  -68.6755 -72.2665 30.9000
v  -68.6755 -72.2665 31.2000
v  -68.3172 -72.5726 30.9000
v  -68.3172 -72.5726 31.2000
v  -67.9494 -72.8672 30.9000
v  -67.9494 -72.8672 31.2000
v  -67.5726 -73.1501 30.9000
v  -67.5726 -73.1501 31.2000
v  -67.1870 -73.4211 30.9000
v  -67.1870 -73.4211 31.2000
v  -66.7932 -73.6798 30.9000
v  -66.7932 -73.6798 31.2000
v  -66.3914 -73.9260 30.9000
v  -66.3914 -73.9260 31.2000
v  -65.9821 -74.1595 30.9000
v  -65.9821 -74.1595 31.2000
v  -65.5656 -74.3800 30.9000
v  -65.5656 -74.3800 31.2000
v  -65.1425 -74.5873 30.9000
v  -65.1425 -74.5873 31.2000
v  -64.7130 -74.7812 30.9000
v  -64.7130 -74.7812 31.2000
v  -64.2776 -74.9615 30.9000
v  -64.2776 -74.9615 31.2000
v  -63.8369 -75.1281 30.9000
v  -63.8369 -75.1281 31.2000
v  -63.3910 -75.2807 30.9000
v  -63.3910 -75.2807 31.2000
v  -62.9406 -75.4193 30.9000
v  -62.9406 -75.4193 31.2000
v  -62.4861 -75.5436 30.9000
v  -62.4861 -75.5436 31.2000
v  -62.0279 -75.6536 30.9000
v  -62.0279 -75.6536 31.2000
v  -61.5665 -75.7492 30.9000
v  -61.5665 -75.7492 31.2000
v  -61.1023 -75.8302 30.9000
v  -61.1023 -75.8302 31.2000
v  -60.6358 -75.8966 30.9000
v  -60.6358 -75.8966 31.2000
v  -60.1674 -75.9483 30.9000
v  -60.1674 -75.9483 31.2000
v  -59.6977 -75.9852 30.9000
v  -59.6977 -75.9852 31.2000
v  -59.2269 -76.0074 30.9000
v  -59.2269 -76.0074 31.2000
v  -58.9386 -76.0148 30.9000
v  -58.9386 -76.0148 31.2000
v  -59.2238 -46.1222 30.8000
v  -58.9386 -46.1148 30.8000
v  -58.9386 -53.5148 30.8000
v  -58.9914 -53.5185 30.8000
v  -59.6914 -46.1442 30.8000
v  -59.2267 -53.5296 30.8000
v  -60.1580 -46.1810 30.8000
v  -59.4616 -53.5481 30.8000
v  -60.6233 -46.2323 30.8000
v  -59.6958 -53.5740 30.8000
v  -61.0867 -46.2983 30.8000
v  -59.9291 -53.6072 30.8000
v  -61.5478 -46.3788 30.8000
v  -60.1612 -53.6477 30.8000
v  -62.0061 -46.4737 30.8000
v  -60.3919 -53.6955 30.8000
v  -62.4613 -46.5830 30.8000
v  -60.6210 -53.7505 30.8000
v  -62.9128 -46.7065 30.8000
v  -60.8482 -53.8126 30.8000
v  -63.3602 -46.8441 30.8000
v  -61.0734 -53.8819 30.8000
v  -63.8030 -46.9957 30.8000
v  -61.2963 -53.9582 30.8000
v  -64.2409 -47.1612 30.8000
v  -61.5167 -54.0415 30.8000
v  -64.6733 -47.3403 30.8000
v  -61.7344 -54.1317 30.8000
v  -65.0999 -47.5329 30.8000
v  -61.9492 -54.2286 30.8000
v  -65.5203 -47.7388 30.8000
v  -62.1607 -54.3323 30.8000
v  -65.9340 -47.9579 30.8000
v  -62.3690 -54.4425 30.8000
v  -66.3405 -48.1898 30.8000
v  -62.5736 -54.5593 30.8000
v  -66.7397 -48.4344 30.8000
v  -62.7745 -54.6824 30.8000
v  -67.1309 -48.6913 30.8000
v  -62.9714 -54.8117 30.8000
v  -67.5138 -48.9605 30.8000
v  -63.1642 -54.9472 30.8000
v  -67.8881 -49.2415 30.8000
v  -63.3526 -55.0887 30.8000
v  -68.2534 -49.5342 30.8000
v  -63.5365 -55.2360 30.8000
v  -68.6094 -49.8382 30.8000
v  -63.7156 -55.3890 30.8000
v  -68.9556 -50.1532 30.8000
v  -63.8899 -55.5476 30.8000
v  -69.2917 -50.4790 30.8000
v  -64.0591 -55.7115 30.8000
v  -69.6175 -50.8151 30.8000
v  -64.2231 -55.8807 30.8000
v  -69.9325 -51.1613 30.8000
v  -64.3816 -56.0550 30.8000
v  -70.2365 -51.5172 30.8000
v  -64.5347 -56.2342 30.8000
v  -70.5291 -51.8825 30.8000
v  -64.6820 -56.4180 30.8000
v  -70.8102 -52.2569 30.8000
v  -64.8234 -56.6065 30.8000
v  -71.0793 -52.6398 30.8000
v  -64.9589 -56.7992 30.8000
v  -71.3363 -53.0310 30.8000
v  -65.0883 -56.9961 30.8000
v  -71.5809 -53.4301 30.8000
v  -65.2114 -57.1970 30.8000
v  -71.8128 -53.8367 30.8000
v  -65.3281 -57.4017 30.8000
v  -72.0318 -54.2504 30.8000
v  -65.4383 -57.6099 30.8000
v  -72.2377 -54.6707 30.8000
v  -65.5420 -57.8215 30.8000
v  -72.4304 -55.0973 30.8000
v  -65.6390 -58.0362 30.8000
v  -72.6095 -55.5298 30.8000
v  -65.7291 -58.2539 30.8000
v  -72.7749 -55.9677 30.8000
v  -65.8124 -58.4743 30.8000
v  -72.9266 -56.4105 30.8000
v  -65.8887 -58.6972 30.8000
v  -73.0642 -56.8579 30.8000
v  -65.9580 -58.9224 30.8000
v  -73.1877 -57.3094 30.8000
v  -66.0202 -59.1497 30.8000
v  -73.2970 -57.7645 30.8000
v  -66.0752 -59.3788 30.8000
v  -73.3919 -58.2229 30.8000
v  -66.1230 -59.6095 30.8000
v  -73.4724 -58.6840 30.8000
v  -66.1635 -59.8416 30.8000
v  -73.5383 -59.1474 30.8000
v  -66.1967 -60.0748 30.8000
v  -73.5897 -59.6126 30.8000
v  -66.2225 -60.3090 30.8000
v  -73.6264 -60.0793 30.8000
v  -66.2410 -60.5439 30.8000
v  -73.6485 -60.5468 30.8000
v  -66.2521 -60.7793 30.8000
v  -73.6558 -61.0149 30.8000
v  -66.2558 -61.0149 30.8000
v  -73.6485 -61.4829 30.8000
v  -66.2521 -61.2504 30.8000
v  -73.6264 -61.9504 30.8000
v  -66.2410 -61.4858 30.8000
v  -73.5897 -62.4171 30.8000
v  -66.2225 -61.7207 30.8000
v  -73.5383 -62.8823 30.8000
v  -66.1967 -61.9548 30.8000
v  -73.4724 -63.3457 30.8000
v  -66.1635 -62.1881 30.8000
v  -73.3919 -63.8068 30.8000
v  -66.1230 -62.4202 30.8000
v  -73.2970 -64.2652 30.8000
v  -66.0752 -62.6509 30.8000
v  -73.1877 -64.7203 30.8000
v  -66.0202 -62.8800 30.8000
v  -73.0642 -65.1718 30.8000
v  -65.9580 -63.1073 30.8000
v  -72.9265 -65.6192 30.8000
v  -65.8887 -63.3325 30.8000
v  -72.7749 -66.0620 30.8000
v  -65.8124 -63.5554 30.8000
v  -72.6095 -66.4999 30.8000
v  -65.7291 -63.7758 30.8000
v  -72.4304 -66.9324 30.8000
v  -65.6390 -63.9935 30.8000
v  -72.2377 -67.3590 30.8000
v  -65.5420 -64.2082 30.8000
v  -72.0318 -67.7793 30.8000
v  -65.4383 -64.4198 30.8000
v  -71.8128 -68.1930 30.8000
v  -65.3281 -64.6280 30.8000
v  -71.5809 -68.5996 30.8000
v  -65.2114 -64.8327 30.8000
v  -71.3363 -68.9987 30.8000
v  -65.0882 -65.0336 30.8000
v  -71.0793 -69.3899 30.8000
v  -64.9589 -65.2305 30.8000
v  -70.8102 -69.7729 30.8000
v  -64.8234 -65.4232 30.8000
v  -70.5291 -70.1472 30.8000
v  -64.6820 -65.6117 30.8000
v  -70.2364 -70.5125 30.8000
v  -64.5346 -65.7955 30.8000
v  -69.9324 -70.8684 30.8000
v  -64.3816 -65.9747 30.8000
v  -69.6174 -71.2146 30.8000
v  -64.2231 -66.1490 30.8000
v  -69.2917 -71.5508 30.8000
v  -64.0591 -66.3182 30.8000
v  -68.9555 -71.8765 30.8000
v  -63.8899 -66.4821 30.8000
v  -68.6094 -72.1915 30.8000
v  -63.7156 -66.6407 30.8000
v  -68.2534 -72.4955 30.8000
v  -63.5365 -66.7937 30.8000
v  -67.8881 -72.7882 30.8000
v  -63.3526 -66.9410 30.8000
v  -67.5138 -73.0692 30.8000
v  -63.1642 -67.0825 30.8000
v  -67.1308 -73.3384 30.8000
v  -62.9714 -67.2179 30.8000
v  -66.7396 -73.5953 30.8000
v  -62.7745 -67.3473 30.8000
v  -66.3405 -73.8399 30.8000
v  -62.5736 -67.4704 30.8000
v  -65.9339 -74.0718 30.8000
v  -62.3689 -67.5872 30.8000
v  -65.5203 -74.2909 30.8000
v  -62.1607 -67.6974 30.8000
v  -65.0999 -74.4968 30.8000
v  -61.9491 -67.8011 30.8000
v  -64.6733 -74.6894 30.8000
v  -61.7344 -67.8980 30.8000
v  -64.2408 -74.8685 30.8000
v  -61.5167 -67.9882 30.8000
v  -63.8030 -75.0340 30.8000
v  -61.2963 -68.0715 30.8000
v  -63.3601 -75.1856 30.8000
v  -61.0734 -68.1478 30.8000
v  -62.9128 -75.3232 30.8000
v  -60.8482 -68.2170 30.8000
v  -62.4613 -75.4467 30.8000
v  -60.6210 -68.2792 30.8000
v  -62.0061 -75.5560 30.8000
v  -60.3919 -68.3342 30.8000
v  -61.5478 -75.6509 30.8000
v  -60.1612 -68.3820 30.8000
v  -61.0867 -75.7314 30.8000
v  -59.9290 -68.4225 30.8000
v  -60.6233 -75.7974 30.8000
v  -59.6958 -68.4557 30.8000
v  -60.1580 -75.8487 30.8000
v  -59.4616 -68.4816 30.8000
v  -59.6914 -75.8854 30.8000
v  -59.2267 -68.5000 30.8000
v  -59.2238 -75.9075 30.8000
v  -58.9914 -68.5111 30.8000
v  -58.9386 -75.9148 30.8000
v  -58.9386 -68.5148 30.8000
v  -58.9386 -61.0148 30.8000
v  -58.9386 -46.1148 31.3000
v  -59.2238 -46.1222 31.3000
v  -58.9914 -53.5185 31.3000
v  -58.9386 -53.5148 31.3000
v  -59.6914 -46.1442 31.3000
v  -59.2267 -53.5296 31.3000
v  -60.1580 -46.1810 31.3000
v  -59.4616 -53.5481 31.3000
v  -60.6233 -46.2323 31.3000
v  -59.6958 -53.5740 31.3000
v  -61.0867 -46.2983 31.3000
v  -59.9291 -53.6072 31.3000
v  -61.5478 -46.3788 31.3000
v  -60.1612 -53.6477 31.3000
v  -62.0061 -46.4737 31.3000
v  -60.3919 -53.6955 31.3000
v  -62.4613 -46.5830 31.3000
v  -60.6210 -53.7505 31.3000
v  -62.9128 -46.7065 31.3000
v  -60.8482 -53.8126 31.3000
v  -63.3602 -46.8441 31.3000
v  -61.0734 -53.8819 31.3000
v  -63.8030 -46.9957 31.3000
v  -61.2963 -53.9582 31.3000
v  -64.2409 -47.1612 31.3000
v  -61.5167 -54.0415 31.3000
v  -64.6733 -47.3403 31.3000
v  -61.7344 -54.1317 31.3000
v  -65.0999 -47.5329 31.3000
v  -61.9492 -54.2286 31.3000
v  -65.5203 -47.7388 31.3000
v  -62.1607 -54.3323 31.3000
v  -65.9340 -47.9579 31.3000
v  -62.3690 -54.4425 31.3000
v  -66.3405 -48.1898 31.3000
v  -62.5736 -54.5593 31.3000
v  -66.7397 -48.4344 31.3000
v  -62.7745 -54.6824 31.3000
v  -67.1309 -48.6913 31.3000
v  -62.9714 -54.8117 31.3000
v  -67.5138 -48.9605 31.3000
v  -63.1642 -54.9472 31.3000
v  -67.8881 -49.2415 31.3000
v  -63.3526 -55.0887 31.3000
v  -68.2534 -49.5342 31.3000
v  -63.5365 -55.2360 31.3000
v  -68.6094 -49.8382 31.3000
v  -63.7156 -55.3890 31.3000
v  -68.9556 -50.1532 31.3000
v  -63.8899 -55.5476 31.3000
v  -69.2917 -50.4790 31.3000
v  -64.0591 -55.7115 31.3000
v  -69.6175 -50.8151 31.3000
v  -64.2231 -55.8807 31.3000
v  -69.9325 -51.1613 31.3000
v  -64.3816 -56.0550 31.3000
v  -70.2365 -51.5172 31.3000
v  -64.5347 -56.2342 31.3000
v  -70.5291 -51.8825 31.3000
v  -64.6820 -56.4180 31.3000
v  -70.8102 -52.2569 31.3000
v  -64.8234 -56.6065 31.3000
v  -71.0793 -52.6398 31.3000
v  -64.9589 -56.7992 31.3000
v  -71.3363 -53.0310 31.3000
v  -65.0883 -56.9961 31.3000
v  -71.5809 -53.4301 31.3000
v  -65.2114 -57.1970 31.3000
v  -71.8128 -53.8367 31.3000
v  -65.3281 -57.4017 31.3000
v  -72.0318 -54.2504 31.3000
v  -65.4383 -57.6099 31.3000
v  -72.2377 -54.6707 31.3000
v  -65.5420 -57.8215 31.3000
v  -72.4304 -55.0973 31.3000
v  -65.6390 -58.0362 31.3000
v  -72.6095 -55.5298 31.3000
v  -65.7291 -58.2539 31.3000
v  -72.7749 -55.9677 31.3000
v  -65.8124 -58.4743 31.3000
v  -72.9266 -56.4105 31.3000
v  -65.8887 -58.6972 31.3000
v  -73.0642 -56.8579 31.3000
v  -65.9580 -58.9224 31.3000
v  -73.1877 -57.3094 31.3000
v  -66.0202 -59.1497 31.3000
v  -73.2970 -57.7645 31.3000
v  -66.0752 -59.3788 31.3000
v  -73.3919 -58.2229 31.3000
v  -66.1230 -59.6095 31.3000
v  -73.4724 -58.6840 31.3000
v  -66.1635 -59.8416 31.3000
v  -73.5383 -59.1474 31.3000
v  -66.1967 -60.0748 31.3000
v  -73.5897 -59.6126 31.3000
v  -66.2225 -60.3090 31.3000
v  -73.6264 -60.0793 31.3000
v  -66.2410 -60.5439 31.3000
v  -73.6485 -60.5468 31.3000
v  -66.2521 -60.7793 31.3000
v  -73.6558 -61.0149 31.3000
v  -66.2558 -61.0149 31.3000
v  -73.6485 -61.4829 31.3000
v  -66.2521 -61.2504 31.3000
v  -73.6264 -61.9504 31.3000
v  -66.2410 -61.4858 31.3000
v  -73.5897 -62.4171 31.3000
v  -66.2225 -61.7207 31.3000
v  -73.5383 -62.8823 31.3000
v  -66.1967 -61.9548 31.3000
v  -73.4724 -63.3457 31.3000
v  -66.1635 -62.1881 31.3000
v  -73.3919 -63.8068 31.3000
v  -66.1230 -62.4202 31.3000
v  -73.2970 -64.2652 31.3000
v  -66.0752 -62.6509 31.3000
v  -73.1877 -64.7203 31.3000
v  -66.0202 -62.8800 31.3000
v  -73.0642 -65.1718 31.3000
v  -65.9580 -63.1073 31.3000
v  -72.9265 -65.6192 31.3000
v  -65.8887 -63.3325 31.3000
v  -72.7749 -66.0620 31.3000
v  -65.8124 -63.5554 31.3000
v  -72.6095 -66.4999 31.3000
v  -65.7291 -63.7758 31.3000
v  -72.4304 -66.9324 31.3000
v  -65.6390 -63.9935 31.3000
v  -72.2377 -67.3590 31.3000
v  -65.5420 -64.2082 31.3000
v  -72.0318 -67.7793 31.3000
v  -65.4383 -64.4198 31.3000
v  -71.8128 -68.1930 31.3000
v  -65.3281 -64.6280 31.3000
v  -71.5809 -68.5996 31.3000
v  -65.2114 -64.8327 31.3000
v  -71.3363 -68.9987 31.3000
v  -65.0882 -65.0336 31.3000
v  -71.0793 -69.3899 31.3000
v  -64.9589 -65.2305 31.3000
v  -70.8102 -69.7729 31.3000
v  -64.8234 -65.4232 31.3000
v  -70.5291 -70.1472 31.3000
v  -64.6820 -65.6117 31.3000
v  -70.2364 -70.5125 31.3000
v  -64.5346 -65.7955 31.3000
v  -69.9324 -70.8684 31.3000
v  -64.3816 -65.9747 31.3000
v  -69.6174 -71.2146 31.3000
v  -64.2231 -66.1490 31.3000
v  -69.2917 -71.5508 31.3000
v  -64.0591 -66.3182 31.3000
v  -68.9555 -71.8765 31.3000
v  -63.8899 -66.4821 31.3000
v  -68.6094 -72.1915 31.3000
v  -63.7156 -66.6407 31.3000
v  -68.2534 -72.4955 31.3000
v  -63.5365 -66.7937 31.3000
v  -67.8881 -72.7882 31.3000
v  -63.3526 -66.9410 31.3000
v  -67.5138 -73.0692 31.3000
v  -63.1642 -67.0825 31.3000
v  -67.1308 -73.3384 31.3000
v  -62.9714 -67.2179 31.3000
v  -66.7396 -73.5953 31.3000
v  -62.7745 -67.3473 31.3000
v  -66.3405 -73.8399 31.3000
v  -62.5736 -67.4704 31.3000
v  -65.9339 -74.0718 31.3000
v  -62.3689 -67.5872 31.3000
v  -65.5203 -74.2909 31.3000
v  -62.1607 -67.6974 31.3000
v  -65.0999 -74.4968 31.3000
v  -61.9491 -67.8011 31.3000
v  -64.6733 -74.6894 31.3000
v  -61.7344 -67.8980 31.3000
v  -64.2408 -74.8685 31.3000
v  -61.5167 -67.9882 31.3000
v  -63.8030 -75.0340 31.3000
v  -61.2963 -68.0715 31.3000
v  -63.3601 -75.1856 31.3000
v  -61.0734 -68.1478 31.3000
v  -62.9128 -75.3232 31.3000
v  -60.8482 -68.2170 31.3000
v  -62.4613 -75.4467 31.3000
v  -60.6210 -68.2792 31.3000
v  -62.0061 -75.5560 31.3000
v  -60.3919 -68.3342 31.3000
v  -61.5478 -75.6509 31.3000
v  -60.1612 -68.3820 31.3000
v  -61.0867 -75.7314 31.3000
v  -59.9290 -68.4225 31.3000
v  -60.6233 -75.7974 31.3000
v  -59.6958 -68.4557 31.3000
v  -60.1580 -75.8487 31.3000
v  -59.4616 -68.4816 31.3000
v  -59.6914 -75.8854 31.3000
v  -59.2267 -68.5000 31.3000
v  -59.2238 -75.9075 31.3000
v  -58.9914 -68.5111 31.3000
v  -58.9386 -75.9148 31.3000
v  -58.9386 -68.5148 31.3000
v  -58.9386 -61.0148 31.3000
v  -58.6558 -68.5148 31.2000
v  -58.6558 -75.9148 31.2000
v  -58.6558 -75.9148 30.8000
v  -58.6558 -68.5148 30.8000
v  -58.6558 -61.0148 31.2000
v  -58.6558 -61.0148 30.8000
v  -58.6558 -53.5148 31.2000
v  -58.6558 -53.5148 30.8000
v  -58.6558 -46.1148 31.2000
v  -58.6558 -46.1148 30.8000
v  -58.8386 -46.0148 30.8000
v  -58.7558 -46.0148 31.2000
v  -58.7558 -46.0148 30.8000
v  -58.7558 -53.5148 31.3000
v  -58.7558 -46.1148 31.3000
v  -58.7558 -61.0148 31.3000
v  -58.7558 -68.5148 31.3000
v  -58.7558 -75.9148 31.3000
v  -58.8386 -76.0148 30.8000
v  -58.7558 -76.0148 30.8000
v  -58.7558 -76.0148 31.2000
v  -58.8386 -76.0148 28.8000
v  -58.9386 -75.9148 28.8000
v  -58.9386 -68.5148 28.8000
v  -58.6558 -68.5148 28.8000
v  -58.6558 -75.9148 28.8000
v  -58.7558 -76.0148 28.8000
v  -58.9386 -61.0148 28.8000
v  -58.6558 -61.0148 28.8000
v  -58.9386 -53.5148 28.8000
v  -58.6558 -53.5148 28.8000
v  -58.9386 -46.1148 28.8000
v  -58.8386 -46.0148 28.8000
v  -58.7558 -46.0148 28.8000
v  -58.6558 -46.1148 28.8000
v  -57.3859 -46.0148 30.9000
v  -57.3859 -46.0148 31.2000
v  -57.0975 -46.0222 31.2000
v  -57.0975 -46.0222 30.9000
v  -56.6268 -46.0444 31.2000
v  -56.6268 -46.0444 30.9000
v  -56.1571 -46.0814 31.2000
v  -56.1571 -46.0814 30.9000
v  -55.6887 -46.1331 31.2000
v  -55.6887 -46.1331 30.9000
v  -55.2222 -46.1995 31.2000
v  -55.2222 -46.1995 30.9000
v  -54.7580 -46.2805 31.2000
v  -54.7580 -46.2805 30.9000
v  -54.2965 -46.3761 31.2000
v  -54.2965 -46.3761 30.9000
v  -53.8383 -46.4861 31.2000
v  -53.8383 -46.4861 30.9000
v  -53.3838 -46.6104 31.2000
v  -53.3838 -46.6104 30.9000
v  -52.9335 -46.7490 31.2000
v  -52.9335 -46.7490 30.9000
v  -52.4876 -46.9016 31.2000
v  -52.4876 -46.9016 30.9000
v  -52.0468 -47.0682 31.2000
v  -52.0468 -47.0682 30.9000
v  -51.6115 -47.2485 31.2000
v  -51.6115 -47.2485 30.9000
v  -51.1820 -47.4424 31.2000
v  -51.1820 -47.4424 30.9000
v  -50.7588 -47.6497 31.2000
v  -50.7588 -47.6497 30.9000
v  -50.3424 -47.8702 31.2000
v  -50.3424 -47.8702 30.9000
v  -49.9331 -48.1037 31.2000
v  -49.9331 -48.1037 30.9000
v  -49.5313 -48.3499 31.2000
v  -49.5313 -48.3499 30.9000
v  -49.1375 -48.6086 31.2000
v  -49.1375 -48.6086 30.9000
v  -48.7519 -48.8796 31.2000
v  -48.7519 -48.8796 30.9000
v  -48.3751 -49.1625 31.2000
v  -48.3751 -49.1625 30.9000
v  -48.0073 -49.4571 31.2000
v  -48.0073 -49.4571 30.9000
v  -47.6490 -49.7632 31.2000
v  -47.6490 -49.7632 30.9000
v  -47.3005 -50.0803 31.2000
v  -47.3005 -50.0803 30.9000
v  -46.9621 -50.4082 31.2000
v  -46.9621 -50.4082 30.9000
v  -46.6341 -50.7466 31.2000
v  -46.6341 -50.7466 30.9000
v  -46.3170 -51.0952 31.2000
v  -46.3170 -51.0952 30.9000
v  -46.0110 -51.4535 31.2000
v  -46.0110 -51.4535 30.9000
v  -45.7164 -51.8212 31.2000
v  -45.7164 -51.8212 30.9000
v  -45.4334 -52.1981 31.2000
v  -45.4334 -52.1981 30.9000
v  -45.1625 -52.5836 31.2000
v  -45.1625 -52.5836 30.9000
v  -44.9038 -52.9775 31.2000
v  -44.9038 -52.9775 30.9000
v  -44.6576 -53.3792 31.2000
v  -44.6576 -53.3792 30.9000
v  -44.4241 -53.7885 31.2000
v  -44.4241 -53.7885 30.9000
v  -44.2036 -54.2050 31.2000
v  -44.2036 -54.2050 30.9000
v  -43.9963 -54.6282 31.2001
v  -43.9963 -54.6282 30.9000
v  -43.8024 -55.0576 31.2001
v  -43.8024 -55.0576 30.9000
v  -43.6220 -55.4930 31.2001
v  -43.6220 -55.4930 30.9000
v  -43.4555 -55.9338 31.2001
v  -43.4555 -55.9338 30.9000
v  -43.3028 -56.3796 31.2001
v  -43.3028 -56.3796 30.9000
v  -43.1643 -56.8300 31.2001
v  -43.1643 -56.8300 30.9000
v  -43.0399 -57.2845 31.2001
v  -43.0399 -57.2845 30.9000
v  -42.9300 -57.7427 31.2001
v  -42.9300 -57.7427 30.9000
v  -42.8344 -58.2041 31.2001
v  -42.8344 -58.2041 30.9000
v  -42.7534 -58.6683 31.2001
v  -42.7534 -58.6683 30.9000
v  -42.6870 -59.1349 31.2001
v  -42.6870 -59.1349 30.9000
v  -42.6353 -59.6032 31.2001
v  -42.6353 -59.6032 30.9000
v  -42.5983 -60.0730 31.2001
v  -42.5983 -60.0730 30.9000
v  -42.5761 -60.5437 31.2001
v  -42.5761 -60.5437 30.9000
v  -42.5687 -61.0149 31.2001
v  -42.5687 -61.0149 30.9000
v  -42.5761 -61.4860 31.2001
v  -42.5761 -61.4860 30.9000
v  -42.5983 -61.9567 31.2001
v  -42.5983 -61.9567 30.9000
v  -42.6353 -62.4265 31.2001
v  -42.6353 -62.4265 30.9000
v  -42.6870 -62.8949 31.2001
v  -42.6870 -62.8949 30.9000
v  -42.7534 -63.3614 31.2001
v  -42.7534 -63.3614 30.9000
v  -42.8344 -63.8256 31.2001
v  -42.8344 -63.8256 30.9000
v  -42.9300 -64.2870 31.2001
v  -42.9300 -64.2870 30.9000
v  -43.0400 -64.7452 31.2001
v  -43.0400 -64.7452 30.9000
v  -43.1643 -65.1997 31.2001
v  -43.1643 -65.1997 30.9000
v  -43.3028 -65.6501 31.2001
v  -43.3028 -65.6501 30.9000
v  -43.4555 -66.0959 31.2001
v  -43.4555 -66.0959 30.9000
v  -43.6221 -66.5367 31.2001
v  -43.6221 -66.5367 30.9000
v  -43.8024 -66.9721 31.2001
v  -43.8024 -66.9721 30.9000
v  -43.9963 -67.4016 31.2001
v  -43.9963 -67.4016 30.9000
v  -44.2036 -67.8247 31.2000
v  -44.2036 -67.8247 30.9000
v  -44.4241 -68.2412 31.2000
v  -44.4241 -68.2412 30.9000
v  -44.6576 -68.6505 31.2000
v  -44.6576 -68.6505 30.9000
v  -44.9038 -69.0523 31.2000
v  -44.9038 -69.0523 30.9000
v  -45.1625 -69.4461 31.2000
v  -45.1625 -69.4461 30.9000
v  -45.4334 -69.8316 31.2000
v  -45.4334 -69.8316 30.9000
v  -45.7164 -70.2085 31.2000
v  -45.7164 -70.2085 30.9000
v  -46.0110 -70.5762 31.2000
v  -46.0110 -70.5762 30.9000
v  -46.3170 -70.9345 31.2000
v  -46.3170 -70.9345 30.9000
v  -46.6342 -71.2831 31.2000
v  -46.6342 -71.2831 30.9000
v  -46.9621 -71.6215 31.2000
v  -46.9621 -71.6215 30.9000
v  -47.3005 -71.9494 31.2000
v  -47.3005 -71.9494 30.9000
v  -47.6490 -72.2665 31.2000
v  -47.6490 -72.2665 30.9000
v  -48.0073 -72.5726 31.2000
v  -48.0073 -72.5726 30.9000
v  -48.3751 -72.8672 31.2000
v  -48.3751 -72.8672 30.9000
v  -48.7519 -73.1501 31.2000
v  -48.7519 -73.1501 30.9000
v  -49.1375 -73.4211 31.2000
v  -49.1375 -73.4211 30.9000
v  -49.5313 -73.6798 31.2000
v  -49.5313 -73.6798 30.9000
v  -49.9331 -73.9260 31.2000
v  -49.9331 -73.9260 30.9000
v  -50.3424 -74.1595 31.2000
v  -50.3424 -74.1595 30.9000
v  -50.7589 -74.3800 31.2000
v  -50.7589 -74.3800 30.9000
v  -51.1820 -74.5873 31.2000
v  -51.1820 -74.5873 30.9000
v  -51.6115 -74.7812 31.2000
v  -51.6115 -74.7812 30.9000
v  -52.0468 -74.9615 31.2000
v  -52.0468 -74.9615 30.9000
v  -52.4876 -75.1281 31.2000
v  -52.4876 -75.1281 30.9000
v  -52.9335 -75.2807 31.2000
v  -52.9335 -75.2807 30.9000
v  -53.3839 -75.4193 31.2000
v  -53.3839 -75.4193 30.9000
v  -53.8384 -75.5436 31.2000
v  -53.8384 -75.5436 30.9000
v  -54.2966 -75.6536 31.2000
v  -54.2966 -75.6536 30.9000
v  -54.7580 -75.7492 31.2000
v  -54.7580 -75.7492 30.9000
v  -55.2222 -75.8302 31.2000
v  -55.2222 -75.8302 30.9000
v  -55.6887 -75.8966 31.2000
v  -55.6887 -75.8966 30.9000
v  -56.1571 -75.9483 31.2000
v  -56.1571 -75.9483 30.9000
v  -56.6268 -75.9852 31.2000
v  -56.6268 -75.9852 30.9000
v  -57.0976 -76.0074 31.2000
v  -57.0976 -76.0074 30.9000
v  -57.3859 -76.0148 31.2000
v  -57.3859 -76.0148 30.9000
v  -57.1007 -46.1222 30.8000
v  -57.3331 -53.5185 30.8000
v  -57.3859 -53.5148 30.8000
v  -57.3859 -46.1148 30.8000
v  -56.6331 -46.1442 30.8000
v  -57.0978 -53.5296 30.8000
v  -56.1665 -46.1810 30.8000
v  -56.8629 -53.5481 30.8000
v  -55.7012 -46.2323 30.8000
v  -56.6287 -53.5740 30.8000
v  -55.2378 -46.2983 30.8000
v  -56.3954 -53.6072 30.8000
v  -54.7767 -46.3788 30.8000
v  -56.1633 -53.6477 30.8000
v  -54.3184 -46.4737 30.8000
v  -55.9326 -53.6955 30.8000
v  -53.8632 -46.5830 30.8000
v  -55.7035 -53.7505 30.8000
v  -53.4117 -46.7065 30.8000
v  -55.4763 -53.8126 30.8000
v  -52.9643 -46.8441 30.8000
v  -55.2511 -53.8819 30.8000
v  -52.5215 -46.9957 30.8000
v  -55.0282 -53.9582 30.8000
v  -52.0836 -47.1612 30.8000
v  -54.8078 -54.0415 30.8000
v  -51.6512 -47.3403 30.8000
v  -54.5901 -54.1317 30.8000
v  -51.2246 -47.5329 30.8000
v  -54.3753 -54.2286 30.8000
v  -50.8042 -47.7388 30.8000
v  -54.1638 -54.3323 30.8000
v  -50.3906 -47.9579 30.8000
v  -53.9555 -54.4425 30.8000
v  -49.9840 -48.1898 30.8000
v  -53.7509 -54.5593 30.8000
v  -49.5849 -48.4344 30.8000
v  -53.5500 -54.6824 30.8000
v  -49.1936 -48.6913 30.8000
v  -53.3531 -54.8117 30.8000
v  -48.8107 -48.9605 30.8000
v  -53.1603 -54.9472 30.8000
v  -48.4364 -49.2415 30.8000
v  -52.9719 -55.0887 30.8000
v  -48.0711 -49.5342 30.8000
v  -52.7880 -55.2360 30.8000
v  -47.7151 -49.8382 30.8000
v  -52.6088 -55.3890 30.8000
v  -47.3689 -50.1532 30.8000
v  -52.4346 -55.5476 30.8000
v  -47.0328 -50.4790 30.8000
v  -52.2654 -55.7115 30.8000
v  -46.7071 -50.8151 30.8000
v  -52.1014 -55.8807 30.8000
v  -46.3920 -51.1613 30.8000
v  -51.9429 -56.0550 30.8000
v  -46.0880 -51.5172 30.8000
v  -51.7898 -56.2342 30.8000
v  -45.7954 -51.8825 30.8000
v  -51.6425 -56.4180 30.8000
v  -45.5143 -52.2569 30.8000
v  -51.5011 -56.6065 30.8000
v  -45.2452 -52.6398 30.8000
v  -51.3656 -56.7992 30.8000
v  -44.9882 -53.0310 30.8000
v  -51.2362 -56.9961 30.8000
v  -44.7436 -53.4301 30.8000
v  -51.1131 -57.1970 30.8000
v  -44.5117 -53.8367 30.8000
v  -50.9964 -57.4017 30.8000
v  -44.2927 -54.2504 30.8000
v  -50.8862 -57.6099 30.8000
v  -44.0868 -54.6707 30.8000
v  -50.7825 -57.8215 30.8000
v  -43.8941 -55.0973 30.8000
v  -50.6855 -58.0362 30.8000
v  -43.7150 -55.5298 30.8000
v  -50.5954 -58.2539 30.8000
v  -43.5496 -55.9677 30.8000
v  -50.5121 -58.4743 30.8000
v  -43.3979 -56.4105 30.8000
v  -50.4358 -58.6972 30.8000
v  -43.2603 -56.8579 30.8000
v  -50.3665 -58.9224 30.8000
v  -43.1368 -57.3094 30.8000
v  -50.3043 -59.1497 30.8000
v  -43.0275 -57.7645 30.8000
v  -50.2493 -59.3788 30.8000
v  -42.9326 -58.2229 30.8000
v  -50.2015 -59.6095 30.8000
v  -42.8521 -58.6840 30.8000
v  -50.1610 -59.8416 30.8000
v  -42.7862 -59.1474 30.8000
v  -50.1278 -60.0748 30.8000
v  -42.7348 -59.6126 30.8000
v  -50.1020 -60.3090 30.8000
v  -42.6981 -60.0793 30.8000
v  -50.0835 -60.5439 30.8000
v  -42.6760 -60.5468 30.8000
v  -50.0724 -60.7793 30.8000
v  -42.6687 -61.0149 30.8000
v  -50.0687 -61.0149 30.8000
v  -42.6760 -61.4829 30.8000
v  -50.0724 -61.2504 30.8000
v  -42.6981 -61.9504 30.8000
v  -50.0835 -61.4858 30.8000
v  -42.7348 -62.4171 30.8000
v  -50.1020 -61.7207 30.8000
v  -42.7862 -62.8823 30.8000
v  -50.1278 -61.9548 30.8000
v  -42.8521 -63.3457 30.8000
v  -50.1610 -62.1881 30.8000
v  -42.9326 -63.8068 30.8000
v  -50.2015 -62.4202 30.8000
v  -43.0275 -64.2652 30.8000
v  -50.2493 -62.6509 30.8000
v  -43.1368 -64.7203 30.8000
v  -50.3043 -62.8800 30.8000
v  -43.2603 -65.1718 30.8000
v  -50.3665 -63.1073 30.8000
v  -43.3980 -65.6192 30.8000
v  -50.4358 -63.3325 30.8000
v  -43.5496 -66.0620 30.8000
v  -50.5121 -63.5554 30.8000
v  -43.7150 -66.4999 30.8000
v  -50.5954 -63.7758 30.8000
v  -43.8942 -66.9324 30.8000
v  -50.6855 -63.9935 30.8000
v  -44.0868 -67.3590 30.8000
v  -50.7825 -64.2082 30.8000
v  -44.2927 -67.7793 30.8000
v  -50.8862 -64.4198 30.8000
v  -44.5117 -68.1930 30.8000
v  -50.9964 -64.6280 30.8000
v  -44.7437 -68.5996 30.8000
v  -51.1131 -64.8327 30.8000
v  -44.9882 -68.9987 30.8000
v  -51.2362 -65.0336 30.8000
v  -45.2452 -69.3899 30.8000
v  -51.3656 -65.2305 30.8000
v  -45.5143 -69.7729 30.8000
v  -51.5011 -65.4232 30.8000
v  -45.7954 -70.1472 30.8000
v  -51.6426 -65.6117 30.8000
v  -46.0881 -70.5125 30.8000
v  -51.7899 -65.7955 30.8000
v  -46.3921 -70.8684 30.8000
v  -51.9429 -65.9747 30.8000
v  -46.7071 -71.2146 30.8000
v  -52.1014 -66.1490 30.8000
v  -47.0328 -71.5508 30.8000
v  -52.2654 -66.3182 30.8000
v  -47.3690 -71.8765 30.8000
v  -52.4346 -66.4821 30.8000
v  -47.7152 -72.1915 30.8000
v  -52.6088 -66.6407 30.8000
v  -48.0711 -72.4955 30.8000
v  -52.7880 -66.7937 30.8000
v  -48.4364 -72.7882 30.8000
v  -52.9719 -66.9410 30.8000
v  -48.8107 -73.0692 30.8000
v  -53.1603 -67.0825 30.8000
v  -49.1937 -73.3384 30.8000
v  -53.3531 -67.2179 30.8000
v  -49.5849 -73.5953 30.8000
v  -53.5500 -67.3473 30.8000
v  -49.9840 -73.8399 30.8000
v  -53.7509 -67.4704 30.8000
v  -50.3906 -74.0718 30.8000
v  -53.9556 -67.5872 30.8000
v  -50.8042 -74.2909 30.8000
v  -54.1638 -67.6974 30.8000
v  -51.2246 -74.4968 30.8000
v  -54.3754 -67.8011 30.8000
v  -51.6512 -74.6894 30.8000
v  -54.5901 -67.8980 30.8000
v  -52.0837 -74.8685 30.8000
v  -54.8078 -67.9882 30.8000
v  -52.5215 -75.0340 30.8000
v  -55.0282 -68.0715 30.8000
v  -52.9644 -75.1856 30.8000
v  -55.2511 -68.1478 30.8000
v  -53.4117 -75.3232 30.8000
v  -55.4763 -68.2170 30.8000
v  -53.8632 -75.4467 30.8000
v  -55.7035 -68.2792 30.8000
v  -54.3184 -75.5560 30.8000
v  -55.9326 -68.3342 30.8000
v  -54.7767 -75.6509 30.8000
v  -56.1634 -68.3820 30.8000
v  -55.2378 -75.7314 30.8000
v  -56.3955 -68.4225 30.8000
v  -55.7012 -75.7974 30.8000
v  -56.6287 -68.4557 30.8000
v  -56.1665 -75.8487 30.8000
v  -56.8629 -68.4816 30.8000
v  -56.6331 -75.8854 30.8000
v  -57.0978 -68.5000 30.8000
v  -57.1007 -75.9075 30.8000
v  -57.3331 -68.5111 30.8000
v  -57.3859 -75.9148 30.8000
v  -57.3859 -68.5148 30.8000
v  -57.3859 -61.0148 30.8000
v  -57.3859 -46.1148 31.3000
v  -57.3859 -53.5148 31.3000
v  -57.3331 -53.5185 31.3000
v  -57.1007 -46.1222 31.3000
v  -57.0978 -53.5296 31.3000
v  -56.6331 -46.1442 31.3000
v  -56.8629 -53.5481 31.3000
v  -56.1665 -46.1810 31.3000
v  -56.6287 -53.5740 31.3000
v  -55.7012 -46.2323 31.3000
v  -56.3954 -53.6072 31.3000
v  -55.2378 -46.2983 31.3000
v  -56.1633 -53.6477 31.3000
v  -54.7767 -46.3788 31.3000
v  -55.9326 -53.6955 31.3000
v  -54.3184 -46.4737 31.3000
v  -55.7035 -53.7505 31.3000
v  -53.8632 -46.5830 31.3000
v  -55.4763 -53.8126 31.3000
v  -53.4117 -46.7065 31.3000
v  -55.2511 -53.8819 31.3000
v  -52.9643 -46.8441 31.3000
v  -55.0282 -53.9582 31.3000
v  -52.5215 -46.9957 31.3000
v  -54.8078 -54.0415 31.3000
v  -52.0836 -47.1612 31.3000
v  -54.5901 -54.1317 31.3000
v  -51.6512 -47.3403 31.3000
v  -54.3753 -54.2286 31.3000
v  -51.2246 -47.5329 31.3000
v  -54.1638 -54.3323 31.3000
v  -50.8042 -47.7388 31.3000
v  -53.9555 -54.4425 31.3000
v  -50.3906 -47.9579 31.3000
v  -53.7509 -54.5593 31.3000
v  -49.9840 -48.1898 31.3000
v  -53.5500 -54.6824 31.3000
v  -49.5849 -48.4344 31.3000
v  -53.3531 -54.8117 31.3000
v  -49.1936 -48.6913 31.3000
v  -53.1603 -54.9472 31.3000
v  -48.8107 -48.9605 31.3000
v  -52.9719 -55.0887 31.3000
v  -48.4364 -49.2415 31.3000
v  -52.7880 -55.2360 31.3000
v  -48.0711 -49.5342 31.3000
v  -52.6088 -55.3890 31.3000
v  -47.7151 -49.8382 31.3000
v  -52.4346 -55.5476 31.3000
v  -47.3689 -50.1532 31.3000
v  -52.2654 -55.7115 31.3000
v  -47.0328 -50.4790 31.3000
v  -52.1014 -55.8807 31.3000
v  -46.7071 -50.8151 31.3000
v  -51.9429 -56.0550 31.3000
v  -46.3920 -51.1613 31.3000
v  -51.7898 -56.2342 31.3000
v  -46.0880 -51.5172 31.3000
v  -51.6425 -56.4180 31.3000
v  -45.7954 -51.8825 31.3000
v  -51.5011 -56.6065 31.3000
v  -45.5143 -52.2569 31.3000
v  -51.3656 -56.7992 31.3000
v  -45.2452 -52.6398 31.3000
v  -51.2362 -56.9961 31.3000
v  -44.9882 -53.0310 31.3000
v  -51.1131 -57.1970 31.3000
v  -44.7436 -53.4301 31.3000
v  -50.9964 -57.4017 31.3000
v  -44.5117 -53.8367 31.3000
v  -50.8862 -57.6099 31.3000
v  -44.2927 -54.2504 31.3000
v  -50.7825 -57.8215 31.3000
v  -44.0868 -54.6707 31.3000
v  -50.6855 -58.0362 31.3000
v  -43.8941 -55.0973 31.3000
v  -50.5954 -58.2539 31.3000
v  -43.7150 -55.5298 31.3000
v  -50.5121 -58.4743 31.3000
v  -43.5496 -55.9677 31.3000
v  -50.4358 -58.6972 31.3000
v  -43.3979 -56.4105 31.3000
v  -50.3665 -58.9224 31.3000
v  -43.2603 -56.8579 31.3000
v  -50.3043 -59.1497 31.3000
v  -43.1368 -57.3094 31.3000
v  -50.2493 -59.3788 31.3000
v  -43.0275 -57.7645 31.3000
v  -50.2015 -59.6095 31.3000
v  -42.9326 -58.2229 31.3000
v  -50.1610 -59.8416 31.3000
v  -42.8521 -58.6840 31.3000
v  -50.1278 -60.0748 31.3000
v  -42.7862 -59.1474 31.3000
v  -50.1020 -60.3090 31.3000
v  -42.7348 -59.6126 31.3000
v  -50.0835 -60.5439 31.3000
v  -42.6981 -60.0793 31.3000
v  -50.0724 -60.7793 31.3000
v  -42.6760 -60.5468 31.3000
v  -50.0687 -61.0149 31.3000
v  -42.6687 -61.0149 31.3000
v  -50.0724 -61.2504 31.3000
v  -42.6760 -61.4829 31.3000
v  -50.0835 -61.4858 31.3000
v  -42.6981 -61.9504 31.3000
v  -50.1020 -61.7207 31.3000
v  -42.7348 -62.4171 31.3000
v  -50.1278 -61.9548 31.3000
v  -42.7862 -62.8823 31.3000
v  -50.1610 -62.1881 31.3000
v  -42.8521 -63.3457 31.3000
v  -50.2015 -62.4202 31.3000
v  -42.9326 -63.8068 31.3000
v  -50.2493 -62.6509 31.3000
v  -43.0275 -64.2652 31.3000
v  -50.3043 -62.8800 31.3000
v  -43.1368 -64.7203 31.3000
v  -50.3665 -63.1073 31.3000
v  -43.2603 -65.1718 31.3000
v  -50.4358 -63.3325 31.3000
v  -43.3980 -65.6192 31.3000
v  -50.5121 -63.5554 31.3000
v  -43.5496 -66.0620 31.3000
v  -50.5954 -63.7758 31.3000
v  -43.7150 -66.4999 31.3000
v  -50.6855 -63.9935 31.3000
v  -43.8942 -66.9324 31.3000
v  -50.7825 -64.2082 31.3000
v  -44.0868 -67.3590 31.3000
v  -50.8862 -64.4198 31.3000
v  -44.2927 -67.7793 31.3000
v  -50.9964 -64.6280 31.3000
v  -44.5117 -68.1930 31.3000
v  -51.1131 -64.8327 31.3000
v  -44.7437 -68.5996 31.3000
v  -51.2362 -65.0336 31.3000
v  -44.9882 -68.9987 31.3000
v  -51.3656 -65.2305 31.3000
v  -45.2452 -69.3899 31.3000
v  -51.5011 -65.4232 31.3000
v  -45.5143 -69.7729 31.3000
v  -51.6426 -65.6117 31.3000
v  -45.7954 -70.1472 31.3000
v  -51.7899 -65.7955 31.3000
v  -46.0881 -70.5125 31.3000
v  -51.9429 -65.9747 31.3000
v  -46.3921 -70.8684 31.3000
v  -52.1014 -66.1490 31.3000
v  -46.7071 -71.2146 31.3000
v  -52.2654 -66.3182 31.3000
v  -47.0328 -71.5508 31.3000
v  -52.4346 -66.4821 31.3000
v  -47.3690 -71.8765 31.3000
v  -52.6088 -66.6407 31.3000
v  -47.7152 -72.1915 31.3000
v  -52.7880 -66.7937 31.3000
v  -48.0711 -72.4955 31.3000
v  -52.9719 -66.9410 31.3000
v  -48.4364 -72.7882 31.3000
v  -53.1603 -67.0825 31.3000
v  -48.8107 -73.0692 31.3000
v  -53.3531 -67.2179 31.3000
v  -49.1937 -73.3384 31.3000
v  -53.5500 -67.3473 31.3000
v  -49.5849 -73.5953 31.3000
v  -53.7509 -67.4704 31.3000
v  -49.9840 -73.8399 31.3000
v  -53.9556 -67.5872 31.3000
v  -50.3906 -74.0718 31.3000
v  -54.1638 -67.6974 31.3000
v  -50.8042 -74.2909 31.3000
v  -54.3754 -67.8011 31.3000
v  -51.2246 -74.4968 31.3000
v  -54.5901 -67.8980 31.3000
v  -51.6512 -74.6894 31.3000
v  -54.8078 -67.9882 31.3000
v  -52.0837 -74.8685 31.3000
v  -55.0282 -68.0715 31.3000
v  -52.5215 -75.0340 31.3000
v  -55.2511 -68.1478 31.3000
v  -52.9644 -75.1856 31.3000
v  -55.4763 -68.2170 31.3000
v  -53.4117 -75.3232 31.3000
v  -55.7035 -68.2792 31.3000
v  -53.8632 -75.4467 31.3000
v  -55.9326 -68.3342 31.3000
v  -54.3184 -75.5560 31.3000
v  -56.1634 -68.3820 31.3000
v  -54.7767 -75.6509 31.3000
v  -56.3955 -68.4225 31.3000
v  -55.2378 -75.7314 31.3000
v  -56.6287 -68.4557 31.3000
v  -55.7012 -75.7974 31.3000
v  -56.8629 -68.4816 31.3000
v  -56.1665 -75.8487 31.3000
v  -57.0978 -68.5000 31.3000
v  -56.6331 -75.8854 31.3000
v  -57.3331 -68.5111 31.3000
v  -57.1007 -75.9075 31.3000
v  -57.3859 -68.5148 31.3000
v  -57.3859 -75.9148 31.3000
v  -57.3859 -61.0148 31.3000
v  -57.6687 -68.5148 31.2000
v  -57.6687 -68.5148 30.8000
v  -57.6687 -75.9148 30.8000
v  -57.6687 -75.9148 31.2000
v  -57.6687 -61.0148 31.2000
v  -57.6687 -61.0148 30.8000
v  -57.6687 -53.5148 31.2000
v  -57.6687 -53.5148 30.8000
v  -57.6687 -46.1148 31.2000
v  -57.6687 -46.1148 30.8000
v  -57.4859 -46.0148 30.8000
v  -57.5687 -46.0148 30.8000
v  -57.5687 -46.0148 31.2000
v  -57.5687 -46.1148 31.3000
v  -57.5687 -53.5148 31.3000
v  -57.5687 -61.0148 31.3000
v  -57.5687 -68.5148 31.3000
v  -57.5687 -75.9148 31.3000
v  -57.5687 -76.0148 31.2000
v  -57.5687 -76.0148 30.8000
v  -57.4859 -76.0148 30.8000
v  -57.4859 -76.0148 28.8000
v  -57.5687 -76.0148 28.8000
v  -57.6687 -75.9148 28.8000
v  -57.6687 -68.5148 28.8000
v  -57.3859 -68.5148 28.8000
v  -57.3859 -75.9148 28.8000
v  -57.6687 -61.0148 28.8000
v  -57.3859 -61.0148 28.8000
v  -57.6687 -53.5148 28.8000
v  -57.3859 -53.5148 28.8000
v  -57.6687 -46.1148 28.8000
v  -57.5687 -46.0148 28.8000
v  -57.4859 -46.0148 28.8000
v  -57.3859 -46.1148 28.8000
v  57.3559 -46.0148 30.9000
v  57.0676 -46.0223 30.9000
v  57.0676 -46.0223 31.2000
v  57.3559 -46.0148 31.2000
v  56.5969 -46.0445 30.9000
v  56.5969 -46.0445 31.2000
v  56.1271 -46.0814 30.9000
v  56.1271 -46.0814 31.2000
v  55.6587 -46.1331 30.9000
v  55.6587 -46.1331 31.2000
v  55.1922 -46.1995 30.9000
v  55.1922 -46.1995 31.2000
v  54.7280 -46.2805 30.9000
v  54.7280 -46.2805 31.2000
v  54.2666 -46.3761 30.9000
v  54.2666 -46.3761 31.2000
v  53.8084 -46.4861 30.9000
v  53.8084 -46.4861 31.2000
v  53.3539 -46.6104 30.9000
v  53.3539 -46.6104 31.2000
v  52.9035 -46.7490 30.9000
v  52.9035 -46.7490 31.2000
v  52.4577 -46.9016 30.9000
v  52.4577 -46.9016 31.2000
v  52.0169 -47.0682 30.9000
v  52.0169 -47.0682 31.2000
v  51.5815 -47.2485 30.9000
v  51.5815 -47.2485 31.2000
v  51.1521 -47.4424 30.9000
v  51.1521 -47.4424 31.2000
v  50.7289 -47.6498 30.9000
v  50.7289 -47.6498 31.2000
v  50.3124 -47.8702 30.9000
v  50.3124 -47.8702 31.2000
v  49.9031 -48.1037 30.9000
v  49.9031 -48.1037 31.2000
v  49.5013 -48.3499 30.9000
v  49.5013 -48.3499 31.2000
v  49.1075 -48.6087 30.9000
v  49.1075 -48.6087 31.2000
v  48.7220 -48.8796 30.9000
v  48.7220 -48.8796 31.2000
v  48.3451 -49.1625 30.9000
v  48.3451 -49.1625 31.2000
v  47.9774 -49.4572 30.9000
v  47.9774 -49.4572 31.2000
v  47.6191 -49.7632 30.9000
v  47.6191 -49.7632 31.2000
v  47.2705 -50.0803 30.9000
v  47.2705 -50.0803 31.2000
v  46.9321 -50.4083 30.9000
v  46.9321 -50.4083 31.2000
v  46.6042 -50.7467 30.9000
v  46.6042 -50.7467 31.2000
v  46.2871 -51.0952 30.9000
v  46.2871 -51.0952 31.2000
v  45.9810 -51.4535 30.9000
v  45.9810 -51.4535 31.2000
v  45.6864 -51.8213 30.9000
v  45.6864 -51.8213 31.2000
v  45.4035 -52.1981 30.9000
v  45.4035 -52.1981 31.2000
v  45.1325 -52.5836 30.9000
v  45.1325 -52.5836 31.2000
v  44.8738 -52.9775 30.9000
v  44.8738 -52.9775 31.2000
v  44.6276 -53.3792 30.9000
v  44.6276 -53.3792 31.2000
v  44.3941 -53.7886 30.9000
v  44.3941 -53.7886 31.2000
v  44.1736 -54.2050 30.9000
v  44.1736 -54.2050 31.2000
v  43.9663 -54.6282 30.9000
v  43.9663 -54.6282 31.2000
v  43.7724 -55.0576 30.9000
v  43.7724 -55.0576 31.2000
v  43.5921 -55.4930 30.9000
v  43.5921 -55.4930 31.2000
v  43.4255 -55.9338 30.9000
v  43.4255 -55.9338 31.2000
v  43.2729 -56.3796 30.9000
v  43.2729 -56.3796 31.2000
v  43.1343 -56.8300 30.9000
v  43.1343 -56.8300 31.2000
v  43.0100 -57.2845 30.9000
v  43.0100 -57.2845 31.2000
v  42.9000 -57.7427 30.9000
v  42.9000 -57.7427 31.2000
v  42.8044 -58.2041 30.9000
v  42.8044 -58.2041 31.2000
v  42.7234 -58.6683 30.9000
v  42.7234 -58.6683 31.2000
v  42.6570 -59.1349 30.9000
v  42.6570 -59.1349 31.2000
v  42.6053 -59.6032 30.9000
v  42.6053 -59.6032 31.2000
v  42.5683 -60.0730 30.9000
v  42.5683 -60.0730 31.2000
v  42.5461 -60.5437 30.9000
v  42.5461 -60.5437 31.2000
v  42.5387 -61.0149 30.9000
v  42.5387 -61.0149 31.2000
v  42.5461 -61.4860 30.9000
v  42.5461 -61.4860 31.2000
v  42.5683 -61.9567 30.9000
v  42.5683 -61.9567 31.2000
v  42.6053 -62.4265 30.9000
v  42.6053 -62.4265 31.2000
v  42.6570 -62.8949 30.9000
v  42.6570 -62.8949 31.2000
v  42.7234 -63.3614 30.9000
v  42.7234 -63.3614 31.2000
v  42.8044 -63.8256 30.9000
v  42.8044 -63.8256 31.2000
v  42.9000 -64.2870 30.9000
v  42.9000 -64.2870 31.2000
v  43.0100 -64.7452 30.9000
v  43.0100 -64.7452 31.2000
v  43.1343 -65.1997 30.9000
v  43.1343 -65.1997 31.2000
v  43.2729 -65.6501 30.9000
v  43.2729 -65.6501 31.2000
v  43.4255 -66.0959 30.9000
v  43.4255 -66.0959 31.2000
v  43.5921 -66.5367 30.9000
v  43.5921 -66.5367 31.2000
v  43.7724 -66.9721 30.9000
v  43.7724 -66.9721 31.2000
v  43.9663 -67.4016 30.9000
v  43.9663 -67.4016 31.2000
v  44.1737 -67.8247 30.9000
v  44.1737 -67.8247 31.2000
v  44.3941 -68.2412 30.9000
v  44.3941 -68.2412 31.2000
v  44.6276 -68.6505 30.9000
v  44.6276 -68.6505 31.2000
v  44.8738 -69.0523 30.9000
v  44.8738 -69.0523 31.2000
v  45.1325 -69.4461 30.9000
v  45.1325 -69.4461 31.2000
v  45.4035 -69.8316 30.9000
v  45.4035 -69.8316 31.2000
v  45.6864 -70.2085 30.9000
v  45.6864 -70.2085 31.2000
v  45.9810 -70.5762 30.9000
v  45.9810 -70.5762 31.2000
v  46.2871 -70.9345 30.9000
v  46.2871 -70.9345 31.2000
v  46.6042 -71.2831 30.9000
v  46.6042 -71.2831 31.2000
v  46.9321 -71.6215 30.9000
v  46.9321 -71.6215 31.2000
v  47.2705 -71.9494 30.9000
v  47.2705 -71.9494 31.2000
v  47.6191 -72.2665 30.9000
v  47.6191 -72.2665 31.2000
v  47.9774 -72.5726 30.9000
v  47.9774 -72.5726 31.2000
v  48.3451 -72.8672 30.9000
v  48.3451 -72.8672 31.2000
v  48.7220 -73.1501 30.9000
v  48.7220 -73.1501 31.2000
v  49.1075 -73.4211 30.9000
v  49.1075 -73.4211 31.2000
v  49.5013 -73.6798 30.9000
v  49.5013 -73.6798 31.2000
v  49.9031 -73.9260 30.9000
v  49.9031 -73.9260 31.2000
v  50.3124 -74.1595 30.9000
v  50.3124 -74.1595 31.2000
v  50.7289 -74.3800 30.9000
v  50.7289 -74.3800 31.2000
v  51.1521 -74.5873 30.9000
v  51.1521 -74.5873 31.2000
v  51.5815 -74.7812 30.9000
v  51.5815 -74.7812 31.2000
v  52.0169 -74.9615 30.9000
v  52.0169 -74.9615 31.2000
v  52.4577 -75.1281 30.9000
v  52.4577 -75.1281 31.2000
v  52.9035 -75.2807 30.9000
v  52.9035 -75.2807 31.2000
v  53.3539 -75.4193 30.9000
v  53.3539 -75.4193 31.2000
v  53.8084 -75.5436 30.9000
v  53.8084 -75.5436 31.2000
v  54.2666 -75.6536 30.9000
v  54.2666 -75.6536 31.2000
v  54.7280 -75.7492 30.9000
v  54.7280 -75.7492 31.2000
v  55.1922 -75.8302 30.9000
v  55.1922 -75.8302 31.2000
v  55.6588 -75.8966 30.9000
v  55.6588 -75.8966 31.2000
v  56.1271 -75.9483 30.9000
v  56.1271 -75.9483 31.2000
v  56.5969 -75.9853 30.9000
v  56.5969 -75.9853 31.2000
v  57.0676 -76.0075 30.9000
v  57.0676 -76.0075 31.2000
v  57.3560 -76.0149 30.9000
v  57.3560 -76.0149 31.2000
v  57.0707 -46.1222 30.8000
v  57.3559 -46.1148 30.8000
v  57.3559 -53.5149 30.8000
v  57.3032 -53.5186 30.8000
v  56.6032 -46.1443 30.8000
v  57.0678 -53.5297 30.8000
v  56.1365 -46.1810 30.8000
v  56.8329 -53.5481 30.8000
v  55.6713 -46.2323 30.8000
v  56.5987 -53.5740 30.8000
v  55.2079 -46.2983 30.8000
v  56.3655 -53.6072 30.8000
v  54.7467 -46.3788 30.8000
v  56.1334 -53.6477 30.8000
v  54.2884 -46.4737 30.8000
v  55.9027 -53.6955 30.8000
v  53.8332 -46.5830 30.8000
v  55.6736 -53.7505 30.8000
v  53.3818 -46.7065 30.8000
v  55.4463 -53.8126 30.8000
v  52.9344 -46.8441 30.8000
v  55.2211 -53.8819 30.8000
v  52.4915 -46.9957 30.8000
v  54.9982 -53.9582 30.8000
v  52.0537 -47.1612 30.8000
v  54.7778 -54.0415 30.8000
v  51.6212 -47.3403 30.8000
v  54.5601 -54.1317 30.8000
v  51.1946 -47.5329 30.8000
v  54.3454 -54.2287 30.8000
v  50.7743 -47.7389 30.8000
v  54.1338 -54.3323 30.8000
v  50.3606 -47.9579 30.8000
v  53.9256 -54.4426 30.8000
v  49.9540 -48.1898 30.8000
v  53.7209 -54.5593 30.8000
v  49.5549 -48.4344 30.8000
v  53.5200 -54.6824 30.8000
v  49.1637 -48.6913 30.8000
v  53.3231 -54.8117 30.8000
v  48.7807 -48.9605 30.8000
v  53.1303 -54.9472 30.8000
v  48.4064 -49.2415 30.8000
v  52.9419 -55.0887 30.8000
v  48.0411 -49.5342 30.8000
v  52.7580 -55.2360 30.8000
v  47.6852 -49.8382 30.8000
v  52.5789 -55.3890 30.8000
v  47.3390 -50.1532 30.8000
v  52.4046 -55.5476 30.8000
v  47.0028 -50.4790 30.8000
v  52.2354 -55.7116 30.8000
v  46.6771 -50.8151 30.8000
v  52.0715 -55.8807 30.8000
v  46.3621 -51.1613 30.8000
v  51.9129 -56.0550 30.8000
v  46.0581 -51.5172 30.8000
v  51.7599 -56.2342 30.8000
v  45.7654 -51.8825 30.8000
v  51.6126 -56.4180 30.8000
v  45.4844 -52.2569 30.8000
v  51.4711 -56.6065 30.8000
v  45.2152 -52.6398 30.8000
v  51.3356 -56.7992 30.8000
v  44.9582 -53.0310 30.8000
v  51.2063 -56.9962 30.8000
v  44.7137 -53.4301 30.8000
v  51.0832 -57.1970 30.8000
v  44.4818 -53.8367 30.8000
v  50.9664 -57.4017 30.8000
v  44.2627 -54.2504 30.8000
v  50.8562 -57.6099 30.8000
v  44.0568 -54.6707 30.8000
v  50.7525 -57.8215 30.8000
v  43.8642 -55.0974 30.8000
v  50.6556 -58.0362 30.8000
v  43.6851 -55.5298 30.8000
v  50.5654 -58.2539 30.8000
v  43.5196 -55.9677 30.8000
v  50.4821 -58.4743 30.8000
v  43.3680 -56.4105 30.8000
v  50.4058 -58.6972 30.8000
v  43.2304 -56.8579 30.8000
v  50.3365 -58.9224 30.8000
v  43.1068 -57.3094 30.8000
v  50.2744 -59.1497 30.8000
v  42.9976 -57.7645 30.8000
v  50.2194 -59.3788 30.8000
v  42.9027 -58.2229 30.8000
v  50.1716 -59.6095 30.8000
v  42.8222 -58.6840 30.8000
v  50.1311 -59.8416 30.8000
v  42.7562 -59.1474 30.8000
v  50.0979 -60.0749 30.8000
v  42.7049 -59.6126 30.8000
v  50.0720 -60.3090 30.8000
v  42.6681 -60.0793 30.8000
v  50.0535 -60.5439 30.8000
v  42.6461 -60.5468 30.8000
v  50.0424 -60.7793 30.8000
v  42.6387 -61.0149 30.8000
v  50.0387 -61.0149 30.8000
v  42.6461 -61.4829 30.8000
v  50.0424 -61.2504 30.8000
v  42.6682 -61.9504 30.8000
v  50.0535 -61.4858 30.8000
v  42.7049 -62.4171 30.8000
v  50.0720 -61.7207 30.8000
v  42.7562 -62.8823 30.8000
v  50.0979 -61.9549 30.8000
v  42.8222 -63.3457 30.8000
v  50.1311 -62.1881 30.8000
v  42.9027 -63.8069 30.8000
v  50.1716 -62.4202 30.8000
v  42.9976 -64.2652 30.8000
v  50.2194 -62.6509 30.8000
v  43.1069 -64.7203 30.8000
v  50.2744 -62.8800 30.8000
v  43.2304 -65.1718 30.8000
v  50.3365 -63.1073 30.8000
v  43.3680 -65.6192 30.8000
v  50.4058 -63.3325 30.8000
v  43.5196 -66.0621 30.8000
v  50.4821 -63.5554 30.8000
v  43.6851 -66.4999 30.8000
v  50.5654 -63.7758 30.8000
v  43.8642 -66.9324 30.8000
v  50.6556 -63.9935 30.8000
v  44.0568 -67.3590 30.8000
v  50.7525 -64.2082 30.8000
v  44.2628 -67.7793 30.8000
v  50.8562 -64.4198 30.8000
v  44.4818 -68.1930 30.8000
v  50.9665 -64.6280 30.8000
v  44.7137 -68.5996 30.8000
v  51.0832 -64.8327 30.8000
v  44.9583 -68.9987 30.8000
v  51.2063 -65.0336 30.8000
v  45.2153 -69.3899 30.8000
v  51.3356 -65.2305 30.8000
v  45.4844 -69.7729 30.8000
v  51.4711 -65.4232 30.8000
v  45.7654 -70.1472 30.8000
v  51.6126 -65.6117 30.8000
v  46.0581 -70.5125 30.8000
v  51.7599 -65.7955 30.8000
v  46.3621 -70.8684 30.8000
v  51.9129 -65.9747 30.8000
v  46.6771 -71.2146 30.8000
v  52.0715 -66.1490 30.8000
v  47.0029 -71.5508 30.8000
v  52.2354 -66.3182 30.8000
v  47.3390 -71.8765 30.8000
v  52.4046 -66.4821 30.8000
v  47.6852 -72.1915 30.8000
v  52.5789 -66.6407 30.8000
v  48.0411 -72.4955 30.8000
v  52.7581 -66.7937 30.8000
v  48.4064 -72.7882 30.8000
v  52.9419 -66.9410 30.8000
v  48.7808 -73.0692 30.8000
v  53.1304 -67.0825 30.8000
v  49.1637 -73.3384 30.8000
v  53.3231 -67.2180 30.8000
v  49.5549 -73.5953 30.8000
v  53.5200 -67.3473 30.8000
v  49.9540 -73.8399 30.8000
v  53.7209 -67.4704 30.8000
v  50.3606 -74.0718 30.8000
v  53.9256 -67.5872 30.8000
v  50.7743 -74.2909 30.8000
v  54.1338 -67.6974 30.8000
v  51.1947 -74.4968 30.8000
v  54.3454 -67.8011 30.8000
v  51.6213 -74.6894 30.8000
v  54.5601 -67.8980 30.8000
v  52.0537 -74.8685 30.8000
v  54.7778 -67.9882 30.8000
v  52.4916 -75.0340 30.8000
v  54.9982 -68.0715 30.8000
v  52.9344 -75.1856 30.8000
v  55.2211 -68.1478 30.8000
v  53.3818 -75.3232 30.8000
v  55.4463 -68.2171 30.8000
v  53.8333 -75.4467 30.8000
v  55.6736 -68.2792 30.8000
v  54.2884 -75.5560 30.8000
v  55.9027 -68.3342 30.8000
v  54.7468 -75.6509 30.8000
v  56.1334 -68.3820 30.8000
v  55.2079 -75.7314 30.8000
v  56.3655 -68.4225 30.8000
v  55.6713 -75.7974 30.8000
v  56.5987 -68.4557 30.8000
v  56.1365 -75.8487 30.8000
v  56.8329 -68.4816 30.8000
v  56.6032 -75.8855 30.8000
v  57.0678 -68.5001 30.8000
v  57.0707 -75.9075 30.8000
v  57.3032 -68.5112 30.8000
v  57.3560 -75.9149 30.8000
v  57.3559 -68.5148 30.8000
v  57.3559 -61.0149 30.8000
v  57.3559 -46.1148 31.3000
v  57.0707 -46.1222 31.3000
v  57.3032 -53.5186 31.3000
v  57.3559 -53.5149 31.3000
v  56.6032 -46.1443 31.3000
v  57.0678 -53.5297 31.3000
v  56.1365 -46.1810 31.3000
v  56.8329 -53.5481 31.3000
v  55.6713 -46.2323 31.3000
v  56.5987 -53.5740 31.3000
v  55.2079 -46.2983 31.3000
v  56.3655 -53.6072 31.3000
v  54.7467 -46.3788 31.3000
v  56.1334 -53.6477 31.3000
v  54.2884 -46.4737 31.3000
v  55.9027 -53.6955 31.3000
v  53.8332 -46.5830 31.3000
v  55.6736 -53.7505 31.3000
v  53.3818 -46.7065 31.3000
v  55.4463 -53.8126 31.3000
v  52.9344 -46.8441 31.3000
v  55.2211 -53.8819 31.3000
v  52.4915 -46.9957 31.3000
v  54.9982 -53.9582 31.3000
v  52.0537 -47.1612 31.3000
v  54.7778 -54.0415 31.3000
v  51.6212 -47.3403 31.3000
v  54.5601 -54.1317 31.3000
v  51.1946 -47.5329 31.3000
v  54.3454 -54.2287 31.3000
v  50.7743 -47.7389 31.3000
v  54.1338 -54.3323 31.3000
v  50.3606 -47.9579 31.3000
v  53.9256 -54.4426 31.3000
v  49.9540 -48.1898 31.3000
v  53.7209 -54.5593 31.3000
v  49.5549 -48.4344 31.3000
v  53.5200 -54.6824 31.3000
v  49.1637 -48.6913 31.3000
v  53.3231 -54.8117 31.3000
v  48.7807 -48.9605 31.3000
v  53.1303 -54.9472 31.3000
v  48.4064 -49.2415 31.3000
v  52.9419 -55.0887 31.3000
v  48.0411 -49.5342 31.3000
v  52.7580 -55.2360 31.3000
v  47.6852 -49.8382 31.3000
v  52.5789 -55.3890 31.3000
v  47.3390 -50.1532 31.3000
v  52.4046 -55.5476 31.3000
v  47.0028 -50.4790 31.3000
v  52.2354 -55.7116 31.3000
v  46.6771 -50.8151 31.3000
v  52.0715 -55.8807 31.3000
v  46.3621 -51.1613 31.3000
v  51.9129 -56.0550 31.3000
v  46.0581 -51.5172 31.3000
v  51.7599 -56.2342 31.3000
v  45.7654 -51.8825 31.3000
v  51.6126 -56.4180 31.3000
v  45.4844 -52.2569 31.3000
v  51.4711 -56.6065 31.3000
v  45.2152 -52.6398 31.3000
v  51.3356 -56.7992 31.3000
v  44.9582 -53.0310 31.3000
v  51.2063 -56.9962 31.3000
v  44.7137 -53.4301 31.3000
v  51.0832 -57.1970 31.3000
v  44.4818 -53.8367 31.3000
v  50.9664 -57.4017 31.3000
v  44.2627 -54.2504 31.3000
v  50.8562 -57.6099 31.3000
v  44.0568 -54.6707 31.3000
v  50.7525 -57.8215 31.3000
v  43.8642 -55.0974 31.3000
v  50.6556 -58.0362 31.3000
v  43.6851 -55.5298 31.3000
v  50.5654 -58.2539 31.3000
v  43.5196 -55.9677 31.3000
v  50.4821 -58.4743 31.3000
v  43.3680 -56.4105 31.3000
v  50.4058 -58.6972 31.3000
v  43.2304 -56.8579 31.3000
v  50.3365 -58.9224 31.3000
v  43.1068 -57.3094 31.3000
v  50.2744 -59.1497 31.3000
v  42.9976 -57.7645 31.3000
v  50.2194 -59.3788 31.3000
v  42.9027 -58.2229 31.3000
v  50.1716 -59.6095 31.3000
v  42.8222 -58.6840 31.3000
v  50.1311 -59.8416 31.3000
v  42.7562 -59.1474 31.3000
v  50.0979 -60.0749 31.3000
v  42.7049 -59.6126 31.3000
v  50.0720 -60.3090 31.3000
v  42.6681 -60.0793 31.3000
v  50.0535 -60.5439 31.3000
v  42.6461 -60.5468 31.3000
v  50.0424 -60.7793 31.3000
v  42.6387 -61.0149 31.3000
v  50.0387 -61.0149 31.3000
v  42.6461 -61.4829 31.3000
v  50.0424 -61.2504 31.3000
v  42.6682 -61.9504 31.3000
v  50.0535 -61.4858 31.3000
v  42.7049 -62.4171 31.3000
v  50.0720 -61.7207 31.3000
v  42.7562 -62.8823 31.3000
v  50.0979 -61.9549 31.3000
v  42.8222 -63.3457 31.3000
v  50.1311 -62.1881 31.3000
v  42.9027 -63.8069 31.3000
v  50.1716 -62.4202 31.3000
v  42.9976 -64.2652 31.3000
v  50.2194 -62.6509 31.3000
v  43.1069 -64.7203 31.3000
v  50.2744 -62.8800 31.3000
v  43.2304 -65.1718 31.3000
v  50.3365 -63.1073 31.3000
v  43.3680 -65.6192 31.3000
v  50.4058 -63.3325 31.3000
v  43.5196 -66.0621 31.3000
v  50.4821 -63.5554 31.3000
v  43.6851 -66.4999 31.3000
v  50.5654 -63.7758 31.3000
v  43.8642 -66.9324 31.3000
v  50.6556 -63.9935 31.3000
v  44.0568 -67.3590 31.3000
v  50.7525 -64.2082 31.3000
v  44.2628 -67.7793 31.3000
v  50.8562 -64.4198 31.3000
v  44.4818 -68.1930 31.3000
v  50.9665 -64.6280 31.3000
v  44.7137 -68.5996 31.3000
v  51.0832 -64.8327 31.3000
v  44.9583 -68.9987 31.3000
v  51.2063 -65.0336 31.3000
v  45.2153 -69.3899 31.3000
v  51.3356 -65.2305 31.3000
v  45.4844 -69.7729 31.3000
v  51.4711 -65.4232 31.3000
v  45.7654 -70.1472 31.3000
v  51.6126 -65.6117 31.3000
v  46.0581 -70.5125 31.3000
v  51.7599 -65.7955 31.3000
v  46.3621 -70.8684 31.3000
v  51.9129 -65.9747 31.3000
v  46.6771 -71.2146 31.3000
v  52.0715 -66.1490 31.3000
v  47.0029 -71.5508 31.3000
v  52.2354 -66.3182 31.3000
v  47.3390 -71.8765 31.3000
v  52.4046 -66.4821 31.3000
v  47.6852 -72.1915 31.3000
v  52.5789 -66.6407 31.3000
v  48.0411 -72.4955 31.3000
v  52.7581 -66.7937 31.3000
v  48.4064 -72.7882 31.3000
v  52.9420 -66.9410 31.3000
v  48.7808 -73.0692 31.3000
v  53.1304 -67.0825 31.3000
v  49.1637 -73.3384 31.3000
v  53.3231 -67.2180 31.3000
v  49.5549 -73.5953 31.3000
v  53.5200 -67.3473 31.3000
v  49.9540 -73.8399 31.3000
v  53.7209 -67.4704 31.3000
v  50.3606 -74.0718 31.3000
v  53.9256 -67.5872 31.3000
v  50.7743 -74.2909 31.3000
v  54.1338 -67.6974 31.3000
v  51.1947 -74.4968 31.3000
v  54.3454 -67.8011 31.3000
v  51.6213 -74.6894 31.3000
v  54.5601 -67.8980 31.3000
v  52.0537 -74.8685 31.3000
v  54.7778 -67.9882 31.3000
v  52.4916 -75.0340 31.3000
v  54.9982 -68.0715 31.3000
v  52.9344 -75.1856 31.3000
v  55.2211 -68.1478 31.3000
v  53.3818 -75.3232 31.3000
v  55.4463 -68.2171 31.3000
v  53.8333 -75.4467 31.3000
v  55.6736 -68.2792 31.3000
v  54.2884 -75.5560 31.3000
v  55.9027 -68.3342 31.3000
v  54.7468 -75.6509 31.3000
v  56.1334 -68.3820 31.3000
v  55.2079 -75.7314 31.3000
v  56.3655 -68.4225 31.3000
v  55.6713 -75.7974 31.3000
v  56.5987 -68.4557 31.3000
v  56.1365 -75.8487 31.3000
v  56.8329 -68.4816 31.3000
v  56.6032 -75.8855 31.3000
v  57.0678 -68.5001 31.3000
v  57.0707 -75.9075 31.3000
v  57.3032 -68.5112 31.3000
v  57.3560 -75.9149 31.3000
v  57.3559 -68.5148 31.3000
v  57.3559 -61.0149 31.3000
v  57.6388 -68.5148 31.2000
v  57.6388 -75.9149 31.2000
v  57.6388 -75.9149 30.8000
v  57.6388 -68.5148 30.8000
v  57.6387 -61.0149 31.2000
v  57.6387 -61.0149 30.8000
v  57.6387 -53.5149 31.2000
v  57.6387 -53.5149 30.8000
v  57.6387 -46.1148 31.2000
v  57.6387 -46.1148 30.8000
v  57.4559 -46.0148 30.8000
v  57.5387 -46.0148 31.2000
v  57.5387 -46.0148 30.8000
v  57.5387 -53.5149 31.3000
v  57.5387 -46.1148 31.3000
v  57.5387 -61.0149 31.3000
v  57.5388 -68.5148 31.3000
v  57.5388 -75.9149 31.3000
v  57.4560 -76.0149 30.8000
v  57.5388 -76.0149 30.8000
v  57.5388 -76.0149 31.2000
v  57.4560 -76.0149 28.8000
v  57.3560 -75.9149 28.8000
v  57.3559 -68.5148 28.8000
v  57.6388 -68.5148 28.8000
v  57.6388 -75.9149 28.8000
v  57.5388 -76.0149 28.8000
v  57.3559 -61.0149 28.8000
v  57.6387 -61.0149 28.8000
v  57.3559 -53.5149 28.8000
v  57.6387 -53.5149 28.8000
v  57.3559 -46.1148 28.8000
v  57.4559 -46.0148 28.8000
v  57.5387 -46.0148 28.8000
v  57.6387 -46.1148 28.8000
v  58.9063 -46.0148 30.9000
v  58.9063 -46.0148 31.2000
v  59.1947 -46.0223 31.2000
v  59.1947 -46.0223 30.9000
v  59.6654 -46.0445 31.2000
v  59.6654 -46.0445 30.9000
v  60.1351 -46.0814 31.2000
v  60.1351 -46.0814 30.9000
v  60.6035 -46.1331 31.2000
v  60.6035 -46.1331 30.9000
v  61.0700 -46.1995 31.2000
v  61.0700 -46.1995 30.9000
v  61.5342 -46.2805 31.2000
v  61.5342 -46.2805 30.9000
v  61.9957 -46.3761 31.2000
v  61.9957 -46.3761 30.9000
v  62.4539 -46.4861 31.2000
v  62.4539 -46.4861 30.9000
v  62.9084 -46.6104 31.2000
v  62.9084 -46.6104 30.9000
v  63.3588 -46.7490 31.2000
v  63.3588 -46.7490 30.9000
v  63.8046 -46.9016 31.2000
v  63.8046 -46.9016 30.9000
v  64.2454 -47.0682 31.2000
v  64.2454 -47.0682 30.9000
v  64.6807 -47.2485 31.2000
v  64.6807 -47.2485 30.9000
v  65.1102 -47.4424 31.2000
v  65.1102 -47.4424 30.9000
v  65.5334 -47.6498 31.2000
v  65.5334 -47.6498 30.9000
v  65.9498 -47.8702 31.2000
v  65.9498 -47.8702 30.9000
v  66.3591 -48.1037 31.2000
v  66.3591 -48.1037 30.9000
v  66.7609 -48.3499 31.2000
v  66.7609 -48.3499 30.9000
v  67.1548 -48.6087 31.2000
v  67.1548 -48.6087 30.9000
v  67.5403 -48.8796 31.2000
v  67.5403 -48.8796 30.9000
v  67.9171 -49.1625 31.2000
v  67.9171 -49.1625 30.9000
v  68.2849 -49.4572 31.2000
v  68.2849 -49.4572 30.9000
v  68.6432 -49.7632 31.2000
v  68.6432 -49.7632 30.9000
v  68.9917 -50.0803 31.2000
v  68.9917 -50.0803 30.9000
v  69.3301 -50.4083 31.2000
v  69.3301 -50.4083 30.9000
v  69.6580 -50.7467 31.2000
v  69.6580 -50.7467 30.9000
v  69.9752 -51.0952 31.2000
v  69.9752 -51.0952 30.9000
v  70.2812 -51.4535 31.2000
v  70.2812 -51.4535 30.9000
v  70.5758 -51.8213 31.2000
v  70.5758 -51.8213 30.9000
v  70.8588 -52.1981 31.2000
v  70.8588 -52.1981 30.9000
v  71.1297 -52.5836 31.2000
v  71.1297 -52.5836 30.9000
v  71.3884 -52.9775 31.2000
v  71.3884 -52.9775 30.9000
v  71.6346 -53.3792 31.2000
v  71.6346 -53.3792 30.9000
v  71.8681 -53.7886 31.2000
v  71.8681 -53.7886 30.9000
v  72.0886 -54.2050 31.2000
v  72.0886 -54.2050 30.9000
v  72.2959 -54.6282 31.2000
v  72.2959 -54.6282 30.9000
v  72.4898 -55.0576 31.2000
v  72.4898 -55.0576 30.9000
v  72.6702 -55.4930 31.2000
v  72.6702 -55.4930 30.9000
v  72.8367 -55.9338 31.2000
v  72.8367 -55.9338 30.9000
v  72.9894 -56.3796 31.2000
v  72.9894 -56.3796 30.9000
v  73.1279 -56.8300 31.2000
v  73.1279 -56.8300 30.9000
v  73.2523 -57.2845 31.2000
v  73.2523 -57.2845 30.9000
v  73.3623 -57.7427 31.2000
v  73.3623 -57.7427 30.9000
v  73.4578 -58.2041 31.2000
v  73.4578 -58.2041 30.9000
v  73.5388 -58.6683 31.2000
v  73.5388 -58.6683 30.9000
v  73.6052 -59.1349 31.2000
v  73.6052 -59.1349 30.9000
v  73.6569 -59.6032 31.2000
v  73.6569 -59.6032 30.9000
v  73.6939 -60.0730 31.2000
v  73.6939 -60.0730 30.9000
v  73.7161 -60.5437 31.2000
v  73.7161 -60.5437 30.9000
v  73.7235 -61.0149 31.2000
v  73.7235 -61.0149 30.9000
v  73.7161 -61.4860 31.2000
v  73.7161 -61.4860 30.9000
v  73.6939 -61.9567 31.2000
v  73.6939 -61.9567 30.9000
v  73.6569 -62.4265 31.2000
v  73.6569 -62.4265 30.9000
v  73.6052 -62.8949 31.2000
v  73.6052 -62.8949 30.9000
v  73.5388 -63.3614 31.2000
v  73.5388 -63.3614 30.9000
v  73.4578 -63.8256 31.2000
v  73.4578 -63.8256 30.9000
v  73.3623 -64.2870 31.2000
v  73.3623 -64.2870 30.9000
v  73.2523 -64.7452 31.2000
v  73.2523 -64.7452 30.9000
v  73.1279 -65.1997 31.2000
v  73.1279 -65.1997 30.9000
v  72.9894 -65.6501 31.2000
v  72.9894 -65.6501 30.9000
v  72.8367 -66.0959 31.2000
v  72.8367 -66.0959 30.9000
v  72.6702 -66.5367 31.2000
v  72.6702 -66.5367 30.9000
v  72.4898 -66.9721 31.2000
v  72.4898 -66.9721 30.9000
v  72.2959 -67.4016 31.2000
v  72.2959 -67.4016 30.9000
v  72.0886 -67.8247 31.2000
v  72.0886 -67.8247 30.9000
v  71.8681 -68.2412 31.2000
v  71.8681 -68.2412 30.9000
v  71.6346 -68.6505 31.2000
v  71.6346 -68.6505 30.9000
v  71.3884 -69.0523 31.2000
v  71.3884 -69.0523 30.9000
v  71.1297 -69.4461 31.2000
v  71.1297 -69.4461 30.9000
v  70.8587 -69.8316 31.2000
v  70.8587 -69.8316 30.9000
v  70.5758 -70.2085 31.2000
v  70.5758 -70.2085 30.9000
v  70.2812 -70.5762 31.2000
v  70.2812 -70.5762 30.9000
v  69.9752 -70.9345 31.2000
v  69.9752 -70.9345 30.9000
v  69.6580 -71.2831 31.2000
v  69.6580 -71.2831 30.9000
v  69.3301 -71.6215 31.2000
v  69.3301 -71.6215 30.9000
v  68.9917 -71.9494 31.2000
v  68.9917 -71.9494 30.9000
v  68.6432 -72.2665 31.2000
v  68.6432 -72.2665 30.9000
v  68.2849 -72.5726 31.2000
v  68.2849 -72.5726 30.9000
v  67.9171 -72.8672 31.2000
v  67.9171 -72.8672 30.9000
v  67.5403 -73.1501 31.2000
v  67.5403 -73.1501 30.9000
v  67.1547 -73.4211 31.2000
v  67.1547 -73.4211 30.9000
v  66.7609 -73.6798 31.2000
v  66.7609 -73.6798 30.9000
v  66.3591 -73.9260 31.2000
v  66.3591 -73.9260 30.9000
v  65.9498 -74.1595 31.2000
v  65.9498 -74.1595 30.9000
v  65.5334 -74.3800 31.2000
v  65.5334 -74.3800 30.9000
v  65.1102 -74.5873 31.2000
v  65.1102 -74.5873 30.9000
v  64.6807 -74.7812 31.2000
v  64.6807 -74.7812 30.9000
v  64.2454 -74.9615 31.2000
v  64.2454 -74.9615 30.9000
v  63.8046 -75.1281 31.2000
v  63.8046 -75.1281 30.9000
v  63.3587 -75.2807 31.2000
v  63.3587 -75.2807 30.9000
v  62.9084 -75.4193 31.2000
v  62.9084 -75.4193 30.9000
v  62.4538 -75.5436 31.2000
v  62.4538 -75.5436 30.9000
v  61.9956 -75.6536 31.2000
v  61.9956 -75.6536 30.9000
v  61.5342 -75.7492 31.2000
v  61.5342 -75.7492 30.9000
v  61.0700 -75.8302 31.2000
v  61.0700 -75.8302 30.9000
v  60.6035 -75.8966 31.2000
v  60.6035 -75.8966 30.9000
v  60.1351 -75.9483 31.2000
v  60.1351 -75.9483 30.9000
v  59.6653 -75.9853 31.2000
v  59.6653 -75.9853 30.9000
v  59.1946 -76.0075 31.2000
v  59.1946 -76.0075 30.9000
v  58.9063 -76.0149 31.2000
v  58.9063 -76.0149 30.9000
v  59.1915 -46.1222 30.8000
v  58.9591 -53.5186 30.8000
v  58.9063 -53.5149 30.8000
v  58.9063 -46.1148 30.8000
v  59.6591 -46.1443 30.8000
v  59.1944 -53.5297 30.8000
v  60.1257 -46.1810 30.8000
v  59.4293 -53.5481 30.8000
v  60.5910 -46.2323 30.8000
v  59.6635 -53.5740 30.8000
v  61.0544 -46.2983 30.8000
v  59.8968 -53.6072 30.8000
v  61.5155 -46.3788 30.8000
v  60.1289 -53.6477 30.8000
v  61.9738 -46.4737 30.8000
v  60.3596 -53.6955 30.8000
v  62.4290 -46.5830 30.8000
v  60.5887 -53.7505 30.8000
v  62.8805 -46.7065 30.8000
v  60.8160 -53.8126 30.8000
v  63.3279 -46.8441 30.8000
v  61.0411 -53.8819 30.8000
v  63.7707 -46.9957 30.8000
v  61.2640 -53.9582 30.8000
v  64.2086 -47.1612 30.8000
v  61.4844 -54.0415 30.8000
v  64.6410 -47.3403 30.8000
v  61.7021 -54.1317 30.8000
v  65.0676 -47.5329 30.8000
v  61.9169 -54.2287 30.8000
v  65.4880 -47.7389 30.8000
v  62.1284 -54.3323 30.8000
v  65.9016 -47.9579 30.8000
v  62.3367 -54.4426 30.8000
v  66.3082 -48.1898 30.8000
v  62.5413 -54.5593 30.8000
v  66.7073 -48.4344 30.8000
v  62.7422 -54.6824 30.8000
v  67.0986 -48.6913 30.8000
v  62.9391 -54.8117 30.8000
v  67.4815 -48.9605 30.8000
v  63.1319 -54.9472 30.8000
v  67.8558 -49.2415 30.8000
v  63.3203 -55.0887 30.8000
v  68.2211 -49.5342 30.8000
v  63.5042 -55.2360 30.8000
v  68.5771 -49.8382 30.8000
v  63.6833 -55.3890 30.8000
v  68.9233 -50.1532 30.8000
v  63.8576 -55.5476 30.8000
v  69.2594 -50.4790 30.8000
v  64.0268 -55.7116 30.8000
v  69.5852 -50.8151 30.8000
v  64.1908 -55.8807 30.8000
v  69.9002 -51.1613 30.8000
v  64.3493 -56.0550 30.8000
v  70.2042 -51.5172 30.8000
v  64.5024 -56.2342 30.8000
v  70.4968 -51.8825 30.8000
v  64.6497 -56.4180 30.8000
v  70.7779 -52.2569 30.8000
v  64.7911 -56.6065 30.8000
v  71.0470 -52.6398 30.8000
v  64.9266 -56.7992 30.8000
v  71.3040 -53.0310 30.8000
v  65.0560 -56.9962 30.8000
v  71.5486 -53.4301 30.8000
v  65.1791 -57.1970 30.8000
v  71.7805 -53.8367 30.8000
v  65.2958 -57.4017 30.8000
v  71.9995 -54.2504 30.8000
v  65.4061 -57.6099 30.8000
v  72.2054 -54.6707 30.8000
v  65.5097 -57.8215 30.8000
v  72.3981 -55.0974 30.8000
v  65.6067 -58.0362 30.8000
v  72.5772 -55.5298 30.8000
v  65.6968 -58.2539 30.8000
v  72.7426 -55.9677 30.8000
v  65.7801 -58.4743 30.8000
v  72.8943 -56.4105 30.8000
v  65.8564 -58.6972 30.8000
v  73.0319 -56.8579 30.8000
v  65.9257 -58.9224 30.8000
v  73.1554 -57.3094 30.8000
v  65.9879 -59.1497 30.8000
v  73.2647 -57.7645 30.8000
v  66.0429 -59.3788 30.8000
v  73.3596 -58.2229 30.8000
v  66.0907 -59.6095 30.8000
v  73.4401 -58.6840 30.8000
v  66.1312 -59.8416 30.8000
v  73.5060 -59.1474 30.8000
v  66.1644 -60.0749 30.8000
v  73.5574 -59.6126 30.8000
v  66.1902 -60.3090 30.8000
v  73.5941 -60.0793 30.8000
v  66.2087 -60.5439 30.8000
v  73.6162 -60.5468 30.8000
v  66.2198 -60.7793 30.8000
v  73.6235 -61.0149 30.8000
v  66.2235 -61.0149 30.8000
v  73.6162 -61.4829 30.8000
v  66.2198 -61.2504 30.8000
v  73.5941 -61.9504 30.8000
v  66.2087 -61.4858 30.8000
v  73.5574 -62.4171 30.8000
v  66.1902 -61.7207 30.8000
v  73.5060 -62.8823 30.8000
v  66.1644 -61.9549 30.8000
v  73.4401 -63.3457 30.8000
v  66.1312 -62.1881 30.8000
v  73.3596 -63.8069 30.8000
v  66.0907 -62.4202 30.8000
v  73.2647 -64.2652 30.8000
v  66.0429 -62.6509 30.8000
v  73.1554 -64.7203 30.8000
v  65.9879 -62.8800 30.8000
v  73.0319 -65.1718 30.8000
v  65.9257 -63.1073 30.8000
v  72.8942 -65.6192 30.8000
v  65.8564 -63.3325 30.8000
v  72.7426 -66.0621 30.8000
v  65.7801 -63.5554 30.8000
v  72.5772 -66.4999 30.8000
v  65.6968 -63.7758 30.8000
v  72.3980 -66.9324 30.8000
v  65.6067 -63.9935 30.8000
v  72.2054 -67.3590 30.8000
v  65.5097 -64.2082 30.8000
v  71.9995 -67.7793 30.8000
v  65.4061 -64.4198 30.8000
v  71.7805 -68.1930 30.8000
v  65.2958 -64.6280 30.8000
v  71.5486 -68.5996 30.8000
v  65.1791 -64.8327 30.8000
v  71.3040 -68.9987 30.8000
v  65.0560 -65.0336 30.8000
v  71.0470 -69.3899 30.8000
v  64.9266 -65.2305 30.8000
v  70.7779 -69.7729 30.8000
v  64.7911 -65.4232 30.8000
v  70.4968 -70.1472 30.8000
v  64.6497 -65.6117 30.8000
v  70.2041 -70.5125 30.8000
v  64.5024 -65.7955 30.8000
v  69.9002 -70.8684 30.8000
v  64.3493 -65.9747 30.8000
v  69.5851 -71.2146 30.8000
v  64.1908 -66.1490 30.8000
v  69.2594 -71.5508 30.8000
v  64.0268 -66.3182 30.8000
v  68.9232 -71.8765 30.8000
v  63.8576 -66.4821 30.8000
v  68.5770 -72.1915 30.8000
v  63.6833 -66.6407 30.8000
v  68.2211 -72.4955 30.8000
v  63.5042 -66.7937 30.8000
v  67.8558 -72.7882 30.8000
v  63.3203 -66.9410 30.8000
v  67.4815 -73.0692 30.8000
v  63.1319 -67.0825 30.8000
v  67.0985 -73.3384 30.8000
v  62.9391 -67.2180 30.8000
v  66.7073 -73.5953 30.8000
v  62.7422 -67.3473 30.8000
v  66.3082 -73.8399 30.8000
v  62.5413 -67.4704 30.8000
v  65.9016 -74.0718 30.8000
v  62.3367 -67.5872 30.8000
v  65.4879 -74.2909 30.8000
v  62.1284 -67.6974 30.8000
v  65.0676 -74.4968 30.8000
v  61.9168 -67.8011 30.8000
v  64.6410 -74.6894 30.8000
v  61.7021 -67.8980 30.8000
v  64.2085 -74.8685 30.8000
v  61.4844 -67.9882 30.8000
v  63.7707 -75.0340 30.8000
v  61.2640 -68.0715 30.8000
v  63.3278 -75.1856 30.8000
v  61.0411 -68.1478 30.8000
v  62.8805 -75.3232 30.8000
v  60.8159 -68.2171 30.8000
v  62.4290 -75.4467 30.8000
v  60.5887 -68.2792 30.8000
v  61.9738 -75.5560 30.8000
v  60.3596 -68.3342 30.8000
v  61.5155 -75.6509 30.8000
v  60.1289 -68.3820 30.8000
v  61.0544 -75.7314 30.8000
v  59.8968 -68.4225 30.8000
v  60.5909 -75.7974 30.8000
v  59.6635 -68.4557 30.8000
v  60.1257 -75.8487 30.8000
v  59.4293 -68.4816 30.8000
v  59.6591 -75.8855 30.8000
v  59.1944 -68.5001 30.8000
v  59.1915 -75.9075 30.8000
v  58.9591 -68.5112 30.8000
v  58.9063 -75.9149 30.8000
v  58.9063 -68.5148 30.8000
v  58.9063 -61.0149 30.8000
v  58.9063 -46.1148 31.3000
v  58.9063 -53.5149 31.3000
v  58.9591 -53.5186 31.3000
v  59.1915 -46.1222 31.3000
v  59.1944 -53.5297 31.3000
v  59.6591 -46.1443 31.3000
v  59.4293 -53.5481 31.3000
v  60.1257 -46.1810 31.3000
v  59.6635 -53.5740 31.3000
v  60.5910 -46.2323 31.3000
v  59.8968 -53.6072 31.3000
v  61.0544 -46.2983 31.3000
v  60.1289 -53.6477 31.3000
v  61.5155 -46.3788 31.3000
v  60.3596 -53.6955 31.3000
v  61.9738 -46.4737 31.3000
v  60.5887 -53.7505 31.3000
v  62.4290 -46.5830 31.3000
v  60.8160 -53.8126 31.3000
v  62.8805 -46.7065 31.3000
v  61.0411 -53.8819 31.3000
v  63.3279 -46.8441 31.3000
v  61.2640 -53.9582 31.3000
v  63.7707 -46.9957 31.3000
v  61.4844 -54.0415 31.3000
v  64.2086 -47.1612 31.3000
v  61.7021 -54.1317 31.3000
v  64.6410 -47.3403 31.3000
v  61.9169 -54.2287 31.3000
v  65.0676 -47.5329 31.3000
v  62.1284 -54.3323 31.3000
v  65.4880 -47.7389 31.3000
v  62.3367 -54.4426 31.3000
v  65.9016 -47.9579 31.3000
v  62.5413 -54.5593 31.3000
v  66.3082 -48.1898 31.3000
v  62.7422 -54.6824 31.3000
v  66.7073 -48.4344 31.3000
v  62.9391 -54.8117 31.3000
v  67.0986 -48.6913 31.3000
v  63.1319 -54.9472 31.3000
v  67.4815 -48.9605 31.3000
v  63.3203 -55.0887 31.3000
v  67.8558 -49.2415 31.3000
v  63.5042 -55.2360 31.3000
v  68.2211 -49.5342 31.3000
v  63.6833 -55.3890 31.3000
v  68.5771 -49.8382 31.3000
v  63.8576 -55.5476 31.3000
v  68.9233 -50.1532 31.3000
v  64.0268 -55.7116 31.3000
v  69.2594 -50.4790 31.3000
v  64.1908 -55.8807 31.3000
v  69.5852 -50.8151 31.3000
v  64.3493 -56.0550 31.3000
v  69.9002 -51.1613 31.3000
v  64.5024 -56.2342 31.3000
v  70.2042 -51.5172 31.3000
v  64.6497 -56.4180 31.3000
v  70.4968 -51.8825 31.3000
v  64.7911 -56.6065 31.3000
v  70.7779 -52.2569 31.3000
v  64.9266 -56.7992 31.3000
v  71.0470 -52.6398 31.3000
v  65.0560 -56.9962 31.3000
v  71.3040 -53.0310 31.3000
v  65.1791 -57.1970 31.3000
v  71.5486 -53.4301 31.3000
v  65.2958 -57.4017 31.3000
v  71.7805 -53.8367 31.3000
v  65.4061 -57.6099 31.3000
v  71.9995 -54.2504 31.3000
v  65.5097 -57.8215 31.3000
v  72.2054 -54.6707 31.3000
v  65.6067 -58.0362 31.3000
v  72.3981 -55.0974 31.3000
v  65.6968 -58.2539 31.3000
v  72.5772 -55.5298 31.3000
v  65.7801 -58.4743 31.3000
v  72.7426 -55.9677 31.3000
v  65.8564 -58.6972 31.3000
v  72.8943 -56.4105 31.3000
v  65.9257 -58.9224 31.3000
v  73.0319 -56.8579 31.3000
v  65.9879 -59.1497 31.3000
v  73.1554 -57.3094 31.3000
v  66.0429 -59.3788 31.3000
v  73.2647 -57.7645 31.3000
v  66.0907 -59.6095 31.3000
v  73.3596 -58.2229 31.3000
v  66.1312 -59.8416 31.3000
v  73.4401 -58.6840 31.3000
v  66.1644 -60.0749 31.3000
v  73.5060 -59.1474 31.3000
v  66.1902 -60.3090 31.3000
v  73.5574 -59.6126 31.3000
v  66.2087 -60.5439 31.3000
v  73.5941 -60.0793 31.3000
v  66.2198 -60.7793 31.3000
v  73.6162 -60.5468 31.3000
v  66.2235 -61.0149 31.3000
v  73.6235 -61.0149 31.3000
v  66.2198 -61.2504 31.3000
v  73.6162 -61.4829 31.3000
v  66.2087 -61.4858 31.3000
v  73.5941 -61.9504 31.3000
v  66.1902 -61.7207 31.3000
v  73.5574 -62.4171 31.3000
v  66.1644 -61.9549 31.3000
v  73.5060 -62.8823 31.3000
v  66.1312 -62.1881 31.3000
v  73.4401 -63.3457 31.3000
v  66.0907 -62.4202 31.3000
v  73.3596 -63.8069 31.3000
v  66.0429 -62.6509 31.3000
v  73.2647 -64.2652 31.3000
v  65.9879 -62.8800 31.3000
v  73.1554 -64.7203 31.3000
v  65.9257 -63.1073 31.3000
v  73.0319 -65.1718 31.3000
v  65.8564 -63.3325 31.3000
v  72.8942 -65.6192 31.3000
v  65.7801 -63.5554 31.3000
v  72.7426 -66.0621 31.3000
v  65.6968 -63.7758 31.3000
v  72.5772 -66.4999 31.3000
v  65.6067 -63.9935 31.3000
v  72.3980 -66.9324 31.3000
v  65.5097 -64.2082 31.3000
v  72.2054 -67.3590 31.3000
v  65.4061 -64.4198 31.3000
v  71.9995 -67.7793 31.3000
v  65.2958 -64.6280 31.3000
v  71.7805 -68.1930 31.3000
v  65.1791 -64.8327 31.3000
v  71.5486 -68.5996 31.3000
v  65.0560 -65.0336 31.3000
v  71.3040 -68.9987 31.3000
v  64.9266 -65.2305 31.3000
v  71.0470 -69.3899 31.3000
v  64.7911 -65.4232 31.3000
v  70.7779 -69.7729 31.3000
v  64.6497 -65.6117 31.3000
v  70.4968 -70.1472 31.3000
v  64.5024 -65.7955 31.3000
v  70.2041 -70.5125 31.3000
v  64.3493 -65.9747 31.3000
v  69.9002 -70.8684 31.3000
v  64.1908 -66.1490 31.3000
v  69.5851 -71.2146 31.3000
v  64.0268 -66.3182 31.3000
v  69.2594 -71.5508 31.3000
v  63.8576 -66.4821 31.3000
v  68.9232 -71.8765 31.3000
v  63.6833 -66.6407 31.3000
v  68.5770 -72.1915 31.3000
v  63.5042 -66.7937 31.3000
v  68.2211 -72.4955 31.3000
v  63.3203 -66.9410 31.3000
v  67.8558 -72.7882 31.3000
v  63.1319 -67.0825 31.3000
v  67.4815 -73.0692 31.3000
v  62.9391 -67.2180 31.3000
v  67.0985 -73.3384 31.3000
v  62.7422 -67.3473 31.3000
v  66.7073 -73.5953 31.3000
v  62.5413 -67.4704 31.3000
v  66.3082 -73.8399 31.3000
v  62.3367 -67.5872 31.3000
v  65.9016 -74.0718 31.3000
v  62.1284 -67.6974 31.3000
v  65.4879 -74.2909 31.3000
v  61.9168 -67.8011 31.3000
v  65.0676 -74.4968 31.3000
v  61.7021 -67.8980 31.3000
v  64.6410 -74.6894 31.3000
v  61.4844 -67.9882 31.3000
v  64.2085 -74.8685 31.3000
v  61.2640 -68.0715 31.3000
v  63.7707 -75.0340 31.3000
v  61.0411 -68.1478 31.3000
v  63.3278 -75.1856 31.3000
v  60.8159 -68.2171 31.3000
v  62.8805 -75.3232 31.3000
v  60.5887 -68.2792 31.3000
v  62.4290 -75.4467 31.3000
v  60.3596 -68.3342 31.3000
v  61.9738 -75.5560 31.3000
v  60.1289 -68.3820 31.3000
v  61.5155 -75.6509 31.3000
v  59.8968 -68.4225 31.3000
v  61.0544 -75.7314 31.3000
v  59.6635 -68.4557 31.3000
v  60.5909 -75.7974 31.3000
v  59.4293 -68.4816 31.3000
v  60.1257 -75.8487 31.3000
v  59.1944 -68.5001 31.3000
v  59.6591 -75.8855 31.3000
v  58.9591 -68.5112 31.3000
v  59.1915 -75.9075 31.3000
v  58.9063 -68.5148 31.3000
v  58.9063 -75.9149 31.3000
v  58.9063 -61.0149 31.3000
v  58.6235 -68.5148 31.2000
v  58.6235 -68.5148 30.8000
v  58.6235 -75.9149 30.8000
v  58.6235 -75.9149 31.2000
v  58.6235 -61.0149 31.2000
v  58.6235 -61.0149 30.8000
v  58.6235 -53.5149 31.2000
v  58.6235 -53.5149 30.8000
v  58.6235 -46.1148 31.2000
v  58.6235 -46.1148 30.8000
v  58.8063 -46.0148 30.8000
v  58.7235 -46.0148 30.8000
v  58.7235 -46.0148 31.2000
v  58.7235 -46.1148 31.3000
v  58.7235 -53.5149 31.3000
v  58.7235 -61.0149 31.3000
v  58.7235 -68.5148 31.3000
v  58.7235 -75.9149 31.3000
v  58.7235 -76.0149 31.2000
v  58.7235 -76.0149 30.8000
v  58.8063 -76.0149 30.8000
v  58.8063 -76.0149 28.8000
v  58.7235 -76.0149 28.8000
v  58.6235 -75.9149 28.8000
v  58.6235 -68.5148 28.8000
v  58.9063 -68.5148 28.8000
v  58.9063 -75.9149 28.8000
v  58.6235 -61.0149 28.8000
v  58.9063 -61.0149 28.8000
v  58.6235 -53.5149 28.8000
v  58.9063 -53.5149 28.8000
v  58.6235 -46.1148 28.8000
v  58.7235 -46.0148 28.8000
v  58.8063 -46.0148 28.8000
v  58.9063 -46.1148 28.8000
# 4168 vertices

vt 0.9967 0.0007 0.0000
vt 0.9967 0.9993 0.0000
vt 0.0033 0.9993 0.0000
vt 0.0033 0.0007 0.0000
vt 0.0033 0.1250 0.0000
vt 0.9967 0.1250 0.0000
vt 0.9967 0.8750 0.0000
vt 0.0033 0.8750 0.0000
vt 0.0007 0.1250 0.0000
vt 0.9993 0.1250 0.0000
vt 0.9993 0.8750 0.0000
vt 0.0007 0.8750 0.0000
vt 0.9967 0.0006 0.0000
vt 0.9967 0.9994 0.0000
vt 0.0033 0.9994 0.0000
vt 0.0033 0.0006 0.0000
vt 0.0006 0.1250 0.0000
vt 0.9994 0.1250 0.0000
vt 0.9994 0.8750 0.0000
vt 0.0006 0.8750 0.0000
vt 0.0033 0.0500 0.0000
vt 0.9967 0.0500 0.0000
vt 0.9967 0.9500 0.0000
vt 0.0033 0.9500 0.0000
vt 0.0006 0.0500 0.0000
vt 0.9994 0.0500 0.0000
vt 0.9994 0.9500 0.0000
vt 0.0006 0.9500 0.0000
vt -1.3755 0.0555 0.0000
vt -1.3755 -0.0053 0.0000
vt -0.0018 0.1858 0.0000
vt -0.0600 0.0017 0.0000
vt 0.0009 0.1858 0.0000
vt -0.0599 0.0017 0.0000
vt -2.1255 0.0555 0.0000
vt -2.1255 -0.0053 0.0000
vt -0.0599 0.9983 0.0000
vt 0.0009 0.8142 0.0000
vt -0.0600 0.9983 0.0000
vt -0.0018 0.8142 0.0000
vt -1.3751 0.0546 0.0000
vt -1.3751 -0.0062 0.0000
vt -2.1251 0.0546 0.0000
vt -2.1251 -0.0062 0.0000
vt 0.5806 0.0224 0.0000
vt 0.5806 -0.0030 0.0000
vt -0.0020 0.0753 0.0000
vt -0.0245 0.0016 0.0000
vt 0.0007 0.0753 0.0000
vt -0.0244 0.0016 0.0000
vt -0.3194 0.0224 0.0000
vt -0.3194 -0.0030 0.0000
vt -0.0244 0.9984 0.0000
vt 0.0007 0.9247 0.0000
vt -0.0245 0.9984 0.0000
vt -0.0020 0.9247 0.0000
vt 0.9993 0.0027 0.0000
vt 0.0007 0.0027 0.0000
vt 0.9967 -0.0000 0.0000
vt 0.0033 -0.0000 0.0000
vt 0.0033 1.0000 0.0000
vt 0.9967 1.0000 0.0000
vt 0.0007 0.9973 0.0000
vt 0.9993 0.9973 0.0000
vt 0.1774 0.1250 0.0000
vt 0.1774 0.8750 0.0000
vt 0.8226 0.8750 0.0000
vt 0.8226 0.1250 0.0000
vt 0.1801 0.1250 0.0000
vt 0.1801 0.8750 0.0000
vt 0.9994 0.0027 0.0000
vt 0.0006 0.0027 0.0000
vt 0.0006 0.9973 0.0000
vt 0.9994 0.9973 0.0000
vt 0.0714 0.0500 0.0000
vt 0.0714 0.9500 0.0000
vt 0.9286 0.9500 0.0000
vt 0.9286 0.0500 0.0000
vt 0.0740 0.0500 0.0000
vt 0.0740 0.9500 0.0000
vt 0.9950 0.0151 0.0000
vt 0.9950 0.9849 0.0000
vt 0.0050 0.9849 0.0000
vt 0.0050 0.0151 0.0000
vt 0.0050 0.1875 0.0000
vt 0.9950 0.1875 0.0000
vt 0.9950 0.8125 0.0000
vt 0.0050 0.8125 0.0000
vt 0.0151 0.1875 0.0000
vt 0.9849 0.1875 0.0000
vt 0.9849 0.8125 0.0000
vt 0.0151 0.8125 0.0000
vt 0.8650 0.0151 0.0000
vt 0.8650 0.9849 0.0000
vt 0.1350 0.9849 0.0000
vt 0.1350 0.0151 0.0000
vt 0.1350 0.3750 0.0000
vt 0.8650 0.3750 0.0000
vt 0.8650 0.6250 0.0000
vt 0.1350 0.6250 0.0000
vt 0.0151 0.3750 0.0000
vt 0.9849 0.3750 0.0000
vt 0.9849 0.6250 0.0000
vt 0.0151 0.6250 0.0000
vt -0.0072 0.2846 0.0000
vt -0.0934 0.0073 0.0000
vt -1.1080 0.2364 0.0000
vt -1.1080 0.1386 0.0000
vt 0.0029 0.2846 0.0000
vt -0.0926 0.0073 0.0000
vt -1.1080 0.8614 0.0000
vt -1.1080 0.7636 0.0000
vt -0.0934 0.9927 0.0000
vt -0.0072 0.7154 0.0000
vt -0.0926 0.9927 0.0000
vt 0.0029 0.7154 0.0000
vt 0.0032 0.5845 0.0000
vt -0.1550 0.0596 0.0000
vt -0.2154 0.1656 0.0000
vt -0.2154 -0.0819 0.0000
vt -0.1167 0.5845 0.0000
vt -0.1982 0.0596 0.0000
vt -0.2154 1.0819 0.0000
vt -0.2154 0.8344 0.0000
vt -0.1550 0.9404 0.0000
vt 0.0032 0.4155 0.0000
vt -0.1982 0.9404 0.0000
vt -0.1167 0.4155 0.0000
vt 0.0347 0.1656 0.0000
vt 0.0347 -0.0819 0.0000
vt 0.9849 -0.0000 0.0000
vt 0.0151 -0.0000 0.0000
vt 0.9950 0.0101 0.0000
vt 0.0050 0.0101 0.0000
vt 0.0050 0.9899 0.0000
vt 0.9950 0.9899 0.0000
vt 0.0151 1.0000 0.0000
vt 0.9849 1.0000 0.0000
vt 0.2802 0.1875 0.0000
vt 0.2802 0.8125 0.0000
vt 0.7198 0.8125 0.0000
vt 0.7198 0.1875 0.0000
vt 0.2702 0.1875 0.0000
vt 0.2702 0.8125 0.0000
vt 0.9849 0.1190 0.0000
vt 0.0151 0.1190 0.0000
vt 0.8650 -0.0085 0.0000
vt 0.1350 -0.0085 0.0000
vt 0.1350 1.0085 0.0000
vt 0.8650 1.0085 0.0000
vt 0.0151 0.8810 0.0000
vt 0.9849 0.8810 0.0000
vt 0.5454 0.3750 0.0000
vt 0.5454 0.6250 0.0000
vt 0.4546 0.6250 0.0000
vt 0.4546 0.3750 0.0000
vt 0.6653 0.3750 0.0000
vt 0.6653 0.6250 0.0000
vt 0.0000 0.2000 1.0000
vt 0.0050 0.2000 1.0000
vt 0.0050 0.8000 1.0000
vt 0.0000 0.8000 1.0000
vt 0.0100 0.2000 1.0000
vt 0.0100 0.8000 1.0000
vt 0.0150 0.2000 1.0000
vt 0.0150 0.8000 1.0000
vt 0.0200 0.2000 1.0000
vt 0.0200 0.8000 1.0000
vt 0.0250 0.2000 1.0000
vt 0.0250 0.8000 1.0000
vt 0.0300 0.2000 1.0000
vt 0.0300 0.8000 1.0000
vt 0.0350 0.2000 1.0000
vt 0.0350 0.8000 1.0000
vt 0.0400 0.2000 1.0000
vt 0.0400 0.8000 1.0000
vt 0.0450 0.2000 1.0000
vt 0.0450 0.8000 1.0000
vt 0.0500 0.2000 1.0000
vt 0.0500 0.8000 1.0000
vt 0.0550 0.2000 1.0000
vt 0.0550 0.8000 1.0000
vt 0.0600 0.2000 1.0000
vt 0.0600 0.8000 1.0000
vt 0.0650 0.2000 1.0000
vt 0.0650 0.8000 1.0000
vt 0.0700 0.2000 1.0000
vt 0.0700 0.8000 1.0000
vt 0.0750 0.2000 1.0000
vt 0.0750 0.8000 1.0000
vt 0.0800 0.2000 1.0000
vt 0.0800 0.8000 1.0000
vt 0.0850 0.2000 1.0000
vt 0.0850 0.8000 1.0000
vt 0.0900 0.2000 1.0000
vt 0.0900 0.8000 1.0000
vt 0.0950 0.2000 1.0000
vt 0.0950 0.8000 1.0000
vt 0.1000 0.2000 1.0000
vt 0.1000 0.8000 1.0000
vt 0.1050 0.2000 1.0000
vt 0.1050 0.8000 1.0000
vt 0.1100 0.2000 1.0000
vt 0.1100 0.8000 1.0000
vt 0.1150 0.2000 1.0000
vt 0.1150 0.8000 1.0000
vt 0.1200 0.2000 1.0000
vt 0.1200 0.8000 1.0000
vt 0.1250 0.2000 1.0000
vt 0.1250 0.8000 1.0000
vt 0.1300 0.2000 1.0000
vt 0.1300 0.8000 1.0000
vt 0.1350 0.2000 1.0000
vt 0.1350 0.8000 1.0000
vt 0.1400 0.2000 1.0000
vt 0.1400 0.8000 1.0000
vt 0.1450 0.2000 1.0000
vt 0.1450 0.8000 1.0000
vt 0.1500 0.2000 1.0000
vt 0.1500 0.8000 1.0000
vt 0.1550 0.2000 1.0000
vt 0.1550 0.8000 1.0000
vt 0.1600 0.2000 1.0000
vt 0.1600 0.8000 1.0000
vt 0.1650 0.2000 1.0000
vt 0.1650 0.8000 1.0000
vt 0.1700 0.2000 1.0000
vt 0.1700 0.8000 1.0000
vt 0.1750 0.2000 1.0000
vt 0.1750 0.8000 1.0000
vt 0.1800 0.2000 1.0000
vt 0.1800 0.8000 1.0000
vt 0.1850 0.2000 1.0000
vt 0.1850 0.8000 1.0000
vt 0.1900 0.2000 1.0000
vt 0.1900 0.8000 1.0000
vt 0.1950 0.2000 1.0000
vt 0.1950 0.8000 1.0000
vt 0.2000 0.2000 1.0000
vt 0.2000 0.8000 1.0000
vt 0.2050 0.2000 1.0000
vt 0.2050 0.8000 1.0000
vt 0.2100 0.2000 1.0000
vt 0.2100 0.8000 1.0000
vt 0.2150 0.2000 1.0000
vt 0.2150 0.8000 1.0000
vt 0.2200 0.2000 1.0000
vt 0.2200 0.8000 1.0000
vt 0.2250 0.2000 1.0000
vt 0.2250 0.8000 1.0000
vt 0.2300 0.2000 1.0000
vt 0.2300 0.8000 1.0000
vt 0.2350 0.2000 1.0000
vt 0.2350 0.8000 1.0000
vt 0.2400 0.2000 1.0000
vt 0.2400 0.8000 1.0000
vt 0.2450 0.2000 1.0000
vt 0.2450 0.8000 1.0000
vt 0.2500 0.2000 1.0000
vt 0.2500 0.8000 1.0000
vt 0.2550 0.2000 1.0000
vt 0.2550 0.8000 1.0000
vt 0.2600 0.2000 1.0000
vt 0.2600 0.8000 1.0000
vt 0.2650 0.2000 1.0000
vt 0.2650 0.8000 1.0000
vt 0.2700 0.2000 1.0000
vt 0.2700 0.8000 1.0000
vt 0.2750 0.2000 1.0000
vt 0.2750 0.8000 1.0000
vt 0.2800 0.2000 1.0000
vt 0.2800 0.8000 1.0000
vt 0.2850 0.2000 1.0000
vt 0.2850 0.8000 1.0000
vt 0.2900 0.2000 1.0000
vt 0.2900 0.8000 1.0000
vt 0.2950 0.2000 1.0000
vt 0.2950 0.8000 1.0000
vt 0.3000 0.2000 1.0000
vt 0.3000 0.8000 1.0000
vt 0.3050 0.2000 1.0000
vt 0.3050 0.8000 1.0000
vt 0.3100 0.2000 1.0000
vt 0.3100 0.8000 1.0000
vt 0.3150 0.2000 1.0000
vt 0.3150 0.8000 1.0000
vt 0.3200 0.2000 1.0000
vt 0.3200 0.8000 1.0000
vt 0.3250 0.2000 1.0000
vt 0.3250 0.8000 1.0000
vt 0.3300 0.2000 1.0000
vt 0.3300 0.8000 1.0000
vt 0.3350 0.2000 1.0000
vt 0.3350 0.8000 1.0000
vt 0.3400 0.2000 1.0000
vt 0.3400 0.8000 1.0000
vt 0.3450 0.2000 1.0000
vt 0.3450 0.8000 1.0000
vt 0.3500 0.2000 1.0000
vt 0.3500 0.8000 1.0000
vt 0.3550 0.2000 1.0000
vt 0.3550 0.8000 1.0000
vt 0.3600 0.2000 1.0000
vt 0.3600 0.8000 1.0000
vt 0.3650 0.2000 1.0000
vt 0.3650 0.8000 1.0000
vt 0.3700 0.2000 1.0000
vt 0.3700 0.8000 1.0000
vt 0.3750 0.2000 1.0000
vt 0.3750 0.8000 1.0000
vt 0.3800 0.2000 1.0000
vt 0.3800 0.8000 1.0000
vt 0.3850 0.2000 1.0000
vt 0.3850 0.8000 1.0000
vt 0.3900 0.2000 1.0000
vt 0.3900 0.8000 1.0000
vt 0.3950 0.2000 1.0000
vt 0.3950 0.8000 1.0000
vt 0.4000 0.2000 1.0000
vt 0.4000 0.8000 1.0000
vt 0.4050 0.2000 1.0000
vt 0.4050 0.8000 1.0000
vt 0.4100 0.2000 1.0000
vt 0.4100 0.8000 1.0000
vt 0.4150 0.2000 1.0000
vt 0.4150 0.8000 1.0000
vt 0.4200 0.2000 1.0000
vt 0.4200 0.8000 1.0000
vt 0.4250 0.2000 1.0000
vt 0.4250 0.8000 1.0000
vt 0.4300 0.2000 1.0000
vt 0.4300 0.8000 1.0000
vt 0.4350 0.2000 1.0000
vt 0.4350 0.8000 1.0000
vt 0.4400 0.2000 1.0000
vt 0.4400 0.8000 1.0000
vt 0.4450 0.2000 1.0000
vt 0.4450 0.8000 1.0000
vt 0.4500 0.2000 1.0000
vt 0.4500 0.8000 1.0000
vt 0.4550 0.2000 1.0000
vt 0.4550 0.8000 1.0000
vt 0.4600 0.2000 1.0000
vt 0.4600 0.8000 1.0000
vt 0.4650 0.2000 1.0000
vt 0.4650 0.8000 1.0000
vt 0.4700 0.2000 1.0000
vt 0.4700 0.8000 1.0000
vt 0.4750 0.2000 1.0000
vt 0.4750 0.8000 1.0000
vt 0.4800 0.2000 1.0000
vt 0.4800 0.8000 1.0000
vt 0.4850 0.2000 1.0000
vt 0.4850 0.8000 1.0000
vt 0.4900 0.2000 1.0000
vt 0.4900 0.8000 1.0000
vt 0.4950 0.2000 1.0000
vt 0.4950 0.8000 1.0000
vt 0.5000 0.2000 1.0000
vt 0.5000 0.8000 1.0000
vt 0.0036 0.4844 -0.2500
vt 0.0033 0.5000 -0.2500
vt 0.2500 0.5000 -0.2500
vt 0.2501 0.4921 -0.2500
vt 0.0043 0.4688 -0.2500
vt 0.2505 0.4843 -0.2500
vt 0.0055 0.4533 -0.2500
vt 0.2511 0.4765 -0.2500
vt 0.0072 0.4378 -0.2500
vt 0.2520 0.4687 -0.2500
vt 0.0094 0.4223 -0.2500
vt 0.2531 0.4609 -0.2500
vt 0.0121 0.4069 -0.2500
vt 0.2544 0.4532 -0.2500
vt 0.0153 0.3917 -0.2500
vt 0.2560 0.4455 -0.2500
vt 0.0189 0.3765 -0.2500
vt 0.2579 0.4378 -0.2500
vt 0.0231 0.3614 -0.2500
vt 0.2599 0.4303 -0.2500
vt 0.0276 0.3465 -0.2500
vt 0.2622 0.4227 -0.2500
vt 0.0327 0.3318 -0.2500
vt 0.2648 0.4153 -0.2500
vt 0.0382 0.3172 -0.2500
vt 0.2676 0.4080 -0.2500
vt 0.0442 0.3027 -0.2500
vt 0.2706 0.4007 -0.2500
vt 0.0506 0.2885 -0.2500
vt 0.2738 0.3936 -0.2500
vt 0.0575 0.2745 -0.2500
vt 0.2772 0.3865 -0.2500
vt 0.0648 0.2607 -0.2500
vt 0.2809 0.3796 -0.2500
vt 0.0725 0.2472 -0.2500
vt 0.2848 0.3727 -0.2500
vt 0.0807 0.2339 -0.2500
vt 0.2889 0.3660 -0.2500
vt 0.0892 0.2208 -0.2500
vt 0.2932 0.3595 -0.2500
vt 0.0982 0.2081 -0.2500
vt 0.2977 0.3531 -0.2500
vt 0.1076 0.1956 -0.2500
vt 0.3025 0.3468 -0.2500
vt 0.1173 0.1834 -0.2500
vt 0.3074 0.3406 -0.2500
vt 0.1274 0.1715 -0.2500
vt 0.3125 0.3347 -0.2500
vt 0.1379 0.1600 -0.2500
vt 0.3178 0.3289 -0.2500
vt 0.1488 0.1488 -0.2500
vt 0.3232 0.3232 -0.2500
vt 0.1600 0.1379 -0.2500
vt 0.3289 0.3178 -0.2500
vt 0.1715 0.1274 -0.2500
vt 0.3347 0.3125 -0.2500
vt 0.1834 0.1173 -0.2500
vt 0.3406 0.3074 -0.2500
vt 0.1956 0.1076 -0.2500
vt 0.3468 0.3025 -0.2500
vt 0.2081 0.0982 -0.2500
vt 0.3531 0.2977 -0.2500
vt 0.2208 0.0892 -0.2500
vt 0.3595 0.2932 -0.2500
vt 0.2339 0.0807 -0.2500
vt 0.3660 0.2889 -0.2500
vt 0.2472 0.0725 -0.2500
vt 0.3727 0.2848 -0.2500
vt 0.2607 0.0648 -0.2500
vt 0.3796 0.2809 -0.2500
vt 0.2745 0.0575 -0.2500
vt 0.3865 0.2772 -0.2500
vt 0.2885 0.0506 -0.2500
vt 0.3936 0.2738 -0.2500
vt 0.3028 0.0442 -0.2500
vt 0.4007 0.2706 -0.2500
vt 0.3172 0.0382 -0.2500
vt 0.4080 0.2676 -0.2500
vt 0.3318 0.0327 -0.2500
vt 0.4153 0.2648 -0.2500
vt 0.3465 0.0276 -0.2500
vt 0.4227 0.2622 -0.2500
vt 0.3614 0.0231 -0.2500
vt 0.4303 0.2599 -0.2500
vt 0.3765 0.0189 -0.2500
vt 0.4378 0.2579 -0.2500
vt 0.3917 0.0153 -0.2500
vt 0.4455 0.2560 -0.2500
vt 0.4069 0.0121 -0.2500
vt 0.4532 0.2544 -0.2500
vt 0.4223 0.0094 -0.2500
vt 0.4609 0.2531 -0.2500
vt 0.4378 0.0072 -0.2500
vt 0.4687 0.2520 -0.2500
vt 0.4533 0.0055 -0.2500
vt 0.4765 0.2511 -0.2500
vt 0.4688 0.0043 -0.2500
vt 0.4843 0.2505 -0.2500
vt 0.4844 0.0036 -0.2500
vt 0.4921 0.2501 -0.2500
vt 0.5000 0.0033 -0.2500
vt 0.5000 0.2500 -0.2500
vt 0.5156 0.0036 -0.2500
vt 0.5079 0.2501 -0.2500
vt 0.5312 0.0043 -0.2500
vt 0.5157 0.2505 -0.2500
vt 0.5467 0.0055 -0.2500
vt 0.5235 0.2511 -0.2500
vt 0.5622 0.0072 -0.2500
vt 0.5313 0.2520 -0.2500
vt 0.5777 0.0094 -0.2500
vt 0.5391 0.2531 -0.2500
vt 0.5931 0.0121 -0.2500
vt 0.5468 0.2544 -0.2500
vt 0.6083 0.0153 -0.2500
vt 0.5545 0.2560 -0.2500
vt 0.6235 0.0189 -0.2500
vt 0.5622 0.2579 -0.2500
vt 0.6386 0.0231 -0.2500
vt 0.5697 0.2599 -0.2500
vt 0.6535 0.0276 -0.2500
vt 0.5773 0.2622 -0.2500
vt 0.6682 0.0327 -0.2500
vt 0.5847 0.2648 -0.2500
vt 0.6828 0.0382 -0.2500
vt 0.5920 0.2676 -0.2500
vt 0.6973 0.0442 -0.2500
vt 0.5993 0.2706 -0.2500
vt 0.7115 0.0506 -0.2500
vt 0.6064 0.2738 -0.2500
vt 0.7255 0.0575 -0.2500
vt 0.6135 0.2772 -0.2500
vt 0.7393 0.0648 -0.2500
vt 0.6204 0.2809 -0.2500
vt 0.7528 0.0725 -0.2500
vt 0.6273 0.2848 -0.2500
vt 0.7661 0.0807 -0.2500
vt 0.6340 0.2889 -0.2500
vt 0.7792 0.0892 -0.2500
vt 0.6405 0.2932 -0.2500
vt 0.7919 0.0982 -0.2500
vt 0.6469 0.2977 -0.2500
vt 0.8044 0.1076 -0.2500
vt 0.6532 0.3025 -0.2500
vt 0.8166 0.1173 -0.2500
vt 0.6594 0.3074 -0.2500
vt 0.8285 0.1274 -0.2500
vt 0.6653 0.3125 -0.2500
vt 0.8400 0.1379 -0.2500
vt 0.6711 0.3178 -0.2500
vt 0.8512 0.1488 -0.2500
vt 0.6768 0.3232 -0.2500
vt 0.8621 0.1600 -0.2500
vt 0.6822 0.3289 -0.2500
vt 0.8726 0.1715 -0.2500
vt 0.6875 0.3347 -0.2500
vt 0.8827 0.1834 -0.2500
vt 0.6926 0.3406 -0.2500
vt 0.8924 0.1956 -0.2500
vt 0.6975 0.3468 -0.2500
vt 0.9018 0.2081 -0.2500
vt 0.7023 0.3531 -0.2500
vt 0.9108 0.2208 -0.2500
vt 0.7068 0.3595 -0.2500
vt 0.9193 0.2339 -0.2500
vt 0.7111 0.3660 -0.2500
vt 0.9275 0.2472 -0.2500
vt 0.7152 0.3727 -0.2500
vt 0.9352 0.2607 -0.2500
vt 0.7191 0.3796 -0.2500
vt 0.9425 0.2745 -0.2500
vt 0.7228 0.3865 -0.2500
vt 0.9494 0.2885 -0.2500
vt 0.7262 0.3936 -0.2500
vt 0.9558 0.3028 -0.2500
vt 0.7294 0.4007 -0.2500
vt 0.9618 0.3172 -0.2500
vt 0.7324 0.4080 -0.2500
vt 0.9673 0.3318 -0.2500
vt 0.7352 0.4153 -0.2500
vt 0.9724 0.3465 -0.2500
vt 0.7378 0.4227 -0.2500
vt 0.9769 0.3614 -0.2500
vt 0.7401 0.4303 -0.2500
vt 0.9811 0.3765 -0.2500
vt 0.7421 0.4378 -0.2500
vt 0.9847 0.3917 -0.2500
vt 0.7440 0.4455 -0.2500
vt 0.9879 0.4069 -0.2500
vt 0.7456 0.4532 -0.2500
vt 0.9906 0.4223 -0.2500
vt 0.7469 0.4609 -0.2500
vt 0.9928 0.4378 -0.2500
vt 0.7480 0.4687 -0.2500
vt 0.9945 0.4533 -0.2500
vt 0.7489 0.4765 -0.2500
vt 0.9957 0.4688 -0.2500
vt 0.7495 0.4843 -0.2500
vt 0.9964 0.4844 -0.2500
vt 0.7499 0.4921 -0.2500
vt 0.9967 0.5000 -0.2500
vt 0.7500 0.5000 -0.2500
vt 0.5000 0.5000 -0.2500
vt 0.0033 0.5000 0.2500
vt 0.0036 0.4844 0.2500
vt 0.2501 0.4921 0.2500
vt 0.2500 0.5000 0.2500
vt 0.0043 0.4688 0.2500
vt 0.2505 0.4843 0.2500
vt 0.0055 0.4533 0.2500
vt 0.2511 0.4765 0.2500
vt 0.0072 0.4378 0.2500
vt 0.2520 0.4687 0.2500
vt 0.0094 0.4223 0.2500
vt 0.2531 0.4609 0.2500
vt 0.0121 0.4069 0.2500
vt 0.2544 0.4532 0.2500
vt 0.0153 0.3917 0.2500
vt 0.2560 0.4455 0.2500
vt 0.0189 0.3765 0.2500
vt 0.2579 0.4378 0.2500
vt 0.0231 0.3614 0.2500
vt 0.2599 0.4303 0.2500
vt 0.0276 0.3465 0.2500
vt 0.2622 0.4227 0.2500
vt 0.0327 0.3318 0.2500
vt 0.2648 0.4153 0.2500
vt 0.0382 0.3172 0.2500
vt 0.2676 0.4080 0.2500
vt 0.0442 0.3027 0.2500
vt 0.2706 0.4007 0.2500
vt 0.0506 0.2885 0.2500
vt 0.2738 0.3936 0.2500
vt 0.0575 0.2745 0.2500
vt 0.2772 0.3865 0.2500
vt 0.0648 0.2607 0.2500
vt 0.2809 0.3796 0.2500
vt 0.0725 0.2472 0.2500
vt 0.2848 0.3727 0.2500
vt 0.0807 0.2339 0.2500
vt 0.2889 0.3660 0.2500
vt 0.0892 0.2208 0.2500
vt 0.2932 0.3595 0.2500
vt 0.0982 0.2081 0.2500
vt 0.2977 0.3531 0.2500
vt 0.1076 0.1956 0.2500
vt 0.3025 0.3468 0.2500
vt 0.1173 0.1834 0.2500
vt 0.3074 0.3406 0.2500
vt 0.1274 0.1715 0.2500
vt 0.3125 0.3347 0.2500
vt 0.1379 0.1600 0.2500
vt 0.3178 0.3289 0.2500
vt 0.1488 0.1488 0.2500
vt 0.3232 0.3232 0.2500
vt 0.1600 0.1379 0.2500
vt 0.3289 0.3178 0.2500
vt 0.1715 0.1274 0.2500
vt 0.3347 0.3125 0.2500
vt 0.1834 0.1173 0.2500
vt 0.3406 0.3074 0.2500
vt 0.1956 0.1076 0.2500
vt 0.3468 0.3025 0.2500
vt 0.2081 0.0982 0.2500
vt 0.3531 0.2977 0.2500
vt 0.2208 0.0892 0.2500
vt 0.3595 0.2932 0.2500
vt 0.2339 0.0807 0.2500
vt 0.3660 0.2889 0.2500
vt 0.2472 0.0725 0.2500
vt 0.3727 0.2848 0.2500
vt 0.2607 0.0648 0.2500
vt 0.3796 0.2809 0.2500
vt 0.2745 0.0575 0.2500
vt 0.3865 0.2772 0.2500
vt 0.2885 0.0506 0.2500
vt 0.3936 0.2738 0.2500
vt 0.3028 0.0442 0.2500
vt 0.4007 0.2706 0.2500
vt 0.3172 0.0382 0.2500
vt 0.4080 0.2676 0.2500
vt 0.3318 0.0327 0.2500
vt 0.4153 0.2648 0.2500
vt 0.3465 0.0276 0.2500
vt 0.4227 0.2622 0.2500
vt 0.3614 0.0231 0.2500
vt 0.4303 0.2599 0.2500
vt 0.3765 0.0189 0.2500
vt 0.4378 0.2579 0.2500
vt 0.3917 0.0153 0.2500
vt 0.4455 0.2560 0.2500
vt 0.4069 0.0121 0.2500
vt 0.4532 0.2544 0.2500
vt 0.4223 0.0094 0.2500
vt 0.4609 0.2531 0.2500
vt 0.4378 0.0072 0.2500
vt 0.4687 0.2520 0.2500
vt 0.4533 0.0055 0.2500
vt 0.4765 0.2511 0.2500
vt 0.4688 0.0043 0.2500
vt 0.4843 0.2505 0.2500
vt 0.4844 0.0036 0.2500
vt 0.4921 0.2501 0.2500
vt 0.5000 0.0033 0.2500
vt 0.5000 0.2500 0.2500
vt 0.5156 0.0036 0.2500
vt 0.5079 0.2501 0.2500
vt 0.5312 0.0043 0.2500
vt 0.5157 0.2505 0.2500
vt 0.5467 0.0055 0.2500
vt 0.5235 0.2511 0.2500
vt 0.5622 0.0072 0.2500
vt 0.5313 0.2520 0.2500
vt 0.5777 0.0094 0.2500
vt 0.5391 0.2531 0.2500
vt 0.5931 0.0121 0.2500
vt 0.5468 0.2544 0.2500
vt 0.6083 0.0153 0.2500
vt 0.5545 0.2560 0.2500
vt 0.6235 0.0189 0.2500
vt 0.5622 0.2579 0.2500
vt 0.6386 0.0231 0.2500
vt 0.5697 0.2599 0.2500
vt 0.6535 0.0276 0.2500
vt 0.5773 0.2622 0.2500
vt 0.6682 0.0327 0.2500
vt 0.5847 0.2648 0.2500
vt 0.6828 0.0382 0.2500
vt 0.5920 0.2676 0.2500
vt 0.6973 0.0442 0.2500
vt 0.5993 0.2706 0.2500
vt 0.7115 0.0506 0.2500
vt 0.6064 0.2738 0.2500
vt 0.7255 0.0575 0.2500
vt 0.6135 0.2772 0.2500
vt 0.7393 0.0648 0.2500
vt 0.6204 0.2809 0.2500
vt 0.7528 0.0725 0.2500
vt 0.6273 0.2848 0.2500
vt 0.7661 0.0807 0.2500
vt 0.6340 0.2889 0.2500
vt 0.7792 0.0892 0.2500
vt 0.6405 0.2932 0.2500
vt 0.7919 0.0982 0.2500
vt 0.6469 0.2977 0.2500
vt 0.8044 0.1076 0.2500
vt 0.6532 0.3025 0.2500
vt 0.8166 0.1173 0.2500
vt 0.6594 0.3074 0.2500
vt 0.8285 0.1274 0.2500
vt 0.6653 0.3125 0.2500
vt 0.8400 0.1379 0.2500
vt 0.6711 0.3178 0.2500
vt 0.8512 0.1488 0.2500
vt 0.6768 0.3232 0.2500
vt 0.8621 0.1600 0.2500
vt 0.6822 0.3289 0.2500
vt 0.8726 0.1715 0.2500
vt 0.6875 0.3347 0.2500
vt 0.8827 0.1834 0.2500
vt 0.6926 0.3406 0.2500
vt 0.8924 0.1956 0.2500
vt 0.6975 0.3468 0.2500
vt 0.9018 0.2081 0.2500
vt 0.7023 0.3531 0.2500
vt 0.9108 0.2208 0.2500
vt 0.7068 0.3595 0.2500
vt 0.9193 0.2339 0.2500
vt 0.7111 0.3660 0.2500
vt 0.9275 0.2472 0.2500
vt 0.7152 0.3727 0.2500
vt 0.9352 0.2607 0.2500
vt 0.7191 0.3796 0.2500
vt 0.9425 0.2745 0.2500
vt 0.7228 0.3865 0.2500
vt 0.9494 0.2885 0.2500
vt 0.7262 0.3936 0.2500
vt 0.9558 0.3028 0.2500
vt 0.7294 0.4007 0.2500
vt 0.9618 0.3172 0.2500
vt 0.7324 0.4080 0.2500
vt 0.9673 0.3318 0.2500
vt 0.7352 0.4153 0.2500
vt 0.9724 0.3465 0.2500
vt 0.7378 0.4227 0.2500
vt 0.9769 0.3614 0.2500
vt 0.7401 0.4303 0.2500
vt 0.9811 0.3765 0.2500
vt 0.7421 0.4378 0.2500
vt 0.9847 0.3917 0.2500
vt 0.7440 0.4455 0.2500
vt 0.9879 0.4069 0.2500
vt 0.7456 0.4532 0.2500
vt 0.9906 0.4223 0.2500
vt 0.7469 0.4609 0.2500
vt 0.9928 0.4378 0.2500
vt 0.7480 0.4687 0.2500
vt 0.9945 0.4533 0.2500
vt 0.7489 0.4765 0.2500
vt 0.9957 0.4688 0.2500
vt 0.7495 0.4843 0.2500
vt 0.9964 0.4844 0.2500
vt 0.7499 0.4921 0.2500
vt 0.9967 0.5000 0.2500
vt 0.7500 0.5000 0.2500
vt 0.5000 0.5000 0.2500
vt 0.7500 0.5000 0.1500
vt 0.5033 0.8067 0.9833
vt 0.5033 0.0067 0.9833
vt 0.5000 0.5000 0.1500
vt 0.2500 0.5000 0.1500
vt 0.0033 0.7933 0.9900
vt 0.0033 0.0067 0.9833
vt 0.0000 0.0000 1.0000
vt 0.0033 0.9933 0.9900
vt 0.5033 0.9933 0.9900
vt 0.5000 0.0000 1.0000
vt 0.2724 0.5191 -0.2500
vt 0.2731 0.4980 -0.2500
vt -0.1729 0.4910 0.2500
vt -0.1729 0.5121 0.2500
vt 0.1002 0.4890 -0.2500
vt 0.1010 0.4733 -0.2500
vt 0.0009 0.4686 0.2500
vt 0.0001 0.4843 0.2500
vt 0.1008 0.4765 -0.2500
vt 0.1020 0.4608 -0.2500
vt 0.0021 0.4529 0.2500
vt 0.1017 0.4639 -0.2500
vt 0.1034 0.4483 -0.2500
vt 0.0038 0.4373 0.2500
vt 0.1030 0.4514 -0.2500
vt 0.1053 0.4359 -0.2500
vt 0.0060 0.4218 0.2500
vt 0.1048 0.4390 -0.2500
vt 0.1075 0.4235 -0.2500
vt 0.0087 0.4063 0.2500
vt 0.1069 0.4266 -0.2500
vt 0.1101 0.4112 -0.2500
vt 0.0119 0.3909 0.2500
vt 0.1094 0.4143 -0.2500
vt 0.1130 0.3990 -0.2500
vt 0.0156 0.3756 0.2500
vt 0.1123 0.4021 -0.2500
vt 0.1164 0.3869 -0.2500
vt 0.0197 0.3605 0.2500
vt 0.1155 0.3899 -0.2500
vt 0.1201 0.3749 -0.2500
vt 0.0244 0.3455 0.2500
vt 0.1192 0.3779 -0.2500
vt 0.1243 0.3631 -0.2500
vt 0.0295 0.3306 0.2500
vt 0.1232 0.3660 -0.2500
vt 0.1287 0.3513 -0.2500
vt 0.0350 0.3159 0.2500
vt 0.1276 0.3542 -0.2500
vt 0.1336 0.3397 -0.2500
vt 0.0410 0.3014 0.2500
vt 0.1324 0.3426 -0.2500
vt 0.1388 0.3283 -0.2500
vt 0.0475 0.2871 0.2500
vt 0.1375 0.3311 -0.2500
vt 0.1444 0.3170 -0.2500
vt 0.0544 0.2730 0.2500
vt 0.1430 0.3198 -0.2500
vt 0.1503 0.3060 -0.2500
vt 0.0617 0.2591 0.2500
vt 0.1488 0.3087 -0.2500
vt 0.1566 0.2951 -0.2500
vt 0.0695 0.2454 0.2500
vt 0.0618 0.2591 0.2500
vt 0.1550 0.2978 -0.2500
vt 0.1632 0.2844 -0.2500
vt 0.0777 0.2320 0.2500
vt 0.1615 0.2870 -0.2500
vt 0.1701 0.2739 -0.2500
vt 0.0864 0.2189 0.2500
vt 0.1684 0.2765 -0.2500
vt 0.1774 0.2637 -0.2500
vt 0.0954 0.2060 0.2500
vt 0.1755 0.2662 -0.2500
vt 0.1850 0.2536 -0.2500
vt 0.1048 0.1935 0.2500
vt 0.1830 0.2561 -0.2500
vt 0.1929 0.2439 -0.2500
vt 0.1147 0.1812 0.2500
vt 0.1909 0.2463 -0.2500
vt 0.2011 0.2344 -0.2500
vt 0.1249 0.1693 0.2500
vt 0.1990 0.2367 -0.2500
vt 0.2096 0.2251 -0.2500
vt 0.1354 0.1577 0.2500
vt 0.2074 0.2274 -0.2500
vt 0.2183 0.2161 -0.2500
vt 0.1464 0.1464 0.2500
vt 0.1354 0.1576 0.2500
vt 0.2161 0.2183 -0.2500
vt 0.2274 0.2074 -0.2500
vt 0.1576 0.1354 0.2500
vt 0.2251 0.2096 -0.2500
vt 0.2367 0.1990 -0.2500
vt 0.1693 0.1249 0.2500
vt 0.1577 0.1354 0.2500
vt 0.2344 0.2011 -0.2500
vt 0.2463 0.1909 -0.2500
vt 0.1812 0.1147 0.2500
vt 0.2439 0.1929 -0.2500
vt 0.2561 0.1830 -0.2500
vt 0.1935 0.1048 0.2500
vt 0.2536 0.1850 -0.2500
vt 0.2662 0.1755 -0.2500
vt 0.2060 0.0954 0.2500
vt 0.2637 0.1774 -0.2500
vt 0.2765 0.1684 -0.2500
vt 0.2189 0.0864 0.2500
vt 0.2739 0.1701 -0.2500
vt 0.2870 0.1615 -0.2500
vt 0.2320 0.0777 0.2500
vt 0.2844 0.1632 -0.2500
vt 0.2978 0.1550 -0.2500
vt 0.2454 0.0695 0.2500
vt 0.2951 0.1566 -0.2500
vt 0.3087 0.1488 -0.2500
vt 0.2591 0.0617 0.2500
vt 0.3060 0.1503 -0.2500
vt 0.3198 0.1430 -0.2500
vt 0.2730 0.0544 0.2500
vt 0.3170 0.1444 -0.2500
vt 0.3311 0.1375 -0.2500
vt 0.2871 0.0475 0.2500
vt 0.3283 0.1388 -0.2500
vt 0.3426 0.1324 -0.2500
vt 0.3014 0.0410 0.2500
vt 0.3397 0.1336 -0.2500
vt 0.3542 0.1276 -0.2500
vt 0.3159 0.0350 0.2500
vt 0.3513 0.1287 -0.2500
vt 0.3660 0.1232 -0.2500
vt 0.3306 0.0295 0.2500
vt 0.3631 0.1243 -0.2500
vt 0.3779 0.1192 -0.2500
vt 0.3455 0.0244 0.2500
vt 0.3749 0.1201 -0.2500
vt 0.3899 0.1155 -0.2500
vt 0.3605 0.0197 0.2500
vt 0.3869 0.1164 -0.2500
vt 0.4021 0.1123 -0.2500
vt 0.3756 0.0156 0.2500
vt 0.3990 0.1130 -0.2500
vt 0.4143 0.1094 -0.2500
vt 0.3909 0.0119 0.2500
vt 0.4112 0.1101 -0.2500
vt 0.4266 0.1069 -0.2500
vt 0.4063 0.0087 0.2500
vt 0.4235 0.1075 -0.2500
vt 0.4390 0.1048 -0.2500
vt 0.4218 0.0060 0.2500
vt 0.4359 0.1053 -0.2500
vt 0.4514 0.1030 -0.2500
vt 0.4373 0.0038 0.2500
vt 0.4483 0.1034 -0.2500
vt 0.4639 0.1017 -0.2500
vt 0.4529 0.0021 0.2500
vt 0.4608 0.1020 -0.2500
vt 0.4765 0.1008 -0.2500
vt 0.4686 0.0009 0.2500
vt 0.4733 0.1010 -0.2500
vt 0.4890 0.1002 -0.2500
vt 0.4843 0.0001 0.2500
vt 0.4859 0.1003 -0.2500
vt 0.5016 0.1001 -0.2500
vt 0.5000 -0.0001 0.2500
vt 0.4984 0.1001 -0.2500
vt 0.5141 0.1003 -0.2500
vt 0.5157 0.0001 0.2500
vt 0.5110 0.1002 -0.2500
vt 0.5267 0.1010 -0.2500
vt 0.5314 0.0009 0.2500
vt 0.5235 0.1008 -0.2500
vt 0.5392 0.1020 -0.2500
vt 0.5471 0.0021 0.2500
vt 0.5361 0.1017 -0.2500
vt 0.5517 0.1034 -0.2500
vt 0.5627 0.0038 0.2500
vt 0.5486 0.1030 -0.2500
vt 0.5641 0.1053 -0.2500
vt 0.5782 0.0060 0.2500
vt 0.5610 0.1048 -0.2500
vt 0.5765 0.1075 -0.2500
vt 0.5937 0.0087 0.2500
vt 0.5734 0.1069 -0.2500
vt 0.5888 0.1101 -0.2500
vt 0.6091 0.0119 0.2500
vt 0.5857 0.1094 -0.2500
vt 0.6010 0.1130 -0.2500
vt 0.6244 0.0156 0.2500
vt 0.5979 0.1123 -0.2500
vt 0.6131 0.1164 -0.2500
vt 0.6395 0.0197 0.2500
vt 0.6101 0.1155 -0.2500
vt 0.6251 0.1201 -0.2500
vt 0.6545 0.0244 0.2500
vt 0.6221 0.1192 -0.2500
vt 0.6369 0.1243 -0.2500
vt 0.6694 0.0295 0.2500
vt 0.6340 0.1232 -0.2500
vt 0.6487 0.1287 -0.2500
vt 0.6841 0.0350 0.2500
vt 0.6458 0.1276 -0.2500
vt 0.6603 0.1336 -0.2500
vt 0.6986 0.0410 0.2500
vt 0.6574 0.1324 -0.2500
vt 0.6717 0.1388 -0.2500
vt 0.7129 0.0475 0.2500
vt 0.6689 0.1375 -0.2500
vt 0.6830 0.1444 -0.2500
vt 0.7270 0.0544 0.2500
vt 0.6802 0.1430 -0.2500
vt 0.6940 0.1503 -0.2500
vt 0.7409 0.0617 0.2500
vt 0.6913 0.1488 -0.2500
vt 0.7049 0.1566 -0.2500
vt 0.7546 0.0695 0.2500
vt 0.7409 0.0618 0.2500
vt 0.7022 0.1550 -0.2500
vt 0.7156 0.1632 -0.2500
vt 0.7680 0.0777 0.2500
vt 0.7130 0.1615 -0.2500
vt 0.7261 0.1701 -0.2500
vt 0.7811 0.0864 0.2500
vt 0.7235 0.1684 -0.2500
vt 0.7363 0.1774 -0.2500
vt 0.7940 0.0954 0.2500
vt 0.7338 0.1755 -0.2500
vt 0.7464 0.1850 -0.2500
vt 0.8065 0.1048 0.2500
vt 0.7439 0.1830 -0.2500
vt 0.7561 0.1929 -0.2500
vt 0.8188 0.1147 0.2500
vt 0.7537 0.1909 -0.2500
vt 0.7656 0.2011 -0.2500
vt 0.8307 0.1249 0.2500
vt 0.7633 0.1990 -0.2500
vt 0.7749 0.2096 -0.2500
vt 0.8423 0.1354 0.2500
vt 0.7726 0.2074 -0.2500
vt 0.7839 0.2183 -0.2500
vt 0.8536 0.1464 0.2500
vt 0.8424 0.1354 0.2500
vt 0.7817 0.2161 -0.2500
vt 0.7926 0.2274 -0.2500
vt 0.8646 0.1576 0.2500
vt 0.7904 0.2251 -0.2500
vt 0.8010 0.2367 -0.2500
vt 0.8751 0.1693 0.2500
vt 0.8646 0.1577 0.2500
vt 0.7989 0.2344 -0.2500
vt 0.8091 0.2463 -0.2500
vt 0.8853 0.1812 0.2500
vt 0.8071 0.2439 -0.2500
vt 0.8170 0.2561 -0.2500
vt 0.8952 0.1935 0.2500
vt 0.8150 0.2536 -0.2500
vt 0.8245 0.2662 -0.2500
vt 0.9046 0.2060 0.2500
vt 0.8226 0.2637 -0.2500
vt 0.8316 0.2765 -0.2500
vt 0.9136 0.2189 0.2500
vt 0.8299 0.2739 -0.2500
vt 0.8385 0.2870 -0.2500
vt 0.9223 0.2320 0.2500
vt 0.8368 0.2844 -0.2500
vt 0.8450 0.2978 -0.2500
vt 0.9305 0.2454 0.2500
vt 0.8434 0.2951 -0.2500
vt 0.8512 0.3087 -0.2500
vt 0.9383 0.2591 0.2500
vt 0.8497 0.3060 -0.2500
vt 0.8570 0.3198 -0.2500
vt 0.9456 0.2730 0.2500
vt 0.8556 0.3170 -0.2500
vt 0.8625 0.3311 -0.2500
vt 0.9525 0.2871 0.2500
vt 0.8612 0.3283 -0.2500
vt 0.8676 0.3426 -0.2500
vt 0.9590 0.3014 0.2500
vt 0.8664 0.3397 -0.2500
vt 0.8724 0.3542 -0.2500
vt 0.9650 0.3159 0.2500
vt 0.8713 0.3513 -0.2500
vt 0.8768 0.3660 -0.2500
vt 0.9705 0.3306 0.2500
vt 0.8757 0.3631 -0.2500
vt 0.8808 0.3779 -0.2500
vt 0.9756 0.3455 0.2500
vt 0.8799 0.3749 -0.2500
vt 0.8845 0.3899 -0.2500
vt 0.9803 0.3605 0.2500
vt 0.8836 0.3869 -0.2500
vt 0.8877 0.4021 -0.2500
vt 0.9844 0.3756 0.2500
vt 0.8870 0.3990 -0.2500
vt 0.8906 0.4143 -0.2500
vt 0.9881 0.3909 0.2500
vt 0.8899 0.4112 -0.2500
vt 0.8931 0.4266 -0.2500
vt 0.9913 0.4063 0.2500
vt 0.8925 0.4235 -0.2500
vt 0.8952 0.4390 -0.2500
vt 0.9940 0.4218 0.2500
vt 0.8947 0.4359 -0.2500
vt 0.8970 0.4514 -0.2500
vt 0.9962 0.4373 0.2500
vt 0.8966 0.4483 -0.2500
vt 0.8983 0.4639 -0.2500
vt 0.9979 0.4529 0.2500
vt 0.8980 0.4608 -0.2500
vt 0.8992 0.4765 -0.2500
vt 0.9991 0.4686 0.2500
vt 0.8990 0.4733 -0.2500
vt 0.8998 0.4890 -0.2500
vt 0.9999 0.4843 0.2500
vt 0.7269 0.4980 -0.2500
vt 0.7276 0.5191 -0.2500
vt 1.1729 0.5121 0.2500
vt 1.1729 0.4910 0.2500
# 1086 texture coords

o Wardrobe_017
g Wardrobe_017
usemtl Base
f 1/1 2/2 3/3 4/4 
f 5/4 6/1 7/2 8/3 
f 9/5 10/6 11/7 12/8 
f 13/9 14/10 15/11 16/12 
f 17/5 18/6 19/7 20/8 
f 21/9 22/10 23/11 24/12 
f 19/13 25/14 26/15 20/16 
f 27/16 28/13 29/14 30/15 
f 31/5 32/6 33/7 34/8 
f 35/17 36/18 37/19 38/20 
f 39/5 40/6 41/7 42/8 
f 43/17 44/18 45/19 46/20 
f 47/1 48/2 49/3 50/4 
f 51/4 52/1 53/2 54/3 
f 55/5 56/6 57/7 58/8 
f 59/9 60/10 61/11 62/12 
f 26/5 25/6 63/7 64/8 
f 65/9 66/10 67/11 68/12 
f 69/13 70/14 71/15 72/16 
f 12/16 11/13 56/14 55/15 
f 73/21 74/22 75/23 76/24 
f 77/25 78/26 79/27 80/28 
f 81/21 82/22 83/23 84/24 
f 85/25 86/26 87/27 88/28 
f 89/1 90/2 91/3 92/4 
f 93/4 94/1 95/2 96/3 
f 97/5 98/6 99/7 100/8 
f 101/9 102/10 103/11 104/12 
f 105/5 106/6 107/7 108/8 
f 109/9 110/10 111/11 112/12 
f 113/1 114/2 115/3 116/4 
f 117/4 118/1 119/2 120/3 
f 121/5 122/6 123/7 124/8 
f 125/9 126/10 127/11 128/12 
f 129/5 130/6 131/7 132/8 
f 133/9 134/10 135/11 136/12 
f 137/1 138/2 139/3 140/4 
f 141/4 142/1 143/2 144/3 
f 145/5 146/6 147/7 148/8 
f 149/9 150/10 151/11 152/12 
f 153/5 154/6 155/7 156/8 
f 157/9 158/10 159/11 160/12 
f 1/1 9/29 22/30 
f 21/9 18/31 2/32 
f 17/5 14/33 3/34 
f 4/4 13/35 10/36 
f 12/8 5/37 23/38 
f 16/12 6/39 11/40 
f 20/8 7/37 15/38 
f 24/12 8/39 19/40 
f 19/13 31/41 44/42 
f 43/17 40/31 25/32 
f 39/5 36/33 26/34 
f 20/16 35/43 32/44 
f 34/8 27/37 45/38 
f 38/20 28/39 33/40 
f 42/8 29/37 37/38 
f 46/20 30/39 41/40 
f 47/1 55/29 66/30 
f 65/9 25/31 48/32 
f 26/5 60/33 49/34 
f 50/4 59/35 56/36 
f 58/8 51/37 67/38 
f 62/12 52/39 57/40 
f 64/8 53/37 61/38 
f 68/12 54/39 63/40 
f 69/13 73/45 86/46 
f 85/25 82/47 70/48 
f 81/21 78/49 71/50 
f 72/16 77/51 74/52 
f 76/24 12/53 87/54 
f 80/28 11/55 75/56 
f 84/24 56/53 79/54 
f 88/28 55/55 83/56 
f 89/1 97/29 110/30 
f 109/9 106/31 90/32 
f 105/5 102/33 91/34 
f 92/4 101/35 98/36 
f 100/8 93/37 111/38 
f 104/12 94/39 99/40 
f 108/8 95/37 103/38 
f 112/12 96/39 107/40 
f 113/1 121/29 134/30 
f 133/9 130/31 114/32 
f 129/5 126/33 115/34 
f 116/4 125/35 122/36 
f 124/8 117/37 135/38 
f 128/12 118/39 123/40 
f 132/8 119/37 127/38 
f 136/12 120/39 131/40 
f 137/1 145/29 158/30 
f 157/9 154/31 138/32 
f 153/5 150/33 139/34 
f 140/4 149/35 146/36 
f 148/8 141/37 159/38 
f 152/12 142/39 147/40 
f 156/8 143/37 151/38 
f 160/12 144/39 155/40 
f 1/57 22/10 21/9 2/58 
f 2/59 18/6 17/5 3/60 
f 3/57 14/10 13/9 4/58 
f 4/59 10/6 9/5 1/60 
f 5/61 12/8 11/7 6/62 
f 6/63 16/12 15/11 7/64 
f 7/61 20/8 19/7 8/62 
f 8/63 24/12 23/11 5/64 
f 10/65 13/9 16/12 11/66 
f 12/67 23/11 22/10 9/68 
f 14/69 17/5 20/8 15/70 
f 18/65 21/9 24/12 19/66 
f 19/71 44/18 43/17 25/72 
f 25/59 40/6 39/5 26/60 
f 26/71 36/18 35/17 20/72 
f 20/59 32/6 31/5 19/60 
f 27/61 34/8 33/7 28/62 
f 28/73 38/20 37/19 29/74 
f 29/61 42/8 41/7 30/62 
f 30/73 46/20 45/19 27/74 
f 32/65 35/17 38/20 33/66 
f 34/67 45/19 44/18 31/68 
f 36/69 39/5 42/8 37/70 
f 40/65 43/17 46/20 41/66 
f 47/57 66/10 65/9 48/58 
f 48/59 25/6 26/5 49/60 
f 49/57 60/10 59/9 50/58 
f 50/59 56/6 55/5 47/60 
f 51/61 58/8 57/7 52/62 
f 52/63 62/12 61/11 53/64 
f 53/61 64/8 63/7 54/62 
f 54/63 68/12 67/11 51/64 
f 56/65 59/9 62/12 57/66 
f 58/67 67/11 66/10 55/68 
f 60/69 26/5 64/8 61/70 
f 25/65 65/9 68/12 63/66 
f 69/71 86/26 85/25 70/72 
f 70/59 82/22 81/21 71/60 
f 71/71 78/26 77/25 72/72 
f 72/59 74/22 73/21 69/60 
f 12/61 76/24 75/23 11/62 
f 11/73 80/28 79/27 56/74 
f 56/61 84/24 83/23 55/62 
f 55/73 88/28 87/27 12/74 
f 74/75 77/25 80/28 75/76 
f 76/77 87/27 86/26 73/78 
f 78/79 81/21 84/24 79/80 
f 82/75 85/25 88/28 83/76 
f 89/57 110/10 109/9 90/58 
f 90/59 106/6 105/5 91/60 
f 91/57 102/10 101/9 92/58 
f 92/59 98/6 97/5 89/60 
f 93/61 100/8 99/7 94/62 
f 94/63 104/12 103/11 95/64 
f 95/61 108/8 107/7 96/62 
f 96/63 112/12 111/11 93/64 
f 98/65 101/9 104/12 99/66 
f 100/67 111/11 110/10 97/68 
f 102/69 105/5 108/8 103/70 
f 106/65 109/9 112/12 107/66 
f 113/57 134/10 133/9 114/58 
f 114/59 130/6 129/5 115/60 
f 115/57 126/10 125/9 116/58 
f 116/59 122/6 121/5 113/60 
f 117/61 124/8 123/7 118/62 
f 118/63 128/12 127/11 119/64 
f 119/61 132/8 131/7 120/62 
f 120/63 136/12 135/11 117/64 
f 122/65 125/9 128/12 123/66 
f 124/67 135/11 134/10 121/68 
f 126/69 129/5 132/8 127/70 
f 130/65 133/9 136/12 131/66 
f 137/57 158/10 157/9 138/58 
f 138/59 154/6 153/5 139/60 
f 139/57 150/10 149/9 140/58 
f 140/59 146/6 145/5 137/60 
f 141/61 148/8 147/7 142/62 
f 142/63 152/12 151/11 143/64 
f 143/61 156/8 155/7 144/62 
f 144/63 160/12 159/11 141/64 
f 146/65 149/9 152/12 147/66 
f 148/67 159/11 158/10 145/68 
f 150/69 153/5 156/8 151/70 
f 154/65 157/9 160/12 155/66 
f 161/81 162/82 163/83 164/84 
f 165/84 166/81 167/82 168/83 
f 169/85 170/86 171/87 172/88 
f 173/89 174/90 175/91 176/92 
f 177/85 178/86 179/87 180/88 
f 181/89 182/90 183/91 184/92 
f 185/93 186/94 187/95 188/96 
f 189/96 190/93 191/94 192/95 
f 193/97 194/98 195/99 196/100 
f 197/101 198/102 199/103 200/104 
f 201/97 202/98 203/99 204/100 
f 205/101 206/102 207/103 208/104 
f 209/93 210/94 211/95 212/96 
f 213/96 214/93 215/94 216/95 
f 217/97 218/98 219/99 220/100 
f 221/101 222/102 223/103 224/104 
f 225/97 226/98 227/99 228/100 
f 229/101 230/102 231/103 232/104 
f 233/93 234/94 235/95 236/96 
f 237/96 238/93 239/94 240/95 
f 241/97 242/98 243/99 244/100 
f 245/101 246/102 247/103 248/104 
f 249/97 250/98 251/99 252/100 
f 253/101 254/102 255/103 256/104 
f 257/93 258/94 259/95 260/96 
f 261/96 262/93 263/94 264/95 
f 265/97 266/98 267/99 268/100 
f 269/101 270/102 271/103 272/104 
f 273/97 274/98 275/99 276/100 
f 277/101 278/102 279/103 280/104 
f 281/93 282/94 283/95 284/96 
f 285/96 286/93 287/94 288/95 
f 289/97 290/98 291/99 292/100 
f 293/101 294/102 295/103 296/104 
f 297/97 298/98 299/99 300/100 
f 301/101 302/102 303/103 304/104 
f 305/93 306/94 307/95 308/96 
f 309/96 310/93 311/94 312/95 
f 313/97 314/98 315/99 316/100 
f 317/101 318/102 319/103 320/104 
f 321/97 322/98 323/99 324/100 
f 325/101 326/102 327/103 328/104 
f 329/93 330/94 331/95 332/96 
f 333/96 334/93 335/94 336/95 
f 337/97 338/98 339/99 340/100 
f 341/101 342/102 343/103 344/104 
f 345/97 346/98 347/99 348/100 
f 349/101 350/102 351/103 352/104 
f 353/93 354/94 355/95 356/96 
f 357/96 358/93 359/94 360/95 
f 361/97 362/98 363/99 364/100 
f 365/101 366/102 367/103 368/104 
f 369/97 370/98 371/99 372/100 
f 373/101 374/102 375/103 376/104 
f 377/93 378/94 379/95 380/96 
f 381/96 382/93 383/94 384/95 
f 385/97 386/98 387/99 388/100 
f 389/101 390/102 391/103 392/104 
f 393/97 394/98 395/99 396/100 
f 397/101 398/102 399/103 400/104 
f 401/93 402/94 403/95 404/96 
f 405/96 406/93 407/94 408/95 
f 409/97 410/98 411/99 412/100 
f 413/101 414/102 415/103 416/104 
f 417/97 418/98 419/99 420/100 
f 421/101 422/102 423/103 424/104 
f 425/93 426/94 427/95 428/96 
f 429/96 430/93 431/94 432/95 
f 433/97 434/98 435/99 436/100 
f 437/101 438/102 439/103 440/104 
f 441/97 442/98 443/99 444/100 
f 445/101 446/102 447/103 448/104 
f 449/93 450/94 451/95 452/96 
f 453/96 454/93 455/94 456/95 
f 457/97 458/98 459/99 460/100 
f 461/101 462/102 463/103 464/104 
f 465/97 466/98 467/99 468/100 
f 469/101 470/102 471/103 472/104 
f 473/93 474/94 475/95 476/96 
f 477/96 478/93 479/94 480/95 
f 481/97 482/98 483/99 484/100 
f 485/101 486/102 487/103 488/104 
f 489/97 490/98 491/99 492/100 
f 493/101 494/102 495/103 496/104 
f 169/85 182/105 161/106 
f 164/84 173/107 170/108 
f 181/89 178/109 162/110 
f 163/83 177/111 174/112 
f 172/88 165/113 183/114 
f 176/92 166/115 171/116 
f 184/92 168/115 179/116 
f 180/88 167/113 175/114 
f 193/97 206/117 185/118 
f 188/96 197/119 194/120 
f 205/101 202/121 186/122 
f 187/95 201/123 198/124 
f 196/100 189/125 207/126 
f 200/104 190/127 195/128 
f 208/104 192/127 203/128 
f 204/100 191/125 199/126 
f 209/93 217/129 230/130 
f 229/101 226/121 210/122 
f 225/97 222/117 211/118 
f 212/96 221/119 218/120 
f 220/100 213/125 231/126 
f 224/104 214/127 219/128 
f 228/100 215/125 223/126 
f 232/104 216/127 227/128 
f 233/93 241/129 254/130 
f 253/101 250/121 234/122 
f 249/97 246/117 235/118 
f 236/96 245/119 242/120 
f 244/100 237/125 255/126 
f 248/104 238/127 243/128 
f 252/100 239/125 247/126 
f 256/104 240/127 251/128 
f 257/93 265/129 278/130 
f 277/101 274/121 258/122 
f 273/97 270/117 259/118 
f 260/96 269/119 266/120 
f 268/100 261/125 279/126 
f 272/104 262/127 267/128 
f 276/100 263/125 271/126 
f 280/104 264/127 275/128 
f 281/93 289/129 302/130 
f 301/101 298/121 282/122 
f 297/97 294/117 283/118 
f 284/96 293/119 290/120 
f 292/100 285/125 303/126 
f 296/104 286/127 291/128 
f 300/100 287/125 295/126 
f 304/104 288/127 299/128 
f 305/93 313/129 326/130 
f 325/101 322/121 306/122 
f 321/97 318/117 307/118 
f 308/96 317/119 314/120 
f 316/100 309/125 327/126 
f 320/104 310/127 315/128 
f 324/100 311/125 319/126 
f 328/104 312/127 323/128 
f 329/93 337/129 350/130 
f 349/101 346/121 330/122 
f 345/97 342/117 331/118 
f 332/96 341/119 338/120 
f 340/100 333/125 351/126 
f 344/104 334/127 339/128 
f 348/100 335/125 343/126 
f 352/104 336/127 347/128 
f 353/93 361/129 374/130 
f 373/101 370/121 354/122 
f 369/97 366/117 355/118 
f 356/96 365/119 362/120 
f 364/100 357/125 375/126 
f 368/104 358/127 363/128 
f 372/100 359/125 367/126 
f 376/104 360/127 371/128 
f 377/93 385/129 398/130 
f 397/101 394/121 378/122 
f 393/97 390/117 379/118 
f 380/96 389/119 386/120 
f 388/100 381/125 399/126 
f 392/104 382/127 387/128 
f 396/100 383/125 391/126 
f 400/104 384/127 395/128 
f 401/93 409/129 422/130 
f 421/101 418/121 402/122 
f 417/97 414/117 403/118 
f 404/96 413/119 410/120 
f 412/100 405/125 423/126 
f 416/104 406/127 411/128 
f 420/100 407/125 415/126 
f 424/104 408/127 419/128 
f 425/93 433/129 446/130 
f 445/101 442/121 426/122 
f 441/97 438/117 427/118 
f 428/96 437/119 434/120 
f 436/100 429/125 447/126 
f 440/104 430/127 435/128 
f 444/100 431/125 439/126 
f 448/104 432/127 443/128 
f 449/93 457/129 470/130 
f 469/101 466/121 450/122 
f 465/97 462/117 451/118 
f 452/96 461/119 458/120 
f 460/100 453/125 471/126 
f 464/104 454/127 459/128 
f 468/100 455/125 463/126 
f 472/104 456/127 467/128 
f 473/93 481/129 494/130 
f 493/101 490/121 474/122 
f 489/97 486/117 475/118 
f 476/96 485/119 482/120 
f 484/100 477/125 495/126 
f 488/104 478/127 483/128 
f 492/100 479/125 487/126 
f 496/104 480/127 491/128 
f 161/131 182/90 181/89 162/132 
f 162/133 178/86 177/85 163/134 
f 163/131 174/90 173/89 164/132 
f 164/133 170/86 169/85 161/134 
f 165/135 172/88 171/87 166/136 
f 166/137 176/92 175/91 167/138 
f 167/135 180/88 179/87 168/136 
f 168/137 184/92 183/91 165/138 
f 170/139 173/89 176/92 171/140 
f 172/141 183/91 182/90 169/142 
f 174/143 177/85 180/88 175/144 
f 178/139 181/89 184/92 179/140 
f 185/145 206/102 205/101 186/146 
f 186/147 202/98 201/97 187/148 
f 187/145 198/102 197/101 188/146 
f 188/147 194/98 193/97 185/148 
f 189/149 196/100 195/99 190/150 
f 190/151 200/104 199/103 191/152 
f 191/149 204/100 203/99 192/150 
f 192/151 208/104 207/103 189/152 
f 194/153 197/101 200/104 195/154 
f 196/155 207/103 206/102 193/156 
f 198/157 201/97 204/100 199/158 
f 202/153 205/101 208/104 203/154 
f 209/145 230/102 229/101 210/146 
f 210/147 226/98 225/97 211/148 
f 211/145 222/102 221/101 212/146 
f 212/147 218/98 217/97 209/148 
f 213/149 220/100 219/99 214/150 
f 214/151 224/104 223/103 215/152 
f 215/149 228/100 227/99 216/150 
f 216/151 232/104 231/103 213/152 
f 218/153 221/101 224/104 219/154 
f 220/155 231/103 230/102 217/156 
f 222/157 225/97 228/100 223/158 
f 226/153 229/101 232/104 227/154 
f 233/145 254/102 253/101 234/146 
f 234/147 250/98 249/97 235/148 
f 235/145 246/102 245/101 236/146 
f 236/147 242/98 241/97 233/148 
f 237/149 244/100 243/99 238/150 
f 238/151 248/104 247/103 239/152 
f 239/149 252/100 251/99 240/150 
f 240/151 256/104 255/103 237/152 
f 242/153 245/101 248/104 243/154 
f 244/155 255/103 254/102 241/156 
f 246/157 249/97 252/100 247/158 
f 250/153 253/101 256/104 251/154 
f 257/145 278/102 277/101 258/146 
f 258/147 274/98 273/97 259/148 
f 259/145 270/102 269/101 260/146 
f 260/147 266/98 265/97 257/148 
f 261/149 268/100 267/99 262/150 
f 262/151 272/104 271/103 263/152 
f 263/149 276/100 275/99 264/150 
f 264/151 280/104 279/103 261/152 
f 266/153 269/101 272/104 267/154 
f 268/155 279/103 278/102 265/156 
f 270/157 273/97 276/100 271/158 
f 274/153 277/101 280/104 275/154 
f 281/145 302/102 301/101 282/146 
f 282/147 298/98 297/97 283/148 
f 283/145 294/102 293/101 284/146 
f 284/147 290/98 289/97 281/148 
f 285/149 292/100 291/99 286/150 
f 286/151 296/104 295/103 287/152 
f 287/149 300/100 299/99 288/150 
f 288/151 304/104 303/103 285/152 
f 290/153 293/101 296/104 291/154 
f 292/155 303/103 302/102 289/156 
f 294/157 297/97 300/100 295/158 
f 298/153 301/101 304/104 299/154 
f 305/145 326/102 325/101 306/146 
f 306/147 322/98 321/97 307/148 
f 307/145 318/102 317/101 308/146 
f 308/147 314/98 313/97 305/148 
f 309/149 316/100 315/99 310/150 
f 310/151 320/104 319/103 311/152 
f 311/149 324/100 323/99 312/150 
f 312/151 328/104 327/103 309/152 
f 314/153 317/101 320/104 315/154 
f 316/155 327/103 326/102 313/156 
f 318/157 321/97 324/100 319/158 
f 322/153 325/101 328/104 323/154 
f 329/145 350/102 349/101 330/146 
f 330/147 346/98 345/97 331/148 
f 331/145 342/102 341/101 332/146 
f 332/147 338/98 337/97 329/148 
f 333/149 340/100 339/99 334/150 
f 334/151 344/104 343/103 335/152 
f 335/149 348/100 347/99 336/150 
f 336/151 352/104 351/103 333/152 
f 338/153 341/101 344/104 339/154 
f 340/155 351/103 350/102 337/156 
f 342/157 345/97 348/100 343/158 
f 346/153 349/101 352/104 347/154 
f 353/145 374/102 373/101 354/146 
f 354/147 370/98 369/97 355/148 
f 355/145 366/102 365/101 356/146 
f 356/147 362/98 361/97 353/148 
f 357/149 364/100 363/99 358/150 
f 358/151 368/104 367/103 359/152 
f 359/149 372/100 371/99 360/150 
f 360/151 376/104 375/103 357/152 
f 362/153 365/101 368/104 363/154 
f 364/155 375/103 374/102 361/156 
f 366/157 369/97 372/100 367/158 
f 370/153 373/101 376/104 371/154 
f 377/145 398/102 397/101 378/146 
f 378/147 394/98 393/97 379/148 
f 379/145 390/102 389/101 380/146 
f 380/147 386/98 385/97 377/148 
f 381/149 388/100 387/99 382/150 
f 382/151 392/104 391/103 383/152 
f 383/149 396/100 395/99 384/150 
f 384/151 400/104 399/103 381/152 
f 386/153 389/101 392/104 387/154 
f 388/155 399/103 398/102 385/156 
f 390/157 393/97 396/100 391/158 
f 394/153 397/101 400/104 395/154 
f 401/145 422/102 421/101 402/146 
f 402/147 418/98 417/97 403/148 
f 403/145 414/102 413/101 404/146 
f 404/147 410/98 409/97 401/148 
f 405/149 412/100 411/99 406/150 
f 406/151 416/104 415/103 407/152 
f 407/149 420/100 419/99 408/150 
f 408/151 424/104 423/103 405/152 
f 410/153 413/101 416/104 411/154 
f 412/155 423/103 422/102 409/156 
f 414/157 417/97 420/100 415/158 
f 418/153 421/101 424/104 419/154 
f 425/145 446/102 445/101 426/146 
f 426/147 442/98 441/97 427/148 
f 427/145 438/102 437/101 428/146 
f 428/147 434/98 433/97 425/148 
f 429/149 436/100 435/99 430/150 
f 430/151 440/104 439/103 431/152 
f 431/149 444/100 443/99 432/150 
f 432/151 448/104 447/103 429/152 
f 434/153 437/101 440/104 435/154 
f 436/155 447/103 446/102 433/156 
f 438/157 441/97 444/100 439/158 
f 442/153 445/101 448/104 443/154 
f 449/145 470/102 469/101 450/146 
f 450/147 466/98 465/97 451/148 
f 451/145 462/102 461/101 452/146 
f 452/147 458/98 457/97 449/148 
f 453/149 460/100 459/99 454/150 
f 454/151 464/104 463/103 455/152 
f 455/149 468/100 467/99 456/150 
f 456/151 472/104 471/103 453/152 
f 458/153 461/101 464/104 459/154 
f 460/155 471/103 470/102 457/156 
f 462/157 465/97 468/100 463/158 
f 466/153 469/101 472/104 467/154 
f 473/145 494/102 493/101 474/146 
f 474/147 490/98 489/97 475/148 
f 475/145 486/102 485/101 476/146 
f 476/147 482/98 481/97 473/148 
f 477/149 484/100 483/99 478/150 
f 478/151 488/104 487/103 479/152 
f 479/149 492/100 491/99 480/150 
f 480/151 496/104 495/103 477/152 
f 482/153 485/101 488/104 483/154 
f 484/155 495/103 494/102 481/156 
f 486/157 489/97 492/100 487/158 
f 490/153 493/101 496/104 491/154 
f 497/93 168/94 498/95 499/96 
f 500/96 501/93 502/94 503/95 
f 504/97 505/98 506/99 507/100 
f 508/101 509/102 510/103 511/104 
f 512/97 513/98 514/99 515/100 
f 516/101 517/102 518/103 519/104 
f 504/97 517/117 497/118 
f 499/96 508/119 505/120 
f 516/101 513/121 168/122 
f 498/95 512/123 509/124 
f 507/100 500/125 518/126 
f 511/104 501/127 506/128 
f 519/104 503/127 514/128 
f 515/100 502/125 510/126 
f 497/145 517/102 516/101 168/146 
f 168/147 513/98 512/97 498/148 
f 498/145 509/102 508/101 499/146 
f 499/147 505/98 504/97 497/148 
f 500/149 507/100 506/99 501/150 
f 501/151 511/104 510/103 502/152 
f 502/149 515/100 514/99 503/150 
f 503/151 519/104 518/103 500/152 
f 505/153 508/101 511/104 506/154 
f 507/155 518/103 517/102 504/156 
f 509/157 512/97 515/100 510/158 
f 513/153 516/101 519/104 514/154 
f 520/81 521/82 522/83 523/84 
f 524/84 525/81 526/82 527/83 
f 528/85 529/86 530/87 531/88 
f 532/89 533/90 534/91 535/92 
f 536/85 537/86 538/87 539/88 
f 540/89 541/90 542/91 543/92 
f 544/93 545/94 546/95 547/96 
f 548/96 549/93 550/94 551/95 
f 552/97 553/98 554/99 555/100 
f 556/101 557/102 558/103 559/104 
f 560/97 561/98 562/99 563/100 
f 564/101 565/102 566/103 567/104 
f 568/93 569/94 570/95 571/96 
f 572/96 573/93 574/94 575/95 
f 576/97 577/98 578/99 579/100 
f 580/101 581/102 582/103 583/104 
f 584/97 585/98 586/99 587/100 
f 588/101 589/102 590/103 591/104 
f 592/93 593/94 594/95 595/96 
f 596/96 597/93 598/94 599/95 
f 600/97 601/98 602/99 603/100 
f 604/101 605/102 606/103 607/104 
f 608/97 609/98 610/99 611/100 
f 612/101 613/102 614/103 615/104 
f 616/93 617/94 618/95 619/96 
f 620/96 621/93 622/94 623/95 
f 624/97 625/98 626/99 627/100 
f 628/101 629/102 630/103 631/104 
f 632/97 633/98 634/99 635/100 
f 636/101 637/102 638/103 639/104 
f 640/93 641/94 642/95 643/96 
f 644/96 645/93 646/94 647/95 
f 648/97 649/98 650/99 651/100 
f 652/101 653/102 654/103 655/104 
f 656/97 657/98 658/99 659/100 
f 660/101 661/102 662/103 663/104 
f 664/93 665/94 666/95 667/96 
f 668/96 669/93 670/94 671/95 
f 672/97 673/98 674/99 675/100 
f 676/101 677/102 678/103 679/104 
f 680/97 681/98 682/99 683/100 
f 684/101 685/102 686/103 687/104 
f 688/93 689/94 690/95 691/96 
f 692/96 693/93 694/94 695/95 
f 696/97 697/98 698/99 699/100 
f 700/101 701/102 702/103 703/104 
f 704/97 705/98 706/99 707/100 
f 708/101 709/102 710/103 711/104 
f 712/93 713/94 714/95 715/96 
f 716/96 717/93 718/94 719/95 
f 720/97 721/98 722/99 723/100 
f 724/101 725/102 726/103 727/104 
f 728/97 729/98 730/99 731/100 
f 732/101 733/102 734/103 735/104 
f 736/93 737/94 738/95 739/96 
f 740/96 741/93 742/94 743/95 
f 744/97 745/98 746/99 747/100 
f 748/101 749/102 750/103 751/104 
f 752/97 753/98 754/99 755/100 
f 756/101 757/102 758/103 759/104 
f 760/93 761/94 762/95 763/96 
f 764/96 765/93 766/94 767/95 
f 768/97 769/98 770/99 771/100 
f 772/101 773/102 774/103 775/104 
f 776/97 777/98 778/99 779/100 
f 780/101 781/102 782/103 783/104 
f 784/93 785/94 786/95 787/96 
f 788/96 789/93 790/94 791/95 
f 792/97 793/98 794/99 795/100 
f 796/101 797/102 798/103 799/104 
f 800/97 801/98 802/99 803/100 
f 804/101 805/102 806/103 807/104 
f 808/93 809/94 810/95 811/96 
f 812/96 813/93 814/94 815/95 
f 816/97 817/98 818/99 819/100 
f 820/101 821/102 822/103 823/104 
f 824/97 825/98 826/99 827/100 
f 828/101 829/102 830/103 831/104 
f 832/93 833/94 834/95 835/96 
f 836/96 837/93 838/94 839/95 
f 840/97 841/98 842/99 843/100 
f 844/101 845/102 846/103 847/104 
f 848/97 849/98 850/99 851/100 
f 852/101 853/102 854/103 855/104 
f 528/85 541/105 520/106 
f 523/84 532/107 529/108 
f 540/89 537/109 521/110 
f 522/83 536/111 533/112 
f 531/88 524/113 542/114 
f 535/92 525/115 530/116 
f 543/92 527/115 538/116 
f 539/88 526/113 534/114 
f 552/97 565/117 544/118 
f 547/96 556/119 553/120 
f 564/101 561/121 545/122 
f 546/95 560/123 557/124 
f 555/100 548/125 566/126 
f 559/104 549/127 554/128 
f 567/104 551/127 562/128 
f 563/100 550/125 558/126 
f 568/93 576/129 589/130 
f 588/101 585/121 569/122 
f 584/97 581/117 570/118 
f 571/96 580/119 577/120 
f 579/100 572/125 590/126 
f 583/104 573/127 578/128 
f 587/100 574/125 582/126 
f 591/104 575/127 586/128 
f 592/93 600/129 613/130 
f 612/101 609/121 593/122 
f 608/97 605/117 594/118 
f 595/96 604/119 601/120 
f 603/100 596/125 614/126 
f 607/104 597/127 602/128 
f 611/100 598/125 606/126 
f 615/104 599/127 610/128 
f 616/93 624/129 637/130 
f 636/101 633/121 617/122 
f 632/97 629/117 618/118 
f 619/96 628/119 625/120 
f 627/100 620/125 638/126 
f 631/104 621/127 626/128 
f 635/100 622/125 630/126 
f 639/104 623/127 634/128 
f 640/93 648/129 661/130 
f 660/101 657/121 641/122 
f 656/97 653/117 642/118 
f 643/96 652/119 649/120 
f 651/100 644/125 662/126 
f 655/104 645/127 650/128 
f 659/100 646/125 654/126 
f 663/104 647/127 658/128 
f 664/93 672/129 685/130 
f 684/101 681/121 665/122 
f 680/97 677/117 666/118 
f 667/96 676/119 673/120 
f 675/100 668/125 686/126 
f 679/104 669/127 674/128 
f 683/100 670/125 678/126 
f 687/104 671/127 682/128 
f 688/93 696/129 709/130 
f 708/101 705/121 689/122 
f 704/97 701/117 690/118 
f 691/96 700/119 697/120 
f 699/100 692/125 710/126 
f 703/104 693/127 698/128 
f 707/100 694/125 702/126 
f 711/104 695/127 706/128 
f 712/93 720/129 733/130 
f 732/101 729/121 713/122 
f 728/97 725/117 714/118 
f 715/96 724/119 721/120 
f 723/100 716/125 734/126 
f 727/104 717/127 722/128 
f 731/100 718/125 726/126 
f 735/104 719/127 730/128 
f 736/93 744/129 757/130 
f 756/101 753/121 737/122 
f 752/97 749/117 738/118 
f 739/96 748/119 745/120 
f 747/100 740/125 758/126 
f 751/104 741/127 746/128 
f 755/100 742/125 750/126 
f 759/104 743/127 754/128 
f 760/93 768/129 781/130 
f 780/101 777/121 761/122 
f 776/97 773/117 762/118 
f 763/96 772/119 769/120 
f 771/100 764/125 782/126 
f 775/104 765/127 770/128 
f 779/100 766/125 774/126 
f 783/104 767/127 778/128 
f 784/93 792/129 805/130 
f 804/101 801/121 785/122 
f 800/97 797/117 786/118 
f 787/96 796/119 793/120 
f 795/100 788/125 806/126 
f 799/104 789/127 794/128 
f 803/100 790/125 798/126 
f 807/104 791/127 802/128 
f 808/93 816/129 829/130 
f 828/101 825/121 809/122 
f 824/97 821/117 810/118 
f 811/96 820/119 817/120 
f 819/100 812/125 830/126 
f 823/104 813/127 818/128 
f 827/100 814/125 822/126 
f 831/104 815/127 826/128 
f 832/93 840/129 853/130 
f 852/101 849/121 833/122 
f 848/97 845/117 834/118 
f 835/96 844/119 841/120 
f 843/100 836/125 854/126 
f 847/104 837/127 842/128 
f 851/100 838/125 846/126 
f 855/104 839/127 850/128 
f 520/131 541/90 540/89 521/132 
f 521/133 537/86 536/85 522/134 
f 522/131 533/90 532/89 523/132 
f 523/133 529/86 528/85 520/134 
f 524/135 531/88 530/87 525/136 
f 525/137 535/92 534/91 526/138 
f 526/135 539/88 538/87 527/136 
f 527/137 543/92 542/91 524/138 
f 529/139 532/89 535/92 530/140 
f 531/141 542/91 541/90 528/142 
f 533/143 536/85 539/88 534/144 
f 537/139 540/89 543/92 538/140 
f 544/145 565/102 564/101 545/146 
f 545/147 561/98 560/97 546/148 
f 546/145 557/102 556/101 547/146 
f 547/147 553/98 552/97 544/148 
f 548/149 555/100 554/99 549/150 
f 549/151 559/104 558/103 550/152 
f 550/149 563/100 562/99 551/150 
f 551/151 567/104 566/103 548/152 
f 553/153 556/101 559/104 554/154 
f 555/155 566/103 565/102 552/156 
f 557/157 560/97 563/100 558/158 
f 561/153 564/101 567/104 562/154 
f 568/145 589/102 588/101 569/146 
f 569/147 585/98 584/97 570/148 
f 570/145 581/102 580/101 571/146 
f 571/147 577/98 576/97 568/148 
f 572/149 579/100 578/99 573/150 
f 573/151 583/104 582/103 574/152 
f 574/149 587/100 586/99 575/150 
f 575/151 591/104 590/103 572/152 
f 577/153 580/101 583/104 578/154 
f 579/155 590/103 589/102 576/156 
f 581/157 584/97 587/100 582/158 
f 585/153 588/101 591/104 586/154 
f 592/145 613/102 612/101 593/146 
f 593/147 609/98 608/97 594/148 
f 594/145 605/102 604/101 595/146 
f 595/147 601/98 600/97 592/148 
f 596/149 603/100 602/99 597/150 
f 597/151 607/104 606/103 598/152 
f 598/149 611/100 610/99 599/150 
f 599/151 615/104 614/103 596/152 
f 601/153 604/101 607/104 602/154 
f 603/155 614/103 613/102 600/156 
f 605/157 608/97 611/100 606/158 
f 609/153 612/101 615/104 610/154 
f 616/145 637/102 636/101 617/146 
f 617/147 633/98 632/97 618/148 
f 618/145 629/102 628/101 619/146 
f 619/147 625/98 624/97 616/148 
f 620/149 627/100 626/99 621/150 
f 621/151 631/104 630/103 622/152 
f 622/149 635/100 634/99 623/150 
f 623/151 639/104 638/103 620/152 
f 625/153 628/101 631/104 626/154 
f 627/155 638/103 637/102 624/156 
f 629/157 632/97 635/100 630/158 
f 633/153 636/101 639/104 634/154 
f 640/145 661/102 660/101 641/146 
f 641/147 657/98 656/97 642/148 
f 642/145 653/102 652/101 643/146 
f 643/147 649/98 648/97 640/148 
f 644/149 651/100 650/99 645/150 
f 645/151 655/104 654/103 646/152 
f 646/149 659/100 658/99 647/150 
f 647/151 663/104 662/103 644/152 
f 649/153 652/101 655/104 650/154 
f 651/155 662/103 661/102 648/156 
f 653/157 656/97 659/100 654/158 
f 657/153 660/101 663/104 658/154 
f 664/145 685/102 684/101 665/146 
f 665/147 681/98 680/97 666/148 
f 666/145 677/102 676/101 667/146 
f 667/147 673/98 672/97 664/148 
f 668/149 675/100 674/99 669/150 
f 669/151 679/104 678/103 670/152 
f 670/149 683/100 682/99 671/150 
f 671/151 687/104 686/103 668/152 
f 673/153 676/101 679/104 674/154 
f 675/155 686/103 685/102 672/156 
f 677/157 680/97 683/100 678/158 
f 681/153 684/101 687/104 682/154 
f 688/145 709/102 708/101 689/146 
f 689/147 705/98 704/97 690/148 
f 690/145 701/102 700/101 691/146 
f 691/147 697/98 696/97 688/148 
f 692/149 699/100 698/99 693/150 
f 693/151 703/104 702/103 694/152 
f 694/149 707/100 706/99 695/150 
f 695/151 711/104 710/103 692/152 
f 697/153 700/101 703/104 698/154 
f 699/155 710/103 709/102 696/156 
f 701/157 704/97 707/100 702/158 
f 705/153 708/101 711/104 706/154 
f 712/145 733/102 732/101 713/146 
f 713/147 729/98 728/97 714/148 
f 714/145 725/102 724/101 715/146 
f 715/147 721/98 720/97 712/148 
f 716/149 723/100 722/99 717/150 
f 717/151 727/104 726/103 718/152 
f 718/149 731/100 730/99 719/150 
f 719/151 735/104 734/103 716/152 
f 721/153 724/101 727/104 722/154 
f 723/155 734/103 733/102 720/156 
f 725/157 728/97 731/100 726/158 
f 729/153 732/101 735/104 730/154 
f 736/145 757/102 756/101 737/146 
f 737/147 753/98 752/97 738/148 
f 738/145 749/102 748/101 739/146 
f 739/147 745/98 744/97 736/148 
f 740/149 747/100 746/99 741/150 
f 741/151 751/104 750/103 742/152 
f 742/149 755/100 754/99 743/150 
f 743/151 759/104 758/103 740/152 
f 745/153 748/101 751/104 746/154 
f 747/155 758/103 757/102 744/156 
f 749/157 752/97 755/100 750/158 
f 753/153 756/101 759/104 754/154 
f 760/145 781/102 780/101 761/146 
f 761/147 777/98 776/97 762/148 
f 762/145 773/102 772/101 763/146 
f 763/147 769/98 768/97 760/148 
f 764/149 771/100 770/99 765/150 
f 765/151 775/104 774/103 766/152 
f 766/149 779/100 778/99 767/150 
f 767/151 783/104 782/103 764/152 
f 769/153 772/101 775/104 770/154 
f 771/155 782/103 781/102 768/156 
f 773/157 776/97 779/100 774/158 
f 777/153 780/101 783/104 778/154 
f 784/145 805/102 804/101 785/146 
f 785/147 801/98 800/97 786/148 
f 786/145 797/102 796/101 787/146 
f 787/147 793/98 792/97 784/148 
f 788/149 795/100 794/99 789/150 
f 789/151 799/104 798/103 790/152 
f 790/149 803/100 802/99 791/150 
f 791/151 807/104 806/103 788/152 
f 793/153 796/101 799/104 794/154 
f 795/155 806/103 805/102 792/156 
f 797/157 800/97 803/100 798/158 
f 801/153 804/101 807/104 802/154 
f 808/145 829/102 828/101 809/146 
f 809/147 825/98 824/97 810/148 
f 810/145 821/102 820/101 811/146 
f 811/147 817/98 816/97 808/148 
f 812/149 819/100 818/99 813/150 
f 813/151 823/104 822/103 814/152 
f 814/149 827/100 826/99 815/150 
f 815/151 831/104 830/103 812/152 
f 817/153 820/101 823/104 818/154 
f 819/155 830/103 829/102 816/156 
f 821/157 824/97 827/100 822/158 
f 825/153 828/101 831/104 826/154 
f 832/145 853/102 852/101 833/146 
f 833/147 849/98 848/97 834/148 
f 834/145 845/102 844/101 835/146 
f 835/147 841/98 840/97 832/148 
f 836/149 843/100 842/99 837/150 
f 837/151 847/104 846/103 838/152 
f 838/149 851/100 850/99 839/150 
f 839/151 855/104 854/103 836/152 
f 841/153 844/101 847/104 842/154 
f 843/155 854/103 853/102 840/156 
f 845/157 848/97 851/100 846/158 
f 849/153 852/101 855/104 850/154 
f 856/93 527/94 857/95 858/96 
f 859/96 860/93 861/94 862/95 
f 863/97 864/98 865/99 866/100 
f 867/101 868/102 869/103 870/104 
f 871/97 872/98 873/99 874/100 
f 875/101 876/102 877/103 878/104 
f 863/97 876/117 856/118 
f 858/96 867/119 864/120 
f 875/101 872/121 527/122 
f 857/95 871/123 868/124 
f 866/100 859/125 877/126 
f 870/104 860/127 865/128 
f 878/104 862/127 873/128 
f 874/100 861/125 869/126 
f 856/145 876/102 875/101 527/146 
f 527/147 872/98 871/97 857/148 
f 857/145 868/102 867/101 858/146 
f 858/147 864/98 863/97 856/148 
f 859/149 866/100 865/99 860/150 
f 860/151 870/104 869/103 861/152 
f 861/149 874/100 873/99 862/150 
f 862/151 878/104 877/103 859/152 
f 864/153 867/101 870/104 865/154 
f 866/155 877/103 876/102 863/156 
f 868/157 871/97 874/100 869/158 
f 872/153 875/101 878/104 873/154 
f 879/81 880/82 881/83 882/84 
f 883/84 884/81 885/82 886/83 
f 887/85 888/86 889/87 890/88 
f 891/89 892/90 893/91 894/92 
f 895/85 896/86 897/87 898/88 
f 899/89 900/90 901/91 902/92 
f 903/93 904/94 905/95 906/96 
f 907/96 908/93 909/94 910/95 
f 911/97 912/98 913/99 914/100 
f 915/101 916/102 917/103 918/104 
f 919/97 920/98 921/99 922/100 
f 923/101 924/102 925/103 926/104 
f 927/93 928/94 929/95 930/96 
f 931/96 932/93 933/94 934/95 
f 935/97 936/98 937/99 938/100 
f 939/101 940/102 941/103 942/104 
f 943/97 944/98 945/99 946/100 
f 947/101 948/102 949/103 950/104 
f 951/93 952/94 953/95 954/96 
f 955/96 956/93 957/94 958/95 
f 959/97 960/98 961/99 962/100 
f 963/101 964/102 965/103 966/104 
f 967/97 968/98 969/99 970/100 
f 971/101 972/102 973/103 974/104 
f 975/93 976/94 977/95 978/96 
f 979/96 980/93 981/94 982/95 
f 983/97 984/98 985/99 986/100 
f 987/101 988/102 989/103 990/104 
f 991/97 992/98 993/99 994/100 
f 995/101 996/102 997/103 998/104 
f 999/93 1000/94 1001/95 1002/96 
f 1003/96 1004/93 1005/94 1006/95 
f 1007/97 1008/98 1009/99 1010/100 
f 1011/101 1012/102 1013/103 1014/104 
f 1015/97 1016/98 1017/99 1018/100 
f 1019/101 1020/102 1021/103 1022/104 
f 1023/93 1024/94 1025/95 1026/96 
f 1027/96 1028/93 1029/94 1030/95 
f 1031/97 1032/98 1033/99 1034/100 
f 1035/101 1036/102 1037/103 1038/104 
f 1039/97 1040/98 1041/99 1042/100 
f 1043/101 1044/102 1045/103 1046/104 
f 1047/93 1048/94 1049/95 1050/96 
f 1051/96 1052/93 1053/94 1054/95 
f 1055/97 1056/98 1057/99 1058/100 
f 1059/101 1060/102 1061/103 1062/104 
f 1063/97 1064/98 1065/99 1066/100 
f 1067/101 1068/102 1069/103 1070/104 
f 1071/93 1072/94 1073/95 1074/96 
f 1075/96 1076/93 1077/94 1078/95 
f 1079/97 1080/98 1081/99 1082/100 
f 1083/101 1084/102 1085/103 1086/104 
f 1087/97 1088/98 1089/99 1090/100 
f 1091/101 1092/102 1093/103 1094/104 
f 1095/93 1096/94 1097/95 1098/96 
f 1099/96 1100/93 1101/94 1102/95 
f 1103/97 1104/98 1105/99 1106/100 
f 1107/101 1108/102 1109/103 1110/104 
f 1111/97 1112/98 1113/99 1114/100 
f 1115/101 1116/102 1117/103 1118/104 
f 1119/93 1120/94 1121/95 1122/96 
f 1123/96 1124/93 1125/94 1126/95 
f 1127/97 1128/98 1129/99 1130/100 
f 1131/101 1132/102 1133/103 1134/104 
f 1135/97 1136/98 1137/99 1138/100 
f 1139/101 1140/102 1141/103 1142/104 
f 1143/93 1144/94 1145/95 1146/96 
f 1147/96 1148/93 1149/94 1150/95 
f 1151/97 1152/98 1153/99 1154/100 
f 1155/101 1156/102 1157/103 1158/104 
f 1159/97 1160/98 1161/99 1162/100 
f 1163/101 1164/102 1165/103 1166/104 
f 1167/93 1168/94 1169/95 1170/96 
f 1171/96 1172/93 1173/94 1174/95 
f 1175/97 1176/98 1177/99 1178/100 
f 1179/101 1180/102 1181/103 1182/104 
f 1183/97 1184/98 1185/99 1186/100 
f 1187/101 1188/102 1189/103 1190/104 
f 1191/93 1192/94 1193/95 1194/96 
f 1195/96 1196/93 1197/94 1198/95 
f 1199/97 1200/98 1201/99 1202/100 
f 1203/101 1204/102 1205/103 1206/104 
f 1207/97 1208/98 1209/99 1210/100 
f 1211/101 1212/102 1213/103 1214/104 
f 887/85 900/105 879/106 
f 882/84 891/107 888/108 
f 899/89 896/109 880/110 
f 881/83 895/111 892/112 
f 890/88 883/113 901/114 
f 894/92 884/115 889/116 
f 902/92 886/115 897/116 
f 898/88 885/113 893/114 
f 911/97 924/117 903/118 
f 906/96 915/119 912/120 
f 923/101 920/121 904/122 
f 905/95 919/123 916/124 
f 914/100 907/125 925/126 
f 918/104 908/127 913/128 
f 926/104 910/127 921/128 
f 922/100 909/125 917/126 
f 927/93 935/129 948/130 
f 947/101 944/121 928/122 
f 943/97 940/117 929/118 
f 930/96 939/119 936/120 
f 938/100 931/125 949/126 
f 942/104 932/127 937/128 
f 946/100 933/125 941/126 
f 950/104 934/127 945/128 
f 951/93 959/129 972/130 
f 971/101 968/121 952/122 
f 967/97 964/117 953/118 
f 954/96 963/119 960/120 
f 962/100 955/125 973/126 
f 966/104 956/127 961/128 
f 970/100 957/125 965/126 
f 974/104 958/127 969/128 
f 975/93 983/129 996/130 
f 995/101 992/121 976/122 
f 991/97 988/117 977/118 
f 978/96 987/119 984/120 
f 986/100 979/125 997/126 
f 990/104 980/127 985/128 
f 994/100 981/125 989/126 
f 998/104 982/127 993/128 
f 999/93 1007/129 1020/130 
f 1019/101 1016/121 1000/122 
f 1015/97 1012/117 1001/118 
f 1002/96 1011/119 1008/120 
f 1010/100 1003/125 1021/126 
f 1014/104 1004/127 1009/128 
f 1018/100 1005/125 1013/126 
f 1022/104 1006/127 1017/128 
f 1023/93 1031/129 1044/130 
f 1043/101 1040/121 1024/122 
f 1039/97 1036/117 1025/118 
f 1026/96 1035/119 1032/120 
f 1034/100 1027/125 1045/126 
f 1038/104 1028/127 1033/128 
f 1042/100 1029/125 1037/126 
f 1046/104 1030/127 1041/128 
f 1047/93 1055/129 1068/130 
f 1067/101 1064/121 1048/122 
f 1063/97 1060/117 1049/118 
f 1050/96 1059/119 1056/120 
f 1058/100 1051/125 1069/126 
f 1062/104 1052/127 1057/128 
f 1066/100 1053/125 1061/126 
f 1070/104 1054/127 1065/128 
f 1071/93 1079/129 1092/130 
f 1091/101 1088/121 1072/122 
f 1087/97 1084/117 1073/118 
f 1074/96 1083/119 1080/120 
f 1082/100 1075/125 1093/126 
f 1086/104 1076/127 1081/128 
f 1090/100 1077/125 1085/126 
f 1094/104 1078/127 1089/128 
f 1095/93 1103/129 1116/130 
f 1115/101 1112/121 1096/122 
f 1111/97 1108/117 1097/118 
f 1098/96 1107/119 1104/120 
f 1106/100 1099/125 1117/126 
f 1110/104 1100/127 1105/128 
f 1114/100 1101/125 1109/126 
f 1118/104 1102/127 1113/128 
f 1119/93 1127/129 1140/130 
f 1139/101 1136/121 1120/122 
f 1135/97 1132/117 1121/118 
f 1122/96 1131/119 1128/120 
f 1130/100 1123/125 1141/126 
f 1134/104 1124/127 1129/128 
f 1138/100 1125/125 1133/126 
f 1142/104 1126/127 1137/128 
f 1143/93 1151/129 1164/130 
f 1163/101 1160/121 1144/122 
f 1159/97 1156/117 1145/118 
f 1146/96 1155/119 1152/120 
f 1154/100 1147/125 1165/126 
f 1158/104 1148/127 1153/128 
f 1162/100 1149/125 1157/126 
f 1166/104 1150/127 1161/128 
f 1167/93 1175/129 1188/130 
f 1187/101 1184/121 1168/122 
f 1183/97 1180/117 1169/118 
f 1170/96 1179/119 1176/120 
f 1178/100 1171/125 1189/126 
f 1182/104 1172/127 1177/128 
f 1186/100 1173/125 1181/126 
f 1190/104 1174/127 1185/128 
f 1191/93 1199/129 1212/130 
f 1211/101 1208/121 1192/122 
f 1207/97 1204/117 1193/118 
f 1194/96 1203/119 1200/120 
f 1202/100 1195/125 1213/126 
f 1206/104 1196/127 1201/128 
f 1210/100 1197/125 1205/126 
f 1214/104 1198/127 1209/128 
f 879/131 900/90 899/89 880/132 
f 880/133 896/86 895/85 881/134 
f 881/131 892/90 891/89 882/132 
f 882/133 888/86 887/85 879/134 
f 883/135 890/88 889/87 884/136 
f 884/137 894/92 893/91 885/138 
f 885/135 898/88 897/87 886/136 
f 886/137 902/92 901/91 883/138 
f 888/139 891/89 894/92 889/140 
f 890/141 901/91 900/90 887/142 
f 892/143 895/85 898/88 893/144 
f 896/139 899/89 902/92 897/140 
f 903/145 924/102 923/101 904/146 
f 904/147 920/98 919/97 905/148 
f 905/145 916/102 915/101 906/146 
f 906/147 912/98 911/97 903/148 
f 907/149 914/100 913/99 908/150 
f 908/151 918/104 917/103 909/152 
f 909/149 922/100 921/99 910/150 
f 910/151 926/104 925/103 907/152 
f 912/153 915/101 918/104 913/154 
f 914/155 925/103 924/102 911/156 
f 916/157 919/97 922/100 917/158 
f 920/153 923/101 926/104 921/154 
f 927/145 948/102 947/101 928/146 
f 928/147 944/98 943/97 929/148 
f 929/145 940/102 939/101 930/146 
f 930/147 936/98 935/97 927/148 
f 931/149 938/100 937/99 932/150 
f 932/151 942/104 941/103 933/152 
f 933/149 946/100 945/99 934/150 
f 934/151 950/104 949/103 931/152 
f 936/153 939/101 942/104 937/154 
f 938/155 949/103 948/102 935/156 
f 940/157 943/97 946/100 941/158 
f 944/153 947/101 950/104 945/154 
f 951/145 972/102 971/101 952/146 
f 952/147 968/98 967/97 953/148 
f 953/145 964/102 963/101 954/146 
f 954/147 960/98 959/97 951/148 
f 955/149 962/100 961/99 956/150 
f 956/151 966/104 965/103 957/152 
f 957/149 970/100 969/99 958/150 
f 958/151 974/104 973/103 955/152 
f 960/153 963/101 966/104 961/154 
f 962/155 973/103 972/102 959/156 
f 964/157 967/97 970/100 965/158 
f 968/153 971/101 974/104 969/154 
f 975/145 996/102 995/101 976/146 
f 976/147 992/98 991/97 977/148 
f 977/145 988/102 987/101 978/146 
f 978/147 984/98 983/97 975/148 
f 979/149 986/100 985/99 980/150 
f 980/151 990/104 989/103 981/152 
f 981/149 994/100 993/99 982/150 
f 982/151 998/104 997/103 979/152 
f 984/153 987/101 990/104 985/154 
f 986/155 997/103 996/102 983/156 
f 988/157 991/97 994/100 989/158 
f 992/153 995/101 998/104 993/154 
f 999/145 1020/102 1019/101 1000/146 
f 1000/147 1016/98 1015/97 1001/148 
f 1001/145 1012/102 1011/101 1002/146 
f 1002/147 1008/98 1007/97 999/148 
f 1003/149 1010/100 1009/99 1004/150 
f 1004/151 1014/104 1013/103 1005/152 
f 1005/149 1018/100 1017/99 1006/150 
f 1006/151 1022/104 1021/103 1003/152 
f 1008/153 1011/101 1014/104 1009/154 
f 1010/155 1021/103 1020/102 1007/156 
f 1012/157 1015/97 1018/100 1013/158 
f 1016/153 1019/101 1022/104 1017/154 
f 1023/145 1044/102 1043/101 1024/146 
f 1024/147 1040/98 1039/97 1025/148 
f 1025/145 1036/102 1035/101 1026/146 
f 1026/147 1032/98 1031/97 1023/148 
f 1027/149 1034/100 1033/99 1028/150 
f 1028/151 1038/104 1037/103 1029/152 
f 1029/149 1042/100 1041/99 1030/150 
f 1030/151 1046/104 1045/103 1027/152 
f 1032/153 1035/101 1038/104 1033/154 
f 1034/155 1045/103 1044/102 1031/156 
f 1036/157 1039/97 1042/100 1037/158 
f 1040/153 1043/101 1046/104 1041/154 
f 1047/145 1068/102 1067/101 1048/146 
f 1048/147 1064/98 1063/97 1049/148 
f 1049/145 1060/102 1059/101 1050/146 
f 1050/147 1056/98 1055/97 1047/148 
f 1051/149 1058/100 1057/99 1052/150 
f 1052/151 1062/104 1061/103 1053/152 
f 1053/149 1066/100 1065/99 1054/150 
f 1054/151 1070/104 1069/103 1051/152 
f 1056/153 1059/101 1062/104 1057/154 
f 1058/155 1069/103 1068/102 1055/156 
f 1060/157 1063/97 1066/100 1061/158 
f 1064/153 1067/101 1070/104 1065/154 
f 1071/145 1092/102 1091/101 1072/146 
f 1072/147 1088/98 1087/97 1073/148 
f 1073/145 1084/102 1083/101 1074/146 
f 1074/147 1080/98 1079/97 1071/148 
f 1075/149 1082/100 1081/99 1076/150 
f 1076/151 1086/104 1085/103 1077/152 
f 1077/149 1090/100 1089/99 1078/150 
f 1078/151 1094/104 1093/103 1075/152 
f 1080/153 1083/101 1086/104 1081/154 
f 1082/155 1093/103 1092/102 1079/156 
f 1084/157 1087/97 1090/100 1085/158 
f 1088/153 1091/101 1094/104 1089/154 
f 1095/145 1116/102 1115/101 1096/146 
f 1096/147 1112/98 1111/97 1097/148 
f 1097/145 1108/102 1107/101 1098/146 
f 1098/147 1104/98 1103/97 1095/148 
f 1099/149 1106/100 1105/99 1100/150 
f 1100/151 1110/104 1109/103 1101/152 
f 1101/149 1114/100 1113/99 1102/150 
f 1102/151 1118/104 1117/103 1099/152 
f 1104/153 1107/101 1110/104 1105/154 
f 1106/155 1117/103 1116/102 1103/156 
f 1108/157 1111/97 1114/100 1109/158 
f 1112/153 1115/101 1118/104 1113/154 
f 1119/145 1140/102 1139/101 1120/146 
f 1120/147 1136/98 1135/97 1121/148 
f 1121/145 1132/102 1131/101 1122/146 
f 1122/147 1128/98 1127/97 1119/148 
f 1123/149 1130/100 1129/99 1124/150 
f 1124/151 1134/104 1133/103 1125/152 
f 1125/149 1138/100 1137/99 1126/150 
f 1126/151 1142/104 1141/103 1123/152 
f 1128/153 1131/101 1134/104 1129/154 
f 1130/155 1141/103 1140/102 1127/156 
f 1132/157 1135/97 1138/100 1133/158 
f 1136/153 1139/101 1142/104 1137/154 
f 1143/145 1164/102 1163/101 1144/146 
f 1144/147 1160/98 1159/97 1145/148 
f 1145/145 1156/102 1155/101 1146/146 
f 1146/147 1152/98 1151/97 1143/148 
f 1147/149 1154/100 1153/99 1148/150 
f 1148/151 1158/104 1157/103 1149/152 
f 1149/149 1162/100 1161/99 1150/150 
f 1150/151 1166/104 1165/103 1147/152 
f 1152/153 1155/101 1158/104 1153/154 
f 1154/155 1165/103 1164/102 1151/156 
f 1156/157 1159/97 1162/100 1157/158 
f 1160/153 1163/101 1166/104 1161/154 
f 1167/145 1188/102 1187/101 1168/146 
f 1168/147 1184/98 1183/97 1169/148 
f 1169/145 1180/102 1179/101 1170/146 
f 1170/147 1176/98 1175/97 1167/148 
f 1171/149 1178/100 1177/99 1172/150 
f 1172/151 1182/104 1181/103 1173/152 
f 1173/149 1186/100 1185/99 1174/150 
f 1174/151 1190/104 1189/103 1171/152 
f 1176/153 1179/101 1182/104 1177/154 
f 1178/155 1189/103 1188/102 1175/156 
f 1180/157 1183/97 1186/100 1181/158 
f 1184/153 1187/101 1190/104 1185/154 
f 1191/145 1212/102 1211/101 1192/146 
f 1192/147 1208/98 1207/97 1193/148 
f 1193/145 1204/102 1203/101 1194/146 
f 1194/147 1200/98 1199/97 1191/148 
f 1195/149 1202/100 1201/99 1196/150 
f 1196/151 1206/104 1205/103 1197/152 
f 1197/149 1210/100 1209/99 1198/150 
f 1198/151 1214/104 1213/103 1195/152 
f 1200/153 1203/101 1206/104 1201/154 
f 1202/155 1213/103 1212/102 1199/156 
f 1204/157 1207/97 1210/100 1205/158 
f 1208/153 1211/101 1214/104 1209/154 
f 1215/93 886/94 1216/95 1217/96 
f 1218/96 1219/93 1220/94 1221/95 
f 1222/97 1223/98 1224/99 1225/100 
f 1226/101 1227/102 1228/103 1229/104 
f 1230/97 1231/98 1232/99 1233/100 
f 1234/101 1235/102 1236/103 1237/104 
f 1222/97 1235/117 1215/118 
f 1217/96 1226/119 1223/120 
f 1234/101 1231/121 886/122 
f 1216/95 1230/123 1227/124 
f 1225/100 1218/125 1236/126 
f 1229/104 1219/127 1224/128 
f 1237/104 1221/127 1232/128 
f 1233/100 1220/125 1228/126 
f 1215/145 1235/102 1234/101 886/146 
f 886/147 1231/98 1230/97 1216/148 
f 1216/145 1227/102 1226/101 1217/146 
f 1217/147 1223/98 1222/97 1215/148 
f 1218/149 1225/100 1224/99 1219/150 
f 1219/151 1229/104 1228/103 1220/152 
f 1220/149 1233/100 1232/99 1221/150 
f 1221/151 1237/104 1236/103 1218/152 
f 1223/153 1226/101 1229/104 1224/154 
f 1225/155 1236/103 1235/102 1222/156 
f 1227/157 1230/97 1233/100 1228/158 
f 1231/153 1234/101 1237/104 1232/154 
f 1238/81 1239/82 1240/83 1241/84 
f 1242/84 1243/81 1244/82 1245/83 
f 1246/85 1247/86 1248/87 1249/88 
f 1250/89 1251/90 1252/91 1253/92 
f 1254/85 1255/86 1256/87 1257/88 
f 1258/89 1259/90 1260/91 1261/92 
f 1262/93 1263/94 1264/95 1265/96 
f 1266/96 1267/93 1268/94 1269/95 
f 1270/97 1271/98 1272/99 1273/100 
f 1274/101 1275/102 1276/103 1277/104 
f 1278/97 1279/98 1280/99 1281/100 
f 1282/101 1283/102 1284/103 1285/104 
f 1286/93 1287/94 1288/95 1289/96 
f 1290/96 1291/93 1292/94 1293/95 
f 1294/97 1295/98 1296/99 1297/100 
f 1298/101 1299/102 1300/103 1301/104 
f 1302/97 1303/98 1304/99 1305/100 
f 1306/101 1307/102 1308/103 1309/104 
f 1310/93 1311/94 1312/95 1313/96 
f 1314/96 1315/93 1316/94 1317/95 
f 1318/97 1319/98 1320/99 1321/100 
f 1322/101 1323/102 1324/103 1325/104 
f 1326/97 1327/98 1328/99 1329/100 
f 1330/101 1331/102 1332/103 1333/104 
f 1334/93 1335/94 1336/95 1337/96 
f 1338/96 1339/93 1340/94 1341/95 
f 1342/97 1343/98 1344/99 1345/100 
f 1346/101 1347/102 1348/103 1349/104 
f 1350/97 1351/98 1352/99 1353/100 
f 1354/101 1355/102 1356/103 1357/104 
f 1358/93 1359/94 1360/95 1361/96 
f 1362/96 1363/93 1364/94 1365/95 
f 1366/97 1367/98 1368/99 1369/100 
f 1370/101 1371/102 1372/103 1373/104 
f 1374/97 1375/98 1376/99 1377/100 
f 1378/101 1379/102 1380/103 1381/104 
f 1382/93 1383/94 1384/95 1385/96 
f 1386/96 1387/93 1388/94 1389/95 
f 1390/97 1391/98 1392/99 1393/100 
f 1394/101 1395/102 1396/103 1397/104 
f 1398/97 1399/98 1400/99 1401/100 
f 1402/101 1403/102 1404/103 1405/104 
f 1406/93 1407/94 1408/95 1409/96 
f 1410/96 1411/93 1412/94 1413/95 
f 1414/97 1415/98 1416/99 1417/100 
f 1418/101 1419/102 1420/103 1421/104 
f 1422/97 1423/98 1424/99 1425/100 
f 1426/101 1427/102 1428/103 1429/104 
f 1430/93 1431/94 1432/95 1433/96 
f 1434/96 1435/93 1436/94 1437/95 
f 1438/97 1439/98 1440/99 1441/100 
f 1442/101 1443/102 1444/103 1445/104 
f 1446/97 1447/98 1448/99 1449/100 
f 1450/101 1451/102 1452/103 1453/104 
f 1454/93 1455/94 1456/95 1457/96 
f 1458/96 1459/93 1460/94 1461/95 
f 1462/97 1463/98 1464/99 1465/100 
f 1466/101 1467/102 1468/103 1469/104 
f 1470/97 1471/98 1472/99 1473/100 
f 1474/101 1475/102 1476/103 1477/104 
f 1478/93 1479/94 1480/95 1481/96 
f 1482/96 1483/93 1484/94 1485/95 
f 1486/97 1487/98 1488/99 1489/100 
f 1490/101 1491/102 1492/103 1493/104 
f 1494/97 1495/98 1496/99 1497/100 
f 1498/101 1499/102 1500/103 1501/104 
f 1502/93 1503/94 1504/95 1505/96 
f 1506/96 1507/93 1508/94 1509/95 
f 1510/97 1511/98 1512/99 1513/100 
f 1514/101 1515/102 1516/103 1517/104 
f 1518/97 1519/98 1520/99 1521/100 
f 1522/101 1523/102 1524/103 1525/104 
f 1526/93 1527/94 1528/95 1529/96 
f 1530/96 1531/93 1532/94 1533/95 
f 1534/97 1535/98 1536/99 1537/100 
f 1538/101 1539/102 1540/103 1541/104 
f 1542/97 1543/98 1544/99 1545/100 
f 1546/101 1547/102 1548/103 1549/104 
f 1550/93 1551/94 1552/95 1553/96 
f 1554/96 1555/93 1556/94 1557/95 
f 1558/97 1559/98 1560/99 1561/100 
f 1562/101 1563/102 1564/103 1565/104 
f 1566/97 1567/98 1568/99 1569/100 
f 1570/101 1571/102 1572/103 1573/104 
f 1246/85 1259/105 1238/106 
f 1241/84 1250/107 1247/108 
f 1258/89 1255/109 1239/110 
f 1240/83 1254/111 1251/112 
f 1249/88 1242/113 1260/114 
f 1253/92 1243/115 1248/116 
f 1261/92 1245/115 1256/116 
f 1257/88 1244/113 1252/114 
f 1270/97 1283/117 1262/118 
f 1265/96 1274/119 1271/120 
f 1282/101 1279/121 1263/122 
f 1264/95 1278/123 1275/124 
f 1273/100 1266/125 1284/126 
f 1277/104 1267/127 1272/128 
f 1285/104 1269/127 1280/128 
f 1281/100 1268/125 1276/126 
f 1286/93 1294/129 1307/130 
f 1306/101 1303/121 1287/122 
f 1302/97 1299/117 1288/118 
f 1289/96 1298/119 1295/120 
f 1297/100 1290/125 1308/126 
f 1301/104 1291/127 1296/128 
f 1305/100 1292/125 1300/126 
f 1309/104 1293/127 1304/128 
f 1310/93 1318/129 1331/130 
f 1330/101 1327/121 1311/122 
f 1326/97 1323/117 1312/118 
f 1313/96 1322/119 1319/120 
f 1321/100 1314/125 1332/126 
f 1325/104 1315/127 1320/128 
f 1329/100 1316/125 1324/126 
f 1333/104 1317/127 1328/128 
f 1334/93 1342/129 1355/130 
f 1354/101 1351/121 1335/122 
f 1350/97 1347/117 1336/118 
f 1337/96 1346/119 1343/120 
f 1345/100 1338/125 1356/126 
f 1349/104 1339/127 1344/128 
f 1353/100 1340/125 1348/126 
f 1357/104 1341/127 1352/128 
f 1358/93 1366/129 1379/130 
f 1378/101 1375/121 1359/122 
f 1374/97 1371/117 1360/118 
f 1361/96 1370/119 1367/120 
f 1369/100 1362/125 1380/126 
f 1373/104 1363/127 1368/128 
f 1377/100 1364/125 1372/126 
f 1381/104 1365/127 1376/128 
f 1382/93 1390/129 1403/130 
f 1402/101 1399/121 1383/122 
f 1398/97 1395/117 1384/118 
f 1385/96 1394/119 1391/120 
f 1393/100 1386/125 1404/126 
f 1397/104 1387/127 1392/128 
f 1401/100 1388/125 1396/126 
f 1405/104 1389/127 1400/128 
f 1406/93 1414/129 1427/130 
f 1426/101 1423/121 1407/122 
f 1422/97 1419/117 1408/118 
f 1409/96 1418/119 1415/120 
f 1417/100 1410/125 1428/126 
f 1421/104 1411/127 1416/128 
f 1425/100 1412/125 1420/126 
f 1429/104 1413/127 1424/128 
f 1430/93 1438/129 1451/130 
f 1450/101 1447/121 1431/122 
f 1446/97 1443/117 1432/118 
f 1433/96 1442/119 1439/120 
f 1441/100 1434/125 1452/126 
f 1445/104 1435/127 1440/128 
f 1449/100 1436/125 1444/126 
f 1453/104 1437/127 1448/128 
f 1454/93 1462/129 1475/130 
f 1474/101 1471/121 1455/122 
f 1470/97 1467/117 1456/118 
f 1457/96 1466/119 1463/120 
f 1465/100 1458/125 1476/126 
f 1469/104 1459/127 1464/128 
f 1473/100 1460/125 1468/126 
f 1477/104 1461/127 1472/128 
f 1478/93 1486/129 1499/130 
f 1498/101 1495/121 1479/122 
f 1494/97 1491/117 1480/118 
f 1481/96 1490/119 1487/120 
f 1489/100 1482/125 1500/126 
f 1493/104 1483/127 1488/128 
f 1497/100 1484/125 1492/126 
f 1501/104 1485/127 1496/128 
f 1502/93 1510/129 1523/130 
f 1522/101 1519/121 1503/122 
f 1518/97 1515/117 1504/118 
f 1505/96 1514/119 1511/120 
f 1513/100 1506/125 1524/126 
f 1517/104 1507/127 1512/128 
f 1521/100 1508/125 1516/126 
f 1525/104 1509/127 1520/128 
f 1526/93 1534/129 1547/130 
f 1546/101 1543/121 1527/122 
f 1542/97 1539/117 1528/118 
f 1529/96 1538/119 1535/120 
f 1537/100 1530/125 1548/126 
f 1541/104 1531/127 1536/128 
f 1545/100 1532/125 1540/126 
f 1549/104 1533/127 1544/128 
f 1550/93 1558/129 1571/130 
f 1570/101 1567/121 1551/122 
f 1566/97 1563/117 1552/118 
f 1553/96 1562/119 1559/120 
f 1561/100 1554/125 1572/126 
f 1565/104 1555/127 1560/128 
f 1569/100 1556/125 1564/126 
f 1573/104 1557/127 1568/128 
f 1238/131 1259/90 1258/89 1239/132 
f 1239/133 1255/86 1254/85 1240/134 
f 1240/131 1251/90 1250/89 1241/132 
f 1241/133 1247/86 1246/85 1238/134 
f 1242/135 1249/88 1248/87 1243/136 
f 1243/137 1253/92 1252/91 1244/138 
f 1244/135 1257/88 1256/87 1245/136 
f 1245/137 1261/92 1260/91 1242/138 
f 1247/139 1250/89 1253/92 1248/140 
f 1249/141 1260/91 1259/90 1246/142 
f 1251/143 1254/85 1257/88 1252/144 
f 1255/139 1258/89 1261/92 1256/140 
f 1262/145 1283/102 1282/101 1263/146 
f 1263/147 1279/98 1278/97 1264/148 
f 1264/145 1275/102 1274/101 1265/146 
f 1265/147 1271/98 1270/97 1262/148 
f 1266/149 1273/100 1272/99 1267/150 
f 1267/151 1277/104 1276/103 1268/152 
f 1268/149 1281/100 1280/99 1269/150 
f 1269/151 1285/104 1284/103 1266/152 
f 1271/153 1274/101 1277/104 1272/154 
f 1273/155 1284/103 1283/102 1270/156 
f 1275/157 1278/97 1281/100 1276/158 
f 1279/153 1282/101 1285/104 1280/154 
f 1286/145 1307/102 1306/101 1287/146 
f 1287/147 1303/98 1302/97 1288/148 
f 1288/145 1299/102 1298/101 1289/146 
f 1289/147 1295/98 1294/97 1286/148 
f 1290/149 1297/100 1296/99 1291/150 
f 1291/151 1301/104 1300/103 1292/152 
f 1292/149 1305/100 1304/99 1293/150 
f 1293/151 1309/104 1308/103 1290/152 
f 1295/153 1298/101 1301/104 1296/154 
f 1297/155 1308/103 1307/102 1294/156 
f 1299/157 1302/97 1305/100 1300/158 
f 1303/153 1306/101 1309/104 1304/154 
f 1310/145 1331/102 1330/101 1311/146 
f 1311/147 1327/98 1326/97 1312/148 
f 1312/145 1323/102 1322/101 1313/146 
f 1313/147 1319/98 1318/97 1310/148 
f 1314/149 1321/100 1320/99 1315/150 
f 1315/151 1325/104 1324/103 1316/152 
f 1316/149 1329/100 1328/99 1317/150 
f 1317/151 1333/104 1332/103 1314/152 
f 1319/153 1322/101 1325/104 1320/154 
f 1321/155 1332/103 1331/102 1318/156 
f 1323/157 1326/97 1329/100 1324/158 
f 1327/153 1330/101 1333/104 1328/154 
f 1334/145 1355/102 1354/101 1335/146 
f 1335/147 1351/98 1350/97 1336/148 
f 1336/145 1347/102 1346/101 1337/146 
f 1337/147 1343/98 1342/97 1334/148 
f 1338/149 1345/100 1344/99 1339/150 
f 1339/151 1349/104 1348/103 1340/152 
f 1340/149 1353/100 1352/99 1341/150 
f 1341/151 1357/104 1356/103 1338/152 
f 1343/153 1346/101 1349/104 1344/154 
f 1345/155 1356/103 1355/102 1342/156 
f 1347/157 1350/97 1353/100 1348/158 
f 1351/153 1354/101 1357/104 1352/154 
f 1358/145 1379/102 1378/101 1359/146 
f 1359/147 1375/98 1374/97 1360/148 
f 1360/145 1371/102 1370/101 1361/146 
f 1361/147 1367/98 1366/97 1358/148 
f 1362/149 1369/100 1368/99 1363/150 
f 1363/151 1373/104 1372/103 1364/152 
f 1364/149 1377/100 1376/99 1365/150 
f 1365/151 1381/104 1380/103 1362/152 
f 1367/153 1370/101 1373/104 1368/154 
f 1369/155 1380/103 1379/102 1366/156 
f 1371/157 1374/97 1377/100 1372/158 
f 1375/153 1378/101 1381/104 1376/154 
f 1382/145 1403/102 1402/101 1383/146 
f 1383/147 1399/98 1398/97 1384/148 
f 1384/145 1395/102 1394/101 1385/146 
f 1385/147 1391/98 1390/97 1382/148 
f 1386/149 1393/100 1392/99 1387/150 
f 1387/151 1397/104 1396/103 1388/152 
f 1388/149 1401/100 1400/99 1389/150 
f 1389/151 1405/104 1404/103 1386/152 
f 1391/153 1394/101 1397/104 1392/154 
f 1393/155 1404/103 1403/102 1390/156 
f 1395/157 1398/97 1401/100 1396/158 
f 1399/153 1402/101 1405/104 1400/154 
f 1406/145 1427/102 1426/101 1407/146 
f 1407/147 1423/98 1422/97 1408/148 
f 1408/145 1419/102 1418/101 1409/146 
f 1409/147 1415/98 1414/97 1406/148 
f 1410/149 1417/100 1416/99 1411/150 
f 1411/151 1421/104 1420/103 1412/152 
f 1412/149 1425/100 1424/99 1413/150 
f 1413/151 1429/104 1428/103 1410/152 
f 1415/153 1418/101 1421/104 1416/154 
f 1417/155 1428/103 1427/102 1414/156 
f 1419/157 1422/97 1425/100 1420/158 
f 1423/153 1426/101 1429/104 1424/154 
f 1430/145 1451/102 1450/101 1431/146 
f 1431/147 1447/98 1446/97 1432/148 
f 1432/145 1443/102 1442/101 1433/146 
f 1433/147 1439/98 1438/97 1430/148 
f 1434/149 1441/100 1440/99 1435/150 
f 1435/151 1445/104 1444/103 1436/152 
f 1436/149 1449/100 1448/99 1437/150 
f 1437/151 1453/104 1452/103 1434/152 
f 1439/153 1442/101 1445/104 1440/154 
f 1441/155 1452/103 1451/102 1438/156 
f 1443/157 1446/97 1449/100 1444/158 
f 1447/153 1450/101 1453/104 1448/154 
f 1454/145 1475/102 1474/101 1455/146 
f 1455/147 1471/98 1470/97 1456/148 
f 1456/145 1467/102 1466/101 1457/146 
f 1457/147 1463/98 1462/97 1454/148 
f 1458/149 1465/100 1464/99 1459/150 
f 1459/151 1469/104 1468/103 1460/152 
f 1460/149 1473/100 1472/99 1461/150 
f 1461/151 1477/104 1476/103 1458/152 
f 1463/153 1466/101 1469/104 1464/154 
f 1465/155 1476/103 1475/102 1462/156 
f 1467/157 1470/97 1473/100 1468/158 
f 1471/153 1474/101 1477/104 1472/154 
f 1478/145 1499/102 1498/101 1479/146 
f 1479/147 1495/98 1494/97 1480/148 
f 1480/145 1491/102 1490/101 1481/146 
f 1481/147 1487/98 1486/97 1478/148 
f 1482/149 1489/100 1488/99 1483/150 
f 1483/151 1493/104 1492/103 1484/152 
f 1484/149 1497/100 1496/99 1485/150 
f 1485/151 1501/104 1500/103 1482/152 
f 1487/153 1490/101 1493/104 1488/154 
f 1489/155 1500/103 1499/102 1486/156 
f 1491/157 1494/97 1497/100 1492/158 
f 1495/153 1498/101 1501/104 1496/154 
f 1502/145 1523/102 1522/101 1503/146 
f 1503/147 1519/98 1518/97 1504/148 
f 1504/145 1515/102 1514/101 1505/146 
f 1505/147 1511/98 1510/97 1502/148 
f 1506/149 1513/100 1512/99 1507/150 
f 1507/151 1517/104 1516/103 1508/152 
f 1508/149 1521/100 1520/99 1509/150 
f 1509/151 1525/104 1524/103 1506/152 
f 1511/153 1514/101 1517/104 1512/154 
f 1513/155 1524/103 1523/102 1510/156 
f 1515/157 1518/97 1521/100 1516/158 
f 1519/153 1522/101 1525/104 1520/154 
f 1526/145 1547/102 1546/101 1527/146 
f 1527/147 1543/98 1542/97 1528/148 
f 1528/145 1539/102 1538/101 1529/146 
f 1529/147 1535/98 1534/97 1526/148 
f 1530/149 1537/100 1536/99 1531/150 
f 1531/151 1541/104 1540/103 1532/152 
f 1532/149 1545/100 1544/99 1533/150 
f 1533/151 1549/104 1548/103 1530/152 
f 1535/153 1538/101 1541/104 1536/154 
f 1537/155 1548/103 1547/102 1534/156 
f 1539/157 1542/97 1545/100 1540/158 
f 1543/153 1546/101 1549/104 1544/154 
f 1550/145 1571/102 1570/101 1551/146 
f 1551/147 1567/98 1566/97 1552/148 
f 1552/145 1563/102 1562/101 1553/146 
f 1553/147 1559/98 1558/97 1550/148 
f 1554/149 1561/100 1560/99 1555/150 
f 1555/151 1565/104 1564/103 1556/152 
f 1556/149 1569/100 1568/99 1557/150 
f 1557/151 1573/104 1572/103 1554/152 
f 1559/153 1562/101 1565/104 1560/154 
f 1561/155 1572/103 1571/102 1558/156 
f 1563/157 1566/97 1569/100 1564/158 
f 1567/153 1570/101 1573/104 1568/154 
f 1574/93 1245/94 1575/95 1576/96 
f 1577/96 1578/93 1579/94 1580/95 
f 1581/97 1582/98 1583/99 1584/100 
f 1585/101 1586/102 1587/103 1588/104 
f 1589/97 1590/98 1591/99 1592/100 
f 1593/101 1594/102 1595/103 1596/104 
f 1581/97 1594/117 1574/118 
f 1576/96 1585/119 1582/120 
f 1593/101 1590/121 1245/122 
f 1575/95 1589/123 1586/124 
f 1584/100 1577/125 1595/126 
f 1588/104 1578/127 1583/128 
f 1596/104 1580/127 1591/128 
f 1592/100 1579/125 1587/126 
f 1574/145 1594/102 1593/101 1245/146 
f 1245/147 1590/98 1589/97 1575/148 
f 1575/145 1586/102 1585/101 1576/146 
f 1576/147 1582/98 1581/97 1574/148 
f 1577/149 1584/100 1583/99 1578/150 
f 1578/151 1588/104 1587/103 1579/152 
f 1579/149 1592/100 1591/99 1580/150 
f 1580/151 1596/104 1595/103 1577/152 
f 1582/153 1585/101 1588/104 1583/154 
f 1584/155 1595/103 1594/102 1581/156 
f 1586/157 1589/97 1592/100 1587/158 
f 1590/153 1593/101 1596/104 1591/154 
usemtl Handles
f 1597/159 1598/160 1599/161 1600/162 
f 1598/160 1601/163 1602/164 1599/161 
f 1601/163 1603/165 1604/166 1602/164 
f 1603/165 1605/167 1606/168 1604/166 
f 1605/167 1607/169 1608/170 1606/168 
f 1607/169 1609/171 1610/172 1608/170 
f 1609/171 1611/173 1612/174 1610/172 
f 1611/173 1613/175 1614/176 1612/174 
f 1613/175 1615/177 1616/178 1614/176 
f 1615/177 1617/179 1618/180 1616/178 
f 1617/179 1619/181 1620/182 1618/180 
f 1619/181 1621/183 1622/184 1620/182 
f 1621/183 1623/185 1624/186 1622/184 
f 1623/185 1625/187 1626/188 1624/186 
f 1625/187 1627/189 1628/190 1626/188 
f 1627/189 1629/191 1630/192 1628/190 
f 1629/191 1631/193 1632/194 1630/192 
f 1631/193 1633/195 1634/196 1632/194 
f 1633/195 1635/197 1636/198 1634/196 
f 1635/197 1637/199 1638/200 1636/198 
f 1637/199 1639/201 1640/202 1638/200 
f 1639/201 1641/203 1642/204 1640/202 
f 1641/203 1643/205 1644/206 1642/204 
f 1643/205 1645/207 1646/208 1644/206 
f 1645/207 1647/209 1648/210 1646/208 
f 1647/209 1649/211 1650/212 1648/210 
f 1649/211 1651/213 1652/214 1650/212 
f 1651/213 1653/215 1654/216 1652/214 
f 1653/215 1655/217 1656/218 1654/216 
f 1655/217 1657/219 1658/220 1656/218 
f 1657/219 1659/221 1660/222 1658/220 
f 1659/221 1661/223 1662/224 1660/222 
f 1661/223 1663/225 1664/226 1662/224 
f 1663/225 1665/227 1666/228 1664/226 
f 1665/227 1667/229 1668/230 1666/228 
f 1667/229 1669/231 1670/232 1668/230 
f 1669/231 1671/233 1672/234 1670/232 
f 1671/233 1673/235 1674/236 1672/234 
f 1673/235 1675/237 1676/238 1674/236 
f 1675/237 1677/239 1678/240 1676/238 
f 1677/239 1679/241 1680/242 1678/240 
f 1679/241 1681/243 1682/244 1680/242 
f 1681/243 1683/245 1684/246 1682/244 
f 1683/245 1685/247 1686/248 1684/246 
f 1685/247 1687/249 1688/250 1686/248 
f 1687/249 1689/251 1690/252 1688/250 
f 1689/251 1691/253 1692/254 1690/252 
f 1691/253 1693/255 1694/256 1692/254 
f 1693/255 1695/257 1696/258 1694/256 
f 1695/257 1697/259 1698/260 1696/258 
f 1697/259 1699/261 1700/262 1698/260 
f 1699/261 1701/263 1702/264 1700/262 
f 1701/263 1703/265 1704/266 1702/264 
f 1703/265 1705/267 1706/268 1704/266 
f 1705/267 1707/269 1708/270 1706/268 
f 1707/269 1709/271 1710/272 1708/270 
f 1709/271 1711/273 1712/274 1710/272 
f 1711/273 1713/275 1714/276 1712/274 
f 1713/275 1715/277 1716/278 1714/276 
f 1715/277 1717/279 1718/280 1716/278 
f 1717/279 1719/281 1720/282 1718/280 
f 1719/281 1721/283 1722/284 1720/282 
f 1721/283 1723/285 1724/286 1722/284 
f 1723/285 1725/287 1726/288 1724/286 
f 1725/287 1727/289 1728/290 1726/288 
f 1727/289 1729/291 1730/292 1728/290 
f 1729/291 1731/293 1732/294 1730/292 
f 1731/293 1733/295 1734/296 1732/294 
f 1733/295 1735/297 1736/298 1734/296 
f 1735/297 1737/299 1738/300 1736/298 
f 1737/299 1739/301 1740/302 1738/300 
f 1739/301 1741/303 1742/304 1740/302 
f 1741/303 1743/305 1744/306 1742/304 
f 1743/305 1745/307 1746/308 1744/306 
f 1745/307 1747/309 1748/310 1746/308 
f 1747/309 1749/311 1750/312 1748/310 
f 1749/311 1751/313 1752/314 1750/312 
f 1751/313 1753/315 1754/316 1752/314 
f 1753/315 1755/317 1756/318 1754/316 
f 1755/317 1757/319 1758/320 1756/318 
f 1757/319 1759/321 1760/322 1758/320 
f 1759/321 1761/323 1762/324 1760/322 
f 1761/323 1763/325 1764/326 1762/324 
f 1763/325 1765/327 1766/328 1764/326 
f 1765/327 1767/329 1768/330 1766/328 
f 1767/329 1769/331 1770/332 1768/330 
f 1769/331 1771/333 1772/334 1770/332 
f 1771/333 1773/335 1774/336 1772/334 
f 1773/335 1775/337 1776/338 1774/336 
f 1775/337 1777/339 1778/340 1776/338 
f 1777/339 1779/341 1780/342 1778/340 
f 1779/341 1781/343 1782/344 1780/342 
f 1781/343 1783/345 1784/346 1782/344 
f 1783/345 1785/347 1786/348 1784/346 
f 1785/347 1787/349 1788/350 1786/348 
f 1787/349 1789/351 1790/352 1788/350 
f 1789/351 1791/353 1792/354 1790/352 
f 1791/353 1793/355 1794/356 1792/354 
f 1793/355 1795/357 1796/358 1794/356 
f 1795/357 1797/359 1798/360 1796/358 
f 1799/361 1800/362 1801/363 1802/364 
f 1803/365 1799/361 1802/364 1804/366 
f 1805/367 1803/365 1804/366 1806/368 
f 1807/369 1805/367 1806/368 1808/370 
f 1809/371 1807/369 1808/370 1810/372 
f 1811/373 1809/371 1810/372 1812/374 
f 1813/375 1811/373 1812/374 1814/376 
f 1815/377 1813/375 1814/376 1816/378 
f 1817/379 1815/377 1816/378 1818/380 
f 1819/381 1817/379 1818/380 1820/382 
f 1821/383 1819/381 1820/382 1822/384 
f 1823/385 1821/383 1822/384 1824/386 
f 1825/387 1823/385 1824/386 1826/388 
f 1827/389 1825/387 1826/388 1828/390 
f 1829/391 1827/389 1828/390 1830/392 
f 1831/393 1829/391 1830/392 1832/394 
f 1833/395 1831/393 1832/394 1834/396 
f 1835/397 1833/395 1834/396 1836/398 
f 1837/399 1835/397 1836/398 1838/400 
f 1839/401 1837/399 1838/400 1840/402 
f 1841/403 1839/401 1840/402 1842/404 
f 1843/405 1841/403 1842/404 1844/406 
f 1845/407 1843/405 1844/406 1846/408 
f 1847/409 1845/407 1846/408 1848/410 
f 1849/411 1847/409 1848/410 1850/412 
f 1851/413 1849/411 1850/412 1852/414 
f 1853/415 1851/413 1852/414 1854/416 
f 1855/417 1853/415 1854/416 1856/418 
f 1857/419 1855/417 1856/418 1858/420 
f 1859/421 1857/419 1858/420 1860/422 
f 1861/423 1859/421 1860/422 1862/424 
f 1863/425 1861/423 1862/424 1864/426 
f 1865/427 1863/425 1864/426 1866/428 
f 1867/429 1865/427 1866/428 1868/430 
f 1869/431 1867/429 1868/430 1870/432 
f 1871/433 1869/431 1870/432 1872/434 
f 1873/435 1871/433 1872/434 1874/436 
f 1875/437 1873/435 1874/436 1876/438 
f 1877/439 1875/437 1876/438 1878/440 
f 1879/441 1877/439 1878/440 1880/442 
f 1881/443 1879/441 1880/442 1882/444 
f 1883/445 1881/443 1882/444 1884/446 
f 1885/447 1883/445 1884/446 1886/448 
f 1887/449 1885/447 1886/448 1888/450 
f 1889/451 1887/449 1888/450 1890/452 
f 1891/453 1889/451 1890/452 1892/454 
f 1893/455 1891/453 1892/454 1894/456 
f 1895/457 1893/455 1894/456 1896/458 
f 1897/459 1895/457 1896/458 1898/460 
f 1899/461 1897/459 1898/460 1900/462 
f 1901/463 1899/461 1900/462 1902/464 
f 1903/465 1901/463 1902/464 1904/466 
f 1905/467 1903/465 1904/466 1906/468 
f 1907/469 1905/467 1906/468 1908/470 
f 1909/471 1907/469 1908/470 1910/472 
f 1911/473 1909/471 1910/472 1912/474 
f 1913/475 1911/473 1912/474 1914/476 
f 1915/477 1913/475 1914/476 1916/478 
f 1917/479 1915/477 1916/478 1918/480 
f 1919/481 1917/479 1918/480 1920/482 
f 1921/483 1919/481 1920/482 1922/484 
f 1923/485 1921/483 1922/484 1924/486 
f 1925/487 1923/485 1924/486 1926/488 
f 1927/489 1925/487 1926/488 1928/490 
f 1929/491 1927/489 1928/490 1930/492 
f 1931/493 1929/491 1930/492 1932/494 
f 1933/495 1931/493 1932/494 1934/496 
f 1935/497 1933/495 1934/496 1936/498 
f 1937/499 1935/497 1936/498 1938/500 
f 1939/501 1937/499 1938/500 1940/502 
f 1941/503 1939/501 1940/502 1942/504 
f 1943/505 1941/503 1942/504 1944/506 
f 1945/507 1943/505 1944/506 1946/508 
f 1947/509 1945/507 1946/508 1948/510 
f 1949/511 1947/509 1948/510 1950/512 
f 1951/513 1949/511 1950/512 1952/514 
f 1953/515 1951/513 1952/514 1954/516 
f 1955/517 1953/515 1954/516 1956/518 
f 1957/519 1955/517 1956/518 1958/520 
f 1959/521 1957/519 1958/520 1960/522 
f 1961/523 1959/521 1960/522 1962/524 
f 1963/525 1961/523 1962/524 1964/526 
f 1965/527 1963/525 1964/526 1966/528 
f 1967/529 1965/527 1966/528 1968/530 
f 1969/531 1967/529 1968/530 1970/532 
f 1971/533 1969/531 1970/532 1972/534 
f 1973/535 1971/533 1972/534 1974/536 
f 1975/537 1973/535 1974/536 1976/538 
f 1977/539 1975/537 1976/538 1978/540 
f 1979/541 1977/539 1978/540 1980/542 
f 1981/543 1979/541 1980/542 1982/544 
f 1983/545 1981/543 1982/544 1984/546 
f 1985/547 1983/545 1984/546 1986/548 
f 1987/549 1985/547 1986/548 1988/550 
f 1989/551 1987/549 1988/550 1990/552 
f 1991/553 1989/551 1990/552 1992/554 
f 1993/555 1991/553 1992/554 1994/556 
f 1995/557 1993/555 1994/556 1996/558 
f 1997/559 1995/557 1996/558 1998/560 
f 1999/561 1997/559 1998/560 2000/562 
f 1802/364 1801/363 2001/563 
f 1804/366 1802/364 2001/563 
f 1806/368 1804/366 2001/563 
f 1808/370 1806/368 2001/563 
f 1810/372 1808/370 2001/563 
f 1812/374 1810/372 2001/563 
f 1814/376 1812/374 2001/563 
f 1816/378 1814/376 2001/563 
f 1818/380 1816/378 2001/563 
f 1820/382 1818/380 2001/563 
f 1822/384 1820/382 2001/563 
f 1824/386 1822/384 2001/563 
f 1826/388 1824/386 2001/563 
f 1828/390 1826/388 2001/563 
f 1830/392 1828/390 2001/563 
f 1832/394 1830/392 2001/563 
f 1834/396 1832/394 2001/563 
f 1836/398 1834/396 2001/563 
f 1838/400 1836/398 2001/563 
f 1840/402 1838/400 2001/563 
f 1842/404 1840/402 2001/563 
f 1844/406 1842/404 2001/563 
f 1846/408 1844/406 2001/563 
f 1848/410 1846/408 2001/563 
f 1850/412 1848/410 2001/563 
f 1852/414 1850/412 2001/563 
f 1854/416 1852/414 2001/563 
f 1856/418 1854/416 2001/563 
f 1858/420 1856/418 2001/563 
f 1860/422 1858/420 2001/563 
f 1862/424 1860/422 2001/563 
f 1864/426 1862/424 2001/563 
f 1866/428 1864/426 2001/563 
f 1868/430 1866/428 2001/563 
f 1870/432 1868/430 2001/563 
f 1872/434 1870/432 2001/563 
f 1874/436 1872/434 2001/563 
f 1876/438 1874/436 2001/563 
f 1878/440 1876/438 2001/563 
f 1880/442 1878/440 2001/563 
f 1882/444 1880/442 2001/563 
f 1884/446 1882/444 2001/563 
f 1886/448 1884/446 2001/563 
f 1888/450 1886/448 2001/563 
f 1890/452 1888/450 2001/563 
f 1892/454 1890/452 2001/563 
f 1894/456 1892/454 2001/563 
f 1896/458 1894/456 2001/563 
f 1898/460 1896/458 2001/563 
f 1900/462 1898/460 2001/563 
f 1902/464 1900/462 2001/563 
f 1904/466 1902/464 2001/563 
f 1906/468 1904/466 2001/563 
f 1908/470 1906/468 2001/563 
f 1910/472 1908/470 2001/563 
f 1912/474 1910/472 2001/563 
f 1914/476 1912/474 2001/563 
f 1916/478 1914/476 2001/563 
f 1918/480 1916/478 2001/563 
f 1920/482 1918/480 2001/563 
f 1922/484 1920/482 2001/563 
f 1924/486 1922/484 2001/563 
f 1926/488 1924/486 2001/563 
f 1928/490 1926/488 2001/563 
f 1930/492 1928/490 2001/563 
f 1932/494 1930/492 2001/563 
f 1934/496 1932/494 2001/563 
f 1936/498 1934/496 2001/563 
f 1938/500 1936/498 2001/563 
f 1940/502 1938/500 2001/563 
f 1942/504 1940/502 2001/563 
f 1944/506 1942/504 2001/563 
f 1946/508 1944/506 2001/563 
f 1948/510 1946/508 2001/563 
f 1950/512 1948/510 2001/563 
f 1952/514 1950/512 2001/563 
f 1954/516 1952/514 2001/563 
f 1956/518 1954/516 2001/563 
f 1958/520 1956/518 2001/563 
f 1960/522 1958/520 2001/563 
f 1962/524 1960/522 2001/563 
f 1964/526 1962/524 2001/563 
f 1966/528 1964/526 2001/563 
f 1968/530 1966/528 2001/563 
f 1970/532 1968/530 2001/563 
f 1972/534 1970/532 2001/563 
f 1974/536 1972/534 2001/563 
f 1976/538 1974/536 2001/563 
f 1978/540 1976/538 2001/563 
f 1980/542 1978/540 2001/563 
f 1982/544 1980/542 2001/563 
f 1984/546 1982/544 2001/563 
f 1986/548 1984/546 2001/563 
f 1988/550 1986/548 2001/563 
f 1990/552 1988/550 2001/563 
f 1992/554 1990/552 2001/563 
f 1994/556 1992/554 2001/563 
f 1996/558 1994/556 2001/563 
f 1998/560 1996/558 2001/563 
f 2000/562 1998/560 2001/563 
f 2002/564 2003/565 2004/566 2005/567 
f 2003/565 2006/568 2007/569 2004/566 
f 2006/568 2008/570 2009/571 2007/569 
f 2008/570 2010/572 2011/573 2009/571 
f 2010/572 2012/574 2013/575 2011/573 
f 2012/574 2014/576 2015/577 2013/575 
f 2014/576 2016/578 2017/579 2015/577 
f 2016/578 2018/580 2019/581 2017/579 
f 2018/580 2020/582 2021/583 2019/581 
f 2020/582 2022/584 2023/585 2021/583 
f 2022/584 2024/586 2025/587 2023/585 
f 2024/586 2026/588 2027/589 2025/587 
f 2026/588 2028/590 2029/591 2027/589 
f 2028/590 2030/592 2031/593 2029/591 
f 2030/592 2032/594 2033/595 2031/593 
f 2032/594 2034/596 2035/597 2033/595 
f 2034/596 2036/598 2037/599 2035/597 
f 2036/598 2038/600 2039/601 2037/599 
f 2038/600 2040/602 2041/603 2039/601 
f 2040/602 2042/604 2043/605 2041/603 
f 2042/604 2044/606 2045/607 2043/605 
f 2044/606 2046/608 2047/609 2045/607 
f 2046/608 2048/610 2049/611 2047/609 
f 2048/610 2050/612 2051/613 2049/611 
f 2050/612 2052/614 2053/615 2051/613 
f 2052/614 2054/616 2055/617 2053/615 
f 2054/616 2056/618 2057/619 2055/617 
f 2056/618 2058/620 2059/621 2057/619 
f 2058/620 2060/622 2061/623 2059/621 
f 2060/622 2062/624 2063/625 2061/623 
f 2062/624 2064/626 2065/627 2063/625 
f 2064/626 2066/628 2067/629 2065/627 
f 2066/628 2068/630 2069/631 2067/629 
f 2068/630 2070/632 2071/633 2069/631 
f 2070/632 2072/634 2073/635 2071/633 
f 2072/634 2074/636 2075/637 2073/635 
f 2074/636 2076/638 2077/639 2075/637 
f 2076/638 2078/640 2079/641 2077/639 
f 2078/640 2080/642 2081/643 2079/641 
f 2080/642 2082/644 2083/645 2081/643 
f 2082/644 2084/646 2085/647 2083/645 
f 2084/646 2086/648 2087/649 2085/647 
f 2086/648 2088/650 2089/651 2087/649 
f 2088/650 2090/652 2091/653 2089/651 
f 2090/652 2092/654 2093/655 2091/653 
f 2092/654 2094/656 2095/657 2093/655 
f 2094/656 2096/658 2097/659 2095/657 
f 2096/658 2098/660 2099/661 2097/659 
f 2098/660 2100/662 2101/663 2099/661 
f 2100/662 2102/664 2103/665 2101/663 
f 2102/664 2104/666 2105/667 2103/665 
f 2104/666 2106/668 2107/669 2105/667 
f 2106/668 2108/670 2109/671 2107/669 
f 2108/670 2110/672 2111/673 2109/671 
f 2110/672 2112/674 2113/675 2111/673 
f 2112/674 2114/676 2115/677 2113/675 
f 2114/676 2116/678 2117/679 2115/677 
f 2116/678 2118/680 2119/681 2117/679 
f 2118/680 2120/682 2121/683 2119/681 
f 2120/682 2122/684 2123/685 2121/683 
f 2122/684 2124/686 2125/687 2123/685 
f 2124/686 2126/688 2127/689 2125/687 
f 2126/688 2128/690 2129/691 2127/689 
f 2128/690 2130/692 2131/693 2129/691 
f 2130/692 2132/694 2133/695 2131/693 
f 2132/694 2134/696 2135/697 2133/695 
f 2134/696 2136/698 2137/699 2135/697 
f 2136/698 2138/700 2139/701 2137/699 
f 2138/700 2140/702 2141/703 2139/701 
f 2140/702 2142/704 2143/705 2141/703 
f 2142/704 2144/706 2145/707 2143/705 
f 2144/706 2146/708 2147/709 2145/707 
f 2146/708 2148/710 2149/711 2147/709 
f 2148/710 2150/712 2151/713 2149/711 
f 2150/712 2152/714 2153/715 2151/713 
f 2152/714 2154/716 2155/717 2153/715 
f 2154/716 2156/718 2157/719 2155/717 
f 2156/718 2158/720 2159/721 2157/719 
f 2158/720 2160/722 2161/723 2159/721 
f 2160/722 2162/724 2163/725 2161/723 
f 2162/724 2164/726 2165/727 2163/725 
f 2164/726 2166/728 2167/729 2165/727 
f 2166/728 2168/730 2169/731 2167/729 
f 2168/730 2170/732 2171/733 2169/731 
f 2170/732 2172/734 2173/735 2171/733 
f 2172/734 2174/736 2175/737 2173/735 
f 2174/736 2176/738 2177/739 2175/737 
f 2176/738 2178/740 2179/741 2177/739 
f 2178/740 2180/742 2181/743 2179/741 
f 2180/742 2182/744 2183/745 2181/743 
f 2182/744 2184/746 2185/747 2183/745 
f 2184/746 2186/748 2187/749 2185/747 
f 2186/748 2188/750 2189/751 2187/749 
f 2188/750 2190/752 2191/753 2189/751 
f 2190/752 2192/754 2193/755 2191/753 
f 2192/754 2194/756 2195/757 2193/755 
f 2194/756 2196/758 2197/759 2195/757 
f 2196/758 2198/760 2199/761 2197/759 
f 2198/760 2200/762 2201/763 2199/761 
f 2200/762 2202/764 2203/765 2201/763 
f 2005/567 2004/566 2204/766 
f 2004/566 2007/569 2204/766 
f 2007/569 2009/571 2204/766 
f 2009/571 2011/573 2204/766 
f 2011/573 2013/575 2204/766 
f 2013/575 2015/577 2204/766 
f 2015/577 2017/579 2204/766 
f 2017/579 2019/581 2204/766 
f 2019/581 2021/583 2204/766 
f 2021/583 2023/585 2204/766 
f 2023/585 2025/587 2204/766 
f 2025/587 2027/589 2204/766 
f 2027/589 2029/591 2204/766 
f 2029/591 2031/593 2204/766 
f 2031/593 2033/595 2204/766 
f 2033/595 2035/597 2204/766 
f 2035/597 2037/599 2204/766 
f 2037/599 2039/601 2204/766 
f 2039/601 2041/603 2204/766 
f 2041/603 2043/605 2204/766 
f 2043/605 2045/607 2204/766 
f 2045/607 2047/609 2204/766 
f 2047/609 2049/611 2204/766 
f 2049/611 2051/613 2204/766 
f 2051/613 2053/615 2204/766 
f 2053/615 2055/617 2204/766 
f 2055/617 2057/619 2204/766 
f 2057/619 2059/621 2204/766 
f 2059/621 2061/623 2204/766 
f 2061/623 2063/625 2204/766 
f 2063/625 2065/627 2204/766 
f 2065/627 2067/629 2204/766 
f 2067/629 2069/631 2204/766 
f 2069/631 2071/633 2204/766 
f 2071/633 2073/635 2204/766 
f 2073/635 2075/637 2204/766 
f 2075/637 2077/639 2204/766 
f 2077/639 2079/641 2204/766 
f 2079/641 2081/643 2204/766 
f 2081/643 2083/645 2204/766 
f 2083/645 2085/647 2204/766 
f 2085/647 2087/649 2204/766 
f 2087/649 2089/651 2204/766 
f 2089/651 2091/653 2204/766 
f 2091/653 2093/655 2204/766 
f 2093/655 2095/657 2204/766 
f 2095/657 2097/659 2204/766 
f 2097/659 2099/661 2204/766 
f 2099/661 2101/663 2204/766 
f 2101/663 2103/665 2204/766 
f 2103/665 2105/667 2204/766 
f 2105/667 2107/669 2204/766 
f 2107/669 2109/671 2204/766 
f 2109/671 2111/673 2204/766 
f 2111/673 2113/675 2204/766 
f 2113/675 2115/677 2204/766 
f 2115/677 2117/679 2204/766 
f 2117/679 2119/681 2204/766 
f 2119/681 2121/683 2204/766 
f 2121/683 2123/685 2204/766 
f 2123/685 2125/687 2204/766 
f 2125/687 2127/689 2204/766 
f 2127/689 2129/691 2204/766 
f 2129/691 2131/693 2204/766 
f 2131/693 2133/695 2204/766 
f 2133/695 2135/697 2204/766 
f 2135/697 2137/699 2204/766 
f 2137/699 2139/701 2204/766 
f 2139/701 2141/703 2204/766 
f 2141/703 2143/705 2204/766 
f 2143/705 2145/707 2204/766 
f 2145/707 2147/709 2204/766 
f 2147/709 2149/711 2204/766 
f 2149/711 2151/713 2204/766 
f 2151/713 2153/715 2204/766 
f 2153/715 2155/717 2204/766 
f 2155/717 2157/719 2204/766 
f 2157/719 2159/721 2204/766 
f 2159/721 2161/723 2204/766 
f 2161/723 2163/725 2204/766 
f 2163/725 2165/727 2204/766 
f 2165/727 2167/729 2204/766 
f 2167/729 2169/731 2204/766 
f 2169/731 2171/733 2204/766 
f 2171/733 2173/735 2204/766 
f 2173/735 2175/737 2204/766 
f 2175/737 2177/739 2204/766 
f 2177/739 2179/741 2204/766 
f 2179/741 2181/743 2204/766 
f 2181/743 2183/745 2204/766 
f 2183/745 2185/747 2204/766 
f 2185/747 2187/749 2204/766 
f 2187/749 2189/751 2204/766 
f 2189/751 2191/753 2204/766 
f 2191/753 2193/755 2204/766 
f 2193/755 2195/757 2204/766 
f 2195/757 2197/759 2204/766 
f 2197/759 2199/761 2204/766 
f 2199/761 2201/763 2204/766 
f 2201/763 2203/765 2204/766 
f 2205/767 2206/768 2207/769 2208/562 
f 2209/770 2205/767 2208/562 2210/563 
f 2211/771 2209/770 2210/563 2212/363 
f 2213/772 2211/771 2212/363 2214/773 
f 2215/774 1597/159 1600/162 2216/162 2217/774 
f 2002/775 2005/567 2218/567 2219/775 
f 2005/567 2204/766 2220/766 2218/567 
f 2204/766 2203/765 2221/765 2220/766 
f 2203/765 2202/776 2222/776 2221/765 
f 1798/360 1797/359 2223/777 2224/777 2225/360 
f 2226/777 2227/769 2228/562 2229/562 2230/769 2231/777 
f 2228/562 2232/563 2233/563 2229/562 
f 2232/563 2234/363 2235/363 2233/563 
f 2234/363 2236/773 2237/774 2238/774 2239/773 2235/363 
f 1801/363 1800/773 2236/773 2234/363 
f 2215/774 2217/774 2238/774 2237/774 
f 2214/773 2212/363 2235/363 2239/773 
f 2212/363 2210/563 2233/563 2235/363 
f 2210/563 2208/562 2229/562 2233/563 
f 2208/562 2207/769 2230/769 2229/562 
f 2224/777 2223/777 2226/777 2231/777 
f 1999/769 2000/562 2228/562 2227/769 
f 2000/562 2001/563 2232/563 2228/562 
f 2001/563 1801/363 2234/363 2232/563 
f 1597/159 2215/774 1800/773 
f 1999/769 2223/777 1797/359 
f 2219/775 2213/772 2216/162 
f 2225/360 2206/768 2222/776 
f 1597/778 1800/362 1799/361 1598/779 
f 1599/780 2003/565 2002/564 1600/781 
f 1598/782 1799/361 1803/365 1601/783 
f 1602/784 2006/568 2003/565 1599/785 
f 1601/786 1803/365 1805/367 1603/787 
f 1604/788 2008/570 2006/568 1602/784 
f 1603/789 1805/367 1807/369 1605/790 
f 1606/791 2010/572 2008/570 1604/788 
f 1605/792 1807/369 1809/371 1607/793 
f 1608/794 2012/574 2010/572 1606/791 
f 1607/795 1809/371 1811/373 1609/796 
f 1610/797 2014/576 2012/574 1608/794 
f 1609/798 1811/373 1813/375 1611/799 
f 1612/800 2016/578 2014/576 1610/797 
f 1611/801 1813/375 1815/377 1613/802 
f 1614/803 2018/580 2016/578 1612/800 
f 1613/804 1815/377 1817/379 1615/805 
f 1616/806 2020/582 2018/580 1614/803 
f 1615/807 1817/379 1819/381 1617/808 
f 1618/809 2022/584 2020/582 1616/806 
f 1617/810 1819/381 1821/383 1619/811 
f 1620/812 2024/586 2022/584 1618/809 
f 1619/813 1821/383 1823/385 1621/814 
f 1622/815 2026/588 2024/586 1620/812 
f 1621/816 1823/385 1825/387 1623/817 
f 1624/818 2028/590 2026/588 1622/815 
f 1623/819 1825/387 1827/389 1625/820 
f 1626/821 2030/592 2028/590 1624/818 
f 1625/822 1827/389 1829/391 1627/823 
f 1628/824 2032/594 2030/592 1626/821 
f 1627/825 1829/391 1831/393 1629/826 
f 1630/827 2034/596 2032/594 1628/824 
f 1629/828 1831/393 1833/395 1631/829 
f 1632/830 2036/598 2034/596 1630/831 
f 1631/832 1833/395 1835/397 1633/833 
f 1634/834 2038/600 2036/598 1632/830 
f 1633/835 1835/397 1837/399 1635/836 
f 1636/837 2040/602 2038/600 1634/834 
f 1635/838 1837/399 1839/401 1637/839 
f 1638/840 2042/604 2040/602 1636/837 
f 1637/841 1839/401 1841/403 1639/842 
f 1640/843 2044/606 2042/604 1638/840 
f 1639/844 1841/403 1843/405 1641/845 
f 1642/846 2046/608 2044/606 1640/843 
f 1641/847 1843/405 1845/407 1643/848 
f 1644/849 2048/610 2046/608 1642/846 
f 1643/850 1845/407 1847/409 1645/851 
f 1646/852 2050/612 2048/610 1644/849 
f 1645/853 1847/409 1849/411 1647/854 
f 1648/855 2052/614 2050/612 1646/856 
f 1647/857 1849/411 1851/413 1649/858 
f 1650/859 2054/616 2052/614 1648/855 
f 1649/860 1851/413 1853/415 1651/861 
f 1652/862 2056/618 2054/616 1650/863 
f 1651/864 1853/415 1855/417 1653/865 
f 1654/866 2058/620 2056/618 1652/862 
f 1653/867 1855/417 1857/419 1655/868 
f 1656/869 2060/622 2058/620 1654/866 
f 1655/870 1857/419 1859/421 1657/871 
f 1658/872 2062/624 2060/622 1656/869 
f 1657/873 1859/421 1861/423 1659/874 
f 1660/875 2064/626 2062/624 1658/872 
f 1659/876 1861/423 1863/425 1661/877 
f 1662/878 2066/628 2064/626 1660/875 
f 1661/879 1863/425 1865/427 1663/880 
f 1664/881 2068/630 2066/628 1662/878 
f 1663/882 1865/427 1867/429 1665/883 
f 1666/884 2070/632 2068/630 1664/881 
f 1665/885 1867/429 1869/431 1667/886 
f 1668/887 2072/634 2070/632 1666/884 
f 1667/888 1869/431 1871/433 1669/889 
f 1670/890 2074/636 2072/634 1668/887 
f 1669/891 1871/433 1873/435 1671/892 
f 1672/893 2076/638 2074/636 1670/890 
f 1671/894 1873/435 1875/437 1673/895 
f 1674/896 2078/640 2076/638 1672/893 
f 1673/897 1875/437 1877/439 1675/898 
f 1676/899 2080/642 2078/640 1674/896 
f 1675/900 1877/439 1879/441 1677/901 
f 1678/902 2082/644 2080/642 1676/899 
f 1677/903 1879/441 1881/443 1679/904 
f 1680/905 2084/646 2082/644 1678/902 
f 1679/906 1881/443 1883/445 1681/907 
f 1682/908 2086/648 2084/646 1680/905 
f 1681/909 1883/445 1885/447 1683/910 
f 1684/911 2088/650 2086/648 1682/908 
f 1683/912 1885/447 1887/449 1685/913 
f 1686/914 2090/652 2088/650 1684/911 
f 1685/915 1887/449 1889/451 1687/916 
f 1688/917 2092/654 2090/652 1686/914 
f 1687/918 1889/451 1891/453 1689/919 
f 1690/920 2094/656 2092/654 1688/917 
f 1689/921 1891/453 1893/455 1691/922 
f 1692/923 2096/658 2094/656 1690/920 
f 1691/924 1893/455 1895/457 1693/925 
f 1694/926 2098/660 2096/658 1692/923 
f 1693/927 1895/457 1897/459 1695/928 
f 1696/929 2100/662 2098/660 1694/926 
f 1695/930 1897/459 1899/461 1697/931 
f 1698/932 2102/664 2100/662 1696/929 
f 1697/933 1899/461 1901/463 1699/934 
f 1700/935 2104/666 2102/664 1698/932 
f 1699/936 1901/463 1903/465 1701/937 
f 1702/938 2106/668 2104/666 1700/935 
f 1701/939 1903/465 1905/467 1703/940 
f 1704/941 2108/670 2106/668 1702/938 
f 1703/942 1905/467 1907/469 1705/943 
f 1706/944 2110/672 2108/670 1704/941 
f 1705/945 1907/469 1909/471 1707/946 
f 1708/947 2112/674 2110/672 1706/944 
f 1707/948 1909/471 1911/473 1709/949 
f 1710/950 2114/676 2112/674 1708/947 
f 1709/951 1911/473 1913/475 1711/952 
f 1712/953 2116/678 2114/676 1710/950 
f 1711/954 1913/475 1915/477 1713/955 
f 1714/956 2118/680 2116/678 1712/953 
f 1713/957 1915/477 1917/479 1715/958 
f 1716/959 2120/682 2118/680 1714/956 
f 1715/960 1917/479 1919/481 1717/961 
f 1718/962 2122/684 2120/682 1716/959 
f 1717/963 1919/481 1921/483 1719/964 
f 1720/965 2124/686 2122/684 1718/962 
f 1719/966 1921/483 1923/485 1721/967 
f 1722/968 2126/688 2124/686 1720/965 
f 1721/969 1923/485 1925/487 1723/970 
f 1724/971 2128/690 2126/688 1722/968 
f 1723/972 1925/487 1927/489 1725/973 
f 1726/974 2130/692 2128/690 1724/971 
f 1725/975 1927/489 1929/491 1727/976 
f 1728/977 2132/694 2130/692 1726/974 
f 1727/978 1929/491 1931/493 1729/979 
f 1730/980 2134/696 2132/694 1728/977 
f 1729/981 1931/493 1933/495 1731/982 
f 1732/983 2136/698 2134/696 1730/984 
f 1731/985 1933/495 1935/497 1733/986 
f 1734/987 2138/700 2136/698 1732/983 
f 1733/988 1935/497 1937/499 1735/989 
f 1736/990 2140/702 2138/700 1734/987 
f 1735/991 1937/499 1939/501 1737/992 
f 1738/993 2142/704 2140/702 1736/990 
f 1737/994 1939/501 1941/503 1739/995 
f 1740/996 2144/706 2142/704 1738/993 
f 1739/997 1941/503 1943/505 1741/998 
f 1742/999 2146/708 2144/706 1740/996 
f 1741/1000 1943/505 1945/507 1743/1001 
f 1744/1002 2148/710 2146/708 1742/999 
f 1743/1003 1945/507 1947/509 1745/1004 
f 1746/1005 2150/712 2148/710 1744/1002 
f 1745/1006 1947/509 1949/511 1747/1007 
f 1748/1008 2152/714 2150/712 1746/1009 
f 1747/1010 1949/511 1951/513 1749/1011 
f 1750/1012 2154/716 2152/714 1748/1008 
f 1749/1013 1951/513 1953/515 1751/1014 
f 1752/1015 2156/718 2154/716 1750/1016 
f 1751/1017 1953/515 1955/517 1753/1018 
f 1754/1019 2158/720 2156/718 1752/1015 
f 1753/1020 1955/517 1957/519 1755/1021 
f 1756/1022 2160/722 2158/720 1754/1019 
f 1755/1023 1957/519 1959/521 1757/1024 
f 1758/1025 2162/724 2160/722 1756/1022 
f 1757/1026 1959/521 1961/523 1759/1027 
f 1760/1028 2164/726 2162/724 1758/1025 
f 1759/1029 1961/523 1963/525 1761/1030 
f 1762/1031 2166/728 2164/726 1760/1028 
f 1761/1032 1963/525 1965/527 1763/1033 
f 1764/1034 2168/730 2166/728 1762/1031 
f 1763/1035 1965/527 1967/529 1765/1036 
f 1766/1037 2170/732 2168/730 1764/1034 
f 1765/1038 1967/529 1969/531 1767/1039 
f 1768/1040 2172/734 2170/732 1766/1037 
f 1767/1041 1969/531 1971/533 1769/1042 
f 1770/1043 2174/736 2172/734 1768/1040 
f 1769/1044 1971/533 1973/535 1771/1045 
f 1772/1046 2176/738 2174/736 1770/1043 
f 1771/1047 1973/535 1975/537 1773/1048 
f 1774/1049 2178/740 2176/738 1772/1046 
f 1773/1050 1975/537 1977/539 1775/1051 
f 1776/1052 2180/742 2178/740 1774/1049 
f 1775/1053 1977/539 1979/541 1777/1054 
f 1778/1055 2182/744 2180/742 1776/1052 
f 1777/1056 1979/541 1981/543 1779/1057 
f 1780/1058 2184/746 2182/744 1778/1055 
f 1779/1059 1981/543 1983/545 1781/1060 
f 1782/1061 2186/748 2184/746 1780/1058 
f 1781/1062 1983/545 1985/547 1783/1063 
f 1784/1064 2188/750 2186/748 1782/1061 
f 1783/1065 1985/547 1987/549 1785/1066 
f 1786/1067 2190/752 2188/750 1784/1064 
f 1785/1068 1987/549 1989/551 1787/1069 
f 1788/1070 2192/754 2190/752 1786/1067 
f 1787/1071 1989/551 1991/553 1789/1072 
f 1790/1073 2194/756 2192/754 1788/1070 
f 1789/1074 1991/553 1993/555 1791/1075 
f 1792/1076 2196/758 2194/756 1790/1073 
f 1791/1077 1993/555 1995/557 1793/1078 
f 1794/1079 2198/760 2196/758 1792/1076 
f 1793/1080 1995/557 1997/559 1795/1081 
f 1796/1082 2200/762 2198/760 1794/1079 
f 1795/1083 1997/559 1999/561 1797/1084 
f 1798/1085 2202/764 2200/762 1796/1086 
f 2214/773 2217/774 2216/162 2213/772 
f 2213/772 2219/775 2218/567 2211/771 
f 2211/771 2218/567 2220/766 2209/770 
f 2209/770 2220/766 2221/765 2205/767 
f 2205/767 2221/765 2222/776 2206/768 
f 2206/768 2225/360 2224/777 2207/769 
f 1600/162 2002/775 2219/775 2216/162 
f 2202/776 1798/360 2225/360 2222/776 
f 1800/773 2215/774 2237/774 2236/773 
f 2217/774 2214/773 2239/773 2238/774 
f 2207/769 2224/777 2231/777 2230/769 
f 2223/777 1999/769 2227/769 2226/777 
f 2240/159 2241/162 2242/161 2243/160 
f 2243/160 2242/161 2244/164 2245/163 
f 2245/163 2244/164 2246/166 2247/165 
f 2247/165 2246/166 2248/168 2249/167 
f 2249/167 2248/168 2250/170 2251/169 
f 2251/169 2250/170 2252/172 2253/171 
f 2253/171 2252/172 2254/174 2255/173 
f 2255/173 2254/174 2256/176 2257/175 
f 2257/175 2256/176 2258/178 2259/177 
f 2259/177 2258/178 2260/180 2261/179 
f 2261/179 2260/180 2262/182 2263/181 
f 2263/181 2262/182 2264/184 2265/183 
f 2265/183 2264/184 2266/186 2267/185 
f 2267/185 2266/186 2268/188 2269/187 
f 2269/187 2268/188 2270/190 2271/189 
f 2271/189 2270/190 2272/192 2273/191 
f 2273/191 2272/192 2274/194 2275/193 
f 2275/193 2274/194 2276/196 2277/195 
f 2277/195 2276/196 2278/198 2279/197 
f 2279/197 2278/198 2280/200 2281/199 
f 2281/199 2280/200 2282/202 2283/201 
f 2283/201 2282/202 2284/204 2285/203 
f 2285/203 2284/204 2286/206 2287/205 
f 2287/205 2286/206 2288/208 2289/207 
f 2289/207 2288/208 2290/210 2291/209 
f 2291/209 2290/210 2292/212 2293/211 
f 2293/211 2292/212 2294/214 2295/213 
f 2295/213 2294/214 2296/216 2297/215 
f 2297/215 2296/216 2298/218 2299/217 
f 2299/217 2298/218 2300/220 2301/219 
f 2301/219 2300/220 2302/222 2303/221 
f 2303/221 2302/222 2304/224 2305/223 
f 2305/223 2304/224 2306/226 2307/225 
f 2307/225 2306/226 2308/228 2309/227 
f 2309/227 2308/228 2310/230 2311/229 
f 2311/229 2310/230 2312/232 2313/231 
f 2313/231 2312/232 2314/234 2315/233 
f 2315/233 2314/234 2316/236 2317/235 
f 2317/235 2316/236 2318/238 2319/237 
f 2319/237 2318/238 2320/240 2321/239 
f 2321/239 2320/240 2322/242 2323/241 
f 2323/241 2322/242 2324/244 2325/243 
f 2325/243 2324/244 2326/246 2327/245 
f 2327/245 2326/246 2328/248 2329/247 
f 2329/247 2328/248 2330/250 2331/249 
f 2331/249 2330/250 2332/252 2333/251 
f 2333/251 2332/252 2334/254 2335/253 
f 2335/253 2334/254 2336/256 2337/255 
f 2337/255 2336/256 2338/258 2339/257 
f 2339/257 2338/258 2340/260 2341/259 
f 2341/259 2340/260 2342/262 2343/261 
f 2343/261 2342/262 2344/264 2345/263 
f 2345/263 2344/264 2346/266 2347/265 
f 2347/265 2346/266 2348/268 2349/267 
f 2349/267 2348/268 2350/270 2351/269 
f 2351/269 2350/270 2352/272 2353/271 
f 2353/271 2352/272 2354/274 2355/273 
f 2355/273 2354/274 2356/276 2357/275 
f 2357/275 2356/276 2358/278 2359/277 
f 2359/277 2358/278 2360/280 2361/279 
f 2361/279 2360/280 2362/282 2363/281 
f 2363/281 2362/282 2364/284 2365/283 
f 2365/283 2364/284 2366/286 2367/285 
f 2367/285 2366/286 2368/288 2369/287 
f 2369/287 2368/288 2370/290 2371/289 
f 2371/289 2370/290 2372/292 2373/291 
f 2373/291 2372/292 2374/294 2375/293 
f 2375/293 2374/294 2376/296 2377/295 
f 2377/295 2376/296 2378/298 2379/297 
f 2379/297 2378/298 2380/300 2381/299 
f 2381/299 2380/300 2382/302 2383/301 
f 2383/301 2382/302 2384/304 2385/303 
f 2385/303 2384/304 2386/306 2387/305 
f 2387/305 2386/306 2388/308 2389/307 
f 2389/307 2388/308 2390/310 2391/309 
f 2391/309 2390/310 2392/312 2393/311 
f 2393/311 2392/312 2394/314 2395/313 
f 2395/313 2394/314 2396/316 2397/315 
f 2397/315 2396/316 2398/318 2399/317 
f 2399/317 2398/318 2400/320 2401/319 
f 2401/319 2400/320 2402/322 2403/321 
f 2403/321 2402/322 2404/324 2405/323 
f 2405/323 2404/324 2406/326 2407/325 
f 2407/325 2406/326 2408/328 2409/327 
f 2409/327 2408/328 2410/330 2411/329 
f 2411/329 2410/330 2412/332 2413/331 
f 2413/331 2412/332 2414/334 2415/333 
f 2415/333 2414/334 2416/336 2417/335 
f 2417/335 2416/336 2418/338 2419/337 
f 2419/337 2418/338 2420/340 2421/339 
f 2421/339 2420/340 2422/342 2423/341 
f 2423/341 2422/342 2424/344 2425/343 
f 2425/343 2424/344 2426/346 2427/345 
f 2427/345 2426/346 2428/348 2429/347 
f 2429/347 2428/348 2430/350 2431/349 
f 2431/349 2430/350 2432/352 2433/351 
f 2433/351 2432/352 2434/354 2435/353 
f 2435/353 2434/354 2436/356 2437/355 
f 2437/355 2436/356 2438/358 2439/357 
f 2439/357 2438/358 2440/360 2441/359 
f 2442/361 2443/364 2444/363 2445/362 
f 2446/365 2447/366 2443/364 2442/361 
f 2448/367 2449/368 2447/366 2446/365 
f 2450/369 2451/370 2449/368 2448/367 
f 2452/371 2453/372 2451/370 2450/369 
f 2454/373 2455/374 2453/372 2452/371 
f 2456/375 2457/376 2455/374 2454/373 
f 2458/377 2459/378 2457/376 2456/375 
f 2460/379 2461/380 2459/378 2458/377 
f 2462/381 2463/382 2461/380 2460/379 
f 2464/383 2465/384 2463/382 2462/381 
f 2466/385 2467/386 2465/384 2464/383 
f 2468/387 2469/388 2467/386 2466/385 
f 2470/389 2471/390 2469/388 2468/387 
f 2472/391 2473/392 2471/390 2470/389 
f 2474/393 2475/394 2473/392 2472/391 
f 2476/395 2477/396 2475/394 2474/393 
f 2478/397 2479/398 2477/396 2476/395 
f 2480/399 2481/400 2479/398 2478/397 
f 2482/401 2483/402 2481/400 2480/399 
f 2484/403 2485/404 2483/402 2482/401 
f 2486/405 2487/406 2485/404 2484/403 
f 2488/407 2489/408 2487/406 2486/405 
f 2490/409 2491/410 2489/408 2488/407 
f 2492/411 2493/412 2491/410 2490/409 
f 2494/413 2495/414 2493/412 2492/411 
f 2496/415 2497/416 2495/414 2494/413 
f 2498/417 2499/418 2497/416 2496/415 
f 2500/419 2501/420 2499/418 2498/417 
f 2502/421 2503/422 2501/420 2500/419 
f 2504/423 2505/424 2503/422 2502/421 
f 2506/425 2507/426 2505/424 2504/423 
f 2508/427 2509/428 2507/426 2506/425 
f 2510/429 2511/430 2509/428 2508/427 
f 2512/431 2513/432 2511/430 2510/429 
f 2514/433 2515/434 2513/432 2512/431 
f 2516/435 2517/436 2515/434 2514/433 
f 2518/437 2519/438 2517/436 2516/435 
f 2520/439 2521/440 2519/438 2518/437 
f 2522/441 2523/442 2521/440 2520/439 
f 2524/443 2525/444 2523/442 2522/441 
f 2526/445 2527/446 2525/444 2524/443 
f 2528/447 2529/448 2527/446 2526/445 
f 2530/449 2531/450 2529/448 2528/447 
f 2532/451 2533/452 2531/450 2530/449 
f 2534/453 2535/454 2533/452 2532/451 
f 2536/455 2537/456 2535/454 2534/453 
f 2538/457 2539/458 2537/456 2536/455 
f 2540/459 2541/460 2539/458 2538/457 
f 2542/461 2543/462 2541/460 2540/459 
f 2544/463 2545/464 2543/462 2542/461 
f 2546/465 2547/466 2545/464 2544/463 
f 2548/467 2549/468 2547/466 2546/465 
f 2550/469 2551/470 2549/468 2548/467 
f 2552/471 2553/472 2551/470 2550/469 
f 2554/473 2555/474 2553/472 2552/471 
f 2556/475 2557/476 2555/474 2554/473 
f 2558/477 2559/478 2557/476 2556/475 
f 2560/479 2561/480 2559/478 2558/477 
f 2562/481 2563/482 2561/480 2560/479 
f 2564/483 2565/484 2563/482 2562/481 
f 2566/485 2567/486 2565/484 2564/483 
f 2568/487 2569/488 2567/486 2566/485 
f 2570/489 2571/490 2569/488 2568/487 
f 2572/491 2573/492 2571/490 2570/489 
f 2574/493 2575/494 2573/492 2572/491 
f 2576/495 2577/496 2575/494 2574/493 
f 2578/497 2579/498 2577/496 2576/495 
f 2580/499 2581/500 2579/498 2578/497 
f 2582/501 2583/502 2581/500 2580/499 
f 2584/503 2585/504 2583/502 2582/501 
f 2586/505 2587/506 2585/504 2584/503 
f 2588/507 2589/508 2587/506 2586/505 
f 2590/509 2591/510 2589/508 2588/507 
f 2592/511 2593/512 2591/510 2590/509 
f 2594/513 2595/514 2593/512 2592/511 
f 2596/515 2597/516 2595/514 2594/513 
f 2598/517 2599/518 2597/516 2596/515 
f 2600/519 2601/520 2599/518 2598/517 
f 2602/521 2603/522 2601/520 2600/519 
f 2604/523 2605/524 2603/522 2602/521 
f 2606/525 2607/526 2605/524 2604/523 
f 2608/527 2609/528 2607/526 2606/525 
f 2610/529 2611/530 2609/528 2608/527 
f 2612/531 2613/532 2611/530 2610/529 
f 2614/533 2615/534 2613/532 2612/531 
f 2616/535 2617/536 2615/534 2614/533 
f 2618/537 2619/538 2617/536 2616/535 
f 2620/539 2621/540 2619/538 2618/537 
f 2622/541 2623/542 2621/540 2620/539 
f 2624/543 2625/544 2623/542 2622/541 
f 2626/545 2627/546 2625/544 2624/543 
f 2628/547 2629/548 2627/546 2626/545 
f 2630/549 2631/550 2629/548 2628/547 
f 2632/551 2633/552 2631/550 2630/549 
f 2634/553 2635/554 2633/552 2632/551 
f 2636/555 2637/556 2635/554 2634/553 
f 2638/557 2639/558 2637/556 2636/555 
f 2640/559 2641/560 2639/558 2638/557 
f 2642/561 2643/562 2641/560 2640/559 
f 2443/364 2644/563 2444/363 
f 2447/366 2644/563 2443/364 
f 2449/368 2644/563 2447/366 
f 2451/370 2644/563 2449/368 
f 2453/372 2644/563 2451/370 
f 2455/374 2644/563 2453/372 
f 2457/376 2644/563 2455/374 
f 2459/378 2644/563 2457/376 
f 2461/380 2644/563 2459/378 
f 2463/382 2644/563 2461/380 
f 2465/384 2644/563 2463/382 
f 2467/386 2644/563 2465/384 
f 2469/388 2644/563 2467/386 
f 2471/390 2644/563 2469/388 
f 2473/392 2644/563 2471/390 
f 2475/394 2644/563 2473/392 
f 2477/396 2644/563 2475/394 
f 2479/398 2644/563 2477/396 
f 2481/400 2644/563 2479/398 
f 2483/402 2644/563 2481/400 
f 2485/404 2644/563 2483/402 
f 2487/406 2644/563 2485/404 
f 2489/408 2644/563 2487/406 
f 2491/410 2644/563 2489/408 
f 2493/412 2644/563 2491/410 
f 2495/414 2644/563 2493/412 
f 2497/416 2644/563 2495/414 
f 2499/418 2644/563 2497/416 
f 2501/420 2644/563 2499/418 
f 2503/422 2644/563 2501/420 
f 2505/424 2644/563 2503/422 
f 2507/426 2644/563 2505/424 
f 2509/428 2644/563 2507/426 
f 2511/430 2644/563 2509/428 
f 2513/432 2644/563 2511/430 
f 2515/434 2644/563 2513/432 
f 2517/436 2644/563 2515/434 
f 2519/438 2644/563 2517/436 
f 2521/440 2644/563 2519/438 
f 2523/442 2644/563 2521/440 
f 2525/444 2644/563 2523/442 
f 2527/446 2644/563 2525/444 
f 2529/448 2644/563 2527/446 
f 2531/450 2644/563 2529/448 
f 2533/452 2644/563 2531/450 
f 2535/454 2644/563 2533/452 
f 2537/456 2644/563 2535/454 
f 2539/458 2644/563 2537/456 
f 2541/460 2644/563 2539/458 
f 2543/462 2644/563 2541/460 
f 2545/464 2644/563 2543/462 
f 2547/466 2644/563 2545/464 
f 2549/468 2644/563 2547/466 
f 2551/470 2644/563 2549/468 
f 2553/472 2644/563 2551/470 
f 2555/474 2644/563 2553/472 
f 2557/476 2644/563 2555/474 
f 2559/478 2644/563 2557/476 
f 2561/480 2644/563 2559/478 
f 2563/482 2644/563 2561/480 
f 2565/484 2644/563 2563/482 
f 2567/486 2644/563 2565/484 
f 2569/488 2644/563 2567/486 
f 2571/490 2644/563 2569/488 
f 2573/492 2644/563 2571/490 
f 2575/494 2644/563 2573/492 
f 2577/496 2644/563 2575/494 
f 2579/498 2644/563 2577/496 
f 2581/500 2644/563 2579/498 
f 2583/502 2644/563 2581/500 
f 2585/504 2644/563 2583/502 
f 2587/506 2644/563 2585/504 
f 2589/508 2644/563 2587/506 
f 2591/510 2644/563 2589/508 
f 2593/512 2644/563 2591/510 
f 2595/514 2644/563 2593/512 
f 2597/516 2644/563 2595/514 
f 2599/518 2644/563 2597/516 
f 2601/520 2644/563 2599/518 
f 2603/522 2644/563 2601/520 
f 2605/524 2644/563 2603/522 
f 2607/526 2644/563 2605/524 
f 2609/528 2644/563 2607/526 
f 2611/530 2644/563 2609/528 
f 2613/532 2644/563 2611/530 
f 2615/534 2644/563 2613/532 
f 2617/536 2644/563 2615/534 
f 2619/538 2644/563 2617/536 
f 2621/540 2644/563 2619/538 
f 2623/542 2644/563 2621/540 
f 2625/544 2644/563 2623/542 
f 2627/546 2644/563 2625/544 
f 2629/548 2644/563 2627/546 
f 2631/550 2644/563 2629/548 
f 2633/552 2644/563 2631/550 
f 2635/554 2644/563 2633/552 
f 2637/556 2644/563 2635/554 
f 2639/558 2644/563 2637/556 
f 2641/560 2644/563 2639/558 
f 2643/562 2644/563 2641/560 
f 2645/564 2646/567 2647/566 2648/565 
f 2648/565 2647/566 2649/569 2650/568 
f 2650/568 2649/569 2651/571 2652/570 
f 2652/570 2651/571 2653/573 2654/572 
f 2654/572 2653/573 2655/575 2656/574 
f 2656/574 2655/575 2657/577 2658/576 
f 2658/576 2657/577 2659/579 2660/578 
f 2660/578 2659/579 2661/581 2662/580 
f 2662/580 2661/581 2663/583 2664/582 
f 2664/582 2663/583 2665/585 2666/584 
f 2666/584 2665/585 2667/587 2668/586 
f 2668/586 2667/587 2669/589 2670/588 
f 2670/588 2669/589 2671/591 2672/590 
f 2672/590 2671/591 2673/593 2674/592 
f 2674/592 2673/593 2675/595 2676/594 
f 2676/594 2675/595 2677/597 2678/596 
f 2678/596 2677/597 2679/599 2680/598 
f 2680/598 2679/599 2681/601 2682/600 
f 2682/600 2681/601 2683/603 2684/602 
f 2684/602 2683/603 2685/605 2686/604 
f 2686/604 2685/605 2687/607 2688/606 
f 2688/606 2687/607 2689/609 2690/608 
f 2690/608 2689/609 2691/611 2692/610 
f 2692/610 2691/611 2693/613 2694/612 
f 2694/612 2693/613 2695/615 2696/614 
f 2696/614 2695/615 2697/617 2698/616 
f 2698/616 2697/617 2699/619 2700/618 
f 2700/618 2699/619 2701/621 2702/620 
f 2702/620 2701/621 2703/623 2704/622 
f 2704/622 2703/623 2705/625 2706/624 
f 2706/624 2705/625 2707/627 2708/626 
f 2708/626 2707/627 2709/629 2710/628 
f 2710/628 2709/629 2711/631 2712/630 
f 2712/630 2711/631 2713/633 2714/632 
f 2714/632 2713/633 2715/635 2716/634 
f 2716/634 2715/635 2717/637 2718/636 
f 2718/636 2717/637 2719/639 2720/638 
f 2720/638 2719/639 2721/641 2722/640 
f 2722/640 2721/641 2723/643 2724/642 
f 2724/642 2723/643 2725/645 2726/644 
f 2726/644 2725/645 2727/647 2728/646 
f 2728/646 2727/647 2729/649 2730/648 
f 2730/648 2729/649 2731/651 2732/650 
f 2732/650 2731/651 2733/653 2734/652 
f 2734/652 2733/653 2735/655 2736/654 
f 2736/654 2735/655 2737/657 2738/656 
f 2738/656 2737/657 2739/659 2740/658 
f 2740/658 2739/659 2741/661 2742/660 
f 2742/660 2741/661 2743/663 2744/662 
f 2744/662 2743/663 2745/665 2746/664 
f 2746/664 2745/665 2747/667 2748/666 
f 2748/666 2747/667 2749/669 2750/668 
f 2750/668 2749/669 2751/671 2752/670 
f 2752/670 2751/671 2753/673 2754/672 
f 2754/672 2753/673 2755/675 2756/674 
f 2756/674 2755/675 2757/677 2758/676 
f 2758/676 2757/677 2759/679 2760/678 
f 2760/678 2759/679 2761/681 2762/680 
f 2762/680 2761/681 2763/683 2764/682 
f 2764/682 2763/683 2765/685 2766/684 
f 2766/684 2765/685 2767/687 2768/686 
f 2768/686 2767/687 2769/689 2770/688 
f 2770/688 2769/689 2771/691 2772/690 
f 2772/690 2771/691 2773/693 2774/692 
f 2774/692 2773/693 2775/695 2776/694 
f 2776/694 2775/695 2777/697 2778/696 
f 2778/696 2777/697 2779/699 2780/698 
f 2780/698 2779/699 2781/701 2782/700 
f 2782/700 2781/701 2783/703 2784/702 
f 2784/702 2783/703 2785/705 2786/704 
f 2786/704 2785/705 2787/707 2788/706 
f 2788/706 2787/707 2789/709 2790/708 
f 2790/708 2789/709 2791/711 2792/710 
f 2792/710 2791/711 2793/713 2794/712 
f 2794/712 2793/713 2795/715 2796/714 
f 2796/714 2795/715 2797/717 2798/716 
f 2798/716 2797/717 2799/719 2800/718 
f 2800/718 2799/719 2801/721 2802/720 
f 2802/720 2801/721 2803/723 2804/722 
f 2804/722 2803/723 2805/725 2806/724 
f 2806/724 2805/725 2807/727 2808/726 
f 2808/726 2807/727 2809/729 2810/728 
f 2810/728 2809/729 2811/731 2812/730 
f 2812/730 2811/731 2813/733 2814/732 
f 2814/732 2813/733 2815/735 2816/734 
f 2816/734 2815/735 2817/737 2818/736 
f 2818/736 2817/737 2819/739 2820/738 
f 2820/738 2819/739 2821/741 2822/740 
f 2822/740 2821/741 2823/743 2824/742 
f 2824/742 2823/743 2825/745 2826/744 
f 2826/744 2825/745 2827/747 2828/746 
f 2828/746 2827/747 2829/749 2830/748 
f 2830/748 2829/749 2831/751 2832/750 
f 2832/750 2831/751 2833/753 2834/752 
f 2834/752 2833/753 2835/755 2836/754 
f 2836/754 2835/755 2837/757 2838/756 
f 2838/756 2837/757 2839/759 2840/758 
f 2840/758 2839/759 2841/761 2842/760 
f 2842/760 2841/761 2843/763 2844/762 
f 2844/762 2843/763 2845/765 2846/764 
f 2646/567 2847/766 2647/566 
f 2647/566 2847/766 2649/569 
f 2649/569 2847/766 2651/571 
f 2651/571 2847/766 2653/573 
f 2653/573 2847/766 2655/575 
f 2655/575 2847/766 2657/577 
f 2657/577 2847/766 2659/579 
f 2659/579 2847/766 2661/581 
f 2661/581 2847/766 2663/583 
f 2663/583 2847/766 2665/585 
f 2665/585 2847/766 2667/587 
f 2667/587 2847/766 2669/589 
f 2669/589 2847/766 2671/591 
f 2671/591 2847/766 2673/593 
f 2673/593 2847/766 2675/595 
f 2675/595 2847/766 2677/597 
f 2677/597 2847/766 2679/599 
f 2679/599 2847/766 2681/601 
f 2681/601 2847/766 2683/603 
f 2683/603 2847/766 2685/605 
f 2685/605 2847/766 2687/607 
f 2687/607 2847/766 2689/609 
f 2689/609 2847/766 2691/611 
f 2691/611 2847/766 2693/613 
f 2693/613 2847/766 2695/615 
f 2695/615 2847/766 2697/617 
f 2697/617 2847/766 2699/619 
f 2699/619 2847/766 2701/621 
f 2701/621 2847/766 2703/623 
f 2703/623 2847/766 2705/625 
f 2705/625 2847/766 2707/627 
f 2707/627 2847/766 2709/629 
f 2709/629 2847/766 2711/631 
f 2711/631 2847/766 2713/633 
f 2713/633 2847/766 2715/635 
f 2715/635 2847/766 2717/637 
f 2717/637 2847/766 2719/639 
f 2719/639 2847/766 2721/641 
f 2721/641 2847/766 2723/643 
f 2723/643 2847/766 2725/645 
f 2725/645 2847/766 2727/647 
f 2727/647 2847/766 2729/649 
f 2729/649 2847/766 2731/651 
f 2731/651 2847/766 2733/653 
f 2733/653 2847/766 2735/655 
f 2735/655 2847/766 2737/657 
f 2737/657 2847/766 2739/659 
f 2739/659 2847/766 2741/661 
f 2741/661 2847/766 2743/663 
f 2743/663 2847/766 2745/665 
f 2745/665 2847/766 2747/667 
f 2747/667 2847/766 2749/669 
f 2749/669 2847/766 2751/671 
f 2751/671 2847/766 2753/673 
f 2753/673 2847/766 2755/675 
f 2755/675 2847/766 2757/677 
f 2757/677 2847/766 2759/679 
f 2759/679 2847/766 2761/681 
f 2761/681 2847/766 2763/683 
f 2763/683 2847/766 2765/685 
f 2765/685 2847/766 2767/687 
f 2767/687 2847/766 2769/689 
f 2769/689 2847/766 2771/691 
f 2771/691 2847/766 2773/693 
f 2773/693 2847/766 2775/695 
f 2775/695 2847/766 2777/697 
f 2777/697 2847/766 2779/699 
f 2779/699 2847/766 2781/701 
f 2781/701 2847/766 2783/703 
f 2783/703 2847/766 2785/705 
f 2785/705 2847/766 2787/707 
f 2787/707 2847/766 2789/709 
f 2789/709 2847/766 2791/711 
f 2791/711 2847/766 2793/713 
f 2793/713 2847/766 2795/715 
f 2795/715 2847/766 2797/717 
f 2797/717 2847/766 2799/719 
f 2799/719 2847/766 2801/721 
f 2801/721 2847/766 2803/723 
f 2803/723 2847/766 2805/725 
f 2805/725 2847/766 2807/727 
f 2807/727 2847/766 2809/729 
f 2809/729 2847/766 2811/731 
f 2811/731 2847/766 2813/733 
f 2813/733 2847/766 2815/735 
f 2815/735 2847/766 2817/737 
f 2817/737 2847/766 2819/739 
f 2819/739 2847/766 2821/741 
f 2821/741 2847/766 2823/743 
f 2823/743 2847/766 2825/745 
f 2825/745 2847/766 2827/747 
f 2827/747 2847/766 2829/749 
f 2829/749 2847/766 2831/751 
f 2831/751 2847/766 2833/753 
f 2833/753 2847/766 2835/755 
f 2835/755 2847/766 2837/757 
f 2837/757 2847/766 2839/759 
f 2839/759 2847/766 2841/761 
f 2841/761 2847/766 2843/763 
f 2843/763 2847/766 2845/765 
f 2848/767 2849/562 2850/769 2851/768 
f 2852/770 2853/563 2849/562 2848/767 
f 2854/771 2855/363 2853/563 2852/770 
f 2856/772 2857/773 2855/363 2854/771 
f 2858/774 2859/774 2860/162 2241/162 2240/159 
f 2645/775 2861/775 2862/567 2646/567 
f 2646/567 2862/567 2863/766 2847/766 
f 2847/766 2863/766 2864/765 2845/765 
f 2845/765 2864/765 2865/776 2846/776 
f 2440/360 2866/360 2867/777 2868/777 2441/359 
f 2869/777 2870/777 2871/769 2872/562 2873/562 2874/769 
f 2873/562 2872/562 2875/563 2876/563 
f 2876/563 2875/563 2877/363 2878/363 
f 2878/363 2877/363 2879/773 2880/774 2881/774 2882/773 
f 2444/363 2878/363 2882/773 2445/773 
f 2858/774 2881/774 2880/774 2859/774 
f 2857/773 2879/773 2877/363 2855/363 
f 2855/363 2877/363 2875/563 2853/563 
f 2853/563 2875/563 2872/562 2849/562 
f 2849/562 2872/562 2871/769 2850/769 
f 2867/777 2870/777 2869/777 2868/777 
f 2642/769 2874/769 2873/562 2643/562 
f 2643/562 2873/562 2876/563 2644/563 
f 2644/563 2876/563 2878/363 2444/363 
f 2240/159 2445/773 2858/774 
f 2642/769 2441/359 2868/777 
f 2861/775 2860/162 2856/772 
f 2866/360 2865/776 2851/768 
f 2240/778 2243/779 2442/361 2445/362 
f 2242/780 2241/781 2645/564 2648/565 
f 2243/782 2245/783 2446/365 2442/361 
f 2244/784 2242/785 2648/565 2650/568 
f 2245/786 2247/787 2448/367 2446/365 
f 2246/788 2244/784 2650/568 2652/570 
f 2247/789 2249/790 2450/369 2448/367 
f 2248/791 2246/788 2652/570 2654/572 
f 2249/792 2251/793 2452/371 2450/369 
f 2250/794 2248/791 2654/572 2656/574 
f 2251/795 2253/796 2454/373 2452/371 
f 2252/797 2250/794 2656/574 2658/576 
f 2253/798 2255/799 2456/375 2454/373 
f 2254/800 2252/797 2658/576 2660/578 
f 2255/801 2257/802 2458/377 2456/375 
f 2256/803 2254/800 2660/578 2662/580 
f 2257/804 2259/805 2460/379 2458/377 
f 2258/806 2256/803 2662/580 2664/582 
f 2259/807 2261/808 2462/381 2460/379 
f 2260/809 2258/806 2664/582 2666/584 
f 2261/810 2263/811 2464/383 2462/381 
f 2262/812 2260/809 2666/584 2668/586 
f 2263/813 2265/814 2466/385 2464/383 
f 2264/815 2262/812 2668/586 2670/588 
f 2265/816 2267/817 2468/387 2466/385 
f 2266/818 2264/815 2670/588 2672/590 
f 2267/819 2269/820 2470/389 2468/387 
f 2268/821 2266/818 2672/590 2674/592 
f 2269/822 2271/823 2472/391 2470/389 
f 2270/824 2268/821 2674/592 2676/594 
f 2271/825 2273/826 2474/393 2472/391 
f 2272/827 2270/824 2676/594 2678/596 
f 2273/828 2275/829 2476/395 2474/393 
f 2274/830 2272/831 2678/596 2680/598 
f 2275/832 2277/833 2478/397 2476/395 
f 2276/834 2274/830 2680/598 2682/600 
f 2277/835 2279/836 2480/399 2478/397 
f 2278/837 2276/834 2682/600 2684/602 
f 2279/838 2281/839 2482/401 2480/399 
f 2280/840 2278/837 2684/602 2686/604 
f 2281/841 2283/842 2484/403 2482/401 
f 2282/843 2280/840 2686/604 2688/606 
f 2283/844 2285/845 2486/405 2484/403 
f 2284/846 2282/843 2688/606 2690/608 
f 2285/847 2287/848 2488/407 2486/405 
f 2286/849 2284/846 2690/608 2692/610 
f 2287/850 2289/851 2490/409 2488/407 
f 2288/852 2286/849 2692/610 2694/612 
f 2289/853 2291/854 2492/411 2490/409 
f 2290/855 2288/856 2694/612 2696/614 
f 2291/857 2293/858 2494/413 2492/411 
f 2292/859 2290/855 2696/614 2698/616 
f 2293/860 2295/861 2496/415 2494/413 
f 2294/862 2292/863 2698/616 2700/618 
f 2295/864 2297/865 2498/417 2496/415 
f 2296/866 2294/862 2700/618 2702/620 
f 2297/867 2299/868 2500/419 2498/417 
f 2298/869 2296/866 2702/620 2704/622 
f 2299/870 2301/871 2502/421 2500/419 
f 2300/872 2298/869 2704/622 2706/624 
f 2301/873 2303/874 2504/423 2502/421 
f 2302/875 2300/872 2706/624 2708/626 
f 2303/876 2305/877 2506/425 2504/423 
f 2304/878 2302/875 2708/626 2710/628 
f 2305/879 2307/880 2508/427 2506/425 
f 2306/881 2304/878 2710/628 2712/630 
f 2307/882 2309/883 2510/429 2508/427 
f 2308/884 2306/881 2712/630 2714/632 
f 2309/885 2311/886 2512/431 2510/429 
f 2310/887 2308/884 2714/632 2716/634 
f 2311/888 2313/889 2514/433 2512/431 
f 2312/890 2310/887 2716/634 2718/636 
f 2313/891 2315/892 2516/435 2514/433 
f 2314/893 2312/890 2718/636 2720/638 
f 2315/894 2317/895 2518/437 2516/435 
f 2316/896 2314/893 2720/638 2722/640 
f 2317/897 2319/898 2520/439 2518/437 
f 2318/899 2316/896 2722/640 2724/642 
f 2319/900 2321/901 2522/441 2520/439 
f 2320/902 2318/899 2724/642 2726/644 
f 2321/903 2323/904 2524/443 2522/441 
f 2322/905 2320/902 2726/644 2728/646 
f 2323/906 2325/907 2526/445 2524/443 
f 2324/908 2322/905 2728/646 2730/648 
f 2325/909 2327/910 2528/447 2526/445 
f 2326/911 2324/908 2730/648 2732/650 
f 2327/912 2329/913 2530/449 2528/447 
f 2328/914 2326/911 2732/650 2734/652 
f 2329/915 2331/916 2532/451 2530/449 
f 2330/917 2328/914 2734/652 2736/654 
f 2331/918 2333/919 2534/453 2532/451 
f 2332/920 2330/917 2736/654 2738/656 
f 2333/921 2335/922 2536/455 2534/453 
f 2334/923 2332/920 2738/656 2740/658 
f 2335/924 2337/925 2538/457 2536/455 
f 2336/926 2334/923 2740/658 2742/660 
f 2337/927 2339/928 2540/459 2538/457 
f 2338/929 2336/926 2742/660 2744/662 
f 2339/930 2341/931 2542/461 2540/459 
f 2340/932 2338/929 2744/662 2746/664 
f 2341/933 2343/934 2544/463 2542/461 
f 2342/935 2340/932 2746/664 2748/666 
f 2343/936 2345/937 2546/465 2544/463 
f 2344/938 2342/935 2748/666 2750/668 
f 2345/939 2347/940 2548/467 2546/465 
f 2346/941 2344/938 2750/668 2752/670 
f 2347/942 2349/943 2550/469 2548/467 
f 2348/944 2346/941 2752/670 2754/672 
f 2349/945 2351/946 2552/471 2550/469 
f 2350/947 2348/944 2754/672 2756/674 
f 2351/948 2353/949 2554/473 2552/471 
f 2352/950 2350/947 2756/674 2758/676 
f 2353/951 2355/952 2556/475 2554/473 
f 2354/953 2352/950 2758/676 2760/678 
f 2355/954 2357/955 2558/477 2556/475 
f 2356/956 2354/953 2760/678 2762/680 
f 2357/957 2359/958 2560/479 2558/477 
f 2358/959 2356/956 2762/680 2764/682 
f 2359/960 2361/961 2562/481 2560/479 
f 2360/962 2358/959 2764/682 2766/684 
f 2361/963 2363/964 2564/483 2562/481 
f 2362/965 2360/962 2766/684 2768/686 
f 2363/966 2365/967 2566/485 2564/483 
f 2364/968 2362/965 2768/686 2770/688 
f 2365/969 2367/970 2568/487 2566/485 
f 2366/971 2364/968 2770/688 2772/690 
f 2367/972 2369/973 2570/489 2568/487 
f 2368/974 2366/971 2772/690 2774/692 
f 2369/975 2371/976 2572/491 2570/489 
f 2370/977 2368/974 2774/692 2776/694 
f 2371/978 2373/979 2574/493 2572/491 
f 2372/980 2370/977 2776/694 2778/696 
f 2373/981 2375/982 2576/495 2574/493 
f 2374/983 2372/984 2778/696 2780/698 
f 2375/985 2377/986 2578/497 2576/495 
f 2376/987 2374/983 2780/698 2782/700 
f 2377/988 2379/989 2580/499 2578/497 
f 2378/990 2376/987 2782/700 2784/702 
f 2379/991 2381/992 2582/501 2580/499 
f 2380/993 2378/990 2784/702 2786/704 
f 2381/994 2383/995 2584/503 2582/501 
f 2382/996 2380/993 2786/704 2788/706 
f 2383/997 2385/998 2586/505 2584/503 
f 2384/999 2382/996 2788/706 2790/708 
f 2385/1000 2387/1001 2588/507 2586/505 
f 2386/1002 2384/999 2790/708 2792/710 
f 2387/1003 2389/1004 2590/509 2588/507 
f 2388/1005 2386/1002 2792/710 2794/712 
f 2389/1006 2391/1007 2592/511 2590/509 
f 2390/1008 2388/1009 2794/712 2796/714 
f 2391/1010 2393/1011 2594/513 2592/511 
f 2392/1012 2390/1008 2796/714 2798/716 
f 2393/1013 2395/1014 2596/515 2594/513 
f 2394/1015 2392/1016 2798/716 2800/718 
f 2395/1017 2397/1018 2598/517 2596/515 
f 2396/1019 2394/1015 2800/718 2802/720 
f 2397/1020 2399/1021 2600/519 2598/517 
f 2398/1022 2396/1019 2802/720 2804/722 
f 2399/1023 2401/1024 2602/521 2600/519 
f 2400/1025 2398/1022 2804/722 2806/724 
f 2401/1026 2403/1027 2604/523 2602/521 
f 2402/1028 2400/1025 2806/724 2808/726 
f 2403/1029 2405/1030 2606/525 2604/523 
f 2404/1031 2402/1028 2808/726 2810/728 
f 2405/1032 2407/1033 2608/527 2606/525 
f 2406/1034 2404/1031 2810/728 2812/730 
f 2407/1035 2409/1036 2610/529 2608/527 
f 2408/1037 2406/1034 2812/730 2814/732 
f 2409/1038 2411/1039 2612/531 2610/529 
f 2410/1040 2408/1037 2814/732 2816/734 
f 2411/1041 2413/1042 2614/533 2612/531 
f 2412/1043 2410/1040 2816/734 2818/736 
f 2413/1044 2415/1045 2616/535 2614/533 
f 2414/1046 2412/1043 2818/736 2820/738 
f 2415/1047 2417/1048 2618/537 2616/535 
f 2416/1049 2414/1046 2820/738 2822/740 
f 2417/1050 2419/1051 2620/539 2618/537 
f 2418/1052 2416/1049 2822/740 2824/742 
f 2419/1053 2421/1054 2622/541 2620/539 
f 2420/1055 2418/1052 2824/742 2826/744 
f 2421/1056 2423/1057 2624/543 2622/541 
f 2422/1058 2420/1055 2826/744 2828/746 
f 2423/1059 2425/1060 2626/545 2624/543 
f 2424/1061 2422/1058 2828/746 2830/748 
f 2425/1062 2427/1063 2628/547 2626/545 
f 2426/1064 2424/1061 2830/748 2832/750 
f 2427/1065 2429/1066 2630/549 2628/547 
f 2428/1067 2426/1064 2832/750 2834/752 
f 2429/1068 2431/1069 2632/551 2630/549 
f 2430/1070 2428/1067 2834/752 2836/754 
f 2431/1071 2433/1072 2634/553 2632/551 
f 2432/1073 2430/1070 2836/754 2838/756 
f 2433/1074 2435/1075 2636/555 2634/553 
f 2434/1076 2432/1073 2838/756 2840/758 
f 2435/1077 2437/1078 2638/557 2636/555 
f 2436/1079 2434/1076 2840/758 2842/760 
f 2437/1080 2439/1081 2640/559 2638/557 
f 2438/1082 2436/1079 2842/760 2844/762 
f 2439/1083 2441/1084 2642/561 2640/559 
f 2440/1085 2438/1086 2844/762 2846/764 
f 2857/773 2856/772 2860/162 2859/774 
f 2856/772 2854/771 2862/567 2861/775 
f 2854/771 2852/770 2863/766 2862/567 
f 2852/770 2848/767 2864/765 2863/766 
f 2848/767 2851/768 2865/776 2864/765 
f 2851/768 2850/769 2867/777 2866/360 
f 2241/162 2860/162 2861/775 2645/775 
f 2846/776 2865/776 2866/360 2440/360 
f 2445/773 2882/773 2881/774 2858/774 
f 2859/774 2880/774 2879/773 2857/773 
f 2850/769 2871/769 2870/777 2867/777 
f 2868/777 2869/777 2874/769 2642/769 
f 2883/159 2884/160 2885/161 2886/162 
f 2884/160 2887/163 2888/164 2885/161 
f 2887/163 2889/165 2890/166 2888/164 
f 2889/165 2891/167 2892/168 2890/166 
f 2891/167 2893/169 2894/170 2892/168 
f 2893/169 2895/171 2896/172 2894/170 
f 2895/171 2897/173 2898/174 2896/172 
f 2897/173 2899/175 2900/176 2898/174 
f 2899/175 2901/177 2902/178 2900/176 
f 2901/177 2903/179 2904/180 2902/178 
f 2903/179 2905/181 2906/182 2904/180 
f 2905/181 2907/183 2908/184 2906/182 
f 2907/183 2909/185 2910/186 2908/184 
f 2909/185 2911/187 2912/188 2910/186 
f 2911/187 2913/189 2914/190 2912/188 
f 2913/189 2915/191 2916/192 2914/190 
f 2915/191 2917/193 2918/194 2916/192 
f 2917/193 2919/195 2920/196 2918/194 
f 2919/195 2921/197 2922/198 2920/196 
f 2921/197 2923/199 2924/200 2922/198 
f 2923/199 2925/201 2926/202 2924/200 
f 2925/201 2927/203 2928/204 2926/202 
f 2927/203 2929/205 2930/206 2928/204 
f 2929/205 2931/207 2932/208 2930/206 
f 2931/207 2933/209 2934/210 2932/208 
f 2933/209 2935/211 2936/212 2934/210 
f 2935/211 2937/213 2938/214 2936/212 
f 2937/213 2939/215 2940/216 2938/214 
f 2939/215 2941/217 2942/218 2940/216 
f 2941/217 2943/219 2944/220 2942/218 
f 2943/219 2945/221 2946/222 2944/220 
f 2945/221 2947/223 2948/224 2946/222 
f 2947/223 2949/225 2950/226 2948/224 
f 2949/225 2951/227 2952/228 2950/226 
f 2951/227 2953/229 2954/230 2952/228 
f 2953/229 2955/231 2956/232 2954/230 
f 2955/231 2957/233 2958/234 2956/232 
f 2957/233 2959/235 2960/236 2958/234 
f 2959/235 2961/237 2962/238 2960/236 
f 2961/237 2963/239 2964/240 2962/238 
f 2963/239 2965/241 2966/242 2964/240 
f 2965/241 2967/243 2968/244 2966/242 
f 2967/243 2969/245 2970/246 2968/244 
f 2969/245 2971/247 2972/248 2970/246 
f 2971/247 2973/249 2974/250 2972/248 
f 2973/249 2975/251 2976/252 2974/250 
f 2975/251 2977/253 2978/254 2976/252 
f 2977/253 2979/255 2980/256 2978/254 
f 2979/255 2981/257 2982/258 2980/256 
f 2981/257 2983/259 2984/260 2982/258 
f 2983/259 2985/261 2986/262 2984/260 
f 2985/261 2987/263 2988/264 2986/262 
f 2987/263 2989/265 2990/266 2988/264 
f 2989/265 2991/267 2992/268 2990/266 
f 2991/267 2993/269 2994/270 2992/268 
f 2993/269 2995/271 2996/272 2994/270 
f 2995/271 2997/273 2998/274 2996/272 
f 2997/273 2999/275 3000/276 2998/274 
f 2999/275 3001/277 3002/278 3000/276 
f 3001/277 3003/279 3004/280 3002/278 
f 3003/279 3005/281 3006/282 3004/280 
f 3005/281 3007/283 3008/284 3006/282 
f 3007/283 3009/285 3010/286 3008/284 
f 3009/285 3011/287 3012/288 3010/286 
f 3011/287 3013/289 3014/290 3012/288 
f 3013/289 3015/291 3016/292 3014/290 
f 3015/291 3017/293 3018/294 3016/292 
f 3017/293 3019/295 3020/296 3018/294 
f 3019/295 3021/297 3022/298 3020/296 
f 3021/297 3023/299 3024/300 3022/298 
f 3023/299 3025/301 3026/302 3024/300 
f 3025/301 3027/303 3028/304 3026/302 
f 3027/303 3029/305 3030/306 3028/304 
f 3029/305 3031/307 3032/308 3030/306 
f 3031/307 3033/309 3034/310 3032/308 
f 3033/309 3035/311 3036/312 3034/310 
f 3035/311 3037/313 3038/314 3036/312 
f 3037/313 3039/315 3040/316 3038/314 
f 3039/315 3041/317 3042/318 3040/316 
f 3041/317 3043/319 3044/320 3042/318 
f 3043/319 3045/321 3046/322 3044/320 
f 3045/321 3047/323 3048/324 3046/322 
f 3047/323 3049/325 3050/326 3048/324 
f 3049/325 3051/327 3052/328 3050/326 
f 3051/327 3053/329 3054/330 3052/328 
f 3053/329 3055/331 3056/332 3054/330 
f 3055/331 3057/333 3058/334 3056/332 
f 3057/333 3059/335 3060/336 3058/334 
f 3059/335 3061/337 3062/338 3060/336 
f 3061/337 3063/339 3064/340 3062/338 
f 3063/339 3065/341 3066/342 3064/340 
f 3065/341 3067/343 3068/344 3066/342 
f 3067/343 3069/345 3070/346 3068/344 
f 3069/345 3071/347 3072/348 3070/346 
f 3071/347 3073/349 3074/350 3072/348 
f 3073/349 3075/351 3076/352 3074/350 
f 3075/351 3077/353 3078/354 3076/352 
f 3077/353 3079/355 3080/356 3078/354 
f 3079/355 3081/357 3082/358 3080/356 
f 3081/357 3083/359 3084/360 3082/358 
f 3085/361 3086/362 3087/363 3088/364 
f 3089/365 3085/361 3088/364 3090/366 
f 3091/367 3089/365 3090/366 3092/368 
f 3093/369 3091/367 3092/368 3094/370 
f 3095/371 3093/369 3094/370 3096/372 
f 3097/373 3095/371 3096/372 3098/374 
f 3099/375 3097/373 3098/374 3100/376 
f 3101/377 3099/375 3100/376 3102/378 
f 3103/379 3101/377 3102/378 3104/380 
f 3105/381 3103/379 3104/380 3106/382 
f 3107/383 3105/381 3106/382 3108/384 
f 3109/385 3107/383 3108/384 3110/386 
f 3111/387 3109/385 3110/386 3112/388 
f 3113/389 3111/387 3112/388 3114/390 
f 3115/391 3113/389 3114/390 3116/392 
f 3117/393 3115/391 3116/392 3118/394 
f 3119/395 3117/393 3118/394 3120/396 
f 3121/397 3119/395 3120/396 3122/398 
f 3123/399 3121/397 3122/398 3124/400 
f 3125/401 3123/399 3124/400 3126/402 
f 3127/403 3125/401 3126/402 3128/404 
f 3129/405 3127/403 3128/404 3130/406 
f 3131/407 3129/405 3130/406 3132/408 
f 3133/409 3131/407 3132/408 3134/410 
f 3135/411 3133/409 3134/410 3136/412 
f 3137/413 3135/411 3136/412 3138/414 
f 3139/415 3137/413 3138/414 3140/416 
f 3141/417 3139/415 3140/416 3142/418 
f 3143/419 3141/417 3142/418 3144/420 
f 3145/421 3143/419 3144/420 3146/422 
f 3147/423 3145/421 3146/422 3148/424 
f 3149/425 3147/423 3148/424 3150/426 
f 3151/427 3149/425 3150/426 3152/428 
f 3153/429 3151/427 3152/428 3154/430 
f 3155/431 3153/429 3154/430 3156/432 
f 3157/433 3155/431 3156/432 3158/434 
f 3159/435 3157/433 3158/434 3160/436 
f 3161/437 3159/435 3160/436 3162/438 
f 3163/439 3161/437 3162/438 3164/440 
f 3165/441 3163/439 3164/440 3166/442 
f 3167/443 3165/441 3166/442 3168/444 
f 3169/445 3167/443 3168/444 3170/446 
f 3171/447 3169/445 3170/446 3172/448 
f 3173/449 3171/447 3172/448 3174/450 
f 3175/451 3173/449 3174/450 3176/452 
f 3177/453 3175/451 3176/452 3178/454 
f 3179/455 3177/453 3178/454 3180/456 
f 3181/457 3179/455 3180/456 3182/458 
f 3183/459 3181/457 3182/458 3184/460 
f 3185/461 3183/459 3184/460 3186/462 
f 3187/463 3185/461 3186/462 3188/464 
f 3189/465 3187/463 3188/464 3190/466 
f 3191/467 3189/465 3190/466 3192/468 
f 3193/469 3191/467 3192/468 3194/470 
f 3195/471 3193/469 3194/470 3196/472 
f 3197/473 3195/471 3196/472 3198/474 
f 3199/475 3197/473 3198/474 3200/476 
f 3201/477 3199/475 3200/476 3202/478 
f 3203/479 3201/477 3202/478 3204/480 
f 3205/481 3203/479 3204/480 3206/482 
f 3207/483 3205/481 3206/482 3208/484 
f 3209/485 3207/483 3208/484 3210/486 
f 3211/487 3209/485 3210/486 3212/488 
f 3213/489 3211/487 3212/488 3214/490 
f 3215/491 3213/489 3214/490 3216/492 
f 3217/493 3215/491 3216/492 3218/494 
f 3219/495 3217/493 3218/494 3220/496 
f 3221/497 3219/495 3220/496 3222/498 
f 3223/499 3221/497 3222/498 3224/500 
f 3225/501 3223/499 3224/500 3226/502 
f 3227/503 3225/501 3226/502 3228/504 
f 3229/505 3227/503 3228/504 3230/506 
f 3231/507 3229/505 3230/506 3232/508 
f 3233/509 3231/507 3232/508 3234/510 
f 3235/511 3233/509 3234/510 3236/512 
f 3237/513 3235/511 3236/512 3238/514 
f 3239/515 3237/513 3238/514 3240/516 
f 3241/517 3239/515 3240/516 3242/518 
f 3243/519 3241/517 3242/518 3244/520 
f 3245/521 3243/519 3244/520 3246/522 
f 3247/523 3245/521 3246/522 3248/524 
f 3249/525 3247/523 3248/524 3250/526 
f 3251/527 3249/525 3250/526 3252/528 
f 3253/529 3251/527 3252/528 3254/530 
f 3255/531 3253/529 3254/530 3256/532 
f 3257/533 3255/531 3256/532 3258/534 
f 3259/535 3257/533 3258/534 3260/536 
f 3261/537 3259/535 3260/536 3262/538 
f 3263/539 3261/537 3262/538 3264/540 
f 3265/541 3263/539 3264/540 3266/542 
f 3267/543 3265/541 3266/542 3268/544 
f 3269/545 3267/543 3268/544 3270/546 
f 3271/547 3269/545 3270/546 3272/548 
f 3273/549 3271/547 3272/548 3274/550 
f 3275/551 3273/549 3274/550 3276/552 
f 3277/553 3275/551 3276/552 3278/554 
f 3279/555 3277/553 3278/554 3280/556 
f 3281/557 3279/555 3280/556 3282/558 
f 3283/559 3281/557 3282/558 3284/560 
f 3285/561 3283/559 3284/560 3286/562 
f 3088/364 3087/363 3287/563 
f 3090/366 3088/364 3287/563 
f 3092/368 3090/366 3287/563 
f 3094/370 3092/368 3287/563 
f 3096/372 3094/370 3287/563 
f 3098/374 3096/372 3287/563 
f 3100/376 3098/374 3287/563 
f 3102/378 3100/376 3287/563 
f 3104/380 3102/378 3287/563 
f 3106/382 3104/380 3287/563 
f 3108/384 3106/382 3287/563 
f 3110/386 3108/384 3287/563 
f 3112/388 3110/386 3287/563 
f 3114/390 3112/388 3287/563 
f 3116/392 3114/390 3287/563 
f 3118/394 3116/392 3287/563 
f 3120/396 3118/394 3287/563 
f 3122/398 3120/396 3287/563 
f 3124/400 3122/398 3287/563 
f 3126/402 3124/400 3287/563 
f 3128/404 3126/402 3287/563 
f 3130/406 3128/404 3287/563 
f 3132/408 3130/406 3287/563 
f 3134/410 3132/408 3287/563 
f 3136/412 3134/410 3287/563 
f 3138/414 3136/412 3287/563 
f 3140/416 3138/414 3287/563 
f 3142/418 3140/416 3287/563 
f 3144/420 3142/418 3287/563 
f 3146/422 3144/420 3287/563 
f 3148/424 3146/422 3287/563 
f 3150/426 3148/424 3287/563 
f 3152/428 3150/426 3287/563 
f 3154/430 3152/428 3287/563 
f 3156/432 3154/430 3287/563 
f 3158/434 3156/432 3287/563 
f 3160/436 3158/434 3287/563 
f 3162/438 3160/436 3287/563 
f 3164/440 3162/438 3287/563 
f 3166/442 3164/440 3287/563 
f 3168/444 3166/442 3287/563 
f 3170/446 3168/444 3287/563 
f 3172/448 3170/446 3287/563 
f 3174/450 3172/448 3287/563 
f 3176/452 3174/450 3287/563 
f 3178/454 3176/452 3287/563 
f 3180/456 3178/454 3287/563 
f 3182/458 3180/456 3287/563 
f 3184/460 3182/458 3287/563 
f 3186/462 3184/460 3287/563 
f 3188/464 3186/462 3287/563 
f 3190/466 3188/464 3287/563 
f 3192/468 3190/466 3287/563 
f 3194/470 3192/468 3287/563 
f 3196/472 3194/470 3287/563 
f 3198/474 3196/472 3287/563 
f 3200/476 3198/474 3287/563 
f 3202/478 3200/476 3287/563 
f 3204/480 3202/478 3287/563 
f 3206/482 3204/480 3287/563 
f 3208/484 3206/482 3287/563 
f 3210/486 3208/484 3287/563 
f 3212/488 3210/486 3287/563 
f 3214/490 3212/488 3287/563 
f 3216/492 3214/490 3287/563 
f 3218/494 3216/492 3287/563 
f 3220/496 3218/494 3287/563 
f 3222/498 3220/496 3287/563 
f 3224/500 3222/498 3287/563 
f 3226/502 3224/500 3287/563 
f 3228/504 3226/502 3287/563 
f 3230/506 3228/504 3287/563 
f 3232/508 3230/506 3287/563 
f 3234/510 3232/508 3287/563 
f 3236/512 3234/510 3287/563 
f 3238/514 3236/512 3287/563 
f 3240/516 3238/514 3287/563 
f 3242/518 3240/516 3287/563 
f 3244/520 3242/518 3287/563 
f 3246/522 3244/520 3287/563 
f 3248/524 3246/522 3287/563 
f 3250/526 3248/524 3287/563 
f 3252/528 3250/526 3287/563 
f 3254/530 3252/528 3287/563 
f 3256/532 3254/530 3287/563 
f 3258/534 3256/532 3287/563 
f 3260/536 3258/534 3287/563 
f 3262/538 3260/536 3287/563 
f 3264/540 3262/538 3287/563 
f 3266/542 3264/540 3287/563 
f 3268/544 3266/542 3287/563 
f 3270/546 3268/544 3287/563 
f 3272/548 3270/546 3287/563 
f 3274/550 3272/548 3287/563 
f 3276/552 3274/550 3287/563 
f 3278/554 3276/552 3287/563 
f 3280/556 3278/554 3287/563 
f 3282/558 3280/556 3287/563 
f 3284/560 3282/558 3287/563 
f 3286/562 3284/560 3287/563 
f 3288/564 3289/565 3290/566 3291/567 
f 3289/565 3292/568 3293/569 3290/566 
f 3292/568 3294/570 3295/571 3293/569 
f 3294/570 3296/572 3297/573 3295/571 
f 3296/572 3298/574 3299/575 3297/573 
f 3298/574 3300/576 3301/577 3299/575 
f 3300/576 3302/578 3303/579 3301/577 
f 3302/578 3304/580 3305/581 3303/579 
f 3304/580 3306/582 3307/583 3305/581 
f 3306/582 3308/584 3309/585 3307/583 
f 3308/584 3310/586 3311/587 3309/585 
f 3310/586 3312/588 3313/589 3311/587 
f 3312/588 3314/590 3315/591 3313/589 
f 3314/590 3316/592 3317/593 3315/591 
f 3316/592 3318/594 3319/595 3317/593 
f 3318/594 3320/596 3321/597 3319/595 
f 3320/596 3322/598 3323/599 3321/597 
f 3322/598 3324/600 3325/601 3323/599 
f 3324/600 3326/602 3327/603 3325/601 
f 3326/602 3328/604 3329/605 3327/603 
f 3328/604 3330/606 3331/607 3329/605 
f 3330/606 3332/608 3333/609 3331/607 
f 3332/608 3334/610 3335/611 3333/609 
f 3334/610 3336/612 3337/613 3335/611 
f 3336/612 3338/614 3339/615 3337/613 
f 3338/614 3340/616 3341/617 3339/615 
f 3340/616 3342/618 3343/619 3341/617 
f 3342/618 3344/620 3345/621 3343/619 
f 3344/620 3346/622 3347/623 3345/621 
f 3346/622 3348/624 3349/625 3347/623 
f 3348/624 3350/626 3351/627 3349/625 
f 3350/626 3352/628 3353/629 3351/627 
f 3352/628 3354/630 3355/631 3353/629 
f 3354/630 3356/632 3357/633 3355/631 
f 3356/632 3358/634 3359/635 3357/633 
f 3358/634 3360/636 3361/637 3359/635 
f 3360/636 3362/638 3363/639 3361/637 
f 3362/638 3364/640 3365/641 3363/639 
f 3364/640 3366/642 3367/643 3365/641 
f 3366/642 3368/644 3369/645 3367/643 
f 3368/644 3370/646 3371/647 3369/645 
f 3370/646 3372/648 3373/649 3371/647 
f 3372/648 3374/650 3375/651 3373/649 
f 3374/650 3376/652 3377/653 3375/651 
f 3376/652 3378/654 3379/655 3377/653 
f 3378/654 3380/656 3381/657 3379/655 
f 3380/656 3382/658 3383/659 3381/657 
f 3382/658 3384/660 3385/661 3383/659 
f 3384/660 3386/662 3387/663 3385/661 
f 3386/662 3388/664 3389/665 3387/663 
f 3388/664 3390/666 3391/667 3389/665 
f 3390/666 3392/668 3393/669 3391/667 
f 3392/668 3394/670 3395/671 3393/669 
f 3394/670 3396/672 3397/673 3395/671 
f 3396/672 3398/674 3399/675 3397/673 
f 3398/674 3400/676 3401/677 3399/675 
f 3400/676 3402/678 3403/679 3401/677 
f 3402/678 3404/680 3405/681 3403/679 
f 3404/680 3406/682 3407/683 3405/681 
f 3406/682 3408/684 3409/685 3407/683 
f 3408/684 3410/686 3411/687 3409/685 
f 3410/686 3412/688 3413/689 3411/687 
f 3412/688 3414/690 3415/691 3413/689 
f 3414/690 3416/692 3417/693 3415/691 
f 3416/692 3418/694 3419/695 3417/693 
f 3418/694 3420/696 3421/697 3419/695 
f 3420/696 3422/698 3423/699 3421/697 
f 3422/698 3424/700 3425/701 3423/699 
f 3424/700 3426/702 3427/703 3425/701 
f 3426/702 3428/704 3429/705 3427/703 
f 3428/704 3430/706 3431/707 3429/705 
f 3430/706 3432/708 3433/709 3431/707 
f 3432/708 3434/710 3435/711 3433/709 
f 3434/710 3436/712 3437/713 3435/711 
f 3436/712 3438/714 3439/715 3437/713 
f 3438/714 3440/716 3441/717 3439/715 
f 3440/716 3442/718 3443/719 3441/717 
f 3442/718 3444/720 3445/721 3443/719 
f 3444/720 3446/722 3447/723 3445/721 
f 3446/722 3448/724 3449/725 3447/723 
f 3448/724 3450/726 3451/727 3449/725 
f 3450/726 3452/728 3453/729 3451/727 
f 3452/728 3454/730 3455/731 3453/729 
f 3454/730 3456/732 3457/733 3455/731 
f 3456/732 3458/734 3459/735 3457/733 
f 3458/734 3460/736 3461/737 3459/735 
f 3460/736 3462/738 3463/739 3461/737 
f 3462/738 3464/740 3465/741 3463/739 
f 3464/740 3466/742 3467/743 3465/741 
f 3466/742 3468/744 3469/745 3467/743 
f 3468/744 3470/746 3471/747 3469/745 
f 3470/746 3472/748 3473/749 3471/747 
f 3472/748 3474/750 3475/751 3473/749 
f 3474/750 3476/752 3477/753 3475/751 
f 3476/752 3478/754 3479/755 3477/753 
f 3478/754 3480/756 3481/757 3479/755 
f 3480/756 3482/758 3483/759 3481/757 
f 3482/758 3484/760 3485/761 3483/759 
f 3484/760 3486/762 3487/763 3485/761 
f 3486/762 3488/764 3489/765 3487/763 
f 3291/567 3290/566 3490/766 
f 3290/566 3293/569 3490/766 
f 3293/569 3295/571 3490/766 
f 3295/571 3297/573 3490/766 
f 3297/573 3299/575 3490/766 
f 3299/575 3301/577 3490/766 
f 3301/577 3303/579 3490/766 
f 3303/579 3305/581 3490/766 
f 3305/581 3307/583 3490/766 
f 3307/583 3309/585 3490/766 
f 3309/585 3311/587 3490/766 
f 3311/587 3313/589 3490/766 
f 3313/589 3315/591 3490/766 
f 3315/591 3317/593 3490/766 
f 3317/593 3319/595 3490/766 
f 3319/595 3321/597 3490/766 
f 3321/597 3323/599 3490/766 
f 3323/599 3325/601 3490/766 
f 3325/601 3327/603 3490/766 
f 3327/603 3329/605 3490/766 
f 3329/605 3331/607 3490/766 
f 3331/607 3333/609 3490/766 
f 3333/609 3335/611 3490/766 
f 3335/611 3337/613 3490/766 
f 3337/613 3339/615 3490/766 
f 3339/615 3341/617 3490/766 
f 3341/617 3343/619 3490/766 
f 3343/619 3345/621 3490/766 
f 3345/621 3347/623 3490/766 
f 3347/623 3349/625 3490/766 
f 3349/625 3351/627 3490/766 
f 3351/627 3353/629 3490/766 
f 3353/629 3355/631 3490/766 
f 3355/631 3357/633 3490/766 
f 3357/633 3359/635 3490/766 
f 3359/635 3361/637 3490/766 
f 3361/637 3363/639 3490/766 
f 3363/639 3365/641 3490/766 
f 3365/641 3367/643 3490/766 
f 3367/643 3369/645 3490/766 
f 3369/645 3371/647 3490/766 
f 3371/647 3373/649 3490/766 
f 3373/649 3375/651 3490/766 
f 3375/651 3377/653 3490/766 
f 3377/653 3379/655 3490/766 
f 3379/655 3381/657 3490/766 
f 3381/657 3383/659 3490/766 
f 3383/659 3385/661 3490/766 
f 3385/661 3387/663 3490/766 
f 3387/663 3389/665 3490/766 
f 3389/665 3391/667 3490/766 
f 3391/667 3393/669 3490/766 
f 3393/669 3395/671 3490/766 
f 3395/671 3397/673 3490/766 
f 3397/673 3399/675 3490/766 
f 3399/675 3401/677 3490/766 
f 3401/677 3403/679 3490/766 
f 3403/679 3405/681 3490/766 
f 3405/681 3407/683 3490/766 
f 3407/683 3409/685 3490/766 
f 3409/685 3411/687 3490/766 
f 3411/687 3413/689 3490/766 
f 3413/689 3415/691 3490/766 
f 3415/691 3417/693 3490/766 
f 3417/693 3419/695 3490/766 
f 3419/695 3421/697 3490/766 
f 3421/697 3423/699 3490/766 
f 3423/699 3425/701 3490/766 
f 3425/701 3427/703 3490/766 
f 3427/703 3429/705 3490/766 
f 3429/705 3431/707 3490/766 
f 3431/707 3433/709 3490/766 
f 3433/709 3435/711 3490/766 
f 3435/711 3437/713 3490/766 
f 3437/713 3439/715 3490/766 
f 3439/715 3441/717 3490/766 
f 3441/717 3443/719 3490/766 
f 3443/719 3445/721 3490/766 
f 3445/721 3447/723 3490/766 
f 3447/723 3449/725 3490/766 
f 3449/725 3451/727 3490/766 
f 3451/727 3453/729 3490/766 
f 3453/729 3455/731 3490/766 
f 3455/731 3457/733 3490/766 
f 3457/733 3459/735 3490/766 
f 3459/735 3461/737 3490/766 
f 3461/737 3463/739 3490/766 
f 3463/739 3465/741 3490/766 
f 3465/741 3467/743 3490/766 
f 3467/743 3469/745 3490/766 
f 3469/745 3471/747 3490/766 
f 3471/747 3473/749 3490/766 
f 3473/749 3475/751 3490/766 
f 3475/751 3477/753 3490/766 
f 3477/753 3479/755 3490/766 
f 3479/755 3481/757 3490/766 
f 3481/757 3483/759 3490/766 
f 3483/759 3485/761 3490/766 
f 3485/761 3487/763 3490/766 
f 3487/763 3489/765 3490/766 
f 3491/767 3492/768 3493/769 3494/562 
f 3495/770 3491/767 3494/562 3496/563 
f 3497/771 3495/770 3496/563 3498/363 
f 3499/772 3497/771 3498/363 3500/773 
f 3501/774 2883/159 2886/162 3502/162 3503/774 
f 3288/775 3291/567 3504/567 3505/775 
f 3291/567 3490/766 3506/766 3504/567 
f 3490/766 3489/765 3507/765 3506/766 
f 3489/765 3488/776 3508/776 3507/765 
f 3084/360 3083/359 3509/777 3510/777 3511/360 
f 3512/777 3513/769 3514/562 3515/562 3516/769 3517/777 
f 3514/562 3518/563 3519/563 3515/562 
f 3518/563 3520/363 3521/363 3519/563 
f 3520/363 3522/773 3523/774 3524/774 3525/773 3521/363 
f 3087/363 3086/773 3522/773 3520/363 
f 3501/774 3503/774 3524/774 3523/774 
f 3500/773 3498/363 3521/363 3525/773 
f 3498/363 3496/563 3519/563 3521/363 
f 3496/563 3494/562 3515/562 3519/563 
f 3494/562 3493/769 3516/769 3515/562 
f 3510/777 3509/777 3512/777 3517/777 
f 3285/769 3286/562 3514/562 3513/769 
f 3286/562 3287/563 3518/563 3514/562 
f 3287/563 3087/363 3520/363 3518/563 
f 2883/159 3501/774 3086/773 
f 3285/769 3509/777 3083/359 
f 3505/775 3499/772 3502/162 
f 3511/360 3492/768 3508/776 
f 2883/778 3086/362 3085/361 2884/779 
f 2885/780 3289/565 3288/564 2886/781 
f 2884/782 3085/361 3089/365 2887/783 
f 2888/784 3292/568 3289/565 2885/785 
f 2887/786 3089/365 3091/367 2889/787 
f 2890/788 3294/570 3292/568 2888/784 
f 2889/789 3091/367 3093/369 2891/790 
f 2892/791 3296/572 3294/570 2890/788 
f 2891/792 3093/369 3095/371 2893/793 
f 2894/794 3298/574 3296/572 2892/791 
f 2893/795 3095/371 3097/373 2895/796 
f 2896/797 3300/576 3298/574 2894/794 
f 2895/798 3097/373 3099/375 2897/799 
f 2898/800 3302/578 3300/576 2896/797 
f 2897/801 3099/375 3101/377 2899/802 
f 2900/803 3304/580 3302/578 2898/800 
f 2899/804 3101/377 3103/379 2901/805 
f 2902/806 3306/582 3304/580 2900/803 
f 2901/807 3103/379 3105/381 2903/808 
f 2904/809 3308/584 3306/582 2902/806 
f 2903/810 3105/381 3107/383 2905/811 
f 2906/812 3310/586 3308/584 2904/809 
f 2905/813 3107/383 3109/385 2907/814 
f 2908/815 3312/588 3310/586 2906/812 
f 2907/816 3109/385 3111/387 2909/817 
f 2910/818 3314/590 3312/588 2908/815 
f 2909/819 3111/387 3113/389 2911/820 
f 2912/821 3316/592 3314/590 2910/818 
f 2911/822 3113/389 3115/391 2913/823 
f 2914/824 3318/594 3316/592 2912/821 
f 2913/825 3115/391 3117/393 2915/826 
f 2916/827 3320/596 3318/594 2914/824 
f 2915/828 3117/393 3119/395 2917/829 
f 2918/830 3322/598 3320/596 2916/831 
f 2917/832 3119/395 3121/397 2919/833 
f 2920/834 3324/600 3322/598 2918/830 
f 2919/835 3121/397 3123/399 2921/836 
f 2922/837 3326/602 3324/600 2920/834 
f 2921/838 3123/399 3125/401 2923/839 
f 2924/840 3328/604 3326/602 2922/837 
f 2923/841 3125/401 3127/403 2925/842 
f 2926/843 3330/606 3328/604 2924/840 
f 2925/844 3127/403 3129/405 2927/845 
f 2928/846 3332/608 3330/606 2926/843 
f 2927/847 3129/405 3131/407 2929/848 
f 2930/849 3334/610 3332/608 2928/846 
f 2929/850 3131/407 3133/409 2931/851 
f 2932/852 3336/612 3334/610 2930/849 
f 2931/853 3133/409 3135/411 2933/854 
f 2934/855 3338/614 3336/612 2932/856 
f 2933/857 3135/411 3137/413 2935/858 
f 2936/859 3340/616 3338/614 2934/855 
f 2935/860 3137/413 3139/415 2937/861 
f 2938/862 3342/618 3340/616 2936/863 
f 2937/864 3139/415 3141/417 2939/865 
f 2940/866 3344/620 3342/618 2938/862 
f 2939/867 3141/417 3143/419 2941/868 
f 2942/869 3346/622 3344/620 2940/866 
f 2941/870 3143/419 3145/421 2943/871 
f 2944/872 3348/624 3346/622 2942/869 
f 2943/873 3145/421 3147/423 2945/874 
f 2946/875 3350/626 3348/624 2944/872 
f 2945/876 3147/423 3149/425 2947/877 
f 2948/878 3352/628 3350/626 2946/875 
f 2947/879 3149/425 3151/427 2949/880 
f 2950/881 3354/630 3352/628 2948/878 
f 2949/882 3151/427 3153/429 2951/883 
f 2952/884 3356/632 3354/630 2950/881 
f 2951/885 3153/429 3155/431 2953/886 
f 2954/887 3358/634 3356/632 2952/884 
f 2953/888 3155/431 3157/433 2955/889 
f 2956/890 3360/636 3358/634 2954/887 
f 2955/891 3157/433 3159/435 2957/892 
f 2958/893 3362/638 3360/636 2956/890 
f 2957/894 3159/435 3161/437 2959/895 
f 2960/896 3364/640 3362/638 2958/893 
f 2959/897 3161/437 3163/439 2961/898 
f 2962/899 3366/642 3364/640 2960/896 
f 2961/900 3163/439 3165/441 2963/901 
f 2964/902 3368/644 3366/642 2962/899 
f 2963/903 3165/441 3167/443 2965/904 
f 2966/905 3370/646 3368/644 2964/902 
f 2965/906 3167/443 3169/445 2967/907 
f 2968/908 3372/648 3370/646 2966/905 
f 2967/909 3169/445 3171/447 2969/910 
f 2970/911 3374/650 3372/648 2968/908 
f 2969/912 3171/447 3173/449 2971/913 
f 2972/914 3376/652 3374/650 2970/911 
f 2971/915 3173/449 3175/451 2973/916 
f 2974/917 3378/654 3376/652 2972/914 
f 2973/918 3175/451 3177/453 2975/919 
f 2976/920 3380/656 3378/654 2974/917 
f 2975/921 3177/453 3179/455 2977/922 
f 2978/923 3382/658 3380/656 2976/920 
f 2977/924 3179/455 3181/457 2979/925 
f 2980/926 3384/660 3382/658 2978/923 
f 2979/927 3181/457 3183/459 2981/928 
f 2982/929 3386/662 3384/660 2980/926 
f 2981/930 3183/459 3185/461 2983/931 
f 2984/932 3388/664 3386/662 2982/929 
f 2983/933 3185/461 3187/463 2985/934 
f 2986/935 3390/666 3388/664 2984/932 
f 2985/936 3187/463 3189/465 2987/937 
f 2988/938 3392/668 3390/666 2986/935 
f 2987/939 3189/465 3191/467 2989/940 
f 2990/941 3394/670 3392/668 2988/938 
f 2989/942 3191/467 3193/469 2991/943 
f 2992/944 3396/672 3394/670 2990/941 
f 2991/945 3193/469 3195/471 2993/946 
f 2994/947 3398/674 3396/672 2992/944 
f 2993/948 3195/471 3197/473 2995/949 
f 2996/950 3400/676 3398/674 2994/947 
f 2995/951 3197/473 3199/475 2997/952 
f 2998/953 3402/678 3400/676 2996/950 
f 2997/954 3199/475 3201/477 2999/955 
f 3000/956 3404/680 3402/678 2998/953 
f 2999/957 3201/477 3203/479 3001/958 
f 3002/959 3406/682 3404/680 3000/956 
f 3001/960 3203/479 3205/481 3003/961 
f 3004/962 3408/684 3406/682 3002/959 
f 3003/963 3205/481 3207/483 3005/964 
f 3006/965 3410/686 3408/684 3004/962 
f 3005/966 3207/483 3209/485 3007/967 
f 3008/968 3412/688 3410/686 3006/965 
f 3007/969 3209/485 3211/487 3009/970 
f 3010/971 3414/690 3412/688 3008/968 
f 3009/972 3211/487 3213/489 3011/973 
f 3012/974 3416/692 3414/690 3010/971 
f 3011/975 3213/489 3215/491 3013/976 
f 3014/977 3418/694 3416/692 3012/974 
f 3013/978 3215/491 3217/493 3015/979 
f 3016/980 3420/696 3418/694 3014/977 
f 3015/981 3217/493 3219/495 3017/982 
f 3018/983 3422/698 3420/696 3016/984 
f 3017/985 3219/495 3221/497 3019/986 
f 3020/987 3424/700 3422/698 3018/983 
f 3019/988 3221/497 3223/499 3021/989 
f 3022/990 3426/702 3424/700 3020/987 
f 3021/991 3223/499 3225/501 3023/992 
f 3024/993 3428/704 3426/702 3022/990 
f 3023/994 3225/501 3227/503 3025/995 
f 3026/996 3430/706 3428/704 3024/993 
f 3025/997 3227/503 3229/505 3027/998 
f 3028/999 3432/708 3430/706 3026/996 
f 3027/1000 3229/505 3231/507 3029/1001 
f 3030/1002 3434/710 3432/708 3028/999 
f 3029/1003 3231/507 3233/509 3031/1004 
f 3032/1005 3436/712 3434/710 3030/1002 
f 3031/1006 3233/509 3235/511 3033/1007 
f 3034/1008 3438/714 3436/712 3032/1009 
f 3033/1010 3235/511 3237/513 3035/1011 
f 3036/1012 3440/716 3438/714 3034/1008 
f 3035/1013 3237/513 3239/515 3037/1014 
f 3038/1015 3442/718 3440/716 3036/1016 
f 3037/1017 3239/515 3241/517 3039/1018 
f 3040/1019 3444/720 3442/718 3038/1015 
f 3039/1020 3241/517 3243/519 3041/1021 
f 3042/1022 3446/722 3444/720 3040/1019 
f 3041/1023 3243/519 3245/521 3043/1024 
f 3044/1025 3448/724 3446/722 3042/1022 
f 3043/1026 3245/521 3247/523 3045/1027 
f 3046/1028 3450/726 3448/724 3044/1025 
f 3045/1029 3247/523 3249/525 3047/1030 
f 3048/1031 3452/728 3450/726 3046/1028 
f 3047/1032 3249/525 3251/527 3049/1033 
f 3050/1034 3454/730 3452/728 3048/1031 
f 3049/1035 3251/527 3253/529 3051/1036 
f 3052/1037 3456/732 3454/730 3050/1034 
f 3051/1038 3253/529 3255/531 3053/1039 
f 3054/1040 3458/734 3456/732 3052/1037 
f 3053/1041 3255/531 3257/533 3055/1042 
f 3056/1043 3460/736 3458/734 3054/1040 
f 3055/1044 3257/533 3259/535 3057/1045 
f 3058/1046 3462/738 3460/736 3056/1043 
f 3057/1047 3259/535 3261/537 3059/1048 
f 3060/1049 3464/740 3462/738 3058/1046 
f 3059/1050 3261/537 3263/539 3061/1051 
f 3062/1052 3466/742 3464/740 3060/1049 
f 3061/1053 3263/539 3265/541 3063/1054 
f 3064/1055 3468/744 3466/742 3062/1052 
f 3063/1056 3265/541 3267/543 3065/1057 
f 3066/1058 3470/746 3468/744 3064/1055 
f 3065/1059 3267/543 3269/545 3067/1060 
f 3068/1061 3472/748 3470/746 3066/1058 
f 3067/1062 3269/545 3271/547 3069/1063 
f 3070/1064 3474/750 3472/748 3068/1061 
f 3069/1065 3271/547 3273/549 3071/1066 
f 3072/1067 3476/752 3474/750 3070/1064 
f 3071/1068 3273/549 3275/551 3073/1069 
f 3074/1070 3478/754 3476/752 3072/1067 
f 3073/1071 3275/551 3277/553 3075/1072 
f 3076/1073 3480/756 3478/754 3074/1070 
f 3075/1074 3277/553 3279/555 3077/1075 
f 3078/1076 3482/758 3480/756 3076/1073 
f 3077/1077 3279/555 3281/557 3079/1078 
f 3080/1079 3484/760 3482/758 3078/1076 
f 3079/1080 3281/557 3283/559 3081/1081 
f 3082/1082 3486/762 3484/760 3080/1079 
f 3081/1083 3283/559 3285/561 3083/1084 
f 3084/1085 3488/764 3486/762 3082/1086 
f 3500/773 3503/774 3502/162 3499/772 
f 3499/772 3505/775 3504/567 3497/771 
f 3497/771 3504/567 3506/766 3495/770 
f 3495/770 3506/766 3507/765 3491/767 
f 3491/767 3507/765 3508/776 3492/768 
f 3492/768 3511/360 3510/777 3493/769 
f 2886/162 3288/775 3505/775 3502/162 
f 3488/776 3084/360 3511/360 3508/776 
f 3086/773 3501/774 3523/774 3522/773 
f 3503/774 3500/773 3525/773 3524/774 
f 3493/769 3510/777 3517/777 3516/769 
f 3509/777 3285/769 3513/769 3512/777 
f 3526/159 3527/162 3528/161 3529/160 
f 3529/160 3528/161 3530/164 3531/163 
f 3531/163 3530/164 3532/166 3533/165 
f 3533/165 3532/166 3534/168 3535/167 
f 3535/167 3534/168 3536/170 3537/169 
f 3537/169 3536/170 3538/172 3539/171 
f 3539/171 3538/172 3540/174 3541/173 
f 3541/173 3540/174 3542/176 3543/175 
f 3543/175 3542/176 3544/178 3545/177 
f 3545/177 3544/178 3546/180 3547/179 
f 3547/179 3546/180 3548/182 3549/181 
f 3549/181 3548/182 3550/184 3551/183 
f 3551/183 3550/184 3552/186 3553/185 
f 3553/185 3552/186 3554/188 3555/187 
f 3555/187 3554/188 3556/190 3557/189 
f 3557/189 3556/190 3558/192 3559/191 
f 3559/191 3558/192 3560/194 3561/193 
f 3561/193 3560/194 3562/196 3563/195 
f 3563/195 3562/196 3564/198 3565/197 
f 3565/197 3564/198 3566/200 3567/199 
f 3567/199 3566/200 3568/202 3569/201 
f 3569/201 3568/202 3570/204 3571/203 
f 3571/203 3570/204 3572/206 3573/205 
f 3573/205 3572/206 3574/208 3575/207 
f 3575/207 3574/208 3576/210 3577/209 
f 3577/209 3576/210 3578/212 3579/211 
f 3579/211 3578/212 3580/214 3581/213 
f 3581/213 3580/214 3582/216 3583/215 
f 3583/215 3582/216 3584/218 3585/217 
f 3585/217 3584/218 3586/220 3587/219 
f 3587/219 3586/220 3588/222 3589/221 
f 3589/221 3588/222 3590/224 3591/223 
f 3591/223 3590/224 3592/226 3593/225 
f 3593/225 3592/226 3594/228 3595/227 
f 3595/227 3594/228 3596/230 3597/229 
f 3597/229 3596/230 3598/232 3599/231 
f 3599/231 3598/232 3600/234 3601/233 
f 3601/233 3600/234 3602/236 3603/235 
f 3603/235 3602/236 3604/238 3605/237 
f 3605/237 3604/238 3606/240 3607/239 
f 3607/239 3606/240 3608/242 3609/241 
f 3609/241 3608/242 3610/244 3611/243 
f 3611/243 3610/244 3612/246 3613/245 
f 3613/245 3612/246 3614/248 3615/247 
f 3615/247 3614/248 3616/250 3617/249 
f 3617/249 3616/250 3618/252 3619/251 
f 3619/251 3618/252 3620/254 3621/253 
f 3621/253 3620/254 3622/256 3623/255 
f 3623/255 3622/256 3624/258 3625/257 
f 3625/257 3624/258 3626/260 3627/259 
f 3627/259 3626/260 3628/262 3629/261 
f 3629/261 3628/262 3630/264 3631/263 
f 3631/263 3630/264 3632/266 3633/265 
f 3633/265 3632/266 3634/268 3635/267 
f 3635/267 3634/268 3636/270 3637/269 
f 3637/269 3636/270 3638/272 3639/271 
f 3639/271 3638/272 3640/274 3641/273 
f 3641/273 3640/274 3642/276 3643/275 
f 3643/275 3642/276 3644/278 3645/277 
f 3645/277 3644/278 3646/280 3647/279 
f 3647/279 3646/280 3648/282 3649/281 
f 3649/281 3648/282 3650/284 3651/283 
f 3651/283 3650/284 3652/286 3653/285 
f 3653/285 3652/286 3654/288 3655/287 
f 3655/287 3654/288 3656/290 3657/289 
f 3657/289 3656/290 3658/292 3659/291 
f 3659/291 3658/292 3660/294 3661/293 
f 3661/293 3660/294 3662/296 3663/295 
f 3663/295 3662/296 3664/298 3665/297 
f 3665/297 3664/298 3666/300 3667/299 
f 3667/299 3666/300 3668/302 3669/301 
f 3669/301 3668/302 3670/304 3671/303 
f 3671/303 3670/304 3672/306 3673/305 
f 3673/305 3672/306 3674/308 3675/307 
f 3675/307 3674/308 3676/310 3677/309 
f 3677/309 3676/310 3678/312 3679/311 
f 3679/311 3678/312 3680/314 3681/313 
f 3681/313 3680/314 3682/316 3683/315 
f 3683/315 3682/316 3684/318 3685/317 
f 3685/317 3684/318 3686/320 3687/319 
f 3687/319 3686/320 3688/322 3689/321 
f 3689/321 3688/322 3690/324 3691/323 
f 3691/323 3690/324 3692/326 3693/325 
f 3693/325 3692/326 3694/328 3695/327 
f 3695/327 3694/328 3696/330 3697/329 
f 3697/329 3696/330 3698/332 3699/331 
f 3699/331 3698/332 3700/334 3701/333 
f 3701/333 3700/334 3702/336 3703/335 
f 3703/335 3702/336 3704/338 3705/337 
f 3705/337 3704/338 3706/340 3707/339 
f 3707/339 3706/340 3708/342 3709/341 
f 3709/341 3708/342 3710/344 3711/343 
f 3711/343 3710/344 3712/346 3713/345 
f 3713/345 3712/346 3714/348 3715/347 
f 3715/347 3714/348 3716/350 3717/349 
f 3717/349 3716/350 3718/352 3719/351 
f 3719/351 3718/352 3720/354 3721/353 
f 3721/353 3720/354 3722/356 3723/355 
f 3723/355 3722/356 3724/358 3725/357 
f 3725/357 3724/358 3726/360 3727/359 
f 3728/361 3729/364 3730/363 3731/362 
f 3732/365 3733/366 3729/364 3728/361 
f 3734/367 3735/368 3733/366 3732/365 
f 3736/369 3737/370 3735/368 3734/367 
f 3738/371 3739/372 3737/370 3736/369 
f 3740/373 3741/374 3739/372 3738/371 
f 3742/375 3743/376 3741/374 3740/373 
f 3744/377 3745/378 3743/376 3742/375 
f 3746/379 3747/380 3745/378 3744/377 
f 3748/381 3749/382 3747/380 3746/379 
f 3750/383 3751/384 3749/382 3748/381 
f 3752/385 3753/386 3751/384 3750/383 
f 3754/387 3755/388 3753/386 3752/385 
f 3756/389 3757/390 3755/388 3754/387 
f 3758/391 3759/392 3757/390 3756/389 
f 3760/393 3761/394 3759/392 3758/391 
f 3762/395 3763/396 3761/394 3760/393 
f 3764/397 3765/398 3763/396 3762/395 
f 3766/399 3767/400 3765/398 3764/397 
f 3768/401 3769/402 3767/400 3766/399 
f 3770/403 3771/404 3769/402 3768/401 
f 3772/405 3773/406 3771/404 3770/403 
f 3774/407 3775/408 3773/406 3772/405 
f 3776/409 3777/410 3775/408 3774/407 
f 3778/411 3779/412 3777/410 3776/409 
f 3780/413 3781/414 3779/412 3778/411 
f 3782/415 3783/416 3781/414 3780/413 
f 3784/417 3785/418 3783/416 3782/415 
f 3786/419 3787/420 3785/418 3784/417 
f 3788/421 3789/422 3787/420 3786/419 
f 3790/423 3791/424 3789/422 3788/421 
f 3792/425 3793/426 3791/424 3790/423 
f 3794/427 3795/428 3793/426 3792/425 
f 3796/429 3797/430 3795/428 3794/427 
f 3798/431 3799/432 3797/430 3796/429 
f 3800/433 3801/434 3799/432 3798/431 
f 3802/435 3803/436 3801/434 3800/433 
f 3804/437 3805/438 3803/436 3802/435 
f 3806/439 3807/440 3805/438 3804/437 
f 3808/441 3809/442 3807/440 3806/439 
f 3810/443 3811/444 3809/442 3808/441 
f 3812/445 3813/446 3811/444 3810/443 
f 3814/447 3815/448 3813/446 3812/445 
f 3816/449 3817/450 3815/448 3814/447 
f 3818/451 3819/452 3817/450 3816/449 
f 3820/453 3821/454 3819/452 3818/451 
f 3822/455 3823/456 3821/454 3820/453 
f 3824/457 3825/458 3823/456 3822/455 
f 3826/459 3827/460 3825/458 3824/457 
f 3828/461 3829/462 3827/460 3826/459 
f 3830/463 3831/464 3829/462 3828/461 
f 3832/465 3833/466 3831/464 3830/463 
f 3834/467 3835/468 3833/466 3832/465 
f 3836/469 3837/470 3835/468 3834/467 
f 3838/471 3839/472 3837/470 3836/469 
f 3840/473 3841/474 3839/472 3838/471 
f 3842/475 3843/476 3841/474 3840/473 
f 3844/477 3845/478 3843/476 3842/475 
f 3846/479 3847/480 3845/478 3844/477 
f 3848/481 3849/482 3847/480 3846/479 
f 3850/483 3851/484 3849/482 3848/481 
f 3852/485 3853/486 3851/484 3850/483 
f 3854/487 3855/488 3853/486 3852/485 
f 3856/489 3857/490 3855/488 3854/487 
f 3858/491 3859/492 3857/490 3856/489 
f 3860/493 3861/494 3859/492 3858/491 
f 3862/495 3863/496 3861/494 3860/493 
f 3864/497 3865/498 3863/496 3862/495 
f 3866/499 3867/500 3865/498 3864/497 
f 3868/501 3869/502 3867/500 3866/499 
f 3870/503 3871/504 3869/502 3868/501 
f 3872/505 3873/506 3871/504 3870/503 
f 3874/507 3875/508 3873/506 3872/505 
f 3876/509 3877/510 3875/508 3874/507 
f 3878/511 3879/512 3877/510 3876/509 
f 3880/513 3881/514 3879/512 3878/511 
f 3882/515 3883/516 3881/514 3880/513 
f 3884/517 3885/518 3883/516 3882/515 
f 3886/519 3887/520 3885/518 3884/517 
f 3888/521 3889/522 3887/520 3886/519 
f 3890/523 3891/524 3889/522 3888/521 
f 3892/525 3893/526 3891/524 3890/523 
f 3894/527 3895/528 3893/526 3892/525 
f 3896/529 3897/530 3895/528 3894/527 
f 3898/531 3899/532 3897/530 3896/529 
f 3900/533 3901/534 3899/532 3898/531 
f 3902/535 3903/536 3901/534 3900/533 
f 3904/537 3905/538 3903/536 3902/535 
f 3906/539 3907/540 3905/538 3904/537 
f 3908/541 3909/542 3907/540 3906/539 
f 3910/543 3911/544 3909/542 3908/541 
f 3912/545 3913/546 3911/544 3910/543 
f 3914/547 3915/548 3913/546 3912/545 
f 3916/549 3917/550 3915/548 3914/547 
f 3918/551 3919/552 3917/550 3916/549 
f 3920/553 3921/554 3919/552 3918/551 
f 3922/555 3923/556 3921/554 3920/553 
f 3924/557 3925/558 3923/556 3922/555 
f 3926/559 3927/560 3925/558 3924/557 
f 3928/561 3929/562 3927/560 3926/559 
f 3729/364 3930/563 3730/363 
f 3733/366 3930/563 3729/364 
f 3735/368 3930/563 3733/366 
f 3737/370 3930/563 3735/368 
f 3739/372 3930/563 3737/370 
f 3741/374 3930/563 3739/372 
f 3743/376 3930/563 3741/374 
f 3745/378 3930/563 3743/376 
f 3747/380 3930/563 3745/378 
f 3749/382 3930/563 3747/380 
f 3751/384 3930/563 3749/382 
f 3753/386 3930/563 3751/384 
f 3755/388 3930/563 3753/386 
f 3757/390 3930/563 3755/388 
f 3759/392 3930/563 3757/390 
f 3761/394 3930/563 3759/392 
f 3763/396 3930/563 3761/394 
f 3765/398 3930/563 3763/396 
f 3767/400 3930/563 3765/398 
f 3769/402 3930/563 3767/400 
f 3771/404 3930/563 3769/402 
f 3773/406 3930/563 3771/404 
f 3775/408 3930/563 3773/406 
f 3777/410 3930/563 3775/408 
f 3779/412 3930/563 3777/410 
f 3781/414 3930/563 3779/412 
f 3783/416 3930/563 3781/414 
f 3785/418 3930/563 3783/416 
f 3787/420 3930/563 3785/418 
f 3789/422 3930/563 3787/420 
f 3791/424 3930/563 3789/422 
f 3793/426 3930/563 3791/424 
f 3795/428 3930/563 3793/426 
f 3797/430 3930/563 3795/428 
f 3799/432 3930/563 3797/430 
f 3801/434 3930/563 3799/432 
f 3803/436 3930/563 3801/434 
f 3805/438 3930/563 3803/436 
f 3807/440 3930/563 3805/438 
f 3809/442 3930/563 3807/440 
f 3811/444 3930/563 3809/442 
f 3813/446 3930/563 3811/444 
f 3815/448 3930/563 3813/446 
f 3817/450 3930/563 3815/448 
f 3819/452 3930/563 3817/450 
f 3821/454 3930/563 3819/452 
f 3823/456 3930/563 3821/454 
f 3825/458 3930/563 3823/456 
f 3827/460 3930/563 3825/458 
f 3829/462 3930/563 3827/460 
f 3831/464 3930/563 3829/462 
f 3833/466 3930/563 3831/464 
f 3835/468 3930/563 3833/466 
f 3837/470 3930/563 3835/468 
f 3839/472 3930/563 3837/470 
f 3841/474 3930/563 3839/472 
f 3843/476 3930/563 3841/474 
f 3845/478 3930/563 3843/476 
f 3847/480 3930/563 3845/478 
f 3849/482 3930/563 3847/480 
f 3851/484 3930/563 3849/482 
f 3853/486 3930/563 3851/484 
f 3855/488 3930/563 3853/486 
f 3857/490 3930/563 3855/488 
f 3859/492 3930/563 3857/490 
f 3861/494 3930/563 3859/492 
f 3863/496 3930/563 3861/494 
f 3865/498 3930/563 3863/496 
f 3867/500 3930/563 3865/498 
f 3869/502 3930/563 3867/500 
f 3871/504 3930/563 3869/502 
f 3873/506 3930/563 3871/504 
f 3875/508 3930/563 3873/506 
f 3877/510 3930/563 3875/508 
f 3879/512 3930/563 3877/510 
f 3881/514 3930/563 3879/512 
f 3883/516 3930/563 3881/514 
f 3885/518 3930/563 3883/516 
f 3887/520 3930/563 3885/518 
f 3889/522 3930/563 3887/520 
f 3891/524 3930/563 3889/522 
f 3893/526 3930/563 3891/524 
f 3895/528 3930/563 3893/526 
f 3897/530 3930/563 3895/528 
f 3899/532 3930/563 3897/530 
f 3901/534 3930/563 3899/532 
f 3903/536 3930/563 3901/534 
f 3905/538 3930/563 3903/536 
f 3907/540 3930/563 3905/538 
f 3909/542 3930/563 3907/540 
f 3911/544 3930/563 3909/542 
f 3913/546 3930/563 3911/544 
f 3915/548 3930/563 3913/546 
f 3917/550 3930/563 3915/548 
f 3919/552 3930/563 3917/550 
f 3921/554 3930/563 3919/552 
f 3923/556 3930/563 3921/554 
f 3925/558 3930/563 3923/556 
f 3927/560 3930/563 3925/558 
f 3929/562 3930/563 3927/560 
f 3931/564 3932/567 3933/566 3934/565 
f 3934/565 3933/566 3935/569 3936/568 
f 3936/568 3935/569 3937/571 3938/570 
f 3938/570 3937/571 3939/573 3940/572 
f 3940/572 3939/573 3941/575 3942/574 
f 3942/574 3941/575 3943/577 3944/576 
f 3944/576 3943/577 3945/579 3946/578 
f 3946/578 3945/579 3947/581 3948/580 
f 3948/580 3947/581 3949/583 3950/582 
f 3950/582 3949/583 3951/585 3952/584 
f 3952/584 3951/585 3953/587 3954/586 
f 3954/586 3953/587 3955/589 3956/588 
f 3956/588 3955/589 3957/591 3958/590 
f 3958/590 3957/591 3959/593 3960/592 
f 3960/592 3959/593 3961/595 3962/594 
f 3962/594 3961/595 3963/597 3964/596 
f 3964/596 3963/597 3965/599 3966/598 
f 3966/598 3965/599 3967/601 3968/600 
f 3968/600 3967/601 3969/603 3970/602 
f 3970/602 3969/603 3971/605 3972/604 
f 3972/604 3971/605 3973/607 3974/606 
f 3974/606 3973/607 3975/609 3976/608 
f 3976/608 3975/609 3977/611 3978/610 
f 3978/610 3977/611 3979/613 3980/612 
f 3980/612 3979/613 3981/615 3982/614 
f 3982/614 3981/615 3983/617 3984/616 
f 3984/616 3983/617 3985/619 3986/618 
f 3986/618 3985/619 3987/621 3988/620 
f 3988/620 3987/621 3989/623 3990/622 
f 3990/622 3989/623 3991/625 3992/624 
f 3992/624 3991/625 3993/627 3994/626 
f 3994/626 3993/627 3995/629 3996/628 
f 3996/628 3995/629 3997/631 3998/630 
f 3998/630 3997/631 3999/633 4000/632 
f 4000/632 3999/633 4001/635 4002/634 
f 4002/634 4001/635 4003/637 4004/636 
f 4004/636 4003/637 4005/639 4006/638 
f 4006/638 4005/639 4007/641 4008/640 
f 4008/640 4007/641 4009/643 4010/642 
f 4010/642 4009/643 4011/645 4012/644 
f 4012/644 4011/645 4013/647 4014/646 
f 4014/646 4013/647 4015/649 4016/648 
f 4016/648 4015/649 4017/651 4018/650 
f 4018/650 4017/651 4019/653 4020/652 
f 4020/652 4019/653 4021/655 4022/654 
f 4022/654 4021/655 4023/657 4024/656 
f 4024/656 4023/657 4025/659 4026/658 
f 4026/658 4025/659 4027/661 4028/660 
f 4028/660 4027/661 4029/663 4030/662 
f 4030/662 4029/663 4031/665 4032/664 
f 4032/664 4031/665 4033/667 4034/666 
f 4034/666 4033/667 4035/669 4036/668 
f 4036/668 4035/669 4037/671 4038/670 
f 4038/670 4037/671 4039/673 4040/672 
f 4040/672 4039/673 4041/675 4042/674 
f 4042/674 4041/675 4043/677 4044/676 
f 4044/676 4043/677 4045/679 4046/678 
f 4046/678 4045/679 4047/681 4048/680 
f 4048/680 4047/681 4049/683 4050/682 
f 4050/682 4049/683 4051/685 4052/684 
f 4052/684 4051/685 4053/687 4054/686 
f 4054/686 4053/687 4055/689 4056/688 
f 4056/688 4055/689 4057/691 4058/690 
f 4058/690 4057/691 4059/693 4060/692 
f 4060/692 4059/693 4061/695 4062/694 
f 4062/694 4061/695 4063/697 4064/696 
f 4064/696 4063/697 4065/699 4066/698 
f 4066/698 4065/699 4067/701 4068/700 
f 4068/700 4067/701 4069/703 4070/702 
f 4070/702 4069/703 4071/705 4072/704 
f 4072/704 4071/705 4073/707 4074/706 
f 4074/706 4073/707 4075/709 4076/708 
f 4076/708 4075/709 4077/711 4078/710 
f 4078/710 4077/711 4079/713 4080/712 
f 4080/712 4079/713 4081/715 4082/714 
f 4082/714 4081/715 4083/717 4084/716 
f 4084/716 4083/717 4085/719 4086/718 
f 4086/718 4085/719 4087/721 4088/720 
f 4088/720 4087/721 4089/723 4090/722 
f 4090/722 4089/723 4091/725 4092/724 
f 4092/724 4091/725 4093/727 4094/726 
f 4094/726 4093/727 4095/729 4096/728 
f 4096/728 4095/729 4097/731 4098/730 
f 4098/730 4097/731 4099/733 4100/732 
f 4100/732 4099/733 4101/735 4102/734 
f 4102/734 4101/735 4103/737 4104/736 
f 4104/736 4103/737 4105/739 4106/738 
f 4106/738 4105/739 4107/741 4108/740 
f 4108/740 4107/741 4109/743 4110/742 
f 4110/742 4109/743 4111/745 4112/744 
f 4112/744 4111/745 4113/747 4114/746 
f 4114/746 4113/747 4115/749 4116/748 
f 4116/748 4115/749 4117/751 4118/750 
f 4118/750 4117/751 4119/753 4120/752 
f 4120/752 4119/753 4121/755 4122/754 
f 4122/754 4121/755 4123/757 4124/756 
f 4124/756 4123/757 4125/759 4126/758 
f 4126/758 4125/759 4127/761 4128/760 
f 4128/760 4127/761 4129/763 4130/762 
f 4130/762 4129/763 4131/765 4132/764 
f 3932/567 4133/766 3933/566 
f 3933/566 4133/766 3935/569 
f 3935/569 4133/766 3937/571 
f 3937/571 4133/766 3939/573 
f 3939/573 4133/766 3941/575 
f 3941/575 4133/766 3943/577 
f 3943/577 4133/766 3945/579 
f 3945/579 4133/766 3947/581 
f 3947/581 4133/766 3949/583 
f 3949/583 4133/766 3951/585 
f 3951/585 4133/766 3953/587 
f 3953/587 4133/766 3955/589 
f 3955/589 4133/766 3957/591 
f 3957/591 4133/766 3959/593 
f 3959/593 4133/766 3961/595 
f 3961/595 4133/766 3963/597 
f 3963/597 4133/766 3965/599 
f 3965/599 4133/766 3967/601 
f 3967/601 4133/766 3969/603 
f 3969/603 4133/766 3971/605 
f 3971/605 4133/766 3973/607 
f 3973/607 4133/766 3975/609 
f 3975/609 4133/766 3977/611 
f 3977/611 4133/766 3979/613 
f 3979/613 4133/766 3981/615 
f 3981/615 4133/766 3983/617 
f 3983/617 4133/766 3985/619 
f 3985/619 4133/766 3987/621 
f 3987/621 4133/766 3989/623 
f 3989/623 4133/766 3991/625 
f 3991/625 4133/766 3993/627 
f 3993/627 4133/766 3995/629 
f 3995/629 4133/766 3997/631 
f 3997/631 4133/766 3999/633 
f 3999/633 4133/766 4001/635 
f 4001/635 4133/766 4003/637 
f 4003/637 4133/766 4005/639 
f 4005/639 4133/766 4007/641 
f 4007/641 4133/766 4009/643 
f 4009/643 4133/766 4011/645 
f 4011/645 4133/766 4013/647 
f 4013/647 4133/766 4015/649 
f 4015/649 4133/766 4017/651 
f 4017/651 4133/766 4019/653 
f 4019/653 4133/766 4021/655 
f 4021/655 4133/766 4023/657 
f 4023/657 4133/766 4025/659 
f 4025/659 4133/766 4027/661 
f 4027/661 4133/766 4029/663 
f 4029/663 4133/766 4031/665 
f 4031/665 4133/766 4033/667 
f 4033/667 4133/766 4035/669 
f 4035/669 4133/766 4037/671 
f 4037/671 4133/766 4039/673 
f 4039/673 4133/766 4041/675 
f 4041/675 4133/766 4043/677 
f 4043/677 4133/766 4045/679 
f 4045/679 4133/766 4047/681 
f 4047/681 4133/766 4049/683 
f 4049/683 4133/766 4051/685 
f 4051/685 4133/766 4053/687 
f 4053/687 4133/766 4055/689 
f 4055/689 4133/766 4057/691 
f 4057/691 4133/766 4059/693 
f 4059/693 4133/766 4061/695 
f 4061/695 4133/766 4063/697 
f 4063/697 4133/766 4065/699 
f 4065/699 4133/766 4067/701 
f 4067/701 4133/766 4069/703 
f 4069/703 4133/766 4071/705 
f 4071/705 4133/766 4073/707 
f 4073/707 4133/766 4075/709 
f 4075/709 4133/766 4077/711 
f 4077/711 4133/766 4079/713 
f 4079/713 4133/766 4081/715 
f 4081/715 4133/766 4083/717 
f 4083/717 4133/766 4085/719 
f 4085/719 4133/766 4087/721 
f 4087/721 4133/766 4089/723 
f 4089/723 4133/766 4091/725 
f 4091/725 4133/766 4093/727 
f 4093/727 4133/766 4095/729 
f 4095/729 4133/766 4097/731 
f 4097/731 4133/766 4099/733 
f 4099/733 4133/766 4101/735 
f 4101/735 4133/766 4103/737 
f 4103/737 4133/766 4105/739 
f 4105/739 4133/766 4107/741 
f 4107/741 4133/766 4109/743 
f 4109/743 4133/766 4111/745 
f 4111/745 4133/766 4113/747 
f 4113/747 4133/766 4115/749 
f 4115/749 4133/766 4117/751 
f 4117/751 4133/766 4119/753 
f 4119/753 4133/766 4121/755 
f 4121/755 4133/766 4123/757 
f 4123/757 4133/766 4125/759 
f 4125/759 4133/766 4127/761 
f 4127/761 4133/766 4129/763 
f 4129/763 4133/766 4131/765 
f 4134/767 4135/562 4136/769 4137/768 
f 4138/770 4139/563 4135/562 4134/767 
f 4140/771 4141/363 4139/563 4138/770 
f 4142/772 4143/773 4141/363 4140/771 
f 4144/774 4145/774 4146/162 3527/162 3526/159 
f 3931/775 4147/775 4148/567 3932/567 
f 3932/567 4148/567 4149/766 4133/766 
f 4133/766 4149/766 4150/765 4131/765 
f 4131/765 4150/765 4151/776 4132/776 
f 3726/360 4152/360 4153/777 4154/777 3727/359 
f 4155/777 4156/777 4157/769 4158/562 4159/562 4160/769 
f 4159/562 4158/562 4161/563 4162/563 
f 4162/563 4161/563 4163/363 4164/363 
f 4164/363 4163/363 4165/773 4166/774 4167/774 4168/773 
f 3730/363 4164/363 4168/773 3731/773 
f 4144/774 4167/774 4166/774 4145/774 
f 4143/773 4165/773 4163/363 4141/363 
f 4141/363 4163/363 4161/563 4139/563 
f 4139/563 4161/563 4158/562 4135/562 
f 4135/562 4158/562 4157/769 4136/769 
f 4153/777 4156/777 4155/777 4154/777 
f 3928/769 4160/769 4159/562 3929/562 
f 3929/562 4159/562 4162/563 3930/563 
f 3930/563 4162/563 4164/363 3730/363 
f 3526/159 3731/773 4144/774 
f 3928/769 3727/359 4154/777 
f 4147/775 4146/162 4142/772 
f 4152/360 4151/776 4137/768 
f 3526/778 3529/779 3728/361 3731/362 
f 3528/780 3527/781 3931/564 3934/565 
f 3529/782 3531/783 3732/365 3728/361 
f 3530/784 3528/785 3934/565 3936/568 
f 3531/786 3533/787 3734/367 3732/365 
f 3532/788 3530/784 3936/568 3938/570 
f 3533/789 3535/790 3736/369 3734/367 
f 3534/791 3532/788 3938/570 3940/572 
f 3535/792 3537/793 3738/371 3736/369 
f 3536/794 3534/791 3940/572 3942/574 
f 3537/795 3539/796 3740/373 3738/371 
f 3538/797 3536/794 3942/574 3944/576 
f 3539/798 3541/799 3742/375 3740/373 
f 3540/800 3538/797 3944/576 3946/578 
f 3541/801 3543/802 3744/377 3742/375 
f 3542/803 3540/800 3946/578 3948/580 
f 3543/804 3545/805 3746/379 3744/377 
f 3544/806 3542/803 3948/580 3950/582 
f 3545/807 3547/808 3748/381 3746/379 
f 3546/809 3544/806 3950/582 3952/584 
f 3547/810 3549/811 3750/383 3748/381 
f 3548/812 3546/809 3952/584 3954/586 
f 3549/813 3551/814 3752/385 3750/383 
f 3550/815 3548/812 3954/586 3956/588 
f 3551/816 3553/817 3754/387 3752/385 
f 3552/818 3550/815 3956/588 3958/590 
f 3553/819 3555/820 3756/389 3754/387 
f 3554/821 3552/818 3958/590 3960/592 
f 3555/822 3557/823 3758/391 3756/389 
f 3556/824 3554/821 3960/592 3962/594 
f 3557/825 3559/826 3760/393 3758/391 
f 3558/827 3556/824 3962/594 3964/596 
f 3559/828 3561/829 3762/395 3760/393 
f 3560/830 3558/831 3964/596 3966/598 
f 3561/832 3563/833 3764/397 3762/395 
f 3562/834 3560/830 3966/598 3968/600 
f 3563/835 3565/836 3766/399 3764/397 
f 3564/837 3562/834 3968/600 3970/602 
f 3565/838 3567/839 3768/401 3766/399 
f 3566/840 3564/837 3970/602 3972/604 
f 3567/841 3569/842 3770/403 3768/401 
f 3568/843 3566/840 3972/604 3974/606 
f 3569/844 3571/845 3772/405 3770/403 
f 3570/846 3568/843 3974/606 3976/608 
f 3571/847 3573/848 3774/407 3772/405 
f 3572/849 3570/846 3976/608 3978/610 
f 3573/850 3575/851 3776/409 3774/407 
f 3574/852 3572/849 3978/610 3980/612 
f 3575/853 3577/854 3778/411 3776/409 
f 3576/855 3574/856 3980/612 3982/614 
f 3577/857 3579/858 3780/413 3778/411 
f 3578/859 3576/855 3982/614 3984/616 
f 3579/860 3581/861 3782/415 3780/413 
f 3580/862 3578/863 3984/616 3986/618 
f 3581/864 3583/865 3784/417 3782/415 
f 3582/866 3580/862 3986/618 3988/620 
f 3583/867 3585/868 3786/419 3784/417 
f 3584/869 3582/866 3988/620 3990/622 
f 3585/870 3587/871 3788/421 3786/419 
f 3586/872 3584/869 3990/622 3992/624 
f 3587/873 3589/874 3790/423 3788/421 
f 3588/875 3586/872 3992/624 3994/626 
f 3589/876 3591/877 3792/425 3790/423 
f 3590/878 3588/875 3994/626 3996/628 
f 3591/879 3593/880 3794/427 3792/425 
f 3592/881 3590/878 3996/628 3998/630 
f 3593/882 3595/883 3796/429 3794/427 
f 3594/884 3592/881 3998/630 4000/632 
f 3595/885 3597/886 3798/431 3796/429 
f 3596/887 3594/884 4000/632 4002/634 
f 3597/888 3599/889 3800/433 3798/431 
f 3598/890 3596/887 4002/634 4004/636 
f 3599/891 3601/892 3802/435 3800/433 
f 3600/893 3598/890 4004/636 4006/638 
f 3601/894 3603/895 3804/437 3802/435 
f 3602/896 3600/893 4006/638 4008/640 
f 3603/897 3605/898 3806/439 3804/437 
f 3604/899 3602/896 4008/640 4010/642 
f 3605/900 3607/901 3808/441 3806/439 
f 3606/902 3604/899 4010/642 4012/644 
f 3607/903 3609/904 3810/443 3808/441 
f 3608/905 3606/902 4012/644 4014/646 
f 3609/906 3611/907 3812/445 3810/443 
f 3610/908 3608/905 4014/646 4016/648 
f 3611/909 3613/910 3814/447 3812/445 
f 3612/911 3610/908 4016/648 4018/650 
f 3613/912 3615/913 3816/449 3814/447 
f 3614/914 3612/911 4018/650 4020/652 
f 3615/915 3617/916 3818/451 3816/449 
f 3616/917 3614/914 4020/652 4022/654 
f 3617/918 3619/919 3820/453 3818/451 
f 3618/920 3616/917 4022/654 4024/656 
f 3619/921 3621/922 3822/455 3820/453 
f 3620/923 3618/920 4024/656 4026/658 
f 3621/924 3623/925 3824/457 3822/455 
f 3622/926 3620/923 4026/658 4028/660 
f 3623/927 3625/928 3826/459 3824/457 
f 3624/929 3622/926 4028/660 4030/662 
f 3625/930 3627/931 3828/461 3826/459 
f 3626/932 3624/929 4030/662 4032/664 
f 3627/933 3629/934 3830/463 3828/461 
f 3628/935 3626/932 4032/664 4034/666 
f 3629/936 3631/937 3832/465 3830/463 
f 3630/938 3628/935 4034/666 4036/668 
f 3631/939 3633/940 3834/467 3832/465 
f 3632/941 3630/938 4036/668 4038/670 
f 3633/942 3635/943 3836/469 3834/467 
f 3634/944 3632/941 4038/670 4040/672 
f 3635/945 3637/946 3838/471 3836/469 
f 3636/947 3634/944 4040/672 4042/674 
f 3637/948 3639/949 3840/473 3838/471 
f 3638/950 3636/947 4042/674 4044/676 
f 3639/951 3641/952 3842/475 3840/473 
f 3640/953 3638/950 4044/676 4046/678 
f 3641/954 3643/955 3844/477 3842/475 
f 3642/956 3640/953 4046/678 4048/680 
f 3643/957 3645/958 3846/479 3844/477 
f 3644/959 3642/956 4048/680 4050/682 
f 3645/960 3647/961 3848/481 3846/479 
f 3646/962 3644/959 4050/682 4052/684 
f 3647/963 3649/964 3850/483 3848/481 
f 3648/965 3646/962 4052/684 4054/686 
f 3649/966 3651/967 3852/485 3850/483 
f 3650/968 3648/965 4054/686 4056/688 
f 3651/969 3653/970 3854/487 3852/485 
f 3652/971 3650/968 4056/688 4058/690 
f 3653/972 3655/973 3856/489 3854/487 
f 3654/974 3652/971 4058/690 4060/692 
f 3655/975 3657/976 3858/491 3856/489 
f 3656/977 3654/974 4060/692 4062/694 
f 3657/978 3659/979 3860/493 3858/491 
f 3658/980 3656/977 4062/694 4064/696 
f 3659/981 3661/982 3862/495 3860/493 
f 3660/983 3658/984 4064/696 4066/698 
f 3661/985 3663/986 3864/497 3862/495 
f 3662/987 3660/983 4066/698 4068/700 
f 3663/988 3665/989 3866/499 3864/497 
f 3664/990 3662/987 4068/700 4070/702 
f 3665/991 3667/992 3868/501 3866/499 
f 3666/993 3664/990 4070/702 4072/704 
f 3667/994 3669/995 3870/503 3868/501 
f 3668/996 3666/993 4072/704 4074/706 
f 3669/997 3671/998 3872/505 3870/503 
f 3670/999 3668/996 4074/706 4076/708 
f 3671/1000 3673/1001 3874/507 3872/505 
f 3672/1002 3670/999 4076/708 4078/710 
f 3673/1003 3675/1004 3876/509 3874/507 
f 3674/1005 3672/1002 4078/710 4080/712 
f 3675/1006 3677/1007 3878/511 3876/509 
f 3676/1008 3674/1009 4080/712 4082/714 
f 3677/1010 3679/1011 3880/513 3878/511 
f 3678/1012 3676/1008 4082/714 4084/716 
f 3679/1013 3681/1014 3882/515 3880/513 
f 3680/1015 3678/1016 4084/716 4086/718 
f 3681/1017 3683/1018 3884/517 3882/515 
f 3682/1019 3680/1015 4086/718 4088/720 
f 3683/1020 3685/1021 3886/519 3884/517 
f 3684/1022 3682/1019 4088/720 4090/722 
f 3685/1023 3687/1024 3888/521 3886/519 
f 3686/1025 3684/1022 4090/722 4092/724 
f 3687/1026 3689/1027 3890/523 3888/521 
f 3688/1028 3686/1025 4092/724 4094/726 
f 3689/1029 3691/1030 3892/525 3890/523 
f 3690/1031 3688/1028 4094/726 4096/728 
f 3691/1032 3693/1033 3894/527 3892/525 
f 3692/1034 3690/1031 4096/728 4098/730 
f 3693/1035 3695/1036 3896/529 3894/527 
f 3694/1037 3692/1034 4098/730 4100/732 
f 3695/1038 3697/1039 3898/531 3896/529 
f 3696/1040 3694/1037 4100/732 4102/734 
f 3697/1041 3699/1042 3900/533 3898/531 
f 3698/1043 3696/1040 4102/734 4104/736 
f 3699/1044 3701/1045 3902/535 3900/533 
f 3700/1046 3698/1043 4104/736 4106/738 
f 3701/1047 3703/1048 3904/537 3902/535 
f 3702/1049 3700/1046 4106/738 4108/740 
f 3703/1050 3705/1051 3906/539 3904/537 
f 3704/1052 3702/1049 4108/740 4110/742 
f 3705/1053 3707/1054 3908/541 3906/539 
f 3706/1055 3704/1052 4110/742 4112/744 
f 3707/1056 3709/1057 3910/543 3908/541 
f 3708/1058 3706/1055 4112/744 4114/746 
f 3709/1059 3711/1060 3912/545 3910/543 
f 3710/1061 3708/1058 4114/746 4116/748 
f 3711/1062 3713/1063 3914/547 3912/545 
f 3712/1064 3710/1061 4116/748 4118/750 
f 3713/1065 3715/1066 3916/549 3914/547 
f 3714/1067 3712/1064 4118/750 4120/752 
f 3715/1068 3717/1069 3918/551 3916/549 
f 3716/1070 3714/1067 4120/752 4122/754 
f 3717/1071 3719/1072 3920/553 3918/551 
f 3718/1073 3716/1070 4122/754 4124/756 
f 3719/1074 3721/1075 3922/555 3920/553 
f 3720/1076 3718/1073 4124/756 4126/758 
f 3721/1077 3723/1078 3924/557 3922/555 
f 3722/1079 3720/1076 4126/758 4128/760 
f 3723/1080 3725/1081 3926/559 3924/557 
f 3724/1082 3722/1079 4128/760 4130/762 
f 3725/1083 3727/1084 3928/561 3926/559 
f 3726/1085 3724/1086 4130/762 4132/764 
f 4143/773 4142/772 4146/162 4145/774 
f 4142/772 4140/771 4148/567 4147/775 
f 4140/771 4138/770 4149/766 4148/567 
f 4138/770 4134/767 4150/765 4149/766 
f 4134/767 4137/768 4151/776 4150/765 
f 4137/768 4136/769 4153/777 4152/360 
f 3527/162 4146/162 4147/775 3931/775 
f 4132/776 4151/776 4152/360 3726/360 
f 3731/773 4168/773 4167/774 4144/774 
f 4145/774 4166/774 4165/773 4143/773 
f 4136/769 4157/769 4156/777 4153/777 
f 4154/777 4155/777 4160/769 3928/769 
# 3350 polygons - 1352 triangles

