# 3ds Max Wavefront OBJ Exporter v0.99 - (c)2007 guruware
# File Created: 04.06.2025 17:13:37

mtllib Floor-lamp-099.mtl

#
# object Floor_lamp_099
#

v  16.92 0.70 -1.67
v  16.98 0.70 -0.83
v  17.00 0.70 0.00
v  16.98 0.70 0.83
v  16.92 0.70 1.67
v  16.82 0.70 2.49
v  16.67 0.70 3.32
v  16.49 0.70 4.13
v  16.27 0.70 4.93
v  16.01 0.70 5.73
v  15.71 0.70 6.51
v  15.37 0.70 7.27
v  14.99 0.70 8.01
v  14.58 0.70 8.74
v  14.13 0.70 9.44
v  13.65 0.70 10.13
v  13.14 0.70 10.78
v  12.60 0.70 11.42
v  12.02 0.70 12.02
v  11.42 0.70 12.60
v  10.78 0.70 13.14
v  10.13 0.70 13.65
v  9.44 0.70 14.14
v  8.74 0.70 14.58
v  8.01 0.70 14.99
v  7.27 0.70 15.37
v  6.51 0.70 15.71
v  5.73 0.70 16.01
v  4.93 0.70 16.27
v  4.13 0.70 16.49
v  3.32 0.70 16.67
v  2.49 0.70 16.82
v  1.67 0.70 16.92
v  0.83 0.70 16.98
v  -0.00 0.70 17.00
v  -0.83 0.70 16.98
v  -1.67 0.70 16.92
v  -2.49 0.70 16.82
v  -3.32 0.70 16.67
v  -4.13 0.70 16.49
v  -4.93 0.70 16.27
v  -5.73 0.70 16.01
v  -6.51 0.70 15.71
v  -7.27 0.70 15.37
v  -8.01 0.70 14.99
v  -8.74 0.70 14.58
v  -9.44 0.70 14.14
v  -10.13 0.70 13.65
v  -10.78 0.70 13.14
v  -11.42 0.70 12.60
v  -12.02 0.70 12.02
v  -12.60 0.70 11.42
v  -13.14 0.70 10.78
v  -13.65 0.70 10.13
v  -14.14 0.70 9.44
v  -14.58 0.70 8.74
v  -14.99 0.70 8.01
v  -15.37 0.70 7.27
v  -15.71 0.70 6.51
v  -16.01 0.70 5.73
v  -16.27 0.70 4.93
v  -16.49 0.70 4.13
v  -16.67 0.70 3.32
v  -16.82 0.70 2.49
v  -16.92 0.70 1.67
v  -16.98 0.70 0.83
v  -17.00 0.70 0.00
v  -16.98 0.70 -0.83
v  -16.92 0.70 -1.67
v  -16.82 0.70 -2.49
v  -16.67 0.70 -3.32
v  -16.49 0.70 -4.13
v  -16.27 0.70 -4.93
v  -16.01 0.70 -5.73
v  -15.71 0.70 -6.51
v  -15.37 0.70 -7.27
v  -14.99 0.70 -8.01
v  -14.58 0.70 -8.74
v  -14.13 0.70 -9.44
v  -13.65 0.70 -10.13
v  -13.14 0.70 -10.78
v  -12.60 0.70 -11.42
v  -12.02 0.70 -12.02
v  -11.42 0.70 -12.60
v  -10.78 0.70 -13.14
v  -10.13 0.70 -13.65
v  -9.44 0.70 -14.13
v  -8.74 0.70 -14.58
v  -8.01 0.70 -14.99
v  -7.27 0.70 -15.37
v  -6.51 0.70 -15.71
v  -5.73 0.70 -16.01
v  -4.93 0.70 -16.27
v  -4.13 0.70 -16.49
v  -3.32 0.70 -16.67
v  -2.49 0.70 -16.82
v  -1.67 0.70 -16.92
v  -0.83 0.70 -16.98
v  -0.00 0.70 -17.00
v  0.83 0.70 -16.98
v  1.67 0.70 -16.92
v  2.49 0.70 -16.82
v  3.32 0.70 -16.67
v  4.13 0.70 -16.49
v  4.93 0.70 -16.27
v  5.73 0.70 -16.01
v  6.51 0.70 -15.71
v  7.27 0.70 -15.37
v  8.01 0.70 -14.99
v  8.74 0.70 -14.58
v  9.44 0.70 -14.13
v  10.13 0.70 -13.65
v  10.78 0.70 -13.14
v  11.42 0.70 -12.60
v  12.02 0.70 -12.02
v  12.60 0.70 -11.42
v  13.14 0.70 -10.78
v  13.65 0.70 -10.13
v  14.13 0.70 -9.44
v  14.58 0.70 -8.74
v  14.99 0.70 -8.01
v  15.37 0.70 -7.27
v  15.71 0.70 -6.51
v  16.01 0.70 -5.73
v  16.27 0.70 -4.93
v  16.49 0.70 -4.13
v  16.67 0.70 -3.32
v  16.82 0.70 -2.49
v  16.98 1.90 -0.83
v  17.00 1.90 0.00
v  16.92 1.90 -1.67
v  16.82 1.90 -2.49
v  16.67 1.90 -3.32
v  16.49 1.90 -4.13
v  16.27 1.90 -4.93
v  16.01 1.90 -5.73
v  15.71 1.90 -6.51
v  15.37 1.90 -7.27
v  14.99 1.90 -8.01
v  14.58 1.90 -8.74
v  14.13 1.90 -9.44
v  13.65 1.90 -10.13
v  13.14 1.90 -10.78
v  12.60 1.90 -11.42
v  12.02 1.90 -12.02
v  11.42 1.90 -12.60
v  10.78 1.90 -13.14
v  10.13 1.90 -13.65
v  9.44 1.90 -14.13
v  8.74 1.90 -14.58
v  8.01 1.90 -14.99
v  7.27 1.90 -15.37
v  6.51 1.90 -15.71
v  5.73 1.90 -16.01
v  4.93 1.90 -16.27
v  4.13 1.90 -16.49
v  3.32 1.90 -16.67
v  2.49 1.90 -16.82
v  1.67 1.90 -16.92
v  0.83 1.90 -16.98
v  -0.00 1.90 -17.00
v  -0.83 1.90 -16.98
v  -1.67 1.90 -16.92
v  -2.49 1.90 -16.82
v  -3.32 1.90 -16.67
v  -4.13 1.90 -16.49
v  -4.93 1.90 -16.27
v  -5.73 1.90 -16.01
v  -6.51 1.90 -15.71
v  -7.27 1.90 -15.37
v  -8.01 1.90 -14.99
v  -8.74 1.90 -14.58
v  -9.44 1.90 -14.13
v  -10.13 1.90 -13.65
v  -10.78 1.90 -13.14
v  -11.42 1.90 -12.60
v  -12.02 1.90 -12.02
v  -12.60 1.90 -11.42
v  -13.14 1.90 -10.78
v  -13.65 1.90 -10.13
v  -14.13 1.90 -9.44
v  -14.58 1.90 -8.74
v  -14.99 1.90 -8.01
v  -15.37 1.90 -7.27
v  -15.71 1.90 -6.51
v  -16.01 1.90 -5.73
v  -16.27 1.90 -4.93
v  -16.49 1.90 -4.13
v  -16.67 1.90 -3.32
v  -16.82 1.90 -2.49
v  -16.92 1.90 -1.67
v  -16.98 1.90 -0.83
v  -17.00 1.90 0.00
v  -16.98 1.90 0.83
v  -16.92 1.90 1.67
v  -16.82 1.90 2.49
v  -16.67 1.90 3.32
v  -16.49 1.90 4.13
v  -16.27 1.90 4.93
v  -16.01 1.90 5.73
v  -15.71 1.90 6.51
v  -15.37 1.90 7.27
v  -14.99 1.90 8.01
v  -14.58 1.90 8.74
v  -14.14 1.90 9.44
v  -13.65 1.90 10.13
v  -13.14 1.90 10.78
v  -12.60 1.90 11.42
v  -12.02 1.90 12.02
v  -11.42 1.90 12.60
v  -10.78 1.90 13.14
v  -10.13 1.90 13.65
v  -9.44 1.90 14.14
v  -8.74 1.90 14.58
v  -8.01 1.90 14.99
v  -7.27 1.90 15.37
v  -6.51 1.90 15.71
v  -5.73 1.90 16.01
v  -4.93 1.90 16.27
v  -4.13 1.90 16.49
v  -3.32 1.90 16.67
v  -2.49 1.90 16.82
v  -1.67 1.90 16.92
v  -0.83 1.90 16.98
v  -0.00 1.90 17.00
v  0.83 1.90 16.98
v  1.67 1.90 16.92
v  2.49 1.90 16.82
v  3.32 1.90 16.67
v  4.13 1.90 16.49
v  4.93 1.90 16.27
v  5.73 1.90 16.01
v  6.51 1.90 15.71
v  7.27 1.90 15.37
v  8.01 1.90 14.99
v  8.74 1.90 14.58
v  9.44 1.90 14.14
v  10.13 1.90 13.65
v  10.78 1.90 13.14
v  11.42 1.90 12.60
v  12.02 1.90 12.02
v  12.60 1.90 11.42
v  13.14 1.90 10.78
v  13.65 1.90 10.13
v  14.13 1.90 9.44
v  14.58 1.90 8.74
v  14.99 1.90 8.01
v  15.37 1.90 7.27
v  15.71 1.90 6.51
v  16.01 1.90 5.73
v  16.27 1.90 4.93
v  16.49 1.90 4.13
v  16.67 1.90 3.32
v  16.82 1.90 2.49
v  16.92 1.90 1.67
v  16.98 1.90 0.83
v  1.23 0.70 -15.24
v  1.25 0.70 -15.00
v  1.25 0.20 -15.00
v  1.23 0.20 -15.24
v  1.15 0.70 -15.48
v  1.15 0.20 -15.48
v  1.04 0.70 -15.69
v  1.04 0.20 -15.69
v  0.88 0.70 -15.88
v  0.88 0.20 -15.88
v  0.69 0.70 -16.04
v  0.69 0.20 -16.04
v  0.48 0.70 -16.15
v  0.48 0.20 -16.15
v  0.24 0.70 -16.23
v  0.24 0.20 -16.23
v  0.00 0.70 -16.25
v  0.00 0.20 -16.25
v  -0.24 0.70 -16.23
v  -0.24 0.20 -16.23
v  -0.48 0.70 -16.15
v  -0.48 0.20 -16.15
v  -0.69 0.70 -16.04
v  -0.69 0.20 -16.04
v  -0.88 0.70 -15.88
v  -0.88 0.20 -15.88
v  -1.04 0.70 -15.69
v  -1.04 0.20 -15.69
v  -1.15 0.70 -15.48
v  -1.15 0.20 -15.48
v  -1.23 0.70 -15.24
v  -1.23 0.20 -15.24
v  -1.25 0.70 -15.00
v  -1.25 0.20 -15.00
v  -1.23 0.70 -14.76
v  -1.23 0.20 -14.76
v  -1.15 0.70 -14.52
v  -1.15 0.20 -14.52
v  -1.04 0.70 -14.31
v  -1.04 0.20 -14.31
v  -0.88 0.70 -14.12
v  -0.88 0.20 -14.12
v  -0.69 0.70 -13.96
v  -0.69 0.20 -13.96
v  -0.48 0.70 -13.85
v  -0.48 0.20 -13.85
v  -0.24 0.70 -13.77
v  -0.24 0.20 -13.77
v  0.00 0.70 -13.75
v  0.00 0.20 -13.75
v  0.24 0.70 -13.77
v  0.24 0.20 -13.77
v  0.48 0.70 -13.85
v  0.48 0.20 -13.85
v  0.69 0.70 -13.96
v  0.69 0.20 -13.96
v  0.88 0.70 -14.12
v  0.88 0.20 -14.12
v  1.04 0.70 -14.31
v  1.04 0.20 -14.31
v  1.15 0.70 -14.52
v  1.15 0.20 -14.52
v  1.23 0.70 -14.76
v  1.23 0.20 -14.76
v  0.97 0.00 -15.40
v  1.03 0.00 -15.20
v  1.05 0.00 -15.00
v  1.03 0.00 -14.80
v  0.97 0.00 -14.60
v  0.87 0.00 -14.42
v  0.74 0.00 -14.26
v  0.58 0.00 -14.13
v  0.40 0.00 -14.03
v  0.20 0.00 -13.97
v  0.00 0.00 -13.95
v  -0.20 0.00 -13.97
v  -0.40 0.00 -14.03
v  -0.58 0.00 -14.13
v  -0.74 0.00 -14.26
v  -0.87 0.00 -14.42
v  -0.97 0.00 -14.60
v  -1.03 0.00 -14.80
v  -1.05 0.00 -15.00
v  -1.03 0.00 -15.20
v  -0.97 0.00 -15.40
v  -0.87 0.00 -15.58
v  -0.74 0.00 -15.74
v  -0.58 0.00 -15.87
v  -0.40 0.00 -15.97
v  -0.20 0.00 -16.03
v  0.00 0.00 -16.05
v  0.20 0.00 -16.03
v  0.40 0.00 -15.97
v  0.58 0.00 -15.87
v  0.74 0.00 -15.74
v  0.87 0.00 -15.58
v  1.23 0.09 -15.00
v  1.20 0.09 -15.24
v  1.13 0.09 -15.47
v  1.02 0.09 -15.68
v  0.87 0.09 -15.87
v  0.68 0.09 -16.02
v  0.47 0.09 -16.13
v  0.24 0.09 -16.20
v  0.00 0.09 -16.23
v  -0.24 0.09 -16.20
v  -0.47 0.09 -16.13
v  -0.68 0.09 -16.02
v  -0.87 0.09 -15.87
v  -1.02 0.09 -15.68
v  -1.13 0.09 -15.47
v  -1.20 0.09 -15.24
v  -1.23 0.09 -15.00
v  -1.20 0.09 -14.76
v  -1.13 0.09 -14.53
v  -1.02 0.09 -14.32
v  -0.87 0.09 -14.13
v  -0.68 0.09 -13.98
v  -0.47 0.09 -13.87
v  -0.24 0.09 -13.80
v  0.00 0.09 -13.77
v  0.24 0.09 -13.80
v  0.47 0.09 -13.87
v  0.68 0.09 -13.98
v  0.87 0.09 -14.13
v  1.02 0.09 -14.32
v  1.13 0.09 -14.53
v  1.20 0.09 -14.76
v  1.16 0.02 -15.00
v  1.14 0.02 -15.23
v  1.07 0.02 -15.44
v  0.97 0.02 -15.64
v  0.82 0.02 -15.82
v  0.64 0.02 -15.96
v  0.44 0.02 -16.07
v  0.23 0.02 -16.14
v  0.00 0.02 -16.16
v  -0.23 0.02 -16.14
v  -0.44 0.02 -16.07
v  -0.64 0.02 -15.96
v  -0.82 0.02 -15.82
v  -0.97 0.02 -15.64
v  -1.07 0.02 -15.44
v  -1.14 0.02 -15.23
v  -1.16 0.02 -15.00
v  -1.14 0.02 -14.77
v  -1.07 0.02 -14.56
v  -0.97 0.02 -14.36
v  -0.82 0.02 -14.18
v  -0.64 0.02 -14.03
v  -0.44 0.02 -13.93
v  -0.23 0.02 -13.86
v  0.00 0.02 -13.84
v  0.23 0.02 -13.86
v  0.44 0.02 -13.93
v  0.64 0.02 -14.03
v  0.82 0.02 -14.18
v  0.97 0.02 -14.36
v  1.07 0.02 -14.56
v  1.14 0.02 -14.77
v  -14.12 0.70 -5.88
v  -13.88 0.70 -5.82
v  -13.88 0.20 -5.82
v  -14.12 0.20 -5.88
v  -14.36 0.70 -5.88
v  -14.36 0.20 -5.88
v  -14.61 0.70 -5.84
v  -14.61 0.20 -5.84
v  -14.83 0.70 -5.75
v  -14.83 0.20 -5.75
v  -15.04 0.70 -5.62
v  -15.04 0.20 -5.62
v  -15.22 0.70 -5.45
v  -15.22 0.20 -5.45
v  -15.36 0.70 -5.25
v  -15.36 0.20 -5.25
v  -15.45 0.70 -5.02
v  -15.45 0.20 -5.02
v  -15.51 0.70 -4.78
v  -15.51 0.20 -4.78
v  -15.51 0.70 -4.54
v  -15.51 0.20 -4.54
v  -15.47 0.70 -4.30
v  -15.47 0.20 -4.30
v  -15.38 0.70 -4.07
v  -15.38 0.20 -4.07
v  -15.25 0.70 -3.86
v  -15.25 0.20 -3.86
v  -15.08 0.70 -3.68
v  -15.08 0.20 -3.68
v  -14.88 0.70 -3.54
v  -14.88 0.20 -3.54
v  -14.65 0.70 -3.45
v  -14.65 0.20 -3.45
v  -14.41 0.70 -3.39
v  -14.41 0.20 -3.39
v  -14.17 0.70 -3.39
v  -14.17 0.20 -3.39
v  -13.93 0.70 -3.43
v  -13.93 0.20 -3.43
v  -13.70 0.70 -3.52
v  -13.70 0.20 -3.52
v  -13.49 0.70 -3.65
v  -13.49 0.20 -3.65
v  -13.32 0.70 -3.82
v  -13.32 0.20 -3.82
v  -13.18 0.70 -4.02
v  -13.18 0.20 -4.02
v  -13.08 0.70 -4.25
v  -13.08 0.20 -4.25
v  -13.02 0.70 -4.49
v  -13.02 0.20 -4.49
v  -13.02 0.70 -4.73
v  -13.02 0.20 -4.73
v  -13.06 0.70 -4.97
v  -13.06 0.20 -4.97
v  -13.15 0.70 -5.20
v  -13.15 0.20 -5.20
v  -13.28 0.70 -5.41
v  -13.28 0.20 -5.41
v  -13.45 0.70 -5.59
v  -13.45 0.20 -5.59
v  -13.66 0.70 -5.73
v  -13.66 0.20 -5.73
v  -14.35 0.00 -5.68
v  -14.14 0.00 -5.68
v  -13.94 0.00 -5.63
v  -13.75 0.00 -5.55
v  -13.58 0.00 -5.43
v  -13.44 0.00 -5.28
v  -13.33 0.00 -5.11
v  -13.26 0.00 -4.92
v  -13.22 0.00 -4.72
v  -13.22 0.00 -4.51
v  -13.27 0.00 -4.31
v  -13.35 0.00 -4.12
v  -13.47 0.00 -3.95
v  -13.62 0.00 -3.81
v  -13.79 0.00 -3.70
v  -13.98 0.00 -3.63
v  -14.18 0.00 -3.59
v  -14.39 0.00 -3.59
v  -14.59 0.00 -3.64
v  -14.78 0.00 -3.72
v  -14.95 0.00 -3.84
v  -15.09 0.00 -3.99
v  -15.20 0.00 -4.16
v  -15.28 0.00 -4.35
v  -15.31 0.00 -4.55
v  -15.31 0.00 -4.76
v  -15.26 0.00 -4.96
v  -15.18 0.00 -5.15
v  -15.06 0.00 -5.32
v  -14.92 0.00 -5.46
v  -14.74 0.00 -5.57
v  -14.55 0.00 -5.64
v  -13.89 0.09 -5.80
v  -14.12 0.09 -5.85
v  -14.36 0.09 -5.86
v  -14.60 0.09 -5.82
v  -14.82 0.09 -5.73
v  -15.03 0.09 -5.60
v  -15.20 0.09 -5.43
v  -15.34 0.09 -5.24
v  -15.43 0.09 -5.01
v  -15.48 0.09 -4.78
v  -15.49 0.09 -4.54
v  -15.45 0.09 -4.30
v  -15.36 0.09 -4.08
v  -15.23 0.09 -3.88
v  -15.06 0.09 -3.70
v  -14.87 0.09 -3.56
v  -14.65 0.09 -3.47
v  -14.41 0.09 -3.42
v  -14.17 0.09 -3.41
v  -13.93 0.09 -3.45
v  -13.71 0.09 -3.54
v  -13.51 0.09 -3.67
v  -13.33 0.09 -3.84
v  -13.19 0.09 -4.04
v  -13.10 0.09 -4.26
v  -13.05 0.09 -4.49
v  -13.04 0.09 -4.73
v  -13.08 0.09 -4.97
v  -13.17 0.09 -5.19
v  -13.30 0.09 -5.40
v  -13.47 0.09 -5.57
v  -13.67 0.09 -5.71
v  -13.91 0.02 -5.74
v  -14.13 0.02 -5.79
v  -14.36 0.02 -5.79
v  -14.58 0.02 -5.75
v  -14.79 0.02 -5.67
v  -14.98 0.02 -5.55
v  -15.15 0.02 -5.39
v  -15.28 0.02 -5.20
v  -15.37 0.02 -4.99
v  -15.42 0.02 -4.77
v  -15.42 0.02 -4.54
v  -15.38 0.02 -4.32
v  -15.30 0.02 -4.11
v  -15.18 0.02 -3.92
v  -15.02 0.02 -3.75
v  -14.83 0.02 -3.62
v  -14.62 0.02 -3.53
v  -14.40 0.02 -3.48
v  -14.17 0.02 -3.48
v  -13.95 0.02 -3.52
v  -13.74 0.02 -3.60
v  -13.55 0.02 -3.72
v  -13.38 0.02 -3.88
v  -13.25 0.02 -4.07
v  -13.16 0.02 -4.28
v  -13.11 0.02 -4.50
v  -13.11 0.02 -4.73
v  -13.15 0.02 -4.95
v  -13.23 0.02 -5.16
v  -13.35 0.02 -5.35
v  -13.51 0.02 -5.52
v  -13.70 0.02 -5.65
v  -9.95 0.70 11.61
v  -9.83 0.70 11.40
v  -9.83 0.20 11.40
v  -9.95 0.20 11.61
v  -10.03 0.70 11.84
v  -10.03 0.20 11.84
v  -10.07 0.70 12.09
v  -10.07 0.20 12.09
v  -10.05 0.70 12.33
v  -10.05 0.20 12.33
v  -9.99 0.70 12.57
v  -9.99 0.20 12.57
v  -9.88 0.70 12.79
v  -9.88 0.20 12.79
v  -9.73 0.70 12.98
v  -9.73 0.20 12.98
v  -9.55 0.70 13.15
v  -9.55 0.20 13.15
v  -9.34 0.70 13.27
v  -9.34 0.20 13.27
v  -9.11 0.70 13.35
v  -9.11 0.20 13.35
v  -8.87 0.70 13.38
v  -8.87 0.20 13.38
v  -8.62 0.70 13.37
v  -8.62 0.20 13.37
v  -8.38 0.70 13.31
v  -8.38 0.20 13.31
v  -8.16 0.70 13.20
v  -8.16 0.20 13.20
v  -7.97 0.70 13.05
v  -7.97 0.20 13.05
v  -7.81 0.70 12.87
v  -7.81 0.20 12.87
v  -7.68 0.70 12.66
v  -7.68 0.20 12.66
v  -7.60 0.70 12.43
v  -7.60 0.20 12.43
v  -7.57 0.70 12.18
v  -7.57 0.20 12.18
v  -7.58 0.70 11.94
v  -7.58 0.20 11.94
v  -7.64 0.70 11.70
v  -7.64 0.20 11.70
v  -7.75 0.70 11.48
v  -7.75 0.20 11.48
v  -7.90 0.70 11.29
v  -7.90 0.20 11.29
v  -8.08 0.70 11.12
v  -8.08 0.20 11.12
v  -8.29 0.70 11.00
v  -8.29 0.20 11.00
v  -8.52 0.70 10.92
v  -8.52 0.20 10.92
v  -8.77 0.70 10.89
v  -8.77 0.20 10.89
v  -9.01 0.70 10.90
v  -9.01 0.20 10.90
v  -9.25 0.70 10.96
v  -9.25 0.20 10.96
v  -9.47 0.70 11.07
v  -9.47 0.20 11.07
v  -9.67 0.70 11.22
v  -9.67 0.20 11.22
v  -9.84 0.00 11.89
v  -9.77 0.00 11.70
v  -9.67 0.00 11.52
v  -9.53 0.00 11.37
v  -9.36 0.00 11.24
v  -9.18 0.00 11.15
v  -8.98 0.00 11.10
v  -8.78 0.00 11.09
v  -8.57 0.00 11.12
v  -8.38 0.00 11.18
v  -8.20 0.00 11.29
v  -8.05 0.00 11.42
v  -7.92 0.00 11.59
v  -7.83 0.00 11.77
v  -7.78 0.00 11.97
v  -7.77 0.00 12.18
v  -7.80 0.00 12.38
v  -7.86 0.00 12.57
v  -7.97 0.00 12.75
v  -8.10 0.00 12.91
v  -8.27 0.00 13.03
v  -8.45 0.00 13.12
v  -8.65 0.00 13.17
v  -8.86 0.00 13.18
v  -9.06 0.00 13.16
v  -9.26 0.00 13.09
v  -9.43 0.00 12.98
v  -9.59 0.00 12.85
v  -9.71 0.00 12.68
v  -9.80 0.00 12.50
v  -9.85 0.00 12.30
v  -9.86 0.00 12.09
v  -9.81 0.09 11.41
v  -9.93 0.09 11.62
v  -10.01 0.09 11.85
v  -10.04 0.09 12.09
v  -10.03 0.09 12.33
v  -9.97 0.09 12.56
v  -9.86 0.09 12.78
v  -9.72 0.09 12.97
v  -9.54 0.09 13.13
v  -9.33 0.09 13.25
v  -9.10 0.09 13.33
v  -8.86 0.09 13.36
v  -8.62 0.09 13.35
v  -8.39 0.09 13.29
v  -8.18 0.09 13.18
v  -7.98 0.09 13.04
v  -7.82 0.09 12.86
v  -7.70 0.09 12.65
v  -7.62 0.09 12.42
v  -7.59 0.09 12.18
v  -7.60 0.09 11.94
v  -7.66 0.09 11.71
v  -7.77 0.09 11.49
v  -7.92 0.09 11.30
v  -8.10 0.09 11.14
v  -8.30 0.09 11.02
v  -8.53 0.09 10.94
v  -8.77 0.09 10.91
v  -9.01 0.09 10.92
v  -9.24 0.09 10.98
v  -9.46 0.09 11.09
v  -9.65 0.09 11.23
v  -9.76 0.02 11.45
v  -9.87 0.02 11.65
v  -9.95 0.02 11.86
v  -9.98 0.02 12.09
v  -9.96 0.02 12.32
v  -9.91 0.02 12.54
v  -9.81 0.02 12.74
v  -9.67 0.02 12.92
v  -9.50 0.02 13.07
v  -9.30 0.02 13.19
v  -9.09 0.02 13.26
v  -8.86 0.02 13.30
v  -8.64 0.02 13.28
v  -8.42 0.02 13.22
v  -8.21 0.02 13.12
v  -8.03 0.02 12.99
v  -7.88 0.02 12.82
v  -7.76 0.02 12.62
v  -7.69 0.02 12.41
v  -7.66 0.02 12.18
v  -7.67 0.02 11.95
v  -7.73 0.02 11.73
v  -7.83 0.02 11.53
v  -7.96 0.02 11.35
v  -8.13 0.02 11.20
v  -8.33 0.02 11.08
v  -8.55 0.02 11.01
v  -8.77 0.02 10.98
v  -9.00 0.02 10.99
v  -9.22 0.02 11.05
v  -9.42 0.02 11.15
v  -9.60 0.02 11.28
v  7.97 0.70 13.05
v  7.81 0.70 12.87
v  7.81 0.20 12.87
v  7.97 0.20 13.05
v  8.16 0.70 13.20
v  8.16 0.20 13.20
v  8.38 0.70 13.31
v  8.38 0.20 13.31
v  8.62 0.70 13.37
v  8.62 0.20 13.37
v  8.87 0.70 13.38
v  8.87 0.20 13.38
v  9.11 0.70 13.35
v  9.11 0.20 13.35
v  9.34 0.70 13.27
v  9.34 0.20 13.27
v  9.55 0.70 13.15
v  9.55 0.20 13.15
v  9.73 0.70 12.98
v  9.73 0.20 12.98
v  9.88 0.70 12.79
v  9.88 0.20 12.79
v  9.99 0.70 12.57
v  9.99 0.20 12.57
v  10.05 0.70 12.33
v  10.05 0.20 12.33
v  10.07 0.70 12.09
v  10.07 0.20 12.09
v  10.03 0.70 11.84
v  10.03 0.20 11.84
v  9.95 0.70 11.61
v  9.95 0.20 11.61
v  9.83 0.70 11.40
v  9.83 0.20 11.40
v  9.67 0.70 11.22
v  9.67 0.20 11.22
v  9.47 0.70 11.07
v  9.47 0.20 11.07
v  9.25 0.70 10.96
v  9.25 0.20 10.96
v  9.01 0.70 10.90
v  9.01 0.20 10.90
v  8.77 0.70 10.89
v  8.77 0.20 10.89
v  8.52 0.70 10.92
v  8.52 0.20 10.92
v  8.29 0.70 11.00
v  8.29 0.20 11.00
v  8.08 0.70 11.12
v  8.08 0.20 11.12
v  7.90 0.70 11.29
v  7.90 0.20 11.29
v  7.75 0.70 11.48
v  7.75 0.20 11.48
v  7.64 0.70 11.70
v  7.64 0.20 11.70
v  7.58 0.70 11.94
v  7.58 0.20 11.94
v  7.57 0.70 12.18
v  7.57 0.20 12.18
v  7.60 0.70 12.43
v  7.60 0.20 12.43
v  7.68 0.70 12.66
v  7.68 0.20 12.66
v  8.27 0.00 13.03
v  8.10 0.00 12.91
v  7.97 0.00 12.75
v  7.86 0.00 12.57
v  7.80 0.00 12.38
v  7.77 0.00 12.18
v  7.78 0.00 11.97
v  7.83 0.00 11.77
v  7.92 0.00 11.59
v  8.05 0.00 11.42
v  8.20 0.00 11.29
v  8.38 0.00 11.18
v  8.57 0.00 11.12
v  8.78 0.00 11.09
v  8.98 0.00 11.10
v  9.18 0.00 11.15
v  9.36 0.00 11.24
v  9.53 0.00 11.37
v  9.67 0.00 11.52
v  9.77 0.00 11.70
v  9.84 0.00 11.89
v  9.86 0.00 12.09
v  9.85 0.00 12.30
v  9.80 0.00 12.50
v  9.71 0.00 12.68
v  9.59 0.00 12.85
v  9.43 0.00 12.98
v  9.26 0.00 13.09
v  9.06 0.00 13.16
v  8.86 0.00 13.18
v  8.65 0.00 13.17
v  8.45 0.00 13.12
v  7.82 0.09 12.86
v  7.98 0.09 13.04
v  8.18 0.09 13.18
v  8.39 0.09 13.29
v  8.62 0.09 13.35
v  8.86 0.09 13.36
v  9.10 0.09 13.33
v  9.33 0.09 13.25
v  9.54 0.09 13.13
v  9.72 0.09 12.97
v  9.86 0.09 12.78
v  9.97 0.09 12.56
v  10.03 0.09 12.33
v  10.04 0.09 12.09
v  10.01 0.09 11.85
v  9.93 0.09 11.62
v  9.81 0.09 11.41
v  9.65 0.09 11.23
v  9.46 0.09 11.09
v  9.24 0.09 10.98
v  9.01 0.09 10.92
v  8.77 0.09 10.91
v  8.53 0.09 10.94
v  8.30 0.09 11.02
v  8.10 0.09 11.14
v  7.92 0.09 11.30
v  7.77 0.09 11.49
v  7.66 0.09 11.71
v  7.60 0.09 11.94
v  7.59 0.09 12.18
v  7.62 0.09 12.42
v  7.70 0.09 12.65
v  7.88 0.02 12.82
v  8.03 0.02 12.99
v  8.21 0.02 13.12
v  8.42 0.02 13.22
v  8.64 0.02 13.28
v  8.86 0.02 13.30
v  9.09 0.02 13.26
v  9.30 0.02 13.19
v  9.50 0.02 13.07
v  9.67 0.02 12.92
v  9.81 0.02 12.74
v  9.91 0.02 12.54
v  9.96 0.02 12.32
v  9.98 0.02 12.09
v  9.95 0.02 11.86
v  9.87 0.02 11.65
v  9.76 0.02 11.45
v  9.60 0.02 11.28
v  9.42 0.02 11.15
v  9.22 0.02 11.05
v  9.00 0.02 10.99
v  8.77 0.02 10.98
v  8.55 0.02 11.01
v  8.33 0.02 11.08
v  8.13 0.02 11.20
v  7.96 0.02 11.35
v  7.83 0.02 11.53
v  7.73 0.02 11.73
v  7.67 0.02 11.95
v  7.66 0.02 12.18
v  7.69 0.02 12.41
v  7.76 0.02 12.62
v  14.88 0.70 -3.54
v  14.65 0.70 -3.45
v  14.65 0.20 -3.45
v  14.88 0.20 -3.54
v  15.08 0.70 -3.68
v  15.08 0.20 -3.68
v  15.25 0.70 -3.86
v  15.25 0.20 -3.86
v  15.38 0.70 -4.07
v  15.38 0.20 -4.07
v  15.47 0.70 -4.30
v  15.47 0.20 -4.30
v  15.51 0.70 -4.54
v  15.51 0.20 -4.54
v  15.51 0.70 -4.78
v  15.51 0.20 -4.78
v  15.45 0.70 -5.02
v  15.45 0.20 -5.02
v  15.36 0.70 -5.25
v  15.36 0.20 -5.25
v  15.22 0.70 -5.45
v  15.22 0.20 -5.45
v  15.04 0.70 -5.62
v  15.04 0.20 -5.62
v  14.83 0.70 -5.75
v  14.83 0.20 -5.75
v  14.61 0.70 -5.84
v  14.61 0.20 -5.84
v  14.36 0.70 -5.88
v  14.36 0.20 -5.88
v  14.12 0.70 -5.88
v  14.12 0.20 -5.88
v  13.88 0.70 -5.82
v  13.88 0.20 -5.82
v  13.66 0.70 -5.73
v  13.66 0.20 -5.73
v  13.45 0.70 -5.59
v  13.45 0.20 -5.59
v  13.28 0.70 -5.41
v  13.28 0.20 -5.41
v  13.15 0.70 -5.20
v  13.15 0.20 -5.20
v  13.06 0.70 -4.97
v  13.06 0.20 -4.97
v  13.02 0.70 -4.73
v  13.02 0.20 -4.73
v  13.02 0.70 -4.49
v  13.02 0.20 -4.49
v  13.08 0.70 -4.25
v  13.08 0.20 -4.25
v  13.18 0.70 -4.02
v  13.18 0.20 -4.02
v  13.32 0.70 -3.82
v  13.32 0.20 -3.82
v  13.49 0.70 -3.65
v  13.49 0.20 -3.65
v  13.70 0.70 -3.52
v  13.70 0.20 -3.52
v  13.93 0.70 -3.43
v  13.93 0.20 -3.43
v  14.17 0.70 -3.39
v  14.17 0.20 -3.39
v  14.41 0.70 -3.39
v  14.41 0.20 -3.39
v  14.95 0.00 -3.84
v  14.78 0.00 -3.72
v  14.59 0.00 -3.64
v  14.39 0.00 -3.59
v  14.18 0.00 -3.59
v  13.98 0.00 -3.63
v  13.79 0.00 -3.70
v  13.62 0.00 -3.81
v  13.47 0.00 -3.95
v  13.35 0.00 -4.12
v  13.27 0.00 -4.31
v  13.22 0.00 -4.51
v  13.22 0.00 -4.72
v  13.26 0.00 -4.92
v  13.33 0.00 -5.11
v  13.44 0.00 -5.28
v  13.58 0.00 -5.43
v  13.75 0.00 -5.55
v  13.94 0.00 -5.63
v  14.14 0.00 -5.68
v  14.35 0.00 -5.68
v  14.55 0.00 -5.64
v  14.74 0.00 -5.57
v  14.92 0.00 -5.46
v  15.06 0.00 -5.32
v  15.18 0.00 -5.15
v  15.26 0.00 -4.96
v  15.31 0.00 -4.76
v  15.31 0.00 -4.55
v  15.28 0.00 -4.35
v  15.20 0.00 -4.16
v  15.09 0.00 -3.99
v  14.65 0.09 -3.47
v  14.87 0.09 -3.56
v  15.06 0.09 -3.70
v  15.23 0.09 -3.88
v  15.36 0.09 -4.08
v  15.45 0.09 -4.30
v  15.49 0.09 -4.54
v  15.48 0.09 -4.78
v  15.43 0.09 -5.01
v  15.34 0.09 -5.24
v  15.20 0.09 -5.43
v  15.03 0.09 -5.60
v  14.82 0.09 -5.73
v  14.60 0.09 -5.82
v  14.36 0.09 -5.86
v  14.12 0.09 -5.85
v  13.89 0.09 -5.80
v  13.67 0.09 -5.71
v  13.47 0.09 -5.57
v  13.30 0.09 -5.40
v  13.17 0.09 -5.19
v  13.08 0.09 -4.97
v  13.04 0.09 -4.73
v  13.05 0.09 -4.49
v  13.10 0.09 -4.26
v  13.19 0.09 -4.04
v  13.33 0.09 -3.84
v  13.51 0.09 -3.67
v  13.71 0.09 -3.54
v  13.93 0.09 -3.45
v  14.17 0.09 -3.41
v  14.41 0.09 -3.42
v  14.62 0.02 -3.53
v  14.83 0.02 -3.62
v  15.02 0.02 -3.75
v  15.18 0.02 -3.92
v  15.30 0.02 -4.11
v  15.38 0.02 -4.32
v  15.42 0.02 -4.54
v  15.42 0.02 -4.77
v  15.37 0.02 -4.99
v  15.28 0.02 -5.20
v  15.15 0.02 -5.39
v  14.98 0.02 -5.55
v  14.79 0.02 -5.67
v  14.58 0.02 -5.75
v  14.36 0.02 -5.79
v  14.13 0.02 -5.79
v  13.91 0.02 -5.74
v  13.70 0.02 -5.65
v  13.51 0.02 -5.52
v  13.35 0.02 -5.35
v  13.23 0.02 -5.16
v  13.15 0.02 -4.95
v  13.11 0.02 -4.73
v  13.11 0.02 -4.50
v  13.16 0.02 -4.28
v  13.25 0.02 -4.07
v  13.38 0.02 -3.88
v  13.55 0.02 -3.72
v  13.74 0.02 -3.60
v  13.95 0.02 -3.52
v  14.17 0.02 -3.48
v  14.40 0.02 -3.48
v  18.98 2.02 0.00
v  18.96 2.02 -0.93
v  18.98 2.10 -0.93
v  19.00 2.10 0.00
v  18.94 1.96 0.00
v  18.92 1.96 -0.93
v  18.96 2.18 -0.93
v  18.98 2.18 0.00
v  18.92 2.24 -0.93
v  18.94 2.24 0.00
v  18.89 2.02 -1.86
v  18.91 2.10 -1.86
v  18.85 1.96 -1.86
v  18.89 2.18 -1.86
v  18.85 2.24 -1.86
v  18.77 2.02 -2.78
v  18.79 2.10 -2.79
v  18.73 1.96 -2.78
v  18.77 2.18 -2.78
v  18.73 2.24 -2.78
v  18.62 2.02 -3.70
v  18.63 2.10 -3.71
v  18.58 1.96 -3.69
v  18.62 2.18 -3.70
v  18.58 2.24 -3.69
v  18.41 2.02 -4.61
v  18.43 2.10 -4.62
v  18.37 1.96 -4.60
v  18.41 2.18 -4.61
v  18.37 2.24 -4.60
v  18.16 2.02 -5.51
v  18.18 2.10 -5.52
v  18.12 1.96 -5.50
v  18.16 2.18 -5.51
v  18.12 2.24 -5.50
v  17.87 2.02 -6.39
v  17.89 2.10 -6.40
v  17.83 1.96 -6.38
v  17.87 2.18 -6.39
v  17.83 2.24 -6.38
v  17.54 2.02 -7.26
v  17.55 2.10 -7.27
v  17.50 1.96 -7.25
v  17.54 2.18 -7.26
v  17.50 2.24 -7.25
v  17.16 2.02 -8.11
v  17.18 2.10 -8.12
v  17.12 1.96 -8.10
v  17.16 2.18 -8.11
v  17.12 2.24 -8.10
v  16.74 2.02 -8.95
v  16.76 2.10 -8.96
v  16.70 1.96 -8.93
v  16.74 2.18 -8.95
v  16.70 2.24 -8.93
v  16.28 2.02 -9.76
v  16.30 2.10 -9.77
v  16.25 1.96 -9.74
v  16.28 2.18 -9.76
v  16.25 2.24 -9.74
v  15.78 2.02 -10.54
v  15.80 2.10 -10.56
v  15.75 1.96 -10.52
v  15.78 2.18 -10.54
v  15.75 2.24 -10.52
v  15.24 2.02 -11.31
v  15.26 2.10 -11.32
v  15.21 1.96 -11.28
v  15.24 2.18 -11.31
v  15.21 2.24 -11.28
v  14.67 2.02 -12.04
v  14.69 2.10 -12.05
v  14.64 1.96 -12.02
v  14.67 2.18 -12.04
v  14.64 2.24 -12.02
v  14.06 2.02 -12.75
v  14.08 2.10 -12.76
v  14.03 1.96 -12.72
v  14.06 2.18 -12.75
v  14.03 2.24 -12.72
v  13.42 2.02 -13.42
v  13.44 2.10 -13.43
v  13.39 1.96 -13.39
v  13.42 2.18 -13.42
v  13.39 2.24 -13.39
v  12.75 2.02 -14.06
v  12.76 2.10 -14.08
v  12.72 1.96 -14.03
v  12.75 2.18 -14.06
v  12.72 2.24 -14.03
v  12.04 2.02 -14.67
v  12.05 2.10 -14.69
v  12.02 1.96 -14.64
v  12.04 2.18 -14.67
v  12.02 2.24 -14.64
v  11.31 2.02 -15.24
v  11.32 2.10 -15.26
v  11.28 1.96 -15.21
v  11.31 2.18 -15.24
v  11.28 2.24 -15.21
v  10.54 2.02 -15.78
v  10.56 2.10 -15.80
v  10.52 1.96 -15.75
v  10.54 2.18 -15.78
v  10.52 2.24 -15.75
v  9.76 2.02 -16.28
v  9.77 2.10 -16.30
v  9.74 1.96 -16.25
v  9.76 2.18 -16.28
v  9.74 2.24 -16.25
v  8.95 2.02 -16.74
v  8.96 2.10 -16.76
v  8.93 1.96 -16.70
v  8.95 2.18 -16.74
v  8.93 2.24 -16.70
v  8.11 2.02 -17.16
v  8.12 2.10 -17.18
v  8.10 1.96 -17.12
v  8.11 2.18 -17.16
v  8.10 2.24 -17.12
v  7.26 2.02 -17.54
v  7.27 2.10 -17.55
v  7.25 1.96 -17.50
v  7.26 2.18 -17.54
v  7.25 2.24 -17.50
v  6.39 2.02 -17.87
v  6.40 2.10 -17.89
v  6.38 1.96 -17.83
v  6.39 2.18 -17.87
v  6.38 2.24 -17.83
v  5.51 2.02 -18.16
v  5.52 2.10 -18.18
v  5.50 1.96 -18.12
v  5.51 2.18 -18.16
v  5.50 2.24 -18.12
v  4.61 2.02 -18.41
v  4.62 2.10 -18.43
v  4.60 1.96 -18.37
v  4.61 2.18 -18.41
v  4.60 2.24 -18.37
v  3.70 2.02 -18.62
v  3.71 2.10 -18.63
v  3.70 1.96 -18.58
v  3.70 2.18 -18.62
v  3.70 2.24 -18.58
v  2.78 2.02 -18.77
v  2.79 2.10 -18.79
v  2.78 1.96 -18.73
v  2.78 2.18 -18.77
v  2.78 2.24 -18.73
v  1.86 2.02 -18.89
v  1.86 2.10 -18.91
v  1.86 1.96 -18.85
v  1.86 2.18 -18.89
v  1.86 2.24 -18.85
v  0.93 2.02 -18.96
v  0.93 2.10 -18.98
v  0.93 1.96 -18.92
v  0.93 2.18 -18.96
v  0.93 2.24 -18.92
v  0.00 2.02 -18.98
v  0.00 2.10 -19.00
v  0.00 1.96 -18.94
v  0.00 2.18 -18.98
v  0.00 2.24 -18.94
v  0.93 2.02 18.96
v  0.93 2.10 18.98
v  0.00 2.10 19.00
v  0.00 2.02 18.98
v  0.93 1.96 18.92
v  0.00 1.96 18.94
v  1.86 2.02 18.89
v  1.86 2.10 18.91
v  1.86 1.96 18.85
v  1.86 2.18 18.89
v  0.93 2.18 18.96
v  1.86 2.24 18.85
v  0.93 2.24 18.92
v  2.78 2.02 18.77
v  2.79 2.10 18.79
v  2.78 1.96 18.74
v  2.78 2.18 18.77
v  2.78 2.24 18.74
v  3.70 2.02 18.62
v  3.71 2.10 18.64
v  3.69 1.96 18.58
v  3.70 2.18 18.62
v  3.69 2.24 18.58
v  4.61 2.02 18.41
v  4.62 2.10 18.43
v  4.60 1.96 18.37
v  4.61 2.18 18.41
v  4.60 2.24 18.37
v  5.51 2.02 18.16
v  5.52 2.10 18.18
v  5.50 1.96 18.12
v  5.51 2.18 18.16
v  5.50 2.24 18.12
v  6.39 2.02 17.87
v  6.40 2.10 17.89
v  6.38 1.96 17.83
v  6.39 2.18 17.87
v  6.38 2.24 17.83
v  7.26 2.02 17.54
v  7.27 2.10 17.55
v  7.25 1.96 17.50
v  7.26 2.18 17.54
v  7.25 2.24 17.50
v  8.11 2.02 17.16
v  8.12 2.10 17.18
v  8.10 1.96 17.12
v  8.11 2.18 17.16
v  8.10 2.24 17.12
v  8.95 2.02 16.74
v  8.96 2.10 16.76
v  8.93 1.96 16.70
v  8.95 2.18 16.74
v  8.93 2.24 16.70
v  9.76 2.02 16.28
v  9.77 2.10 16.30
v  9.74 1.96 16.25
v  9.76 2.18 16.28
v  9.74 2.24 16.25
v  10.54 2.02 15.78
v  10.56 2.10 15.80
v  10.52 1.96 15.75
v  10.54 2.18 15.78
v  10.52 2.24 15.75
v  11.31 2.02 15.24
v  11.32 2.10 15.26
v  11.28 1.96 15.21
v  11.31 2.18 15.24
v  11.28 2.24 15.21
v  12.04 2.02 14.67
v  12.05 2.10 14.69
v  12.02 1.96 14.64
v  12.04 2.18 14.67
v  12.02 2.24 14.64
v  12.75 2.02 14.06
v  12.76 2.10 14.08
v  12.72 1.96 14.03
v  12.75 2.18 14.06
v  12.72 2.24 14.03
v  13.42 2.02 13.42
v  13.44 2.10 13.44
v  13.39 1.96 13.39
v  13.42 2.18 13.42
v  13.39 2.24 13.39
v  14.06 2.02 12.75
v  14.08 2.10 12.76
v  14.03 1.96 12.72
v  14.06 2.18 12.75
v  14.03 2.24 12.72
v  14.67 2.02 12.04
v  14.69 2.10 12.05
v  14.64 1.96 12.02
v  14.67 2.18 12.04
v  14.64 2.24 12.02
v  15.24 2.02 11.31
v  15.26 2.10 11.32
v  15.21 1.96 11.28
v  15.24 2.18 11.31
v  15.21 2.24 11.28
v  15.78 2.02 10.54
v  15.80 2.10 10.56
v  15.75 1.96 10.52
v  15.78 2.18 10.54
v  15.75 2.24 10.52
v  16.28 2.02 9.76
v  16.30 2.10 9.77
v  16.25 1.96 9.74
v  16.28 2.18 9.76
v  16.25 2.24 9.74
v  16.74 2.02 8.95
v  16.76 2.10 8.96
v  16.70 1.96 8.93
v  16.74 2.18 8.95
v  16.70 2.24 8.93
v  17.16 2.02 8.12
v  17.18 2.10 8.12
v  17.12 1.96 8.10
v  17.16 2.18 8.12
v  17.12 2.24 8.10
v  17.54 2.02 7.26
v  17.55 2.10 7.27
v  17.50 1.96 7.25
v  17.54 2.18 7.26
v  17.50 2.24 7.25
v  17.87 2.02 6.39
v  17.89 2.10 6.40
v  17.83 1.96 6.38
v  17.87 2.18 6.39
v  17.83 2.24 6.38
v  18.16 2.02 5.51
v  18.18 2.10 5.52
v  18.12 1.96 5.50
v  18.16 2.18 5.51
v  18.12 2.24 5.50
v  18.41 2.02 4.61
v  18.43 2.10 4.62
v  18.37 1.96 4.60
v  18.41 2.18 4.61
v  18.37 2.24 4.60
v  18.62 2.02 3.70
v  18.63 2.10 3.71
v  18.58 1.96 3.70
v  18.62 2.18 3.70
v  18.58 2.24 3.70
v  18.77 2.02 2.78
v  18.79 2.10 2.79
v  18.73 1.96 2.78
v  18.77 2.18 2.78
v  18.73 2.24 2.78
v  18.89 2.02 1.86
v  18.91 2.10 1.86
v  18.85 1.96 1.86
v  18.89 2.18 1.86
v  18.85 2.24 1.86
v  18.96 2.02 0.93
v  18.98 2.10 0.93
v  18.92 1.96 0.93
v  18.96 2.18 0.93
v  18.92 2.24 0.93
v  18.86 1.92 0.93
v  18.79 1.92 1.85
v  18.71 1.90 1.84
v  18.78 1.90 0.92
v  18.68 1.92 2.77
v  18.60 1.90 2.76
v  18.52 1.92 3.68
v  18.44 1.90 3.67
v  18.31 1.92 4.59
v  18.24 1.90 4.57
v  18.07 1.92 5.48
v  17.99 1.90 5.46
v  17.78 1.92 6.36
v  17.70 1.90 6.33
v  17.44 1.92 7.23
v  17.37 1.90 7.19
v  17.07 1.92 8.07
v  16.99 1.90 8.04
v  16.65 1.92 8.90
v  16.58 1.90 8.86
v  16.19 1.92 9.71
v  16.13 1.90 9.67
v  15.70 1.92 10.49
v  15.63 1.90 10.44
v  15.16 1.92 11.25
v  15.10 1.90 11.20
v  14.59 1.92 11.98
v  14.53 1.90 11.93
v  13.99 1.92 12.68
v  13.93 1.90 12.63
v  13.35 1.92 13.35
v  13.29 1.90 13.29
v  12.68 1.92 13.99
v  12.63 1.90 13.93
v  11.98 1.92 14.59
v  11.93 1.90 14.53
v  11.25 1.92 15.16
v  11.20 1.90 15.10
v  10.49 1.92 15.70
v  10.44 1.90 15.63
v  9.71 1.92 16.19
v  9.67 1.90 16.13
v  8.90 1.92 16.65
v  8.86 1.90 16.58
v  8.07 1.92 17.07
v  8.04 1.90 17.00
v  7.23 1.92 17.44
v  7.19 1.90 17.37
v  6.36 1.92 17.78
v  6.33 1.90 17.70
v  5.48 1.92 18.07
v  5.46 1.90 17.99
v  4.59 1.92 18.31
v  4.57 1.90 18.24
v  3.68 1.92 18.52
v  3.67 1.90 18.44
v  2.77 1.92 18.68
v  2.76 1.90 18.60
v  1.85 1.92 18.79
v  1.84 1.90 18.71
v  0.93 1.92 18.86
v  0.92 1.90 18.78
v  0.00 1.92 -18.88
v  0.93 1.92 -18.86
v  0.92 1.90 -18.78
v  0.00 1.90 -18.80
v  1.85 1.92 -18.79
v  1.84 1.90 -18.71
v  2.77 1.92 -18.68
v  2.76 1.90 -18.60
v  3.68 1.92 -18.52
v  3.67 1.90 -18.44
v  4.59 1.92 -18.31
v  4.57 1.90 -18.24
v  5.48 1.92 -18.07
v  5.46 1.90 -17.99
v  6.36 1.92 -17.78
v  6.33 1.90 -17.70
v  7.23 1.92 -17.44
v  7.19 1.90 -17.37
v  8.07 1.92 -17.07
v  8.04 1.90 -16.99
v  8.90 1.92 -16.65
v  8.86 1.90 -16.58
v  9.71 1.92 -16.19
v  9.67 1.90 -16.13
v  10.49 1.92 -15.70
v  10.44 1.90 -15.63
v  11.25 1.92 -15.16
v  11.20 1.90 -15.10
v  11.98 1.92 -14.59
v  11.93 1.90 -14.53
v  12.68 1.92 -13.99
v  12.63 1.90 -13.93
v  13.35 1.92 -13.35
v  13.29 1.90 -13.29
v  13.99 1.92 -12.68
v  13.93 1.90 -12.63
v  14.59 1.92 -11.98
v  14.53 1.90 -11.93
v  15.16 1.92 -11.25
v  15.10 1.90 -11.20
v  15.70 1.92 -10.49
v  15.63 1.90 -10.44
v  16.19 1.92 -9.71
v  16.13 1.90 -9.67
v  16.65 1.92 -8.90
v  16.58 1.90 -8.86
v  17.07 1.92 -8.07
v  16.99 1.90 -8.04
v  17.44 1.92 -7.22
v  17.37 1.90 -7.19
v  17.78 1.92 -6.36
v  17.70 1.90 -6.33
v  18.07 1.92 -5.48
v  17.99 1.90 -5.46
v  18.31 1.92 -4.59
v  18.24 1.90 -4.57
v  18.52 1.92 -3.68
v  18.44 1.90 -3.67
v  18.68 1.92 -2.77
v  18.60 1.90 -2.76
v  18.79 1.92 -1.85
v  18.71 1.90 -1.84
v  18.86 1.92 -0.93
v  18.78 1.90 -0.92
v  18.88 1.92 0.00
v  18.80 1.90 0.00
v  18.88 2.28 0.00
v  18.86 2.28 -0.93
v  18.78 2.30 -0.92
v  18.80 2.30 0.00
v  18.79 2.28 -1.85
v  18.71 2.30 -1.84
v  18.68 2.28 -2.77
v  18.60 2.30 -2.76
v  18.52 2.28 -3.68
v  18.44 2.30 -3.67
v  18.31 2.28 -4.59
v  18.24 2.30 -4.57
v  18.07 2.28 -5.48
v  17.99 2.30 -5.46
v  17.78 2.28 -6.36
v  17.70 2.30 -6.33
v  17.44 2.28 -7.22
v  17.37 2.30 -7.19
v  17.07 2.28 -8.07
v  16.99 2.30 -8.04
v  16.65 2.28 -8.90
v  16.58 2.30 -8.86
v  16.19 2.28 -9.71
v  16.13 2.30 -9.67
v  15.70 2.28 -10.49
v  15.63 2.30 -10.44
v  15.16 2.28 -11.25
v  15.10 2.30 -11.20
v  14.59 2.28 -11.98
v  14.53 2.30 -11.93
v  13.99 2.28 -12.68
v  13.93 2.30 -12.63
v  13.35 2.28 -13.35
v  13.29 2.30 -13.29
v  12.68 2.28 -13.99
v  12.63 2.30 -13.93
v  11.98 2.28 -14.59
v  11.93 2.30 -14.53
v  11.25 2.28 -15.16
v  11.20 2.30 -15.10
v  10.49 2.28 -15.70
v  10.44 2.30 -15.63
v  9.71 2.28 -16.19
v  9.67 2.30 -16.13
v  8.90 2.28 -16.65
v  8.86 2.30 -16.58
v  8.07 2.28 -17.07
v  8.04 2.30 -16.99
v  7.23 2.28 -17.44
v  7.19 2.30 -17.37
v  6.36 2.28 -17.78
v  6.33 2.30 -17.70
v  5.48 2.28 -18.07
v  5.46 2.30 -17.99
v  4.59 2.28 -18.31
v  4.57 2.30 -18.24
v  3.68 2.28 -18.52
v  3.67 2.30 -18.44
v  2.77 2.28 -18.68
v  2.76 2.30 -18.60
v  1.85 2.28 -18.79
v  1.84 2.30 -18.71
v  0.93 2.28 -18.86
v  0.92 2.30 -18.78
v  0.00 2.28 -18.88
v  0.00 2.30 -18.80
v  0.93 2.28 18.86
v  0.92 2.30 18.78
v  0.00 2.30 18.80
v  0.00 2.28 18.88
v  0.00 2.24 18.94
v  1.85 2.28 18.79
v  1.84 2.30 18.71
v  2.77 2.28 18.68
v  2.76 2.30 18.60
v  3.68 2.28 18.52
v  3.67 2.30 18.44
v  4.59 2.28 18.31
v  4.57 2.30 18.24
v  5.48 2.28 18.07
v  5.46 2.30 17.99
v  6.36 2.28 17.78
v  6.33 2.30 17.70
v  7.23 2.28 17.44
v  7.19 2.30 17.37
v  8.07 2.28 17.07
v  8.04 2.30 17.00
v  8.90 2.28 16.65
v  8.86 2.30 16.58
v  9.71 2.28 16.19
v  9.67 2.30 16.13
v  10.49 2.28 15.70
v  10.44 2.30 15.63
v  11.25 2.28 15.16
v  11.20 2.30 15.10
v  11.98 2.28 14.59
v  11.93 2.30 14.53
v  12.68 2.28 13.99
v  12.63 2.30 13.93
v  13.35 2.28 13.35
v  13.29 2.30 13.29
v  13.99 2.28 12.68
v  13.93 2.30 12.63
v  14.59 2.28 11.98
v  14.53 2.30 11.93
v  15.16 2.28 11.25
v  15.10 2.30 11.20
v  15.70 2.28 10.49
v  15.63 2.30 10.44
v  16.19 2.28 9.71
v  16.13 2.30 9.67
v  16.65 2.28 8.90
v  16.58 2.30 8.86
v  17.07 2.28 8.07
v  16.99 2.30 8.04
v  17.44 2.28 7.23
v  17.37 2.30 7.19
v  17.78 2.28 6.36
v  17.70 2.30 6.33
v  18.07 2.28 5.48
v  17.99 2.30 5.46
v  18.31 2.28 4.59
v  18.24 2.30 4.57
v  18.52 2.28 3.68
v  18.44 2.30 3.67
v  18.68 2.28 2.77
v  18.60 2.30 2.76
v  18.79 2.28 1.85
v  18.71 2.30 1.84
v  18.86 2.28 0.93
v  18.78 2.30 0.92
v  -0.00 2.30 -18.70
v  0.00 2.30 0.00
v  0.50 2.30 0.00
v  0.51 2.30 -0.14
v  0.53 2.30 -0.27
v  0.56 2.30 -0.41
v  0.61 2.30 -0.54
v  0.67 2.30 -0.66
v  0.74 2.30 -0.78
v  0.82 2.30 -0.89
v  0.91 2.30 -0.99
v  1.01 2.30 -1.08
v  1.12 2.30 -1.16
v  1.24 2.30 -1.23
v  1.36 2.30 -1.29
v  1.49 2.30 -1.34
v  1.63 2.30 -1.37
v  1.76 2.30 -1.39
v  1.90 2.30 -1.40
v  2.04 2.30 -1.39
v  3.29 2.30 -0.14
v  3.30 2.30 0.00
v  18.70 2.30 0.00
v  3.27 2.30 -0.27
v  3.24 2.30 -0.41
v  3.19 2.30 -0.54
v  3.13 2.30 -0.66
v  3.06 2.30 -0.78
v  2.98 2.30 -0.89
v  2.89 2.30 -0.99
v  2.79 2.30 -1.08
v  2.68 2.30 -1.16
v  2.56 2.30 -1.23
v  2.44 2.30 -1.29
v  2.31 2.30 -1.34
v  2.17 2.30 -1.37
v  18.68 2.30 -0.92
v  18.61 2.30 -1.83
v  18.50 2.30 -2.74
v  18.34 2.30 -3.65
v  18.14 2.30 -4.54
v  17.89 2.30 -5.43
v  17.61 2.30 -6.30
v  17.28 2.30 -7.16
v  16.90 2.30 -8.00
v  16.49 2.30 -8.81
v  16.04 2.30 -9.61
v  15.55 2.30 -10.39
v  15.02 2.30 -11.14
v  14.46 2.30 -11.86
v  13.86 2.30 -12.56
v  13.22 2.30 -13.22
v  12.56 2.30 -13.86
v  11.86 2.30 -14.46
v  11.14 2.30 -15.02
v  10.39 2.30 -15.55
v  9.61 2.30 -16.04
v  8.82 2.30 -16.49
v  8.00 2.30 -16.90
v  7.16 2.30 -17.28
v  6.30 2.30 -17.61
v  5.43 2.30 -17.89
v  4.54 2.30 -18.14
v  3.65 2.30 -18.34
v  2.74 2.30 -18.50
v  1.83 2.30 -18.61
v  0.92 2.30 -18.68
v  18.50 1.90 -2.74
v  18.61 1.90 -1.83
v  18.68 1.90 -0.92
v  18.70 1.90 0.00
v  3.30 1.90 0.00
v  3.29 1.90 -0.14
v  3.27 1.90 -0.27
v  3.24 1.90 -0.41
v  3.19 1.90 -0.54
v  0.51 1.90 -0.14
v  0.50 1.90 0.00
v  0.00 1.90 0.00
v  0.53 1.90 -0.27
v  0.56 1.90 -0.41
v  0.61 1.90 -0.54
v  0.67 1.90 -0.66
v  0.74 1.90 -0.78
v  0.82 1.90 -0.89
v  0.91 1.90 -0.99
v  0.00 1.90 -18.70
v  0.92 1.90 -18.68
v  1.83 1.90 -18.61
v  2.74 1.90 -18.50
v  3.65 1.90 -18.34
v  4.54 1.90 -18.14
v  5.43 1.90 -17.89
v  6.30 1.90 -17.61
v  7.16 1.90 -17.28
v  8.00 1.90 -16.90
v  8.82 1.90 -16.49
v  9.61 1.90 -16.04
v  10.39 1.90 -15.55
v  11.14 1.90 -15.02
v  11.86 1.90 -14.46
v  12.56 1.90 -13.86
v  1.01 1.90 -1.08
v  1.12 1.90 -1.16
v  1.24 1.90 -1.23
v  1.36 1.90 -1.29
v  1.49 1.90 -1.34
v  1.63 1.90 -1.37
v  1.76 1.90 -1.39
v  1.90 1.90 -1.40
v  2.04 1.90 -1.39
v  2.17 1.90 -1.37
v  2.31 1.90 -1.34
v  2.44 1.90 -1.29
v  2.56 1.90 -1.23
v  2.68 1.90 -1.16
v  2.79 1.90 -1.08
v  2.89 1.90 -0.99
v  2.98 1.90 -0.89
v  3.06 1.90 -0.78
v  3.13 1.90 -0.66
v  13.22 1.90 -13.22
v  13.86 1.90 -12.56
v  14.46 1.90 -11.86
v  15.02 1.90 -11.14
v  15.55 1.90 -10.39
v  16.04 1.90 -9.61
v  16.49 1.90 -8.81
v  16.90 1.90 -8.00
v  17.28 1.90 -7.16
v  17.61 1.90 -6.30
v  17.89 1.90 -5.43
v  18.14 1.90 -4.54
v  18.34 1.90 -3.65
v  3.19 2.10 -0.13
v  3.20 2.10 0.00
v  3.20 2.28 0.00
v  3.19 2.28 -0.13
v  3.18 2.10 -0.25
v  3.18 2.28 -0.25
v  3.14 2.10 -0.38
v  3.14 2.28 -0.38
v  3.10 2.10 -0.50
v  3.10 2.28 -0.50
v  3.05 2.10 -0.61
v  3.05 2.28 -0.61
v  2.98 2.10 -0.72
v  2.98 2.28 -0.72
v  2.90 2.10 -0.82
v  2.90 2.28 -0.82
v  2.82 2.10 -0.92
v  2.82 2.28 -0.92
v  2.72 2.10 -1.00
v  2.72 2.28 -1.00
v  2.62 2.10 -1.08
v  2.62 2.28 -1.08
v  2.51 2.10 -1.15
v  2.51 2.28 -1.15
v  2.40 2.10 -1.20
v  2.40 2.28 -1.20
v  2.28 2.10 -1.24
v  2.28 2.28 -1.24
v  2.15 2.10 -1.27
v  2.15 2.28 -1.27
v  2.03 2.10 -1.29
v  2.03 2.28 -1.29
v  1.90 2.10 -1.30
v  1.90 2.28 -1.30
v  1.77 2.10 -1.29
v  1.77 2.28 -1.29
v  1.65 2.10 -1.27
v  1.65 2.28 -1.27
v  1.52 2.10 -1.24
v  1.52 2.28 -1.24
v  1.40 2.10 -1.20
v  1.40 2.28 -1.20
v  1.29 2.10 -1.15
v  1.29 2.28 -1.15
v  1.18 2.10 -1.08
v  1.18 2.28 -1.08
v  1.08 2.10 -1.00
v  1.08 2.28 -1.00
v  0.98 2.10 -0.92
v  0.98 2.28 -0.92
v  0.90 2.10 -0.82
v  0.90 2.28 -0.82
v  0.82 2.10 -0.72
v  0.82 2.28 -0.72
v  0.75 2.10 -0.61
v  0.75 2.28 -0.61
v  0.70 2.10 -0.50
v  0.70 2.28 -0.50
v  0.66 2.10 -0.38
v  0.66 2.28 -0.38
v  0.62 2.10 -0.25
v  0.62 2.28 -0.25
v  0.61 2.10 -0.13
v  0.61 2.28 -0.13
v  0.60 2.10 0.00
v  0.60 2.28 0.00
v  0.61 2.10 0.13
v  0.61 2.28 0.13
v  0.62 2.10 0.25
v  0.62 2.28 0.25
v  0.66 2.10 0.38
v  0.66 2.28 0.38
v  0.70 2.10 0.50
v  0.70 2.28 0.50
v  0.75 2.10 0.61
v  0.75 2.28 0.61
v  0.82 2.10 0.72
v  0.82 2.28 0.72
v  0.90 2.10 0.82
v  0.90 2.28 0.82
v  0.98 2.10 0.92
v  0.98 2.28 0.92
v  1.08 2.10 1.01
v  1.08 2.28 1.01
v  1.18 2.10 1.08
v  1.18 2.28 1.08
v  1.29 2.10 1.15
v  1.29 2.28 1.15
v  1.40 2.10 1.20
v  1.40 2.28 1.20
v  1.52 2.10 1.24
v  1.52 2.28 1.24
v  1.65 2.10 1.28
v  1.65 2.28 1.28
v  1.77 2.10 1.29
v  1.77 2.28 1.29
v  1.90 2.10 1.30
v  1.90 2.28 1.30
v  2.03 2.10 1.29
v  2.03 2.28 1.29
v  2.15 2.10 1.28
v  2.15 2.28 1.28
v  2.28 2.10 1.24
v  2.28 2.28 1.24
v  2.40 2.10 1.20
v  2.40 2.28 1.20
v  2.51 2.10 1.15
v  2.51 2.28 1.15
v  2.62 2.10 1.08
v  2.62 2.28 1.08
v  2.72 2.10 1.01
v  2.72 2.28 1.01
v  2.82 2.10 0.92
v  2.82 2.28 0.92
v  2.90 2.10 0.82
v  2.90 2.28 0.82
v  2.98 2.10 0.72
v  2.98 2.28 0.72
v  3.05 2.10 0.61
v  3.05 2.28 0.61
v  3.10 2.10 0.50
v  3.10 2.28 0.50
v  3.14 2.10 0.38
v  3.14 2.28 0.38
v  3.18 2.10 0.25
v  3.18 2.28 0.25
v  3.19 2.10 0.13
v  3.19 2.28 0.13
v  3.17 2.10 0.00
v  3.17 2.10 -0.12
v  3.15 2.10 -0.25
v  3.12 2.10 -0.37
v  3.08 2.10 -0.49
v  3.02 2.10 -0.60
v  2.96 2.10 -0.71
v  2.88 2.10 -0.81
v  2.80 2.10 -0.90
v  2.71 2.10 -0.98
v  2.61 2.10 -1.06
v  2.50 2.10 -1.12
v  2.39 2.10 -1.18
v  2.27 2.10 -1.22
v  2.15 2.10 -1.25
v  2.02 2.10 -1.27
v  1.90 2.10 -1.27
v  1.78 2.10 -1.27
v  1.65 2.10 -1.25
v  1.53 2.10 -1.22
v  1.41 2.10 -1.18
v  1.30 2.10 -1.12
v  1.19 2.10 -1.06
v  1.09 2.10 -0.98
v  1.00 2.10 -0.90
v  0.92 2.10 -0.81
v  0.84 2.10 -0.71
v  0.78 2.10 -0.60
v  0.72 2.10 -0.49
v  0.68 2.10 -0.37
v  0.65 2.10 -0.25
v  0.63 2.10 -0.12
v  0.63 2.10 0.00
v  0.63 2.10 0.12
v  0.65 2.10 0.25
v  0.68 2.10 0.37
v  0.72 2.10 0.49
v  0.78 2.10 0.60
v  0.84 2.10 0.71
v  0.92 2.10 0.81
v  1.00 2.10 0.90
v  1.09 2.10 0.98
v  1.19 2.10 1.06
v  1.30 2.10 1.12
v  1.41 2.10 1.18
v  1.53 2.10 1.22
v  1.65 2.10 1.25
v  1.78 2.10 1.27
v  1.90 2.10 1.27
v  2.02 2.10 1.27
v  2.15 2.10 1.25
v  2.27 2.10 1.22
v  2.39 2.10 1.18
v  2.50 2.10 1.12
v  2.61 2.10 1.06
v  2.71 2.10 0.98
v  2.80 2.10 0.90
v  2.88 2.10 0.81
v  2.96 2.10 0.71
v  3.02 2.10 0.60
v  3.08 2.10 0.49
v  3.12 2.10 0.37
v  3.15 2.10 0.25
v  3.17 2.10 0.12
v  3.15 2.30 0.00
v  3.14 2.30 -0.12
v  3.10 2.30 -0.12
v  3.10 2.30 0.00
v  3.12 2.30 -0.24
v  3.08 2.30 -0.23
v  3.09 2.30 -0.36
v  3.05 2.30 -0.35
v  3.05 2.30 -0.48
v  3.01 2.30 -0.46
v  3.00 2.30 -0.59
v  2.96 2.30 -0.57
v  2.94 2.30 -0.69
v  2.90 2.30 -0.67
v  2.87 2.30 -0.79
v  2.83 2.30 -0.76
v  2.78 2.30 -0.88
v  2.75 2.30 -0.85
v  2.69 2.30 -0.97
v  2.66 2.30 -0.93
v  2.59 2.30 -1.04
v  2.57 2.30 -1.00
v  2.49 2.30 -1.10
v  2.47 2.30 -1.06
v  2.38 2.30 -1.15
v  2.36 2.30 -1.11
v  2.26 2.30 -1.19
v  2.25 2.30 -1.15
v  2.14 2.30 -1.22
v  2.14 2.30 -1.18
v  2.02 2.30 -1.24
v  2.02 2.30 -1.20
v  1.90 2.30 -1.25
v  1.90 2.30 -1.20
v  1.78 2.30 -1.24
v  1.78 2.30 -1.20
v  1.66 2.30 -1.22
v  1.66 2.30 -1.18
v  1.54 2.30 -1.19
v  1.55 2.30 -1.15
v  1.42 2.30 -1.15
v  1.44 2.30 -1.11
v  1.31 2.30 -1.10
v  1.33 2.30 -1.06
v  1.21 2.30 -1.04
v  1.23 2.30 -1.00
v  1.11 2.30 -0.97
v  1.14 2.30 -0.93
v  1.02 2.30 -0.88
v  1.05 2.30 -0.85
v  0.93 2.30 -0.79
v  0.97 2.30 -0.76
v  0.86 2.30 -0.69
v  0.90 2.30 -0.67
v  0.80 2.30 -0.59
v  0.84 2.30 -0.57
v  0.75 2.30 -0.48
v  0.79 2.30 -0.46
v  0.71 2.30 -0.36
v  0.75 2.30 -0.35
v  0.68 2.30 -0.24
v  0.72 2.30 -0.23
v  0.66 2.30 -0.12
v  0.70 2.30 -0.12
v  0.65 2.30 0.00
v  0.70 2.30 0.00
v  0.66 2.30 0.12
v  0.70 2.30 0.12
v  0.68 2.30 0.24
v  0.72 2.30 0.24
v  0.71 2.30 0.36
v  0.75 2.30 0.35
v  0.75 2.30 0.48
v  0.79 2.30 0.46
v  0.80 2.30 0.59
v  0.84 2.30 0.57
v  0.86 2.30 0.69
v  0.90 2.30 0.67
v  0.93 2.30 0.79
v  0.97 2.30 0.76
v  1.02 2.30 0.88
v  1.05 2.30 0.85
v  1.11 2.30 0.97
v  1.14 2.30 0.93
v  1.21 2.30 1.04
v  1.23 2.30 1.00
v  1.31 2.30 1.10
v  1.33 2.30 1.06
v  1.42 2.30 1.15
v  1.44 2.30 1.11
v  1.54 2.30 1.19
v  1.55 2.30 1.15
v  1.66 2.30 1.22
v  1.66 2.30 1.18
v  1.78 2.30 1.24
v  1.78 2.30 1.20
v  1.90 2.30 1.25
v  1.90 2.30 1.21
v  2.02 2.30 1.24
v  2.02 2.30 1.20
v  2.14 2.30 1.22
v  2.14 2.30 1.18
v  2.26 2.30 1.19
v  2.25 2.30 1.15
v  2.38 2.30 1.15
v  2.36 2.30 1.11
v  2.49 2.30 1.10
v  2.47 2.30 1.06
v  2.59 2.30 1.04
v  2.57 2.30 1.00
v  2.69 2.30 0.97
v  2.66 2.30 0.93
v  2.78 2.30 0.88
v  2.75 2.30 0.85
v  2.87 2.30 0.79
v  2.83 2.30 0.76
v  2.94 2.30 0.69
v  2.90 2.30 0.67
v  3.00 2.30 0.59
v  2.96 2.30 0.57
v  3.05 2.30 0.48
v  3.01 2.30 0.46
v  3.09 2.30 0.36
v  3.05 2.30 0.35
v  3.12 2.30 0.24
v  3.08 2.30 0.24
v  3.14 2.30 0.12
v  3.10 2.30 0.12
v  3.08 2.28 0.00
v  3.07 2.28 -0.12
v  3.07 1.90 -0.12
v  3.08 1.90 0.00
v  3.07 2.28 0.12
v  3.07 1.90 0.12
v  3.06 2.28 0.23
v  3.06 1.90 0.23
v  3.03 2.28 0.34
v  3.03 1.90 0.34
v  2.99 2.28 0.45
v  2.99 1.90 0.45
v  2.94 2.28 0.56
v  2.94 1.90 0.56
v  2.88 2.28 0.66
v  2.88 1.90 0.66
v  2.81 2.28 0.75
v  2.81 1.90 0.75
v  2.73 2.28 0.83
v  2.73 1.90 0.83
v  2.65 2.28 0.91
v  2.65 1.90 0.91
v  2.56 2.28 0.98
v  2.56 1.90 0.98
v  2.46 2.28 1.04
v  2.46 1.90 1.04
v  2.35 2.28 1.09
v  2.35 1.90 1.09
v  2.24 2.28 1.13
v  2.24 1.90 1.13
v  2.13 2.28 1.16
v  2.13 1.90 1.16
v  2.02 2.28 1.17
v  2.02 1.90 1.17
v  1.90 2.28 1.18
v  1.90 1.90 1.18
v  1.78 2.28 1.17
v  1.78 1.90 1.17
v  1.67 2.28 1.16
v  1.67 1.90 1.16
v  1.56 2.28 1.13
v  1.56 1.90 1.13
v  1.45 2.28 1.09
v  1.45 1.90 1.09
v  1.34 2.28 1.04
v  1.34 1.90 1.04
v  1.24 2.28 0.98
v  1.24 1.90 0.98
v  1.15 2.28 0.91
v  1.15 1.90 0.91
v  1.07 2.28 0.83
v  1.07 1.90 0.83
v  0.99 2.28 0.75
v  0.99 1.90 0.75
v  0.92 2.28 0.66
v  0.92 1.90 0.66
v  0.86 2.28 0.56
v  0.86 1.90 0.56
v  0.81 2.28 0.45
v  0.81 1.90 0.45
v  0.77 2.28 0.34
v  0.77 1.90 0.34
v  0.74 2.28 0.23
v  0.74 1.90 0.23
v  0.73 2.28 0.12
v  0.73 1.90 0.12
v  0.72 2.28 0.00
v  0.72 1.90 0.00
v  0.73 2.28 -0.12
v  0.73 1.90 -0.12
v  0.74 2.28 -0.23
v  0.74 1.90 -0.23
v  0.77 2.28 -0.34
v  0.77 1.90 -0.34
v  0.81 2.28 -0.45
v  0.81 1.90 -0.45
v  0.86 2.28 -0.56
v  0.86 1.90 -0.56
v  0.92 2.28 -0.66
v  0.92 1.90 -0.66
v  0.99 2.28 -0.75
v  0.99 1.90 -0.75
v  1.07 2.28 -0.83
v  1.07 1.90 -0.83
v  1.15 2.28 -0.91
v  1.15 1.90 -0.91
v  1.24 2.28 -0.98
v  1.24 1.90 -0.98
v  1.34 2.28 -1.04
v  1.34 1.90 -1.04
v  1.45 2.28 -1.09
v  1.45 1.90 -1.09
v  1.56 2.28 -1.13
v  1.56 1.90 -1.13
v  1.67 2.28 -1.16
v  1.67 1.90 -1.16
v  1.78 2.28 -1.17
v  1.78 1.90 -1.17
v  1.90 2.28 -1.18
v  1.90 1.90 -1.18
v  2.02 2.28 -1.17
v  2.02 1.90 -1.17
v  2.13 2.28 -1.16
v  2.13 1.90 -1.16
v  2.24 2.28 -1.13
v  2.24 1.90 -1.13
v  2.35 2.28 -1.09
v  2.35 1.90 -1.09
v  2.46 2.28 -1.04
v  2.46 1.90 -1.04
v  2.56 2.28 -0.98
v  2.56 1.90 -0.98
v  2.65 2.28 -0.91
v  2.65 1.90 -0.91
v  2.73 2.28 -0.83
v  2.73 1.90 -0.83
v  2.81 2.28 -0.75
v  2.81 1.90 -0.75
v  2.88 2.28 -0.66
v  2.88 1.90 -0.66
v  2.94 2.28 -0.56
v  2.94 1.90 -0.56
v  2.99 2.28 -0.45
v  2.99 1.90 -0.45
v  3.03 2.28 -0.34
v  3.03 1.90 -0.34
v  3.06 2.28 -0.23
v  3.06 1.90 -0.23
v  3.17 2.27 -0.12
v  3.17 2.27 0.00
v  3.15 2.27 -0.25
v  3.12 2.27 -0.37
v  3.08 2.27 -0.49
v  3.02 2.27 -0.60
v  2.96 2.27 -0.71
v  2.88 2.27 -0.81
v  2.80 2.27 -0.90
v  2.71 2.27 -0.98
v  2.61 2.27 -1.06
v  2.50 2.27 -1.12
v  2.39 2.27 -1.18
v  2.27 2.27 -1.22
v  2.15 2.27 -1.25
v  2.02 2.27 -1.27
v  1.90 2.27 -1.27
v  1.78 2.27 -1.27
v  1.65 2.27 -1.25
v  1.53 2.27 -1.22
v  1.41 2.27 -1.18
v  1.30 2.27 -1.12
v  1.19 2.27 -1.06
v  1.09 2.27 -0.98
v  1.00 2.27 -0.90
v  0.92 2.27 -0.81
v  0.84 2.27 -0.71
v  0.78 2.27 -0.60
v  0.72 2.27 -0.49
v  0.68 2.27 -0.37
v  0.65 2.27 -0.25
v  0.63 2.27 -0.12
v  0.63 2.27 0.00
v  0.63 2.27 0.12
v  0.65 2.27 0.25
v  0.68 2.27 0.37
v  0.72 2.27 0.49
v  0.78 2.27 0.60
v  0.84 2.27 0.71
v  0.92 2.27 0.81
v  1.00 2.27 0.90
v  1.09 2.27 0.98
v  1.19 2.27 1.06
v  1.30 2.27 1.12
v  1.41 2.27 1.18
v  1.53 2.27 1.22
v  1.65 2.27 1.25
v  1.78 2.27 1.27
v  1.90 2.27 1.27
v  2.02 2.27 1.27
v  2.15 2.27 1.25
v  2.27 2.27 1.22
v  2.39 2.27 1.18
v  2.50 2.27 1.12
v  2.61 2.27 1.06
v  2.71 2.27 0.98
v  2.80 2.27 0.90
v  2.88 2.27 0.81
v  2.96 2.27 0.71
v  3.02 2.27 0.60
v  3.08 2.27 0.49
v  3.12 2.27 0.37
v  3.15 2.27 0.25
v  3.17 2.27 0.12
v  3.09 2.30 -0.12
v  3.09 2.30 0.00
v  3.09 2.30 0.12
v  3.07 2.30 0.23
v  3.04 2.30 0.35
v  3.00 2.30 0.46
v  2.95 2.30 0.56
v  2.89 2.30 0.66
v  2.82 2.30 0.76
v  2.74 2.30 0.84
v  2.66 2.30 0.92
v  2.56 2.30 0.99
v  2.46 2.30 1.05
v  2.36 2.30 1.10
v  2.25 2.30 1.14
v  2.13 2.30 1.17
v  2.02 2.30 1.19
v  1.90 2.30 1.19
v  1.78 2.30 1.19
v  1.67 2.30 1.17
v  1.55 2.30 1.14
v  1.44 2.30 1.10
v  1.34 2.30 1.05
v  1.24 2.30 0.99
v  1.14 2.30 0.92
v  1.06 2.30 0.84
v  0.98 2.30 0.76
v  0.91 2.30 0.66
v  0.85 2.30 0.56
v  0.80 2.30 0.46
v  0.76 2.30 0.35
v  0.73 2.30 0.23
v  0.71 2.30 0.12
v  0.71 2.30 0.00
v  0.71 2.30 -0.12
v  0.73 2.30 -0.23
v  0.76 2.30 -0.35
v  0.80 2.30 -0.46
v  0.85 2.30 -0.56
v  0.91 2.30 -0.66
v  0.98 2.30 -0.76
v  1.06 2.30 -0.84
v  1.14 2.30 -0.92
v  1.24 2.30 -0.99
v  1.34 2.30 -1.05
v  1.44 2.30 -1.10
v  1.55 2.30 -1.14
v  1.67 2.30 -1.17
v  1.78 2.30 -1.19
v  1.90 2.30 -1.19
v  2.02 2.30 -1.19
v  2.13 2.30 -1.17
v  2.25 2.30 -1.14
v  2.36 2.30 -1.10
v  2.46 2.30 -1.05
v  2.56 2.30 -0.99
v  2.66 2.30 -0.92
v  2.74 2.30 -0.84
v  2.82 2.30 -0.76
v  2.89 2.30 -0.66
v  2.95 2.30 -0.56
v  3.00 2.30 -0.46
v  3.04 2.30 -0.35
v  3.07 2.30 -0.23
v  3.16 2.30 0.00
v  3.16 2.30 -0.12
v  3.14 2.30 -0.25
v  3.11 2.30 -0.37
v  3.07 2.30 -0.48
v  3.01 2.30 -0.60
v  2.95 2.30 -0.70
v  2.88 2.30 -0.80
v  2.79 2.30 -0.89
v  2.70 2.30 -0.98
v  2.60 2.30 -1.05
v  2.50 2.30 -1.11
v  2.38 2.30 -1.17
v  2.27 2.30 -1.21
v  2.15 2.30 -1.24
v  2.02 2.30 -1.26
v  1.90 2.30 -1.26
v  1.78 2.30 -1.26
v  1.65 2.30 -1.24
v  1.53 2.30 -1.21
v  1.42 2.30 -1.17
v  1.30 2.30 -1.11
v  1.20 2.30 -1.05
v  1.10 2.30 -0.98
v  1.01 2.30 -0.89
v  0.92 2.30 -0.80
v  0.85 2.30 -0.70
v  0.79 2.30 -0.60
v  0.73 2.30 -0.48
v  0.69 2.30 -0.37
v  0.66 2.30 -0.25
v  0.64 2.30 -0.12
v  0.64 2.30 0.00
v  0.64 2.30 0.12
v  0.66 2.30 0.25
v  0.69 2.30 0.37
v  0.73 2.30 0.48
v  0.79 2.30 0.60
v  0.85 2.30 0.70
v  0.92 2.30 0.80
v  1.01 2.30 0.89
v  1.10 2.30 0.98
v  1.20 2.30 1.05
v  1.30 2.30 1.11
v  1.42 2.30 1.17
v  1.53 2.30 1.21
v  1.65 2.30 1.24
v  1.78 2.30 1.26
v  1.90 2.30 1.26
v  2.02 2.30 1.26
v  2.15 2.30 1.24
v  2.27 2.30 1.21
v  2.38 2.30 1.17
v  2.50 2.30 1.11
v  2.60 2.30 1.05
v  2.70 2.30 0.98
v  2.79 2.30 0.89
v  2.88 2.30 0.80
v  2.95 2.30 0.70
v  3.01 2.30 0.60
v  3.07 2.30 0.48
v  3.11 2.30 0.37
v  3.14 2.30 0.25
v  3.16 2.30 0.12
v  3.08 2.29 -0.12
v  3.08 2.29 0.00
v  3.08 2.29 0.12
v  3.06 2.29 0.23
v  3.03 2.29 0.34
v  2.99 2.29 0.45
v  2.94 2.29 0.56
v  2.88 2.29 0.66
v  2.81 2.29 0.75
v  2.74 2.29 0.84
v  2.65 2.29 0.91
v  2.56 2.29 0.98
v  2.46 2.29 1.04
v  2.35 2.29 1.09
v  2.24 2.29 1.13
v  2.13 2.29 1.16
v  2.02 2.29 1.18
v  1.90 2.29 1.18
v  1.78 2.29 1.18
v  1.67 2.29 1.16
v  1.56 2.29 1.13
v  1.45 2.29 1.09
v  1.34 2.29 1.04
v  1.24 2.29 0.98
v  1.15 2.29 0.91
v  1.06 2.29 0.84
v  0.99 2.29 0.75
v  0.92 2.29 0.66
v  0.86 2.29 0.56
v  0.81 2.29 0.45
v  0.77 2.29 0.34
v  0.74 2.29 0.23
v  0.72 2.29 0.12
v  0.72 2.29 0.00
v  0.72 2.29 -0.12
v  0.74 2.29 -0.23
v  0.77 2.29 -0.34
v  0.81 2.29 -0.45
v  0.86 2.29 -0.56
v  0.92 2.29 -0.66
v  0.99 2.29 -0.75
v  1.06 2.29 -0.84
v  1.15 2.29 -0.91
v  1.24 2.29 -0.98
v  1.34 2.29 -1.04
v  1.45 2.29 -1.09
v  1.56 2.29 -1.13
v  1.67 2.29 -1.16
v  1.78 2.29 -1.18
v  1.90 2.29 -1.18
v  2.02 2.29 -1.18
v  2.13 2.29 -1.16
v  2.24 2.29 -1.13
v  2.35 2.29 -1.09
v  2.46 2.29 -1.04
v  2.56 2.29 -0.98
v  2.65 2.29 -0.91
v  2.74 2.29 -0.84
v  2.81 2.29 -0.75
v  2.88 2.29 -0.66
v  2.94 2.29 -0.56
v  2.99 2.29 -0.45
v  3.03 2.29 -0.34
v  3.06 2.29 -0.23
v  3.17 2.29 0.00
v  3.16 2.29 -0.12
v  3.15 2.29 -0.25
v  3.12 2.29 -0.37
v  3.07 2.29 -0.49
v  3.02 2.29 -0.60
v  2.96 2.29 -0.71
v  2.88 2.29 -0.81
v  2.80 2.29 -0.90
v  2.71 2.29 -0.98
v  2.61 2.29 -1.06
v  2.50 2.29 -1.12
v  2.39 2.29 -1.17
v  2.27 2.29 -1.22
v  2.15 2.29 -1.25
v  2.02 2.29 -1.26
v  1.90 2.29 -1.27
v  1.78 2.29 -1.26
v  1.65 2.29 -1.25
v  1.53 2.29 -1.22
v  1.41 2.29 -1.17
v  1.30 2.29 -1.12
v  1.19 2.29 -1.06
v  1.09 2.29 -0.98
v  1.00 2.29 -0.90
v  0.92 2.29 -0.81
v  0.84 2.29 -0.71
v  0.78 2.29 -0.60
v  0.73 2.29 -0.49
v  0.68 2.29 -0.37
v  0.65 2.29 -0.25
v  0.64 2.29 -0.12
v  0.63 2.29 0.00
v  0.64 2.29 0.12
v  0.65 2.29 0.25
v  0.68 2.29 0.37
v  0.73 2.29 0.49
v  0.78 2.29 0.60
v  0.84 2.29 0.71
v  0.92 2.29 0.81
v  1.00 2.29 0.90
v  1.09 2.29 0.98
v  1.19 2.29 1.06
v  1.30 2.29 1.12
v  1.41 2.29 1.17
v  1.53 2.29 1.22
v  1.65 2.29 1.25
v  1.78 2.29 1.26
v  1.90 2.29 1.27
v  2.02 2.29 1.26
v  2.15 2.29 1.25
v  2.27 2.29 1.22
v  2.39 2.29 1.17
v  2.50 2.29 1.12
v  2.61 2.29 1.06
v  2.71 2.29 0.98
v  2.80 2.29 0.90
v  2.88 2.29 0.81
v  2.96 2.29 0.71
v  3.02 2.29 0.60
v  3.07 2.29 0.49
v  3.12 2.29 0.37
v  3.15 2.29 0.25
v  3.16 2.29 0.12
v  0.00 2.18 18.98
v  0.00 1.92 18.88
v  0.00 1.90 18.80
v  -18.98 2.02 0.00
v  -19.00 2.10 0.00
v  -18.98 2.10 -0.93
v  -18.96 2.02 -0.93
v  -18.94 1.96 0.00
v  -18.92 1.96 -0.93
v  -18.96 2.18 -0.93
v  -18.98 2.18 0.00
v  -18.92 2.24 -0.93
v  -18.94 2.24 0.00
v  -18.91 2.10 -1.86
v  -18.89 2.02 -1.86
v  -18.85 1.96 -1.86
v  -18.89 2.18 -1.86
v  -18.85 2.24 -1.86
v  -18.79 2.10 -2.79
v  -18.77 2.02 -2.78
v  -18.73 1.96 -2.78
v  -18.77 2.18 -2.78
v  -18.73 2.24 -2.78
v  -18.63 2.10 -3.71
v  -18.62 2.02 -3.70
v  -18.58 1.96 -3.69
v  -18.62 2.18 -3.70
v  -18.58 2.24 -3.69
v  -18.43 2.10 -4.62
v  -18.41 2.02 -4.61
v  -18.37 1.96 -4.60
v  -18.41 2.18 -4.61
v  -18.37 2.24 -4.60
v  -18.18 2.10 -5.52
v  -18.16 2.02 -5.51
v  -18.12 1.96 -5.50
v  -18.16 2.18 -5.51
v  -18.12 2.24 -5.50
v  -17.89 2.10 -6.40
v  -17.87 2.02 -6.39
v  -17.83 1.96 -6.38
v  -17.87 2.18 -6.39
v  -17.83 2.24 -6.38
v  -17.55 2.10 -7.27
v  -17.54 2.02 -7.26
v  -17.50 1.96 -7.25
v  -17.54 2.18 -7.26
v  -17.50 2.24 -7.25
v  -17.18 2.10 -8.12
v  -17.16 2.02 -8.11
v  -17.12 1.96 -8.10
v  -17.16 2.18 -8.11
v  -17.12 2.24 -8.10
v  -16.76 2.10 -8.96
v  -16.74 2.02 -8.95
v  -16.70 1.96 -8.93
v  -16.74 2.18 -8.95
v  -16.70 2.24 -8.93
v  -16.30 2.10 -9.77
v  -16.28 2.02 -9.76
v  -16.25 1.96 -9.74
v  -16.28 2.18 -9.76
v  -16.25 2.24 -9.74
v  -15.80 2.10 -10.56
v  -15.78 2.02 -10.54
v  -15.75 1.96 -10.52
v  -15.78 2.18 -10.54
v  -15.75 2.24 -10.52
v  -15.26 2.10 -11.32
v  -15.24 2.02 -11.31
v  -15.21 1.96 -11.28
v  -15.24 2.18 -11.31
v  -15.21 2.24 -11.28
v  -14.69 2.10 -12.05
v  -14.67 2.02 -12.04
v  -14.64 1.96 -12.02
v  -14.67 2.18 -12.04
v  -14.64 2.24 -12.02
v  -14.08 2.10 -12.76
v  -14.06 2.02 -12.75
v  -14.03 1.96 -12.72
v  -14.06 2.18 -12.75
v  -14.03 2.24 -12.72
v  -13.44 2.10 -13.43
v  -13.42 2.02 -13.42
v  -13.39 1.96 -13.39
v  -13.42 2.18 -13.42
v  -13.39 2.24 -13.39
v  -12.76 2.10 -14.08
v  -12.75 2.02 -14.06
v  -12.72 1.96 -14.03
v  -12.75 2.18 -14.06
v  -12.72 2.24 -14.03
v  -12.05 2.10 -14.69
v  -12.04 2.02 -14.67
v  -12.02 1.96 -14.64
v  -12.04 2.18 -14.67
v  -12.02 2.24 -14.64
v  -11.32 2.10 -15.26
v  -11.31 2.02 -15.24
v  -11.28 1.96 -15.21
v  -11.31 2.18 -15.24
v  -11.28 2.24 -15.21
v  -10.56 2.10 -15.80
v  -10.54 2.02 -15.78
v  -10.52 1.96 -15.75
v  -10.54 2.18 -15.78
v  -10.52 2.24 -15.75
v  -9.77 2.10 -16.30
v  -9.76 2.02 -16.28
v  -9.74 1.96 -16.25
v  -9.76 2.18 -16.28
v  -9.74 2.24 -16.25
v  -8.96 2.10 -16.76
v  -8.95 2.02 -16.74
v  -8.93 1.96 -16.70
v  -8.95 2.18 -16.74
v  -8.93 2.24 -16.70
v  -8.12 2.10 -17.18
v  -8.11 2.02 -17.16
v  -8.10 1.96 -17.12
v  -8.11 2.18 -17.16
v  -8.10 2.24 -17.12
v  -7.27 2.10 -17.55
v  -7.26 2.02 -17.54
v  -7.25 1.96 -17.50
v  -7.26 2.18 -17.54
v  -7.25 2.24 -17.50
v  -6.40 2.10 -17.89
v  -6.39 2.02 -17.87
v  -6.38 1.96 -17.83
v  -6.39 2.18 -17.87
v  -6.38 2.24 -17.83
v  -5.52 2.10 -18.18
v  -5.51 2.02 -18.16
v  -5.50 1.96 -18.12
v  -5.51 2.18 -18.16
v  -5.50 2.24 -18.12
v  -4.62 2.10 -18.43
v  -4.61 2.02 -18.41
v  -4.60 1.96 -18.37
v  -4.61 2.18 -18.41
v  -4.60 2.24 -18.37
v  -3.71 2.10 -18.63
v  -3.70 2.02 -18.62
v  -3.70 1.96 -18.58
v  -3.70 2.18 -18.62
v  -3.70 2.24 -18.58
v  -2.79 2.10 -18.79
v  -2.78 2.02 -18.77
v  -2.78 1.96 -18.73
v  -2.78 2.18 -18.77
v  -2.78 2.24 -18.73
v  -1.86 2.10 -18.91
v  -1.86 2.02 -18.89
v  -1.86 1.96 -18.85
v  -1.86 2.18 -18.89
v  -1.86 2.24 -18.85
v  -0.93 2.10 -18.98
v  -0.93 2.02 -18.96
v  -0.93 1.96 -18.92
v  -0.93 2.18 -18.96
v  -0.93 2.24 -18.92
v  -0.93 2.02 18.96
v  -0.93 2.10 18.98
v  -0.93 1.96 18.92
v  -1.86 2.10 18.91
v  -1.86 2.02 18.89
v  -1.86 1.96 18.85
v  -1.86 2.18 18.89
v  -0.93 2.18 18.96
v  -1.86 2.24 18.85
v  -0.93 2.24 18.92
v  -2.79 2.10 18.79
v  -2.78 2.02 18.77
v  -2.78 1.96 18.74
v  -2.78 2.18 18.77
v  -2.78 2.24 18.74
v  -3.71 2.10 18.64
v  -3.70 2.02 18.62
v  -3.69 1.96 18.58
v  -3.70 2.18 18.62
v  -3.69 2.24 18.58
v  -4.62 2.10 18.43
v  -4.61 2.02 18.41
v  -4.60 1.96 18.37
v  -4.61 2.18 18.41
v  -4.60 2.24 18.37
v  -5.52 2.10 18.18
v  -5.51 2.02 18.16
v  -5.50 1.96 18.12
v  -5.51 2.18 18.16
v  -5.50 2.24 18.12
v  -6.40 2.10 17.89
v  -6.39 2.02 17.87
v  -6.38 1.96 17.83
v  -6.39 2.18 17.87
v  -6.38 2.24 17.83
v  -7.27 2.10 17.55
v  -7.26 2.02 17.54
v  -7.25 1.96 17.50
v  -7.26 2.18 17.54
v  -7.25 2.24 17.50
v  -8.12 2.10 17.18
v  -8.11 2.02 17.16
v  -8.10 1.96 17.12
v  -8.11 2.18 17.16
v  -8.10 2.24 17.12
v  -8.96 2.10 16.76
v  -8.95 2.02 16.74
v  -8.93 1.96 16.70
v  -8.95 2.18 16.74
v  -8.93 2.24 16.70
v  -9.77 2.10 16.30
v  -9.76 2.02 16.28
v  -9.74 1.96 16.25
v  -9.76 2.18 16.28
v  -9.74 2.24 16.25
v  -10.56 2.10 15.80
v  -10.54 2.02 15.78
v  -10.52 1.96 15.75
v  -10.54 2.18 15.78
v  -10.52 2.24 15.75
v  -11.32 2.10 15.26
v  -11.31 2.02 15.24
v  -11.28 1.96 15.21
v  -11.31 2.18 15.24
v  -11.28 2.24 15.21
v  -12.05 2.10 14.69
v  -12.04 2.02 14.67
v  -12.02 1.96 14.64
v  -12.04 2.18 14.67
v  -12.02 2.24 14.64
v  -12.76 2.10 14.08
v  -12.75 2.02 14.06
v  -12.72 1.96 14.03
v  -12.75 2.18 14.06
v  -12.72 2.24 14.03
v  -13.44 2.10 13.44
v  -13.42 2.02 13.42
v  -13.39 1.96 13.39
v  -13.42 2.18 13.42
v  -13.39 2.24 13.39
v  -14.08 2.10 12.76
v  -14.06 2.02 12.75
v  -14.03 1.96 12.72
v  -14.06 2.18 12.75
v  -14.03 2.24 12.72
v  -14.69 2.10 12.05
v  -14.67 2.02 12.04
v  -14.64 1.96 12.02
v  -14.67 2.18 12.04
v  -14.64 2.24 12.02
v  -15.26 2.10 11.32
v  -15.24 2.02 11.31
v  -15.21 1.96 11.28
v  -15.24 2.18 11.31
v  -15.21 2.24 11.28
v  -15.80 2.10 10.56
v  -15.78 2.02 10.54
v  -15.75 1.96 10.52
v  -15.78 2.18 10.54
v  -15.75 2.24 10.52
v  -16.30 2.10 9.77
v  -16.28 2.02 9.76
v  -16.25 1.96 9.74
v  -16.28 2.18 9.76
v  -16.25 2.24 9.74
v  -16.76 2.10 8.96
v  -16.74 2.02 8.95
v  -16.70 1.96 8.93
v  -16.74 2.18 8.95
v  -16.70 2.24 8.93
v  -17.18 2.10 8.12
v  -17.16 2.02 8.12
v  -17.12 1.96 8.10
v  -17.16 2.18 8.12
v  -17.12 2.24 8.10
v  -17.55 2.10 7.27
v  -17.54 2.02 7.26
v  -17.50 1.96 7.25
v  -17.54 2.18 7.26
v  -17.50 2.24 7.25
v  -17.89 2.10 6.40
v  -17.87 2.02 6.39
v  -17.83 1.96 6.38
v  -17.87 2.18 6.39
v  -17.83 2.24 6.38
v  -18.18 2.10 5.52
v  -18.16 2.02 5.51
v  -18.12 1.96 5.50
v  -18.16 2.18 5.51
v  -18.12 2.24 5.50
v  -18.43 2.10 4.62
v  -18.41 2.02 4.61
v  -18.37 1.96 4.60
v  -18.41 2.18 4.61
v  -18.37 2.24 4.60
v  -18.63 2.10 3.71
v  -18.62 2.02 3.70
v  -18.58 1.96 3.70
v  -18.62 2.18 3.70
v  -18.58 2.24 3.70
v  -18.79 2.10 2.79
v  -18.77 2.02 2.78
v  -18.73 1.96 2.78
v  -18.77 2.18 2.78
v  -18.73 2.24 2.78
v  -18.91 2.10 1.86
v  -18.89 2.02 1.86
v  -18.85 1.96 1.86
v  -18.89 2.18 1.86
v  -18.85 2.24 1.86
v  -18.98 2.10 0.93
v  -18.96 2.02 0.93
v  -18.92 1.96 0.93
v  -18.96 2.18 0.93
v  -18.92 2.24 0.93
v  -18.86 1.92 0.93
v  -18.78 1.90 0.92
v  -18.71 1.90 1.84
v  -18.79 1.92 1.85
v  -18.60 1.90 2.76
v  -18.68 1.92 2.77
v  -18.44 1.90 3.67
v  -18.52 1.92 3.68
v  -18.24 1.90 4.57
v  -18.31 1.92 4.59
v  -17.99 1.90 5.46
v  -18.07 1.92 5.48
v  -17.70 1.90 6.33
v  -17.78 1.92 6.36
v  -17.37 1.90 7.19
v  -17.44 1.92 7.23
v  -16.99 1.90 8.04
v  -17.07 1.92 8.07
v  -16.58 1.90 8.86
v  -16.65 1.92 8.90
v  -16.13 1.90 9.67
v  -16.19 1.92 9.71
v  -15.63 1.90 10.44
v  -15.70 1.92 10.49
v  -15.10 1.90 11.20
v  -15.16 1.92 11.25
v  -14.53 1.90 11.93
v  -14.59 1.92 11.98
v  -13.93 1.90 12.63
v  -13.99 1.92 12.68
v  -13.29 1.90 13.29
v  -13.35 1.92 13.35
v  -12.63 1.90 13.93
v  -12.68 1.92 13.99
v  -11.93 1.90 14.53
v  -11.98 1.92 14.59
v  -11.20 1.90 15.10
v  -11.25 1.92 15.16
v  -10.44 1.90 15.63
v  -10.49 1.92 15.70
v  -9.67 1.90 16.13
v  -9.71 1.92 16.19
v  -8.86 1.90 16.58
v  -8.90 1.92 16.65
v  -8.04 1.90 17.00
v  -8.07 1.92 17.07
v  -7.19 1.90 17.37
v  -7.23 1.92 17.44
v  -6.33 1.90 17.70
v  -6.36 1.92 17.78
v  -5.46 1.90 17.99
v  -5.48 1.92 18.07
v  -4.57 1.90 18.24
v  -4.59 1.92 18.31
v  -3.67 1.90 18.44
v  -3.68 1.92 18.52
v  -2.76 1.90 18.60
v  -2.77 1.92 18.68
v  -1.84 1.90 18.71
v  -1.85 1.92 18.79
v  -0.92 1.90 18.78
v  -0.93 1.92 18.86
v  -0.92 1.90 -18.78
v  -0.93 1.92 -18.86
v  -1.84 1.90 -18.71
v  -1.85 1.92 -18.79
v  -2.76 1.90 -18.60
v  -2.77 1.92 -18.68
v  -3.67 1.90 -18.44
v  -3.68 1.92 -18.52
v  -4.57 1.90 -18.24
v  -4.59 1.92 -18.31
v  -5.46 1.90 -17.99
v  -5.48 1.92 -18.07
v  -6.33 1.90 -17.70
v  -6.36 1.92 -17.78
v  -7.19 1.90 -17.37
v  -7.23 1.92 -17.44
v  -8.04 1.90 -16.99
v  -8.07 1.92 -17.07
v  -8.86 1.90 -16.58
v  -8.90 1.92 -16.65
v  -9.67 1.90 -16.13
v  -9.71 1.92 -16.19
v  -10.44 1.90 -15.63
v  -10.49 1.92 -15.70
v  -11.20 1.90 -15.10
v  -11.25 1.92 -15.16
v  -11.93 1.90 -14.53
v  -11.98 1.92 -14.59
v  -12.63 1.90 -13.93
v  -12.68 1.92 -13.99
v  -13.29 1.90 -13.29
v  -13.35 1.92 -13.35
v  -13.93 1.90 -12.63
v  -13.99 1.92 -12.68
v  -14.53 1.90 -11.93
v  -14.59 1.92 -11.98
v  -15.10 1.90 -11.20
v  -15.16 1.92 -11.25
v  -15.63 1.90 -10.44
v  -15.70 1.92 -10.49
v  -16.13 1.90 -9.67
v  -16.19 1.92 -9.71
v  -16.58 1.90 -8.86
v  -16.65 1.92 -8.90
v  -16.99 1.90 -8.04
v  -17.07 1.92 -8.07
v  -17.37 1.90 -7.19
v  -17.44 1.92 -7.22
v  -17.70 1.90 -6.33
v  -17.78 1.92 -6.36
v  -17.99 1.90 -5.46
v  -18.07 1.92 -5.48
v  -18.24 1.90 -4.57
v  -18.31 1.92 -4.59
v  -18.44 1.90 -3.67
v  -18.52 1.92 -3.68
v  -18.60 1.90 -2.76
v  -18.68 1.92 -2.77
v  -18.71 1.90 -1.84
v  -18.79 1.92 -1.85
v  -18.78 1.90 -0.92
v  -18.86 1.92 -0.93
v  -18.80 1.90 0.00
v  -18.88 1.92 0.00
v  -18.88 2.28 0.00
v  -18.80 2.30 0.00
v  -18.78 2.30 -0.92
v  -18.86 2.28 -0.93
v  -18.71 2.30 -1.84
v  -18.79 2.28 -1.85
v  -18.60 2.30 -2.76
v  -18.68 2.28 -2.77
v  -18.44 2.30 -3.67
v  -18.52 2.28 -3.68
v  -18.24 2.30 -4.57
v  -18.31 2.28 -4.59
v  -17.99 2.30 -5.46
v  -18.07 2.28 -5.48
v  -17.70 2.30 -6.33
v  -17.78 2.28 -6.36
v  -17.37 2.30 -7.19
v  -17.44 2.28 -7.22
v  -16.99 2.30 -8.04
v  -17.07 2.28 -8.07
v  -16.58 2.30 -8.86
v  -16.65 2.28 -8.90
v  -16.13 2.30 -9.67
v  -16.19 2.28 -9.71
v  -15.63 2.30 -10.44
v  -15.70 2.28 -10.49
v  -15.10 2.30 -11.20
v  -15.16 2.28 -11.25
v  -14.53 2.30 -11.93
v  -14.59 2.28 -11.98
v  -13.93 2.30 -12.63
v  -13.99 2.28 -12.68
v  -13.29 2.30 -13.29
v  -13.35 2.28 -13.35
v  -12.63 2.30 -13.93
v  -12.68 2.28 -13.99
v  -11.93 2.30 -14.53
v  -11.98 2.28 -14.59
v  -11.20 2.30 -15.10
v  -11.25 2.28 -15.16
v  -10.44 2.30 -15.63
v  -10.49 2.28 -15.70
v  -9.67 2.30 -16.13
v  -9.71 2.28 -16.19
v  -8.86 2.30 -16.58
v  -8.90 2.28 -16.65
v  -8.04 2.30 -16.99
v  -8.07 2.28 -17.07
v  -7.19 2.30 -17.37
v  -7.23 2.28 -17.44
v  -6.33 2.30 -17.70
v  -6.36 2.28 -17.78
v  -5.46 2.30 -17.99
v  -5.48 2.28 -18.07
v  -4.57 2.30 -18.24
v  -4.59 2.28 -18.31
v  -3.67 2.30 -18.44
v  -3.68 2.28 -18.52
v  -2.76 2.30 -18.60
v  -2.77 2.28 -18.68
v  -1.84 2.30 -18.71
v  -1.85 2.28 -18.79
v  -0.92 2.30 -18.78
v  -0.93 2.28 -18.86
v  -0.93 2.28 18.86
v  -0.92 2.30 18.78
v  -1.84 2.30 18.71
v  -1.85 2.28 18.79
v  -2.76 2.30 18.60
v  -2.77 2.28 18.68
v  -3.67 2.30 18.44
v  -3.68 2.28 18.52
v  -4.57 2.30 18.24
v  -4.59 2.28 18.31
v  -5.46 2.30 17.99
v  -5.48 2.28 18.07
v  -6.33 2.30 17.70
v  -6.36 2.28 17.78
v  -7.19 2.30 17.37
v  -7.23 2.28 17.44
v  -8.04 2.30 17.00
v  -8.07 2.28 17.07
v  -8.86 2.30 16.58
v  -8.90 2.28 16.65
v  -9.67 2.30 16.13
v  -9.71 2.28 16.19
v  -10.44 2.30 15.63
v  -10.49 2.28 15.70
v  -11.20 2.30 15.10
v  -11.25 2.28 15.16
v  -11.93 2.30 14.53
v  -11.98 2.28 14.59
v  -12.63 2.30 13.93
v  -12.68 2.28 13.99
v  -13.29 2.30 13.29
v  -13.35 2.28 13.35
v  -13.93 2.30 12.63
v  -13.99 2.28 12.68
v  -14.53 2.30 11.93
v  -14.59 2.28 11.98
v  -15.10 2.30 11.20
v  -15.16 2.28 11.25
v  -15.63 2.30 10.44
v  -15.70 2.28 10.49
v  -16.13 2.30 9.67
v  -16.19 2.28 9.71
v  -16.58 2.30 8.86
v  -16.65 2.28 8.90
v  -16.99 2.30 8.04
v  -17.07 2.28 8.07
v  -17.37 2.30 7.19
v  -17.44 2.28 7.23
v  -17.70 2.30 6.33
v  -17.78 2.28 6.36
v  -17.99 2.30 5.46
v  -18.07 2.28 5.48
v  -18.24 2.30 4.57
v  -18.31 2.28 4.59
v  -18.44 2.30 3.67
v  -18.52 2.28 3.68
v  -18.60 2.30 2.76
v  -18.68 2.28 2.77
v  -18.71 2.30 1.84
v  -18.79 2.28 1.85
v  -18.78 2.30 0.92
v  -18.86 2.28 0.93
v  -18.50 2.30 -2.74
v  -18.61 2.30 -1.83
v  -18.68 2.30 -0.92
v  -18.70 2.30 0.00
v  -3.30 2.30 0.00
v  -3.29 2.30 -0.14
v  -3.27 2.30 -0.27
v  -3.24 2.30 -0.41
v  -3.19 2.30 -0.54
v  -0.51 2.30 -0.14
v  -0.50 2.30 0.00
v  -0.53 2.30 -0.27
v  -0.56 2.30 -0.41
v  -0.61 2.30 -0.54
v  -0.67 2.30 -0.66
v  -0.74 2.30 -0.78
v  -0.82 2.30 -0.89
v  -0.91 2.30 -0.99
v  -0.92 2.30 -18.68
v  -1.83 2.30 -18.61
v  -2.74 2.30 -18.50
v  -3.65 2.30 -18.34
v  -4.54 2.30 -18.14
v  -5.43 2.30 -17.89
v  -6.30 2.30 -17.61
v  -7.16 2.30 -17.28
v  -8.00 2.30 -16.90
v  -8.82 2.30 -16.49
v  -9.61 2.30 -16.04
v  -10.39 2.30 -15.55
v  -11.14 2.30 -15.02
v  -11.86 2.30 -14.46
v  -12.56 2.30 -13.86
v  -1.01 2.30 -1.08
v  -1.12 2.30 -1.16
v  -1.24 2.30 -1.23
v  -1.36 2.30 -1.29
v  -1.49 2.30 -1.34
v  -1.63 2.30 -1.37
v  -1.76 2.30 -1.39
v  -1.90 2.30 -1.40
v  -2.04 2.30 -1.39
v  -2.17 2.30 -1.37
v  -2.31 2.30 -1.34
v  -2.44 2.30 -1.29
v  -2.56 2.30 -1.23
v  -2.68 2.30 -1.16
v  -2.79 2.30 -1.08
v  -2.89 2.30 -0.99
v  -2.98 2.30 -0.89
v  -3.06 2.30 -0.78
v  -3.13 2.30 -0.66
v  -13.22 2.30 -13.22
v  -13.86 2.30 -12.56
v  -14.46 2.30 -11.86
v  -15.02 2.30 -11.14
v  -15.55 2.30 -10.39
v  -16.04 2.30 -9.61
v  -16.49 2.30 -8.81
v  -16.90 2.30 -8.00
v  -17.28 2.30 -7.16
v  -17.61 2.30 -6.30
v  -17.89 2.30 -5.43
v  -18.14 2.30 -4.54
v  -18.34 2.30 -3.65
v  -0.50 1.90 0.00
v  -0.51 1.90 -0.14
v  -0.53 1.90 -0.27
v  -0.56 1.90 -0.41
v  -0.61 1.90 -0.54
v  -0.67 1.90 -0.66
v  -0.74 1.90 -0.78
v  -0.82 1.90 -0.89
v  -0.91 1.90 -0.99
v  -1.01 1.90 -1.08
v  -1.12 1.90 -1.16
v  -1.24 1.90 -1.23
v  -1.36 1.90 -1.29
v  -1.49 1.90 -1.34
v  -1.63 1.90 -1.37
v  -1.76 1.90 -1.39
v  -1.90 1.90 -1.40
v  -2.04 1.90 -1.39
v  -3.29 1.90 -0.14
v  -3.30 1.90 0.00
v  -18.70 1.90 0.00
v  -3.27 1.90 -0.27
v  -3.24 1.90 -0.41
v  -3.19 1.90 -0.54
v  -3.13 1.90 -0.66
v  -3.06 1.90 -0.78
v  -2.98 1.90 -0.89
v  -2.89 1.90 -0.99
v  -2.79 1.90 -1.08
v  -2.68 1.90 -1.16
v  -2.56 1.90 -1.23
v  -2.44 1.90 -1.29
v  -2.31 1.90 -1.34
v  -2.17 1.90 -1.37
v  -18.68 1.90 -0.92
v  -18.61 1.90 -1.83
v  -18.50 1.90 -2.74
v  -18.34 1.90 -3.65
v  -18.14 1.90 -4.54
v  -17.89 1.90 -5.43
v  -17.61 1.90 -6.30
v  -17.28 1.90 -7.16
v  -16.90 1.90 -8.00
v  -16.49 1.90 -8.81
v  -16.04 1.90 -9.61
v  -15.55 1.90 -10.39
v  -15.02 1.90 -11.14
v  -14.46 1.90 -11.86
v  -13.86 1.90 -12.56
v  -13.22 1.90 -13.22
v  -12.56 1.90 -13.86
v  -11.86 1.90 -14.46
v  -11.14 1.90 -15.02
v  -10.39 1.90 -15.55
v  -9.61 1.90 -16.04
v  -8.82 1.90 -16.49
v  -8.00 1.90 -16.90
v  -7.16 1.90 -17.28
v  -6.30 1.90 -17.61
v  -5.43 1.90 -17.89
v  -4.54 1.90 -18.14
v  -3.65 1.90 -18.34
v  -2.74 1.90 -18.50
v  -1.83 1.90 -18.61
v  -0.92 1.90 -18.68
v  -3.19 2.10 -0.13
v  -3.19 2.30 -0.13
v  -3.20 2.30 0.00
v  -3.20 2.10 0.00
v  -3.18 2.10 -0.25
v  -3.18 2.30 -0.25
v  -3.14 2.10 -0.38
v  -3.14 2.30 -0.38
v  -3.10 2.10 -0.50
v  -3.10 2.30 -0.50
v  -3.05 2.10 -0.61
v  -3.05 2.30 -0.61
v  -2.98 2.10 -0.72
v  -2.98 2.30 -0.72
v  -2.90 2.10 -0.82
v  -2.90 2.30 -0.82
v  -2.82 2.10 -0.92
v  -2.82 2.30 -0.92
v  -2.72 2.10 -1.00
v  -2.72 2.30 -1.00
v  -2.62 2.10 -1.08
v  -2.62 2.30 -1.08
v  -2.51 2.10 -1.15
v  -2.51 2.30 -1.15
v  -2.40 2.10 -1.20
v  -2.40 2.30 -1.20
v  -2.28 2.10 -1.24
v  -2.28 2.30 -1.24
v  -2.15 2.10 -1.27
v  -2.15 2.30 -1.27
v  -2.03 2.10 -1.29
v  -2.03 2.30 -1.29
v  -1.90 2.10 -1.30
v  -1.90 2.30 -1.30
v  -1.77 2.10 -1.29
v  -1.77 2.30 -1.29
v  -1.65 2.10 -1.27
v  -1.65 2.30 -1.27
v  -1.52 2.10 -1.24
v  -1.52 2.30 -1.24
v  -1.40 2.10 -1.20
v  -1.40 2.30 -1.20
v  -1.29 2.10 -1.15
v  -1.29 2.30 -1.15
v  -1.18 2.10 -1.08
v  -1.18 2.30 -1.08
v  -1.08 2.10 -1.00
v  -1.08 2.30 -1.00
v  -0.98 2.10 -0.92
v  -0.98 2.30 -0.92
v  -0.90 2.10 -0.82
v  -0.90 2.30 -0.82
v  -0.82 2.10 -0.72
v  -0.82 2.30 -0.72
v  -0.75 2.10 -0.61
v  -0.75 2.30 -0.61
v  -0.70 2.10 -0.50
v  -0.70 2.30 -0.50
v  -0.66 2.10 -0.38
v  -0.66 2.30 -0.38
v  -0.62 2.10 -0.25
v  -0.62 2.30 -0.25
v  -0.61 2.10 -0.13
v  -0.61 2.30 -0.13
v  -0.60 2.10 0.00
v  -0.60 2.30 0.00
v  -0.61 2.10 0.13
v  -0.61 2.30 0.13
v  -0.62 2.10 0.25
v  -0.62 2.30 0.25
v  -0.66 2.10 0.38
v  -0.66 2.30 0.38
v  -0.70 2.10 0.50
v  -0.70 2.30 0.50
v  -0.75 2.10 0.61
v  -0.75 2.30 0.61
v  -0.82 2.10 0.72
v  -0.82 2.30 0.72
v  -0.90 2.10 0.82
v  -0.90 2.30 0.82
v  -0.98 2.10 0.92
v  -0.98 2.30 0.92
v  -1.08 2.10 1.01
v  -1.08 2.30 1.01
v  -1.18 2.10 1.08
v  -1.18 2.30 1.08
v  -1.29 2.10 1.15
v  -1.29 2.30 1.15
v  -1.40 2.10 1.20
v  -1.40 2.30 1.20
v  -1.52 2.10 1.24
v  -1.52 2.30 1.24
v  -1.65 2.10 1.28
v  -1.65 2.30 1.28
v  -1.77 2.10 1.29
v  -1.77 2.30 1.29
v  -1.90 2.10 1.30
v  -1.90 2.30 1.30
v  -2.03 2.10 1.29
v  -2.03 2.30 1.29
v  -2.15 2.10 1.28
v  -2.15 2.30 1.28
v  -2.28 2.10 1.24
v  -2.28 2.30 1.24
v  -2.40 2.10 1.20
v  -2.40 2.30 1.20
v  -2.51 2.10 1.15
v  -2.51 2.30 1.15
v  -2.62 2.10 1.08
v  -2.62 2.30 1.08
v  -2.72 2.10 1.01
v  -2.72 2.30 1.01
v  -2.82 2.10 0.92
v  -2.82 2.30 0.92
v  -2.90 2.10 0.82
v  -2.90 2.30 0.82
v  -2.98 2.10 0.72
v  -2.98 2.30 0.72
v  -3.05 2.10 0.61
v  -3.05 2.30 0.61
v  -3.10 2.10 0.50
v  -3.10 2.30 0.50
v  -3.14 2.10 0.38
v  -3.14 2.30 0.38
v  -3.18 2.10 0.25
v  -3.18 2.30 0.25
v  -3.19 2.10 0.13
v  -3.19 2.30 0.13
v  -3.17 2.10 0.00
v  -3.17 2.10 -0.12
v  -3.15 2.10 -0.25
v  -3.12 2.10 -0.37
v  -3.08 2.10 -0.49
v  -3.02 2.10 -0.60
v  -2.96 2.10 -0.71
v  -2.88 2.10 -0.81
v  -2.80 2.10 -0.90
v  -2.71 2.10 -0.98
v  -2.61 2.10 -1.06
v  -2.50 2.10 -1.12
v  -2.39 2.10 -1.18
v  -2.27 2.10 -1.22
v  -2.15 2.10 -1.25
v  -2.02 2.10 -1.27
v  -1.90 2.10 -1.27
v  -1.78 2.10 -1.27
v  -1.65 2.10 -1.25
v  -1.53 2.10 -1.22
v  -1.41 2.10 -1.18
v  -1.30 2.10 -1.12
v  -1.19 2.10 -1.06
v  -1.09 2.10 -0.98
v  -1.00 2.10 -0.90
v  -0.92 2.10 -0.81
v  -0.84 2.10 -0.71
v  -0.78 2.10 -0.60
v  -0.72 2.10 -0.49
v  -0.68 2.10 -0.37
v  -0.65 2.10 -0.25
v  -0.63 2.10 -0.12
v  -0.63 2.10 0.00
v  -0.63 2.10 0.12
v  -0.65 2.10 0.25
v  -0.68 2.10 0.37
v  -0.72 2.10 0.49
v  -0.78 2.10 0.60
v  -0.84 2.10 0.71
v  -0.92 2.10 0.81
v  -1.00 2.10 0.90
v  -1.09 2.10 0.98
v  -1.19 2.10 1.06
v  -1.30 2.10 1.12
v  -1.41 2.10 1.18
v  -1.53 2.10 1.22
v  -1.65 2.10 1.25
v  -1.78 2.10 1.27
v  -1.90 2.10 1.27
v  -2.02 2.10 1.27
v  -2.15 2.10 1.25
v  -2.27 2.10 1.22
v  -2.39 2.10 1.18
v  -2.50 2.10 1.12
v  -2.61 2.10 1.06
v  -2.71 2.10 0.98
v  -2.80 2.10 0.90
v  -2.88 2.10 0.81
v  -2.96 2.10 0.71
v  -3.02 2.10 0.60
v  -3.08 2.10 0.49
v  -3.12 2.10 0.37
v  -3.15 2.10 0.25
v  -3.17 2.10 0.12
v  -3.15 2.30 0.00
v  -3.10 2.30 0.00
v  -3.10 2.30 -0.12
v  -3.14 2.30 -0.12
v  -3.08 2.30 -0.23
v  -3.12 2.30 -0.24
v  -3.05 2.30 -0.35
v  -3.09 2.30 -0.36
v  -3.01 2.30 -0.46
v  -3.05 2.30 -0.48
v  -2.96 2.30 -0.57
v  -3.00 2.30 -0.59
v  -2.90 2.30 -0.67
v  -2.94 2.30 -0.69
v  -2.83 2.30 -0.76
v  -2.87 2.30 -0.79
v  -2.75 2.30 -0.85
v  -2.78 2.30 -0.88
v  -2.66 2.30 -0.93
v  -2.69 2.30 -0.97
v  -2.57 2.30 -1.00
v  -2.59 2.30 -1.04
v  -2.47 2.30 -1.06
v  -2.49 2.30 -1.10
v  -2.36 2.30 -1.11
v  -2.38 2.30 -1.15
v  -2.25 2.30 -1.15
v  -2.26 2.30 -1.19
v  -2.14 2.30 -1.18
v  -2.14 2.30 -1.22
v  -2.02 2.30 -1.20
v  -2.02 2.30 -1.24
v  -1.90 2.30 -1.20
v  -1.90 2.30 -1.25
v  -1.78 2.30 -1.20
v  -1.78 2.30 -1.24
v  -1.66 2.30 -1.18
v  -1.66 2.30 -1.22
v  -1.55 2.30 -1.15
v  -1.54 2.30 -1.19
v  -1.44 2.30 -1.11
v  -1.42 2.30 -1.15
v  -1.33 2.30 -1.06
v  -1.31 2.30 -1.10
v  -1.23 2.30 -1.00
v  -1.21 2.30 -1.04
v  -1.14 2.30 -0.93
v  -1.11 2.30 -0.97
v  -1.05 2.30 -0.85
v  -1.02 2.30 -0.88
v  -0.97 2.30 -0.76
v  -0.93 2.30 -0.79
v  -0.90 2.30 -0.67
v  -0.86 2.30 -0.69
v  -0.84 2.30 -0.57
v  -0.80 2.30 -0.59
v  -0.79 2.30 -0.46
v  -0.75 2.30 -0.48
v  -0.75 2.30 -0.35
v  -0.71 2.30 -0.36
v  -0.72 2.30 -0.23
v  -0.68 2.30 -0.24
v  -0.70 2.30 -0.12
v  -0.66 2.30 -0.12
v  -0.70 2.30 0.00
v  -0.65 2.30 0.00
v  -0.70 2.30 0.12
v  -0.66 2.30 0.12
v  -0.72 2.30 0.24
v  -0.68 2.30 0.24
v  -0.75 2.30 0.35
v  -0.71 2.30 0.36
v  -0.79 2.30 0.46
v  -0.75 2.30 0.48
v  -0.84 2.30 0.57
v  -0.80 2.30 0.59
v  -0.90 2.30 0.67
v  -0.86 2.30 0.69
v  -0.97 2.30 0.76
v  -0.93 2.30 0.79
v  -1.05 2.30 0.85
v  -1.02 2.30 0.88
v  -1.14 2.30 0.93
v  -1.11 2.30 0.97
v  -1.23 2.30 1.00
v  -1.21 2.30 1.04
v  -1.33 2.30 1.06
v  -1.31 2.30 1.10
v  -1.44 2.30 1.11
v  -1.42 2.30 1.15
v  -1.55 2.30 1.15
v  -1.54 2.30 1.19
v  -1.66 2.30 1.18
v  -1.66 2.30 1.22
v  -1.78 2.30 1.20
v  -1.78 2.30 1.24
v  -1.90 2.30 1.21
v  -1.90 2.30 1.25
v  -2.02 2.30 1.20
v  -2.02 2.30 1.24
v  -2.14 2.30 1.18
v  -2.14 2.30 1.22
v  -2.25 2.30 1.15
v  -2.26 2.30 1.19
v  -2.36 2.30 1.11
v  -2.38 2.30 1.15
v  -2.47 2.30 1.06
v  -2.49 2.30 1.10
v  -2.57 2.30 1.00
v  -2.59 2.30 1.04
v  -2.66 2.30 0.93
v  -2.69 2.30 0.97
v  -2.75 2.30 0.85
v  -2.78 2.30 0.88
v  -2.83 2.30 0.76
v  -2.87 2.30 0.79
v  -2.90 2.30 0.67
v  -2.94 2.30 0.69
v  -2.96 2.30 0.57
v  -3.00 2.30 0.59
v  -3.01 2.30 0.46
v  -3.05 2.30 0.48
v  -3.05 2.30 0.35
v  -3.09 2.30 0.36
v  -3.08 2.30 0.24
v  -3.12 2.30 0.24
v  -3.10 2.30 0.12
v  -3.14 2.30 0.12
v  -3.08 2.28 0.00
v  -3.08 1.90 0.00
v  -3.07 1.90 -0.12
v  -3.07 2.28 -0.12
v  -3.07 2.28 0.12
v  -3.07 1.90 0.12
v  -3.06 2.28 0.23
v  -3.06 1.90 0.23
v  -3.03 2.28 0.34
v  -3.03 1.90 0.34
v  -2.99 2.28 0.45
v  -2.99 1.90 0.45
v  -2.94 2.28 0.56
v  -2.94 1.90 0.56
v  -2.88 2.28 0.66
v  -2.88 1.90 0.66
v  -2.81 2.28 0.75
v  -2.81 1.90 0.75
v  -2.73 2.28 0.83
v  -2.73 1.90 0.83
v  -2.65 2.28 0.91
v  -2.65 1.90 0.91
v  -2.56 2.28 0.98
v  -2.56 1.90 0.98
v  -2.46 2.28 1.04
v  -2.46 1.90 1.04
v  -2.35 2.28 1.09
v  -2.35 1.90 1.09
v  -2.24 2.28 1.13
v  -2.24 1.90 1.13
v  -2.13 2.28 1.16
v  -2.13 1.90 1.16
v  -2.02 2.28 1.17
v  -2.02 1.90 1.17
v  -1.90 2.28 1.18
v  -1.90 1.90 1.18
v  -1.78 2.28 1.17
v  -1.78 1.90 1.17
v  -1.67 2.28 1.16
v  -1.67 1.90 1.16
v  -1.56 2.28 1.13
v  -1.56 1.90 1.13
v  -1.45 2.28 1.09
v  -1.45 1.90 1.09
v  -1.34 2.28 1.04
v  -1.34 1.90 1.04
v  -1.24 2.28 0.98
v  -1.24 1.90 0.98
v  -1.15 2.28 0.91
v  -1.15 1.90 0.91
v  -1.07 2.28 0.83
v  -1.07 1.90 0.83
v  -0.99 2.28 0.75
v  -0.99 1.90 0.75
v  -0.92 2.28 0.66
v  -0.92 1.90 0.66
v  -0.86 2.28 0.56
v  -0.86 1.90 0.56
v  -0.81 2.28 0.45
v  -0.81 1.90 0.45
v  -0.77 2.28 0.34
v  -0.77 1.90 0.34
v  -0.74 2.28 0.23
v  -0.74 1.90 0.23
v  -0.73 2.28 0.12
v  -0.73 1.90 0.12
v  -0.72 2.28 0.00
v  -0.72 1.90 0.00
v  -0.73 2.28 -0.12
v  -0.73 1.90 -0.12
v  -0.74 2.28 -0.23
v  -0.74 1.90 -0.23
v  -0.77 2.28 -0.34
v  -0.77 1.90 -0.34
v  -0.81 2.28 -0.45
v  -0.81 1.90 -0.45
v  -0.86 2.28 -0.56
v  -0.86 1.90 -0.56
v  -0.92 2.28 -0.66
v  -0.92 1.90 -0.66
v  -0.99 2.28 -0.75
v  -0.99 1.90 -0.75
v  -1.07 2.28 -0.83
v  -1.07 1.90 -0.83
v  -1.15 2.28 -0.91
v  -1.15 1.90 -0.91
v  -1.24 2.28 -0.98
v  -1.24 1.90 -0.98
v  -1.34 2.28 -1.04
v  -1.34 1.90 -1.04
v  -1.45 2.28 -1.09
v  -1.45 1.90 -1.09
v  -1.56 2.28 -1.13
v  -1.56 1.90 -1.13
v  -1.67 2.28 -1.16
v  -1.67 1.90 -1.16
v  -1.78 2.28 -1.17
v  -1.78 1.90 -1.17
v  -1.90 2.28 -1.18
v  -1.90 1.90 -1.18
v  -2.02 2.28 -1.17
v  -2.02 1.90 -1.17
v  -2.13 2.28 -1.16
v  -2.13 1.90 -1.16
v  -2.24 2.28 -1.13
v  -2.24 1.90 -1.13
v  -2.35 2.28 -1.09
v  -2.35 1.90 -1.09
v  -2.46 2.28 -1.04
v  -2.46 1.90 -1.04
v  -2.56 2.28 -0.98
v  -2.56 1.90 -0.98
v  -2.65 2.28 -0.91
v  -2.65 1.90 -0.91
v  -2.73 2.28 -0.83
v  -2.73 1.90 -0.83
v  -2.81 2.28 -0.75
v  -2.81 1.90 -0.75
v  -2.88 2.28 -0.66
v  -2.88 1.90 -0.66
v  -2.94 2.28 -0.56
v  -2.94 1.90 -0.56
v  -2.99 2.28 -0.45
v  -2.99 1.90 -0.45
v  -3.03 2.28 -0.34
v  -3.03 1.90 -0.34
v  -3.06 2.28 -0.23
v  -3.06 1.90 -0.23
v  -3.17 2.27 -0.12
v  -3.17 2.27 0.00
v  -3.15 2.27 -0.25
v  -3.12 2.27 -0.37
v  -3.08 2.27 -0.49
v  -3.02 2.27 -0.60
v  -2.96 2.27 -0.71
v  -2.88 2.27 -0.81
v  -2.80 2.27 -0.90
v  -2.71 2.27 -0.98
v  -2.61 2.27 -1.06
v  -2.50 2.27 -1.12
v  -2.39 2.27 -1.18
v  -2.27 2.27 -1.22
v  -2.15 2.27 -1.25
v  -2.02 2.27 -1.27
v  -1.90 2.27 -1.27
v  -1.78 2.27 -1.27
v  -1.65 2.27 -1.25
v  -1.53 2.27 -1.22
v  -1.41 2.27 -1.18
v  -1.30 2.27 -1.12
v  -1.19 2.27 -1.06
v  -1.09 2.27 -0.98
v  -1.00 2.27 -0.90
v  -0.92 2.27 -0.81
v  -0.84 2.27 -0.71
v  -0.78 2.27 -0.60
v  -0.72 2.27 -0.49
v  -0.68 2.27 -0.37
v  -0.65 2.27 -0.25
v  -0.63 2.27 -0.12
v  -0.63 2.27 0.00
v  -0.63 2.27 0.12
v  -0.65 2.27 0.25
v  -0.68 2.27 0.37
v  -0.72 2.27 0.49
v  -0.78 2.27 0.60
v  -0.84 2.27 0.71
v  -0.92 2.27 0.81
v  -1.00 2.27 0.90
v  -1.09 2.27 0.98
v  -1.19 2.27 1.06
v  -1.30 2.27 1.12
v  -1.41 2.27 1.18
v  -1.53 2.27 1.22
v  -1.65 2.27 1.25
v  -1.78 2.27 1.27
v  -1.90 2.27 1.27
v  -2.02 2.27 1.27
v  -2.15 2.27 1.25
v  -2.27 2.27 1.22
v  -2.39 2.27 1.18
v  -2.50 2.27 1.12
v  -2.61 2.27 1.06
v  -2.71 2.27 0.98
v  -2.80 2.27 0.90
v  -2.88 2.27 0.81
v  -2.96 2.27 0.71
v  -3.02 2.27 0.60
v  -3.08 2.27 0.49
v  -3.12 2.27 0.37
v  -3.15 2.27 0.25
v  -3.17 2.27 0.12
v  -3.09 2.30 0.00
v  -3.09 2.30 -0.12
v  -3.09 2.30 0.12
v  -3.07 2.30 0.23
v  -3.04 2.30 0.35
v  -3.00 2.30 0.46
v  -2.95 2.30 0.56
v  -2.89 2.30 0.66
v  -2.82 2.30 0.76
v  -2.74 2.30 0.84
v  -2.66 2.30 0.92
v  -2.56 2.30 0.99
v  -2.46 2.30 1.05
v  -2.36 2.30 1.10
v  -2.25 2.30 1.14
v  -2.13 2.30 1.17
v  -2.02 2.30 1.19
v  -1.90 2.30 1.19
v  -1.78 2.30 1.19
v  -1.67 2.30 1.17
v  -1.55 2.30 1.14
v  -1.44 2.30 1.10
v  -1.34 2.30 1.05
v  -1.24 2.30 0.99
v  -1.14 2.30 0.92
v  -1.06 2.30 0.84
v  -0.98 2.30 0.76
v  -0.91 2.30 0.66
v  -0.85 2.30 0.56
v  -0.80 2.30 0.46
v  -0.76 2.30 0.35
v  -0.73 2.30 0.23
v  -0.71 2.30 0.12
v  -0.71 2.30 0.00
v  -0.71 2.30 -0.12
v  -0.73 2.30 -0.23
v  -0.76 2.30 -0.35
v  -0.80 2.30 -0.46
v  -0.85 2.30 -0.56
v  -0.91 2.30 -0.66
v  -0.98 2.30 -0.76
v  -1.06 2.30 -0.84
v  -1.14 2.30 -0.92
v  -1.24 2.30 -0.99
v  -1.34 2.30 -1.05
v  -1.44 2.30 -1.10
v  -1.55 2.30 -1.14
v  -1.67 2.30 -1.17
v  -1.78 2.30 -1.19
v  -1.90 2.30 -1.19
v  -2.02 2.30 -1.19
v  -2.13 2.30 -1.17
v  -2.25 2.30 -1.14
v  -2.36 2.30 -1.10
v  -2.46 2.30 -1.05
v  -2.56 2.30 -0.99
v  -2.66 2.30 -0.92
v  -2.74 2.30 -0.84
v  -2.82 2.30 -0.76
v  -2.89 2.30 -0.66
v  -2.95 2.30 -0.56
v  -3.00 2.30 -0.46
v  -3.04 2.30 -0.35
v  -3.07 2.30 -0.23
v  -3.16 2.30 -0.12
v  -3.16 2.30 0.00
v  -3.14 2.30 -0.25
v  -3.11 2.30 -0.37
v  -3.07 2.30 -0.48
v  -3.01 2.30 -0.60
v  -2.95 2.30 -0.70
v  -2.88 2.30 -0.80
v  -2.79 2.30 -0.89
v  -2.70 2.30 -0.98
v  -2.60 2.30 -1.05
v  -2.50 2.30 -1.11
v  -2.38 2.30 -1.17
v  -2.27 2.30 -1.21
v  -2.15 2.30 -1.24
v  -2.02 2.30 -1.26
v  -1.90 2.30 -1.26
v  -1.78 2.30 -1.26
v  -1.65 2.30 -1.24
v  -1.53 2.30 -1.21
v  -1.42 2.30 -1.17
v  -1.30 2.30 -1.11
v  -1.20 2.30 -1.05
v  -1.10 2.30 -0.98
v  -1.01 2.30 -0.89
v  -0.92 2.30 -0.80
v  -0.85 2.30 -0.70
v  -0.79 2.30 -0.60
v  -0.73 2.30 -0.48
v  -0.69 2.30 -0.37
v  -0.66 2.30 -0.25
v  -0.64 2.30 -0.12
v  -0.64 2.30 0.00
v  -0.64 2.30 0.12
v  -0.66 2.30 0.25
v  -0.69 2.30 0.37
v  -0.73 2.30 0.48
v  -0.79 2.30 0.60
v  -0.85 2.30 0.70
v  -0.92 2.30 0.80
v  -1.01 2.30 0.89
v  -1.10 2.30 0.98
v  -1.20 2.30 1.05
v  -1.30 2.30 1.11
v  -1.42 2.30 1.17
v  -1.53 2.30 1.21
v  -1.65 2.30 1.24
v  -1.78 2.30 1.26
v  -1.90 2.30 1.26
v  -2.02 2.30 1.26
v  -2.15 2.30 1.24
v  -2.27 2.30 1.21
v  -2.38 2.30 1.17
v  -2.50 2.30 1.11
v  -2.60 2.30 1.05
v  -2.70 2.30 0.98
v  -2.79 2.30 0.89
v  -2.88 2.30 0.80
v  -2.95 2.30 0.70
v  -3.01 2.30 0.60
v  -3.07 2.30 0.48
v  -3.11 2.30 0.37
v  -3.14 2.30 0.25
v  -3.16 2.30 0.12
v  -3.08 2.29 0.00
v  -3.08 2.29 -0.12
v  -3.08 2.29 0.12
v  -3.06 2.29 0.23
v  -3.03 2.29 0.34
v  -2.99 2.29 0.45
v  -2.94 2.29 0.56
v  -2.88 2.29 0.66
v  -2.81 2.29 0.75
v  -2.74 2.29 0.84
v  -2.65 2.29 0.91
v  -2.56 2.29 0.98
v  -2.46 2.29 1.04
v  -2.35 2.29 1.09
v  -2.24 2.29 1.13
v  -2.13 2.29 1.16
v  -2.02 2.29 1.18
v  -1.90 2.29 1.18
v  -1.78 2.29 1.18
v  -1.67 2.29 1.16
v  -1.56 2.29 1.13
v  -1.45 2.29 1.09
v  -1.34 2.29 1.04
v  -1.24 2.29 0.98
v  -1.15 2.29 0.91
v  -1.06 2.29 0.84
v  -0.99 2.29 0.75
v  -0.92 2.29 0.66
v  -0.86 2.29 0.56
v  -0.81 2.29 0.45
v  -0.77 2.29 0.34
v  -0.74 2.29 0.23
v  -0.72 2.29 0.12
v  -0.72 2.29 0.00
v  -0.72 2.29 -0.12
v  -0.74 2.29 -0.23
v  -0.77 2.29 -0.34
v  -0.81 2.29 -0.45
v  -0.86 2.29 -0.56
v  -0.92 2.29 -0.66
v  -0.99 2.29 -0.75
v  -1.06 2.29 -0.84
v  -1.15 2.29 -0.91
v  -1.24 2.29 -0.98
v  -1.34 2.29 -1.04
v  -1.45 2.29 -1.09
v  -1.56 2.29 -1.13
v  -1.67 2.29 -1.16
v  -1.78 2.29 -1.18
v  -1.90 2.29 -1.18
v  -2.02 2.29 -1.18
v  -2.13 2.29 -1.16
v  -2.24 2.29 -1.13
v  -2.35 2.29 -1.09
v  -2.46 2.29 -1.04
v  -2.56 2.29 -0.98
v  -2.65 2.29 -0.91
v  -2.74 2.29 -0.84
v  -2.81 2.29 -0.75
v  -2.88 2.29 -0.66
v  -2.94 2.29 -0.56
v  -2.99 2.29 -0.45
v  -3.03 2.29 -0.34
v  -3.06 2.29 -0.23
v  -3.16 2.29 -0.12
v  -3.17 2.29 0.00
v  -3.15 2.29 -0.25
v  -3.12 2.29 -0.37
v  -3.07 2.29 -0.49
v  -3.02 2.29 -0.60
v  -2.96 2.29 -0.71
v  -2.88 2.29 -0.81
v  -2.80 2.29 -0.90
v  -2.71 2.29 -0.98
v  -2.61 2.29 -1.06
v  -2.50 2.29 -1.12
v  -2.39 2.29 -1.17
v  -2.27 2.29 -1.22
v  -2.15 2.29 -1.25
v  -2.02 2.29 -1.26
v  -1.90 2.29 -1.27
v  -1.78 2.29 -1.26
v  -1.65 2.29 -1.25
v  -1.53 2.29 -1.22
v  -1.41 2.29 -1.17
v  -1.30 2.29 -1.12
v  -1.19 2.29 -1.06
v  -1.09 2.29 -0.98
v  -1.00 2.29 -0.90
v  -0.92 2.29 -0.81
v  -0.84 2.29 -0.71
v  -0.78 2.29 -0.60
v  -0.73 2.29 -0.49
v  -0.68 2.29 -0.37
v  -0.65 2.29 -0.25
v  -0.64 2.29 -0.12
v  -0.63 2.29 0.00
v  -0.64 2.29 0.12
v  -0.65 2.29 0.25
v  -0.68 2.29 0.37
v  -0.73 2.29 0.49
v  -0.78 2.29 0.60
v  -0.84 2.29 0.71
v  -0.92 2.29 0.81
v  -1.00 2.29 0.90
v  -1.09 2.29 0.98
v  -1.19 2.29 1.06
v  -1.30 2.29 1.12
v  -1.41 2.29 1.17
v  -1.53 2.29 1.22
v  -1.65 2.29 1.25
v  -1.78 2.29 1.26
v  -1.90 2.29 1.27
v  -2.02 2.29 1.26
v  -2.15 2.29 1.25
v  -2.27 2.29 1.22
v  -2.39 2.29 1.17
v  -2.50 2.29 1.12
v  -2.61 2.29 1.06
v  -2.71 2.29 0.98
v  -2.80 2.29 0.90
v  -2.88 2.29 0.81
v  -2.96 2.29 0.71
v  -3.02 2.29 0.60
v  -3.07 2.29 0.49
v  -3.12 2.29 0.37
v  -3.15 2.29 0.25
v  -3.16 2.29 0.12
v  -1.83 2.30 18.61
v  -0.92 2.30 18.68
v  0.00 2.30 18.70
v  -0.51 2.30 0.14
v  -0.53 2.30 0.27
v  -0.56 2.30 0.41
v  -0.61 2.30 0.54
v  -0.67 2.30 0.66
v  -0.74 2.30 0.78
v  -0.82 2.30 0.89
v  -0.91 2.30 0.99
v  -1.01 2.30 1.08
v  -1.12 2.30 1.16
v  -1.24 2.30 1.23
v  -1.36 2.30 1.29
v  -1.49 2.30 1.34
v  -1.63 2.30 1.37
v  -1.76 2.30 1.39
v  -1.90 2.30 1.40
v  -2.04 2.30 1.39
v  -3.29 2.30 0.14
v  -3.27 2.30 0.27
v  -3.24 2.30 0.41
v  -3.19 2.30 0.54
v  -3.13 2.30 0.66
v  -3.06 2.30 0.78
v  -2.98 2.30 0.89
v  -2.89 2.30 0.99
v  -2.79 2.30 1.08
v  -2.68 2.30 1.16
v  -2.56 2.30 1.23
v  -2.44 2.30 1.29
v  -2.31 2.30 1.34
v  -2.17 2.30 1.37
v  -18.68 2.30 0.92
v  -18.61 2.30 1.83
v  -18.50 2.30 2.74
v  -18.34 2.30 3.65
v  -18.14 2.30 4.54
v  -17.89 2.30 5.43
v  -17.61 2.30 6.30
v  -17.28 2.30 7.16
v  -16.90 2.30 8.00
v  -16.49 2.30 8.82
v  -16.04 2.30 9.61
v  -15.55 2.30 10.39
v  -15.02 2.30 11.14
v  -14.46 2.30 11.86
v  -13.86 2.30 12.56
v  -13.22 2.30 13.22
v  -12.56 2.30 13.86
v  -11.86 2.30 14.46
v  -11.14 2.30 15.02
v  -10.39 2.30 15.55
v  -9.61 2.30 16.04
v  -8.82 2.30 16.49
v  -8.00 2.30 16.90
v  -7.16 2.30 17.28
v  -6.30 2.30 17.61
v  -5.43 2.30 17.89
v  -4.54 2.30 18.14
v  -3.65 2.30 18.34
v  -2.74 2.30 18.50
v  18.68 2.30 0.92
v  3.29 2.30 0.14
v  3.27 2.30 0.27
v  3.24 2.30 0.41
v  0.51 2.30 0.14
v  0.53 2.30 0.27
v  0.56 2.30 0.41
v  0.61 2.30 0.54
v  0.67 2.30 0.66
v  0.74 2.30 0.78
v  0.82 2.30 0.89
v  0.91 2.30 0.99
v  0.92 2.30 18.68
v  1.83 2.30 18.61
v  2.74 2.30 18.50
v  3.65 2.30 18.34
v  4.54 2.30 18.14
v  5.43 2.30 17.89
v  6.30 2.30 17.61
v  7.16 2.30 17.28
v  8.00 2.30 16.90
v  8.82 2.30 16.49
v  9.61 2.30 16.04
v  10.39 2.30 15.55
v  11.14 2.30 15.02
v  11.86 2.30 14.46
v  12.56 2.30 13.86
v  1.01 2.30 1.08
v  1.12 2.30 1.16
v  1.24 2.30 1.23
v  1.36 2.30 1.29
v  1.49 2.30 1.34
v  1.63 2.30 1.37
v  1.76 2.30 1.39
v  1.90 2.30 1.40
v  2.04 2.30 1.39
v  2.17 2.30 1.37
v  2.31 2.30 1.34
v  2.44 2.30 1.29
v  2.56 2.30 1.23
v  2.68 2.30 1.16
v  2.79 2.30 1.08
v  2.89 2.30 0.99
v  2.98 2.30 0.89
v  3.06 2.30 0.78
v  3.13 2.30 0.66
v  3.19 2.30 0.54
v  13.22 2.30 13.22
v  13.86 2.30 12.56
v  14.46 2.30 11.86
v  15.02 2.30 11.14
v  15.55 2.30 10.39
v  16.04 2.30 9.61
v  16.49 2.30 8.82
v  16.90 2.30 8.00
v  17.28 2.30 7.16
v  17.61 2.30 6.30
v  17.89 2.30 5.43
v  18.14 2.30 4.54
v  18.34 2.30 3.65
v  18.50 2.30 2.74
v  18.61 2.30 1.83
v  1.83 1.90 18.61
v  0.92 1.90 18.68
v  -0.00 1.90 18.70
v  0.51 1.90 0.14
v  0.53 1.90 0.27
v  0.56 1.90 0.41
v  0.61 1.90 0.54
v  0.67 1.90 0.66
v  0.74 1.90 0.78
v  0.82 1.90 0.89
v  0.91 1.90 0.99
v  1.01 1.90 1.08
v  1.12 1.90 1.16
v  1.24 1.90 1.23
v  1.36 1.90 1.29
v  1.49 1.90 1.34
v  1.63 1.90 1.37
v  1.76 1.90 1.39
v  1.90 1.90 1.40
v  2.04 1.90 1.39
v  3.29 1.90 0.14
v  3.27 1.90 0.27
v  3.24 1.90 0.41
v  3.19 1.90 0.54
v  3.13 1.90 0.66
v  3.06 1.90 0.78
v  2.98 1.90 0.89
v  2.89 1.90 0.99
v  2.79 1.90 1.08
v  2.68 1.90 1.16
v  2.56 1.90 1.23
v  2.44 1.90 1.29
v  2.31 1.90 1.34
v  2.17 1.90 1.37
v  18.68 1.90 0.92
v  18.61 1.90 1.83
v  18.50 1.90 2.74
v  18.34 1.90 3.65
v  18.14 1.90 4.54
v  17.89 1.90 5.43
v  17.61 1.90 6.30
v  17.28 1.90 7.16
v  16.90 1.90 8.00
v  16.49 1.90 8.82
v  16.04 1.90 9.61
v  15.55 1.90 10.39
v  15.02 1.90 11.14
v  14.46 1.90 11.86
v  13.86 1.90 12.56
v  13.22 1.90 13.22
v  12.56 1.90 13.86
v  11.86 1.90 14.46
v  11.14 1.90 15.02
v  10.39 1.90 15.55
v  9.61 1.90 16.04
v  8.82 1.90 16.49
v  8.00 1.90 16.90
v  7.16 1.90 17.28
v  6.30 1.90 17.61
v  5.43 1.90 17.89
v  4.54 1.90 18.14
v  3.65 1.90 18.34
v  2.74 1.90 18.50
v  -18.68 1.90 0.92
v  -3.29 1.90 0.14
v  -3.27 1.90 0.27
v  -3.24 1.90 0.41
v  -0.51 1.90 0.14
v  -0.53 1.90 0.27
v  -0.56 1.90 0.41
v  -0.61 1.90 0.54
v  -0.67 1.90 0.66
v  -0.74 1.90 0.78
v  -0.82 1.90 0.89
v  -0.91 1.90 0.99
v  -0.92 1.90 18.68
v  -1.83 1.90 18.61
v  -2.74 1.90 18.50
v  -3.65 1.90 18.34
v  -4.54 1.90 18.14
v  -5.43 1.90 17.89
v  -6.30 1.90 17.61
v  -7.16 1.90 17.28
v  -8.00 1.90 16.90
v  -8.82 1.90 16.49
v  -9.61 1.90 16.04
v  -10.39 1.90 15.55
v  -11.14 1.90 15.02
v  -11.86 1.90 14.46
v  -12.56 1.90 13.86
v  -1.01 1.90 1.08
v  -1.12 1.90 1.16
v  -1.24 1.90 1.23
v  -1.36 1.90 1.29
v  -1.49 1.90 1.34
v  -1.63 1.90 1.37
v  -1.76 1.90 1.39
v  -1.90 1.90 1.40
v  -2.04 1.90 1.39
v  -2.17 1.90 1.37
v  -2.31 1.90 1.34
v  -2.44 1.90 1.29
v  -2.56 1.90 1.23
v  -2.68 1.90 1.16
v  -2.79 1.90 1.08
v  -2.89 1.90 0.99
v  -2.98 1.90 0.89
v  -3.06 1.90 0.78
v  -3.13 1.90 0.66
v  -3.19 1.90 0.54
v  -13.22 1.90 13.22
v  -13.86 1.90 12.56
v  -14.46 1.90 11.86
v  -15.02 1.90 11.14
v  -15.55 1.90 10.39
v  -16.04 1.90 9.61
v  -16.49 1.90 8.82
v  -16.90 1.90 8.00
v  -17.28 1.90 7.16
v  -17.61 1.90 6.30
v  -17.89 1.90 5.43
v  -18.14 1.90 4.54
v  -18.34 1.90 3.65
v  -18.50 1.90 2.74
v  -18.61 1.90 1.83
v  3.22 2.30 -0.13
v  3.23 2.30 0.00
v  3.22 2.30 0.13
v  3.20 2.30 0.26
v  3.17 2.30 0.38
v  3.12 2.30 0.51
v  3.07 2.30 0.62
v  3.00 2.30 0.74
v  2.92 2.30 0.84
v  2.84 2.30 0.94
v  2.74 2.30 1.02
v  2.64 2.30 1.10
v  2.52 2.30 1.17
v  2.41 2.30 1.22
v  2.28 2.30 1.27
v  2.16 2.30 1.30
v  2.03 2.30 1.32
v  1.90 2.30 1.33
v  1.77 2.30 1.32
v  1.64 2.30 1.30
v  1.52 2.30 1.27
v  1.39 2.30 1.22
v  1.28 2.30 1.17
v  1.16 2.30 1.10
v  1.06 2.30 1.02
v  0.96 2.30 0.94
v  0.88 2.30 0.84
v  0.80 2.30 0.74
v  0.73 2.30 0.62
v  0.68 2.30 0.51
v  0.63 2.30 0.38
v  0.60 2.30 0.26
v  0.58 2.30 0.13
v  0.57 2.30 0.00
v  0.58 2.30 -0.13
v  0.60 2.30 -0.26
v  0.63 2.30 -0.38
v  0.68 2.30 -0.51
v  0.73 2.30 -0.62
v  0.80 2.30 -0.74
v  0.88 2.30 -0.84
v  0.96 2.30 -0.94
v  1.06 2.30 -1.02
v  1.16 2.30 -1.10
v  1.28 2.30 -1.17
v  1.39 2.30 -1.22
v  1.52 2.30 -1.27
v  1.64 2.30 -1.30
v  1.77 2.30 -1.32
v  1.90 2.30 -1.32
v  2.03 2.30 -1.32
v  2.16 2.30 -1.30
v  2.28 2.30 -1.27
v  2.41 2.30 -1.22
v  2.52 2.30 -1.17
v  2.64 2.30 -1.10
v  2.74 2.30 -1.02
v  2.84 2.30 -0.94
v  2.92 2.30 -0.84
v  3.00 2.30 -0.74
v  3.07 2.30 -0.62
v  3.12 2.30 -0.51
v  3.17 2.30 -0.38
v  3.20 2.30 -0.26
v  3.08 199.65 0.00
v  3.08 199.53 0.00
v  3.07 199.53 -0.12
v  3.07 199.65 -0.12
v  3.05 199.53 -0.23
v  3.05 199.65 -0.23
v  3.02 199.53 -0.34
v  3.02 199.65 -0.34
v  2.99 199.53 -0.45
v  2.99 199.65 -0.45
v  2.94 199.53 -0.55
v  2.94 199.65 -0.55
v  2.88 199.53 -0.65
v  2.88 199.65 -0.65
v  2.81 199.53 -0.75
v  2.81 199.65 -0.75
v  2.73 199.53 -0.83
v  2.73 199.65 -0.83
v  2.65 199.53 -0.91
v  2.65 199.65 -0.91
v  2.55 199.53 -0.98
v  2.55 199.65 -0.98
v  2.45 199.53 -1.04
v  2.45 199.65 -1.04
v  2.35 199.53 -1.09
v  2.35 199.65 -1.09
v  2.24 199.53 -1.12
v  2.24 199.65 -1.12
v  2.13 199.53 -1.15
v  2.13 199.65 -1.15
v  2.02 199.53 -1.17
v  2.02 199.65 -1.17
v  1.90 199.53 -1.17
v  1.90 199.65 -1.17
v  1.78 199.53 -1.17
v  1.78 199.65 -1.17
v  1.67 199.53 -1.15
v  1.67 199.65 -1.15
v  1.56 199.53 -1.12
v  1.56 199.65 -1.12
v  1.45 199.53 -1.09
v  1.45 199.65 -1.09
v  1.35 199.53 -1.04
v  1.35 199.65 -1.04
v  1.25 199.53 -0.98
v  1.25 199.65 -0.98
v  1.15 199.53 -0.91
v  1.15 199.65 -0.91
v  1.07 199.53 -0.83
v  1.07 199.65 -0.83
v  0.99 199.53 -0.75
v  0.99 199.65 -0.75
v  0.92 199.53 -0.65
v  0.92 199.65 -0.65
v  0.86 199.65 -0.55
v  0.85 199.65 -0.58
v  0.88 199.65 -0.61
v  0.81 199.65 -0.45
v  0.81 199.53 -0.45
v  0.78 199.53 -0.34
v  0.78 199.65 -0.34
v  0.75 199.53 -0.23
v  0.75 199.65 -0.23
v  0.73 199.53 -0.12
v  0.73 199.65 -0.12
v  0.73 199.53 0.00
v  0.73 199.65 0.00
v  3.07 199.78 -0.12
v  3.08 199.78 0.00
v  3.05 199.78 -0.23
v  3.02 199.78 -0.34
v  2.99 199.78 -0.45
v  2.94 199.78 -0.55
v  2.88 199.78 -0.65
v  2.81 199.78 -0.75
v  2.73 199.78 -0.83
v  2.65 199.78 -0.91
v  2.55 199.78 -0.98
v  2.45 199.78 -1.04
v  2.35 199.78 -1.09
v  2.24 199.78 -1.12
v  2.13 199.78 -1.15
v  2.02 199.78 -1.17
v  1.90 199.78 -1.17
v  1.78 199.78 -1.17
v  1.67 199.78 -1.15
v  1.56 199.78 -1.12
v  1.45 199.78 -1.09
v  1.35 199.78 -1.04
v  1.25 199.78 -0.98
v  1.15 199.78 -0.91
v  1.07 199.78 -0.83
v  0.99 199.78 -0.75
v  0.92 199.78 -0.65
v  -0.76 199.78 -0.55
v  0.76 199.78 -0.55
v  0.76 199.65 -0.55
v  -0.76 199.65 -0.55
v  0.88 199.78 -0.61
v  0.85 199.78 -0.58
v  0.81 199.65 -0.56
v  0.81 199.78 -0.56
v  0.86 199.53 -0.55
v  3.07 199.53 0.12
v  3.07 199.65 0.12
v  3.05 199.53 0.23
v  3.05 199.65 0.23
v  3.02 199.53 0.34
v  3.02 199.65 0.34
v  2.99 199.53 0.45
v  2.99 199.65 0.45
v  2.94 199.53 0.55
v  2.94 199.65 0.55
v  2.88 199.53 0.65
v  2.88 199.65 0.65
v  2.81 199.53 0.75
v  2.81 199.65 0.75
v  2.73 199.53 0.83
v  2.73 199.65 0.83
v  2.65 199.53 0.91
v  2.65 199.65 0.91
v  2.55 199.53 0.98
v  2.55 199.65 0.98
v  2.45 199.53 1.04
v  2.45 199.65 1.04
v  2.35 199.53 1.09
v  2.35 199.65 1.09
v  2.24 199.53 1.12
v  2.24 199.65 1.12
v  2.13 199.53 1.15
v  2.13 199.65 1.15
v  2.02 199.53 1.17
v  2.02 199.65 1.17
v  1.90 199.53 1.18
v  1.90 199.65 1.18
v  1.78 199.53 1.17
v  1.78 199.65 1.17
v  1.67 199.53 1.15
v  1.67 199.65 1.15
v  1.56 199.53 1.12
v  1.56 199.65 1.12
v  1.45 199.53 1.09
v  1.45 199.65 1.09
v  1.35 199.53 1.04
v  1.35 199.65 1.04
v  1.25 199.53 0.98
v  1.25 199.65 0.98
v  1.15 199.53 0.91
v  1.15 199.65 0.91
v  1.07 199.53 0.83
v  1.07 199.65 0.83
v  0.99 199.53 0.75
v  0.99 199.65 0.75
v  0.92 199.53 0.65
v  0.92 199.65 0.65
v  0.86 199.65 0.55
v  0.88 199.65 0.61
v  0.85 199.65 0.58
v  0.78 199.53 0.34
v  0.81 199.53 0.45
v  0.81 199.65 0.45
v  0.78 199.65 0.34
v  0.75 199.53 0.23
v  0.75 199.65 0.23
v  0.73 199.53 0.12
v  0.73 199.65 0.12
v  3.07 199.78 0.12
v  3.05 199.78 0.23
v  3.02 199.78 0.34
v  2.99 199.78 0.45
v  2.94 199.78 0.55
v  2.88 199.78 0.65
v  2.81 199.78 0.75
v  2.73 199.78 0.83
v  2.65 199.78 0.91
v  2.55 199.78 0.98
v  2.45 199.78 1.04
v  2.35 199.78 1.09
v  2.24 199.78 1.12
v  2.13 199.78 1.15
v  2.02 199.78 1.17
v  1.90 199.78 1.18
v  1.78 199.78 1.17
v  1.67 199.78 1.15
v  1.56 199.78 1.12
v  1.45 199.78 1.09
v  1.35 199.78 1.04
v  1.25 199.78 0.98
v  1.15 199.78 0.91
v  1.07 199.78 0.83
v  0.99 199.78 0.75
v  0.92 199.78 0.65
v  0.76 199.65 0.55
v  0.76 199.78 0.55
v  -0.76 199.78 0.55
v  -0.76 199.65 0.55
v  0.88 199.78 0.61
v  0.85 199.78 0.58
v  0.81 199.65 0.56
v  0.81 199.78 0.56
v  0.86 199.53 0.55
v  -3.07 199.53 -0.12
v  -3.08 199.53 0.00
v  -3.08 199.65 0.00
v  -3.07 199.65 -0.12
v  -3.05 199.53 -0.23
v  -3.05 199.65 -0.23
v  -3.02 199.53 -0.34
v  -3.02 199.65 -0.34
v  -2.99 199.53 -0.45
v  -2.99 199.65 -0.45
v  -2.94 199.53 -0.55
v  -2.94 199.65 -0.55
v  -2.88 199.53 -0.65
v  -2.88 199.65 -0.65
v  -2.81 199.53 -0.75
v  -2.81 199.65 -0.75
v  -2.73 199.53 -0.83
v  -2.73 199.65 -0.83
v  -2.65 199.53 -0.91
v  -2.65 199.65 -0.91
v  -2.55 199.53 -0.98
v  -2.55 199.65 -0.98
v  -2.45 199.53 -1.04
v  -2.45 199.65 -1.04
v  -2.35 199.53 -1.09
v  -2.35 199.65 -1.09
v  -2.24 199.53 -1.12
v  -2.24 199.65 -1.12
v  -2.13 199.53 -1.15
v  -2.13 199.65 -1.15
v  -2.02 199.53 -1.17
v  -2.02 199.65 -1.17
v  -1.90 199.53 -1.17
v  -1.90 199.65 -1.17
v  -1.78 199.53 -1.17
v  -1.78 199.65 -1.17
v  -1.67 199.53 -1.15
v  -1.67 199.65 -1.15
v  -1.56 199.53 -1.12
v  -1.56 199.65 -1.12
v  -1.45 199.53 -1.09
v  -1.45 199.65 -1.09
v  -1.35 199.53 -1.04
v  -1.35 199.65 -1.04
v  -1.25 199.53 -0.98
v  -1.25 199.65 -0.98
v  -1.15 199.53 -0.91
v  -1.15 199.65 -0.91
v  -1.07 199.53 -0.83
v  -1.07 199.65 -0.83
v  -0.99 199.53 -0.75
v  -0.99 199.65 -0.75
v  -0.92 199.53 -0.65
v  -0.92 199.65 -0.65
v  -0.86 199.65 -0.55
v  -0.88 199.65 -0.61
v  -0.85 199.65 -0.58
v  -0.78 199.53 -0.34
v  -0.81 199.53 -0.45
v  -0.81 199.65 -0.45
v  -0.78 199.65 -0.34
v  -0.75 199.53 -0.23
v  -0.75 199.65 -0.23
v  -0.73 199.53 -0.12
v  -0.73 199.65 -0.12
v  -0.73 199.53 0.00
v  -0.73 199.65 0.00
v  -3.07 199.78 -0.12
v  -3.08 199.78 0.00
v  -3.05 199.78 -0.23
v  -3.02 199.78 -0.34
v  -2.99 199.78 -0.45
v  -2.94 199.78 -0.55
v  -2.88 199.78 -0.65
v  -2.81 199.78 -0.75
v  -2.73 199.78 -0.83
v  -2.65 199.78 -0.91
v  -2.55 199.78 -0.98
v  -2.45 199.78 -1.04
v  -2.35 199.78 -1.09
v  -2.24 199.78 -1.12
v  -2.13 199.78 -1.15
v  -2.02 199.78 -1.17
v  -1.90 199.78 -1.17
v  -1.78 199.78 -1.17
v  -1.67 199.78 -1.15
v  -1.56 199.78 -1.12
v  -1.45 199.78 -1.09
v  -1.35 199.78 -1.04
v  -1.25 199.78 -0.98
v  -1.15 199.78 -0.91
v  -1.07 199.78 -0.83
v  -0.99 199.78 -0.75
v  -0.92 199.78 -0.65
v  -0.88 199.78 -0.61
v  -0.85 199.78 -0.58
v  -0.81 199.65 -0.56
v  -0.81 199.78 -0.56
v  -0.86 199.53 -0.55
v  -3.07 199.53 0.12
v  -3.07 199.65 0.12
v  -3.05 199.53 0.23
v  -3.05 199.65 0.23
v  -3.02 199.53 0.34
v  -3.02 199.65 0.34
v  -2.99 199.53 0.45
v  -2.99 199.65 0.45
v  -2.94 199.53 0.55
v  -2.94 199.65 0.55
v  -2.88 199.53 0.65
v  -2.88 199.65 0.65
v  -2.81 199.53 0.75
v  -2.81 199.65 0.75
v  -2.73 199.53 0.83
v  -2.73 199.65 0.83
v  -2.65 199.53 0.91
v  -2.65 199.65 0.91
v  -2.55 199.53 0.98
v  -2.55 199.65 0.98
v  -2.45 199.53 1.04
v  -2.45 199.65 1.04
v  -2.35 199.53 1.09
v  -2.35 199.65 1.09
v  -2.24 199.53 1.12
v  -2.24 199.65 1.12
v  -2.13 199.53 1.15
v  -2.13 199.65 1.15
v  -2.02 199.53 1.17
v  -2.02 199.65 1.17
v  -1.90 199.53 1.18
v  -1.90 199.65 1.18
v  -1.78 199.53 1.17
v  -1.78 199.65 1.17
v  -1.67 199.53 1.15
v  -1.67 199.65 1.15
v  -1.56 199.53 1.12
v  -1.56 199.65 1.12
v  -1.45 199.53 1.09
v  -1.45 199.65 1.09
v  -1.35 199.53 1.04
v  -1.35 199.65 1.04
v  -1.25 199.53 0.98
v  -1.25 199.65 0.98
v  -1.15 199.53 0.91
v  -1.15 199.65 0.91
v  -1.07 199.53 0.83
v  -1.07 199.65 0.83
v  -0.99 199.53 0.75
v  -0.99 199.65 0.75
v  -0.92 199.53 0.65
v  -0.92 199.65 0.65
v  -0.86 199.65 0.55
v  -0.85 199.65 0.58
v  -0.88 199.65 0.61
v  -0.81 199.65 0.45
v  -0.81 199.65 0.56
v  -0.78 199.65 0.34
v  -0.75 199.65 0.23
v  -0.73 199.65 0.12
v  -0.81 199.53 0.45
v  -0.78 199.53 0.34
v  -0.75 199.53 0.23
v  -0.73 199.53 0.12
v  -3.07 199.78 0.12
v  -3.05 199.78 0.23
v  -3.02 199.78 0.34
v  -2.99 199.78 0.45
v  -2.94 199.78 0.55
v  -2.88 199.78 0.65
v  -2.81 199.78 0.75
v  -2.73 199.78 0.83
v  -2.65 199.78 0.91
v  -2.55 199.78 0.98
v  -2.45 199.78 1.04
v  -2.35 199.78 1.09
v  -2.24 199.78 1.12
v  -2.13 199.78 1.15
v  -2.02 199.78 1.17
v  -1.90 199.78 1.18
v  -1.78 199.78 1.17
v  -1.67 199.78 1.15
v  -1.56 199.78 1.12
v  -1.45 199.78 1.09
v  -1.35 199.78 1.04
v  -1.25 199.78 0.98
v  -1.15 199.78 0.91
v  -1.07 199.78 0.83
v  -0.99 199.78 0.75
v  -0.92 199.78 0.65
v  -1.19 199.80 0.87
v  -1.10 199.80 0.80
v  -1.03 199.80 0.71
v  1.03 199.80 0.71
v  1.10 199.80 0.80
v  1.19 199.80 0.87
v  1.28 199.80 0.94
v  1.37 199.80 0.99
v  1.47 199.80 1.04
v  1.57 199.80 1.08
v  1.68 199.80 1.10
v  1.79 199.80 1.12
v  1.90 199.80 1.13
v  2.01 199.80 1.12
v  2.12 199.80 1.10
v  2.23 199.80 1.08
v  2.33 199.80 1.04
v  2.43 199.80 0.99
v  2.52 199.80 0.94
v  2.61 199.80 0.87
v  2.70 199.80 0.80
v  2.77 199.80 0.71
v  2.84 199.80 0.63
v  2.89 199.80 0.53
v  2.94 199.80 0.43
v  2.98 199.80 0.33
v  3.00 199.80 0.22
v  3.02 199.80 0.11
v  3.02 199.80 0.00
v  3.02 199.80 -0.11
v  3.00 199.80 -0.22
v  2.98 199.80 -0.33
v  2.94 199.80 -0.43
v  2.89 199.80 -0.53
v  2.84 199.80 -0.62
v  2.77 199.80 -0.71
v  2.70 199.80 -0.80
v  2.61 199.80 -0.87
v  2.52 199.80 -0.94
v  2.43 199.80 -0.99
v  2.33 199.80 -1.04
v  2.23 199.80 -1.08
v  2.12 199.80 -1.10
v  2.01 199.80 -1.12
v  1.90 199.80 -1.12
v  1.79 199.80 -1.12
v  1.68 199.80 -1.10
v  1.57 199.80 -1.08
v  1.47 199.80 -1.04
v  1.37 199.80 -0.99
v  1.28 199.80 -0.94
v  1.19 199.80 -0.87
v  1.10 199.80 -0.80
v  1.03 199.80 -0.71
v  0.96 199.80 -0.62
v  0.96 199.80 0.62
v  0.92 199.80 0.57
v  0.87 199.80 0.54
v  0.82 199.80 0.51
v  0.77 199.80 0.50
v  0.92 199.80 -0.57
v  0.87 199.80 -0.54
v  -0.77 199.80 0.50
v  -0.82 199.80 0.51
v  -0.87 199.80 0.54
v  0.82 199.80 -0.51
v  0.77 199.80 -0.50
v  -0.77 199.80 -0.50
v  -0.92 199.80 0.57
v  -0.96 199.80 0.62
v  -0.82 199.80 -0.51
v  -0.87 199.80 -0.54
v  -0.92 199.80 -0.57
v  -0.96 199.80 -0.62
v  -1.03 199.80 -0.71
v  -1.10 199.80 -0.80
v  -1.19 199.80 -0.87
v  -1.28 199.80 -0.94
v  -1.37 199.80 -0.99
v  -1.47 199.80 -1.04
v  -1.57 199.80 -1.08
v  -1.68 199.80 -1.10
v  -1.79 199.80 -1.12
v  -1.90 199.80 -1.12
v  -2.01 199.80 -1.12
v  -2.12 199.80 -1.10
v  -2.23 199.80 -1.08
v  -2.33 199.80 -1.04
v  -2.43 199.80 -0.99
v  -2.52 199.80 -0.94
v  -2.61 199.80 -0.87
v  -2.70 199.80 -0.80
v  -2.77 199.80 -0.71
v  -2.84 199.80 -0.62
v  -2.89 199.80 -0.53
v  -2.94 199.80 -0.43
v  -2.98 199.80 -0.33
v  -3.00 199.80 -0.22
v  -3.02 199.80 -0.11
v  -3.02 199.80 0.00
v  -3.02 199.80 0.11
v  -3.00 199.80 0.22
v  -2.98 199.80 0.33
v  -2.94 199.80 0.43
v  -2.89 199.80 0.53
v  -2.84 199.80 0.63
v  -2.77 199.80 0.71
v  -2.70 199.80 0.80
v  -2.61 199.80 0.87
v  -2.52 199.80 0.94
v  -2.43 199.80 0.99
v  -2.33 199.80 1.04
v  -2.23 199.80 1.08
v  -2.12 199.80 1.10
v  -2.01 199.80 1.12
v  -1.90 199.80 1.13
v  -1.79 199.80 1.12
v  -1.68 199.80 1.10
v  -1.57 199.80 1.08
v  -1.47 199.80 1.04
v  -1.37 199.80 0.99
v  -1.28 199.80 0.94
v  -0.88 199.78 0.61
v  -0.85 199.78 0.58
v  -0.81 199.78 0.56
v  -0.86 199.53 0.55
v  3.00 199.50 -0.33
v  3.03 199.50 -0.22
v  3.04 199.50 -0.11
v  3.05 199.50 0.00
v  3.04 199.50 0.11
v  3.03 199.50 0.22
v  3.00 199.50 0.33
v  2.96 199.50 0.44
v  2.91 199.50 0.54
v  2.86 199.50 0.64
v  2.79 199.50 0.73
v  2.71 199.50 0.81
v  2.63 199.50 0.89
v  2.54 199.50 0.96
v  2.44 199.50 1.01
v  2.34 199.50 1.06
v  2.23 199.50 1.10
v  2.12 199.50 1.13
v  2.01 199.50 1.14
v  1.90 199.50 1.15
v  1.79 199.50 1.14
v  1.68 199.50 1.13
v  1.57 199.50 1.10
v  1.46 199.50 1.06
v  1.36 199.50 1.01
v  1.26 199.50 0.96
v  1.17 199.50 0.89
v  1.09 199.50 0.81
v  1.01 199.50 0.73
v  0.94 199.50 0.64
v  0.89 199.50 0.54
v  0.84 199.50 0.44
v  0.80 199.50 0.33
v  0.77 199.50 0.22
v  0.76 199.50 0.11
v  0.75 199.50 0.00
v  0.76 199.50 -0.11
v  0.77 199.50 -0.22
v  0.80 199.50 -0.33
v  0.84 199.50 -0.44
v  0.89 199.50 -0.54
v  0.94 199.50 -0.64
v  1.01 199.50 -0.73
v  1.09 199.50 -0.81
v  1.17 199.50 -0.89
v  1.26 199.50 -0.96
v  1.36 199.50 -1.01
v  1.46 199.50 -1.06
v  1.57 199.50 -1.10
v  1.68 199.50 -1.13
v  1.79 199.50 -1.14
v  1.90 199.50 -1.15
v  2.01 199.50 -1.14
v  2.12 199.50 -1.13
v  2.23 199.50 -1.10
v  2.34 199.50 -1.06
v  2.44 199.50 -1.01
v  2.54 199.50 -0.96
v  2.63 199.50 -0.89
v  2.71 199.50 -0.81
v  2.79 199.50 -0.73
v  2.86 199.50 -0.64
v  2.91 199.50 -0.54
v  2.96 199.50 -0.44
v  -3.03 199.50 0.22
v  -3.04 199.50 0.11
v  -3.05 199.50 0.00
v  -3.04 199.50 -0.11
v  -3.03 199.50 -0.22
v  -3.00 199.50 -0.33
v  -2.96 199.50 -0.44
v  -2.91 199.50 -0.54
v  -2.86 199.50 -0.64
v  -2.79 199.50 -0.73
v  -2.71 199.50 -0.81
v  -2.63 199.50 -0.89
v  -2.54 199.50 -0.96
v  -2.44 199.50 -1.01
v  -2.34 199.50 -1.06
v  -2.23 199.50 -1.10
v  -2.12 199.50 -1.13
v  -2.01 199.50 -1.14
v  -1.90 199.50 -1.15
v  -1.79 199.50 -1.14
v  -1.68 199.50 -1.13
v  -1.57 199.50 -1.10
v  -1.46 199.50 -1.06
v  -1.36 199.50 -1.01
v  -1.26 199.50 -0.96
v  -1.17 199.50 -0.89
v  -1.09 199.50 -0.81
v  -1.01 199.50 -0.73
v  -0.94 199.50 -0.64
v  -0.89 199.50 -0.54
v  -0.84 199.50 -0.44
v  -0.80 199.50 -0.33
v  -0.77 199.50 -0.22
v  -0.76 199.50 -0.11
v  -0.75 199.50 0.00
v  -0.76 199.50 0.11
v  -0.77 199.50 0.22
v  -0.80 199.50 0.33
v  -0.84 199.50 0.44
v  -0.89 199.50 0.54
v  -0.94 199.50 0.64
v  -1.01 199.50 0.73
v  -1.09 199.50 0.81
v  -1.17 199.50 0.89
v  -1.26 199.50 0.96
v  -1.36 199.50 1.01
v  -1.46 199.50 1.06
v  -1.57 199.50 1.10
v  -1.68 199.50 1.13
v  -1.79 199.50 1.14
v  -1.90 199.50 1.15
v  -2.01 199.50 1.14
v  -2.12 199.50 1.13
v  -2.23 199.50 1.10
v  -2.34 199.50 1.06
v  -2.44 199.50 1.01
v  -2.54 199.50 0.96
v  -2.63 199.50 0.89
v  -2.71 199.50 0.81
v  -2.79 199.50 0.73
v  -2.86 199.50 0.64
v  -2.91 199.50 0.54
v  -2.96 199.50 0.44
v  -3.00 199.50 0.33
v  3.05 199.80 0.00
v  3.04 199.80 -0.11
v  3.03 199.80 -0.22
v  3.00 199.80 -0.33
v  2.96 199.80 -0.44
v  2.91 199.80 -0.54
v  2.86 199.80 -0.64
v  2.79 199.80 -0.73
v  2.71 199.80 -0.81
v  2.63 199.80 -0.89
v  2.54 199.80 -0.96
v  2.44 199.80 -1.01
v  2.34 199.80 -1.06
v  2.23 199.80 -1.10
v  2.12 199.80 -1.13
v  2.01 199.80 -1.14
v  1.90 199.80 -1.15
v  1.79 199.80 -1.14
v  1.68 199.80 -1.13
v  1.57 199.80 -1.10
v  1.46 199.80 -1.06
v  1.36 199.80 -1.01
v  1.26 199.80 -0.96
v  1.17 199.80 -0.89
v  1.09 199.80 -0.81
v  1.01 199.80 -0.73
v  0.94 199.80 -0.64
v  0.90 199.80 -0.59
v  0.86 199.80 -0.56
v  0.82 199.80 -0.54
v  0.77 199.80 -0.53
v  -0.77 199.80 -0.53
v  -0.82 199.80 -0.54
v  -0.86 199.80 -0.56
v  -0.90 199.80 -0.59
v  -0.94 199.80 -0.64
v  -1.01 199.80 -0.73
v  -1.09 199.80 -0.81
v  -1.17 199.80 -0.89
v  -1.26 199.80 -0.96
v  -1.36 199.80 -1.01
v  -1.46 199.80 -1.06
v  -1.57 199.80 -1.10
v  -1.68 199.80 -1.13
v  -1.79 199.80 -1.14
v  -1.90 199.80 -1.15
v  -2.01 199.80 -1.14
v  -2.12 199.80 -1.13
v  -2.23 199.80 -1.10
v  -2.34 199.80 -1.06
v  -2.44 199.80 -1.01
v  -2.54 199.80 -0.96
v  -2.63 199.80 -0.89
v  -2.71 199.80 -0.81
v  -2.79 199.80 -0.73
v  -2.86 199.80 -0.64
v  -2.91 199.80 -0.54
v  -2.96 199.80 -0.44
v  -3.00 199.80 -0.33
v  -3.03 199.80 -0.22
v  -3.04 199.80 -0.11
v  -3.05 199.80 0.00
v  -3.04 199.80 0.11
v  -3.03 199.80 0.22
v  -3.00 199.80 0.33
v  -2.96 199.80 0.44
v  -2.91 199.80 0.54
v  -2.86 199.80 0.64
v  -2.79 199.80 0.73
v  -2.71 199.80 0.81
v  -2.63 199.80 0.89
v  -2.54 199.80 0.96
v  -2.44 199.80 1.01
v  -2.34 199.80 1.06
v  -2.23 199.80 1.10
v  -2.12 199.80 1.13
v  -2.01 199.80 1.14
v  -1.90 199.80 1.15
v  -1.79 199.80 1.14
v  -1.68 199.80 1.13
v  -1.57 199.80 1.10
v  -1.46 199.80 1.06
v  -1.36 199.80 1.01
v  -1.26 199.80 0.96
v  -1.17 199.80 0.89
v  -1.09 199.80 0.81
v  -1.01 199.80 0.73
v  -0.94 199.80 0.64
v  -0.90 199.80 0.59
v  -0.86 199.80 0.56
v  -0.82 199.80 0.54
v  -0.77 199.80 0.53
v  0.77 199.80 0.53
v  0.82 199.80 0.54
v  0.86 199.80 0.56
v  0.90 199.80 0.59
v  0.94 199.80 0.64
v  1.01 199.80 0.73
v  1.09 199.80 0.81
v  1.17 199.80 0.89
v  1.26 199.80 0.96
v  1.36 199.80 1.01
v  1.46 199.80 1.06
v  1.57 199.80 1.10
v  1.68 199.80 1.13
v  1.79 199.80 1.14
v  1.90 199.80 1.15
v  2.01 199.80 1.14
v  2.12 199.80 1.13
v  2.23 199.80 1.10
v  2.34 199.80 1.06
v  2.44 199.80 1.01
v  2.54 199.80 0.96
v  2.63 199.80 0.89
v  2.71 199.80 0.81
v  2.79 199.80 0.73
v  2.86 199.80 0.64
v  2.91 199.80 0.54
v  2.96 199.80 0.44
v  3.00 199.80 0.33
v  3.03 199.80 0.22
v  3.04 199.80 0.11
v  0.75 1.90 0.02
v  0.76 1.90 0.11
v  0.76 199.49 0.11
v  0.75 199.49 0.02
v  0.77 1.90 0.22
v  0.77 199.49 0.22
v  0.80 1.90 0.33
v  0.80 199.49 0.33
v  0.84 1.90 0.44
v  0.84 199.49 0.44
v  0.89 1.90 0.54
v  0.89 199.49 0.54
v  0.94 1.90 0.64
v  0.94 199.49 0.64
v  1.01 1.90 0.73
v  1.01 199.49 0.73
v  1.09 1.90 0.81
v  1.09 199.49 0.81
v  1.17 1.90 0.89
v  1.17 199.49 0.89
v  1.26 1.90 0.96
v  1.26 199.49 0.96
v  1.36 1.90 1.01
v  1.36 199.49 1.01
v  1.46 1.90 1.06
v  1.46 199.49 1.06
v  1.57 1.90 1.10
v  1.57 199.49 1.10
v  1.68 1.90 1.13
v  1.68 199.49 1.13
v  1.79 1.90 1.14
v  1.79 199.49 1.14
v  1.90 1.90 1.15
v  1.90 199.49 1.15
v  2.01 1.90 1.14
v  2.01 199.49 1.14
v  2.12 1.90 1.13
v  2.12 199.49 1.13
v  2.23 1.90 1.10
v  2.23 199.49 1.10
v  2.34 1.90 1.06
v  2.34 199.49 1.06
v  2.44 1.90 1.01
v  2.44 199.49 1.01
v  2.54 1.90 0.96
v  2.54 199.49 0.96
v  2.63 1.90 0.89
v  2.63 199.49 0.89
v  2.71 1.90 0.81
v  2.71 199.49 0.81
v  2.79 1.90 0.73
v  2.79 199.49 0.73
v  2.86 1.90 0.64
v  2.86 199.49 0.64
v  2.91 1.90 0.54
v  2.91 199.49 0.54
v  2.96 1.90 0.44
v  2.96 199.49 0.44
v  3.00 1.90 0.33
v  3.00 199.49 0.33
v  3.03 1.90 0.22
v  3.03 199.49 0.22
v  3.04 1.90 0.11
v  3.04 199.49 0.11
v  3.05 1.90 0.02
v  3.05 199.49 0.02
v  0.86 199.49 0.10
v  0.86 1.90 0.10
v  0.85 1.90 0.00
v  0.85 199.49 0.00
v  0.87 199.49 0.20
v  0.87 1.90 0.20
v  0.90 199.49 0.30
v  0.90 1.90 0.30
v  0.93 199.49 0.40
v  0.93 1.90 0.40
v  0.97 199.49 0.50
v  0.97 1.90 0.50
v  1.03 199.49 0.58
v  1.03 1.90 0.58
v  1.09 199.49 0.67
v  1.09 1.90 0.67
v  1.16 199.49 0.74
v  1.16 1.90 0.74
v  1.23 199.49 0.81
v  1.23 1.90 0.81
v  1.32 199.49 0.87
v  1.32 1.90 0.87
v  1.41 199.49 0.93
v  1.41 1.90 0.93
v  1.50 199.49 0.97
v  1.50 1.90 0.97
v  1.60 199.49 1.00
v  1.60 1.90 1.00
v  1.70 199.49 1.03
v  1.70 1.90 1.03
v  1.80 199.49 1.05
v  1.80 1.90 1.05
v  1.90 199.49 1.05
v  1.90 1.90 1.05
v  2.00 199.49 1.05
v  2.00 1.90 1.05
v  2.10 199.49 1.03
v  2.10 1.90 1.03
v  2.20 199.49 1.00
v  2.20 1.90 1.00
v  2.30 199.49 0.97
v  2.30 1.90 0.97
v  2.39 199.49 0.93
v  2.39 1.90 0.93
v  2.48 199.49 0.87
v  2.48 1.90 0.87
v  2.57 199.49 0.81
v  2.57 1.90 0.81
v  2.64 199.49 0.74
v  2.64 1.90 0.74
v  2.71 199.49 0.67
v  2.71 1.90 0.67
v  2.77 199.49 0.58
v  2.77 1.90 0.58
v  2.83 199.49 0.50
v  2.83 1.90 0.50
v  2.87 199.49 0.40
v  2.87 1.90 0.40
v  2.90 199.49 0.30
v  2.90 1.90 0.30
v  2.93 199.49 0.20
v  2.93 1.90 0.20
v  2.94 199.49 0.10
v  2.94 1.90 0.10
v  2.95 199.49 0.00
v  2.95 1.90 0.00
v  0.75 1.90 0.01
v  0.76 1.90 0.00
v  0.77 1.90 0.00
v  0.76 199.50 0.02
v  0.77 199.50 0.11
v  0.85 199.50 0.10
v  0.84 199.50 0.01
v  0.77 199.50 0.01
v  0.76 199.50 0.01
v  0.78 199.50 0.22
v  0.86 199.50 0.21
v  0.81 199.50 0.33
v  0.89 199.50 0.31
v  0.85 199.50 0.44
v  0.92 199.50 0.41
v  0.97 199.50 0.50
v  0.95 199.50 0.63
v  1.02 199.50 0.59
v  1.02 199.50 0.72
v  1.08 199.50 0.67
v  1.15 199.50 0.75
v  1.18 199.50 0.88
v  1.23 199.50 0.82
v  1.27 199.50 0.95
v  1.31 199.50 0.88
v  1.40 199.50 0.93
v  1.46 199.50 1.05
v  1.49 199.50 0.98
v  1.57 199.50 1.09
v  1.59 199.50 1.01
v  1.68 199.50 1.12
v  1.69 199.50 1.04
v  1.79 199.50 1.13
v  1.80 199.50 1.05
v  1.90 199.50 1.14
v  1.90 199.50 1.06
v  2.01 199.50 1.13
v  2.00 199.50 1.05
v  2.12 199.50 1.12
v  2.11 199.50 1.04
v  2.23 199.50 1.09
v  2.21 199.50 1.01
v  2.34 199.50 1.05
v  2.31 199.50 0.98
v  2.40 199.50 0.93
v  2.53 199.50 0.95
v  2.49 199.50 0.88
v  2.62 199.50 0.88
v  2.57 199.50 0.82
v  2.65 199.50 0.75
v  2.78 199.50 0.72
v  2.72 199.50 0.67
v  2.85 199.50 0.63
v  2.78 199.50 0.59
v  2.83 199.50 0.50
v  2.95 199.50 0.44
v  2.88 199.50 0.41
v  2.99 199.50 0.33
v  2.91 199.50 0.31
v  3.02 199.50 0.22
v  2.94 199.50 0.21
v  3.03 199.50 0.11
v  2.95 199.50 0.10
v  3.03 1.90 0.00
v  3.04 1.90 0.00
v  3.05 1.90 0.01
v  3.04 199.50 0.02
v  3.04 199.50 0.01
v  3.03 199.50 0.01
v  2.96 199.50 0.01
v  3.03 199.49 0.00
v  0.77 199.49 0.00
v  3.05 199.49 0.01
v  0.75 199.49 0.01
v  3.04 199.49 0.00
v  0.76 199.49 0.00
v  3.03 1.90 -0.02
v  3.03 1.90 -0.11
v  3.03 199.49 -0.11
v  3.03 199.49 -0.02
v  3.01 1.90 -0.22
v  3.01 199.49 -0.22
v  2.98 1.90 -0.33
v  2.98 199.49 -0.33
v  2.94 1.90 -0.43
v  2.94 199.49 -0.43
v  2.90 1.90 -0.53
v  2.90 199.49 -0.53
v  2.84 1.90 -0.63
v  2.84 199.49 -0.63
v  2.77 1.90 -0.72
v  2.77 199.49 -0.72
v  2.70 1.90 -0.80
v  2.70 199.49 -0.80
v  2.62 1.90 -0.87
v  2.62 199.49 -0.87
v  2.53 1.90 -0.94
v  2.53 199.49 -0.94
v  2.43 1.90 -1.00
v  2.43 199.49 -1.00
v  2.33 1.90 -1.04
v  2.33 199.49 -1.04
v  2.23 1.90 -1.08
v  2.23 199.49 -1.08
v  2.12 1.90 -1.11
v  2.12 199.49 -1.11
v  2.01 1.90 -1.13
v  2.01 199.49 -1.13
v  1.90 1.90 -1.13
v  1.90 199.49 -1.13
v  1.79 1.90 -1.13
v  1.79 199.49 -1.13
v  1.68 1.90 -1.11
v  1.68 199.49 -1.11
v  1.57 1.90 -1.08
v  1.57 199.49 -1.08
v  1.47 1.90 -1.04
v  1.47 199.49 -1.04
v  1.37 1.90 -1.00
v  1.37 199.49 -1.00
v  1.27 1.90 -0.94
v  1.27 199.49 -0.94
v  1.18 1.90 -0.87
v  1.18 199.49 -0.87
v  1.10 1.90 -0.80
v  1.10 199.49 -0.80
v  1.03 1.90 -0.72
v  1.03 199.49 -0.72
v  0.96 1.90 -0.63
v  0.96 199.49 -0.63
v  0.90 1.90 -0.53
v  0.90 199.49 -0.53
v  0.86 1.90 -0.43
v  0.86 199.49 -0.43
v  0.82 1.90 -0.33
v  0.82 199.49 -0.33
v  0.79 1.90 -0.22
v  0.79 199.49 -0.22
v  0.77 1.90 -0.11
v  0.77 199.49 -0.11
v  0.77 1.90 -0.02
v  0.77 199.49 -0.02
v  2.61 199.49 -0.07
v  2.61 1.90 -0.07
v  2.62 1.90 0.00
v  2.62 199.49 0.00
v  2.60 199.49 -0.14
v  2.60 1.90 -0.14
v  2.59 199.49 -0.21
v  2.59 1.90 -0.21
v  2.56 199.49 -0.27
v  2.56 1.90 -0.27
v  2.53 199.49 -0.34
v  2.53 1.90 -0.34
v  2.50 199.49 -0.40
v  2.50 1.90 -0.40
v  2.45 199.49 -0.46
v  2.45 1.90 -0.46
v  2.41 199.49 -0.51
v  2.41 1.90 -0.51
v  2.36 199.49 -0.55
v  2.36 1.90 -0.55
v  2.30 199.49 -0.60
v  2.30 1.90 -0.60
v  2.24 199.49 -0.63
v  2.24 1.90 -0.63
v  2.17 199.49 -0.66
v  2.17 1.90 -0.66
v  2.11 199.49 -0.69
v  2.11 1.90 -0.69
v  2.04 199.49 -0.70
v  2.04 1.90 -0.70
v  1.97 199.49 -0.71
v  1.97 1.90 -0.71
v  1.90 199.49 -0.72
v  1.90 1.90 -0.72
v  1.83 199.49 -0.71
v  1.83 1.90 -0.71
v  1.76 199.49 -0.70
v  1.76 1.90 -0.70
v  1.69 199.49 -0.69
v  1.69 1.90 -0.69
v  1.63 199.49 -0.66
v  1.63 1.90 -0.66
v  1.56 199.49 -0.63
v  1.56 1.90 -0.63
v  1.50 199.49 -0.60
v  1.50 1.90 -0.60
v  1.44 199.49 -0.55
v  1.44 1.90 -0.55
v  1.39 199.49 -0.51
v  1.39 1.90 -0.51
v  1.35 199.49 -0.46
v  1.35 1.90 -0.46
v  1.30 199.49 -0.40
v  1.30 1.90 -0.40
v  1.27 199.49 -0.34
v  1.27 1.90 -0.34
v  1.24 199.49 -0.27
v  1.24 1.90 -0.27
v  1.21 199.49 -0.21
v  1.21 1.90 -0.21
v  1.20 199.49 -0.14
v  1.20 1.90 -0.14
v  1.19 199.49 -0.07
v  1.19 1.90 -0.07
v  1.18 199.49 0.00
v  1.18 1.90 0.00
v  3.03 1.90 -0.01
v  3.02 1.90 -0.00
v  3.01 1.90 0.00
v  3.02 199.50 -0.02
v  3.01 199.50 -0.11
v  2.63 199.50 -0.07
v  2.63 199.50 -0.01
v  3.01 199.50 -0.01
v  3.02 199.50 -0.01
v  3.00 199.50 -0.13
v  2.99 199.50 -0.22
v  2.62 199.50 -0.14
v  2.63 199.50 -0.09
v  2.96 199.50 -0.32
v  2.61 199.50 -0.21
v  2.93 199.50 -0.42
v  2.58 199.50 -0.28
v  2.88 199.50 -0.52
v  2.55 199.50 -0.35
v  2.82 199.50 -0.62
v  2.51 199.50 -0.41
v  2.76 199.50 -0.70
v  2.47 199.50 -0.47
v  2.69 199.50 -0.79
v  2.42 199.50 -0.52
v  2.60 199.50 -0.86
v  2.37 199.50 -0.57
v  2.52 199.50 -0.92
v  2.31 199.50 -0.61
v  2.42 199.50 -0.98
v  2.25 199.50 -0.65
v  2.33 199.50 -1.03
v  2.18 199.50 -0.68
v  2.22 199.50 -1.06
v  2.11 199.50 -0.71
v  2.12 199.50 -1.09
v  2.04 199.50 -0.72
v  2.01 199.50 -1.11
v  1.97 199.50 -0.73
v  1.90 199.50 -1.11
v  1.90 199.50 -0.74
v  1.79 199.50 -1.11
v  1.83 199.50 -0.73
v  1.68 199.50 -1.09
v  1.76 199.50 -0.72
v  1.58 199.50 -1.06
v  1.69 199.50 -0.71
v  1.47 199.50 -1.03
v  1.62 199.50 -0.68
v  1.38 199.50 -0.98
v  1.55 199.50 -0.65
v  1.28 199.50 -0.92
v  1.49 199.50 -0.61
v  1.20 199.50 -0.86
v  1.43 199.50 -0.57
v  1.11 199.50 -0.79
v  1.38 199.50 -0.52
v  1.04 199.50 -0.70
v  1.33 199.50 -0.47
v  0.98 199.50 -0.62
v  1.29 199.50 -0.41
v  0.92 199.50 -0.52
v  1.25 199.50 -0.35
v  0.87 199.50 -0.42
v  1.22 199.50 -0.28
v  0.84 199.50 -0.32
v  1.19 199.50 -0.21
v  0.81 199.50 -0.22
v  1.18 199.50 -0.14
v  0.79 199.50 -0.11
v  1.17 199.50 -0.07
v  0.79 1.90 0.00
v  0.78 1.90 -0.00
v  0.77 1.90 -0.01
v  1.16 199.50 -0.02
v  0.79 199.50 -0.02
v  3.01 199.49 0.00
v  0.79 199.49 0.00
v  3.03 199.49 -0.01
v  0.77 199.49 -0.01
v  3.02 199.49 -0.00
v  0.78 199.49 -0.00
v  3.01 199.50 -0.12
v  2.97 199.50 -0.32
v  2.93 199.50 -0.43
v  2.88 199.50 -0.53
v  2.83 199.50 -0.62
v  2.76 199.50 -0.71
v  2.61 199.50 -0.86
v  2.52 199.50 -0.93
v  2.43 199.50 -0.98
v  2.22 199.50 -1.07
v  1.90 199.50 -1.12
v  1.58 199.50 -1.07
v  1.37 199.50 -0.98
v  1.28 199.50 -0.93
v  1.19 199.50 -0.86
v  1.04 199.50 -0.71
v  0.97 199.50 -0.62
v  0.92 199.50 -0.53
v  0.87 199.50 -0.43
v  0.83 199.50 -0.32
v  0.78 199.50 -0.02
v  0.79 199.50 -0.01
v  1.17 199.50 -0.01
v  1.20 199.50 -0.21
v  1.33 199.50 -0.46
v  1.44 199.50 -0.57
v  1.69 199.50 -0.70
v  1.90 199.50 -0.73
v  2.11 199.50 -0.70
v  2.36 199.50 -0.57
v  2.47 199.50 -0.46
v  2.60 199.50 -0.21
v  2.62 199.50 -0.08
v  -0.75 1.90 -0.02
v  -0.76 1.90 -0.11
v  -0.76 199.49 -0.11
v  -0.75 199.49 -0.02
v  -0.77 1.90 -0.22
v  -0.77 199.49 -0.22
v  -0.80 1.90 -0.33
v  -0.80 199.49 -0.33
v  -0.84 1.90 -0.44
v  -0.84 199.49 -0.44
v  -0.89 1.90 -0.54
v  -0.89 199.49 -0.54
v  -0.94 1.90 -0.64
v  -0.94 199.49 -0.64
v  -1.01 1.90 -0.73
v  -1.01 199.49 -0.73
v  -1.09 1.90 -0.81
v  -1.09 199.49 -0.81
v  -1.17 1.90 -0.89
v  -1.17 199.49 -0.89
v  -1.26 1.90 -0.96
v  -1.26 199.49 -0.96
v  -1.36 1.90 -1.01
v  -1.36 199.49 -1.01
v  -1.46 1.90 -1.06
v  -1.46 199.49 -1.06
v  -1.57 1.90 -1.10
v  -1.57 199.49 -1.10
v  -1.68 1.90 -1.13
v  -1.68 199.49 -1.13
v  -1.79 1.90 -1.14
v  -1.79 199.49 -1.14
v  -1.90 1.90 -1.15
v  -1.90 199.49 -1.15
v  -2.01 1.90 -1.14
v  -2.01 199.49 -1.14
v  -2.12 1.90 -1.13
v  -2.12 199.49 -1.13
v  -2.23 1.90 -1.10
v  -2.23 199.49 -1.10
v  -2.34 1.90 -1.06
v  -2.34 199.49 -1.06
v  -2.44 1.90 -1.01
v  -2.44 199.49 -1.01
v  -2.54 1.90 -0.96
v  -2.54 199.49 -0.96
v  -2.63 1.90 -0.89
v  -2.63 199.49 -0.89
v  -2.71 1.90 -0.81
v  -2.71 199.49 -0.81
v  -2.79 1.90 -0.73
v  -2.79 199.49 -0.73
v  -2.86 1.90 -0.64
v  -2.86 199.49 -0.64
v  -2.91 1.90 -0.54
v  -2.91 199.49 -0.54
v  -2.96 1.90 -0.44
v  -2.96 199.49 -0.44
v  -3.00 1.90 -0.33
v  -3.00 199.49 -0.33
v  -3.03 1.90 -0.22
v  -3.03 199.49 -0.22
v  -3.04 1.90 -0.11
v  -3.04 199.49 -0.11
v  -3.05 1.90 -0.02
v  -3.05 199.49 -0.02
v  -0.86 199.49 -0.10
v  -0.86 1.90 -0.10
v  -0.85 1.90 0.00
v  -0.85 199.49 0.00
v  -0.87 199.49 -0.20
v  -0.87 1.90 -0.20
v  -0.90 199.49 -0.30
v  -0.90 1.90 -0.30
v  -0.93 199.49 -0.40
v  -0.93 1.90 -0.40
v  -0.97 199.49 -0.49
v  -0.97 1.90 -0.49
v  -1.03 199.49 -0.58
v  -1.03 1.90 -0.58
v  -1.09 199.49 -0.67
v  -1.09 1.90 -0.67
v  -1.16 199.49 -0.74
v  -1.16 1.90 -0.74
v  -1.23 199.49 -0.81
v  -1.23 1.90 -0.81
v  -1.32 199.49 -0.87
v  -1.32 1.90 -0.87
v  -1.41 199.49 -0.93
v  -1.41 1.90 -0.93
v  -1.50 199.49 -0.97
v  -1.50 1.90 -0.97
v  -1.60 199.49 -1.00
v  -1.60 1.90 -1.00
v  -1.70 199.49 -1.03
v  -1.70 1.90 -1.03
v  -1.80 199.49 -1.04
v  -1.80 1.90 -1.04
v  -1.90 199.49 -1.05
v  -1.90 1.90 -1.05
v  -2.00 199.49 -1.04
v  -2.00 1.90 -1.04
v  -2.10 199.49 -1.03
v  -2.10 1.90 -1.03
v  -2.20 199.49 -1.00
v  -2.20 1.90 -1.00
v  -2.30 199.49 -0.97
v  -2.30 1.90 -0.97
v  -2.39 199.49 -0.93
v  -2.39 1.90 -0.93
v  -2.48 199.49 -0.87
v  -2.48 1.90 -0.87
v  -2.57 199.49 -0.81
v  -2.57 1.90 -0.81
v  -2.64 199.49 -0.74
v  -2.64 1.90 -0.74
v  -2.71 199.49 -0.67
v  -2.71 1.90 -0.67
v  -2.77 199.49 -0.58
v  -2.77 1.90 -0.58
v  -2.83 199.49 -0.49
v  -2.83 1.90 -0.49
v  -2.87 199.49 -0.40
v  -2.87 1.90 -0.40
v  -2.90 199.49 -0.30
v  -2.90 1.90 -0.30
v  -2.93 199.49 -0.20
v  -2.93 1.90 -0.20
v  -2.94 199.49 -0.10
v  -2.94 1.90 -0.10
v  -2.95 199.49 0.00
v  -2.95 1.90 0.00
v  -0.75 1.90 -0.01
v  -0.76 1.90 -0.00
v  -0.77 1.90 0.00
v  -0.76 199.50 -0.02
v  -0.77 199.50 -0.11
v  -0.85 199.50 -0.10
v  -0.84 199.50 -0.01
v  -0.77 199.50 -0.01
v  -0.76 199.50 -0.01
v  -0.78 199.50 -0.22
v  -0.86 199.50 -0.21
v  -0.81 199.50 -0.33
v  -0.89 199.50 -0.31
v  -0.85 199.50 -0.44
v  -0.92 199.50 -0.41
v  -0.97 199.50 -0.50
v  -0.95 199.50 -0.63
v  -1.02 199.50 -0.59
v  -1.02 199.50 -0.72
v  -1.08 199.50 -0.67
v  -1.15 199.50 -0.75
v  -1.18 199.50 -0.88
v  -1.23 199.50 -0.82
v  -1.27 199.50 -0.95
v  -1.31 199.50 -0.88
v  -1.40 199.50 -0.93
v  -1.46 199.50 -1.05
v  -1.49 199.50 -0.98
v  -1.57 199.50 -1.09
v  -1.59 199.50 -1.01
v  -1.68 199.50 -1.12
v  -1.69 199.50 -1.04
v  -1.79 199.50 -1.13
v  -1.80 199.50 -1.05
v  -1.90 199.50 -1.14
v  -1.90 199.50 -1.06
v  -2.01 199.50 -1.13
v  -2.00 199.50 -1.05
v  -2.12 199.50 -1.12
v  -2.11 199.50 -1.04
v  -2.23 199.50 -1.09
v  -2.21 199.50 -1.01
v  -2.34 199.50 -1.05
v  -2.31 199.50 -0.98
v  -2.40 199.50 -0.93
v  -2.53 199.50 -0.95
v  -2.49 199.50 -0.88
v  -2.62 199.50 -0.88
v  -2.57 199.50 -0.82
v  -2.65 199.50 -0.75
v  -2.78 199.50 -0.72
v  -2.72 199.50 -0.67
v  -2.85 199.50 -0.63
v  -2.78 199.50 -0.59
v  -2.83 199.50 -0.50
v  -2.95 199.50 -0.44
v  -2.88 199.50 -0.41
v  -2.99 199.50 -0.33
v  -2.91 199.50 -0.31
v  -3.02 199.50 -0.22
v  -2.94 199.50 -0.21
v  -3.03 199.50 -0.11
v  -2.95 199.50 -0.10
v  -3.03 1.90 0.00
v  -3.04 1.90 -0.00
v  -3.05 1.90 -0.01
v  -3.04 199.50 -0.02
v  -3.04 199.50 -0.01
v  -3.03 199.50 -0.01
v  -2.96 199.50 -0.01
v  -3.03 199.49 0.00
v  -0.77 199.49 0.00
v  -3.05 199.49 -0.01
v  -0.75 199.49 -0.01
v  -3.04 199.49 -0.00
v  -0.76 199.49 -0.00
v  -3.03 1.90 0.02
v  -3.03 1.90 0.11
v  -3.03 199.49 0.11
v  -3.03 199.49 0.02
v  -3.01 1.90 0.22
v  -3.01 199.49 0.22
v  -2.98 1.90 0.33
v  -2.98 199.49 0.33
v  -2.94 1.90 0.43
v  -2.94 199.49 0.43
v  -2.90 1.90 0.53
v  -2.90 199.49 0.53
v  -2.84 1.90 0.63
v  -2.84 199.49 0.63
v  -2.77 1.90 0.72
v  -2.77 199.49 0.72
v  -2.70 1.90 0.80
v  -2.70 199.49 0.80
v  -2.62 1.90 0.87
v  -2.62 199.49 0.87
v  -2.53 1.90 0.94
v  -2.53 199.49 0.94
v  -2.43 1.90 1.00
v  -2.43 199.49 1.00
v  -2.33 1.90 1.04
v  -2.33 199.49 1.04
v  -2.23 1.90 1.08
v  -2.23 199.49 1.08
v  -2.12 1.90 1.11
v  -2.12 199.49 1.11
v  -2.01 1.90 1.13
v  -2.01 199.49 1.13
v  -1.90 1.90 1.13
v  -1.90 199.49 1.13
v  -1.79 1.90 1.13
v  -1.79 199.49 1.13
v  -1.68 1.90 1.11
v  -1.68 199.49 1.11
v  -1.57 1.90 1.08
v  -1.57 199.49 1.08
v  -1.47 1.90 1.04
v  -1.47 199.49 1.04
v  -1.37 1.90 1.00
v  -1.37 199.49 1.00
v  -1.27 1.90 0.94
v  -1.27 199.49 0.94
v  -1.18 1.90 0.87
v  -1.18 199.49 0.87
v  -1.10 1.90 0.80
v  -1.10 199.49 0.80
v  -1.03 1.90 0.72
v  -1.03 199.49 0.72
v  -0.96 1.90 0.63
v  -0.96 199.49 0.63
v  -0.90 1.90 0.53
v  -0.90 199.49 0.53
v  -0.86 1.90 0.43
v  -0.86 199.49 0.43
v  -0.82 1.90 0.33
v  -0.82 199.49 0.33
v  -0.79 1.90 0.22
v  -0.79 199.49 0.22
v  -0.77 1.90 0.11
v  -0.77 199.49 0.11
v  -0.77 1.90 0.02
v  -0.77 199.49 0.02
v  -2.61 199.49 0.07
v  -2.61 1.90 0.07
v  -2.62 1.90 0.00
v  -2.62 199.49 0.00
v  -2.60 199.49 0.14
v  -2.60 1.90 0.14
v  -2.59 199.49 0.21
v  -2.59 1.90 0.21
v  -2.56 199.49 0.27
v  -2.56 1.90 0.27
v  -2.53 199.49 0.34
v  -2.53 1.90 0.34
v  -2.50 199.49 0.40
v  -2.50 1.90 0.40
v  -2.45 199.49 0.46
v  -2.45 1.90 0.46
v  -2.41 199.49 0.51
v  -2.41 1.90 0.51
v  -2.36 199.49 0.55
v  -2.36 1.90 0.55
v  -2.30 199.49 0.60
v  -2.30 1.90 0.60
v  -2.24 199.49 0.63
v  -2.24 1.90 0.63
v  -2.17 199.49 0.66
v  -2.17 1.90 0.66
v  -2.11 199.49 0.69
v  -2.11 1.90 0.69
v  -2.04 199.49 0.70
v  -2.04 1.90 0.70
v  -1.97 199.49 0.71
v  -1.97 1.90 0.71
v  -1.90 199.49 0.72
v  -1.90 1.90 0.72
v  -1.83 199.49 0.71
v  -1.83 1.90 0.71
v  -1.76 199.49 0.70
v  -1.76 1.90 0.70
v  -1.69 199.49 0.69
v  -1.69 1.90 0.69
v  -1.63 199.49 0.66
v  -1.63 1.90 0.66
v  -1.56 199.49 0.63
v  -1.56 1.90 0.63
v  -1.50 199.49 0.60
v  -1.50 1.90 0.60
v  -1.44 199.49 0.55
v  -1.44 1.90 0.55
v  -1.39 199.49 0.51
v  -1.39 1.90 0.51
v  -1.35 199.49 0.46
v  -1.35 1.90 0.46
v  -1.30 199.49 0.40
v  -1.30 1.90 0.40
v  -1.27 199.49 0.34
v  -1.27 1.90 0.34
v  -1.24 199.49 0.27
v  -1.24 1.90 0.27
v  -1.21 199.49 0.21
v  -1.21 1.90 0.21
v  -1.20 199.49 0.14
v  -1.20 1.90 0.14
v  -1.19 199.49 0.07
v  -1.19 1.90 0.07
v  -1.18 199.49 0.00
v  -1.18 1.90 0.00
v  -3.03 1.90 0.01
v  -3.02 1.90 0.00
v  -3.01 1.90 0.00
v  -3.02 199.50 0.02
v  -3.01 199.50 0.11
v  -2.63 199.50 0.07
v  -2.63 199.50 0.02
v  -3.01 199.50 0.01
v  -3.02 199.50 0.01
v  -3.00 199.50 0.13
v  -2.99 199.50 0.22
v  -2.62 199.50 0.14
v  -2.63 199.50 0.09
v  -2.96 199.50 0.32
v  -2.61 199.50 0.21
v  -2.93 199.50 0.43
v  -2.58 199.50 0.28
v  -2.88 199.50 0.52
v  -2.55 199.50 0.35
v  -2.82 199.50 0.62
v  -2.51 199.50 0.41
v  -2.76 199.50 0.70
v  -2.47 199.50 0.47
v  -2.69 199.50 0.79
v  -2.42 199.50 0.52
v  -2.60 199.50 0.86
v  -2.37 199.50 0.57
v  -2.52 199.50 0.92
v  -2.31 199.50 0.61
v  -2.42 199.50 0.98
v  -2.25 199.50 0.65
v  -2.33 199.50 1.03
v  -2.18 199.50 0.68
v  -2.22 199.50 1.06
v  -2.11 199.50 0.71
v  -2.12 199.50 1.09
v  -2.04 199.50 0.72
v  -2.01 199.50 1.11
v  -1.97 199.50 0.73
v  -1.90 199.50 1.11
v  -1.90 199.50 0.74
v  -1.79 199.50 1.11
v  -1.83 199.50 0.73
v  -1.68 199.50 1.09
v  -1.76 199.50 0.72
v  -1.58 199.50 1.06
v  -1.69 199.50 0.71
v  -1.47 199.50 1.03
v  -1.62 199.50 0.68
v  -1.38 199.50 0.98
v  -1.55 199.50 0.65
v  -1.28 199.50 0.92
v  -1.49 199.50 0.61
v  -1.20 199.50 0.86
v  -1.43 199.50 0.57
v  -1.11 199.50 0.79
v  -1.38 199.50 0.52
v  -1.04 199.50 0.70
v  -1.33 199.50 0.47
v  -0.98 199.50 0.62
v  -1.29 199.50 0.41
v  -0.92 199.50 0.52
v  -1.25 199.50 0.35
v  -0.87 199.50 0.43
v  -1.22 199.50 0.28
v  -0.84 199.50 0.32
v  -1.19 199.50 0.21
v  -0.81 199.50 0.22
v  -1.18 199.50 0.14
v  -0.79 199.50 0.11
v  -1.17 199.50 0.07
v  -0.79 1.90 0.00
v  -0.78 1.90 0.00
v  -0.77 1.90 0.01
v  -1.16 199.50 0.02
v  -0.79 199.50 0.02
v  -3.01 199.49 0.00
v  -0.79 199.49 0.00
v  -3.03 199.49 0.01
v  -0.77 199.49 0.01
v  -3.02 199.49 0.00
v  -0.78 199.49 0.00
v  -3.01 199.50 0.12
v  -2.97 199.50 0.32
v  -2.88 199.50 0.53
v  -2.83 199.50 0.62
v  -2.76 199.50 0.71
v  -2.61 199.50 0.86
v  -2.52 199.50 0.93
v  -2.43 199.50 0.98
v  -2.22 199.50 1.07
v  -1.90 199.50 1.12
v  -1.58 199.50 1.07
v  -1.37 199.50 0.98
v  -1.28 199.50 0.93
v  -1.19 199.50 0.86
v  -1.04 199.50 0.71
v  -0.97 199.50 0.62
v  -0.92 199.50 0.53
v  -0.83 199.50 0.32
v  -0.78 199.50 0.02
v  -0.79 199.50 0.01
v  -1.17 199.50 0.01
v  -1.20 199.50 0.21
v  -1.33 199.50 0.46
v  -1.44 199.50 0.57
v  -1.69 199.50 0.70
v  -1.90 199.50 0.73
v  -2.11 199.50 0.70
v  -2.36 199.50 0.57
v  -2.47 199.50 0.46
v  -2.60 199.50 0.21
v  -2.62 199.50 0.08
# 5996 vertices

vn 0.00 -1.00 -0.00
vn 1.00 0.00 -0.05
vn 1.00 0.00 -0.00
vn 1.00 0.00 -0.10
vn 0.99 0.00 -0.15
vn 0.98 0.00 -0.20
vn 0.97 0.00 -0.24
vn 0.96 0.00 -0.29
vn 0.94 0.00 -0.34
vn 0.92 0.00 -0.38
vn 0.90 0.00 -0.43
vn 0.88 0.00 -0.47
vn 0.86 0.00 -0.51
vn 0.83 0.00 -0.56
vn 0.80 0.00 -0.60
vn 0.77 0.00 -0.63
vn 0.74 0.00 -0.67
vn 0.71 0.00 -0.71
vn 0.67 0.00 -0.74
vn 0.63 0.00 -0.77
vn 0.60 0.00 -0.80
vn 0.56 0.00 -0.83
vn 0.51 0.00 -0.86
vn 0.47 0.00 -0.88
vn 0.43 0.00 -0.90
vn 0.38 0.00 -0.92
vn 0.34 0.00 -0.94
vn 0.29 0.00 -0.96
vn 0.24 0.00 -0.97
vn 0.20 0.00 -0.98
vn 0.15 0.00 -0.99
vn 0.10 0.00 -1.00
vn 0.05 0.00 -1.00
vn -0.00 0.00 -1.00
vn -0.05 0.00 -1.00
vn -0.10 0.00 -1.00
vn -0.15 0.00 -0.99
vn -0.20 0.00 -0.98
vn -0.24 0.00 -0.97
vn -0.29 0.00 -0.96
vn -0.34 0.00 -0.94
vn -0.38 0.00 -0.92
vn -0.43 0.00 -0.90
vn -0.47 0.00 -0.88
vn -0.51 0.00 -0.86
vn -0.56 0.00 -0.83
vn -0.60 0.00 -0.80
vn -0.63 0.00 -0.77
vn -0.67 0.00 -0.74
vn -0.71 0.00 -0.71
vn -0.74 0.00 -0.67
vn -0.77 0.00 -0.63
vn -0.80 0.00 -0.60
vn -0.83 0.00 -0.56
vn -0.86 0.00 -0.51
vn -0.88 0.00 -0.47
vn -0.90 0.00 -0.43
vn -0.92 0.00 -0.38
vn -0.94 0.00 -0.34
vn -0.96 0.00 -0.29
vn -0.97 0.00 -0.24
vn -0.98 0.00 -0.20
vn -0.99 0.00 -0.15
vn -1.00 0.00 -0.10
vn -1.00 0.00 -0.05
vn -1.00 0.00 -0.00
vn -1.00 0.00 0.05
vn -1.00 0.00 0.10
vn -0.99 0.00 0.15
vn -0.98 0.00 0.20
vn -0.97 0.00 0.24
vn -0.96 0.00 0.29
vn -0.94 0.00 0.34
vn -0.92 0.00 0.38
vn -0.90 0.00 0.43
vn -0.88 0.00 0.47
vn -0.86 0.00 0.51
vn -0.83 0.00 0.56
vn -0.80 0.00 0.60
vn -0.77 0.00 0.63
vn -0.74 0.00 0.67
vn -0.71 0.00 0.71
vn -0.67 0.00 0.74
vn -0.63 0.00 0.77
vn -0.60 0.00 0.80
vn -0.56 0.00 0.83
vn -0.51 0.00 0.86
vn -0.47 0.00 0.88
vn -0.43 0.00 0.90
vn -0.38 0.00 0.92
vn -0.34 0.00 0.94
vn -0.29 0.00 0.96
vn -0.24 0.00 0.97
vn -0.20 0.00 0.98
vn -0.15 0.00 0.99
vn -0.10 0.00 1.00
vn -0.05 0.00 1.00
vn -0.00 0.00 1.00
vn 0.05 0.00 1.00
vn 0.10 0.00 1.00
vn 0.15 0.00 0.99
vn 0.20 0.00 0.98
vn 0.24 0.00 0.97
vn 0.29 0.00 0.96
vn 0.34 0.00 0.94
vn 0.38 0.00 0.92
vn 0.43 0.00 0.90
vn 0.47 0.00 0.88
vn 0.51 0.00 0.86
vn 0.56 0.00 0.83
vn 0.60 0.00 0.80
vn 0.63 0.00 0.77
vn 0.67 0.00 0.74
vn 0.71 0.00 0.71
vn 0.74 0.00 0.67
vn 0.77 0.00 0.63
vn 0.80 0.00 0.60
vn 0.83 0.00 0.56
vn 0.86 0.00 0.51
vn 0.88 0.00 0.47
vn 0.90 0.00 0.43
vn 0.92 0.00 0.38
vn 0.94 0.00 0.34
vn 0.96 0.00 0.29
vn 0.97 0.00 0.24
vn 0.98 0.00 0.20
vn 0.99 0.00 0.15
vn 1.00 0.00 0.10
vn 1.00 0.00 0.05
vn 0.00 1.00 -0.00
vn 1.00 -0.10 -0.00
vn 0.98 -0.10 -0.19
vn 0.92 -0.10 -0.38
vn 0.83 -0.10 -0.55
vn 0.70 -0.10 -0.70
vn 0.55 -0.10 -0.83
vn 0.38 -0.10 -0.92
vn 0.19 -0.10 -0.98
vn 0.00 0.00 -1.00
vn 0.00 -0.10 -1.00
vn -0.19 -0.10 -0.98
vn -0.38 -0.10 -0.92
vn -0.55 -0.10 -0.83
vn -0.70 -0.10 -0.70
vn -0.83 -0.10 -0.55
vn -0.92 -0.10 -0.38
vn -0.98 -0.10 -0.19
vn -1.00 0.00 0.00
vn -1.00 -0.10 0.00
vn -0.98 -0.10 0.19
vn -0.92 -0.10 0.38
vn -0.83 -0.10 0.55
vn -0.70 -0.10 0.70
vn -0.55 -0.10 0.83
vn -0.38 -0.10 0.92
vn -0.19 -0.10 0.98
vn 0.00 0.00 1.00
vn 0.00 -0.10 1.00
vn 0.19 -0.10 0.98
vn 0.38 -0.10 0.92
vn 0.55 -0.10 0.83
vn 0.70 -0.10 0.70
vn 0.83 -0.10 0.55
vn 0.92 -0.10 0.38
vn 0.98 -0.10 0.19
vn 0.10 -0.99 -0.04
vn 0.10 -0.99 -0.02
vn 0.10 -0.99 -0.00
vn 0.10 -0.99 0.02
vn 0.10 -0.99 0.04
vn 0.09 -0.99 0.06
vn 0.07 -0.99 0.07
vn 0.06 -0.99 0.09
vn 0.04 -0.99 0.10
vn 0.02 -0.99 0.10
vn -0.00 -0.99 0.10
vn -0.02 -0.99 0.10
vn -0.04 -0.99 0.10
vn -0.06 -0.99 0.09
vn -0.07 -0.99 0.07
vn -0.09 -0.99 0.06
vn -0.10 -0.99 0.04
vn -0.10 -0.99 0.02
vn -0.10 -0.99 -0.00
vn -0.10 -0.99 -0.02
vn -0.10 -0.99 -0.04
vn -0.09 -0.99 -0.06
vn -0.07 -0.99 -0.07
vn -0.06 -0.99 -0.09
vn -0.04 -0.99 -0.10
vn -0.02 -0.99 -0.10
vn 0.00 -0.99 -0.10
vn 0.02 -0.99 -0.10
vn 0.04 -0.99 -0.10
vn 0.06 -0.99 -0.09
vn 0.07 -0.99 -0.07
vn 0.09 -0.99 -0.06
vn 0.88 -0.47 -0.00
vn 0.87 -0.47 -0.17
vn 0.82 -0.47 -0.34
vn 0.74 -0.47 -0.49
vn 0.63 -0.47 -0.63
vn 0.49 -0.47 -0.74
vn 0.34 -0.47 -0.82
vn 0.17 -0.47 -0.87
vn 0.00 -0.47 -0.88
vn -0.17 -0.47 -0.87
vn -0.34 -0.47 -0.82
vn -0.49 -0.47 -0.74
vn -0.63 -0.47 -0.63
vn -0.74 -0.47 -0.49
vn -0.82 -0.47 -0.34
vn -0.87 -0.47 -0.17
vn -0.88 -0.47 0.00
vn -0.87 -0.47 0.17
vn -0.82 -0.47 0.34
vn -0.74 -0.47 0.49
vn -0.63 -0.47 0.63
vn -0.49 -0.47 0.74
vn -0.34 -0.47 0.82
vn -0.17 -0.47 0.87
vn 0.00 -0.47 0.88
vn 0.17 -0.47 0.87
vn 0.34 -0.47 0.82
vn 0.49 -0.47 0.74
vn 0.63 -0.47 0.63
vn 0.74 -0.47 0.49
vn 0.82 -0.47 0.34
vn 0.87 -0.47 0.17
vn 0.48 -0.87 -0.00
vn 0.47 -0.87 -0.09
vn 0.45 -0.87 -0.19
vn 0.40 -0.87 -0.27
vn 0.34 -0.87 -0.34
vn 0.27 -0.87 -0.40
vn 0.19 -0.87 -0.45
vn 0.09 -0.87 -0.47
vn 0.00 -0.87 -0.48
vn -0.09 -0.87 -0.47
vn -0.19 -0.87 -0.45
vn -0.27 -0.87 -0.40
vn -0.34 -0.87 -0.34
vn -0.40 -0.87 -0.27
vn -0.45 -0.87 -0.19
vn -0.47 -0.87 -0.09
vn -0.48 -0.87 0.00
vn -0.47 -0.87 0.09
vn -0.45 -0.87 0.19
vn -0.40 -0.87 0.27
vn -0.34 -0.87 0.34
vn -0.27 -0.87 0.40
vn -0.19 -0.87 0.45
vn -0.09 -0.87 0.47
vn 0.00 -0.87 0.48
vn 0.09 -0.87 0.47
vn 0.19 -0.87 0.45
vn 0.27 -0.87 0.40
vn 0.34 -0.87 0.34
vn 0.40 -0.87 0.27
vn 0.45 -0.87 0.19
vn 0.47 -0.87 0.09
vn 0.12 0.00 -0.99
vn 0.31 0.00 -0.95
vn 0.31 -0.10 -0.95
vn 0.12 -0.10 -0.99
vn -0.08 0.00 -1.00
vn -0.08 -0.10 -0.99
vn -0.27 0.00 -0.96
vn -0.27 -0.10 -0.96
vn -0.45 0.00 -0.89
vn -0.45 -0.10 -0.89
vn -0.62 0.00 -0.79
vn -0.62 -0.10 -0.78
vn -0.76 0.00 -0.65
vn -0.76 -0.10 -0.65
vn -0.87 0.00 -0.49
vn -0.87 -0.10 -0.49
vn -0.95 0.00 -0.31
vn -0.95 -0.10 -0.31
vn -0.99 0.00 -0.12
vn -0.99 -0.10 -0.12
vn -1.00 0.00 0.08
vn -0.99 -0.10 0.08
vn -0.96 0.00 0.27
vn -0.96 -0.10 0.27
vn -0.89 0.00 0.45
vn -0.89 -0.10 0.45
vn -0.79 0.00 0.62
vn -0.78 -0.10 0.62
vn -0.65 0.00 0.76
vn -0.65 -0.10 0.76
vn -0.49 0.00 0.87
vn -0.49 -0.10 0.87
vn -0.31 0.00 0.95
vn -0.31 -0.10 0.95
vn -0.12 0.00 0.99
vn -0.12 -0.10 0.99
vn 0.08 0.00 1.00
vn 0.08 -0.10 0.99
vn 0.27 0.00 0.96
vn 0.27 -0.10 0.96
vn 0.45 0.00 0.89
vn 0.45 -0.10 0.89
vn 0.62 0.00 0.79
vn 0.62 -0.10 0.78
vn 0.76 0.00 0.65
vn 0.76 -0.10 0.65
vn 0.87 0.00 0.49
vn 0.87 -0.10 0.49
vn 0.95 0.00 0.31
vn 0.95 -0.10 0.31
vn 0.99 0.00 0.12
vn 0.99 -0.10 0.12
vn 1.00 0.00 -0.08
vn 0.99 -0.10 -0.08
vn 0.96 0.00 -0.27
vn 0.96 -0.10 -0.27
vn 0.89 0.00 -0.45
vn 0.89 -0.10 -0.45
vn 0.79 0.00 -0.62
vn 0.78 -0.10 -0.62
vn 0.65 0.00 -0.76
vn 0.65 -0.10 -0.76
vn 0.49 0.00 -0.87
vn 0.49 -0.10 -0.87
vn -0.01 -0.99 -0.10
vn 0.01 -0.99 -0.10
vn 0.03 -0.99 -0.10
vn 0.05 -0.99 -0.09
vn 0.07 -0.99 -0.08
vn 0.08 -0.99 -0.06
vn 0.09 -0.99 -0.05
vn 0.10 -0.99 -0.03
vn 0.10 -0.99 -0.01
vn 0.10 -0.99 0.01
vn 0.10 -0.99 0.03
vn 0.09 -0.99 0.05
vn 0.08 -0.99 0.07
vn 0.06 -0.99 0.08
vn 0.05 -0.99 0.09
vn 0.03 -0.99 0.10
vn 0.01 -0.99 0.10
vn -0.01 -0.99 0.10
vn -0.03 -0.99 0.10
vn -0.05 -0.99 0.09
vn -0.07 -0.99 0.08
vn -0.08 -0.99 0.06
vn -0.09 -0.99 0.05
vn -0.10 -0.99 0.03
vn -0.10 -0.99 0.01
vn -0.10 -0.99 -0.01
vn -0.10 -0.99 -0.03
vn -0.09 -0.99 -0.05
vn -0.08 -0.99 -0.07
vn -0.06 -0.99 -0.08
vn -0.05 -0.99 -0.09
vn -0.03 -0.99 -0.10
vn 0.27 -0.47 -0.84
vn 0.10 -0.47 -0.88
vn -0.07 -0.47 -0.88
vn -0.24 -0.47 -0.85
vn -0.40 -0.47 -0.79
vn -0.55 -0.47 -0.69
vn -0.67 -0.47 -0.57
vn -0.77 -0.47 -0.43
vn -0.84 -0.47 -0.27
vn -0.88 -0.47 -0.10
vn -0.88 -0.47 0.07
vn -0.85 -0.47 0.24
vn -0.79 -0.47 0.40
vn -0.69 -0.47 0.55
vn -0.57 -0.47 0.67
vn -0.43 -0.47 0.77
vn -0.27 -0.47 0.84
vn -0.10 -0.47 0.88
vn 0.07 -0.47 0.88
vn 0.24 -0.47 0.85
vn 0.40 -0.47 0.79
vn 0.55 -0.47 0.69
vn 0.67 -0.47 0.57
vn 0.77 -0.47 0.43
vn 0.84 -0.47 0.27
vn 0.88 -0.47 0.10
vn 0.88 -0.47 -0.07
vn 0.85 -0.47 -0.24
vn 0.79 -0.47 -0.40
vn 0.69 -0.47 -0.55
vn 0.57 -0.47 -0.67
vn 0.43 -0.47 -0.77
vn 0.15 -0.87 -0.46
vn 0.06 -0.87 -0.48
vn -0.04 -0.87 -0.48
vn -0.13 -0.87 -0.47
vn -0.22 -0.87 -0.43
vn -0.30 -0.87 -0.38
vn -0.37 -0.87 -0.31
vn -0.42 -0.87 -0.24
vn -0.46 -0.87 -0.15
vn -0.48 -0.87 -0.06
vn -0.48 -0.87 0.04
vn -0.47 -0.87 0.13
vn -0.43 -0.87 0.22
vn -0.38 -0.87 0.30
vn -0.31 -0.87 0.37
vn -0.24 -0.87 0.42
vn -0.15 -0.87 0.46
vn -0.06 -0.87 0.48
vn 0.04 -0.87 0.48
vn 0.13 -0.87 0.47
vn 0.22 -0.87 0.43
vn 0.30 -0.87 0.38
vn 0.37 -0.87 0.31
vn 0.42 -0.87 0.24
vn 0.46 -0.87 0.15
vn 0.48 -0.87 0.06
vn 0.48 -0.87 -0.04
vn 0.47 -0.87 -0.13
vn 0.43 -0.87 -0.22
vn 0.38 -0.87 -0.30
vn 0.31 -0.87 -0.37
vn 0.24 -0.87 -0.42
vn -0.91 0.00 -0.42
vn -0.81 0.00 -0.59
vn -0.81 -0.10 -0.58
vn -0.90 -0.10 -0.42
vn -0.97 0.00 -0.23
vn -0.97 -0.10 -0.23
vn -1.00 0.00 -0.04
vn -0.99 -0.10 -0.04
vn -0.99 0.00 0.16
vn -0.98 -0.10 0.16
vn -0.94 0.00 0.35
vn -0.93 -0.10 0.34
vn -0.85 0.00 0.52
vn -0.85 -0.10 0.52
vn -0.73 0.00 0.68
vn -0.73 -0.10 0.68
vn -0.59 0.00 0.81
vn -0.58 -0.10 0.81
vn -0.42 0.00 0.91
vn -0.42 -0.10 0.90
vn -0.23 0.00 0.97
vn -0.23 -0.10 0.97
vn -0.04 0.00 1.00
vn -0.04 -0.10 0.99
vn 0.16 0.00 0.99
vn 0.16 -0.10 0.98
vn 0.35 0.00 0.94
vn 0.34 -0.10 0.93
vn 0.52 0.00 0.85
vn 0.52 -0.10 0.85
vn 0.68 0.00 0.73
vn 0.68 -0.10 0.73
vn 0.81 0.00 0.59
vn 0.81 -0.10 0.58
vn 0.91 0.00 0.42
vn 0.90 -0.10 0.42
vn 0.97 0.00 0.23
vn 0.97 -0.10 0.23
vn 1.00 0.00 0.04
vn 0.99 -0.10 0.04
vn 0.99 0.00 -0.16
vn 0.98 -0.10 -0.16
vn 0.94 0.00 -0.35
vn 0.93 -0.10 -0.34
vn 0.85 0.00 -0.52
vn 0.85 -0.10 -0.52
vn 0.73 0.00 -0.68
vn 0.73 -0.10 -0.68
vn 0.59 0.00 -0.81
vn 0.58 -0.10 -0.81
vn 0.42 0.00 -0.91
vn 0.42 -0.10 -0.90
vn 0.23 0.00 -0.97
vn 0.23 -0.10 -0.97
vn 0.04 0.00 -1.00
vn 0.04 -0.10 -0.99
vn -0.16 0.00 -0.99
vn -0.16 -0.10 -0.98
vn -0.35 0.00 -0.94
vn -0.34 -0.10 -0.93
vn -0.52 0.00 -0.85
vn -0.52 -0.10 -0.85
vn -0.68 0.00 -0.73
vn -0.68 -0.10 -0.73
vn -0.09 -0.99 -0.04
vn -0.08 -0.99 -0.06
vn -0.07 -0.99 -0.08
vn 0.04 -0.99 -0.09
vn 0.06 -0.99 -0.08
vn 0.08 -0.99 -0.07
vn 0.10 -0.99 0.00
vn 0.09 -0.99 0.04
vn 0.08 -0.99 0.06
vn 0.07 -0.99 0.08
vn -0.04 -0.99 0.09
vn -0.06 -0.99 0.08
vn -0.08 -0.99 0.07
vn -0.72 -0.47 -0.52
vn -0.80 -0.47 -0.37
vn -0.86 -0.47 -0.21
vn -0.88 -0.47 -0.03
vn -0.87 -0.47 0.14
vn -0.83 -0.47 0.31
vn -0.75 -0.47 0.46
vn -0.65 -0.47 0.60
vn -0.52 -0.47 0.72
vn -0.37 -0.47 0.80
vn -0.21 -0.47 0.86
vn -0.03 -0.47 0.88
vn 0.14 -0.47 0.87
vn 0.31 -0.47 0.83
vn 0.46 -0.47 0.75
vn 0.60 -0.47 0.65
vn 0.72 -0.47 0.52
vn 0.80 -0.47 0.37
vn 0.86 -0.47 0.21
vn 0.88 -0.47 0.03
vn 0.87 -0.47 -0.14
vn 0.83 -0.47 -0.31
vn 0.75 -0.47 -0.46
vn 0.65 -0.47 -0.60
vn 0.52 -0.47 -0.72
vn 0.37 -0.47 -0.80
vn 0.21 -0.47 -0.86
vn 0.03 -0.47 -0.88
vn -0.14 -0.47 -0.87
vn -0.31 -0.47 -0.83
vn -0.46 -0.47 -0.75
vn -0.60 -0.47 -0.65
vn -0.39 -0.87 -0.28
vn -0.44 -0.87 -0.20
vn -0.47 -0.87 -0.11
vn -0.48 -0.87 -0.02
vn -0.48 -0.87 0.08
vn -0.45 -0.87 0.17
vn -0.41 -0.87 0.25
vn -0.36 -0.87 0.33
vn -0.28 -0.87 0.39
vn -0.20 -0.87 0.44
vn -0.11 -0.87 0.47
vn -0.02 -0.87 0.48
vn 0.08 -0.87 0.48
vn 0.17 -0.87 0.45
vn 0.25 -0.87 0.41
vn 0.33 -0.87 0.36
vn 0.39 -0.87 0.28
vn 0.44 -0.87 0.20
vn 0.47 -0.87 0.11
vn 0.48 -0.87 0.02
vn 0.48 -0.87 -0.08
vn 0.45 -0.87 -0.17
vn 0.41 -0.87 -0.25
vn 0.36 -0.87 -0.33
vn 0.28 -0.87 -0.39
vn 0.20 -0.87 -0.44
vn 0.11 -0.87 -0.47
vn 0.02 -0.87 -0.48
vn -0.08 -0.87 -0.48
vn -0.17 -0.87 -0.45
vn -0.25 -0.87 -0.41
vn -0.33 -0.87 -0.36
vn -0.68 0.00 0.73
vn -0.81 0.00 0.59
vn -0.81 -0.10 0.58
vn -0.68 -0.10 0.73
vn -0.52 0.00 0.85
vn -0.52 -0.10 0.85
vn -0.35 0.00 0.94
vn -0.34 -0.10 0.93
vn -0.16 0.00 0.99
vn -0.16 -0.10 0.98
vn 0.04 0.00 1.00
vn 0.04 -0.10 0.99
vn 0.23 0.00 0.97
vn 0.23 -0.10 0.97
vn 0.42 0.00 0.91
vn 0.42 -0.10 0.90
vn 0.59 0.00 0.81
vn 0.58 -0.10 0.81
vn 0.73 0.00 0.68
vn 0.73 -0.10 0.68
vn 0.85 0.00 0.52
vn 0.85 -0.10 0.52
vn 0.94 0.00 0.35
vn 0.93 -0.10 0.34
vn 0.99 0.00 0.16
vn 0.98 -0.10 0.16
vn 1.00 0.00 -0.04
vn 0.99 -0.10 -0.04
vn 0.97 0.00 -0.23
vn 0.97 -0.10 -0.23
vn 0.91 0.00 -0.42
vn 0.90 -0.10 -0.42
vn 0.81 0.00 -0.59
vn 0.81 -0.10 -0.58
vn 0.68 0.00 -0.73
vn 0.68 -0.10 -0.73
vn 0.52 0.00 -0.85
vn 0.52 -0.10 -0.85
vn 0.35 0.00 -0.94
vn 0.34 -0.10 -0.93
vn 0.16 0.00 -0.99
vn 0.16 -0.10 -0.98
vn -0.04 0.00 -1.00
vn -0.04 -0.10 -0.99
vn -0.23 0.00 -0.97
vn -0.23 -0.10 -0.97
vn -0.42 0.00 -0.91
vn -0.42 -0.10 -0.90
vn -0.59 0.00 -0.81
vn -0.58 -0.10 -0.81
vn -0.73 0.00 -0.68
vn -0.73 -0.10 -0.68
vn -0.85 0.00 -0.52
vn -0.85 -0.10 -0.52
vn -0.94 0.00 -0.35
vn -0.93 -0.10 -0.34
vn -0.99 0.00 -0.16
vn -0.98 -0.10 -0.16
vn -1.00 0.00 0.04
vn -0.99 -0.10 0.04
vn -0.97 0.00 0.23
vn -0.97 -0.10 0.23
vn -0.91 0.00 0.42
vn -0.90 -0.10 0.42
vn -0.09 -0.99 0.04
vn -0.10 -0.99 0.00
vn -0.04 -0.99 -0.09
vn -0.00 -0.99 -0.10
vn 0.09 -0.99 -0.04
vn 0.04 -0.99 0.09
vn 0.00 -0.99 0.10
vn -0.72 -0.47 0.52
vn -0.60 -0.47 0.65
vn -0.46 -0.47 0.75
vn -0.31 -0.47 0.83
vn -0.14 -0.47 0.87
vn 0.03 -0.47 0.88
vn 0.21 -0.47 0.86
vn 0.37 -0.47 0.80
vn 0.52 -0.47 0.72
vn 0.65 -0.47 0.60
vn 0.75 -0.47 0.46
vn 0.83 -0.47 0.31
vn 0.87 -0.47 0.14
vn 0.88 -0.47 -0.03
vn 0.86 -0.47 -0.21
vn 0.80 -0.47 -0.37
vn 0.72 -0.47 -0.52
vn 0.60 -0.47 -0.65
vn 0.46 -0.47 -0.75
vn 0.31 -0.47 -0.83
vn 0.14 -0.47 -0.87
vn -0.03 -0.47 -0.88
vn -0.21 -0.47 -0.86
vn -0.37 -0.47 -0.80
vn -0.52 -0.47 -0.72
vn -0.65 -0.47 -0.60
vn -0.75 -0.47 -0.46
vn -0.83 -0.47 -0.31
vn -0.87 -0.47 -0.14
vn -0.88 -0.47 0.03
vn -0.86 -0.47 0.21
vn -0.80 -0.47 0.37
vn -0.39 -0.87 0.28
vn -0.33 -0.87 0.36
vn -0.25 -0.87 0.41
vn -0.17 -0.87 0.45
vn -0.08 -0.87 0.48
vn 0.02 -0.87 0.48
vn 0.11 -0.87 0.47
vn 0.20 -0.87 0.44
vn 0.28 -0.87 0.39
vn 0.36 -0.87 0.33
vn 0.41 -0.87 0.25
vn 0.45 -0.87 0.17
vn 0.48 -0.87 0.08
vn 0.48 -0.87 -0.02
vn 0.47 -0.87 -0.11
vn 0.44 -0.87 -0.20
vn 0.39 -0.87 -0.28
vn 0.33 -0.87 -0.36
vn 0.25 -0.87 -0.41
vn 0.17 -0.87 -0.45
vn 0.08 -0.87 -0.48
vn -0.02 -0.87 -0.48
vn -0.11 -0.87 -0.47
vn -0.20 -0.87 -0.44
vn -0.28 -0.87 -0.39
vn -0.36 -0.87 -0.33
vn -0.41 -0.87 -0.25
vn -0.45 -0.87 -0.17
vn -0.48 -0.87 -0.08
vn -0.48 -0.87 0.02
vn -0.47 -0.87 0.11
vn -0.44 -0.87 0.20
vn 0.49 0.00 0.87
vn 0.31 0.00 0.95
vn 0.31 -0.10 0.95
vn 0.49 -0.10 0.87
vn 0.65 0.00 0.76
vn 0.65 -0.10 0.76
vn 0.79 0.00 0.62
vn 0.78 -0.10 0.62
vn 0.89 0.00 0.45
vn 0.89 -0.10 0.45
vn 0.96 0.00 0.27
vn 0.96 -0.10 0.27
vn 1.00 0.00 0.08
vn 0.99 -0.10 0.08
vn 0.99 0.00 -0.12
vn 0.99 -0.10 -0.12
vn 0.95 0.00 -0.31
vn 0.95 -0.10 -0.31
vn 0.87 0.00 -0.49
vn 0.87 -0.10 -0.49
vn 0.76 0.00 -0.65
vn 0.76 -0.10 -0.65
vn 0.62 0.00 -0.79
vn 0.62 -0.10 -0.78
vn 0.45 0.00 -0.89
vn 0.45 -0.10 -0.89
vn 0.27 0.00 -0.96
vn 0.27 -0.10 -0.96
vn 0.08 0.00 -1.00
vn 0.08 -0.10 -0.99
vn -0.12 0.00 -0.99
vn -0.12 -0.10 -0.99
vn -0.31 0.00 -0.95
vn -0.31 -0.10 -0.95
vn -0.49 0.00 -0.87
vn -0.49 -0.10 -0.87
vn -0.65 0.00 -0.76
vn -0.65 -0.10 -0.76
vn -0.79 0.00 -0.62
vn -0.78 -0.10 -0.62
vn -0.89 0.00 -0.45
vn -0.89 -0.10 -0.45
vn -0.96 0.00 -0.27
vn -0.96 -0.10 -0.27
vn -1.00 0.00 -0.08
vn -0.99 -0.10 -0.08
vn -0.99 0.00 0.12
vn -0.99 -0.10 0.12
vn -0.95 0.00 0.31
vn -0.95 -0.10 0.31
vn -0.87 0.00 0.49
vn -0.87 -0.10 0.49
vn -0.76 0.00 0.65
vn -0.76 -0.10 0.65
vn -0.62 0.00 0.79
vn -0.62 -0.10 0.78
vn -0.45 0.00 0.89
vn -0.45 -0.10 0.89
vn -0.27 0.00 0.96
vn -0.27 -0.10 0.96
vn -0.08 0.00 1.00
vn -0.08 -0.10 0.99
vn 0.12 0.00 0.99
vn 0.12 -0.10 0.99
vn 0.27 -0.47 0.84
vn 0.43 -0.47 0.77
vn 0.57 -0.47 0.67
vn 0.69 -0.47 0.55
vn 0.79 -0.47 0.40
vn 0.85 -0.47 0.24
vn 0.88 -0.47 0.07
vn 0.88 -0.47 -0.10
vn 0.84 -0.47 -0.27
vn 0.77 -0.47 -0.43
vn 0.67 -0.47 -0.57
vn 0.55 -0.47 -0.69
vn 0.40 -0.47 -0.79
vn 0.24 -0.47 -0.85
vn 0.07 -0.47 -0.88
vn -0.10 -0.47 -0.88
vn -0.27 -0.47 -0.84
vn -0.43 -0.47 -0.77
vn -0.57 -0.47 -0.67
vn -0.69 -0.47 -0.55
vn -0.79 -0.47 -0.40
vn -0.85 -0.47 -0.24
vn -0.88 -0.47 -0.07
vn -0.88 -0.47 0.10
vn -0.84 -0.47 0.27
vn -0.77 -0.47 0.43
vn -0.67 -0.47 0.57
vn -0.55 -0.47 0.69
vn -0.40 -0.47 0.79
vn -0.24 -0.47 0.85
vn -0.07 -0.47 0.88
vn 0.10 -0.47 0.88
vn 0.15 -0.87 0.46
vn 0.24 -0.87 0.42
vn 0.31 -0.87 0.37
vn 0.38 -0.87 0.30
vn 0.43 -0.87 0.22
vn 0.47 -0.87 0.13
vn 0.48 -0.87 0.04
vn 0.48 -0.87 -0.06
vn 0.46 -0.87 -0.15
vn 0.42 -0.87 -0.24
vn 0.37 -0.87 -0.31
vn 0.30 -0.87 -0.38
vn 0.22 -0.87 -0.43
vn 0.13 -0.87 -0.47
vn 0.04 -0.87 -0.48
vn -0.06 -0.87 -0.48
vn -0.15 -0.87 -0.46
vn -0.24 -0.87 -0.42
vn -0.31 -0.87 -0.37
vn -0.38 -0.87 -0.30
vn -0.43 -0.87 -0.22
vn -0.47 -0.87 -0.13
vn -0.48 -0.87 -0.04
vn -0.48 -0.87 0.06
vn -0.46 -0.87 0.15
vn -0.42 -0.87 0.24
vn -0.37 -0.87 0.31
vn -0.30 -0.87 0.38
vn -0.22 -0.87 0.43
vn -0.13 -0.87 0.47
vn -0.04 -0.87 0.48
vn 0.06 -0.87 0.48
vn 0.91 -0.40 -0.00
vn 0.91 -0.40 -0.04
vn 0.71 -0.71 -0.00
vn 0.71 -0.71 -0.03
vn 0.91 0.40 -0.04
vn 0.91 0.40 -0.00
vn 0.71 0.71 -0.03
vn 0.71 0.71 -0.00
vn 0.91 -0.40 -0.09
vn 1.00 -0.00 -0.10
vn 0.71 -0.71 -0.07
vn 0.91 0.40 -0.09
vn 0.71 0.71 -0.07
vn 0.91 -0.40 -0.13
vn 0.99 -0.00 -0.15
vn 0.70 -0.71 -0.10
vn 0.91 0.40 -0.13
vn 0.70 0.71 -0.10
vn 0.90 -0.40 -0.18
vn 0.69 -0.71 -0.14
vn 0.90 0.40 -0.18
vn 0.69 0.71 -0.14
vn 0.89 -0.40 -0.22
vn 0.97 -0.00 -0.24
vn 0.69 -0.71 -0.17
vn 0.89 0.40 -0.22
vn 0.69 0.71 -0.17
vn 0.88 -0.40 -0.27
vn 0.96 -0.00 -0.29
vn 0.68 -0.71 -0.21
vn 0.88 0.40 -0.27
vn 0.68 0.71 -0.21
vn 0.86 -0.40 -0.31
vn 0.67 -0.71 -0.24
vn 0.86 0.40 -0.31
vn 0.67 0.71 -0.24
vn 0.85 -0.40 -0.35
vn 0.65 -0.71 -0.27
vn 0.85 0.40 -0.35
vn 0.65 0.71 -0.27
vn 0.83 -0.40 -0.39
vn 0.90 -0.00 -0.43
vn 0.64 -0.71 -0.30
vn 0.83 0.40 -0.39
vn 0.64 0.71 -0.30
vn 0.81 -0.40 -0.43
vn 0.88 -0.00 -0.47
vn 0.62 -0.71 -0.33
vn 0.81 0.40 -0.43
vn 0.62 0.71 -0.33
vn 0.78 -0.40 -0.47
vn 0.61 -0.71 -0.36
vn 0.78 0.40 -0.47
vn 0.61 0.71 -0.36
vn 0.76 -0.40 -0.51
vn 0.59 -0.71 -0.39
vn 0.76 0.40 -0.51
vn 0.59 0.71 -0.39
vn 0.73 -0.40 -0.55
vn 0.80 -0.00 -0.60
vn 0.57 -0.71 -0.42
vn 0.73 0.40 -0.55
vn 0.57 0.71 -0.42
vn 0.71 -0.40 -0.58
vn 0.55 -0.71 -0.45
vn 0.71 0.40 -0.58
vn 0.55 0.71 -0.45
vn 0.68 -0.40 -0.61
vn 0.52 -0.71 -0.48
vn 0.68 0.40 -0.61
vn 0.52 0.71 -0.48
vn 0.65 -0.40 -0.65
vn 0.50 -0.71 -0.50
vn 0.65 0.40 -0.65
vn 0.50 0.71 -0.50
vn 0.61 -0.40 -0.68
vn 0.67 -0.00 -0.74
vn 0.48 -0.71 -0.52
vn 0.61 0.40 -0.68
vn 0.48 0.71 -0.52
vn 0.58 -0.40 -0.71
vn 0.63 -0.00 -0.77
vn 0.45 -0.71 -0.55
vn 0.58 0.40 -0.71
vn 0.45 0.71 -0.55
vn 0.55 -0.40 -0.73
vn 0.42 -0.71 -0.57
vn 0.55 0.40 -0.73
vn 0.42 0.71 -0.57
vn 0.51 -0.40 -0.76
vn 0.39 -0.71 -0.59
vn 0.51 0.40 -0.76
vn 0.39 0.71 -0.59
vn 0.47 -0.40 -0.78
vn 0.51 -0.00 -0.86
vn 0.36 -0.71 -0.61
vn 0.47 0.40 -0.78
vn 0.36 0.71 -0.61
vn 0.43 -0.40 -0.81
vn 0.47 -0.00 -0.88
vn 0.33 -0.71 -0.62
vn 0.43 0.40 -0.81
vn 0.33 0.71 -0.62
vn 0.39 -0.40 -0.83
vn 0.43 -0.00 -0.90
vn 0.30 -0.71 -0.64
vn 0.39 0.40 -0.83
vn 0.30 0.71 -0.64
vn 0.35 -0.40 -0.85
vn 0.27 -0.71 -0.65
vn 0.35 0.40 -0.85
vn 0.27 0.71 -0.65
vn 0.31 -0.40 -0.86
vn 0.24 -0.71 -0.67
vn 0.31 0.40 -0.86
vn 0.24 0.71 -0.67
vn 0.27 -0.40 -0.88
vn 0.29 -0.00 -0.96
vn 0.21 -0.71 -0.68
vn 0.27 0.40 -0.88
vn 0.21 0.71 -0.68
vn 0.22 -0.40 -0.89
vn 0.24 -0.00 -0.97
vn 0.17 -0.71 -0.69
vn 0.22 0.40 -0.89
vn 0.17 0.71 -0.69
vn 0.18 -0.40 -0.90
vn 0.14 -0.71 -0.69
vn 0.18 0.40 -0.90
vn 0.14 0.71 -0.69
vn 0.13 -0.40 -0.91
vn 0.10 -0.71 -0.70
vn 0.13 0.40 -0.91
vn 0.10 0.71 -0.70
vn 0.09 -0.40 -0.91
vn 0.07 -0.71 -0.71
vn 0.09 0.40 -0.91
vn 0.07 0.71 -0.71
vn 0.04 -0.40 -0.91
vn 0.05 -0.00 -1.00
vn 0.03 -0.71 -0.71
vn 0.04 0.40 -0.91
vn 0.03 0.71 -0.71
vn -0.00 -0.40 -0.91
vn 0.00 -0.00 -1.00
vn 0.00 -0.71 -0.71
vn -0.00 0.40 -0.91
vn 0.00 0.71 -0.71
vn 0.04 -0.40 0.91
vn 0.00 -0.40 0.91
vn 0.03 -0.71 0.71
vn 0.00 -0.71 0.71
vn 0.09 -0.40 0.91
vn 0.07 -0.71 0.71
vn 0.09 0.40 0.91
vn 0.04 0.40 0.91
vn 0.07 0.71 0.71
vn 0.03 0.71 0.71
vn 0.13 -0.40 0.91
vn 0.15 -0.00 0.99
vn 0.10 -0.71 0.70
vn 0.13 0.40 0.91
vn 0.10 0.71 0.70
vn 0.18 -0.40 0.90
vn 0.20 -0.00 0.98
vn 0.14 -0.71 0.69
vn 0.18 0.40 0.90
vn 0.14 0.71 0.69
vn 0.22 -0.40 0.89
vn 0.17 -0.71 0.69
vn 0.22 0.40 0.89
vn 0.17 0.71 0.69
vn 0.27 -0.40 0.88
vn 0.21 -0.71 0.68
vn 0.27 0.40 0.88
vn 0.21 0.71 0.68
vn 0.31 -0.40 0.86
vn 0.34 -0.00 0.94
vn 0.24 -0.71 0.67
vn 0.31 0.40 0.86
vn 0.24 0.71 0.67
vn 0.35 -0.40 0.85
vn 0.38 -0.00 0.92
vn 0.27 -0.71 0.65
vn 0.35 0.40 0.85
vn 0.27 0.71 0.65
vn 0.39 -0.40 0.83
vn 0.43 -0.00 0.90
vn 0.30 -0.71 0.64
vn 0.39 0.40 0.83
vn 0.30 0.71 0.64
vn 0.43 -0.40 0.81
vn 0.47 -0.00 0.88
vn 0.33 -0.71 0.62
vn 0.43 0.40 0.81
vn 0.33 0.71 0.62
vn 0.47 -0.40 0.78
vn 0.36 -0.71 0.61
vn 0.47 0.40 0.78
vn 0.36 0.71 0.61
vn 0.51 -0.40 0.76
vn 0.39 -0.71 0.59
vn 0.51 0.40 0.76
vn 0.39 0.71 0.59
vn 0.55 -0.40 0.73
vn 0.60 -0.00 0.80
vn 0.42 -0.71 0.57
vn 0.55 0.40 0.73
vn 0.42 0.71 0.57
vn 0.58 -0.40 0.71
vn 0.63 -0.00 0.77
vn 0.45 -0.71 0.55
vn 0.58 0.40 0.71
vn 0.45 0.71 0.55
vn 0.61 -0.40 0.68
vn 0.48 -0.71 0.52
vn 0.61 0.40 0.68
vn 0.48 0.71 0.52
vn 0.65 -0.40 0.65
vn 0.50 -0.71 0.50
vn 0.65 0.40 0.65
vn 0.50 0.71 0.50
vn 0.68 -0.40 0.61
vn 0.52 -0.71 0.48
vn 0.68 0.40 0.61
vn 0.52 0.71 0.48
vn 0.71 -0.40 0.58
vn 0.55 -0.71 0.45
vn 0.71 0.40 0.58
vn 0.55 0.71 0.45
vn 0.73 -0.40 0.55
vn 0.57 -0.71 0.42
vn 0.73 0.40 0.55
vn 0.57 0.71 0.42
vn 0.76 -0.40 0.51
vn 0.83 -0.00 0.56
vn 0.59 -0.71 0.39
vn 0.76 0.40 0.51
vn 0.59 0.71 0.39
vn 0.78 -0.40 0.47
vn 0.86 -0.00 0.51
vn 0.61 -0.71 0.36
vn 0.78 0.40 0.47
vn 0.61 0.71 0.36
vn 0.81 -0.40 0.43
vn 0.88 -0.00 0.47
vn 0.62 -0.71 0.33
vn 0.81 0.40 0.43
vn 0.62 0.71 0.33
vn 0.83 -0.40 0.39
vn 0.64 -0.71 0.30
vn 0.83 0.40 0.39
vn 0.64 0.71 0.30
vn 0.85 -0.40 0.35
vn 0.65 -0.71 0.27
vn 0.85 0.40 0.35
vn 0.65 0.71 0.27
vn 0.86 -0.40 0.31
vn 0.94 -0.00 0.34
vn 0.67 -0.71 0.24
vn 0.86 0.40 0.31
vn 0.67 0.71 0.24
vn 0.88 -0.40 0.27
vn 0.96 -0.00 0.29
vn 0.68 -0.71 0.21
vn 0.88 0.40 0.27
vn 0.68 0.71 0.21
vn 0.89 -0.40 0.22
vn 0.69 -0.71 0.17
vn 0.89 0.40 0.22
vn 0.69 0.71 0.17
vn 0.90 -0.40 0.18
vn 0.69 -0.71 0.14
vn 0.90 0.40 0.18
vn 0.69 0.71 0.14
vn 0.91 -0.40 0.13
vn 0.99 -0.00 0.15
vn 0.70 -0.71 0.10
vn 0.91 0.40 0.13
vn 0.70 0.71 0.10
vn 0.91 -0.40 0.09
vn 1.00 -0.00 0.10
vn 0.71 -0.71 0.07
vn 0.91 0.40 0.09
vn 0.71 0.71 0.07
vn 0.91 -0.40 0.04
vn 0.71 -0.71 0.03
vn 0.91 0.40 0.04
vn 0.71 0.71 0.03
vn 0.41 -0.91 0.02
vn 0.40 -0.91 0.04
vn 0.12 -0.99 0.01
vn 0.40 -0.91 0.06
vn 0.12 -0.99 0.02
vn 0.40 -0.91 0.08
vn 0.39 -0.91 0.10
vn 0.12 -0.99 0.03
vn 0.39 -0.91 0.12
vn 0.12 -0.99 0.04
vn 0.38 -0.91 0.14
vn 0.38 -0.91 0.16
vn 0.11 -0.99 0.05
vn 0.37 -0.91 0.17
vn 0.36 -0.91 0.19
vn 0.11 -0.99 0.06
vn 0.35 -0.91 0.21
vn 0.34 -0.91 0.23
vn 0.10 -0.99 0.07
vn 0.33 -0.91 0.24
vn 0.31 -0.91 0.26
vn 0.10 -0.99 0.08
vn 0.30 -0.91 0.27
vn 0.09 -0.99 0.08
vn 0.29 -0.91 0.29
vn 0.09 -0.99 0.09
vn 0.27 -0.91 0.30
vn 0.08 -0.99 0.09
vn 0.26 -0.91 0.31
vn 0.08 -0.99 0.10
vn 0.24 -0.91 0.33
vn 0.07 -0.99 0.10
vn 0.23 -0.91 0.34
vn 0.21 -0.91 0.35
vn 0.06 -0.99 0.11
vn 0.19 -0.91 0.36
vn 0.17 -0.91 0.37
vn 0.05 -0.99 0.11
vn 0.16 -0.91 0.38
vn 0.14 -0.91 0.38
vn 0.04 -0.99 0.12
vn 0.12 -0.91 0.39
vn 0.10 -0.91 0.39
vn 0.03 -0.99 0.12
vn 0.08 -0.91 0.40
vn 0.02 -0.99 0.12
vn 0.06 -0.91 0.40
vn 0.04 -0.91 0.40
vn 0.01 -0.99 0.12
vn 0.02 -0.91 0.41
vn -0.00 -0.91 -0.41
vn 0.02 -0.91 -0.41
vn 0.01 -0.99 -0.12
vn 0.00 -0.99 -0.12
vn 0.04 -0.91 -0.40
vn 0.06 -0.91 -0.40
vn 0.02 -0.99 -0.12
vn 0.08 -0.91 -0.40
vn 0.10 -0.91 -0.39
vn 0.03 -0.99 -0.12
vn 0.12 -0.91 -0.39
vn 0.04 -0.99 -0.12
vn 0.14 -0.91 -0.38
vn 0.16 -0.91 -0.38
vn 0.05 -0.99 -0.11
vn 0.17 -0.91 -0.37
vn 0.19 -0.91 -0.36
vn 0.06 -0.99 -0.11
vn 0.21 -0.91 -0.35
vn 0.23 -0.91 -0.34
vn 0.07 -0.99 -0.10
vn 0.24 -0.91 -0.33
vn 0.26 -0.91 -0.31
vn 0.08 -0.99 -0.10
vn 0.27 -0.91 -0.30
vn 0.08 -0.99 -0.09
vn 0.29 -0.91 -0.29
vn 0.09 -0.99 -0.09
vn 0.30 -0.91 -0.27
vn 0.09 -0.99 -0.08
vn 0.31 -0.91 -0.26
vn 0.10 -0.99 -0.08
vn 0.33 -0.91 -0.24
vn 0.10 -0.99 -0.07
vn 0.34 -0.91 -0.23
vn 0.35 -0.91 -0.21
vn 0.11 -0.99 -0.06
vn 0.36 -0.91 -0.19
vn 0.37 -0.91 -0.17
vn 0.11 -0.99 -0.05
vn 0.38 -0.91 -0.16
vn 0.38 -0.91 -0.14
vn 0.12 -0.99 -0.04
vn 0.39 -0.91 -0.12
vn 0.39 -0.91 -0.10
vn 0.12 -0.99 -0.03
vn 0.40 -0.91 -0.08
vn 0.12 -0.99 -0.02
vn 0.40 -0.91 -0.06
vn 0.40 -0.91 -0.04
vn 0.12 -0.99 -0.01
vn 0.41 -0.91 -0.02
vn 0.41 -0.91 -0.00
vn 0.12 -0.99 -0.00
vn 0.41 0.91 -0.00
vn 0.41 0.91 -0.02
vn 0.12 0.99 -0.01
vn 0.12 0.99 -0.00
vn 0.40 0.91 -0.04
vn 0.40 0.91 -0.06
vn 0.12 0.99 -0.02
vn 0.40 0.91 -0.08
vn 0.39 0.91 -0.10
vn 0.12 0.99 -0.03
vn 0.39 0.91 -0.12
vn 0.12 0.99 -0.04
vn 0.38 0.91 -0.14
vn 0.38 0.91 -0.16
vn 0.11 0.99 -0.05
vn 0.37 0.91 -0.17
vn 0.36 0.91 -0.19
vn 0.11 0.99 -0.06
vn 0.35 0.91 -0.21
vn 0.34 0.91 -0.23
vn 0.10 0.99 -0.07
vn 0.33 0.91 -0.24
vn 0.31 0.91 -0.26
vn 0.10 0.99 -0.08
vn 0.30 0.91 -0.27
vn 0.09 0.99 -0.08
vn 0.29 0.91 -0.29
vn 0.09 0.99 -0.09
vn 0.27 0.91 -0.30
vn 0.08 0.99 -0.09
vn 0.26 0.91 -0.31
vn 0.08 0.99 -0.10
vn 0.24 0.91 -0.33
vn 0.07 0.99 -0.10
vn 0.23 0.91 -0.34
vn 0.21 0.91 -0.35
vn 0.06 0.99 -0.11
vn 0.19 0.91 -0.36
vn 0.17 0.91 -0.37
vn 0.05 0.99 -0.11
vn 0.16 0.91 -0.38
vn 0.14 0.91 -0.38
vn 0.04 0.99 -0.12
vn 0.12 0.91 -0.39
vn 0.10 0.91 -0.39
vn 0.03 0.99 -0.12
vn 0.08 0.91 -0.40
vn 0.02 0.99 -0.12
vn 0.06 0.91 -0.40
vn 0.04 0.91 -0.40
vn 0.01 0.99 -0.12
vn 0.02 0.91 -0.41
vn -0.00 0.91 -0.41
vn 0.00 0.99 -0.12
vn 0.02 0.91 0.41
vn 0.01 0.99 0.12
vn 0.00 0.99 0.12
vn -0.00 0.91 0.41
vn -0.00 0.71 0.71
vn 0.04 0.91 0.40
vn 0.06 0.91 0.40
vn 0.02 0.99 0.12
vn 0.08 0.91 0.40
vn 0.10 0.91 0.39
vn 0.03 0.99 0.12
vn 0.12 0.91 0.39
vn 0.04 0.99 0.12
vn 0.14 0.91 0.38
vn 0.16 0.91 0.38
vn 0.05 0.99 0.11
vn 0.17 0.91 0.37
vn 0.19 0.91 0.36
vn 0.06 0.99 0.11
vn 0.21 0.91 0.35
vn 0.23 0.91 0.34
vn 0.07 0.99 0.10
vn 0.24 0.91 0.33
vn 0.26 0.91 0.31
vn 0.08 0.99 0.10
vn 0.27 0.91 0.30
vn 0.08 0.99 0.09
vn 0.29 0.91 0.29
vn 0.09 0.99 0.09
vn 0.30 0.91 0.27
vn 0.09 0.99 0.08
vn 0.31 0.91 0.26
vn 0.10 0.99 0.08
vn 0.33 0.91 0.24
vn 0.10 0.99 0.07
vn 0.34 0.91 0.23
vn 0.35 0.91 0.21
vn 0.11 0.99 0.06
vn 0.36 0.91 0.19
vn 0.37 0.91 0.17
vn 0.11 0.99 0.05
vn 0.38 0.91 0.16
vn 0.38 0.91 0.14
vn 0.12 0.99 0.04
vn 0.39 0.91 0.12
vn 0.39 0.91 0.10
vn 0.12 0.99 0.03
vn 0.40 0.91 0.08
vn 0.12 0.99 0.02
vn 0.40 0.91 0.06
vn 0.40 0.91 0.04
vn 0.12 0.99 0.01
vn 0.41 0.91 0.02
vn -1.00 -0.00 -0.00
vn -0.96 -0.00 0.29
vn -0.92 -0.00 0.38
vn -0.88 -0.00 0.47
vn -0.83 -0.00 0.56
vn -0.77 -0.00 0.63
vn 0.77 -0.00 0.63
vn 0.92 -0.00 0.38
vn 1.00 -0.00 -0.00
vn 0.98 -0.00 -0.20
vn -0.96 -0.00 -0.29
vn -0.98 -0.00 -0.20
vn -1.00 -0.00 -0.10
vn 0.02 1.00 0.00
vn 0.02 1.00 -0.00
vn 0.02 1.00 -0.01
vn 0.02 1.00 -0.02
vn 0.01 1.00 -0.02
vn 0.00 1.00 -0.02
vn -0.00 1.00 -0.02
vn -0.01 1.00 -0.02
vn -0.02 1.00 -0.02
vn -0.02 1.00 -0.01
vn -0.02 1.00 -0.00
vn -0.02 1.00 0.00
vn -0.02 1.00 0.01
vn -0.02 1.00 0.02
vn -0.01 1.00 0.02
vn -0.00 1.00 0.02
vn 0.00 1.00 0.02
vn 0.01 1.00 0.02
vn 0.02 1.00 0.02
vn 0.02 1.00 0.01
vn 0.11 0.99 0.00
vn 0.11 0.99 -0.01
vn -0.09 1.00 0.01
vn -0.09 1.00 -0.00
vn 0.11 0.99 -0.02
vn -0.09 1.00 0.02
vn 0.10 0.99 -0.03
vn -0.09 1.00 0.03
vn 0.10 0.99 -0.04
vn -0.08 1.00 0.03
vn 0.10 0.99 -0.05
vn -0.08 1.00 0.04
vn 0.09 0.99 -0.06
vn -0.07 1.00 0.05
vn 0.08 0.99 -0.07
vn -0.07 1.00 0.06
vn 0.08 0.99 -0.08
vn -0.06 1.00 0.06
vn 0.07 0.99 -0.08
vn -0.06 1.00 0.07
vn 0.06 0.99 -0.09
vn -0.05 1.00 0.07
vn 0.05 0.99 -0.10
vn -0.04 1.00 0.08
vn 0.04 0.99 -0.10
vn -0.03 1.00 0.08
vn 0.03 0.99 -0.10
vn -0.03 1.00 0.09
vn 0.02 0.99 -0.11
vn -0.02 1.00 0.09
vn 0.01 0.99 -0.11
vn -0.01 1.00 0.09
vn -0.00 0.99 -0.11
vn 0.00 1.00 0.09
vn -0.01 0.99 -0.11
vn 0.01 1.00 0.09
vn -0.02 0.99 -0.11
vn 0.02 1.00 0.09
vn -0.03 0.99 -0.10
vn 0.03 1.00 0.09
vn -0.04 0.99 -0.10
vn 0.03 1.00 0.08
vn -0.05 0.99 -0.10
vn 0.04 1.00 0.08
vn -0.06 0.99 -0.09
vn 0.05 1.00 0.07
vn -0.07 0.99 -0.08
vn 0.06 1.00 0.07
vn -0.08 0.99 -0.08
vn 0.06 1.00 0.06
vn -0.08 0.99 -0.07
vn 0.07 1.00 0.06
vn -0.09 0.99 -0.06
vn 0.07 1.00 0.05
vn -0.10 0.99 -0.05
vn 0.08 1.00 0.04
vn -0.10 0.99 -0.04
vn 0.08 1.00 0.03
vn -0.10 0.99 -0.03
vn 0.09 1.00 0.03
vn -0.11 0.99 -0.02
vn 0.09 1.00 0.02
vn -0.11 0.99 -0.01
vn 0.09 1.00 0.01
vn -0.11 0.99 0.00
vn 0.09 1.00 -0.00
vn -0.11 0.99 0.01
vn 0.09 1.00 -0.01
vn -0.11 0.99 0.02
vn 0.09 1.00 -0.02
vn -0.10 0.99 0.03
vn 0.09 1.00 -0.03
vn -0.10 0.99 0.04
vn 0.08 1.00 -0.03
vn -0.10 0.99 0.05
vn 0.08 1.00 -0.04
vn -0.09 0.99 0.06
vn 0.07 1.00 -0.05
vn -0.08 0.99 0.07
vn 0.07 1.00 -0.06
vn -0.08 0.99 0.08
vn 0.06 1.00 -0.06
vn -0.07 0.99 0.08
vn 0.06 1.00 -0.07
vn -0.06 0.99 0.09
vn 0.05 1.00 -0.07
vn -0.05 0.99 0.10
vn 0.04 1.00 -0.08
vn -0.04 0.99 0.10
vn 0.03 1.00 -0.08
vn -0.03 0.99 0.10
vn 0.03 1.00 -0.09
vn -0.02 0.99 0.11
vn 0.02 1.00 -0.09
vn -0.01 0.99 0.11
vn 0.01 1.00 -0.09
vn 0.00 0.99 0.11
vn -0.00 1.00 -0.09
vn 0.01 0.99 0.11
vn -0.01 1.00 -0.09
vn 0.02 0.99 0.11
vn -0.02 1.00 -0.09
vn 0.03 0.99 0.10
vn -0.03 1.00 -0.09
vn 0.04 0.99 0.10
vn -0.03 1.00 -0.08
vn 0.05 0.99 0.10
vn -0.04 1.00 -0.08
vn 0.06 0.99 0.09
vn -0.05 1.00 -0.07
vn 0.07 0.99 0.08
vn -0.06 1.00 -0.07
vn 0.08 0.99 0.08
vn -0.06 1.00 -0.06
vn 0.08 0.99 0.07
vn -0.07 1.00 -0.06
vn 0.09 0.99 0.06
vn -0.07 1.00 -0.05
vn 0.10 0.99 0.05
vn -0.08 1.00 -0.04
vn 0.10 0.99 0.04
vn -0.08 1.00 -0.03
vn 0.10 0.99 0.03
vn -0.09 1.00 -0.03
vn 0.11 0.99 0.02
vn -0.09 1.00 -0.02
vn 0.11 0.99 0.01
vn -0.09 1.00 -0.01
vn -1.00 0.10 -0.00
vn -0.99 0.10 0.10
vn -0.99 0.10 -0.10
vn -0.98 0.10 -0.19
vn -0.95 0.10 -0.29
vn -0.92 0.10 -0.38
vn -0.88 0.10 -0.47
vn -0.83 0.10 -0.55
vn -0.77 0.10 -0.63
vn -0.70 0.10 -0.70
vn -0.63 0.10 -0.77
vn -0.55 0.10 -0.83
vn -0.47 0.10 -0.88
vn -0.38 0.10 -0.92
vn -0.29 0.10 -0.95
vn -0.19 0.10 -0.98
vn -0.10 0.10 -0.99
vn -0.00 0.10 -1.00
vn 0.10 0.10 -0.99
vn 0.19 0.10 -0.98
vn 0.29 0.10 -0.95
vn 0.38 0.10 -0.92
vn 0.47 0.10 -0.88
vn 0.55 0.10 -0.83
vn 0.63 0.10 -0.77
vn 0.70 0.10 -0.70
vn 0.77 0.10 -0.63
vn 0.83 0.10 -0.55
vn 0.88 0.10 -0.47
vn 0.92 0.10 -0.38
vn 0.95 0.10 -0.29
vn 0.98 0.10 -0.19
vn 0.99 0.10 -0.10
vn 1.00 0.10 -0.00
vn 1.00 0.00 0.00
vn 0.99 0.10 0.10
vn 0.98 0.10 0.19
vn 0.98 -0.00 0.20
vn 0.95 0.10 0.29
vn 0.92 0.10 0.38
vn 0.88 0.10 0.47
vn 0.83 0.10 0.55
vn 0.77 0.10 0.63
vn 0.70 0.10 0.70
vn 0.63 0.10 0.77
vn 0.55 0.10 0.83
vn 0.47 0.10 0.88
vn 0.38 0.10 0.92
vn 0.29 0.10 0.95
vn 0.19 0.10 0.98
vn 0.10 0.10 0.99
vn 0.00 0.10 1.00
vn -0.10 0.10 0.99
vn -0.19 0.10 0.98
vn -0.29 0.10 0.95
vn -0.38 0.10 0.92
vn -0.47 0.10 0.88
vn -0.55 0.10 0.83
vn -0.63 0.10 0.77
vn -0.70 0.10 0.70
vn -0.77 0.10 0.63
vn -0.83 0.10 0.55
vn -0.88 0.10 0.47
vn -0.92 0.10 0.38
vn -0.95 0.10 0.29
vn -0.98 0.10 0.19
vn 1.00 0.10 0.00
vn -1.00 0.10 0.00
vn -0.19 0.98 0.02
vn -0.19 0.98 -0.00
vn -0.19 0.98 -0.02
vn -0.19 0.98 -0.04
vn -0.18 0.98 -0.06
vn -0.18 0.98 -0.07
vn -0.17 0.98 -0.09
vn -0.16 0.98 -0.11
vn -0.15 0.98 -0.12
vn -0.13 0.98 -0.13
vn -0.12 0.98 -0.15
vn -0.11 0.98 -0.16
vn -0.09 0.98 -0.17
vn -0.07 0.98 -0.18
vn -0.06 0.98 -0.18
vn -0.04 0.98 -0.19
vn -0.02 0.98 -0.19
vn -0.00 0.98 -0.19
vn 0.02 0.98 -0.19
vn 0.04 0.98 -0.19
vn 0.06 0.98 -0.18
vn 0.07 0.98 -0.18
vn 0.09 0.98 -0.17
vn 0.11 0.98 -0.16
vn 0.12 0.98 -0.15
vn 0.13 0.98 -0.13
vn 0.15 0.98 -0.12
vn 0.16 0.98 -0.11
vn 0.17 0.98 -0.09
vn 0.18 0.98 -0.07
vn 0.18 0.98 -0.06
vn 0.19 0.98 -0.04
vn 0.19 0.98 -0.02
vn 0.19 0.98 -0.00
vn 0.19 0.98 0.02
vn 0.19 0.98 0.04
vn 0.18 0.98 0.06
vn 0.18 0.98 0.07
vn 0.17 0.98 0.09
vn 0.16 0.98 0.11
vn 0.15 0.98 0.12
vn 0.13 0.98 0.13
vn 0.12 0.98 0.15
vn 0.11 0.98 0.16
vn 0.09 0.98 0.17
vn 0.07 0.98 0.18
vn 0.06 0.98 0.18
vn 0.04 0.98 0.19
vn 0.02 0.98 0.19
vn 0.00 0.98 0.19
vn -0.02 0.98 0.19
vn -0.04 0.98 0.19
vn -0.06 0.98 0.18
vn -0.07 0.98 0.18
vn -0.09 0.98 0.17
vn -0.11 0.98 0.16
vn -0.12 0.98 0.15
vn -0.13 0.98 0.13
vn -0.15 0.98 0.12
vn -0.16 0.98 0.11
vn -0.17 0.98 0.09
vn -0.18 0.98 0.07
vn -0.18 0.98 0.06
vn -0.19 0.98 0.04
vn 0.20 0.98 0.00
vn 0.20 0.98 -0.02
vn 0.20 0.98 -0.04
vn 0.19 0.98 -0.06
vn 0.19 0.98 -0.08
vn 0.18 0.98 -0.10
vn 0.17 0.98 -0.11
vn 0.16 0.98 -0.13
vn 0.14 0.98 -0.14
vn 0.13 0.98 -0.16
vn 0.11 0.98 -0.17
vn 0.10 0.98 -0.18
vn 0.08 0.98 -0.19
vn 0.06 0.98 -0.19
vn 0.04 0.98 -0.20
vn 0.02 0.98 -0.20
vn -0.00 0.98 -0.20
vn -0.02 0.98 -0.20
vn -0.04 0.98 -0.20
vn -0.06 0.98 -0.19
vn -0.08 0.98 -0.19
vn -0.10 0.98 -0.18
vn -0.11 0.98 -0.17
vn -0.13 0.98 -0.16
vn -0.14 0.98 -0.14
vn -0.16 0.98 -0.13
vn -0.17 0.98 -0.11
vn -0.18 0.98 -0.10
vn -0.19 0.98 -0.08
vn -0.19 0.98 -0.06
vn -0.20 0.98 -0.04
vn -0.20 0.98 -0.02
vn -0.20 0.98 0.00
vn -0.20 0.98 0.02
vn -0.20 0.98 0.04
vn -0.19 0.98 0.06
vn -0.19 0.98 0.08
vn -0.18 0.98 0.10
vn -0.17 0.98 0.11
vn -0.16 0.98 0.13
vn -0.14 0.98 0.14
vn -0.13 0.98 0.16
vn -0.11 0.98 0.17
vn -0.10 0.98 0.18
vn -0.08 0.98 0.19
vn -0.06 0.98 0.19
vn -0.04 0.98 0.20
vn -0.02 0.98 0.20
vn 0.00 0.98 0.20
vn 0.02 0.98 0.20
vn 0.04 0.98 0.20
vn 0.06 0.98 0.19
vn 0.08 0.98 0.19
vn 0.10 0.98 0.18
vn 0.11 0.98 0.17
vn 0.13 0.98 0.16
vn 0.14 0.98 0.14
vn 0.16 0.98 0.13
vn 0.17 0.98 0.11
vn 0.18 0.98 0.10
vn 0.19 0.98 0.08
vn 0.19 0.98 0.06
vn 0.20 0.98 0.04
vn 0.20 0.98 0.02
vn -0.70 0.71 0.07
vn -0.70 0.71 -0.00
vn -0.98 0.20 0.10
vn -0.98 0.20 -0.00
vn -0.70 0.71 -0.07
vn -0.98 0.20 -0.10
vn -0.69 0.71 -0.14
vn -0.96 0.20 -0.19
vn -0.67 0.71 -0.20
vn -0.94 0.20 -0.28
vn -0.65 0.71 -0.27
vn -0.91 0.20 -0.38
vn -0.62 0.71 -0.33
vn -0.86 0.20 -0.46
vn -0.59 0.71 -0.39
vn -0.82 0.20 -0.54
vn -0.54 0.71 -0.45
vn -0.76 0.20 -0.62
vn -0.50 0.71 -0.50
vn -0.69 0.20 -0.69
vn -0.45 0.71 -0.54
vn -0.62 0.20 -0.76
vn -0.39 0.71 -0.59
vn -0.54 0.20 -0.82
vn -0.33 0.71 -0.62
vn -0.46 0.20 -0.86
vn -0.27 0.71 -0.65
vn -0.38 0.20 -0.91
vn -0.20 0.71 -0.67
vn -0.28 0.20 -0.94
vn -0.14 0.71 -0.69
vn -0.19 0.20 -0.96
vn -0.07 0.71 -0.70
vn -0.10 0.20 -0.98
vn 0.00 0.71 -0.70
vn -0.00 0.20 -0.98
vn 0.07 0.71 -0.70
vn 0.10 0.20 -0.98
vn 0.19 0.20 -0.96
vn 0.20 0.71 -0.67
vn 0.28 0.20 -0.94
vn 0.38 0.20 -0.91
vn 0.46 0.20 -0.86
vn 0.54 0.20 -0.82
vn 0.45 0.71 -0.54
vn 0.62 0.20 -0.76
vn 0.69 0.20 -0.69
vn 0.54 0.71 -0.45
vn 0.76 0.20 -0.62
vn 0.82 0.20 -0.54
vn 0.86 0.20 -0.46
vn 0.91 0.20 -0.38
vn 0.67 0.71 -0.20
vn 0.94 0.20 -0.28
vn 0.96 0.20 -0.19
vn 0.70 0.71 -0.07
vn 0.98 0.20 -0.10
vn 0.70 0.71 -0.00
vn 0.98 0.20 -0.00
vn 0.70 0.71 0.07
vn 0.98 0.20 0.10
vn 0.96 0.20 0.19
vn 0.67 0.71 0.20
vn 0.94 0.20 0.28
vn 0.91 0.20 0.38
vn 0.86 0.20 0.46
vn 0.82 0.20 0.54
vn 0.54 0.71 0.45
vn 0.76 0.20 0.62
vn 0.69 0.20 0.69
vn 0.45 0.71 0.54
vn 0.62 0.20 0.76
vn 0.54 0.20 0.82
vn 0.46 0.20 0.86
vn 0.38 0.20 0.91
vn 0.20 0.71 0.67
vn 0.28 0.20 0.94
vn 0.19 0.20 0.96
vn 0.07 0.71 0.70
vn 0.10 0.20 0.98
vn -0.00 0.71 0.70
vn 0.00 0.20 0.98
vn -0.07 0.71 0.70
vn -0.10 0.20 0.98
vn -0.14 0.71 0.69
vn -0.19 0.20 0.96
vn -0.20 0.71 0.67
vn -0.28 0.20 0.94
vn -0.27 0.71 0.65
vn -0.38 0.20 0.91
vn -0.33 0.71 0.62
vn -0.46 0.20 0.86
vn -0.39 0.71 0.59
vn -0.54 0.20 0.82
vn -0.45 0.71 0.54
vn -0.62 0.20 0.76
vn -0.50 0.71 0.50
vn -0.69 0.20 0.69
vn -0.54 0.71 0.45
vn -0.76 0.20 0.62
vn -0.59 0.71 0.39
vn -0.82 0.20 0.54
vn -0.62 0.71 0.33
vn -0.86 0.20 0.46
vn -0.65 0.71 0.27
vn -0.91 0.20 0.38
vn -0.67 0.71 0.20
vn -0.94 0.20 0.28
vn -0.69 0.71 0.14
vn -0.96 0.20 0.19
vn 0.71 0.70 0.00
vn 0.71 0.70 -0.07
vn 0.98 0.20 0.00
vn 0.70 0.70 -0.14
vn 0.68 0.70 -0.21
vn 0.66 0.70 -0.27
vn 0.63 0.70 -0.33
vn 0.59 0.70 -0.39
vn 0.55 0.70 -0.45
vn 0.50 0.70 -0.50
vn 0.45 0.70 -0.55
vn 0.39 0.70 -0.59
vn 0.33 0.70 -0.63
vn 0.27 0.70 -0.66
vn 0.21 0.70 -0.68
vn 0.14 0.70 -0.70
vn 0.07 0.70 -0.71
vn 0.00 0.70 -0.71
vn -0.07 0.70 -0.71
vn -0.14 0.70 -0.70
vn -0.21 0.70 -0.68
vn -0.27 0.70 -0.66
vn -0.33 0.70 -0.63
vn -0.39 0.70 -0.59
vn -0.45 0.70 -0.55
vn -0.50 0.70 -0.50
vn -0.55 0.70 -0.45
vn -0.59 0.70 -0.39
vn -0.63 0.70 -0.33
vn -0.66 0.70 -0.27
vn -0.68 0.70 -0.21
vn -0.70 0.70 -0.14
vn -0.71 0.70 -0.07
vn -0.71 0.70 0.00
vn -0.98 0.20 0.00
vn -0.71 0.70 0.07
vn -0.70 0.70 0.14
vn -0.68 0.70 0.21
vn -0.66 0.70 0.27
vn -0.63 0.70 0.33
vn -0.59 0.70 0.39
vn -0.55 0.70 0.45
vn -0.50 0.70 0.50
vn -0.45 0.70 0.55
vn -0.39 0.70 0.59
vn -0.33 0.70 0.63
vn -0.27 0.70 0.66
vn -0.21 0.70 0.68
vn -0.14 0.70 0.70
vn -0.07 0.70 0.71
vn -0.00 0.70 0.71
vn 0.07 0.70 0.71
vn 0.14 0.70 0.70
vn 0.21 0.70 0.68
vn 0.27 0.70 0.66
vn 0.33 0.70 0.63
vn 0.39 0.70 0.59
vn 0.45 0.70 0.55
vn 0.50 0.70 0.50
vn 0.55 0.70 0.45
vn 0.59 0.70 0.39
vn 0.63 0.70 0.33
vn 0.66 0.70 0.27
vn 0.68 0.70 0.21
vn 0.70 0.70 0.14
vn 0.71 0.70 0.07
vn 0.00 0.40 0.91
vn -0.00 -0.91 0.41
vn 0.00 -0.99 0.12
vn -0.91 -0.40 -0.00
vn -0.91 -0.40 -0.04
vn -0.71 -0.71 -0.00
vn -0.71 -0.71 -0.03
vn -0.91 0.40 -0.04
vn -0.91 0.40 -0.00
vn -0.71 0.71 -0.03
vn -0.71 0.71 -0.00
vn -0.91 -0.40 -0.09
vn -0.71 -0.71 -0.07
vn -0.91 0.40 -0.09
vn -0.71 0.71 -0.07
vn -0.99 -0.00 -0.15
vn -0.91 -0.40 -0.13
vn -0.70 -0.71 -0.10
vn -0.91 0.40 -0.13
vn -0.70 0.71 -0.10
vn -0.90 -0.40 -0.18
vn -0.69 -0.71 -0.14
vn -0.90 0.40 -0.18
vn -0.97 -0.00 -0.24
vn -0.89 -0.40 -0.22
vn -0.69 -0.71 -0.17
vn -0.89 0.40 -0.22
vn -0.69 0.71 -0.17
vn -0.88 -0.40 -0.27
vn -0.68 -0.71 -0.21
vn -0.88 0.40 -0.27
vn -0.68 0.71 -0.21
vn -0.86 -0.40 -0.31
vn -0.67 -0.71 -0.24
vn -0.86 0.40 -0.31
vn -0.67 0.71 -0.24
vn -0.85 -0.40 -0.35
vn -0.65 -0.71 -0.27
vn -0.85 0.40 -0.35
vn -0.90 -0.00 -0.43
vn -0.83 -0.40 -0.39
vn -0.64 -0.71 -0.30
vn -0.83 0.40 -0.39
vn -0.64 0.71 -0.30
vn -0.88 -0.00 -0.47
vn -0.81 -0.40 -0.43
vn -0.62 -0.71 -0.33
vn -0.81 0.40 -0.43
vn -0.78 -0.40 -0.47
vn -0.61 -0.71 -0.36
vn -0.78 0.40 -0.47
vn -0.61 0.71 -0.36
vn -0.76 -0.40 -0.51
vn -0.59 -0.71 -0.39
vn -0.76 0.40 -0.51
vn -0.80 -0.00 -0.60
vn -0.73 -0.40 -0.55
vn -0.57 -0.71 -0.42
vn -0.73 0.40 -0.55
vn -0.57 0.71 -0.42
vn -0.71 -0.40 -0.58
vn -0.55 -0.71 -0.45
vn -0.71 0.40 -0.58
vn -0.55 0.71 -0.45
vn -0.68 -0.40 -0.61
vn -0.52 -0.71 -0.48
vn -0.68 0.40 -0.61
vn -0.52 0.71 -0.48
vn -0.71 -0.00 -0.71
vn -0.65 -0.40 -0.65
vn -0.50 -0.71 -0.50
vn -0.65 0.40 -0.65
vn -0.67 -0.00 -0.74
vn -0.61 -0.40 -0.68
vn -0.48 -0.71 -0.52
vn -0.61 0.40 -0.68
vn -0.48 0.71 -0.52
vn -0.63 -0.00 -0.77
vn -0.58 -0.40 -0.71
vn -0.45 -0.71 -0.55
vn -0.58 0.40 -0.71
vn -0.45 0.71 -0.55
vn -0.55 -0.40 -0.73
vn -0.42 -0.71 -0.57
vn -0.55 0.40 -0.73
vn -0.42 0.71 -0.57
vn -0.51 -0.40 -0.76
vn -0.39 -0.71 -0.59
vn -0.51 0.40 -0.76
vn -0.51 -0.00 -0.86
vn -0.47 -0.40 -0.78
vn -0.36 -0.71 -0.61
vn -0.47 0.40 -0.78
vn -0.36 0.71 -0.61
vn -0.47 -0.00 -0.88
vn -0.43 -0.40 -0.81
vn -0.33 -0.71 -0.62
vn -0.43 0.40 -0.81
vn -0.43 -0.00 -0.90
vn -0.39 -0.40 -0.83
vn -0.30 -0.71 -0.64
vn -0.39 0.40 -0.83
vn -0.30 0.71 -0.64
vn -0.35 -0.40 -0.85
vn -0.27 -0.71 -0.65
vn -0.35 0.40 -0.85
vn -0.31 -0.40 -0.86
vn -0.24 -0.71 -0.67
vn -0.31 0.40 -0.86
vn -0.24 0.71 -0.67
vn -0.29 -0.00 -0.96
vn -0.27 -0.40 -0.88
vn -0.21 -0.71 -0.68
vn -0.27 0.40 -0.88
vn -0.21 0.71 -0.68
vn -0.24 -0.00 -0.97
vn -0.22 -0.40 -0.89
vn -0.17 -0.71 -0.69
vn -0.22 0.40 -0.89
vn -0.17 0.71 -0.69
vn -0.18 -0.40 -0.90
vn -0.14 -0.71 -0.69
vn -0.18 0.40 -0.90
vn -0.13 -0.40 -0.91
vn -0.10 -0.71 -0.70
vn -0.13 0.40 -0.91
vn -0.10 0.71 -0.70
vn -0.09 -0.40 -0.91
vn -0.07 -0.71 -0.71
vn -0.09 0.40 -0.91
vn -0.07 0.71 -0.71
vn -0.05 -0.00 -1.00
vn -0.04 -0.40 -0.91
vn -0.03 -0.71 -0.71
vn -0.04 0.40 -0.91
vn -0.03 0.71 -0.71
vn -0.04 -0.40 0.91
vn -0.03 -0.71 0.71
vn -0.09 -0.40 0.91
vn -0.07 -0.71 0.71
vn -0.09 0.40 0.91
vn -0.04 0.40 0.91
vn -0.07 0.71 0.71
vn -0.03 0.71 0.71
vn -0.15 -0.00 0.99
vn -0.13 -0.40 0.91
vn -0.10 -0.71 0.70
vn -0.13 0.40 0.91
vn -0.10 0.71 0.70
vn -0.18 -0.40 0.90
vn -0.14 -0.71 0.69
vn -0.18 0.40 0.90
vn -0.22 -0.40 0.89
vn -0.17 -0.71 0.69
vn -0.22 0.40 0.89
vn -0.17 0.71 0.69
vn -0.27 -0.40 0.88
vn -0.21 -0.71 0.68
vn -0.27 0.40 0.88
vn -0.21 0.71 0.68
vn -0.34 -0.00 0.94
vn -0.31 -0.40 0.86
vn -0.24 -0.71 0.67
vn -0.31 0.40 0.86
vn -0.24 0.71 0.67
vn -0.38 -0.00 0.92
vn -0.35 -0.40 0.85
vn -0.27 -0.71 0.65
vn -0.35 0.40 0.85
vn -0.43 -0.00 0.90
vn -0.39 -0.40 0.83
vn -0.30 -0.71 0.64
vn -0.39 0.40 0.83
vn -0.30 0.71 0.64
vn -0.47 -0.00 0.88
vn -0.43 -0.40 0.81
vn -0.33 -0.71 0.62
vn -0.43 0.40 0.81
vn -0.47 -0.40 0.78
vn -0.36 -0.71 0.61
vn -0.47 0.40 0.78
vn -0.36 0.71 0.61
vn -0.51 -0.40 0.76
vn -0.39 -0.71 0.59
vn -0.51 0.40 0.76
vn -0.60 -0.00 0.80
vn -0.55 -0.40 0.73
vn -0.42 -0.71 0.57
vn -0.55 0.40 0.73
vn -0.42 0.71 0.57
vn -0.58 -0.40 0.71
vn -0.45 -0.71 0.55
vn -0.58 0.40 0.71
vn -0.45 0.71 0.55
vn -0.67 -0.00 0.74
vn -0.61 -0.40 0.68
vn -0.48 -0.71 0.52
vn -0.61 0.40 0.68
vn -0.48 0.71 0.52
vn -0.65 -0.40 0.65
vn -0.50 -0.71 0.50
vn -0.65 0.40 0.65
vn -0.68 -0.40 0.61
vn -0.52 -0.71 0.48
vn -0.68 0.40 0.61
vn -0.52 0.71 0.48
vn -0.71 -0.40 0.58
vn -0.55 -0.71 0.45
vn -0.71 0.40 0.58
vn -0.55 0.71 0.45
vn -0.73 -0.40 0.55
vn -0.57 -0.71 0.42
vn -0.73 0.40 0.55
vn -0.57 0.71 0.42
vn -0.76 -0.40 0.51
vn -0.59 -0.71 0.39
vn -0.76 0.40 0.51
vn -0.86 -0.00 0.51
vn -0.78 -0.40 0.47
vn -0.61 -0.71 0.36
vn -0.78 0.40 0.47
vn -0.61 0.71 0.36
vn -0.81 -0.40 0.43
vn -0.62 -0.71 0.33
vn -0.81 0.40 0.43
vn -0.83 -0.40 0.39
vn -0.64 -0.71 0.30
vn -0.83 0.40 0.39
vn -0.64 0.71 0.30
vn -0.85 -0.40 0.35
vn -0.65 -0.71 0.27
vn -0.85 0.40 0.35
vn -0.94 -0.00 0.34
vn -0.86 -0.40 0.31
vn -0.67 -0.71 0.24
vn -0.86 0.40 0.31
vn -0.67 0.71 0.24
vn -0.88 -0.40 0.27
vn -0.68 -0.71 0.21
vn -0.88 0.40 0.27
vn -0.68 0.71 0.21
vn -0.89 -0.40 0.22
vn -0.69 -0.71 0.17
vn -0.89 0.40 0.22
vn -0.69 0.71 0.17
vn -0.90 -0.40 0.18
vn -0.69 -0.71 0.14
vn -0.90 0.40 0.18
vn -0.91 -0.40 0.13
vn -0.70 -0.71 0.10
vn -0.91 0.40 0.13
vn -0.70 0.71 0.10
vn -1.00 -0.00 0.10
vn -0.91 -0.40 0.09
vn -0.71 -0.71 0.07
vn -0.91 0.40 0.09
vn -0.71 0.71 0.07
vn -1.00 -0.00 0.05
vn -0.91 -0.40 0.04
vn -0.71 -0.71 0.03
vn -0.91 0.40 0.04
vn -0.71 0.71 0.03
vn -0.41 -0.91 0.02
vn -0.12 -0.99 0.01
vn -0.40 -0.91 0.04
vn -0.12 -0.99 0.02
vn -0.40 -0.91 0.06
vn -0.40 -0.91 0.08
vn -0.12 -0.99 0.03
vn -0.39 -0.91 0.10
vn -0.12 -0.99 0.04
vn -0.39 -0.91 0.12
vn -0.38 -0.91 0.14
vn -0.11 -0.99 0.05
vn -0.38 -0.91 0.16
vn -0.37 -0.91 0.17
vn -0.11 -0.99 0.06
vn -0.36 -0.91 0.19
vn -0.35 -0.91 0.21
vn -0.10 -0.99 0.07
vn -0.34 -0.91 0.23
vn -0.33 -0.91 0.24
vn -0.10 -0.99 0.08
vn -0.31 -0.91 0.26
vn -0.09 -0.99 0.08
vn -0.30 -0.91 0.27
vn -0.09 -0.99 0.09
vn -0.29 -0.91 0.29
vn -0.08 -0.99 0.09
vn -0.27 -0.91 0.30
vn -0.08 -0.99 0.10
vn -0.26 -0.91 0.31
vn -0.07 -0.99 0.10
vn -0.24 -0.91 0.33
vn -0.23 -0.91 0.34
vn -0.06 -0.99 0.11
vn -0.21 -0.91 0.35
vn -0.19 -0.91 0.36
vn -0.05 -0.99 0.11
vn -0.17 -0.91 0.37
vn -0.16 -0.91 0.38
vn -0.04 -0.99 0.12
vn -0.14 -0.91 0.38
vn -0.12 -0.91 0.39
vn -0.03 -0.99 0.12
vn -0.10 -0.91 0.39
vn -0.02 -0.99 0.12
vn -0.08 -0.91 0.40
vn -0.06 -0.91 0.40
vn -0.01 -0.99 0.12
vn -0.04 -0.91 0.40
vn -0.02 -0.91 0.41
vn -0.01 -0.99 -0.12
vn -0.02 -0.91 -0.41
vn -0.04 -0.91 -0.40
vn -0.02 -0.99 -0.12
vn -0.06 -0.91 -0.40
vn -0.08 -0.91 -0.40
vn -0.03 -0.99 -0.12
vn -0.10 -0.91 -0.39
vn -0.04 -0.99 -0.12
vn -0.12 -0.91 -0.39
vn -0.14 -0.91 -0.38
vn -0.05 -0.99 -0.11
vn -0.16 -0.91 -0.38
vn -0.17 -0.91 -0.37
vn -0.06 -0.99 -0.11
vn -0.19 -0.91 -0.36
vn -0.21 -0.91 -0.35
vn -0.07 -0.99 -0.10
vn -0.23 -0.91 -0.34
vn -0.24 -0.91 -0.33
vn -0.08 -0.99 -0.10
vn -0.26 -0.91 -0.31
vn -0.08 -0.99 -0.09
vn -0.27 -0.91 -0.30
vn -0.09 -0.99 -0.09
vn -0.29 -0.91 -0.29
vn -0.09 -0.99 -0.08
vn -0.30 -0.91 -0.27
vn -0.10 -0.99 -0.08
vn -0.31 -0.91 -0.26
vn -0.10 -0.99 -0.07
vn -0.33 -0.91 -0.24
vn -0.34 -0.91 -0.23
vn -0.11 -0.99 -0.06
vn -0.35 -0.91 -0.21
vn -0.36 -0.91 -0.19
vn -0.11 -0.99 -0.05
vn -0.37 -0.91 -0.17
vn -0.38 -0.91 -0.16
vn -0.12 -0.99 -0.04
vn -0.38 -0.91 -0.14
vn -0.39 -0.91 -0.12
vn -0.12 -0.99 -0.03
vn -0.39 -0.91 -0.10
vn -0.12 -0.99 -0.02
vn -0.40 -0.91 -0.08
vn -0.40 -0.91 -0.06
vn -0.12 -0.99 -0.01
vn -0.40 -0.91 -0.04
vn -0.41 -0.91 -0.02
vn -0.12 -0.99 0.00
vn -0.41 -0.91 -0.00
vn -0.41 0.91 -0.00
vn -0.12 0.99 -0.00
vn -0.12 0.99 -0.01
vn -0.41 0.91 -0.02
vn -0.40 0.91 -0.04
vn -0.12 0.99 -0.02
vn -0.40 0.91 -0.06
vn -0.40 0.91 -0.08
vn -0.12 0.99 -0.03
vn -0.39 0.91 -0.10
vn -0.12 0.99 -0.04
vn -0.39 0.91 -0.12
vn -0.38 0.91 -0.14
vn -0.11 0.99 -0.05
vn -0.38 0.91 -0.16
vn -0.37 0.91 -0.17
vn -0.11 0.99 -0.06
vn -0.36 0.91 -0.19
vn -0.35 0.91 -0.21
vn -0.10 0.99 -0.07
vn -0.34 0.91 -0.23
vn -0.33 0.91 -0.24
vn -0.10 0.99 -0.08
vn -0.31 0.91 -0.26
vn -0.09 0.99 -0.08
vn -0.30 0.91 -0.27
vn -0.09 0.99 -0.09
vn -0.29 0.91 -0.29
vn -0.08 0.99 -0.09
vn -0.27 0.91 -0.30
vn -0.08 0.99 -0.10
vn -0.26 0.91 -0.31
vn -0.07 0.99 -0.10
vn -0.24 0.91 -0.33
vn -0.23 0.91 -0.34
vn -0.06 0.99 -0.11
vn -0.21 0.91 -0.35
vn -0.19 0.91 -0.36
vn -0.05 0.99 -0.11
vn -0.17 0.91 -0.37
vn -0.16 0.91 -0.38
vn -0.04 0.99 -0.12
vn -0.14 0.91 -0.38
vn -0.12 0.91 -0.39
vn -0.03 0.99 -0.12
vn -0.10 0.91 -0.39
vn -0.02 0.99 -0.12
vn -0.08 0.91 -0.40
vn -0.06 0.91 -0.40
vn -0.01 0.99 -0.12
vn -0.04 0.91 -0.40
vn -0.02 0.91 -0.41
vn -0.02 0.91 0.41
vn -0.01 0.99 0.12
vn -0.04 0.91 0.40
vn -0.02 0.99 0.12
vn -0.06 0.91 0.40
vn -0.08 0.91 0.40
vn -0.03 0.99 0.12
vn -0.10 0.91 0.39
vn -0.04 0.99 0.12
vn -0.12 0.91 0.39
vn -0.14 0.91 0.38
vn -0.05 0.99 0.11
vn -0.16 0.91 0.38
vn -0.17 0.91 0.37
vn -0.06 0.99 0.11
vn -0.19 0.91 0.36
vn -0.21 0.91 0.35
vn -0.07 0.99 0.10
vn -0.23 0.91 0.34
vn -0.24 0.91 0.33
vn -0.08 0.99 0.10
vn -0.26 0.91 0.31
vn -0.08 0.99 0.09
vn -0.27 0.91 0.30
vn -0.09 0.99 0.09
vn -0.29 0.91 0.29
vn -0.09 0.99 0.08
vn -0.30 0.91 0.27
vn -0.10 0.99 0.08
vn -0.31 0.91 0.26
vn -0.10 0.99 0.07
vn -0.33 0.91 0.24
vn -0.34 0.91 0.23
vn -0.11 0.99 0.06
vn -0.35 0.91 0.21
vn -0.36 0.91 0.19
vn -0.11 0.99 0.05
vn -0.37 0.91 0.17
vn -0.38 0.91 0.16
vn -0.12 0.99 0.04
vn -0.38 0.91 0.14
vn -0.39 0.91 0.12
vn -0.12 0.99 0.03
vn -0.39 0.91 0.10
vn -0.12 0.99 0.02
vn -0.40 0.91 0.08
vn -0.40 0.91 0.06
vn -0.12 0.99 0.01
vn -0.40 0.91 0.04
vn -0.41 0.91 0.02
vn -0.00 1.00 0.09
vn 0.00 0.99 -0.11
vn 0.00 1.00 -0.09
vn -0.00 0.99 0.11
vn 0.00 0.10 -1.00
vn -0.98 -0.00 0.20
vn -0.00 0.10 1.00
vn 0.00 0.98 -0.19
vn -0.00 0.98 0.19
vn 0.00 0.98 -0.20
vn -0.00 0.98 0.20
vn -0.00 0.71 -0.70
vn 0.00 0.20 -0.98
vn 0.00 0.71 0.70
vn -0.00 0.20 0.98
vn -0.00 0.70 -0.71
vn 0.00 0.70 0.71
vn -0.81 0.00 -0.58
vn -0.00 -1.00 -0.00
vn -0.79 0.00 -0.61
vn 0.09 0.00 -1.00
vn -0.09 0.00 -1.00
vn -0.69 0.00 -0.73
vn -0.81 0.00 0.58
vn -0.00 -1.00 0.00
vn -0.79 0.00 0.61
vn -0.09 0.00 1.00
vn 0.09 0.00 1.00
vn -0.69 0.00 0.73
vn 0.81 0.00 -0.58
vn 0.79 0.00 -0.61
vn 0.69 0.00 -0.73
vn 0.81 0.00 0.58
vn 0.00 -1.00 0.00
vn 0.79 0.00 0.61
vn 0.69 0.00 0.73
vn 0.71 0.71 0.00
vn -0.56 0.71 -0.43
vn -0.49 0.71 -0.51
vn -0.35 0.71 -0.62
vn -0.56 0.71 0.43
vn -0.49 0.71 0.51
vn -0.35 0.71 0.62
vn -0.71 0.71 0.00
vn 0.56 0.71 -0.43
vn 0.49 0.71 -0.51
vn 0.35 0.71 -0.62
vn 0.56 0.71 0.43
vn 0.35 0.71 0.62
vn 0.49 0.71 0.51
vn 0.70 -0.71 -0.07
vn 0.71 -0.71 0.00
vn 0.07 -0.71 -0.70
vn -0.07 -0.71 -0.70
vn -0.70 -0.71 -0.07
vn 0.70 -0.71 0.07
vn 0.07 -0.71 0.70
vn -0.00 -0.71 0.71
vn -0.07 -0.71 0.70
vn -0.70 -0.71 0.07
vn -0.71 -0.00 0.71
vn -0.63 -0.00 0.77
vn -0.56 -0.00 0.83
vn -0.29 -0.00 0.96
vn -0.20 -0.00 0.98
vn -0.10 -0.00 1.00
vn -0.00 -0.00 1.00
vn 0.10 -0.00 1.00
vn 0.29 -0.00 0.96
vn 0.56 -0.00 0.83
vn 0.71 -0.00 0.71
vn 0.72 0.00 -0.69
vn -0.72 0.00 -0.69
vn 1.00 -0.00 0.05
vn 0.00 -0.00 1.00
vn -0.99 -0.00 0.15
vn 0.72 -0.00 0.69
vn -0.72 -0.00 0.69
vn -0.71 0.71 0.02
vn -0.72 0.69 -0.02
vn 0.70 0.71 -0.04
vn 0.72 0.69 -0.00
vn 0.01 0.71 -0.71
vn 0.05 0.69 -0.72
vn -0.04 0.69 -0.72
vn -0.00 0.71 -0.71
vn 0.31 0.70 -0.64
vn 0.36 0.68 -0.64
vn -0.66 0.70 -0.28
vn -0.66 0.68 -0.32
vn 0.65 0.69 -0.30
vn 0.69 0.68 -0.26
vn -0.33 0.69 -0.64
vn -0.29 0.68 -0.68
vn 0.75 0.66 -0.04
vn 0.78 0.63 0.00
vn 0.71 0.70 0.06
vn -0.69 0.70 0.18
vn -0.77 0.61 0.18
vn -0.73 0.67 0.11
vn 0.79 0.60 -0.09
vn 0.82 0.57 0.01
vn 0.70 0.70 -0.15
vn 0.69 0.71 -0.15
vn -0.73 0.68 -0.04
vn 0.00 0.71 0.71
vn 0.71 0.71 0.05
vn 0.72 0.70 0.05
vn 0.79 0.61 0.03
vn 0.81 0.59 0.04
vn 0.08 0.60 0.80
vn -0.01 0.56 0.83
vn -0.01 0.59 0.81
vn -0.01 0.58 0.81
vn 0.03 0.70 0.71
vn -0.06 0.70 0.72
vn 0.82 0.57 -0.05
vn 0.85 0.50 0.13
vn -0.24 0.73 0.64
vn 0.09 0.57 0.82
vn -0.10 0.45 0.89
vn 0.63 0.50 0.60
vn -0.63 0.72 0.31
vn -0.70 0.69 0.17
vn 0.92 -0.00 -0.38
vn 0.83 -0.00 -0.56
vn 0.77 -0.00 -0.63
vn 0.71 -0.00 -0.71
vn 0.56 -0.00 -0.83
vn 0.38 -0.00 -0.92
vn 0.20 -0.00 -0.98
vn 0.10 -0.00 -1.00
vn -0.10 -0.00 -1.00
vn -0.20 -0.00 -0.98
vn -0.38 -0.00 -0.92
vn -0.56 -0.00 -0.83
vn -0.77 -0.00 -0.63
vn -0.83 -0.00 -0.56
vn -0.92 -0.00 -0.38
vn -0.72 0.00 0.69
vn 0.72 0.00 0.69
vn -1.00 -0.00 -0.05
vn 1.00 -0.00 -0.05
vn -0.00 -0.00 -1.00
vn -0.72 -0.00 -0.69
vn 0.72 -0.00 -0.69
vn 0.71 0.71 -0.02
vn 0.72 0.69 0.02
vn -0.70 0.71 0.04
vn -0.72 0.69 0.00
vn -0.01 0.71 0.71
vn -0.05 0.69 0.72
vn 0.04 0.69 0.72
vn -0.31 0.70 0.64
vn -0.36 0.68 0.64
vn 0.66 0.70 0.28
vn 0.66 0.68 0.32
vn -0.65 0.69 0.30
vn -0.69 0.68 0.26
vn 0.33 0.69 0.64
vn 0.29 0.68 0.68
vn -0.75 0.66 0.04
vn -0.78 0.63 -0.00
vn -0.71 0.70 -0.06
vn 0.69 0.70 -0.18
vn 0.77 0.61 -0.18
vn 0.73 0.67 -0.11
vn -0.79 0.60 0.09
vn -0.82 0.57 -0.01
vn -0.70 0.70 0.15
vn -0.69 0.71 0.15
vn 0.73 0.68 0.04
vn -0.71 0.71 -0.05
vn -0.72 0.70 -0.05
vn -0.79 0.61 -0.03
vn -0.81 0.59 -0.04
vn -0.08 0.60 -0.80
vn 0.01 0.56 -0.83
vn 0.01 0.59 -0.81
vn 0.01 0.58 -0.81
vn -0.03 0.70 -0.71
vn 0.06 0.70 -0.72
vn -0.82 0.57 0.05
vn -0.85 0.50 -0.13
vn 0.24 0.73 -0.64
vn -0.09 0.57 -0.82
vn 0.10 0.45 -0.89
vn -0.63 0.50 -0.60
vn 0.63 0.72 -0.31
vn 0.70 0.69 -0.17
# 2514 vertex normals

vt -1.19 0.67 -9.42
vt -1.20 0.58 -9.42
vt -1.20 0.50 -9.42
vt -1.20 0.42 -9.42
vt -1.19 0.33 -9.42
vt -1.18 0.25 -9.42
vt -1.17 0.17 -9.42
vt -1.15 0.09 -9.42
vt -1.13 0.01 -9.42
vt -1.10 -0.07 -9.42
vt -1.07 -0.15 -9.42
vt -1.04 -0.23 -9.42
vt -1.00 -0.30 -9.42
vt -0.96 -0.37 -9.42
vt -0.91 -0.44 -9.42
vt -0.87 -0.51 -9.42
vt -0.81 -0.58 -9.42
vt -0.76 -0.64 -9.42
vt -0.70 -0.70 -9.42
vt -0.64 -0.76 -9.42
vt -0.58 -0.81 -9.42
vt -0.51 -0.87 -9.42
vt -0.44 -0.91 -9.42
vt -0.37 -0.96 -9.42
vt -0.30 -1.00 -9.42
vt -0.23 -1.04 -9.42
vt -0.15 -1.07 -9.42
vt -0.07 -1.10 -9.42
vt 0.01 -1.13 -9.42
vt 0.09 -1.15 -9.42
vt 0.17 -1.17 -9.42
vt 0.25 -1.18 -9.42
vt 0.33 -1.19 -9.42
vt 0.42 -1.20 -9.42
vt 0.50 -1.20 -9.42
vt 0.58 -1.20 -9.42
vt 0.67 -1.19 -9.42
vt 0.75 -1.18 -9.42
vt 0.83 -1.17 -9.42
vt 0.91 -1.15 -9.42
vt 0.99 -1.13 -9.42
vt 1.07 -1.10 -9.42
vt 1.15 -1.07 -9.42
vt 1.23 -1.04 -9.42
vt 1.30 -1.00 -9.42
vt 1.37 -0.96 -9.42
vt 1.44 -0.91 -9.42
vt 1.51 -0.87 -9.42
vt 1.58 -0.81 -9.42
vt 1.64 -0.76 -9.42
vt 1.70 -0.70 -9.42
vt 1.76 -0.64 -9.42
vt 1.81 -0.58 -9.42
vt 1.87 -0.51 -9.42
vt 1.91 -0.44 -9.42
vt 1.96 -0.37 -9.42
vt 2.00 -0.30 -9.42
vt 2.04 -0.23 -9.42
vt 2.07 -0.15 -9.42
vt 2.10 -0.07 -9.42
vt 2.13 0.01 -9.42
vt 2.15 0.09 -9.42
vt 2.17 0.17 -9.42
vt 2.18 0.25 -9.42
vt 2.19 0.33 -9.42
vt 2.20 0.42 -9.42
vt 2.20 0.50 -9.42
vt 2.20 0.58 -9.42
vt 2.19 0.67 -9.42
vt 2.18 0.75 -9.42
vt 2.17 0.83 -9.42
vt 2.15 0.91 -9.42
vt 2.13 0.99 -9.42
vt 2.10 1.07 -9.42
vt 2.07 1.15 -9.42
vt 2.04 1.23 -9.42
vt 2.00 1.30 -9.42
vt 1.96 1.37 -9.42
vt 1.91 1.44 -9.42
vt 1.87 1.51 -9.42
vt 1.81 1.58 -9.42
vt 1.76 1.64 -9.42
vt 1.70 1.70 -9.42
vt 1.64 1.76 -9.42
vt 1.58 1.81 -9.42
vt 1.51 1.87 -9.42
vt 1.44 1.91 -9.42
vt 1.37 1.96 -9.42
vt 1.30 2.00 -9.42
vt 1.23 2.04 -9.42
vt 1.15 2.07 -9.42
vt 1.07 2.10 -9.42
vt 0.99 2.13 -9.42
vt 0.91 2.15 -9.42
vt 0.83 2.17 -9.42
vt 0.75 2.18 -9.42
vt 0.67 2.19 -9.42
vt 0.58 2.20 -9.42
vt 0.50 2.20 -9.42
vt 0.42 2.20 -9.42
vt 0.33 2.19 -9.42
vt 0.25 2.18 -9.42
vt 0.17 2.17 -9.42
vt 0.09 2.15 -9.42
vt 0.01 2.13 -9.42
vt -0.07 2.10 -9.42
vt -0.15 2.07 -9.42
vt -0.23 2.04 -9.42
vt -0.30 2.00 -9.42
vt -0.37 1.96 -9.42
vt -0.44 1.91 -9.42
vt -0.51 1.87 -9.42
vt -0.58 1.81 -9.42
vt -0.64 1.76 -9.42
vt -0.70 1.70 -9.42
vt -0.76 1.64 -9.42
vt -0.81 1.58 -9.42
vt -0.87 1.51 -9.42
vt -0.91 1.44 -9.42
vt -0.96 1.37 -9.42
vt -1.00 1.30 -9.42
vt -1.04 1.23 -9.42
vt -1.07 1.15 -9.42
vt -1.10 1.07 -9.42
vt -1.13 0.99 -9.42
vt -1.15 0.91 -9.42
vt -1.17 0.83 -9.42
vt -1.18 0.75 -9.42
vt 0.58 -9.30 2.20
vt 0.50 -9.30 2.20
vt 0.50 -9.42 2.20
vt 0.58 -9.42 2.20
vt 0.67 -9.30 2.19
vt 0.67 -9.42 2.19
vt 0.75 -9.30 2.18
vt 0.75 -9.42 2.18
vt 0.83 -9.30 2.17
vt 0.83 -9.42 2.17
vt 0.91 -9.30 2.15
vt 0.91 -9.42 2.15
vt 0.99 -9.30 2.13
vt 0.99 -9.42 2.13
vt 1.07 -9.30 2.10
vt 1.07 -9.42 2.10
vt 1.15 -9.30 2.07
vt 1.15 -9.42 2.07
vt 1.23 -9.30 2.04
vt 1.23 -9.42 2.04
vt 1.30 -9.30 2.00
vt 1.30 -9.42 2.00
vt 1.37 -9.30 1.96
vt 1.37 -9.42 1.96
vt 1.44 -9.30 1.91
vt 1.44 -9.42 1.91
vt 1.51 -9.30 1.87
vt 1.51 -9.42 1.87
vt 1.58 -9.30 1.81
vt 1.58 -9.42 1.81
vt 1.64 -9.30 1.76
vt 1.64 -9.42 1.76
vt 1.70 -9.30 1.70
vt 1.70 -9.42 1.70
vt -0.64 -9.30 1.76
vt -0.70 -9.30 1.70
vt -0.70 -9.42 1.70
vt -0.64 -9.42 1.76
vt -0.58 -9.30 1.81
vt -0.58 -9.42 1.81
vt -0.51 -9.30 1.87
vt -0.51 -9.42 1.87
vt -0.44 -9.30 1.91
vt -0.44 -9.42 1.91
vt -0.37 -9.30 1.96
vt -0.37 -9.42 1.96
vt -0.30 -9.30 2.00
vt -0.30 -9.42 2.00
vt -0.23 -9.30 2.04
vt -0.23 -9.42 2.04
vt -0.15 -9.30 2.07
vt -0.15 -9.42 2.07
vt -0.07 -9.30 2.10
vt -0.07 -9.42 2.10
vt 0.01 -9.30 2.13
vt 0.01 -9.42 2.13
vt 0.09 -9.30 2.15
vt 0.09 -9.42 2.15
vt 0.17 -9.30 2.17
vt 0.17 -9.42 2.17
vt 0.25 -9.30 2.18
vt 0.25 -9.42 2.18
vt 0.33 -9.30 2.19
vt 0.33 -9.42 2.19
vt 0.42 -9.30 2.20
vt 0.42 -9.42 2.20
vt -0.64 -9.30 -0.76
vt -0.70 -9.30 -0.70
vt -0.70 -9.42 -0.70
vt -0.64 -9.42 -0.76
vt -0.58 -9.30 -0.81
vt -0.58 -9.42 -0.81
vt -0.51 -9.30 -0.87
vt -0.51 -9.42 -0.87
vt -0.44 -9.30 -0.91
vt -0.44 -9.42 -0.91
vt -0.37 -9.30 -0.96
vt -0.37 -9.42 -0.96
vt -0.30 -9.30 -1.00
vt -0.30 -9.42 -1.00
vt -0.23 -9.30 -1.04
vt -0.23 -9.42 -1.04
vt -0.15 -9.30 -1.07
vt -0.15 -9.42 -1.07
vt -0.07 -9.30 -1.10
vt -0.07 -9.42 -1.10
vt 0.01 -9.30 -1.13
vt 0.01 -9.42 -1.13
vt 0.09 -9.30 -1.15
vt 0.09 -9.42 -1.15
vt 0.17 -9.30 -1.17
vt 0.17 -9.42 -1.17
vt 0.25 -9.30 -1.18
vt 0.25 -9.42 -1.18
vt 0.33 -9.30 -1.19
vt 0.33 -9.42 -1.19
vt 0.42 -9.30 -1.20
vt 0.42 -9.42 -1.20
vt 0.50 -9.30 -1.20
vt 0.50 -9.42 -1.20
vt 0.58 -9.30 -1.20
vt 0.58 -9.42 -1.20
vt 0.67 -9.30 -1.19
vt 0.67 -9.42 -1.19
vt 0.75 -9.30 -1.18
vt 0.75 -9.42 -1.18
vt 0.83 -9.30 -1.17
vt 0.83 -9.42 -1.17
vt 0.91 -9.30 -1.15
vt 0.91 -9.42 -1.15
vt 0.99 -9.30 -1.13
vt 0.99 -9.42 -1.13
vt 1.07 -9.30 -1.10
vt 1.07 -9.42 -1.10
vt 1.15 -9.30 -1.07
vt 1.15 -9.42 -1.07
vt 1.23 -9.30 -1.04
vt 1.23 -9.42 -1.04
vt 1.30 -9.30 -1.00
vt 1.30 -9.42 -1.00
vt 1.37 -9.30 -0.96
vt 1.37 -9.42 -0.96
vt 1.44 -9.30 -0.91
vt 1.44 -9.42 -0.91
vt 1.51 -9.30 -0.87
vt 1.51 -9.42 -0.87
vt 1.58 -9.30 -0.81
vt 1.58 -9.42 -0.81
vt 1.64 -9.30 -0.76
vt 1.64 -9.42 -0.76
vt 1.70 -9.30 -0.70
vt 1.70 -9.42 -0.70
vt 2.17 0.17 -9.30
vt 2.18 0.25 -9.30
vt 2.19 0.33 -9.30
vt 2.20 0.42 -9.30
vt 2.20 0.50 -9.30
vt 2.20 0.58 -9.30
vt 2.19 0.67 -9.30
vt 2.18 0.75 -9.30
vt 2.17 0.83 -9.30
vt 2.15 0.91 -9.30
vt 2.13 0.99 -9.30
vt 2.10 1.07 -9.30
vt 2.07 1.15 -9.30
vt 2.04 1.23 -9.30
vt 2.00 1.30 -9.30
vt 1.96 1.37 -9.30
vt 1.91 1.44 -9.30
vt 1.87 1.51 -9.30
vt 1.81 1.58 -9.30
vt 1.76 1.64 -9.30
vt 1.70 1.70 -9.30
vt 1.64 1.76 -9.30
vt 1.58 1.81 -9.30
vt 1.51 1.87 -9.30
vt 1.44 1.91 -9.30
vt 1.37 1.96 -9.30
vt 1.30 2.00 -9.30
vt 1.23 2.04 -9.30
vt 1.15 2.07 -9.30
vt 1.07 2.10 -9.30
vt 0.99 2.13 -9.30
vt 0.91 2.15 -9.30
vt 0.83 2.17 -9.30
vt 0.75 2.18 -9.30
vt 0.67 2.19 -9.30
vt 0.58 2.20 -9.30
vt 0.50 2.20 -9.30
vt 0.42 2.20 -9.30
vt 0.33 2.19 -9.30
vt 0.25 2.18 -9.30
vt 0.17 2.17 -9.30
vt 0.09 2.15 -9.30
vt 0.01 2.13 -9.30
vt -0.07 2.10 -9.30
vt -0.15 2.07 -9.30
vt -0.23 2.04 -9.30
vt -0.30 2.00 -9.30
vt -0.37 1.96 -9.30
vt -0.44 1.91 -9.30
vt -0.51 1.87 -9.30
vt -0.58 1.81 -9.30
vt -0.64 1.76 -9.30
vt -0.70 1.70 -9.30
vt -0.76 1.64 -9.30
vt -0.81 1.58 -9.30
vt -0.87 1.51 -9.30
vt -0.91 1.44 -9.30
vt -0.96 1.37 -9.30
vt -1.00 1.30 -9.30
vt -1.04 1.23 -9.30
vt -1.07 1.15 -9.30
vt -1.10 1.07 -9.30
vt -1.13 0.99 -9.30
vt -1.15 0.91 -9.30
vt -1.17 0.83 -9.30
vt -1.18 0.75 -9.30
vt -1.19 0.67 -9.30
vt -1.20 0.58 -9.30
vt -1.20 0.50 -9.30
vt -1.20 0.42 -9.30
vt -1.19 0.33 -9.30
vt -1.18 0.25 -9.30
vt -1.17 0.17 -9.30
vt -1.15 0.09 -9.30
vt -1.13 0.01 -9.30
vt -1.10 -0.07 -9.30
vt -1.07 -0.15 -9.30
vt -1.04 -0.23 -9.30
vt -1.00 -0.30 -9.30
vt -0.96 -0.37 -9.30
vt -0.91 -0.44 -9.30
vt -0.87 -0.51 -9.30
vt -0.81 -0.58 -9.30
vt -0.76 -0.64 -9.30
vt -0.70 -0.70 -9.30
vt -0.64 -0.76 -9.30
vt -0.58 -0.81 -9.30
vt -0.51 -0.87 -9.30
vt -0.44 -0.91 -9.30
vt -0.37 -0.96 -9.30
vt -0.30 -1.00 -9.30
vt -0.23 -1.04 -9.30
vt -0.15 -1.07 -9.30
vt -0.07 -1.10 -9.30
vt 0.01 -1.13 -9.30
vt 0.09 -1.15 -9.30
vt 0.17 -1.17 -9.30
vt 0.25 -1.18 -9.30
vt 0.33 -1.19 -9.30
vt 0.42 -1.20 -9.30
vt 0.50 -1.20 -9.30
vt 0.58 -1.20 -9.30
vt 0.67 -1.19 -9.30
vt 0.75 -1.18 -9.30
vt 0.83 -1.17 -9.30
vt 0.91 -1.15 -9.30
vt 0.99 -1.13 -9.30
vt 1.07 -1.10 -9.30
vt 1.15 -1.07 -9.30
vt 1.23 -1.04 -9.30
vt 1.30 -1.00 -9.30
vt 1.37 -0.96 -9.30
vt 1.44 -0.91 -9.30
vt 1.51 -0.87 -9.30
vt 1.58 -0.81 -9.30
vt 1.64 -0.76 -9.30
vt 1.70 -0.70 -9.30
vt 1.76 -0.64 -9.30
vt 1.81 -0.58 -9.30
vt 1.87 -0.51 -9.30
vt 1.91 -0.44 -9.30
vt 1.96 -0.37 -9.30
vt 2.00 -0.30 -9.30
vt 2.04 -0.23 -9.30
vt 2.07 -0.15 -9.30
vt 2.10 -0.07 -9.30
vt 2.13 0.01 -9.30
vt 2.15 0.09 -9.30
vt 2.02 -9.42 0.62
vt 2.00 -9.42 0.63
vt 2.00 -9.47 0.63
vt 2.02 -9.47 0.62
vt 2.05 -9.42 0.62
vt 2.05 -9.47 0.62
vt 2.07 -9.42 0.60
vt 2.07 -9.47 0.60
vt 2.09 -9.42 0.59
vt 2.09 -9.47 0.59
vt 0.43 -9.42 2.10
vt 0.41 -9.42 2.09
vt 0.41 -9.47 2.09
vt 0.43 -9.47 2.10
vt 0.45 -9.42 2.12
vt 0.45 -9.47 2.12
vt 0.48 -9.42 2.12
vt 0.48 -9.47 2.12
vt 0.50 -9.42 2.12
vt 0.50 -9.47 2.12
vt 0.52 -9.42 2.12
vt 0.52 -9.47 2.12
vt 0.55 -9.42 2.12
vt 0.55 -9.47 2.12
vt 0.57 -9.42 2.10
vt 0.57 -9.47 2.10
vt 0.59 -9.42 2.09
vt 0.59 -9.47 2.09
vt -1.07 -9.42 0.40
vt -1.09 -9.42 0.41
vt -1.09 -9.47 0.41
vt -1.07 -9.47 0.40
vt -1.05 -9.42 0.38
vt -1.05 -9.47 0.38
vt -1.02 -9.42 0.38
vt -1.02 -9.47 0.38
vt -1.00 -9.42 0.38
vt -1.00 -9.47 0.38
vt -0.98 -9.42 0.38
vt -0.98 -9.47 0.38
vt -0.95 -9.42 0.38
vt -0.95 -9.47 0.38
vt -0.93 -9.42 0.40
vt -0.93 -9.47 0.40
vt -0.91 -9.42 0.41
vt -0.91 -9.47 0.41
vt 0.43 -9.42 1.90
vt 0.41 -9.42 1.91
vt 0.41 -9.47 1.91
vt 0.43 -9.47 1.90
vt 0.45 -9.42 1.88
vt 0.45 -9.47 1.88
vt 0.48 -9.42 1.88
vt 0.48 -9.47 1.88
vt 0.50 -9.42 1.87
vt 0.50 -9.47 1.87
vt 0.52 -9.42 1.88
vt 0.52 -9.47 1.88
vt 0.55 -9.42 1.88
vt 0.55 -9.47 1.88
vt 0.57 -9.42 1.90
vt 0.57 -9.47 1.90
vt 0.59 -9.42 1.91
vt 0.59 -9.47 1.91
vt 1.93 -9.42 0.60
vt 1.91 -9.42 0.59
vt 1.91 -9.47 0.59
vt 1.93 -9.47 0.60
vt 1.95 -9.42 0.62
vt 1.95 -9.47 0.62
vt 1.98 -9.42 0.62
vt 1.98 -9.47 0.62
vt 0.40 2.04 -9.49
vt 0.40 2.02 -9.49
vt 0.40 2.00 -9.49
vt 0.40 1.98 -9.49
vt 0.40 1.96 -9.49
vt 0.41 1.94 -9.49
vt 0.43 1.93 -9.49
vt 0.44 1.91 -9.49
vt 0.46 1.90 -9.49
vt 0.48 1.90 -9.49
vt 0.50 1.90 -9.49
vt 0.52 1.90 -9.49
vt 0.54 1.90 -9.49
vt 0.56 1.91 -9.49
vt 0.57 1.93 -9.49
vt 0.59 1.94 -9.49
vt 0.60 1.96 -9.49
vt 0.60 1.98 -9.49
vt 0.60 2.00 -9.49
vt 0.60 2.02 -9.49
vt 0.60 2.04 -9.49
vt 0.59 2.06 -9.49
vt 0.57 2.07 -9.49
vt 0.56 2.09 -9.49
vt 0.54 2.10 -9.49
vt 0.52 2.10 -9.49
vt 0.50 2.10 -9.49
vt 0.48 2.10 -9.49
vt 0.46 2.10 -9.49
vt 0.44 2.09 -9.49
vt 0.43 2.07 -9.49
vt 0.41 2.06 -9.49
vt 0.60 1.93 -9.42
vt 0.62 1.95 -9.42
vt 0.62 1.98 -9.42
vt 0.63 2.00 -9.42
vt 0.62 2.02 -9.42
vt 0.62 2.05 -9.42
vt 0.60 2.07 -9.42
vt 0.59 2.09 -9.42
vt 0.57 2.10 -9.42
vt 0.55 2.12 -9.42
vt 0.52 2.12 -9.42
vt 0.50 2.12 -9.42
vt 0.48 2.12 -9.42
vt 0.45 2.12 -9.42
vt 0.43 2.10 -9.42
vt 0.41 2.09 -9.42
vt 0.40 2.07 -9.42
vt 0.38 2.05 -9.42
vt 0.38 2.02 -9.42
vt 0.38 2.00 -9.42
vt 0.38 1.98 -9.42
vt 0.38 1.95 -9.42
vt 0.40 1.93 -9.42
vt 0.41 1.91 -9.42
vt 0.43 1.90 -9.42
vt 0.45 1.88 -9.42
vt 0.48 1.88 -9.42
vt 0.50 1.87 -9.42
vt 0.52 1.88 -9.42
vt 0.55 1.88 -9.42
vt 0.57 1.90 -9.42
vt 0.59 1.91 -9.42
vt 2.00 -9.48 0.62
vt 2.02 -9.48 0.62
vt 2.05 -9.48 0.61
vt 2.07 -9.48 0.60
vt 2.09 -9.48 0.59
vt 0.41 -9.48 2.09
vt 0.43 -9.48 2.10
vt 0.45 -9.48 2.11
vt 0.48 -9.48 2.12
vt 0.50 -9.48 2.12
vt 0.52 -9.48 2.12
vt 0.55 -9.48 2.11
vt 0.57 -9.48 2.10
vt 0.59 -9.48 2.09
vt -1.09 -9.48 0.41
vt -1.07 -9.48 0.40
vt -1.05 -9.48 0.39
vt -1.02 -9.48 0.38
vt -1.00 -9.48 0.38
vt -0.98 -9.48 0.38
vt -0.95 -9.48 0.39
vt -0.93 -9.48 0.40
vt -0.91 -9.48 0.41
vt 0.41 -9.48 1.91
vt 0.43 -9.48 1.90
vt 0.45 -9.48 1.89
vt 0.48 -9.48 1.88
vt 0.50 -9.48 1.88
vt 0.52 -9.48 1.88
vt 0.55 -9.48 1.89
vt 0.57 -9.48 1.90
vt 0.59 -9.48 1.91
vt 1.91 -9.48 0.59
vt 1.93 -9.48 0.60
vt 1.95 -9.48 0.61
vt 1.98 -9.48 0.62
vt 0.38 2.00 -9.48
vt 0.38 2.00 -9.49
vt 0.39 2.02 -9.49
vt 0.38 2.02 -9.48
vt 0.39 2.04 -9.49
vt 0.39 2.05 -9.48
vt 0.40 2.06 -9.49
vt 0.40 2.07 -9.48
vt 0.42 2.08 -9.49
vt 0.41 2.09 -9.48
vt 0.44 2.10 -9.49
vt 0.43 2.10 -9.48
vt 0.46 2.11 -9.49
vt 0.45 2.11 -9.48
vt 0.48 2.11 -9.49
vt 0.48 2.12 -9.48
vt 0.50 2.12 -9.49
vt 0.50 2.12 -9.48
vt 0.52 2.11 -9.49
vt 0.52 2.12 -9.48
vt 0.54 2.11 -9.49
vt 0.55 2.11 -9.48
vt 0.56 2.10 -9.49
vt 0.57 2.10 -9.48
vt 0.58 2.08 -9.49
vt 0.59 2.09 -9.48
vt 0.60 2.06 -9.49
vt 0.60 2.07 -9.48
vt 0.61 2.04 -9.49
vt 0.61 2.05 -9.48
vt 0.61 2.02 -9.49
vt 0.62 2.02 -9.48
vt 0.62 2.00 -9.49
vt 0.62 2.00 -9.48
vt 0.61 1.98 -9.49
vt 0.62 1.98 -9.48
vt 0.61 1.96 -9.49
vt 0.61 1.95 -9.48
vt 0.60 1.94 -9.49
vt 0.60 1.93 -9.48
vt 0.58 1.92 -9.49
vt 0.59 1.91 -9.48
vt 0.56 1.90 -9.49
vt 0.57 1.90 -9.48
vt 0.54 1.89 -9.49
vt 0.55 1.89 -9.48
vt 0.52 1.89 -9.49
vt 0.52 1.88 -9.48
vt 0.50 1.88 -9.49
vt 0.50 1.88 -9.48
vt 0.48 1.89 -9.49
vt 0.48 1.88 -9.48
vt 0.46 1.89 -9.49
vt 0.45 1.89 -9.48
vt 0.44 1.90 -9.49
vt 0.43 1.90 -9.48
vt 0.42 1.92 -9.49
vt 0.41 1.91 -9.48
vt 0.40 1.94 -9.49
vt 0.40 1.93 -9.48
vt 0.39 1.96 -9.49
vt 0.39 1.95 -9.48
vt 0.39 1.98 -9.49
vt 0.38 1.98 -9.48
vt 1.91 -9.42 1.09
vt 1.89 -9.42 1.08
vt 1.89 -9.47 1.08
vt 1.91 -9.47 1.09
vt 1.94 -9.42 1.09
vt 1.94 -9.47 1.09
vt 1.96 -9.42 1.08
vt 1.96 -9.47 1.08
vt 1.98 -9.42 1.07
vt 1.98 -9.47 1.07
vt 2.00 -9.42 1.06
vt 2.00 -9.47 1.06
vt 2.02 -9.42 1.04
vt 2.02 -9.47 1.04
vt -0.02 -9.42 -1.04
vt -0.04 -9.42 -1.02
vt -0.04 -9.47 -1.02
vt -0.02 -9.47 -1.04
vt -0.00 -9.42 -1.05
vt -0.00 -9.47 -1.05
vt 0.02 -9.42 -1.05
vt 0.02 -9.47 -1.05
vt 0.05 -9.42 -1.05
vt 0.05 -9.47 -1.05
vt 0.07 -9.42 -1.05
vt 0.07 -9.47 -1.05
vt 0.09 -9.42 -1.04
vt 0.09 -9.47 -1.04
vt 0.11 -9.42 -1.02
vt 0.11 -9.47 -1.02
vt 0.13 -9.42 -1.01
vt 0.13 -9.47 -1.01
vt -0.99 -9.42 0.85
vt -1.01 -9.42 0.87
vt -1.01 -9.47 0.87
vt -0.99 -9.47 0.85
vt -0.97 -9.42 0.84
vt -0.97 -9.47 0.84
vt -0.94 -9.42 0.84
vt -0.94 -9.47 0.84
vt -0.92 -9.42 0.84
vt -0.92 -9.47 0.84
vt -0.89 -9.42 0.84
vt -0.89 -9.47 0.84
vt -0.87 -9.42 0.85
vt -0.87 -9.47 0.85
vt -0.85 -9.42 0.87
vt -0.85 -9.47 0.87
vt -0.83 -9.42 0.88
vt -0.83 -9.47 0.88
vt 0.90 -9.42 -0.82
vt 0.88 -9.42 -0.83
vt 0.88 -9.47 -0.83
vt 0.90 -9.47 -0.82
vt 0.92 -9.42 -0.81
vt 0.92 -9.47 -0.81
vt 0.95 -9.42 -0.80
vt 0.95 -9.47 -0.80
vt 0.97 -9.42 -0.80
vt 0.97 -9.47 -0.80
vt 1.00 -9.42 -0.81
vt 1.00 -9.47 -0.81
vt 1.02 -9.42 -0.82
vt 1.02 -9.47 -0.82
vt 1.04 -9.42 -0.83
vt 1.04 -9.47 -0.83
vt 1.06 -9.42 -0.85
vt 1.06 -9.47 -0.85
vt 1.87 -9.42 1.07
vt 1.85 -9.42 1.06
vt 1.85 -9.47 1.06
vt 1.87 -9.47 1.07
vt 1.93 1.07 -9.49
vt 1.91 1.07 -9.49
vt 1.89 1.06 -9.49
vt 1.88 1.06 -9.49
vt 1.86 1.04 -9.49
vt 1.84 1.03 -9.49
vt 1.83 1.01 -9.49
vt 1.83 0.99 -9.49
vt 1.82 0.97 -9.49
vt 1.82 0.95 -9.49
vt 1.83 0.93 -9.49
vt 1.84 0.91 -9.49
vt 1.85 0.90 -9.49
vt 1.86 0.88 -9.49
vt 1.88 0.87 -9.49
vt 1.90 0.86 -9.49
vt 1.92 0.86 -9.49
vt 1.94 0.86 -9.49
vt 1.96 0.86 -9.49
vt 1.98 0.87 -9.49
vt 1.99 0.88 -9.49
vt 2.01 0.90 -9.49
vt 2.02 0.92 -9.49
vt 2.03 0.94 -9.49
vt 2.03 0.96 -9.49
vt 2.03 0.98 -9.49
vt 2.03 1.00 -9.49
vt 2.02 1.01 -9.49
vt 2.01 1.03 -9.49
vt 1.99 1.05 -9.49
vt 1.97 1.06 -9.49
vt 1.96 1.06 -9.49
vt -0.83 1.04 -9.42
vt -0.85 1.06 -9.42
vt -0.87 1.07 -9.42
vt -0.89 1.08 -9.42
vt -0.91 1.09 -9.42
vt -0.94 1.09 -9.42
vt -0.96 1.08 -9.42
vt -0.98 1.07 -9.42
vt -1.00 1.06 -9.42
vt -1.02 1.04 -9.42
vt -1.04 1.02 -9.42
vt -1.05 1.00 -9.42
vt -1.05 0.98 -9.42
vt -1.05 0.95 -9.42
vt -1.05 0.93 -9.42
vt -1.04 0.91 -9.42
vt -1.02 0.89 -9.42
vt -1.01 0.87 -9.42
vt -0.99 0.85 -9.42
vt -0.97 0.84 -9.42
vt -0.94 0.84 -9.42
vt -0.92 0.84 -9.42
vt -0.89 0.84 -9.42
vt -0.87 0.85 -9.42
vt -0.85 0.87 -9.42
vt -0.83 0.88 -9.42
vt -0.82 0.90 -9.42
vt -0.81 0.92 -9.42
vt -0.80 0.95 -9.42
vt -0.80 0.97 -9.42
vt -0.81 1.00 -9.42
vt -0.82 1.02 -9.42
vt 1.89 -9.48 1.08
vt 1.91 -9.48 1.09
vt 1.94 -9.48 1.09
vt 1.96 -9.48 1.08
vt 1.98 -9.48 1.07
vt 2.00 -9.48 1.06
vt 2.02 -9.48 1.04
vt -0.04 -9.48 -1.02
vt -0.02 -9.48 -1.03
vt -0.00 -9.48 -1.04
vt 0.02 -9.48 -1.05
vt 0.05 -9.48 -1.05
vt 0.07 -9.48 -1.04
vt 0.09 -9.48 -1.04
vt 0.11 -9.48 -1.02
vt 0.13 -9.48 -1.01
vt -1.01 -9.48 0.87
vt -0.99 -9.48 0.86
vt -0.96 -9.48 0.85
vt -0.94 -9.48 0.84
vt -0.92 -9.48 0.84
vt -0.89 -9.48 0.85
vt -0.87 -9.48 0.85
vt -0.85 -9.48 0.87
vt -0.83 -9.48 0.88
vt 0.88 -9.48 -0.83
vt 0.90 -9.48 -0.82
vt 0.93 -9.48 -0.81
vt 0.95 -9.48 -0.80
vt 0.97 -9.48 -0.80
vt 1.00 -9.48 -0.81
vt 1.02 -9.48 -0.82
vt 1.04 -9.48 -0.83
vt 1.06 -9.48 -0.85
vt 1.85 -9.48 1.06
vt 1.87 -9.48 1.07
vt 1.89 1.08 -9.48
vt 1.89 1.07 -9.49
vt 1.91 1.08 -9.49
vt 1.91 1.09 -9.48
vt 1.94 1.08 -9.49
vt 1.94 1.09 -9.48
vt 1.96 1.08 -9.49
vt 1.96 1.08 -9.48
vt 1.98 1.07 -9.49
vt 1.98 1.07 -9.48
vt 2.00 1.05 -9.49
vt 2.00 1.06 -9.48
vt 2.01 1.04 -9.49
vt 2.02 1.04 -9.48
vt 2.03 1.02 -9.49
vt 2.03 1.02 -9.48
vt 2.04 1.00 -9.49
vt 2.04 1.00 -9.48
vt 2.04 0.98 -9.49
vt 2.05 0.98 -9.48
vt 2.04 0.95 -9.49
vt 2.05 0.95 -9.48
vt 2.04 0.93 -9.49
vt 2.04 0.93 -9.48
vt 2.03 0.91 -9.49
vt 2.04 0.91 -9.48
vt 2.02 0.89 -9.49
vt 2.02 0.89 -9.48
vt 2.00 0.88 -9.49
vt 2.01 0.87 -9.48
vt 1.98 0.86 -9.49
vt 1.99 0.86 -9.48
vt 1.96 0.85 -9.49
vt 1.96 0.85 -9.48
vt 1.94 0.85 -9.49
vt 1.94 0.84 -9.48
vt 1.92 0.85 -9.49
vt 1.92 0.84 -9.48
vt 1.90 0.85 -9.49
vt 1.89 0.85 -9.48
vt 1.87 0.86 -9.49
vt 1.87 0.85 -9.48
vt 1.85 0.87 -9.49
vt 1.85 0.87 -9.48
vt 1.84 0.89 -9.49
vt 1.83 0.88 -9.48
vt 1.83 0.91 -9.49
vt 1.82 0.90 -9.48
vt 1.82 0.93 -9.49
vt 1.81 0.93 -9.48
vt 1.81 0.95 -9.49
vt 1.80 0.95 -9.48
vt 1.81 0.97 -9.49
vt 1.80 0.97 -9.48
vt 1.81 1.00 -9.49
vt 1.81 1.00 -9.48
vt 1.82 1.02 -9.49
vt 1.82 1.02 -9.48
vt 1.84 1.04 -9.49
vt 1.83 1.04 -9.48
vt 1.85 1.05 -9.49
vt 1.85 1.06 -9.48
vt 1.87 1.06 -9.49
vt 1.87 1.07 -9.48
vt 1.66 -9.42 -0.50
vt 1.64 -9.42 -0.48
vt 1.64 -9.47 -0.48
vt 1.66 -9.47 -0.50
vt 1.68 -9.42 -0.50
vt 1.68 -9.47 -0.50
vt 1.71 -9.42 -0.51
vt 1.71 -9.47 -0.51
vt 1.73 -9.42 -0.51
vt 1.73 -9.47 -0.51
vt 1.76 -9.42 -0.50
vt 1.76 -9.47 -0.50
vt 1.78 -9.42 -0.49
vt 1.78 -9.47 -0.49
vt 1.80 -9.42 -0.47
vt 1.80 -9.47 -0.47
vt -0.46 -9.42 -0.81
vt -0.47 -9.42 -0.80
vt -0.47 -9.47 -0.80
vt -0.46 -9.47 -0.81
vt -0.43 -9.42 -0.83
vt -0.43 -9.47 -0.83
vt -0.41 -9.42 -0.84
vt -0.41 -9.47 -0.84
vt -0.39 -9.42 -0.84
vt -0.39 -9.47 -0.84
vt -0.36 -9.42 -0.84
vt -0.36 -9.47 -0.84
vt -0.34 -9.42 -0.83
vt -0.34 -9.47 -0.83
vt -0.32 -9.42 -0.82
vt -0.32 -9.47 -0.82
vt -0.30 -9.42 -0.81
vt -0.30 -9.47 -0.81
vt -0.79 -9.42 -0.28
vt -0.81 -9.42 -0.30
vt -0.81 -9.47 -0.30
vt -0.79 -9.47 -0.28
vt -0.77 -9.42 -0.27
vt -0.77 -9.47 -0.27
vt -0.74 -9.42 -0.26
vt -0.74 -9.47 -0.26
vt -0.72 -9.42 -0.26
vt -0.72 -9.47 -0.26
vt -0.69 -9.42 -0.26
vt -0.69 -9.47 -0.26
vt -0.67 -9.42 -0.26
vt -0.67 -9.47 -0.26
vt -0.65 -9.42 -0.28
vt -0.65 -9.47 -0.28
vt -0.63 -9.42 -0.29
vt -0.63 -9.47 -0.29
vt 1.31 -9.42 -0.61
vt 1.29 -9.42 -0.63
vt 1.29 -9.47 -0.63
vt 1.31 -9.47 -0.61
vt 1.33 -9.42 -0.60
vt 1.33 -9.47 -0.60
vt 1.35 -9.42 -0.59
vt 1.35 -9.47 -0.59
vt 1.38 -9.42 -0.59
vt 1.38 -9.47 -0.59
vt 1.40 -9.42 -0.59
vt 1.40 -9.47 -0.59
vt 1.42 -9.42 -0.60
vt 1.42 -9.47 -0.60
vt 1.45 -9.42 -0.61
vt 1.45 -9.47 -0.61
vt 1.47 -9.42 -0.62
vt 1.47 -9.47 -0.62
vt 1.62 -9.42 -0.47
vt 1.62 -9.47 -0.47
vt 1.48 -0.69 -9.49
vt 1.48 -0.67 -9.49
vt 1.47 -0.65 -9.49
vt 1.45 -0.64 -9.49
vt 1.44 -0.62 -9.49
vt 1.42 -0.62 -9.49
vt 1.40 -0.61 -9.49
vt 1.38 -0.61 -9.49
vt 1.36 -0.61 -9.49
vt 1.34 -0.62 -9.49
vt 1.32 -0.63 -9.49
vt 1.30 -0.64 -9.49
vt 1.29 -0.66 -9.49
vt 1.28 -0.68 -9.49
vt 1.28 -0.70 -9.49
vt 1.28 -0.72 -9.49
vt 1.28 -0.74 -9.49
vt 1.29 -0.76 -9.49
vt 1.30 -0.78 -9.49
vt 1.31 -0.79 -9.49
vt 1.33 -0.80 -9.49
vt 1.35 -0.81 -9.49
vt 1.37 -0.82 -9.49
vt 1.39 -0.82 -9.49
vt 1.41 -0.82 -9.49
vt 1.43 -0.81 -9.49
vt 1.44 -0.80 -9.49
vt 1.46 -0.78 -9.49
vt 1.47 -0.77 -9.49
vt 1.48 -0.75 -9.49
vt 1.49 -0.73 -9.49
vt 1.49 -0.71 -9.49
vt -0.42 -0.60 -9.42
vt -0.45 -0.61 -9.42
vt -0.47 -0.62 -9.42
vt -0.48 -0.64 -9.42
vt -0.50 -0.66 -9.42
vt -0.50 -0.68 -9.42
vt -0.51 -0.71 -9.42
vt -0.51 -0.73 -9.42
vt -0.50 -0.76 -9.42
vt -0.49 -0.78 -9.42
vt -0.47 -0.80 -9.42
vt -0.46 -0.81 -9.42
vt -0.43 -0.83 -9.42
vt -0.41 -0.84 -9.42
vt -0.39 -0.84 -9.42
vt -0.36 -0.84 -9.42
vt -0.34 -0.83 -9.42
vt -0.32 -0.82 -9.42
vt -0.30 -0.81 -9.42
vt -0.28 -0.79 -9.42
vt -0.27 -0.77 -9.42
vt -0.26 -0.74 -9.42
vt -0.26 -0.72 -9.42
vt -0.26 -0.69 -9.42
vt -0.26 -0.67 -9.42
vt -0.28 -0.65 -9.42
vt -0.29 -0.63 -9.42
vt -0.31 -0.61 -9.42
vt -0.33 -0.60 -9.42
vt -0.35 -0.59 -9.42
vt -0.38 -0.59 -9.42
vt -0.40 -0.59 -9.42
vt 1.64 -9.48 -0.48
vt 1.66 -9.48 -0.49
vt 1.68 -9.48 -0.50
vt 1.71 -9.48 -0.50
vt 1.73 -9.48 -0.50
vt 1.76 -9.48 -0.50
vt 1.78 -9.48 -0.49
vt 1.80 -9.48 -0.47
vt -0.47 -9.48 -0.80
vt -0.45 -9.48 -0.81
vt -0.43 -9.48 -0.83
vt -0.41 -9.48 -0.83
vt -0.39 -9.48 -0.84
vt -0.36 -9.48 -0.83
vt -0.34 -9.48 -0.83
vt -0.32 -9.48 -0.82
vt -0.30 -9.48 -0.80
vt -0.80 -9.48 -0.30
vt -0.79 -9.48 -0.28
vt -0.76 -9.48 -0.27
vt -0.74 -9.48 -0.26
vt -0.72 -9.48 -0.26
vt -0.69 -9.48 -0.26
vt -0.67 -9.48 -0.27
vt -0.65 -9.48 -0.28
vt -0.63 -9.48 -0.29
vt 1.29 -9.48 -0.63
vt 1.31 -9.48 -0.61
vt 1.33 -9.48 -0.60
vt 1.35 -9.48 -0.59
vt 1.38 -9.48 -0.59
vt 1.40 -9.48 -0.59
vt 1.42 -9.48 -0.60
vt 1.45 -9.48 -0.61
vt 1.47 -9.48 -0.62
vt 1.62 -9.48 -0.47
vt 1.48 -0.64 -9.48
vt 1.48 -0.65 -9.49
vt 1.49 -0.66 -9.49
vt 1.49 -0.66 -9.48
vt 1.49 -0.69 -9.49
vt 1.50 -0.68 -9.48
vt 1.50 -0.71 -9.49
vt 1.50 -0.71 -9.48
vt 1.50 -0.73 -9.49
vt 1.50 -0.73 -9.48
vt 1.49 -0.75 -9.49
vt 1.50 -0.76 -9.48
vt 1.48 -0.77 -9.49
vt 1.49 -0.78 -9.48
vt 1.47 -0.79 -9.49
vt 1.47 -0.80 -9.48
vt 1.45 -0.81 -9.49
vt 1.45 -0.81 -9.48
vt 1.43 -0.82 -9.49
vt 1.43 -0.83 -9.48
vt 1.41 -0.83 -9.49
vt 1.41 -0.83 -9.48
vt 1.39 -0.83 -9.49
vt 1.39 -0.84 -9.48
vt 1.36 -0.83 -9.49
vt 1.36 -0.83 -9.48
vt 1.34 -0.82 -9.49
vt 1.34 -0.83 -9.48
vt 1.32 -0.81 -9.49
vt 1.32 -0.82 -9.48
vt 1.30 -0.80 -9.49
vt 1.30 -0.80 -9.48
vt 1.29 -0.78 -9.49
vt 1.28 -0.79 -9.48
vt 1.28 -0.76 -9.49
vt 1.27 -0.76 -9.48
vt 1.27 -0.74 -9.49
vt 1.26 -0.74 -9.48
vt 1.27 -0.72 -9.49
vt 1.26 -0.72 -9.48
vt 1.27 -0.70 -9.49
vt 1.26 -0.69 -9.48
vt 1.27 -0.67 -9.49
vt 1.27 -0.67 -9.48
vt 1.28 -0.65 -9.49
vt 1.28 -0.65 -9.48
vt 1.30 -0.63 -9.49
vt 1.29 -0.63 -9.48
vt 1.31 -0.62 -9.49
vt 1.31 -0.61 -9.48
vt 1.33 -0.61 -9.49
vt 1.33 -0.60 -9.48
vt 1.35 -0.60 -9.49
vt 1.35 -0.59 -9.48
vt 1.38 -0.60 -9.49
vt 1.38 -0.59 -9.48
vt 1.40 -0.60 -9.49
vt 1.40 -0.59 -9.48
vt 1.42 -0.60 -9.49
vt 1.42 -0.60 -9.48
vt 1.44 -0.61 -9.49
vt 1.45 -0.61 -9.48
vt 1.46 -0.63 -9.49
vt 1.47 -0.62 -9.48
vt 1.81 -9.42 1.30
vt 1.79 -9.42 1.28
vt 1.79 -9.47 1.28
vt 1.81 -9.47 1.30
vt 1.32 -9.42 -0.82
vt 1.30 -9.42 -0.81
vt 1.30 -9.47 -0.81
vt 1.32 -9.47 -0.82
vt 1.34 -9.42 -0.83
vt 1.34 -9.47 -0.83
vt 1.36 -9.42 -0.84
vt 1.36 -9.47 -0.84
vt 1.39 -9.42 -0.84
vt 1.39 -9.47 -0.84
vt 1.41 -9.42 -0.84
vt 1.41 -9.47 -0.84
vt 1.43 -9.42 -0.83
vt 1.43 -9.47 -0.83
vt 1.46 -9.42 -0.81
vt 1.46 -9.47 -0.81
vt 1.47 -9.42 -0.80
vt 1.47 -9.47 -0.80
vt -0.78 -9.42 1.49
vt -0.80 -9.42 1.47
vt -0.80 -9.47 1.47
vt -0.78 -9.47 1.49
vt -0.76 -9.42 1.50
vt -0.76 -9.47 1.50
vt -0.73 -9.42 1.51
vt -0.73 -9.47 1.51
vt -0.71 -9.42 1.51
vt -0.71 -9.47 1.51
vt -0.68 -9.42 1.50
vt -0.68 -9.47 1.50
vt -0.66 -9.42 1.50
vt -0.66 -9.47 1.50
vt -0.64 -9.42 1.48
vt -0.64 -9.47 1.48
vt -0.62 -9.42 1.47
vt -0.62 -9.47 1.47
vt -0.45 -9.42 -0.61
vt -0.47 -9.42 -0.62
vt -0.47 -9.47 -0.62
vt -0.45 -9.47 -0.61
vt -0.42 -9.42 -0.60
vt -0.42 -9.47 -0.60
vt -0.40 -9.42 -0.59
vt -0.40 -9.47 -0.59
vt -0.38 -9.42 -0.59
vt -0.38 -9.47 -0.59
vt -0.35 -9.42 -0.59
vt -0.35 -9.47 -0.59
vt -0.33 -9.42 -0.60
vt -0.33 -9.47 -0.60
vt -0.31 -9.42 -0.61
vt -0.31 -9.47 -0.61
vt -0.29 -9.42 -0.63
vt -0.29 -9.47 -0.63
vt 1.65 -9.42 1.28
vt 1.63 -9.42 1.29
vt 1.63 -9.47 1.29
vt 1.65 -9.47 1.28
vt 1.67 -9.42 1.26
vt 1.67 -9.47 1.26
vt 1.69 -9.42 1.26
vt 1.69 -9.47 1.26
vt 1.72 -9.42 1.26
vt 1.72 -9.47 1.26
vt 1.74 -9.42 1.26
vt 1.74 -9.47 1.26
vt 1.77 -9.42 1.27
vt 1.77 -9.47 1.27
vt -0.33 -0.80 -9.49
vt -0.31 -0.79 -9.49
vt -0.30 -0.78 -9.49
vt -0.29 -0.76 -9.49
vt -0.28 -0.74 -9.49
vt -0.28 -0.72 -9.49
vt -0.28 -0.70 -9.49
vt -0.28 -0.68 -9.49
vt -0.29 -0.66 -9.49
vt -0.30 -0.64 -9.49
vt -0.32 -0.63 -9.49
vt -0.34 -0.62 -9.49
vt -0.36 -0.61 -9.49
vt -0.38 -0.61 -9.49
vt -0.40 -0.61 -9.49
vt -0.42 -0.62 -9.49
vt -0.44 -0.62 -9.49
vt -0.45 -0.64 -9.49
vt -0.47 -0.65 -9.49
vt -0.48 -0.67 -9.49
vt -0.48 -0.69 -9.49
vt -0.49 -0.71 -9.49
vt -0.49 -0.73 -9.49
vt -0.48 -0.75 -9.49
vt -0.47 -0.77 -9.49
vt -0.46 -0.78 -9.49
vt -0.44 -0.80 -9.49
vt -0.43 -0.81 -9.49
vt -0.41 -0.82 -9.49
vt -0.39 -0.82 -9.49
vt -0.37 -0.82 -9.49
vt -0.35 -0.81 -9.49
vt 1.26 -0.72 -9.42
vt 1.26 -0.74 -9.42
vt 1.27 -0.77 -9.42
vt 1.28 -0.79 -9.42
vt 1.30 -0.81 -9.42
vt 1.32 -0.82 -9.42
vt 1.34 -0.83 -9.42
vt 1.36 -0.84 -9.42
vt 1.39 -0.84 -9.42
vt 1.41 -0.84 -9.42
vt 1.43 -0.83 -9.42
vt 1.46 -0.81 -9.42
vt 1.47 -0.80 -9.42
vt 1.49 -0.78 -9.42
vt 1.50 -0.76 -9.42
vt 1.51 -0.73 -9.42
vt 1.51 -0.71 -9.42
vt 1.50 -0.68 -9.42
vt 1.50 -0.66 -9.42
vt 1.48 -0.64 -9.42
vt 1.47 -0.62 -9.42
vt 1.45 -0.61 -9.42
vt 1.42 -0.60 -9.42
vt 1.40 -0.59 -9.42
vt 1.38 -0.59 -9.42
vt 1.35 -0.59 -9.42
vt 1.33 -0.60 -9.42
vt 1.31 -0.61 -9.42
vt 1.29 -0.63 -9.42
vt 1.28 -0.65 -9.42
vt 1.26 -0.67 -9.42
vt 1.26 -0.69 -9.42
vt 1.79 -9.48 1.28
vt 1.80 -9.48 1.30
vt 1.30 -9.48 -0.80
vt 1.32 -9.48 -0.82
vt 1.34 -9.48 -0.83
vt 1.36 -9.48 -0.83
vt 1.39 -9.48 -0.84
vt 1.41 -9.48 -0.83
vt 1.43 -9.48 -0.83
vt 1.45 -9.48 -0.81
vt 1.47 -9.48 -0.80
vt -0.80 -9.48 1.47
vt -0.78 -9.48 1.49
vt -0.76 -9.48 1.50
vt -0.73 -9.48 1.50
vt -0.71 -9.48 1.50
vt -0.68 -9.48 1.50
vt -0.66 -9.48 1.49
vt -0.64 -9.48 1.48
vt -0.62 -9.48 1.47
vt -0.47 -9.48 -0.62
vt -0.45 -9.48 -0.61
vt -0.42 -9.48 -0.60
vt -0.40 -9.48 -0.59
vt -0.38 -9.48 -0.59
vt -0.35 -9.48 -0.59
vt -0.33 -9.48 -0.60
vt -0.31 -9.48 -0.61
vt -0.29 -9.48 -0.63
vt 1.63 -9.48 1.29
vt 1.65 -9.48 1.28
vt 1.67 -9.48 1.27
vt 1.69 -9.48 1.26
vt 1.72 -9.48 1.26
vt 1.74 -9.48 1.26
vt 1.76 -9.48 1.27
vt -0.28 -0.79 -9.48
vt -0.29 -0.78 -9.49
vt -0.30 -0.80 -9.49
vt -0.30 -0.80 -9.48
vt -0.32 -0.81 -9.49
vt -0.32 -0.82 -9.48
vt -0.34 -0.82 -9.49
vt -0.34 -0.83 -9.48
vt -0.36 -0.83 -9.49
vt -0.36 -0.83 -9.48
vt -0.39 -0.83 -9.49
vt -0.39 -0.84 -9.48
vt -0.41 -0.83 -9.49
vt -0.41 -0.83 -9.48
vt -0.43 -0.82 -9.49
vt -0.43 -0.83 -9.48
vt -0.45 -0.81 -9.49
vt -0.45 -0.81 -9.48
vt -0.47 -0.79 -9.49
vt -0.47 -0.80 -9.48
vt -0.48 -0.77 -9.49
vt -0.49 -0.78 -9.48
vt -0.49 -0.75 -9.49
vt -0.50 -0.76 -9.48
vt -0.50 -0.73 -9.49
vt -0.50 -0.73 -9.48
vt -0.50 -0.71 -9.49
vt -0.50 -0.71 -9.48
vt -0.49 -0.69 -9.49
vt -0.50 -0.68 -9.48
vt -0.49 -0.66 -9.49
vt -0.49 -0.66 -9.48
vt -0.48 -0.65 -9.49
vt -0.48 -0.64 -9.48
vt -0.46 -0.63 -9.49
vt -0.47 -0.62 -9.48
vt -0.44 -0.61 -9.49
vt -0.45 -0.61 -9.48
vt -0.42 -0.60 -9.49
vt -0.42 -0.60 -9.48
vt -0.40 -0.60 -9.49
vt -0.40 -0.59 -9.48
vt -0.38 -0.60 -9.49
vt -0.38 -0.59 -9.48
vt -0.35 -0.60 -9.49
vt -0.35 -0.59 -9.48
vt -0.33 -0.61 -9.49
vt -0.33 -0.60 -9.48
vt -0.31 -0.62 -9.49
vt -0.31 -0.61 -9.48
vt -0.30 -0.63 -9.49
vt -0.29 -0.63 -9.48
vt -0.28 -0.65 -9.49
vt -0.28 -0.65 -9.48
vt -0.27 -0.67 -9.49
vt -0.27 -0.67 -9.48
vt -0.27 -0.70 -9.49
vt -0.26 -0.69 -9.48
vt -0.27 -0.72 -9.49
vt -0.26 -0.72 -9.48
vt -0.27 -0.74 -9.49
vt -0.26 -0.74 -9.48
vt -0.28 -0.76 -9.49
vt -0.27 -0.76 -9.48
vt 1.99 -9.42 0.85
vt 1.97 -9.42 0.84
vt 1.97 -9.47 0.84
vt 1.99 -9.47 0.85
vt 2.01 -9.42 0.87
vt 2.01 -9.47 0.87
vt 0.89 -9.42 2.02
vt 0.87 -9.42 2.01
vt 0.87 -9.47 2.01
vt 0.89 -9.47 2.02
vt 0.91 -9.42 2.04
vt 0.91 -9.47 2.04
vt 0.93 -9.42 2.05
vt 0.93 -9.47 2.05
vt 0.95 -9.42 2.05
vt 0.95 -9.47 2.05
vt 0.98 -9.42 2.05
vt 0.98 -9.47 2.05
vt 1.00 -9.42 2.05
vt 1.00 -9.47 2.05
vt 1.02 -9.42 2.04
vt 1.02 -9.47 2.04
vt 1.04 -9.42 2.02
vt 1.04 -9.47 2.02
vt -1.00 -9.42 1.06
vt -1.02 -9.42 1.04
vt -1.02 -9.47 1.04
vt -1.00 -9.47 1.06
vt -0.98 -9.42 1.07
vt -0.98 -9.47 1.07
vt -0.96 -9.42 1.08
vt -0.96 -9.47 1.08
vt -0.94 -9.42 1.09
vt -0.94 -9.47 1.09
vt -0.91 -9.42 1.09
vt -0.91 -9.47 1.09
vt -0.89 -9.42 1.08
vt -0.89 -9.47 1.08
vt -0.87 -9.42 1.07
vt -0.87 -9.47 1.07
vt -0.85 -9.42 1.06
vt -0.85 -9.47 1.06
vt -0.04 -9.42 1.83
vt -0.06 -9.42 1.85
vt -0.06 -9.47 1.85
vt -0.04 -9.47 1.83
vt -0.02 -9.42 1.82
vt -0.02 -9.47 1.82
vt 0.00 -9.42 1.81
vt 0.00 -9.47 1.81
vt 0.03 -9.42 1.80
vt 0.03 -9.47 1.80
vt 0.05 -9.42 1.80
vt 0.05 -9.47 1.80
vt 0.08 -9.42 1.81
vt 0.08 -9.47 1.81
vt 0.10 -9.42 1.82
vt 0.10 -9.47 1.82
vt 0.12 -9.42 1.83
vt 0.12 -9.47 1.83
vt 1.85 -9.42 0.87
vt 1.83 -9.42 0.88
vt 1.83 -9.47 0.88
vt 1.85 -9.47 0.87
vt 1.87 -9.42 0.85
vt 1.87 -9.47 0.85
vt 1.89 -9.42 0.84
vt 1.89 -9.47 0.84
vt 1.92 -9.42 0.84
vt 1.92 -9.47 0.84
vt 1.94 -9.42 0.84
vt 1.94 -9.47 0.84
vt -0.99 0.88 -9.49
vt -0.98 0.87 -9.49
vt -0.96 0.86 -9.49
vt -0.94 0.86 -9.49
vt -0.92 0.86 -9.49
vt -0.90 0.86 -9.49
vt -0.88 0.87 -9.49
vt -0.86 0.88 -9.49
vt -0.85 0.90 -9.49
vt -0.84 0.91 -9.49
vt -0.83 0.93 -9.49
vt -0.82 0.95 -9.49
vt -0.82 0.97 -9.49
vt -0.83 0.99 -9.49
vt -0.83 1.01 -9.49
vt -0.84 1.03 -9.49
vt -0.86 1.04 -9.49
vt -0.88 1.06 -9.49
vt -0.89 1.06 -9.49
vt -0.91 1.07 -9.49
vt -0.93 1.07 -9.49
vt -0.96 1.06 -9.49
vt -0.97 1.06 -9.49
vt -0.99 1.05 -9.49
vt -1.01 1.03 -9.49
vt -1.02 1.01 -9.49
vt -1.03 1.00 -9.49
vt -1.03 0.98 -9.49
vt -1.03 0.96 -9.49
vt -1.03 0.94 -9.49
vt -1.02 0.92 -9.49
vt -1.01 0.90 -9.49
vt 1.89 0.84 -9.42
vt 1.92 0.84 -9.42
vt 1.94 0.84 -9.42
vt 1.97 0.84 -9.42
vt 1.99 0.85 -9.42
vt 2.01 0.87 -9.42
vt 2.02 0.89 -9.42
vt 2.04 0.91 -9.42
vt 2.05 0.93 -9.42
vt 2.05 0.95 -9.42
vt 2.05 0.98 -9.42
vt 2.05 1.00 -9.42
vt 2.04 1.02 -9.42
vt 2.02 1.04 -9.42
vt 2.00 1.06 -9.42
vt 1.98 1.07 -9.42
vt 1.96 1.08 -9.42
vt 1.94 1.09 -9.42
vt 1.91 1.09 -9.42
vt 1.89 1.08 -9.42
vt 1.87 1.07 -9.42
vt 1.85 1.06 -9.42
vt 1.83 1.04 -9.42
vt 1.82 1.02 -9.42
vt 1.81 1.00 -9.42
vt 1.80 0.97 -9.42
vt 1.80 0.95 -9.42
vt 1.81 0.92 -9.42
vt 1.82 0.90 -9.42
vt 1.83 0.88 -9.42
vt 1.85 0.87 -9.42
vt 1.87 0.85 -9.42
vt 1.96 -9.48 0.85
vt 1.99 -9.48 0.86
vt 2.01 -9.48 0.87
vt 0.87 -9.48 2.01
vt 0.89 -9.48 2.02
vt 0.91 -9.48 2.04
vt 0.93 -9.48 2.04
vt 0.95 -9.48 2.05
vt 0.98 -9.48 2.05
vt 1.00 -9.48 2.04
vt 1.02 -9.48 2.03
vt 1.04 -9.48 2.02
vt -1.02 -9.48 1.04
vt -1.00 -9.48 1.06
vt -0.98 -9.48 1.07
vt -0.96 -9.48 1.08
vt -0.94 -9.48 1.09
vt -0.91 -9.48 1.09
vt -0.89 -9.48 1.08
vt -0.87 -9.48 1.07
vt -0.85 -9.48 1.06
vt -0.06 -9.48 1.85
vt -0.04 -9.48 1.83
vt -0.02 -9.48 1.82
vt 0.00 -9.48 1.81
vt 0.03 -9.48 1.80
vt 0.05 -9.48 1.80
vt 0.07 -9.48 1.81
vt 0.10 -9.48 1.82
vt 0.12 -9.48 1.83
vt 1.83 -9.48 0.88
vt 1.85 -9.48 0.87
vt 1.87 -9.48 0.85
vt 1.89 -9.48 0.85
vt 1.92 -9.48 0.84
vt 1.94 -9.48 0.84
vt -0.96 0.85 -9.48
vt -0.96 0.85 -9.49
vt -0.98 0.86 -9.49
vt -0.99 0.86 -9.48
vt -1.00 0.88 -9.49
vt -1.01 0.87 -9.48
vt -1.02 0.89 -9.49
vt -1.02 0.89 -9.48
vt -1.03 0.91 -9.49
vt -1.04 0.91 -9.48
vt -1.04 0.93 -9.49
vt -1.04 0.93 -9.48
vt -1.04 0.95 -9.49
vt -1.05 0.95 -9.48
vt -1.04 0.98 -9.49
vt -1.05 0.98 -9.48
vt -1.04 1.00 -9.49
vt -1.04 1.00 -9.48
vt -1.03 1.02 -9.49
vt -1.03 1.02 -9.48
vt -1.01 1.04 -9.49
vt -1.02 1.04 -9.48
vt -1.00 1.05 -9.49
vt -1.00 1.06 -9.48
vt -0.98 1.07 -9.49
vt -0.98 1.07 -9.48
vt -0.96 1.08 -9.49
vt -0.96 1.08 -9.48
vt -0.94 1.08 -9.49
vt -0.94 1.09 -9.48
vt -0.91 1.08 -9.49
vt -0.91 1.09 -9.48
vt -0.89 1.07 -9.49
vt -0.89 1.08 -9.48
vt -0.87 1.06 -9.49
vt -0.87 1.07 -9.48
vt -0.85 1.05 -9.49
vt -0.85 1.06 -9.48
vt -0.84 1.04 -9.49
vt -0.83 1.04 -9.48
vt -0.82 1.02 -9.49
vt -0.82 1.02 -9.48
vt -0.81 1.00 -9.49
vt -0.81 1.00 -9.48
vt -0.81 0.97 -9.49
vt -0.80 0.97 -9.48
vt -0.81 0.95 -9.49
vt -0.80 0.95 -9.48
vt -0.82 0.93 -9.49
vt -0.81 0.93 -9.48
vt -0.83 0.91 -9.49
vt -0.82 0.90 -9.48
vt -0.84 0.89 -9.49
vt -0.83 0.88 -9.48
vt -0.85 0.87 -9.49
vt -0.85 0.87 -9.48
vt -0.87 0.86 -9.49
vt -0.87 0.85 -9.48
vt -0.90 0.85 -9.49
vt -0.89 0.85 -9.48
vt -0.92 0.85 -9.49
vt -0.92 0.84 -9.48
vt -0.94 0.85 -9.49
vt -0.94 0.84 -9.48
vt 0.50 -9.29 2.40
vt 0.59 -9.29 2.40
vt 0.59 -9.28 2.40
vt 0.50 -9.28 2.40
vt 0.50 -9.29 2.39
vt 0.59 -9.29 2.39
vt 0.59 -9.27 2.40
vt 0.50 -9.27 2.40
vt 0.59 -9.27 2.39
vt 0.50 -9.27 2.39
vt 0.69 -9.29 2.39
vt 0.69 -9.28 2.39
vt 0.69 -9.29 2.38
vt 0.69 -9.27 2.39
vt 0.69 -9.27 2.38
vt 0.78 -9.29 2.38
vt 0.78 -9.28 2.38
vt 0.78 -9.29 2.37
vt 0.78 -9.27 2.38
vt 0.78 -9.27 2.37
vt 0.87 -9.29 2.36
vt 0.87 -9.28 2.36
vt 0.87 -9.27 2.36
vt 0.96 -9.29 2.34
vt 0.96 -9.28 2.34
vt 0.96 -9.27 2.34
vt 1.05 -9.29 2.32
vt 1.05 -9.28 2.32
vt 1.05 -9.29 2.31
vt 1.05 -9.27 2.32
vt 1.05 -9.27 2.31
vt 1.14 -9.29 2.29
vt 1.14 -9.28 2.29
vt 1.14 -9.29 2.28
vt 1.14 -9.27 2.29
vt 1.14 -9.27 2.28
vt 1.23 -9.29 2.25
vt 1.23 -9.28 2.26
vt 1.22 -9.29 2.25
vt 1.23 -9.27 2.25
vt 1.22 -9.27 2.25
vt 1.31 -9.29 2.22
vt 1.31 -9.28 2.22
vt 1.31 -9.29 2.21
vt 1.31 -9.27 2.22
vt 1.31 -9.27 2.21
vt 1.39 -9.29 2.17
vt 1.40 -9.28 2.18
vt 1.39 -9.27 2.17
vt 1.48 -9.29 2.13
vt 1.48 -9.28 2.13
vt 1.47 -9.29 2.12
vt 1.48 -9.27 2.13
vt 1.47 -9.27 2.12
vt 1.55 -9.29 2.08
vt 1.56 -9.28 2.08
vt 1.55 -9.29 2.07
vt 1.55 -9.27 2.08
vt 1.55 -9.27 2.07
vt 1.63 -9.29 2.02
vt 1.63 -9.28 2.03
vt 1.63 -9.27 2.02
vt 1.70 -9.29 1.97
vt 1.71 -9.28 1.97
vt 1.70 -9.29 1.96
vt 1.70 -9.27 1.97
vt 1.70 -9.27 1.96
vt 1.77 -9.29 1.91
vt 1.78 -9.28 1.91
vt 1.77 -9.29 1.90
vt 1.77 -9.27 1.91
vt 1.77 -9.27 1.90
vt 1.84 -9.29 1.84
vt 1.84 -9.28 1.84
vt 1.84 -9.27 1.84
vt -0.84 -9.29 1.84
vt -0.77 -9.29 1.91
vt -0.78 -9.28 1.91
vt -0.84 -9.28 1.84
vt -0.77 -9.29 1.90
vt -0.77 -9.27 1.91
vt -0.84 -9.27 1.84
vt -0.77 -9.27 1.90
vt -0.70 -9.29 1.97
vt -0.71 -9.28 1.97
vt -0.70 -9.29 1.96
vt -0.70 -9.27 1.97
vt -0.70 -9.27 1.96
vt -0.63 -9.29 2.02
vt -0.63 -9.28 2.03
vt -0.63 -9.27 2.02
vt -0.55 -9.29 2.08
vt -0.56 -9.28 2.08
vt -0.55 -9.29 2.07
vt -0.55 -9.27 2.08
vt -0.55 -9.27 2.07
vt -0.48 -9.29 2.13
vt -0.48 -9.28 2.13
vt -0.47 -9.29 2.12
vt -0.48 -9.27 2.13
vt -0.47 -9.27 2.12
vt -0.39 -9.29 2.17
vt -0.40 -9.28 2.18
vt -0.39 -9.27 2.17
vt -0.31 -9.29 2.22
vt -0.31 -9.28 2.22
vt -0.31 -9.29 2.21
vt -0.31 -9.27 2.22
vt -0.31 -9.27 2.21
vt -0.23 -9.29 2.25
vt -0.23 -9.28 2.26
vt -0.22 -9.29 2.25
vt -0.23 -9.27 2.25
vt -0.22 -9.27 2.25
vt -0.14 -9.29 2.29
vt -0.14 -9.28 2.29
vt -0.14 -9.29 2.28
vt -0.14 -9.27 2.29
vt -0.14 -9.27 2.28
vt -0.05 -9.29 2.32
vt -0.05 -9.28 2.32
vt -0.05 -9.29 2.31
vt -0.05 -9.27 2.32
vt -0.05 -9.27 2.31
vt 0.04 -9.29 2.34
vt 0.04 -9.28 2.34
vt 0.04 -9.27 2.34
vt 0.13 -9.29 2.36
vt 0.13 -9.28 2.36
vt 0.13 -9.27 2.36
vt 0.22 -9.29 2.38
vt 0.22 -9.28 2.38
vt 0.22 -9.29 2.37
vt 0.22 -9.27 2.38
vt 0.22 -9.27 2.37
vt 0.31 -9.29 2.39
vt 0.31 -9.28 2.39
vt 0.31 -9.29 2.38
vt 0.31 -9.27 2.39
vt 0.31 -9.27 2.38
vt 0.41 -9.29 2.40
vt 0.41 -9.28 2.40
vt 0.41 -9.29 2.39
vt 0.41 -9.27 2.40
vt 0.41 -9.27 2.39
vt 0.59 -9.29 -1.40
vt 0.59 -9.28 -1.40
vt 0.50 -9.28 -1.40
vt 0.50 -9.29 -1.40
vt 0.59 -9.29 -1.39
vt 0.50 -9.29 -1.39
vt 0.69 -9.29 -1.39
vt 0.69 -9.28 -1.39
vt 0.69 -9.29 -1.38
vt 0.69 -9.27 -1.39
vt 0.59 -9.27 -1.40
vt 0.69 -9.27 -1.38
vt 0.59 -9.27 -1.39
vt 0.78 -9.29 -1.38
vt 0.78 -9.28 -1.38
vt 0.78 -9.29 -1.37
vt 0.78 -9.27 -1.38
vt 0.78 -9.27 -1.37
vt 0.87 -9.29 -1.36
vt 0.87 -9.28 -1.36
vt 0.87 -9.27 -1.36
vt 0.96 -9.29 -1.34
vt 0.96 -9.28 -1.34
vt 0.96 -9.27 -1.34
vt 1.05 -9.29 -1.32
vt 1.05 -9.28 -1.32
vt 1.05 -9.29 -1.31
vt 1.05 -9.27 -1.32
vt 1.05 -9.27 -1.31
vt 1.14 -9.29 -1.29
vt 1.14 -9.28 -1.29
vt 1.14 -9.29 -1.28
vt 1.14 -9.27 -1.29
vt 1.14 -9.27 -1.28
vt 1.23 -9.29 -1.25
vt 1.23 -9.28 -1.26
vt 1.22 -9.29 -1.25
vt 1.23 -9.27 -1.25
vt 1.22 -9.27 -1.25
vt 1.31 -9.29 -1.22
vt 1.31 -9.28 -1.22
vt 1.31 -9.29 -1.21
vt 1.31 -9.27 -1.22
vt 1.31 -9.27 -1.21
vt 1.39 -9.29 -1.17
vt 1.40 -9.28 -1.18
vt 1.39 -9.27 -1.17
vt 1.48 -9.29 -1.13
vt 1.48 -9.28 -1.13
vt 1.47 -9.29 -1.12
vt 1.48 -9.27 -1.13
vt 1.47 -9.27 -1.12
vt 1.55 -9.29 -1.08
vt 1.56 -9.28 -1.08
vt 1.55 -9.29 -1.07
vt 1.55 -9.27 -1.08
vt 1.55 -9.27 -1.07
vt 1.63 -9.29 -1.02
vt 1.63 -9.28 -1.03
vt 1.63 -9.27 -1.02
vt 1.70 -9.29 -0.97
vt 1.71 -9.28 -0.97
vt 1.70 -9.29 -0.96
vt 1.70 -9.27 -0.97
vt 1.70 -9.27 -0.96
vt 1.77 -9.29 -0.91
vt 1.78 -9.28 -0.91
vt 1.77 -9.29 -0.90
vt 1.77 -9.27 -0.91
vt 1.77 -9.27 -0.90
vt 1.84 -9.29 -0.84
vt 1.84 -9.28 -0.84
vt 1.84 -9.27 -0.84
vt -1.39 0.41 -9.30
vt -1.38 0.31 -9.30
vt -1.37 0.32 -9.30
vt -1.38 0.41 -9.30
vt -1.39 0.41 -9.29
vt -1.38 0.31 -9.29
vt -1.37 0.22 -9.30
vt -1.36 0.22 -9.30
vt -1.37 0.22 -9.29
vt -1.35 0.13 -9.30
vt -1.34 0.13 -9.30
vt -1.36 0.13 -9.29
vt -1.33 0.04 -9.30
vt -1.32 0.04 -9.30
vt -1.34 0.04 -9.29
vt -1.31 -0.05 -9.30
vt -1.30 -0.05 -9.30
vt -1.31 -0.05 -9.29
vt -1.28 -0.14 -9.30
vt -1.27 -0.13 -9.30
vt -1.28 -0.14 -9.29
vt -1.24 -0.22 -9.30
vt -1.25 -0.22 -9.29
vt -1.21 -0.31 -9.30
vt -1.20 -0.30 -9.30
vt -1.21 -0.31 -9.29
vt -1.17 -0.39 -9.30
vt -1.16 -0.39 -9.30
vt -1.17 -0.39 -9.29
vt -1.12 -0.47 -9.30
vt -1.11 -0.47 -9.30
vt -1.12 -0.47 -9.29
vt -1.07 -0.55 -9.30
vt -1.06 -0.54 -9.30
vt -1.07 -0.55 -9.29
vt -1.02 -0.62 -9.30
vt -1.01 -0.62 -9.30
vt -1.02 -0.63 -9.29
vt -0.96 -0.70 -9.30
vt -0.95 -0.69 -9.30
vt -0.96 -0.70 -9.29
vt -0.90 -0.77 -9.30
vt -0.89 -0.76 -9.30
vt -0.90 -0.77 -9.29
vt -0.84 -0.84 -9.30
vt -0.83 -0.83 -9.30
vt -0.84 -0.84 -9.29
vt -0.77 -0.90 -9.30
vt -0.76 -0.89 -9.30
vt -0.77 -0.90 -9.29
vt -0.70 -0.96 -9.30
vt -0.69 -0.95 -9.30
vt -0.70 -0.96 -9.29
vt -0.62 -1.02 -9.30
vt -0.62 -1.01 -9.30
vt -0.63 -1.02 -9.29
vt -0.55 -1.07 -9.30
vt -0.54 -1.06 -9.30
vt -0.55 -1.07 -9.29
vt -0.47 -1.12 -9.30
vt -0.47 -1.11 -9.30
vt -0.47 -1.12 -9.29
vt -0.39 -1.17 -9.30
vt -0.39 -1.16 -9.30
vt -0.39 -1.17 -9.29
vt -0.31 -1.21 -9.30
vt -0.30 -1.20 -9.30
vt -0.31 -1.21 -9.29
vt -0.22 -1.24 -9.30
vt -0.22 -1.25 -9.29
vt -0.14 -1.28 -9.30
vt -0.13 -1.27 -9.30
vt -0.14 -1.28 -9.29
vt -0.05 -1.31 -9.30
vt -0.05 -1.30 -9.30
vt -0.05 -1.31 -9.29
vt 0.04 -1.33 -9.30
vt 0.04 -1.32 -9.30
vt 0.04 -1.34 -9.29
vt 0.13 -1.35 -9.30
vt 0.13 -1.34 -9.30
vt 0.13 -1.36 -9.29
vt 0.22 -1.37 -9.30
vt 0.22 -1.36 -9.30
vt 0.22 -1.37 -9.29
vt 0.31 -1.38 -9.30
vt 0.32 -1.37 -9.30
vt 0.31 -1.38 -9.29
vt 0.41 -1.39 -9.30
vt 0.41 -1.38 -9.30
vt 0.41 -1.39 -9.29
vt 0.50 2.39 -9.30
vt 0.41 2.39 -9.30
vt 0.41 2.38 -9.30
vt 0.50 2.38 -9.30
vt 0.50 2.39 -9.29
vt 0.41 2.39 -9.29
vt 0.31 2.38 -9.30
vt 0.32 2.37 -9.30
vt 0.31 2.38 -9.29
vt 0.22 2.37 -9.30
vt 0.22 2.36 -9.30
vt 0.22 2.37 -9.29
vt 0.13 2.35 -9.30
vt 0.13 2.34 -9.30
vt 0.13 2.36 -9.29
vt 0.04 2.33 -9.30
vt 0.04 2.32 -9.30
vt 0.04 2.34 -9.29
vt -0.05 2.31 -9.30
vt -0.05 2.30 -9.30
vt -0.05 2.31 -9.29
vt -0.14 2.28 -9.30
vt -0.13 2.27 -9.30
vt -0.14 2.28 -9.29
vt -0.22 2.24 -9.30
vt -0.22 2.25 -9.29
vt -0.31 2.21 -9.30
vt -0.30 2.20 -9.30
vt -0.31 2.21 -9.29
vt -0.39 2.17 -9.30
vt -0.39 2.16 -9.30
vt -0.39 2.17 -9.29
vt -0.47 2.12 -9.30
vt -0.47 2.11 -9.30
vt -0.47 2.12 -9.29
vt -0.55 2.07 -9.30
vt -0.54 2.06 -9.30
vt -0.55 2.07 -9.29
vt -0.62 2.02 -9.30
vt -0.62 2.01 -9.30
vt -0.63 2.02 -9.29
vt -0.70 1.96 -9.30
vt -0.69 1.95 -9.30
vt -0.70 1.96 -9.29
vt -0.77 1.90 -9.30
vt -0.76 1.89 -9.30
vt -0.77 1.90 -9.29
vt -0.84 1.84 -9.30
vt -0.83 1.83 -9.30
vt -0.84 1.84 -9.29
vt -0.90 1.77 -9.30
vt -0.89 1.76 -9.30
vt -0.90 1.77 -9.29
vt -0.96 1.70 -9.30
vt -0.95 1.69 -9.30
vt -0.96 1.70 -9.29
vt -1.02 1.62 -9.30
vt -1.01 1.62 -9.30
vt -1.02 1.63 -9.29
vt -1.07 1.55 -9.30
vt -1.06 1.54 -9.30
vt -1.07 1.55 -9.29
vt -1.12 1.47 -9.30
vt -1.11 1.47 -9.30
vt -1.12 1.47 -9.29
vt -1.17 1.39 -9.30
vt -1.16 1.39 -9.30
vt -1.17 1.39 -9.29
vt -1.21 1.31 -9.30
vt -1.20 1.30 -9.30
vt -1.21 1.31 -9.29
vt -1.24 1.22 -9.30
vt -1.25 1.22 -9.29
vt -1.28 1.14 -9.30
vt -1.27 1.13 -9.30
vt -1.28 1.14 -9.29
vt -1.31 1.05 -9.30
vt -1.30 1.05 -9.30
vt -1.31 1.05 -9.29
vt -1.33 0.96 -9.30
vt -1.32 0.96 -9.30
vt -1.34 0.96 -9.29
vt -1.35 0.87 -9.30
vt -1.34 0.87 -9.30
vt -1.36 0.87 -9.29
vt -1.37 0.78 -9.30
vt -1.36 0.78 -9.30
vt -1.37 0.78 -9.29
vt -1.38 0.69 -9.30
vt -1.37 0.68 -9.30
vt -1.38 0.69 -9.29
vt -1.39 0.59 -9.30
vt -1.38 0.59 -9.30
vt -1.39 0.59 -9.29
vt -1.39 0.50 -9.30
vt -1.38 0.50 -9.30
vt -1.39 0.50 -9.29
vt 2.39 0.50 -9.26
vt 2.39 0.59 -9.26
vt 2.38 0.59 -9.26
vt 2.38 0.50 -9.26
vt 2.39 0.50 -9.27
vt 2.39 0.59 -9.27
vt 2.38 0.69 -9.26
vt 2.37 0.68 -9.26
vt 2.38 0.69 -9.27
vt 2.37 0.78 -9.26
vt 2.36 0.78 -9.26
vt 2.37 0.78 -9.27
vt 2.35 0.87 -9.26
vt 2.34 0.87 -9.26
vt 2.36 0.87 -9.27
vt 2.33 0.96 -9.26
vt 2.32 0.96 -9.26
vt 2.34 0.96 -9.27
vt 2.31 1.05 -9.26
vt 2.30 1.05 -9.26
vt 2.31 1.05 -9.27
vt 2.28 1.14 -9.26
vt 2.27 1.13 -9.26
vt 2.28 1.14 -9.27
vt 2.24 1.22 -9.26
vt 2.25 1.22 -9.27
vt 2.21 1.31 -9.26
vt 2.20 1.30 -9.26
vt 2.21 1.31 -9.27
vt 2.17 1.39 -9.26
vt 2.16 1.39 -9.26
vt 2.17 1.39 -9.27
vt 2.12 1.47 -9.26
vt 2.11 1.47 -9.26
vt 2.12 1.47 -9.27
vt 2.07 1.55 -9.26
vt 2.06 1.54 -9.26
vt 2.07 1.55 -9.27
vt 2.02 1.62 -9.26
vt 2.01 1.62 -9.26
vt 2.02 1.63 -9.27
vt 1.96 1.70 -9.26
vt 1.95 1.69 -9.26
vt 1.96 1.70 -9.27
vt 1.90 1.77 -9.26
vt 1.89 1.76 -9.26
vt 1.90 1.77 -9.27
vt 1.84 1.84 -9.26
vt 1.83 1.83 -9.26
vt 1.84 1.84 -9.27
vt 1.77 1.90 -9.26
vt 1.76 1.89 -9.26
vt 1.77 1.90 -9.27
vt 1.70 1.96 -9.26
vt 1.69 1.95 -9.26
vt 1.70 1.96 -9.27
vt 1.62 2.02 -9.26
vt 1.62 2.01 -9.26
vt 1.63 2.02 -9.27
vt 1.55 2.07 -9.26
vt 1.54 2.06 -9.26
vt 1.55 2.07 -9.27
vt 1.47 2.12 -9.26
vt 1.47 2.11 -9.26
vt 1.47 2.12 -9.27
vt 1.39 2.17 -9.26
vt 1.39 2.16 -9.26
vt 1.39 2.17 -9.27
vt 1.31 2.21 -9.26
vt 1.30 2.20 -9.26
vt 1.31 2.21 -9.27
vt 1.22 2.24 -9.26
vt 1.22 2.25 -9.27
vt 1.14 2.28 -9.26
vt 1.13 2.27 -9.26
vt 1.14 2.28 -9.27
vt 1.05 2.31 -9.26
vt 1.05 2.30 -9.26
vt 1.05 2.31 -9.27
vt 0.96 2.33 -9.26
vt 0.96 2.32 -9.26
vt 0.96 2.34 -9.27
vt 0.87 2.35 -9.26
vt 0.87 2.34 -9.26
vt 0.87 2.36 -9.27
vt 0.78 2.37 -9.26
vt 0.78 2.36 -9.26
vt 0.78 2.37 -9.27
vt 0.69 2.38 -9.26
vt 0.68 2.37 -9.26
vt 0.69 2.38 -9.27
vt 0.59 2.39 -9.26
vt 0.59 2.38 -9.26
vt 0.59 2.39 -9.27
vt 0.50 2.39 -9.26
vt 0.50 2.38 -9.26
vt 0.50 2.39 -9.27
vt 0.59 -1.39 -9.26
vt 0.59 -1.38 -9.26
vt 0.50 -1.38 -9.26
vt 0.50 -1.39 -9.26
vt 0.59 -1.39 -9.27
vt 0.50 -1.39 -9.27
vt 0.69 -1.38 -9.26
vt 0.68 -1.37 -9.26
vt 0.69 -1.38 -9.27
vt 0.78 -1.37 -9.26
vt 0.78 -1.36 -9.26
vt 0.78 -1.37 -9.27
vt 0.87 -1.35 -9.26
vt 0.87 -1.34 -9.26
vt 0.87 -1.36 -9.27
vt 0.96 -1.33 -9.26
vt 0.96 -1.32 -9.26
vt 0.96 -1.34 -9.27
vt 1.05 -1.31 -9.26
vt 1.05 -1.30 -9.26
vt 1.05 -1.31 -9.27
vt 1.14 -1.28 -9.26
vt 1.13 -1.27 -9.26
vt 1.14 -1.28 -9.27
vt 1.22 -1.24 -9.26
vt 1.22 -1.25 -9.27
vt 1.31 -1.21 -9.26
vt 1.30 -1.20 -9.26
vt 1.31 -1.21 -9.27
vt 1.39 -1.17 -9.26
vt 1.39 -1.16 -9.26
vt 1.39 -1.17 -9.27
vt 1.47 -1.12 -9.26
vt 1.47 -1.11 -9.26
vt 1.47 -1.12 -9.27
vt 1.55 -1.07 -9.26
vt 1.54 -1.06 -9.26
vt 1.55 -1.07 -9.27
vt 1.62 -1.02 -9.26
vt 1.62 -1.01 -9.26
vt 1.63 -1.02 -9.27
vt 1.70 -0.96 -9.26
vt 1.69 -0.95 -9.26
vt 1.70 -0.96 -9.27
vt 1.77 -0.90 -9.26
vt 1.76 -0.89 -9.26
vt 1.77 -0.90 -9.27
vt 1.84 -0.84 -9.26
vt 1.83 -0.83 -9.26
vt 1.84 -0.84 -9.27
vt 1.90 -0.77 -9.26
vt 1.89 -0.76 -9.26
vt 1.90 -0.77 -9.27
vt 1.96 -0.70 -9.26
vt 1.95 -0.69 -9.26
vt 1.96 -0.70 -9.27
vt 2.02 -0.62 -9.26
vt 2.01 -0.62 -9.26
vt 2.02 -0.63 -9.27
vt 2.07 -0.55 -9.26
vt 2.06 -0.54 -9.26
vt 2.07 -0.55 -9.27
vt 2.12 -0.47 -9.26
vt 2.11 -0.47 -9.26
vt 2.12 -0.47 -9.27
vt 2.17 -0.39 -9.26
vt 2.16 -0.39 -9.26
vt 2.17 -0.39 -9.27
vt 2.21 -0.31 -9.26
vt 2.20 -0.30 -9.26
vt 2.21 -0.31 -9.27
vt 2.24 -0.22 -9.26
vt 2.25 -0.22 -9.27
vt 2.28 -0.14 -9.26
vt 2.27 -0.13 -9.26
vt 2.28 -0.14 -9.27
vt 2.31 -0.05 -9.26
vt 2.30 -0.05 -9.26
vt 2.31 -0.05 -9.27
vt 2.33 0.04 -9.26
vt 2.32 0.04 -9.26
vt 2.34 0.04 -9.27
vt 2.35 0.13 -9.26
vt 2.34 0.13 -9.26
vt 2.36 0.13 -9.27
vt 2.37 0.22 -9.26
vt 2.36 0.22 -9.26
vt 2.37 0.22 -9.27
vt 2.38 0.31 -9.26
vt 2.37 0.32 -9.26
vt 2.38 0.31 -9.27
vt 2.39 0.41 -9.26
vt 2.38 0.41 -9.26
vt 2.39 0.41 -9.27
vt 0.50 2.37 -9.26
vt 0.50 0.50 -9.26
vt 0.55 0.50 -9.26
vt 0.55 0.51 -9.26
vt 0.55 0.53 -9.26
vt 0.56 0.54 -9.26
vt 0.56 0.55 -9.26
vt 0.57 0.57 -9.26
vt 0.57 0.58 -9.26
vt 0.58 0.59 -9.26
vt 0.59 0.60 -9.26
vt 0.60 0.61 -9.26
vt 0.61 0.62 -9.26
vt 0.62 0.62 -9.26
vt 0.64 0.63 -9.26
vt 0.65 0.63 -9.26
vt 0.66 0.64 -9.26
vt 0.68 0.64 -9.26
vt 0.69 0.64 -9.26
vt 0.70 0.64 -9.26
vt 0.83 0.51 -9.26
vt 0.83 0.50 -9.26
vt 2.37 0.50 -9.26
vt 0.83 0.53 -9.26
vt 0.82 0.54 -9.26
vt 0.82 0.55 -9.26
vt 0.81 0.57 -9.26
vt 0.81 0.58 -9.26
vt 0.80 0.59 -9.26
vt 0.79 0.60 -9.26
vt 0.78 0.61 -9.26
vt 0.77 0.62 -9.26
vt 0.76 0.62 -9.26
vt 0.74 0.63 -9.26
vt 0.73 0.63 -9.26
vt 0.72 0.64 -9.26
vt 2.37 0.59 -9.26
vt 2.36 0.68 -9.26
vt 2.35 0.77 -9.26
vt 2.33 0.86 -9.26
vt 2.31 0.95 -9.26
vt 2.29 1.04 -9.26
vt 2.26 1.13 -9.26
vt 2.23 1.22 -9.26
vt 2.19 1.30 -9.26
vt 2.15 1.38 -9.26
vt 2.10 1.46 -9.26
vt 2.05 1.54 -9.26
vt 2.00 1.61 -9.26
vt 1.82 1.82 -9.26
vt 1.61 2.00 -9.26
vt 1.54 2.05 -9.26
vt 1.46 2.10 -9.26
vt 1.38 2.15 -9.26
vt 1.30 2.19 -9.26
vt 1.22 2.23 -9.26
vt 1.13 2.26 -9.26
vt 1.04 2.29 -9.26
vt 0.95 2.31 -9.26
vt 0.86 2.33 -9.26
vt 0.77 2.35 -9.26
vt 0.68 2.36 -9.26
vt 0.59 2.37 -9.26
vt -1.35 0.77 -9.30
vt -1.36 0.68 -9.30
vt -1.37 0.59 -9.30
vt -1.37 0.50 -9.30
vt 0.17 0.50 -9.30
vt 0.17 0.51 -9.30
vt 0.17 0.53 -9.30
vt 0.18 0.54 -9.30
vt 0.18 0.55 -9.30
vt 0.45 0.51 -9.30
vt 0.45 0.50 -9.30
vt 0.50 0.50 -9.30
vt 0.45 0.53 -9.30
vt 0.44 0.54 -9.30
vt 0.44 0.55 -9.30
vt 0.43 0.57 -9.30
vt 0.43 0.58 -9.30
vt 0.42 0.59 -9.30
vt 0.41 0.60 -9.30
vt 0.50 2.37 -9.30
vt 0.41 2.37 -9.30
vt 0.32 2.36 -9.30
vt 0.23 2.35 -9.30
vt 0.14 2.33 -9.30
vt 0.05 2.31 -9.30
vt -0.04 2.29 -9.30
vt -0.13 2.26 -9.30
vt -0.22 2.23 -9.30
vt -0.30 2.19 -9.30
vt -0.38 2.15 -9.30
vt -0.46 2.10 -9.30
vt -0.54 2.05 -9.30
vt -0.61 2.00 -9.30
vt 0.40 0.61 -9.30
vt 0.39 0.62 -9.30
vt 0.38 0.62 -9.30
vt 0.36 0.63 -9.30
vt 0.35 0.63 -9.30
vt 0.34 0.64 -9.30
vt 0.32 0.64 -9.30
vt 0.31 0.64 -9.30
vt 0.30 0.64 -9.30
vt 0.28 0.64 -9.30
vt 0.27 0.63 -9.30
vt 0.26 0.63 -9.30
vt 0.24 0.62 -9.30
vt 0.23 0.62 -9.30
vt 0.22 0.61 -9.30
vt 0.21 0.60 -9.30
vt 0.20 0.59 -9.30
vt 0.19 0.58 -9.30
vt 0.19 0.57 -9.30
vt -0.82 1.82 -9.30
vt -1.00 1.61 -9.30
vt -1.05 1.54 -9.30
vt -1.10 1.46 -9.30
vt -1.15 1.38 -9.30
vt -1.19 1.30 -9.30
vt -1.23 1.22 -9.30
vt -1.26 1.13 -9.30
vt -1.29 1.04 -9.30
vt -1.31 0.95 -9.30
vt -1.33 0.86 -9.30
vt 0.49 -9.28 0.82
vt 0.50 -9.28 0.82
vt 0.50 -9.26 0.82
vt 0.49 -9.26 0.82
vt 0.47 -9.28 0.82
vt 0.47 -9.26 0.82
vt 0.46 -9.28 0.81
vt 0.46 -9.26 0.81
vt 0.45 -9.28 0.81
vt 0.45 -9.26 0.81
vt 0.44 -9.28 0.80
vt 0.44 -9.26 0.80
vt 0.43 -9.28 0.80
vt 0.43 -9.26 0.80
vt 0.42 -9.28 0.79
vt 0.42 -9.26 0.79
vt 0.41 -9.28 0.78
vt 0.41 -9.26 0.78
vt 0.77 -9.28 0.60
vt 0.78 -9.28 0.59
vt 0.78 -9.26 0.59
vt 0.77 -9.26 0.60
vt 0.76 -9.28 0.61
vt 0.76 -9.26 0.61
vt 0.75 -9.28 0.61
vt 0.75 -9.26 0.61
vt 0.74 -9.28 0.62
vt 0.74 -9.26 0.62
vt 0.73 -9.28 0.62
vt 0.73 -9.26 0.62
vt 0.72 -9.28 0.63
vt 0.72 -9.26 0.63
vt 0.70 -9.28 0.63
vt 0.70 -9.26 0.63
vt 0.69 -9.28 0.63
vt 0.69 -9.26 0.63
vt 0.68 -9.28 0.63
vt 0.68 -9.26 0.63
vt 0.66 -9.28 0.63
vt 0.66 -9.26 0.63
vt 0.65 -9.28 0.62
vt 0.65 -9.26 0.62
vt 0.64 -9.28 0.62
vt 0.64 -9.26 0.62
vt 0.63 -9.28 0.61
vt 0.63 -9.26 0.61
vt 0.62 -9.28 0.61
vt 0.62 -9.26 0.61
vt 0.61 -9.28 0.60
vt 0.61 -9.26 0.60
vt 0.60 -9.28 0.59
vt 0.60 -9.26 0.59
vt 0.58 -9.28 0.59
vt 0.59 -9.28 0.60
vt 0.59 -9.26 0.60
vt 0.58 -9.26 0.59
vt 0.57 -9.28 0.58
vt 0.57 -9.26 0.58
vt 0.56 -9.28 0.58
vt 0.56 -9.26 0.58
vt 0.55 -9.28 0.57
vt 0.55 -9.26 0.57
vt 0.54 -9.28 0.57
vt 0.54 -9.26 0.57
vt 0.53 -9.28 0.56
vt 0.53 -9.26 0.56
vt 0.51 -9.28 0.56
vt 0.51 -9.26 0.56
vt 0.50 -9.28 0.56
vt 0.50 -9.26 0.56
vt 0.49 -9.28 0.56
vt 0.49 -9.26 0.56
vt 0.47 -9.28 0.56
vt 0.47 -9.26 0.56
vt 0.46 -9.28 0.57
vt 0.46 -9.26 0.57
vt 0.45 -9.28 0.57
vt 0.45 -9.26 0.57
vt 0.44 -9.28 0.58
vt 0.44 -9.26 0.58
vt 0.43 -9.28 0.58
vt 0.43 -9.26 0.58
vt 0.42 -9.28 0.59
vt 0.42 -9.26 0.59
vt 0.41 -9.28 0.60
vt 0.41 -9.26 0.60
vt 0.39 -9.28 0.40
vt 0.40 -9.28 0.41
vt 0.40 -9.26 0.41
vt 0.39 -9.26 0.40
vt 0.38 -9.28 0.39
vt 0.38 -9.26 0.39
vt 0.37 -9.28 0.39
vt 0.37 -9.26 0.39
vt 0.36 -9.28 0.38
vt 0.36 -9.26 0.38
vt 0.35 -9.28 0.38
vt 0.35 -9.26 0.38
vt 0.34 -9.28 0.37
vt 0.34 -9.26 0.37
vt 0.32 -9.28 0.37
vt 0.32 -9.26 0.37
vt 0.31 -9.28 0.37
vt 0.31 -9.26 0.37
vt 0.30 -9.28 0.37
vt 0.30 -9.26 0.37
vt 0.28 -9.28 0.37
vt 0.28 -9.26 0.37
vt 0.27 -9.28 0.38
vt 0.27 -9.26 0.38
vt 0.26 -9.28 0.38
vt 0.26 -9.26 0.38
vt 0.25 -9.28 0.39
vt 0.25 -9.26 0.39
vt 0.24 -9.28 0.39
vt 0.24 -9.26 0.39
vt 0.23 -9.28 0.40
vt 0.23 -9.26 0.40
vt 0.22 -9.28 0.41
vt 0.22 -9.26 0.41
vt 0.58 -9.28 0.79
vt 0.59 -9.28 0.78
vt 0.59 -9.26 0.78
vt 0.58 -9.26 0.79
vt 0.57 -9.28 0.80
vt 0.57 -9.26 0.80
vt 0.56 -9.28 0.80
vt 0.56 -9.26 0.80
vt 0.55 -9.28 0.81
vt 0.55 -9.26 0.81
vt 0.54 -9.28 0.81
vt 0.54 -9.26 0.81
vt 0.53 -9.28 0.82
vt 0.53 -9.26 0.82
vt 0.51 -9.28 0.82
vt 0.51 -9.26 0.82
vt 0.82 0.50 -9.28
vt 0.82 0.51 -9.28
vt 0.82 0.53 -9.28
vt 0.81 0.52 -9.28
vt 0.81 0.54 -9.28
vt 0.81 0.55 -9.28
vt 0.80 0.56 -9.28
vt 0.80 0.57 -9.28
vt 0.79 0.58 -9.28
vt 0.78 0.59 -9.28
vt 0.77 0.60 -9.28
vt 0.76 0.61 -9.28
vt 0.75 0.61 -9.28
vt 0.74 0.62 -9.28
vt 0.73 0.62 -9.28
vt 0.72 0.63 -9.28
vt 0.71 0.62 -9.28
vt 0.70 0.63 -9.28
vt 0.69 0.63 -9.28
vt 0.68 0.63 -9.28
vt 0.66 0.63 -9.28
vt 0.67 0.62 -9.28
vt 0.65 0.62 -9.28
vt 0.64 0.62 -9.28
vt 0.63 0.61 -9.28
vt 0.62 0.61 -9.28
vt 0.61 0.60 -9.28
vt 0.60 0.59 -9.28
vt 0.59 0.58 -9.28
vt 0.58 0.57 -9.28
vt 0.58 0.56 -9.28
vt 0.57 0.55 -9.28
vt 0.57 0.54 -9.28
vt 0.56 0.53 -9.28
vt 0.57 0.52 -9.28
vt 0.56 0.51 -9.28
vt 0.56 0.50 -9.28
vt 0.56 0.49 -9.28
vt 0.56 0.47 -9.28
vt 0.57 0.48 -9.28
vt 0.57 0.46 -9.28
vt 0.57 0.45 -9.28
vt 0.58 0.44 -9.28
vt 0.58 0.43 -9.28
vt 0.59 0.42 -9.28
vt 0.60 0.41 -9.28
vt 0.61 0.40 -9.28
vt 0.62 0.39 -9.28
vt 0.63 0.39 -9.28
vt 0.64 0.38 -9.28
vt 0.65 0.38 -9.28
vt 0.66 0.37 -9.28
vt 0.67 0.38 -9.28
vt 0.68 0.37 -9.28
vt 0.69 0.37 -9.28
vt 0.70 0.37 -9.28
vt 0.72 0.37 -9.28
vt 0.71 0.38 -9.28
vt 0.73 0.38 -9.28
vt 0.74 0.38 -9.28
vt 0.75 0.39 -9.28
vt 0.76 0.39 -9.28
vt 0.77 0.40 -9.28
vt 0.78 0.41 -9.28
vt 0.79 0.42 -9.28
vt 0.80 0.43 -9.28
vt 0.80 0.44 -9.28
vt 0.81 0.45 -9.28
vt 0.81 0.46 -9.28
vt 0.82 0.47 -9.28
vt 0.81 0.48 -9.28
vt 0.82 0.49 -9.28
vt 0.81 0.50 -9.26
vt 0.81 0.51 -9.26
vt 0.81 0.52 -9.26
vt 0.81 0.54 -9.26
vt 0.81 0.53 -9.26
vt 0.81 0.55 -9.26
vt 0.80 0.55 -9.26
vt 0.80 0.56 -9.26
vt 0.79 0.57 -9.26
vt 0.79 0.58 -9.26
vt 0.78 0.58 -9.26
vt 0.78 0.59 -9.26
vt 0.77 0.60 -9.26
vt 0.77 0.59 -9.26
vt 0.76 0.60 -9.26
vt 0.75 0.61 -9.26
vt 0.74 0.62 -9.26
vt 0.74 0.61 -9.26
vt 0.73 0.62 -9.26
vt 0.72 0.62 -9.26
vt 0.71 0.62 -9.26
vt 0.70 0.62 -9.26
vt 0.69 0.62 -9.26
vt 0.68 0.62 -9.26
vt 0.67 0.62 -9.26
vt 0.65 0.62 -9.26
vt 0.66 0.62 -9.26
vt 0.64 0.62 -9.26
vt 0.64 0.61 -9.26
vt 0.63 0.61 -9.26
vt 0.62 0.60 -9.26
vt 0.61 0.60 -9.26
vt 0.61 0.59 -9.26
vt 0.60 0.59 -9.26
vt 0.59 0.58 -9.26
vt 0.60 0.58 -9.26
vt 0.59 0.57 -9.26
vt 0.58 0.56 -9.26
vt 0.57 0.55 -9.26
vt 0.58 0.55 -9.26
vt 0.57 0.54 -9.26
vt 0.57 0.53 -9.26
vt 0.57 0.52 -9.26
vt 0.57 0.51 -9.26
vt 0.57 0.50 -9.26
vt 0.57 0.49 -9.26
vt 0.57 0.48 -9.26
vt 0.57 0.46 -9.26
vt 0.57 0.47 -9.26
vt 0.57 0.45 -9.26
vt 0.58 0.45 -9.26
vt 0.58 0.44 -9.26
vt 0.59 0.43 -9.26
vt 0.59 0.42 -9.26
vt 0.60 0.42 -9.26
vt 0.60 0.41 -9.26
vt 0.61 0.40 -9.26
vt 0.61 0.41 -9.26
vt 0.62 0.40 -9.26
vt 0.63 0.39 -9.26
vt 0.64 0.38 -9.26
vt 0.64 0.39 -9.26
vt 0.65 0.38 -9.26
vt 0.66 0.38 -9.26
vt 0.67 0.38 -9.26
vt 0.68 0.38 -9.26
vt 0.69 0.38 -9.26
vt 0.70 0.38 -9.26
vt 0.71 0.38 -9.26
vt 0.73 0.38 -9.26
vt 0.72 0.38 -9.26
vt 0.74 0.38 -9.26
vt 0.74 0.39 -9.26
vt 0.75 0.39 -9.26
vt 0.76 0.40 -9.26
vt 0.77 0.40 -9.26
vt 0.77 0.41 -9.26
vt 0.78 0.41 -9.26
vt 0.79 0.42 -9.26
vt 0.78 0.42 -9.26
vt 0.79 0.43 -9.26
vt 0.80 0.44 -9.26
vt 0.81 0.45 -9.26
vt 0.80 0.45 -9.26
vt 0.81 0.46 -9.26
vt 0.81 0.47 -9.26
vt 0.81 0.48 -9.26
vt 0.81 0.49 -9.26
vt 0.50 -9.26 0.81
vt 0.49 -9.26 0.81
vt 0.49 -9.30 0.81
vt 0.50 -9.30 0.81
vt 0.51 -9.26 0.81
vt 0.51 -9.30 0.81
vt 0.52 -9.26 0.81
vt 0.52 -9.30 0.81
vt 0.53 -9.26 0.80
vt 0.53 -9.30 0.80
vt 0.55 -9.26 0.80
vt 0.55 -9.30 0.80
vt 0.56 -9.26 0.79
vt 0.56 -9.30 0.79
vt 0.57 -9.26 0.79
vt 0.57 -9.30 0.79
vt 0.57 -9.26 0.78
vt 0.57 -9.30 0.78
vt 0.58 -9.26 0.77
vt 0.58 -9.30 0.77
vt 0.24 -9.26 0.41
vt 0.23 -9.26 0.42
vt 0.23 -9.30 0.42
vt 0.24 -9.30 0.41
vt 0.24 -9.26 0.40
vt 0.24 -9.30 0.40
vt 0.25 -9.26 0.40
vt 0.25 -9.30 0.40
vt 0.26 -9.26 0.39
vt 0.26 -9.30 0.39
vt 0.28 -9.26 0.39
vt 0.28 -9.30 0.39
vt 0.29 -9.26 0.38
vt 0.29 -9.30 0.38
vt 0.30 -9.26 0.38
vt 0.30 -9.30 0.38
vt 0.31 -9.26 0.38
vt 0.31 -9.30 0.38
vt 0.32 -9.26 0.38
vt 0.32 -9.30 0.38
vt 0.33 -9.26 0.38
vt 0.33 -9.30 0.38
vt 0.34 -9.26 0.39
vt 0.34 -9.30 0.39
vt 0.36 -9.26 0.39
vt 0.36 -9.30 0.39
vt 0.37 -9.26 0.40
vt 0.37 -9.30 0.40
vt 0.38 -9.26 0.40
vt 0.38 -9.30 0.40
vt 0.38 -9.26 0.41
vt 0.38 -9.30 0.41
vt 0.39 -9.26 0.42
vt 0.39 -9.30 0.42
vt 0.43 -9.26 0.60
vt 0.42 -9.26 0.61
vt 0.42 -9.30 0.61
vt 0.43 -9.30 0.60
vt 0.43 -9.26 0.59
vt 0.43 -9.30 0.59
vt 0.44 -9.26 0.59
vt 0.44 -9.30 0.59
vt 0.45 -9.26 0.58
vt 0.45 -9.30 0.58
vt 0.47 -9.26 0.58
vt 0.47 -9.30 0.58
vt 0.48 -9.26 0.57
vt 0.48 -9.30 0.57
vt 0.49 -9.26 0.57
vt 0.49 -9.30 0.57
vt 0.50 -9.26 0.57
vt 0.50 -9.30 0.57
vt 0.51 -9.26 0.57
vt 0.51 -9.30 0.57
vt 0.52 -9.26 0.57
vt 0.52 -9.30 0.57
vt 0.53 -9.26 0.58
vt 0.53 -9.30 0.58
vt 0.55 -9.26 0.58
vt 0.55 -9.30 0.58
vt 0.56 -9.26 0.59
vt 0.56 -9.30 0.59
vt 0.57 -9.26 0.59
vt 0.57 -9.30 0.59
vt 0.57 -9.26 0.60
vt 0.57 -9.30 0.60
vt 0.58 -9.26 0.61
vt 0.58 -9.30 0.61
vt 0.62 -9.26 0.59
vt 0.61 -9.26 0.58
vt 0.61 -9.30 0.58
vt 0.62 -9.30 0.59
vt 0.62 -9.26 0.60
vt 0.62 -9.30 0.60
vt 0.63 -9.26 0.60
vt 0.63 -9.30 0.60
vt 0.64 -9.26 0.61
vt 0.64 -9.30 0.61
vt 0.66 -9.26 0.61
vt 0.66 -9.30 0.61
vt 0.67 -9.26 0.62
vt 0.67 -9.30 0.62
vt 0.68 -9.26 0.62
vt 0.68 -9.30 0.62
vt 0.69 -9.26 0.62
vt 0.69 -9.30 0.62
vt 0.70 -9.26 0.62
vt 0.70 -9.30 0.62
vt 0.71 -9.26 0.62
vt 0.71 -9.30 0.62
vt 0.72 -9.26 0.61
vt 0.72 -9.30 0.61
vt 0.74 -9.26 0.61
vt 0.74 -9.30 0.61
vt 0.75 -9.26 0.60
vt 0.75 -9.30 0.60
vt 0.76 -9.26 0.60
vt 0.76 -9.30 0.60
vt 0.76 -9.26 0.59
vt 0.76 -9.30 0.59
vt 0.77 -9.26 0.58
vt 0.77 -9.30 0.58
vt 0.43 -9.26 0.78
vt 0.42 -9.26 0.77
vt 0.42 -9.30 0.77
vt 0.43 -9.30 0.78
vt 0.43 -9.26 0.79
vt 0.43 -9.30 0.79
vt 0.44 -9.26 0.79
vt 0.44 -9.30 0.79
vt 0.45 -9.26 0.80
vt 0.45 -9.30 0.80
vt 0.47 -9.26 0.80
vt 0.47 -9.30 0.80
vt 0.48 -9.26 0.81
vt 0.48 -9.30 0.81
vt 0.52 -9.28 0.81
vt 0.23 -9.26 0.60
vt 0.22 -9.26 0.59
vt 0.22 -9.28 0.59
vt 0.23 -9.28 0.60
vt 0.24 -9.26 0.61
vt 0.24 -9.28 0.61
vt 0.25 -9.26 0.61
vt 0.25 -9.28 0.61
vt 0.26 -9.26 0.62
vt 0.26 -9.28 0.62
vt 0.27 -9.26 0.62
vt 0.27 -9.28 0.62
vt 0.29 -9.26 0.62
vt 0.29 -9.28 0.62
vt 0.30 -9.26 0.63
vt 0.30 -9.28 0.63
vt 0.31 -9.26 0.63
vt 0.31 -9.28 0.63
vt 0.32 -9.26 0.63
vt 0.32 -9.28 0.63
vt 0.33 -9.26 0.62
vt 0.33 -9.28 0.62
vt 0.35 -9.26 0.62
vt 0.35 -9.28 0.62
vt 0.36 -9.26 0.62
vt 0.36 -9.28 0.62
vt 0.37 -9.26 0.61
vt 0.37 -9.28 0.61
vt 0.38 -9.26 0.61
vt 0.38 -9.28 0.61
vt 0.39 -9.26 0.60
vt 0.39 -9.28 0.60
vt 0.40 -9.26 0.59
vt 0.40 -9.28 0.59
vt 0.48 -9.28 0.57
vt 0.52 -9.28 0.57
vt 0.61 -9.26 0.40
vt 0.60 -9.26 0.41
vt 0.60 -9.28 0.41
vt 0.61 -9.28 0.40
vt 0.62 -9.26 0.39
vt 0.62 -9.28 0.39
vt 0.63 -9.26 0.39
vt 0.63 -9.28 0.39
vt 0.64 -9.26 0.38
vt 0.64 -9.28 0.38
vt 0.65 -9.26 0.38
vt 0.65 -9.28 0.38
vt 0.67 -9.26 0.38
vt 0.67 -9.28 0.38
vt 0.68 -9.26 0.37
vt 0.68 -9.28 0.37
vt 0.69 -9.26 0.37
vt 0.69 -9.28 0.37
vt 0.70 -9.26 0.37
vt 0.70 -9.28 0.37
vt 0.71 -9.26 0.38
vt 0.71 -9.28 0.38
vt 0.73 -9.26 0.38
vt 0.73 -9.28 0.38
vt 0.74 -9.26 0.38
vt 0.74 -9.28 0.38
vt 0.75 -9.26 0.39
vt 0.75 -9.28 0.39
vt 0.76 -9.26 0.39
vt 0.76 -9.28 0.39
vt 0.77 -9.26 0.40
vt 0.77 -9.28 0.40
vt 0.78 -9.26 0.41
vt 0.78 -9.28 0.41
vt 0.48 -9.28 0.81
vt 0.80 0.47 -9.26
vt 0.77 0.42 -9.26
vt 0.72 0.39 -9.26
vt 0.66 0.39 -9.26
vt 0.61 0.42 -9.26
vt 0.58 0.47 -9.26
vt 0.58 0.53 -9.26
vt 0.61 0.58 -9.26
vt 0.66 0.61 -9.26
vt 0.72 0.61 -9.26
vt 0.77 0.58 -9.26
vt 0.80 0.53 -9.26
vt 0.82 0.50 -9.26
vt 0.82 0.51 -9.26
vt 0.70 0.63 -9.26
vt 0.69 0.63 -9.26
vt 0.68 0.63 -9.26
vt 0.56 0.51 -9.26
vt 0.56 0.50 -9.26
vt 0.56 0.49 -9.26
vt 0.68 0.37 -9.26
vt 0.69 0.37 -9.26
vt 0.70 0.37 -9.26
vt 0.82 0.49 -9.26
vt 0.79 0.44 -9.26
vt 0.58 -9.26 0.78
vt 0.23 -9.26 0.41
vt 0.75 0.40 -9.26
vt 0.63 0.40 -9.26
vt 0.39 -9.26 0.41
vt 0.42 -9.26 0.60
vt 0.59 0.44 -9.26
vt 0.59 0.56 -9.26
vt 0.58 -9.26 0.60
vt 0.61 -9.26 0.59
vt 0.63 0.60 -9.26
vt 0.75 0.60 -9.26
vt 0.77 -9.26 0.59
vt 0.42 -9.26 0.78
vt 0.79 0.56 -9.26
vt 0.80 0.57 -9.26
vt 0.76 0.61 -9.26
vt 0.62 0.61 -9.26
vt 0.58 0.57 -9.26
vt 0.58 0.43 -9.26
vt 0.62 0.39 -9.26
vt 0.76 0.39 -9.26
vt 0.80 0.43 -9.26
vt 0.50 -9.27 -1.40
vt 0.50 -9.27 -1.39
vt 0.50 -1.39 -9.30
vt 0.50 -1.38 -9.30
vt 0.50 -1.39 -9.29
vt 0.41 -9.28 -1.40
vt 0.41 -9.29 -1.40
vt 0.41 -9.29 -1.39
vt 0.41 -9.27 -1.40
vt 0.41 -9.27 -1.39
vt 0.31 -9.28 -1.39
vt 0.31 -9.29 -1.39
vt 0.31 -9.29 -1.38
vt 0.31 -9.27 -1.39
vt 0.31 -9.27 -1.38
vt 0.22 -9.28 -1.38
vt 0.22 -9.29 -1.38
vt 0.22 -9.29 -1.37
vt 0.22 -9.27 -1.38
vt 0.22 -9.27 -1.37
vt 0.13 -9.28 -1.36
vt 0.13 -9.29 -1.36
vt 0.13 -9.27 -1.36
vt 0.04 -9.28 -1.34
vt 0.04 -9.29 -1.34
vt 0.04 -9.27 -1.34
vt -0.05 -9.28 -1.32
vt -0.05 -9.29 -1.32
vt -0.05 -9.29 -1.31
vt -0.05 -9.27 -1.32
vt -0.05 -9.27 -1.31
vt -0.14 -9.28 -1.29
vt -0.14 -9.29 -1.29
vt -0.14 -9.29 -1.28
vt -0.14 -9.27 -1.29
vt -0.14 -9.27 -1.28
vt -0.23 -9.28 -1.26
vt -0.23 -9.29 -1.25
vt -0.22 -9.29 -1.25
vt -0.23 -9.27 -1.25
vt -0.22 -9.27 -1.25
vt -0.31 -9.28 -1.22
vt -0.31 -9.29 -1.22
vt -0.31 -9.29 -1.21
vt -0.31 -9.27 -1.22
vt -0.31 -9.27 -1.21
vt -0.40 -9.28 -1.18
vt -0.39 -9.29 -1.17
vt -0.39 -9.27 -1.17
vt -0.48 -9.28 -1.13
vt -0.48 -9.29 -1.13
vt -0.47 -9.29 -1.12
vt -0.48 -9.27 -1.13
vt -0.47 -9.27 -1.12
vt -0.56 -9.28 -1.08
vt -0.55 -9.29 -1.08
vt -0.55 -9.29 -1.07
vt -0.55 -9.27 -1.08
vt -0.55 -9.27 -1.07
vt -0.63 -9.28 -1.03
vt -0.63 -9.29 -1.02
vt -0.63 -9.27 -1.02
vt -0.71 -9.28 -0.97
vt -0.70 -9.29 -0.97
vt -0.70 -9.29 -0.96
vt -0.70 -9.27 -0.97
vt -0.70 -9.27 -0.96
vt -0.78 -9.28 -0.91
vt -0.77 -9.29 -0.91
vt -0.77 -9.29 -0.90
vt -0.77 -9.27 -0.91
vt -0.77 -9.27 -0.90
vt -0.84 -9.28 -0.84
vt -0.84 -9.29 -0.84
vt -0.84 -9.27 -0.84
vt 2.39 0.41 -9.30
vt 2.38 0.41 -9.30
vt 2.37 0.32 -9.30
vt 2.38 0.31 -9.30
vt 2.39 0.41 -9.29
vt 2.38 0.31 -9.29
vt 2.36 0.22 -9.30
vt 2.37 0.22 -9.30
vt 2.37 0.22 -9.29
vt 2.34 0.13 -9.30
vt 2.35 0.13 -9.30
vt 2.36 0.13 -9.29
vt 2.32 0.04 -9.30
vt 2.33 0.04 -9.30
vt 2.34 0.04 -9.29
vt 2.30 -0.05 -9.30
vt 2.31 -0.05 -9.30
vt 2.31 -0.05 -9.29
vt 2.27 -0.13 -9.30
vt 2.28 -0.14 -9.30
vt 2.28 -0.14 -9.29
vt 2.24 -0.22 -9.30
vt 2.25 -0.22 -9.29
vt 2.20 -0.30 -9.30
vt 2.21 -0.31 -9.30
vt 2.21 -0.31 -9.29
vt 2.16 -0.39 -9.30
vt 2.17 -0.39 -9.30
vt 2.17 -0.39 -9.29
vt 2.11 -0.47 -9.30
vt 2.12 -0.47 -9.30
vt 2.12 -0.47 -9.29
vt 2.06 -0.54 -9.30
vt 2.07 -0.55 -9.30
vt 2.07 -0.55 -9.29
vt 2.01 -0.62 -9.30
vt 2.02 -0.62 -9.30
vt 2.02 -0.63 -9.29
vt 1.95 -0.69 -9.30
vt 1.96 -0.70 -9.30
vt 1.96 -0.70 -9.29
vt 1.89 -0.76 -9.30
vt 1.90 -0.77 -9.30
vt 1.90 -0.77 -9.29
vt 1.83 -0.83 -9.30
vt 1.84 -0.84 -9.30
vt 1.84 -0.84 -9.29
vt 1.76 -0.89 -9.30
vt 1.77 -0.90 -9.30
vt 1.77 -0.90 -9.29
vt 1.69 -0.95 -9.30
vt 1.70 -0.96 -9.30
vt 1.70 -0.96 -9.29
vt 1.62 -1.01 -9.30
vt 1.62 -1.02 -9.30
vt 1.63 -1.02 -9.29
vt 1.54 -1.06 -9.30
vt 1.55 -1.07 -9.30
vt 1.55 -1.07 -9.29
vt 1.47 -1.11 -9.30
vt 1.47 -1.12 -9.30
vt 1.47 -1.12 -9.29
vt 1.39 -1.16 -9.30
vt 1.39 -1.17 -9.30
vt 1.39 -1.17 -9.29
vt 1.30 -1.20 -9.30
vt 1.31 -1.21 -9.30
vt 1.31 -1.21 -9.29
vt 1.22 -1.24 -9.30
vt 1.22 -1.25 -9.29
vt 1.13 -1.27 -9.30
vt 1.14 -1.28 -9.30
vt 1.14 -1.28 -9.29
vt 1.05 -1.30 -9.30
vt 1.05 -1.31 -9.30
vt 1.05 -1.31 -9.29
vt 0.96 -1.32 -9.30
vt 0.96 -1.33 -9.30
vt 0.96 -1.34 -9.29
vt 0.87 -1.34 -9.30
vt 0.87 -1.35 -9.30
vt 0.87 -1.36 -9.29
vt 0.78 -1.36 -9.30
vt 0.78 -1.37 -9.30
vt 0.78 -1.37 -9.29
vt 0.68 -1.37 -9.30
vt 0.69 -1.38 -9.30
vt 0.69 -1.38 -9.29
vt 0.59 -1.38 -9.30
vt 0.59 -1.39 -9.30
vt 0.59 -1.39 -9.29
vt 0.59 2.38 -9.30
vt 0.59 2.39 -9.30
vt 0.59 2.39 -9.29
vt 0.68 2.37 -9.30
vt 0.69 2.38 -9.30
vt 0.69 2.38 -9.29
vt 0.78 2.36 -9.30
vt 0.78 2.37 -9.30
vt 0.78 2.37 -9.29
vt 0.87 2.34 -9.30
vt 0.87 2.35 -9.30
vt 0.87 2.36 -9.29
vt 0.96 2.32 -9.30
vt 0.96 2.33 -9.30
vt 0.96 2.34 -9.29
vt 1.05 2.30 -9.30
vt 1.05 2.31 -9.30
vt 1.05 2.31 -9.29
vt 1.13 2.27 -9.30
vt 1.14 2.28 -9.30
vt 1.14 2.28 -9.29
vt 1.22 2.24 -9.30
vt 1.22 2.25 -9.29
vt 1.30 2.20 -9.30
vt 1.31 2.21 -9.30
vt 1.31 2.21 -9.29
vt 1.39 2.16 -9.30
vt 1.39 2.17 -9.30
vt 1.39 2.17 -9.29
vt 1.47 2.11 -9.30
vt 1.47 2.12 -9.30
vt 1.47 2.12 -9.29
vt 1.54 2.06 -9.30
vt 1.55 2.07 -9.30
vt 1.55 2.07 -9.29
vt 1.62 2.01 -9.30
vt 1.62 2.02 -9.30
vt 1.63 2.02 -9.29
vt 1.69 1.95 -9.30
vt 1.70 1.96 -9.30
vt 1.70 1.96 -9.29
vt 1.76 1.89 -9.30
vt 1.77 1.90 -9.30
vt 1.77 1.90 -9.29
vt 1.83 1.83 -9.30
vt 1.84 1.84 -9.30
vt 1.84 1.84 -9.29
vt 1.89 1.76 -9.30
vt 1.90 1.77 -9.30
vt 1.90 1.77 -9.29
vt 1.95 1.69 -9.30
vt 1.96 1.70 -9.30
vt 1.96 1.70 -9.29
vt 2.01 1.62 -9.30
vt 2.02 1.62 -9.30
vt 2.02 1.63 -9.29
vt 2.06 1.54 -9.30
vt 2.07 1.55 -9.30
vt 2.07 1.55 -9.29
vt 2.11 1.47 -9.30
vt 2.12 1.47 -9.30
vt 2.12 1.47 -9.29
vt 2.16 1.39 -9.30
vt 2.17 1.39 -9.30
vt 2.17 1.39 -9.29
vt 2.20 1.30 -9.30
vt 2.21 1.31 -9.30
vt 2.21 1.31 -9.29
vt 2.24 1.22 -9.30
vt 2.25 1.22 -9.29
vt 2.27 1.13 -9.30
vt 2.28 1.14 -9.30
vt 2.28 1.14 -9.29
vt 2.30 1.05 -9.30
vt 2.31 1.05 -9.30
vt 2.31 1.05 -9.29
vt 2.32 0.96 -9.30
vt 2.33 0.96 -9.30
vt 2.34 0.96 -9.29
vt 2.34 0.87 -9.30
vt 2.35 0.87 -9.30
vt 2.36 0.87 -9.29
vt 2.36 0.78 -9.30
vt 2.37 0.78 -9.30
vt 2.37 0.78 -9.29
vt 2.37 0.68 -9.30
vt 2.38 0.69 -9.30
vt 2.38 0.69 -9.29
vt 2.38 0.59 -9.30
vt 2.39 0.59 -9.30
vt 2.39 0.59 -9.29
vt 2.38 0.50 -9.30
vt 2.39 0.50 -9.30
vt 2.39 0.50 -9.29
vt -1.39 0.50 -9.26
vt -1.38 0.50 -9.26
vt -1.38 0.59 -9.26
vt -1.39 0.59 -9.26
vt -1.39 0.50 -9.27
vt -1.39 0.59 -9.27
vt -1.37 0.68 -9.26
vt -1.38 0.69 -9.26
vt -1.38 0.69 -9.27
vt -1.36 0.78 -9.26
vt -1.37 0.78 -9.26
vt -1.37 0.78 -9.27
vt -1.34 0.87 -9.26
vt -1.35 0.87 -9.26
vt -1.36 0.87 -9.27
vt -1.32 0.96 -9.26
vt -1.33 0.96 -9.26
vt -1.34 0.96 -9.27
vt -1.30 1.05 -9.26
vt -1.31 1.05 -9.26
vt -1.31 1.05 -9.27
vt -1.27 1.13 -9.26
vt -1.28 1.14 -9.26
vt -1.28 1.14 -9.27
vt -1.24 1.22 -9.26
vt -1.25 1.22 -9.27
vt -1.20 1.30 -9.26
vt -1.21 1.31 -9.26
vt -1.21 1.31 -9.27
vt -1.16 1.39 -9.26
vt -1.17 1.39 -9.26
vt -1.17 1.39 -9.27
vt -1.11 1.47 -9.26
vt -1.12 1.47 -9.26
vt -1.12 1.47 -9.27
vt -1.06 1.54 -9.26
vt -1.07 1.55 -9.26
vt -1.07 1.55 -9.27
vt -1.01 1.62 -9.26
vt -1.02 1.62 -9.26
vt -1.02 1.63 -9.27
vt -0.95 1.69 -9.26
vt -0.96 1.70 -9.26
vt -0.96 1.70 -9.27
vt -0.89 1.76 -9.26
vt -0.90 1.77 -9.26
vt -0.90 1.77 -9.27
vt -0.83 1.83 -9.26
vt -0.84 1.84 -9.26
vt -0.84 1.84 -9.27
vt -0.76 1.89 -9.26
vt -0.77 1.90 -9.26
vt -0.77 1.90 -9.27
vt -0.69 1.95 -9.26
vt -0.70 1.96 -9.26
vt -0.70 1.96 -9.27
vt -0.62 2.01 -9.26
vt -0.62 2.02 -9.26
vt -0.63 2.02 -9.27
vt -0.54 2.06 -9.26
vt -0.55 2.07 -9.26
vt -0.55 2.07 -9.27
vt -0.47 2.11 -9.26
vt -0.47 2.12 -9.26
vt -0.47 2.12 -9.27
vt -0.39 2.16 -9.26
vt -0.39 2.17 -9.26
vt -0.39 2.17 -9.27
vt -0.30 2.20 -9.26
vt -0.31 2.21 -9.26
vt -0.31 2.21 -9.27
vt -0.22 2.24 -9.26
vt -0.22 2.25 -9.27
vt -0.13 2.27 -9.26
vt -0.14 2.28 -9.26
vt -0.14 2.28 -9.27
vt -0.05 2.30 -9.26
vt -0.05 2.31 -9.26
vt -0.05 2.31 -9.27
vt 0.04 2.32 -9.26
vt 0.04 2.33 -9.26
vt 0.04 2.34 -9.27
vt 0.13 2.34 -9.26
vt 0.13 2.35 -9.26
vt 0.13 2.36 -9.27
vt 0.22 2.36 -9.26
vt 0.22 2.37 -9.26
vt 0.22 2.37 -9.27
vt 0.32 2.37 -9.26
vt 0.31 2.38 -9.26
vt 0.31 2.38 -9.27
vt 0.41 2.38 -9.26
vt 0.41 2.39 -9.26
vt 0.41 2.39 -9.27
vt 0.41 -1.39 -9.26
vt 0.41 -1.38 -9.26
vt 0.41 -1.39 -9.27
vt 0.32 -1.37 -9.26
vt 0.31 -1.38 -9.26
vt 0.31 -1.38 -9.27
vt 0.22 -1.36 -9.26
vt 0.22 -1.37 -9.26
vt 0.22 -1.37 -9.27
vt 0.13 -1.34 -9.26
vt 0.13 -1.35 -9.26
vt 0.13 -1.36 -9.27
vt 0.04 -1.32 -9.26
vt 0.04 -1.33 -9.26
vt 0.04 -1.34 -9.27
vt -0.05 -1.30 -9.26
vt -0.05 -1.31 -9.26
vt -0.05 -1.31 -9.27
vt -0.13 -1.27 -9.26
vt -0.14 -1.28 -9.26
vt -0.14 -1.28 -9.27
vt -0.22 -1.24 -9.26
vt -0.22 -1.25 -9.27
vt -0.30 -1.20 -9.26
vt -0.31 -1.21 -9.26
vt -0.31 -1.21 -9.27
vt -0.39 -1.16 -9.26
vt -0.39 -1.17 -9.26
vt -0.39 -1.17 -9.27
vt -0.47 -1.11 -9.26
vt -0.47 -1.12 -9.26
vt -0.47 -1.12 -9.27
vt -0.54 -1.06 -9.26
vt -0.55 -1.07 -9.26
vt -0.55 -1.07 -9.27
vt -0.62 -1.01 -9.26
vt -0.62 -1.02 -9.26
vt -0.63 -1.02 -9.27
vt -0.69 -0.95 -9.26
vt -0.70 -0.96 -9.26
vt -0.70 -0.96 -9.27
vt -0.76 -0.89 -9.26
vt -0.77 -0.90 -9.26
vt -0.77 -0.90 -9.27
vt -0.83 -0.83 -9.26
vt -0.84 -0.84 -9.26
vt -0.84 -0.84 -9.27
vt -0.89 -0.76 -9.26
vt -0.90 -0.77 -9.26
vt -0.90 -0.77 -9.27
vt -0.95 -0.69 -9.26
vt -0.96 -0.70 -9.26
vt -0.96 -0.70 -9.27
vt -1.01 -0.62 -9.26
vt -1.02 -0.62 -9.26
vt -1.02 -0.63 -9.27
vt -1.06 -0.54 -9.26
vt -1.07 -0.55 -9.26
vt -1.07 -0.55 -9.27
vt -1.11 -0.47 -9.26
vt -1.12 -0.47 -9.26
vt -1.12 -0.47 -9.27
vt -1.16 -0.39 -9.26
vt -1.17 -0.39 -9.26
vt -1.17 -0.39 -9.27
vt -1.20 -0.30 -9.26
vt -1.21 -0.31 -9.26
vt -1.21 -0.31 -9.27
vt -1.24 -0.22 -9.26
vt -1.25 -0.22 -9.27
vt -1.27 -0.13 -9.26
vt -1.28 -0.14 -9.26
vt -1.28 -0.14 -9.27
vt -1.30 -0.05 -9.26
vt -1.31 -0.05 -9.26
vt -1.31 -0.05 -9.27
vt -1.32 0.04 -9.26
vt -1.33 0.04 -9.26
vt -1.34 0.04 -9.27
vt -1.34 0.13 -9.26
vt -1.35 0.13 -9.26
vt -1.36 0.13 -9.27
vt -1.36 0.22 -9.26
vt -1.37 0.22 -9.26
vt -1.37 0.22 -9.27
vt -1.37 0.32 -9.26
vt -1.38 0.31 -9.26
vt -1.38 0.31 -9.27
vt -1.38 0.41 -9.26
vt -1.39 0.41 -9.26
vt -1.39 0.41 -9.27
vt -1.35 0.77 -9.26
vt -1.36 0.68 -9.26
vt -1.37 0.59 -9.26
vt -1.37 0.50 -9.26
vt 0.17 0.50 -9.26
vt 0.17 0.51 -9.26
vt 0.17 0.53 -9.26
vt 0.18 0.54 -9.26
vt 0.18 0.55 -9.26
vt 0.45 0.51 -9.26
vt 0.45 0.50 -9.26
vt 0.45 0.53 -9.26
vt 0.44 0.54 -9.26
vt 0.44 0.55 -9.26
vt 0.43 0.57 -9.26
vt 0.43 0.58 -9.26
vt 0.42 0.59 -9.26
vt 0.41 0.60 -9.26
vt 0.41 2.37 -9.26
vt 0.32 2.36 -9.26
vt 0.23 2.35 -9.26
vt 0.14 2.33 -9.26
vt 0.05 2.31 -9.26
vt -0.04 2.29 -9.26
vt -0.13 2.26 -9.26
vt -0.22 2.23 -9.26
vt -0.30 2.19 -9.26
vt -0.38 2.15 -9.26
vt -0.46 2.10 -9.26
vt -0.54 2.05 -9.26
vt -0.61 2.00 -9.26
vt 0.40 0.61 -9.26
vt 0.39 0.62 -9.26
vt 0.38 0.62 -9.26
vt 0.36 0.63 -9.26
vt 0.35 0.63 -9.26
vt 0.34 0.64 -9.26
vt 0.32 0.64 -9.26
vt 0.31 0.64 -9.26
vt 0.30 0.64 -9.26
vt 0.28 0.64 -9.26
vt 0.27 0.63 -9.26
vt 0.26 0.63 -9.26
vt 0.24 0.62 -9.26
vt 0.23 0.62 -9.26
vt 0.22 0.61 -9.26
vt 0.21 0.60 -9.26
vt 0.20 0.59 -9.26
vt 0.19 0.58 -9.26
vt 0.19 0.57 -9.26
vt -0.82 1.82 -9.26
vt -1.00 1.61 -9.26
vt -1.05 1.54 -9.26
vt -1.10 1.46 -9.26
vt -1.15 1.38 -9.26
vt -1.19 1.30 -9.26
vt -1.23 1.22 -9.26
vt -1.26 1.13 -9.26
vt -1.29 1.04 -9.26
vt -1.31 0.95 -9.26
vt -1.33 0.86 -9.26
vt 0.55 0.50 -9.30
vt 0.55 0.51 -9.30
vt 0.55 0.53 -9.30
vt 0.56 0.54 -9.30
vt 0.56 0.55 -9.30
vt 0.57 0.57 -9.30
vt 0.57 0.58 -9.30
vt 0.58 0.59 -9.30
vt 0.59 0.60 -9.30
vt 0.60 0.61 -9.30
vt 0.61 0.62 -9.30
vt 0.62 0.62 -9.30
vt 0.64 0.63 -9.30
vt 0.65 0.63 -9.30
vt 0.66 0.64 -9.30
vt 0.68 0.64 -9.30
vt 0.69 0.64 -9.30
vt 0.70 0.64 -9.30
vt 0.83 0.51 -9.30
vt 0.83 0.50 -9.30
vt 2.37 0.50 -9.30
vt 0.83 0.53 -9.30
vt 0.82 0.54 -9.30
vt 0.82 0.55 -9.30
vt 0.81 0.57 -9.30
vt 0.81 0.58 -9.30
vt 0.80 0.59 -9.30
vt 0.79 0.60 -9.30
vt 0.78 0.61 -9.30
vt 0.77 0.62 -9.30
vt 0.76 0.62 -9.30
vt 0.74 0.63 -9.30
vt 0.73 0.63 -9.30
vt 0.72 0.64 -9.30
vt 2.37 0.59 -9.30
vt 2.36 0.68 -9.30
vt 2.35 0.77 -9.30
vt 2.33 0.86 -9.30
vt 2.31 0.95 -9.30
vt 2.29 1.04 -9.30
vt 2.26 1.13 -9.30
vt 2.23 1.22 -9.30
vt 2.19 1.30 -9.30
vt 2.15 1.38 -9.30
vt 2.10 1.46 -9.30
vt 2.05 1.54 -9.30
vt 2.00 1.61 -9.30
vt 1.82 1.82 -9.30
vt 1.61 2.00 -9.30
vt 1.54 2.05 -9.30
vt 1.46 2.10 -9.30
vt 1.38 2.15 -9.30
vt 1.30 2.19 -9.30
vt 1.22 2.23 -9.30
vt 1.13 2.26 -9.30
vt 1.04 2.29 -9.30
vt 0.95 2.31 -9.30
vt 0.86 2.33 -9.30
vt 0.77 2.35 -9.30
vt 0.68 2.36 -9.30
vt 0.59 2.37 -9.30
vt 0.51 -9.28 0.18
vt 0.51 -9.26 0.18
vt 0.50 -9.26 0.18
vt 0.50 -9.28 0.18
vt 0.53 -9.28 0.18
vt 0.53 -9.26 0.18
vt 0.54 -9.28 0.19
vt 0.54 -9.26 0.19
vt 0.55 -9.28 0.19
vt 0.55 -9.26 0.19
vt 0.56 -9.28 0.20
vt 0.56 -9.26 0.20
vt 0.57 -9.28 0.20
vt 0.57 -9.26 0.20
vt 0.58 -9.28 0.21
vt 0.58 -9.26 0.21
vt 0.59 -9.28 0.22
vt 0.59 -9.26 0.22
vt 0.28 -9.28 0.63
vt 0.28 -9.26 0.63
vt 0.34 -9.28 0.63
vt 0.34 -9.26 0.63
vt 0.42 -9.28 0.41
vt 0.42 -9.26 0.41
vt 0.41 -9.26 0.40
vt 0.41 -9.28 0.40
vt 0.43 -9.28 0.42
vt 0.43 -9.26 0.42
vt 0.44 -9.28 0.42
vt 0.44 -9.26 0.42
vt 0.45 -9.28 0.43
vt 0.45 -9.26 0.43
vt 0.46 -9.28 0.43
vt 0.46 -9.26 0.43
vt 0.47 -9.28 0.44
vt 0.47 -9.26 0.44
vt 0.49 -9.28 0.44
vt 0.49 -9.26 0.44
vt 0.50 -9.28 0.44
vt 0.50 -9.26 0.44
vt 0.51 -9.28 0.44
vt 0.51 -9.26 0.44
vt 0.53 -9.28 0.44
vt 0.53 -9.26 0.44
vt 0.54 -9.28 0.43
vt 0.54 -9.26 0.43
vt 0.55 -9.28 0.43
vt 0.55 -9.26 0.43
vt 0.56 -9.28 0.42
vt 0.56 -9.26 0.42
vt 0.57 -9.28 0.42
vt 0.57 -9.26 0.42
vt 0.58 -9.28 0.41
vt 0.58 -9.26 0.41
vt 0.59 -9.28 0.40
vt 0.59 -9.26 0.40
vt 0.66 -9.28 0.37
vt 0.66 -9.26 0.37
vt 0.72 -9.28 0.37
vt 0.72 -9.26 0.37
vt 0.42 -9.28 0.21
vt 0.42 -9.26 0.21
vt 0.41 -9.26 0.22
vt 0.41 -9.28 0.22
vt 0.43 -9.28 0.20
vt 0.43 -9.26 0.20
vt 0.44 -9.28 0.20
vt 0.44 -9.26 0.20
vt 0.45 -9.28 0.19
vt 0.45 -9.26 0.19
vt 0.46 -9.28 0.19
vt 0.46 -9.26 0.19
vt 0.47 -9.28 0.18
vt 0.47 -9.26 0.18
vt 0.49 -9.28 0.18
vt 0.49 -9.26 0.18
vt 0.18 0.50 -9.28
vt 0.18 0.51 -9.28
vt 0.19 0.52 -9.28
vt 0.18 0.53 -9.28
vt 0.19 0.54 -9.28
vt 0.19 0.55 -9.28
vt 0.20 0.56 -9.28
vt 0.20 0.57 -9.28
vt 0.21 0.58 -9.28
vt 0.22 0.59 -9.28
vt 0.23 0.60 -9.28
vt 0.24 0.61 -9.28
vt 0.25 0.61 -9.28
vt 0.26 0.62 -9.28
vt 0.27 0.62 -9.28
vt 0.29 0.62 -9.28
vt 0.28 0.63 -9.28
vt 0.30 0.63 -9.28
vt 0.31 0.63 -9.28
vt 0.32 0.63 -9.28
vt 0.33 0.62 -9.28
vt 0.34 0.63 -9.28
vt 0.35 0.62 -9.28
vt 0.36 0.62 -9.28
vt 0.37 0.61 -9.28
vt 0.38 0.61 -9.28
vt 0.39 0.60 -9.28
vt 0.40 0.59 -9.28
vt 0.41 0.58 -9.28
vt 0.42 0.57 -9.28
vt 0.42 0.56 -9.28
vt 0.43 0.55 -9.28
vt 0.43 0.54 -9.28
vt 0.43 0.52 -9.28
vt 0.44 0.53 -9.28
vt 0.44 0.51 -9.28
vt 0.44 0.50 -9.28
vt 0.44 0.49 -9.28
vt 0.43 0.48 -9.28
vt 0.44 0.47 -9.28
vt 0.43 0.46 -9.28
vt 0.43 0.45 -9.28
vt 0.42 0.44 -9.28
vt 0.42 0.43 -9.28
vt 0.41 0.42 -9.28
vt 0.40 0.41 -9.28
vt 0.39 0.40 -9.28
vt 0.38 0.39 -9.28
vt 0.37 0.39 -9.28
vt 0.36 0.38 -9.28
vt 0.35 0.38 -9.28
vt 0.33 0.38 -9.28
vt 0.34 0.37 -9.28
vt 0.32 0.37 -9.28
vt 0.31 0.37 -9.28
vt 0.30 0.37 -9.28
vt 0.29 0.38 -9.28
vt 0.28 0.37 -9.28
vt 0.27 0.38 -9.28
vt 0.26 0.38 -9.28
vt 0.25 0.39 -9.28
vt 0.24 0.39 -9.28
vt 0.23 0.40 -9.28
vt 0.22 0.41 -9.28
vt 0.21 0.42 -9.28
vt 0.20 0.43 -9.28
vt 0.20 0.44 -9.28
vt 0.19 0.45 -9.28
vt 0.19 0.46 -9.28
vt 0.19 0.48 -9.28
vt 0.18 0.47 -9.28
vt 0.18 0.49 -9.28
vt 0.19 0.50 -9.26
vt 0.19 0.51 -9.26
vt 0.19 0.52 -9.26
vt 0.19 0.53 -9.26
vt 0.19 0.54 -9.26
vt 0.20 0.55 -9.26
vt 0.19 0.55 -9.26
vt 0.20 0.56 -9.26
vt 0.21 0.57 -9.26
vt 0.22 0.58 -9.26
vt 0.21 0.58 -9.26
vt 0.22 0.59 -9.26
vt 0.23 0.59 -9.26
vt 0.23 0.60 -9.26
vt 0.24 0.60 -9.26
vt 0.25 0.61 -9.26
vt 0.26 0.61 -9.26
vt 0.26 0.62 -9.26
vt 0.28 0.62 -9.26
vt 0.27 0.62 -9.26
vt 0.29 0.62 -9.26
vt 0.30 0.62 -9.26
vt 0.31 0.62 -9.26
vt 0.32 0.62 -9.26
vt 0.33 0.62 -9.26
vt 0.34 0.62 -9.26
vt 0.35 0.62 -9.26
vt 0.36 0.61 -9.26
vt 0.36 0.62 -9.26
vt 0.37 0.61 -9.26
vt 0.38 0.60 -9.26
vt 0.39 0.59 -9.26
vt 0.39 0.60 -9.26
vt 0.40 0.59 -9.26
vt 0.40 0.58 -9.26
vt 0.41 0.58 -9.26
vt 0.41 0.57 -9.26
vt 0.42 0.56 -9.26
vt 0.42 0.55 -9.26
vt 0.43 0.55 -9.26
vt 0.43 0.53 -9.26
vt 0.43 0.54 -9.26
vt 0.43 0.52 -9.26
vt 0.43 0.51 -9.26
vt 0.43 0.50 -9.26
vt 0.43 0.49 -9.26
vt 0.43 0.48 -9.26
vt 0.43 0.47 -9.26
vt 0.43 0.46 -9.26
vt 0.42 0.45 -9.26
vt 0.43 0.45 -9.26
vt 0.42 0.44 -9.26
vt 0.41 0.43 -9.26
vt 0.40 0.42 -9.26
vt 0.41 0.42 -9.26
vt 0.40 0.41 -9.26
vt 0.39 0.41 -9.26
vt 0.39 0.40 -9.26
vt 0.38 0.40 -9.26
vt 0.37 0.39 -9.26
vt 0.36 0.39 -9.26
vt 0.36 0.38 -9.26
vt 0.34 0.38 -9.26
vt 0.35 0.38 -9.26
vt 0.33 0.38 -9.26
vt 0.32 0.38 -9.26
vt 0.31 0.38 -9.26
vt 0.30 0.38 -9.26
vt 0.29 0.38 -9.26
vt 0.28 0.38 -9.26
vt 0.27 0.38 -9.26
vt 0.26 0.39 -9.26
vt 0.26 0.38 -9.26
vt 0.25 0.39 -9.26
vt 0.24 0.40 -9.26
vt 0.23 0.41 -9.26
vt 0.23 0.40 -9.26
vt 0.22 0.41 -9.26
vt 0.22 0.42 -9.26
vt 0.21 0.42 -9.26
vt 0.21 0.43 -9.26
vt 0.20 0.44 -9.26
vt 0.20 0.45 -9.26
vt 0.19 0.45 -9.26
vt 0.19 0.47 -9.26
vt 0.19 0.46 -9.26
vt 0.19 0.48 -9.26
vt 0.19 0.49 -9.26
vt 0.50 -9.26 0.19
vt 0.50 -9.30 0.19
vt 0.51 -9.30 0.19
vt 0.51 -9.26 0.19
vt 0.49 -9.26 0.19
vt 0.49 -9.30 0.19
vt 0.48 -9.26 0.19
vt 0.48 -9.30 0.19
vt 0.47 -9.26 0.20
vt 0.47 -9.30 0.20
vt 0.45 -9.26 0.20
vt 0.45 -9.30 0.20
vt 0.44 -9.26 0.21
vt 0.44 -9.30 0.21
vt 0.43 -9.26 0.21
vt 0.43 -9.30 0.21
vt 0.43 -9.26 0.22
vt 0.43 -9.30 0.22
vt 0.42 -9.26 0.23
vt 0.42 -9.30 0.23
vt 0.76 -9.26 0.41
vt 0.76 -9.30 0.41
vt 0.77 -9.30 0.42
vt 0.77 -9.26 0.42
vt 0.76 -9.26 0.40
vt 0.76 -9.30 0.40
vt 0.75 -9.26 0.40
vt 0.75 -9.30 0.40
vt 0.74 -9.26 0.39
vt 0.74 -9.30 0.39
vt 0.72 -9.26 0.39
vt 0.72 -9.30 0.39
vt 0.71 -9.30 0.38
vt 0.70 -9.26 0.38
vt 0.70 -9.30 0.38
vt 0.69 -9.26 0.38
vt 0.69 -9.30 0.38
vt 0.68 -9.26 0.38
vt 0.68 -9.30 0.38
vt 0.67 -9.30 0.38
vt 0.66 -9.26 0.39
vt 0.66 -9.30 0.39
vt 0.64 -9.26 0.39
vt 0.64 -9.30 0.39
vt 0.63 -9.26 0.40
vt 0.63 -9.30 0.40
vt 0.62 -9.26 0.40
vt 0.62 -9.30 0.40
vt 0.62 -9.26 0.41
vt 0.62 -9.30 0.41
vt 0.61 -9.26 0.42
vt 0.61 -9.30 0.42
vt 0.57 -9.26 0.40
vt 0.57 -9.30 0.40
vt 0.58 -9.30 0.39
vt 0.58 -9.26 0.39
vt 0.57 -9.26 0.41
vt 0.57 -9.30 0.41
vt 0.56 -9.26 0.41
vt 0.56 -9.30 0.41
vt 0.55 -9.26 0.42
vt 0.55 -9.30 0.42
vt 0.53 -9.26 0.42
vt 0.53 -9.30 0.42
vt 0.52 -9.26 0.43
vt 0.52 -9.30 0.43
vt 0.51 -9.26 0.43
vt 0.51 -9.30 0.43
vt 0.50 -9.26 0.43
vt 0.50 -9.30 0.43
vt 0.49 -9.26 0.43
vt 0.49 -9.30 0.43
vt 0.48 -9.26 0.43
vt 0.48 -9.30 0.43
vt 0.47 -9.26 0.42
vt 0.47 -9.30 0.42
vt 0.45 -9.26 0.42
vt 0.45 -9.30 0.42
vt 0.44 -9.26 0.41
vt 0.44 -9.30 0.41
vt 0.43 -9.26 0.41
vt 0.43 -9.30 0.41
vt 0.43 -9.26 0.40
vt 0.43 -9.30 0.40
vt 0.42 -9.26 0.39
vt 0.42 -9.30 0.39
vt 0.38 -9.26 0.59
vt 0.38 -9.30 0.59
vt 0.39 -9.30 0.58
vt 0.39 -9.26 0.58
vt 0.38 -9.26 0.60
vt 0.38 -9.30 0.60
vt 0.37 -9.26 0.60
vt 0.37 -9.30 0.60
vt 0.36 -9.26 0.61
vt 0.36 -9.30 0.61
vt 0.34 -9.26 0.61
vt 0.34 -9.30 0.61
vt 0.33 -9.30 0.62
vt 0.32 -9.26 0.62
vt 0.32 -9.30 0.62
vt 0.31 -9.26 0.62
vt 0.31 -9.30 0.62
vt 0.30 -9.26 0.62
vt 0.30 -9.30 0.62
vt 0.29 -9.30 0.62
vt 0.28 -9.26 0.61
vt 0.28 -9.30 0.61
vt 0.26 -9.26 0.61
vt 0.26 -9.30 0.61
vt 0.25 -9.26 0.60
vt 0.25 -9.30 0.60
vt 0.24 -9.26 0.60
vt 0.24 -9.30 0.60
vt 0.24 -9.26 0.59
vt 0.24 -9.30 0.59
vt 0.23 -9.26 0.58
vt 0.23 -9.30 0.58
vt 0.57 -9.26 0.22
vt 0.57 -9.30 0.22
vt 0.58 -9.30 0.23
vt 0.58 -9.26 0.23
vt 0.57 -9.26 0.21
vt 0.57 -9.30 0.21
vt 0.56 -9.26 0.21
vt 0.56 -9.30 0.21
vt 0.55 -9.26 0.20
vt 0.55 -9.30 0.20
vt 0.53 -9.26 0.20
vt 0.53 -9.30 0.20
vt 0.52 -9.26 0.19
vt 0.52 -9.30 0.19
vt 0.48 -9.28 0.19
vt 0.71 -9.28 0.62
vt 0.67 -9.28 0.62
vt 0.52 -9.28 0.43
vt 0.48 -9.28 0.43
vt 0.33 -9.28 0.38
vt 0.29 -9.28 0.38
vt 0.52 -9.28 0.19
vt 0.20 0.47 -9.26
vt 0.23 0.42 -9.26
vt 0.28 0.39 -9.26
vt 0.34 0.39 -9.26
vt 0.39 0.42 -9.26
vt 0.42 0.47 -9.26
vt 0.42 0.53 -9.26
vt 0.39 0.58 -9.26
vt 0.34 0.61 -9.26
vt 0.28 0.61 -9.26
vt 0.23 0.58 -9.26
vt 0.20 0.53 -9.26
vt 0.18 0.51 -9.26
vt 0.18 0.50 -9.26
vt 0.30 0.63 -9.26
vt 0.31 0.63 -9.26
vt 0.32 0.63 -9.26
vt 0.44 0.51 -9.26
vt 0.44 0.50 -9.26
vt 0.44 0.49 -9.26
vt 0.32 0.37 -9.26
vt 0.31 0.37 -9.26
vt 0.30 0.37 -9.26
vt 0.18 0.49 -9.26
vt 0.21 0.44 -9.26
vt 0.42 -9.26 0.22
vt 0.77 -9.26 0.41
vt 0.25 0.40 -9.26
vt 0.37 0.40 -9.26
vt 0.61 -9.26 0.41
vt 0.58 -9.26 0.40
vt 0.41 0.44 -9.26
vt 0.41 0.56 -9.26
vt 0.42 -9.26 0.40
vt 0.39 -9.26 0.59
vt 0.37 0.60 -9.26
vt 0.25 0.60 -9.26
vt 0.23 -9.26 0.59
vt 0.58 -9.26 0.22
vt 0.21 0.56 -9.26
vt 0.20 0.57 -9.26
vt 0.24 0.61 -9.26
vt 0.38 0.61 -9.26
vt 0.42 0.57 -9.26
vt 0.42 0.43 -9.26
vt 0.38 0.39 -9.26
vt 0.24 0.39 -9.26
vt 0.20 0.43 -9.26
vt 0.32 -1.36 -9.26
vt 0.41 -1.37 -9.26
vt 0.50 -1.37 -9.26
vt 0.45 0.49 -9.26
vt 0.45 0.47 -9.26
vt 0.44 0.46 -9.26
vt 0.44 0.45 -9.26
vt 0.43 0.43 -9.26
vt 0.43 0.42 -9.26
vt 0.42 0.41 -9.26
vt 0.41 0.40 -9.26
vt 0.40 0.39 -9.26
vt 0.39 0.38 -9.26
vt 0.38 0.38 -9.26
vt 0.36 0.37 -9.26
vt 0.35 0.37 -9.26
vt 0.34 0.36 -9.26
vt 0.32 0.36 -9.26
vt 0.31 0.36 -9.26
vt 0.30 0.36 -9.26
vt 0.17 0.49 -9.26
vt 0.17 0.47 -9.26
vt 0.18 0.46 -9.26
vt 0.18 0.45 -9.26
vt 0.19 0.43 -9.26
vt 0.19 0.42 -9.26
vt 0.20 0.41 -9.26
vt 0.21 0.40 -9.26
vt 0.22 0.39 -9.26
vt 0.23 0.38 -9.26
vt 0.24 0.38 -9.26
vt 0.26 0.37 -9.26
vt 0.27 0.37 -9.26
vt 0.28 0.36 -9.26
vt -1.37 0.41 -9.26
vt -1.36 0.32 -9.26
vt -1.35 0.23 -9.26
vt -1.33 0.14 -9.26
vt -1.31 0.05 -9.26
vt -1.29 -0.04 -9.26
vt -1.26 -0.13 -9.26
vt -1.23 -0.22 -9.26
vt -1.19 -0.30 -9.26
vt -1.15 -0.38 -9.26
vt -1.10 -0.46 -9.26
vt -1.05 -0.54 -9.26
vt -1.00 -0.61 -9.26
vt -0.82 -0.82 -9.26
vt -0.61 -1.00 -9.26
vt -0.54 -1.05 -9.26
vt -0.46 -1.10 -9.26
vt -0.38 -1.15 -9.26
vt -0.30 -1.19 -9.26
vt -0.22 -1.23 -9.26
vt -0.13 -1.26 -9.26
vt -0.04 -1.29 -9.26
vt 0.05 -1.31 -9.26
vt 0.14 -1.33 -9.26
vt 0.23 -1.35 -9.26
vt 2.37 0.41 -9.26
vt 0.83 0.49 -9.26
vt 0.83 0.47 -9.26
vt 0.82 0.46 -9.26
vt 0.55 0.49 -9.26
vt 0.55 0.47 -9.26
vt 0.56 0.46 -9.26
vt 0.56 0.45 -9.26
vt 0.57 0.43 -9.26
vt 0.57 0.42 -9.26
vt 0.58 0.41 -9.26
vt 0.59 0.40 -9.26
vt 0.59 -1.37 -9.26
vt 0.68 -1.36 -9.26
vt 0.77 -1.35 -9.26
vt 0.86 -1.33 -9.26
vt 0.95 -1.31 -9.26
vt 1.04 -1.29 -9.26
vt 1.13 -1.26 -9.26
vt 1.22 -1.23 -9.26
vt 1.30 -1.19 -9.26
vt 1.38 -1.15 -9.26
vt 1.46 -1.10 -9.26
vt 1.54 -1.05 -9.26
vt 1.61 -1.00 -9.26
vt 0.60 0.39 -9.26
vt 0.61 0.38 -9.26
vt 0.62 0.38 -9.26
vt 0.64 0.37 -9.26
vt 0.65 0.37 -9.26
vt 0.66 0.36 -9.26
vt 0.68 0.36 -9.26
vt 0.69 0.36 -9.26
vt 0.70 0.36 -9.26
vt 0.72 0.36 -9.26
vt 0.73 0.37 -9.26
vt 0.74 0.37 -9.26
vt 0.76 0.38 -9.26
vt 0.77 0.38 -9.26
vt 0.78 0.39 -9.26
vt 0.79 0.40 -9.26
vt 0.80 0.41 -9.26
vt 0.81 0.42 -9.26
vt 0.81 0.43 -9.26
vt 0.82 0.45 -9.26
vt 1.82 -0.82 -9.26
vt 2.00 -0.61 -9.26
vt 2.05 -0.54 -9.26
vt 2.10 -0.46 -9.26
vt 2.15 -0.38 -9.26
vt 2.19 -0.30 -9.26
vt 2.23 -0.22 -9.26
vt 2.26 -0.13 -9.26
vt 2.29 -0.04 -9.26
vt 2.31 0.05 -9.26
vt 2.33 0.14 -9.26
vt 2.35 0.23 -9.26
vt 2.36 0.32 -9.26
vt 0.32 -1.36 -9.30
vt 0.41 -1.37 -9.30
vt 0.50 -1.37 -9.30
vt 0.45 0.49 -9.30
vt 0.45 0.47 -9.30
vt 0.44 0.46 -9.30
vt 0.44 0.45 -9.30
vt 0.43 0.43 -9.30
vt 0.43 0.42 -9.30
vt 0.42 0.41 -9.30
vt 0.41 0.40 -9.30
vt 0.40 0.39 -9.30
vt 0.39 0.38 -9.30
vt 0.38 0.38 -9.30
vt 0.36 0.37 -9.30
vt 0.35 0.37 -9.30
vt 0.34 0.36 -9.30
vt 0.32 0.36 -9.30
vt 0.31 0.36 -9.30
vt 0.30 0.36 -9.30
vt 0.17 0.49 -9.30
vt 0.17 0.47 -9.30
vt 0.18 0.46 -9.30
vt 0.18 0.45 -9.30
vt 0.19 0.43 -9.30
vt 0.19 0.42 -9.30
vt 0.20 0.41 -9.30
vt 0.21 0.40 -9.30
vt 0.22 0.39 -9.30
vt 0.23 0.38 -9.30
vt 0.24 0.38 -9.30
vt 0.26 0.37 -9.30
vt 0.27 0.37 -9.30
vt 0.28 0.36 -9.30
vt -1.37 0.41 -9.30
vt -1.36 0.32 -9.30
vt -1.35 0.23 -9.30
vt -1.33 0.14 -9.30
vt -1.31 0.05 -9.30
vt -1.29 -0.04 -9.30
vt -1.26 -0.13 -9.30
vt -1.23 -0.22 -9.30
vt -1.19 -0.30 -9.30
vt -1.15 -0.38 -9.30
vt -1.10 -0.46 -9.30
vt -1.05 -0.54 -9.30
vt -1.00 -0.61 -9.30
vt -0.82 -0.82 -9.30
vt -0.61 -1.00 -9.30
vt -0.54 -1.05 -9.30
vt -0.46 -1.10 -9.30
vt -0.38 -1.15 -9.30
vt -0.30 -1.19 -9.30
vt -0.22 -1.23 -9.30
vt -0.13 -1.26 -9.30
vt -0.04 -1.29 -9.30
vt 0.05 -1.31 -9.30
vt 0.14 -1.33 -9.30
vt 0.23 -1.35 -9.30
vt 2.37 0.41 -9.30
vt 0.83 0.49 -9.30
vt 0.83 0.47 -9.30
vt 0.82 0.46 -9.30
vt 0.55 0.49 -9.30
vt 0.55 0.47 -9.30
vt 0.56 0.46 -9.30
vt 0.56 0.45 -9.30
vt 0.57 0.43 -9.30
vt 0.57 0.42 -9.30
vt 0.58 0.41 -9.30
vt 0.59 0.40 -9.30
vt 0.59 -1.37 -9.30
vt 0.68 -1.36 -9.30
vt 0.77 -1.35 -9.30
vt 0.86 -1.33 -9.30
vt 0.95 -1.31 -9.30
vt 1.04 -1.29 -9.30
vt 1.13 -1.26 -9.30
vt 1.22 -1.23 -9.30
vt 1.30 -1.19 -9.30
vt 1.38 -1.15 -9.30
vt 1.46 -1.10 -9.30
vt 1.54 -1.05 -9.30
vt 1.61 -1.00 -9.30
vt 0.60 0.39 -9.30
vt 0.61 0.38 -9.30
vt 0.62 0.38 -9.30
vt 0.64 0.37 -9.30
vt 0.65 0.37 -9.30
vt 0.66 0.36 -9.30
vt 0.68 0.36 -9.30
vt 0.69 0.36 -9.30
vt 0.70 0.36 -9.30
vt 0.72 0.36 -9.30
vt 0.73 0.37 -9.30
vt 0.74 0.37 -9.30
vt 0.76 0.38 -9.30
vt 0.77 0.38 -9.30
vt 0.78 0.39 -9.30
vt 0.79 0.40 -9.30
vt 0.80 0.41 -9.30
vt 0.81 0.42 -9.30
vt 0.81 0.43 -9.30
vt 0.82 0.45 -9.30
vt 1.82 -0.82 -9.30
vt 2.00 -0.61 -9.30
vt 2.05 -0.54 -9.30
vt 2.10 -0.46 -9.30
vt 2.15 -0.38 -9.30
vt 2.19 -0.30 -9.30
vt 2.23 -0.22 -9.30
vt 2.26 -0.13 -9.30
vt 2.29 -0.04 -9.30
vt 2.31 0.05 -9.30
vt 2.33 0.14 -9.30
vt 2.35 0.23 -9.30
vt 2.36 0.32 -9.30
vt 0.82 0.47 -9.26
vt 0.81 0.44 -9.26
vt 0.75 0.38 -9.26
vt 0.72 0.37 -9.26
vt 0.66 0.37 -9.26
vt 0.63 0.38 -9.26
vt 0.57 0.44 -9.26
vt 0.56 0.47 -9.26
vt 0.56 0.53 -9.26
vt 0.57 0.56 -9.26
vt 0.63 0.62 -9.26
vt 0.66 0.63 -9.26
vt 0.72 0.63 -9.26
vt 0.75 0.62 -9.26
vt 0.81 0.56 -9.26
vt 0.82 0.53 -9.26
vt 0.18 0.53 -9.26
vt 0.28 0.63 -9.26
vt 0.34 0.63 -9.26
vt 0.44 0.53 -9.26
vt 0.44 0.47 -9.26
vt 0.34 0.37 -9.26
vt 0.28 0.37 -9.26
vt 0.18 0.47 -9.26
vt 0.19 0.50 -9.30
vt 0.19 0.51 -9.30
vt 0.19 0.52 -9.30
vt 0.20 0.53 -9.30
vt 0.20 0.55 -9.30
vt 0.21 0.56 -9.30
vt 0.21 0.57 -9.30
vt 0.22 0.57 -9.30
vt 0.23 0.58 -9.30
vt 0.24 0.59 -9.30
vt 0.24 0.60 -9.30
vt 0.25 0.60 -9.30
vt 0.26 0.61 -9.30
vt 0.28 0.61 -9.30
vt 0.29 0.62 -9.30
vt 0.30 0.62 -9.30
vt 0.31 0.62 -9.30
vt 0.32 0.62 -9.30
vt 0.33 0.62 -9.30
vt 0.34 0.61 -9.30
vt 0.36 0.61 -9.30
vt 0.37 0.60 -9.30
vt 0.38 0.60 -9.30
vt 0.38 0.59 -9.30
vt 0.39 0.58 -9.30
vt 0.40 0.57 -9.30
vt 0.41 0.57 -9.30
vt 0.41 0.56 -9.30
vt 0.42 0.55 -9.30
vt 0.42 0.53 -9.30
vt 0.43 0.52 -9.30
vt 0.43 0.51 -9.30
vt 0.43 0.50 -9.30
vt 0.43 0.49 -9.30
vt 0.43 0.48 -9.30
vt 0.42 0.47 -9.30
vt 0.42 0.45 -9.30
vt 0.41 0.44 -9.30
vt 0.41 0.43 -9.30
vt 0.40 0.43 -9.30
vt 0.39 0.42 -9.30
vt 0.38 0.41 -9.30
vt 0.38 0.40 -9.30
vt 0.37 0.40 -9.30
vt 0.36 0.39 -9.30
vt 0.34 0.39 -9.30
vt 0.33 0.38 -9.30
vt 0.32 0.38 -9.30
vt 0.31 0.38 -9.30
vt 0.30 0.38 -9.30
vt 0.29 0.38 -9.30
vt 0.28 0.39 -9.30
vt 0.26 0.39 -9.30
vt 0.25 0.40 -9.30
vt 0.24 0.40 -9.30
vt 0.24 0.41 -9.30
vt 0.23 0.42 -9.30
vt 0.22 0.43 -9.30
vt 0.21 0.43 -9.30
vt 0.21 0.44 -9.30
vt 0.20 0.45 -9.30
vt 0.20 0.47 -9.30
vt 0.19 0.48 -9.30
vt 0.19 0.49 -9.30
vt 0.81 0.51 -9.30
vt 0.81 0.50 -9.30
vt 0.81 0.49 -9.30
vt 0.81 0.48 -9.30
vt 0.80 0.47 -9.30
vt 0.80 0.45 -9.30
vt 0.79 0.44 -9.30
vt 0.79 0.43 -9.30
vt 0.78 0.43 -9.30
vt 0.77 0.42 -9.30
vt 0.76 0.41 -9.30
vt 0.76 0.40 -9.30
vt 0.75 0.40 -9.30
vt 0.74 0.39 -9.30
vt 0.72 0.39 -9.30
vt 0.71 0.38 -9.30
vt 0.70 0.38 -9.30
vt 0.69 0.38 -9.30
vt 0.68 0.38 -9.30
vt 0.67 0.38 -9.30
vt 0.66 0.39 -9.30
vt 0.64 0.39 -9.30
vt 0.63 0.40 -9.30
vt 0.62 0.40 -9.30
vt 0.62 0.41 -9.30
vt 0.61 0.42 -9.30
vt 0.60 0.43 -9.30
vt 0.59 0.43 -9.30
vt 0.59 0.44 -9.30
vt 0.58 0.45 -9.30
vt 0.58 0.47 -9.30
vt 0.57 0.48 -9.30
vt 0.57 0.49 -9.30
vt 0.57 0.50 -9.30
vt 0.57 0.51 -9.30
vt 0.57 0.52 -9.30
vt 0.58 0.53 -9.30
vt 0.58 0.55 -9.30
vt 0.59 0.56 -9.30
vt 0.59 0.57 -9.30
vt 0.60 0.57 -9.30
vt 0.61 0.58 -9.30
vt 0.62 0.59 -9.30
vt 0.62 0.60 -9.30
vt 0.63 0.60 -9.30
vt 0.64 0.61 -9.30
vt 0.66 0.61 -9.30
vt 0.67 0.62 -9.30
vt 0.68 0.62 -9.30
vt 0.69 0.62 -9.30
vt 0.70 0.62 -9.30
vt 0.71 0.62 -9.30
vt 0.72 0.61 -9.30
vt 0.74 0.61 -9.30
vt 0.75 0.60 -9.30
vt 0.76 0.60 -9.30
vt 0.76 0.59 -9.30
vt 0.77 0.58 -9.30
vt 0.78 0.57 -9.30
vt 0.79 0.57 -9.30
vt 0.79 0.56 -9.30
vt 0.80 0.55 -9.30
vt 0.80 0.53 -9.30
vt 0.81 0.52 -9.30
vt 0.50 10.48 0.81
vt 0.50 10.46 0.81
vt 0.51 10.46 0.81
vt 0.51 10.48 0.81
vt 0.52 10.46 0.81
vt 0.52 10.48 0.81
vt 0.53 10.46 0.80
vt 0.53 10.48 0.80
vt 0.54 10.46 0.80
vt 0.54 10.48 0.80
vt 0.56 10.46 0.79
vt 0.56 10.48 0.79
vt 0.57 10.46 0.79
vt 0.57 10.48 0.79
vt 0.57 10.46 0.78
vt 0.57 10.48 0.78
vt 0.58 10.46 0.77
vt 0.58 10.48 0.77
vt 0.23 10.48 0.58
vt 0.23 10.46 0.58
vt 0.24 10.46 0.59
vt 0.24 10.48 0.59
vt 0.24 10.46 0.60
vt 0.24 10.48 0.60
vt 0.25 10.46 0.60
vt 0.25 10.48 0.60
vt 0.27 10.46 0.61
vt 0.27 10.48 0.61
vt 0.28 10.46 0.61
vt 0.28 10.48 0.61
vt 0.29 10.46 0.62
vt 0.29 10.48 0.62
vt 0.30 10.46 0.62
vt 0.30 10.48 0.62
vt 0.31 10.46 0.62
vt 0.31 10.48 0.62
vt 0.32 10.46 0.62
vt 0.32 10.48 0.62
vt 0.33 10.46 0.62
vt 0.33 10.48 0.62
vt 0.34 10.46 0.61
vt 0.34 10.48 0.61
vt 0.35 10.46 0.61
vt 0.35 10.48 0.61
vt 0.37 10.46 0.60
vt 0.37 10.48 0.60
vt 0.38 10.46 0.60
vt 0.38 10.48 0.60
vt 0.38 10.46 0.59
vt 0.38 10.48 0.59
vt 0.39 10.46 0.58
vt 0.39 10.48 0.58
vt 0.42 10.48 0.61
vt 0.42 10.46 0.61
vt 0.43 10.46 0.60
vt 0.43 10.48 0.60
vt 0.43 10.46 0.59
vt 0.43 10.48 0.59
vt 0.41 0.56 10.47
vt 0.42 0.56 10.48
vt 0.41 0.56 10.48
vt 0.41 0.57 10.48
vt 0.46 10.48 0.58
vt 0.46 10.46 0.58
vt 0.47 10.46 0.58
vt 0.47 10.48 0.58
vt 0.48 10.46 0.57
vt 0.48 10.48 0.57
vt 0.49 10.46 0.57
vt 0.49 10.48 0.57
vt 0.50 10.46 0.57
vt 0.50 10.48 0.57
vt 0.51 10.49 0.81
vt 0.50 10.49 0.81
vt 0.52 10.49 0.81
vt 0.53 10.49 0.80
vt 0.54 10.49 0.80
vt 0.56 10.49 0.79
vt 0.57 10.49 0.79
vt 0.57 10.49 0.78
vt 0.58 10.49 0.77
vt 0.24 10.49 0.59
vt 0.23 10.49 0.58
vt 0.24 10.49 0.60
vt 0.25 10.49 0.60
vt 0.27 10.49 0.61
vt 0.28 10.49 0.61
vt 0.29 10.49 0.62
vt 0.30 10.49 0.62
vt 0.31 10.49 0.62
vt 0.32 10.49 0.62
vt 0.33 10.49 0.62
vt 0.34 10.49 0.61
vt 0.35 10.49 0.61
vt 0.37 10.49 0.60
vt 0.38 10.49 0.60
vt 0.38 10.49 0.59
vt 0.39 10.49 0.58
vt 0.43 10.49 0.60
vt 0.42 10.49 0.61
vt 0.43 10.49 0.59
vt 0.58 10.49 0.56
vt 0.42 10.49 0.56
vt 0.42 10.48 0.56
vt 0.58 10.48 0.56
vt 0.44 10.49 0.59
vt 0.44 10.48 0.59
vt 0.41 10.49 0.56
vt 0.41 10.48 0.56
vt 0.44 10.47 0.59
vt 0.44 10.46 0.59
vt 0.49 10.46 0.81
vt 0.49 10.48 0.81
vt 0.48 10.46 0.81
vt 0.48 10.48 0.81
vt 0.47 10.46 0.80
vt 0.47 10.48 0.80
vt 0.46 10.46 0.80
vt 0.46 10.48 0.80
vt 0.44 10.46 0.79
vt 0.44 10.48 0.79
vt 0.43 10.46 0.79
vt 0.43 10.48 0.79
vt 0.43 10.46 0.78
vt 0.43 10.48 0.78
vt 0.42 10.46 0.77
vt 0.42 10.48 0.77
vt 0.76 10.46 0.41
vt 0.77 10.46 0.42
vt 0.77 10.48 0.42
vt 0.76 10.48 0.41
vt 0.76 10.46 0.40
vt 0.76 10.48 0.40
vt 0.75 10.46 0.40
vt 0.75 10.48 0.40
vt 0.73 10.46 0.39
vt 0.73 10.48 0.39
vt 0.72 10.46 0.39
vt 0.72 10.48 0.39
vt 0.71 10.46 0.38
vt 0.71 10.48 0.38
vt 0.70 10.46 0.38
vt 0.70 10.48 0.38
vt 0.69 10.46 0.38
vt 0.69 10.48 0.38
vt 0.68 10.46 0.38
vt 0.68 10.48 0.38
vt 0.67 10.46 0.38
vt 0.67 10.48 0.38
vt 0.66 10.46 0.39
vt 0.66 10.48 0.39
vt 0.65 10.46 0.39
vt 0.65 10.48 0.39
vt 0.63 10.46 0.40
vt 0.63 10.48 0.40
vt 0.62 10.46 0.40
vt 0.62 10.48 0.40
vt 0.62 10.46 0.41
vt 0.62 10.48 0.41
vt 0.61 10.46 0.42
vt 0.61 10.48 0.42
vt 0.57 10.46 0.60
vt 0.58 10.46 0.61
vt 0.58 10.48 0.61
vt 0.57 10.48 0.60
vt 0.57 10.46 0.59
vt 0.57 10.48 0.59
vt 0.41 0.44 10.47
vt 0.41 0.43 10.48
vt 0.41 0.44 10.48
vt 0.42 0.44 10.48
vt 0.53 10.46 0.58
vt 0.54 10.46 0.58
vt 0.54 10.48 0.58
vt 0.53 10.48 0.58
vt 0.52 10.46 0.57
vt 0.52 10.48 0.57
vt 0.51 10.46 0.57
vt 0.51 10.48 0.57
vt 0.49 10.49 0.81
vt 0.48 10.49 0.81
vt 0.47 10.49 0.80
vt 0.46 10.49 0.80
vt 0.44 10.49 0.79
vt 0.43 10.49 0.79
vt 0.43 10.49 0.78
vt 0.42 10.49 0.77
vt 0.76 10.49 0.41
vt 0.77 10.49 0.42
vt 0.76 10.49 0.40
vt 0.75 10.49 0.40
vt 0.73 10.49 0.39
vt 0.72 10.49 0.39
vt 0.71 10.49 0.38
vt 0.70 10.49 0.38
vt 0.69 10.49 0.38
vt 0.68 10.49 0.38
vt 0.67 10.49 0.38
vt 0.66 10.49 0.39
vt 0.65 10.49 0.39
vt 0.63 10.49 0.40
vt 0.62 10.49 0.40
vt 0.62 10.49 0.41
vt 0.61 10.49 0.42
vt 0.57 10.49 0.60
vt 0.58 10.49 0.61
vt 0.57 10.49 0.59
vt 0.58 10.48 0.44
vt 0.58 10.49 0.44
vt 0.42 10.49 0.44
vt 0.42 10.48 0.44
vt 0.56 10.49 0.59
vt 0.56 10.48 0.59
vt 0.59 10.48 0.44
vt 0.59 10.49 0.44
vt 0.56 10.47 0.59
vt 0.56 10.46 0.59
vt 0.49 10.46 0.19
vt 0.50 10.46 0.19
vt 0.50 10.48 0.19
vt 0.49 10.48 0.19
vt 0.48 10.46 0.19
vt 0.48 10.48 0.19
vt 0.47 10.46 0.20
vt 0.47 10.48 0.20
vt 0.46 10.46 0.20
vt 0.46 10.48 0.20
vt 0.44 10.46 0.21
vt 0.44 10.48 0.21
vt 0.43 10.46 0.21
vt 0.43 10.48 0.21
vt 0.43 10.46 0.22
vt 0.43 10.48 0.22
vt 0.42 10.46 0.23
vt 0.42 10.48 0.23
vt 0.76 10.46 0.59
vt 0.77 10.46 0.58
vt 0.77 10.48 0.58
vt 0.76 10.48 0.59
vt 0.76 10.46 0.60
vt 0.76 10.48 0.60
vt 0.75 10.46 0.60
vt 0.75 10.48 0.60
vt 0.73 10.46 0.61
vt 0.73 10.48 0.61
vt 0.72 10.46 0.61
vt 0.72 10.48 0.61
vt 0.71 10.46 0.62
vt 0.71 10.48 0.62
vt 0.70 10.46 0.62
vt 0.70 10.48 0.62
vt 0.69 10.46 0.62
vt 0.69 10.48 0.62
vt 0.68 10.46 0.62
vt 0.68 10.48 0.62
vt 0.67 10.46 0.62
vt 0.67 10.48 0.62
vt 0.66 10.46 0.61
vt 0.66 10.48 0.61
vt 0.65 10.46 0.61
vt 0.65 10.48 0.61
vt 0.63 10.46 0.60
vt 0.63 10.48 0.60
vt 0.62 10.46 0.60
vt 0.62 10.48 0.60
vt 0.62 10.46 0.59
vt 0.62 10.48 0.59
vt 0.61 10.46 0.58
vt 0.61 10.48 0.58
vt 0.57 10.46 0.40
vt 0.58 10.46 0.39
vt 0.58 10.48 0.39
vt 0.57 10.48 0.40
vt 0.57 10.46 0.41
vt 0.57 10.48 0.41
vt 0.59 0.56 10.47
vt 0.59 0.57 10.48
vt 0.59 0.56 10.48
vt 0.58 0.56 10.48
vt 0.53 10.46 0.42
vt 0.54 10.46 0.42
vt 0.54 10.48 0.42
vt 0.53 10.48 0.42
vt 0.52 10.46 0.43
vt 0.52 10.48 0.43
vt 0.51 10.46 0.43
vt 0.51 10.48 0.43
vt 0.50 10.46 0.43
vt 0.50 10.48 0.43
vt 0.49 10.49 0.19
vt 0.50 10.49 0.19
vt 0.48 10.49 0.19
vt 0.47 10.49 0.20
vt 0.46 10.49 0.20
vt 0.44 10.49 0.21
vt 0.43 10.49 0.21
vt 0.43 10.49 0.22
vt 0.42 10.49 0.23
vt 0.76 10.49 0.59
vt 0.77 10.49 0.58
vt 0.76 10.49 0.60
vt 0.75 10.49 0.60
vt 0.73 10.49 0.61
vt 0.72 10.49 0.61
vt 0.71 10.49 0.62
vt 0.70 10.49 0.62
vt 0.69 10.49 0.62
vt 0.68 10.49 0.62
vt 0.67 10.49 0.62
vt 0.66 10.49 0.61
vt 0.65 10.49 0.61
vt 0.63 10.49 0.60
vt 0.62 10.49 0.60
vt 0.62 10.49 0.59
vt 0.61 10.49 0.58
vt 0.57 10.49 0.40
vt 0.58 10.49 0.39
vt 0.57 10.49 0.41
vt 0.56 10.49 0.41
vt 0.56 10.48 0.41
vt 0.59 10.48 0.56
vt 0.59 10.49 0.56
vt 0.56 10.47 0.41
vt 0.56 10.46 0.41
vt 0.51 10.46 0.19
vt 0.51 10.48 0.19
vt 0.52 10.46 0.19
vt 0.52 10.48 0.19
vt 0.53 10.46 0.20
vt 0.53 10.48 0.20
vt 0.54 10.46 0.20
vt 0.54 10.48 0.20
vt 0.56 10.46 0.21
vt 0.56 10.48 0.21
vt 0.57 10.46 0.21
vt 0.57 10.48 0.21
vt 0.57 10.46 0.22
vt 0.57 10.48 0.22
vt 0.58 10.46 0.23
vt 0.58 10.48 0.23
vt 0.23 10.48 0.42
vt 0.23 10.46 0.42
vt 0.24 10.46 0.41
vt 0.24 10.48 0.41
vt 0.24 10.46 0.40
vt 0.24 10.48 0.40
vt 0.25 10.46 0.40
vt 0.25 10.48 0.40
vt 0.27 10.46 0.39
vt 0.27 10.48 0.39
vt 0.28 10.46 0.39
vt 0.28 10.48 0.39
vt 0.29 10.46 0.38
vt 0.29 10.48 0.38
vt 0.30 10.46 0.38
vt 0.30 10.48 0.38
vt 0.31 10.46 0.38
vt 0.31 10.48 0.38
vt 0.32 10.46 0.38
vt 0.32 10.48 0.38
vt 0.33 10.46 0.38
vt 0.33 10.48 0.38
vt 0.34 10.46 0.39
vt 0.34 10.48 0.39
vt 0.35 10.46 0.39
vt 0.35 10.48 0.39
vt 0.37 10.46 0.40
vt 0.37 10.48 0.40
vt 0.38 10.46 0.40
vt 0.38 10.48 0.40
vt 0.38 10.46 0.41
vt 0.38 10.48 0.41
vt 0.39 10.46 0.42
vt 0.39 10.48 0.42
vt 0.42 10.48 0.39
vt 0.42 10.46 0.39
vt 0.43 10.46 0.40
vt 0.43 10.48 0.40
vt 0.43 10.46 0.41
vt 0.43 10.48 0.41
vt 0.59 0.44 10.47
vt 0.58 0.44 10.48
vt 0.59 0.44 10.48
vt 0.59 0.43 10.48
vt 0.42 0.46 10.48
vt 0.58 0.46 10.48
vt 0.58 0.47 10.48
vt 0.57 0.48 10.48
vt 0.57 0.49 10.48
vt 0.58 0.54 10.48
vt 0.58 0.53 10.48
vt 0.57 0.52 10.48
vt 0.57 0.51 10.48
vt 0.42 0.54 10.48
vt 0.42 0.53 10.48
vt 0.43 0.52 10.48
vt 0.57 0.50 10.48
vt 0.43 0.51 10.48
vt 0.43 0.50 10.48
vt 0.43 0.49 10.48
vt 0.43 0.48 10.48
vt 0.42 0.47 10.48
vt 0.46 10.48 0.42
vt 0.46 10.46 0.42
vt 0.47 10.46 0.42
vt 0.47 10.48 0.42
vt 0.48 10.46 0.43
vt 0.48 10.48 0.43
vt 0.49 10.46 0.43
vt 0.49 10.48 0.43
vt 0.51 10.49 0.19
vt 0.52 10.49 0.19
vt 0.53 10.49 0.20
vt 0.54 10.49 0.20
vt 0.56 10.49 0.21
vt 0.57 10.49 0.21
vt 0.57 10.49 0.22
vt 0.58 10.49 0.23
vt 0.24 10.49 0.41
vt 0.23 10.49 0.42
vt 0.24 10.49 0.40
vt 0.25 10.49 0.40
vt 0.27 10.49 0.39
vt 0.28 10.49 0.39
vt 0.29 10.49 0.38
vt 0.30 10.49 0.38
vt 0.31 10.49 0.38
vt 0.32 10.49 0.38
vt 0.33 10.49 0.38
vt 0.34 10.49 0.39
vt 0.35 10.49 0.39
vt 0.37 10.49 0.40
vt 0.38 10.49 0.40
vt 0.38 10.49 0.41
vt 0.39 10.49 0.42
vt 0.43 10.49 0.40
vt 0.42 10.49 0.39
vt 0.43 10.49 0.41
vt 0.38 0.41 10.49
vt 0.39 0.42 10.49
vt 0.40 0.43 10.49
vt 0.60 0.43 10.49
vt 0.61 0.42 10.49
vt 0.62 0.41 10.49
vt 0.63 0.41 10.49
vt 0.64 0.40 10.49
vt 0.65 0.40 10.49
vt 0.66 0.39 10.49
vt 0.67 0.39 10.49
vt 0.68 0.39 10.49
vt 0.69 0.39 10.49
vt 0.70 0.39 10.49
vt 0.71 0.39 10.49
vt 0.72 0.39 10.49
vt 0.73 0.40 10.49
vt 0.74 0.40 10.49
vt 0.75 0.41 10.49
vt 0.76 0.41 10.49
vt 0.77 0.42 10.49
vt 0.78 0.43 10.49
vt 0.78 0.44 10.49
vt 0.79 0.45 10.49
vt 0.79 0.46 10.49
vt 0.80 0.47 10.49
vt 0.80 0.48 10.49
vt 0.80 0.49 10.49
vt 0.80 0.50 10.49
vt 0.80 0.51 10.49
vt 0.80 0.52 10.49
vt 0.80 0.53 10.49
vt 0.79 0.54 10.49
vt 0.79 0.55 10.49
vt 0.78 0.56 10.49
vt 0.78 0.57 10.49
vt 0.77 0.58 10.49
vt 0.76 0.59 10.49
vt 0.75 0.59 10.49
vt 0.74 0.60 10.49
vt 0.73 0.60 10.49
vt 0.72 0.61 10.49
vt 0.71 0.61 10.49
vt 0.70 0.61 10.49
vt 0.69 0.61 10.49
vt 0.68 0.61 10.49
vt 0.67 0.61 10.49
vt 0.66 0.61 10.49
vt 0.65 0.60 10.49
vt 0.64 0.60 10.49
vt 0.63 0.59 10.49
vt 0.62 0.59 10.49
vt 0.61 0.58 10.49
vt 0.60 0.57 10.49
vt 0.60 0.56 10.49
vt 0.60 0.44 10.49
vt 0.59 0.44 10.49
vt 0.59 0.45 10.49
vt 0.58 0.45 10.49
vt 0.59 0.56 10.49
vt 0.59 0.55 10.49
vt 0.42 0.45 10.49
vt 0.41 0.45 10.49
vt 0.58 0.55 10.49
vt 0.42 0.55 10.49
vt 0.41 0.44 10.49
vt 0.40 0.44 10.49
vt 0.41 0.55 10.49
vt 0.41 0.56 10.49
vt 0.40 0.56 10.49
vt 0.40 0.57 10.49
vt 0.39 0.58 10.49
vt 0.38 0.59 10.49
vt 0.37 0.59 10.49
vt 0.36 0.60 10.49
vt 0.35 0.60 10.49
vt 0.34 0.61 10.49
vt 0.33 0.61 10.49
vt 0.32 0.61 10.49
vt 0.31 0.61 10.49
vt 0.30 0.61 10.49
vt 0.29 0.61 10.49
vt 0.28 0.61 10.49
vt 0.27 0.60 10.49
vt 0.26 0.60 10.49
vt 0.25 0.59 10.49
vt 0.24 0.59 10.49
vt 0.23 0.58 10.49
vt 0.22 0.57 10.49
vt 0.22 0.56 10.49
vt 0.21 0.55 10.49
vt 0.21 0.54 10.49
vt 0.20 0.53 10.49
vt 0.20 0.52 10.49
vt 0.20 0.51 10.49
vt 0.20 0.50 10.49
vt 0.20 0.49 10.49
vt 0.20 0.48 10.49
vt 0.20 0.47 10.49
vt 0.21 0.46 10.49
vt 0.21 0.45 10.49
vt 0.22 0.44 10.49
vt 0.22 0.43 10.49
vt 0.23 0.42 10.49
vt 0.24 0.41 10.49
vt 0.25 0.41 10.49
vt 0.26 0.40 10.49
vt 0.27 0.40 10.49
vt 0.28 0.39 10.49
vt 0.29 0.39 10.49
vt 0.30 0.39 10.49
vt 0.31 0.39 10.49
vt 0.32 0.39 10.49
vt 0.33 0.39 10.49
vt 0.34 0.39 10.49
vt 0.35 0.40 10.49
vt 0.36 0.40 10.49
vt 0.37 0.41 10.49
vt 0.44 10.49 0.41
vt 0.44 10.48 0.41
vt 0.41 10.49 0.44
vt 0.41 10.48 0.44
vt 0.44 10.47 0.41
vt 0.44 10.46 0.41
vt 0.20 0.53 10.46
vt 0.20 0.52 10.46
vt 0.20 0.51 10.46
vt 0.20 0.50 10.46
vt 0.20 0.49 10.46
vt 0.20 0.48 10.46
vt 0.20 0.47 10.46
vt 0.20 0.46 10.46
vt 0.21 0.45 10.46
vt 0.21 0.44 10.46
vt 0.22 0.43 10.46
vt 0.23 0.42 10.46
vt 0.24 0.41 10.46
vt 0.25 0.40 10.46
vt 0.26 0.40 10.46
vt 0.27 0.39 10.46
vt 0.28 0.39 10.46
vt 0.29 0.39 10.46
vt 0.30 0.39 10.46
vt 0.31 0.38 10.46
vt 0.32 0.39 10.46
vt 0.33 0.39 10.46
vt 0.34 0.39 10.46
vt 0.35 0.39 10.46
vt 0.36 0.40 10.46
vt 0.37 0.40 10.46
vt 0.38 0.41 10.46
vt 0.39 0.42 10.46
vt 0.40 0.43 10.46
vt 0.41 0.44 10.46
vt 0.41 0.45 10.46
vt 0.42 0.46 10.46
vt 0.42 0.47 10.46
vt 0.42 0.48 10.46
vt 0.42 0.49 10.46
vt 0.42 0.50 10.46
vt 0.42 0.51 10.46
vt 0.42 0.52 10.46
vt 0.42 0.53 10.46
vt 0.42 0.54 10.46
vt 0.41 0.55 10.46
vt 0.41 0.56 10.46
vt 0.40 0.57 10.46
vt 0.39 0.58 10.46
vt 0.38 0.59 10.46
vt 0.37 0.60 10.46
vt 0.36 0.60 10.46
vt 0.35 0.61 10.46
vt 0.34 0.61 10.46
vt 0.33 0.61 10.46
vt 0.32 0.61 10.46
vt 0.31 0.61 10.46
vt 0.30 0.61 10.46
vt 0.29 0.61 10.46
vt 0.28 0.61 10.46
vt 0.27 0.61 10.46
vt 0.26 0.60 10.46
vt 0.25 0.60 10.46
vt 0.24 0.59 10.46
vt 0.23 0.58 10.46
vt 0.22 0.57 10.46
vt 0.21 0.56 10.46
vt 0.21 0.55 10.46
vt 0.20 0.54 10.46
vt 0.80 0.48 10.46
vt 0.80 0.49 10.46
vt 0.80 0.50 10.46
vt 0.80 0.51 10.46
vt 0.80 0.52 10.46
vt 0.80 0.53 10.46
vt 0.80 0.54 10.46
vt 0.79 0.55 10.46
vt 0.79 0.56 10.46
vt 0.78 0.57 10.46
vt 0.77 0.58 10.46
vt 0.76 0.59 10.46
vt 0.75 0.60 10.46
vt 0.74 0.60 10.46
vt 0.73 0.61 10.46
vt 0.72 0.61 10.46
vt 0.71 0.61 10.46
vt 0.70 0.61 10.46
vt 0.69 0.61 10.46
vt 0.68 0.61 10.46
vt 0.67 0.61 10.46
vt 0.66 0.61 10.46
vt 0.65 0.61 10.46
vt 0.64 0.60 10.46
vt 0.63 0.60 10.46
vt 0.62 0.59 10.46
vt 0.61 0.58 10.46
vt 0.60 0.57 10.46
vt 0.59 0.56 10.46
vt 0.59 0.55 10.46
vt 0.58 0.54 10.46
vt 0.58 0.53 10.46
vt 0.58 0.52 10.46
vt 0.58 0.51 10.46
vt 0.58 0.50 10.46
vt 0.58 0.49 10.46
vt 0.58 0.48 10.46
vt 0.58 0.47 10.46
vt 0.58 0.46 10.46
vt 0.59 0.45 10.46
vt 0.59 0.44 10.46
vt 0.60 0.43 10.46
vt 0.61 0.42 10.46
vt 0.62 0.41 10.46
vt 0.63 0.40 10.46
vt 0.64 0.40 10.46
vt 0.65 0.39 10.46
vt 0.66 0.39 10.46
vt 0.67 0.39 10.46
vt 0.68 0.39 10.46
vt 0.69 0.38 10.46
vt 0.70 0.39 10.46
vt 0.71 0.39 10.46
vt 0.72 0.39 10.46
vt 0.73 0.39 10.46
vt 0.74 0.40 10.46
vt 0.75 0.40 10.46
vt 0.76 0.41 10.46
vt 0.77 0.42 10.46
vt 0.78 0.43 10.46
vt 0.79 0.44 10.46
vt 0.79 0.45 10.46
vt 0.80 0.46 10.46
vt 0.80 0.47 10.46
vt 0.81 0.50 10.49
vt 0.80 0.54 10.49
vt 0.79 0.56 10.49
vt 0.75 0.60 10.49
vt 0.73 0.61 10.49
vt 0.65 0.61 10.49
vt 0.63 0.60 10.49
vt 0.37 0.60 10.49
vt 0.35 0.61 10.49
vt 0.27 0.61 10.49
vt 0.25 0.60 10.49
vt 0.21 0.56 10.49
vt 0.20 0.54 10.49
vt 0.20 0.46 10.49
vt 0.21 0.44 10.49
vt 0.25 0.40 10.49
vt 0.27 0.39 10.49
vt 0.31 0.38 10.49
vt 0.35 0.39 10.49
vt 0.37 0.40 10.49
vt 0.63 0.40 10.49
vt 0.65 0.39 10.49
vt 0.69 0.38 10.49
vt 0.73 0.39 10.49
vt 0.75 0.40 10.49
vt 0.79 0.44 10.49
vt 0.80 0.46 10.49
vt 0.81 0.51 10.49
vt 0.81 0.52 10.49
vt 0.79 0.57 10.49
vt 0.76 0.60 10.49
vt 0.71 0.62 10.49
vt 0.70 0.62 10.49
vt 0.69 0.62 10.49
vt 0.68 0.62 10.49
vt 0.67 0.62 10.49
vt 0.62 0.60 10.49
vt 0.59 0.57 10.49
vt 0.58 10.49 0.55
vt 0.42 10.49 0.55
vt 0.58 0.56 10.49
vt 0.81 0.49 10.49
vt 0.81 0.48 10.49
vt 0.79 0.43 10.49
vt 0.76 0.40 10.49
vt 0.71 0.38 10.49
vt 0.70 0.38 10.49
vt 0.68 0.38 10.49
vt 0.67 0.38 10.49
vt 0.62 0.40 10.49
vt 0.59 0.43 10.49
vt 0.58 0.44 10.49
vt 0.58 10.49 0.45
vt 0.42 10.49 0.45
vt 0.50 10.49 0.20
vt 0.49 10.49 0.20
vt 0.19 0.51 10.49
vt 0.19 0.52 10.49
vt 0.21 0.57 10.49
vt 0.24 0.60 10.49
vt 0.29 0.62 10.49
vt 0.30 0.62 10.49
vt 0.31 0.62 10.49
vt 0.32 0.62 10.49
vt 0.33 0.62 10.49
vt 0.38 0.60 10.49
vt 0.41 0.57 10.49
vt 0.42 0.56 10.49
vt 0.51 10.49 0.20
vt 0.19 0.48 10.49
vt 0.19 0.49 10.49
vt 0.21 0.43 10.49
vt 0.24 0.40 10.49
vt 0.29 0.38 10.49
vt 0.30 0.38 10.49
vt 0.32 0.38 10.49
vt 0.33 0.38 10.49
vt 0.38 0.40 10.49
vt 0.41 0.43 10.49
vt 0.42 0.44 10.49
vt 0.19 0.51 10.46
vt 0.19 0.50 10.46
vt 0.19 0.52 10.46
vt 0.21 0.57 10.46
vt 0.24 0.60 10.46
vt 0.29 0.62 10.46
vt 0.30 0.62 10.46
vt 0.31 0.62 10.46
vt 0.32 0.62 10.46
vt 0.33 0.62 10.46
vt 0.38 0.60 10.46
vt 0.41 0.57 10.46
vt 0.43 0.52 10.46
vt 0.43 0.51 10.46
vt 0.43 0.50 10.46
vt 0.19 0.49 10.46
vt 0.19 0.48 10.46
vt 0.21 0.43 10.46
vt 0.24 0.40 10.46
vt 0.29 0.38 10.46
vt 0.30 0.38 10.46
vt 0.32 0.38 10.46
vt 0.33 0.38 10.46
vt 0.38 0.40 10.46
vt 0.41 0.43 10.46
vt 0.43 0.48 10.46
vt 0.43 0.49 10.46
vt 0.81 0.50 10.46
vt 0.81 0.51 10.46
vt 0.81 0.52 10.46
vt 0.79 0.57 10.46
vt 0.76 0.60 10.46
vt 0.71 0.62 10.46
vt 0.70 0.62 10.46
vt 0.69 0.62 10.46
vt 0.68 0.62 10.46
vt 0.67 0.62 10.46
vt 0.62 0.60 10.46
vt 0.59 0.57 10.46
vt 0.57 0.52 10.46
vt 0.57 0.51 10.46
vt 0.57 0.50 10.46
vt 0.81 0.49 10.46
vt 0.81 0.48 10.46
vt 0.79 0.43 10.46
vt 0.76 0.40 10.46
vt 0.71 0.38 10.46
vt 0.70 0.38 10.46
vt 0.68 0.38 10.46
vt 0.67 0.38 10.46
vt 0.62 0.40 10.46
vt 0.59 0.43 10.46
vt 0.57 0.48 10.46
vt 0.57 0.49 10.46
vt 0.50 -9.30 0.42
vt 0.51 -9.30 0.42
vt 0.51 10.46 0.42
vt 0.50 10.46 0.42
vt 0.52 -9.30 0.42
vt 0.52 10.46 0.42
vt 0.54 -9.30 0.42
vt 0.55 -9.30 0.41
vt 0.55 10.46 0.41
vt 0.64 -9.30 0.60
vt 0.64 10.46 0.60
vt 0.65 -9.30 0.61
vt 0.67 -9.30 0.61
vt 0.67 10.46 0.61
vt 0.68 -9.30 0.61
vt 0.68 10.46 0.61
vt 0.69 -9.30 0.61
vt 0.69 10.46 0.61
vt 0.70 -9.30 0.61
vt 0.70 10.46 0.61
vt 0.71 -9.30 0.61
vt 0.71 10.46 0.61
vt 0.73 -9.30 0.61
vt 0.74 -9.30 0.60
vt 0.74 10.46 0.60
vt 0.45 -9.30 0.21
vt 0.45 10.46 0.21
vt 0.46 -9.30 0.20
vt 0.48 -9.30 0.20
vt 0.48 10.46 0.20
vt 0.49 -9.30 0.20
vt 0.49 10.46 0.20
vt 0.50 -9.30 0.20
vt 0.50 10.46 0.20
vt 0.49 10.46 0.41
vt 0.49 -9.30 0.41
vt 0.50 -9.30 0.41
vt 0.50 10.46 0.41
vt 0.48 10.46 0.41
vt 0.48 -9.30 0.41
vt 0.47 10.46 0.41
vt 0.47 -9.30 0.41
vt 0.46 10.46 0.41
vt 0.46 -9.30 0.41
vt 0.45 10.46 0.40
vt 0.45 -9.30 0.40
vt 0.44 10.46 0.40
vt 0.44 -9.30 0.40
vt 0.43 10.46 0.39
vt 0.43 -9.30 0.39
vt 0.43 10.46 0.38
vt 0.43 -9.30 0.38
vt 0.38 10.46 0.58
vt 0.38 -9.30 0.58
vt 0.38 -9.30 0.57
vt 0.38 10.46 0.57
vt 0.37 10.46 0.59
vt 0.37 -9.30 0.59
vt 0.36 10.46 0.59
vt 0.36 -9.30 0.59
vt 0.35 10.46 0.60
vt 0.35 -9.30 0.60
vt 0.34 10.46 0.60
vt 0.34 -9.30 0.60
vt 0.33 10.46 0.60
vt 0.33 -9.30 0.60
vt 0.32 10.46 0.60
vt 0.32 -9.30 0.60
vt 0.31 10.46 0.60
vt 0.31 -9.30 0.60
vt 0.30 10.46 0.60
vt 0.30 -9.30 0.60
vt 0.29 10.46 0.60
vt 0.29 -9.30 0.60
vt 0.28 10.46 0.60
vt 0.28 -9.30 0.60
vt 0.27 10.46 0.60
vt 0.27 -9.30 0.60
vt 0.26 10.46 0.59
vt 0.26 -9.30 0.59
vt 0.25 10.46 0.59
vt 0.25 -9.30 0.59
vt 0.24 10.46 0.58
vt 0.24 -9.30 0.58
vt 0.24 10.46 0.57
vt 0.24 -9.30 0.57
vt 0.57 10.46 0.23
vt 0.57 -9.30 0.23
vt 0.57 -9.30 0.24
vt 0.57 10.46 0.24
vt 0.56 10.46 0.22
vt 0.56 -9.30 0.22
vt 0.55 10.46 0.22
vt 0.55 -9.30 0.22
vt 0.54 10.46 0.21
vt 0.54 -9.30 0.21
vt 0.53 10.46 0.21
vt 0.53 -9.30 0.21
vt 0.52 10.46 0.21
vt 0.52 -9.30 0.21
vt 0.51 10.46 0.21
vt 0.51 -9.30 0.21
vt 0.58 0.51 -9.30
vt 0.58 0.50 -9.30
vt 0.59 0.50 -9.30
vt 0.59 0.51 -9.30
vt 0.58 0.52 -9.30
vt 0.59 0.52 -9.30
vt 0.41 0.52 10.46
vt 0.59 0.53 -9.30
vt 0.41 0.53 10.46
vt 0.58 0.54 -9.30
vt 0.59 0.54 -9.30
vt 0.41 0.54 10.46
vt 0.59 0.55 -9.30
vt 0.60 0.55 -9.30
vt 0.40 0.55 10.46
vt 0.60 0.56 -9.30
vt 0.40 0.56 10.46
vt 0.61 0.57 -9.30
vt 0.39 0.57 10.46
vt 0.62 0.57 -9.30
vt 0.38 0.57 10.46
vt 0.62 0.58 -9.30
vt 0.38 0.58 10.46
vt 0.63 0.59 -9.30
vt 0.37 0.59 10.46
vt 0.64 0.60 -9.30
vt 0.64 0.59 -9.30
vt 0.36 0.59 10.46
vt 0.65 0.61 -9.30
vt 0.65 0.60 -9.30
vt 0.35 0.60 10.46
vt 0.66 0.60 -9.30
vt 0.34 0.60 10.46
vt 0.67 0.61 -9.30
vt 0.67 0.60 -9.30
vt 0.33 0.60 10.46
vt 0.68 0.61 -9.30
vt 0.68 0.60 -9.30
vt 0.69 0.61 -9.30
vt 0.69 0.60 -9.30
vt 0.70 0.61 -9.30
vt 0.70 0.60 -9.30
vt 0.71 0.61 -9.30
vt 0.71 0.60 -9.30
vt 0.29 0.60 10.46
vt 0.72 0.60 -9.30
vt 0.28 0.60 10.46
vt 0.73 0.61 -9.30
vt 0.73 0.60 -9.30
vt 0.27 0.60 10.46
vt 0.74 0.60 -9.30
vt 0.74 0.59 -9.30
vt 0.26 0.59 10.46
vt 0.75 0.59 -9.30
vt 0.25 0.59 10.46
vt 0.76 0.58 -9.30
vt 0.24 0.58 10.46
vt 0.76 0.57 -9.30
vt 0.24 0.57 10.46
vt 0.77 0.57 -9.30
vt 0.23 0.57 10.46
vt 0.78 0.56 -9.30
vt 0.22 0.56 10.46
vt 0.79 0.55 -9.30
vt 0.78 0.55 -9.30
vt 0.22 0.55 10.46
vt 0.80 0.54 -9.30
vt 0.79 0.54 -9.30
vt 0.21 0.54 10.46
vt 0.79 0.53 -9.30
vt 0.21 0.53 10.46
vt 0.80 0.52 -9.30
vt 0.79 0.52 -9.30
vt 0.21 0.52 10.46
vt 0.80 0.51 -9.30
vt 0.79 0.51 -9.30
vt 0.80 0.50 -9.30
vt 0.20 10.46 0.50
vt 0.20 -9.30 0.50
vt 0.42 -9.30 0.50
vt 0.42 10.46 0.50
vt 0.41 10.46 0.50
vt 0.41 -9.30 0.50
vt 0.51 -9.30 0.20
vt 0.51 10.46 0.20
vt 0.52 -9.30 0.20
vt 0.52 10.46 0.20
vt 0.55 -9.30 0.21
vt 0.55 10.46 0.21
vt 0.25 -9.30 0.41
vt 0.25 10.46 0.41
vt 0.26 -9.30 0.40
vt 0.26 10.46 0.40
vt 0.27 -9.30 0.40
vt 0.27 10.46 0.40
vt 0.29 -9.30 0.39
vt 0.29 10.46 0.39
vt 0.30 -9.30 0.39
vt 0.30 10.46 0.39
vt 0.31 -9.30 0.39
vt 0.31 10.46 0.39
vt 0.32 -9.30 0.39
vt 0.32 10.46 0.39
vt 0.33 -9.30 0.39
vt 0.33 10.46 0.39
vt 0.35 -9.30 0.40
vt 0.35 10.46 0.40
vt 0.36 -9.30 0.40
vt 0.36 10.46 0.40
vt 0.37 -9.30 0.41
vt 0.37 10.46 0.41
vt 0.45 -9.30 0.41
vt 0.45 10.46 0.41
vt 0.48 -9.30 0.42
vt 0.48 10.46 0.42
vt 0.49 -9.30 0.42
vt 0.49 10.46 0.42
vt 0.49 10.46 0.24
vt 0.49 -9.30 0.24
vt 0.50 -9.30 0.24
vt 0.50 10.46 0.24
vt 0.48 10.46 0.24
vt 0.48 -9.30 0.24
vt 0.47 10.46 0.24
vt 0.47 -9.30 0.24
vt 0.47 10.46 0.25
vt 0.47 -9.30 0.25
vt 0.46 10.46 0.25
vt 0.46 -9.30 0.25
vt 0.45 10.46 0.25
vt 0.45 -9.30 0.25
vt 0.45 10.46 0.26
vt 0.45 -9.30 0.26
vt 0.74 10.46 0.44
vt 0.74 -9.30 0.44
vt 0.74 -9.30 0.45
vt 0.74 10.46 0.45
vt 0.73 10.46 0.44
vt 0.73 -9.30 0.44
vt 0.72 10.46 0.44
vt 0.72 -9.30 0.44
vt 0.72 10.46 0.43
vt 0.72 -9.30 0.43
vt 0.71 10.46 0.43
vt 0.71 -9.30 0.43
vt 0.70 10.46 0.43
vt 0.70 -9.30 0.43
vt 0.69 10.46 0.43
vt 0.69 -9.30 0.43
vt 0.68 10.46 0.43
vt 0.68 -9.30 0.43
vt 0.67 10.46 0.43
vt 0.67 -9.30 0.43
vt 0.66 10.46 0.43
vt 0.66 -9.30 0.43
vt 0.66 10.46 0.44
vt 0.66 -9.30 0.44
vt 0.65 10.46 0.44
vt 0.65 -9.30 0.44
vt 0.64 10.46 0.44
vt 0.64 -9.30 0.44
vt 0.64 10.46 0.45
vt 0.64 -9.30 0.45
vt 0.55 10.46 0.37
vt 0.55 -9.30 0.37
vt 0.55 -9.30 0.36
vt 0.55 10.46 0.36
vt 0.54 10.46 0.37
vt 0.54 -9.30 0.37
vt 0.53 10.46 0.37
vt 0.53 -9.30 0.37
vt 0.53 10.46 0.38
vt 0.53 -9.30 0.38
vt 0.52 10.46 0.38
vt 0.52 -9.30 0.38
vt 0.51 10.46 0.38
vt 0.51 -9.30 0.38
vt 0.50 10.46 0.38
vt 0.50 -9.30 0.38
vt 0.80 0.49 -9.30
vt 0.76 0.50 -9.30
vt 0.76 0.49 -9.30
vt 0.24 0.49 10.46
vt 0.23 0.50 10.46
vt 0.80 0.48 -9.30
vt 0.76 0.48 -9.30
vt 0.24 0.48 10.46
vt 0.79 0.46 -9.30
vt 0.76 0.47 -9.30
vt 0.21 0.46 10.46
vt 0.24 0.47 10.46
vt 0.79 0.45 -9.30
vt 0.75 0.47 -9.30
vt 0.25 0.47 10.46
vt 0.78 0.44 -9.30
vt 0.75 0.46 -9.30
vt 0.22 0.44 10.46
vt 0.25 0.46 10.46
vt 0.75 0.45 -9.30
vt 0.25 0.45 10.46
vt 0.74 0.45 -9.30
vt 0.26 0.45 10.46
vt 0.74 0.44 -9.30
vt 0.26 0.44 10.46
vt 0.75 0.41 -9.30
vt 0.73 0.44 -9.30
vt 0.25 0.41 10.46
vt 0.27 0.44 10.46
vt 0.74 0.40 -9.30
vt 0.72 0.44 -9.30
vt 0.28 0.44 10.46
vt 0.73 0.40 -9.30
vt 0.72 0.43 -9.30
vt 0.27 0.40 10.46
vt 0.28 0.43 10.46
vt 0.71 0.43 -9.30
vt 0.29 0.43 10.46
vt 0.71 0.39 -9.30
vt 0.70 0.43 -9.30
vt 0.30 0.43 10.46
vt 0.70 0.39 -9.30
vt 0.69 0.39 -9.30
vt 0.69 0.43 -9.30
vt 0.31 0.39 10.46
vt 0.31 0.43 10.46
vt 0.68 0.39 -9.30
vt 0.68 0.43 -9.30
vt 0.32 0.43 10.46
vt 0.67 0.39 -9.30
vt 0.67 0.43 -9.30
vt 0.33 0.43 10.46
vt 0.65 0.40 -9.30
vt 0.66 0.43 -9.30
vt 0.35 0.40 10.46
vt 0.34 0.43 10.46
vt 0.64 0.40 -9.30
vt 0.66 0.44 -9.30
vt 0.34 0.44 10.46
vt 0.63 0.41 -9.30
vt 0.65 0.44 -9.30
vt 0.37 0.41 10.46
vt 0.35 0.44 10.46
vt 0.64 0.44 -9.30
vt 0.36 0.44 10.46
vt 0.64 0.45 -9.30
vt 0.36 0.45 10.46
vt 0.63 0.45 -9.30
vt 0.37 0.45 10.46
vt 0.60 0.44 -9.30
vt 0.63 0.46 -9.30
vt 0.40 0.44 10.46
vt 0.37 0.46 10.46
vt 0.59 0.45 -9.30
vt 0.63 0.47 -9.30
vt 0.37 0.47 10.46
vt 0.59 0.46 -9.30
vt 0.62 0.47 -9.30
vt 0.41 0.46 10.46
vt 0.38 0.47 10.46
vt 0.62 0.48 -9.30
vt 0.38 0.48 10.46
vt 0.58 0.48 -9.30
vt 0.62 0.49 -9.30
vt 0.38 0.49 10.46
vt 0.58 0.49 -9.30
vt 0.62 0.50 -9.30
vt 0.38 0.50 10.46
vt 0.80 -9.30 0.50
vt 0.80 10.46 0.50
vt 0.76 10.46 0.50
vt 0.76 -9.30 0.50
vt 0.58 10.46 0.50
vt 0.58 -9.30 0.50
vt 0.62 -9.30 0.50
vt 0.62 10.46 0.50
vt 0.41 0.51 10.46
vt 0.41 0.50 10.46
vt 0.32 0.60 10.46
vt 0.31 0.60 10.46
vt 0.30 0.60 10.46
vt 0.21 0.51 10.46
vt 0.21 0.50 10.46
vt 0.20 10.79 0.50
vt 0.20 12.18 0.50
vt 0.42 12.18 0.50
vt 0.42 10.79 0.50
vt 0.58 10.46 0.22
vt 0.24 10.46 0.42
vt 0.39 10.46 0.41
vt 0.24 0.50 10.46
vt 0.46 10.46 0.26
vt 0.73 10.46 0.43
vt 0.65 10.46 0.45
vt 0.54 10.46 0.38
vt 0.80 10.49 0.50
vt 0.76 10.47 0.50
# 5442 texture coords

o Floor_lamp_099
g Floor_lamp_099
usemtl Base
s 1
f 1/1/1 2/2/1 3/3/1 
f 3/3/1 4/4/1 5/5/1 
f 5/5/1 6/6/1 7/7/1 
f 3/3/1 5/5/1 7/7/1 
f 7/7/1 8/8/1 9/9/1 
f 9/9/1 10/10/1 11/11/1 
f 7/7/1 9/9/1 11/11/1 
f 3/3/1 7/7/1 11/11/1 
f 11/11/1 12/12/1 13/13/1 
f 13/13/1 14/14/1 15/15/1 
f 11/11/1 13/13/1 15/15/1 
f 15/15/1 16/16/1 17/17/1 
f 17/17/1 18/18/1 19/19/1 
f 15/15/1 17/17/1 19/19/1 
f 11/11/1 15/15/1 19/19/1 
f 3/3/1 11/11/1 19/19/1 
f 19/19/1 20/20/1 21/21/1 
f 21/21/1 22/22/1 23/23/1 
f 19/19/1 21/21/1 23/23/1 
f 23/23/1 24/24/1 25/25/1 
f 25/25/1 26/26/1 27/27/1 
f 23/23/1 25/25/1 27/27/1 
f 19/19/1 23/23/1 27/27/1 
f 27/27/1 28/28/1 29/29/1 
f 29/29/1 30/30/1 31/31/1 
f 27/27/1 29/29/1 31/31/1 
f 31/31/1 32/32/1 33/33/1 
f 33/33/1 34/34/1 35/35/1 
f 31/31/1 33/33/1 35/35/1 
f 27/27/1 31/31/1 35/35/1 
f 19/19/1 27/27/1 35/35/1 
f 3/3/1 19/19/1 35/35/1 
f 35/35/1 36/36/1 37/37/1 
f 37/37/1 38/38/1 39/39/1 
f 35/35/1 37/37/1 39/39/1 
f 39/39/1 40/40/1 41/41/1 
f 41/41/1 42/42/1 43/43/1 
f 39/39/1 41/41/1 43/43/1 
f 35/35/1 39/39/1 43/43/1 
f 43/43/1 44/44/1 45/45/1 
f 45/45/1 46/46/1 47/47/1 
f 43/43/1 45/45/1 47/47/1 
f 47/47/1 48/48/1 49/49/1 
f 49/49/1 50/50/1 51/51/1 
f 47/47/1 49/49/1 51/51/1 
f 43/43/1 47/47/1 51/51/1 
f 35/35/1 43/43/1 51/51/1 
f 51/51/1 52/52/1 53/53/1 
f 53/53/1 54/54/1 55/55/1 
f 51/51/1 53/53/1 55/55/1 
f 55/55/1 56/56/1 57/57/1 
f 57/57/1 58/58/1 59/59/1 
f 55/55/1 57/57/1 59/59/1 
f 51/51/1 55/55/1 59/59/1 
f 59/59/1 60/60/1 61/61/1 
f 61/61/1 62/62/1 63/63/1 
f 59/59/1 61/61/1 63/63/1 
f 63/63/1 64/64/1 65/65/1 
f 65/65/1 66/66/1 67/67/1 
f 63/63/1 65/65/1 67/67/1 
f 59/59/1 63/63/1 67/67/1 
f 51/51/1 59/59/1 67/67/1 
f 35/35/1 51/51/1 67/67/1 
f 3/3/1 35/35/1 67/67/1 
f 67/67/1 68/68/1 69/69/1 
f 69/69/1 70/70/1 71/71/1 
f 67/67/1 69/69/1 71/71/1 
f 71/71/1 72/72/1 73/73/1 
f 73/73/1 74/74/1 75/75/1 
f 71/71/1 73/73/1 75/75/1 
f 67/67/1 71/71/1 75/75/1 
f 75/75/1 76/76/1 77/77/1 
f 77/77/1 78/78/1 79/79/1 
f 75/75/1 77/77/1 79/79/1 
f 79/79/1 80/80/1 81/81/1 
f 81/81/1 82/82/1 83/83/1 
f 79/79/1 81/81/1 83/83/1 
f 75/75/1 79/79/1 83/83/1 
f 67/67/1 75/75/1 83/83/1 
f 83/83/1 84/84/1 85/85/1 
f 85/85/1 86/86/1 87/87/1 
f 83/83/1 85/85/1 87/87/1 
f 87/87/1 88/88/1 89/89/1 
f 89/89/1 90/90/1 91/91/1 
f 87/87/1 89/89/1 91/91/1 
f 83/83/1 87/87/1 91/91/1 
f 91/91/1 92/92/1 93/93/1 
f 93/93/1 94/94/1 95/95/1 
f 91/91/1 93/93/1 95/95/1 
f 95/95/1 96/96/1 97/97/1 
f 97/97/1 98/98/1 99/99/1 
f 95/95/1 97/97/1 99/99/1 
f 91/91/1 95/95/1 99/99/1 
f 83/83/1 91/91/1 99/99/1 
f 67/67/1 83/83/1 99/99/1 
f 3/3/1 67/67/1 99/99/1 
f 99/99/1 100/100/1 101/101/1 
f 101/101/1 102/102/1 103/103/1 
f 99/99/1 101/101/1 103/103/1 
f 103/103/1 104/104/1 105/105/1 
f 105/105/1 106/106/1 107/107/1 
f 103/103/1 105/105/1 107/107/1 
f 99/99/1 103/103/1 107/107/1 
f 107/107/1 108/108/1 109/109/1 
f 109/109/1 110/110/1 111/111/1 
f 107/107/1 109/109/1 111/111/1 
f 111/111/1 112/112/1 113/113/1 
f 113/113/1 114/114/1 115/115/1 
f 111/111/1 113/113/1 115/115/1 
f 107/107/1 111/111/1 115/115/1 
f 99/99/1 107/107/1 115/115/1 
f 3/3/1 99/99/1 115/115/1 
f 115/115/1 116/116/1 117/117/1 
f 117/117/1 118/118/1 119/119/1 
f 115/115/1 117/117/1 119/119/1 
f 119/119/1 120/120/1 121/121/1 
f 121/121/1 122/122/1 123/123/1 
f 119/119/1 121/121/1 123/123/1 
f 115/115/1 119/119/1 123/123/1 
f 3/3/1 115/115/1 123/123/1 
f 123/123/1 124/124/1 125/125/1 
f 125/125/1 126/126/1 127/127/1 
f 123/123/1 125/125/1 127/127/1 
f 3/3/1 123/123/1 127/127/1 
f 1/1/1 3/3/1 127/127/1 
f 1/1/1 127/127/1 128/128/1 
s 8
f 129/129/2 130/130/3 3/131/3 
f 3/131/3 2/132/2 129/129/2 
f 131/133/4 129/129/2 2/132/2 
f 2/132/2 1/134/4 131/133/4 
f 132/135/5 131/133/4 1/134/4 
f 1/134/4 128/136/5 132/135/5 
f 133/137/6 132/135/5 128/136/5 
f 128/136/5 127/138/6 133/137/6 
f 134/139/7 133/137/6 127/138/6 
f 127/138/6 126/140/7 134/139/7 
f 135/141/8 134/139/7 126/140/7 
f 126/140/7 125/142/8 135/141/8 
f 136/143/9 135/141/8 125/142/8 
f 125/142/8 124/144/9 136/143/9 
f 137/145/10 136/143/9 124/144/9 
f 124/144/9 123/146/10 137/145/10 
f 138/147/11 137/145/10 123/146/10 
f 123/146/10 122/148/11 138/147/11 
f 139/149/12 138/147/11 122/148/11 
f 122/148/11 121/150/12 139/149/12 
f 140/151/13 139/149/12 121/150/12 
f 121/150/12 120/152/13 140/151/13 
f 141/153/14 140/151/13 120/152/13 
f 120/152/13 119/154/14 141/153/14 
f 142/155/15 141/153/14 119/154/14 
f 119/154/14 118/156/15 142/155/15 
f 143/157/16 142/155/15 118/156/15 
f 118/156/15 117/158/16 143/157/16 
f 144/159/17 143/157/16 117/158/16 
f 117/158/16 116/160/17 144/159/17 
f 145/161/18 144/159/17 116/160/17 
f 116/160/17 115/162/18 145/161/18 
f 146/163/19 145/164/18 115/165/18 
f 115/165/18 114/166/19 146/163/19 
f 147/167/20 146/163/19 114/166/19 
f 114/166/19 113/168/20 147/167/20 
f 148/169/21 147/167/20 113/168/20 
f 113/168/20 112/170/21 148/169/21 
f 149/171/22 148/169/21 112/170/21 
f 112/170/21 111/172/22 149/171/22 
f 150/173/23 149/171/22 111/172/22 
f 111/172/22 110/174/23 150/173/23 
f 151/175/24 150/173/23 110/174/23 
f 110/174/23 109/176/24 151/175/24 
f 152/177/25 151/175/24 109/176/24 
f 109/176/24 108/178/25 152/177/25 
f 153/179/26 152/177/25 108/178/25 
f 108/178/25 107/180/26 153/179/26 
f 154/181/27 153/179/26 107/180/26 
f 107/180/26 106/182/27 154/181/27 
f 155/183/28 154/181/27 106/182/27 
f 106/182/27 105/184/28 155/183/28 
f 156/185/29 155/183/28 105/184/28 
f 105/184/28 104/186/29 156/185/29 
f 157/187/30 156/185/29 104/186/29 
f 104/186/29 103/188/30 157/187/30 
f 158/189/31 157/187/30 103/188/30 
f 103/188/30 102/190/31 158/189/31 
f 159/191/32 158/189/31 102/190/31 
f 102/190/31 101/192/32 159/191/32 
f 160/193/33 159/191/32 101/192/32 
f 101/192/32 100/194/33 160/193/33 
f 161/130/34 160/193/33 100/194/33 
f 100/194/33 99/131/34 161/130/34 
f 162/129/35 161/130/34 99/131/34 
f 99/131/34 98/132/35 162/129/35 
f 163/133/36 162/129/35 98/132/35 
f 98/132/35 97/134/36 163/133/36 
f 164/135/37 163/133/36 97/134/36 
f 97/134/36 96/136/37 164/135/37 
f 165/137/38 164/135/37 96/136/37 
f 96/136/37 95/138/38 165/137/38 
f 166/139/39 165/137/38 95/138/38 
f 95/138/38 94/140/39 166/139/39 
f 167/141/40 166/139/39 94/140/39 
f 94/140/39 93/142/40 167/141/40 
f 168/143/41 167/141/40 93/142/40 
f 93/142/40 92/144/41 168/143/41 
f 169/145/42 168/143/41 92/144/41 
f 92/144/41 91/146/42 169/145/42 
f 170/147/43 169/145/42 91/146/42 
f 91/146/42 90/148/43 170/147/43 
f 171/149/44 170/147/43 90/148/43 
f 90/148/43 89/150/44 171/149/44 
f 172/151/45 171/149/44 89/150/44 
f 89/150/44 88/152/45 172/151/45 
f 173/153/46 172/151/45 88/152/45 
f 88/152/45 87/154/46 173/153/46 
f 174/155/47 173/153/46 87/154/46 
f 87/154/46 86/156/47 174/155/47 
f 175/157/48 174/155/47 86/156/47 
f 86/156/47 85/158/48 175/157/48 
f 176/159/49 175/157/48 85/158/48 
f 85/158/48 84/160/49 176/159/49 
f 177/161/50 176/159/49 84/160/49 
f 84/160/49 83/162/50 177/161/50 
f 178/195/51 177/196/50 83/197/50 
f 83/197/50 82/198/51 178/195/51 
f 179/199/52 178/195/51 82/198/51 
f 82/198/51 81/200/52 179/199/52 
f 180/201/53 179/199/52 81/200/52 
f 81/200/52 80/202/53 180/201/53 
f 181/203/54 180/201/53 80/202/53 
f 80/202/53 79/204/54 181/203/54 
f 182/205/55 181/203/54 79/204/54 
f 79/204/54 78/206/55 182/205/55 
f 183/207/56 182/205/55 78/206/55 
f 78/206/55 77/208/56 183/207/56 
f 184/209/57 183/207/56 77/208/56 
f 77/208/56 76/210/57 184/209/57 
f 185/211/58 184/209/57 76/210/57 
f 76/210/57 75/212/58 185/211/58 
f 186/213/59 185/211/58 75/212/58 
f 75/212/58 74/214/59 186/213/59 
f 187/215/60 186/213/59 74/214/59 
f 74/214/59 73/216/60 187/215/60 
f 188/217/61 187/215/60 73/216/60 
f 73/216/60 72/218/61 188/217/61 
f 189/219/62 188/217/61 72/218/61 
f 72/218/61 71/220/62 189/219/62 
f 190/221/63 189/219/62 71/220/62 
f 71/220/62 70/222/63 190/221/63 
f 191/223/64 190/221/63 70/222/63 
f 70/222/63 69/224/64 191/223/64 
f 192/225/65 191/223/64 69/224/64 
f 69/224/64 68/226/65 192/225/65 
f 193/227/66 192/225/65 68/226/65 
f 68/226/65 67/228/66 193/227/66 
f 194/229/67 193/227/66 67/228/66 
f 67/228/66 66/230/67 194/229/67 
f 195/231/68 194/229/67 66/230/67 
f 66/230/67 65/232/68 195/231/68 
f 196/233/69 195/231/68 65/232/68 
f 65/232/68 64/234/69 196/233/69 
f 197/235/70 196/233/69 64/234/69 
f 64/234/69 63/236/70 197/235/70 
f 198/237/71 197/235/70 63/236/70 
f 63/236/70 62/238/71 198/237/71 
f 199/239/72 198/237/71 62/238/71 
f 62/238/71 61/240/72 199/239/72 
f 200/241/73 199/239/72 61/240/72 
f 61/240/72 60/242/73 200/241/73 
f 201/243/74 200/241/73 60/242/73 
f 60/242/73 59/244/74 201/243/74 
f 202/245/75 201/243/74 59/244/74 
f 59/244/74 58/246/75 202/245/75 
f 203/247/76 202/245/75 58/246/75 
f 58/246/75 57/248/76 203/247/76 
f 204/249/77 203/247/76 57/248/76 
f 57/248/76 56/250/77 204/249/77 
f 205/251/78 204/249/77 56/250/77 
f 56/250/77 55/252/78 205/251/78 
f 206/253/79 205/251/78 55/252/78 
f 55/252/78 54/254/79 206/253/79 
f 207/255/80 206/253/79 54/254/79 
f 54/254/79 53/256/80 207/255/80 
f 208/257/81 207/255/80 53/256/80 
f 53/256/80 52/258/81 208/257/81 
f 209/259/82 208/257/81 52/258/81 
f 52/258/81 51/260/82 209/259/82 
f 210/195/83 209/196/82 51/197/82 
f 51/197/82 50/198/83 210/195/83 
f 211/199/84 210/195/83 50/198/83 
f 50/198/83 49/200/84 211/199/84 
f 212/201/85 211/199/84 49/200/84 
f 49/200/84 48/202/85 212/201/85 
f 213/203/86 212/201/85 48/202/85 
f 48/202/85 47/204/86 213/203/86 
f 214/205/87 213/203/86 47/204/86 
f 47/204/86 46/206/87 214/205/87 
f 215/207/88 214/205/87 46/206/87 
f 46/206/87 45/208/88 215/207/88 
f 216/209/89 215/207/88 45/208/88 
f 45/208/88 44/210/89 216/209/89 
f 217/211/90 216/209/89 44/210/89 
f 44/210/89 43/212/90 217/211/90 
f 218/213/91 217/211/90 43/212/90 
f 43/212/90 42/214/91 218/213/91 
f 219/215/92 218/213/91 42/214/91 
f 42/214/91 41/216/92 219/215/92 
f 220/217/93 219/215/92 41/216/92 
f 41/216/92 40/218/93 220/217/93 
f 221/219/94 220/217/93 40/218/93 
f 40/218/93 39/220/94 221/219/94 
f 222/221/95 221/219/94 39/220/94 
f 39/220/94 38/222/95 222/221/95 
f 223/223/96 222/221/95 38/222/95 
f 38/222/95 37/224/96 223/223/96 
f 224/225/97 223/223/96 37/224/96 
f 37/224/96 36/226/97 224/225/97 
f 225/227/98 224/225/97 36/226/97 
f 36/226/97 35/228/98 225/227/98 
f 226/229/99 225/227/98 35/228/98 
f 35/228/98 34/230/99 226/229/99 
f 227/231/100 226/229/99 34/230/99 
f 34/230/99 33/232/100 227/231/100 
f 228/233/101 227/231/100 33/232/100 
f 33/232/100 32/234/101 228/233/101 
f 229/235/102 228/233/101 32/234/101 
f 32/234/101 31/236/102 229/235/102 
f 230/237/103 229/235/102 31/236/102 
f 31/236/102 30/238/103 230/237/103 
f 231/239/104 230/237/103 30/238/103 
f 30/238/103 29/240/104 231/239/104 
f 232/241/105 231/239/104 29/240/104 
f 29/240/104 28/242/105 232/241/105 
f 233/243/106 232/241/105 28/242/105 
f 28/242/105 27/244/106 233/243/106 
f 234/245/107 233/243/106 27/244/106 
f 27/244/106 26/246/107 234/245/107 
f 235/247/108 234/245/107 26/246/107 
f 26/246/107 25/248/108 235/247/108 
f 236/249/109 235/247/108 25/248/108 
f 25/248/108 24/250/109 236/249/109 
f 237/251/110 236/249/109 24/250/109 
f 24/250/109 23/252/110 237/251/110 
f 238/253/111 237/251/110 23/252/110 
f 23/252/110 22/254/111 238/253/111 
f 239/255/112 238/253/111 22/254/111 
f 22/254/111 21/256/112 239/255/112 
f 240/257/113 239/255/112 21/256/112 
f 21/256/112 20/258/113 240/257/113 
f 241/259/114 240/257/113 20/258/113 
f 20/258/113 19/260/114 241/259/114 
f 242/163/115 241/164/114 19/165/114 
f 19/165/114 18/166/115 242/163/115 
f 243/167/116 242/163/115 18/166/115 
f 18/166/115 17/168/116 243/167/116 
f 244/169/117 243/167/116 17/168/116 
f 17/168/116 16/170/117 244/169/117 
f 245/171/118 244/169/117 16/170/117 
f 16/170/117 15/172/118 245/171/118 
f 246/173/119 245/171/118 15/172/118 
f 15/172/118 14/174/119 246/173/119 
f 247/175/120 246/173/119 14/174/119 
f 14/174/119 13/176/120 247/175/120 
f 248/177/121 247/175/120 13/176/120 
f 13/176/120 12/178/121 248/177/121 
f 249/179/122 248/177/121 12/178/121 
f 12/178/121 11/180/122 249/179/122 
f 250/181/123 249/179/122 11/180/122 
f 11/180/122 10/182/123 250/181/123 
f 251/183/124 250/181/123 10/182/123 
f 10/182/123 9/184/124 251/183/124 
f 252/185/125 251/183/124 9/184/124 
f 9/184/124 8/186/125 252/185/125 
f 253/187/126 252/185/125 8/186/125 
f 8/186/125 7/188/126 253/187/126 
f 254/189/127 253/187/126 7/188/126 
f 7/188/126 6/190/127 254/189/127 
f 255/191/128 254/189/127 6/190/127 
f 6/190/127 5/192/128 255/191/128 
f 256/193/129 255/191/128 5/192/128 
f 5/192/128 4/194/129 256/193/129 
f 130/130/3 256/193/129 4/194/129 
f 4/194/129 3/131/3 130/130/3 
s 1
f 253/261/130 254/262/130 255/263/130 
f 255/263/130 256/264/130 130/265/130 
f 130/265/130 129/266/130 131/267/130 
f 255/263/130 130/265/130 131/267/130 
f 131/267/130 132/268/130 133/269/130 
f 133/269/130 134/270/130 135/271/130 
f 131/267/130 133/269/130 135/271/130 
f 255/263/130 131/267/130 135/271/130 
f 135/271/130 136/272/130 137/273/130 
f 137/273/130 138/274/130 139/275/130 
f 135/271/130 137/273/130 139/275/130 
f 139/275/130 140/276/130 141/277/130 
f 141/277/130 142/278/130 143/279/130 
f 139/275/130 141/277/130 143/279/130 
f 135/271/130 139/275/130 143/279/130 
f 255/263/130 135/271/130 143/279/130 
f 143/279/130 144/280/130 145/281/130 
f 145/281/130 146/282/130 147/283/130 
f 143/279/130 145/281/130 147/283/130 
f 147/283/130 148/284/130 149/285/130 
f 149/285/130 150/286/130 151/287/130 
f 147/283/130 149/285/130 151/287/130 
f 143/279/130 147/283/130 151/287/130 
f 151/287/130 152/288/130 153/289/130 
f 153/289/130 154/290/130 155/291/130 
f 151/287/130 153/289/130 155/291/130 
f 155/291/130 156/292/130 157/293/130 
f 157/293/130 158/294/130 159/295/130 
f 155/291/130 157/293/130 159/295/130 
f 151/287/130 155/291/130 159/295/130 
f 143/279/130 151/287/130 159/295/130 
f 255/263/130 143/279/130 159/295/130 
f 159/295/130 160/296/130 161/297/130 
f 161/297/130 162/298/130 163/299/130 
f 159/295/130 161/297/130 163/299/130 
f 163/299/130 164/300/130 165/301/130 
f 165/301/130 166/302/130 167/303/130 
f 163/299/130 165/301/130 167/303/130 
f 159/295/130 163/299/130 167/303/130 
f 167/303/130 168/304/130 169/305/130 
f 169/305/130 170/306/130 171/307/130 
f 167/303/130 169/305/130 171/307/130 
f 171/307/130 172/308/130 173/309/130 
f 173/309/130 174/310/130 175/311/130 
f 171/307/130 173/309/130 175/311/130 
f 167/303/130 171/307/130 175/311/130 
f 159/295/130 167/303/130 175/311/130 
f 175/311/130 176/312/130 177/313/130 
f 177/313/130 178/314/130 179/315/130 
f 175/311/130 177/313/130 179/315/130 
f 179/315/130 180/316/130 181/317/130 
f 181/317/130 182/318/130 183/319/130 
f 179/315/130 181/317/130 183/319/130 
f 175/311/130 179/315/130 183/319/130 
f 183/319/130 184/320/130 185/321/130 
f 185/321/130 186/322/130 187/323/130 
f 183/319/130 185/321/130 187/323/130 
f 187/323/130 188/324/130 189/325/130 
f 189/325/130 190/326/130 191/327/130 
f 187/323/130 189/325/130 191/327/130 
f 183/319/130 187/323/130 191/327/130 
f 175/311/130 183/319/130 191/327/130 
f 159/295/130 175/311/130 191/327/130 
f 255/263/130 159/295/130 191/327/130 
f 191/327/130 192/328/130 193/329/130 
f 193/329/130 194/330/130 195/331/130 
f 191/327/130 193/329/130 195/331/130 
f 195/331/130 196/332/130 197/333/130 
f 197/333/130 198/334/130 199/335/130 
f 195/331/130 197/333/130 199/335/130 
f 191/327/130 195/331/130 199/335/130 
f 199/335/130 200/336/130 201/337/130 
f 201/337/130 202/338/130 203/339/130 
f 199/335/130 201/337/130 203/339/130 
f 203/339/130 204/340/130 205/341/130 
f 205/341/130 206/342/130 207/343/130 
f 203/339/130 205/341/130 207/343/130 
f 199/335/130 203/339/130 207/343/130 
f 191/327/130 199/335/130 207/343/130 
f 207/343/130 208/344/130 209/345/130 
f 209/345/130 210/346/130 211/347/130 
f 207/343/130 209/345/130 211/347/130 
f 211/347/130 212/348/130 213/349/130 
f 213/349/130 214/350/130 215/351/130 
f 211/347/130 213/349/130 215/351/130 
f 207/343/130 211/347/130 215/351/130 
f 215/351/130 216/352/130 217/353/130 
f 217/353/130 218/354/130 219/355/130 
f 215/351/130 217/353/130 219/355/130 
f 219/355/130 220/356/130 221/357/130 
f 221/357/130 222/358/130 223/359/130 
f 219/355/130 221/357/130 223/359/130 
f 215/351/130 219/355/130 223/359/130 
f 207/343/130 215/351/130 223/359/130 
f 191/327/130 207/343/130 223/359/130 
f 255/263/130 191/327/130 223/359/130 
f 223/359/130 224/360/130 225/361/130 
f 225/361/130 226/362/130 227/363/130 
f 223/359/130 225/361/130 227/363/130 
f 227/363/130 228/364/130 229/365/130 
f 229/365/130 230/366/130 231/367/130 
f 227/363/130 229/365/130 231/367/130 
f 223/359/130 227/363/130 231/367/130 
f 231/367/130 232/368/130 233/369/130 
f 233/369/130 234/370/130 235/371/130 
f 231/367/130 233/369/130 235/371/130 
f 235/371/130 236/372/130 237/373/130 
f 237/373/130 238/374/130 239/375/130 
f 235/371/130 237/373/130 239/375/130 
f 231/367/130 235/371/130 239/375/130 
f 223/359/130 231/367/130 239/375/130 
f 255/263/130 223/359/130 239/375/130 
f 239/375/130 240/376/130 241/377/130 
f 241/377/130 242/378/130 243/379/130 
f 239/375/130 241/377/130 243/379/130 
f 243/379/130 244/380/130 245/381/130 
f 245/381/130 246/382/130 247/383/130 
f 243/379/130 245/381/130 247/383/130 
f 239/375/130 243/379/130 247/383/130 
f 255/263/130 239/375/130 247/383/130 
f 247/383/130 248/384/130 249/385/130 
f 249/385/130 250/386/130 251/387/130 
f 247/383/130 249/385/130 251/387/130 
f 255/263/130 247/383/130 251/387/130 
f 253/261/130 255/263/130 251/387/130 
f 253/261/130 251/387/130 252/388/130 
f 257/389/6 258/390/3 259/391/131 
f 259/391/131 260/392/132 257/389/6 
f 261/393/10 257/389/6 260/392/132 
f 260/392/132 262/394/133 261/393/10 
f 263/395/14 261/393/10 262/394/133 
f 262/394/133 264/396/134 263/395/14 
f 265/397/18 263/395/14 264/396/134 
f 264/396/134 266/398/135 265/397/18 
f 267/399/22 265/400/18 266/401/135 
f 266/401/135 268/402/136 267/399/22 
f 269/403/26 267/399/22 268/402/136 
f 268/402/136 270/404/137 269/403/26 
f 271/405/30 269/403/26 270/404/137 
f 270/404/137 272/406/138 271/405/30 
f 273/407/139 271/405/30 272/406/138 
f 272/406/138 274/408/140 273/407/139 
f 275/409/38 273/407/139 274/408/140 
f 274/408/140 276/410/141 275/409/38 
f 277/411/42 275/409/38 276/410/141 
f 276/410/141 278/412/142 277/411/42 
f 279/413/46 277/411/42 278/412/142 
f 278/412/142 280/414/143 279/413/46 
f 281/415/50 279/413/46 280/414/143 
f 280/414/143 282/416/144 281/415/50 
f 283/417/54 281/418/50 282/419/144 
f 282/419/144 284/420/145 283/417/54 
f 285/421/58 283/417/54 284/420/145 
f 284/420/145 286/422/146 285/421/58 
f 287/423/62 285/421/58 286/422/146 
f 286/422/146 288/424/147 287/423/62 
f 289/425/148 287/423/62 288/424/147 
f 288/424/147 290/426/149 289/425/148 
f 291/427/70 289/425/148 290/426/149 
f 290/426/149 292/428/150 291/427/70 
f 293/429/74 291/427/70 292/428/150 
f 292/428/150 294/430/151 293/429/74 
f 295/431/78 293/429/74 294/430/151 
f 294/430/151 296/432/152 295/431/78 
f 297/433/82 295/431/78 296/432/152 
f 296/432/152 298/434/153 297/433/82 
f 299/435/86 297/436/82 298/437/153 
f 298/437/153 300/438/154 299/435/86 
f 301/439/90 299/435/86 300/438/154 
f 300/438/154 302/440/155 301/439/90 
f 303/441/94 301/439/90 302/440/155 
f 302/440/155 304/442/156 303/441/94 
f 305/443/157 303/441/94 304/442/156 
f 304/442/156 306/444/158 305/443/157 
f 307/445/102 305/443/157 306/444/158 
f 306/444/158 308/446/159 307/445/102 
f 309/447/106 307/445/102 308/446/159 
f 308/446/159 310/448/160 309/447/106 
f 311/449/110 309/447/106 310/448/160 
f 310/448/160 312/450/161 311/449/110 
f 313/451/114 311/449/110 312/450/161 
f 312/450/161 314/452/162 313/451/114 
f 315/453/118 313/454/114 314/455/162 
f 314/455/162 316/456/163 315/453/118 
f 317/457/122 315/453/118 316/456/163 
f 316/456/163 318/458/164 317/457/122 
f 319/459/126 317/457/122 318/458/164 
f 318/458/164 320/460/165 319/459/126 
f 258/390/3 319/459/126 320/460/165 
f 320/460/165 259/391/131 258/390/3 
f 321/461/166 322/462/167 323/463/168 
f 323/463/168 324/464/169 325/465/170 
f 325/465/170 326/466/171 327/467/172 
f 323/463/168 325/465/170 327/467/172 
f 327/467/172 328/468/173 329/469/174 
f 329/469/174 330/470/175 331/471/176 
f 327/467/172 329/469/174 331/471/176 
f 323/463/168 327/467/172 331/471/176 
f 331/471/176 332/472/177 333/473/178 
f 333/473/178 334/474/179 335/475/180 
f 331/471/176 333/473/178 335/475/180 
f 335/475/180 336/476/181 337/477/182 
f 337/477/182 338/478/183 339/479/184 
f 335/475/180 337/477/182 339/479/184 
f 331/471/176 335/475/180 339/479/184 
f 323/463/168 331/471/176 339/479/184 
f 339/479/184 340/480/185 341/481/186 
f 341/481/186 342/482/187 343/483/188 
f 339/479/184 341/481/186 343/483/188 
f 343/483/188 344/484/189 345/485/190 
f 345/485/190 346/486/191 347/487/192 
f 343/483/188 345/485/190 347/487/192 
f 339/479/184 343/483/188 347/487/192 
f 323/463/168 339/479/184 347/487/192 
f 347/487/192 348/488/193 349/489/194 
f 349/489/194 350/490/195 351/491/196 
f 347/487/192 349/489/194 351/491/196 
f 323/463/168 347/487/192 351/491/196 
f 321/461/166 323/463/168 351/491/196 
f 321/461/166 351/491/196 352/492/197 
s 2
f 315/493/130 317/494/130 319/495/130 
f 319/495/130 258/496/130 257/497/130 
f 257/497/130 261/498/130 263/499/130 
f 319/495/130 257/497/130 263/499/130 
f 263/499/130 265/500/130 267/501/130 
f 267/501/130 269/502/130 271/503/130 
f 263/499/130 267/501/130 271/503/130 
f 319/495/130 263/499/130 271/503/130 
f 271/503/130 273/504/130 275/505/130 
f 275/505/130 277/506/130 279/507/130 
f 271/503/130 275/505/130 279/507/130 
f 279/507/130 281/508/130 283/509/130 
f 283/509/130 285/510/130 287/511/130 
f 279/507/130 283/509/130 287/511/130 
f 271/503/130 279/507/130 287/511/130 
f 319/495/130 271/503/130 287/511/130 
f 287/511/130 289/512/130 291/513/130 
f 291/513/130 293/514/130 295/515/130 
f 287/511/130 291/513/130 295/515/130 
f 295/515/130 297/516/130 299/517/130 
f 299/517/130 301/518/130 303/519/130 
f 295/515/130 299/517/130 303/519/130 
f 287/511/130 295/515/130 303/519/130 
f 319/495/130 287/511/130 303/519/130 
f 303/519/130 305/520/130 307/521/130 
f 307/521/130 309/522/130 311/523/130 
f 303/519/130 307/521/130 311/523/130 
f 319/495/130 303/519/130 311/523/130 
f 315/493/130 319/495/130 311/523/130 
f 315/493/130 311/523/130 313/524/130 
s 1
f 259/391/131 353/525/198 354/526/199 
f 354/526/199 260/392/132 259/391/131 
f 260/392/132 354/526/199 355/527/200 
f 355/527/200 262/394/133 260/392/132 
f 262/394/133 355/527/200 356/528/201 
f 356/528/201 264/396/134 262/394/133 
f 264/396/134 356/528/201 357/529/202 
f 357/529/202 266/398/135 264/396/134 
f 266/401/135 357/530/202 358/531/203 
f 358/531/203 268/402/136 266/401/135 
f 268/402/136 358/531/203 359/532/204 
f 359/532/204 270/404/137 268/402/136 
f 270/404/137 359/532/204 360/533/205 
f 360/533/205 272/406/138 270/404/137 
f 272/406/138 360/533/205 361/534/206 
f 361/534/206 274/408/140 272/406/138 
f 274/408/140 361/534/206 362/535/207 
f 362/535/207 276/410/141 274/408/140 
f 276/410/141 362/535/207 363/536/208 
f 363/536/208 278/412/142 276/410/141 
f 278/412/142 363/536/208 364/537/209 
f 364/537/209 280/414/143 278/412/142 
f 280/414/143 364/537/209 365/538/210 
f 365/538/210 282/416/144 280/414/143 
f 282/419/144 365/539/210 366/540/211 
f 366/540/211 284/420/145 282/419/144 
f 284/420/145 366/540/211 367/541/212 
f 367/541/212 286/422/146 284/420/145 
f 286/422/146 367/541/212 368/542/213 
f 368/542/213 288/424/147 286/422/146 
f 288/424/147 368/542/213 369/543/214 
f 369/543/214 290/426/149 288/424/147 
f 290/426/149 369/543/214 370/544/215 
f 370/544/215 292/428/150 290/426/149 
f 292/428/150 370/544/215 371/545/216 
f 371/545/216 294/430/151 292/428/150 
f 294/430/151 371/545/216 372/546/217 
f 372/546/217 296/432/152 294/430/151 
f 296/432/152 372/546/217 373/547/218 
f 373/547/218 298/434/153 296/432/152 
f 298/437/153 373/548/218 374/549/219 
f 374/549/219 300/438/154 298/437/153 
f 300/438/154 374/549/219 375/550/220 
f 375/550/220 302/440/155 300/438/154 
f 302/440/155 375/550/220 376/551/221 
f 376/551/221 304/442/156 302/440/155 
f 304/442/156 376/551/221 377/552/222 
f 377/552/222 306/444/158 304/442/156 
f 306/444/158 377/552/222 378/553/223 
f 378/553/223 308/446/159 306/444/158 
f 308/446/159 378/553/223 379/554/224 
f 379/554/224 310/448/160 308/446/159 
f 310/448/160 379/554/224 380/555/225 
f 380/555/225 312/450/161 310/448/160 
f 312/450/161 380/555/225 381/556/226 
f 381/556/226 314/452/162 312/450/161 
f 314/455/162 381/557/226 382/558/227 
f 382/558/227 316/456/163 314/455/162 
f 316/456/163 382/558/227 383/559/228 
f 383/559/228 318/458/164 316/456/163 
f 318/458/164 383/559/228 384/560/229 
f 384/560/229 320/460/165 318/458/164 
f 320/460/165 384/560/229 353/525/198 
f 353/525/198 259/391/131 320/460/165 
f 353/561/198 385/562/230 386/563/231 
f 386/563/231 354/564/199 353/561/198 
f 385/562/230 323/463/168 322/462/167 
f 322/462/167 386/563/231 385/562/230 
f 354/564/199 386/563/231 387/565/232 
f 387/565/232 355/566/200 354/564/199 
f 386/563/231 322/462/167 321/461/166 
f 321/461/166 387/565/232 386/563/231 
f 355/566/200 387/565/232 388/567/233 
f 388/567/233 356/568/201 355/566/200 
f 387/565/232 321/461/166 352/492/197 
f 352/492/197 388/567/233 387/565/232 
f 356/568/201 388/567/233 389/569/234 
f 389/569/234 357/570/202 356/568/201 
f 388/567/233 352/492/197 351/491/196 
f 351/491/196 389/569/234 388/567/233 
f 357/570/202 389/569/234 390/571/235 
f 390/571/235 358/572/203 357/570/202 
f 389/569/234 351/491/196 350/490/195 
f 350/490/195 390/571/235 389/569/234 
f 358/572/203 390/571/235 391/573/236 
f 391/573/236 359/574/204 358/572/203 
f 390/571/235 350/490/195 349/489/194 
f 349/489/194 391/573/236 390/571/235 
f 359/574/204 391/573/236 392/575/237 
f 392/575/237 360/576/205 359/574/204 
f 391/573/236 349/489/194 348/488/193 
f 348/488/193 392/575/237 391/573/236 
f 360/576/205 392/575/237 393/577/238 
f 393/577/238 361/578/206 360/576/205 
f 392/575/237 348/488/193 347/487/192 
f 347/487/192 393/577/238 392/575/237 
f 361/578/206 393/577/238 394/579/239 
f 394/579/239 362/580/207 361/578/206 
f 393/577/238 347/487/192 346/486/191 
f 346/486/191 394/579/239 393/577/238 
f 362/580/207 394/579/239 395/581/240 
f 395/581/240 363/582/208 362/580/207 
f 394/579/239 346/486/191 345/485/190 
f 345/485/190 395/581/240 394/579/239 
f 363/582/208 395/581/240 396/583/241 
f 396/583/241 364/584/209 363/582/208 
f 395/581/240 345/485/190 344/484/189 
f 344/484/189 396/583/241 395/581/240 
f 364/584/209 396/583/241 397/585/242 
f 397/585/242 365/586/210 364/584/209 
f 396/583/241 344/484/189 343/483/188 
f 343/483/188 397/585/242 396/583/241 
f 365/586/210 397/585/242 398/587/243 
f 398/587/243 366/588/211 365/586/210 
f 397/585/242 343/483/188 342/482/187 
f 342/482/187 398/587/243 397/585/242 
f 366/588/211 398/587/243 399/589/244 
f 399/589/244 367/590/212 366/588/211 
f 398/587/243 342/482/187 341/481/186 
f 341/481/186 399/589/244 398/587/243 
f 367/590/212 399/589/244 400/591/245 
f 400/591/245 368/592/213 367/590/212 
f 399/589/244 341/481/186 340/480/185 
f 340/480/185 400/591/245 399/589/244 
f 368/592/213 400/591/245 401/593/246 
f 401/593/246 369/594/214 368/592/213 
f 400/591/245 340/480/185 339/479/184 
f 339/479/184 401/593/246 400/591/245 
f 369/594/214 401/593/246 402/595/247 
f 402/595/247 370/596/215 369/594/214 
f 401/593/246 339/479/184 338/478/183 
f 338/478/183 402/595/247 401/593/246 
f 370/596/215 402/595/247 403/597/248 
f 403/597/248 371/598/216 370/596/215 
f 402/595/247 338/478/183 337/477/182 
f 337/477/182 403/597/248 402/595/247 
f 371/598/216 403/597/248 404/599/249 
f 404/599/249 372/600/217 371/598/216 
f 403/597/248 337/477/182 336/476/181 
f 336/476/181 404/599/249 403/597/248 
f 372/600/217 404/599/249 405/601/250 
f 405/601/250 373/602/218 372/600/217 
f 404/599/249 336/476/181 335/475/180 
f 335/475/180 405/601/250 404/599/249 
f 373/602/218 405/601/250 406/603/251 
f 406/603/251 374/604/219 373/602/218 
f 405/601/250 335/475/180 334/474/179 
f 334/474/179 406/603/251 405/601/250 
f 374/604/219 406/603/251 407/605/252 
f 407/605/252 375/606/220 374/604/219 
f 406/603/251 334/474/179 333/473/178 
f 333/473/178 407/605/252 406/603/251 
f 375/606/220 407/605/252 408/607/253 
f 408/607/253 376/608/221 375/606/220 
f 407/605/252 333/473/178 332/472/177 
f 332/472/177 408/607/253 407/605/252 
f 376/608/221 408/607/253 409/609/254 
f 409/609/254 377/610/222 376/608/221 
f 408/607/253 332/472/177 331/471/176 
f 331/471/176 409/609/254 408/607/253 
f 377/610/222 409/609/254 410/611/255 
f 410/611/255 378/612/223 377/610/222 
f 409/609/254 331/471/176 330/470/175 
f 330/470/175 410/611/255 409/609/254 
f 378/612/223 410/611/255 411/613/256 
f 411/613/256 379/614/224 378/612/223 
f 410/611/255 330/470/175 329/469/174 
f 329/469/174 411/613/256 410/611/255 
f 379/614/224 411/613/256 412/615/257 
f 412/615/257 380/616/225 379/614/224 
f 411/613/256 329/469/174 328/468/173 
f 328/468/173 412/615/257 411/613/256 
f 380/616/225 412/615/257 413/617/258 
f 413/617/258 381/618/226 380/616/225 
f 412/615/257 328/468/173 327/467/172 
f 327/467/172 413/617/258 412/615/257 
f 381/618/226 413/617/258 414/619/259 
f 414/619/259 382/620/227 381/618/226 
f 413/617/258 327/467/172 326/466/171 
f 326/466/171 414/619/259 413/617/258 
f 382/620/227 414/619/259 415/621/260 
f 415/621/260 383/622/228 382/620/227 
f 414/619/259 326/466/171 325/465/170 
f 325/465/170 415/621/260 414/619/259 
f 383/622/228 415/621/260 416/623/261 
f 416/623/261 384/624/229 383/622/228 
f 415/621/260 325/465/170 324/464/169 
f 324/464/169 416/623/261 415/621/260 
f 384/624/229 416/623/261 385/562/230 
f 385/562/230 353/561/198 384/624/229 
f 416/623/261 324/464/169 323/463/168 
f 323/463/168 385/562/230 416/623/261 
f 417/625/262 418/626/263 419/627/264 
f 419/627/264 420/628/265 417/625/262 
f 421/629/266 417/625/262 420/628/265 
f 420/628/265 422/630/267 421/629/266 
f 423/631/268 421/629/266 422/630/267 
f 422/630/267 424/632/269 423/631/268 
f 425/633/270 423/631/268 424/632/269 
f 424/632/269 426/634/271 425/633/270 
f 427/635/272 425/633/270 426/634/271 
f 426/634/271 428/636/273 427/635/272 
f 429/637/274 427/635/272 428/636/273 
f 428/636/273 430/638/275 429/637/274 
f 431/639/276 429/640/274 430/641/275 
f 430/641/275 432/642/277 431/639/276 
f 433/643/278 431/639/276 432/642/277 
f 432/642/277 434/644/279 433/643/278 
f 435/645/280 433/643/278 434/644/279 
f 434/644/279 436/646/281 435/645/280 
f 437/647/282 435/645/280 436/646/281 
f 436/646/281 438/648/283 437/647/282 
f 439/649/284 437/647/282 438/648/283 
f 438/648/283 440/650/285 439/649/284 
f 441/651/286 439/649/284 440/650/285 
f 440/650/285 442/652/287 441/651/286 
f 443/653/288 441/651/286 442/652/287 
f 442/652/287 444/654/289 443/653/288 
f 445/655/290 443/653/288 444/654/289 
f 444/654/289 446/656/291 445/655/290 
f 447/657/292 445/658/290 446/659/291 
f 446/659/291 448/660/293 447/657/292 
f 449/661/294 447/657/292 448/660/293 
f 448/660/293 450/662/295 449/661/294 
f 451/663/296 449/661/294 450/662/295 
f 450/662/295 452/664/297 451/663/296 
f 453/665/298 451/663/296 452/664/297 
f 452/664/297 454/666/299 453/665/298 
f 455/667/300 453/665/298 454/666/299 
f 454/666/299 456/668/301 455/667/300 
f 457/669/302 455/667/300 456/668/301 
f 456/668/301 458/670/303 457/669/302 
f 459/671/304 457/669/302 458/670/303 
f 458/670/303 460/672/305 459/671/304 
f 461/673/306 459/671/304 460/672/305 
f 460/672/305 462/674/307 461/673/306 
f 463/675/308 461/676/306 462/677/307 
f 462/677/307 464/678/309 463/675/308 
f 465/679/310 463/675/308 464/678/309 
f 464/678/309 466/680/311 465/679/310 
f 467/681/312 465/679/310 466/680/311 
f 466/680/311 468/682/313 467/681/312 
f 469/683/314 467/681/312 468/682/313 
f 468/682/313 470/684/315 469/683/314 
f 471/685/316 469/683/314 470/684/315 
f 470/684/315 472/686/317 471/685/316 
f 473/687/318 471/685/316 472/686/317 
f 472/686/317 474/688/319 473/687/318 
f 475/689/320 473/687/318 474/688/319 
f 474/688/319 476/690/321 475/689/320 
f 477/691/322 475/689/320 476/690/321 
f 476/690/321 478/692/323 477/691/322 
f 479/693/324 477/694/322 478/695/323 
f 478/695/323 480/696/325 479/693/324 
f 418/626/263 479/693/324 480/696/325 
f 480/696/325 419/627/264 418/626/263 
f 481/697/326 482/698/327 483/699/328 
f 483/699/328 484/700/329 485/701/330 
f 485/701/330 486/702/331 487/703/332 
f 483/699/328 485/701/330 487/703/332 
f 487/703/332 488/704/333 489/705/334 
f 489/705/334 490/706/335 491/707/336 
f 487/703/332 489/705/334 491/707/336 
f 483/699/328 487/703/332 491/707/336 
f 491/707/336 492/708/337 493/709/338 
f 493/709/338 494/710/339 495/711/340 
f 491/707/336 493/709/338 495/711/340 
f 495/711/340 496/712/341 497/713/342 
f 497/713/342 498/714/343 499/715/344 
f 495/711/340 497/713/342 499/715/344 
f 491/707/336 495/711/340 499/715/344 
f 483/699/328 491/707/336 499/715/344 
f 499/715/344 500/716/345 501/717/346 
f 501/717/346 502/718/347 503/719/348 
f 499/715/344 501/717/346 503/719/348 
f 503/719/348 504/720/349 505/721/350 
f 505/721/350 506/722/351 507/723/352 
f 503/719/348 505/721/350 507/723/352 
f 499/715/344 503/719/348 507/723/352 
f 483/699/328 499/715/344 507/723/352 
f 507/723/352 508/724/353 509/725/354 
f 509/725/354 510/726/355 511/727/356 
f 507/723/352 509/725/354 511/727/356 
f 483/699/328 507/723/352 511/727/356 
f 481/697/326 483/699/328 511/727/356 
f 481/697/326 511/727/356 512/728/357 
s 2
f 475/729/130 477/730/130 479/731/130 
f 479/731/130 418/732/130 417/733/130 
f 417/733/130 421/734/130 423/735/130 
f 479/731/130 417/733/130 423/735/130 
f 423/735/130 425/736/130 427/737/130 
f 427/737/130 429/738/130 431/739/130 
f 423/735/130 427/737/130 431/739/130 
f 479/731/130 423/735/130 431/739/130 
f 431/739/130 433/740/130 435/741/130 
f 435/741/130 437/742/130 439/743/130 
f 431/739/130 435/741/130 439/743/130 
f 439/743/130 441/744/130 443/745/130 
f 443/745/130 445/746/130 447/747/130 
f 439/743/130 443/745/130 447/747/130 
f 431/739/130 439/743/130 447/747/130 
f 479/731/130 431/739/130 447/747/130 
f 447/747/130 449/748/130 451/749/130 
f 451/749/130 453/750/130 455/751/130 
f 447/747/130 451/749/130 455/751/130 
f 455/751/130 457/752/130 459/753/130 
f 459/753/130 461/754/130 463/755/130 
f 455/751/130 459/753/130 463/755/130 
f 447/747/130 455/751/130 463/755/130 
f 479/731/130 447/747/130 463/755/130 
f 463/755/130 465/756/130 467/757/130 
f 467/757/130 469/758/130 471/759/130 
f 463/755/130 467/757/130 471/759/130 
f 479/731/130 463/755/130 471/759/130 
f 475/729/130 479/731/130 471/759/130 
f 475/729/130 471/759/130 473/760/130 
s 1
f 419/627/264 513/761/358 514/762/359 
f 514/762/359 420/628/265 419/627/264 
f 420/628/265 514/762/359 515/763/360 
f 515/763/360 422/630/267 420/628/265 
f 422/630/267 515/763/360 516/764/361 
f 516/764/361 424/632/269 422/630/267 
f 424/632/269 516/764/361 517/765/362 
f 517/765/362 426/634/271 424/632/269 
f 426/634/271 517/765/362 518/766/363 
f 518/766/363 428/636/273 426/634/271 
f 428/636/273 518/766/363 519/767/364 
f 519/767/364 430/638/275 428/636/273 
f 430/641/275 519/768/364 520/769/365 
f 520/769/365 432/642/277 430/641/275 
f 432/642/277 520/769/365 521/770/366 
f 521/770/366 434/644/279 432/642/277 
f 434/644/279 521/770/366 522/771/367 
f 522/771/367 436/646/281 434/644/279 
f 436/646/281 522/771/367 523/772/368 
f 523/772/368 438/648/283 436/646/281 
f 438/648/283 523/772/368 524/773/369 
f 524/773/369 440/650/285 438/648/283 
f 440/650/285 524/773/369 525/774/370 
f 525/774/370 442/652/287 440/650/285 
f 442/652/287 525/774/370 526/775/371 
f 526/775/371 444/654/289 442/652/287 
f 444/654/289 526/775/371 527/776/372 
f 527/776/372 446/656/291 444/654/289 
f 446/659/291 527/777/372 528/778/373 
f 528/778/373 448/660/293 446/659/291 
f 448/660/293 528/778/373 529/779/374 
f 529/779/374 450/662/295 448/660/293 
f 450/662/295 529/779/374 530/780/375 
f 530/780/375 452/664/297 450/662/295 
f 452/664/297 530/780/375 531/781/376 
f 531/781/376 454/666/299 452/664/297 
f 454/666/299 531/781/376 532/782/377 
f 532/782/377 456/668/301 454/666/299 
f 456/668/301 532/782/377 533/783/378 
f 533/783/378 458/670/303 456/668/301 
f 458/670/303 533/783/378 534/784/379 
f 534/784/379 460/672/305 458/670/303 
f 460/672/305 534/784/379 535/785/380 
f 535/785/380 462/674/307 460/672/305 
f 462/677/307 535/786/380 536/787/381 
f 536/787/381 464/678/309 462/677/307 
f 464/678/309 536/787/381 537/788/382 
f 537/788/382 466/680/311 464/678/309 
f 466/680/311 537/788/382 538/789/383 
f 538/789/383 468/682/313 466/680/311 
f 468/682/313 538/789/383 539/790/384 
f 539/790/384 470/684/315 468/682/313 
f 470/684/315 539/790/384 540/791/385 
f 540/791/385 472/686/317 470/684/315 
f 472/686/317 540/791/385 541/792/386 
f 541/792/386 474/688/319 472/686/317 
f 474/688/319 541/792/386 542/793/387 
f 542/793/387 476/690/321 474/688/319 
f 476/690/321 542/793/387 543/794/388 
f 543/794/388 478/692/323 476/690/321 
f 478/695/323 543/795/388 544/796/389 
f 544/796/389 480/696/325 478/695/323 
f 480/696/325 544/796/389 513/761/358 
f 513/761/358 419/627/264 480/696/325 
f 513/797/358 545/798/390 546/799/391 
f 546/799/391 514/800/359 513/797/358 
f 545/798/390 483/699/328 482/698/327 
f 482/698/327 546/799/391 545/798/390 
f 514/800/359 546/799/391 547/801/392 
f 547/801/392 515/802/360 514/800/359 
f 546/799/391 482/698/327 481/697/326 
f 481/697/326 547/801/392 546/799/391 
f 515/802/360 547/801/392 548/803/393 
f 548/803/393 516/804/361 515/802/360 
f 547/801/392 481/697/326 512/728/357 
f 512/728/357 548/803/393 547/801/392 
f 516/804/361 548/803/393 549/805/394 
f 549/805/394 517/806/362 516/804/361 
f 548/803/393 512/728/357 511/727/356 
f 511/727/356 549/805/394 548/803/393 
f 517/806/362 549/805/394 550/807/395 
f 550/807/395 518/808/363 517/806/362 
f 549/805/394 511/727/356 510/726/355 
f 510/726/355 550/807/395 549/805/394 
f 518/808/363 550/807/395 551/809/396 
f 551/809/396 519/810/364 518/808/363 
f 550/807/395 510/726/355 509/725/354 
f 509/725/354 551/809/396 550/807/395 
f 519/810/364 551/809/396 552/811/397 
f 552/811/397 520/812/365 519/810/364 
f 551/809/396 509/725/354 508/724/353 
f 508/724/353 552/811/397 551/809/396 
f 520/812/365 552/811/397 553/813/398 
f 553/813/398 521/814/366 520/812/365 
f 552/811/397 508/724/353 507/723/352 
f 507/723/352 553/813/398 552/811/397 
f 521/814/366 553/813/398 554/815/399 
f 554/815/399 522/816/367 521/814/366 
f 553/813/398 507/723/352 506/722/351 
f 506/722/351 554/815/399 553/813/398 
f 522/816/367 554/815/399 555/817/400 
f 555/817/400 523/818/368 522/816/367 
f 554/815/399 506/722/351 505/721/350 
f 505/721/350 555/817/400 554/815/399 
f 523/818/368 555/817/400 556/819/401 
f 556/819/401 524/820/369 523/818/368 
f 555/817/400 505/721/350 504/720/349 
f 504/720/349 556/819/401 555/817/400 
f 524/820/369 556/819/401 557/821/402 
f 557/821/402 525/822/370 524/820/369 
f 556/819/401 504/720/349 503/719/348 
f 503/719/348 557/821/402 556/819/401 
f 525/822/370 557/821/402 558/823/403 
f 558/823/403 526/824/371 525/822/370 
f 557/821/402 503/719/348 502/718/347 
f 502/718/347 558/823/403 557/821/402 
f 526/824/371 558/823/403 559/825/404 
f 559/825/404 527/826/372 526/824/371 
f 558/823/403 502/718/347 501/717/346 
f 501/717/346 559/825/404 558/823/403 
f 527/826/372 559/825/404 560/827/405 
f 560/827/405 528/828/373 527/826/372 
f 559/825/404 501/717/346 500/716/345 
f 500/716/345 560/827/405 559/825/404 
f 528/828/373 560/827/405 561/829/406 
f 561/829/406 529/830/374 528/828/373 
f 560/827/405 500/716/345 499/715/344 
f 499/715/344 561/829/406 560/827/405 
f 529/830/374 561/829/406 562/831/407 
f 562/831/407 530/832/375 529/830/374 
f 561/829/406 499/715/344 498/714/343 
f 498/714/343 562/831/407 561/829/406 
f 530/832/375 562/831/407 563/833/408 
f 563/833/408 531/834/376 530/832/375 
f 562/831/407 498/714/343 497/713/342 
f 497/713/342 563/833/408 562/831/407 
f 531/834/376 563/833/408 564/835/409 
f 564/835/409 532/836/377 531/834/376 
f 563/833/408 497/713/342 496/712/341 
f 496/712/341 564/835/409 563/833/408 
f 532/836/377 564/835/409 565/837/410 
f 565/837/410 533/838/378 532/836/377 
f 564/835/409 496/712/341 495/711/340 
f 495/711/340 565/837/410 564/835/409 
f 533/838/378 565/837/410 566/839/411 
f 566/839/411 534/840/379 533/838/378 
f 565/837/410 495/711/340 494/710/339 
f 494/710/339 566/839/411 565/837/410 
f 534/840/379 566/839/411 567/841/412 
f 567/841/412 535/842/380 534/840/379 
f 566/839/411 494/710/339 493/709/338 
f 493/709/338 567/841/412 566/839/411 
f 535/842/380 567/841/412 568/843/413 
f 568/843/413 536/844/381 535/842/380 
f 567/841/412 493/709/338 492/708/337 
f 492/708/337 568/843/413 567/841/412 
f 536/844/381 568/843/413 569/845/414 
f 569/845/414 537/846/382 536/844/381 
f 568/843/413 492/708/337 491/707/336 
f 491/707/336 569/845/414 568/843/413 
f 537/846/382 569/845/414 570/847/415 
f 570/847/415 538/848/383 537/846/382 
f 569/845/414 491/707/336 490/706/335 
f 490/706/335 570/847/415 569/845/414 
f 538/848/383 570/847/415 571/849/416 
f 571/849/416 539/850/384 538/848/383 
f 570/847/415 490/706/335 489/705/334 
f 489/705/334 571/849/416 570/847/415 
f 539/850/384 571/849/416 572/851/417 
f 572/851/417 540/852/385 539/850/384 
f 571/849/416 489/705/334 488/704/333 
f 488/704/333 572/851/417 571/849/416 
f 540/852/385 572/851/417 573/853/418 
f 573/853/418 541/854/386 540/852/385 
f 572/851/417 488/704/333 487/703/332 
f 487/703/332 573/853/418 572/851/417 
f 541/854/386 573/853/418 574/855/419 
f 574/855/419 542/856/387 541/854/386 
f 573/853/418 487/703/332 486/702/331 
f 486/702/331 574/855/419 573/853/418 
f 542/856/387 574/855/419 575/857/420 
f 575/857/420 543/858/388 542/856/387 
f 574/855/419 486/702/331 485/701/330 
f 485/701/330 575/857/420 574/855/419 
f 543/858/388 575/857/420 576/859/421 
f 576/859/421 544/860/389 543/858/388 
f 575/857/420 485/701/330 484/700/329 
f 484/700/329 576/859/421 575/857/420 
f 544/860/389 576/859/421 545/798/390 
f 545/798/390 513/797/358 544/860/389 
f 576/859/421 484/700/329 483/699/328 
f 483/699/328 545/798/390 576/859/421 
f 577/861/422 578/862/423 579/863/424 
f 579/863/424 580/864/425 577/861/422 
f 581/865/426 577/861/422 580/864/425 
f 580/864/425 582/866/427 581/865/426 
f 583/867/428 581/865/426 582/866/427 
f 582/866/427 584/868/429 583/867/428 
f 585/869/430 583/867/428 584/868/429 
f 584/868/429 586/870/431 585/869/430 
f 587/871/432 585/869/430 586/870/431 
f 586/870/431 588/872/433 587/871/432 
f 589/873/434 587/871/432 588/872/433 
f 588/872/433 590/874/435 589/873/434 
f 591/875/436 589/873/434 590/874/435 
f 590/874/435 592/876/437 591/875/436 
f 593/877/438 591/878/436 592/879/437 
f 592/879/437 594/880/439 593/877/438 
f 595/881/440 593/877/438 594/880/439 
f 594/880/439 596/882/441 595/881/440 
f 597/883/442 595/881/440 596/882/441 
f 596/882/441 598/884/443 597/883/442 
f 599/885/444 597/883/442 598/884/443 
f 598/884/443 600/886/445 599/885/444 
f 601/887/446 599/885/444 600/886/445 
f 600/886/445 602/888/447 601/887/446 
f 603/889/448 601/887/446 602/888/447 
f 602/888/447 604/890/449 603/889/448 
f 605/891/450 603/889/448 604/890/449 
f 604/890/449 606/892/451 605/891/450 
f 607/893/452 605/891/450 606/892/451 
f 606/892/451 608/894/453 607/893/452 
f 609/895/454 607/896/452 608/897/453 
f 608/897/453 610/898/455 609/895/454 
f 611/899/456 609/895/454 610/898/455 
f 610/898/455 612/900/457 611/899/456 
f 613/901/458 611/899/456 612/900/457 
f 612/900/457 614/902/459 613/901/458 
f 615/903/460 613/901/458 614/902/459 
f 614/902/459 616/904/461 615/903/460 
f 617/905/462 615/903/460 616/904/461 
f 616/904/461 618/906/463 617/905/462 
f 619/907/464 617/905/462 618/906/463 
f 618/906/463 620/908/465 619/907/464 
f 621/909/466 619/907/464 620/908/465 
f 620/908/465 622/910/467 621/909/466 
f 623/911/468 621/909/466 622/910/467 
f 622/910/467 624/912/469 623/911/468 
f 625/913/470 623/914/468 624/915/469 
f 624/915/469 626/916/471 625/913/470 
f 627/917/472 625/913/470 626/916/471 
f 626/916/471 628/918/473 627/917/472 
f 629/919/474 627/917/472 628/918/473 
f 628/918/473 630/920/475 629/919/474 
f 631/921/476 629/919/474 630/920/475 
f 630/920/475 632/922/477 631/921/476 
f 633/923/478 631/921/476 632/922/477 
f 632/922/477 634/924/479 633/923/478 
f 635/925/480 633/923/478 634/924/479 
f 634/924/479 636/926/481 635/925/480 
f 637/927/482 635/925/480 636/926/481 
f 636/926/481 638/928/483 637/927/482 
f 639/929/484 637/927/482 638/928/483 
f 638/928/483 640/930/485 639/929/484 
f 578/862/423 639/931/484 640/932/485 
f 640/932/485 579/863/424 578/862/423 
f 641/933/185 642/934/486 643/935/487 
f 643/935/487 644/936/488 645/937/356 
f 645/937/356 646/938/190 647/939/191 
f 643/935/487 645/937/356 647/939/191 
f 647/939/191 648/940/192 649/941/193 
f 649/941/193 650/942/489 651/943/490 
f 647/939/191 649/941/193 651/943/490 
f 643/935/487 647/939/191 651/943/490 
f 651/943/490 652/944/491 653/945/332 
f 653/945/332 654/946/166 655/947/167 
f 651/943/490 653/945/332 655/947/167 
f 655/947/167 656/948/492 657/949/169 
f 657/949/169 658/950/493 659/951/494 
f 655/947/167 657/949/169 659/951/494 
f 651/943/490 655/947/167 659/951/494 
f 643/935/487 651/943/490 659/951/494 
f 659/951/494 660/952/495 661/953/340 
f 661/953/340 662/954/174 663/955/175 
f 659/951/494 661/953/340 663/955/175 
f 663/955/175 664/956/176 665/957/177 
f 665/957/177 666/958/496 667/959/497 
f 663/955/175 665/957/177 667/959/497 
f 659/951/494 663/955/175 667/959/497 
f 643/935/487 659/951/494 667/959/497 
f 667/959/497 668/960/498 669/961/348 
f 669/961/348 670/962/182 671/963/183 
f 667/959/497 669/961/348 671/963/183 
f 643/935/487 667/959/497 671/963/183 
f 641/933/185 643/935/487 671/963/183 
f 641/933/185 671/963/183 672/964/184 
s 2
f 635/965/130 637/966/130 639/967/130 
f 639/967/130 578/968/130 577/969/130 
f 577/969/130 581/970/130 583/971/130 
f 639/967/130 577/969/130 583/971/130 
f 583/971/130 585/972/130 587/973/130 
f 587/973/130 589/974/130 591/975/130 
f 583/971/130 587/973/130 591/975/130 
f 639/967/130 583/971/130 591/975/130 
f 591/975/130 593/976/130 595/977/130 
f 595/977/130 597/978/130 599/979/130 
f 591/975/130 595/977/130 599/979/130 
f 599/979/130 601/980/130 603/981/130 
f 603/981/130 605/982/130 607/983/130 
f 599/979/130 603/981/130 607/983/130 
f 591/975/130 599/979/130 607/983/130 
f 639/967/130 591/975/130 607/983/130 
f 607/983/130 609/984/130 611/985/130 
f 611/985/130 613/986/130 615/987/130 
f 607/983/130 611/985/130 615/987/130 
f 615/987/130 617/988/130 619/989/130 
f 619/989/130 621/990/130 623/991/130 
f 615/987/130 619/989/130 623/991/130 
f 607/983/130 615/987/130 623/991/130 
f 639/967/130 607/983/130 623/991/130 
f 623/991/130 625/992/130 627/993/130 
f 627/993/130 629/994/130 631/995/130 
f 623/991/130 627/993/130 631/995/130 
f 639/967/130 623/991/130 631/995/130 
f 635/965/130 639/967/130 631/995/130 
f 635/965/130 631/995/130 633/996/130 
s 1
f 579/863/424 673/997/499 674/998/500 
f 674/998/500 580/864/425 579/863/424 
f 580/864/425 674/998/500 675/999/501 
f 675/999/501 582/866/427 580/864/425 
f 582/866/427 675/999/501 676/1000/502 
f 676/1000/502 584/868/429 582/866/427 
f 584/868/429 676/1000/502 677/1001/503 
f 677/1001/503 586/870/431 584/868/429 
f 586/870/431 677/1001/503 678/1002/504 
f 678/1002/504 588/872/433 586/870/431 
f 588/872/433 678/1002/504 679/1003/505 
f 679/1003/505 590/874/435 588/872/433 
f 590/874/435 679/1003/505 680/1004/506 
f 680/1004/506 592/876/437 590/874/435 
f 592/879/437 680/1005/506 681/1006/507 
f 681/1006/507 594/880/439 592/879/437 
f 594/880/439 681/1006/507 682/1007/508 
f 682/1007/508 596/882/441 594/880/439 
f 596/882/441 682/1007/508 683/1008/509 
f 683/1008/509 598/884/443 596/882/441 
f 598/884/443 683/1008/509 684/1009/510 
f 684/1009/510 600/886/445 598/884/443 
f 600/886/445 684/1009/510 685/1010/511 
f 685/1010/511 602/888/447 600/886/445 
f 602/888/447 685/1010/511 686/1011/512 
f 686/1011/512 604/890/449 602/888/447 
f 604/890/449 686/1011/512 687/1012/513 
f 687/1012/513 606/892/451 604/890/449 
f 606/892/451 687/1012/513 688/1013/514 
f 688/1013/514 608/894/453 606/892/451 
f 608/897/453 688/1014/514 689/1015/515 
f 689/1015/515 610/898/455 608/897/453 
f 610/898/455 689/1015/515 690/1016/516 
f 690/1016/516 612/900/457 610/898/455 
f 612/900/457 690/1016/516 691/1017/517 
f 691/1017/517 614/902/459 612/900/457 
f 614/902/459 691/1017/517 692/1018/518 
f 692/1018/518 616/904/461 614/902/459 
f 616/904/461 692/1018/518 693/1019/519 
f 693/1019/519 618/906/463 616/904/461 
f 618/906/463 693/1019/519 694/1020/520 
f 694/1020/520 620/908/465 618/906/463 
f 620/908/465 694/1020/520 695/1021/521 
f 695/1021/521 622/910/467 620/908/465 
f 622/910/467 695/1021/521 696/1022/522 
f 696/1022/522 624/912/469 622/910/467 
f 624/915/469 696/1023/522 697/1024/523 
f 697/1024/523 626/916/471 624/915/469 
f 626/916/471 697/1024/523 698/1025/524 
f 698/1025/524 628/918/473 626/916/471 
f 628/918/473 698/1025/524 699/1026/525 
f 699/1026/525 630/920/475 628/918/473 
f 630/920/475 699/1026/525 700/1027/526 
f 700/1027/526 632/922/477 630/920/475 
f 632/922/477 700/1027/526 701/1028/527 
f 701/1028/527 634/924/479 632/922/477 
f 634/924/479 701/1028/527 702/1029/528 
f 702/1029/528 636/926/481 634/924/479 
f 636/926/481 702/1029/528 703/1030/529 
f 703/1030/529 638/928/483 636/926/481 
f 638/928/483 703/1030/529 704/1031/530 
f 704/1031/530 640/930/485 638/928/483 
f 640/932/485 704/1032/530 673/997/499 
f 673/997/499 579/863/424 640/932/485 
f 673/1033/499 705/1034/531 706/1035/532 
f 706/1035/532 674/1036/500 673/1033/499 
f 705/1034/531 643/935/487 642/934/486 
f 642/934/486 706/1035/532 705/1034/531 
f 674/1036/500 706/1035/532 707/1037/533 
f 707/1037/533 675/1038/501 674/1036/500 
f 706/1035/532 642/934/486 641/933/185 
f 641/933/185 707/1037/533 706/1035/532 
f 675/1038/501 707/1037/533 708/1039/534 
f 708/1039/534 676/1040/502 675/1038/501 
f 707/1037/533 641/933/185 672/964/184 
f 672/964/184 708/1039/534 707/1037/533 
f 676/1040/502 708/1039/534 709/1041/535 
f 709/1041/535 677/1042/503 676/1040/502 
f 708/1039/534 672/964/184 671/963/183 
f 671/963/183 709/1041/535 708/1039/534 
f 677/1042/503 709/1041/535 710/1043/536 
f 710/1043/536 678/1044/504 677/1042/503 
f 709/1041/535 671/963/183 670/962/182 
f 670/962/182 710/1043/536 709/1041/535 
f 678/1044/504 710/1043/536 711/1045/537 
f 711/1045/537 679/1046/505 678/1044/504 
f 710/1043/536 670/962/182 669/961/348 
f 669/961/348 711/1045/537 710/1043/536 
f 679/1046/505 711/1045/537 712/1047/538 
f 712/1047/538 680/1048/506 679/1046/505 
f 711/1045/537 669/961/348 668/960/498 
f 668/960/498 712/1047/538 711/1045/537 
f 680/1048/506 712/1047/538 713/1049/539 
f 713/1049/539 681/1050/507 680/1048/506 
f 712/1047/538 668/960/498 667/959/497 
f 667/959/497 713/1049/539 712/1047/538 
f 681/1050/507 713/1049/539 714/1051/540 
f 714/1051/540 682/1052/508 681/1050/507 
f 713/1049/539 667/959/497 666/958/496 
f 666/958/496 714/1051/540 713/1049/539 
f 682/1052/508 714/1051/540 715/1053/541 
f 715/1053/541 683/1054/509 682/1052/508 
f 714/1051/540 666/958/496 665/957/177 
f 665/957/177 715/1053/541 714/1051/540 
f 683/1054/509 715/1053/541 716/1055/542 
f 716/1055/542 684/1056/510 683/1054/509 
f 715/1053/541 665/957/177 664/956/176 
f 664/956/176 716/1055/542 715/1053/541 
f 684/1056/510 716/1055/542 717/1057/543 
f 717/1057/543 685/1058/511 684/1056/510 
f 716/1055/542 664/956/176 663/955/175 
f 663/955/175 717/1057/543 716/1055/542 
f 685/1058/511 717/1057/543 718/1059/544 
f 718/1059/544 686/1060/512 685/1058/511 
f 717/1057/543 663/955/175 662/954/174 
f 662/954/174 718/1059/544 717/1057/543 
f 686/1060/512 718/1059/544 719/1061/545 
f 719/1061/545 687/1062/513 686/1060/512 
f 718/1059/544 662/954/174 661/953/340 
f 661/953/340 719/1061/545 718/1059/544 
f 687/1062/513 719/1061/545 720/1063/546 
f 720/1063/546 688/1064/514 687/1062/513 
f 719/1061/545 661/953/340 660/952/495 
f 660/952/495 720/1063/546 719/1061/545 
f 688/1064/514 720/1063/546 721/1065/547 
f 721/1065/547 689/1066/515 688/1064/514 
f 720/1063/546 660/952/495 659/951/494 
f 659/951/494 721/1065/547 720/1063/546 
f 689/1066/515 721/1065/547 722/1067/548 
f 722/1067/548 690/1068/516 689/1066/515 
f 721/1065/547 659/951/494 658/950/493 
f 658/950/493 722/1067/548 721/1065/547 
f 690/1068/516 722/1067/548 723/1069/549 
f 723/1069/549 691/1070/517 690/1068/516 
f 722/1067/548 658/950/493 657/949/169 
f 657/949/169 723/1069/549 722/1067/548 
f 691/1070/517 723/1069/549 724/1071/550 
f 724/1071/550 692/1072/518 691/1070/517 
f 723/1069/549 657/949/169 656/948/492 
f 656/948/492 724/1071/550 723/1069/549 
f 692/1072/518 724/1071/550 725/1073/551 
f 725/1073/551 693/1074/519 692/1072/518 
f 724/1071/550 656/948/492 655/947/167 
f 655/947/167 725/1073/551 724/1071/550 
f 693/1074/519 725/1073/551 726/1075/552 
f 726/1075/552 694/1076/520 693/1074/519 
f 725/1073/551 655/947/167 654/946/166 
f 654/946/166 726/1075/552 725/1073/551 
f 694/1076/520 726/1075/552 727/1077/553 
f 727/1077/553 695/1078/521 694/1076/520 
f 726/1075/552 654/946/166 653/945/332 
f 653/945/332 727/1077/553 726/1075/552 
f 695/1078/521 727/1077/553 728/1079/554 
f 728/1079/554 696/1080/522 695/1078/521 
f 727/1077/553 653/945/332 652/944/491 
f 652/944/491 728/1079/554 727/1077/553 
f 696/1080/522 728/1079/554 729/1081/555 
f 729/1081/555 697/1082/523 696/1080/522 
f 728/1079/554 652/944/491 651/943/490 
f 651/943/490 729/1081/555 728/1079/554 
f 697/1082/523 729/1081/555 730/1083/556 
f 730/1083/556 698/1084/524 697/1082/523 
f 729/1081/555 651/943/490 650/942/489 
f 650/942/489 730/1083/556 729/1081/555 
f 698/1084/524 730/1083/556 731/1085/557 
f 731/1085/557 699/1086/525 698/1084/524 
f 730/1083/556 650/942/489 649/941/193 
f 649/941/193 731/1085/557 730/1083/556 
f 699/1086/525 731/1085/557 732/1087/558 
f 732/1087/558 700/1088/526 699/1086/525 
f 731/1085/557 649/941/193 648/940/192 
f 648/940/192 732/1087/558 731/1085/557 
f 700/1088/526 732/1087/558 733/1089/559 
f 733/1089/559 701/1090/527 700/1088/526 
f 732/1087/558 648/940/192 647/939/191 
f 647/939/191 733/1089/559 732/1087/558 
f 701/1090/527 733/1089/559 734/1091/560 
f 734/1091/560 702/1092/528 701/1090/527 
f 733/1089/559 647/939/191 646/938/190 
f 646/938/190 734/1091/560 733/1089/559 
f 702/1092/528 734/1091/560 735/1093/561 
f 735/1093/561 703/1094/529 702/1092/528 
f 734/1091/560 646/938/190 645/937/356 
f 645/937/356 735/1093/561 734/1091/560 
f 703/1094/529 735/1093/561 736/1095/562 
f 736/1095/562 704/1096/530 703/1094/529 
f 735/1093/561 645/937/356 644/936/488 
f 644/936/488 736/1095/562 735/1093/561 
f 704/1096/530 736/1095/562 705/1034/531 
f 705/1034/531 673/1033/499 704/1096/530 
f 736/1095/562 644/936/488 643/935/487 
f 643/935/487 705/1034/531 736/1095/562 
f 737/1097/563 738/1098/564 739/1099/565 
f 739/1099/565 740/1100/566 737/1097/563 
f 741/1101/567 737/1102/563 740/1103/566 
f 740/1103/566 742/1104/568 741/1101/567 
f 743/1105/569 741/1101/567 742/1104/568 
f 742/1104/568 744/1106/570 743/1105/569 
f 745/1107/571 743/1105/569 744/1106/570 
f 744/1106/570 746/1108/572 745/1107/571 
f 747/1109/573 745/1107/571 746/1108/572 
f 746/1108/572 748/1110/574 747/1109/573 
f 749/1111/575 747/1109/573 748/1110/574 
f 748/1110/574 750/1112/576 749/1111/575 
f 751/1113/577 749/1111/575 750/1112/576 
f 750/1112/576 752/1114/578 751/1113/577 
f 753/1115/579 751/1113/577 752/1114/578 
f 752/1114/578 754/1116/580 753/1115/579 
f 755/1117/581 753/1115/579 754/1116/580 
f 754/1116/580 756/1118/582 755/1117/581 
f 757/1119/583 755/1120/581 756/1121/582 
f 756/1121/582 758/1122/584 757/1119/583 
f 759/1123/585 757/1119/583 758/1122/584 
f 758/1122/584 760/1124/586 759/1123/585 
f 761/1125/587 759/1123/585 760/1124/586 
f 760/1124/586 762/1126/588 761/1125/587 
f 763/1127/589 761/1125/587 762/1126/588 
f 762/1126/588 764/1128/590 763/1127/589 
f 765/1129/591 763/1127/589 764/1128/590 
f 764/1128/590 766/1130/592 765/1129/591 
f 767/1131/593 765/1129/591 766/1130/592 
f 766/1130/592 768/1132/594 767/1131/593 
f 769/1133/595 767/1131/593 768/1132/594 
f 768/1132/594 770/1134/596 769/1133/595 
f 771/1135/597 769/1133/595 770/1134/596 
f 770/1134/596 772/1136/598 771/1135/597 
f 773/1137/599 771/1138/597 772/1139/598 
f 772/1139/598 774/1140/600 773/1137/599 
f 775/1141/601 773/1137/599 774/1140/600 
f 774/1140/600 776/1142/602 775/1141/601 
f 777/1143/603 775/1141/601 776/1142/602 
f 776/1142/602 778/1144/604 777/1143/603 
f 779/1145/605 777/1143/603 778/1144/604 
f 778/1144/604 780/1146/606 779/1145/605 
f 781/1147/607 779/1145/605 780/1146/606 
f 780/1146/606 782/1148/608 781/1147/607 
f 783/1149/609 781/1147/607 782/1148/608 
f 782/1148/608 784/1150/610 783/1149/609 
f 785/1151/611 783/1149/609 784/1150/610 
f 784/1150/610 786/1152/612 785/1151/611 
f 787/1153/613 785/1151/611 786/1152/612 
f 786/1152/612 788/1154/614 787/1153/613 
f 789/1155/615 787/1156/613 788/1157/614 
f 788/1157/614 790/1158/616 789/1155/615 
f 791/1159/617 789/1155/615 790/1158/616 
f 790/1158/616 792/1160/618 791/1159/617 
f 793/1161/619 791/1159/617 792/1160/618 
f 792/1160/618 794/1162/620 793/1161/619 
f 795/1163/621 793/1161/619 794/1162/620 
f 794/1162/620 796/1164/622 795/1163/621 
f 797/1165/623 795/1163/621 796/1164/622 
f 796/1164/622 798/1166/624 797/1165/623 
f 799/1167/625 797/1165/623 798/1166/624 
f 798/1166/624 800/1168/626 799/1167/625 
f 738/1098/564 799/1167/625 800/1168/626 
f 800/1168/626 739/1099/565 738/1098/564 
f 801/1169/345 802/1170/346 803/1171/347 
f 803/1171/347 804/1172/627 805/1173/183 
f 805/1173/183 806/1174/628 807/1175/185 
f 803/1171/347 805/1173/183 807/1175/185 
f 807/1175/185 808/1176/186 809/1177/353 
f 809/1177/353 810/1178/354 811/1179/355 
f 807/1175/185 809/1177/353 811/1179/355 
f 803/1171/347 807/1175/185 811/1179/355 
f 811/1179/355 812/1180/629 813/1181/191 
f 813/1181/191 814/1182/630 815/1183/193 
f 811/1179/355 813/1181/191 815/1183/193 
f 815/1183/193 816/1184/194 817/1185/329 
f 817/1185/329 818/1186/330 819/1187/331 
f 815/1183/193 817/1185/329 819/1187/331 
f 811/1179/355 815/1183/193 819/1187/331 
f 803/1171/347 811/1179/355 819/1187/331 
f 819/1187/331 820/1188/631 821/1189/167 
f 821/1189/167 822/1190/168 823/1191/169 
f 819/1187/331 821/1189/167 823/1191/169 
f 823/1191/169 824/1192/170 825/1193/337 
f 825/1193/337 826/1194/338 827/1195/339 
f 823/1191/169 825/1193/337 827/1195/339 
f 819/1187/331 823/1191/169 827/1195/339 
f 803/1171/347 819/1187/331 827/1195/339 
f 827/1195/339 828/1196/632 829/1197/175 
f 829/1197/175 830/1198/633 831/1199/177 
f 827/1195/339 829/1197/175 831/1199/177 
f 803/1171/347 827/1195/339 831/1199/177 
f 801/1169/345 803/1171/347 831/1199/177 
f 801/1169/345 831/1199/177 832/1200/178 
s 2
f 795/1201/130 797/1202/130 799/1203/130 
f 799/1203/130 738/1204/130 737/1205/130 
f 737/1205/130 741/1206/130 743/1207/130 
f 799/1203/130 737/1205/130 743/1207/130 
f 743/1207/130 745/1208/130 747/1209/130 
f 747/1209/130 749/1210/130 751/1211/130 
f 743/1207/130 747/1209/130 751/1211/130 
f 799/1203/130 743/1207/130 751/1211/130 
f 751/1211/130 753/1212/130 755/1213/130 
f 755/1213/130 757/1214/130 759/1215/130 
f 751/1211/130 755/1213/130 759/1215/130 
f 759/1215/130 761/1216/130 763/1217/130 
f 763/1217/130 765/1218/130 767/1219/130 
f 759/1215/130 763/1217/130 767/1219/130 
f 751/1211/130 759/1215/130 767/1219/130 
f 799/1203/130 751/1211/130 767/1219/130 
f 767/1219/130 769/1220/130 771/1221/130 
f 771/1221/130 773/1222/130 775/1223/130 
f 767/1219/130 771/1221/130 775/1223/130 
f 775/1223/130 777/1224/130 779/1225/130 
f 779/1225/130 781/1226/130 783/1227/130 
f 775/1223/130 779/1225/130 783/1227/130 
f 767/1219/130 775/1223/130 783/1227/130 
f 799/1203/130 767/1219/130 783/1227/130 
f 783/1227/130 785/1228/130 787/1229/130 
f 787/1229/130 789/1230/130 791/1231/130 
f 783/1227/130 787/1229/130 791/1231/130 
f 799/1203/130 783/1227/130 791/1231/130 
f 795/1201/130 799/1203/130 791/1231/130 
f 795/1201/130 791/1231/130 793/1232/130 
s 1
f 739/1099/565 833/1233/634 834/1234/635 
f 834/1234/635 740/1100/566 739/1099/565 
f 740/1103/566 834/1235/635 835/1236/636 
f 835/1236/636 742/1104/568 740/1103/566 
f 742/1104/568 835/1236/636 836/1237/637 
f 836/1237/637 744/1106/570 742/1104/568 
f 744/1106/570 836/1237/637 837/1238/638 
f 837/1238/638 746/1108/572 744/1106/570 
f 746/1108/572 837/1238/638 838/1239/639 
f 838/1239/639 748/1110/574 746/1108/572 
f 748/1110/574 838/1239/639 839/1240/640 
f 839/1240/640 750/1112/576 748/1110/574 
f 750/1112/576 839/1240/640 840/1241/641 
f 840/1241/641 752/1114/578 750/1112/576 
f 752/1114/578 840/1241/641 841/1242/642 
f 841/1242/642 754/1116/580 752/1114/578 
f 754/1116/580 841/1242/642 842/1243/643 
f 842/1243/643 756/1118/582 754/1116/580 
f 756/1121/582 842/1244/643 843/1245/644 
f 843/1245/644 758/1122/584 756/1121/582 
f 758/1122/584 843/1245/644 844/1246/645 
f 844/1246/645 760/1124/586 758/1122/584 
f 760/1124/586 844/1246/645 845/1247/646 
f 845/1247/646 762/1126/588 760/1124/586 
f 762/1126/588 845/1247/646 846/1248/647 
f 846/1248/647 764/1128/590 762/1126/588 
f 764/1128/590 846/1248/647 847/1249/648 
f 847/1249/648 766/1130/592 764/1128/590 
f 766/1130/592 847/1249/648 848/1250/649 
f 848/1250/649 768/1132/594 766/1130/592 
f 768/1132/594 848/1250/649 849/1251/650 
f 849/1251/650 770/1134/596 768/1132/594 
f 770/1134/596 849/1251/650 850/1252/651 
f 850/1252/651 772/1136/598 770/1134/596 
f 772/1139/598 850/1253/651 851/1254/652 
f 851/1254/652 774/1140/600 772/1139/598 
f 774/1140/600 851/1254/652 852/1255/653 
f 852/1255/653 776/1142/602 774/1140/600 
f 776/1142/602 852/1255/653 853/1256/654 
f 853/1256/654 778/1144/604 776/1142/602 
f 778/1144/604 853/1256/654 854/1257/655 
f 854/1257/655 780/1146/606 778/1144/604 
f 780/1146/606 854/1257/655 855/1258/656 
f 855/1258/656 782/1148/608 780/1146/606 
f 782/1148/608 855/1258/656 856/1259/657 
f 856/1259/657 784/1150/610 782/1148/608 
f 784/1150/610 856/1259/657 857/1260/658 
f 857/1260/658 786/1152/612 784/1150/610 
f 786/1152/612 857/1260/658 858/1261/659 
f 858/1261/659 788/1154/614 786/1152/612 
f 788/1157/614 858/1262/659 859/1263/660 
f 859/1263/660 790/1158/616 788/1157/614 
f 790/1158/616 859/1263/660 860/1264/661 
f 860/1264/661 792/1160/618 790/1158/616 
f 792/1160/618 860/1264/661 861/1265/662 
f 861/1265/662 794/1162/620 792/1160/618 
f 794/1162/620 861/1265/662 862/1266/663 
f 862/1266/663 796/1164/622 794/1162/620 
f 796/1164/622 862/1266/663 863/1267/664 
f 863/1267/664 798/1166/624 796/1164/622 
f 798/1166/624 863/1267/664 864/1268/665 
f 864/1268/665 800/1168/626 798/1166/624 
f 800/1168/626 864/1268/665 833/1233/634 
f 833/1233/634 739/1099/565 800/1168/626 
f 833/1269/634 865/1270/666 866/1271/667 
f 866/1271/667 834/1272/635 833/1269/634 
f 865/1270/666 803/1171/347 802/1170/346 
f 802/1170/346 866/1271/667 865/1270/666 
f 834/1272/635 866/1271/667 867/1273/668 
f 867/1273/668 835/1274/636 834/1272/635 
f 866/1271/667 802/1170/346 801/1169/345 
f 801/1169/345 867/1273/668 866/1271/667 
f 835/1274/636 867/1273/668 868/1275/669 
f 868/1275/669 836/1276/637 835/1274/636 
f 867/1273/668 801/1169/345 832/1200/178 
f 832/1200/178 868/1275/669 867/1273/668 
f 836/1276/637 868/1275/669 869/1277/670 
f 869/1277/670 837/1278/638 836/1276/637 
f 868/1275/669 832/1200/178 831/1199/177 
f 831/1199/177 869/1277/670 868/1275/669 
f 837/1278/638 869/1277/670 870/1279/671 
f 870/1279/671 838/1280/639 837/1278/638 
f 869/1277/670 831/1199/177 830/1198/633 
f 830/1198/633 870/1279/671 869/1277/670 
f 838/1280/639 870/1279/671 871/1281/672 
f 871/1281/672 839/1282/640 838/1280/639 
f 870/1279/671 830/1198/633 829/1197/175 
f 829/1197/175 871/1281/672 870/1279/671 
f 839/1282/640 871/1281/672 872/1283/673 
f 872/1283/673 840/1284/641 839/1282/640 
f 871/1281/672 829/1197/175 828/1196/632 
f 828/1196/632 872/1283/673 871/1281/672 
f 840/1284/641 872/1283/673 873/1285/674 
f 873/1285/674 841/1286/642 840/1284/641 
f 872/1283/673 828/1196/632 827/1195/339 
f 827/1195/339 873/1285/674 872/1283/673 
f 841/1286/642 873/1285/674 874/1287/675 
f 874/1287/675 842/1288/643 841/1286/642 
f 873/1285/674 827/1195/339 826/1194/338 
f 826/1194/338 874/1287/675 873/1285/674 
f 842/1288/643 874/1287/675 875/1289/676 
f 875/1289/676 843/1290/644 842/1288/643 
f 874/1287/675 826/1194/338 825/1193/337 
f 825/1193/337 875/1289/676 874/1287/675 
f 843/1290/644 875/1289/676 876/1291/677 
f 876/1291/677 844/1292/645 843/1290/644 
f 875/1289/676 825/1193/337 824/1192/170 
f 824/1192/170 876/1291/677 875/1289/676 
f 844/1292/645 876/1291/677 877/1293/678 
f 877/1293/678 845/1294/646 844/1292/645 
f 876/1291/677 824/1192/170 823/1191/169 
f 823/1191/169 877/1293/678 876/1291/677 
f 845/1294/646 877/1293/678 878/1295/679 
f 878/1295/679 846/1296/647 845/1294/646 
f 877/1293/678 823/1191/169 822/1190/168 
f 822/1190/168 878/1295/679 877/1293/678 
f 846/1296/647 878/1295/679 879/1297/680 
f 879/1297/680 847/1298/648 846/1296/647 
f 878/1295/679 822/1190/168 821/1189/167 
f 821/1189/167 879/1297/680 878/1295/679 
f 847/1298/648 879/1297/680 880/1299/681 
f 880/1299/681 848/1300/649 847/1298/648 
f 879/1297/680 821/1189/167 820/1188/631 
f 820/1188/631 880/1299/681 879/1297/680 
f 848/1300/649 880/1299/681 881/1301/682 
f 881/1301/682 849/1302/650 848/1300/649 
f 880/1299/681 820/1188/631 819/1187/331 
f 819/1187/331 881/1301/682 880/1299/681 
f 849/1302/650 881/1301/682 882/1303/683 
f 882/1303/683 850/1304/651 849/1302/650 
f 881/1301/682 819/1187/331 818/1186/330 
f 818/1186/330 882/1303/683 881/1301/682 
f 850/1304/651 882/1303/683 883/1305/684 
f 883/1305/684 851/1306/652 850/1304/651 
f 882/1303/683 818/1186/330 817/1185/329 
f 817/1185/329 883/1305/684 882/1303/683 
f 851/1306/652 883/1305/684 884/1307/685 
f 884/1307/685 852/1308/653 851/1306/652 
f 883/1305/684 817/1185/329 816/1184/194 
f 816/1184/194 884/1307/685 883/1305/684 
f 852/1308/653 884/1307/685 885/1309/686 
f 885/1309/686 853/1310/654 852/1308/653 
f 884/1307/685 816/1184/194 815/1183/193 
f 815/1183/193 885/1309/686 884/1307/685 
f 853/1310/654 885/1309/686 886/1311/687 
f 886/1311/687 854/1312/655 853/1310/654 
f 885/1309/686 815/1183/193 814/1182/630 
f 814/1182/630 886/1311/687 885/1309/686 
f 854/1312/655 886/1311/687 887/1313/688 
f 887/1313/688 855/1314/656 854/1312/655 
f 886/1311/687 814/1182/630 813/1181/191 
f 813/1181/191 887/1313/688 886/1311/687 
f 855/1314/656 887/1313/688 888/1315/689 
f 888/1315/689 856/1316/657 855/1314/656 
f 887/1313/688 813/1181/191 812/1180/629 
f 812/1180/629 888/1315/689 887/1313/688 
f 856/1316/657 888/1315/689 889/1317/690 
f 889/1317/690 857/1318/658 856/1316/657 
f 888/1315/689 812/1180/629 811/1179/355 
f 811/1179/355 889/1317/690 888/1315/689 
f 857/1318/658 889/1317/690 890/1319/691 
f 890/1319/691 858/1320/659 857/1318/658 
f 889/1317/690 811/1179/355 810/1178/354 
f 810/1178/354 890/1319/691 889/1317/690 
f 858/1320/659 890/1319/691 891/1321/692 
f 891/1321/692 859/1322/660 858/1320/659 
f 890/1319/691 810/1178/354 809/1177/353 
f 809/1177/353 891/1321/692 890/1319/691 
f 859/1322/660 891/1321/692 892/1323/693 
f 892/1323/693 860/1324/661 859/1322/660 
f 891/1321/692 809/1177/353 808/1176/186 
f 808/1176/186 892/1323/693 891/1321/692 
f 860/1324/661 892/1323/693 893/1325/694 
f 893/1325/694 861/1326/662 860/1324/661 
f 892/1323/693 808/1176/186 807/1175/185 
f 807/1175/185 893/1325/694 892/1323/693 
f 861/1326/662 893/1325/694 894/1327/695 
f 894/1327/695 862/1328/663 861/1326/662 
f 893/1325/694 807/1175/185 806/1174/628 
f 806/1174/628 894/1327/695 893/1325/694 
f 862/1328/663 894/1327/695 895/1329/696 
f 895/1329/696 863/1330/664 862/1328/663 
f 894/1327/695 806/1174/628 805/1173/183 
f 805/1173/183 895/1329/696 894/1327/695 
f 863/1330/664 895/1329/696 896/1331/697 
f 896/1331/697 864/1332/665 863/1330/664 
f 895/1329/696 805/1173/183 804/1172/627 
f 804/1172/627 896/1331/697 895/1329/696 
f 864/1332/665 896/1331/697 865/1270/666 
f 865/1270/666 833/1269/634 864/1332/665 
f 896/1331/697 804/1172/627 803/1171/347 
f 803/1171/347 865/1270/666 896/1331/697 
f 897/1333/698 898/1334/699 899/1335/700 
f 899/1335/700 900/1336/701 897/1333/698 
f 901/1337/702 897/1333/698 900/1336/701 
f 900/1336/701 902/1338/703 901/1337/702 
f 903/1339/704 901/1340/702 902/1341/703 
f 902/1341/703 904/1342/705 903/1339/704 
f 905/1343/706 903/1339/704 904/1342/705 
f 904/1342/705 906/1344/707 905/1343/706 
f 907/1345/708 905/1343/706 906/1344/707 
f 906/1344/707 908/1346/709 907/1345/708 
f 909/1347/710 907/1345/708 908/1346/709 
f 908/1346/709 910/1348/711 909/1347/710 
f 911/1349/712 909/1347/710 910/1348/711 
f 910/1348/711 912/1350/713 911/1349/712 
f 913/1351/714 911/1349/712 912/1350/713 
f 912/1350/713 914/1352/715 913/1351/714 
f 915/1353/716 913/1351/714 914/1352/715 
f 914/1352/715 916/1354/717 915/1353/716 
f 917/1355/718 915/1353/716 916/1354/717 
f 916/1354/717 918/1356/719 917/1355/718 
f 919/1357/720 917/1358/718 918/1359/719 
f 918/1359/719 920/1360/721 919/1357/720 
f 921/1361/722 919/1357/720 920/1360/721 
f 920/1360/721 922/1362/723 921/1361/722 
f 923/1363/724 921/1361/722 922/1362/723 
f 922/1362/723 924/1364/725 923/1363/724 
f 925/1365/726 923/1363/724 924/1364/725 
f 924/1364/725 926/1366/727 925/1365/726 
f 927/1367/728 925/1365/726 926/1366/727 
f 926/1366/727 928/1368/729 927/1367/728 
f 929/1369/730 927/1367/728 928/1368/729 
f 928/1368/729 930/1370/731 929/1369/730 
f 931/1371/732 929/1369/730 930/1370/731 
f 930/1370/731 932/1372/733 931/1371/732 
f 933/1373/734 931/1371/732 932/1372/733 
f 932/1372/733 934/1374/735 933/1373/734 
f 935/1375/736 933/1376/734 934/1377/735 
f 934/1377/735 936/1378/737 935/1375/736 
f 937/1379/738 935/1375/736 936/1378/737 
f 936/1378/737 938/1380/739 937/1379/738 
f 939/1381/740 937/1379/738 938/1380/739 
f 938/1380/739 940/1382/741 939/1381/740 
f 941/1383/742 939/1381/740 940/1382/741 
f 940/1382/741 942/1384/743 941/1383/742 
f 943/1385/744 941/1383/742 942/1384/743 
f 942/1384/743 944/1386/745 943/1385/744 
f 945/1387/746 943/1385/744 944/1386/745 
f 944/1386/745 946/1388/747 945/1387/746 
f 947/1389/748 945/1387/746 946/1388/747 
f 946/1388/747 948/1390/749 947/1389/748 
f 949/1391/750 947/1389/748 948/1390/749 
f 948/1390/749 950/1392/751 949/1391/750 
f 951/1393/752 949/1394/750 950/1395/751 
f 950/1395/751 952/1396/753 951/1393/752 
f 953/1397/754 951/1393/752 952/1396/753 
f 952/1396/753 954/1398/755 953/1397/754 
f 955/1399/756 953/1397/754 954/1398/755 
f 954/1398/755 956/1400/757 955/1399/756 
f 957/1401/758 955/1399/756 956/1400/757 
f 956/1400/757 958/1402/759 957/1401/758 
f 959/1403/760 957/1401/758 958/1402/759 
f 958/1402/759 960/1404/761 959/1403/760 
f 898/1334/699 959/1403/760 960/1404/761 
f 960/1404/761 899/1335/700 898/1334/699 
f 961/1405/495 962/1406/340 963/1407/341 
f 963/1407/341 964/1408/342 965/1409/343 
f 965/1409/343 966/1410/344 967/1411/345 
f 963/1407/341 965/1409/343 967/1411/345 
f 967/1411/345 968/1412/497 969/1413/498 
f 969/1413/498 970/1414/348 971/1415/349 
f 967/1411/345 969/1413/498 971/1415/349 
f 963/1407/341 967/1411/345 971/1415/349 
f 971/1415/349 972/1416/350 973/1417/351 
f 973/1417/351 974/1418/352 975/1419/353 
f 971/1415/349 973/1417/351 975/1419/353 
f 975/1419/353 976/1420/487 977/1421/488 
f 977/1421/488 978/1422/356 979/1423/357 
f 975/1419/353 977/1421/488 979/1423/357 
f 971/1415/349 975/1419/353 979/1423/357 
f 963/1407/341 971/1415/349 979/1423/357 
f 979/1423/357 980/1424/326 981/1425/327 
f 981/1425/327 982/1426/328 983/1427/329 
f 979/1423/357 981/1425/327 983/1427/329 
f 983/1427/329 984/1428/490 985/1429/491 
f 985/1429/491 986/1430/332 987/1431/333 
f 983/1427/329 985/1429/491 987/1431/333 
f 979/1423/357 983/1427/329 987/1431/333 
f 963/1407/341 979/1423/357 987/1431/333 
f 987/1431/333 988/1432/334 989/1433/335 
f 989/1433/335 990/1434/336 991/1435/337 
f 987/1431/333 989/1433/335 991/1435/337 
f 963/1407/341 987/1431/333 991/1435/337 
f 961/1405/495 963/1407/341 991/1435/337 
f 961/1405/495 991/1435/337 992/1436/494 
s 2
f 955/1437/130 957/1438/130 959/1439/130 
f 959/1439/130 898/1440/130 897/1441/130 
f 897/1441/130 901/1442/130 903/1443/130 
f 959/1439/130 897/1441/130 903/1443/130 
f 903/1443/130 905/1444/130 907/1445/130 
f 907/1445/130 909/1446/130 911/1447/130 
f 903/1443/130 907/1445/130 911/1447/130 
f 959/1439/130 903/1443/130 911/1447/130 
f 911/1447/130 913/1448/130 915/1449/130 
f 915/1449/130 917/1450/130 919/1451/130 
f 911/1447/130 915/1449/130 919/1451/130 
f 919/1451/130 921/1452/130 923/1453/130 
f 923/1453/130 925/1454/130 927/1455/130 
f 919/1451/130 923/1453/130 927/1455/130 
f 911/1447/130 919/1451/130 927/1455/130 
f 959/1439/130 911/1447/130 927/1455/130 
f 927/1455/130 929/1456/130 931/1457/130 
f 931/1457/130 933/1458/130 935/1459/130 
f 927/1455/130 931/1457/130 935/1459/130 
f 935/1459/130 937/1460/130 939/1461/130 
f 939/1461/130 941/1462/130 943/1463/130 
f 935/1459/130 939/1461/130 943/1463/130 
f 927/1455/130 935/1459/130 943/1463/130 
f 959/1439/130 927/1455/130 943/1463/130 
f 943/1463/130 945/1464/130 947/1465/130 
f 947/1465/130 949/1466/130 951/1467/130 
f 943/1463/130 947/1465/130 951/1467/130 
f 959/1439/130 943/1463/130 951/1467/130 
f 955/1437/130 959/1439/130 951/1467/130 
f 955/1437/130 951/1467/130 953/1468/130 
s 1
f 899/1335/700 993/1469/762 994/1470/763 
f 994/1470/763 900/1336/701 899/1335/700 
f 900/1336/701 994/1470/763 995/1471/764 
f 995/1471/764 902/1338/703 900/1336/701 
f 902/1341/703 995/1472/764 996/1473/765 
f 996/1473/765 904/1342/705 902/1341/703 
f 904/1342/705 996/1473/765 997/1474/766 
f 997/1474/766 906/1344/707 904/1342/705 
f 906/1344/707 997/1474/766 998/1475/767 
f 998/1475/767 908/1346/709 906/1344/707 
f 908/1346/709 998/1475/767 999/1476/768 
f 999/1476/768 910/1348/711 908/1346/709 
f 910/1348/711 999/1476/768 1000/1477/769 
f 1000/1477/769 912/1350/713 910/1348/711 
f 912/1350/713 1000/1477/769 1001/1478/770 
f 1001/1478/770 914/1352/715 912/1350/713 
f 914/1352/715 1001/1478/770 1002/1479/771 
f 1002/1479/771 916/1354/717 914/1352/715 
f 916/1354/717 1002/1479/771 1003/1480/772 
f 1003/1480/772 918/1356/719 916/1354/717 
f 918/1359/719 1003/1481/772 1004/1482/773 
f 1004/1482/773 920/1360/721 918/1359/719 
f 920/1360/721 1004/1482/773 1005/1483/774 
f 1005/1483/774 922/1362/723 920/1360/721 
f 922/1362/723 1005/1483/774 1006/1484/775 
f 1006/1484/775 924/1364/725 922/1362/723 
f 924/1364/725 1006/1484/775 1007/1485/776 
f 1007/1485/776 926/1366/727 924/1364/725 
f 926/1366/727 1007/1485/776 1008/1486/777 
f 1008/1486/777 928/1368/729 926/1366/727 
f 928/1368/729 1008/1486/777 1009/1487/778 
f 1009/1487/778 930/1370/731 928/1368/729 
f 930/1370/731 1009/1487/778 1010/1488/779 
f 1010/1488/779 932/1372/733 930/1370/731 
f 932/1372/733 1010/1488/779 1011/1489/780 
f 1011/1489/780 934/1374/735 932/1372/733 
f 934/1377/735 1011/1490/780 1012/1491/781 
f 1012/1491/781 936/1378/737 934/1377/735 
f 936/1378/737 1012/1491/781 1013/1492/782 
f 1013/1492/782 938/1380/739 936/1378/737 
f 938/1380/739 1013/1492/782 1014/1493/783 
f 1014/1493/783 940/1382/741 938/1380/739 
f 940/1382/741 1014/1493/783 1015/1494/784 
f 1015/1494/784 942/1384/743 940/1382/741 
f 942/1384/743 1015/1494/784 1016/1495/785 
f 1016/1495/785 944/1386/745 942/1384/743 
f 944/1386/745 1016/1495/785 1017/1496/786 
f 1017/1496/786 946/1388/747 944/1386/745 
f 946/1388/747 1017/1496/786 1018/1497/787 
f 1018/1497/787 948/1390/749 946/1388/747 
f 948/1390/749 1018/1497/787 1019/1498/788 
f 1019/1498/788 950/1392/751 948/1390/749 
f 950/1395/751 1019/1499/788 1020/1500/789 
f 1020/1500/789 952/1396/753 950/1395/751 
f 952/1396/753 1020/1500/789 1021/1501/790 
f 1021/1501/790 954/1398/755 952/1396/753 
f 954/1398/755 1021/1501/790 1022/1502/791 
f 1022/1502/791 956/1400/757 954/1398/755 
f 956/1400/757 1022/1502/791 1023/1503/792 
f 1023/1503/792 958/1402/759 956/1400/757 
f 958/1402/759 1023/1503/792 1024/1504/793 
f 1024/1504/793 960/1404/761 958/1402/759 
f 960/1404/761 1024/1504/793 993/1469/762 
f 993/1469/762 899/1335/700 960/1404/761 
f 993/1505/762 1025/1506/794 1026/1507/795 
f 1026/1507/795 994/1508/763 993/1505/762 
f 1025/1506/794 963/1407/341 962/1406/340 
f 962/1406/340 1026/1507/795 1025/1506/794 
f 994/1508/763 1026/1507/795 1027/1509/796 
f 1027/1509/796 995/1510/764 994/1508/763 
f 1026/1507/795 962/1406/340 961/1405/495 
f 961/1405/495 1027/1509/796 1026/1507/795 
f 995/1510/764 1027/1509/796 1028/1511/797 
f 1028/1511/797 996/1512/765 995/1510/764 
f 1027/1509/796 961/1405/495 992/1436/494 
f 992/1436/494 1028/1511/797 1027/1509/796 
f 996/1512/765 1028/1511/797 1029/1513/798 
f 1029/1513/798 997/1514/766 996/1512/765 
f 1028/1511/797 992/1436/494 991/1435/337 
f 991/1435/337 1029/1513/798 1028/1511/797 
f 997/1514/766 1029/1513/798 1030/1515/799 
f 1030/1515/799 998/1516/767 997/1514/766 
f 1029/1513/798 991/1435/337 990/1434/336 
f 990/1434/336 1030/1515/799 1029/1513/798 
f 998/1516/767 1030/1515/799 1031/1517/800 
f 1031/1517/800 999/1518/768 998/1516/767 
f 1030/1515/799 990/1434/336 989/1433/335 
f 989/1433/335 1031/1517/800 1030/1515/799 
f 999/1518/768 1031/1517/800 1032/1519/801 
f 1032/1519/801 1000/1520/769 999/1518/768 
f 1031/1517/800 989/1433/335 988/1432/334 
f 988/1432/334 1032/1519/801 1031/1517/800 
f 1000/1520/769 1032/1519/801 1033/1521/802 
f 1033/1521/802 1001/1522/770 1000/1520/769 
f 1032/1519/801 988/1432/334 987/1431/333 
f 987/1431/333 1033/1521/802 1032/1519/801 
f 1001/1522/770 1033/1521/802 1034/1523/803 
f 1034/1523/803 1002/1524/771 1001/1522/770 
f 1033/1521/802 987/1431/333 986/1430/332 
f 986/1430/332 1034/1523/803 1033/1521/802 
f 1002/1524/771 1034/1523/803 1035/1525/804 
f 1035/1525/804 1003/1526/772 1002/1524/771 
f 1034/1523/803 986/1430/332 985/1429/491 
f 985/1429/491 1035/1525/804 1034/1523/803 
f 1003/1526/772 1035/1525/804 1036/1527/805 
f 1036/1527/805 1004/1528/773 1003/1526/772 
f 1035/1525/804 985/1429/491 984/1428/490 
f 984/1428/490 1036/1527/805 1035/1525/804 
f 1004/1528/773 1036/1527/805 1037/1529/806 
f 1037/1529/806 1005/1530/774 1004/1528/773 
f 1036/1527/805 984/1428/490 983/1427/329 
f 983/1427/329 1037/1529/806 1036/1527/805 
f 1005/1530/774 1037/1529/806 1038/1531/807 
f 1038/1531/807 1006/1532/775 1005/1530/774 
f 1037/1529/806 983/1427/329 982/1426/328 
f 982/1426/328 1038/1531/807 1037/1529/806 
f 1006/1532/775 1038/1531/807 1039/1533/808 
f 1039/1533/808 1007/1534/776 1006/1532/775 
f 1038/1531/807 982/1426/328 981/1425/327 
f 981/1425/327 1039/1533/808 1038/1531/807 
f 1007/1534/776 1039/1533/808 1040/1535/809 
f 1040/1535/809 1008/1536/777 1007/1534/776 
f 1039/1533/808 981/1425/327 980/1424/326 
f 980/1424/326 1040/1535/809 1039/1533/808 
f 1008/1536/777 1040/1535/809 1041/1537/810 
f 1041/1537/810 1009/1538/778 1008/1536/777 
f 1040/1535/809 980/1424/326 979/1423/357 
f 979/1423/357 1041/1537/810 1040/1535/809 
f 1009/1538/778 1041/1537/810 1042/1539/811 
f 1042/1539/811 1010/1540/779 1009/1538/778 
f 1041/1537/810 979/1423/357 978/1422/356 
f 978/1422/356 1042/1539/811 1041/1537/810 
f 1010/1540/779 1042/1539/811 1043/1541/812 
f 1043/1541/812 1011/1542/780 1010/1540/779 
f 1042/1539/811 978/1422/356 977/1421/488 
f 977/1421/488 1043/1541/812 1042/1539/811 
f 1011/1542/780 1043/1541/812 1044/1543/813 
f 1044/1543/813 1012/1544/781 1011/1542/780 
f 1043/1541/812 977/1421/488 976/1420/487 
f 976/1420/487 1044/1543/813 1043/1541/812 
f 1012/1544/781 1044/1543/813 1045/1545/814 
f 1045/1545/814 1013/1546/782 1012/1544/781 
f 1044/1543/813 976/1420/487 975/1419/353 
f 975/1419/353 1045/1545/814 1044/1543/813 
f 1013/1546/782 1045/1545/814 1046/1547/815 
f 1046/1547/815 1014/1548/783 1013/1546/782 
f 1045/1545/814 975/1419/353 974/1418/352 
f 974/1418/352 1046/1547/815 1045/1545/814 
f 1014/1548/783 1046/1547/815 1047/1549/816 
f 1047/1549/816 1015/1550/784 1014/1548/783 
f 1046/1547/815 974/1418/352 973/1417/351 
f 973/1417/351 1047/1549/816 1046/1547/815 
f 1015/1550/784 1047/1549/816 1048/1551/817 
f 1048/1551/817 1016/1552/785 1015/1550/784 
f 1047/1549/816 973/1417/351 972/1416/350 
f 972/1416/350 1048/1551/817 1047/1549/816 
f 1016/1552/785 1048/1551/817 1049/1553/818 
f 1049/1553/818 1017/1554/786 1016/1552/785 
f 1048/1551/817 972/1416/350 971/1415/349 
f 971/1415/349 1049/1553/818 1048/1551/817 
f 1017/1554/786 1049/1553/818 1050/1555/819 
f 1050/1555/819 1018/1556/787 1017/1554/786 
f 1049/1553/818 971/1415/349 970/1414/348 
f 970/1414/348 1050/1555/819 1049/1553/818 
f 1018/1556/787 1050/1555/819 1051/1557/820 
f 1051/1557/820 1019/1558/788 1018/1556/787 
f 1050/1555/819 970/1414/348 969/1413/498 
f 969/1413/498 1051/1557/820 1050/1555/819 
f 1019/1558/788 1051/1557/820 1052/1559/821 
f 1052/1559/821 1020/1560/789 1019/1558/788 
f 1051/1557/820 969/1413/498 968/1412/497 
f 968/1412/497 1052/1559/821 1051/1557/820 
f 1020/1560/789 1052/1559/821 1053/1561/822 
f 1053/1561/822 1021/1562/790 1020/1560/789 
f 1052/1559/821 968/1412/497 967/1411/345 
f 967/1411/345 1053/1561/822 1052/1559/821 
f 1021/1562/790 1053/1561/822 1054/1563/823 
f 1054/1563/823 1022/1564/791 1021/1562/790 
f 1053/1561/822 967/1411/345 966/1410/344 
f 966/1410/344 1054/1563/823 1053/1561/822 
f 1022/1564/791 1054/1563/823 1055/1565/824 
f 1055/1565/824 1023/1566/792 1022/1564/791 
f 1054/1563/823 966/1410/344 965/1409/343 
f 965/1409/343 1055/1565/824 1054/1563/823 
f 1023/1566/792 1055/1565/824 1056/1567/825 
f 1056/1567/825 1024/1568/793 1023/1566/792 
f 1055/1565/824 965/1409/343 964/1408/342 
f 964/1408/342 1056/1567/825 1055/1565/824 
f 1024/1568/793 1056/1567/825 1025/1506/794 
f 1025/1506/794 993/1505/762 1024/1568/793 
f 1056/1567/825 964/1408/342 963/1407/341 
f 963/1407/341 1025/1506/794 1056/1567/825 
f 1057/1569/826 1058/1570/827 1059/1571/2 
f 1059/1571/2 1060/1572/3 1057/1569/826 
f 1061/1573/828 1062/1574/829 1058/1570/827 
f 1058/1570/827 1057/1569/826 1061/1573/828 
f 1063/1575/830 1064/1576/831 1060/1572/3 
f 1060/1572/3 1059/1571/2 1063/1575/830 
f 1065/1577/832 1066/1578/833 1064/1576/831 
f 1064/1576/831 1063/1575/830 1065/1577/832 
f 1058/1570/827 1067/1579/834 1068/1580/835 
f 1068/1580/835 1059/1571/2 1058/1570/827 
f 1062/1574/829 1069/1581/836 1067/1579/834 
f 1067/1579/834 1058/1570/827 1062/1574/829 
f 1070/1582/837 1063/1575/830 1059/1571/2 
f 1059/1571/2 1068/1580/835 1070/1582/837 
f 1071/1583/838 1065/1577/832 1063/1575/830 
f 1063/1575/830 1070/1582/837 1071/1583/838 
f 1067/1579/834 1072/1584/839 1073/1585/840 
f 1073/1585/840 1068/1580/835 1067/1579/834 
f 1069/1581/836 1074/1586/841 1072/1584/839 
f 1072/1584/839 1067/1579/834 1069/1581/836 
f 1075/1587/842 1070/1582/837 1068/1580/835 
f 1068/1580/835 1073/1585/840 1075/1587/842 
f 1076/1588/843 1071/1583/838 1070/1582/837 
f 1070/1582/837 1075/1587/842 1076/1588/843 
f 1072/1584/839 1077/1589/844 1078/1590/6 
f 1078/1590/6 1073/1585/840 1072/1584/839 
f 1074/1586/841 1079/1589/845 1077/1589/844 
f 1077/1589/844 1072/1584/839 1074/1586/841 
f 1080/1591/846 1075/1587/842 1073/1585/840 
f 1073/1585/840 1078/1590/6 1080/1591/846 
f 1081/1591/847 1076/1588/843 1075/1587/842 
f 1075/1587/842 1080/1591/846 1081/1591/847 
f 1077/1589/844 1082/1592/848 1083/1593/849 
f 1083/1593/849 1078/1590/6 1077/1589/844 
f 1079/1589/845 1084/1592/850 1082/1592/848 
f 1082/1592/848 1077/1589/844 1079/1589/845 
f 1085/1594/851 1080/1591/846 1078/1590/6 
f 1078/1590/6 1083/1593/849 1085/1594/851 
f 1086/1594/852 1081/1591/847 1080/1591/846 
f 1080/1591/846 1085/1594/851 1086/1594/852 
f 1082/1592/848 1087/1595/853 1088/1596/854 
f 1088/1596/854 1083/1593/849 1082/1592/848 
f 1084/1592/850 1089/1597/855 1087/1595/853 
f 1087/1595/853 1082/1592/848 1084/1592/850 
f 1090/1598/856 1085/1594/851 1083/1593/849 
f 1083/1593/849 1088/1596/854 1090/1598/856 
f 1091/1599/857 1086/1594/852 1085/1594/851 
f 1085/1594/851 1090/1598/856 1091/1599/857 
f 1087/1595/853 1092/1600/858 1093/1601/9 
f 1093/1601/9 1088/1596/854 1087/1595/853 
f 1089/1597/855 1094/1602/859 1092/1600/858 
f 1092/1600/858 1087/1595/853 1089/1597/855 
f 1095/1603/860 1090/1598/856 1088/1596/854 
f 1088/1596/854 1093/1601/9 1095/1603/860 
f 1096/1604/861 1091/1599/857 1090/1598/856 
f 1090/1598/856 1095/1603/860 1096/1604/861 
f 1092/1600/858 1097/1605/862 1098/1606/10 
f 1098/1606/10 1093/1601/9 1092/1600/858 
f 1094/1602/859 1099/1607/863 1097/1605/862 
f 1097/1605/862 1092/1600/858 1094/1602/859 
f 1100/1608/864 1095/1603/860 1093/1601/9 
f 1093/1601/9 1098/1606/10 1100/1608/864 
f 1101/1609/865 1096/1604/861 1095/1603/860 
f 1095/1603/860 1100/1608/864 1101/1609/865 
f 1097/1605/862 1102/1610/866 1103/1611/867 
f 1103/1611/867 1098/1606/10 1097/1605/862 
f 1099/1607/863 1104/1612/868 1102/1610/866 
f 1102/1610/866 1097/1605/862 1099/1607/863 
f 1105/1613/869 1100/1608/864 1098/1606/10 
f 1098/1606/10 1103/1611/867 1105/1613/869 
f 1106/1614/870 1101/1609/865 1100/1608/864 
f 1100/1608/864 1105/1613/869 1106/1614/870 
f 1102/1610/866 1107/1615/871 1108/1616/872 
f 1108/1616/872 1103/1611/867 1102/1610/866 
f 1104/1612/868 1109/1615/873 1107/1615/871 
f 1107/1615/871 1102/1610/866 1104/1612/868 
f 1110/1617/874 1105/1613/869 1103/1611/867 
f 1103/1611/867 1108/1616/872 1110/1617/874 
f 1111/1617/875 1106/1614/870 1105/1613/869 
f 1105/1613/869 1110/1617/874 1111/1617/875 
f 1107/1615/871 1112/1618/876 1113/1619/13 
f 1113/1619/13 1108/1616/872 1107/1615/871 
f 1109/1615/873 1114/1620/877 1112/1618/876 
f 1112/1618/876 1107/1615/871 1109/1615/873 
f 1115/1621/878 1110/1617/874 1108/1616/872 
f 1108/1616/872 1113/1619/13 1115/1621/878 
f 1116/1622/879 1111/1617/875 1110/1617/874 
f 1110/1617/874 1115/1621/878 1116/1622/879 
f 1112/1618/876 1117/1623/880 1118/1624/14 
f 1118/1624/14 1113/1619/13 1112/1618/876 
f 1114/1620/877 1119/1625/881 1117/1623/880 
f 1117/1623/880 1112/1618/876 1114/1620/877 
f 1120/1626/882 1115/1621/878 1113/1619/13 
f 1113/1619/13 1118/1624/14 1120/1626/882 
f 1121/1627/883 1116/1622/879 1115/1621/878 
f 1115/1621/878 1120/1626/882 1121/1627/883 
f 1117/1623/880 1122/1628/884 1123/1629/885 
f 1123/1629/885 1118/1624/14 1117/1623/880 
f 1119/1625/881 1124/1628/886 1122/1628/884 
f 1122/1628/884 1117/1623/880 1119/1625/881 
f 1125/1630/887 1120/1626/882 1118/1624/14 
f 1118/1624/14 1123/1629/885 1125/1630/887 
f 1126/1630/888 1121/1627/883 1120/1626/882 
f 1120/1626/882 1125/1630/887 1126/1630/888 
f 1122/1628/884 1127/1631/889 1128/1632/16 
f 1128/1632/16 1123/1629/885 1122/1628/884 
f 1124/1628/886 1129/1633/890 1127/1631/889 
f 1127/1631/889 1122/1628/884 1124/1628/886 
f 1130/1634/891 1125/1630/887 1123/1629/885 
f 1123/1629/885 1128/1632/16 1130/1634/891 
f 1131/1635/892 1126/1630/888 1125/1630/887 
f 1125/1630/887 1130/1634/891 1131/1635/892 
f 1127/1631/889 1132/1636/893 1133/1637/17 
f 1133/1637/17 1128/1632/16 1127/1631/889 
f 1129/1633/890 1134/1638/894 1132/1636/893 
f 1132/1636/893 1127/1631/889 1129/1633/890 
f 1135/1639/895 1130/1634/891 1128/1632/16 
f 1128/1632/16 1133/1637/17 1135/1639/895 
f 1136/1640/896 1131/1635/892 1130/1634/891 
f 1130/1634/891 1135/1639/895 1136/1640/896 
f 1132/1636/893 1137/1641/897 1138/1642/18 
f 1138/1642/18 1133/1637/17 1132/1636/893 
f 1134/1638/894 1139/1641/898 1137/1641/897 
f 1137/1641/897 1132/1636/893 1134/1638/894 
f 1140/1643/899 1135/1639/895 1133/1637/17 
f 1133/1637/17 1138/1642/18 1140/1643/899 
f 1141/1643/900 1136/1640/896 1135/1639/895 
f 1135/1639/895 1140/1643/899 1141/1643/900 
f 1137/1644/897 1142/1645/901 1143/1646/902 
f 1143/1646/902 1138/1647/18 1137/1644/897 
f 1139/1644/898 1144/1648/903 1142/1645/901 
f 1142/1645/901 1137/1644/897 1139/1644/898 
f 1145/1649/904 1140/1650/899 1138/1647/18 
f 1138/1647/18 1143/1646/902 1145/1649/904 
f 1146/1651/905 1141/1650/900 1140/1650/899 
f 1140/1650/899 1145/1649/904 1146/1651/905 
f 1142/1645/901 1147/1652/906 1148/1653/907 
f 1148/1653/907 1143/1646/902 1142/1645/901 
f 1144/1648/903 1149/1654/908 1147/1652/906 
f 1147/1652/906 1142/1645/901 1144/1648/903 
f 1150/1655/909 1145/1649/904 1143/1646/902 
f 1143/1646/902 1148/1653/907 1150/1655/909 
f 1151/1656/910 1146/1651/905 1145/1649/904 
f 1145/1649/904 1150/1655/909 1151/1656/910 
f 1147/1652/906 1152/1657/911 1153/1658/21 
f 1153/1658/21 1148/1653/907 1147/1652/906 
f 1149/1654/908 1154/1657/912 1152/1657/911 
f 1152/1657/911 1147/1652/906 1149/1654/908 
f 1155/1659/913 1150/1655/909 1148/1653/907 
f 1148/1653/907 1153/1658/21 1155/1659/913 
f 1156/1659/914 1151/1656/910 1150/1655/909 
f 1150/1655/909 1155/1659/913 1156/1659/914 
f 1152/1657/911 1157/1660/915 1158/1661/22 
f 1158/1661/22 1153/1658/21 1152/1657/911 
f 1154/1657/912 1159/1662/916 1157/1660/915 
f 1157/1660/915 1152/1657/911 1154/1657/912 
f 1160/1663/917 1155/1659/913 1153/1658/21 
f 1153/1658/21 1158/1661/22 1160/1663/917 
f 1161/1664/918 1156/1659/914 1155/1659/913 
f 1155/1659/913 1160/1663/917 1161/1664/918 
f 1157/1660/915 1162/1665/919 1163/1666/920 
f 1163/1666/920 1158/1661/22 1157/1660/915 
f 1159/1662/916 1164/1667/921 1162/1665/919 
f 1162/1665/919 1157/1660/915 1159/1662/916 
f 1165/1668/922 1160/1663/917 1158/1661/22 
f 1158/1661/22 1163/1666/920 1165/1668/922 
f 1166/1669/923 1161/1664/918 1160/1663/917 
f 1160/1663/917 1165/1668/922 1166/1669/923 
f 1162/1665/919 1167/1670/924 1168/1671/925 
f 1168/1671/925 1163/1666/920 1162/1665/919 
f 1164/1667/921 1169/1670/926 1167/1670/924 
f 1167/1670/924 1162/1665/919 1164/1667/921 
f 1170/1672/927 1165/1668/922 1163/1666/920 
f 1163/1666/920 1168/1671/925 1170/1672/927 
f 1171/1672/928 1166/1669/923 1165/1668/922 
f 1165/1668/922 1170/1672/927 1171/1672/928 
f 1167/1670/924 1172/1673/929 1173/1674/930 
f 1173/1674/930 1168/1671/925 1167/1670/924 
f 1169/1670/926 1174/1675/931 1172/1673/929 
f 1172/1673/929 1167/1670/924 1169/1670/926 
f 1175/1676/932 1170/1672/927 1168/1671/925 
f 1168/1671/925 1173/1674/930 1175/1676/932 
f 1176/1677/933 1171/1672/928 1170/1672/927 
f 1170/1672/927 1175/1676/932 1176/1677/933 
f 1172/1673/929 1177/1678/934 1178/1679/26 
f 1178/1679/26 1173/1674/930 1172/1673/929 
f 1174/1675/931 1179/1680/935 1177/1678/934 
f 1177/1678/934 1172/1673/929 1174/1675/931 
f 1180/1681/936 1175/1676/932 1173/1674/930 
f 1173/1674/930 1178/1679/26 1180/1681/936 
f 1181/1682/937 1176/1677/933 1175/1676/932 
f 1175/1676/932 1180/1681/936 1181/1682/937 
f 1177/1678/934 1182/1683/938 1183/1684/27 
f 1183/1684/27 1178/1679/26 1177/1678/934 
f 1179/1680/935 1184/1685/939 1182/1683/938 
f 1182/1683/938 1177/1678/934 1179/1680/935 
f 1185/1686/940 1180/1681/936 1178/1679/26 
f 1178/1679/26 1183/1684/27 1185/1686/940 
f 1186/1687/941 1181/1682/937 1180/1681/936 
f 1180/1681/936 1185/1686/940 1186/1687/941 
f 1182/1683/938 1187/1688/942 1188/1689/943 
f 1188/1689/943 1183/1684/27 1182/1683/938 
f 1184/1685/939 1189/1690/944 1187/1688/942 
f 1187/1688/942 1182/1683/938 1184/1685/939 
f 1190/1691/945 1185/1686/940 1183/1684/27 
f 1183/1684/27 1188/1689/943 1190/1691/945 
f 1191/1692/946 1186/1687/941 1185/1686/940 
f 1185/1686/940 1190/1691/945 1191/1692/946 
f 1187/1688/942 1192/1693/947 1193/1694/948 
f 1193/1694/948 1188/1689/943 1187/1688/942 
f 1189/1690/944 1194/1693/949 1192/1693/947 
f 1192/1693/947 1187/1688/942 1189/1690/944 
f 1195/1695/950 1190/1691/945 1188/1689/943 
f 1188/1689/943 1193/1694/948 1195/1695/950 
f 1196/1695/951 1191/1692/946 1190/1691/945 
f 1190/1691/945 1195/1695/950 1196/1695/951 
f 1192/1693/947 1197/1696/952 1198/1697/30 
f 1198/1697/30 1193/1694/948 1192/1693/947 
f 1194/1693/949 1199/1696/953 1197/1696/952 
f 1197/1696/952 1192/1693/947 1194/1693/949 
f 1200/1698/954 1195/1695/950 1193/1694/948 
f 1193/1694/948 1198/1697/30 1200/1698/954 
f 1201/1698/955 1196/1695/951 1195/1695/950 
f 1195/1695/950 1200/1698/954 1201/1698/955 
f 1197/1696/952 1202/1699/956 1203/1700/31 
f 1203/1700/31 1198/1697/30 1197/1696/952 
f 1199/1696/953 1204/1701/957 1202/1699/956 
f 1202/1699/956 1197/1696/952 1199/1696/953 
f 1205/1702/958 1200/1698/954 1198/1697/30 
f 1198/1697/30 1203/1700/31 1205/1702/958 
f 1206/1703/959 1201/1698/955 1200/1698/954 
f 1200/1698/954 1205/1702/958 1206/1703/959 
f 1202/1699/956 1207/1704/960 1208/1705/32 
f 1208/1705/32 1203/1700/31 1202/1699/956 
f 1204/1701/957 1209/1706/961 1207/1704/960 
f 1207/1704/960 1202/1699/956 1204/1701/957 
f 1210/1707/962 1205/1702/958 1203/1700/31 
f 1203/1700/31 1208/1705/32 1210/1707/962 
f 1211/1708/963 1206/1703/959 1205/1702/958 
f 1205/1702/958 1210/1707/962 1211/1708/963 
f 1207/1704/960 1212/1709/964 1213/1710/965 
f 1213/1710/965 1208/1705/32 1207/1704/960 
f 1209/1706/961 1214/1711/966 1212/1709/964 
f 1212/1709/964 1207/1704/960 1209/1706/961 
f 1215/1712/967 1210/1707/962 1208/1705/32 
f 1208/1705/32 1213/1710/965 1215/1712/967 
f 1216/1713/968 1211/1708/963 1210/1707/962 
f 1210/1707/962 1215/1712/967 1216/1713/968 
f 1212/1709/964 1217/1569/969 1218/1572/970 
f 1218/1572/970 1213/1710/965 1212/1709/964 
f 1214/1711/966 1219/1573/971 1217/1569/969 
f 1217/1569/969 1212/1709/964 1214/1711/966 
f 1220/1576/972 1215/1712/967 1213/1710/965 
f 1213/1710/965 1218/1572/970 1220/1576/972 
f 1221/1578/973 1216/1713/968 1215/1712/967 
f 1215/1712/967 1220/1576/972 1221/1578/973 
f 1222/1714/974 1223/1715/99 1224/1716/98 
f 1224/1716/98 1225/1717/975 1222/1714/974 
f 1226/1718/976 1222/1714/974 1225/1717/975 
f 1225/1717/975 1227/1719/977 1226/1718/976 
f 1222/1714/974 1228/1720/978 1229/1721/100 
f 1229/1721/100 1223/1715/99 1222/1714/974 
f 1226/1718/976 1230/1722/979 1228/1720/978 
f 1228/1720/978 1222/1714/974 1226/1718/976 
f 1231/1723/980 1232/1724/981 1223/1715/99 
f 1223/1715/99 1229/1721/100 1231/1723/980 
f 1233/1725/982 1234/1726/983 1232/1724/981 
f 1232/1724/981 1231/1723/980 1233/1725/982 
f 1228/1720/978 1235/1727/984 1236/1728/985 
f 1236/1728/985 1229/1721/100 1228/1720/978 
f 1230/1722/979 1237/1729/986 1235/1727/984 
f 1235/1727/984 1228/1720/978 1230/1722/979 
f 1238/1730/987 1231/1723/980 1229/1721/100 
f 1229/1721/100 1236/1728/985 1238/1730/987 
f 1239/1731/988 1233/1725/982 1231/1723/980 
f 1231/1723/980 1238/1730/987 1239/1731/988 
f 1235/1727/984 1240/1732/989 1241/1733/990 
f 1241/1733/990 1236/1728/985 1235/1727/984 
f 1237/1729/986 1242/1732/991 1240/1732/989 
f 1240/1732/989 1235/1727/984 1237/1729/986 
f 1243/1734/992 1238/1730/987 1236/1728/985 
f 1236/1728/985 1241/1733/990 1243/1734/992 
f 1244/1734/993 1239/1731/988 1238/1730/987 
f 1238/1730/987 1243/1734/992 1244/1734/993 
f 1240/1732/989 1245/1735/994 1246/1736/103 
f 1246/1736/103 1241/1733/990 1240/1732/989 
f 1242/1732/991 1247/1735/995 1245/1735/994 
f 1245/1735/994 1240/1732/989 1242/1732/991 
f 1248/1737/996 1243/1734/992 1241/1733/990 
f 1241/1733/990 1246/1736/103 1248/1737/996 
f 1249/1737/997 1244/1734/993 1243/1734/992 
f 1243/1734/992 1248/1737/996 1249/1737/997 
f 1245/1735/994 1250/1738/998 1251/1739/104 
f 1251/1739/104 1246/1736/103 1245/1735/994 
f 1247/1735/995 1252/1740/999 1250/1738/998 
f 1250/1738/998 1245/1735/994 1247/1735/995 
f 1253/1741/1000 1248/1737/996 1246/1736/103 
f 1246/1736/103 1251/1739/104 1253/1741/1000 
f 1254/1742/1001 1249/1737/997 1248/1737/996 
f 1248/1737/996 1253/1741/1000 1254/1742/1001 
f 1250/1738/998 1255/1743/1002 1256/1744/1003 
f 1256/1744/1003 1251/1739/104 1250/1738/998 
f 1252/1740/999 1257/1745/1004 1255/1743/1002 
f 1255/1743/1002 1250/1738/998 1252/1740/999 
f 1258/1746/1005 1253/1741/1000 1251/1739/104 
f 1251/1739/104 1256/1744/1003 1258/1746/1005 
f 1259/1747/1006 1254/1742/1001 1253/1741/1000 
f 1253/1741/1000 1258/1746/1005 1259/1747/1006 
f 1255/1743/1002 1260/1748/1007 1261/1749/1008 
f 1261/1749/1008 1256/1744/1003 1255/1743/1002 
f 1257/1745/1004 1262/1750/1009 1260/1748/1007 
f 1260/1748/1007 1255/1743/1002 1257/1745/1004 
f 1263/1751/1010 1258/1746/1005 1256/1744/1003 
f 1256/1744/1003 1261/1749/1008 1263/1751/1010 
f 1264/1752/1011 1259/1747/1006 1258/1746/1005 
f 1258/1746/1005 1263/1751/1010 1264/1752/1011 
f 1260/1748/1007 1265/1753/1012 1266/1754/1013 
f 1266/1754/1013 1261/1749/1008 1260/1748/1007 
f 1262/1750/1009 1267/1755/1014 1265/1753/1012 
f 1265/1753/1012 1260/1748/1007 1262/1750/1009 
f 1268/1756/1015 1263/1751/1010 1261/1749/1008 
f 1261/1749/1008 1266/1754/1013 1268/1756/1015 
f 1269/1757/1016 1264/1752/1011 1263/1751/1010 
f 1263/1751/1010 1268/1756/1015 1269/1757/1016 
f 1265/1753/1012 1270/1758/1017 1271/1759/1018 
f 1271/1759/1018 1266/1754/1013 1265/1753/1012 
f 1267/1755/1014 1272/1758/1019 1270/1758/1017 
f 1270/1758/1017 1265/1753/1012 1267/1755/1014 
f 1273/1760/1020 1268/1756/1015 1266/1754/1013 
f 1266/1754/1013 1271/1759/1018 1273/1760/1020 
f 1274/1760/1021 1269/1757/1016 1268/1756/1015 
f 1268/1756/1015 1273/1760/1020 1274/1760/1021 
f 1270/1758/1017 1275/1761/1022 1276/1762/109 
f 1276/1762/109 1271/1759/1018 1270/1758/1017 
f 1272/1758/1019 1277/1763/1023 1275/1761/1022 
f 1275/1761/1022 1270/1758/1017 1272/1758/1019 
f 1278/1764/1024 1273/1760/1020 1271/1759/1018 
f 1271/1759/1018 1276/1762/109 1278/1764/1024 
f 1279/1765/1025 1274/1760/1021 1273/1760/1020 
f 1273/1760/1020 1278/1764/1024 1279/1765/1025 
f 1275/1761/1022 1280/1766/1026 1281/1767/110 
f 1281/1767/110 1276/1762/109 1275/1761/1022 
f 1277/1763/1023 1282/1768/1027 1280/1766/1026 
f 1280/1766/1026 1275/1761/1022 1277/1763/1023 
f 1283/1769/1028 1278/1764/1024 1276/1762/109 
f 1276/1762/109 1281/1767/110 1283/1769/1028 
f 1284/1770/1029 1279/1765/1025 1278/1764/1024 
f 1278/1764/1024 1283/1769/1028 1284/1770/1029 
f 1280/1766/1026 1285/1771/1030 1286/1772/1031 
f 1286/1772/1031 1281/1767/110 1280/1766/1026 
f 1282/1768/1027 1287/1771/1032 1285/1771/1030 
f 1285/1771/1030 1280/1766/1026 1282/1768/1027 
f 1288/1773/1033 1283/1769/1028 1281/1767/110 
f 1281/1767/110 1286/1772/1031 1288/1773/1033 
f 1289/1773/1034 1284/1770/1029 1283/1769/1028 
f 1283/1769/1028 1288/1773/1033 1289/1773/1034 
f 1285/1771/1030 1290/1774/1035 1291/1775/1036 
f 1291/1775/1036 1286/1772/1031 1285/1771/1030 
f 1287/1771/1032 1292/1776/1037 1290/1774/1035 
f 1290/1774/1035 1285/1771/1030 1287/1771/1032 
f 1293/1777/1038 1288/1773/1033 1286/1772/1031 
f 1286/1772/1031 1291/1775/1036 1293/1777/1038 
f 1294/1778/1039 1289/1773/1034 1288/1773/1033 
f 1288/1773/1033 1293/1777/1038 1294/1778/1039 
f 1290/1774/1035 1295/1779/1040 1296/1780/113 
f 1296/1780/113 1291/1775/1036 1290/1774/1035 
f 1292/1776/1037 1297/1781/1041 1295/1779/1040 
f 1295/1779/1040 1290/1774/1035 1292/1776/1037 
f 1298/1782/1042 1293/1777/1038 1291/1775/1036 
f 1291/1775/1036 1296/1780/113 1298/1782/1042 
f 1299/1783/1043 1294/1778/1039 1293/1777/1038 
f 1293/1777/1038 1298/1782/1042 1299/1783/1043 
f 1295/1779/1040 1300/1784/1044 1301/1785/114 
f 1301/1785/114 1296/1780/113 1295/1779/1040 
f 1297/1781/1041 1302/1784/1045 1300/1784/1044 
f 1300/1784/1044 1295/1779/1040 1297/1781/1041 
f 1303/1786/1046 1298/1782/1042 1296/1780/113 
f 1296/1780/113 1301/1785/114 1303/1786/1046 
f 1304/1786/1047 1299/1783/1043 1298/1782/1042 
f 1298/1782/1042 1303/1786/1046 1304/1786/1047 
f 1300/1644/1044 1305/1645/1048 1306/1646/115 
f 1306/1646/115 1301/1647/114 1300/1644/1044 
f 1302/1644/1045 1307/1648/1049 1305/1645/1048 
f 1305/1645/1048 1300/1644/1044 1302/1644/1045 
f 1308/1649/1050 1303/1650/1046 1301/1647/114 
f 1301/1647/114 1306/1646/115 1308/1649/1050 
f 1309/1651/1051 1304/1650/1047 1303/1650/1046 
f 1303/1650/1046 1308/1649/1050 1309/1651/1051 
f 1305/1645/1048 1310/1652/1052 1311/1653/116 
f 1311/1653/116 1306/1646/115 1305/1645/1048 
f 1307/1648/1049 1312/1654/1053 1310/1652/1052 
f 1310/1652/1052 1305/1645/1048 1307/1648/1049 
f 1313/1655/1054 1308/1649/1050 1306/1646/115 
f 1306/1646/115 1311/1653/116 1313/1655/1054 
f 1314/1656/1055 1309/1651/1051 1308/1649/1050 
f 1308/1649/1050 1313/1655/1054 1314/1656/1055 
f 1310/1652/1052 1315/1657/1056 1316/1658/117 
f 1316/1658/117 1311/1653/116 1310/1652/1052 
f 1312/1654/1053 1317/1657/1057 1315/1657/1056 
f 1315/1657/1056 1310/1652/1052 1312/1654/1053 
f 1318/1659/1058 1313/1655/1054 1311/1653/116 
f 1311/1653/116 1316/1658/117 1318/1659/1058 
f 1319/1659/1059 1314/1656/1055 1313/1655/1054 
f 1313/1655/1054 1318/1659/1058 1319/1659/1059 
f 1315/1657/1056 1320/1660/1060 1321/1661/1061 
f 1321/1661/1061 1316/1658/117 1315/1657/1056 
f 1317/1657/1057 1322/1662/1062 1320/1660/1060 
f 1320/1660/1060 1315/1657/1056 1317/1657/1057 
f 1323/1663/1063 1318/1659/1058 1316/1658/117 
f 1316/1658/117 1321/1661/1061 1323/1663/1063 
f 1324/1664/1064 1319/1659/1059 1318/1659/1058 
f 1318/1659/1058 1323/1663/1063 1324/1664/1064 
f 1320/1660/1060 1325/1665/1065 1326/1666/1066 
f 1326/1666/1066 1321/1661/1061 1320/1660/1060 
f 1322/1662/1062 1327/1667/1067 1325/1665/1065 
f 1325/1665/1065 1320/1660/1060 1322/1662/1062 
f 1328/1668/1068 1323/1663/1063 1321/1661/1061 
f 1321/1661/1061 1326/1666/1066 1328/1668/1068 
f 1329/1669/1069 1324/1664/1064 1323/1663/1063 
f 1323/1663/1063 1328/1668/1068 1329/1669/1069 
f 1325/1665/1065 1330/1670/1070 1331/1671/1071 
f 1331/1671/1071 1326/1666/1066 1325/1665/1065 
f 1327/1667/1067 1332/1670/1072 1330/1670/1070 
f 1330/1670/1070 1325/1665/1065 1327/1667/1067 
f 1333/1672/1073 1328/1668/1068 1326/1666/1066 
f 1326/1666/1066 1331/1671/1071 1333/1672/1073 
f 1334/1672/1074 1329/1669/1069 1328/1668/1068 
f 1328/1668/1068 1333/1672/1073 1334/1672/1074 
f 1330/1670/1070 1335/1673/1075 1336/1674/121 
f 1336/1674/121 1331/1671/1071 1330/1670/1070 
f 1332/1670/1072 1337/1675/1076 1335/1673/1075 
f 1335/1673/1075 1330/1670/1070 1332/1670/1072 
f 1338/1676/1077 1333/1672/1073 1331/1671/1071 
f 1331/1671/1071 1336/1674/121 1338/1676/1077 
f 1339/1677/1078 1334/1672/1074 1333/1672/1073 
f 1333/1672/1073 1338/1676/1077 1339/1677/1078 
f 1335/1673/1075 1340/1678/1079 1341/1679/122 
f 1341/1679/122 1336/1674/121 1335/1673/1075 
f 1337/1675/1076 1342/1680/1080 1340/1678/1079 
f 1340/1678/1079 1335/1673/1075 1337/1675/1076 
f 1343/1681/1081 1338/1676/1077 1336/1674/121 
f 1336/1674/121 1341/1679/122 1343/1681/1081 
f 1344/1682/1082 1339/1677/1078 1338/1676/1077 
f 1338/1676/1077 1343/1681/1081 1344/1682/1082 
f 1340/1678/1079 1345/1683/1083 1346/1684/1084 
f 1346/1684/1084 1341/1679/122 1340/1678/1079 
f 1342/1680/1080 1347/1685/1085 1345/1683/1083 
f 1345/1683/1083 1340/1678/1079 1342/1680/1080 
f 1348/1686/1086 1343/1681/1081 1341/1679/122 
f 1341/1679/122 1346/1684/1084 1348/1686/1086 
f 1349/1687/1087 1344/1682/1082 1343/1681/1081 
f 1343/1681/1081 1348/1686/1086 1349/1687/1087 
f 1345/1683/1083 1350/1688/1088 1351/1689/1089 
f 1351/1689/1089 1346/1684/1084 1345/1683/1083 
f 1347/1685/1085 1352/1690/1090 1350/1688/1088 
f 1350/1688/1088 1345/1683/1083 1347/1685/1085 
f 1353/1691/1091 1348/1686/1086 1346/1684/1084 
f 1346/1684/1084 1351/1689/1089 1353/1691/1091 
f 1354/1692/1092 1349/1687/1087 1348/1686/1086 
f 1348/1686/1086 1353/1691/1091 1354/1692/1092 
f 1350/1688/1088 1355/1693/1093 1356/1694/125 
f 1356/1694/125 1351/1689/1089 1350/1688/1088 
f 1352/1690/1090 1357/1693/1094 1355/1693/1093 
f 1355/1693/1093 1350/1688/1088 1352/1690/1090 
f 1358/1695/1095 1353/1691/1091 1351/1689/1089 
f 1351/1689/1089 1356/1694/125 1358/1695/1095 
f 1359/1695/1096 1354/1692/1092 1353/1691/1091 
f 1353/1691/1091 1358/1695/1095 1359/1695/1096 
f 1355/1693/1093 1360/1696/1097 1361/1697/126 
f 1361/1697/126 1356/1694/125 1355/1693/1093 
f 1357/1693/1094 1362/1696/1098 1360/1696/1097 
f 1360/1696/1097 1355/1693/1093 1357/1693/1094 
f 1363/1698/1099 1358/1695/1095 1356/1694/125 
f 1356/1694/125 1361/1697/126 1363/1698/1099 
f 1364/1698/1100 1359/1695/1096 1358/1695/1095 
f 1358/1695/1095 1363/1698/1099 1364/1698/1100 
f 1360/1696/1097 1365/1699/1101 1366/1700/1102 
f 1366/1700/1102 1361/1697/126 1360/1696/1097 
f 1362/1696/1098 1367/1701/1103 1365/1699/1101 
f 1365/1699/1101 1360/1696/1097 1362/1696/1098 
f 1368/1702/1104 1363/1698/1099 1361/1697/126 
f 1361/1697/126 1366/1700/1102 1368/1702/1104 
f 1369/1703/1105 1364/1698/1100 1363/1698/1099 
f 1363/1698/1099 1368/1702/1104 1369/1703/1105 
f 1365/1699/1101 1370/1704/1106 1371/1705/1107 
f 1371/1705/1107 1366/1700/1102 1365/1699/1101 
f 1367/1701/1103 1372/1706/1108 1370/1704/1106 
f 1370/1704/1106 1365/1699/1101 1367/1701/1103 
f 1373/1707/1109 1368/1702/1104 1366/1700/1102 
f 1366/1700/1102 1371/1705/1107 1373/1707/1109 
f 1374/1708/1110 1369/1703/1105 1368/1702/1104 
f 1368/1702/1104 1373/1707/1109 1374/1708/1110 
f 1370/1704/1106 1375/1709/1111 1376/1710/129 
f 1376/1710/129 1371/1705/1107 1370/1704/1106 
f 1372/1706/1108 1377/1711/1112 1375/1709/1111 
f 1375/1709/1111 1370/1704/1106 1372/1706/1108 
f 1378/1712/1113 1373/1707/1109 1371/1705/1107 
f 1371/1705/1107 1376/1710/129 1378/1712/1113 
f 1379/1713/1114 1374/1708/1110 1373/1707/1109 
f 1373/1707/1109 1378/1712/1113 1379/1713/1114 
f 1375/1709/1111 1057/1569/826 1060/1572/3 
f 1060/1572/3 1376/1710/129 1375/1709/1111 
f 1377/1711/1112 1061/1573/828 1057/1569/826 
f 1057/1569/826 1375/1709/1111 1377/1711/1112 
f 1064/1576/831 1378/1712/1113 1376/1710/129 
f 1376/1710/129 1060/1572/3 1064/1576/831 
f 1066/1578/833 1379/1713/1114 1378/1712/1113 
f 1378/1712/1113 1064/1576/831 1066/1578/833 
f 1380/1787/1115 1381/1788/1116 1382/1789/1117 
f 1382/1789/1117 1383/1790/1117 1380/1787/1115 
f 1377/1791/1112 1372/1792/1108 1381/1788/1116 
f 1381/1788/1116 1380/1787/1115 1377/1791/1112 
f 1381/1788/1116 1384/1793/1118 1385/1794/1119 
f 1385/1794/1119 1382/1789/1117 1381/1788/1116 
f 1372/1792/1108 1367/1795/1103 1384/1793/1118 
f 1384/1793/1118 1381/1788/1116 1372/1792/1108 
f 1384/1793/1118 1386/1796/1120 1387/1797/1119 
f 1387/1797/1119 1385/1794/1119 1384/1793/1118 
f 1367/1795/1103 1362/1798/1098 1386/1796/1120 
f 1386/1796/1120 1384/1793/1118 1367/1795/1103 
f 1386/1796/1120 1388/1799/1121 1389/1800/1122 
f 1389/1800/1122 1387/1797/1119 1386/1796/1120 
f 1362/1798/1098 1357/1801/1094 1388/1799/1121 
f 1388/1799/1121 1386/1796/1120 1362/1798/1098 
f 1388/1799/1121 1390/1802/1123 1391/1803/1124 
f 1391/1803/1124 1389/1800/1122 1388/1799/1121 
f 1357/1801/1094 1352/1804/1090 1390/1802/1123 
f 1390/1802/1123 1388/1799/1121 1357/1801/1094 
f 1390/1802/1123 1392/1805/1125 1393/1806/1124 
f 1393/1806/1124 1391/1803/1124 1390/1802/1123 
f 1352/1804/1090 1347/1807/1085 1392/1805/1125 
f 1392/1805/1125 1390/1802/1123 1352/1804/1090 
f 1392/1805/1125 1394/1808/1126 1395/1808/1127 
f 1395/1808/1127 1393/1806/1124 1392/1805/1125 
f 1347/1807/1085 1342/1809/1080 1394/1808/1126 
f 1394/1808/1126 1392/1805/1125 1347/1807/1085 
f 1394/1808/1126 1396/1810/1128 1397/1811/1127 
f 1397/1811/1127 1395/1808/1127 1394/1808/1126 
f 1342/1809/1080 1337/1812/1076 1396/1810/1128 
f 1396/1810/1128 1394/1808/1126 1342/1809/1080 
f 1396/1810/1128 1398/1813/1129 1399/1814/1130 
f 1399/1814/1130 1397/1811/1127 1396/1810/1128 
f 1337/1812/1076 1332/1815/1072 1398/1813/1129 
f 1398/1813/1129 1396/1810/1128 1337/1812/1076 
f 1398/1813/1129 1400/1816/1131 1401/1817/1130 
f 1401/1817/1130 1399/1814/1130 1398/1813/1129 
f 1332/1815/1072 1327/1818/1067 1400/1816/1131 
f 1400/1816/1131 1398/1813/1129 1332/1815/1072 
f 1400/1816/1131 1402/1819/1132 1403/1820/1133 
f 1403/1820/1133 1401/1817/1130 1400/1816/1131 
f 1327/1818/1067 1322/1821/1062 1402/1819/1132 
f 1402/1819/1132 1400/1816/1131 1327/1818/1067 
f 1402/1819/1132 1404/1822/1134 1405/1823/1133 
f 1405/1823/1133 1403/1820/1133 1402/1819/1132 
f 1322/1821/1062 1317/1824/1057 1404/1822/1134 
f 1404/1822/1134 1402/1819/1132 1322/1821/1062 
f 1404/1822/1134 1406/1825/1135 1407/1826/1136 
f 1407/1826/1136 1405/1823/1133 1404/1822/1134 
f 1317/1824/1057 1312/1827/1053 1406/1825/1135 
f 1406/1825/1135 1404/1822/1134 1317/1824/1057 
f 1406/1825/1135 1408/1828/1137 1409/1829/1138 
f 1409/1829/1138 1407/1826/1136 1406/1825/1135 
f 1312/1827/1053 1307/1830/1049 1408/1828/1137 
f 1408/1828/1137 1406/1825/1135 1312/1827/1053 
f 1408/1828/1137 1410/1831/1139 1411/1832/1140 
f 1411/1832/1140 1409/1829/1138 1408/1828/1137 
f 1307/1830/1049 1302/1833/1045 1410/1831/1139 
f 1410/1831/1139 1408/1828/1137 1307/1830/1049 
f 1410/1831/1139 1412/1834/1141 1413/1835/1142 
f 1413/1835/1142 1411/1832/1140 1410/1831/1139 
f 1302/1833/1045 1297/1836/1041 1412/1834/1141 
f 1412/1834/1141 1410/1831/1139 1302/1833/1045 
f 1412/1834/1141 1414/1837/1143 1415/1838/1144 
f 1415/1838/1144 1413/1835/1142 1412/1834/1141 
f 1297/1836/1041 1292/1839/1037 1414/1837/1143 
f 1414/1837/1143 1412/1834/1141 1297/1836/1041 
f 1414/1837/1143 1416/1840/1145 1417/1841/1146 
f 1417/1841/1146 1415/1838/1144 1414/1837/1143 
f 1292/1839/1037 1287/1842/1032 1416/1840/1145 
f 1416/1840/1145 1414/1837/1143 1292/1839/1037 
f 1416/1840/1145 1418/1843/1147 1419/1844/1146 
f 1419/1844/1146 1417/1841/1146 1416/1840/1145 
f 1287/1842/1032 1282/1845/1027 1418/1843/1147 
f 1418/1843/1147 1416/1840/1145 1287/1842/1032 
f 1418/1843/1147 1420/1846/1148 1421/1847/1149 
f 1421/1847/1149 1419/1844/1146 1418/1843/1147 
f 1282/1845/1027 1277/1848/1023 1420/1846/1148 
f 1420/1846/1148 1418/1843/1147 1282/1845/1027 
f 1420/1846/1148 1422/1849/1150 1423/1850/1149 
f 1423/1850/1149 1421/1847/1149 1420/1846/1148 
f 1277/1848/1023 1272/1851/1019 1422/1849/1150 
f 1422/1849/1150 1420/1846/1148 1277/1848/1023 
f 1422/1849/1150 1424/1852/1151 1425/1853/1152 
f 1425/1853/1152 1423/1850/1149 1422/1849/1150 
f 1272/1851/1019 1267/1854/1014 1424/1852/1151 
f 1424/1852/1151 1422/1849/1150 1272/1851/1019 
f 1424/1852/1151 1426/1855/1153 1427/1855/1152 
f 1427/1855/1152 1425/1853/1152 1424/1852/1151 
f 1267/1854/1014 1262/1856/1009 1426/1855/1153 
f 1426/1855/1153 1424/1852/1151 1267/1854/1014 
f 1426/1855/1153 1428/1857/1154 1429/1858/1155 
f 1429/1858/1155 1427/1855/1152 1426/1855/1153 
f 1262/1856/1009 1257/1859/1004 1428/1857/1154 
f 1428/1857/1154 1426/1855/1153 1262/1856/1009 
f 1428/1857/1154 1430/1860/1156 1431/1861/1155 
f 1431/1861/1155 1429/1858/1155 1428/1857/1154 
f 1257/1859/1004 1252/1862/999 1430/1860/1156 
f 1430/1860/1156 1428/1857/1154 1257/1859/1004 
f 1430/1860/1156 1432/1863/1157 1433/1864/1158 
f 1433/1864/1158 1431/1861/1155 1430/1860/1156 
f 1252/1862/999 1247/1865/995 1432/1863/1157 
f 1432/1863/1157 1430/1860/1156 1252/1862/999 
f 1432/1863/1157 1434/1866/1159 1435/1867/1160 
f 1435/1867/1160 1433/1864/1158 1432/1863/1157 
f 1247/1865/995 1242/1868/991 1434/1866/1159 
f 1434/1866/1159 1432/1863/1157 1247/1865/995 
f 1434/1866/1159 1436/1869/1161 1437/1870/1160 
f 1437/1870/1160 1435/1867/1160 1434/1866/1159 
f 1242/1868/991 1237/1871/986 1436/1869/1161 
f 1436/1869/1161 1434/1866/1159 1242/1868/991 
f 1436/1869/1161 1438/1872/1162 1439/1873/1163 
f 1439/1873/1163 1437/1870/1160 1436/1869/1161 
f 1237/1871/986 1230/1874/979 1438/1872/1162 
f 1438/1872/1162 1436/1869/1161 1237/1871/986 
f 1438/1872/1162 1440/1875/1164 1441/1876/1163 
f 1441/1876/1163 1439/1873/1163 1438/1872/1162 
f 1230/1874/979 1226/1877/976 1440/1875/1164 
f 1440/1875/1164 1438/1872/1162 1230/1874/979 
f 1442/1878/1165 1443/1879/1166 1444/1880/1167 
f 1444/1880/1167 1445/1881/1168 1442/1878/1165 
f 1219/1882/971 1214/1883/966 1443/1879/1166 
f 1443/1879/1166 1442/1878/1165 1219/1882/971 
f 1443/1879/1166 1446/1884/1169 1447/1885/1167 
f 1447/1885/1167 1444/1880/1167 1443/1879/1166 
f 1214/1883/966 1209/1886/961 1446/1884/1169 
f 1446/1884/1169 1443/1879/1166 1214/1883/966 
f 1446/1884/1169 1448/1887/1170 1449/1888/1171 
f 1449/1888/1171 1447/1885/1167 1446/1884/1169 
f 1209/1886/961 1204/1889/957 1448/1887/1170 
f 1448/1887/1170 1446/1884/1169 1209/1886/961 
f 1448/1887/1170 1450/1890/1172 1451/1891/1171 
f 1451/1891/1171 1449/1888/1171 1448/1887/1170 
f 1204/1889/957 1199/1892/953 1450/1890/1172 
f 1450/1890/1172 1448/1887/1170 1204/1889/957 
f 1450/1890/1172 1452/1893/1173 1453/1894/1174 
f 1453/1894/1174 1451/1891/1171 1450/1890/1172 
f 1199/1892/953 1194/1895/949 1452/1893/1173 
f 1452/1893/1173 1450/1890/1172 1199/1892/953 
f 1452/1893/1173 1454/1896/1175 1455/1897/1176 
f 1455/1897/1176 1453/1894/1174 1452/1893/1173 
f 1194/1895/949 1189/1898/944 1454/1896/1175 
f 1454/1896/1175 1452/1893/1173 1194/1895/949 
f 1454/1896/1175 1456/1899/1177 1457/1900/1176 
f 1457/1900/1176 1455/1897/1176 1454/1896/1175 
f 1189/1898/944 1184/1901/939 1456/1899/1177 
f 1456/1899/1177 1454/1896/1175 1189/1898/944 
f 1456/1899/1177 1458/1902/1178 1459/1902/1179 
f 1459/1902/1179 1457/1900/1176 1456/1899/1177 
f 1184/1901/939 1179/1903/935 1458/1902/1178 
f 1458/1902/1178 1456/1899/1177 1184/1901/939 
f 1458/1902/1178 1460/1904/1180 1461/1905/1179 
f 1461/1905/1179 1459/1902/1179 1458/1902/1178 
f 1179/1903/935 1174/1906/931 1460/1904/1180 
f 1460/1904/1180 1458/1902/1178 1179/1903/935 
f 1460/1904/1180 1462/1907/1181 1463/1908/1182 
f 1463/1908/1182 1461/1905/1179 1460/1904/1180 
f 1174/1906/931 1169/1909/926 1462/1907/1181 
f 1462/1907/1181 1460/1904/1180 1174/1906/931 
f 1462/1907/1181 1464/1910/1183 1465/1911/1182 
f 1465/1911/1182 1463/1908/1182 1462/1907/1181 
f 1169/1909/926 1164/1912/921 1464/1910/1183 
f 1464/1910/1183 1462/1907/1181 1169/1909/926 
f 1464/1910/1183 1466/1913/1184 1467/1914/1185 
f 1467/1914/1185 1465/1911/1182 1464/1910/1183 
f 1164/1912/921 1159/1915/916 1466/1913/1184 
f 1466/1913/1184 1464/1910/1183 1164/1912/921 
f 1466/1913/1184 1468/1916/1186 1469/1917/1185 
f 1469/1917/1185 1467/1914/1185 1466/1913/1184 
f 1159/1915/916 1154/1918/912 1468/1916/1186 
f 1468/1916/1186 1466/1913/1184 1159/1915/916 
f 1468/1916/1186 1470/1919/1187 1471/1920/1188 
f 1471/1920/1188 1469/1917/1185 1468/1916/1186 
f 1154/1918/912 1149/1921/908 1470/1919/1187 
f 1470/1919/1187 1468/1916/1186 1154/1918/912 
f 1470/1919/1187 1472/1922/1189 1473/1923/1190 
f 1473/1923/1190 1471/1920/1188 1470/1919/1187 
f 1149/1921/908 1144/1924/903 1472/1922/1189 
f 1472/1922/1189 1470/1919/1187 1149/1921/908 
f 1472/1922/1189 1474/1925/1191 1475/1926/1192 
f 1475/1926/1192 1473/1923/1190 1472/1922/1189 
f 1144/1924/903 1139/1927/898 1474/1925/1191 
f 1474/1925/1191 1472/1922/1189 1144/1924/903 
f 1474/1925/1191 1476/1928/1193 1477/1929/1194 
f 1477/1929/1194 1475/1926/1192 1474/1925/1191 
f 1139/1927/898 1134/1930/894 1476/1928/1193 
f 1476/1928/1193 1474/1925/1191 1139/1927/898 
f 1476/1928/1193 1478/1931/1195 1479/1932/1196 
f 1479/1932/1196 1477/1929/1194 1476/1928/1193 
f 1134/1930/894 1129/1933/890 1478/1931/1195 
f 1478/1931/1195 1476/1928/1193 1134/1930/894 
f 1478/1931/1195 1480/1934/1197 1481/1935/1198 
f 1481/1935/1198 1479/1932/1196 1478/1931/1195 
f 1129/1933/890 1124/1936/886 1480/1934/1197 
f 1480/1934/1197 1478/1931/1195 1129/1933/890 
f 1480/1934/1197 1482/1937/1199 1483/1938/1198 
f 1483/1938/1198 1481/1935/1198 1480/1934/1197 
f 1124/1936/886 1119/1939/881 1482/1937/1199 
f 1482/1937/1199 1480/1934/1197 1124/1936/886 
f 1482/1937/1199 1484/1940/1200 1485/1941/1201 
f 1485/1941/1201 1483/1938/1198 1482/1937/1199 
f 1119/1939/881 1114/1942/877 1484/1940/1200 
f 1484/1940/1200 1482/1937/1199 1119/1939/881 
f 1484/1940/1200 1486/1943/1202 1487/1944/1201 
f 1487/1944/1201 1485/1941/1201 1484/1940/1200 
f 1114/1942/877 1109/1945/873 1486/1943/1202 
f 1486/1943/1202 1484/1940/1200 1114/1942/877 
f 1486/1943/1202 1488/1946/1203 1489/1947/1204 
f 1489/1947/1204 1487/1944/1201 1486/1943/1202 
f 1109/1945/873 1104/1948/868 1488/1946/1203 
f 1488/1946/1203 1486/1943/1202 1109/1945/873 
f 1488/1946/1203 1490/1949/1205 1491/1949/1204 
f 1491/1949/1204 1489/1947/1204 1488/1946/1203 
f 1104/1948/868 1099/1950/863 1490/1949/1205 
f 1490/1949/1205 1488/1946/1203 1104/1948/868 
f 1490/1949/1205 1492/1951/1206 1493/1952/1207 
f 1493/1952/1207 1491/1949/1204 1490/1949/1205 
f 1099/1950/863 1094/1953/859 1492/1951/1206 
f 1492/1951/1206 1490/1949/1205 1099/1950/863 
f 1492/1951/1206 1494/1954/1208 1495/1955/1207 
f 1495/1955/1207 1493/1952/1207 1492/1951/1206 
f 1094/1953/859 1089/1956/855 1494/1954/1208 
f 1494/1954/1208 1492/1951/1206 1094/1953/859 
f 1494/1954/1208 1496/1957/1209 1497/1958/1210 
f 1497/1958/1210 1495/1955/1207 1494/1954/1208 
f 1089/1956/855 1084/1959/850 1496/1957/1209 
f 1496/1957/1209 1494/1954/1208 1089/1956/855 
f 1496/1957/1209 1498/1960/1211 1499/1961/1212 
f 1499/1961/1212 1497/1958/1210 1496/1957/1209 
f 1084/1959/850 1079/1962/845 1498/1960/1211 
f 1498/1960/1211 1496/1957/1209 1084/1959/850 
f 1498/1960/1211 1500/1963/1213 1501/1964/1212 
f 1501/1964/1212 1499/1961/1212 1498/1960/1211 
f 1079/1962/845 1074/1965/841 1500/1963/1213 
f 1500/1963/1213 1498/1960/1211 1079/1962/845 
f 1500/1963/1213 1502/1966/1214 1503/1967/1215 
f 1503/1967/1215 1501/1964/1212 1500/1963/1213 
f 1074/1965/841 1069/1968/836 1502/1966/1214 
f 1502/1966/1214 1500/1963/1213 1074/1965/841 
f 1502/1966/1214 1504/1969/1216 1505/1970/1215 
f 1505/1970/1215 1503/1967/1215 1502/1966/1214 
f 1069/1968/836 1062/1971/829 1504/1969/1216 
f 1504/1969/1216 1502/1966/1214 1069/1968/836 
f 1504/1969/1216 1506/1972/1217 1507/1973/1218 
f 1507/1973/1218 1505/1970/1215 1504/1969/1216 
f 1062/1971/829 1061/1974/828 1506/1972/1217 
f 1506/1972/1217 1504/1969/1216 1062/1971/829 
f 1506/1972/1217 1380/1787/1115 1383/1790/1117 
f 1383/1790/1117 1507/1973/1218 1506/1972/1217 
f 1061/1974/828 1377/1791/1112 1380/1787/1115 
f 1380/1787/1115 1506/1972/1217 1061/1974/828 
f 1508/1975/1219 1509/1976/1220 1510/1977/1221 
f 1510/1977/1221 1511/1978/1222 1508/1975/1219 
f 1066/1979/833 1065/1980/832 1509/1976/1220 
f 1509/1976/1220 1508/1975/1219 1066/1979/833 
f 1509/1976/1220 1512/1981/1223 1513/1982/1221 
f 1513/1982/1221 1510/1977/1221 1509/1976/1220 
f 1065/1980/832 1071/1983/838 1512/1981/1223 
f 1512/1981/1223 1509/1976/1220 1065/1980/832 
f 1512/1981/1223 1514/1984/1224 1515/1985/1225 
f 1515/1985/1225 1513/1982/1221 1512/1981/1223 
f 1071/1983/838 1076/1986/843 1514/1984/1224 
f 1514/1984/1224 1512/1981/1223 1071/1983/838 
f 1514/1984/1224 1516/1987/1226 1517/1988/1225 
f 1517/1988/1225 1515/1985/1225 1514/1984/1224 
f 1076/1986/843 1081/1989/847 1516/1987/1226 
f 1516/1987/1226 1514/1984/1224 1076/1986/843 
f 1516/1987/1226 1518/1990/1227 1519/1991/1228 
f 1519/1991/1228 1517/1988/1225 1516/1987/1226 
f 1081/1989/847 1086/1992/852 1518/1990/1227 
f 1518/1990/1227 1516/1987/1226 1081/1989/847 
f 1518/1990/1227 1520/1993/1229 1521/1994/1230 
f 1521/1994/1230 1519/1991/1228 1518/1990/1227 
f 1086/1992/852 1091/1995/857 1520/1993/1229 
f 1520/1993/1229 1518/1990/1227 1086/1992/852 
f 1520/1993/1229 1522/1996/1231 1523/1997/1230 
f 1523/1997/1230 1521/1994/1230 1520/1993/1229 
f 1091/1995/857 1096/1998/861 1522/1996/1231 
f 1522/1996/1231 1520/1993/1229 1091/1995/857 
f 1522/1996/1231 1524/1999/1232 1525/1999/1233 
f 1525/1999/1233 1523/1997/1230 1522/1996/1231 
f 1096/1998/861 1101/2000/865 1524/1999/1232 
f 1524/1999/1232 1522/1996/1231 1096/1998/861 
f 1524/1999/1232 1526/2001/1234 1527/2002/1233 
f 1527/2002/1233 1525/1999/1233 1524/1999/1232 
f 1101/2000/865 1106/2003/870 1526/2001/1234 
f 1526/2001/1234 1524/1999/1232 1101/2000/865 
f 1526/2001/1234 1528/2004/1235 1529/2005/1236 
f 1529/2005/1236 1527/2002/1233 1526/2001/1234 
f 1106/2003/870 1111/2006/875 1528/2004/1235 
f 1528/2004/1235 1526/2001/1234 1106/2003/870 
f 1528/2004/1235 1530/2007/1237 1531/2008/1236 
f 1531/2008/1236 1529/2005/1236 1528/2004/1235 
f 1111/2006/875 1116/2009/879 1530/2007/1237 
f 1530/2007/1237 1528/2004/1235 1111/2006/875 
f 1530/2007/1237 1532/2010/1238 1533/2011/1239 
f 1533/2011/1239 1531/2008/1236 1530/2007/1237 
f 1116/2009/879 1121/2012/883 1532/2010/1238 
f 1532/2010/1238 1530/2007/1237 1116/2009/879 
f 1532/2010/1238 1534/2013/1240 1535/2014/1239 
f 1535/2014/1239 1533/2011/1239 1532/2010/1238 
f 1121/2012/883 1126/2015/888 1534/2013/1240 
f 1534/2013/1240 1532/2010/1238 1121/2012/883 
f 1534/2013/1240 1536/2016/1241 1537/2017/1242 
f 1537/2017/1242 1535/2014/1239 1534/2013/1240 
f 1126/2015/888 1131/2018/892 1536/2016/1241 
f 1536/2016/1241 1534/2013/1240 1126/2015/888 
f 1536/2016/1241 1538/2019/1243 1539/2020/1244 
f 1539/2020/1244 1537/2017/1242 1536/2016/1241 
f 1131/2018/892 1136/2021/896 1538/2019/1243 
f 1538/2019/1243 1536/2016/1241 1131/2018/892 
f 1538/2019/1243 1540/2022/1245 1541/2023/1246 
f 1541/2023/1246 1539/2020/1244 1538/2019/1243 
f 1136/2021/896 1141/2024/900 1540/2022/1245 
f 1540/2022/1245 1538/2019/1243 1136/2021/896 
f 1540/2022/1245 1542/2025/1247 1543/2026/1248 
f 1543/2026/1248 1541/2023/1246 1540/2022/1245 
f 1141/2024/900 1146/2027/905 1542/2025/1247 
f 1542/2025/1247 1540/2022/1245 1141/2024/900 
f 1542/2025/1247 1544/2028/1249 1545/2029/1250 
f 1545/2029/1250 1543/2026/1248 1542/2025/1247 
f 1146/2027/905 1151/2030/910 1544/2028/1249 
f 1544/2028/1249 1542/2025/1247 1146/2027/905 
f 1544/2028/1249 1546/2031/1251 1547/2032/1252 
f 1547/2032/1252 1545/2029/1250 1544/2028/1249 
f 1151/2030/910 1156/2033/914 1546/2031/1251 
f 1546/2031/1251 1544/2028/1249 1151/2030/910 
f 1546/2031/1251 1548/2034/1253 1549/2035/1252 
f 1549/2035/1252 1547/2032/1252 1546/2031/1251 
f 1156/2033/914 1161/2036/918 1548/2034/1253 
f 1548/2034/1253 1546/2031/1251 1156/2033/914 
f 1548/2034/1253 1550/2037/1254 1551/2038/1255 
f 1551/2038/1255 1549/2035/1252 1548/2034/1253 
f 1161/2036/918 1166/2039/923 1550/2037/1254 
f 1550/2037/1254 1548/2034/1253 1161/2036/918 
f 1550/2037/1254 1552/2040/1256 1553/2041/1255 
f 1553/2041/1255 1551/2038/1255 1550/2037/1254 
f 1166/2039/923 1171/2042/928 1552/2040/1256 
f 1552/2040/1256 1550/2037/1254 1166/2039/923 
f 1552/2040/1256 1554/2043/1257 1555/2044/1258 
f 1555/2044/1258 1553/2041/1255 1552/2040/1256 
f 1171/2042/928 1176/2045/933 1554/2043/1257 
f 1554/2043/1257 1552/2040/1256 1171/2042/928 
f 1554/2043/1257 1556/2046/1259 1557/2046/1258 
f 1557/2046/1258 1555/2044/1258 1554/2043/1257 
f 1176/2045/933 1181/2047/937 1556/2046/1259 
f 1556/2046/1259 1554/2043/1257 1176/2045/933 
f 1556/2046/1259 1558/2048/1260 1559/2049/1261 
f 1559/2049/1261 1557/2046/1258 1556/2046/1259 
f 1181/2047/937 1186/2050/941 1558/2048/1260 
f 1558/2048/1260 1556/2046/1259 1181/2047/937 
f 1558/2048/1260 1560/2051/1262 1561/2052/1261 
f 1561/2052/1261 1559/2049/1261 1558/2048/1260 
f 1186/2050/941 1191/2053/946 1560/2051/1262 
f 1560/2051/1262 1558/2048/1260 1186/2050/941 
f 1560/2051/1262 1562/2054/1263 1563/2055/1264 
f 1563/2055/1264 1561/2052/1261 1560/2051/1262 
f 1191/2053/946 1196/2056/951 1562/2054/1263 
f 1562/2054/1263 1560/2051/1262 1191/2053/946 
f 1562/2054/1263 1564/2057/1265 1565/2058/1266 
f 1565/2058/1266 1563/2055/1264 1562/2054/1263 
f 1196/2056/951 1201/2059/955 1564/2057/1265 
f 1564/2057/1265 1562/2054/1263 1196/2056/951 
f 1564/2057/1265 1566/2060/1267 1567/2061/1266 
f 1567/2061/1266 1565/2058/1266 1564/2057/1265 
f 1201/2059/955 1206/2062/959 1566/2060/1267 
f 1566/2060/1267 1564/2057/1265 1201/2059/955 
f 1566/2060/1267 1568/2063/1268 1569/2064/1269 
f 1569/2064/1269 1567/2061/1266 1566/2060/1267 
f 1206/2062/959 1211/2065/963 1568/2063/1268 
f 1568/2063/1268 1566/2060/1267 1206/2062/959 
f 1568/2063/1268 1570/2066/1270 1571/2067/1269 
f 1571/2067/1269 1569/2064/1269 1568/2063/1268 
f 1211/2065/963 1216/2068/968 1570/2066/1270 
f 1570/2066/1270 1568/2063/1268 1211/2065/963 
f 1570/2066/1270 1572/2069/1271 1573/2070/1272 
f 1573/2070/1272 1571/2067/1269 1570/2066/1270 
f 1216/2068/968 1221/2071/973 1572/2069/1271 
f 1572/2069/1271 1570/2066/1270 1216/2068/968 
f 1574/2072/1273 1575/2073/1274 1576/2074/1275 
f 1576/2074/1275 1577/2075/1276 1574/2072/1273 
f 1234/2076/983 1574/2072/1273 1577/2075/1276 
f 1577/2075/1276 1578/2077/1277 1234/2076/983 
f 1574/2072/1273 1579/2078/1278 1580/2079/1274 
f 1580/2079/1274 1575/2073/1274 1574/2072/1273 
f 1234/2076/983 1233/2080/982 1579/2078/1278 
f 1579/2078/1278 1574/2072/1273 1234/2076/983 
f 1579/2078/1278 1581/2081/1279 1582/2082/1280 
f 1582/2082/1280 1580/2079/1274 1579/2078/1278 
f 1233/2080/982 1239/2083/988 1581/2081/1279 
f 1581/2081/1279 1579/2078/1278 1233/2080/982 
f 1581/2081/1279 1583/2084/1281 1584/2085/1280 
f 1584/2085/1280 1582/2082/1280 1581/2081/1279 
f 1239/2083/988 1244/2086/993 1583/2084/1281 
f 1583/2084/1281 1581/2081/1279 1239/2083/988 
f 1583/2084/1281 1585/2087/1282 1586/2088/1283 
f 1586/2088/1283 1584/2085/1280 1583/2084/1281 
f 1244/2086/993 1249/2089/997 1585/2087/1282 
f 1585/2087/1282 1583/2084/1281 1244/2086/993 
f 1585/2087/1282 1587/2090/1284 1588/2091/1285 
f 1588/2091/1285 1586/2088/1283 1585/2087/1282 
f 1249/2089/997 1254/2092/1001 1587/2090/1284 
f 1587/2090/1284 1585/2087/1282 1249/2089/997 
f 1587/2090/1284 1589/2093/1286 1590/2094/1285 
f 1590/2094/1285 1588/2091/1285 1587/2090/1284 
f 1254/2092/1001 1259/2095/1006 1589/2093/1286 
f 1589/2093/1286 1587/2090/1284 1254/2092/1001 
f 1589/2093/1286 1591/2096/1287 1592/2096/1288 
f 1592/2096/1288 1590/2094/1285 1589/2093/1286 
f 1259/2095/1006 1264/2097/1011 1591/2096/1287 
f 1591/2096/1287 1589/2093/1286 1259/2095/1006 
f 1591/2096/1287 1593/2098/1289 1594/2099/1288 
f 1594/2099/1288 1592/2096/1288 1591/2096/1287 
f 1264/2097/1011 1269/2100/1016 1593/2098/1289 
f 1593/2098/1289 1591/2096/1287 1264/2097/1011 
f 1593/2098/1289 1595/2101/1290 1596/2102/1291 
f 1596/2102/1291 1594/2099/1288 1593/2098/1289 
f 1269/2100/1016 1274/2103/1021 1595/2101/1290 
f 1595/2101/1290 1593/2098/1289 1269/2100/1016 
f 1595/2101/1290 1597/2104/1292 1598/2105/1291 
f 1598/2105/1291 1596/2102/1291 1595/2101/1290 
f 1274/2103/1021 1279/2106/1025 1597/2104/1292 
f 1597/2104/1292 1595/2101/1290 1274/2103/1021 
f 1597/2104/1292 1599/2107/1293 1600/2108/1294 
f 1600/2108/1294 1598/2105/1291 1597/2104/1292 
f 1279/2106/1025 1284/2109/1029 1599/2107/1293 
f 1599/2107/1293 1597/2104/1292 1279/2106/1025 
f 1599/2107/1293 1601/2110/1295 1602/2111/1294 
f 1602/2111/1294 1600/2108/1294 1599/2107/1293 
f 1284/2109/1029 1289/2112/1034 1601/2110/1295 
f 1601/2110/1295 1599/2107/1293 1284/2109/1029 
f 1601/2110/1295 1603/2113/1296 1604/2114/1297 
f 1604/2114/1297 1602/2111/1294 1601/2110/1295 
f 1289/2112/1034 1294/2115/1039 1603/2113/1296 
f 1603/2113/1296 1601/2110/1295 1289/2112/1034 
f 1603/2113/1296 1605/2116/1298 1606/2117/1299 
f 1606/2117/1299 1604/2114/1297 1603/2113/1296 
f 1294/2115/1039 1299/2118/1043 1605/2116/1298 
f 1605/2116/1298 1603/2113/1296 1294/2115/1039 
f 1605/2116/1298 1607/2119/1300 1608/2120/1301 
f 1608/2120/1301 1606/2117/1299 1605/2116/1298 
f 1299/2118/1043 1304/2121/1047 1607/2119/1300 
f 1607/2119/1300 1605/2116/1298 1299/2118/1043 
f 1607/2119/1300 1609/2122/1302 1610/2123/1303 
f 1610/2123/1303 1608/2120/1301 1607/2119/1300 
f 1304/2121/1047 1309/2124/1051 1609/2122/1302 
f 1609/2122/1302 1607/2119/1300 1304/2121/1047 
f 1609/2122/1302 1611/2125/1304 1612/2126/1305 
f 1612/2126/1305 1610/2123/1303 1609/2122/1302 
f 1309/2124/1051 1314/2127/1055 1611/2125/1304 
f 1611/2125/1304 1609/2122/1302 1309/2124/1051 
f 1611/2125/1304 1613/2128/1306 1614/2129/1307 
f 1614/2129/1307 1612/2126/1305 1611/2125/1304 
f 1314/2127/1055 1319/2130/1059 1613/2128/1306 
f 1613/2128/1306 1611/2125/1304 1314/2127/1055 
f 1613/2128/1306 1615/2131/1308 1616/2132/1307 
f 1616/2132/1307 1614/2129/1307 1613/2128/1306 
f 1319/2130/1059 1324/2133/1064 1615/2131/1308 
f 1615/2131/1308 1613/2128/1306 1319/2130/1059 
f 1615/2131/1308 1617/2134/1309 1618/2135/1310 
f 1618/2135/1310 1616/2132/1307 1615/2131/1308 
f 1324/2133/1064 1329/2136/1069 1617/2134/1309 
f 1617/2134/1309 1615/2131/1308 1324/2133/1064 
f 1617/2134/1309 1619/2137/1311 1620/2138/1310 
f 1620/2138/1310 1618/2135/1310 1617/2134/1309 
f 1329/2136/1069 1334/2139/1074 1619/2137/1311 
f 1619/2137/1311 1617/2134/1309 1329/2136/1069 
f 1619/2137/1311 1621/2140/1312 1622/2141/1313 
f 1622/2141/1313 1620/2138/1310 1619/2137/1311 
f 1334/2139/1074 1339/2142/1078 1621/2140/1312 
f 1621/2140/1312 1619/2137/1311 1334/2139/1074 
f 1621/2140/1312 1623/2143/1314 1624/2143/1313 
f 1624/2143/1313 1622/2141/1313 1621/2140/1312 
f 1339/2142/1078 1344/2144/1082 1623/2143/1314 
f 1623/2143/1314 1621/2140/1312 1339/2142/1078 
f 1623/2143/1314 1625/2145/1315 1626/2146/1316 
f 1626/2146/1316 1624/2143/1313 1623/2143/1314 
f 1344/2144/1082 1349/2147/1087 1625/2145/1315 
f 1625/2145/1315 1623/2143/1314 1344/2144/1082 
f 1625/2145/1315 1627/2148/1317 1628/2149/1316 
f 1628/2149/1316 1626/2146/1316 1625/2145/1315 
f 1349/2147/1087 1354/2150/1092 1627/2148/1317 
f 1627/2148/1317 1625/2145/1315 1349/2147/1087 
f 1627/2148/1317 1629/2151/1318 1630/2152/1319 
f 1630/2152/1319 1628/2149/1316 1627/2148/1317 
f 1354/2150/1092 1359/2153/1096 1629/2151/1318 
f 1629/2151/1318 1627/2148/1317 1354/2150/1092 
f 1629/2151/1318 1631/2154/1320 1632/2155/1321 
f 1632/2155/1321 1630/2152/1319 1629/2151/1318 
f 1359/2153/1096 1364/2156/1100 1631/2154/1320 
f 1631/2154/1320 1629/2151/1318 1359/2153/1096 
f 1631/2154/1320 1633/2157/1322 1634/2158/1321 
f 1634/2158/1321 1632/2155/1321 1631/2154/1320 
f 1364/2156/1100 1369/2159/1105 1633/2157/1322 
f 1633/2157/1322 1631/2154/1320 1364/2156/1100 
f 1633/2157/1322 1635/2160/1323 1636/2161/1324 
f 1636/2161/1324 1634/2158/1321 1633/2157/1322 
f 1369/2159/1105 1374/2162/1110 1635/2160/1323 
f 1635/2160/1323 1633/2157/1322 1369/2159/1105 
f 1635/2160/1323 1637/2163/1325 1638/2164/1324 
f 1638/2164/1324 1636/2161/1324 1635/2160/1323 
f 1374/2162/1110 1379/2165/1114 1637/2163/1325 
f 1637/2163/1325 1635/2160/1323 1374/2162/1110 
f 1637/2163/1325 1508/1975/1219 1511/1978/1222 
f 1511/1978/1222 1638/2164/1324 1637/2163/1325 
f 1379/2165/1114 1066/1979/833 1508/1975/1219 
f 1508/1975/1219 1637/2163/1325 1379/2165/1114 
f 1639/2166/130 1640/2167/130 1641/2168/130 
f 1639/2166/130 1641/2168/130 1642/2169/130 
f 1639/2166/130 1642/2169/130 1643/2170/130 
f 1639/2166/130 1643/2170/130 1644/2171/130 
f 1639/2166/130 1644/2171/130 1645/2172/130 
f 1639/2166/130 1645/2172/130 1646/2173/130 
f 1639/2166/130 1646/2173/130 1647/2174/130 
f 1639/2166/130 1647/2174/130 1648/2175/130 
f 1639/2166/130 1648/2175/130 1649/2176/130 
f 1639/2166/130 1649/2176/130 1650/2177/130 
f 1639/2166/130 1650/2177/130 1651/2178/130 
f 1639/2166/130 1651/2178/130 1652/2179/130 
f 1639/2166/130 1652/2179/130 1653/2180/130 
f 1639/2166/130 1653/2180/130 1654/2181/130 
f 1639/2166/130 1654/2181/130 1655/2182/130 
f 1639/2166/130 1655/2182/130 1656/2183/130 
f 1639/2166/130 1656/2183/130 1657/2184/130 
f 1639/2166/130 1657/2184/130 1658/2185/130 
f 1659/2186/130 1660/2187/130 1661/2188/130 
f 1662/2189/130 1659/2186/130 1661/2188/130 
f 1663/2190/130 1662/2189/130 1661/2188/130 
f 1664/2191/130 1663/2190/130 1661/2188/130 
f 1665/2192/130 1664/2191/130 1661/2188/130 
f 1666/2193/130 1665/2192/130 1661/2188/130 
f 1667/2194/130 1666/2193/130 1661/2188/130 
f 1668/2195/130 1667/2194/130 1661/2188/130 
f 1669/2196/130 1668/2195/130 1661/2188/130 
f 1670/2197/130 1669/2196/130 1661/2188/130 
f 1671/2198/130 1670/2197/130 1661/2188/130 
f 1672/2199/130 1671/2198/130 1661/2188/130 
f 1673/2200/130 1672/2199/130 1661/2188/130 
f 1674/2201/130 1673/2200/130 1661/2188/130 
f 1658/2185/130 1674/2201/130 1661/2188/130 
f 1639/2166/130 1658/2185/130 1661/2188/130 
f 1661/2188/130 1675/2202/130 1676/2203/130 
f 1676/2203/130 1677/2204/130 1678/2205/130 
f 1661/2188/130 1676/2203/130 1678/2205/130 
f 1678/2205/130 1679/2206/130 1680/2207/130 
f 1680/2207/130 1681/2208/130 1682/2209/130 
f 1678/2205/130 1680/2207/130 1682/2209/130 
f 1661/2188/130 1678/2205/130 1682/2209/130 
f 1682/2209/130 1683/2210/130 1684/2211/130 
f 1684/2211/130 1685/2212/130 1686/2213/130 
f 1682/2209/130 1684/2211/130 1686/2213/130 
f 1686/2213/130 1687/2214/130 1688/2017/130 
f 1688/2017/130 1689/2020/130 1690/2215/130 
f 1686/2213/130 1688/2017/130 1690/2215/130 
f 1682/2209/130 1686/2213/130 1690/2215/130 
f 1661/2188/130 1682/2209/130 1690/2215/130 
f 1639/2166/130 1661/2188/130 1690/2215/130 
f 1690/2215/130 1691/2026/130 1692/2029/130 
f 1692/2029/130 1693/2216/130 1694/2217/130 
f 1690/2215/130 1692/2029/130 1694/2217/130 
f 1694/2217/130 1695/2218/130 1696/2219/130 
f 1696/2219/130 1697/2220/130 1698/2221/130 
f 1694/2217/130 1696/2219/130 1698/2221/130 
f 1690/2215/130 1694/2217/130 1698/2221/130 
f 1639/2166/130 1690/2215/130 1698/2221/130 
f 1698/2221/130 1699/2222/130 1700/2223/130 
f 1700/2223/130 1701/2224/130 1702/2225/130 
f 1698/2221/130 1700/2223/130 1702/2225/130 
f 1639/2166/130 1698/2221/130 1702/2225/130 
f 1702/2225/130 1703/2226/130 1704/2227/130 
f 1639/2166/130 1702/2225/130 1704/2227/130 
f 1639/2166/130 1704/2227/130 1705/2228/130 
f 1706/2229/1 1707/2230/1 1708/2231/1 
f 1708/2231/1 1709/2232/1 1710/2233/1 
f 1708/2231/1 1710/2233/1 1711/2234/1 
f 1708/2231/1 1711/2234/1 1712/2235/1 
f 1708/2231/1 1712/2235/1 1713/2236/1 
f 1708/2231/1 1713/2236/1 1714/2237/1 
f 1715/2238/1 1716/2239/1 1717/2240/1 
f 1718/2241/1 1715/2238/1 1717/2240/1 
f 1719/2242/1 1718/2241/1 1717/2240/1 
f 1720/2243/1 1719/2242/1 1717/2240/1 
f 1721/2244/1 1720/2243/1 1717/2240/1 
f 1722/2245/1 1721/2244/1 1717/2240/1 
f 1723/2246/1 1722/2245/1 1717/2240/1 
f 1724/2247/1 1723/2246/1 1717/2240/1 
f 1717/2240/1 1725/2248/1 1726/2249/1 
f 1726/2249/1 1727/2250/1 1728/2251/1 
f 1717/2240/1 1726/2249/1 1728/2251/1 
f 1728/2251/1 1729/2252/1 1730/2253/1 
f 1730/2253/1 1731/2254/1 1732/2255/1 
f 1728/2251/1 1730/2253/1 1732/2255/1 
f 1717/2240/1 1728/2251/1 1732/2255/1 
f 1732/2255/1 1733/2256/1 1734/2257/1 
f 1734/2257/1 1735/2258/1 1736/2259/1 
f 1732/2255/1 1734/2257/1 1736/2259/1 
f 1736/2259/1 1737/2260/1 1738/2261/1 
f 1738/2261/1 1739/1920/1 1740/1923/1 
f 1736/2259/1 1738/2261/1 1740/1923/1 
f 1732/2255/1 1736/2259/1 1740/1923/1 
f 1717/2240/1 1732/2255/1 1740/1923/1 
f 1724/2247/1 1717/2240/1 1740/1923/1 
f 1741/2262/1 1724/2247/1 1740/1923/1 
f 1742/2263/1 1741/2262/1 1740/1923/1 
f 1743/2264/1 1742/2263/1 1740/1923/1 
f 1744/2265/1 1743/2264/1 1740/1923/1 
f 1745/2266/1 1744/2265/1 1740/1923/1 
f 1746/2267/1 1745/2266/1 1740/1923/1 
f 1747/2268/1 1746/2267/1 1740/1923/1 
f 1748/2269/1 1747/2268/1 1740/1923/1 
f 1749/2270/1 1748/2269/1 1740/1923/1 
f 1750/2271/1 1749/2270/1 1740/1923/1 
f 1751/2272/1 1750/2271/1 1740/1923/1 
f 1752/2273/1 1751/2272/1 1740/1923/1 
f 1753/2274/1 1752/2273/1 1740/1923/1 
f 1754/2275/1 1753/2274/1 1740/1923/1 
f 1755/2276/1 1754/2275/1 1740/1923/1 
f 1756/2277/1 1755/2276/1 1740/1923/1 
f 1757/2278/1 1756/2277/1 1740/1923/1 
f 1758/2279/1 1757/2278/1 1740/1923/1 
f 1759/2280/1 1758/2279/1 1740/1923/1 
f 1714/2237/1 1759/2280/1 1740/1923/1 
f 1708/2231/1 1714/2237/1 1740/1923/1 
f 1740/1923/1 1760/2281/1 1761/1929/1 
f 1761/1929/1 1762/1932/1 1763/2282/1 
f 1740/1923/1 1761/1929/1 1763/2282/1 
f 1763/2282/1 1764/2283/1 1765/2284/1 
f 1765/2284/1 1766/2285/1 1767/2286/1 
f 1763/2282/1 1765/2284/1 1767/2286/1 
f 1740/1923/1 1763/2282/1 1767/2286/1 
f 1708/2231/1 1740/1923/1 1767/2286/1 
f 1767/2286/1 1768/2287/1 1769/2288/1 
f 1769/2288/1 1770/2289/1 1771/2290/1 
f 1767/2286/1 1769/2288/1 1771/2290/1 
f 1708/2231/1 1767/2286/1 1771/2290/1 
f 1706/2229/1 1708/2231/1 1771/2290/1 
f 1706/2229/1 1771/2290/1 1772/2291/1 
f 1773/2292/68 1774/2293/1326 1775/2294/66 
f 1775/2294/66 1776/2295/68 1773/2292/68 
f 1777/2296/70 1773/2292/68 1776/2295/68 
f 1776/2295/68 1778/2297/70 1777/2296/70 
f 1779/2298/72 1777/2296/70 1778/2297/70 
f 1778/2297/70 1780/2299/1327 1779/2298/72 
f 1781/2300/1328 1779/2298/72 1780/2299/1327 
f 1780/2299/1327 1782/2301/1328 1781/2300/1328 
f 1783/2302/1329 1781/2300/1328 1782/2301/1328 
f 1782/2301/1328 1784/2303/1329 1783/2302/1329 
f 1785/2304/1330 1783/2302/1329 1784/2303/1329 
f 1784/2303/1329 1786/2305/1330 1785/2304/1330 
f 1787/2306/1331 1785/2304/1330 1786/2305/1330 
f 1786/2305/1330 1788/2307/80 1787/2306/1331 
f 1789/2308/82 1787/2306/1331 1788/2307/80 
f 1788/2307/80 1790/2309/82 1789/2308/82 
f 1791/2310/84 1789/2311/82 1790/2312/82 
f 1790/2312/82 1792/2313/84 1791/2310/84 
f 1793/2314/86 1791/2310/84 1792/2313/84 
f 1792/2313/84 1794/2315/86 1793/2314/86 
f 1795/2316/88 1793/2314/86 1794/2315/86 
f 1794/2315/86 1796/2317/88 1795/2316/88 
f 1797/2318/90 1795/2316/88 1796/2317/88 
f 1796/2317/88 1798/2319/90 1797/2318/90 
f 1799/2320/92 1797/2318/90 1798/2319/90 
f 1798/2319/90 1800/2321/92 1799/2320/92 
f 1801/2322/94 1799/2320/92 1800/2321/92 
f 1800/2321/92 1802/2323/94 1801/2322/94 
f 1803/2324/96 1801/2322/94 1802/2323/94 
f 1802/2323/94 1804/2325/96 1803/2324/96 
f 1805/2326/157 1803/2324/96 1804/2325/96 
f 1804/2325/96 1806/2327/98 1805/2326/157 
f 1807/2328/100 1805/2326/157 1806/2327/98 
f 1806/2327/98 1808/2329/100 1807/2328/100 
f 1809/2330/102 1807/2328/100 1808/2329/100 
f 1808/2329/100 1810/2331/102 1809/2330/102 
f 1811/2332/104 1809/2330/102 1810/2331/102 
f 1810/2331/102 1812/2333/104 1811/2332/104 
f 1813/2334/106 1811/2332/104 1812/2333/104 
f 1812/2333/104 1814/2335/106 1813/2334/106 
f 1815/2336/108 1813/2334/106 1814/2335/106 
f 1814/2335/106 1816/2337/108 1815/2336/108 
f 1817/2338/110 1815/2336/108 1816/2337/108 
f 1816/2337/108 1818/2339/110 1817/2338/110 
f 1819/2340/112 1817/2338/110 1818/2339/110 
f 1818/2339/110 1820/2341/112 1819/2340/112 
f 1821/2342/114 1819/2340/112 1820/2341/112 
f 1820/2341/112 1822/2343/114 1821/2342/114 
f 1823/2344/116 1821/2345/114 1822/2346/114 
f 1822/2346/114 1824/2347/1332 1823/2344/116 
f 1825/2348/1061 1823/2344/116 1824/2347/1332 
f 1824/2347/1332 1826/2349/1061 1825/2348/1061 
f 1827/2350/1071 1825/2348/1061 1826/2349/1061 
f 1826/2349/1061 1828/2351/1071 1827/2350/1071 
f 1829/2352/1333 1827/2350/1071 1828/2351/1071 
f 1828/2351/1071 1830/2353/1333 1829/2352/1333 
f 1831/2354/1089 1829/2352/1333 1830/2353/1333 
f 1830/2353/1333 1832/2355/124 1831/2354/1089 
f 1833/2356/126 1831/2354/1089 1832/2355/124 
f 1832/2355/124 1834/2357/126 1833/2356/126 
f 1835/2358/128 1833/2356/126 1834/2357/126 
f 1834/2357/126 1836/2359/128 1835/2358/128 
f 1837/2360/1334 1835/2358/128 1836/2359/128 
f 1836/2359/128 1838/2361/3 1837/2360/1334 
f 1839/2362/835 1837/2360/1334 1838/2361/3 
f 1838/2361/3 1840/2363/835 1839/2362/835 
f 1841/2364/1335 1839/2362/835 1840/2363/835 
f 1840/2363/835 1842/2365/1335 1841/2364/1335 
f 1843/2366/854 1841/2364/1335 1842/2365/1335 
f 1842/2365/1335 1844/2367/8 1843/2366/854 
f 1845/2368/10 1843/2366/854 1844/2367/8 
f 1844/2367/8 1846/2369/10 1845/2368/10 
f 1847/2370/12 1845/2368/10 1846/2369/10 
f 1846/2369/10 1848/2371/12 1847/2370/12 
f 1849/2372/14 1847/2370/12 1848/2371/12 
f 1848/2371/12 1850/2373/14 1849/2372/14 
f 1851/2374/16 1849/2372/14 1850/2373/14 
f 1850/2373/14 1852/2375/16 1851/2374/16 
f 1853/2376/18 1851/2374/16 1852/2375/16 
f 1852/2375/16 1854/2377/18 1853/2376/18 
f 1855/2378/20 1853/2379/18 1854/2380/18 
f 1854/2380/18 1856/2381/20 1855/2378/20 
f 1857/2382/22 1855/2378/20 1856/2381/20 
f 1856/2381/20 1858/2383/22 1857/2382/22 
f 1859/2384/24 1857/2382/22 1858/2383/22 
f 1858/2383/22 1860/2385/24 1859/2384/24 
f 1861/2386/26 1859/2384/24 1860/2385/24 
f 1860/2385/24 1862/2387/26 1861/2386/26 
f 1863/2388/28 1861/2386/26 1862/2387/26 
f 1862/2387/26 1864/2389/28 1863/2388/28 
f 1865/2390/30 1863/2388/28 1864/2389/28 
f 1864/2389/28 1866/2391/30 1865/2390/30 
f 1867/2392/32 1865/2390/30 1866/2391/30 
f 1866/2391/30 1868/2393/32 1867/2392/32 
f 1869/2394/34 1867/2392/32 1868/2393/32 
f 1868/2393/32 1870/2395/34 1869/2394/34 
f 1871/2396/36 1869/2394/34 1870/2395/34 
f 1870/2395/34 1872/2397/36 1871/2396/36 
f 1873/2398/38 1871/2396/36 1872/2397/36 
f 1872/2397/36 1874/2399/38 1873/2398/38 
f 1875/2400/40 1873/2398/38 1874/2399/38 
f 1874/2399/38 1876/2401/40 1875/2400/40 
f 1877/2402/42 1875/2400/40 1876/2401/40 
f 1876/2401/40 1878/2403/42 1877/2402/42 
f 1879/2404/44 1877/2402/42 1878/2403/42 
f 1878/2403/42 1880/2405/44 1879/2404/44 
f 1881/2406/46 1879/2404/44 1880/2405/44 
f 1880/2405/44 1882/2407/46 1881/2406/46 
f 1883/2408/48 1881/2406/46 1882/2407/46 
f 1882/2407/46 1884/2409/48 1883/2408/48 
f 1885/2410/50 1883/2408/48 1884/2409/48 
f 1884/2409/48 1886/2411/50 1885/2410/50 
f 1887/2412/52 1885/2413/50 1886/2414/50 
f 1886/2414/50 1888/2415/52 1887/2412/52 
f 1889/2416/54 1887/2412/52 1888/2415/52 
f 1888/2415/52 1890/2417/54 1889/2416/54 
f 1891/2418/56 1889/2416/54 1890/2417/54 
f 1890/2417/54 1892/2419/56 1891/2418/56 
f 1893/2420/58 1891/2418/56 1892/2419/56 
f 1892/2419/56 1894/2421/58 1893/2420/58 
f 1895/2422/60 1893/2420/58 1894/2421/58 
f 1894/2421/58 1896/2423/1336 1895/2422/60 
f 1897/2424/1337 1895/2422/60 1896/2423/1336 
f 1896/2423/1336 1898/2425/1337 1897/2424/1337 
f 1899/2426/1338 1897/2424/1337 1898/2425/1337 
f 1898/2425/1337 1900/2427/1338 1899/2426/1338 
f 1774/2293/1326 1899/2426/1338 1900/2427/1338 
f 1900/2427/1338 1775/2294/66 1774/2293/1326 
s 2
f 1901/2428/1339 1774/2428/1339 1773/2429/1340 
f 1773/2429/1340 1902/2429/1340 1901/2428/1339 
f 1902/2429/1340 1773/2429/1340 1777/2430/1340 
f 1777/2430/1340 1903/2431/1340 1902/2429/1340 
f 1903/2431/1340 1777/2430/1340 1779/2432/1341 
f 1779/2432/1341 1904/2432/1341 1903/2431/1340 
f 1904/2432/1341 1779/2432/1341 1781/2433/1341 
f 1781/2433/1341 1905/2433/1341 1904/2432/1341 
f 1905/2433/1341 1781/2433/1341 1783/2434/1341 
f 1783/2434/1341 1906/2434/1341 1905/2433/1341 
f 1906/2434/1341 1783/2434/1341 1785/2435/1341 
f 1785/2435/1341 1907/2435/1341 1906/2434/1341 
f 1907/2435/1341 1785/2435/1341 1787/2436/1341 
f 1787/2436/1341 1908/2436/1341 1907/2435/1341 
f 1908/2436/1341 1787/2436/1341 1789/2437/1342 
f 1789/2437/1342 1909/2437/1342 1908/2436/1341 
f 1909/2437/1342 1789/2437/1342 1791/2438/1343 
f 1791/2438/1343 1910/2438/1343 1909/2437/1342 
f 1910/2438/1343 1791/2438/1343 1793/2439/1343 
f 1793/2439/1343 1911/2439/1343 1910/2438/1343 
f 1911/2439/1343 1793/2439/1343 1795/2440/1343 
f 1795/2440/1343 1912/2440/1343 1911/2439/1343 
f 1912/2440/1343 1795/2440/1343 1797/2441/1343 
f 1797/2441/1343 1913/2441/1343 1912/2440/1343 
f 1913/2441/1343 1797/2441/1343 1799/2442/1343 
f 1799/2442/1343 1914/2442/1343 1913/2441/1343 
f 1914/2442/1343 1799/2442/1343 1801/2443/1344 
f 1801/2443/1344 1915/2444/1344 1914/2442/1343 
f 1915/2444/1344 1801/2443/1344 1803/2445/1344 
f 1803/2445/1344 1916/2445/1344 1915/2444/1344 
f 1916/2445/1344 1803/2445/1344 1805/2446/1344 
f 1805/2446/1344 1917/2446/1344 1916/2445/1344 
f 1917/2446/1344 1805/2446/1344 1807/2447/1345 
f 1807/2447/1345 1918/2447/1345 1917/2446/1344 
f 1918/2447/1345 1807/2447/1345 1809/2448/1345 
f 1809/2448/1345 1919/2449/1345 1918/2447/1345 
f 1919/2449/1345 1809/2448/1345 1811/2450/1346 
f 1811/2450/1346 1920/2450/1346 1919/2449/1345 
f 1920/2450/1346 1811/2450/1346 1813/2451/1346 
f 1813/2451/1346 1921/2451/1346 1920/2450/1346 
f 1921/2451/1346 1813/2451/1346 1815/2452/1346 
f 1815/2452/1346 1922/2452/1346 1921/2451/1346 
f 1922/2452/1346 1815/2452/1346 1817/2453/1346 
f 1817/2453/1346 1923/2453/1346 1922/2452/1346 
f 1923/2453/1346 1817/2453/1346 1819/2454/1346 
f 1819/2454/1346 1924/2454/1346 1923/2453/1346 
f 1924/2454/1346 1819/2454/1346 1821/2455/1347 
f 1821/2455/1347 1925/2455/1347 1924/2454/1346 
f 1925/2455/1347 1821/2455/1347 1823/2456/1348 
f 1823/2456/1348 1926/2456/1348 1925/2455/1347 
f 1926/2456/1348 1823/2456/1348 1825/2457/1348 
f 1825/2457/1348 1927/2457/1348 1926/2456/1348 
f 1927/2457/1348 1825/2457/1348 1827/2458/1348 
f 1827/2458/1348 1928/2458/1348 1927/2457/1348 
f 1928/2458/1348 1827/2458/1348 1829/2459/1348 
f 1829/2459/1348 1929/2459/1348 1928/2458/1348 
f 1929/2459/1348 1829/2459/1348 1831/2460/1348 
f 1831/2460/1348 1930/2460/1348 1929/2459/1348 
f 1930/2460/1348 1831/2460/1348 1833/2461/1349 
f 1833/2461/1349 1931/2462/1349 1930/2460/1348 
f 1931/2462/1349 1833/2461/1349 1835/2463/1349 
f 1835/2463/1349 1932/2463/1349 1931/2462/1349 
f 1932/2463/1349 1835/2463/1349 1837/2464/1349 
f 1837/2464/1349 1933/2464/1350 1932/2463/1349 
f 1933/2464/1350 1837/2464/1349 1839/2465/1350 
f 1839/2465/1350 1934/2465/1350 1933/2464/1350 
f 1934/2465/1350 1839/2465/1350 1841/2466/1350 
f 1841/2466/1350 1935/2467/1350 1934/2465/1350 
f 1935/2467/1350 1841/2466/1350 1843/2468/1351 
f 1843/2468/1351 1936/2468/1351 1935/2467/1350 
f 1936/2468/1351 1843/2468/1351 1845/2469/1351 
f 1845/2469/1351 1937/2469/1351 1936/2468/1351 
f 1937/2469/1351 1845/2469/1351 1847/2470/1351 
f 1847/2470/1351 1938/2470/1351 1937/2469/1351 
f 1938/2470/1351 1847/2470/1351 1849/2471/1351 
f 1849/2471/1351 1939/2471/1351 1938/2470/1351 
f 1939/2471/1351 1849/2471/1351 1851/2472/1351 
f 1851/2472/1351 1940/2472/1351 1939/2471/1351 
f 1940/2472/1351 1851/2472/1351 1853/2473/1352 
f 1853/2473/1352 1941/2473/1352 1940/2472/1351 
f 1941/2473/1352 1853/2473/1352 1855/2474/1353 
f 1855/2474/1353 1942/2474/1353 1941/2473/1352 
f 1942/2474/1353 1855/2474/1353 1857/2475/1353 
f 1857/2475/1353 1943/2475/1353 1942/2474/1353 
f 1943/2475/1353 1857/2475/1353 1859/2476/1353 
f 1859/2476/1353 1944/2476/1353 1943/2475/1353 
f 1944/2476/1353 1859/2476/1353 1861/2477/1353 
f 1861/2477/1353 1945/2477/1353 1944/2476/1353 
f 1945/2477/1353 1861/2477/1353 1863/2478/1353 
f 1863/2478/1353 1946/2478/1353 1945/2477/1353 
f 1946/2478/1353 1863/2478/1353 1865/2479/1354 
f 1865/2479/1354 1947/2480/1354 1946/2478/1353 
f 1947/2480/1354 1865/2479/1354 1867/2481/1354 
f 1867/2481/1354 1948/2481/1354 1947/2480/1354 
f 1948/2481/1354 1867/2481/1354 1869/2482/1354 
f 1869/2482/1354 1949/2482/1354 1948/2481/1354 
f 1949/2482/1354 1869/2482/1354 1871/2483/1355 
f 1871/2483/1355 1950/2483/1355 1949/2482/1354 
f 1950/2483/1355 1871/2483/1355 1873/2484/1355 
f 1873/2484/1355 1951/2485/1355 1950/2483/1355 
f 1951/2485/1355 1873/2484/1355 1875/2486/1356 
f 1875/2486/1356 1952/2486/1356 1951/2485/1355 
f 1952/2486/1356 1875/2486/1356 1877/2487/1356 
f 1877/2487/1356 1953/2487/1356 1952/2486/1356 
f 1953/2487/1356 1877/2487/1356 1879/2488/1356 
f 1879/2488/1356 1954/2488/1356 1953/2487/1356 
f 1954/2488/1356 1879/2488/1356 1881/2489/1356 
f 1881/2489/1356 1955/2489/1356 1954/2488/1356 
f 1955/2489/1356 1881/2489/1356 1883/2490/1356 
f 1883/2490/1356 1956/2490/1356 1955/2489/1356 
f 1956/2490/1356 1883/2490/1356 1885/2491/1357 
f 1885/2491/1357 1957/2491/1357 1956/2490/1356 
f 1957/2491/1357 1885/2491/1357 1887/2492/1358 
f 1887/2492/1358 1958/2492/1358 1957/2491/1357 
f 1958/2492/1358 1887/2492/1358 1889/2493/1358 
f 1889/2493/1358 1959/2493/1358 1958/2492/1358 
f 1959/2493/1358 1889/2493/1358 1891/2494/1358 
f 1891/2494/1358 1960/2494/1358 1959/2493/1358 
f 1960/2494/1358 1891/2494/1358 1893/2495/1358 
f 1893/2495/1358 1961/2495/1358 1960/2494/1358 
f 1961/2495/1358 1893/2495/1358 1895/2496/1358 
f 1895/2496/1358 1962/2496/1358 1961/2495/1358 
f 1962/2496/1358 1895/2496/1358 1897/2497/1339 
f 1897/2497/1339 1963/2498/1339 1962/2496/1358 
f 1963/2498/1339 1897/2497/1339 1899/2499/1339 
f 1899/2499/1339 1964/2499/1339 1963/2498/1339 
f 1964/2499/1339 1899/2499/1339 1774/2428/1339 
f 1774/2428/1339 1901/2428/1339 1964/2499/1339 
s 1
f 1965/2500/1359 1966/2501/1360 1967/2501/1361 
f 1967/2501/1361 1968/2500/1362 1965/2500/1359 
f 1966/2501/1360 1969/2502/1363 1970/2502/1364 
f 1970/2502/1364 1967/2501/1361 1966/2501/1360 
f 1969/2502/1363 1971/2503/1365 1972/2504/1366 
f 1972/2504/1366 1970/2502/1364 1969/2502/1363 
f 1971/2503/1365 1973/2505/1367 1974/2506/1368 
f 1974/2506/1368 1972/2504/1366 1971/2503/1365 
f 1973/2505/1367 1975/2507/1369 1976/2507/1370 
f 1976/2507/1370 1974/2506/1368 1973/2505/1367 
f 1975/2507/1369 1977/2508/1371 1978/2508/1372 
f 1978/2508/1372 1976/2507/1370 1975/2507/1369 
f 1977/2508/1371 1979/2509/1373 1980/2510/1374 
f 1980/2510/1374 1978/2508/1372 1977/2508/1371 
f 1979/2509/1373 1981/2511/1375 1982/2511/1376 
f 1982/2511/1376 1980/2510/1374 1979/2509/1373 
f 1981/2511/1375 1983/2512/1377 1984/2513/1378 
f 1984/2513/1378 1982/2511/1376 1981/2511/1375 
f 1983/2512/1377 1985/2514/1379 1986/2514/1380 
f 1986/2514/1380 1984/2513/1378 1983/2512/1377 
f 1985/2514/1379 1987/2515/1381 1988/2515/1382 
f 1988/2515/1382 1986/2514/1380 1985/2514/1379 
f 1987/2515/1381 1989/2516/1383 1990/2517/1384 
f 1990/2517/1384 1988/2515/1382 1987/2515/1381 
f 1989/2516/1383 1991/2518/1385 1992/2519/1386 
f 1992/2519/1386 1990/2517/1384 1989/2516/1383 
f 1991/2518/1385 1993/2520/1387 1994/2520/1388 
f 1994/2520/1388 1992/2519/1386 1991/2518/1385 
f 1993/2520/1387 1995/2521/1389 1996/2521/1390 
f 1996/2521/1390 1994/2520/1388 1993/2520/1387 
f 1995/2521/1389 1997/2522/1391 1998/2522/1392 
f 1998/2522/1392 1996/2521/1390 1995/2521/1389 
f 1997/2522/1391 1999/2523/1393 2000/2523/1394 
f 2000/2523/1394 1998/2522/1392 1997/2522/1391 
f 1999/2523/1393 2001/2524/1395 2002/2524/1396 
f 2002/2524/1396 2000/2523/1394 1999/2523/1393 
f 2001/2524/1395 2003/2525/1397 2004/2526/1398 
f 2004/2526/1398 2002/2524/1396 2001/2524/1395 
f 2003/2525/1397 2005/2527/1399 2006/2528/1400 
f 2006/2528/1400 2004/2526/1398 2003/2525/1397 
f 2005/2527/1399 2007/2529/1401 2008/2529/1402 
f 2008/2529/1402 2006/2528/1400 2005/2527/1399 
f 2007/2529/1401 2009/2530/1403 2010/2530/1404 
f 2010/2530/1404 2008/2529/1402 2007/2529/1401 
f 2009/2530/1403 2011/2531/1405 2012/2532/1406 
f 2012/2532/1406 2010/2530/1404 2009/2530/1403 
f 2011/2531/1405 2013/2533/1407 2014/2533/1408 
f 2014/2533/1408 2012/2532/1406 2011/2531/1405 
f 2013/2533/1407 2015/2534/1409 2016/2535/1410 
f 2016/2535/1410 2014/2533/1408 2013/2533/1407 
f 2015/2534/1409 2017/2536/1411 2018/2536/1412 
f 2018/2536/1412 2016/2535/1410 2015/2534/1409 
f 2017/2536/1411 2019/2537/1413 2020/2537/1414 
f 2020/2537/1414 2018/2536/1412 2017/2536/1411 
f 2019/2537/1413 2021/2538/1415 2022/2539/1416 
f 2022/2539/1416 2020/2537/1414 2019/2537/1413 
f 2021/2538/1415 2023/2540/1417 2024/2541/1418 
f 2024/2541/1418 2022/2539/1416 2021/2538/1415 
f 2023/2540/1417 2025/2542/1419 2026/2542/1420 
f 2026/2542/1420 2024/2541/1418 2023/2540/1417 
f 2025/2542/1419 2027/2543/1421 2028/2543/1422 
f 2028/2543/1422 2026/2542/1420 2025/2542/1419 
f 2027/2543/1421 2029/2544/1423 2030/2544/1424 
f 2030/2544/1424 2028/2543/1422 2027/2543/1421 
f 2029/2544/1423 2031/2545/1425 2032/2545/1426 
f 2032/2545/1426 2030/2544/1424 2029/2544/1423 
f 2031/2545/1425 2033/2546/1427 2034/2546/1428 
f 2034/2546/1428 2032/2545/1426 2031/2545/1425 
f 2033/2546/1427 2035/2547/1429 2036/2548/1430 
f 2036/2548/1430 2034/2546/1428 2033/2546/1427 
f 2035/2547/1429 2037/2549/1431 2038/2550/1432 
f 2038/2550/1432 2036/2548/1430 2035/2547/1429 
f 2037/2549/1431 2039/2551/1433 2040/2551/1434 
f 2040/2551/1434 2038/2550/1432 2037/2549/1431 
f 2039/2551/1433 2041/2552/1435 2042/2552/1436 
f 2042/2552/1436 2040/2551/1434 2039/2551/1433 
f 2041/2552/1435 2043/2553/1437 2044/2554/1438 
f 2044/2554/1438 2042/2552/1436 2041/2552/1435 
f 2043/2553/1437 2045/2555/1439 2046/2555/1440 
f 2046/2555/1440 2044/2554/1438 2043/2553/1437 
f 2045/2555/1439 2047/2556/1441 2048/2557/1442 
f 2048/2557/1442 2046/2555/1440 2045/2555/1439 
f 2047/2556/1441 2049/2558/1443 2050/2558/1444 
f 2050/2558/1444 2048/2557/1442 2047/2556/1441 
f 2049/2558/1443 2051/2559/1445 2052/2559/1446 
f 2052/2559/1446 2050/2558/1444 2049/2558/1443 
f 2051/2559/1445 2053/2560/1447 2054/2561/1448 
f 2054/2561/1448 2052/2559/1446 2051/2559/1445 
f 2053/2560/1447 2055/2562/1449 2056/2563/1450 
f 2056/2563/1450 2054/2561/1448 2053/2560/1447 
f 2055/2562/1449 2057/2564/1451 2058/2564/1452 
f 2058/2564/1452 2056/2563/1450 2055/2562/1449 
f 2057/2564/1451 2059/2565/1453 2060/2565/1454 
f 2060/2565/1454 2058/2564/1452 2057/2564/1451 
f 2059/2565/1453 2061/2566/1455 2062/2566/1456 
f 2062/2566/1456 2060/2565/1454 2059/2565/1453 
f 2061/2566/1455 2063/2567/1457 2064/2567/1458 
f 2064/2567/1458 2062/2566/1456 2061/2566/1455 
f 2063/2567/1457 2065/2568/1459 2066/2568/1460 
f 2066/2568/1460 2064/2567/1458 2063/2567/1457 
f 2065/2568/1459 2067/2569/1461 2068/2570/1462 
f 2068/2570/1462 2066/2568/1460 2065/2568/1459 
f 2067/2569/1461 2069/2571/1463 2070/2572/1464 
f 2070/2572/1464 2068/2570/1462 2067/2569/1461 
f 2069/2571/1463 2071/2573/1465 2072/2573/1466 
f 2072/2573/1466 2070/2572/1464 2069/2571/1463 
f 2071/2573/1465 2073/2574/1467 2074/2574/1468 
f 2074/2574/1468 2072/2573/1466 2071/2573/1465 
f 2073/2574/1467 2075/2575/1469 2076/2576/1470 
f 2076/2576/1470 2074/2574/1468 2073/2574/1467 
f 2075/2575/1469 2077/2577/1471 2078/2577/1472 
f 2078/2577/1472 2076/2576/1470 2075/2575/1469 
f 2077/2577/1471 2079/2578/1473 2080/2579/1474 
f 2080/2579/1474 2078/2577/1472 2077/2577/1471 
f 2079/2578/1473 2081/2580/1475 2082/2580/1476 
f 2082/2580/1476 2080/2579/1474 2079/2578/1473 
f 2081/2580/1475 2083/2581/1477 2084/2581/1478 
f 2084/2581/1478 2082/2580/1476 2081/2580/1475 
f 2083/2581/1477 2085/2582/1479 2086/2583/1480 
f 2086/2583/1480 2084/2581/1478 2083/2581/1477 
f 2085/2582/1479 2087/2584/1481 2088/2585/1482 
f 2088/2585/1482 2086/2583/1480 2085/2582/1479 
f 2087/2584/1481 2089/2586/1483 2090/2586/1484 
f 2090/2586/1484 2088/2585/1482 2087/2584/1481 
f 2089/2586/1483 2091/2587/1485 2092/2587/1486 
f 2092/2587/1486 2090/2586/1484 2089/2586/1483 
f 2091/2587/1485 1965/2500/1359 1968/2500/1362 
f 1968/2500/1362 2092/2587/1486 2091/2587/1485 
s 2
f 2093/2588/1487 2094/2589/1488 2095/2590/68 
f 2095/2590/68 2096/2591/66 2093/2588/1487 
f 2097/2592/1489 2093/2588/1487 2096/2591/66 
f 2096/2591/66 2098/2593/64 2097/2592/1489 
f 2099/2594/1490 2097/2592/1489 2098/2593/64 
f 2098/2593/64 2100/2595/1337 2099/2594/1490 
f 2101/2596/1491 2099/2594/1490 2100/2595/1337 
f 2100/2595/1337 2102/2597/60 2101/2596/1491 
f 2103/2598/1492 2101/2596/1491 2102/2597/60 
f 2102/2597/60 2104/2599/58 2103/2598/1492 
f 2105/2600/1493 2103/2598/1492 2104/2599/58 
f 2104/2599/58 2106/2601/56 2105/2600/1493 
f 2107/2602/1494 2105/2600/1493 2106/2601/56 
f 2106/2601/56 2108/2603/54 2107/2602/1494 
f 2109/2604/1495 2107/2602/1494 2108/2603/54 
f 2108/2603/54 2110/2605/52 2109/2604/1495 
f 2111/2606/1496 2109/2604/1495 2110/2605/52 
f 2110/2605/52 2112/2607/50 2111/2606/1496 
f 2113/2608/1497 2111/2609/1496 2112/2610/50 
f 2112/2610/50 2114/2611/48 2113/2608/1497 
f 2115/2612/1498 2113/2608/1497 2114/2611/48 
f 2114/2611/48 2116/2613/46 2115/2612/1498 
f 2117/2614/1499 2115/2612/1498 2116/2613/46 
f 2116/2613/46 2118/2615/44 2117/2614/1499 
f 2119/2616/1500 2117/2614/1499 2118/2615/44 
f 2118/2615/44 2120/2617/42 2119/2616/1500 
f 2121/2618/1501 2119/2616/1500 2120/2617/42 
f 2120/2617/42 2122/2619/40 2121/2618/1501 
f 2123/2620/1502 2121/2618/1501 2122/2619/40 
f 2122/2619/40 2124/2621/38 2123/2620/1502 
f 2125/2622/1503 2123/2620/1502 2124/2621/38 
f 2124/2621/38 2126/2623/36 2125/2622/1503 
f 2127/2624/1504 2125/2622/1503 2126/2623/36 
f 2126/2623/36 2128/2625/139 2127/2624/1504 
f 2129/2626/1505 2127/2624/1504 2128/2625/139 
f 2128/2625/139 2130/2627/32 2129/2626/1505 
f 2131/2628/1506 2129/2626/1505 2130/2627/32 
f 2130/2627/32 2132/2629/30 2131/2628/1506 
f 2133/2630/1507 2131/2628/1506 2132/2629/30 
f 2132/2629/30 2134/2631/28 2133/2630/1507 
f 2135/2632/1508 2133/2630/1507 2134/2631/28 
f 2134/2631/28 2136/2633/26 2135/2632/1508 
f 2137/2634/1509 2135/2632/1508 2136/2633/26 
f 2136/2633/26 2138/2635/24 2137/2634/1509 
f 2139/2636/1510 2137/2634/1509 2138/2635/24 
f 2138/2635/24 2140/2637/22 2139/2636/1510 
f 2141/2638/1511 2139/2636/1510 2140/2637/22 
f 2140/2637/22 2142/2639/20 2141/2638/1511 
f 2143/2640/1512 2141/2638/1511 2142/2639/20 
f 2142/2639/20 2144/2641/18 2143/2640/1512 
f 2145/2642/1513 2143/2643/1512 2144/2644/18 
f 2144/2644/18 2146/2645/16 2145/2642/1513 
f 2147/2646/1514 2145/2642/1513 2146/2645/16 
f 2146/2645/16 2148/2647/14 2147/2646/1514 
f 2149/2648/1515 2147/2646/1514 2148/2647/14 
f 2148/2647/14 2150/2649/12 2149/2648/1515 
f 2151/2650/1516 2149/2648/1515 2150/2649/12 
f 2150/2649/12 2152/2651/10 2151/2650/1516 
f 2153/2652/1517 2151/2650/1516 2152/2651/10 
f 2152/2651/10 2154/2653/854 2153/2652/1517 
f 2155/2654/1518 2153/2652/1517 2154/2653/854 
f 2154/2653/854 2156/2655/1335 2155/2654/1518 
f 2157/2656/1519 2155/2654/1518 2156/2655/1335 
f 2156/2655/1335 2158/2657/4 2157/2656/1519 
f 2159/2658/1520 2157/2656/1519 2158/2657/4 
f 2158/2657/4 2160/2659/1521 2159/2658/1520 
f 2161/2660/1522 2159/2658/1520 2160/2659/1521 
f 2160/2659/1521 2162/2661/128 2161/2660/1522 
f 2163/2662/1523 2161/2660/1522 2162/2661/128 
f 2162/2661/128 2164/2663/1524 2163/2662/1523 
f 2165/2664/1525 2163/2662/1523 2164/2663/1524 
f 2164/2663/1524 2166/2665/1089 2165/2664/1525 
f 2167/2666/1526 2165/2664/1525 2166/2665/1089 
f 2166/2665/1089 2168/2667/1333 2167/2666/1526 
f 2169/2668/1527 2167/2666/1526 2168/2667/1333 
f 2168/2667/1333 2170/2669/1071 2169/2668/1527 
f 2171/2670/1528 2169/2668/1527 2170/2669/1071 
f 2170/2669/1071 2172/2671/1061 2171/2670/1528 
f 2173/2672/1529 2171/2670/1528 2172/2671/1061 
f 2172/2671/1061 2174/2673/116 2173/2672/1529 
f 2175/2674/1530 2173/2672/1529 2174/2673/116 
f 2174/2673/116 2176/2675/114 2175/2674/1530 
f 2177/2676/1531 2175/2677/1530 2176/2678/114 
f 2176/2678/114 2178/2679/112 2177/2676/1531 
f 2179/2680/1532 2177/2676/1531 2178/2679/112 
f 2178/2679/112 2180/2681/110 2179/2680/1532 
f 2181/2682/1533 2179/2680/1532 2180/2681/110 
f 2180/2681/110 2182/2683/108 2181/2682/1533 
f 2183/2684/1534 2181/2682/1533 2182/2683/108 
f 2182/2683/108 2184/2685/106 2183/2684/1534 
f 2185/2686/1535 2183/2684/1534 2184/2685/106 
f 2184/2685/106 2186/2687/104 2185/2686/1535 
f 2187/2688/1536 2185/2686/1535 2186/2687/104 
f 2186/2687/104 2188/2689/102 2187/2688/1536 
f 2189/2690/1537 2187/2688/1536 2188/2689/102 
f 2188/2689/102 2190/2691/100 2189/2690/1537 
f 2191/2692/1538 2189/2690/1537 2190/2691/100 
f 2190/2691/100 2192/2693/157 2191/2692/1538 
f 2193/2694/1539 2191/2692/1538 2192/2693/157 
f 2192/2693/157 2194/2695/96 2193/2694/1539 
f 2195/2696/1540 2193/2694/1539 2194/2695/96 
f 2194/2695/96 2196/2697/94 2195/2696/1540 
f 2197/2698/1541 2195/2696/1540 2196/2697/94 
f 2196/2697/94 2198/2699/92 2197/2698/1541 
f 2199/2700/1542 2197/2698/1541 2198/2699/92 
f 2198/2699/92 2200/2701/90 2199/2700/1542 
f 2201/2702/1543 2199/2700/1542 2200/2701/90 
f 2200/2701/90 2202/2703/88 2201/2702/1543 
f 2203/2704/1544 2201/2702/1543 2202/2703/88 
f 2202/2703/88 2204/2705/86 2203/2704/1544 
f 2205/2706/1545 2203/2704/1544 2204/2705/86 
f 2204/2705/86 2206/2707/84 2205/2706/1545 
f 2207/2708/1546 2205/2706/1545 2206/2707/84 
f 2206/2707/84 2208/2709/82 2207/2708/1546 
f 2209/2710/1547 2207/2711/1546 2208/2712/82 
f 2208/2712/82 2210/2713/80 2209/2710/1547 
f 2211/2714/1548 2209/2710/1547 2210/2713/80 
f 2210/2713/80 2212/2715/1330 2211/2714/1548 
f 2213/2716/1549 2211/2714/1548 2212/2715/1330 
f 2212/2715/1330 2214/2717/76 2213/2716/1549 
f 2215/2718/1550 2213/2716/1549 2214/2717/76 
f 2214/2717/76 2216/2719/74 2215/2718/1550 
f 2217/2720/1551 2215/2718/1550 2216/2719/74 
f 2216/2719/74 2218/2721/1327 2217/2720/1551 
f 2219/2722/1552 2217/2720/1551 2218/2721/1327 
f 2218/2721/1327 2220/2723/70 2219/2722/1552 
f 2094/2589/1488 2219/2722/1552 2220/2723/70 
f 2220/2723/70 2095/2590/68 2094/2589/1488 
s 1
f 2221/2427/1519 2222/2294/1553 1901/2293/1521 
f 1901/2293/1521 1902/2426/4 2221/2427/1519 
f 2223/2594/1518 2221/2427/1519 1902/2426/4 
f 1902/2426/4 1903/2724/6 2223/2594/1518 
f 2224/2423/1517 2223/2594/1518 1903/2724/6 
f 1903/2724/6 1904/2422/8 2224/2423/1517 
f 2225/2421/1516 2224/2423/1517 1904/2422/8 
f 1904/2422/8 1905/2420/10 2225/2421/1516 
f 2226/2419/1515 2225/2421/1516 1905/2420/10 
f 1905/2420/10 1906/2418/12 2226/2419/1515 
f 2227/2417/1514 2226/2419/1515 1906/2418/12 
f 1906/2418/12 1907/2416/14 2227/2417/1514 
f 2228/2415/1513 2227/2417/1514 1907/2416/14 
f 1907/2416/14 1908/2412/16 2228/2415/1513 
f 2229/2414/1512 2228/2415/1513 1908/2412/16 
f 1908/2412/16 1909/2413/18 2229/2414/1512 
f 2230/2725/1511 2229/2726/1512 1909/2727/18 
f 1909/2727/18 1910/2728/20 2230/2725/1511 
f 2231/2729/1510 2230/2725/1511 1910/2728/20 
f 1910/2728/20 1911/2730/22 2231/2729/1510 
f 2232/2731/1509 2231/2729/1510 1911/2730/22 
f 1911/2730/22 1912/2732/24 2232/2731/1509 
f 2233/2733/1508 2232/2731/1509 1912/2732/24 
f 1912/2732/24 1913/2734/26 2233/2733/1508 
f 2234/2735/1507 2233/2733/1508 1913/2734/26 
f 1913/2734/26 1914/2736/28 2234/2735/1507 
f 2235/2737/1506 2234/2735/1507 1914/2736/28 
f 1914/2736/28 1915/2738/30 2235/2737/1506 
f 2236/2739/1505 2235/2737/1506 1915/2738/30 
f 1915/2738/30 1916/2740/32 2236/2739/1505 
f 2237/2741/1504 2236/2739/1505 1916/2740/32 
f 1916/2740/32 1917/2742/34 2237/2741/1504 
f 2238/2743/1503 2237/2741/1504 1917/2742/34 
f 1917/2742/34 1918/2744/36 2238/2743/1503 
f 2239/2745/1502 2238/2743/1503 1918/2744/36 
f 1918/2744/36 1919/2746/38 2239/2745/1502 
f 2240/2747/1501 2239/2745/1502 1919/2746/38 
f 1919/2746/38 1920/2748/40 2240/2747/1501 
f 2241/2749/1500 2240/2747/1501 1920/2748/40 
f 1920/2748/40 1921/2750/42 2241/2749/1500 
f 2242/2751/1499 2241/2749/1500 1921/2750/42 
f 1921/2750/42 1922/2752/44 2242/2751/1499 
f 2243/2753/1498 2242/2751/1499 1922/2752/44 
f 1922/2752/44 1923/2754/46 2243/2753/1498 
f 2244/2755/1497 2243/2753/1498 1923/2754/46 
f 1923/2754/46 1924/2756/48 2244/2755/1497 
f 2245/2757/1496 2244/2755/1497 1924/2756/48 
f 1924/2756/48 1925/2758/50 2245/2757/1496 
f 2246/2375/1495 2245/2377/1496 1925/2376/50 
f 1925/2376/50 1926/2374/52 2246/2375/1495 
f 2247/2373/1494 2246/2375/1495 1926/2374/52 
f 1926/2374/52 1927/2372/54 2247/2373/1494 
f 2248/2371/1493 2247/2373/1494 1927/2372/54 
f 1927/2372/54 1928/2370/56 2248/2371/1493 
f 2249/2369/1492 2248/2371/1493 1928/2370/56 
f 1928/2370/56 1929/2368/58 2249/2369/1492 
f 2250/2367/1491 2249/2369/1492 1929/2368/58 
f 1929/2368/58 1930/2366/60 2250/2367/1491 
f 2251/2654/1490 2250/2367/1491 1930/2366/60 
f 1930/2366/60 1931/2759/62 2251/2654/1490 
f 2252/2363/1489 2251/2654/1490 1931/2759/62 
f 1931/2759/62 1932/2362/64 2252/2363/1489 
f 2253/2361/1554 2252/2363/1489 1932/2362/64 
f 1932/2362/64 1933/2360/148 2253/2361/1554 
f 2254/2359/1488 2253/2361/1554 1933/2360/148 
f 1933/2360/148 1934/2358/68 2254/2359/1488 
f 2255/2662/1552 2254/2359/1488 1934/2358/68 
f 1934/2358/68 1935/2760/70 2255/2662/1552 
f 2256/2355/1551 2255/2662/1552 1935/2760/70 
f 1935/2760/70 1936/2354/1327 2256/2355/1551 
f 2257/2353/1550 2256/2355/1551 1936/2354/1327 
f 1936/2354/1327 1937/2352/1328 2257/2353/1550 
f 2258/2351/1549 2257/2353/1550 1937/2352/1328 
f 1937/2352/1328 1938/2350/1329 2258/2351/1549 
f 2259/2349/1548 2258/2351/1549 1938/2350/1329 
f 1938/2350/1329 1939/2348/1330 2259/2349/1548 
f 2260/2347/1547 2259/2349/1548 1939/2348/1330 
f 1939/2348/1330 1940/2344/80 2260/2347/1547 
f 2261/2346/1546 2260/2347/1547 1940/2344/80 
f 1940/2344/80 1941/2345/82 2261/2346/1546 
f 2262/2761/1545 2261/2762/1546 1941/2763/82 
f 1941/2763/82 1942/2764/84 2262/2761/1545 
f 2263/2765/1544 2262/2761/1545 1942/2764/84 
f 1942/2764/84 1943/2766/86 2263/2765/1544 
f 2264/2767/1543 2263/2765/1544 1943/2766/86 
f 1943/2766/86 1944/2768/88 2264/2767/1543 
f 2265/2769/1542 2264/2767/1543 1944/2768/88 
f 1944/2768/88 1945/2770/90 2265/2769/1542 
f 2266/2771/1541 2265/2769/1542 1945/2770/90 
f 1945/2770/90 1946/2772/92 2266/2771/1541 
f 2267/2773/1540 2266/2771/1541 1946/2772/92 
f 1946/2772/92 1947/2774/94 2267/2773/1540 
f 2268/2775/1539 2267/2773/1540 1947/2774/94 
f 1947/2774/94 1948/2776/96 2268/2775/1539 
f 2269/2777/1538 2268/2775/1539 1948/2776/96 
f 1948/2776/96 1949/2778/98 2269/2777/1538 
f 2270/2779/1537 2269/2777/1538 1949/2778/98 
f 1949/2778/98 1950/2780/100 2270/2779/1537 
f 2271/2781/1536 2270/2779/1537 1950/2780/100 
f 1950/2780/100 1951/2782/102 2271/2781/1536 
f 2272/2783/1535 2271/2781/1536 1951/2782/102 
f 1951/2782/102 1952/2784/104 2272/2783/1535 
f 2273/2785/1534 2272/2783/1535 1952/2784/104 
f 1952/2784/104 1953/2786/106 2273/2785/1534 
f 2274/2787/1533 2273/2785/1534 1953/2786/106 
f 1953/2786/106 1954/2788/108 2274/2787/1533 
f 2275/2789/1532 2274/2787/1533 1954/2788/108 
f 1954/2788/108 1955/2790/110 2275/2789/1532 
f 2276/2791/1531 2275/2789/1532 1955/2790/110 
f 1955/2790/110 1956/2792/112 2276/2791/1531 
f 2277/2793/1530 2276/2791/1531 1956/2792/112 
f 1956/2792/112 1957/2794/114 2277/2793/1530 
f 2278/2307/1529 2277/2309/1530 1957/2308/114 
f 1957/2308/114 1958/2306/116 2278/2307/1529 
f 2279/2305/1528 2278/2307/1529 1958/2306/116 
f 1958/2306/116 1959/2304/118 2279/2305/1528 
f 2280/2303/1527 2279/2305/1528 1959/2304/118 
f 1959/2304/118 1960/2302/120 2280/2303/1527 
f 2281/2301/1526 2280/2303/1527 1960/2302/120 
f 1960/2302/120 1961/2300/122 2281/2301/1526 
f 2282/2299/1525 2281/2301/1526 1961/2300/122 
f 1961/2300/122 1962/2298/124 2282/2299/1525 
f 2283/2722/1523 2282/2299/1525 1962/2298/124 
f 1962/2298/124 1963/2795/126 2283/2722/1523 
f 2284/2295/1522 2283/2722/1523 1963/2795/126 
f 1963/2795/126 1964/2292/128 2284/2295/1522 
f 2222/2294/1553 2284/2295/1522 1964/2292/128 
f 1964/2292/128 1901/2293/1521 2222/2294/1553 
f 1967/2501/1361 2285/2501/1555 2286/2500/1556 
f 2286/2500/1556 1968/2500/1362 1967/2501/1361 
f 1968/2500/1362 2286/2500/1556 2287/2587/1557 
f 2287/2587/1557 2092/2587/1486 1968/2500/1362 
f 2092/2587/1486 2287/2587/1557 2288/2586/1558 
f 2288/2586/1558 2090/2586/1484 2092/2587/1486 
f 2090/2586/1484 2288/2586/1558 2289/2796/1559 
f 2289/2796/1559 2088/2585/1482 2090/2586/1484 
f 2088/2585/1482 2289/2796/1559 2290/2583/1560 
f 2290/2583/1560 2086/2583/1480 2088/2585/1482 
f 2086/2583/1480 2290/2583/1560 2291/2581/1561 
f 2291/2581/1561 2084/2581/1478 2086/2583/1480 
f 2084/2581/1478 2291/2581/1561 2292/2580/1562 
f 2292/2580/1562 2082/2580/1476 2084/2581/1478 
f 2082/2580/1476 2292/2580/1562 2293/2579/1563 
f 2293/2579/1563 2080/2579/1474 2082/2580/1476 
f 2080/2579/1474 2293/2579/1563 2294/2797/1564 
f 2294/2797/1564 2078/2577/1472 2080/2579/1474 
f 2078/2577/1472 2294/2797/1564 2295/2576/1565 
f 2295/2576/1565 2076/2576/1470 2078/2577/1472 
f 2076/2576/1470 2295/2576/1565 2296/2574/1566 
f 2296/2574/1566 2074/2574/1468 2076/2576/1470 
f 2074/2574/1468 2296/2574/1566 2297/2573/1567 
f 2297/2573/1567 2072/2573/1466 2074/2574/1468 
f 2072/2573/1466 2297/2573/1567 2298/2572/1568 
f 2298/2572/1568 2070/2572/1464 2072/2573/1466 
f 2070/2572/1464 2298/2572/1568 2299/2798/1569 
f 2299/2798/1569 2068/2570/1462 2070/2572/1464 
f 2068/2570/1462 2299/2798/1569 2300/2568/1570 
f 2300/2568/1570 2066/2568/1460 2068/2570/1462 
f 2066/2568/1460 2300/2568/1570 2301/2567/1571 
f 2301/2567/1571 2064/2567/1458 2066/2568/1460 
f 2064/2567/1458 2301/2567/1571 2302/2566/1572 
f 2302/2566/1572 2062/2566/1456 2064/2567/1458 
f 2062/2566/1456 2302/2566/1572 2303/2565/1573 
f 2303/2565/1573 2060/2565/1454 2062/2566/1456 
f 2060/2565/1454 2303/2565/1573 2304/2564/1574 
f 2304/2564/1574 2058/2564/1452 2060/2565/1454 
f 2058/2564/1452 2304/2564/1574 2305/2799/1575 
f 2305/2799/1575 2056/2563/1450 2058/2564/1452 
f 2056/2563/1450 2305/2799/1575 2306/2561/1576 
f 2306/2561/1576 2054/2561/1448 2056/2563/1450 
f 2054/2561/1448 2306/2561/1576 2307/2559/1577 
f 2307/2559/1577 2052/2559/1446 2054/2561/1448 
f 2052/2559/1446 2307/2559/1577 2308/2558/1578 
f 2308/2558/1578 2050/2558/1444 2052/2559/1446 
f 2050/2558/1444 2308/2558/1578 2309/2557/1579 
f 2309/2557/1579 2048/2557/1442 2050/2558/1444 
f 2048/2557/1442 2309/2557/1579 2310/2800/1580 
f 2310/2800/1580 2046/2555/1440 2048/2557/1442 
f 2046/2555/1440 2310/2800/1580 2311/2554/1581 
f 2311/2554/1581 2044/2554/1438 2046/2555/1440 
f 2044/2554/1438 2311/2554/1581 2312/2552/1582 
f 2312/2552/1582 2042/2552/1436 2044/2554/1438 
f 2042/2552/1436 2312/2552/1582 2313/2551/1583 
f 2313/2551/1583 2040/2551/1434 2042/2552/1436 
f 2040/2551/1434 2313/2551/1583 2314/2550/1584 
f 2314/2550/1584 2038/2550/1432 2040/2551/1434 
f 2038/2550/1432 2314/2550/1584 2315/2801/1585 
f 2315/2801/1585 2036/2548/1430 2038/2550/1432 
f 2036/2548/1430 2315/2801/1585 2316/2546/1586 
f 2316/2546/1586 2034/2546/1428 2036/2548/1430 
f 2034/2546/1428 2316/2546/1586 2317/2545/1587 
f 2317/2545/1587 2032/2545/1426 2034/2546/1428 
f 2032/2545/1426 2317/2545/1587 2318/2544/1588 
f 2318/2544/1588 2030/2544/1424 2032/2545/1426 
f 2030/2544/1424 2318/2544/1588 2319/2543/1589 
f 2319/2543/1589 2028/2543/1422 2030/2544/1424 
f 2028/2543/1422 2319/2543/1589 2320/2542/1590 
f 2320/2542/1590 2026/2542/1420 2028/2543/1422 
f 2026/2542/1420 2320/2542/1590 2321/2802/1591 
f 2321/2802/1591 2024/2541/1418 2026/2542/1420 
f 2024/2541/1418 2321/2802/1591 2322/2539/1592 
f 2322/2539/1592 2022/2539/1416 2024/2541/1418 
f 2022/2539/1416 2322/2539/1592 2323/2537/1593 
f 2323/2537/1593 2020/2537/1414 2022/2539/1416 
f 2020/2537/1414 2323/2537/1593 2324/2536/1594 
f 2324/2536/1594 2018/2536/1412 2020/2537/1414 
f 2018/2536/1412 2324/2536/1594 2325/2535/1595 
f 2325/2535/1595 2016/2535/1410 2018/2536/1412 
f 2016/2535/1410 2325/2535/1595 2326/2803/1596 
f 2326/2803/1596 2014/2533/1408 2016/2535/1410 
f 2014/2533/1408 2326/2803/1596 2327/2532/1597 
f 2327/2532/1597 2012/2532/1406 2014/2533/1408 
f 2012/2532/1406 2327/2532/1597 2328/2530/1598 
f 2328/2530/1598 2010/2530/1404 2012/2532/1406 
f 2010/2530/1404 2328/2530/1598 2329/2529/1599 
f 2329/2529/1599 2008/2529/1402 2010/2530/1404 
f 2008/2529/1402 2329/2529/1599 2330/2528/1600 
f 2330/2528/1600 2006/2528/1400 2008/2529/1402 
f 2006/2528/1400 2330/2528/1600 2331/2804/1601 
f 2331/2804/1601 2004/2526/1398 2006/2528/1400 
f 2004/2526/1398 2331/2804/1601 2332/2524/1602 
f 2332/2524/1602 2002/2524/1396 2004/2526/1398 
f 2002/2524/1396 2332/2524/1602 2333/2523/1603 
f 2333/2523/1603 2000/2523/1394 2002/2524/1396 
f 2000/2523/1394 2333/2523/1603 2334/2522/1604 
f 2334/2522/1604 1998/2522/1392 2000/2523/1394 
f 1998/2522/1392 2334/2522/1604 2335/2521/1605 
f 2335/2521/1605 1996/2521/1390 1998/2522/1392 
f 1996/2521/1390 2335/2521/1605 2336/2520/1606 
f 2336/2520/1606 1994/2520/1388 1996/2521/1390 
f 1994/2520/1388 2336/2520/1606 2337/2805/1607 
f 2337/2805/1607 1992/2519/1386 1994/2520/1388 
f 1992/2519/1386 2337/2805/1607 2338/2517/1608 
f 2338/2517/1608 1990/2517/1384 1992/2519/1386 
f 1990/2517/1384 2338/2517/1608 2339/2515/1609 
f 2339/2515/1609 1988/2515/1382 1990/2517/1384 
f 1988/2515/1382 2339/2515/1609 2340/2514/1610 
f 2340/2514/1610 1986/2514/1380 1988/2515/1382 
f 1986/2514/1380 2340/2514/1610 2341/2513/1611 
f 2341/2513/1611 1984/2513/1378 1986/2514/1380 
f 1984/2513/1378 2341/2513/1611 2342/2806/1612 
f 2342/2806/1612 1982/2511/1376 1984/2513/1378 
f 1982/2511/1376 2342/2806/1612 2343/2510/1613 
f 2343/2510/1613 1980/2510/1374 1982/2511/1376 
f 1980/2510/1374 2343/2510/1613 2344/2508/1614 
f 2344/2508/1614 1978/2508/1372 1980/2510/1374 
f 1978/2508/1372 2344/2508/1614 2345/2507/1615 
f 2345/2507/1615 1976/2507/1370 1978/2508/1372 
f 1976/2507/1370 2345/2507/1615 2346/2506/1616 
f 2346/2506/1616 1974/2506/1368 1976/2507/1370 
f 1974/2506/1368 2346/2506/1616 2347/2807/1617 
f 2347/2807/1617 1972/2504/1366 1974/2506/1368 
f 1972/2504/1366 2347/2807/1617 2348/2502/1618 
f 2348/2502/1618 1970/2502/1364 1972/2504/1366 
f 1970/2502/1364 2348/2502/1618 2285/2501/1555 
f 2285/2501/1555 1967/2501/1361 1970/2502/1364 
f 1965/2500/1359 2349/2808/1619 2350/2809/1620 
f 2350/2809/1620 1966/2501/1360 1965/2500/1359 
f 1966/2501/1360 2350/2809/1620 2351/2502/1621 
f 2351/2502/1621 1969/2502/1363 1966/2501/1360 
f 1969/2502/1363 2351/2502/1621 2352/2503/1622 
f 2352/2503/1622 1971/2503/1365 1969/2502/1363 
f 1971/2503/1365 2352/2503/1622 2353/2505/1623 
f 2353/2505/1623 1973/2505/1367 1971/2503/1365 
f 1973/2505/1367 2353/2505/1623 2354/2507/1624 
f 2354/2507/1624 1975/2507/1369 1973/2505/1367 
f 1975/2507/1369 2354/2507/1624 2355/2508/1625 
f 2355/2508/1625 1977/2508/1371 1975/2507/1369 
f 1977/2508/1371 2355/2508/1625 2356/2509/1626 
f 2356/2509/1626 1979/2509/1373 1977/2508/1371 
f 1979/2509/1373 2356/2509/1626 2357/2511/1627 
f 2357/2511/1627 1981/2511/1375 1979/2509/1373 
f 1981/2511/1375 2357/2511/1627 2358/2512/1628 
f 2358/2512/1628 1983/2512/1377 1981/2511/1375 
f 1983/2512/1377 2358/2512/1628 2359/2514/1629 
f 2359/2514/1629 1985/2514/1379 1983/2512/1377 
f 1985/2514/1379 2359/2514/1629 2360/2515/1630 
f 2360/2515/1630 1987/2515/1381 1985/2514/1379 
f 1987/2515/1381 2360/2515/1630 2361/2516/1631 
f 2361/2516/1631 1989/2516/1383 1987/2515/1381 
f 1989/2516/1383 2361/2516/1631 2362/2518/1632 
f 2362/2518/1632 1991/2518/1385 1989/2516/1383 
f 1991/2518/1385 2362/2518/1632 2363/2520/1633 
f 2363/2520/1633 1993/2520/1387 1991/2518/1385 
f 1993/2520/1387 2363/2520/1633 2364/2810/1634 
f 2364/2810/1634 1995/2521/1389 1993/2520/1387 
f 1995/2521/1389 2364/2810/1634 2365/2811/1635 
f 2365/2811/1635 1997/2522/1391 1995/2521/1389 
f 1997/2522/1391 2365/2811/1635 2366/2812/1636 
f 2366/2812/1636 1999/2523/1393 1997/2522/1391 
f 1999/2523/1393 2366/2812/1636 2367/2524/1637 
f 2367/2524/1637 2001/2524/1395 1999/2523/1393 
f 2001/2524/1395 2367/2524/1637 2368/2525/1638 
f 2368/2525/1638 2003/2525/1397 2001/2524/1395 
f 2003/2525/1397 2368/2525/1638 2369/2527/1639 
f 2369/2527/1639 2005/2527/1399 2003/2525/1397 
f 2005/2527/1399 2369/2527/1639 2370/2529/1640 
f 2370/2529/1640 2007/2529/1401 2005/2527/1399 
f 2007/2529/1401 2370/2529/1640 2371/2530/1641 
f 2371/2530/1641 2009/2530/1403 2007/2529/1401 
f 2009/2530/1403 2371/2530/1641 2372/2531/1642 
f 2372/2531/1642 2011/2531/1405 2009/2530/1403 
f 2011/2531/1405 2372/2531/1642 2373/2533/1643 
f 2373/2533/1643 2013/2533/1407 2011/2531/1405 
f 2013/2533/1407 2373/2533/1643 2374/2534/1644 
f 2374/2534/1644 2015/2534/1409 2013/2533/1407 
f 2015/2534/1409 2374/2534/1644 2375/2536/1645 
f 2375/2536/1645 2017/2536/1411 2015/2534/1409 
f 2017/2536/1411 2375/2536/1645 2376/2537/1646 
f 2376/2537/1646 2019/2537/1413 2017/2536/1411 
f 2019/2537/1413 2376/2537/1646 2377/2538/1647 
f 2377/2538/1647 2021/2538/1415 2019/2537/1413 
f 2021/2538/1415 2377/2538/1647 2378/2540/1648 
f 2378/2540/1648 2023/2540/1417 2021/2538/1415 
f 2023/2540/1417 2378/2540/1648 2379/2542/1649 
f 2379/2542/1649 2025/2542/1419 2023/2540/1417 
f 2025/2542/1419 2379/2542/1649 2380/2813/1650 
f 2380/2813/1650 2027/2543/1421 2025/2542/1419 
f 2027/2543/1421 2380/2813/1650 2381/2814/1651 
f 2381/2814/1651 2029/2544/1423 2027/2543/1421 
f 2029/2544/1423 2381/2814/1651 2382/2815/1652 
f 2382/2815/1652 2031/2545/1425 2029/2544/1423 
f 2031/2545/1425 2382/2815/1652 2383/2546/1653 
f 2383/2546/1653 2033/2546/1427 2031/2545/1425 
f 2033/2546/1427 2383/2546/1653 2384/2547/1654 
f 2384/2547/1654 2035/2547/1429 2033/2546/1427 
f 2035/2547/1429 2384/2547/1654 2385/2549/1655 
f 2385/2549/1655 2037/2549/1431 2035/2547/1429 
f 2037/2549/1431 2385/2549/1655 2386/2551/1656 
f 2386/2551/1656 2039/2551/1433 2037/2549/1431 
f 2039/2551/1433 2386/2551/1656 2387/2552/1657 
f 2387/2552/1657 2041/2552/1435 2039/2551/1433 
f 2041/2552/1435 2387/2552/1657 2388/2553/1658 
f 2388/2553/1658 2043/2553/1437 2041/2552/1435 
f 2043/2553/1437 2388/2553/1658 2389/2555/1659 
f 2389/2555/1659 2045/2555/1439 2043/2553/1437 
f 2045/2555/1439 2389/2555/1659 2390/2556/1660 
f 2390/2556/1660 2047/2556/1441 2045/2555/1439 
f 2047/2556/1441 2390/2556/1660 2391/2558/1661 
f 2391/2558/1661 2049/2558/1443 2047/2556/1441 
f 2049/2558/1443 2391/2558/1661 2392/2559/1662 
f 2392/2559/1662 2051/2559/1445 2049/2558/1443 
f 2051/2559/1445 2392/2559/1662 2393/2560/1663 
f 2393/2560/1663 2053/2560/1447 2051/2559/1445 
f 2053/2560/1447 2393/2560/1663 2394/2562/1664 
f 2394/2562/1664 2055/2562/1449 2053/2560/1447 
f 2055/2562/1449 2394/2562/1664 2395/2564/1665 
f 2395/2564/1665 2057/2564/1451 2055/2562/1449 
f 2057/2564/1451 2395/2564/1665 2396/2816/1666 
f 2396/2816/1666 2059/2565/1453 2057/2564/1451 
f 2059/2565/1453 2396/2816/1666 2397/2817/1667 
f 2397/2817/1667 2061/2566/1455 2059/2565/1453 
f 2061/2566/1455 2397/2817/1667 2398/2818/1668 
f 2398/2818/1668 2063/2567/1457 2061/2566/1455 
f 2063/2567/1457 2398/2818/1668 2399/2568/1669 
f 2399/2568/1669 2065/2568/1459 2063/2567/1457 
f 2065/2568/1459 2399/2568/1669 2400/2569/1670 
f 2400/2569/1670 2067/2569/1461 2065/2568/1459 
f 2067/2569/1461 2400/2569/1670 2401/2571/1671 
f 2401/2571/1671 2069/2571/1463 2067/2569/1461 
f 2069/2571/1463 2401/2571/1671 2402/2573/1672 
f 2402/2573/1672 2071/2573/1465 2069/2571/1463 
f 2071/2573/1465 2402/2573/1672 2403/2574/1673 
f 2403/2574/1673 2073/2574/1467 2071/2573/1465 
f 2073/2574/1467 2403/2574/1673 2404/2575/1674 
f 2404/2575/1674 2075/2575/1469 2073/2574/1467 
f 2075/2575/1469 2404/2575/1674 2405/2577/1675 
f 2405/2577/1675 2077/2577/1471 2075/2575/1469 
f 2077/2577/1471 2405/2577/1675 2406/2578/1676 
f 2406/2578/1676 2079/2578/1473 2077/2577/1471 
f 2079/2578/1473 2406/2578/1676 2407/2580/1677 
f 2407/2580/1677 2081/2580/1475 2079/2578/1473 
f 2081/2580/1475 2407/2580/1677 2408/2581/1678 
f 2408/2581/1678 2083/2581/1477 2081/2580/1475 
f 2083/2581/1477 2408/2581/1678 2409/2582/1679 
f 2409/2582/1679 2085/2582/1479 2083/2581/1477 
f 2085/2582/1479 2409/2582/1679 2410/2584/1680 
f 2410/2584/1680 2087/2584/1481 2085/2582/1479 
f 2087/2584/1481 2410/2584/1680 2411/2586/1681 
f 2411/2586/1681 2089/2586/1483 2087/2584/1481 
f 2089/2586/1483 2411/2586/1681 2412/2819/1682 
f 2412/2819/1682 2091/2587/1485 2089/2586/1483 
f 2091/2587/1485 2412/2819/1682 2349/2808/1619 
f 2349/2808/1619 1965/2500/1359 2091/2587/1485 
s 4
f 2285/2501/1683 2413/2501/1683 2414/2500/1684 
f 2414/2500/1684 2286/2500/1684 2285/2501/1683 
s 2
f 2413/2589/1685 2094/2589/1488 2093/2588/1487 
f 2093/2588/1487 2414/2588/1686 2413/2589/1685 
s 4
f 2286/2500/1684 2414/2500/1684 2415/2587/1687 
f 2415/2587/1687 2287/2587/1687 2286/2500/1684 
s 2
f 2414/2588/1686 2093/2588/1487 2097/2592/1489 
f 2097/2592/1489 2415/2592/1688 2414/2588/1686 
s 4
f 2287/2587/1687 2415/2587/1687 2416/2586/1689 
f 2416/2586/1689 2288/2586/1689 2287/2587/1687 
s 2
f 2415/2592/1688 2097/2592/1489 2099/2594/1490 
f 2099/2594/1490 2416/2594/1690 2415/2592/1688 
s 4
f 2288/2586/1689 2416/2586/1689 2417/2796/1691 
f 2417/2796/1691 2289/2796/1691 2288/2586/1689 
s 2
f 2416/2594/1690 2099/2594/1490 2101/2596/1491 
f 2101/2596/1491 2417/2596/1692 2416/2594/1690 
s 4
f 2289/2796/1691 2417/2796/1691 2418/2583/1693 
f 2418/2583/1693 2290/2583/1693 2289/2796/1691 
s 2
f 2417/2596/1692 2101/2596/1491 2103/2598/1492 
f 2103/2598/1492 2418/2598/1694 2417/2596/1692 
s 4
f 2290/2583/1693 2418/2583/1693 2419/2820/1695 
f 2419/2820/1695 2291/2581/1695 2290/2583/1693 
s 2
f 2418/2598/1694 2103/2598/1492 2105/2600/1493 
f 2105/2600/1493 2419/2600/1696 2418/2598/1694 
s 4
f 2291/2581/1695 2419/2820/1695 2420/2580/1697 
f 2420/2580/1697 2292/2580/1697 2291/2581/1695 
s 2
f 2419/2600/1696 2105/2600/1493 2107/2602/1494 
f 2107/2602/1494 2420/2602/1698 2419/2600/1696 
s 4
f 2292/2580/1697 2420/2580/1697 2421/2579/1699 
f 2421/2579/1699 2293/2579/1699 2292/2580/1697 
s 2
f 2420/2602/1698 2107/2602/1494 2109/2604/1495 
f 2109/2604/1495 2421/2821/1700 2420/2602/1698 
s 4
f 2293/2579/1699 2421/2579/1699 2422/2797/1701 
f 2422/2797/1701 2294/2797/1701 2293/2579/1699 
s 2
f 2421/2821/1700 2109/2604/1495 2111/2606/1496 
f 2111/2606/1496 2422/2606/1702 2421/2821/1700 
s 4
f 2294/2797/1701 2422/2797/1701 2423/2576/1703 
f 2423/2576/1703 2295/2576/1703 2294/2797/1701 
s 2
f 2422/2609/1702 2111/2609/1496 2113/2608/1497 
f 2113/2608/1497 2423/2822/1704 2422/2609/1702 
s 4
f 2295/2576/1703 2423/2576/1703 2424/2574/1705 
f 2424/2574/1705 2296/2574/1705 2295/2576/1703 
s 2
f 2423/2822/1704 2113/2608/1497 2115/2612/1498 
f 2115/2612/1498 2424/2612/1706 2423/2822/1704 
s 4
f 2296/2574/1705 2424/2574/1705 2425/2823/1707 
f 2425/2823/1707 2297/2573/1707 2296/2574/1705 
s 2
f 2424/2612/1706 2115/2612/1498 2117/2614/1499 
f 2117/2614/1499 2425/2614/1708 2424/2612/1706 
s 4
f 2297/2573/1707 2425/2823/1707 2426/2572/1709 
f 2426/2572/1709 2298/2572/1709 2297/2573/1707 
s 2
f 2425/2614/1708 2117/2614/1499 2119/2616/1500 
f 2119/2616/1500 2426/2616/1710 2425/2614/1708 
s 4
f 2298/2572/1709 2426/2572/1709 2427/2798/1711 
f 2427/2798/1711 2299/2798/1711 2298/2572/1709 
s 2
f 2426/2616/1710 2119/2616/1500 2121/2618/1501 
f 2121/2618/1501 2427/2618/1712 2426/2616/1710 
s 4
f 2299/2798/1711 2427/2798/1711 2428/2568/1713 
f 2428/2568/1713 2300/2568/1713 2299/2798/1711 
s 2
f 2427/2618/1712 2121/2618/1501 2123/2620/1502 
f 2123/2620/1502 2428/2620/1714 2427/2618/1712 
s 4
f 2300/2568/1713 2428/2568/1713 2429/2567/1715 
f 2429/2567/1715 2301/2567/1715 2300/2568/1713 
s 2
f 2428/2620/1714 2123/2620/1502 2125/2622/1503 
f 2125/2622/1503 2429/2622/1716 2428/2620/1714 
s 4
f 2301/2567/1715 2429/2567/1715 2430/2566/1717 
f 2430/2566/1717 2302/2566/1717 2301/2567/1715 
s 2
f 2429/2622/1716 2125/2622/1503 2127/2624/1504 
f 2127/2624/1504 2430/2624/1718 2429/2622/1716 
s 4
f 2302/2566/1717 2430/2566/1717 2431/2565/1719 
f 2431/2565/1719 2303/2565/1719 2302/2566/1717 
s 2
f 2430/2624/1718 2127/2624/1504 2129/2626/1505 
f 2129/2626/1505 2431/2626/1720 2430/2624/1718 
s 4
f 2303/2565/1719 2431/2565/1719 2432/2564/955 
f 2432/2564/955 2304/2564/955 2303/2565/1719 
s 2
f 2431/2626/1720 2129/2626/1505 2131/2628/1506 
f 2131/2628/1506 2432/2628/1721 2431/2626/1720 
s 4
f 2304/2564/955 2432/2564/955 2433/2799/1722 
f 2433/2799/1722 2305/2799/1722 2304/2564/955 
s 2
f 2432/2628/1721 2131/2628/1506 2133/2630/1507 
f 2133/2630/1507 2433/2630/1723 2432/2628/1721 
s 4
f 2305/2799/1722 2433/2799/1722 2434/2561/937 
f 2434/2561/937 2306/2561/937 2305/2799/1722 
s 2
f 2433/2630/1723 2133/2630/1507 2135/2632/1508 
f 2135/2632/1508 2434/2632/1724 2433/2630/1723 
s 4
f 2306/2561/937 2434/2561/937 2435/2824/928 
f 2435/2824/928 2307/2559/928 2306/2561/937 
s 2
f 2434/2632/1724 2135/2632/1508 2137/2634/1509 
f 2137/2634/1509 2435/2634/1725 2434/2632/1724 
s 4
f 2307/2559/928 2435/2824/928 2436/2558/918 
f 2436/2558/918 2308/2558/918 2307/2559/928 
s 2
f 2435/2634/1725 2137/2634/1509 2139/2636/1510 
f 2139/2636/1510 2436/2636/1726 2435/2634/1725 
s 4
f 2308/2558/918 2436/2558/918 2437/2557/1727 
f 2437/2557/1727 2309/2557/1727 2308/2558/918 
s 2
f 2436/2636/1726 2139/2636/1510 2141/2638/1511 
f 2141/2638/1511 2437/2825/1728 2436/2636/1726 
s 4
f 2309/2557/1727 2437/2557/1727 2438/2800/900 
f 2438/2800/900 2310/2800/900 2309/2557/1727 
s 2
f 2437/2825/1728 2141/2638/1511 2143/2640/1512 
f 2143/2640/1512 2438/2640/1729 2437/2825/1728 
s 4
f 2310/2800/900 2438/2800/900 2439/2554/1730 
f 2439/2554/1730 2311/2554/1730 2310/2800/900 
s 2
f 2438/2643/1729 2143/2643/1512 2145/2642/1513 
f 2145/2642/1513 2439/2826/1731 2438/2643/1729 
s 4
f 2311/2554/1730 2439/2554/1730 2440/2552/883 
f 2440/2552/883 2312/2552/883 2311/2554/1730 
s 2
f 2439/2826/1731 2145/2642/1513 2147/2646/1514 
f 2147/2646/1514 2440/2646/1732 2439/2826/1731 
s 4
f 2312/2552/883 2440/2552/883 2441/2827/875 
f 2441/2827/875 2313/2551/875 2312/2552/883 
s 2
f 2440/2646/1732 2147/2646/1514 2149/2648/1515 
f 2149/2648/1515 2441/2648/1733 2440/2646/1732 
s 4
f 2313/2551/875 2441/2827/875 2442/2550/865 
f 2442/2550/865 2314/2550/865 2313/2551/875 
s 2
f 2441/2648/1733 2149/2648/1515 2151/2650/1516 
f 2151/2650/1516 2442/2650/1734 2441/2648/1733 
s 4
f 2314/2550/865 2442/2550/865 2443/2801/1735 
f 2443/2801/1735 2315/2801/1735 2314/2550/865 
s 2
f 2442/2650/1734 2151/2650/1516 2153/2652/1517 
f 2153/2652/1517 2443/2652/1736 2442/2650/1734 
s 4
f 2315/2801/1735 2443/2801/1735 2444/2546/847 
f 2444/2546/847 2316/2546/847 2315/2801/1735 
s 2
f 2443/2652/1736 2153/2652/1517 2155/2654/1518 
f 2155/2654/1518 2444/2654/1737 2443/2652/1736 
s 4
f 2316/2546/847 2444/2546/847 2445/2545/1738 
f 2445/2545/1738 2317/2545/1738 2316/2546/847 
s 2
f 2444/2654/1737 2155/2654/1518 2157/2656/1519 
f 2157/2656/1519 2445/2656/1739 2444/2654/1737 
s 4
f 2317/2545/1738 2445/2545/1738 2446/2544/1740 
f 2446/2544/1740 2318/2544/1740 2317/2545/1738 
s 2
f 2445/2656/1739 2157/2656/1519 2159/2658/1520 
f 2159/2658/1520 2446/2658/1741 2445/2656/1739 
s 4
f 2318/2544/1740 2446/2544/1740 2447/2543/1742 
f 2447/2543/1742 2319/2543/1742 2318/2544/1740 
s 2
f 2446/2658/1741 2159/2658/1520 2161/2660/1522 
f 2161/2660/1522 2447/2660/1743 2446/2658/1741 
s 4
f 2319/2543/1742 2447/2543/1742 2448/2542/1100 
f 2448/2542/1100 2320/2542/1100 2319/2543/1742 
s 2
f 2447/2660/1743 2161/2660/1522 2163/2662/1523 
f 2163/2662/1523 2448/2662/1744 2447/2660/1743 
s 4
f 2320/2542/1100 2448/2542/1100 2449/2802/1745 
f 2449/2802/1745 2321/2802/1745 2320/2542/1100 
s 2
f 2448/2662/1744 2163/2662/1523 2165/2664/1525 
f 2165/2664/1525 2449/2664/1746 2448/2662/1744 
s 4
f 2321/2802/1745 2449/2802/1745 2450/2539/1082 
f 2450/2539/1082 2322/2539/1082 2321/2802/1745 
s 2
f 2449/2664/1746 2165/2664/1525 2167/2666/1526 
f 2167/2666/1526 2450/2666/1747 2449/2664/1746 
s 4
f 2322/2539/1082 2450/2539/1082 2451/2828/1074 
f 2451/2828/1074 2323/2537/1074 2322/2539/1082 
s 2
f 2450/2666/1747 2167/2666/1526 2169/2668/1527 
f 2169/2668/1527 2451/2668/1748 2450/2666/1747 
s 4
f 2323/2537/1074 2451/2828/1074 2452/2536/1064 
f 2452/2536/1064 2324/2536/1064 2323/2537/1074 
s 2
f 2451/2668/1748 2169/2668/1527 2171/2670/1528 
f 2171/2670/1528 2452/2670/1749 2451/2668/1748 
s 4
f 2324/2536/1064 2452/2536/1064 2453/2535/1750 
f 2453/2535/1750 2325/2535/1750 2324/2536/1064 
s 2
f 2452/2670/1749 2171/2670/1528 2173/2672/1529 
f 2173/2672/1529 2453/2829/1751 2452/2670/1749 
s 4
f 2325/2535/1750 2453/2535/1750 2454/2803/1047 
f 2454/2803/1047 2326/2803/1047 2325/2535/1750 
s 2
f 2453/2829/1751 2173/2672/1529 2175/2674/1530 
f 2175/2674/1530 2454/2674/1752 2453/2829/1751 
s 4
f 2326/2803/1047 2454/2803/1047 2455/2532/1753 
f 2455/2532/1753 2327/2532/1753 2326/2803/1047 
s 2
f 2454/2677/1752 2175/2677/1530 2177/2676/1531 
f 2177/2676/1531 2455/2830/1754 2454/2677/1752 
s 4
f 2327/2532/1753 2455/2532/1753 2456/2530/1029 
f 2456/2530/1029 2328/2530/1029 2327/2532/1753 
s 2
f 2455/2830/1754 2177/2676/1531 2179/2680/1532 
f 2179/2680/1532 2456/2680/1755 2455/2830/1754 
s 4
f 2328/2530/1029 2456/2530/1029 2457/2831/1021 
f 2457/2831/1021 2329/2529/1021 2328/2530/1029 
s 2
f 2456/2680/1755 2179/2680/1532 2181/2682/1533 
f 2181/2682/1533 2457/2682/1756 2456/2680/1755 
s 4
f 2329/2529/1021 2457/2831/1021 2458/2528/1011 
f 2458/2528/1011 2330/2528/1011 2329/2529/1021 
s 2
f 2457/2682/1756 2181/2682/1533 2183/2684/1534 
f 2183/2684/1534 2458/2684/1757 2457/2682/1756 
s 4
f 2330/2528/1011 2458/2528/1011 2459/2804/1758 
f 2459/2804/1758 2331/2804/1758 2330/2528/1011 
s 2
f 2458/2684/1757 2183/2684/1534 2185/2686/1535 
f 2185/2686/1535 2459/2686/1759 2458/2684/1757 
s 4
f 2331/2804/1758 2459/2804/1758 2460/2524/993 
f 2460/2524/993 2332/2524/993 2331/2804/1758 
s 2
f 2459/2686/1759 2185/2686/1535 2187/2688/1536 
f 2187/2688/1536 2460/2688/1760 2459/2686/1759 
s 4
f 2332/2524/993 2460/2524/993 2461/2523/1761 
f 2461/2523/1761 2333/2523/1761 2332/2524/993 
s 2
f 2460/2688/1760 2187/2688/1536 2189/2690/1537 
f 2189/2690/1537 2461/2690/1762 2460/2688/1760 
s 4
f 2333/2523/1761 2461/2523/1761 2462/2522/1763 
f 2462/2522/1763 2334/2522/1763 2333/2523/1761 
s 2
f 2461/2690/1762 2189/2690/1537 2191/2692/1538 
f 2191/2692/1538 2462/2692/1764 2461/2690/1762 
s 4
f 2334/2522/1763 2462/2522/1763 2463/2521/1765 
f 2463/2521/1765 2335/2521/1765 2334/2522/1763 
s 2
f 2462/2692/1764 2191/2692/1538 2193/2694/1539 
f 2193/2694/1539 2463/2694/1766 2462/2692/1764 
s 4
f 2335/2521/1765 2463/2521/1765 2464/2520/1767 
f 2464/2520/1767 2336/2520/1767 2335/2521/1765 
s 2
f 2463/2694/1766 2193/2694/1539 2195/2696/1540 
f 2195/2696/1540 2464/2696/1768 2463/2694/1766 
s 4
f 2336/2520/1767 2464/2520/1767 2465/2805/1769 
f 2465/2805/1769 2337/2805/1769 2336/2520/1767 
s 2
f 2464/2696/1768 2195/2696/1540 2197/2698/1541 
f 2197/2698/1541 2465/2698/1770 2464/2696/1768 
s 4
f 2337/2805/1769 2465/2805/1769 2466/2517/1771 
f 2466/2517/1771 2338/2517/1771 2337/2805/1769 
s 2
f 2465/2698/1770 2197/2698/1541 2199/2700/1542 
f 2199/2700/1542 2466/2700/1772 2465/2698/1770 
s 4
f 2338/2517/1771 2466/2517/1771 2467/2832/1773 
f 2467/2832/1773 2339/2515/1773 2338/2517/1771 
s 2
f 2466/2700/1772 2199/2700/1542 2201/2702/1543 
f 2201/2702/1543 2467/2702/1774 2466/2700/1772 
s 4
f 2339/2515/1773 2467/2832/1773 2468/2514/1775 
f 2468/2514/1775 2340/2514/1775 2339/2515/1773 
s 2
f 2467/2702/1774 2201/2702/1543 2203/2704/1544 
f 2203/2704/1544 2468/2704/1776 2467/2702/1774 
s 4
f 2340/2514/1775 2468/2514/1775 2469/2513/1777 
f 2469/2513/1777 2341/2513/1777 2340/2514/1775 
s 2
f 2468/2704/1776 2203/2704/1544 2205/2706/1545 
f 2205/2706/1545 2469/2833/1778 2468/2704/1776 
s 4
f 2341/2513/1777 2469/2513/1777 2470/2806/1779 
f 2470/2806/1779 2342/2806/1779 2341/2513/1777 
s 2
f 2469/2833/1778 2205/2706/1545 2207/2708/1546 
f 2207/2708/1546 2470/2708/1780 2469/2833/1778 
s 4
f 2342/2806/1779 2470/2806/1779 2471/2510/1781 
f 2471/2510/1781 2343/2510/1781 2342/2806/1779 
s 2
f 2470/2711/1780 2207/2711/1546 2209/2710/1547 
f 2209/2710/1547 2471/2834/1782 2470/2711/1780 
s 4
f 2343/2510/1781 2471/2510/1781 2472/2508/1783 
f 2472/2508/1783 2344/2508/1783 2343/2510/1781 
s 2
f 2471/2834/1782 2209/2710/1547 2211/2714/1548 
f 2211/2714/1548 2472/2714/1784 2471/2834/1782 
s 4
f 2344/2508/1783 2472/2508/1783 2473/2835/1785 
f 2473/2835/1785 2345/2507/1785 2344/2508/1783 
s 2
f 2472/2714/1784 2211/2714/1548 2213/2716/1549 
f 2213/2716/1549 2473/2716/1786 2472/2714/1784 
s 4
f 2345/2507/1785 2473/2835/1785 2474/2506/1787 
f 2474/2506/1787 2346/2506/1787 2345/2507/1785 
s 2
f 2473/2716/1786 2213/2716/1549 2215/2718/1550 
f 2215/2718/1550 2474/2718/1788 2473/2716/1786 
s 4
f 2346/2506/1787 2474/2506/1787 2475/2807/1789 
f 2475/2807/1789 2347/2807/1789 2346/2506/1787 
s 2
f 2474/2718/1788 2215/2718/1550 2217/2720/1551 
f 2217/2720/1551 2475/2720/1790 2474/2718/1788 
s 4
f 2347/2807/1789 2475/2807/1789 2476/2502/1791 
f 2476/2502/1791 2348/2502/1791 2347/2807/1789 
s 2
f 2475/2720/1790 2217/2720/1551 2219/2722/1552 
f 2219/2722/1552 2476/2722/1792 2475/2720/1790 
s 4
f 2348/2502/1791 2476/2502/1791 2413/2501/1683 
f 2413/2501/1683 2285/2501/1683 2348/2502/1791 
s 2
f 2476/2722/1792 2219/2722/1552 2094/2589/1488 
f 2094/2589/1488 2413/2589/1685 2476/2722/1792 
f 2349/2294/1793 2477/2294/1793 2478/2427/1794 
f 2478/2427/1794 2350/2427/1794 2349/2294/1793 
s 1
f 2477/2294/1795 2222/2294/1553 2221/2427/1519 
f 2221/2427/1519 2478/2427/1739 2477/2294/1795 
s 2
f 2350/2809/1794 2478/2809/1794 2479/2502/1796 
f 2479/2502/1796 2351/2502/1796 2350/2809/1794 
s 1
f 2478/2427/1739 2221/2427/1519 2223/2594/1518 
f 2223/2594/1518 2479/2594/1737 2478/2427/1739 
s 2
f 2351/2502/1796 2479/2502/1796 2480/2503/1797 
f 2480/2503/1797 2352/2503/1797 2351/2502/1796 
s 1
f 2479/2594/1737 2223/2594/1518 2224/2423/1517 
f 2224/2423/1517 2480/2423/1736 2479/2594/1737 
s 2
f 2352/2503/1797 2480/2503/1797 2481/2505/1798 
f 2481/2505/1798 2353/2505/1798 2352/2503/1797 
s 1
f 2480/2423/1736 2224/2423/1517 2225/2421/1516 
f 2225/2421/1516 2481/2421/1734 2480/2423/1736 
s 2
f 2353/2505/1798 2481/2505/1798 2482/2507/1799 
f 2482/2507/1799 2354/2507/1799 2353/2505/1798 
s 1
f 2481/2421/1734 2225/2421/1516 2226/2419/1515 
f 2226/2419/1515 2482/2419/1733 2481/2421/1734 
s 2
f 2354/2507/1799 2482/2507/1799 2483/2836/1800 
f 2483/2836/1800 2355/2508/1800 2354/2507/1799 
s 1
f 2482/2419/1733 2226/2419/1515 2227/2417/1514 
f 2227/2417/1514 2483/2417/1732 2482/2419/1733 
s 2
f 2355/2508/1800 2483/2836/1800 2484/2509/1801 
f 2484/2509/1801 2356/2509/1801 2355/2508/1800 
s 1
f 2483/2417/1732 2227/2417/1514 2228/2415/1513 
f 2228/2415/1513 2484/2415/1731 2483/2417/1732 
s 2
f 2356/2509/1801 2484/2509/1801 2485/2511/1802 
f 2485/2511/1802 2357/2511/1802 2356/2509/1801 
s 1
f 2484/2415/1731 2228/2415/1513 2229/2414/1512 
f 2229/2414/1512 2485/2414/1729 2484/2415/1731 
s 2
f 2357/2511/1802 2485/2511/1802 2486/2512/1803 
f 2486/2512/1803 2358/2512/1803 2357/2511/1802 
s 1
f 2485/2726/1729 2229/2726/1512 2230/2725/1511 
f 2230/2725/1511 2486/2725/1728 2485/2726/1729 
s 2
f 2358/2512/1803 2486/2512/1803 2487/2837/1804 
f 2487/2837/1804 2359/2514/1804 2358/2512/1803 
s 1
f 2486/2725/1728 2230/2725/1511 2231/2729/1510 
f 2231/2729/1510 2487/2729/1726 2486/2725/1728 
s 2
f 2359/2514/1804 2487/2837/1804 2488/2515/1805 
f 2488/2515/1805 2360/2515/1805 2359/2514/1804 
s 1
f 2487/2729/1726 2231/2729/1510 2232/2731/1509 
f 2232/2731/1509 2488/2731/1725 2487/2729/1726 
s 2
f 2360/2515/1805 2488/2515/1805 2489/2516/1806 
f 2489/2516/1806 2361/2516/1806 2360/2515/1805 
s 1
f 2488/2731/1725 2232/2731/1509 2233/2733/1508 
f 2233/2733/1508 2489/2733/1724 2488/2731/1725 
s 2
f 2361/2516/1806 2489/2516/1806 2490/2518/1807 
f 2490/2518/1807 2362/2518/1807 2361/2516/1806 
s 1
f 2489/2733/1724 2233/2733/1508 2234/2735/1507 
f 2234/2735/1507 2490/2735/1723 2489/2733/1724 
s 2
f 2362/2518/1807 2490/2518/1807 2491/2520/1808 
f 2491/2520/1808 2363/2520/1808 2362/2518/1807 
s 1
f 2490/2735/1723 2234/2735/1507 2235/2737/1506 
f 2235/2737/1506 2491/2737/1721 2490/2735/1723 
s 2
f 2363/2520/1808 2491/2520/1808 2492/2810/1809 
f 2492/2810/1809 2364/2810/1809 2363/2520/1808 
s 1
f 2491/2737/1721 2235/2737/1506 2236/2739/1505 
f 2236/2739/1505 2492/2739/1720 2491/2737/1721 
s 2
f 2364/2739/1809 2492/2739/1809 2493/2741/1810 
f 2493/2741/1810 2365/2741/1810 2364/2739/1809 
s 1
f 2492/2739/1720 2236/2739/1505 2237/2741/1504 
f 2237/2741/1504 2493/2741/1718 2492/2739/1720 
s 2
f 2365/2741/1810 2493/2741/1810 2494/2743/1811 
f 2494/2743/1811 2366/2743/1811 2365/2741/1810 
s 1
f 2493/2741/1718 2237/2741/1504 2238/2743/1503 
f 2238/2743/1503 2494/2743/1716 2493/2741/1718 
s 2
f 2366/2812/1811 2494/2812/1811 2495/2524/1812 
f 2495/2524/1812 2367/2524/1812 2366/2812/1811 
s 1
f 2494/2743/1716 2238/2743/1503 2239/2745/1502 
f 2239/2745/1502 2495/2745/1714 2494/2743/1716 
s 2
f 2367/2524/1812 2495/2524/1812 2496/2525/1813 
f 2496/2525/1813 2368/2525/1813 2367/2524/1812 
s 1
f 2495/2745/1714 2239/2745/1502 2240/2747/1501 
f 2240/2747/1501 2496/2747/1712 2495/2745/1714 
s 2
f 2368/2525/1813 2496/2525/1813 2497/2527/1814 
f 2497/2527/1814 2369/2527/1814 2368/2525/1813 
s 1
f 2496/2747/1712 2240/2747/1501 2241/2749/1500 
f 2241/2749/1500 2497/2749/1710 2496/2747/1712 
s 2
f 2369/2527/1814 2497/2527/1814 2498/2529/1815 
f 2498/2529/1815 2370/2529/1815 2369/2527/1814 
s 1
f 2497/2749/1710 2241/2749/1500 2242/2751/1499 
f 2242/2751/1499 2498/2751/1708 2497/2749/1710 
s 2
f 2370/2529/1815 2498/2529/1815 2499/2838/1816 
f 2499/2838/1816 2371/2530/1816 2370/2529/1815 
s 1
f 2498/2751/1708 2242/2751/1499 2243/2753/1498 
f 2243/2753/1498 2499/2753/1706 2498/2751/1708 
s 2
f 2371/2530/1816 2499/2838/1816 2500/2531/1817 
f 2500/2531/1817 2372/2531/1817 2371/2530/1816 
s 1
f 2499/2753/1706 2243/2753/1498 2244/2755/1497 
f 2244/2755/1497 2500/2755/1704 2499/2753/1706 
s 2
f 2372/2531/1817 2500/2531/1817 2501/2533/1818 
f 2501/2533/1818 2373/2533/1818 2372/2531/1817 
s 1
f 2500/2755/1704 2244/2755/1497 2245/2757/1496 
f 2245/2757/1496 2501/2757/1702 2500/2755/1704 
s 2
f 2373/2533/1818 2501/2533/1818 2502/2534/1819 
f 2502/2534/1819 2374/2534/1819 2373/2533/1818 
s 1
f 2501/2377/1702 2245/2377/1496 2246/2375/1495 
f 2246/2375/1495 2502/2375/1700 2501/2377/1702 
s 2
f 2374/2534/1819 2502/2534/1819 2503/2839/1820 
f 2503/2839/1820 2375/2536/1820 2374/2534/1819 
s 1
f 2502/2375/1700 2246/2375/1495 2247/2373/1494 
f 2247/2373/1494 2503/2373/1698 2502/2375/1700 
s 2
f 2375/2536/1820 2503/2839/1820 2504/2537/1821 
f 2504/2537/1821 2376/2537/1821 2375/2536/1820 
s 1
f 2503/2373/1698 2247/2373/1494 2248/2371/1493 
f 2248/2371/1493 2504/2371/1696 2503/2373/1698 
s 2
f 2376/2537/1821 2504/2537/1821 2505/2538/1822 
f 2505/2538/1822 2377/2538/1822 2376/2537/1821 
s 1
f 2504/2371/1696 2248/2371/1493 2249/2369/1492 
f 2249/2369/1492 2505/2369/1694 2504/2371/1696 
s 2
f 2377/2538/1822 2505/2538/1822 2506/2540/1823 
f 2506/2540/1823 2378/2540/1823 2377/2538/1822 
s 1
f 2505/2369/1694 2249/2369/1492 2250/2367/1491 
f 2250/2367/1491 2506/2367/1692 2505/2369/1694 
s 2
f 2378/2540/1823 2506/2540/1823 2507/2542/1824 
f 2507/2542/1824 2379/2542/1824 2378/2540/1823 
s 1
f 2506/2367/1692 2250/2367/1491 2251/2654/1490 
f 2251/2654/1490 2507/2654/1690 2506/2367/1692 
s 2
f 2379/2542/1824 2507/2542/1824 2508/2813/1825 
f 2508/2813/1825 2380/2813/1825 2379/2542/1824 
s 1
f 2507/2654/1690 2251/2654/1490 2252/2363/1489 
f 2252/2363/1489 2508/2363/1688 2507/2654/1690 
s 2
f 2380/2363/1825 2508/2363/1825 2509/2361/1826 
f 2509/2361/1826 2381/2361/1826 2380/2363/1825 
s 1
f 2508/2363/1688 2252/2363/1489 2253/2361/1554 
f 2253/2361/1554 2509/2361/1827 2508/2363/1688 
s 2
f 2381/2361/1826 2509/2361/1826 2510/2359/1828 
f 2510/2359/1828 2382/2359/1828 2381/2361/1826 
s 1
f 2509/2361/1827 2253/2361/1554 2254/2359/1488 
f 2254/2359/1488 2510/2359/1685 2509/2361/1827 
s 2
f 2382/2815/1828 2510/2815/1828 2511/2546/1829 
f 2511/2546/1829 2383/2546/1829 2382/2815/1828 
s 1
f 2510/2359/1685 2254/2359/1488 2255/2662/1552 
f 2255/2662/1552 2511/2662/1792 2510/2359/1685 
s 2
f 2383/2546/1829 2511/2546/1829 2512/2547/1830 
f 2512/2547/1830 2384/2547/1830 2383/2546/1829 
s 1
f 2511/2662/1792 2255/2662/1552 2256/2355/1551 
f 2256/2355/1551 2512/2355/1790 2511/2662/1792 
s 2
f 2384/2547/1830 2512/2547/1830 2513/2549/1831 
f 2513/2549/1831 2385/2549/1831 2384/2547/1830 
s 1
f 2512/2355/1790 2256/2355/1551 2257/2353/1550 
f 2257/2353/1550 2513/2353/1788 2512/2355/1790 
s 2
f 2385/2549/1831 2513/2549/1831 2514/2551/1832 
f 2514/2551/1832 2386/2551/1832 2385/2549/1831 
s 1
f 2513/2353/1788 2257/2353/1550 2258/2351/1549 
f 2258/2351/1549 2514/2351/1786 2513/2353/1788 
s 2
f 2386/2551/1832 2514/2551/1832 2515/2840/1833 
f 2515/2840/1833 2387/2552/1833 2386/2551/1832 
s 1
f 2514/2351/1786 2258/2351/1549 2259/2349/1548 
f 2259/2349/1548 2515/2349/1784 2514/2351/1786 
s 2
f 2387/2552/1833 2515/2840/1833 2516/2553/1834 
f 2516/2553/1834 2388/2553/1834 2387/2552/1833 
s 1
f 2515/2349/1784 2259/2349/1548 2260/2347/1547 
f 2260/2347/1547 2516/2347/1782 2515/2349/1784 
s 2
f 2388/2553/1834 2516/2553/1834 2517/2555/1835 
f 2517/2555/1835 2389/2555/1835 2388/2553/1834 
s 1
f 2516/2347/1782 2260/2347/1547 2261/2346/1546 
f 2261/2346/1546 2517/2346/1780 2516/2347/1782 
s 2
f 2389/2555/1835 2517/2555/1835 2518/2556/1836 
f 2518/2556/1836 2390/2556/1836 2389/2555/1835 
s 1
f 2517/2762/1780 2261/2762/1546 2262/2761/1545 
f 2262/2761/1545 2518/2761/1778 2517/2762/1780 
s 2
f 2390/2556/1836 2518/2556/1836 2519/2841/1837 
f 2519/2841/1837 2391/2558/1837 2390/2556/1836 
s 1
f 2518/2761/1778 2262/2761/1545 2263/2765/1544 
f 2263/2765/1544 2519/2765/1776 2518/2761/1778 
s 2
f 2391/2558/1837 2519/2841/1837 2520/2559/1838 
f 2520/2559/1838 2392/2559/1838 2391/2558/1837 
s 1
f 2519/2765/1776 2263/2765/1544 2264/2767/1543 
f 2264/2767/1543 2520/2767/1774 2519/2765/1776 
s 2
f 2392/2559/1838 2520/2559/1838 2521/2560/1839 
f 2521/2560/1839 2393/2560/1839 2392/2559/1838 
s 1
f 2520/2767/1774 2264/2767/1543 2265/2769/1542 
f 2265/2769/1542 2521/2769/1772 2520/2767/1774 
s 2
f 2393/2560/1839 2521/2560/1839 2522/2562/1840 
f 2522/2562/1840 2394/2562/1840 2393/2560/1839 
s 1
f 2521/2769/1772 2265/2769/1542 2266/2771/1541 
f 2266/2771/1541 2522/2771/1770 2521/2769/1772 
s 2
f 2394/2562/1840 2522/2562/1840 2523/2564/1841 
f 2523/2564/1841 2395/2564/1841 2394/2562/1840 
s 1
f 2522/2771/1770 2266/2771/1541 2267/2773/1540 
f 2267/2773/1540 2523/2773/1768 2522/2771/1770 
s 2
f 2395/2564/1841 2523/2564/1841 2524/2816/1842 
f 2524/2816/1842 2396/2816/1842 2395/2564/1841 
s 1
f 2523/2773/1768 2267/2773/1540 2268/2775/1539 
f 2268/2775/1539 2524/2775/1766 2523/2773/1768 
s 2
f 2396/2775/1842 2524/2775/1842 2525/2777/1843 
f 2525/2777/1843 2397/2777/1843 2396/2775/1842 
s 1
f 2524/2775/1766 2268/2775/1539 2269/2777/1538 
f 2269/2777/1538 2525/2777/1764 2524/2775/1766 
s 2
f 2397/2777/1843 2525/2777/1843 2526/2779/1844 
f 2526/2779/1844 2398/2779/1844 2397/2777/1843 
s 1
f 2525/2777/1764 2269/2777/1538 2270/2779/1537 
f 2270/2779/1537 2526/2779/1762 2525/2777/1764 
s 2
f 2398/2818/1844 2526/2818/1844 2527/2568/1845 
f 2527/2568/1845 2399/2568/1845 2398/2818/1844 
s 1
f 2526/2779/1762 2270/2779/1537 2271/2781/1536 
f 2271/2781/1536 2527/2781/1760 2526/2779/1762 
s 2
f 2399/2568/1845 2527/2568/1845 2528/2569/1846 
f 2528/2569/1846 2400/2569/1846 2399/2568/1845 
s 1
f 2527/2781/1760 2271/2781/1536 2272/2783/1535 
f 2272/2783/1535 2528/2783/1759 2527/2781/1760 
s 2
f 2400/2569/1846 2528/2569/1846 2529/2571/1847 
f 2529/2571/1847 2401/2571/1847 2400/2569/1846 
s 1
f 2528/2783/1759 2272/2783/1535 2273/2785/1534 
f 2273/2785/1534 2529/2785/1757 2528/2783/1759 
s 2
f 2401/2571/1847 2529/2571/1847 2530/2573/1848 
f 2530/2573/1848 2402/2573/1848 2401/2571/1847 
s 1
f 2529/2785/1757 2273/2785/1534 2274/2787/1533 
f 2274/2787/1533 2530/2787/1756 2529/2785/1757 
s 2
f 2402/2573/1848 2530/2573/1848 2531/2842/1849 
f 2531/2842/1849 2403/2574/1849 2402/2573/1848 
s 1
f 2530/2787/1756 2274/2787/1533 2275/2789/1532 
f 2275/2789/1532 2531/2789/1755 2530/2787/1756 
s 2
f 2403/2574/1849 2531/2842/1849 2532/2575/1850 
f 2532/2575/1850 2404/2575/1850 2403/2574/1849 
s 1
f 2531/2789/1755 2275/2789/1532 2276/2791/1531 
f 2276/2791/1531 2532/2791/1754 2531/2789/1755 
s 2
f 2404/2575/1850 2532/2575/1850 2533/2577/1851 
f 2533/2577/1851 2405/2577/1851 2404/2575/1850 
s 1
f 2532/2791/1754 2276/2791/1531 2277/2793/1530 
f 2277/2793/1530 2533/2793/1752 2532/2791/1754 
s 2
f 2405/2577/1851 2533/2577/1851 2534/2578/1852 
f 2534/2578/1852 2406/2578/1852 2405/2577/1851 
s 1
f 2533/2309/1752 2277/2309/1530 2278/2307/1529 
f 2278/2307/1529 2534/2307/1751 2533/2309/1752 
s 2
f 2406/2578/1852 2534/2578/1852 2535/2843/1853 
f 2535/2843/1853 2407/2580/1853 2406/2578/1852 
s 1
f 2534/2307/1751 2278/2307/1529 2279/2305/1528 
f 2279/2305/1528 2535/2305/1749 2534/2307/1751 
s 2
f 2407/2580/1853 2535/2843/1853 2536/2581/1854 
f 2536/2581/1854 2408/2581/1854 2407/2580/1853 
s 1
f 2535/2305/1749 2279/2305/1528 2280/2303/1527 
f 2280/2303/1527 2536/2303/1748 2535/2305/1749 
s 2
f 2408/2581/1854 2536/2581/1854 2537/2582/1855 
f 2537/2582/1855 2409/2582/1855 2408/2581/1854 
s 1
f 2536/2303/1748 2280/2303/1527 2281/2301/1526 
f 2281/2301/1526 2537/2301/1747 2536/2303/1748 
s 2
f 2409/2582/1855 2537/2582/1855 2538/2584/1856 
f 2538/2584/1856 2410/2584/1856 2409/2582/1855 
s 1
f 2537/2301/1747 2281/2301/1526 2282/2299/1525 
f 2282/2299/1525 2538/2299/1746 2537/2301/1747 
s 2
f 2410/2584/1856 2538/2584/1856 2539/2586/1857 
f 2539/2586/1857 2411/2586/1857 2410/2584/1856 
s 1
f 2538/2299/1746 2282/2299/1525 2283/2722/1523 
f 2283/2722/1523 2539/2722/1744 2538/2299/1746 
s 2
f 2411/2586/1857 2539/2586/1857 2540/2819/1858 
f 2540/2819/1858 2412/2819/1858 2411/2586/1857 
s 1
f 2539/2722/1744 2283/2722/1523 2284/2295/1522 
f 2284/2295/1522 2540/2295/1743 2539/2722/1744 
s 2
f 2412/2295/1858 2540/2295/1858 2477/2294/1793 
f 2477/2294/1793 2349/2294/1793 2412/2295/1858 
s 1
f 2540/2295/1743 2284/2295/1522 2222/2294/1553 
f 2222/2294/1553 2477/2294/1795 2540/2295/1743 
f 2541/2844/1859 1224/1716/98 1223/1715/99 
f 1223/1715/99 1232/1724/981 2541/2844/1859 
f 1578/2845/1277 2541/2844/1859 1232/1724/981 
f 1232/1724/981 1234/1726/983 1578/2845/1277 
f 2542/2846/1860 2543/2847/1861 1441/1876/1163 
f 1441/1876/1163 1440/1875/1164 2542/2846/1860 
f 1227/2848/977 2542/2846/1860 1440/1875/1164 
f 1440/1875/1164 1226/1877/976 1227/2848/977 
f 2544/1717/1862 2545/1716/66 2546/2849/65 
f 2546/2849/65 2547/2850/1863 2544/1717/1862 
f 2548/1719/1864 2544/1717/1862 2547/2850/1863 
f 2547/2850/1863 2549/2851/1865 2548/1719/1864 
f 2550/2852/1866 2546/2849/65 2545/1716/66 
f 2545/1716/66 2551/2844/1867 2550/2852/1866 
f 2552/2853/1868 2550/2852/1866 2551/2844/1867 
f 2551/2844/1867 2553/2845/1869 2552/2853/1868 
f 2547/2850/1863 2546/2849/65 2554/2854/1338 
f 2554/2854/1338 2555/2855/1870 2547/2850/1863 
f 2549/2851/1865 2547/2850/1863 2555/2855/1870 
f 2555/2855/1870 2556/2856/1871 2549/2851/1865 
f 2557/2857/1872 2554/2854/1338 2546/2849/65 
f 2546/2849/65 2550/2852/1866 2557/2857/1872 
f 2558/2858/1873 2557/2857/1872 2550/2852/1866 
f 2550/2852/1866 2552/2853/1868 2558/2858/1873 
f 2555/2855/1870 2554/2854/1338 2559/2859/1874 
f 2559/2859/1874 2560/2860/1875 2555/2855/1870 
f 2556/2856/1871 2555/2855/1870 2560/2860/1875 
f 2560/2860/1875 2561/2861/1876 2556/2856/1871 
f 2562/2862/1877 2559/2859/1874 2554/2854/1338 
f 2554/2854/1338 2557/2857/1872 2562/2862/1877 
f 2563/2863/1878 2562/2862/1877 2557/2857/1872 
f 2557/2857/1872 2558/2858/1873 2563/2863/1878 
f 2560/2860/1875 2559/2859/1874 2564/2864/62 
f 2564/2864/62 2565/2865/1879 2560/2860/1875 
f 2561/2861/1876 2560/2860/1875 2565/2865/1879 
f 2565/2865/1879 2566/2865/1880 2561/2861/1876 
f 2567/2866/1881 2564/2864/62 2559/2859/1874 
f 2559/2859/1874 2562/2862/1877 2567/2866/1881 
f 2568/2866/1689 2567/2866/1881 2562/2862/1877 
f 2562/2862/1877 2563/2863/1878 2568/2866/1689 
f 2565/2865/1879 2564/2864/62 2569/2867/1882 
f 2569/2867/1882 2570/2868/1883 2565/2865/1879 
f 2566/2865/1880 2565/2865/1879 2570/2868/1883 
f 2570/2868/1883 2571/2868/1884 2566/2865/1880 
f 2572/2869/1885 2569/2867/1882 2564/2864/62 
f 2564/2864/62 2567/2866/1881 2572/2869/1885 
f 2573/2869/1886 2572/2869/1885 2567/2866/1881 
f 2567/2866/1881 2568/2866/1689 2573/2869/1886 
f 2570/2868/1883 2569/2867/1882 2574/2870/1336 
f 2574/2870/1336 2575/2871/1887 2570/2868/1883 
f 2571/2868/1884 2570/2868/1883 2575/2871/1887 
f 2575/2871/1887 2576/2872/1888 2571/2868/1884 
f 2577/2873/1889 2574/2870/1336 2569/2867/1882 
f 2569/2867/1882 2572/2869/1885 2577/2873/1889 
f 2578/2874/1890 2577/2873/1889 2572/2869/1885 
f 2572/2869/1885 2573/2869/1886 2578/2874/1890 
f 2575/2871/1887 2574/2870/1336 2579/2875/59 
f 2579/2875/59 2580/2876/1891 2575/2871/1887 
f 2576/2872/1888 2575/2871/1887 2580/2876/1891 
f 2580/2876/1891 2581/2877/1892 2576/2872/1888 
f 2582/2878/1893 2579/2875/59 2574/2870/1336 
f 2574/2870/1336 2577/2873/1889 2582/2878/1893 
f 2583/2879/1894 2582/2878/1893 2577/2873/1889 
f 2577/2873/1889 2578/2874/1890 2583/2879/1894 
f 2580/2876/1891 2579/2875/59 2584/2880/58 
f 2584/2880/58 2585/2881/1895 2580/2876/1891 
f 2581/2877/1892 2580/2876/1891 2585/2881/1895 
f 2585/2881/1895 2586/2882/1896 2581/2877/1892 
f 2587/2883/1897 2584/2880/58 2579/2875/59 
f 2579/2875/59 2582/2878/1893 2587/2883/1897 
f 2588/2884/1693 2587/2883/1897 2582/2878/1893 
f 2582/2878/1893 2583/2879/1894 2588/2884/1693 
f 2585/2881/1895 2584/2880/58 2589/2885/1898 
f 2589/2885/1898 2590/2886/1899 2585/2881/1895 
f 2586/2882/1896 2585/2881/1895 2590/2886/1899 
f 2590/2886/1899 2591/2887/1900 2586/2882/1896 
f 2592/2888/1901 2589/2885/1898 2584/2880/58 
f 2584/2880/58 2587/2883/1897 2592/2888/1901 
f 2593/2889/1902 2592/2888/1901 2587/2883/1897 
f 2587/2883/1897 2588/2884/1693 2593/2889/1902 
f 2590/2886/1899 2589/2885/1898 2594/2890/1903 
f 2594/2890/1903 2595/2891/1904 2590/2886/1899 
f 2591/2887/1900 2590/2886/1899 2595/2891/1904 
f 2595/2891/1904 2596/2891/1905 2591/2887/1900 
f 2597/2892/1906 2594/2890/1903 2589/2885/1898 
f 2589/2885/1898 2592/2888/1901 2597/2892/1906 
f 2598/2892/1695 2597/2892/1906 2592/2888/1901 
f 2592/2888/1901 2593/2889/1902 2598/2892/1695 
f 2595/2891/1904 2594/2890/1903 2599/2893/55 
f 2599/2893/55 2600/2894/1907 2595/2891/1904 
f 2596/2891/1905 2595/2891/1904 2600/2894/1907 
f 2600/2894/1907 2601/2895/1908 2596/2891/1905 
f 2602/2896/1909 2599/2893/55 2594/2890/1903 
f 2594/2890/1903 2597/2892/1906 2602/2896/1909 
f 2603/2897/1910 2602/2896/1909 2597/2892/1906 
f 2597/2892/1906 2598/2892/1695 2603/2897/1910 
f 2600/2894/1907 2599/2893/55 2604/2898/54 
f 2604/2898/54 2605/2899/1911 2600/2894/1907 
f 2601/2895/1908 2600/2894/1907 2605/2899/1911 
f 2605/2899/1911 2606/2900/1912 2601/2895/1908 
f 2607/2901/1913 2604/2898/54 2599/2893/55 
f 2599/2893/55 2602/2896/1909 2607/2901/1913 
f 2608/2902/1697 2607/2901/1913 2602/2896/1909 
f 2602/2896/1909 2603/2897/1910 2608/2902/1697 
f 2605/2899/1911 2604/2898/54 2609/2903/1914 
f 2609/2903/1914 2610/2904/1915 2605/2899/1911 
f 2606/2900/1912 2605/2899/1911 2610/2904/1915 
f 2610/2904/1915 2611/2904/1916 2606/2900/1912 
f 2612/2905/1917 2609/2903/1914 2604/2898/54 
f 2604/2898/54 2607/2901/1913 2612/2905/1917 
f 2613/2905/1918 2612/2905/1917 2607/2901/1913 
f 2607/2901/1913 2608/2902/1697 2613/2905/1918 
f 2610/2904/1915 2609/2903/1914 2614/2906/52 
f 2614/2906/52 2615/2907/1919 2610/2904/1915 
f 2611/2904/1916 2610/2904/1915 2615/2907/1919 
f 2615/2907/1919 2616/2908/1920 2611/2904/1916 
f 2617/2909/1921 2614/2906/52 2609/2903/1914 
f 2609/2903/1914 2612/2905/1917 2617/2909/1921 
f 2618/2910/1922 2617/2909/1921 2612/2905/1917 
f 2612/2905/1917 2613/2905/1918 2618/2910/1922 
f 2615/2907/1919 2614/2906/52 2619/2911/51 
f 2619/2911/51 2620/2912/1923 2615/2907/1919 
f 2616/2908/1920 2615/2907/1919 2620/2912/1923 
f 2620/2912/1923 2621/2913/1924 2616/2908/1920 
f 2622/2914/1925 2619/2911/51 2614/2906/52 
f 2614/2906/52 2617/2909/1921 2622/2914/1925 
f 2623/2915/1926 2622/2914/1925 2617/2909/1921 
f 2617/2909/1921 2618/2910/1922 2623/2915/1926 
f 2620/2912/1923 2619/2911/51 2624/2916/1927 
f 2624/2916/1927 2625/2917/1928 2620/2912/1923 
f 2621/2913/1924 2620/2912/1923 2625/2917/1928 
f 2625/2917/1928 2626/2917/1929 2621/2913/1924 
f 2627/2918/1930 2624/2916/1927 2619/2911/51 
f 2619/2911/51 2622/2914/1925 2627/2918/1930 
f 2628/2918/1701 2627/2918/1930 2622/2914/1925 
f 2622/2914/1925 2623/2915/1926 2628/2918/1701 
f 2625/1641/1928 2624/1642/1927 2629/1637/1931 
f 2629/1637/1931 2630/1636/1932 2625/1641/1928 
f 2626/1641/1929 2625/1641/1928 2630/1636/1932 
f 2630/1636/1932 2631/1638/1933 2626/1641/1929 
f 2632/1639/1934 2629/1637/1931 2624/1642/1927 
f 2624/1642/1927 2627/1643/1930 2632/1639/1934 
f 2633/1640/1935 2632/1639/1934 2627/1643/1930 
f 2627/1643/1930 2628/1643/1701 2633/1640/1935 
f 2630/1636/1932 2629/1637/1931 2634/1632/1936 
f 2634/1632/1936 2635/1631/1937 2630/1636/1932 
f 2631/1638/1933 2630/1636/1932 2635/1631/1937 
f 2635/1631/1937 2636/1633/1938 2631/1638/1933 
f 2637/1634/1939 2634/1632/1936 2629/1637/1931 
f 2629/1637/1931 2632/1639/1934 2637/1634/1939 
f 2638/1635/1940 2637/1634/1939 2632/1639/1934 
f 2632/1639/1934 2633/1640/1935 2638/1635/1940 
f 2635/1631/1937 2634/1632/1936 2639/1629/47 
f 2639/1629/47 2640/1628/1941 2635/1631/1937 
f 2636/1633/1938 2635/1631/1937 2640/1628/1941 
f 2640/1628/1941 2641/1628/1942 2636/1633/1938 
f 2642/1630/1943 2639/1629/47 2634/1632/1936 
f 2634/1632/1936 2637/1634/1939 2642/1630/1943 
f 2643/1630/1944 2642/1630/1943 2637/1634/1939 
f 2637/1634/1939 2638/1635/1940 2643/1630/1944 
f 2640/1628/1941 2639/1629/47 2644/1624/46 
f 2644/1624/46 2645/1623/1945 2640/1628/1941 
f 2641/1628/1942 2640/1628/1941 2645/1623/1945 
f 2645/1623/1945 2646/1625/1946 2641/1628/1942 
f 2647/1626/1947 2644/1624/46 2639/1629/47 
f 2639/1629/47 2642/1630/1943 2647/1626/1947 
f 2648/1627/1705 2647/1626/1947 2642/1630/1943 
f 2642/1630/1943 2643/1630/1944 2648/1627/1705 
f 2645/1623/1945 2644/1624/46 2649/1619/1948 
f 2649/1619/1948 2650/1618/1949 2645/1623/1945 
f 2646/1625/1946 2645/1623/1945 2650/1618/1949 
f 2650/1618/1949 2651/1620/1950 2646/1625/1946 
f 2652/1621/1951 2649/1619/1948 2644/1624/46 
f 2644/1624/46 2647/1626/1947 2652/1621/1951 
f 2653/1622/1952 2652/1621/1951 2647/1626/1947 
f 2647/1626/1947 2648/1627/1705 2653/1622/1952 
f 2650/1618/1949 2649/1619/1948 2654/1616/1953 
f 2654/1616/1953 2655/1615/1954 2650/1618/1949 
f 2651/1620/1950 2650/1618/1949 2655/1615/1954 
f 2655/1615/1954 2656/1615/1955 2651/1620/1950 
f 2657/1617/1956 2654/1616/1953 2649/1619/1948 
f 2649/1619/1948 2652/1621/1951 2657/1617/1956 
f 2658/1617/1707 2657/1617/1956 2652/1621/1951 
f 2652/1621/1951 2653/1622/1952 2658/1617/1707 
f 2655/1615/1954 2654/1616/1953 2659/1611/1957 
f 2659/1611/1957 2660/1610/1958 2655/1615/1954 
f 2656/1615/1955 2655/1615/1954 2660/1610/1958 
f 2660/1610/1958 2661/1612/1959 2656/1615/1955 
f 2662/1613/1960 2659/1611/1957 2654/1616/1953 
f 2654/1616/1953 2657/1617/1956 2662/1613/1960 
f 2663/1614/1961 2662/1613/1960 2657/1617/1956 
f 2657/1617/1956 2658/1617/1707 2663/1614/1961 
f 2660/1610/1958 2659/1611/1957 2664/1606/42 
f 2664/1606/42 2665/1605/1962 2660/1610/1958 
f 2661/1612/1959 2660/1610/1958 2665/1605/1962 
f 2665/1605/1962 2666/1607/1963 2661/1612/1959 
f 2667/1608/1964 2664/1606/42 2659/1611/1957 
f 2659/1611/1957 2662/1613/1960 2667/1608/1964 
f 2668/1609/1709 2667/1608/1964 2662/1613/1960 
f 2662/1613/1960 2663/1614/1961 2668/1609/1709 
f 2665/1605/1962 2664/1606/42 2669/1601/41 
f 2669/1601/41 2670/1600/1965 2665/1605/1962 
f 2666/1607/1963 2665/1605/1962 2670/1600/1965 
f 2670/1600/1965 2671/1602/1966 2666/1607/1963 
f 2672/1603/1967 2669/1601/41 2664/1606/42 
f 2664/1606/42 2667/1608/1964 2672/1603/1967 
f 2673/1604/1968 2672/1603/1967 2667/1608/1964 
f 2667/1608/1964 2668/1609/1709 2673/1604/1968 
f 2670/1600/1965 2669/1601/41 2674/1596/1969 
f 2674/1596/1969 2675/1595/1970 2670/1600/1965 
f 2671/1602/1966 2670/1600/1965 2675/1595/1970 
f 2675/1595/1970 2676/1597/1971 2671/1602/1966 
f 2677/1598/1972 2674/1596/1969 2669/1601/41 
f 2669/1601/41 2672/1603/1967 2677/1598/1972 
f 2678/1599/1973 2677/1598/1972 2672/1603/1967 
f 2672/1603/1967 2673/1604/1968 2678/1599/1973 
f 2675/1595/1970 2674/1596/1969 2679/1593/1974 
f 2679/1593/1974 2680/1592/1975 2675/1595/1970 
f 2676/1597/1971 2675/1595/1970 2680/1592/1975 
f 2680/1592/1975 2681/1592/1976 2676/1597/1971 
f 2682/1594/1977 2679/1593/1974 2674/1596/1969 
f 2674/1596/1969 2677/1598/1972 2682/1594/1977 
f 2683/1594/1978 2682/1594/1977 2677/1598/1972 
f 2677/1598/1972 2678/1599/1973 2683/1594/1978 
f 2680/1592/1975 2679/1593/1974 2684/1590/38 
f 2684/1590/38 2685/1589/1979 2680/1592/1975 
f 2681/1592/1976 2680/1592/1975 2685/1589/1979 
f 2685/1589/1979 2686/1589/1980 2681/1592/1976 
f 2687/1591/1981 2684/1590/38 2679/1593/1974 
f 2679/1593/1974 2682/1594/1977 2687/1591/1981 
f 2688/1591/1713 2687/1591/1981 2682/1594/1977 
f 2682/1594/1977 2683/1594/1978 2688/1591/1713 
f 2685/1589/1979 2684/1590/38 2689/1585/37 
f 2689/1585/37 2690/1584/1982 2685/1589/1979 
f 2686/1589/1980 2685/1589/1979 2690/1584/1982 
f 2690/1584/1982 2691/1586/1983 2686/1589/1980 
f 2692/1587/1984 2689/1585/37 2684/1590/38 
f 2684/1590/38 2687/1591/1981 2692/1587/1984 
f 2693/1588/1985 2692/1587/1984 2687/1591/1981 
f 2687/1591/1981 2688/1591/1713 2693/1588/1985 
f 2690/1584/1982 2689/1585/37 2694/1580/36 
f 2694/1580/36 2695/1579/1986 2690/1584/1982 
f 2691/1586/1983 2690/1584/1982 2695/1579/1986 
f 2695/1579/1986 2696/1581/1987 2691/1586/1983 
f 2697/1582/1988 2694/1580/36 2689/1585/37 
f 2689/1585/37 2692/1587/1984 2697/1582/1988 
f 2698/1583/1989 2697/1582/1988 2692/1587/1984 
f 2692/1587/1984 2693/1588/1985 2698/1583/1989 
f 2695/1579/1986 2694/1580/36 2699/1571/1990 
f 2699/1571/1990 2700/1570/1991 2695/1579/1986 
f 2696/1581/1987 2695/1579/1986 2700/1570/1991 
f 2700/1570/1991 2701/1574/1992 2696/1581/1987 
f 2702/1575/1993 2699/1571/1990 2694/1580/36 
f 2694/1580/36 2697/1582/1988 2702/1575/1993 
f 2703/1577/1994 2702/1575/1993 2697/1582/1988 
f 2697/1582/1988 2698/1583/1989 2703/1577/1994 
f 2700/1570/1991 2699/1571/1990 1218/1572/970 
f 1218/1572/970 1217/1569/969 2700/1570/1991 
f 2701/1574/1992 2700/1570/1991 1217/1569/969 
f 1217/1569/969 1219/1573/971 2701/1574/1992 
f 1220/1576/972 1218/1572/970 2699/1571/1990 
f 2699/1571/1990 2702/1575/1993 1220/1576/972 
f 1221/1578/973 1220/1576/972 2702/1575/1993 
f 2702/1575/1993 2703/1577/1994 1221/1578/973 
f 2704/2850/1995 1225/1717/975 1224/1716/98 
f 1224/1716/98 2705/2849/97 2704/2850/1995 
f 2706/2851/1996 1227/1719/977 1225/1717/975 
f 1225/1717/975 2704/2850/1995 2706/2851/1996 
f 2704/2850/1995 2705/2849/97 2707/2854/96 
f 2707/2854/96 2708/2855/1997 2704/2850/1995 
f 2706/2851/1996 2704/2850/1995 2708/2855/1997 
f 2708/2855/1997 2709/2856/1998 2706/2851/1996 
f 2710/2857/1999 2707/2854/96 2705/2849/97 
f 2705/2849/97 2711/2852/2000 2710/2857/1999 
f 2712/2858/2001 2710/2857/1999 2711/2852/2000 
f 2711/2852/2000 2713/2853/2002 2712/2858/2001 
f 2708/2855/1997 2707/2854/96 2714/2859/2003 
f 2714/2859/2003 2715/2860/2004 2708/2855/1997 
f 2709/2856/1998 2708/2855/1997 2715/2860/2004 
f 2715/2860/2004 2716/2861/2005 2709/2856/1998 
f 2717/2862/2006 2714/2859/2003 2707/2854/96 
f 2707/2854/96 2710/2857/1999 2717/2862/2006 
f 2718/2863/2007 2717/2862/2006 2710/2857/1999 
f 2710/2857/1999 2712/2858/2001 2718/2863/2007 
f 2715/2860/2004 2714/2859/2003 2719/2864/94 
f 2719/2864/94 2720/2865/2008 2715/2860/2004 
f 2716/2861/2005 2715/2860/2004 2720/2865/2008 
f 2720/2865/2008 2721/2865/2009 2716/2861/2005 
f 2722/2866/2010 2719/2864/94 2714/2859/2003 
f 2714/2859/2003 2717/2862/2006 2722/2866/2010 
f 2723/2866/1767 2722/2866/2010 2717/2862/2006 
f 2717/2862/2006 2718/2863/2007 2723/2866/1767 
f 2720/2865/2008 2719/2864/94 2724/2867/93 
f 2724/2867/93 2725/2868/2011 2720/2865/2008 
f 2721/2865/2009 2720/2865/2008 2725/2868/2011 
f 2725/2868/2011 2726/2868/2012 2721/2865/2009 
f 2727/2869/2013 2724/2867/93 2719/2864/94 
f 2719/2864/94 2722/2866/2010 2727/2869/2013 
f 2728/2869/2014 2727/2869/2013 2722/2866/2010 
f 2722/2866/2010 2723/2866/1767 2728/2869/2014 
f 2725/2868/2011 2724/2867/93 2729/2870/92 
f 2729/2870/92 2730/2871/2015 2725/2868/2011 
f 2726/2868/2012 2725/2868/2011 2730/2871/2015 
f 2730/2871/2015 2731/2872/2016 2726/2868/2012 
f 2732/2873/2017 2729/2870/92 2724/2867/93 
f 2724/2867/93 2727/2869/2013 2732/2873/2017 
f 2733/2874/2018 2732/2873/2017 2727/2869/2013 
f 2727/2869/2013 2728/2869/2014 2733/2874/2018 
f 2730/2871/2015 2729/2870/92 2734/2875/2019 
f 2734/2875/2019 2735/2876/2020 2730/2871/2015 
f 2731/2872/2016 2730/2871/2015 2735/2876/2020 
f 2735/2876/2020 2736/2877/2021 2731/2872/2016 
f 2737/2878/2022 2734/2875/2019 2729/2870/92 
f 2729/2870/92 2732/2873/2017 2737/2878/2022 
f 2738/2879/2023 2737/2878/2022 2732/2873/2017 
f 2732/2873/2017 2733/2874/2018 2738/2879/2023 
f 2735/2876/2020 2734/2875/2019 2739/2880/2024 
f 2739/2880/2024 2740/2881/2025 2735/2876/2020 
f 2736/2877/2021 2735/2876/2020 2740/2881/2025 
f 2740/2881/2025 2741/2882/2026 2736/2877/2021 
f 2742/2883/2027 2739/2880/2024 2734/2875/2019 
f 2734/2875/2019 2737/2878/2022 2742/2883/2027 
f 2743/2884/1771 2742/2883/2027 2737/2878/2022 
f 2737/2878/2022 2738/2879/2023 2743/2884/1771 
f 2740/2881/2025 2739/2880/2024 2744/2885/2028 
f 2744/2885/2028 2745/2886/2029 2740/2881/2025 
f 2741/2882/2026 2740/2881/2025 2745/2886/2029 
f 2745/2886/2029 2746/2887/2030 2741/2882/2026 
f 2747/2888/2031 2744/2885/2028 2739/2880/2024 
f 2739/2880/2024 2742/2883/2027 2747/2888/2031 
f 2748/2889/2032 2747/2888/2031 2742/2883/2027 
f 2742/2883/2027 2743/2884/1771 2748/2889/2032 
f 2745/2886/2029 2744/2885/2028 2749/2890/2033 
f 2749/2890/2033 2750/2891/2034 2745/2886/2029 
f 2746/2887/2030 2745/2886/2029 2750/2891/2034 
f 2750/2891/2034 2751/2891/2035 2746/2887/2030 
f 2752/2892/2036 2749/2890/2033 2744/2885/2028 
f 2744/2885/2028 2747/2888/2031 2752/2892/2036 
f 2753/2892/1773 2752/2892/2036 2747/2888/2031 
f 2747/2888/2031 2748/2889/2032 2753/2892/1773 
f 2750/2891/2034 2749/2890/2033 2754/2893/87 
f 2754/2893/87 2755/2894/2037 2750/2891/2034 
f 2751/2891/2035 2750/2891/2034 2755/2894/2037 
f 2755/2894/2037 2756/2895/2038 2751/2891/2035 
f 2757/2896/2039 2754/2893/87 2749/2890/2033 
f 2749/2890/2033 2752/2892/2036 2757/2896/2039 
f 2758/2897/2040 2757/2896/2039 2752/2892/2036 
f 2752/2892/2036 2753/2892/1773 2758/2897/2040 
f 2755/2894/2037 2754/2893/87 2759/2898/86 
f 2759/2898/86 2760/2899/2041 2755/2894/2037 
f 2756/2895/2038 2755/2894/2037 2760/2899/2041 
f 2760/2899/2041 2761/2900/2042 2756/2895/2038 
f 2762/2901/2043 2759/2898/86 2754/2893/87 
f 2754/2893/87 2757/2896/2039 2762/2901/2043 
f 2763/2902/1775 2762/2901/2043 2757/2896/2039 
f 2757/2896/2039 2758/2897/2040 2763/2902/1775 
f 2760/2899/2041 2759/2898/86 2764/2903/2044 
f 2764/2903/2044 2765/2904/2045 2760/2899/2041 
f 2761/2900/2042 2760/2899/2041 2765/2904/2045 
f 2765/2904/2045 2766/2904/2046 2761/2900/2042 
f 2767/2905/2047 2764/2903/2044 2759/2898/86 
f 2759/2898/86 2762/2901/2043 2767/2905/2047 
f 2768/2905/2048 2767/2905/2047 2762/2901/2043 
f 2762/2901/2043 2763/2902/1775 2768/2905/2048 
f 2765/2904/2045 2764/2903/2044 2769/2906/84 
f 2769/2906/84 2770/2907/2049 2765/2904/2045 
f 2766/2904/2046 2765/2904/2045 2770/2907/2049 
f 2770/2907/2049 2771/2908/2050 2766/2904/2046 
f 2772/2909/2051 2769/2906/84 2764/2903/2044 
f 2764/2903/2044 2767/2905/2047 2772/2909/2051 
f 2773/2910/2052 2772/2909/2051 2767/2905/2047 
f 2767/2905/2047 2768/2905/2048 2773/2910/2052 
f 2770/2907/2049 2769/2906/84 2774/2911/2053 
f 2774/2911/2053 2775/2912/2054 2770/2907/2049 
f 2771/2908/2050 2770/2907/2049 2775/2912/2054 
f 2775/2912/2054 2776/2913/2055 2771/2908/2050 
f 2777/2914/2056 2774/2911/2053 2769/2906/84 
f 2769/2906/84 2772/2909/2051 2777/2914/2056 
f 2778/2915/2057 2777/2914/2056 2772/2909/2051 
f 2772/2909/2051 2773/2910/2052 2778/2915/2057 
f 2775/2912/2054 2774/2911/2053 2779/2916/82 
f 2779/2916/82 2780/2917/2058 2775/2912/2054 
f 2776/2913/2055 2775/2912/2054 2780/2917/2058 
f 2780/2917/2058 2781/2917/2059 2776/2913/2055 
f 2782/2918/2060 2779/2916/82 2774/2911/2053 
f 2774/2911/2053 2777/2914/2056 2782/2918/2060 
f 2783/2918/1779 2782/2918/2060 2777/2914/2056 
f 2777/2914/2056 2778/2915/2057 2783/2918/1779 
f 2780/1784/2058 2779/1785/82 2784/1780/81 
f 2784/1780/81 2785/1779/2061 2780/1784/2058 
f 2781/1784/2059 2780/1784/2058 2785/1779/2061 
f 2785/1779/2061 2786/1781/2062 2781/1784/2059 
f 2787/1782/2063 2784/1780/81 2779/1785/82 
f 2779/1785/82 2782/1786/2060 2787/1782/2063 
f 2788/1783/2064 2787/1782/2063 2782/1786/2060 
f 2782/1786/2060 2783/1786/1779 2788/1783/2064 
f 2785/1779/2061 2784/1780/81 2789/1775/1331 
f 2789/1775/1331 2790/1774/2065 2785/1779/2061 
f 2786/1781/2062 2785/1779/2061 2790/1774/2065 
f 2790/1774/2065 2791/1776/2066 2786/1781/2062 
f 2792/1777/2067 2789/1775/1331 2784/1780/81 
f 2784/1780/81 2787/1782/2063 2792/1777/2067 
f 2793/1778/2068 2792/1777/2067 2787/1782/2063 
f 2787/1782/2063 2788/1783/2064 2793/1778/2068 
f 2790/1774/2065 2789/1775/1331 2794/1772/79 
f 2794/1772/79 2795/1771/2069 2790/1774/2065 
f 2791/1776/2066 2790/1774/2065 2795/1771/2069 
f 2795/1771/2069 2796/1771/2070 2791/1776/2066 
f 2797/1773/2071 2794/1772/79 2789/1775/1331 
f 2789/1775/1331 2792/1777/2067 2797/1773/2071 
f 2798/1773/2072 2797/1773/2071 2792/1777/2067 
f 2792/1777/2067 2793/1778/2068 2798/1773/2072 
f 2795/1771/2069 2794/1772/79 2799/1767/1330 
f 2799/1767/1330 2800/1766/2073 2795/1771/2069 
f 2796/1771/2070 2795/1771/2069 2800/1766/2073 
f 2800/1766/2073 2801/1768/2074 2796/1771/2070 
f 2802/1769/2075 2799/1767/1330 2794/1772/79 
f 2794/1772/79 2797/1773/2071 2802/1769/2075 
f 2803/1770/1783 2802/1769/2075 2797/1773/2071 
f 2797/1773/2071 2798/1773/2072 2803/1770/1783 
f 2800/1766/2073 2799/1767/1330 2804/1762/2076 
f 2804/1762/2076 2805/1761/2077 2800/1766/2073 
f 2801/1768/2074 2800/1766/2073 2805/1761/2077 
f 2805/1761/2077 2806/1763/2078 2801/1768/2074 
f 2807/1764/2079 2804/1762/2076 2799/1767/1330 
f 2799/1767/1330 2802/1769/2075 2807/1764/2079 
f 2808/1765/2080 2807/1764/2079 2802/1769/2075 
f 2802/1769/2075 2803/1770/1783 2808/1765/2080 
f 2805/1761/2077 2804/1762/2076 2809/1759/1329 
f 2809/1759/1329 2810/1758/2081 2805/1761/2077 
f 2806/1763/2078 2805/1761/2077 2810/1758/2081 
f 2810/1758/2081 2811/1758/2082 2806/1763/2078 
f 2812/1760/2083 2809/1759/1329 2804/1762/2076 
f 2804/1762/2076 2807/1764/2079 2812/1760/2083 
f 2813/1760/1785 2812/1760/2083 2807/1764/2079 
f 2807/1764/2079 2808/1765/2080 2813/1760/1785 
f 2810/1758/2081 2809/1759/1329 2814/1754/75 
f 2814/1754/75 2815/1753/2084 2810/1758/2081 
f 2811/1758/2082 2810/1758/2081 2815/1753/2084 
f 2815/1753/2084 2816/1755/2085 2811/1758/2082 
f 2817/1756/2086 2814/1754/75 2809/1759/1329 
f 2809/1759/1329 2812/1760/2083 2817/1756/2086 
f 2818/1757/2087 2817/1756/2086 2812/1760/2083 
f 2812/1760/2083 2813/1760/1785 2818/1757/2087 
f 2815/1753/2084 2814/1754/75 2819/1749/74 
f 2819/1749/74 2820/1748/2088 2815/1753/2084 
f 2816/1755/2085 2815/1753/2084 2820/1748/2088 
f 2820/1748/2088 2821/1750/2089 2816/1755/2085 
f 2822/1751/2090 2819/1749/74 2814/1754/75 
f 2814/1754/75 2817/1756/2086 2822/1751/2090 
f 2823/1752/1787 2822/1751/2090 2817/1756/2086 
f 2817/1756/2086 2818/1757/2087 2823/1752/1787 
f 2820/1748/2088 2819/1749/74 2824/1744/2091 
f 2824/1744/2091 2825/1743/2092 2820/1748/2088 
f 2821/1750/2089 2820/1748/2088 2825/1743/2092 
f 2825/1743/2092 2826/1745/2093 2821/1750/2089 
f 2827/1746/2094 2824/1744/2091 2819/1749/74 
f 2819/1749/74 2822/1751/2090 2827/1746/2094 
f 2828/1747/2095 2827/1746/2094 2822/1751/2090 
f 2822/1751/2090 2823/1752/1787 2828/1747/2095 
f 2825/1743/2092 2824/1744/2091 2829/1739/1327 
f 2829/1739/1327 2830/1738/2096 2825/1743/2092 
f 2826/1745/2093 2825/1743/2092 2830/1738/2096 
f 2830/1738/2096 2831/1740/2097 2826/1745/2093 
f 2832/1741/2098 2829/1739/1327 2824/1744/2091 
f 2824/1744/2091 2827/1746/2094 2832/1741/2098 
f 2833/1742/2099 2832/1741/2098 2827/1746/2094 
f 2827/1746/2094 2828/1747/2095 2833/1742/2099 
f 2830/1738/2096 2829/1739/1327 2834/1736/71 
f 2834/1736/71 2835/1735/2100 2830/1738/2096 
f 2831/1740/2097 2830/1738/2096 2835/1735/2100 
f 2835/1735/2100 2836/1735/2101 2831/1740/2097 
f 2837/1737/2102 2834/1736/71 2829/1739/1327 
f 2829/1739/1327 2832/1741/2098 2837/1737/2102 
f 2838/1737/2103 2837/1737/2102 2832/1741/2098 
f 2832/1741/2098 2833/1742/2099 2838/1737/2103 
f 2835/1735/2100 2834/1736/71 2839/1733/70 
f 2839/1733/70 2840/1732/2104 2835/1735/2100 
f 2836/1735/2101 2835/1735/2100 2840/1732/2104 
f 2840/1732/2104 2841/1732/2105 2836/1735/2101 
f 2842/1734/2106 2839/1733/70 2834/1736/71 
f 2834/1736/71 2837/1737/2102 2842/1734/2106 
f 2843/1734/1791 2842/1734/2106 2837/1737/2102 
f 2837/1737/2102 2838/1737/2103 2843/1734/1791 
f 2840/1732/2104 2839/1733/70 2844/1728/69 
f 2844/1728/69 2845/1727/2107 2840/1732/2104 
f 2841/1732/2105 2840/1732/2104 2845/1727/2107 
f 2845/1727/2107 2846/1729/2108 2841/1732/2105 
f 2847/1730/2109 2844/1728/69 2839/1733/70 
f 2839/1733/70 2842/1734/2106 2847/1730/2109 
f 2848/1731/2110 2847/1730/2109 2842/1734/2106 
f 2842/1734/2106 2843/1734/1791 2848/1731/2110 
f 2845/1727/2107 2844/1728/69 2849/1721/2111 
f 2849/1721/2111 2850/1720/2112 2845/1727/2107 
f 2846/1729/2108 2845/1727/2107 2850/1720/2112 
f 2850/1720/2112 2851/1722/2113 2846/1729/2108 
f 2852/1723/2114 2849/1721/2111 2844/1728/69 
f 2844/1728/69 2847/1730/2109 2852/1723/2114 
f 2853/1725/2115 2852/1723/2114 2847/1730/2109 
f 2847/1730/2109 2848/1731/2110 2853/1725/2115 
f 2850/1720/2112 2849/1721/2111 2854/1715/2116 
f 2854/1715/2116 2855/1714/2117 2850/1720/2112 
f 2851/1722/2113 2850/1720/2112 2855/1714/2117 
f 2855/1714/2117 2856/1718/2118 2851/1722/2113 
f 2857/1724/2119 2854/1715/2116 2849/1721/2111 
f 2849/1721/2111 2852/1723/2114 2857/1724/2119 
f 2858/1726/2120 2857/1724/2119 2852/1723/2114 
f 2852/1723/2114 2853/1725/2115 2858/1726/2120 
f 2855/1714/2117 2854/1715/2116 2545/1716/66 
f 2545/1716/66 2544/1717/1862 2855/1714/2117 
f 2856/1718/2118 2855/1714/2117 2544/1717/1862 
f 2544/1717/1862 2548/1719/1864 2856/1718/2118 
f 2551/2844/1867 2545/1716/66 2854/1715/2116 
f 2854/1715/2116 2857/1724/2119 2551/2844/1867 
f 2553/2845/1869 2551/2844/1867 2857/1724/2119 
f 2857/1724/2119 2858/1726/2120 2553/2845/1869 
f 2859/2919/2121 2860/2920/2122 2861/2921/2122 
f 2861/2921/2122 2862/2922/2123 2859/2919/2121 
f 2856/2923/2118 2859/2919/2121 2862/2922/2123 
f 2862/2922/2123 2851/2924/2113 2856/2923/2118 
f 2862/2922/2123 2861/2921/2122 2863/2925/2124 
f 2863/2925/2124 2864/2926/2125 2862/2922/2123 
f 2851/2924/2113 2862/2922/2123 2864/2926/2125 
f 2864/2926/2125 2846/2927/2108 2851/2924/2113 
f 2864/2926/2125 2863/2925/2124 2865/2928/2124 
f 2865/2928/2124 2866/2929/2126 2864/2926/2125 
f 2846/2927/2108 2864/2926/2125 2866/2929/2126 
f 2866/2929/2126 2841/2930/2105 2846/2927/2108 
f 2866/2929/2126 2865/2928/2124 2867/2931/2127 
f 2867/2931/2127 2868/2932/2128 2866/2929/2126 
f 2841/2930/2105 2866/2929/2126 2868/2932/2128 
f 2868/2932/2128 2836/2933/2101 2841/2930/2105 
f 2868/2932/2128 2867/2931/2127 2869/2934/2129 
f 2869/2934/2129 2870/2935/2130 2868/2932/2128 
f 2836/2933/2101 2868/2932/2128 2870/2935/2130 
f 2870/2935/2130 2831/2936/2097 2836/2933/2101 
f 2870/2935/2130 2869/2934/2129 2871/2937/2129 
f 2871/2937/2129 2872/2938/2131 2870/2935/2130 
f 2831/2936/2097 2870/2935/2130 2872/2938/2131 
f 2872/2938/2131 2826/2939/2093 2831/2936/2097 
f 2872/2938/2131 2871/2937/2129 2873/2940/2132 
f 2873/2940/2132 2874/2940/2133 2872/2938/2131 
f 2826/2939/2093 2872/2938/2131 2874/2940/2133 
f 2874/2940/2133 2821/2941/2089 2826/2939/2093 
f 2874/2940/2133 2873/2940/2132 2875/2942/2132 
f 2875/2942/2132 2876/2943/2134 2874/2940/2133 
f 2821/2941/2089 2874/2940/2133 2876/2943/2134 
f 2876/2943/2134 2816/2944/2085 2821/2941/2089 
f 2876/2943/2134 2875/2942/2132 2877/2945/2135 
f 2877/2945/2135 2878/2946/2136 2876/2943/2134 
f 2816/2944/2085 2876/2943/2134 2878/2946/2136 
f 2878/2946/2136 2811/2947/2082 2816/2944/2085 
f 2878/2946/2136 2877/2945/2135 2879/2948/2135 
f 2879/2948/2135 2880/2949/2137 2878/2946/2136 
f 2811/2947/2082 2878/2946/2136 2880/2949/2137 
f 2880/2949/2137 2806/2950/2078 2811/2947/2082 
f 2880/2949/2137 2879/2948/2135 2881/2951/2138 
f 2881/2951/2138 2882/2952/2139 2880/2949/2137 
f 2806/2950/2078 2880/2949/2137 2882/2952/2139 
f 2882/2952/2139 2801/2953/2074 2806/2950/2078 
f 2882/2952/2139 2881/2951/2138 2883/2954/2138 
f 2883/2954/2138 2884/2955/2140 2882/2952/2139 
f 2801/2953/2074 2882/2952/2139 2884/2955/2140 
f 2884/2955/2140 2796/2956/2070 2801/2953/2074 
f 2884/2955/2140 2883/2954/2138 2885/2957/2141 
f 2885/2957/2141 2886/2958/2142 2884/2955/2140 
f 2796/2956/2070 2884/2955/2140 2886/2958/2142 
f 2886/2958/2142 2791/2959/2066 2796/2956/2070 
f 2886/2958/2142 2885/2957/2141 2887/2960/2143 
f 2887/2960/2143 2888/2961/2144 2886/2958/2142 
f 2791/2959/2066 2886/2958/2142 2888/2961/2144 
f 2888/2961/2144 2786/2962/2062 2791/2959/2066 
f 2888/2961/2144 2887/2960/2143 2889/2963/2145 
f 2889/2963/2145 2890/2964/2146 2888/2961/2144 
f 2786/2962/2062 2888/2961/2144 2890/2964/2146 
f 2890/2964/2146 2781/2965/2059 2786/2962/2062 
f 2890/2964/2146 2889/2963/2145 2891/2966/2147 
f 2891/2966/2147 2892/2967/2148 2890/2964/2146 
f 2781/2965/2059 2890/2964/2146 2892/2967/2148 
f 2892/2967/2148 2776/2968/2055 2781/2965/2059 
f 2892/2967/2148 2891/2966/2147 2893/2969/2149 
f 2893/2969/2149 2894/2970/2150 2892/2967/2148 
f 2776/2968/2055 2892/2967/2148 2894/2970/2150 
f 2894/2970/2150 2771/2971/2050 2776/2968/2055 
f 2894/2970/2150 2893/2969/2149 2895/2972/2151 
f 2895/2972/2151 2896/2973/2152 2894/2970/2150 
f 2771/2971/2050 2894/2970/2150 2896/2973/2152 
f 2896/2973/2152 2766/2974/2046 2771/2971/2050 
f 2896/2973/2152 2895/2972/2151 2897/2975/2151 
f 2897/2975/2151 2898/2976/2153 2896/2973/2152 
f 2766/2974/2046 2896/2973/2152 2898/2976/2153 
f 2898/2976/2153 2761/2977/2042 2766/2974/2046 
f 2898/2976/2153 2897/2975/2151 2899/2978/2154 
f 2899/2978/2154 2900/2979/2155 2898/2976/2153 
f 2761/2977/2042 2898/2976/2153 2900/2979/2155 
f 2900/2979/2155 2756/2980/2038 2761/2977/2042 
f 2900/2979/2155 2899/2978/2154 2901/2981/2154 
f 2901/2981/2154 2902/2982/2156 2900/2979/2155 
f 2756/2980/2038 2900/2979/2155 2902/2982/2156 
f 2902/2982/2156 2751/2983/2035 2756/2980/2038 
f 2902/2982/2156 2901/2981/2154 2903/2984/2157 
f 2903/2984/2157 2904/2985/2158 2902/2982/2156 
f 2751/2983/2035 2902/2982/2156 2904/2985/2158 
f 2904/2985/2158 2746/2986/2030 2751/2983/2035 
f 2904/2985/2158 2903/2984/2157 2905/2987/2157 
f 2905/2987/2157 2906/2987/2159 2904/2985/2158 
f 2746/2986/2030 2904/2985/2158 2906/2987/2159 
f 2906/2987/2159 2741/2988/2026 2746/2986/2030 
f 2906/2987/2159 2905/2987/2157 2907/2989/2160 
f 2907/2989/2160 2908/2990/2161 2906/2987/2159 
f 2741/2988/2026 2906/2987/2159 2908/2990/2161 
f 2908/2990/2161 2736/2991/2021 2741/2988/2026 
f 2908/2990/2161 2907/2989/2160 2909/2992/2160 
f 2909/2992/2160 2910/2993/2162 2908/2990/2161 
f 2736/2991/2021 2908/2990/2161 2910/2993/2162 
f 2910/2993/2162 2731/2994/2016 2736/2991/2021 
f 2910/2993/2162 2909/2992/2160 2911/2995/2163 
f 2911/2995/2163 2912/2996/2164 2910/2993/2162 
f 2731/2994/2016 2910/2993/2162 2912/2996/2164 
f 2912/2996/2164 2726/2997/2012 2731/2994/2016 
f 2912/2996/2164 2911/2995/2163 2913/2998/2165 
f 2913/2998/2165 2914/2999/2166 2912/2996/2164 
f 2726/2997/2012 2912/2996/2164 2914/2999/2166 
f 2914/2999/2166 2721/3000/2009 2726/2997/2012 
f 2914/2999/2166 2913/2998/2165 2915/3001/2165 
f 2915/3001/2165 2916/3002/2167 2914/2999/2166 
f 2721/3000/2009 2914/2999/2166 2916/3002/2167 
f 2916/3002/2167 2716/3003/2005 2721/3000/2009 
f 2916/3002/2167 2915/3001/2165 2917/3004/2168 
f 2917/3004/2168 2918/3005/2169 2916/3002/2167 
f 2716/3003/2005 2916/3002/2167 2918/3005/2169 
f 2918/3005/2169 2709/3006/1998 2716/3003/2005 
f 2918/3005/2169 2917/3004/2168 2919/3007/2168 
f 2919/3007/2168 2920/3008/2170 2918/3005/2169 
f 2709/3006/1998 2918/3005/2169 2920/3008/2170 
f 2920/3008/2170 2706/3009/1996 2709/3006/1998 
f 1442/1878/1165 1445/1881/1168 2921/3010/2171 
f 2921/3010/2171 2922/3011/2172 1442/1878/1165 
f 1219/1882/971 1442/1878/1165 2922/3011/2172 
f 2922/3011/2172 2701/3012/1992 1219/1882/971 
f 2922/3011/2172 2921/3010/2171 2923/3013/2171 
f 2923/3013/2171 2924/3014/2173 2922/3011/2172 
f 2701/3012/1992 2922/3011/2172 2924/3014/2173 
f 2924/3014/2173 2696/3015/1987 2701/3012/1992 
f 2924/3014/2173 2923/3013/2171 2925/3016/2174 
f 2925/3016/2174 2926/3017/2175 2924/3014/2173 
f 2696/3015/1987 2924/3014/2173 2926/3017/2175 
f 2926/3017/2175 2691/3018/1983 2696/3015/1987 
f 2926/3017/2175 2925/3016/2174 2927/3019/2174 
f 2927/3019/2174 2928/3020/2176 2926/3017/2175 
f 2691/3018/1983 2926/3017/2175 2928/3020/2176 
f 2928/3020/2176 2686/3021/1980 2691/3018/1983 
f 2928/3020/2176 2927/3019/2174 2929/3022/2177 
f 2929/3022/2177 2930/3023/2178 2928/3020/2176 
f 2686/3021/1980 2928/3020/2176 2930/3023/2178 
f 2930/3023/2178 2681/3024/1976 2686/3021/1980 
f 2930/3023/2178 2929/3022/2177 2931/3025/2179 
f 2931/3025/2179 2932/3026/2180 2930/3023/2178 
f 2681/3024/1976 2930/3023/2178 2932/3026/2180 
f 2932/3026/2180 2676/3027/1971 2681/3024/1976 
f 2932/3026/2180 2931/3025/2179 2933/3028/2179 
f 2933/3028/2179 2934/3029/2181 2932/3026/2180 
f 2676/3027/1971 2932/3026/2180 2934/3029/2181 
f 2934/3029/2181 2671/3030/1966 2676/3027/1971 
f 2934/3029/2181 2933/3028/2179 2935/3031/2182 
f 2935/3031/2182 2936/3031/2183 2934/3029/2181 
f 2671/3030/1966 2934/3029/2181 2936/3031/2183 
f 2936/3031/2183 2666/3032/1963 2671/3030/1966 
f 2936/3031/2183 2935/3031/2182 2937/3033/2182 
f 2937/3033/2182 2938/3034/2184 2936/3031/2183 
f 2666/3032/1963 2936/3031/2183 2938/3034/2184 
f 2938/3034/2184 2661/3035/1959 2666/3032/1963 
f 2938/3034/2184 2937/3033/2182 2939/3036/2185 
f 2939/3036/2185 2940/3037/2186 2938/3034/2184 
f 2661/3035/1959 2938/3034/2184 2940/3037/2186 
f 2940/3037/2186 2656/3038/1955 2661/3035/1959 
f 2940/3037/2186 2939/3036/2185 2941/3039/2185 
f 2941/3039/2185 2942/3040/2187 2940/3037/2186 
f 2656/3038/1955 2940/3037/2186 2942/3040/2187 
f 2942/3040/2187 2651/3041/1950 2656/3038/1955 
f 2942/3040/2187 2941/3039/2185 2943/3042/2188 
f 2943/3042/2188 2944/3043/2189 2942/3040/2187 
f 2651/3041/1950 2942/3040/2187 2944/3043/2189 
f 2944/3043/2189 2646/3044/1946 2651/3041/1950 
f 2944/3043/2189 2943/3042/2188 2945/3045/2188 
f 2945/3045/2188 2946/3046/2190 2944/3043/2189 
f 2646/3044/1946 2944/3043/2189 2946/3046/2190 
f 2946/3046/2190 2641/3047/1942 2646/3044/1946 
f 2946/3046/2190 2945/3045/2188 2947/3048/2191 
f 2947/3048/2191 2948/3049/2192 2946/3046/2190 
f 2641/3047/1942 2946/3046/2190 2948/3049/2192 
f 2948/3049/2192 2636/3050/1938 2641/3047/1942 
f 2948/3049/2192 2947/3048/2191 2949/3051/2193 
f 2949/3051/2193 2950/3052/2194 2948/3049/2192 
f 2636/3050/1938 2948/3049/2192 2950/3052/2194 
f 2950/3052/2194 2631/3053/1933 2636/3050/1938 
f 2950/3052/2194 2949/3051/2193 2951/3054/2195 
f 2951/3054/2195 2952/3055/2196 2950/3052/2194 
f 2631/3053/1933 2950/3052/2194 2952/3055/2196 
f 2952/3055/2196 2626/3056/1929 2631/3053/1933 
f 2952/3055/2196 2951/3054/2195 2953/3057/2197 
f 2953/3057/2197 2954/3058/2198 2952/3055/2196 
f 2626/3056/1929 2952/3055/2196 2954/3058/2198 
f 2954/3058/2198 2621/3059/1924 2626/3056/1929 
f 2954/3058/2198 2953/3057/2197 2955/3060/2199 
f 2955/3060/2199 2956/3061/2200 2954/3058/2198 
f 2621/3059/1924 2954/3058/2198 2956/3061/2200 
f 2956/3061/2200 2616/3062/1920 2621/3059/1924 
f 2956/3061/2200 2955/3060/2199 2957/3063/2201 
f 2957/3063/2201 2958/3064/2202 2956/3061/2200 
f 2616/3062/1920 2956/3061/2200 2958/3064/2202 
f 2958/3064/2202 2611/3065/1916 2616/3062/1920 
f 2958/3064/2202 2957/3063/2201 2959/3066/2201 
f 2959/3066/2201 2960/3067/2203 2958/3064/2202 
f 2611/3065/1916 2958/3064/2202 2960/3067/2203 
f 2960/3067/2203 2606/3068/1912 2611/3065/1916 
f 2960/3067/2203 2959/3066/2201 2961/3069/2204 
f 2961/3069/2204 2962/3070/2205 2960/3067/2203 
f 2606/3068/1912 2960/3067/2203 2962/3070/2205 
f 2962/3070/2205 2601/3071/1908 2606/3068/1912 
f 2962/3070/2205 2961/3069/2204 2963/3072/2204 
f 2963/3072/2204 2964/3073/2206 2962/3070/2205 
f 2601/3071/1908 2962/3070/2205 2964/3073/2206 
f 2964/3073/2206 2596/3074/1905 2601/3071/1908 
f 2964/3073/2206 2963/3072/2204 2965/3075/2207 
f 2965/3075/2207 2966/3076/2208 2964/3073/2206 
f 2596/3074/1905 2964/3073/2206 2966/3076/2208 
f 2966/3076/2208 2591/3077/1900 2596/3074/1905 
f 2966/3076/2208 2965/3075/2207 2967/3078/2207 
f 2967/3078/2207 2968/3078/2209 2966/3076/2208 
f 2591/3077/1900 2966/3076/2208 2968/3078/2209 
f 2968/3078/2209 2586/3079/1896 2591/3077/1900 
f 2968/3078/2209 2967/3078/2207 2969/3080/2210 
f 2969/3080/2210 2970/3081/2211 2968/3078/2209 
f 2586/3079/1896 2968/3078/2209 2970/3081/2211 
f 2970/3081/2211 2581/3082/1892 2586/3079/1896 
f 2970/3081/2211 2969/3080/2210 2971/3083/2210 
f 2971/3083/2210 2972/3084/2212 2970/3081/2211 
f 2581/3082/1892 2970/3081/2211 2972/3084/2212 
f 2972/3084/2212 2576/3085/1888 2581/3082/1892 
f 2972/3084/2212 2971/3083/2210 2973/3086/2213 
f 2973/3086/2213 2974/3087/2214 2972/3084/2212 
f 2576/3085/1888 2972/3084/2212 2974/3087/2214 
f 2974/3087/2214 2571/3088/1884 2576/3085/1888 
f 2974/3087/2214 2973/3086/2213 2975/3089/2215 
f 2975/3089/2215 2976/3090/2216 2974/3087/2214 
f 2571/3088/1884 2974/3087/2214 2976/3090/2216 
f 2976/3090/2216 2566/3091/1880 2571/3088/1884 
f 2976/3090/2216 2975/3089/2215 2977/3092/2215 
f 2977/3092/2215 2978/3093/2217 2976/3090/2216 
f 2566/3091/1880 2976/3090/2216 2978/3093/2217 
f 2978/3093/2217 2561/3094/1876 2566/3091/1880 
f 2978/3093/2217 2977/3092/2215 2979/3095/2218 
f 2979/3095/2218 2980/3096/2219 2978/3093/2217 
f 2561/3094/1876 2978/3093/2217 2980/3096/2219 
f 2980/3096/2219 2556/3097/1871 2561/3094/1876 
f 2980/3096/2219 2979/3095/2218 2981/3098/2218 
f 2981/3098/2218 2982/3099/2220 2980/3096/2219 
f 2556/3097/1871 2980/3096/2219 2982/3099/2220 
f 2982/3099/2220 2549/3100/1865 2556/3097/1871 
f 2982/3099/2220 2981/3098/2218 2983/3101/2221 
f 2983/3101/2221 2984/3102/2222 2982/3099/2220 
f 2549/3100/1865 2982/3099/2220 2984/3102/2222 
f 2984/3102/2222 2548/3103/1864 2549/3100/1865 
f 2984/3102/2222 2983/3101/2221 2860/2920/2122 
f 2860/2920/2122 2859/2919/2121 2984/3102/2222 
f 2548/3103/1864 2984/3102/2222 2859/2919/2121 
f 2859/2919/2121 2856/2923/2118 2548/3103/1864 
f 2985/3104/2223 2986/3105/2224 2987/3106/2225 
f 2987/3106/2225 2988/3107/2226 2985/3104/2223 
f 2553/3108/1869 2985/3104/2223 2988/3107/2226 
f 2988/3107/2226 2552/3109/1868 2553/3108/1869 
f 2988/3107/2226 2987/3106/2225 2989/3110/2225 
f 2989/3110/2225 2990/3111/2227 2988/3107/2226 
f 2552/3109/1868 2988/3107/2226 2990/3111/2227 
f 2990/3111/2227 2558/3112/1873 2552/3109/1868 
f 2990/3111/2227 2989/3110/2225 2991/3113/2228 
f 2991/3113/2228 2992/3114/2229 2990/3111/2227 
f 2558/3112/1873 2990/3111/2227 2992/3114/2229 
f 2992/3114/2229 2563/3115/1878 2558/3112/1873 
f 2992/3114/2229 2991/3113/2228 2993/3116/2228 
f 2993/3116/2228 2994/3117/2230 2992/3114/2229 
f 2563/3115/1878 2992/3114/2229 2994/3117/2230 
f 2994/3117/2230 2568/3118/1689 2563/3115/1878 
f 2994/3117/2230 2993/3116/2228 2995/3119/2231 
f 2995/3119/2231 2996/3120/2232 2994/3117/2230 
f 2568/3118/1689 2994/3117/2230 2996/3120/2232 
f 2996/3120/2232 2573/3121/1886 2568/3118/1689 
f 2996/3120/2232 2995/3119/2231 2997/3122/2233 
f 2997/3122/2233 2998/3123/2234 2996/3120/2232 
f 2573/3121/1886 2996/3120/2232 2998/3123/2234 
f 2998/3123/2234 2578/3124/1890 2573/3121/1886 
f 2998/3123/2234 2997/3122/2233 2999/3125/2233 
f 2999/3125/2233 3000/3126/2235 2998/3123/2234 
f 2578/3124/1890 2998/3123/2234 3000/3126/2235 
f 3000/3126/2235 2583/3127/1894 2578/3124/1890 
f 3000/3126/2235 2999/3125/2233 3001/3128/2236 
f 3001/3128/2236 3002/3128/2237 3000/3126/2235 
f 2583/3127/1894 3000/3126/2235 3002/3128/2237 
f 3002/3128/2237 2588/3129/1693 2583/3127/1894 
f 3002/3128/2237 3001/3128/2236 3003/3130/2236 
f 3003/3130/2236 3004/3131/2238 3002/3128/2237 
f 2588/3129/1693 3002/3128/2237 3004/3131/2238 
f 3004/3131/2238 2593/3132/1902 2588/3129/1693 
f 3004/3131/2238 3003/3130/2236 3005/3133/2239 
f 3005/3133/2239 3006/3134/2240 3004/3131/2238 
f 2593/3132/1902 3004/3131/2238 3006/3134/2240 
f 3006/3134/2240 2598/3135/1695 2593/3132/1902 
f 3006/3134/2240 3005/3133/2239 3007/3136/2239 
f 3007/3136/2239 3008/3137/2241 3006/3134/2240 
f 2598/3135/1695 3006/3134/2240 3008/3137/2241 
f 3008/3137/2241 2603/3138/1910 2598/3135/1695 
f 3008/3137/2241 3007/3136/2239 3009/3139/2242 
f 3009/3139/2242 3010/3140/2243 3008/3137/2241 
f 2603/3138/1910 3008/3137/2241 3010/3140/2243 
f 3010/3140/2243 2608/3141/1697 2603/3138/1910 
f 3010/3140/2243 3009/3139/2242 3011/3142/2242 
f 3011/3142/2242 3012/3143/2244 3010/3140/2243 
f 2608/3141/1697 3010/3140/2243 3012/3143/2244 
f 3012/3143/2244 2613/3144/1918 2608/3141/1697 
f 3012/3143/2244 3011/3142/2242 3013/3145/2245 
f 3013/3145/2245 3014/3146/2246 3012/3143/2244 
f 2613/3144/1918 3012/3143/2244 3014/3146/2246 
f 3014/3146/2246 2618/3147/1922 2613/3144/1918 
f 3014/3146/2246 3013/3145/2245 3015/3148/2247 
f 3015/3148/2247 3016/3149/2248 3014/3146/2246 
f 2618/3147/1922 3014/3146/2246 3016/3149/2248 
f 3016/3149/2248 2623/3150/1926 2618/3147/1922 
f 3016/3149/2248 3015/3148/2247 3017/3151/2249 
f 3017/3151/2249 3018/3152/2250 3016/3149/2248 
f 2623/3150/1926 3016/3149/2248 3018/3152/2250 
f 3018/3152/2250 2628/3153/1701 2623/3150/1926 
f 3018/3152/2250 3017/3151/2249 3019/3154/2251 
f 3019/3154/2251 3020/3155/2252 3018/3152/2250 
f 2628/3153/1701 3018/3152/2250 3020/3155/2252 
f 3020/3155/2252 2633/3156/1935 2628/3153/1701 
f 3020/3155/2252 3019/3154/2251 3021/3157/2253 
f 3021/3157/2253 3022/3158/2254 3020/3155/2252 
f 2633/3156/1935 3020/3155/2252 3022/3158/2254 
f 3022/3158/2254 2638/3159/1940 2633/3156/1935 
f 3022/3158/2254 3021/3157/2253 3023/3160/2255 
f 3023/3160/2255 3024/3161/2256 3022/3158/2254 
f 2638/3159/1940 3022/3158/2254 3024/3161/2256 
f 3024/3161/2256 2643/3162/1944 2638/3159/1940 
f 3024/3161/2256 3023/3160/2255 3025/3163/2255 
f 3025/3163/2255 3026/3164/2257 3024/3161/2256 
f 2643/3162/1944 3024/3161/2256 3026/3164/2257 
f 3026/3164/2257 2648/3165/1705 2643/3162/1944 
f 3026/3164/2257 3025/3163/2255 3027/3166/2258 
f 3027/3166/2258 3028/3167/2259 3026/3164/2257 
f 2648/3165/1705 3026/3164/2257 3028/3167/2259 
f 3028/3167/2259 2653/3168/1952 2648/3165/1705 
f 3028/3167/2259 3027/3166/2258 3029/3169/2258 
f 3029/3169/2258 3030/3170/2260 3028/3167/2259 
f 2653/3168/1952 3028/3167/2259 3030/3170/2260 
f 3030/3170/2260 2658/3171/1707 2653/3168/1952 
f 3030/3170/2260 3029/3169/2258 3031/3172/2261 
f 3031/3172/2261 3032/3173/2262 3030/3170/2260 
f 2658/3171/1707 3030/3170/2260 3032/3173/2262 
f 3032/3173/2262 2663/3174/1961 2658/3171/1707 
f 3032/3173/2262 3031/3172/2261 3033/3175/2261 
f 3033/3175/2261 3034/3175/2263 3032/3173/2262 
f 2663/3174/1961 3032/3173/2262 3034/3175/2263 
f 3034/3175/2263 2668/3176/1709 2663/3174/1961 
f 3034/3175/2263 3033/3175/2261 3035/3177/2264 
f 3035/3177/2264 3036/3178/2265 3034/3175/2263 
f 2668/3176/1709 3034/3175/2263 3036/3178/2265 
f 3036/3178/2265 2673/3179/1968 2668/3176/1709 
f 3036/3178/2265 3035/3177/2264 3037/3180/2264 
f 3037/3180/2264 3038/3181/2266 3036/3178/2265 
f 2673/3179/1968 3036/3178/2265 3038/3181/2266 
f 3038/3181/2266 2678/3182/1973 2673/3179/1968 
f 3038/3181/2266 3037/3180/2264 3039/3183/2267 
f 3039/3183/2267 3040/3184/2268 3038/3181/2266 
f 2678/3182/1973 3038/3181/2266 3040/3184/2268 
f 3040/3184/2268 2683/3185/1978 2678/3182/1973 
f 3040/3184/2268 3039/3183/2267 3041/3186/2269 
f 3041/3186/2269 3042/3187/2270 3040/3184/2268 
f 2683/3185/1978 3040/3184/2268 3042/3187/2270 
f 3042/3187/2270 2688/3188/1713 2683/3185/1978 
f 3042/3187/2270 3041/3186/2269 3043/3189/2269 
f 3043/3189/2269 3044/3190/2271 3042/3187/2270 
f 2688/3188/1713 3042/3187/2270 3044/3190/2271 
f 3044/3190/2271 2693/3191/1985 2688/3188/1713 
f 3044/3190/2271 3043/3189/2269 3045/3192/2272 
f 3045/3192/2272 3046/3193/2273 3044/3190/2271 
f 2693/3191/1985 3044/3190/2271 3046/3193/2273 
f 3046/3193/2273 2698/3194/1989 2693/3191/1985 
f 3046/3193/2273 3045/3192/2272 3047/3195/2272 
f 3047/3195/2272 3048/3196/2274 3046/3193/2273 
f 2698/3194/1989 3046/3193/2273 3048/3196/2274 
f 3048/3196/2274 2703/3197/1994 2698/3194/1989 
f 3048/3196/2274 3047/3195/2272 1573/2070/1272 
f 1573/2070/1272 1572/2069/1271 3048/3196/2274 
f 2703/3197/1994 3048/3196/2274 1572/2069/1271 
f 1572/2069/1271 1221/2071/973 2703/3197/1994 
f 3049/3198/2275 1577/2075/1276 1576/2074/1275 
f 1576/2074/1275 3050/3199/2276 3049/3198/2275 
f 2713/3200/2002 1578/2077/1277 1577/2075/1276 
f 1577/2075/1276 3049/3198/2275 2713/3200/2002 
f 3049/3198/2275 3050/3199/2276 3051/3201/2276 
f 3051/3201/2276 3052/3202/2277 3049/3198/2275 
f 2713/3200/2002 3049/3198/2275 3052/3202/2277 
f 3052/3202/2277 2712/3203/2001 2713/3200/2002 
f 3052/3202/2277 3051/3201/2276 3053/3204/2278 
f 3053/3204/2278 3054/3205/2279 3052/3202/2277 
f 2712/3203/2001 3052/3202/2277 3054/3205/2279 
f 3054/3205/2279 2718/3206/2007 2712/3203/2001 
f 3054/3205/2279 3053/3204/2278 3055/3207/2278 
f 3055/3207/2278 3056/3208/2280 3054/3205/2279 
f 2718/3206/2007 3054/3205/2279 3056/3208/2280 
f 3056/3208/2280 2723/3209/1767 2718/3206/2007 
f 3056/3208/2280 3055/3207/2278 3057/3210/2281 
f 3057/3210/2281 3058/3211/2282 3056/3208/2280 
f 2723/3209/1767 3056/3208/2280 3058/3211/2282 
f 3058/3211/2282 2728/3212/2014 2723/3209/1767 
f 3058/3211/2282 3057/3210/2281 3059/3213/2283 
f 3059/3213/2283 3060/3214/2284 3058/3211/2282 
f 2728/3212/2014 3058/3211/2282 3060/3214/2284 
f 3060/3214/2284 2733/3215/2018 2728/3212/2014 
f 3060/3214/2284 3059/3213/2283 3061/3216/2283 
f 3061/3216/2283 3062/3217/2285 3060/3214/2284 
f 2733/3215/2018 3060/3214/2284 3062/3217/2285 
f 3062/3217/2285 2738/3218/2023 2733/3215/2018 
f 3062/3217/2285 3061/3216/2283 3063/3219/2286 
f 3063/3219/2286 3064/3219/2287 3062/3217/2285 
f 2738/3218/2023 3062/3217/2285 3064/3219/2287 
f 3064/3219/2287 2743/3220/1771 2738/3218/2023 
f 3064/3219/2287 3063/3219/2286 3065/3221/2286 
f 3065/3221/2286 3066/3222/2288 3064/3219/2287 
f 2743/3220/1771 3064/3219/2287 3066/3222/2288 
f 3066/3222/2288 2748/3223/2032 2743/3220/1771 
f 3066/3222/2288 3065/3221/2286 3067/3224/2289 
f 3067/3224/2289 3068/3225/2290 3066/3222/2288 
f 2748/3223/2032 3066/3222/2288 3068/3225/2290 
f 3068/3225/2290 2753/3226/1773 2748/3223/2032 
f 3068/3225/2290 3067/3224/2289 3069/3227/2289 
f 3069/3227/2289 3070/3228/2291 3068/3225/2290 
f 2753/3226/1773 3068/3225/2290 3070/3228/2291 
f 3070/3228/2291 2758/3229/2040 2753/3226/1773 
f 3070/3228/2291 3069/3227/2289 3071/3230/2292 
f 3071/3230/2292 3072/3231/2293 3070/3228/2291 
f 2758/3229/2040 3070/3228/2291 3072/3231/2293 
f 3072/3231/2293 2763/3232/1775 2758/3229/2040 
f 3072/3231/2293 3071/3230/2292 3073/3233/2292 
f 3073/3233/2292 3074/3234/2294 3072/3231/2293 
f 2763/3232/1775 3072/3231/2293 3074/3234/2294 
f 3074/3234/2294 2768/3235/2048 2763/3232/1775 
f 3074/3234/2294 3073/3233/2292 3075/3236/2295 
f 3075/3236/2295 3076/3237/2296 3074/3234/2294 
f 2768/3235/2048 3074/3234/2294 3076/3237/2296 
f 3076/3237/2296 2773/3238/2052 2768/3235/2048 
f 3076/3237/2296 3075/3236/2295 3077/3239/2297 
f 3077/3239/2297 3078/3240/2298 3076/3237/2296 
f 2773/3238/2052 3076/3237/2296 3078/3240/2298 
f 3078/3240/2298 2778/3241/2057 2773/3238/2052 
f 3078/3240/2298 3077/3239/2297 3079/3242/2299 
f 3079/3242/2299 3080/3243/2300 3078/3240/2298 
f 2778/3241/2057 3078/3240/2298 3080/3243/2300 
f 3080/3243/2300 2783/3244/1779 2778/3241/2057 
f 3080/3243/2300 3079/3242/2299 3081/3245/2301 
f 3081/3245/2301 3082/3246/2302 3080/3243/2300 
f 2783/3244/1779 3080/3243/2300 3082/3246/2302 
f 3082/3246/2302 2788/3247/2064 2783/3244/1779 
f 3082/3246/2302 3081/3245/2301 3083/3248/2303 
f 3083/3248/2303 3084/3249/2304 3082/3246/2302 
f 2788/3247/2064 3082/3246/2302 3084/3249/2304 
f 3084/3249/2304 2793/3250/2068 2788/3247/2064 
f 3084/3249/2304 3083/3248/2303 3085/3251/2305 
f 3085/3251/2305 3086/3252/2306 3084/3249/2304 
f 2793/3250/2068 3084/3249/2304 3086/3252/2306 
f 3086/3252/2306 2798/3253/2072 2793/3250/2068 
f 3086/3252/2306 3085/3251/2305 3087/3254/2305 
f 3087/3254/2305 3088/3255/2307 3086/3252/2306 
f 2798/3253/2072 3086/3252/2306 3088/3255/2307 
f 3088/3255/2307 2803/3256/1783 2798/3253/2072 
f 3088/3255/2307 3087/3254/2305 3089/3257/2308 
f 3089/3257/2308 3090/3258/2309 3088/3255/2307 
f 2803/3256/1783 3088/3255/2307 3090/3258/2309 
f 3090/3258/2309 2808/3259/2080 2803/3256/1783 
f 3090/3258/2309 3089/3257/2308 3091/3260/2308 
f 3091/3260/2308 3092/3261/2310 3090/3258/2309 
f 2808/3259/2080 3090/3258/2309 3092/3261/2310 
f 3092/3261/2310 2813/3262/1785 2808/3259/2080 
f 3092/3261/2310 3091/3260/2308 3093/3263/2311 
f 3093/3263/2311 3094/3264/2312 3092/3261/2310 
f 2813/3262/1785 3092/3261/2310 3094/3264/2312 
f 3094/3264/2312 2818/3265/2087 2813/3262/1785 
f 3094/3264/2312 3093/3263/2311 3095/3266/2311 
f 3095/3266/2311 3096/3266/2313 3094/3264/2312 
f 2818/3265/2087 3094/3264/2312 3096/3266/2313 
f 3096/3266/2313 2823/3267/1787 2818/3265/2087 
f 3096/3266/2313 3095/3266/2311 3097/3268/2314 
f 3097/3268/2314 3098/3269/2315 3096/3266/2313 
f 2823/3267/1787 3096/3266/2313 3098/3269/2315 
f 3098/3269/2315 2828/3270/2095 2823/3267/1787 
f 3098/3269/2315 3097/3268/2314 3099/3271/2314 
f 3099/3271/2314 3100/3272/2316 3098/3269/2315 
f 2828/3270/2095 3098/3269/2315 3100/3272/2316 
f 3100/3272/2316 2833/3273/2099 2828/3270/2095 
f 3100/3272/2316 3099/3271/2314 3101/3274/2317 
f 3101/3274/2317 3102/3275/2318 3100/3272/2316 
f 2833/3273/2099 3100/3272/2316 3102/3275/2318 
f 3102/3275/2318 2838/3276/2103 2833/3273/2099 
f 3102/3275/2318 3101/3274/2317 3103/3277/2319 
f 3103/3277/2319 3104/3278/2320 3102/3275/2318 
f 2838/3276/2103 3102/3275/2318 3104/3278/2320 
f 3104/3278/2320 2843/3279/1791 2838/3276/2103 
f 3104/3278/2320 3103/3277/2319 3105/3280/2319 
f 3105/3280/2319 3106/3281/2321 3104/3278/2320 
f 2843/3279/1791 3104/3278/2320 3106/3281/2321 
f 3106/3281/2321 2848/3282/2110 2843/3279/1791 
f 3106/3281/2321 3105/3280/2319 3107/3283/2322 
f 3107/3283/2322 3108/3284/2323 3106/3281/2321 
f 2848/3282/2110 3106/3281/2321 3108/3284/2323 
f 3108/3284/2323 2853/3285/2115 2848/3282/2110 
f 3108/3284/2323 3107/3283/2322 3109/3286/2322 
f 3109/3286/2322 3110/3287/2324 3108/3284/2323 
f 2853/3285/2115 3108/3284/2323 3110/3287/2324 
f 3110/3287/2324 2858/3288/2120 2853/3285/2115 
f 3110/3287/2324 3109/3286/2322 2986/3105/2224 
f 2986/3105/2224 2985/3104/2223 3110/3287/2324 
f 2858/3288/2120 3110/3287/2324 2985/3104/2223 
f 2985/3104/2223 2553/3108/1869 2858/3288/2120 
f 3111/3289/130 3112/3290/130 3113/3291/130 
f 3114/3292/130 3115/3293/130 3116/3294/130 
f 3113/3291/130 3114/3292/130 3116/3294/130 
f 3113/3291/130 3116/3294/130 3117/3295/130 
f 3113/3291/130 3117/3295/130 3118/3296/130 
f 3113/3291/130 3118/3296/130 3119/3297/130 
f 3120/3298/130 3121/3299/130 1640/2167/130 
f 3122/3300/130 3120/3298/130 1640/2167/130 
f 3123/3301/130 3122/3300/130 1640/2167/130 
f 3124/3302/130 3123/3301/130 1640/2167/130 
f 3125/3303/130 3124/3302/130 1640/2167/130 
f 3126/3304/130 3125/3303/130 1640/2167/130 
f 3127/3305/130 3126/3304/130 1640/2167/130 
f 3128/3306/130 3127/3305/130 1640/2167/130 
f 1640/2167/130 1639/2166/130 3129/3307/130 
f 3129/3307/130 3130/3308/130 3131/3309/130 
f 1640/2167/130 3129/3307/130 3131/3309/130 
f 3131/3309/130 3132/3310/130 3133/3311/130 
f 3133/3311/130 3134/3312/130 3135/3313/130 
f 3131/3309/130 3133/3311/130 3135/3313/130 
f 1640/2167/130 3131/3309/130 3135/3313/130 
f 3135/3313/130 3136/3314/130 3137/3315/130 
f 3137/3315/130 3138/3316/130 3139/3317/130 
f 3135/3313/130 3137/3315/130 3139/3317/130 
f 3139/3317/130 3140/3318/130 3141/3319/130 
f 3141/3319/130 3142/3157/130 3143/3154/130 
f 3139/3317/130 3141/3319/130 3143/3154/130 
f 3135/3313/130 3139/3317/130 3143/3154/130 
f 1640/2167/130 3135/3313/130 3143/3154/130 
f 3128/3306/130 1640/2167/130 3143/3154/130 
f 3144/3320/130 3128/3306/130 3143/3154/130 
f 3145/3321/130 3144/3320/130 3143/3154/130 
f 3146/3322/130 3145/3321/130 3143/3154/130 
f 3147/3323/130 3146/3322/130 3143/3154/130 
f 3148/3324/130 3147/3323/130 3143/3154/130 
f 3149/3325/130 3148/3324/130 3143/3154/130 
f 3150/3326/130 3149/3325/130 3143/3154/130 
f 3151/3327/130 3150/3326/130 3143/3154/130 
f 3152/3328/130 3151/3327/130 3143/3154/130 
f 3153/3329/130 3152/3328/130 3143/3154/130 
f 3154/3330/130 3153/3329/130 3143/3154/130 
f 3155/3331/130 3154/3330/130 3143/3154/130 
f 3156/3332/130 3155/3331/130 3143/3154/130 
f 3157/3333/130 3156/3332/130 3143/3154/130 
f 3158/3334/130 3157/3333/130 3143/3154/130 
f 3159/3335/130 3158/3334/130 3143/3154/130 
f 3160/3336/130 3159/3335/130 3143/3154/130 
f 3161/3337/130 3160/3336/130 3143/3154/130 
f 3162/3338/130 3161/3337/130 3143/3154/130 
f 3119/3297/130 3162/3338/130 3143/3154/130 
f 3113/3291/130 3119/3297/130 3143/3154/130 
f 3143/3154/130 3163/3339/130 3164/3148/130 
f 3164/3148/130 3165/3145/130 3166/3340/130 
f 3143/3154/130 3164/3148/130 3166/3340/130 
f 3166/3340/130 3167/3341/130 3168/3342/130 
f 3168/3342/130 3169/3343/130 3170/3344/130 
f 3166/3340/130 3168/3342/130 3170/3344/130 
f 3143/3154/130 3166/3340/130 3170/3344/130 
f 3113/3291/130 3143/3154/130 3170/3344/130 
f 3170/3344/130 3171/3345/130 3172/3346/130 
f 3172/3346/130 3173/3347/130 3174/3348/130 
f 3170/3344/130 3172/3346/130 3174/3348/130 
f 3113/3291/130 3170/3344/130 3174/3348/130 
f 3111/3289/130 3113/3291/130 3174/3348/130 
f 3111/3289/130 3174/3348/130 3175/3349/130 
f 1725/2248/1 1717/2240/1 3176/3350/1 
f 1725/2248/1 3176/3350/1 3177/3351/1 
f 1725/2248/1 3177/3351/1 3178/3352/1 
f 1725/2248/1 3178/3352/1 3179/3353/1 
f 1725/2248/1 3179/3353/1 3180/3354/1 
f 1725/2248/1 3180/3354/1 3181/3355/1 
f 1725/2248/1 3181/3355/1 3182/3356/1 
f 1725/2248/1 3182/3356/1 3183/3357/1 
f 1725/2248/1 3183/3357/1 3184/3358/1 
f 1725/2248/1 3184/3358/1 3185/3359/1 
f 1725/2248/1 3185/3359/1 3186/3360/1 
f 1725/2248/1 3186/3360/1 3187/3361/1 
f 1725/2248/1 3187/3361/1 3188/3362/1 
f 1725/2248/1 3188/3362/1 3189/3363/1 
f 1725/2248/1 3189/3363/1 3190/3364/1 
f 1725/2248/1 3190/3364/1 3191/3365/1 
f 1725/2248/1 3191/3365/1 3192/3366/1 
f 1725/2248/1 3192/3366/1 3193/3367/1 
f 3194/3368/1 3195/3369/1 3196/3370/1 
f 3197/3371/1 3194/3368/1 3196/3370/1 
f 3198/3372/1 3197/3371/1 3196/3370/1 
f 3199/3373/1 3198/3372/1 3196/3370/1 
f 3200/3374/1 3199/3373/1 3196/3370/1 
f 3201/3375/1 3200/3374/1 3196/3370/1 
f 3202/3376/1 3201/3375/1 3196/3370/1 
f 3203/3377/1 3202/3376/1 3196/3370/1 
f 3204/3378/1 3203/3377/1 3196/3370/1 
f 3205/3379/1 3204/3378/1 3196/3370/1 
f 3206/3380/1 3205/3379/1 3196/3370/1 
f 3207/3381/1 3206/3380/1 3196/3370/1 
f 3208/3382/1 3207/3381/1 3196/3370/1 
f 3209/3383/1 3208/3382/1 3196/3370/1 
f 3193/3367/1 3209/3383/1 3196/3370/1 
f 1725/2248/1 3193/3367/1 3196/3370/1 
f 3196/3370/1 3210/3384/1 3211/3385/1 
f 3211/3385/1 3212/3386/1 3213/3387/1 
f 3196/3370/1 3211/3385/1 3213/3387/1 
f 3213/3387/1 3214/3388/1 3215/3389/1 
f 3215/3389/1 3216/3390/1 3217/3391/1 
f 3213/3387/1 3215/3389/1 3217/3391/1 
f 3196/3370/1 3213/3387/1 3217/3391/1 
f 3217/3391/1 3218/3392/1 3219/3393/1 
f 3219/3393/1 3220/3394/1 3221/3395/1 
f 3217/3391/1 3219/3393/1 3221/3395/1 
f 3221/3395/1 3222/3396/1 3223/3060/1 
f 3223/3060/1 3224/3057/1 3225/3397/1 
f 3221/3395/1 3223/3060/1 3225/3397/1 
f 3217/3391/1 3221/3395/1 3225/3397/1 
f 3196/3370/1 3217/3391/1 3225/3397/1 
f 1725/2248/1 3196/3370/1 3225/3397/1 
f 3225/3397/1 3226/3051/1 3227/3048/1 
f 3227/3048/1 3228/3398/1 3229/3399/1 
f 3225/3397/1 3227/3048/1 3229/3399/1 
f 3229/3399/1 3230/3400/1 3231/3401/1 
f 3231/3401/1 3232/3402/1 3233/3403/1 
f 3229/3399/1 3231/3401/1 3233/3403/1 
f 3225/3397/1 3229/3399/1 3233/3403/1 
f 1725/2248/1 3225/3397/1 3233/3403/1 
f 3233/3403/1 3234/3404/1 3235/3405/1 
f 3235/3405/1 3236/3406/1 3237/3407/1 
f 3233/3403/1 3235/3405/1 3237/3407/1 
f 1725/2248/1 3233/3403/1 3237/3407/1 
f 3237/3407/1 3238/3408/1 3239/3409/1 
f 1725/2248/1 3237/3407/1 3239/3409/1 
f 1725/2248/1 3239/3409/1 3240/3410/1 
s 2
f 3241/3411/128 3242/3412/128 3243/3413/3 
f 3243/3413/3 3244/3414/1334 3241/3411/128 
f 3245/3415/126 3246/3416/126 3242/3412/128 
f 3242/3412/128 3241/3411/128 3245/3415/126 
f 3247/3417/124 3248/3418/1089 3246/3416/126 
f 3246/3416/126 3245/3415/126 3247/3417/124 
f 3249/3419/1333 3250/3420/1333 3248/3418/1089 
f 3248/3418/1089 3247/3417/124 3249/3419/1333 
f 3251/3421/1071 3252/3422/1071 3250/3420/1333 
f 3250/3420/1333 3249/3419/1333 3251/3421/1071 
f 3253/3423/1061 3254/3424/1061 3252/3422/1071 
f 3252/3422/1071 3251/3421/1071 3253/3423/1061 
f 3255/3425/1332 3256/3426/116 3254/3424/1061 
f 3254/3424/1061 3253/3423/1061 3255/3425/1332 
f 3257/3427/114 3258/3428/114 3256/3426/116 
f 3256/3426/116 3255/3425/1332 3257/3427/114 
f 3259/2728/112 3260/2725/112 3258/2726/114 
f 3258/2726/114 3257/2727/114 3259/2728/112 
f 3261/2730/110 3262/2729/110 3260/2725/112 
f 3260/2725/112 3259/2728/112 3261/2730/110 
f 3263/2732/108 3264/2731/108 3262/2729/110 
f 3262/2729/110 3261/2730/110 3263/2732/108 
f 3265/2734/106 3266/2733/106 3264/2731/108 
f 3264/2731/108 3263/2732/108 3265/2734/106 
f 3267/2736/104 3268/2735/104 3266/2733/106 
f 3266/2733/106 3265/2734/106 3267/2736/104 
f 3269/3429/102 3270/3430/102 3268/2735/104 
f 3268/2735/104 3267/2736/104 3269/3429/102 
f 3271/2740/100 3272/2739/100 3270/3430/102 
f 3270/3430/102 3269/3429/102 3271/2740/100 
f 3273/2742/157 3274/2741/98 3272/2739/100 
f 3272/2739/100 3271/2740/100 3273/2742/157 
f 3275/2744/96 3276/2743/96 3274/2741/98 
f 3274/2741/98 3273/2742/157 3275/2744/96 
f 3277/3431/94 3278/3432/94 3276/2743/96 
f 3276/2743/96 3275/2744/96 3277/3431/94 
f 3279/2748/92 3280/2747/92 3278/3432/94 
f 3278/3432/94 3277/3431/94 3279/2748/92 
f 3281/2750/90 3282/2749/90 3280/2747/92 
f 3280/2747/92 3279/2748/92 3281/2750/90 
f 3283/2752/88 3284/2751/88 3282/2749/90 
f 3282/2749/90 3281/2750/90 3283/2752/88 
f 3285/2754/86 3286/2753/86 3284/2751/88 
f 3284/2751/88 3283/2752/88 3285/2754/86 
f 3287/2756/84 3288/2755/84 3286/2753/86 
f 3286/2753/86 3285/2754/86 3287/2756/84 
f 3289/2758/82 3290/2757/82 3288/2755/84 
f 3288/2755/84 3287/2756/84 3289/2758/82 
f 3291/3433/80 3292/3434/1331 3290/3435/82 
f 3290/3435/82 3289/3436/82 3291/3433/80 
f 3293/3437/1330 3294/3438/1330 3292/3434/1331 
f 3292/3434/1331 3291/3433/80 3293/3437/1330 
f 3295/3439/1329 3296/3440/1329 3294/3438/1330 
f 3294/3438/1330 3293/3437/1330 3295/3439/1329 
f 3297/3441/1328 3298/3442/1328 3296/3440/1329 
f 3296/3440/1329 3295/3439/1329 3297/3441/1328 
f 3299/3443/1327 3300/3444/72 3298/3442/1328 
f 3298/3442/1328 3297/3441/1328 3299/3443/1327 
f 3301/3445/70 3302/3446/70 3300/3444/72 
f 3300/3444/72 3299/3443/1327 3301/3445/70 
f 3303/3447/68 3304/3448/68 3302/3446/70 
f 3302/3446/70 3301/3445/70 3303/3447/68 
f 3305/3449/1326 3306/3450/66 3304/3448/68 
f 3304/3448/68 3303/3447/68 3305/3449/1326 
f 3307/3451/1338 3308/3452/1338 3306/3450/66 
f 3306/3450/66 3305/3449/1326 3307/3451/1338 
f 3309/3453/1337 3310/3454/1337 3308/3452/1338 
f 3308/3452/1338 3307/3451/1338 3309/3453/1337 
f 3311/3455/1336 3312/3456/60 3310/3454/1337 
f 3310/3454/1337 3309/3453/1337 3311/3455/1336 
f 3313/3457/58 3314/3458/58 3312/3456/60 
f 3312/3456/60 3311/3455/1336 3313/3457/58 
f 3315/3459/56 3316/3460/56 3314/3458/58 
f 3314/3458/58 3313/3457/58 3315/3459/56 
f 3317/3461/54 3318/3462/54 3316/3460/56 
f 3316/3460/56 3315/3459/56 3317/3461/54 
f 3319/3463/52 3320/3464/52 3318/3462/54 
f 3318/3462/54 3317/3461/54 3319/3463/52 
f 3321/3465/50 3322/3466/50 3320/3464/52 
f 3320/3464/52 3319/3463/52 3321/3465/50 
f 3323/2764/48 3324/2761/48 3322/2762/50 
f 3322/2762/50 3321/2763/50 3323/2764/48 
f 3325/2766/46 3326/2765/46 3324/2761/48 
f 3324/2761/48 3323/2764/48 3325/2766/46 
f 3327/2768/44 3328/2767/44 3326/2765/46 
f 3326/2765/46 3325/2766/46 3327/2768/44 
f 3329/2770/42 3330/2769/42 3328/2767/44 
f 3328/2767/44 3327/2768/44 3329/2770/42 
f 3331/2772/40 3332/2771/40 3330/2769/42 
f 3330/2769/42 3329/2770/42 3331/2772/40 
f 3333/3467/38 3334/3468/38 3332/2771/40 
f 3332/2771/40 3331/2772/40 3333/3467/38 
f 3335/2776/36 3336/2775/36 3334/3468/38 
f 3334/3468/38 3333/3467/38 3335/2776/36 
f 3337/2778/139 3338/2777/139 3336/2775/36 
f 3336/2775/36 3335/2776/36 3337/2778/139 
f 3339/2780/32 3340/2779/32 3338/2777/139 
f 3338/2777/139 3337/2778/139 3339/2780/32 
f 3341/3469/30 3342/3470/30 3340/2779/32 
f 3340/2779/32 3339/2780/32 3341/3469/30 
f 3343/2784/28 3344/2783/28 3342/3470/30 
f 3342/3470/30 3341/3469/30 3343/2784/28 
f 3345/2786/26 3346/2785/26 3344/2783/28 
f 3344/2783/28 3343/2784/28 3345/2786/26 
f 3347/2788/24 3348/2787/24 3346/2785/26 
f 3346/2785/26 3345/2786/26 3347/2788/24 
f 3349/2790/22 3350/2789/22 3348/2787/24 
f 3348/2787/24 3347/2788/24 3349/2790/22 
f 3351/2792/20 3352/2791/20 3350/2789/22 
f 3350/2789/22 3349/2790/22 3351/2792/20 
f 3353/2794/18 3354/2793/18 3352/2791/20 
f 3352/2791/20 3351/2792/20 3353/2794/18 
f 3355/3471/16 3356/3472/16 3354/3473/18 
f 3354/3473/18 3353/3474/18 3355/3471/16 
f 3357/3475/14 3358/3476/14 3356/3472/16 
f 3356/3472/16 3355/3471/16 3357/3475/14 
f 3359/3477/12 3360/3478/12 3358/3476/14 
f 3358/3476/14 3357/3475/14 3359/3477/12 
f 3361/3479/10 3362/3480/10 3360/3478/12 
f 3360/3478/12 3359/3477/12 3361/3479/10 
f 3363/3481/8 3364/3482/854 3362/3480/10 
f 3362/3480/10 3361/3479/10 3363/3481/8 
f 3365/3483/1335 3366/3484/1335 3364/3482/854 
f 3364/3482/854 3363/3481/8 3365/3483/1335 
f 3367/3485/835 3368/3486/835 3366/3484/1335 
f 3366/3484/1335 3365/3483/1335 3367/3485/835 
f 3244/3414/1334 3243/3413/3 3368/3486/835 
f 3368/3486/835 3367/3485/835 3244/3414/1334 
s 1
f 3369/3487/1350 3370/3488/1349 3241/3488/1349 
f 3241/3488/1349 3244/3487/1350 3369/3487/1350 
f 3370/3488/1349 3371/3489/1349 3245/3490/1349 
f 3245/3490/1349 3241/3488/1349 3370/3488/1349 
f 3371/3489/1349 3372/3491/1348 3247/3491/1348 
f 3247/3491/1348 3245/3490/1349 3371/3489/1349 
f 3372/3491/1348 3373/3492/1348 3249/3492/1348 
f 3249/3492/1348 3247/3491/1348 3372/3491/1348 
f 3373/3492/1348 3374/3493/1348 3251/3493/1348 
f 3251/3493/1348 3249/3492/1348 3373/3492/1348 
f 3374/3493/1348 3375/3494/1348 3253/3494/1348 
f 3253/3494/1348 3251/3493/1348 3374/3493/1348 
f 3375/3494/1348 3376/3495/1348 3255/3495/1348 
f 3255/3495/1348 3253/3494/1348 3375/3494/1348 
f 3376/3495/1348 3377/3496/1347 3257/3496/1347 
f 3257/3496/1347 3255/3495/1348 3376/3495/1348 
f 3377/3496/1347 3378/3497/1346 3259/3497/1346 
f 3259/3497/1346 3257/3496/1347 3377/3496/1347 
f 3378/3497/1346 3379/3498/1346 3261/3498/1346 
f 3261/3498/1346 3259/3497/1346 3378/3497/1346 
f 3379/3498/1346 3380/3499/1346 3263/3499/1346 
f 3263/3499/1346 3261/3498/1346 3379/3498/1346 
f 3380/3499/1346 3381/3500/1346 3265/3500/1346 
f 3265/3500/1346 3263/3499/1346 3380/3499/1346 
f 3381/3500/1346 3382/3501/1346 3267/3501/1346 
f 3267/3501/1346 3265/3500/1346 3381/3500/1346 
f 3382/3501/1346 3383/3502/1345 3269/3503/1345 
f 3269/3503/1345 3267/3501/1346 3382/3501/1346 
f 3383/3502/1345 3384/3504/1345 3271/3504/1345 
f 3271/3504/1345 3269/3503/1345 3383/3502/1345 
f 3384/3504/1345 3385/3505/1345 3273/3505/1345 
f 3273/3505/1345 3271/3504/1345 3384/3504/1345 
f 3385/3505/1345 3386/3506/1344 3275/3506/1344 
f 3275/3506/1344 3273/3505/1345 3385/3505/1345 
f 3386/3506/1344 3387/3507/1344 3277/3508/1344 
f 3277/3508/1344 3275/3506/1344 3386/3506/1344 
f 3387/3507/1344 3388/3509/1343 3279/3509/1343 
f 3279/3509/1343 3277/3508/1344 3387/3507/1344 
f 3388/3509/1343 3389/3510/1343 3281/3510/1343 
f 3281/3510/1343 3279/3509/1343 3388/3509/1343 
f 3389/3510/1343 3390/3511/1343 3283/3511/1343 
f 3283/3511/1343 3281/3510/1343 3389/3510/1343 
f 3390/3511/1343 3391/3512/1343 3285/3512/1343 
f 3285/3512/1343 3283/3511/1343 3390/3511/1343 
f 3391/3512/1343 3392/3513/1343 3287/3513/1343 
f 3287/3513/1343 3285/3512/1343 3391/3512/1343 
f 3392/3513/1343 3393/3514/1342 3289/3514/1342 
f 3289/3514/1342 3287/3513/1343 3392/3513/1343 
f 3393/3514/1342 3394/3515/1341 3291/3515/1341 
f 3291/3515/1341 3289/3514/1342 3393/3514/1342 
f 3394/3515/1341 3395/3516/1341 3293/3516/1341 
f 3293/3516/1341 3291/3515/1341 3394/3515/1341 
f 3395/3516/1341 3396/3517/1341 3295/3517/1341 
f 3295/3517/1341 3293/3516/1341 3395/3516/1341 
f 3396/3517/1341 3397/3518/1341 3297/3518/1341 
f 3297/3518/1341 3295/3517/1341 3396/3517/1341 
f 3397/3518/1341 3398/3519/1341 3299/3519/1341 
f 3299/3519/1341 3297/3518/1341 3397/3518/1341 
f 3398/3519/1341 3399/3520/1340 3301/3521/1340 
f 3301/3521/1340 3299/3519/1341 3398/3519/1341 
f 3399/3520/1340 3400/3522/1340 3303/3522/1340 
f 3303/3522/1340 3301/3521/1340 3399/3520/1340 
f 3400/3522/1340 3401/3523/1339 3305/3523/1340 
f 3305/3523/1340 3303/3522/1340 3400/3522/1340 
f 3401/3523/1339 3402/3524/1339 3307/3524/1339 
f 3307/3524/1339 3305/3523/1340 3401/3523/1339 
f 3402/3524/1339 3403/3525/1339 3309/3526/1339 
f 3309/3526/1339 3307/3524/1339 3402/3524/1339 
f 3403/3525/1339 3404/3527/1358 3311/3527/1358 
f 3311/3527/1358 3309/3526/1339 3403/3525/1339 
f 3404/3527/1358 3405/3528/1358 3313/3528/1358 
f 3313/3528/1358 3311/3527/1358 3404/3527/1358 
f 3405/3528/1358 3406/3529/1358 3315/3529/1358 
f 3315/3529/1358 3313/3528/1358 3405/3528/1358 
f 3406/3529/1358 3407/3530/1358 3317/3530/1358 
f 3317/3530/1358 3315/3529/1358 3406/3529/1358 
f 3407/3530/1358 3408/3531/1358 3319/3531/1358 
f 3319/3531/1358 3317/3530/1358 3407/3530/1358 
f 3408/3531/1358 3409/3532/1357 3321/3532/1357 
f 3321/3532/1357 3319/3531/1358 3408/3531/1358 
f 3409/3532/1357 3410/3533/1356 3323/3533/1356 
f 3323/3533/1356 3321/3532/1357 3409/3532/1357 
f 3410/3533/1356 3411/3534/1356 3325/3534/1356 
f 3325/3534/1356 3323/3533/1356 3410/3533/1356 
f 3411/3534/1356 3412/3535/1356 3327/3535/1356 
f 3327/3535/1356 3325/3534/1356 3411/3534/1356 
f 3412/3535/1356 3413/3536/1356 3329/3536/1356 
f 3329/3536/1356 3327/3535/1356 3412/3535/1356 
f 3413/3536/1356 3414/3537/1356 3331/3537/1356 
f 3331/3537/1356 3329/3536/1356 3413/3536/1356 
f 3414/3537/1356 3415/3538/1355 3333/3539/1355 
f 3333/3539/1355 3331/3537/1356 3414/3537/1356 
f 3415/3538/1355 3416/3540/1355 3335/3540/1355 
f 3335/3540/1355 3333/3539/1355 3415/3538/1355 
f 3416/3540/1355 3417/3541/1355 3337/3541/1355 
f 3337/3541/1355 3335/3540/1355 3416/3540/1355 
f 3417/3541/1355 3418/3542/1354 3339/3542/1354 
f 3339/3542/1354 3337/3541/1355 3417/3541/1355 
f 3418/3542/1354 3419/3543/1354 3341/3544/1354 
f 3341/3544/1354 3339/3542/1354 3418/3542/1354 
f 3419/3543/1354 3420/3545/1353 3343/3545/1353 
f 3343/3545/1353 3341/3544/1354 3419/3543/1354 
f 3420/3545/1353 3421/3546/1353 3345/3546/1353 
f 3345/3546/1353 3343/3545/1353 3420/3545/1353 
f 3421/3546/1353 3422/3547/1353 3347/3547/1353 
f 3347/3547/1353 3345/3546/1353 3421/3546/1353 
f 3422/3547/1353 3423/3548/1353 3349/3548/1353 
f 3349/3548/1353 3347/3547/1353 3422/3547/1353 
f 3423/3548/1353 3424/3549/1353 3351/3549/1353 
f 3351/3549/1353 3349/3548/1353 3423/3548/1353 
f 3424/3549/1353 3425/3550/1352 3353/3550/1352 
f 3353/3550/1352 3351/3549/1353 3424/3549/1353 
f 3425/3550/1352 3426/3551/1351 3355/3551/1351 
f 3355/3551/1351 3353/3550/1352 3425/3550/1352 
f 3426/3551/1351 3427/3552/1351 3357/3552/1351 
f 3357/3552/1351 3355/3551/1351 3426/3551/1351 
f 3427/3552/1351 3428/3553/1351 3359/3553/1351 
f 3359/3553/1351 3357/3552/1351 3427/3552/1351 
f 3428/3553/1351 3429/3554/1351 3361/3554/1351 
f 3361/3554/1351 3359/3553/1351 3428/3553/1351 
f 3429/3554/1351 3430/3555/1351 3363/3555/1351 
f 3363/3555/1351 3361/3554/1351 3429/3554/1351 
f 3430/3555/1351 3431/3556/1350 3365/3557/1350 
f 3365/3557/1350 3363/3555/1351 3430/3555/1351 
f 3431/3556/1350 3432/3558/1350 3367/3558/1350 
f 3367/3558/1350 3365/3557/1350 3431/3556/1350 
f 3432/3558/1350 3369/3487/1350 3244/3487/1350 
f 3244/3487/1350 3367/3558/1350 3432/3558/1350 
f 3433/3559/1423 3434/3559/1424 3435/3560/1422 
f 3435/3560/1422 3436/3560/1421 3433/3559/1423 
f 3436/3560/1421 3435/3560/1422 3437/3561/1420 
f 3437/3561/1420 3438/3561/1419 3436/3560/1421 
f 3438/3561/1419 3437/3561/1420 3439/3562/1418 
f 3439/3562/1418 3440/3563/1417 3438/3561/1419 
f 3440/3563/1417 3439/3562/1418 3441/3564/1416 
f 3441/3564/1416 3442/3565/1415 3440/3563/1417 
f 3442/3565/1415 3441/3564/1416 3443/3566/1414 
f 3443/3566/1414 3444/3566/1413 3442/3565/1415 
f 3444/3566/1413 3443/3566/1414 3445/3567/1412 
f 3445/3567/1412 3446/3567/1411 3444/3566/1413 
f 3446/3567/1411 3445/3567/1412 3447/3568/1410 
f 3447/3568/1410 3448/3569/1409 3446/3567/1411 
f 3448/3569/1409 3447/3568/1410 3449/3570/1408 
f 3449/3570/1408 3450/3570/1407 3448/3569/1409 
f 3450/3570/1407 3449/3570/1408 3451/3571/1406 
f 3451/3571/1406 3452/3572/1405 3450/3570/1407 
f 3452/3572/1405 3451/3571/1406 3453/3573/1404 
f 3453/3573/1404 3454/3573/1403 3452/3572/1405 
f 3454/3573/1403 3453/3573/1404 3455/3574/1402 
f 3455/3574/1402 3456/3574/1401 3454/3573/1403 
f 3456/3574/1401 3455/3574/1402 3457/3575/1400 
f 3457/3575/1400 3458/3576/1399 3456/3574/1401 
f 3458/3576/1399 3457/3575/1400 3459/3577/1398 
f 3459/3577/1398 3460/3578/1397 3458/3576/1399 
f 3460/3578/1397 3459/3577/1398 3461/3579/1396 
f 3461/3579/1396 3462/3579/1395 3460/3578/1397 
f 3462/3579/1395 3461/3579/1396 3463/3580/1394 
f 3463/3580/1394 3464/3580/1393 3462/3579/1395 
f 3464/3580/1393 3463/3580/1394 3465/3581/2325 
f 3465/3581/2325 3466/3581/2326 3464/3580/1393 
f 3466/3581/2326 3465/3581/2325 3467/3582/1390 
f 3467/3582/1390 3468/3582/1389 3466/3581/2326 
f 3468/3582/1389 3467/3582/1390 3469/3583/1388 
f 3469/3583/1388 3470/3583/1387 3468/3582/1389 
f 3470/3583/1387 3469/3583/1388 3471/3584/1386 
f 3471/3584/1386 3472/3585/1385 3470/3583/1387 
f 3472/3585/1385 3471/3584/1386 3473/3586/1384 
f 3473/3586/1384 3474/3587/1383 3472/3585/1385 
f 3474/3587/1383 3473/3586/1384 3475/3588/1382 
f 3475/3588/1382 3476/3588/1381 3474/3587/1383 
f 3476/3588/1381 3475/3588/1382 3477/3589/1380 
f 3477/3589/1380 3478/3589/1379 3476/3588/1381 
f 3478/3589/1379 3477/3589/1380 3479/3590/1378 
f 3479/3590/1378 3480/3591/1377 3478/3589/1379 
f 3480/3591/1377 3479/3590/1378 3481/3592/1376 
f 3481/3592/1376 3482/3592/1375 3480/3591/1377 
f 3482/3592/1375 3481/3592/1376 3483/3593/1374 
f 3483/3593/1374 3484/3594/1373 3482/3592/1375 
f 3484/3594/1373 3483/3593/1374 3485/3595/1372 
f 3485/3595/1372 3486/3595/1371 3484/3594/1373 
f 3486/3595/1371 3485/3595/1372 3487/3596/1370 
f 3487/3596/1370 3488/3596/1369 3486/3595/1371 
f 3488/3596/1369 3487/3596/1370 3489/3597/1368 
f 3489/3597/1368 3490/3598/1367 3488/3596/1369 
f 3490/3598/1367 3489/3597/1368 3491/3599/1366 
f 3491/3599/1366 3492/3600/1365 3490/3598/1367 
f 3492/3600/1365 3491/3599/1366 3493/3601/1364 
f 3493/3601/1364 3494/3601/1363 3492/3600/1365 
f 3494/3601/1363 3493/3601/1364 3495/3602/1361 
f 3495/3602/1361 3496/3602/1360 3494/3601/1363 
f 3496/3602/1360 3495/3602/1361 3497/3603/1362 
f 3497/3603/1362 3498/3603/1359 3496/3602/1360 
f 3498/3603/1359 3497/3603/1362 3499/3604/1486 
f 3499/3604/1486 3500/3604/1485 3498/3603/1359 
f 3500/3604/1485 3499/3604/1486 3501/3605/1484 
f 3501/3605/1484 3502/3605/1483 3500/3604/1485 
f 3502/3605/1483 3501/3605/1484 3503/3606/1482 
f 3503/3606/1482 3504/3607/1481 3502/3605/1483 
f 3504/3607/1481 3503/3606/1482 3505/3608/1480 
f 3505/3608/1480 3506/3609/1479 3504/3607/1481 
f 3506/3609/1479 3505/3608/1480 3507/3610/1478 
f 3507/3610/1478 3508/3610/1477 3506/3609/1479 
f 3508/3610/1477 3507/3610/1478 3509/3611/1476 
f 3509/3611/1476 3510/3611/1475 3508/3610/1477 
f 3510/3611/1475 3509/3611/1476 3511/3612/1474 
f 3511/3612/1474 3512/3613/1473 3510/3611/1475 
f 3512/3613/1473 3511/3612/1474 3513/3614/1472 
f 3513/3614/1472 3514/3614/1471 3512/3613/1473 
f 3514/3614/1471 3513/3614/1472 3515/3615/1470 
f 3515/3615/1470 3516/3616/1469 3514/3614/1471 
f 3516/3616/1469 3515/3615/1470 3517/3617/1468 
f 3517/3617/1468 3518/3617/1467 3516/3616/1469 
f 3518/3617/1467 3517/3617/1468 3519/3618/1466 
f 3519/3618/1466 3520/3618/1465 3518/3617/1467 
f 3520/3618/1465 3519/3618/1466 3521/3619/1464 
f 3521/3619/1464 3522/3620/1463 3520/3618/1465 
f 3522/3620/1463 3521/3619/1464 3523/3621/1462 
f 3523/3621/1462 3524/3622/1461 3522/3620/1463 
f 3524/3622/1461 3523/3621/1462 3525/3623/1460 
f 3525/3623/1460 3526/3623/1459 3524/3622/1461 
f 3526/3623/1459 3525/3623/1460 3527/3624/1458 
f 3527/3624/1458 3528/3624/1457 3526/3623/1459 
f 3528/3624/1457 3527/3624/1458 3529/3625/2327 
f 3529/3625/2327 3530/3625/2328 3528/3624/1457 
f 3530/3625/2328 3529/3625/2327 3531/3626/1454 
f 3531/3626/1454 3532/3626/1453 3530/3625/2328 
f 3532/3626/1453 3531/3626/1454 3533/3627/1452 
f 3533/3627/1452 3534/3627/1451 3532/3626/1453 
f 3534/3627/1451 3533/3627/1452 3535/3628/1450 
f 3535/3628/1450 3536/3629/1449 3534/3627/1451 
f 3536/3629/1449 3535/3628/1450 3537/3630/1448 
f 3537/3630/1448 3538/3631/1447 3536/3629/1449 
f 3538/3631/1447 3537/3630/1448 3539/3632/1446 
f 3539/3632/1446 3540/3632/1445 3538/3631/1447 
f 3540/3632/1445 3539/3632/1446 3541/3633/1444 
f 3541/3633/1444 3542/3633/1443 3540/3632/1445 
f 3542/3633/1443 3541/3633/1444 3543/3634/1442 
f 3543/3634/1442 3544/3635/1441 3542/3633/1443 
f 3544/3635/1441 3543/3634/1442 3545/3636/1440 
f 3545/3636/1440 3546/3636/1439 3544/3635/1441 
f 3546/3636/1439 3545/3636/1440 3547/3637/1438 
f 3547/3637/1438 3548/3638/1437 3546/3636/1439 
f 3548/3638/1437 3547/3637/1438 3549/3639/1436 
f 3549/3639/1436 3550/3639/1435 3548/3638/1437 
f 3550/3639/1435 3549/3639/1436 3551/3640/1434 
f 3551/3640/1434 3552/3640/1433 3550/3639/1435 
f 3552/3640/1433 3551/3640/1434 3553/3641/1432 
f 3553/3641/1432 3554/3642/1431 3552/3640/1433 
f 3554/3642/1431 3553/3641/1432 3555/3643/1430 
f 3555/3643/1430 3556/3644/1429 3554/3642/1431 
f 3556/3644/1429 3555/3643/1430 3557/3645/1428 
f 3557/3645/1428 3558/3645/1427 3556/3644/1429 
f 3558/3645/1427 3557/3645/1428 3559/3646/1426 
f 3559/3646/1426 3560/3646/1425 3558/3645/1427 
f 3560/3646/1425 3559/3646/1426 3434/3559/1424 
f 3434/3559/1424 3433/3559/1423 3560/3646/1425 
s 2
f 3561/3647/1520 3562/3648/3 3563/3649/128 
f 3563/3649/128 3564/3650/1522 3561/3647/1520 
f 3565/3651/1519 3566/3652/4 3562/3648/3 
f 3562/3648/3 3561/3647/1520 3565/3651/1519 
f 3567/3653/1518 3568/3654/1335 3566/3652/4 
f 3566/3652/4 3565/3651/1519 3567/3653/1518 
f 3569/3655/1517 3570/3656/8 3568/3654/1335 
f 3568/3654/1335 3567/3653/1518 3569/3655/1517 
f 3571/3657/1516 3572/3658/10 3570/3656/8 
f 3570/3656/8 3569/3655/1517 3571/3657/1516 
f 3573/3659/1515 3574/3660/12 3572/3658/10 
f 3572/3658/10 3571/3657/1516 3573/3659/1515 
f 3575/3661/1514 3576/3662/14 3574/3660/12 
f 3574/3660/12 3573/3659/1515 3575/3661/1514 
f 3577/3663/1513 3578/3664/16 3576/3662/14 
f 3576/3662/14 3575/3661/1514 3577/3663/1513 
f 3579/3665/1512 3580/3666/18 3578/3664/16 
f 3578/3664/16 3577/3663/1513 3579/3665/1512 
f 3581/3667/1511 3582/3668/20 3580/3669/18 
f 3580/3669/18 3579/3670/1512 3581/3667/1511 
f 3583/3671/1510 3584/3672/22 3582/3668/20 
f 3582/3668/20 3581/3667/1511 3583/3671/1510 
f 3585/3673/1509 3586/3674/24 3584/3672/22 
f 3584/3672/22 3583/3671/1510 3585/3673/1509 
f 3587/3675/1508 3588/3676/26 3586/3674/24 
f 3586/3674/24 3585/3673/1509 3587/3675/1508 
f 3589/3677/1507 3590/3678/28 3588/3676/26 
f 3588/3676/26 3587/3675/1508 3589/3677/1507 
f 3591/2781/1506 3592/3679/30 3590/3678/28 
f 3590/3678/28 3589/3677/1507 3591/2781/1506 
f 3593/3680/1505 3594/3681/32 3592/3679/30 
f 3592/3679/30 3591/2781/1506 3593/3680/1505 
f 3595/3682/2329 3596/3683/139 3594/3681/32 
f 3594/3681/32 3593/3680/1505 3595/3682/2329 
f 3597/3684/1503 3598/3685/36 3596/3683/139 
f 3596/3683/139 3595/3682/2329 3597/3684/1503 
f 3599/2773/1502 3600/3686/38 3598/3685/36 
f 3598/3685/36 3597/3684/1503 3599/2773/1502 
f 3601/3687/1501 3602/3688/40 3600/3686/38 
f 3600/3686/38 3599/2773/1502 3601/3687/1501 
f 3603/3689/1500 3604/3690/42 3602/3688/40 
f 3602/3688/40 3601/3687/1501 3603/3689/1500 
f 3605/3691/1499 3606/3692/44 3604/3690/42 
f 3604/3690/42 3603/3689/1500 3605/3691/1499 
f 3607/3693/1498 3608/3694/46 3606/3692/44 
f 3606/3692/44 3605/3691/1499 3607/3693/1498 
f 3609/3695/1497 3610/3696/48 3608/3694/46 
f 3608/3694/46 3607/3693/1498 3609/3695/1497 
f 3611/3697/1496 3612/3698/50 3610/3696/48 
f 3610/3696/48 3609/3695/1497 3611/3697/1496 
f 3613/3699/1495 3614/3700/52 3612/3701/50 
f 3612/3701/50 3611/3702/1496 3613/3699/1495 
f 3615/3703/1494 3616/3704/54 3614/3700/52 
f 3614/3700/52 3613/3699/1495 3615/3703/1494 
f 3617/3705/1493 3618/3706/56 3616/3704/54 
f 3616/3704/54 3615/3703/1494 3617/3705/1493 
f 3619/3707/1492 3620/3708/58 3618/3706/56 
f 3618/3706/56 3617/3705/1493 3619/3707/1492 
f 3621/3709/1491 3622/3710/1336 3620/3708/58 
f 3620/3708/58 3619/3707/1492 3621/3709/1491 
f 3623/3711/1490 3624/3712/1337 3622/3710/1336 
f 3622/3710/1336 3621/3709/1491 3623/3711/1490 
f 3625/3713/1489 3626/3714/64 3624/3712/1337 
f 3624/3712/1337 3623/3711/1490 3625/3713/1489 
f 3627/3715/1487 3628/3716/148 3626/3714/64 
f 3626/3714/64 3625/3713/1489 3627/3715/1487 
f 3629/3717/1488 3630/3718/68 3628/3716/148 
f 3628/3716/148 3627/3715/1487 3629/3717/1488 
f 3631/3719/1552 3632/3720/2330 3630/3718/68 
f 3630/3718/68 3629/3717/1488 3631/3719/1552 
f 3633/3721/1551 3634/3722/1327 3632/3720/2330 
f 3632/3720/2330 3631/3719/1552 3633/3721/1551 
f 3635/3723/1550 3636/3724/1328 3634/3722/1327 
f 3634/3722/1327 3633/3721/1551 3635/3723/1550 
f 3637/3725/1549 3638/3726/1329 3636/3724/1328 
f 3636/3724/1328 3635/3723/1550 3637/3725/1549 
f 3639/3727/1548 3640/3728/1330 3638/3726/1329 
f 3638/3726/1329 3637/3725/1549 3639/3727/1548 
f 3641/3729/1547 3642/3730/80 3640/3728/1330 
f 3640/3728/1330 3639/3727/1548 3641/3729/1547 
f 3643/3731/1546 3644/3732/82 3642/3730/80 
f 3642/3730/80 3641/3729/1547 3643/3731/1546 
f 3645/3733/1545 3646/3734/84 3644/3735/82 
f 3644/3735/82 3643/3736/1546 3645/3733/1545 
f 3647/3737/1544 3648/3738/86 3646/3734/84 
f 3646/3734/84 3645/3733/1545 3647/3737/1544 
f 3649/3739/1543 3650/3740/88 3648/3738/86 
f 3648/3738/86 3647/3737/1544 3649/3739/1543 
f 3651/3741/1542 3652/3742/90 3650/3740/88 
f 3650/3740/88 3649/3739/1543 3651/3741/1542 
f 3653/3743/1541 3654/3744/92 3652/3742/90 
f 3652/3742/90 3651/3741/1542 3653/3743/1541 
f 3655/2745/1540 3656/3745/94 3654/3744/92 
f 3654/3744/92 3653/3743/1541 3655/2745/1540 
f 3657/3746/1539 3658/3747/96 3656/3745/94 
f 3656/3745/94 3655/2745/1540 3657/3746/1539 
f 3659/3748/2331 3660/3749/98 3658/3747/96 
f 3658/3747/96 3657/3746/1539 3659/3748/2331 
f 3661/3750/1537 3662/3751/100 3660/3749/98 
f 3660/3749/98 3659/3748/2331 3661/3750/1537 
f 3663/2737/1536 3664/3752/102 3662/3751/100 
f 3662/3751/100 3661/3750/1537 3663/2737/1536 
f 3665/3753/1535 3666/3754/104 3664/3752/102 
f 3664/3752/102 3663/2737/1536 3665/3753/1535 
f 3667/3755/1534 3668/3756/106 3666/3754/104 
f 3666/3754/104 3665/3753/1535 3667/3755/1534 
f 3669/3757/1533 3670/3758/108 3668/3756/106 
f 3668/3756/106 3667/3755/1534 3669/3757/1533 
f 3671/3759/1532 3672/3760/110 3670/3758/108 
f 3670/3758/108 3669/3757/1533 3671/3759/1532 
f 3673/3761/1531 3674/3762/112 3672/3760/110 
f 3672/3760/110 3671/3759/1532 3673/3761/1531 
f 3675/3763/1530 3676/3764/114 3674/3762/112 
f 3674/3762/112 3673/3761/1531 3675/3763/1530 
f 3677/3765/1529 3678/3766/116 3676/3767/114 
f 3676/3767/114 3675/3768/1530 3677/3765/1529 
f 3679/3769/1528 3680/3770/1061 3678/3766/116 
f 3678/3766/116 3677/3765/1529 3679/3769/1528 
f 3681/3771/1527 3682/3772/120 3680/3770/1061 
f 3680/3770/1061 3679/3769/1528 3681/3771/1527 
f 3683/3773/1526 3684/3774/122 3682/3772/120 
f 3682/3772/120 3681/3771/1527 3683/3773/1526 
f 3685/3775/1525 3686/3776/1089 3684/3774/122 
f 3684/3774/122 3683/3773/1526 3685/3775/1525 
f 3687/3777/1523 3688/3778/126 3686/3776/1089 
f 3686/3776/1089 3685/3775/1525 3687/3777/1523 
f 3564/3650/1522 3563/3649/128 3688/3778/126 
f 3688/3778/126 3687/3777/1523 3564/3650/1522 
f 3689/3486/1489 3370/3485/64 3369/3414/148 
f 3369/3414/148 3690/3413/1554 3689/3486/1489 
f 3691/3653/1490 3371/3779/62 3370/3485/64 
f 3370/3485/64 3689/3486/1489 3691/3653/1490 
f 3692/3482/1491 3372/3481/60 3371/3779/62 
f 3371/3779/62 3691/3653/1490 3692/3482/1491 
f 3693/3480/1492 3373/3479/58 3372/3481/60 
f 3372/3481/60 3692/3482/1491 3693/3480/1492 
f 3694/3478/1493 3374/3477/56 3373/3479/58 
f 3373/3479/58 3693/3480/1492 3694/3478/1493 
f 3695/3476/1494 3375/3475/54 3374/3477/56 
f 3374/3477/56 3694/3478/1493 3695/3476/1494 
f 3696/3472/1495 3376/3471/52 3375/3475/54 
f 3375/3475/54 3695/3476/1494 3696/3472/1495 
f 3697/3473/1496 3377/3474/50 3376/3471/52 
f 3376/3471/52 3696/3472/1495 3697/3473/1496 
f 3698/2313/1497 3378/2310/48 3377/2311/50 
f 3377/2311/50 3697/2312/1496 3698/2313/1497 
f 3699/2315/1498 3379/2314/46 3378/2310/48 
f 3378/2310/48 3698/2313/1497 3699/2315/1498 
f 3700/2317/1499 3380/2316/44 3379/2314/46 
f 3379/2314/46 3699/2315/1498 3700/2317/1499 
f 3701/2319/1500 3381/2318/42 3380/2316/44 
f 3380/2316/44 3700/2317/1499 3701/2319/1500 
f 3702/2321/1501 3382/2320/40 3381/2318/42 
f 3381/2318/42 3701/2319/1500 3702/2321/1501 
f 3703/2696/1502 3383/3780/38 3382/2320/40 
f 3382/2320/40 3702/2321/1501 3703/2696/1502 
f 3704/2325/1503 3384/2324/36 3383/3780/38 
f 3383/3780/38 3703/2696/1502 3704/2325/1503 
f 3705/2327/2329 3385/2326/34 3384/2324/36 
f 3384/2324/36 3704/2325/1503 3705/2327/2329 
f 3706/2329/1505 3386/2328/32 3385/2326/34 
f 3385/2326/34 3705/2327/2329 3706/2329/1505 
f 3707/2688/1506 3387/3781/30 3386/2328/32 
f 3386/2328/32 3706/2329/1505 3707/2688/1506 
f 3708/2333/1507 3388/2332/28 3387/3781/30 
f 3387/3781/30 3707/2688/1506 3708/2333/1507 
f 3709/2335/1508 3389/2334/26 3388/2332/28 
f 3388/2332/28 3708/2333/1507 3709/2335/1508 
f 3710/2337/1509 3390/2336/24 3389/2334/26 
f 3389/2334/26 3709/2335/1508 3710/2337/1509 
f 3711/2339/1510 3391/2338/22 3390/2336/24 
f 3390/2336/24 3710/2337/1509 3711/2339/1510 
f 3712/2341/1511 3392/2340/20 3391/2338/22 
f 3391/2338/22 3711/2339/1510 3712/2341/1511 
f 3713/2343/1512 3393/2342/18 3392/2340/20 
f 3392/2340/20 3712/2341/1511 3713/2343/1512 
f 3714/3464/1513 3394/3463/16 3393/3465/18 
f 3393/3465/18 3713/3466/1512 3714/3464/1513 
f 3715/3462/1514 3395/3461/14 3394/3463/16 
f 3394/3463/16 3714/3464/1513 3715/3462/1514 
f 3716/3460/1515 3396/3459/12 3395/3461/14 
f 3395/3461/14 3715/3462/1514 3716/3460/1515 
f 3717/3458/1516 3397/3457/10 3396/3459/12 
f 3396/3459/12 3716/3460/1515 3717/3458/1516 
f 3718/3456/1517 3398/3455/8 3397/3457/10 
f 3397/3457/10 3717/3458/1516 3718/3456/1517 
f 3719/3711/1518 3399/3782/6 3398/3455/8 
f 3398/3455/8 3718/3456/1517 3719/3711/1518 
f 3720/3452/1519 3400/3451/4 3399/3782/6 
f 3399/3782/6 3719/3711/1518 3720/3452/1519 
f 3721/3450/1553 3401/3449/1521 3400/3451/4 
f 3400/3451/4 3720/3452/1519 3721/3450/1553 
f 3722/3448/1522 3402/3447/128 3401/3449/1521 
f 3401/3449/1521 3721/3450/1553 3722/3448/1522 
f 3723/3719/1523 3403/3783/126 3402/3447/128 
f 3402/3447/128 3722/3448/1522 3723/3719/1523 
f 3724/3444/1525 3404/3443/1089 3403/3783/126 
f 3403/3783/126 3723/3719/1523 3724/3444/1525 
f 3725/3442/1526 3405/3441/1333 3404/3443/1089 
f 3404/3443/1089 3724/3444/1525 3725/3442/1526 
f 3726/3440/1527 3406/3439/1071 3405/3441/1333 
f 3405/3441/1333 3725/3442/1526 3726/3440/1527 
f 3727/3438/1528 3407/3437/1061 3406/3439/1071 
f 3406/3439/1071 3726/3440/1527 3727/3438/1528 
f 3728/3434/1529 3408/3433/116 3407/3437/1061 
f 3407/3437/1061 3727/3438/1528 3728/3434/1529 
f 3729/3435/1530 3409/3436/114 3408/3433/116 
f 3408/3433/116 3728/3434/1529 3729/3435/1530 
f 3730/2381/1531 3410/2378/112 3409/2379/114 
f 3409/2379/114 3729/2380/1530 3730/2381/1531 
f 3731/2383/1532 3411/2382/110 3410/2378/112 
f 3410/2378/112 3730/2381/1531 3731/2383/1532 
f 3732/2385/1533 3412/2384/108 3411/2382/110 
f 3411/2382/110 3731/2383/1532 3732/2385/1533 
f 3733/2387/1534 3413/2386/106 3412/2384/108 
f 3412/2384/108 3732/2385/1533 3733/2387/1534 
f 3734/2389/1535 3414/2388/104 3413/2386/106 
f 3413/2386/106 3733/2387/1534 3734/2389/1535 
f 3735/2628/1536 3415/3784/102 3414/2388/104 
f 3414/2388/104 3734/2389/1535 3735/2628/1536 
f 3736/2393/1537 3416/2392/100 3415/3784/102 
f 3415/3784/102 3735/2628/1536 3736/2393/1537 
f 3737/2395/2331 3417/2394/157 3416/2392/100 
f 3416/2392/100 3736/2393/1537 3737/2395/2331 
f 3738/2397/1539 3418/2396/96 3417/2394/157 
f 3417/2394/157 3737/2395/2331 3738/2397/1539 
f 3739/2620/1540 3419/3785/94 3418/2396/96 
f 3418/2396/96 3738/2397/1539 3739/2620/1540 
f 3740/2401/1541 3420/2400/92 3419/3785/94 
f 3419/3785/94 3739/2620/1540 3740/2401/1541 
f 3741/2403/1542 3421/2402/90 3420/2400/92 
f 3420/2400/92 3740/2401/1541 3741/2403/1542 
f 3742/2405/1543 3422/2404/88 3421/2402/90 
f 3421/2402/90 3741/2403/1542 3742/2405/1543 
f 3743/2407/1544 3423/2406/86 3422/2404/88 
f 3422/2404/88 3742/2405/1543 3743/2407/1544 
f 3744/2409/1545 3424/2408/84 3423/2406/86 
f 3423/2406/86 3743/2407/1544 3744/2409/1545 
f 3745/2411/1546 3425/2410/82 3424/2408/84 
f 3424/2408/84 3744/2409/1545 3745/2411/1546 
f 3746/3426/1547 3426/3425/80 3425/3427/82 
f 3425/3427/82 3745/3428/1546 3746/3426/1547 
f 3747/3424/1548 3427/3423/78 3426/3425/80 
f 3426/3425/80 3746/3426/1547 3747/3424/1548 
f 3748/3422/1549 3428/3421/76 3427/3423/78 
f 3427/3423/78 3747/3424/1548 3748/3422/1549 
f 3749/3420/1550 3429/3419/74 3428/3421/76 
f 3428/3421/76 3748/3422/1549 3749/3420/1550 
f 3750/3418/1551 3430/3417/72 3429/3419/74 
f 3429/3419/74 3749/3420/1550 3750/3418/1551 
f 3751/3777/1552 3431/3786/70 3430/3417/72 
f 3430/3417/72 3750/3418/1551 3751/3777/1552 
f 3752/3412/1488 3432/3411/68 3431/3786/70 
f 3431/3786/70 3751/3777/1552 3752/3412/1488 
f 3690/3413/1554 3369/3414/148 3432/3411/68 
f 3432/3411/68 3752/3412/1488 3690/3413/1554 
s 1
f 3435/3560/1422 3434/3559/1424 3753/3559/1588 
f 3753/3559/1588 3754/3560/1589 3435/3560/1422 
f 3434/3559/1424 3559/3646/1426 3755/3646/1587 
f 3755/3646/1587 3753/3559/1588 3434/3559/1424 
f 3559/3646/1426 3557/3645/1428 3756/3645/1586 
f 3756/3645/1586 3755/3646/1587 3559/3646/1426 
f 3557/3645/1428 3555/3643/1430 3757/3787/1585 
f 3757/3787/1585 3756/3645/1586 3557/3645/1428 
f 3555/3643/1430 3553/3641/1432 3758/3641/1584 
f 3758/3641/1584 3757/3787/1585 3555/3643/1430 
f 3553/3641/1432 3551/3640/1434 3759/3640/1583 
f 3759/3640/1583 3758/3641/1584 3553/3641/1432 
f 3551/3640/1434 3549/3639/1436 3760/3639/1582 
f 3760/3639/1582 3759/3640/1583 3551/3640/1434 
f 3549/3639/1436 3547/3637/1438 3761/3637/1581 
f 3761/3637/1581 3760/3639/1582 3549/3639/1436 
f 3547/3637/1438 3545/3636/1440 3762/3788/1580 
f 3762/3788/1580 3761/3637/1581 3547/3637/1438 
f 3545/3636/1440 3543/3634/1442 3763/3634/1579 
f 3763/3634/1579 3762/3788/1580 3545/3636/1440 
f 3543/3634/1442 3541/3633/1444 3764/3633/1578 
f 3764/3633/1578 3763/3634/1579 3543/3634/1442 
f 3541/3633/1444 3539/3632/1446 3765/3632/1577 
f 3765/3632/1577 3764/3633/1578 3541/3633/1444 
f 3539/3632/1446 3537/3630/1448 3766/3630/1576 
f 3766/3630/1576 3765/3632/1577 3539/3632/1446 
f 3537/3630/1448 3535/3628/1450 3767/3789/1575 
f 3767/3789/1575 3766/3630/1576 3537/3630/1448 
f 3535/3628/1450 3533/3627/1452 3768/3627/1574 
f 3768/3627/1574 3767/3789/1575 3535/3628/1450 
f 3533/3627/1452 3531/3626/1454 3769/3626/1573 
f 3769/3626/1573 3768/3627/1574 3533/3627/1452 
f 3531/3626/1454 3529/3625/2327 3770/3625/2332 
f 3770/3625/2332 3769/3626/1573 3531/3626/1454 
f 3529/3625/2327 3527/3624/1458 3771/3624/1571 
f 3771/3624/1571 3770/3625/2332 3529/3625/2327 
f 3527/3624/1458 3525/3623/1460 3772/3623/1570 
f 3772/3623/1570 3771/3624/1571 3527/3624/1458 
f 3525/3623/1460 3523/3621/1462 3773/3790/1569 
f 3773/3790/1569 3772/3623/1570 3525/3623/1460 
f 3523/3621/1462 3521/3619/1464 3774/3619/1568 
f 3774/3619/1568 3773/3790/1569 3523/3621/1462 
f 3521/3619/1464 3519/3618/1466 3775/3618/1567 
f 3775/3618/1567 3774/3619/1568 3521/3619/1464 
f 3519/3618/1466 3517/3617/1468 3776/3617/1566 
f 3776/3617/1566 3775/3618/1567 3519/3618/1466 
f 3517/3617/1468 3515/3615/1470 3777/3615/1565 
f 3777/3615/1565 3776/3617/1566 3517/3617/1468 
f 3515/3615/1470 3513/3614/1472 3778/3791/1564 
f 3778/3791/1564 3777/3615/1565 3515/3615/1470 
f 3513/3614/1472 3511/3612/1474 3779/3612/1563 
f 3779/3612/1563 3778/3791/1564 3513/3614/1472 
f 3511/3612/1474 3509/3611/1476 3780/3611/1562 
f 3780/3611/1562 3779/3612/1563 3511/3612/1474 
f 3509/3611/1476 3507/3610/1478 3781/3610/1561 
f 3781/3610/1561 3780/3611/1562 3509/3611/1476 
f 3507/3610/1478 3505/3608/1480 3782/3608/1560 
f 3782/3608/1560 3781/3610/1561 3507/3610/1478 
f 3505/3608/1480 3503/3606/1482 3783/3792/1559 
f 3783/3792/1559 3782/3608/1560 3505/3608/1480 
f 3503/3606/1482 3501/3605/1484 3784/3605/1558 
f 3784/3605/1558 3783/3792/1559 3503/3606/1482 
f 3501/3605/1484 3499/3604/1486 3785/3604/1557 
f 3785/3604/1557 3784/3605/1558 3501/3605/1484 
f 3499/3604/1486 3497/3603/1362 3786/3603/1556 
f 3786/3603/1556 3785/3604/1557 3499/3604/1486 
f 3497/3603/1362 3495/3602/1361 3787/3602/1555 
f 3787/3602/1555 3786/3603/1556 3497/3603/1362 
f 3495/3602/1361 3493/3601/1364 3788/3601/1618 
f 3788/3601/1618 3787/3602/1555 3495/3602/1361 
f 3493/3601/1364 3491/3599/1366 3789/3793/1617 
f 3789/3793/1617 3788/3601/1618 3493/3601/1364 
f 3491/3599/1366 3489/3597/1368 3790/3597/1616 
f 3790/3597/1616 3789/3793/1617 3491/3599/1366 
f 3489/3597/1368 3487/3596/1370 3791/3596/1615 
f 3791/3596/1615 3790/3597/1616 3489/3597/1368 
f 3487/3596/1370 3485/3595/1372 3792/3595/1614 
f 3792/3595/1614 3791/3596/1615 3487/3596/1370 
f 3485/3595/1372 3483/3593/1374 3793/3593/1613 
f 3793/3593/1613 3792/3595/1614 3485/3595/1372 
f 3483/3593/1374 3481/3592/1376 3794/3794/1612 
f 3794/3794/1612 3793/3593/1613 3483/3593/1374 
f 3481/3592/1376 3479/3590/1378 3795/3590/1611 
f 3795/3590/1611 3794/3794/1612 3481/3592/1376 
f 3479/3590/1378 3477/3589/1380 3796/3589/1610 
f 3796/3589/1610 3795/3590/1611 3479/3590/1378 
f 3477/3589/1380 3475/3588/1382 3797/3588/1609 
f 3797/3588/1609 3796/3589/1610 3477/3589/1380 
f 3475/3588/1382 3473/3586/1384 3798/3586/1608 
f 3798/3586/1608 3797/3588/1609 3475/3588/1382 
f 3473/3586/1384 3471/3584/1386 3799/3795/1607 
f 3799/3795/1607 3798/3586/1608 3473/3586/1384 
f 3471/3584/1386 3469/3583/1388 3800/3583/1606 
f 3800/3583/1606 3799/3795/1607 3471/3584/1386 
f 3469/3583/1388 3467/3582/1390 3801/3582/1605 
f 3801/3582/1605 3800/3583/1606 3469/3583/1388 
f 3467/3582/1390 3465/3581/2325 3802/3581/2333 
f 3802/3581/2333 3801/3582/1605 3467/3582/1390 
f 3465/3581/2325 3463/3580/1394 3803/3580/1603 
f 3803/3580/1603 3802/3581/2333 3465/3581/2325 
f 3463/3580/1394 3461/3579/1396 3804/3579/1602 
f 3804/3579/1602 3803/3580/1603 3463/3580/1394 
f 3461/3579/1396 3459/3577/1398 3805/3796/1601 
f 3805/3796/1601 3804/3579/1602 3461/3579/1396 
f 3459/3577/1398 3457/3575/1400 3806/3575/1600 
f 3806/3575/1600 3805/3796/1601 3459/3577/1398 
f 3457/3575/1400 3455/3574/1402 3807/3574/1599 
f 3807/3574/1599 3806/3575/1600 3457/3575/1400 
f 3455/3574/1402 3453/3573/1404 3808/3573/1598 
f 3808/3573/1598 3807/3574/1599 3455/3574/1402 
f 3453/3573/1404 3451/3571/1406 3809/3571/1597 
f 3809/3571/1597 3808/3573/1598 3453/3573/1404 
f 3451/3571/1406 3449/3570/1408 3810/3797/1596 
f 3810/3797/1596 3809/3571/1597 3451/3571/1406 
f 3449/3570/1408 3447/3568/1410 3811/3568/1595 
f 3811/3568/1595 3810/3797/1596 3449/3570/1408 
f 3447/3568/1410 3445/3567/1412 3812/3567/1594 
f 3812/3567/1594 3811/3568/1595 3447/3568/1410 
f 3445/3567/1412 3443/3566/1414 3813/3566/1593 
f 3813/3566/1593 3812/3567/1594 3445/3567/1412 
f 3443/3566/1414 3441/3564/1416 3814/3564/1592 
f 3814/3564/1592 3813/3566/1593 3443/3566/1414 
f 3441/3564/1416 3439/3562/1418 3815/3798/1591 
f 3815/3798/1591 3814/3564/1592 3441/3564/1416 
f 3439/3562/1418 3437/3561/1420 3816/3561/1590 
f 3816/3561/1590 3815/3798/1591 3439/3562/1418 
f 3437/3561/1420 3435/3560/1422 3754/3560/1589 
f 3754/3560/1589 3816/3561/1590 3437/3561/1420 
f 3433/3559/1423 3436/3560/1421 3817/3799/1650 
f 3817/3799/1650 3818/3800/1651 3433/3559/1423 
f 3436/3560/1421 3438/3561/1419 3819/3561/1649 
f 3819/3561/1649 3817/3799/1650 3436/3560/1421 
f 3438/3561/1419 3440/3563/1417 3820/3563/1648 
f 3820/3563/1648 3819/3561/1649 3438/3561/1419 
f 3440/3563/1417 3442/3565/1415 3821/3565/1647 
f 3821/3565/1647 3820/3563/1648 3440/3563/1417 
f 3442/3565/1415 3444/3566/1413 3822/3566/1646 
f 3822/3566/1646 3821/3565/1647 3442/3565/1415 
f 3444/3566/1413 3446/3567/1411 3823/3567/1645 
f 3823/3567/1645 3822/3566/1646 3444/3566/1413 
f 3446/3567/1411 3448/3569/1409 3824/3569/1644 
f 3824/3569/1644 3823/3567/1645 3446/3567/1411 
f 3448/3569/1409 3450/3570/1407 3825/3570/1643 
f 3825/3570/1643 3824/3569/1644 3448/3569/1409 
f 3450/3570/1407 3452/3572/1405 3826/3572/1642 
f 3826/3572/1642 3825/3570/1643 3450/3570/1407 
f 3452/3572/1405 3454/3573/1403 3827/3573/1641 
f 3827/3573/1641 3826/3572/1642 3452/3572/1405 
f 3454/3573/1403 3456/3574/1401 3828/3574/1640 
f 3828/3574/1640 3827/3573/1641 3454/3573/1403 
f 3456/3574/1401 3458/3576/1399 3829/3576/1639 
f 3829/3576/1639 3828/3574/1640 3456/3574/1401 
f 3458/3576/1399 3460/3578/1397 3830/3578/1638 
f 3830/3578/1638 3829/3576/1639 3458/3576/1399 
f 3460/3578/1397 3462/3579/1395 3831/3579/1637 
f 3831/3579/1637 3830/3578/1638 3460/3578/1397 
f 3462/3579/1395 3464/3580/1393 3832/3801/1636 
f 3832/3801/1636 3831/3579/1637 3462/3579/1395 
f 3464/3580/1393 3466/3581/2326 3833/3802/2334 
f 3833/3802/2334 3832/3801/1636 3464/3580/1393 
f 3466/3581/2326 3468/3582/1389 3834/3803/1634 
f 3834/3803/1634 3833/3802/2334 3466/3581/2326 
f 3468/3582/1389 3470/3583/1387 3835/3583/1633 
f 3835/3583/1633 3834/3803/1634 3468/3582/1389 
f 3470/3583/1387 3472/3585/1385 3836/3585/1632 
f 3836/3585/1632 3835/3583/1633 3470/3583/1387 
f 3472/3585/1385 3474/3587/1383 3837/3587/1631 
f 3837/3587/1631 3836/3585/1632 3472/3585/1385 
f 3474/3587/1383 3476/3588/1381 3838/3588/1630 
f 3838/3588/1630 3837/3587/1631 3474/3587/1383 
f 3476/3588/1381 3478/3589/1379 3839/3589/1629 
f 3839/3589/1629 3838/3588/1630 3476/3588/1381 
f 3478/3589/1379 3480/3591/1377 3840/3591/1628 
f 3840/3591/1628 3839/3589/1629 3478/3589/1379 
f 3480/3591/1377 3482/3592/1375 3841/3592/1627 
f 3841/3592/1627 3840/3591/1628 3480/3591/1377 
f 3482/3592/1375 3484/3594/1373 3842/3594/1626 
f 3842/3594/1626 3841/3592/1627 3482/3592/1375 
f 3484/3594/1373 3486/3595/1371 3843/3595/1625 
f 3843/3595/1625 3842/3594/1626 3484/3594/1373 
f 3486/3595/1371 3488/3596/1369 3844/3596/1624 
f 3844/3596/1624 3843/3595/1625 3486/3595/1371 
f 3488/3596/1369 3490/3598/1367 3845/3598/1623 
f 3845/3598/1623 3844/3596/1624 3488/3596/1369 
f 3490/3598/1367 3492/3600/1365 3846/3600/1622 
f 3846/3600/1622 3845/3598/1623 3490/3598/1367 
f 3492/3600/1365 3494/3601/1363 3847/3601/1621 
f 3847/3601/1621 3846/3600/1622 3492/3600/1365 
f 3494/3601/1363 3496/3602/1360 3848/3804/1620 
f 3848/3804/1620 3847/3601/1621 3494/3601/1363 
f 3496/3602/1360 3498/3603/1359 3849/3805/1619 
f 3849/3805/1619 3848/3804/1620 3496/3602/1360 
f 3498/3603/1359 3500/3604/1485 3850/3806/1682 
f 3850/3806/1682 3849/3805/1619 3498/3603/1359 
f 3500/3604/1485 3502/3605/1483 3851/3605/1681 
f 3851/3605/1681 3850/3806/1682 3500/3604/1485 
f 3502/3605/1483 3504/3607/1481 3852/3607/1680 
f 3852/3607/1680 3851/3605/1681 3502/3605/1483 
f 3504/3607/1481 3506/3609/1479 3853/3609/1679 
f 3853/3609/1679 3852/3607/1680 3504/3607/1481 
f 3506/3609/1479 3508/3610/1477 3854/3610/1678 
f 3854/3610/1678 3853/3609/1679 3506/3609/1479 
f 3508/3610/1477 3510/3611/1475 3855/3611/1677 
f 3855/3611/1677 3854/3610/1678 3508/3610/1477 
f 3510/3611/1475 3512/3613/1473 3856/3613/1676 
f 3856/3613/1676 3855/3611/1677 3510/3611/1475 
f 3512/3613/1473 3514/3614/1471 3857/3614/1675 
f 3857/3614/1675 3856/3613/1676 3512/3613/1473 
f 3514/3614/1471 3516/3616/1469 3858/3616/1674 
f 3858/3616/1674 3857/3614/1675 3514/3614/1471 
f 3516/3616/1469 3518/3617/1467 3859/3617/1673 
f 3859/3617/1673 3858/3616/1674 3516/3616/1469 
f 3518/3617/1467 3520/3618/1465 3860/3618/1672 
f 3860/3618/1672 3859/3617/1673 3518/3617/1467 
f 3520/3618/1465 3522/3620/1463 3861/3620/1671 
f 3861/3620/1671 3860/3618/1672 3520/3618/1465 
f 3522/3620/1463 3524/3622/1461 3862/3622/1670 
f 3862/3622/1670 3861/3620/1671 3522/3620/1463 
f 3524/3622/1461 3526/3623/1459 3863/3623/1669 
f 3863/3623/1669 3862/3622/1670 3524/3622/1461 
f 3526/3623/1459 3528/3624/1457 3864/3807/1668 
f 3864/3807/1668 3863/3623/1669 3526/3623/1459 
f 3528/3624/1457 3530/3625/2328 3865/3808/2335 
f 3865/3808/2335 3864/3807/1668 3528/3624/1457 
f 3530/3625/2328 3532/3626/1453 3866/3809/1666 
f 3866/3809/1666 3865/3808/2335 3530/3625/2328 
f 3532/3626/1453 3534/3627/1451 3867/3627/1665 
f 3867/3627/1665 3866/3809/1666 3532/3626/1453 
f 3534/3627/1451 3536/3629/1449 3868/3629/1664 
f 3868/3629/1664 3867/3627/1665 3534/3627/1451 
f 3536/3629/1449 3538/3631/1447 3869/3631/1663 
f 3869/3631/1663 3868/3629/1664 3536/3629/1449 
f 3538/3631/1447 3540/3632/1445 3870/3632/1662 
f 3870/3632/1662 3869/3631/1663 3538/3631/1447 
f 3540/3632/1445 3542/3633/1443 3871/3633/1661 
f 3871/3633/1661 3870/3632/1662 3540/3632/1445 
f 3542/3633/1443 3544/3635/1441 3872/3635/1660 
f 3872/3635/1660 3871/3633/1661 3542/3633/1443 
f 3544/3635/1441 3546/3636/1439 3873/3636/1659 
f 3873/3636/1659 3872/3635/1660 3544/3635/1441 
f 3546/3636/1439 3548/3638/1437 3874/3638/1658 
f 3874/3638/1658 3873/3636/1659 3546/3636/1439 
f 3548/3638/1437 3550/3639/1435 3875/3639/1657 
f 3875/3639/1657 3874/3638/1658 3548/3638/1437 
f 3550/3639/1435 3552/3640/1433 3876/3640/1656 
f 3876/3640/1656 3875/3639/1657 3550/3639/1435 
f 3552/3640/1433 3554/3642/1431 3877/3642/1655 
f 3877/3642/1655 3876/3640/1656 3552/3640/1433 
f 3554/3642/1431 3556/3644/1429 3878/3644/1654 
f 3878/3644/1654 3877/3642/1655 3554/3642/1431 
f 3556/3644/1429 3558/3645/1427 3879/3645/1653 
f 3879/3645/1653 3878/3644/1654 3556/3644/1429 
f 3558/3645/1427 3560/3646/1425 3880/3810/1652 
f 3880/3810/1652 3879/3645/1653 3558/3645/1427 
f 3560/3646/1425 3433/3559/1423 3818/3800/1651 
f 3818/3800/1651 3880/3810/1652 3560/3646/1425 
s 4
f 3754/3560/1742 3753/3559/1740 3881/3559/1740 
f 3881/3559/1740 3882/3560/1742 3754/3560/1742 
s 2
f 3882/3650/1743 3881/3647/1741 3561/3647/1520 
f 3561/3647/1520 3564/3650/1522 3882/3650/1743 
s 4
f 3753/3559/1740 3755/3646/1738 3883/3646/1738 
f 3883/3646/1738 3881/3559/1740 3753/3559/1740 
s 2
f 3881/3647/1741 3883/3651/1739 3565/3651/1519 
f 3565/3651/1519 3561/3647/1520 3881/3647/1741 
s 4
f 3755/3646/1738 3756/3645/847 3884/3645/847 
f 3884/3645/847 3883/3646/1738 3755/3646/1738 
s 2
f 3883/3651/1739 3884/3653/1737 3567/3653/1518 
f 3567/3653/1518 3565/3651/1519 3883/3651/1739 
s 4
f 3756/3645/847 3757/3787/1735 3885/3787/1735 
f 3885/3787/1735 3884/3645/847 3756/3645/847 
s 2
f 3884/3653/1737 3885/3655/1736 3569/3655/1517 
f 3569/3655/1517 3567/3653/1518 3884/3653/1737 
s 4
f 3757/3787/1735 3758/3641/865 3886/3641/865 
f 3886/3641/865 3885/3787/1735 3757/3787/1735 
s 2
f 3885/3655/1736 3886/3657/1734 3571/3657/1516 
f 3571/3657/1516 3569/3655/1517 3885/3655/1736 
s 4
f 3758/3641/865 3759/3640/875 3887/3811/875 
f 3887/3811/875 3886/3641/865 3758/3641/865 
s 2
f 3886/3657/1734 3887/3659/1733 3573/3659/1515 
f 3573/3659/1515 3571/3657/1516 3886/3657/1734 
s 4
f 3759/3640/875 3760/3639/883 3888/3639/883 
f 3888/3639/883 3887/3811/875 3759/3640/875 
s 2
f 3887/3659/1733 3888/3661/1732 3575/3661/1514 
f 3575/3661/1514 3573/3659/1515 3887/3659/1733 
s 4
f 3760/3639/883 3761/3637/1730 3889/3637/1730 
f 3889/3637/1730 3888/3639/883 3760/3639/883 
s 2
f 3888/3661/1732 3889/3812/1731 3577/3663/1513 
f 3577/3663/1513 3575/3661/1514 3888/3661/1732 
s 4
f 3761/3637/1730 3762/3788/900 3890/3788/900 
f 3890/3788/900 3889/3637/1730 3761/3637/1730 
s 2
f 3889/3812/1731 3890/3665/1729 3579/3665/1512 
f 3579/3665/1512 3577/3663/1513 3889/3812/1731 
s 4
f 3762/3788/900 3763/3634/1727 3891/3634/1727 
f 3891/3634/1727 3890/3788/900 3762/3788/900 
s 2
f 3890/3670/1729 3891/3813/1728 3581/3667/1511 
f 3581/3667/1511 3579/3670/1512 3890/3670/1729 
s 4
f 3763/3634/1727 3764/3633/918 3892/3633/918 
f 3892/3633/918 3891/3634/1727 3763/3634/1727 
s 2
f 3891/3813/1728 3892/3671/1726 3583/3671/1510 
f 3583/3671/1510 3581/3667/1511 3891/3813/1728 
s 4
f 3764/3633/918 3765/3632/928 3893/3814/928 
f 3893/3814/928 3892/3633/918 3764/3633/918 
s 2
f 3892/3671/1726 3893/3673/1725 3585/3673/1509 
f 3585/3673/1509 3583/3671/1510 3892/3671/1726 
s 4
f 3765/3632/928 3766/3630/937 3894/3630/937 
f 3894/3630/937 3893/3814/928 3765/3632/928 
s 2
f 3893/3673/1725 3894/3675/1724 3587/3675/1508 
f 3587/3675/1508 3585/3673/1509 3893/3673/1725 
s 4
f 3766/3630/937 3767/3789/1722 3895/3789/1722 
f 3895/3789/1722 3894/3630/937 3766/3630/937 
s 2
f 3894/3675/1724 3895/3677/1723 3589/3677/1507 
f 3589/3677/1507 3587/3675/1508 3894/3675/1724 
s 4
f 3767/3789/1722 3768/3627/955 3896/3627/955 
f 3896/3627/955 3895/3789/1722 3767/3789/1722 
s 2
f 3895/3677/1723 3896/2781/1721 3591/2781/1506 
f 3591/2781/1506 3589/3677/1507 3895/3677/1723 
s 4
f 3768/3627/955 3769/3626/1719 3897/3626/1719 
f 3897/3626/1719 3896/3627/955 3768/3627/955 
s 2
f 3896/2781/1721 3897/3680/1720 3593/3680/1505 
f 3593/3680/1505 3591/2781/1506 3896/2781/1721 
s 4
f 3769/3626/1719 3770/3625/2336 3898/3625/2336 
f 3898/3625/2336 3897/3626/1719 3769/3626/1719 
s 2
f 3897/3680/1720 3898/3682/2337 3595/3682/2329 
f 3595/3682/2329 3593/3680/1505 3897/3680/1720 
s 4
f 3770/3625/2336 3771/3624/1715 3899/3624/1715 
f 3899/3624/1715 3898/3625/2336 3770/3625/2336 
s 2
f 3898/3682/2337 3899/3684/1716 3597/3684/1503 
f 3597/3684/1503 3595/3682/2329 3898/3682/2337 
s 4
f 3771/3624/1715 3772/3623/1713 3900/3623/1713 
f 3900/3623/1713 3899/3624/1715 3771/3624/1715 
s 2
f 3899/3684/1716 3900/2773/1714 3599/2773/1502 
f 3599/2773/1502 3597/3684/1503 3899/3684/1716 
s 4
f 3772/3623/1713 3773/3790/1711 3901/3790/1711 
f 3901/3790/1711 3900/3623/1713 3772/3623/1713 
s 2
f 3900/2773/1714 3901/3687/1712 3601/3687/1501 
f 3601/3687/1501 3599/2773/1502 3900/2773/1714 
s 4
f 3773/3790/1711 3774/3619/1709 3902/3619/1709 
f 3902/3619/1709 3901/3790/1711 3773/3790/1711 
s 2
f 3901/3687/1712 3902/3689/1710 3603/3689/1500 
f 3603/3689/1500 3601/3687/1501 3901/3687/1712 
s 4
f 3774/3619/1709 3775/3618/1707 3903/3815/1707 
f 3903/3815/1707 3902/3619/1709 3774/3619/1709 
s 2
f 3902/3689/1710 3903/3691/1708 3605/3691/1499 
f 3605/3691/1499 3603/3689/1500 3902/3689/1710 
s 4
f 3775/3618/1707 3776/3617/1705 3904/3617/1705 
f 3904/3617/1705 3903/3815/1707 3775/3618/1707 
s 2
f 3903/3691/1708 3904/3693/1706 3607/3693/1498 
f 3607/3693/1498 3605/3691/1499 3903/3691/1708 
s 4
f 3776/3617/1705 3777/3615/1703 3905/3615/1703 
f 3905/3615/1703 3904/3617/1705 3776/3617/1705 
s 2
f 3904/3693/1706 3905/3816/1704 3609/3695/1497 
f 3609/3695/1497 3607/3693/1498 3904/3693/1706 
s 4
f 3777/3615/1703 3778/3791/1701 3906/3791/1701 
f 3906/3791/1701 3905/3615/1703 3777/3615/1703 
s 2
f 3905/3816/1704 3906/3697/1702 3611/3697/1496 
f 3611/3697/1496 3609/3695/1497 3905/3816/1704 
s 4
f 3778/3791/1701 3779/3612/1699 3907/3612/1699 
f 3907/3612/1699 3906/3791/1701 3778/3791/1701 
s 2
f 3906/3702/1702 3907/3817/1700 3613/3699/1495 
f 3613/3699/1495 3611/3702/1496 3906/3702/1702 
s 4
f 3779/3612/1699 3780/3611/1697 3908/3611/1697 
f 3908/3611/1697 3907/3612/1699 3779/3612/1699 
s 2
f 3907/3817/1700 3908/3703/1698 3615/3703/1494 
f 3615/3703/1494 3613/3699/1495 3907/3817/1700 
s 4
f 3780/3611/1697 3781/3610/1695 3909/3818/1695 
f 3909/3818/1695 3908/3611/1697 3780/3611/1697 
s 2
f 3908/3703/1698 3909/3705/1696 3617/3705/1493 
f 3617/3705/1493 3615/3703/1494 3908/3703/1698 
s 4
f 3781/3610/1695 3782/3608/1693 3910/3608/1693 
f 3910/3608/1693 3909/3818/1695 3781/3610/1695 
s 2
f 3909/3705/1696 3910/3707/1694 3619/3707/1492 
f 3619/3707/1492 3617/3705/1493 3909/3705/1696 
s 4
f 3782/3608/1693 3783/3792/1691 3911/3792/1691 
f 3911/3792/1691 3910/3608/1693 3782/3608/1693 
s 2
f 3910/3707/1694 3911/3709/1692 3621/3709/1491 
f 3621/3709/1491 3619/3707/1492 3910/3707/1694 
s 4
f 3783/3792/1691 3784/3605/1689 3912/3605/1689 
f 3912/3605/1689 3911/3792/1691 3783/3792/1691 
s 2
f 3911/3709/1692 3912/3711/1690 3623/3711/1490 
f 3623/3711/1490 3621/3709/1491 3911/3709/1692 
s 4
f 3784/3605/1689 3785/3604/1687 3913/3604/1687 
f 3913/3604/1687 3912/3605/1689 3784/3605/1689 
s 2
f 3912/3711/1690 3913/3713/1688 3625/3713/1489 
f 3625/3713/1489 3623/3711/1490 3912/3711/1690 
s 4
f 3785/3604/1687 3786/3603/1684 3914/3603/1684 
f 3914/3603/1684 3913/3604/1687 3785/3604/1687 
s 2
f 3913/3713/1688 3914/3715/1686 3627/3715/1487 
f 3627/3715/1487 3625/3713/1489 3913/3713/1688 
s 4
f 3786/3603/1684 3787/3602/1683 3915/3602/1683 
f 3915/3602/1683 3914/3603/1684 3786/3603/1684 
s 2
f 3914/3715/1686 3915/3717/1685 3629/3717/1488 
f 3629/3717/1488 3627/3715/1487 3914/3715/1686 
s 4
f 3787/3602/1683 3788/3601/1791 3916/3601/1791 
f 3916/3601/1791 3915/3602/1683 3787/3602/1683 
s 2
f 3915/3717/1685 3916/3719/1792 3631/3719/1552 
f 3631/3719/1552 3629/3717/1488 3915/3717/1685 
s 4
f 3788/3601/1791 3789/3793/1789 3917/3793/1789 
f 3917/3793/1789 3916/3601/1791 3788/3601/1791 
s 2
f 3916/3719/1792 3917/3721/1790 3633/3721/1551 
f 3633/3721/1551 3631/3719/1552 3916/3719/1792 
s 4
f 3789/3793/1789 3790/3597/1787 3918/3597/1787 
f 3918/3597/1787 3917/3793/1789 3789/3793/1789 
s 2
f 3917/3721/1790 3918/3723/1788 3635/3723/1550 
f 3635/3723/1550 3633/3721/1551 3917/3721/1790 
s 4
f 3790/3597/1787 3791/3596/1785 3919/3819/1785 
f 3919/3819/1785 3918/3597/1787 3790/3597/1787 
s 2
f 3918/3723/1788 3919/3725/1786 3637/3725/1549 
f 3637/3725/1549 3635/3723/1550 3918/3723/1788 
s 4
f 3791/3596/1785 3792/3595/1783 3920/3595/1783 
f 3920/3595/1783 3919/3819/1785 3791/3596/1785 
s 2
f 3919/3725/1786 3920/3727/1784 3639/3727/1548 
f 3639/3727/1548 3637/3725/1549 3919/3725/1786 
s 4
f 3792/3595/1783 3793/3593/1781 3921/3593/1781 
f 3921/3593/1781 3920/3595/1783 3792/3595/1783 
s 2
f 3920/3727/1784 3921/3820/1782 3641/3729/1547 
f 3641/3729/1547 3639/3727/1548 3920/3727/1784 
s 4
f 3793/3593/1781 3794/3794/1779 3922/3794/1779 
f 3922/3794/1779 3921/3593/1781 3793/3593/1781 
s 2
f 3921/3820/1782 3922/3731/1780 3643/3731/1546 
f 3643/3731/1546 3641/3729/1547 3921/3820/1782 
s 4
f 3794/3794/1779 3795/3590/1777 3923/3590/1777 
f 3923/3590/1777 3922/3794/1779 3794/3794/1779 
s 2
f 3922/3736/1780 3923/3821/1778 3645/3733/1545 
f 3645/3733/1545 3643/3736/1546 3922/3736/1780 
s 4
f 3795/3590/1777 3796/3589/1775 3924/3589/1775 
f 3924/3589/1775 3923/3590/1777 3795/3590/1777 
s 2
f 3923/3821/1778 3924/3737/1776 3647/3737/1544 
f 3647/3737/1544 3645/3733/1545 3923/3821/1778 
s 4
f 3796/3589/1775 3797/3588/1773 3925/3822/1773 
f 3925/3822/1773 3924/3589/1775 3796/3589/1775 
s 2
f 3924/3737/1776 3925/3739/1774 3649/3739/1543 
f 3649/3739/1543 3647/3737/1544 3924/3737/1776 
s 4
f 3797/3588/1773 3798/3586/1771 3926/3586/1771 
f 3926/3586/1771 3925/3822/1773 3797/3588/1773 
s 2
f 3925/3739/1774 3926/3741/1772 3651/3741/1542 
f 3651/3741/1542 3649/3739/1543 3925/3739/1774 
s 4
f 3798/3586/1771 3799/3795/1769 3927/3795/1769 
f 3927/3795/1769 3926/3586/1771 3798/3586/1771 
s 2
f 3926/3741/1772 3927/3743/1770 3653/3743/1541 
f 3653/3743/1541 3651/3741/1542 3926/3741/1772 
s 4
f 3799/3795/1769 3800/3583/1767 3928/3583/1767 
f 3928/3583/1767 3927/3795/1769 3799/3795/1769 
s 2
f 3927/3743/1770 3928/2745/1768 3655/2745/1540 
f 3655/2745/1540 3653/3743/1541 3927/3743/1770 
s 4
f 3800/3583/1767 3801/3582/1765 3929/3582/1765 
f 3929/3582/1765 3928/3583/1767 3800/3583/1767 
s 2
f 3928/2745/1768 3929/3746/1766 3657/3746/1539 
f 3657/3746/1539 3655/2745/1540 3928/2745/1768 
s 4
f 3801/3582/1765 3802/3581/2338 3930/3581/2338 
f 3930/3581/2338 3929/3582/1765 3801/3582/1765 
s 2
f 3929/3746/1766 3930/3748/2339 3659/3748/2331 
f 3659/3748/2331 3657/3746/1539 3929/3746/1766 
s 4
f 3802/3581/2338 3803/3580/1761 3931/3580/1761 
f 3931/3580/1761 3930/3581/2338 3802/3581/2338 
s 2
f 3930/3748/2339 3931/3750/1762 3661/3750/1537 
f 3661/3750/1537 3659/3748/2331 3930/3748/2339 
s 4
f 3803/3580/1761 3804/3579/993 3932/3579/993 
f 3932/3579/993 3931/3580/1761 3803/3580/1761 
s 2
f 3931/3750/1762 3932/2737/1760 3663/2737/1536 
f 3663/2737/1536 3661/3750/1537 3931/3750/1762 
s 4
f 3804/3579/993 3805/3796/1758 3933/3796/1758 
f 3933/3796/1758 3932/3579/993 3804/3579/993 
s 2
f 3932/2737/1760 3933/3753/1759 3665/3753/1535 
f 3665/3753/1535 3663/2737/1536 3932/2737/1760 
s 4
f 3805/3796/1758 3806/3575/1011 3934/3575/1011 
f 3934/3575/1011 3933/3796/1758 3805/3796/1758 
s 2
f 3933/3753/1759 3934/3755/1757 3667/3755/1534 
f 3667/3755/1534 3665/3753/1535 3933/3753/1759 
s 4
f 3806/3575/1011 3807/3574/1021 3935/3823/1021 
f 3935/3823/1021 3934/3575/1011 3806/3575/1011 
s 2
f 3934/3755/1757 3935/3757/1756 3669/3757/1533 
f 3669/3757/1533 3667/3755/1534 3934/3755/1757 
s 4
f 3807/3574/1021 3808/3573/1029 3936/3573/1029 
f 3936/3573/1029 3935/3823/1021 3807/3574/1021 
s 2
f 3935/3757/1756 3936/3759/1755 3671/3759/1532 
f 3671/3759/1532 3669/3757/1533 3935/3757/1756 
s 4
f 3808/3573/1029 3809/3571/1753 3937/3571/1753 
f 3937/3571/1753 3936/3573/1029 3808/3573/1029 
s 2
f 3936/3759/1755 3937/3824/1754 3673/3761/1531 
f 3673/3761/1531 3671/3759/1532 3936/3759/1755 
s 4
f 3809/3571/1753 3810/3797/1047 3938/3797/1047 
f 3938/3797/1047 3937/3571/1753 3809/3571/1753 
s 2
f 3937/3824/1754 3938/3763/1752 3675/3763/1530 
f 3675/3763/1530 3673/3761/1531 3937/3824/1754 
s 4
f 3810/3797/1047 3811/3568/1750 3939/3568/1750 
f 3939/3568/1750 3938/3797/1047 3810/3797/1047 
s 2
f 3938/3768/1752 3939/3825/1751 3677/3765/1529 
f 3677/3765/1529 3675/3768/1530 3938/3768/1752 
s 4
f 3811/3568/1750 3812/3567/1064 3940/3567/1064 
f 3940/3567/1064 3939/3568/1750 3811/3568/1750 
s 2
f 3939/3825/1751 3940/3769/1749 3679/3769/1528 
f 3679/3769/1528 3677/3765/1529 3939/3825/1751 
s 4
f 3812/3567/1064 3813/3566/1074 3941/3826/1074 
f 3941/3826/1074 3940/3567/1064 3812/3567/1064 
s 2
f 3940/3769/1749 3941/3771/1748 3681/3771/1527 
f 3681/3771/1527 3679/3769/1528 3940/3769/1749 
s 4
f 3813/3566/1074 3814/3564/1082 3942/3564/1082 
f 3942/3564/1082 3941/3826/1074 3813/3566/1074 
s 2
f 3941/3771/1748 3942/3773/1747 3683/3773/1526 
f 3683/3773/1526 3681/3771/1527 3941/3771/1748 
s 4
f 3814/3564/1082 3815/3798/1745 3943/3798/1745 
f 3943/3798/1745 3942/3564/1082 3814/3564/1082 
s 2
f 3942/3773/1747 3943/3775/1746 3685/3775/1525 
f 3685/3775/1525 3683/3773/1526 3942/3773/1747 
s 4
f 3815/3798/1745 3816/3561/1100 3944/3561/1100 
f 3944/3561/1100 3943/3798/1745 3815/3798/1745 
s 2
f 3943/3775/1746 3944/3777/1744 3687/3777/1523 
f 3687/3777/1523 3685/3775/1525 3943/3775/1746 
s 4
f 3816/3561/1100 3754/3560/1742 3882/3560/1742 
f 3882/3560/1742 3944/3561/1100 3816/3561/1100 
s 2
f 3944/3777/1744 3882/3650/1743 3564/3650/1522 
f 3564/3650/1522 3687/3777/1523 3944/3777/1744 
s 4
f 3818/3413/1826 3817/3486/1825 3945/3486/1825 
f 3945/3486/1825 3946/3413/1826 3818/3413/1826 
s 2
f 3946/3413/1827 3945/3486/1688 3689/3486/1489 
f 3689/3486/1489 3690/3413/1554 3946/3413/1827 
s 4
f 3817/3799/1825 3819/3561/1824 3947/3561/1824 
f 3947/3561/1824 3945/3799/1825 3817/3799/1825 
s 2
f 3945/3486/1688 3947/3653/1690 3691/3653/1490 
f 3691/3653/1490 3689/3486/1489 3945/3486/1688 
s 4
f 3819/3561/1824 3820/3563/1823 3948/3563/1823 
f 3948/3563/1823 3947/3561/1824 3819/3561/1824 
s 2
f 3947/3653/1690 3948/3482/1692 3692/3482/1491 
f 3692/3482/1491 3691/3653/1490 3947/3653/1690 
s 4
f 3820/3563/1823 3821/3565/1822 3949/3565/1822 
f 3949/3565/1822 3948/3563/1823 3820/3563/1823 
s 2
f 3948/3482/1692 3949/3480/1694 3693/3480/1492 
f 3693/3480/1492 3692/3482/1491 3948/3482/1692 
s 4
f 3821/3565/1822 3822/3566/1821 3950/3566/1821 
f 3950/3566/1821 3949/3565/1822 3821/3565/1822 
s 2
f 3949/3480/1694 3950/3478/1696 3694/3478/1493 
f 3694/3478/1493 3693/3480/1492 3949/3480/1694 
s 4
f 3822/3566/1821 3823/3567/1820 3951/3827/1820 
f 3951/3827/1820 3950/3566/1821 3822/3566/1821 
s 2
f 3950/3478/1696 3951/3476/1698 3695/3476/1494 
f 3695/3476/1494 3694/3478/1493 3950/3478/1696 
s 4
f 3823/3567/1820 3824/3569/1819 3952/3569/1819 
f 3952/3569/1819 3951/3827/1820 3823/3567/1820 
s 2
f 3951/3476/1698 3952/3472/1700 3696/3472/1495 
f 3696/3472/1495 3695/3476/1494 3951/3476/1698 
s 4
f 3824/3569/1819 3825/3570/1818 3953/3570/1818 
f 3953/3570/1818 3952/3569/1819 3824/3569/1819 
s 2
f 3952/3472/1700 3953/3473/1702 3697/3473/1496 
f 3697/3473/1496 3696/3472/1495 3952/3472/1700 
s 4
f 3825/3570/1818 3826/3572/1817 3954/3572/1817 
f 3954/3572/1817 3953/3570/1818 3825/3570/1818 
s 2
f 3953/2312/1702 3954/2313/1704 3698/2313/1497 
f 3698/2313/1497 3697/2312/1496 3953/2312/1702 
s 4
f 3826/3572/1817 3827/3573/1816 3955/3828/1816 
f 3955/3828/1816 3954/3572/1817 3826/3572/1817 
s 2
f 3954/2313/1704 3955/2315/1706 3699/2315/1498 
f 3699/2315/1498 3698/2313/1497 3954/2313/1704 
s 4
f 3827/3573/1816 3828/3574/1815 3956/3574/1815 
f 3956/3574/1815 3955/3828/1816 3827/3573/1816 
s 2
f 3955/2315/1706 3956/2317/1708 3700/2317/1499 
f 3700/2317/1499 3699/2315/1498 3955/2315/1706 
s 4
f 3828/3574/1815 3829/3576/1814 3957/3576/1814 
f 3957/3576/1814 3956/3574/1815 3828/3574/1815 
s 2
f 3956/2317/1708 3957/2319/1710 3701/2319/1500 
f 3701/2319/1500 3700/2317/1499 3956/2317/1708 
s 4
f 3829/3576/1814 3830/3578/1813 3958/3578/1813 
f 3958/3578/1813 3957/3576/1814 3829/3576/1814 
s 2
f 3957/2319/1710 3958/2321/1712 3702/2321/1501 
f 3702/2321/1501 3701/2319/1500 3957/2319/1710 
s 4
f 3830/3578/1813 3831/3579/1812 3959/3579/1812 
f 3959/3579/1812 3958/3578/1813 3830/3578/1813 
s 2
f 3958/2321/1712 3959/2696/1714 3703/2696/1502 
f 3703/2696/1502 3702/2321/1501 3958/2321/1712 
s 4
f 3831/3579/1812 3832/3801/1811 3960/3801/1811 
f 3960/3801/1811 3959/3579/1812 3831/3579/1812 
s 2
f 3959/2696/1714 3960/2325/1716 3704/2325/1503 
f 3704/2325/1503 3703/2696/1502 3959/2696/1714 
s 4
f 3832/2325/1811 3833/2327/2340 3961/2327/2340 
f 3961/2327/2340 3960/2325/1811 3832/2325/1811 
s 2
f 3960/2325/1716 3961/2327/2337 3705/2327/2329 
f 3705/2327/2329 3704/2325/1503 3960/2325/1716 
s 4
f 3833/2327/2340 3834/2329/1809 3962/2329/1809 
f 3962/2329/1809 3961/2327/2340 3833/2327/2340 
s 2
f 3961/2327/2337 3962/2329/1720 3706/2329/1505 
f 3706/2329/1505 3705/2327/2329 3961/2327/2337 
s 4
f 3834/3803/1809 3835/3583/1808 3963/3583/1808 
f 3963/3583/1808 3962/3803/1809 3834/3803/1809 
s 2
f 3962/2329/1720 3963/2688/1721 3707/2688/1506 
f 3707/2688/1506 3706/2329/1505 3962/2329/1720 
s 4
f 3835/3583/1808 3836/3585/1807 3964/3585/1807 
f 3964/3585/1807 3963/3583/1808 3835/3583/1808 
s 2
f 3963/2688/1721 3964/2333/1723 3708/2333/1507 
f 3708/2333/1507 3707/2688/1506 3963/2688/1721 
s 4
f 3836/3585/1807 3837/3587/1806 3965/3587/1806 
f 3965/3587/1806 3964/3585/1807 3836/3585/1807 
s 2
f 3964/2333/1723 3965/2335/1724 3709/2335/1508 
f 3709/2335/1508 3708/2333/1507 3964/2333/1723 
s 4
f 3837/3587/1806 3838/3588/1805 3966/3588/1805 
f 3966/3588/1805 3965/3587/1806 3837/3587/1806 
s 2
f 3965/2335/1724 3966/2337/1725 3710/2337/1509 
f 3710/2337/1509 3709/2335/1508 3965/2335/1724 
s 4
f 3838/3588/1805 3839/3589/1804 3967/3829/1804 
f 3967/3829/1804 3966/3588/1805 3838/3588/1805 
s 2
f 3966/2337/1725 3967/2339/1726 3711/2339/1510 
f 3711/2339/1510 3710/2337/1509 3966/2337/1725 
s 4
f 3839/3589/1804 3840/3591/1803 3968/3591/1803 
f 3968/3591/1803 3967/3829/1804 3839/3589/1804 
s 2
f 3967/2339/1726 3968/2341/1728 3712/2341/1511 
f 3712/2341/1511 3711/2339/1510 3967/2339/1726 
s 4
f 3840/3591/1803 3841/3592/1802 3969/3592/1802 
f 3969/3592/1802 3968/3591/1803 3840/3591/1803 
s 2
f 3968/2341/1728 3969/2343/1729 3713/2343/1512 
f 3713/2343/1512 3712/2341/1511 3968/2341/1728 
s 4
f 3841/3592/1802 3842/3594/1801 3970/3594/1801 
f 3970/3594/1801 3969/3592/1802 3841/3592/1802 
s 2
f 3969/3466/1729 3970/3464/1731 3714/3464/1513 
f 3714/3464/1513 3713/3466/1512 3969/3466/1729 
s 4
f 3842/3594/1801 3843/3595/1800 3971/3830/1800 
f 3971/3830/1800 3970/3594/1801 3842/3594/1801 
s 2
f 3970/3464/1731 3971/3462/1732 3715/3462/1514 
f 3715/3462/1514 3714/3464/1513 3970/3464/1731 
s 4
f 3843/3595/1800 3844/3596/1799 3972/3596/1799 
f 3972/3596/1799 3971/3830/1800 3843/3595/1800 
s 2
f 3971/3462/1732 3972/3460/1733 3716/3460/1515 
f 3716/3460/1515 3715/3462/1514 3971/3462/1732 
s 4
f 3844/3596/1799 3845/3598/1798 3973/3598/1798 
f 3973/3598/1798 3972/3596/1799 3844/3596/1799 
s 2
f 3972/3460/1733 3973/3458/1734 3717/3458/1516 
f 3717/3458/1516 3716/3460/1515 3972/3460/1733 
s 4
f 3845/3598/1798 3846/3600/1797 3974/3600/1797 
f 3974/3600/1797 3973/3598/1798 3845/3598/1798 
s 2
f 3973/3458/1734 3974/3456/1736 3718/3456/1517 
f 3718/3456/1517 3717/3458/1516 3973/3458/1734 
s 4
f 3846/3600/1797 3847/3601/1796 3975/3601/1796 
f 3975/3601/1796 3974/3600/1797 3846/3600/1797 
s 2
f 3974/3456/1736 3975/3711/1737 3719/3711/1518 
f 3719/3711/1518 3718/3456/1517 3974/3456/1736 
s 4
f 3847/3601/1796 3848/3804/1794 3976/3804/1794 
f 3976/3804/1794 3975/3601/1796 3847/3601/1796 
s 2
f 3975/3711/1737 3976/3452/1739 3720/3452/1519 
f 3720/3452/1519 3719/3711/1518 3975/3711/1737 
s 4
f 3848/3452/1794 3849/3450/1793 3977/3450/1793 
f 3977/3450/1793 3976/3452/1794 3848/3452/1794 
s 2
f 3976/3452/1739 3977/3450/1795 3721/3450/1553 
f 3721/3450/1553 3720/3452/1519 3976/3452/1739 
s 4
f 3849/3450/1793 3850/3448/1858 3978/3448/1858 
f 3978/3448/1858 3977/3450/1793 3849/3450/1793 
s 2
f 3977/3450/1795 3978/3448/1743 3722/3448/1522 
f 3722/3448/1522 3721/3450/1553 3977/3450/1795 
s 4
f 3850/3806/1858 3851/3605/1857 3979/3605/1857 
f 3979/3605/1857 3978/3806/1858 3850/3806/1858 
s 2
f 3978/3448/1743 3979/3719/1744 3723/3719/1523 
f 3723/3719/1523 3722/3448/1522 3978/3448/1743 
s 4
f 3851/3605/1857 3852/3607/1856 3980/3607/1856 
f 3980/3607/1856 3979/3605/1857 3851/3605/1857 
s 2
f 3979/3719/1744 3980/3444/1746 3724/3444/1525 
f 3724/3444/1525 3723/3719/1523 3979/3719/1744 
s 4
f 3852/3607/1856 3853/3609/1855 3981/3609/1855 
f 3981/3609/1855 3980/3607/1856 3852/3607/1856 
s 2
f 3980/3444/1746 3981/3442/1747 3725/3442/1526 
f 3725/3442/1526 3724/3444/1525 3980/3444/1746 
s 4
f 3853/3609/1855 3854/3610/1854 3982/3610/1854 
f 3982/3610/1854 3981/3609/1855 3853/3609/1855 
s 2
f 3981/3442/1747 3982/3440/1748 3726/3440/1527 
f 3726/3440/1527 3725/3442/1526 3981/3442/1747 
s 4
f 3854/3610/1854 3855/3611/1853 3983/3831/1853 
f 3983/3831/1853 3982/3610/1854 3854/3610/1854 
s 2
f 3982/3440/1748 3983/3438/1749 3727/3438/1528 
f 3727/3438/1528 3726/3440/1527 3982/3440/1748 
s 4
f 3855/3611/1853 3856/3613/1852 3984/3613/1852 
f 3984/3613/1852 3983/3831/1853 3855/3611/1853 
s 2
f 3983/3438/1749 3984/3434/1751 3728/3434/1529 
f 3728/3434/1529 3727/3438/1528 3983/3438/1749 
s 4
f 3856/3613/1852 3857/3614/1851 3985/3614/1851 
f 3985/3614/1851 3984/3613/1852 3856/3613/1852 
s 2
f 3984/3434/1751 3985/3435/1752 3729/3435/1530 
f 3729/3435/1530 3728/3434/1529 3984/3434/1751 
s 4
f 3857/3614/1851 3858/3616/1850 3986/3616/1850 
f 3986/3616/1850 3985/3614/1851 3857/3614/1851 
s 2
f 3985/2380/1752 3986/2381/1754 3730/2381/1531 
f 3730/2381/1531 3729/2380/1530 3985/2380/1752 
s 4
f 3858/3616/1850 3859/3617/1849 3987/3832/1849 
f 3987/3832/1849 3986/3616/1850 3858/3616/1850 
s 2
f 3986/2381/1754 3987/2383/1755 3731/2383/1532 
f 3731/2383/1532 3730/2381/1531 3986/2381/1754 
s 4
f 3859/3617/1849 3860/3618/1848 3988/3618/1848 
f 3988/3618/1848 3987/3832/1849 3859/3617/1849 
s 2
f 3987/2383/1755 3988/2385/1756 3732/2385/1533 
f 3732/2385/1533 3731/2383/1532 3987/2383/1755 
s 4
f 3860/3618/1848 3861/3620/1847 3989/3620/1847 
f 3989/3620/1847 3988/3618/1848 3860/3618/1848 
s 2
f 3988/2385/1756 3989/2387/1757 3733/2387/1534 
f 3733/2387/1534 3732/2385/1533 3988/2385/1756 
s 4
f 3861/3620/1847 3862/3622/1846 3990/3622/1846 
f 3990/3622/1846 3989/3620/1847 3861/3620/1847 
s 2
f 3989/2387/1757 3990/2389/1759 3734/2389/1535 
f 3734/2389/1535 3733/2387/1534 3989/2387/1757 
s 4
f 3862/3622/1846 3863/3623/1845 3991/3623/1845 
f 3991/3623/1845 3990/3622/1846 3862/3622/1846 
s 2
f 3990/2389/1759 3991/2628/1760 3735/2628/1536 
f 3735/2628/1536 3734/2389/1535 3990/2389/1759 
s 4
f 3863/3623/1845 3864/3807/1844 3992/3807/1844 
f 3992/3807/1844 3991/3623/1845 3863/3623/1845 
s 2
f 3991/2628/1760 3992/2393/1762 3736/2393/1537 
f 3736/2393/1537 3735/2628/1536 3991/2628/1760 
s 4
f 3864/2393/1844 3865/2395/2341 3993/2395/2341 
f 3993/2395/2341 3992/2393/1844 3864/2393/1844 
s 2
f 3992/2393/1762 3993/2395/2339 3737/2395/2331 
f 3737/2395/2331 3736/2393/1537 3992/2393/1762 
s 4
f 3865/2395/2341 3866/2397/1842 3994/2397/1842 
f 3994/2397/1842 3993/2395/2341 3865/2395/2341 
s 2
f 3993/2395/2339 3994/2397/1766 3738/2397/1539 
f 3738/2397/1539 3737/2395/2331 3993/2395/2339 
s 4
f 3866/3809/1842 3867/3627/1841 3995/3627/1841 
f 3995/3627/1841 3994/3809/1842 3866/3809/1842 
s 2
f 3994/2397/1766 3995/2620/1768 3739/2620/1540 
f 3739/2620/1540 3738/2397/1539 3994/2397/1766 
s 4
f 3867/3627/1841 3868/3629/1840 3996/3629/1840 
f 3996/3629/1840 3995/3627/1841 3867/3627/1841 
s 2
f 3995/2620/1768 3996/2401/1770 3740/2401/1541 
f 3740/2401/1541 3739/2620/1540 3995/2620/1768 
s 4
f 3868/3629/1840 3869/3631/1839 3997/3631/1839 
f 3997/3631/1839 3996/3629/1840 3868/3629/1840 
s 2
f 3996/2401/1770 3997/2403/1772 3741/2403/1542 
f 3741/2403/1542 3740/2401/1541 3996/2401/1770 
s 4
f 3869/3631/1839 3870/3632/1838 3998/3632/1838 
f 3998/3632/1838 3997/3631/1839 3869/3631/1839 
s 2
f 3997/2403/1772 3998/2405/1774 3742/2405/1543 
f 3742/2405/1543 3741/2403/1542 3997/2403/1772 
s 4
f 3870/3632/1838 3871/3633/1837 3999/3833/1837 
f 3999/3833/1837 3998/3632/1838 3870/3632/1838 
s 2
f 3998/2405/1774 3999/2407/1776 3743/2407/1544 
f 3743/2407/1544 3742/2405/1543 3998/2405/1774 
s 4
f 3871/3633/1837 3872/3635/1836 4000/3635/1836 
f 4000/3635/1836 3999/3833/1837 3871/3633/1837 
s 2
f 3999/2407/1776 4000/2409/1778 3744/2409/1545 
f 3744/2409/1545 3743/2407/1544 3999/2407/1776 
s 4
f 3872/3635/1836 3873/3636/1835 4001/3636/1835 
f 4001/3636/1835 4000/3635/1836 3872/3635/1836 
s 2
f 4000/2409/1778 4001/2411/1780 3745/2411/1546 
f 3745/2411/1546 3744/2409/1545 4000/2409/1778 
s 4
f 3873/3636/1835 3874/3638/1834 4002/3638/1834 
f 4002/3638/1834 4001/3636/1835 3873/3636/1835 
s 2
f 4001/3428/1780 4002/3426/1782 3746/3426/1547 
f 3746/3426/1547 3745/3428/1546 4001/3428/1780 
s 4
f 3874/3638/1834 3875/3639/1833 4003/3834/1833 
f 4003/3834/1833 4002/3638/1834 3874/3638/1834 
s 2
f 4002/3426/1782 4003/3424/1784 3747/3424/1548 
f 3747/3424/1548 3746/3426/1547 4002/3426/1782 
s 4
f 3875/3639/1833 3876/3640/1832 4004/3640/1832 
f 4004/3640/1832 4003/3834/1833 3875/3639/1833 
s 2
f 4003/3424/1784 4004/3422/1786 3748/3422/1549 
f 3748/3422/1549 3747/3424/1548 4003/3424/1784 
s 4
f 3876/3640/1832 3877/3642/1831 4005/3642/1831 
f 4005/3642/1831 4004/3640/1832 3876/3640/1832 
s 2
f 4004/3422/1786 4005/3420/1788 3749/3420/1550 
f 3749/3420/1550 3748/3422/1549 4004/3422/1786 
s 4
f 3877/3642/1831 3878/3644/1830 4006/3644/1830 
f 4006/3644/1830 4005/3642/1831 3877/3642/1831 
s 2
f 4005/3420/1788 4006/3418/1790 3750/3418/1551 
f 3750/3418/1551 3749/3420/1550 4005/3420/1788 
s 4
f 3878/3644/1830 3879/3645/1829 4007/3645/1829 
f 4007/3645/1829 4006/3644/1830 3878/3644/1830 
s 2
f 4006/3418/1790 4007/3777/1792 3751/3777/1552 
f 3751/3777/1552 3750/3418/1551 4006/3418/1790 
s 4
f 3879/3645/1829 3880/3810/1828 4008/3810/1828 
f 4008/3810/1828 4007/3645/1829 3879/3645/1829 
s 2
f 4007/3777/1792 4008/3412/1685 3752/3412/1488 
f 3752/3412/1488 3751/3777/1552 4007/3777/1792 
s 4
f 3880/3412/1828 3818/3413/1826 3946/3413/1826 
f 3946/3413/1826 4008/3412/1828 3880/3412/1828 
s 2
f 4008/3412/1685 3946/3413/1827 3690/3413/1554 
f 3690/3413/1554 3752/3412/1488 4008/3412/1685 
s 1
f 2541/2844/1859 2711/2852/2000 2705/2849/97 
f 2705/2849/97 1224/1716/98 2541/2844/1859 
f 1578/2845/1277 2713/2853/2002 2711/2852/2000 
f 2711/2852/2000 2541/2844/1859 1578/2845/1277 
f 2542/2846/1860 2920/3008/2170 2919/3007/2168 
f 2919/3007/2168 2543/2847/1861 2542/2846/1860 
f 1227/2848/977 2706/3009/1996 2920/3008/2170 
f 2920/3008/2170 2542/2846/1860 1227/2848/977 
f 4009/3835/130 4010/3836/130 4011/3837/130 
f 4011/3837/130 1640/2167/130 3121/3299/130 
f 4011/3837/130 3121/3299/130 4012/3838/130 
f 4011/3837/130 4012/3838/130 4013/3839/130 
f 4011/3837/130 4013/3839/130 4014/3840/130 
f 4011/3837/130 4014/3840/130 4015/3841/130 
f 4011/3837/130 4015/3841/130 4016/3842/130 
f 4011/3837/130 4016/3842/130 4017/3843/130 
f 4011/3837/130 4017/3843/130 4018/3844/130 
f 4011/3837/130 4018/3844/130 4019/3845/130 
f 4011/3837/130 4019/3845/130 4020/3846/130 
f 4011/3837/130 4020/3846/130 4021/3847/130 
f 4011/3837/130 4021/3847/130 4022/3848/130 
f 4011/3837/130 4022/3848/130 4023/3849/130 
f 4011/3837/130 4023/3849/130 4024/3850/130 
f 4011/3837/130 4024/3850/130 4025/3851/130 
f 4011/3837/130 4025/3851/130 4026/3852/130 
f 4011/3837/130 4026/3852/130 4027/3853/130 
f 4011/3837/130 4027/3853/130 4028/3854/130 
f 4029/3855/130 3115/3293/130 3114/3292/130 
f 4030/3856/130 4029/3855/130 3114/3292/130 
f 4031/3857/130 4030/3856/130 3114/3292/130 
f 4032/3858/130 4031/3857/130 3114/3292/130 
f 4033/3859/130 4032/3858/130 3114/3292/130 
f 4034/3860/130 4033/3859/130 3114/3292/130 
f 4035/3861/130 4034/3860/130 3114/3292/130 
f 4036/3862/130 4035/3861/130 3114/3292/130 
f 4037/3863/130 4036/3862/130 3114/3292/130 
f 4038/3864/130 4037/3863/130 3114/3292/130 
f 4039/3865/130 4038/3864/130 3114/3292/130 
f 4040/3866/130 4039/3865/130 3114/3292/130 
f 4041/3867/130 4040/3866/130 3114/3292/130 
f 4042/3868/130 4041/3867/130 3114/3292/130 
f 4028/3854/130 4042/3868/130 3114/3292/130 
f 4011/3837/130 4028/3854/130 3114/3292/130 
f 3114/3292/130 4043/3869/130 4044/3870/130 
f 4044/3870/130 4045/3871/130 4046/3872/130 
f 3114/3292/130 4044/3870/130 4046/3872/130 
f 4046/3872/130 4047/3873/130 4048/3874/130 
f 4048/3874/130 4049/3875/130 4050/3876/130 
f 4046/3872/130 4048/3874/130 4050/3876/130 
f 3114/3292/130 4046/3872/130 4050/3876/130 
f 4050/3876/130 4051/3877/130 4052/3878/130 
f 4052/3878/130 4053/3879/130 4054/3880/130 
f 4050/3876/130 4052/3878/130 4054/3880/130 
f 4054/3880/130 4055/3881/130 4056/3248/130 
f 4056/3248/130 4057/3245/130 4058/3882/130 
f 4054/3880/130 4056/3248/130 4058/3882/130 
f 4050/3876/130 4054/3880/130 4058/3882/130 
f 3114/3292/130 4050/3876/130 4058/3882/130 
f 4011/3837/130 3114/3292/130 4058/3882/130 
f 4058/3882/130 4059/3239/130 4060/3236/130 
f 4060/3236/130 4061/3883/130 4062/3884/130 
f 4058/3882/130 4060/3236/130 4062/3884/130 
f 4062/3884/130 4063/3885/130 4064/3886/130 
f 4064/3886/130 4065/3887/130 4066/3888/130 
f 4062/3884/130 4064/3886/130 4066/3888/130 
f 4058/3882/130 4062/3884/130 4066/3888/130 
f 4011/3837/130 4058/3882/130 4066/3888/130 
f 4066/3888/130 4067/3889/130 4068/3890/130 
f 4068/3890/130 4069/3891/130 4070/3892/130 
f 4066/3888/130 4068/3890/130 4070/3892/130 
f 4011/3837/130 4066/3888/130 4070/3892/130 
f 4009/3835/130 4011/3837/130 4070/3892/130 
f 4009/3835/130 4070/3892/130 4071/3893/130 
f 4072/3894/130 1661/2188/130 1660/2187/130 
f 4072/3894/130 1660/2187/130 4073/3895/130 
f 4072/3894/130 4073/3895/130 4074/3896/130 
f 4072/3894/130 4074/3896/130 4075/3897/130 
f 4076/3898/130 1641/2168/130 1640/2167/130 
f 4077/3899/130 4076/3898/130 1640/2167/130 
f 4078/3900/130 4077/3899/130 1640/2167/130 
f 4079/3901/130 4078/3900/130 1640/2167/130 
f 4080/3902/130 4079/3901/130 1640/2167/130 
f 4081/3903/130 4080/3902/130 1640/2167/130 
f 4082/3904/130 4081/3903/130 1640/2167/130 
f 4083/3905/130 4082/3904/130 1640/2167/130 
f 1640/2167/130 4011/3837/130 4084/3906/130 
f 4084/3906/130 4085/3907/130 4086/3908/130 
f 1640/2167/130 4084/3906/130 4086/3908/130 
f 4086/3908/130 4087/3909/130 4088/3910/130 
f 4088/3910/130 4089/3911/130 4090/3912/130 
f 4086/3908/130 4088/3910/130 4090/3912/130 
f 1640/2167/130 4086/3908/130 4090/3912/130 
f 4090/3912/130 4091/3913/130 4092/3914/130 
f 4092/3914/130 4093/3915/130 4094/3916/130 
f 4090/3912/130 4092/3914/130 4094/3916/130 
f 4094/3916/130 4095/3917/130 4096/3918/130 
f 4096/3918/130 4097/2114/130 4098/2117/130 
f 4094/3916/130 4096/3918/130 4098/2117/130 
f 4090/3912/130 4094/3916/130 4098/2117/130 
f 1640/2167/130 4090/3912/130 4098/2117/130 
f 4083/3905/130 1640/2167/130 4098/2117/130 
f 4099/3919/130 4083/3905/130 4098/2117/130 
f 4100/3920/130 4099/3919/130 4098/2117/130 
f 4101/3921/130 4100/3920/130 4098/2117/130 
f 4102/3922/130 4101/3921/130 4098/2117/130 
f 4103/3923/130 4102/3922/130 4098/2117/130 
f 4104/3924/130 4103/3923/130 4098/2117/130 
f 4105/3925/130 4104/3924/130 4098/2117/130 
f 4106/3926/130 4105/3925/130 4098/2117/130 
f 4107/3927/130 4106/3926/130 4098/2117/130 
f 4108/3928/130 4107/3927/130 4098/2117/130 
f 4109/3929/130 4108/3928/130 4098/2117/130 
f 4110/3930/130 4109/3929/130 4098/2117/130 
f 4111/3931/130 4110/3930/130 4098/2117/130 
f 4112/3932/130 4111/3931/130 4098/2117/130 
f 4113/3933/130 4112/3932/130 4098/2117/130 
f 4114/3934/130 4113/3933/130 4098/2117/130 
f 4115/3935/130 4114/3934/130 4098/2117/130 
f 4116/3936/130 4115/3935/130 4098/2117/130 
f 4117/3937/130 4116/3936/130 4098/2117/130 
f 4118/3938/130 4117/3937/130 4098/2117/130 
f 4075/3897/130 4118/3938/130 4098/2117/130 
f 4072/3894/130 4075/3897/130 4098/2117/130 
f 4098/2117/130 4119/3939/130 4120/2123/130 
f 4120/2123/130 4121/2126/130 4122/3940/130 
f 4098/2117/130 4120/2123/130 4122/3940/130 
f 4122/3940/130 4123/3941/130 4124/3942/130 
f 4124/3942/130 4125/3943/130 4126/3944/130 
f 4122/3940/130 4124/3942/130 4126/3944/130 
f 4098/2117/130 4122/3940/130 4126/3944/130 
f 4072/3894/130 4098/2117/130 4126/3944/130 
f 4126/3944/130 4127/3945/130 4128/3946/130 
f 4128/3946/130 4129/3947/130 4130/3948/130 
f 4126/3944/130 4128/3946/130 4130/3948/130 
f 4072/3894/130 4126/3944/130 4130/3948/130 
f 4130/3948/130 4131/3949/130 4132/3950/130 
f 4072/3894/130 4130/3948/130 4132/3950/130 
f 4072/3894/130 4132/3950/130 4133/3951/130 
f 4134/3952/1 4135/3953/1 4136/3954/1 
f 4136/3954/1 1717/2240/1 1716/2239/1 
f 4136/3954/1 1716/2239/1 4137/3955/1 
f 4136/3954/1 4137/3955/1 4138/3956/1 
f 4136/3954/1 4138/3956/1 4139/3957/1 
f 4136/3954/1 4139/3957/1 4140/3958/1 
f 4136/3954/1 4140/3958/1 4141/3959/1 
f 4136/3954/1 4141/3959/1 4142/3960/1 
f 4136/3954/1 4142/3960/1 4143/3961/1 
f 4136/3954/1 4143/3961/1 4144/3962/1 
f 4136/3954/1 4144/3962/1 4145/3963/1 
f 4136/3954/1 4145/3963/1 4146/3964/1 
f 4136/3954/1 4146/3964/1 4147/3965/1 
f 4136/3954/1 4147/3965/1 4148/3966/1 
f 4136/3954/1 4148/3966/1 4149/3967/1 
f 4136/3954/1 4149/3967/1 4150/3968/1 
f 4136/3954/1 4150/3968/1 4151/3969/1 
f 4136/3954/1 4151/3969/1 4152/3970/1 
f 4136/3954/1 4152/3970/1 4153/3971/1 
f 4154/3972/1 1710/2233/1 1709/2232/1 
f 4155/3973/1 4154/3972/1 1709/2232/1 
f 4156/3974/1 4155/3973/1 1709/2232/1 
f 4157/3975/1 4156/3974/1 1709/2232/1 
f 4158/3976/1 4157/3975/1 1709/2232/1 
f 4159/3977/1 4158/3976/1 1709/2232/1 
f 4160/3978/1 4159/3977/1 1709/2232/1 
f 4161/3979/1 4160/3978/1 1709/2232/1 
f 4162/3980/1 4161/3979/1 1709/2232/1 
f 4163/3981/1 4162/3980/1 1709/2232/1 
f 4164/3982/1 4163/3981/1 1709/2232/1 
f 4165/3983/1 4164/3982/1 1709/2232/1 
f 4166/3984/1 4165/3983/1 1709/2232/1 
f 4167/3985/1 4166/3984/1 1709/2232/1 
f 4153/3971/1 4167/3985/1 1709/2232/1 
f 4136/3954/1 4153/3971/1 1709/2232/1 
f 1709/2232/1 4168/3986/1 4169/3987/1 
f 4169/3987/1 4170/3988/1 4171/3989/1 
f 1709/2232/1 4169/3987/1 4171/3989/1 
f 4171/3989/1 4172/3990/1 4173/3991/1 
f 4173/3991/1 4174/3992/1 4175/3993/1 
f 4171/3989/1 4173/3991/1 4175/3993/1 
f 1709/2232/1 4171/3989/1 4175/3993/1 
f 4175/3993/1 4176/3994/1 4177/3995/1 
f 4177/3995/1 4178/3996/1 4179/3997/1 
f 4175/3993/1 4177/3995/1 4179/3997/1 
f 4179/3997/1 4180/3998/1 4181/1826/1 
f 4181/1826/1 4182/1829/1 4183/3999/1 
f 4179/3997/1 4181/1826/1 4183/3999/1 
f 4175/3993/1 4179/3997/1 4183/3999/1 
f 1709/2232/1 4175/3993/1 4183/3999/1 
f 4136/3954/1 1709/2232/1 4183/3999/1 
f 4183/3999/1 4184/1835/1 4185/1838/1 
f 4185/1838/1 4186/4000/1 4187/4001/1 
f 4183/3999/1 4185/1838/1 4187/4001/1 
f 4187/4001/1 4188/4002/1 4189/4003/1 
f 4189/4003/1 4190/4004/1 4191/4005/1 
f 4187/4001/1 4189/4003/1 4191/4005/1 
f 4183/3999/1 4187/4001/1 4191/4005/1 
f 4136/3954/1 4183/3999/1 4191/4005/1 
f 4191/4005/1 4192/4006/1 4193/4007/1 
f 4193/4007/1 4194/4008/1 4195/4009/1 
f 4191/4005/1 4193/4007/1 4195/4009/1 
f 4136/3954/1 4191/4005/1 4195/4009/1 
f 4134/3952/1 4136/3954/1 4195/4009/1 
f 4134/3952/1 4195/4009/1 4196/4010/1 
f 4197/4011/1 3196/3370/1 3195/3369/1 
f 4197/4011/1 3195/3369/1 4198/4012/1 
f 4197/4011/1 4198/4012/1 4199/4013/1 
f 4197/4011/1 4199/4013/1 4200/4014/1 
f 4201/4015/1 3176/3350/1 1717/2240/1 
f 4202/4016/1 4201/4015/1 1717/2240/1 
f 4203/4017/1 4202/4016/1 1717/2240/1 
f 4204/4018/1 4203/4017/1 1717/2240/1 
f 4205/4019/1 4204/4018/1 1717/2240/1 
f 4206/4020/1 4205/4019/1 1717/2240/1 
f 4207/4021/1 4206/4020/1 1717/2240/1 
f 4208/4022/1 4207/4021/1 1717/2240/1 
f 1717/2240/1 4136/3954/1 4209/4023/1 
f 4209/4023/1 4210/4024/1 4211/4025/1 
f 1717/2240/1 4209/4023/1 4211/4025/1 
f 4211/4025/1 4212/4026/1 4213/4027/1 
f 4213/4027/1 4214/4028/1 4215/4029/1 
f 4211/4025/1 4213/4027/1 4215/4029/1 
f 1717/2240/1 4211/4025/1 4215/4029/1 
f 4215/4029/1 4216/4030/1 4217/4031/1 
f 4217/4031/1 4218/4032/1 4219/4033/1 
f 4215/4029/1 4217/4031/1 4219/4033/1 
f 4219/4033/1 4220/4034/1 4221/4035/1 
f 4221/4035/1 4222/2969/1 4223/2966/1 
f 4219/4033/1 4221/4035/1 4223/2966/1 
f 4215/4029/1 4219/4033/1 4223/2966/1 
f 1717/2240/1 4215/4029/1 4223/2966/1 
f 4208/4022/1 1717/2240/1 4223/2966/1 
f 4224/4036/1 4208/4022/1 4223/2966/1 
f 4225/4037/1 4224/4036/1 4223/2966/1 
f 4226/4038/1 4225/4037/1 4223/2966/1 
f 4227/4039/1 4226/4038/1 4223/2966/1 
f 4228/4040/1 4227/4039/1 4223/2966/1 
f 4229/4041/1 4228/4040/1 4223/2966/1 
f 4230/4042/1 4229/4041/1 4223/2966/1 
f 4231/4043/1 4230/4042/1 4223/2966/1 
f 4232/4044/1 4231/4043/1 4223/2966/1 
f 4233/4045/1 4232/4044/1 4223/2966/1 
f 4234/4046/1 4233/4045/1 4223/2966/1 
f 4235/4047/1 4234/4046/1 4223/2966/1 
f 4236/4048/1 4235/4047/1 4223/2966/1 
f 4237/4049/1 4236/4048/1 4223/2966/1 
f 4238/4050/1 4237/4049/1 4223/2966/1 
f 4239/4051/1 4238/4050/1 4223/2966/1 
f 4240/4052/1 4239/4051/1 4223/2966/1 
f 4241/4053/1 4240/4052/1 4223/2966/1 
f 4242/4054/1 4241/4053/1 4223/2966/1 
f 4243/4055/1 4242/4054/1 4223/2966/1 
f 4200/4014/1 4243/4055/1 4223/2966/1 
f 4197/4011/1 4200/4014/1 4223/2966/1 
f 4223/2966/1 4244/4056/1 4245/2960/1 
f 4245/2960/1 4246/2957/1 4247/4057/1 
f 4223/2966/1 4245/2960/1 4247/4057/1 
f 4247/4057/1 4248/4058/1 4249/4059/1 
f 4249/4059/1 4250/4060/1 4251/4061/1 
f 4247/4057/1 4249/4059/1 4251/4061/1 
f 4223/2966/1 4247/4057/1 4251/4061/1 
f 4197/4011/1 4223/2966/1 4251/4061/1 
f 4251/4061/1 4252/4062/1 4253/4063/1 
f 4253/4063/1 4254/4064/1 4255/4065/1 
f 4251/4061/1 4253/4063/1 4255/4065/1 
f 4197/4011/1 4251/4061/1 4255/4065/1 
f 4255/4065/1 4256/4066/1 4257/4067/1 
f 4197/4011/1 4255/4065/1 4257/4067/1 
f 4197/4011/1 4257/4067/1 4258/4068/1 
f 1675/2202/130 1661/2188/130 1511/1978/1222 
f 1511/1978/1222 1510/1977/1221 1675/2202/130 
f 1676/2203/130 1675/2202/130 1510/1977/1221 
f 1510/1977/1221 1513/1982/1221 1676/2203/130 
f 1677/2204/130 1676/2203/130 1513/1982/1221 
f 1513/1982/1221 1515/1985/1225 1677/2204/130 
f 1678/2205/130 1677/2204/130 1515/1985/1225 
f 1515/1985/1225 1517/1988/1225 1678/2205/130 
f 1679/2206/130 1678/2205/130 1517/1988/1225 
f 1517/1988/1225 1519/1991/1228 1679/2206/130 
f 1680/2207/130 1679/2206/130 1519/1991/1228 
f 1519/1991/1228 1521/1994/1230 1680/2207/130 
f 1681/2208/130 1680/2207/130 1521/1994/1230 
f 1521/1994/1230 1523/1997/1230 1681/2208/130 
f 1682/2209/130 1681/2208/130 1523/1997/1230 
f 1523/1997/1230 1525/1999/1233 1682/2209/130 
f 1683/2210/130 1682/2209/130 1525/1999/1233 
f 1525/1999/1233 1527/2002/1233 1683/2210/130 
f 1684/2211/130 1683/2210/130 1527/2002/1233 
f 1527/2002/1233 1529/2005/1236 1684/2211/130 
f 1685/2212/130 1684/2211/130 1529/2005/1236 
f 1529/2005/1236 1531/2008/1236 1685/2212/130 
f 1686/2213/130 1685/2212/130 1531/2008/1236 
f 1531/2008/1236 1533/2011/1239 1686/2213/130 
f 1687/2214/130 1686/2213/130 1533/2011/1239 
f 1533/2011/1239 1535/2014/1239 1687/2214/130 
f 1688/2017/130 1687/2214/130 1535/2014/1239 
f 1535/2014/1239 1537/2017/1242 1688/2017/130 
f 1689/2020/130 1688/2017/130 1537/2017/1242 
f 1537/2017/1242 1539/2020/1244 1689/2020/130 
f 1690/2215/130 1689/2020/130 1539/2020/1244 
f 1539/2020/1244 1541/2023/1246 1690/2215/130 
f 1691/2026/130 1690/2215/130 1541/2023/1246 
f 1541/2023/1246 1543/2026/1248 1691/2026/130 
f 1692/2029/130 1691/2026/130 1543/2026/1248 
f 1543/2026/1248 1545/2029/1250 1692/2029/130 
f 1693/2216/130 1692/2029/130 1545/2029/1250 
f 1545/2029/1250 1547/2032/1252 1693/2216/130 
f 1694/2217/130 1693/2216/130 1547/2032/1252 
f 1547/2032/1252 1549/2035/1252 1694/2217/130 
f 1695/2218/130 1694/2217/130 1549/2035/1252 
f 1549/2035/1252 1551/2038/1255 1695/2218/130 
f 1696/2219/130 1695/2218/130 1551/2038/1255 
f 1551/2038/1255 1553/2041/1255 1696/2219/130 
f 1697/2220/130 1696/2219/130 1553/2041/1255 
f 1553/2041/1255 1555/2044/1258 1697/2220/130 
f 1698/2221/130 1697/2220/130 1555/2044/1258 
f 1555/2044/1258 1557/2046/1258 1698/2221/130 
f 1699/2222/130 1698/2221/130 1557/2046/1258 
f 1557/2046/1258 1559/2049/1261 1699/2222/130 
f 1700/2223/130 1699/2222/130 1559/2049/1261 
f 1559/2049/1261 1561/2052/1261 1700/2223/130 
f 1701/2224/130 1700/2223/130 1561/2052/1261 
f 1561/2052/1261 1563/2055/1264 1701/2224/130 
f 1702/2225/130 1701/2224/130 1563/2055/1264 
f 1563/2055/1264 1565/2058/1266 1702/2225/130 
f 1703/2226/130 1702/2225/130 1565/2058/1266 
f 1565/2058/1266 1567/2061/1266 1703/2226/130 
f 1704/2227/130 1703/2226/130 1567/2061/1266 
f 1567/2061/1266 1569/2064/1269 1704/2227/130 
f 1705/2228/130 1704/2227/130 1569/2064/1269 
f 1569/2064/1269 1571/2067/1269 1705/2228/130 
f 1639/2166/130 1705/2228/130 1571/2067/1269 
f 1571/2067/1269 1573/2070/1272 1639/2166/130 
f 3129/3307/130 1639/2166/130 1573/2070/1272 
f 1573/2070/1272 3047/3195/2272 3129/3307/130 
f 3130/3308/130 3129/3307/130 3047/3195/2272 
f 3047/3195/2272 3045/3192/2272 3130/3308/130 
f 3131/3309/130 3130/3308/130 3045/3192/2272 
f 3045/3192/2272 3043/3189/2269 3131/3309/130 
f 3132/3310/130 3131/3309/130 3043/3189/2269 
f 3043/3189/2269 3041/3186/2269 3132/3310/130 
f 3133/3311/130 3132/3310/130 3041/3186/2269 
f 3041/3186/2269 3039/3183/2267 3133/3311/130 
f 3134/3312/130 3133/3311/130 3039/3183/2267 
f 3039/3183/2267 3037/3180/2264 3134/3312/130 
f 3135/3313/130 3134/3312/130 3037/3180/2264 
f 3037/3180/2264 3035/3177/2264 3135/3313/130 
f 3136/3314/130 3135/3313/130 3035/3177/2264 
f 3035/3177/2264 3033/3175/2261 3136/3314/130 
f 3137/3315/130 3136/3314/130 3033/3175/2261 
f 3033/3175/2261 3031/3172/2261 3137/3315/130 
f 3138/3316/130 3137/3315/130 3031/3172/2261 
f 3031/3172/2261 3029/3169/2258 3138/3316/130 
f 3139/3317/130 3138/3316/130 3029/3169/2258 
f 3029/3169/2258 3027/3166/2258 3139/3317/130 
f 3140/3318/130 3139/3317/130 3027/3166/2258 
f 3027/3166/2258 3025/3163/2255 3140/3318/130 
f 3141/3319/130 3140/3318/130 3025/3163/2255 
f 3025/3163/2255 3023/3160/2255 3141/3319/130 
f 3142/3157/130 3141/3319/130 3023/3160/2255 
f 3023/3160/2255 3021/3157/2253 3142/3157/130 
f 3143/3154/130 3142/3157/130 3021/3157/2253 
f 3021/3157/2253 3019/3154/2251 3143/3154/130 
f 3163/3339/130 3143/3154/130 3019/3154/2251 
f 3019/3154/2251 3017/3151/2249 3163/3339/130 
f 3164/3148/130 3163/3339/130 3017/3151/2249 
f 3017/3151/2249 3015/3148/2247 3164/3148/130 
f 3165/3145/130 3164/3148/130 3015/3148/2247 
f 3015/3148/2247 3013/3145/2245 3165/3145/130 
f 3166/3340/130 3165/3145/130 3013/3145/2245 
f 3013/3145/2245 3011/3142/2242 3166/3340/130 
f 3167/3341/130 3166/3340/130 3011/3142/2242 
f 3011/3142/2242 3009/3139/2242 3167/3341/130 
f 3168/3342/130 3167/3341/130 3009/3139/2242 
f 3009/3139/2242 3007/3136/2239 3168/3342/130 
f 3169/3343/130 3168/3342/130 3007/3136/2239 
f 3007/3136/2239 3005/3133/2239 3169/3343/130 
f 3170/3344/130 3169/3343/130 3005/3133/2239 
f 3005/3133/2239 3003/3130/2236 3170/3344/130 
f 3171/3345/130 3170/3344/130 3003/3130/2236 
f 3003/3130/2236 3001/3128/2236 3171/3345/130 
f 3172/3346/130 3171/3345/130 3001/3128/2236 
f 3001/3128/2236 2999/3125/2233 3172/3346/130 
f 3173/3347/130 3172/3346/130 2999/3125/2233 
f 2999/3125/2233 2997/3122/2233 3173/3347/130 
f 3174/3348/130 3173/3347/130 2997/3122/2233 
f 2997/3122/2233 2995/3119/2231 3174/3348/130 
f 3175/3349/130 3174/3348/130 2995/3119/2231 
f 2995/3119/2231 2993/3116/2228 3175/3349/130 
f 3111/3289/130 3175/3349/130 2993/3116/2228 
f 2993/3116/2228 2991/3113/2228 3111/3289/130 
f 3112/3290/130 3111/3289/130 2991/3113/2228 
f 2991/3113/2228 2989/3110/2225 3112/3290/130 
f 3113/3291/130 3112/3290/130 2989/3110/2225 
f 2989/3110/2225 2987/3106/2225 3113/3291/130 
f 3114/3292/130 3113/3291/130 2987/3106/2225 
f 2987/3106/2225 2986/3105/2224 3114/3292/130 
f 4043/3869/130 3114/3292/130 2986/3105/2224 
f 2986/3105/2224 3109/3286/2322 4043/3869/130 
f 4044/3870/130 4043/3869/130 3109/3286/2322 
f 3109/3286/2322 3107/3283/2322 4044/3870/130 
f 4045/3871/130 4044/3870/130 3107/3283/2322 
f 3107/3283/2322 3105/3280/2319 4045/3871/130 
f 4046/3872/130 4045/3871/130 3105/3280/2319 
f 3105/3280/2319 3103/3277/2319 4046/3872/130 
f 4047/3873/130 4046/3872/130 3103/3277/2319 
f 3103/3277/2319 3101/3274/2317 4047/3873/130 
f 4048/3874/130 4047/3873/130 3101/3274/2317 
f 3101/3274/2317 3099/3271/2314 4048/3874/130 
f 4049/3875/130 4048/3874/130 3099/3271/2314 
f 3099/3271/2314 3097/3268/2314 4049/3875/130 
f 4050/3876/130 4049/3875/130 3097/3268/2314 
f 3097/3268/2314 3095/3266/2311 4050/3876/130 
f 4051/3877/130 4050/3876/130 3095/3266/2311 
f 3095/3266/2311 3093/3263/2311 4051/3877/130 
f 4052/3878/130 4051/3877/130 3093/3263/2311 
f 3093/3263/2311 3091/3260/2308 4052/3878/130 
f 4053/3879/130 4052/3878/130 3091/3260/2308 
f 3091/3260/2308 3089/3257/2308 4053/3879/130 
f 4054/3880/130 4053/3879/130 3089/3257/2308 
f 3089/3257/2308 3087/3254/2305 4054/3880/130 
f 4055/3881/130 4054/3880/130 3087/3254/2305 
f 3087/3254/2305 3085/3251/2305 4055/3881/130 
f 4056/3248/130 4055/3881/130 3085/3251/2305 
f 3085/3251/2305 3083/3248/2303 4056/3248/130 
f 4057/3245/130 4056/3248/130 3083/3248/2303 
f 3083/3248/2303 3081/3245/2301 4057/3245/130 
f 4058/3882/130 4057/3245/130 3081/3245/2301 
f 3081/3245/2301 3079/3242/2299 4058/3882/130 
f 4059/3239/130 4058/3882/130 3079/3242/2299 
f 3079/3242/2299 3077/3239/2297 4059/3239/130 
f 4060/3236/130 4059/3239/130 3077/3239/2297 
f 3077/3239/2297 3075/3236/2295 4060/3236/130 
f 4061/3883/130 4060/3236/130 3075/3236/2295 
f 3075/3236/2295 3073/3233/2292 4061/3883/130 
f 4062/3884/130 4061/3883/130 3073/3233/2292 
f 3073/3233/2292 3071/3230/2292 4062/3884/130 
f 4063/3885/130 4062/3884/130 3071/3230/2292 
f 3071/3230/2292 3069/3227/2289 4063/3885/130 
f 4064/3886/130 4063/3885/130 3069/3227/2289 
f 3069/3227/2289 3067/3224/2289 4064/3886/130 
f 4065/3887/130 4064/3886/130 3067/3224/2289 
f 3067/3224/2289 3065/3221/2286 4065/3887/130 
f 4066/3888/130 4065/3887/130 3065/3221/2286 
f 3065/3221/2286 3063/3219/2286 4066/3888/130 
f 4067/3889/130 4066/3888/130 3063/3219/2286 
f 3063/3219/2286 3061/3216/2283 4067/3889/130 
f 4068/3890/130 4067/3889/130 3061/3216/2283 
f 3061/3216/2283 3059/3213/2283 4068/3890/130 
f 4069/3891/130 4068/3890/130 3059/3213/2283 
f 3059/3213/2283 3057/3210/2281 4069/3891/130 
f 4070/3892/130 4069/3891/130 3057/3210/2281 
f 3057/3210/2281 3055/3207/2278 4070/3892/130 
f 4071/3893/130 4070/3892/130 3055/3207/2278 
f 3055/3207/2278 3053/3204/2278 4071/3893/130 
f 4009/3835/130 4071/3893/130 3053/3204/2278 
f 3053/3204/2278 3051/3201/2276 4009/3835/130 
f 4010/3836/130 4009/3835/130 3051/3201/2276 
f 3051/3201/2276 3050/3199/2276 4010/3836/130 
f 4011/3837/130 4010/3836/130 3050/3199/2276 
f 3050/3199/2276 1576/2074/1275 4011/3837/130 
f 4084/3906/130 4011/3837/130 1576/2074/1275 
f 1576/2074/1275 1575/2073/1274 4084/3906/130 
f 4085/3907/130 4084/3906/130 1575/2073/1274 
f 1575/2073/1274 1580/2079/1274 4085/3907/130 
f 4086/3908/130 4085/3907/130 1580/2079/1274 
f 1580/2079/1274 1582/2082/1280 4086/3908/130 
f 4087/3909/130 4086/3908/130 1582/2082/1280 
f 1582/2082/1280 1584/2085/1280 4087/3909/130 
f 4088/3910/130 4087/3909/130 1584/2085/1280 
f 1584/2085/1280 1586/2088/1283 4088/3910/130 
f 4089/3911/130 4088/3910/130 1586/2088/1283 
f 1586/2088/1283 1588/2091/1285 4089/3911/130 
f 4090/3912/130 4089/3911/130 1588/2091/1285 
f 1588/2091/1285 1590/2094/1285 4090/3912/130 
f 4091/3913/130 4090/3912/130 1590/2094/1285 
f 1590/2094/1285 1592/2096/1288 4091/3913/130 
f 4092/3914/130 4091/3913/130 1592/2096/1288 
f 1592/2096/1288 1594/2099/1288 4092/3914/130 
f 4093/3915/130 4092/3914/130 1594/2099/1288 
f 1594/2099/1288 1596/2102/1291 4093/3915/130 
f 4094/3916/130 4093/3915/130 1596/2102/1291 
f 1596/2102/1291 1598/2105/1291 4094/3916/130 
f 4095/3917/130 4094/3916/130 1598/2105/1291 
f 1598/2105/1291 1600/2108/1294 4095/3917/130 
f 4096/3918/130 4095/3917/130 1600/2108/1294 
f 1600/2108/1294 1602/2111/1294 4096/3918/130 
f 4097/2114/130 4096/3918/130 1602/2111/1294 
f 1602/2111/1294 1604/2114/1297 4097/2114/130 
f 4098/2117/130 4097/2114/130 1604/2114/1297 
f 1604/2114/1297 1606/2117/1299 4098/2117/130 
f 4119/3939/130 4098/2117/130 1606/2117/1299 
f 1606/2117/1299 1608/2120/1301 4119/3939/130 
f 4120/2123/130 4119/3939/130 1608/2120/1301 
f 1608/2120/1301 1610/2123/1303 4120/2123/130 
f 4121/2126/130 4120/2123/130 1610/2123/1303 
f 1610/2123/1303 1612/2126/1305 4121/2126/130 
f 4122/3940/130 4121/2126/130 1612/2126/1305 
f 1612/2126/1305 1614/2129/1307 4122/3940/130 
f 4123/3941/130 4122/3940/130 1614/2129/1307 
f 1614/2129/1307 1616/2132/1307 4123/3941/130 
f 4124/3942/130 4123/3941/130 1616/2132/1307 
f 1616/2132/1307 1618/2135/1310 4124/3942/130 
f 4125/3943/130 4124/3942/130 1618/2135/1310 
f 1618/2135/1310 1620/2138/1310 4125/3943/130 
f 4126/3944/130 4125/3943/130 1620/2138/1310 
f 1620/2138/1310 1622/2141/1313 4126/3944/130 
f 4127/3945/130 4126/3944/130 1622/2141/1313 
f 1622/2141/1313 1624/2143/1313 4127/3945/130 
f 4128/3946/130 4127/3945/130 1624/2143/1313 
f 1624/2143/1313 1626/2146/1316 4128/3946/130 
f 4129/3947/130 4128/3946/130 1626/2146/1316 
f 1626/2146/1316 1628/2149/1316 4129/3947/130 
f 4130/3948/130 4129/3947/130 1628/2149/1316 
f 1628/2149/1316 1630/2152/1319 4130/3948/130 
f 4131/3949/130 4130/3948/130 1630/2152/1319 
f 1630/2152/1319 1632/2155/1321 4131/3949/130 
f 4132/3950/130 4131/3949/130 1632/2155/1321 
f 1632/2155/1321 1634/2158/1321 4132/3950/130 
f 4133/3951/130 4132/3950/130 1634/2158/1321 
f 1634/2158/1321 1636/2161/1324 4133/3951/130 
f 4072/3894/130 4133/3951/130 1636/2161/1324 
f 1636/2161/1324 1638/2164/1324 4072/3894/130 
f 1661/2188/130 4072/3894/130 1638/2164/1324 
f 1638/2164/1324 1511/1978/1222 1661/2188/130 
f 1660/2187/130 1659/2186/130 4259/2809/130 
f 4259/2809/130 4260/2808/130 1660/2187/130 
f 4073/3895/130 1660/2187/130 4260/2808/130 
f 4260/2808/130 4261/2819/130 4073/3895/130 
f 4074/3896/130 4073/3895/130 4261/2819/130 
f 4261/2819/130 4262/4069/130 4074/3896/130 
f 4075/3897/130 4074/3896/130 4262/4069/130 
f 4262/4069/130 4263/3897/130 4075/3897/130 
f 4118/3938/130 4075/3897/130 4263/3897/130 
f 4263/3897/130 4264/2582/130 4118/3938/130 
f 4117/3937/130 4118/3938/130 4264/2582/130 
f 4264/2582/130 4265/4070/130 4117/3937/130 
f 4116/3936/130 4117/3937/130 4265/4070/130 
f 4265/4070/130 4266/2843/130 4116/3936/130 
f 4115/3935/130 4116/3936/130 4266/2843/130 
f 4266/2843/130 4267/2578/130 4115/3935/130 
f 4114/3934/130 4115/3935/130 4267/2578/130 
f 4267/2578/130 4268/2577/130 4114/3934/130 
f 4113/3933/130 4114/3934/130 4268/2577/130 
f 4268/2577/130 4269/2575/130 4113/3933/130 
f 4112/3932/130 4113/3933/130 4269/2575/130 
f 4269/2575/130 4270/2842/130 4112/3932/130 
f 4111/3931/130 4112/3932/130 4270/2842/130 
f 4270/2842/130 4271/4071/130 4111/3931/130 
f 4110/3930/130 4111/3931/130 4271/4071/130 
f 4271/4071/130 4272/2571/130 4110/3930/130 
f 4109/3929/130 4110/3930/130 4272/2571/130 
f 4272/2571/130 4273/3929/130 4109/3929/130 
f 4108/3928/130 4109/3929/130 4273/3929/130 
f 4273/3929/130 4274/4072/130 4108/3928/130 
f 4107/3927/130 4108/3928/130 4274/4072/130 
f 4274/4072/130 4275/2818/130 4107/3927/130 
f 4106/3926/130 4107/3927/130 4275/2818/130 
f 4275/2818/130 4276/2817/130 4106/3926/130 
f 4105/3925/130 4106/3926/130 4276/2817/130 
f 4276/2817/130 4277/2816/130 4105/3925/130 
f 4104/3924/130 4105/3925/130 4277/2816/130 
f 4277/2816/130 4278/4073/130 4104/3924/130 
f 4103/3923/130 4104/3924/130 4278/4073/130 
f 4278/4073/130 4279/3923/130 4103/3923/130 
f 4102/3922/130 4103/3923/130 4279/3923/130 
f 4279/3923/130 4280/2560/130 4102/3922/130 
f 4101/3921/130 4102/3922/130 4280/2560/130 
f 4280/2560/130 4281/4074/130 4101/3921/130 
f 4100/3920/130 4101/3921/130 4281/4074/130 
f 4281/4074/130 4282/2841/130 4100/3920/130 
f 4099/3919/130 4100/3920/130 4282/2841/130 
f 4282/2841/130 4283/2556/130 4099/3919/130 
f 4083/3905/130 4099/3919/130 4283/2556/130 
f 4283/2556/130 4284/2555/130 4083/3905/130 
f 4082/3904/130 4083/3905/130 4284/2555/130 
f 4284/2555/130 4285/2553/130 4082/3904/130 
f 4081/3903/130 4082/3904/130 4285/2553/130 
f 4285/2553/130 4286/2840/130 4081/3903/130 
f 4080/3902/130 4081/3903/130 4286/2840/130 
f 4286/2840/130 4287/4075/130 4080/3902/130 
f 4079/3901/130 4080/3902/130 4287/4075/130 
f 4287/4075/130 4288/2549/130 4079/3901/130 
f 4078/3900/130 4079/3901/130 4288/2549/130 
f 4288/2549/130 4289/3900/130 4078/3900/130 
f 4077/3899/130 4078/3900/130 4289/3900/130 
f 4289/3900/130 4290/4076/130 4077/3899/130 
f 4076/3898/130 4077/3899/130 4290/4076/130 
f 4290/4076/130 4291/2815/130 4076/3898/130 
f 1641/2168/130 4076/3898/130 4291/2815/130 
f 4291/2815/130 4292/2814/130 1641/2168/130 
f 1642/2169/130 1641/2168/130 4292/2814/130 
f 4292/2814/130 4293/2813/130 1642/2169/130 
f 1643/2170/130 1642/2169/130 4293/2813/130 
f 4293/2813/130 4294/4077/130 1643/2170/130 
f 1644/2171/130 1643/2170/130 4294/4077/130 
f 4294/4077/130 4295/2171/130 1644/2171/130 
f 1645/2172/130 1644/2171/130 4295/2171/130 
f 4295/2171/130 4296/2538/130 1645/2172/130 
f 1646/2173/130 1645/2172/130 4296/2538/130 
f 4296/2538/130 4297/4078/130 1646/2173/130 
f 1647/2174/130 1646/2173/130 4297/4078/130 
f 4297/4078/130 4298/2839/130 1647/2174/130 
f 1648/2175/130 1647/2174/130 4298/2839/130 
f 4298/2839/130 4299/2534/130 1648/2175/130 
f 1649/2176/130 1648/2175/130 4299/2534/130 
f 4299/2534/130 4300/2533/130 1649/2176/130 
f 1650/2177/130 1649/2176/130 4300/2533/130 
f 4300/2533/130 4301/2531/130 1650/2177/130 
f 1651/2178/130 1650/2177/130 4301/2531/130 
f 4301/2531/130 4302/2838/130 1651/2178/130 
f 1652/2179/130 1651/2178/130 4302/2838/130 
f 4302/2838/130 4303/4079/130 1652/2179/130 
f 1653/2180/130 1652/2179/130 4303/4079/130 
f 4303/4079/130 4304/2527/130 1653/2180/130 
f 1654/2181/130 1653/2180/130 4304/2527/130 
f 4304/2527/130 4305/2181/130 1654/2181/130 
f 1655/2182/130 1654/2181/130 4305/2181/130 
f 4305/2181/130 4306/4080/130 1655/2182/130 
f 1656/2183/130 1655/2182/130 4306/4080/130 
f 4306/4080/130 4307/2812/130 1656/2183/130 
f 1657/2184/130 1656/2183/130 4307/2812/130 
f 4307/2812/130 4308/2811/130 1657/2184/130 
f 1658/2185/130 1657/2184/130 4308/2811/130 
f 4308/2811/130 4309/2810/130 1658/2185/130 
f 1674/2201/130 1658/2185/130 4309/2810/130 
f 4309/2810/130 4310/4081/130 1674/2201/130 
f 1673/2200/130 1674/2201/130 4310/4081/130 
f 4310/4081/130 4311/2200/130 1673/2200/130 
f 1672/2199/130 1673/2200/130 4311/2200/130 
f 4311/2200/130 4312/2516/130 1672/2199/130 
f 1671/2198/130 1672/2199/130 4312/2516/130 
f 4312/2516/130 4313/4082/130 1671/2198/130 
f 1670/2197/130 1671/2198/130 4313/4082/130 
f 4313/4082/130 4314/2837/130 1670/2197/130 
f 1669/2196/130 1670/2197/130 4314/2837/130 
f 4314/2837/130 4315/2512/130 1669/2196/130 
f 1668/2195/130 1669/2196/130 4315/2512/130 
f 4315/2512/130 4316/2511/130 1668/2195/130 
f 1667/2194/130 1668/2195/130 4316/2511/130 
f 4316/2511/130 4317/2509/130 1667/2194/130 
f 1666/2193/130 1667/2194/130 4317/2509/130 
f 4317/2509/130 4318/2836/130 1666/2193/130 
f 1665/2192/130 1666/2193/130 4318/2836/130 
f 4318/2836/130 4319/4083/130 1665/2192/130 
f 1664/2191/130 1665/2192/130 4319/4083/130 
f 4319/4083/130 4320/2505/130 1664/2191/130 
f 1663/2190/130 1664/2191/130 4320/2505/130 
f 4320/2505/130 4321/2190/130 1663/2190/130 
f 1662/2189/130 1663/2190/130 4321/2190/130 
f 4321/2190/130 4322/4084/130 1662/2189/130 
f 1659/2186/130 1662/2189/130 4322/4084/130 
f 4322/4084/130 4259/2809/130 1659/2186/130 
f 3116/3294/130 3115/3293/130 3243/3800/130 
f 3243/3800/130 3242/3799/130 3116/3294/130 
f 3117/3295/130 3116/3294/130 3242/3799/130 
f 3242/3799/130 3246/4085/130 3117/3295/130 
f 3118/3296/130 3117/3295/130 3246/4085/130 
f 3246/4085/130 3248/3563/130 3118/3296/130 
f 3119/3297/130 3118/3296/130 3248/3563/130 
f 3248/3563/130 3250/3565/130 3119/3297/130 
f 3162/3338/130 3119/3297/130 3250/3565/130 
f 3250/3565/130 3252/3566/130 3162/3338/130 
f 3161/3337/130 3162/3338/130 3252/3566/130 
f 3252/3566/130 3254/3827/130 3161/3337/130 
f 3160/3336/130 3161/3337/130 3254/3827/130 
f 3254/3827/130 3256/3569/130 3160/3336/130 
f 3159/3335/130 3160/3336/130 3256/3569/130 
f 3256/3569/130 3258/3570/130 3159/3335/130 
f 3158/3334/130 3159/3335/130 3258/3570/130 
f 3258/3570/130 3260/3572/130 3158/3334/130 
f 3157/3333/130 3158/3334/130 3260/3572/130 
f 3260/3572/130 3262/3828/130 3157/3333/130 
f 3156/3332/130 3157/3333/130 3262/3828/130 
f 3262/3828/130 3264/3574/130 3156/3332/130 
f 3155/3331/130 3156/3332/130 3264/3574/130 
f 3264/3574/130 3266/3576/130 3155/3331/130 
f 3154/3330/130 3155/3331/130 3266/3576/130 
f 3266/3576/130 3268/3578/130 3154/3330/130 
f 3153/3329/130 3154/3330/130 3268/3578/130 
f 3268/3578/130 3270/4086/130 3153/3329/130 
f 3152/3328/130 3153/3329/130 3270/4086/130 
f 3270/4086/130 3272/3801/130 3152/3328/130 
f 3151/3327/130 3152/3328/130 3272/3801/130 
f 3272/3801/130 3274/3802/130 3151/3327/130 
f 3150/3326/130 3151/3327/130 3274/3802/130 
f 3274/3802/130 3276/3803/130 3150/3326/130 
f 3149/3325/130 3150/3326/130 3276/3803/130 
f 3276/3803/130 3278/4087/130 3149/3325/130 
f 3148/3324/130 3149/3325/130 3278/4087/130 
f 3278/4087/130 3280/3585/130 3148/3324/130 
f 3147/3323/130 3148/3324/130 3280/3585/130 
f 3280/3585/130 3282/3587/130 3147/3323/130 
f 3146/3322/130 3147/3323/130 3282/3587/130 
f 3282/3587/130 3284/3588/130 3146/3322/130 
f 3145/3321/130 3146/3322/130 3284/3588/130 
f 3284/3588/130 3286/3829/130 3145/3321/130 
f 3144/3320/130 3145/3321/130 3286/3829/130 
f 3286/3829/130 3288/3591/130 3144/3320/130 
f 3128/3306/130 3144/3320/130 3288/3591/130 
f 3288/3591/130 3290/3592/130 3128/3306/130 
f 3127/3305/130 3128/3306/130 3290/3592/130 
f 3290/3592/130 3292/3594/130 3127/3305/130 
f 3126/3304/130 3127/3305/130 3292/3594/130 
f 3292/3594/130 3294/3830/130 3126/3304/130 
f 3125/3303/130 3126/3304/130 3294/3830/130 
f 3294/3830/130 3296/3596/130 3125/3303/130 
f 3124/3302/130 3125/3303/130 3296/3596/130 
f 3296/3596/130 3298/3598/130 3124/3302/130 
f 3123/3301/130 3124/3302/130 3298/3598/130 
f 3298/3598/130 3300/3600/130 3123/3301/130 
f 3122/3300/130 3123/3301/130 3300/3600/130 
f 3300/3600/130 3302/4088/130 3122/3300/130 
f 3120/3298/130 3122/3300/130 3302/4088/130 
f 3302/4088/130 3304/3804/130 3120/3298/130 
f 3121/3299/130 3120/3298/130 3304/3804/130 
f 3304/3804/130 3306/3805/130 3121/3299/130 
f 4012/3838/130 3121/3299/130 3306/3805/130 
f 3306/3805/130 3308/3806/130 4012/3838/130 
f 4013/3839/130 4012/3838/130 3308/3806/130 
f 3308/3806/130 3310/4089/130 4013/3839/130 
f 4014/3840/130 4013/3839/130 3310/4089/130 
f 3310/4089/130 3312/3607/130 4014/3840/130 
f 4015/3841/130 4014/3840/130 3312/3607/130 
f 3312/3607/130 3314/3609/130 4015/3841/130 
f 4016/3842/130 4015/3841/130 3314/3609/130 
f 3314/3609/130 3316/3610/130 4016/3842/130 
f 4017/3843/130 4016/3842/130 3316/3610/130 
f 3316/3610/130 3318/3831/130 4017/3843/130 
f 4018/3844/130 4017/3843/130 3318/3831/130 
f 3318/3831/130 3320/3613/130 4018/3844/130 
f 4019/3845/130 4018/3844/130 3320/3613/130 
f 3320/3613/130 3322/3614/130 4019/3845/130 
f 4020/3846/130 4019/3845/130 3322/3614/130 
f 3322/3614/130 3324/3616/130 4020/3846/130 
f 4021/3847/130 4020/3846/130 3324/3616/130 
f 3324/3616/130 3326/3832/130 4021/3847/130 
f 4022/3848/130 4021/3847/130 3326/3832/130 
f 3326/3832/130 3328/3618/130 4022/3848/130 
f 4023/3849/130 4022/3848/130 3328/3618/130 
f 3328/3618/130 3330/3620/130 4023/3849/130 
f 4024/3850/130 4023/3849/130 3330/3620/130 
f 3330/3620/130 3332/3622/130 4024/3850/130 
f 4025/3851/130 4024/3850/130 3332/3622/130 
f 3332/3622/130 3334/4090/130 4025/3851/130 
f 4026/3852/130 4025/3851/130 3334/4090/130 
f 3334/4090/130 3336/3807/130 4026/3852/130 
f 4027/3853/130 4026/3852/130 3336/3807/130 
f 3336/3807/130 3338/3808/130 4027/3853/130 
f 4028/3854/130 4027/3853/130 3338/3808/130 
f 3338/3808/130 3340/3809/130 4028/3854/130 
f 4042/3868/130 4028/3854/130 3340/3809/130 
f 3340/3809/130 3342/4091/130 4042/3868/130 
f 4041/3867/130 4042/3868/130 3342/4091/130 
f 3342/4091/130 3344/3629/130 4041/3867/130 
f 4040/3866/130 4041/3867/130 3344/3629/130 
f 3344/3629/130 3346/3631/130 4040/3866/130 
f 4039/3865/130 4040/3866/130 3346/3631/130 
f 3346/3631/130 3348/3632/130 4039/3865/130 
f 4038/3864/130 4039/3865/130 3348/3632/130 
f 3348/3632/130 3350/3833/130 4038/3864/130 
f 4037/3863/130 4038/3864/130 3350/3833/130 
f 3350/3833/130 3352/3635/130 4037/3863/130 
f 4036/3862/130 4037/3863/130 3352/3635/130 
f 3352/3635/130 3354/3636/130 4036/3862/130 
f 4035/3861/130 4036/3862/130 3354/3636/130 
f 3354/3636/130 3356/3638/130 4035/3861/130 
f 4034/3860/130 4035/3861/130 3356/3638/130 
f 3356/3638/130 3358/3834/130 4034/3860/130 
f 4033/3859/130 4034/3860/130 3358/3834/130 
f 3358/3834/130 3360/3640/130 4033/3859/130 
f 4032/3858/130 4033/3859/130 3360/3640/130 
f 3360/3640/130 3362/3642/130 4032/3858/130 
f 4031/3857/130 4032/3858/130 3362/3642/130 
f 3362/3642/130 3364/3644/130 4031/3857/130 
f 4030/3856/130 4031/3857/130 3364/3644/130 
f 3364/3644/130 3366/4092/130 4030/3856/130 
f 4029/3855/130 4030/3856/130 3366/4092/130 
f 3366/4092/130 3368/3810/130 4029/3855/130 
f 3115/3293/130 4029/3855/130 3368/3810/130 
f 3368/3810/130 3243/3800/130 3115/3293/130 
f 4169/3987/1 4168/3986/1 1383/1790/1117 
f 1383/1790/1117 1382/1789/1117 4169/3987/1 
f 4170/3988/1 4169/3987/1 1382/1789/1117 
f 1382/1789/1117 1385/1794/1119 4170/3988/1 
f 4171/3989/1 4170/3988/1 1385/1794/1119 
f 1385/1794/1119 1387/1797/1119 4171/3989/1 
f 4172/3990/1 4171/3989/1 1387/1797/1119 
f 1387/1797/1119 1389/1800/1122 4172/3990/1 
f 4173/3991/1 4172/3990/1 1389/1800/1122 
f 1389/1800/1122 1391/1803/1124 4173/3991/1 
f 4174/3992/1 4173/3991/1 1391/1803/1124 
f 1391/1803/1124 1393/1806/1124 4174/3992/1 
f 4175/3993/1 4174/3992/1 1393/1806/1124 
f 1393/1806/1124 1395/1808/1127 4175/3993/1 
f 4176/3994/1 4175/3993/1 1395/1808/1127 
f 1395/1808/1127 1397/1811/1127 4176/3994/1 
f 4177/3995/1 4176/3994/1 1397/1811/1127 
f 1397/1811/1127 1399/1814/1130 4177/3995/1 
f 4178/3996/1 4177/3995/1 1399/1814/1130 
f 1399/1814/1130 1401/1817/1130 4178/3996/1 
f 4179/3997/1 4178/3996/1 1401/1817/1130 
f 1401/1817/1130 1403/1820/1133 4179/3997/1 
f 4180/3998/1 4179/3997/1 1403/1820/1133 
f 1403/1820/1133 1405/1823/1133 4180/3998/1 
f 4181/1826/1 4180/3998/1 1405/1823/1133 
f 1405/1823/1133 1407/1826/1136 4181/1826/1 
f 4182/1829/1 4181/1826/1 1407/1826/1136 
f 1407/1826/1136 1409/1829/1138 4182/1829/1 
f 4183/3999/1 4182/1829/1 1409/1829/1138 
f 1409/1829/1138 1411/1832/1140 4183/3999/1 
f 4184/1835/1 4183/3999/1 1411/1832/1140 
f 1411/1832/1140 1413/1835/1142 4184/1835/1 
f 4185/1838/1 4184/1835/1 1413/1835/1142 
f 1413/1835/1142 1415/1838/1144 4185/1838/1 
f 4186/4000/1 4185/1838/1 1415/1838/1144 
f 1415/1838/1144 1417/1841/1146 4186/4000/1 
f 4187/4001/1 4186/4000/1 1417/1841/1146 
f 1417/1841/1146 1419/1844/1146 4187/4001/1 
f 4188/4002/1 4187/4001/1 1419/1844/1146 
f 1419/1844/1146 1421/1847/1149 4188/4002/1 
f 4189/4003/1 4188/4002/1 1421/1847/1149 
f 1421/1847/1149 1423/1850/1149 4189/4003/1 
f 4190/4004/1 4189/4003/1 1423/1850/1149 
f 1423/1850/1149 1425/1853/1152 4190/4004/1 
f 4191/4005/1 4190/4004/1 1425/1853/1152 
f 1425/1853/1152 1427/1855/1152 4191/4005/1 
f 4192/4006/1 4191/4005/1 1427/1855/1152 
f 1427/1855/1152 1429/1858/1155 4192/4006/1 
f 4193/4007/1 4192/4006/1 1429/1858/1155 
f 1429/1858/1155 1431/1861/1155 4193/4007/1 
f 4194/4008/1 4193/4007/1 1431/1861/1155 
f 1431/1861/1155 1433/1864/1158 4194/4008/1 
f 4195/4009/1 4194/4008/1 1433/1864/1158 
f 1433/1864/1158 1435/1867/1160 4195/4009/1 
f 4196/4010/1 4195/4009/1 1435/1867/1160 
f 1435/1867/1160 1437/1870/1160 4196/4010/1 
f 4134/3952/1 4196/4010/1 1437/1870/1160 
f 1437/1870/1160 1439/1873/1163 4134/3952/1 
f 4135/3953/1 4134/3952/1 1439/1873/1163 
f 1439/1873/1163 1441/1876/1163 4135/3953/1 
f 4136/3954/1 4135/3953/1 1441/1876/1163 
f 1441/1876/1163 2543/2847/1861 4136/3954/1 
f 4209/4023/1 4136/3954/1 2543/2847/1861 
f 2543/2847/1861 2919/3007/2168 4209/4023/1 
f 4210/4024/1 4209/4023/1 2919/3007/2168 
f 2919/3007/2168 2917/3004/2168 4210/4024/1 
f 4211/4025/1 4210/4024/1 2917/3004/2168 
f 2917/3004/2168 2915/3001/2165 4211/4025/1 
f 4212/4026/1 4211/4025/1 2915/3001/2165 
f 2915/3001/2165 2913/2998/2165 4212/4026/1 
f 4213/4027/1 4212/4026/1 2913/2998/2165 
f 2913/2998/2165 2911/2995/2163 4213/4027/1 
f 4214/4028/1 4213/4027/1 2911/2995/2163 
f 2911/2995/2163 2909/2992/2160 4214/4028/1 
f 4215/4029/1 4214/4028/1 2909/2992/2160 
f 2909/2992/2160 2907/2989/2160 4215/4029/1 
f 4216/4030/1 4215/4029/1 2907/2989/2160 
f 2907/2989/2160 2905/2987/2157 4216/4030/1 
f 4217/4031/1 4216/4030/1 2905/2987/2157 
f 2905/2987/2157 2903/2984/2157 4217/4031/1 
f 4218/4032/1 4217/4031/1 2903/2984/2157 
f 2903/2984/2157 2901/2981/2154 4218/4032/1 
f 4219/4033/1 4218/4032/1 2901/2981/2154 
f 2901/2981/2154 2899/2978/2154 4219/4033/1 
f 4220/4034/1 4219/4033/1 2899/2978/2154 
f 2899/2978/2154 2897/2975/2151 4220/4034/1 
f 4221/4035/1 4220/4034/1 2897/2975/2151 
f 2897/2975/2151 2895/2972/2151 4221/4035/1 
f 4222/2969/1 4221/4035/1 2895/2972/2151 
f 2895/2972/2151 2893/2969/2149 4222/2969/1 
f 4223/2966/1 4222/2969/1 2893/2969/2149 
f 2893/2969/2149 2891/2966/2147 4223/2966/1 
f 4244/4056/1 4223/2966/1 2891/2966/2147 
f 2891/2966/2147 2889/2963/2145 4244/4056/1 
f 4245/2960/1 4244/4056/1 2889/2963/2145 
f 2889/2963/2145 2887/2960/2143 4245/2960/1 
f 4246/2957/1 4245/2960/1 2887/2960/2143 
f 2887/2960/2143 2885/2957/2141 4246/2957/1 
f 4247/4057/1 4246/2957/1 2885/2957/2141 
f 2885/2957/2141 2883/2954/2138 4247/4057/1 
f 4248/4058/1 4247/4057/1 2883/2954/2138 
f 2883/2954/2138 2881/2951/2138 4248/4058/1 
f 4249/4059/1 4248/4058/1 2881/2951/2138 
f 2881/2951/2138 2879/2948/2135 4249/4059/1 
f 4250/4060/1 4249/4059/1 2879/2948/2135 
f 2879/2948/2135 2877/2945/2135 4250/4060/1 
f 4251/4061/1 4250/4060/1 2877/2945/2135 
f 2877/2945/2135 2875/2942/2132 4251/4061/1 
f 4252/4062/1 4251/4061/1 2875/2942/2132 
f 2875/2942/2132 2873/2940/2132 4252/4062/1 
f 4253/4063/1 4252/4062/1 2873/2940/2132 
f 2873/2940/2132 2871/2937/2129 4253/4063/1 
f 4254/4064/1 4253/4063/1 2871/2937/2129 
f 2871/2937/2129 2869/2934/2129 4254/4064/1 
f 4255/4065/1 4254/4064/1 2869/2934/2129 
f 2869/2934/2129 2867/2931/2127 4255/4065/1 
f 4256/4066/1 4255/4065/1 2867/2931/2127 
f 2867/2931/2127 2865/2928/2124 4256/4066/1 
f 4257/4067/1 4256/4066/1 2865/2928/2124 
f 2865/2928/2124 2863/2925/2124 4257/4067/1 
f 4258/4068/1 4257/4067/1 2863/2925/2124 
f 2863/2925/2124 2861/2921/2122 4258/4068/1 
f 4197/4011/1 4258/4068/1 2861/2921/2122 
f 2861/2921/2122 2860/2920/2122 4197/4011/1 
f 3196/3370/1 4197/4011/1 2860/2920/2122 
f 2860/2920/2122 2983/3101/2221 3196/3370/1 
f 3210/3384/1 3196/3370/1 2983/3101/2221 
f 2983/3101/2221 2981/3098/2218 3210/3384/1 
f 3211/3385/1 3210/3384/1 2981/3098/2218 
f 2981/3098/2218 2979/3095/2218 3211/3385/1 
f 3212/3386/1 3211/3385/1 2979/3095/2218 
f 2979/3095/2218 2977/3092/2215 3212/3386/1 
f 3213/3387/1 3212/3386/1 2977/3092/2215 
f 2977/3092/2215 2975/3089/2215 3213/3387/1 
f 3214/3388/1 3213/3387/1 2975/3089/2215 
f 2975/3089/2215 2973/3086/2213 3214/3388/1 
f 3215/3389/1 3214/3388/1 2973/3086/2213 
f 2973/3086/2213 2971/3083/2210 3215/3389/1 
f 3216/3390/1 3215/3389/1 2971/3083/2210 
f 2971/3083/2210 2969/3080/2210 3216/3390/1 
f 3217/3391/1 3216/3390/1 2969/3080/2210 
f 2969/3080/2210 2967/3078/2207 3217/3391/1 
f 3218/3392/1 3217/3391/1 2967/3078/2207 
f 2967/3078/2207 2965/3075/2207 3218/3392/1 
f 3219/3393/1 3218/3392/1 2965/3075/2207 
f 2965/3075/2207 2963/3072/2204 3219/3393/1 
f 3220/3394/1 3219/3393/1 2963/3072/2204 
f 2963/3072/2204 2961/3069/2204 3220/3394/1 
f 3221/3395/1 3220/3394/1 2961/3069/2204 
f 2961/3069/2204 2959/3066/2201 3221/3395/1 
f 3222/3396/1 3221/3395/1 2959/3066/2201 
f 2959/3066/2201 2957/3063/2201 3222/3396/1 
f 3223/3060/1 3222/3396/1 2957/3063/2201 
f 2957/3063/2201 2955/3060/2199 3223/3060/1 
f 3224/3057/1 3223/3060/1 2955/3060/2199 
f 2955/3060/2199 2953/3057/2197 3224/3057/1 
f 3225/3397/1 3224/3057/1 2953/3057/2197 
f 2953/3057/2197 2951/3054/2195 3225/3397/1 
f 3226/3051/1 3225/3397/1 2951/3054/2195 
f 2951/3054/2195 2949/3051/2193 3226/3051/1 
f 3227/3048/1 3226/3051/1 2949/3051/2193 
f 2949/3051/2193 2947/3048/2191 3227/3048/1 
f 3228/3398/1 3227/3048/1 2947/3048/2191 
f 2947/3048/2191 2945/3045/2188 3228/3398/1 
f 3229/3399/1 3228/3398/1 2945/3045/2188 
f 2945/3045/2188 2943/3042/2188 3229/3399/1 
f 3230/3400/1 3229/3399/1 2943/3042/2188 
f 2943/3042/2188 2941/3039/2185 3230/3400/1 
f 3231/3401/1 3230/3400/1 2941/3039/2185 
f 2941/3039/2185 2939/3036/2185 3231/3401/1 
f 3232/3402/1 3231/3401/1 2939/3036/2185 
f 2939/3036/2185 2937/3033/2182 3232/3402/1 
f 3233/3403/1 3232/3402/1 2937/3033/2182 
f 2937/3033/2182 2935/3031/2182 3233/3403/1 
f 3234/3404/1 3233/3403/1 2935/3031/2182 
f 2935/3031/2182 2933/3028/2179 3234/3404/1 
f 3235/3405/1 3234/3404/1 2933/3028/2179 
f 2933/3028/2179 2931/3025/2179 3235/3405/1 
f 3236/3406/1 3235/3405/1 2931/3025/2179 
f 2931/3025/2179 2929/3022/2177 3236/3406/1 
f 3237/3407/1 3236/3406/1 2929/3022/2177 
f 2929/3022/2177 2927/3019/2174 3237/3407/1 
f 3238/3408/1 3237/3407/1 2927/3019/2174 
f 2927/3019/2174 2925/3016/2174 3238/3408/1 
f 3239/3409/1 3238/3408/1 2925/3016/2174 
f 2925/3016/2174 2923/3013/2171 3239/3409/1 
f 3240/3410/1 3239/3409/1 2923/3013/2171 
f 2923/3013/2171 2921/3010/2171 3240/3410/1 
f 1725/2248/1 3240/3410/1 2921/3010/2171 
f 2921/3010/2171 1445/1881/1168 1725/2248/1 
f 1726/2249/1 1725/2248/1 1445/1881/1168 
f 1445/1881/1168 1444/1880/1167 1726/2249/1 
f 1727/2250/1 1726/2249/1 1444/1880/1167 
f 1444/1880/1167 1447/1885/1167 1727/2250/1 
f 1728/2251/1 1727/2250/1 1447/1885/1167 
f 1447/1885/1167 1449/1888/1171 1728/2251/1 
f 1729/2252/1 1728/2251/1 1449/1888/1171 
f 1449/1888/1171 1451/1891/1171 1729/2252/1 
f 1730/2253/1 1729/2252/1 1451/1891/1171 
f 1451/1891/1171 1453/1894/1174 1730/2253/1 
f 1731/2254/1 1730/2253/1 1453/1894/1174 
f 1453/1894/1174 1455/1897/1176 1731/2254/1 
f 1732/2255/1 1731/2254/1 1455/1897/1176 
f 1455/1897/1176 1457/1900/1176 1732/2255/1 
f 1733/2256/1 1732/2255/1 1457/1900/1176 
f 1457/1900/1176 1459/1902/1179 1733/2256/1 
f 1734/2257/1 1733/2256/1 1459/1902/1179 
f 1459/1902/1179 1461/1905/1179 1734/2257/1 
f 1735/2258/1 1734/2257/1 1461/1905/1179 
f 1461/1905/1179 1463/1908/1182 1735/2258/1 
f 1736/2259/1 1735/2258/1 1463/1908/1182 
f 1463/1908/1182 1465/1911/1182 1736/2259/1 
f 1737/2260/1 1736/2259/1 1465/1911/1182 
f 1465/1911/1182 1467/1914/1185 1737/2260/1 
f 1738/2261/1 1737/2260/1 1467/1914/1185 
f 1467/1914/1185 1469/1917/1185 1738/2261/1 
f 1739/1920/1 1738/2261/1 1469/1917/1185 
f 1469/1917/1185 1471/1920/1188 1739/1920/1 
f 1740/1923/1 1739/1920/1 1471/1920/1188 
f 1471/1920/1188 1473/1923/1190 1740/1923/1 
f 1760/2281/1 1740/1923/1 1473/1923/1190 
f 1473/1923/1190 1475/1926/1192 1760/2281/1 
f 1761/1929/1 1760/2281/1 1475/1926/1192 
f 1475/1926/1192 1477/1929/1194 1761/1929/1 
f 1762/1932/1 1761/1929/1 1477/1929/1194 
f 1477/1929/1194 1479/1932/1196 1762/1932/1 
f 1763/2282/1 1762/1932/1 1479/1932/1196 
f 1479/1932/1196 1481/1935/1198 1763/2282/1 
f 1764/2283/1 1763/2282/1 1481/1935/1198 
f 1481/1935/1198 1483/1938/1198 1764/2283/1 
f 1765/2284/1 1764/2283/1 1483/1938/1198 
f 1483/1938/1198 1485/1941/1201 1765/2284/1 
f 1766/2285/1 1765/2284/1 1485/1941/1201 
f 1485/1941/1201 1487/1944/1201 1766/2285/1 
f 1767/2286/1 1766/2285/1 1487/1944/1201 
f 1487/1944/1201 1489/1947/1204 1767/2286/1 
f 1768/2287/1 1767/2286/1 1489/1947/1204 
f 1489/1947/1204 1491/1949/1204 1768/2287/1 
f 1769/2288/1 1768/2287/1 1491/1949/1204 
f 1491/1949/1204 1493/1952/1207 1769/2288/1 
f 1770/2289/1 1769/2288/1 1493/1952/1207 
f 1493/1952/1207 1495/1955/1207 1770/2289/1 
f 1771/2290/1 1770/2289/1 1495/1955/1207 
f 1495/1955/1207 1497/1958/1210 1771/2290/1 
f 1772/2291/1 1771/2290/1 1497/1958/1210 
f 1497/1958/1210 1499/1961/1212 1772/2291/1 
f 1706/2229/1 1772/2291/1 1499/1961/1212 
f 1499/1961/1212 1501/1964/1212 1706/2229/1 
f 1707/2230/1 1706/2229/1 1501/1964/1212 
f 1501/1964/1212 1503/1967/1215 1707/2230/1 
f 1708/2231/1 1707/2230/1 1503/1967/1215 
f 1503/1967/1215 1505/1970/1215 1708/2231/1 
f 1709/2232/1 1708/2231/1 1505/1970/1215 
f 1505/1970/1215 1507/1973/1218 1709/2232/1 
f 4168/3986/1 1709/2232/1 1507/1973/1218 
f 1507/1973/1218 1383/1790/1117 4168/3986/1 
f 1711/2234/1 1710/2233/1 2096/4093/1 
f 2096/4093/1 2095/4094/1 1711/2234/1 
f 1712/2235/1 1711/2234/1 2095/4094/1 
f 2095/4094/1 2220/4095/1 1712/2235/1 
f 1713/2236/1 1712/2235/1 2220/4095/1 
f 2220/4095/1 2218/4096/1 1713/2236/1 
f 1714/2237/1 1713/2236/1 2218/4096/1 
f 2218/4096/1 2216/4097/1 1714/2237/1 
f 1759/2280/1 1714/2237/1 2216/4097/1 
f 2216/4097/1 2214/4098/1 1759/2280/1 
f 1758/2279/1 1759/2280/1 2214/4098/1 
f 2214/4098/1 2212/4099/1 1758/2279/1 
f 1757/2278/1 1758/2279/1 2212/4099/1 
f 2212/4099/1 2210/4100/1 1757/2278/1 
f 1756/2277/1 1757/2278/1 2210/4100/1 
f 2210/4100/1 2208/4101/1 1756/2277/1 
f 1755/2276/1 1756/2277/1 2208/4101/1 
f 2208/4101/1 2206/4102/1 1755/2276/1 
f 1754/2275/1 1755/2276/1 2206/4102/1 
f 2206/4102/1 2204/4103/1 1754/2275/1 
f 1753/2274/1 1754/2275/1 2204/4103/1 
f 2204/4103/1 2202/4104/1 1753/2274/1 
f 1752/2273/1 1753/2274/1 2202/4104/1 
f 2202/4104/1 2200/4105/1 1752/2273/1 
f 1751/2272/1 1752/2273/1 2200/4105/1 
f 2200/4105/1 2198/4106/1 1751/2272/1 
f 1750/2271/1 1751/2272/1 2198/4106/1 
f 2198/4106/1 2196/4107/1 1750/2271/1 
f 1749/2270/1 1750/2271/1 2196/4107/1 
f 2196/4107/1 2194/4108/1 1749/2270/1 
f 1748/2269/1 1749/2270/1 2194/4108/1 
f 2194/4108/1 2192/4109/1 1748/2269/1 
f 1747/2268/1 1748/2269/1 2192/4109/1 
f 2192/4109/1 2190/4110/1 1747/2268/1 
f 1746/2267/1 1747/2268/1 2190/4110/1 
f 2190/4110/1 2188/4111/1 1746/2267/1 
f 1745/2266/1 1746/2267/1 2188/4111/1 
f 2188/4111/1 2186/4112/1 1745/2266/1 
f 1744/2265/1 1745/2266/1 2186/4112/1 
f 2186/4112/1 2184/4113/1 1744/2265/1 
f 1743/2264/1 1744/2265/1 2184/4113/1 
f 2184/4113/1 2182/4114/1 1743/2264/1 
f 1742/2263/1 1743/2264/1 2182/4114/1 
f 2182/4114/1 2180/4115/1 1742/2263/1 
f 1741/2262/1 1742/2263/1 2180/4115/1 
f 2180/4115/1 2178/4116/1 1741/2262/1 
f 1724/2247/1 1741/2262/1 2178/4116/1 
f 2178/4116/1 2176/4117/1 1724/2247/1 
f 1723/2246/1 1724/2247/1 2176/4117/1 
f 2176/4117/1 2174/4118/1 1723/2246/1 
f 1722/2245/1 1723/2246/1 2174/4118/1 
f 2174/4118/1 2172/4119/1 1722/2245/1 
f 1721/2244/1 1722/2245/1 2172/4119/1 
f 2172/4119/1 2170/4120/1 1721/2244/1 
f 1720/2243/1 1721/2244/1 2170/4120/1 
f 2170/4120/1 2168/4121/1 1720/2243/1 
f 1719/2242/1 1720/2243/1 2168/4121/1 
f 2168/4121/1 2166/4122/1 1719/2242/1 
f 1718/2241/1 1719/2242/1 2166/4122/1 
f 2166/4122/1 2164/4123/1 1718/2241/1 
f 1715/2238/1 1718/2241/1 2164/4123/1 
f 2164/4123/1 2162/4124/1 1715/2238/1 
f 1716/2239/1 1715/2238/1 2162/4124/1 
f 2162/4124/1 2160/4125/1 1716/2239/1 
f 4137/3955/1 1716/2239/1 2160/4125/1 
f 2160/4125/1 2158/4126/1 4137/3955/1 
f 4138/3956/1 4137/3955/1 2158/4126/1 
f 2158/4126/1 2156/4127/1 4138/3956/1 
f 4139/3957/1 4138/3956/1 2156/4127/1 
f 2156/4127/1 2154/4128/1 4139/3957/1 
f 4140/3958/1 4139/3957/1 2154/4128/1 
f 2154/4128/1 2152/4129/1 4140/3958/1 
f 4141/3959/1 4140/3958/1 2152/4129/1 
f 2152/4129/1 2150/4130/1 4141/3959/1 
f 4142/3960/1 4141/3959/1 2150/4130/1 
f 2150/4130/1 2148/4131/1 4142/3960/1 
f 4143/3961/1 4142/3960/1 2148/4131/1 
f 2148/4131/1 2146/4132/1 4143/3961/1 
f 4144/3962/1 4143/3961/1 2146/4132/1 
f 2146/4132/1 2144/4133/1 4144/3962/1 
f 4145/3963/1 4144/3962/1 2144/4133/1 
f 2144/4133/1 2142/4134/1 4145/3963/1 
f 4146/3964/1 4145/3963/1 2142/4134/1 
f 2142/4134/1 2140/4135/1 4146/3964/1 
f 4147/3965/1 4146/3964/1 2140/4135/1 
f 2140/4135/1 2138/4136/1 4147/3965/1 
f 4148/3966/1 4147/3965/1 2138/4136/1 
f 2138/4136/1 2136/4137/1 4148/3966/1 
f 4149/3967/1 4148/3966/1 2136/4137/1 
f 2136/4137/1 2134/4138/1 4149/3967/1 
f 4150/3968/1 4149/3967/1 2134/4138/1 
f 2134/4138/1 2132/4139/1 4150/3968/1 
f 4151/3969/1 4150/3968/1 2132/4139/1 
f 2132/4139/1 2130/4140/1 4151/3969/1 
f 4152/3970/1 4151/3969/1 2130/4140/1 
f 2130/4140/1 2128/4141/1 4152/3970/1 
f 4153/3971/1 4152/3970/1 2128/4141/1 
f 2128/4141/1 2126/4142/1 4153/3971/1 
f 4167/3985/1 4153/3971/1 2126/4142/1 
f 2126/4142/1 2124/4143/1 4167/3985/1 
f 4166/3984/1 4167/3985/1 2124/4143/1 
f 2124/4143/1 2122/4144/1 4166/3984/1 
f 4165/3983/1 4166/3984/1 2122/4144/1 
f 2122/4144/1 2120/4145/1 4165/3983/1 
f 4164/3982/1 4165/3983/1 2120/4145/1 
f 2120/4145/1 2118/4146/1 4164/3982/1 
f 4163/3981/1 4164/3982/1 2118/4146/1 
f 2118/4146/1 2116/4147/1 4163/3981/1 
f 4162/3980/1 4163/3981/1 2116/4147/1 
f 2116/4147/1 2114/4148/1 4162/3980/1 
f 4161/3979/1 4162/3980/1 2114/4148/1 
f 2114/4148/1 2112/4149/1 4161/3979/1 
f 4160/3978/1 4161/3979/1 2112/4149/1 
f 2112/4149/1 2110/4150/1 4160/3978/1 
f 4159/3977/1 4160/3978/1 2110/4150/1 
f 2110/4150/1 2108/4151/1 4159/3977/1 
f 4158/3976/1 4159/3977/1 2108/4151/1 
f 2108/4151/1 2106/4152/1 4158/3976/1 
f 4157/3975/1 4158/3976/1 2106/4152/1 
f 2106/4152/1 2104/4153/1 4157/3975/1 
f 4156/3974/1 4157/3975/1 2104/4153/1 
f 2104/4153/1 2102/4154/1 4156/3974/1 
f 4155/3973/1 4156/3974/1 2102/4154/1 
f 2102/4154/1 2100/4155/1 4155/3973/1 
f 4154/3972/1 4155/3973/1 2100/4155/1 
f 2100/4155/1 2098/4156/1 4154/3972/1 
f 1710/2233/1 4154/3972/1 2098/4156/1 
f 2098/4156/1 2096/4093/1 1710/2233/1 
f 3194/3368/1 3563/4157/1 3562/4158/1 
f 3562/4158/1 3195/3369/1 3194/3368/1 
f 3195/3369/1 3562/4158/1 3566/4159/1 
f 3566/4159/1 4198/4012/1 3195/3369/1 
f 4198/4012/1 3566/4159/1 3568/4160/1 
f 3568/4160/1 4199/4013/1 4198/4012/1 
f 4199/4013/1 3568/4160/1 3570/4161/1 
f 3570/4161/1 4200/4014/1 4199/4013/1 
f 4200/4014/1 3570/4161/1 3572/4162/1 
f 3572/4162/1 4243/4055/1 4200/4014/1 
f 4243/4055/1 3572/4162/1 3574/4163/1 
f 3574/4163/1 4242/4054/1 4243/4055/1 
f 4242/4054/1 3574/4163/1 3576/4164/1 
f 3576/4164/1 4241/4053/1 4242/4054/1 
f 4241/4053/1 3576/4164/1 3578/4165/1 
f 3578/4165/1 4240/4052/1 4241/4053/1 
f 4240/4052/1 3578/4165/1 3580/4166/1 
f 3580/4166/1 4239/4051/1 4240/4052/1 
f 4239/4051/1 3580/4166/1 3582/4167/1 
f 3582/4167/1 4238/4050/1 4239/4051/1 
f 4238/4050/1 3582/4167/1 3584/4168/1 
f 3584/4168/1 4237/4049/1 4238/4050/1 
f 4237/4049/1 3584/4168/1 3586/4169/1 
f 3586/4169/1 4236/4048/1 4237/4049/1 
f 4236/4048/1 3586/4169/1 3588/4170/1 
f 3588/4170/1 4235/4047/1 4236/4048/1 
f 4235/4047/1 3588/4170/1 3590/4171/1 
f 3590/4171/1 4234/4046/1 4235/4047/1 
f 4234/4046/1 3590/4171/1 3592/4172/1 
f 3592/4172/1 4233/4045/1 4234/4046/1 
f 4233/4045/1 3592/4172/1 3594/4173/1 
f 3594/4173/1 4232/4044/1 4233/4045/1 
f 4232/4044/1 3594/4173/1 3596/4174/1 
f 3596/4174/1 4231/4043/1 4232/4044/1 
f 4231/4043/1 3596/4174/1 3598/4175/1 
f 3598/4175/1 4230/4042/1 4231/4043/1 
f 4230/4042/1 3598/4175/1 3600/4176/1 
f 3600/4176/1 4229/4041/1 4230/4042/1 
f 4229/4041/1 3600/4176/1 3602/4177/1 
f 3602/4177/1 4228/4040/1 4229/4041/1 
f 4228/4040/1 3602/4177/1 3604/4178/1 
f 3604/4178/1 4227/4039/1 4228/4040/1 
f 4227/4039/1 3604/4178/1 3606/4179/1 
f 3606/4179/1 4226/4038/1 4227/4039/1 
f 4226/4038/1 3606/4179/1 3608/4180/1 
f 3608/4180/1 4225/4037/1 4226/4038/1 
f 4225/4037/1 3608/4180/1 3610/4181/1 
f 3610/4181/1 4224/4036/1 4225/4037/1 
f 4224/4036/1 3610/4181/1 3612/4182/1 
f 3612/4182/1 4208/4022/1 4224/4036/1 
f 4208/4022/1 3612/4182/1 3614/4183/1 
f 3614/4183/1 4207/4021/1 4208/4022/1 
f 4207/4021/1 3614/4183/1 3616/4184/1 
f 3616/4184/1 4206/4020/1 4207/4021/1 
f 4206/4020/1 3616/4184/1 3618/4185/1 
f 3618/4185/1 4205/4019/1 4206/4020/1 
f 4205/4019/1 3618/4185/1 3620/4186/1 
f 3620/4186/1 4204/4018/1 4205/4019/1 
f 4204/4018/1 3620/4186/1 3622/4187/1 
f 3622/4187/1 4203/4017/1 4204/4018/1 
f 4203/4017/1 3622/4187/1 3624/4188/1 
f 3624/4188/1 4202/4016/1 4203/4017/1 
f 4202/4016/1 3624/4188/1 3626/4189/1 
f 3626/4189/1 4201/4015/1 4202/4016/1 
f 4201/4015/1 3626/4189/1 3628/4190/1 
f 3628/4190/1 3176/3350/1 4201/4015/1 
f 3176/3350/1 3628/4190/1 3630/4191/1 
f 3630/4191/1 3177/3351/1 3176/3350/1 
f 3177/3351/1 3630/4191/1 3632/4192/1 
f 3632/4192/1 3178/3352/1 3177/3351/1 
f 3178/3352/1 3632/4192/1 3634/4193/1 
f 3634/4193/1 3179/3353/1 3178/3352/1 
f 3179/3353/1 3634/4193/1 3636/4194/1 
f 3636/4194/1 3180/3354/1 3179/3353/1 
f 3180/3354/1 3636/4194/1 3638/4195/1 
f 3638/4195/1 3181/3355/1 3180/3354/1 
f 3181/3355/1 3638/4195/1 3640/4196/1 
f 3640/4196/1 3182/3356/1 3181/3355/1 
f 3182/3356/1 3640/4196/1 3642/4197/1 
f 3642/4197/1 3183/3357/1 3182/3356/1 
f 3183/3357/1 3642/4197/1 3644/4198/1 
f 3644/4198/1 3184/3358/1 3183/3357/1 
f 3184/3358/1 3644/4198/1 3646/4199/1 
f 3646/4199/1 3185/3359/1 3184/3358/1 
f 3185/3359/1 3646/4199/1 3648/4200/1 
f 3648/4200/1 3186/3360/1 3185/3359/1 
f 3186/3360/1 3648/4200/1 3650/4201/1 
f 3650/4201/1 3187/3361/1 3186/3360/1 
f 3187/3361/1 3650/4201/1 3652/4202/1 
f 3652/4202/1 3188/3362/1 3187/3361/1 
f 3188/3362/1 3652/4202/1 3654/4203/1 
f 3654/4203/1 3189/3363/1 3188/3362/1 
f 3189/3363/1 3654/4203/1 3656/4204/1 
f 3656/4204/1 3190/3364/1 3189/3363/1 
f 3190/3364/1 3656/4204/1 3658/4205/1 
f 3658/4205/1 3191/3365/1 3190/3364/1 
f 3191/3365/1 3658/4205/1 3660/4206/1 
f 3660/4206/1 3192/3366/1 3191/3365/1 
f 3192/3366/1 3660/4206/1 3662/4207/1 
f 3662/4207/1 3193/3367/1 3192/3366/1 
f 3193/3367/1 3662/4207/1 3664/4208/1 
f 3664/4208/1 3209/3383/1 3193/3367/1 
f 3209/3383/1 3664/4208/1 3666/4209/1 
f 3666/4209/1 3208/3382/1 3209/3383/1 
f 3208/3382/1 3666/4209/1 3668/4210/1 
f 3668/4210/1 3207/3381/1 3208/3382/1 
f 3207/3381/1 3668/4210/1 3670/4211/1 
f 3670/4211/1 3206/3380/1 3207/3381/1 
f 3206/3380/1 3670/4211/1 3672/4212/1 
f 3672/4212/1 3205/3379/1 3206/3380/1 
f 3205/3379/1 3672/4212/1 3674/4213/1 
f 3674/4213/1 3204/3378/1 3205/3379/1 
f 3204/3378/1 3674/4213/1 3676/4214/1 
f 3676/4214/1 3203/3377/1 3204/3378/1 
f 3203/3377/1 3676/4214/1 3678/4215/1 
f 3678/4215/1 3202/3376/1 3203/3377/1 
f 3202/3376/1 3678/4215/1 3680/4216/1 
f 3680/4216/1 3201/3375/1 3202/3376/1 
f 3201/3375/1 3680/4216/1 3682/4217/1 
f 3682/4217/1 3200/3374/1 3201/3375/1 
f 3200/3374/1 3682/4217/1 3684/4218/1 
f 3684/4218/1 3199/3373/1 3200/3374/1 
f 3199/3373/1 3684/4218/1 3686/4219/1 
f 3686/4219/1 3198/3372/1 3199/3373/1 
f 3198/3372/1 3686/4219/1 3688/4220/1 
f 3688/4220/1 3197/3371/1 3198/3372/1 
f 3197/3371/1 3688/4220/1 3563/4157/1 
f 3563/4157/1 3194/3368/1 3197/3371/1 
s 2
f 1775/2294/1869 4260/2294/1869 4259/2295/1683 
f 4259/2295/1683 1776/2295/1683 1775/2294/1869 
f 1776/2809/1683 4259/2809/1683 4322/4084/1791 
f 4322/4084/1791 1778/4084/1791 1776/2809/1683 
f 1778/4084/1791 4322/4084/1791 4321/2190/2099 
f 4321/2190/2099 1780/2503/2099 1778/4084/1791 
f 1780/2503/2099 4321/2190/2099 4320/2505/1787 
f 4320/2505/1787 1782/2505/1787 1780/2503/2099 
f 1782/2505/1787 4320/2505/1787 4319/4083/1785 
f 4319/4083/1785 1784/2507/1785 1782/2505/1787 
f 1784/2507/1785 4319/4083/1785 4318/2836/1783 
f 4318/2836/1783 1786/2836/1783 1784/2507/1785 
f 1786/2836/1783 4318/2836/1783 4317/2509/2068 
f 4317/2509/2068 1788/2509/2068 1786/2836/1783 
f 1788/2509/2068 4317/2509/2068 4316/2511/1779 
f 4316/2511/1779 1790/2511/1779 1788/2509/2068 
f 1790/2511/1779 4316/2511/1779 4315/2512/2052 
f 4315/2512/2052 1792/2512/2052 1790/2511/1779 
f 1792/2512/2052 4315/2512/2052 4314/2837/1775 
f 4314/2837/1775 1794/2837/1775 1792/2512/2052 
f 1794/2837/1775 4314/2837/1775 4313/4082/1773 
f 4313/4082/1773 1796/2515/1773 1794/2837/1775 
f 1796/2515/1773 4313/4082/1773 4312/2516/1771 
f 4312/2516/1771 1798/2516/1771 1796/2515/1773 
f 1798/2516/1771 4312/2516/1771 4311/2200/2018 
f 4311/2200/2018 1800/2518/2018 1798/2516/1771 
f 1800/2518/2018 4311/2200/2018 4310/4081/1767 
f 4310/4081/1767 1802/4081/1767 1800/2518/2018 
f 1802/4081/1767 4310/4081/1767 4309/2810/1765 
f 4309/2810/1765 1804/2810/1765 1802/4081/1767 
f 1804/2810/1765 4309/2810/1765 4308/2811/1277 
f 4308/2811/1277 1806/2811/1277 1804/2810/1765 
f 1806/2811/1277 4308/2811/1277 4307/2812/1761 
f 4307/2812/1761 1808/2812/1761 1806/2811/1277 
f 1808/2812/1761 4307/2812/1761 4306/4080/993 
f 4306/4080/993 1810/4080/993 1808/2812/1761 
f 1810/4080/993 4306/4080/993 4305/2181/1001 
f 4305/2181/1001 1812/2525/1001 1810/4080/993 
f 1812/2525/1001 4305/2181/1001 4304/2527/1011 
f 4304/2527/1011 1814/2527/1011 1812/2525/1001 
f 1814/2527/1011 4304/2527/1011 4303/4079/1021 
f 4303/4079/1021 1816/2529/1021 1814/2527/1011 
f 1816/2529/1021 4303/4079/1021 4302/2838/1029 
f 4302/2838/1029 1818/2838/1029 1816/2529/1021 
f 1818/2838/1029 4302/2838/1029 4301/2531/1039 
f 4301/2531/1039 1820/2531/1039 1818/2838/1029 
f 1820/2531/1039 4301/2531/1039 4300/2533/1047 
f 4300/2533/1047 1822/2533/1047 1820/2531/1039 
f 1822/2533/1047 4300/2533/1047 4299/2534/1055 
f 4299/2534/1055 1824/2534/1055 1822/2533/1047 
f 1824/2534/1055 4299/2534/1055 4298/2839/1064 
f 4298/2839/1064 1826/2839/1064 1824/2534/1055 
f 1826/2839/1064 4298/2839/1064 4297/4078/1074 
f 4297/4078/1074 1828/2537/1074 1826/2839/1064 
f 1828/2537/1074 4297/4078/1074 4296/2538/1082 
f 4296/2538/1082 1830/2538/1082 1828/2537/1074 
f 1830/2538/1082 4296/2538/1082 4295/2171/1092 
f 4295/2171/1092 1832/2540/1092 1830/2538/1082 
f 1832/2540/1092 4295/2171/1092 4294/4077/1100 
f 4294/4077/1100 1834/4077/1100 1832/2540/1092 
f 1834/4077/1100 4294/4077/1100 4293/2813/1742 
f 4293/2813/1742 1836/2813/1742 1834/4077/1100 
f 1836/2359/1742 4293/2359/1742 4292/2361/833 
f 4292/2361/833 1838/2361/833 1836/2359/1742 
f 1838/2361/833 4292/2361/833 4291/2363/1738 
f 4291/2363/1738 1840/2363/1738 1838/2361/833 
f 1840/2815/1738 4291/2815/1738 4290/4076/847 
f 4290/4076/847 1842/4076/847 1840/2815/1738 
f 1842/4076/847 4290/4076/847 4289/3900/857 
f 4289/3900/857 1844/2547/857 1842/4076/847 
f 1844/2547/857 4289/3900/857 4288/2549/865 
f 4288/2549/865 1846/2549/865 1844/2547/857 
f 1846/2549/865 4288/2549/865 4287/4075/875 
f 4287/4075/875 1848/2551/875 1846/2549/865 
f 1848/2551/875 4287/4075/875 4286/2840/883 
f 4286/2840/883 1850/2840/883 1848/2551/875 
f 1850/2840/883 4286/2840/883 4285/2553/892 
f 4285/2553/892 1852/2553/892 1850/2840/883 
f 1852/2553/892 4285/2553/892 4284/2555/900 
f 4284/2555/900 1854/2555/900 1852/2553/892 
f 1854/2555/900 4284/2555/900 4283/2556/910 
f 4283/2556/910 1856/2556/910 1854/2555/900 
f 1856/2556/910 4283/2556/910 4282/2841/918 
f 4282/2841/918 1858/2841/918 1856/2556/910 
f 1858/2841/918 4282/2841/918 4281/4074/928 
f 4281/4074/928 1860/2559/928 1858/2841/918 
f 1860/2559/928 4281/4074/928 4280/2560/937 
f 4280/2560/937 1862/2560/937 1860/2559/928 
f 1862/2560/937 4280/2560/937 4279/3923/946 
f 4279/3923/946 1864/2562/946 1862/2560/937 
f 1864/2562/946 4279/3923/946 4278/4073/955 
f 4278/4073/955 1866/4073/955 1864/2562/946 
f 1866/4073/955 4278/4073/955 4277/2816/1719 
f 4277/2816/1719 1868/2816/1719 1866/4073/955 
f 1868/2816/1719 4277/2816/1719 4276/2817/973 
f 4276/2817/973 1870/2817/973 1868/2816/1719 
f 1870/2817/973 4276/2817/973 4275/2818/1715 
f 4275/2818/1715 1872/2818/1715 1870/2817/973 
f 1872/2818/1715 4275/2818/1715 4274/4072/1713 
f 4274/4072/1713 1874/4072/1713 1872/2818/1715 
f 1874/4072/1713 4274/4072/1713 4273/3929/1973 
f 4273/3929/1973 1876/2569/1973 1874/4072/1713 
f 1876/2569/1973 4273/3929/1973 4272/2571/1709 
f 4272/2571/1709 1878/2571/1709 1876/2569/1973 
f 1878/2571/1709 4272/2571/1709 4271/4071/1707 
f 4271/4071/1707 1880/2573/1707 1878/2571/1709 
f 1880/2573/1707 4271/4071/1707 4270/2842/1705 
f 4270/2842/1705 1882/2842/1705 1880/2573/1707 
f 1882/2842/1705 4270/2842/1705 4269/2575/1940 
f 4269/2575/1940 1884/2575/1940 1882/2842/1705 
f 1884/2575/1940 4269/2575/1940 4268/2577/1701 
f 4268/2577/1701 1886/2577/1701 1884/2575/1940 
f 1886/2577/1701 4268/2577/1701 4267/2578/1922 
f 4267/2578/1922 1888/2578/1922 1886/2577/1701 
f 1888/2578/1922 4267/2578/1922 4266/2843/1697 
f 4266/2843/1697 1890/2843/1697 1888/2578/1922 
f 1890/2843/1697 4266/2843/1697 4265/4070/1695 
f 4265/4070/1695 1892/2581/1695 1890/2843/1697 
f 1892/2581/1695 4265/4070/1695 4264/2582/1693 
f 4264/2582/1693 1894/2582/1693 1892/2581/1695 
f 1894/2582/1693 4264/2582/1693 4263/3897/1890 
f 4263/3897/1890 1896/2584/1890 1894/2582/1693 
f 1896/2584/1890 4263/3897/1890 4262/4069/1689 
f 4262/4069/1689 1898/4069/1689 1896/2584/1890 
f 1898/4069/1689 4262/4069/1689 4261/2819/1687 
f 4261/2819/1687 1900/2819/1687 1898/4069/1689 
f 1900/2427/1687 4261/2427/1687 4260/2294/1869 
f 4260/2294/1869 1775/2294/1869 1900/2427/1687 
s 1
f 4323/4221/3 4324/4222/3 4325/4223/4 
f 4325/4223/4 4326/4224/4 4323/4221/3 
f 4326/4224/4 4325/4223/4 4327/4225/6 
f 4327/4225/6 4328/4226/6 4326/4224/4 
f 4328/4226/6 4327/4225/6 4329/4227/8 
f 4329/4227/8 4330/4228/8 4328/4226/6 
f 4330/4228/8 4329/4227/8 4331/4229/10 
f 4331/4229/10 4332/4230/10 4330/4228/8 
f 4332/4230/10 4331/4229/10 4333/4231/12 
f 4333/4231/12 4334/4232/12 4332/4230/10 
f 4334/4232/12 4333/4231/12 4335/4233/14 
f 4335/4233/14 4336/4234/14 4334/4232/12 
f 4336/4234/14 4335/4233/14 4337/4235/16 
f 4337/4235/16 4338/4236/16 4336/4234/14 
f 4338/4236/16 4337/4235/16 4339/4237/18 
f 4339/4237/18 4340/4238/18 4338/4236/16 
f 4340/4239/18 4339/4240/18 4341/4241/20 
f 4341/4241/20 4342/4242/20 4340/4239/18 
f 4342/4242/20 4341/4241/20 4343/4243/22 
f 4343/4243/22 4344/4244/22 4342/4242/20 
f 4344/4244/22 4343/4243/22 4345/4245/24 
f 4345/4245/24 4346/4246/24 4344/4244/22 
f 4346/4246/24 4345/4245/24 4347/4247/26 
f 4347/4247/26 4348/4248/26 4346/4246/24 
f 4348/4248/26 4347/4247/26 4349/4249/28 
f 4349/4249/28 4350/4250/28 4348/4248/26 
f 4350/4250/28 4349/4249/28 4351/4251/30 
f 4351/4251/30 4352/4252/30 4350/4250/28 
f 4352/4252/30 4351/4251/30 4353/4253/32 
f 4353/4253/32 4354/4254/32 4352/4252/30 
f 4354/4254/32 4353/4253/32 4355/4255/34 
f 4355/4255/34 4356/4256/139 4354/4254/32 
f 4356/4256/139 4355/4255/34 4357/4257/36 
f 4357/4257/36 4358/4258/36 4356/4256/139 
f 4358/4258/36 4357/4257/36 4359/4259/38 
f 4359/4259/38 4360/4260/38 4358/4258/36 
f 4360/4260/38 4359/4259/38 4361/4261/40 
f 4361/4261/40 4362/4262/40 4360/4260/38 
f 4362/4262/40 4361/4261/40 4363/4263/42 
f 4363/4263/42 4364/4264/42 4362/4262/40 
f 4364/4264/42 4363/4263/42 4365/4265/44 
f 4365/4265/44 4366/4266/44 4364/4264/42 
f 4366/4266/44 4365/4265/44 4367/4267/46 
f 4367/4267/46 4368/4268/46 4366/4266/44 
f 4368/4268/46 4367/4267/46 4369/4269/48 
f 4369/4269/48 4370/4270/48 4368/4268/46 
f 4370/4270/48 4369/4269/48 4371/4271/50 
f 4371/4271/50 4372/4272/50 4370/4270/48 
f 4372/4273/50 4371/4274/50 4373/4275/52 
f 4373/4275/52 4374/4276/52 4372/4273/50 
f 4374/4276/52 4373/4275/52 4375/4277/54 
f 4375/4277/54 4376/4278/2342 4374/4276/52 
s 2
f 4377/4279/2343 4378/4280/2343 4379/4281/2343 
f 4379/4281/2343 4376/4282/2343 4377/4279/2343 
s 1
f 4380/4283/58 4381/4284/58 4382/4285/60 
f 4382/4285/60 4383/4286/60 4380/4283/58 
f 4383/4286/60 4382/4285/60 4384/4287/62 
f 4384/4287/62 4385/4288/62 4383/4286/60 
f 4385/4288/62 4384/4287/62 4386/4289/64 
f 4386/4289/64 4387/4290/64 4385/4288/62 
f 4387/4290/64 4386/4289/64 4388/4291/66 
f 4388/4291/66 4389/4292/66 4387/4290/64 
f 4323/4221/3 4326/4224/4 4390/4293/4 
f 4390/4293/4 4391/4294/3 4323/4221/3 
f 4326/4224/4 4328/4226/6 4392/4295/6 
f 4392/4295/6 4390/4293/4 4326/4224/4 
f 4328/4226/6 4330/4228/8 4393/4296/8 
f 4393/4296/8 4392/4295/6 4328/4226/6 
f 4330/4228/8 4332/4230/10 4394/4297/10 
f 4394/4297/10 4393/4296/8 4330/4228/8 
f 4332/4230/10 4334/4232/12 4395/4298/12 
f 4395/4298/12 4394/4297/10 4332/4230/10 
f 4334/4232/12 4336/4234/14 4396/4299/14 
f 4396/4299/14 4395/4298/12 4334/4232/12 
f 4336/4234/14 4338/4236/16 4397/4300/16 
f 4397/4300/16 4396/4299/14 4336/4234/14 
f 4338/4236/16 4340/4238/18 4398/4301/18 
f 4398/4301/18 4397/4300/16 4338/4236/16 
f 4340/4239/18 4342/4242/20 4399/4302/20 
f 4399/4302/20 4398/4303/18 4340/4239/18 
f 4342/4242/20 4344/4244/22 4400/4304/22 
f 4400/4304/22 4399/4302/20 4342/4242/20 
f 4344/4244/22 4346/4246/24 4401/4305/24 
f 4401/4305/24 4400/4304/22 4344/4244/22 
f 4346/4246/24 4348/4248/26 4402/4306/26 
f 4402/4306/26 4401/4305/24 4346/4246/24 
f 4348/4248/26 4350/4250/28 4403/4307/28 
f 4403/4307/28 4402/4306/26 4348/4248/26 
f 4350/4250/28 4352/4252/30 4404/4308/30 
f 4404/4308/30 4403/4307/28 4350/4250/28 
f 4352/4252/30 4354/4254/32 4405/4309/32 
f 4405/4309/32 4404/4308/30 4352/4252/30 
f 4354/4254/32 4356/4256/139 4406/4310/139 
f 4406/4310/139 4405/4309/32 4354/4254/32 
f 4356/4256/139 4358/4258/36 4407/4311/36 
f 4407/4311/36 4406/4310/139 4356/4256/139 
f 4358/4258/36 4360/4260/38 4408/4312/38 
f 4408/4312/38 4407/4311/36 4358/4258/36 
f 4360/4260/38 4362/4262/40 4409/4313/40 
f 4409/4313/40 4408/4312/38 4360/4260/38 
f 4362/4262/40 4364/4264/42 4410/4314/42 
f 4410/4314/42 4409/4313/40 4362/4262/40 
f 4364/4264/42 4366/4266/44 4411/4315/44 
f 4411/4315/44 4410/4314/42 4364/4264/42 
f 4366/4266/44 4368/4268/46 4412/4316/46 
f 4412/4316/46 4411/4315/44 4366/4266/44 
f 4368/4268/46 4370/4270/48 4413/4317/48 
f 4413/4317/48 4412/4316/46 4368/4268/46 
f 4370/4270/48 4372/4272/50 4414/4318/50 
f 4414/4318/50 4413/4317/48 4370/4270/48 
f 4372/4273/50 4374/4276/52 4415/4319/52 
f 4415/4319/52 4414/4320/50 4372/4273/50 
f 4374/4276/52 4376/4278/2342 4416/4321/2344 
f 4416/4321/2344 4415/4319/52 4374/4276/52 
f 4417/4322/2345 4418/4323/2346 4419/4324/2346 
f 4419/4324/2346 4420/4325/2345 4417/4322/2345 
f 4421/4326/2347 4416/4321/2344 4376/4278/2342 
f 4376/4278/2342 4379/4327/2347 4421/4326/2347 
f 4422/4323/732 4421/4328/2347 4379/4329/2347 
f 4379/4329/2347 4378/4324/732 4422/4323/732 
f 4423/4324/40 4419/4324/2346 4418/4323/2346 
f 4418/4323/2346 4424/4323/40 4423/4324/40 
f 4378/4324/732 4423/4324/40 4424/4323/40 
f 4424/4323/40 4422/4323/732 4378/4324/732 
f 4377/4330/56 4376/4278/2342 4375/4277/54 
f 4375/4277/54 4425/4331/56 4377/4330/56 
f 4380/4283/58 4377/4330/56 4425/4331/56 
f 4425/4331/56 4381/4284/58 4380/4283/58 
f 4426/4332/128 4324/4222/3 4323/4221/3 
f 4323/4221/3 4427/4333/128 4426/4332/128 
f 4428/4334/126 4426/4332/128 4427/4333/128 
f 4427/4333/128 4429/4335/126 4428/4334/126 
f 4430/4336/124 4428/4334/126 4429/4335/126 
f 4429/4335/126 4431/4337/124 4430/4336/124 
f 4432/4338/122 4430/4336/124 4431/4337/124 
f 4431/4337/124 4433/4339/122 4432/4338/122 
f 4434/4340/120 4432/4338/122 4433/4339/122 
f 4433/4339/122 4435/4341/120 4434/4340/120 
f 4436/4342/118 4434/4340/120 4435/4341/120 
f 4435/4341/120 4437/4343/118 4436/4342/118 
f 4438/4344/116 4436/4342/118 4437/4343/118 
f 4437/4343/118 4439/4345/116 4438/4344/116 
f 4440/4346/114 4438/4344/116 4439/4345/116 
f 4439/4345/116 4441/4347/114 4440/4346/114 
f 4442/4348/112 4440/4349/114 4441/4350/114 
f 4441/4350/114 4443/4351/112 4442/4348/112 
f 4444/4352/110 4442/4348/112 4443/4351/112 
f 4443/4351/112 4445/4353/110 4444/4352/110 
f 4446/4354/108 4444/4352/110 4445/4353/110 
f 4445/4353/110 4447/4355/108 4446/4354/108 
f 4448/4356/106 4446/4354/108 4447/4355/108 
f 4447/4355/108 4449/4357/106 4448/4356/106 
f 4450/4358/104 4448/4356/106 4449/4357/106 
f 4449/4357/106 4451/4359/104 4450/4358/104 
f 4452/4360/102 4450/4358/104 4451/4359/104 
f 4451/4359/104 4453/4361/102 4452/4360/102 
f 4454/4362/100 4452/4360/102 4453/4361/102 
f 4453/4361/102 4455/4363/100 4454/4362/100 
f 4456/4364/157 4454/4362/100 4455/4363/100 
f 4455/4363/100 4457/4365/157 4456/4364/157 
f 4458/4366/96 4456/4364/157 4457/4365/157 
f 4457/4365/157 4459/4367/96 4458/4366/96 
f 4460/4368/94 4458/4366/96 4459/4367/96 
f 4459/4367/96 4461/4369/94 4460/4368/94 
f 4462/4370/92 4460/4368/94 4461/4369/94 
f 4461/4369/94 4463/4371/92 4462/4370/92 
f 4464/4372/90 4462/4370/92 4463/4371/92 
f 4463/4371/92 4465/4373/90 4464/4372/90 
f 4466/4374/88 4464/4372/90 4465/4373/90 
f 4465/4373/90 4467/4375/88 4466/4374/88 
f 4468/4376/86 4466/4374/88 4467/4375/88 
f 4467/4375/88 4469/4377/86 4468/4376/86 
f 4470/4378/84 4468/4376/86 4469/4377/86 
f 4469/4377/86 4471/4379/84 4470/4378/84 
f 4472/4380/82 4470/4378/84 4471/4379/84 
f 4471/4379/84 4473/4381/82 4472/4380/82 
f 4474/4382/80 4472/4383/82 4473/4384/82 
f 4473/4384/82 4475/4385/80 4474/4382/80 
f 4476/4386/78 4474/4382/80 4475/4385/80 
f 4475/4385/80 4477/4387/2348 4476/4386/78 
s 2
f 4478/4388/2349 4477/4389/2349 4479/4390/2349 
f 4479/4390/2349 4480/4391/2349 4478/4388/2349 
s 1
f 4481/4392/72 4482/4393/74 4483/4394/74 
f 4483/4394/74 4484/4395/72 4481/4392/72 
f 4485/4396/70 4481/4392/72 4484/4395/72 
f 4484/4395/72 4486/4397/70 4485/4396/70 
f 4487/4398/68 4485/4396/70 4486/4397/70 
f 4486/4397/70 4488/4399/68 4487/4398/68 
f 4388/4291/66 4487/4398/68 4488/4399/68 
f 4488/4399/68 4389/4292/66 4388/4291/66 
f 4489/4400/128 4427/4333/128 4323/4221/3 
f 4323/4221/3 4391/4294/3 4489/4400/128 
f 4490/4401/126 4429/4335/126 4427/4333/128 
f 4427/4333/128 4489/4400/128 4490/4401/126 
f 4491/4402/124 4431/4337/124 4429/4335/126 
f 4429/4335/126 4490/4401/126 4491/4402/124 
f 4492/4403/122 4433/4339/122 4431/4337/124 
f 4431/4337/124 4491/4402/124 4492/4403/122 
f 4493/4404/120 4435/4341/120 4433/4339/122 
f 4433/4339/122 4492/4403/122 4493/4404/120 
f 4494/4405/118 4437/4343/118 4435/4341/120 
f 4435/4341/120 4493/4404/120 4494/4405/118 
f 4495/4406/116 4439/4345/116 4437/4343/118 
f 4437/4343/118 4494/4405/118 4495/4406/116 
f 4496/4407/114 4441/4347/114 4439/4345/116 
f 4439/4345/116 4495/4406/116 4496/4407/114 
f 4497/4408/112 4443/4351/112 4441/4350/114 
f 4441/4350/114 4496/4409/114 4497/4408/112 
f 4498/4410/110 4445/4353/110 4443/4351/112 
f 4443/4351/112 4497/4408/112 4498/4410/110 
f 4499/4411/108 4447/4355/108 4445/4353/110 
f 4445/4353/110 4498/4410/110 4499/4411/108 
f 4500/4412/106 4449/4357/106 4447/4355/108 
f 4447/4355/108 4499/4411/108 4500/4412/106 
f 4501/4413/104 4451/4359/104 4449/4357/106 
f 4449/4357/106 4500/4412/106 4501/4413/104 
f 4502/4414/102 4453/4361/102 4451/4359/104 
f 4451/4359/104 4501/4413/104 4502/4414/102 
f 4503/4415/100 4455/4363/100 4453/4361/102 
f 4453/4361/102 4502/4414/102 4503/4415/100 
f 4504/4416/98 4457/4365/157 4455/4363/100 
f 4455/4363/100 4503/4415/100 4504/4416/98 
f 4505/4417/96 4459/4367/96 4457/4365/157 
f 4457/4365/157 4504/4416/98 4505/4417/96 
f 4506/4418/94 4461/4369/94 4459/4367/96 
f 4459/4367/96 4505/4417/96 4506/4418/94 
f 4507/4419/92 4463/4371/92 4461/4369/94 
f 4461/4369/94 4506/4418/94 4507/4419/92 
f 4508/4420/90 4465/4373/90 4463/4371/92 
f 4463/4371/92 4507/4419/92 4508/4420/90 
f 4509/4421/88 4467/4375/88 4465/4373/90 
f 4465/4373/90 4508/4420/90 4509/4421/88 
f 4510/4422/86 4469/4377/86 4467/4375/88 
f 4467/4375/88 4509/4421/88 4510/4422/86 
f 4511/4423/84 4471/4379/84 4469/4377/86 
f 4469/4377/86 4510/4422/86 4511/4423/84 
f 4512/4424/82 4473/4381/82 4471/4379/84 
f 4471/4379/84 4511/4423/84 4512/4424/82 
f 4513/4425/80 4475/4385/80 4473/4384/82 
f 4473/4384/82 4512/4426/82 4513/4425/80 
f 4514/4427/2350 4477/4387/2348 4475/4385/80 
f 4475/4385/80 4513/4425/80 4514/4427/2350 
f 4515/4428/2351 4516/4429/2351 4517/4430/2352 
f 4517/4430/2352 4518/4431/2352 4515/4428/2351 
f 4477/4387/2348 4514/4427/2350 4519/4432/2353 
f 4519/4432/2353 4479/4433/2353 4477/4387/2348 
f 4479/4434/2353 4519/4435/2353 4520/4429/292 
f 4520/4429/292 4480/4428/292 4479/4434/2353 
f 4516/4429/2351 4515/4428/2351 4521/4428/92 
f 4521/4428/92 4522/4429/92 4516/4429/2351 
f 4522/4429/92 4521/4428/92 4480/4428/292 
f 4480/4428/292 4520/4429/292 4522/4429/92 
f 4476/4386/78 4477/4387/2348 4478/4436/76 
f 4478/4436/76 4523/4437/76 4476/4386/78 
f 4523/4437/76 4478/4436/76 4483/4394/74 
f 4483/4394/74 4482/4393/74 4523/4437/76 
f 4524/4438/64 4525/4439/66 4526/4440/66 
f 4526/4440/66 4527/4441/64 4524/4438/64 
f 4528/4442/62 4524/4438/64 4527/4441/64 
f 4527/4441/64 4529/4443/62 4528/4442/62 
f 4530/4444/60 4528/4442/62 4529/4443/62 
f 4529/4443/62 4531/4445/60 4530/4444/60 
f 4532/4446/58 4530/4444/60 4531/4445/60 
f 4531/4445/60 4533/4447/58 4532/4446/58 
f 4534/4448/56 4532/4446/58 4533/4447/58 
f 4533/4447/58 4535/4449/56 4534/4448/56 
f 4536/4450/54 4534/4448/56 4535/4449/56 
f 4535/4449/56 4537/4451/54 4536/4450/54 
f 4538/4452/52 4536/4450/54 4537/4451/54 
f 4537/4451/54 4539/4453/52 4538/4452/52 
f 4540/4454/50 4538/4452/52 4539/4453/52 
f 4539/4453/52 4541/4455/50 4540/4454/50 
f 4542/4456/48 4540/4457/50 4541/4458/50 
f 4541/4458/50 4543/4459/48 4542/4456/48 
f 4544/4460/46 4542/4456/48 4543/4459/48 
f 4543/4459/48 4545/4461/46 4544/4460/46 
f 4546/4462/44 4544/4460/46 4545/4461/46 
f 4545/4461/46 4547/4463/44 4546/4462/44 
f 4548/4464/42 4546/4462/44 4547/4463/44 
f 4547/4463/44 4549/4465/42 4548/4464/42 
f 4550/4466/40 4548/4464/42 4549/4465/42 
f 4549/4465/42 4551/4467/40 4550/4466/40 
f 4552/4468/38 4550/4466/40 4551/4467/40 
f 4551/4467/40 4553/4469/38 4552/4468/38 
f 4554/4470/36 4552/4468/38 4553/4469/38 
f 4553/4469/38 4555/4471/36 4554/4470/36 
f 4556/4472/34 4554/4470/36 4555/4471/36 
f 4555/4471/36 4557/4473/34 4556/4472/34 
f 4558/4474/32 4556/4472/34 4557/4473/34 
f 4557/4473/34 4559/4475/32 4558/4474/32 
f 4560/4476/30 4558/4474/32 4559/4475/32 
f 4559/4475/32 4561/4477/30 4560/4476/30 
f 4562/4478/28 4560/4476/30 4561/4477/30 
f 4561/4477/30 4563/4479/28 4562/4478/28 
f 4564/4480/26 4562/4478/28 4563/4479/28 
f 4563/4479/28 4565/4481/26 4564/4480/26 
f 4566/4482/24 4564/4480/26 4565/4481/26 
f 4565/4481/26 4567/4483/24 4566/4482/24 
f 4568/4484/22 4566/4482/24 4567/4483/24 
f 4567/4483/24 4569/4485/22 4568/4484/22 
f 4570/4486/20 4568/4484/22 4569/4485/22 
f 4569/4485/22 4571/4487/20 4570/4486/20 
f 4572/4488/18 4570/4486/20 4571/4487/20 
f 4571/4487/20 4573/4489/18 4572/4488/18 
f 4574/4490/16 4572/4491/18 4573/4492/18 
f 4573/4492/18 4575/4493/16 4574/4490/16 
f 4576/4494/14 4574/4490/16 4575/4493/16 
f 4575/4493/16 4577/4495/2354 4576/4494/14 
s 2
f 4578/4496/1 4577/4497/1 4579/4498/1 
f 4579/4498/1 4580/4499/1 4578/4496/1 
s 1
f 4581/4500/8 4582/4501/10 4583/4502/10 
f 4583/4502/10 4584/4503/8 4581/4500/8 
f 4585/4504/6 4581/4500/8 4584/4503/8 
f 4584/4503/8 4586/4505/6 4585/4504/6 
f 4587/4506/4 4585/4504/6 4586/4505/6 
f 4586/4505/6 4588/4507/4 4587/4506/4 
f 4589/4508/3 4587/4506/4 4588/4507/4 
f 4588/4507/4 4590/4509/3 4589/4508/3 
f 4591/4510/64 4527/4441/64 4526/4440/66 
f 4526/4440/66 4592/4511/66 4591/4510/64 
f 4593/4512/62 4529/4443/62 4527/4441/64 
f 4527/4441/64 4591/4510/64 4593/4512/62 
f 4594/4513/60 4531/4445/60 4529/4443/62 
f 4529/4443/62 4593/4512/62 4594/4513/60 
f 4595/4514/58 4533/4447/58 4531/4445/60 
f 4531/4445/60 4594/4513/60 4595/4514/58 
f 4596/4515/56 4535/4449/56 4533/4447/58 
f 4533/4447/58 4595/4514/58 4596/4515/56 
f 4597/4516/54 4537/4451/54 4535/4449/56 
f 4535/4449/56 4596/4515/56 4597/4516/54 
f 4598/4517/52 4539/4453/52 4537/4451/54 
f 4537/4451/54 4597/4516/54 4598/4517/52 
f 4599/4518/50 4541/4455/50 4539/4453/52 
f 4539/4453/52 4598/4517/52 4599/4518/50 
f 4600/4519/48 4543/4459/48 4541/4458/50 
f 4541/4458/50 4599/4520/50 4600/4519/48 
f 4601/4521/46 4545/4461/46 4543/4459/48 
f 4543/4459/48 4600/4519/48 4601/4521/46 
f 4602/4522/44 4547/4463/44 4545/4461/46 
f 4545/4461/46 4601/4521/46 4602/4522/44 
f 4603/4523/42 4549/4465/42 4547/4463/44 
f 4547/4463/44 4602/4522/44 4603/4523/42 
f 4604/4524/40 4551/4467/40 4549/4465/42 
f 4549/4465/42 4603/4523/42 4604/4524/40 
f 4605/4525/38 4553/4469/38 4551/4467/40 
f 4551/4467/40 4604/4524/40 4605/4525/38 
f 4606/4526/36 4555/4471/36 4553/4469/38 
f 4553/4469/38 4605/4525/38 4606/4526/36 
f 4607/4527/34 4557/4473/34 4555/4471/36 
f 4555/4471/36 4606/4526/36 4607/4527/34 
f 4608/4528/32 4559/4475/32 4557/4473/34 
f 4557/4473/34 4607/4527/34 4608/4528/32 
f 4609/4529/30 4561/4477/30 4559/4475/32 
f 4559/4475/32 4608/4528/32 4609/4529/30 
f 4610/4530/28 4563/4479/28 4561/4477/30 
f 4561/4477/30 4609/4529/30 4610/4530/28 
f 4611/4531/26 4565/4481/26 4563/4479/28 
f 4563/4479/28 4610/4530/28 4611/4531/26 
f 4612/4532/24 4567/4483/24 4565/4481/26 
f 4565/4481/26 4611/4531/26 4612/4532/24 
f 4613/4533/22 4569/4485/22 4567/4483/24 
f 4567/4483/24 4612/4532/24 4613/4533/22 
f 4614/4534/20 4571/4487/20 4569/4485/22 
f 4569/4485/22 4613/4533/22 4614/4534/20 
f 4615/4535/18 4573/4489/18 4571/4487/20 
f 4571/4487/20 4614/4534/20 4615/4535/18 
f 4616/4536/16 4575/4493/16 4573/4492/18 
f 4573/4492/18 4615/4537/18 4616/4536/16 
f 4617/4538/2355 4577/4495/2354 4575/4493/16 
f 4575/4493/16 4616/4536/16 4617/4538/2355 
f 4577/4495/2354 4617/4538/2355 4618/4539/2356 
f 4618/4539/2356 4579/4540/2356 4577/4495/2354 
f 4579/4541/2356 4618/4542/2356 4619/4322/324 
f 4619/4322/324 4580/4325/324 4579/4541/2356 
f 4417/4322/2345 4420/4325/2345 4620/4325/28 
f 4620/4325/28 4621/4322/28 4417/4322/2345 
f 4621/4322/28 4620/4325/28 4580/4325/324 
f 4580/4325/324 4619/4322/324 4621/4322/28 
f 4576/4494/14 4577/4495/2354 4578/4543/12 
f 4578/4543/12 4622/4544/12 4576/4494/14 
f 4622/4544/12 4578/4543/12 4583/4502/10 
f 4583/4502/10 4582/4501/10 4622/4544/12 
f 4526/4440/66 4525/4439/66 4623/4545/68 
f 4623/4545/68 4624/4546/68 4526/4440/66 
f 4624/4546/68 4623/4545/68 4625/4547/70 
f 4625/4547/70 4626/4548/70 4624/4546/68 
f 4626/4548/70 4625/4547/70 4627/4549/72 
f 4627/4549/72 4628/4550/72 4626/4548/70 
f 4628/4550/72 4627/4549/72 4629/4551/74 
f 4629/4551/74 4630/4552/74 4628/4550/72 
f 4630/4552/74 4629/4551/74 4631/4553/76 
f 4631/4553/76 4632/4554/76 4630/4552/74 
f 4632/4554/76 4631/4553/76 4633/4555/78 
f 4633/4555/78 4634/4556/78 4632/4554/76 
f 4634/4556/78 4633/4555/78 4635/4557/80 
f 4635/4557/80 4636/4558/80 4634/4556/78 
f 4636/4558/80 4635/4557/80 4637/4559/82 
f 4637/4559/82 4638/4560/82 4636/4558/80 
f 4638/4561/82 4637/4562/82 4639/4563/84 
f 4639/4563/84 4640/4564/84 4638/4561/82 
f 4640/4564/84 4639/4563/84 4641/4565/86 
f 4641/4565/86 4642/4566/86 4640/4564/84 
f 4642/4566/86 4641/4565/86 4643/4567/88 
f 4643/4567/88 4644/4568/88 4642/4566/86 
f 4644/4568/88 4643/4567/88 4645/4569/90 
f 4645/4569/90 4646/4570/90 4644/4568/88 
f 4646/4570/90 4645/4569/90 4647/4571/92 
f 4647/4571/92 4648/4572/92 4646/4570/90 
f 4648/4572/92 4647/4571/92 4649/4573/94 
f 4649/4573/94 4650/4574/94 4648/4572/92 
f 4650/4574/94 4649/4573/94 4651/4575/96 
f 4651/4575/96 4652/4576/96 4650/4574/94 
f 4652/4576/96 4651/4575/96 4653/4577/98 
f 4653/4577/98 4654/4578/98 4652/4576/96 
f 4654/4578/98 4653/4577/98 4655/4579/100 
f 4655/4579/100 4656/4580/100 4654/4578/98 
f 4656/4580/100 4655/4579/100 4657/4581/102 
f 4657/4581/102 4658/4582/102 4656/4580/100 
f 4658/4582/102 4657/4581/102 4659/4583/104 
f 4659/4583/104 4660/4584/104 4658/4582/102 
f 4660/4584/104 4659/4583/104 4661/4585/106 
f 4661/4585/106 4662/4586/106 4660/4584/104 
f 4662/4586/106 4661/4585/106 4663/4587/108 
f 4663/4587/108 4664/4588/108 4662/4586/106 
f 4664/4588/108 4663/4587/108 4665/4589/110 
f 4665/4589/110 4666/4590/110 4664/4588/108 
f 4666/4590/110 4665/4589/110 4667/4591/112 
f 4667/4591/112 4668/4592/112 4666/4590/110 
f 4668/4592/112 4667/4591/112 4669/4593/114 
f 4669/4593/114 4670/4594/114 4668/4592/112 
f 4670/4595/114 4669/4596/114 4671/4597/116 
f 4671/4597/116 4672/4598/116 4670/4595/114 
f 4672/4598/116 4671/4597/116 4673/4599/118 
f 4673/4599/118 4674/4600/2357 4672/4598/116 
s 2
f 4675/4601/2358 4676/4602/2358 4677/4603/2358 
f 4677/4603/2358 4674/4604/2358 4675/4601/2358 
f 4483/4605/2349 4478/4388/2349 4480/4391/2349 
f 4676/4602/2358 4675/4601/2358 4678/4606/2358 
f 4679/4602/1 4676/4602/2358 4678/4606/2358 
f 4518/4602/1 4679/4602/1 4678/4606/2358 
f 4515/4391/1 4518/4602/1 4678/4606/2358 
f 4515/4391/1 4678/4606/2358 4680/4607/1 
f 4515/4391/1 4680/4607/1 4681/4608/1 
f 4515/4391/1 4681/4608/1 4682/4609/1 
f 4583/4610/1 4578/4496/1 4580/4499/1 
f 4584/4611/1 4583/4610/1 4580/4499/1 
f 4584/4611/1 4580/4499/1 4620/4499/1 
f 4586/4612/1 4584/4611/1 4620/4499/1 
f 4586/4612/1 4620/4499/1 4420/4499/1 
f 4588/4613/1 4586/4612/1 4420/4499/1 
f 4423/4280/2343 4378/4280/2343 4377/4279/2343 
f 4419/4280/2343 4423/4280/2343 4377/4279/2343 
f 4419/4280/2343 4377/4279/2343 4380/4614/2349 
f 4420/4499/1 4419/4280/2343 4380/4614/2349 
f 4420/4499/1 4380/4614/2349 4383/4615/1 
f 4420/4499/1 4383/4615/1 4385/4616/1 
f 4588/4613/1 4420/4499/1 4385/4616/1 
f 4590/4617/1 4588/4613/1 4385/4616/1 
f 4682/4609/1 4590/4617/1 4385/4616/1 
f 4682/4609/1 4385/4616/1 4387/4618/1 
f 4682/4609/1 4387/4618/1 4389/4619/1 
f 4682/4609/1 4389/4619/1 4488/4620/1 
f 4515/4391/1 4682/4609/1 4488/4620/1 
f 4515/4391/1 4488/4620/1 4486/4621/1 
f 4521/4391/1 4515/4391/1 4486/4621/1 
f 4521/4391/1 4486/4621/1 4484/4622/1 
f 4480/4391/2349 4521/4391/1 4484/4622/1 
f 4483/4605/2349 4480/4391/2349 4484/4622/1 
s 1
f 4678/4623/122 4683/4624/122 4684/4625/124 
f 4684/4625/124 4680/4626/124 4678/4623/122 
f 4680/4626/124 4684/4625/124 4685/4627/126 
f 4685/4627/126 4681/4628/126 4680/4626/124 
f 4681/4628/126 4685/4627/126 4686/4629/128 
f 4686/4629/128 4682/4630/128 4681/4628/126 
f 4682/4630/128 4686/4629/128 4589/4508/3 
f 4589/4508/3 4590/4509/3 4682/4630/128 
f 4526/4440/66 4624/4546/68 4687/4631/68 
f 4687/4631/68 4592/4511/66 4526/4440/66 
f 4624/4546/68 4626/4548/70 4688/4632/70 
f 4688/4632/70 4687/4631/68 4624/4546/68 
f 4626/4548/70 4628/4550/72 4689/4633/72 
f 4689/4633/72 4688/4632/70 4626/4548/70 
f 4628/4550/72 4630/4552/74 4690/4634/74 
f 4690/4634/74 4689/4633/72 4628/4550/72 
f 4630/4552/74 4632/4554/76 4691/4635/76 
f 4691/4635/76 4690/4634/74 4630/4552/74 
f 4632/4554/76 4634/4556/78 4692/4636/78 
f 4692/4636/78 4691/4635/76 4632/4554/76 
f 4634/4556/78 4636/4558/80 4693/4637/80 
f 4693/4637/80 4692/4636/78 4634/4556/78 
f 4636/4558/80 4638/4560/82 4694/4638/82 
f 4694/4638/82 4693/4637/80 4636/4558/80 
f 4638/4561/82 4640/4564/84 4695/4639/84 
f 4695/4639/84 4694/4640/82 4638/4561/82 
f 4640/4564/84 4642/4566/86 4696/4641/86 
f 4696/4641/86 4695/4639/84 4640/4564/84 
f 4642/4566/86 4644/4568/88 4697/4642/88 
f 4697/4642/88 4696/4641/86 4642/4566/86 
f 4644/4568/88 4646/4570/90 4698/4643/90 
f 4698/4643/90 4697/4642/88 4644/4568/88 
f 4646/4570/90 4648/4572/92 4699/4644/92 
f 4699/4644/92 4698/4643/90 4646/4570/90 
f 4648/4572/92 4650/4574/94 4700/4645/94 
f 4700/4645/94 4699/4644/92 4648/4572/92 
f 4650/4574/94 4652/4576/96 4701/4646/96 
f 4701/4646/96 4700/4645/94 4650/4574/94 
f 4652/4576/96 4654/4578/98 4702/4647/98 
f 4702/4647/98 4701/4646/96 4652/4576/96 
f 4654/4578/98 4656/4580/100 4703/4648/100 
f 4703/4648/100 4702/4647/98 4654/4578/98 
f 4656/4580/100 4658/4582/102 4704/4649/102 
f 4704/4649/102 4703/4648/100 4656/4580/100 
f 4658/4582/102 4660/4584/104 4705/4650/104 
f 4705/4650/104 4704/4649/102 4658/4582/102 
f 4660/4584/104 4662/4586/106 4706/4651/106 
f 4706/4651/106 4705/4650/104 4660/4584/104 
f 4662/4586/106 4664/4588/108 4707/4652/108 
f 4707/4652/108 4706/4651/106 4662/4586/106 
f 4664/4588/108 4666/4590/110 4708/4653/110 
f 4708/4653/110 4707/4652/108 4664/4588/108 
f 4666/4590/110 4668/4592/112 4709/4654/112 
f 4709/4654/112 4708/4653/110 4666/4590/110 
f 4668/4592/112 4670/4594/114 4710/4655/114 
f 4710/4655/114 4709/4654/112 4668/4592/112 
f 4670/4595/114 4672/4598/116 4711/4656/116 
f 4711/4656/116 4710/4657/114 4670/4595/114 
f 4672/4598/116 4674/4600/2357 4712/4658/2359 
f 4712/4658/2359 4711/4656/116 4672/4598/116 
f 4713/4659/130 4714/4660/130 4715/4661/130 
f 4716/4662/130 4717/4663/130 4718/4664/130 
f 4718/4664/130 4719/4665/130 4720/4666/130 
f 4720/4666/130 4721/4667/130 4722/4668/130 
f 4718/4664/130 4720/4666/130 4722/4668/130 
f 4722/4668/130 4723/4669/130 4724/4670/130 
f 4724/4670/130 4725/4671/130 4726/4672/130 
f 4722/4668/130 4724/4670/130 4726/4672/130 
f 4726/4672/130 4727/4673/130 4728/4674/130 
f 4728/4674/130 4729/4675/130 4730/4676/130 
f 4726/4672/130 4728/4674/130 4730/4676/130 
f 4722/4668/130 4726/4672/130 4730/4676/130 
f 4730/4676/130 4731/4677/130 4732/4678/130 
f 4732/4678/130 4733/4679/130 4734/4680/130 
f 4730/4676/130 4732/4678/130 4734/4680/130 
f 4734/4680/130 4735/4681/130 4736/4682/130 
f 4736/4682/130 4737/4683/130 4738/4684/130 
f 4734/4680/130 4736/4682/130 4738/4684/130 
f 4730/4676/130 4734/4680/130 4738/4684/130 
f 4738/4684/130 4739/4685/130 4740/4686/130 
f 4741/4687/130 4742/4688/130 4743/4689/130 
f 4740/4686/130 4741/4687/130 4743/4689/130 
f 4738/4684/130 4740/4686/130 4743/4689/130 
f 4743/4689/130 4744/4690/130 4745/4691/130 
f 4745/4691/130 4746/4692/130 4747/4693/130 
f 4743/4689/130 4745/4691/130 4747/4693/130 
f 4747/4693/130 4748/4694/130 4749/4695/130 
f 4749/4695/130 4750/4696/130 4751/4697/130 
f 4747/4693/130 4749/4695/130 4751/4697/130 
f 4743/4689/130 4747/4693/130 4751/4697/130 
f 4738/4684/130 4743/4689/130 4751/4697/130 
f 4730/4676/130 4738/4684/130 4751/4697/130 
f 4751/4697/130 4752/4698/130 4753/4699/130 
f 4753/4699/130 4754/4700/130 4755/4701/130 
f 4751/4697/130 4753/4699/130 4755/4701/130 
f 4755/4701/130 4756/4702/130 4757/4703/130 
f 4757/4703/130 4758/4704/130 4759/4705/130 
f 4755/4701/130 4757/4703/130 4759/4705/130 
f 4751/4697/130 4755/4701/130 4759/4705/130 
f 4759/4705/130 4760/4706/130 4761/4707/130 
f 4761/4707/130 4762/4708/130 4763/4709/130 
f 4759/4705/130 4761/4707/130 4763/4709/130 
f 4763/4709/130 4764/4710/130 4765/4711/130 
f 4765/4711/130 4766/4712/130 4767/4713/130 
f 4763/4709/130 4765/4711/130 4767/4713/130 
f 4759/4705/130 4763/4709/130 4767/4713/130 
f 4751/4697/130 4759/4705/130 4767/4713/130 
f 4730/4676/130 4751/4697/130 4767/4713/130 
f 4722/4668/130 4730/4676/130 4767/4713/130 
f 4718/4664/130 4722/4668/130 4767/4713/130 
f 4716/4662/130 4718/4664/130 4767/4713/130 
f 4768/4714/130 4716/4662/130 4767/4713/130 
f 4769/4715/130 4768/4714/130 4767/4713/130 
f 4770/4716/130 4769/4715/130 4767/4713/130 
f 4771/4717/130 4770/4716/130 4767/4713/130 
f 4772/4717/130 4771/4717/130 4767/4713/130 
f 4772/4717/130 4767/4713/130 4773/4718/130 
f 4772/4717/130 4773/4718/130 4774/4719/130 
f 4775/4720/130 4772/4717/130 4774/4719/130 
f 4776/4720/130 4775/4720/130 4774/4719/130 
f 4777/4721/130 4776/4720/130 4774/4719/130 
f 4777/4721/130 4774/4719/130 4778/4722/130 
f 4777/4721/130 4778/4722/130 4779/4722/130 
f 4777/4721/130 4779/4722/130 4780/4723/130 
f 4781/4724/130 4777/4721/130 4780/4723/130 
f 4782/4725/130 4781/4724/130 4780/4723/130 
f 4782/4725/130 4780/4723/130 4783/4723/130 
f 4782/4725/130 4783/4723/130 4784/4726/130 
f 4782/4725/130 4784/4726/130 4785/4727/130 
f 4782/4725/130 4785/4727/130 4786/4728/130 
f 4715/4661/130 4782/4725/130 4786/4728/130 
f 4786/4728/130 4787/4729/130 4788/4730/130 
f 4715/4661/130 4786/4728/130 4788/4730/130 
f 4788/4730/130 4789/4731/130 4790/4732/130 
f 4790/4732/130 4791/4733/130 4792/4734/130 
f 4788/4730/130 4790/4732/130 4792/4734/130 
f 4715/4661/130 4788/4730/130 4792/4734/130 
f 4792/4734/130 4793/4735/130 4794/4736/130 
f 4794/4736/130 4795/4737/130 4796/4738/130 
f 4792/4734/130 4794/4736/130 4796/4738/130 
f 4796/4738/130 4797/4739/130 4798/4740/130 
f 4798/4740/130 4799/4741/130 4800/4742/130 
f 4796/4738/130 4798/4740/130 4800/4742/130 
f 4792/4734/130 4796/4738/130 4800/4742/130 
f 4715/4661/130 4792/4734/130 4800/4742/130 
f 4800/4742/130 4801/4743/130 4802/4744/130 
f 4802/4744/130 4803/4745/130 4804/4746/130 
f 4800/4742/130 4802/4744/130 4804/4746/130 
f 4804/4746/130 4805/4747/130 4806/4748/130 
f 4806/4748/130 4807/4749/130 4808/4750/130 
f 4804/4746/130 4806/4748/130 4808/4750/130 
f 4800/4742/130 4804/4746/130 4808/4750/130 
f 4808/4750/130 4809/4751/130 4810/4752/130 
f 4811/4753/130 4812/4754/130 4813/4755/130 
f 4810/4752/130 4811/4753/130 4813/4755/130 
f 4808/4750/130 4810/4752/130 4813/4755/130 
f 4813/4755/130 4814/4756/130 4815/4757/130 
f 4815/4757/130 4816/4758/130 4817/4759/130 
f 4813/4755/130 4815/4757/130 4817/4759/130 
f 4817/4759/130 4818/4760/130 4819/4761/130 
f 4819/4761/130 4820/4762/130 4821/4763/130 
f 4817/4759/130 4819/4761/130 4821/4763/130 
f 4813/4755/130 4817/4759/130 4821/4763/130 
f 4808/4750/130 4813/4755/130 4821/4763/130 
f 4800/4742/130 4808/4750/130 4821/4763/130 
f 4715/4661/130 4800/4742/130 4821/4763/130 
f 4821/4763/130 4822/4764/130 4823/4765/130 
f 4823/4765/130 4824/4766/130 4825/4767/130 
f 4821/4763/130 4823/4765/130 4825/4767/130 
f 4825/4767/130 4826/4768/130 4827/4769/130 
f 4827/4769/130 4828/4770/130 4829/4771/130 
f 4825/4767/130 4827/4769/130 4829/4771/130 
f 4821/4763/130 4825/4767/130 4829/4771/130 
f 4715/4661/130 4821/4763/130 4829/4771/130 
f 4829/4771/130 4830/4772/130 4831/4773/130 
f 4831/4773/130 4832/4774/130 4833/4775/130 
f 4829/4771/130 4831/4773/130 4833/4775/130 
f 4715/4661/130 4829/4771/130 4833/4775/130 
f 4713/4659/130 4715/4661/130 4833/4775/130 
f 4713/4659/130 4833/4775/130 4834/4776/130 
f 4835/4777/2360 4712/4658/2359 4674/4600/2357 
f 4674/4600/2357 4677/4778/2360 4835/4777/2360 
f 4836/4430/698 4835/4779/2360 4677/4780/2360 
f 4677/4780/2360 4676/4431/698 4836/4430/698 
f 4679/4431/104 4518/4431/2352 4517/4430/2352 
f 4517/4430/2352 4837/4430/104 4679/4431/104 
f 4676/4431/698 4679/4431/104 4837/4430/104 
f 4837/4430/104 4836/4430/698 4676/4431/698 
f 4675/4781/120 4674/4600/2357 4673/4599/118 
f 4673/4599/118 4838/4782/120 4675/4781/120 
f 4678/4623/122 4675/4781/120 4838/4782/120 
f 4838/4782/120 4683/4624/122 4678/4623/122 
f 4839/4783/1 4840/4784/1 4841/4785/1 
f 4841/4785/1 4842/4786/1 4843/4787/1 
f 4843/4787/1 4844/4788/1 4845/4789/1 
f 4841/4785/1 4843/4787/1 4845/4789/1 
f 4845/4789/1 4846/4790/1 4847/4791/1 
f 4847/4791/1 4848/4792/1 4849/4793/1 
f 4845/4789/1 4847/4791/1 4849/4793/1 
f 4841/4785/1 4845/4789/1 4849/4793/1 
f 4849/4793/1 4850/4794/1 4851/4795/1 
f 4851/4795/1 4852/4796/1 4853/4797/1 
f 4849/4793/1 4851/4795/1 4853/4797/1 
f 4853/4797/1 4854/4798/1 4855/4799/1 
f 4855/4799/1 4856/4800/1 4857/4801/1 
f 4853/4797/1 4855/4799/1 4857/4801/1 
f 4849/4793/1 4853/4797/1 4857/4801/1 
f 4841/4785/1 4849/4793/1 4857/4801/1 
f 4857/4801/1 4858/4802/1 4859/4803/1 
f 4859/4803/1 4860/4804/1 4861/4805/1 
f 4857/4801/1 4859/4803/1 4861/4805/1 
f 4861/4805/1 4862/4806/1 4863/4807/1 
f 4863/4807/1 4864/4808/1 4865/4809/1 
f 4861/4805/1 4863/4807/1 4865/4809/1 
f 4857/4801/1 4861/4805/1 4865/4809/1 
f 4865/4809/1 4866/4810/1 4867/4811/1 
f 4867/4811/1 4868/4812/1 4869/4813/1 
f 4865/4809/1 4867/4811/1 4869/4813/1 
f 4869/4813/1 4870/4814/1 4871/4815/1 
f 4871/4815/1 4872/4816/1 4873/4817/1 
f 4869/4813/1 4871/4815/1 4873/4817/1 
f 4865/4809/1 4869/4813/1 4873/4817/1 
f 4857/4801/1 4865/4809/1 4873/4817/1 
f 4841/4785/1 4857/4801/1 4873/4817/1 
f 4873/4817/1 4874/4818/1 4875/4819/1 
f 4875/4819/1 4876/4820/1 4877/4821/1 
f 4873/4817/1 4875/4819/1 4877/4821/1 
f 4877/4821/1 4878/4822/1 4879/4823/1 
f 4879/4823/1 4880/4824/1 4881/4825/1 
f 4877/4821/1 4879/4823/1 4881/4825/1 
f 4873/4817/1 4877/4821/1 4881/4825/1 
f 4881/4825/1 4882/4826/1 4883/4827/1 
f 4883/4827/1 4884/4828/1 4885/4829/1 
f 4881/4825/1 4883/4827/1 4885/4829/1 
f 4885/4829/1 4886/4830/1 4887/4831/1 
f 4887/4831/1 4888/4832/1 4889/4833/1 
f 4885/4829/1 4887/4831/1 4889/4833/1 
f 4881/4825/1 4885/4829/1 4889/4833/1 
f 4873/4817/1 4881/4825/1 4889/4833/1 
f 4841/4785/1 4873/4817/1 4889/4833/1 
f 4889/4833/1 4890/4834/1 4891/4835/1 
f 4891/4835/1 4892/4836/1 4893/4837/1 
f 4889/4833/1 4891/4835/1 4893/4837/1 
f 4893/4837/1 4894/4838/1 4895/4839/1 
f 4895/4839/1 4896/4840/1 4897/4841/1 
f 4893/4837/1 4895/4839/1 4897/4841/1 
f 4889/4833/1 4893/4837/1 4897/4841/1 
f 4841/4785/1 4889/4833/1 4897/4841/1 
f 4897/4841/1 4898/4842/1 4899/4843/1 
f 4899/4843/1 4900/4844/1 4901/4845/1 
f 4897/4841/1 4899/4843/1 4901/4845/1 
f 4841/4785/1 4897/4841/1 4901/4845/1 
f 4839/4783/1 4841/4785/1 4901/4845/1 
f 4839/4783/1 4901/4845/1 4902/4846/1 
f 4903/4847/1 4904/4848/1 4905/4849/1 
f 4905/4849/1 4906/4850/1 4907/4851/1 
f 4907/4851/1 4908/4852/1 4909/4853/1 
f 4905/4849/1 4907/4851/1 4909/4853/1 
f 4909/4853/1 4910/4854/1 4911/4855/1 
f 4911/4855/1 4912/4856/1 4913/4857/1 
f 4909/4853/1 4911/4855/1 4913/4857/1 
f 4905/4849/1 4909/4853/1 4913/4857/1 
f 4913/4857/1 4914/4858/1 4915/4859/1 
f 4915/4859/1 4916/4860/1 4917/4861/1 
f 4913/4857/1 4915/4859/1 4917/4861/1 
f 4917/4861/1 4918/4862/1 4919/4863/1 
f 4919/4863/1 4920/4864/1 4921/4865/1 
f 4917/4861/1 4919/4863/1 4921/4865/1 
f 4913/4857/1 4917/4861/1 4921/4865/1 
f 4905/4849/1 4913/4857/1 4921/4865/1 
f 4921/4865/1 4922/4866/1 4923/4867/1 
f 4923/4867/1 4924/4868/1 4925/4869/1 
f 4921/4865/1 4923/4867/1 4925/4869/1 
f 4925/4869/1 4926/4870/1 4927/4871/1 
f 4927/4871/1 4928/4872/1 4929/4873/1 
f 4925/4869/1 4927/4871/1 4929/4873/1 
f 4921/4865/1 4925/4869/1 4929/4873/1 
f 4929/4873/1 4930/4874/1 4931/4875/1 
f 4931/4875/1 4932/4876/1 4933/4877/1 
f 4929/4873/1 4931/4875/1 4933/4877/1 
f 4933/4877/1 4934/4878/1 4935/4879/1 
f 4935/4879/1 4936/4880/1 4937/4881/1 
f 4933/4877/1 4935/4879/1 4937/4881/1 
f 4929/4873/1 4933/4877/1 4937/4881/1 
f 4921/4865/1 4929/4873/1 4937/4881/1 
f 4905/4849/1 4921/4865/1 4937/4881/1 
f 4937/4881/1 4938/4882/1 4939/4883/1 
f 4939/4883/1 4940/4884/1 4941/4885/1 
f 4937/4881/1 4939/4883/1 4941/4885/1 
f 4941/4885/1 4942/4886/1 4943/4887/1 
f 4943/4887/1 4944/4888/1 4945/4889/1 
f 4941/4885/1 4943/4887/1 4945/4889/1 
f 4937/4881/1 4941/4885/1 4945/4889/1 
f 4945/4889/1 4946/4890/1 4947/4891/1 
f 4947/4891/1 4948/4892/1 4949/4893/1 
f 4945/4889/1 4947/4891/1 4949/4893/1 
f 4949/4893/1 4950/4894/1 4951/4895/1 
f 4951/4895/1 4952/4896/1 4953/4897/1 
f 4949/4893/1 4951/4895/1 4953/4897/1 
f 4945/4889/1 4949/4893/1 4953/4897/1 
f 4937/4881/1 4945/4889/1 4953/4897/1 
f 4905/4849/1 4937/4881/1 4953/4897/1 
f 4953/4897/1 4954/4898/1 4955/4899/1 
f 4955/4899/1 4956/4900/1 4957/4901/1 
f 4953/4897/1 4955/4899/1 4957/4901/1 
f 4957/4901/1 4958/4902/1 4959/4903/1 
f 4959/4903/1 4960/4904/1 4961/4905/1 
f 4957/4901/1 4959/4903/1 4961/4905/1 
f 4953/4897/1 4957/4901/1 4961/4905/1 
f 4905/4849/1 4953/4897/1 4961/4905/1 
f 4961/4905/1 4962/4906/1 4963/4907/1 
f 4963/4907/1 4964/4908/1 4965/4909/1 
f 4961/4905/1 4963/4907/1 4965/4909/1 
f 4905/4849/1 4961/4905/1 4965/4909/1 
f 4903/4847/1 4905/4849/1 4965/4909/1 
f 4903/4847/1 4965/4909/1 4966/4910/1 
f 4742/4688/130 4741/4687/130 4967/4911/130 
f 4967/4911/130 4968/4688/130 4742/4688/130 
f 4743/4689/130 4742/4688/130 4968/4688/130 
f 4968/4688/130 4969/4689/130 4743/4689/130 
f 4744/4690/130 4743/4689/130 4969/4689/130 
f 4969/4689/130 4970/4690/130 4744/4690/130 
f 4745/4691/130 4744/4690/130 4970/4690/130 
f 4970/4690/130 4971/4912/130 4745/4691/130 
f 4746/4692/130 4745/4691/130 4971/4912/130 
f 4971/4912/130 4972/4692/130 4746/4692/130 
f 4747/4693/130 4746/4692/130 4972/4692/130 
f 4972/4692/130 4973/4913/130 4747/4693/130 
f 4748/4694/130 4747/4693/130 4973/4913/130 
f 4973/4913/130 4974/4694/130 4748/4694/130 
f 4749/4695/130 4748/4694/130 4974/4694/130 
f 4974/4694/130 4975/4695/130 4749/4695/130 
f 4750/4696/130 4749/4695/130 4975/4695/130 
f 4975/4695/130 4976/4696/130 4750/4696/130 
f 4751/4697/130 4750/4696/130 4976/4696/130 
f 4976/4696/130 4977/4914/130 4751/4697/130 
f 4752/4698/130 4751/4697/130 4977/4914/130 
f 4977/4914/130 4978/4698/130 4752/4698/130 
f 4753/4699/130 4752/4698/130 4978/4698/130 
f 4978/4698/130 4979/4915/130 4753/4699/130 
f 4754/4700/130 4753/4699/130 4979/4915/130 
f 4979/4915/130 4980/4700/130 4754/4700/130 
f 4755/4701/130 4754/4700/130 4980/4700/130 
f 4980/4700/130 4981/4701/130 4755/4701/130 
f 4756/4702/130 4755/4701/130 4981/4701/130 
f 4981/4701/130 4982/4702/130 4756/4702/130 
f 4757/4703/130 4756/4702/130 4982/4702/130 
f 4982/4702/130 4983/4703/130 4757/4703/130 
f 4758/4704/130 4757/4703/130 4983/4703/130 
f 4983/4703/130 4984/4704/130 4758/4704/130 
f 4759/4705/130 4758/4704/130 4984/4704/130 
f 4984/4704/130 4985/4705/130 4759/4705/130 
f 4760/4706/130 4759/4705/130 4985/4705/130 
f 4985/4705/130 4986/4706/130 4760/4706/130 
f 4761/4707/130 4760/4706/130 4986/4706/130 
f 4986/4706/130 4987/4916/130 4761/4707/130 
f 4762/4708/130 4761/4707/130 4987/4916/130 
f 4987/4916/130 4988/4708/130 4762/4708/130 
f 4763/4709/130 4762/4708/130 4988/4708/130 
f 4988/4708/130 4989/4917/130 4763/4709/130 
f 4764/4710/130 4763/4709/130 4989/4917/130 
f 4989/4917/130 4990/4710/130 4764/4710/130 
f 4765/4711/130 4764/4710/130 4990/4710/130 
f 4990/4710/130 4991/4711/130 4765/4711/130 
f 4766/4712/130 4765/4711/130 4991/4711/130 
f 4991/4711/130 4992/4712/130 4766/4712/130 
f 4767/4713/130 4766/4712/130 4992/4712/130 
f 4992/4712/130 4993/4718/130 4767/4713/130 
f 4773/4718/130 4767/4713/130 4993/4718/130 
f 4993/4718/130 4994/4718/130 4773/4718/130 
f 4774/4719/130 4773/4718/130 4994/4718/130 
f 4994/4718/130 4995/4718/130 4774/4719/130 
f 4778/4722/130 4774/4719/130 4995/4718/130 
f 4995/4718/130 4996/4722/130 4778/4722/130 
f 4779/4722/130 4778/4722/130 4996/4722/130 
f 4996/4722/130 4997/4722/130 4779/4722/130 
f 4780/4723/130 4779/4722/130 4997/4722/130 
f 4997/4722/130 4998/4723/130 4780/4723/130 
f 4783/4723/130 4780/4723/130 4998/4723/130 
f 4998/4723/130 4999/4723/130 4783/4723/130 
f 4784/4726/130 4783/4723/130 4999/4723/130 
f 4999/4723/130 5000/4727/130 4784/4726/130 
f 4785/4727/130 4784/4726/130 5000/4727/130 
f 5000/4727/130 5001/4727/130 4785/4727/130 
f 4786/4728/130 4785/4727/130 5001/4727/130 
f 5001/4727/130 5002/4727/130 4786/4728/130 
f 4787/4729/130 4786/4728/130 5002/4727/130 
f 5002/4727/130 5003/4729/130 4787/4729/130 
f 4788/4730/130 4787/4729/130 5003/4729/130 
f 5003/4729/130 5004/4730/130 4788/4730/130 
f 4789/4731/130 4788/4730/130 5004/4730/130 
f 5004/4730/130 5005/4731/130 4789/4731/130 
f 4790/4732/130 4789/4731/130 5005/4731/130 
f 5005/4731/130 5006/4918/130 4790/4732/130 
f 4791/4733/130 4790/4732/130 5006/4918/130 
f 5006/4918/130 5007/4733/130 4791/4733/130 
f 4792/4734/130 4791/4733/130 5007/4733/130 
f 5007/4733/130 5008/4919/130 4792/4734/130 
f 4793/4735/130 4792/4734/130 5008/4919/130 
f 5008/4919/130 5009/4735/130 4793/4735/130 
f 4794/4736/130 4793/4735/130 5009/4735/130 
f 5009/4735/130 5010/4736/130 4794/4736/130 
f 4795/4737/130 4794/4736/130 5010/4736/130 
f 5010/4736/130 5011/4737/130 4795/4737/130 
f 4796/4738/130 4795/4737/130 5011/4737/130 
f 5011/4737/130 5012/4738/130 4796/4738/130 
f 4797/4739/130 4796/4738/130 5012/4738/130 
f 5012/4738/130 5013/4739/130 4797/4739/130 
f 4798/4740/130 4797/4739/130 5013/4739/130 
f 5013/4739/130 5014/4740/130 4798/4740/130 
f 4799/4741/130 4798/4740/130 5014/4740/130 
f 5014/4740/130 5015/4741/130 4799/4741/130 
f 4800/4742/130 4799/4741/130 5015/4741/130 
f 5015/4741/130 5016/4920/130 4800/4742/130 
f 4801/4743/130 4800/4742/130 5016/4920/130 
f 5016/4920/130 5017/4743/130 4801/4743/130 
f 4802/4744/130 4801/4743/130 5017/4743/130 
f 5017/4743/130 5018/4921/130 4802/4744/130 
f 4803/4745/130 4802/4744/130 5018/4921/130 
f 5018/4921/130 5019/4745/130 4803/4745/130 
f 4804/4746/130 4803/4745/130 5019/4745/130 
f 5019/4745/130 5020/4746/130 4804/4746/130 
f 4805/4747/130 4804/4746/130 5020/4746/130 
f 5020/4746/130 5021/4747/130 4805/4747/130 
f 4806/4748/130 4805/4747/130 5021/4747/130 
f 5021/4747/130 5022/4922/130 4806/4748/130 
f 4807/4749/130 4806/4748/130 5022/4922/130 
f 5022/4922/130 5023/4749/130 4807/4749/130 
f 4808/4750/130 4807/4749/130 5023/4749/130 
f 5023/4749/130 5024/4923/130 4808/4750/130 
f 4809/4751/130 4808/4750/130 5024/4923/130 
f 5024/4923/130 5025/4751/130 4809/4751/130 
f 4810/4752/130 4809/4751/130 5025/4751/130 
f 5025/4751/130 5026/4752/130 4810/4752/130 
f 4811/4753/130 4810/4752/130 5026/4752/130 
f 5026/4752/130 5027/4753/130 4811/4753/130 
f 4812/4754/130 4811/4753/130 5027/4753/130 
f 5027/4753/130 5028/4754/130 4812/4754/130 
f 4813/4755/130 4812/4754/130 5028/4754/130 
f 5028/4754/130 5029/4755/130 4813/4755/130 
f 4814/4756/130 4813/4755/130 5029/4755/130 
f 5029/4755/130 5030/4756/130 4814/4756/130 
f 4815/4757/130 4814/4756/130 5030/4756/130 
f 5030/4756/130 5031/4757/130 4815/4757/130 
f 4816/4758/130 4815/4757/130 5031/4757/130 
f 5031/4757/130 5032/4924/130 4816/4758/130 
f 4817/4759/130 4816/4758/130 5032/4924/130 
f 5032/4924/130 5033/4759/130 4817/4759/130 
f 4818/4760/130 4817/4759/130 5033/4759/130 
f 5033/4759/130 5034/4925/130 4818/4760/130 
f 4819/4761/130 4818/4760/130 5034/4925/130 
f 5034/4925/130 5035/4761/130 4819/4761/130 
f 4820/4762/130 4819/4761/130 5035/4761/130 
f 5035/4761/130 5036/4762/130 4820/4762/130 
f 4821/4763/130 4820/4762/130 5036/4762/130 
f 5036/4762/130 5037/4763/130 4821/4763/130 
f 4822/4764/130 4821/4763/130 5037/4763/130 
f 5037/4763/130 5038/4926/130 4822/4764/130 
f 4823/4765/130 4822/4764/130 5038/4926/130 
f 5038/4926/130 5039/4765/130 4823/4765/130 
f 4824/4766/130 4823/4765/130 5039/4765/130 
f 5039/4765/130 5040/4927/130 4824/4766/130 
f 4825/4767/130 4824/4766/130 5040/4927/130 
f 5040/4927/130 5041/4767/130 4825/4767/130 
f 4826/4768/130 4825/4767/130 5041/4767/130 
f 5041/4767/130 5042/4768/130 4826/4768/130 
f 4827/4769/130 4826/4768/130 5042/4768/130 
f 5042/4768/130 5043/4769/130 4827/4769/130 
f 4828/4770/130 4827/4769/130 5043/4769/130 
f 5043/4769/130 5044/4928/130 4828/4770/130 
f 4829/4771/130 4828/4770/130 5044/4928/130 
f 5044/4928/130 5045/4771/130 4829/4771/130 
f 4830/4772/130 4829/4771/130 5045/4771/130 
f 5045/4771/130 5046/4772/130 4830/4772/130 
f 4831/4773/130 4830/4772/130 5046/4772/130 
f 5046/4772/130 5047/4773/130 4831/4773/130 
f 4832/4774/130 4831/4773/130 5047/4773/130 
f 5047/4773/130 5048/4929/130 4832/4774/130 
f 4833/4775/130 4832/4774/130 5048/4929/130 
f 5048/4929/130 5049/4775/130 4833/4775/130 
f 4834/4776/130 4833/4775/130 5049/4775/130 
f 5049/4775/130 5050/4930/130 4834/4776/130 
f 4713/4659/130 4834/4776/130 5050/4930/130 
f 5050/4930/130 5051/4659/130 4713/4659/130 
f 4714/4660/130 4713/4659/130 5051/4659/130 
f 5051/4659/130 5052/4660/130 4714/4660/130 
f 4715/4661/130 4714/4660/130 5052/4660/130 
f 5052/4660/130 5053/4661/130 4715/4661/130 
f 4782/4725/130 4715/4661/130 5053/4661/130 
f 5053/4661/130 5054/4724/130 4782/4725/130 
f 4781/4724/130 4782/4725/130 5054/4724/130 
f 5054/4724/130 5055/4724/130 4781/4724/130 
f 4777/4721/130 4781/4724/130 5055/4724/130 
f 5055/4724/130 5056/4724/130 4777/4721/130 
f 4776/4720/130 4777/4721/130 5056/4724/130 
f 5056/4724/130 5057/4720/130 4776/4720/130 
f 4775/4720/130 4776/4720/130 5057/4720/130 
f 5057/4720/130 5058/4720/130 4775/4720/130 
f 4772/4717/130 4775/4720/130 5058/4720/130 
f 5058/4720/130 5059/4717/130 4772/4717/130 
f 4771/4717/130 4772/4717/130 5059/4717/130 
f 5059/4717/130 5060/4717/130 4771/4717/130 
f 4770/4716/130 4771/4717/130 5060/4717/130 
f 5060/4717/130 5061/4715/130 4770/4716/130 
f 4769/4715/130 4770/4716/130 5061/4715/130 
f 5061/4715/130 5062/4715/130 4769/4715/130 
f 4768/4714/130 4769/4715/130 5062/4715/130 
f 5062/4715/130 5063/4715/130 4768/4714/130 
f 4716/4662/130 4768/4714/130 5063/4715/130 
f 5063/4715/130 5064/4662/130 4716/4662/130 
f 4717/4663/130 4716/4662/130 5064/4662/130 
f 5064/4662/130 5065/4663/130 4717/4663/130 
f 4718/4664/130 4717/4663/130 5065/4663/130 
f 5065/4663/130 5066/4664/130 4718/4664/130 
f 4719/4665/130 4718/4664/130 5066/4664/130 
f 5066/4664/130 5067/4931/130 4719/4665/130 
f 4720/4666/130 4719/4665/130 5067/4931/130 
f 5067/4931/130 5068/4666/130 4720/4666/130 
f 4721/4667/130 4720/4666/130 5068/4666/130 
f 5068/4666/130 5069/4932/130 4721/4667/130 
f 4722/4668/130 4721/4667/130 5069/4932/130 
f 5069/4932/130 5070/4668/130 4722/4668/130 
f 4723/4669/130 4722/4668/130 5070/4668/130 
f 5070/4668/130 5071/4669/130 4723/4669/130 
f 4724/4670/130 4723/4669/130 5071/4669/130 
f 5071/4669/130 5072/4670/130 4724/4670/130 
f 4725/4671/130 4724/4670/130 5072/4670/130 
f 5072/4670/130 5073/4933/130 4725/4671/130 
f 4726/4672/130 4725/4671/130 5073/4933/130 
f 5073/4933/130 5074/4672/130 4726/4672/130 
f 4727/4673/130 4726/4672/130 5074/4672/130 
f 5074/4672/130 5075/4673/130 4727/4673/130 
f 4728/4674/130 4727/4673/130 5075/4673/130 
f 5075/4673/130 5076/4674/130 4728/4674/130 
f 4729/4675/130 4728/4674/130 5076/4674/130 
f 5076/4674/130 5077/4934/130 4729/4675/130 
f 4730/4676/130 4729/4675/130 5077/4934/130 
f 5077/4934/130 5078/4676/130 4730/4676/130 
f 4731/4677/130 4730/4676/130 5078/4676/130 
f 5078/4676/130 5079/4935/130 4731/4677/130 
f 4732/4678/130 4731/4677/130 5079/4935/130 
f 5079/4935/130 5080/4678/130 4732/4678/130 
f 4733/4679/130 4732/4678/130 5080/4678/130 
f 5080/4678/130 5081/4679/130 4733/4679/130 
f 4734/4680/130 4733/4679/130 5081/4679/130 
f 5081/4679/130 5082/4680/130 4734/4680/130 
f 4735/4681/130 4734/4680/130 5082/4680/130 
f 5082/4680/130 5083/4936/130 4735/4681/130 
f 4736/4682/130 4735/4681/130 5083/4936/130 
f 5083/4936/130 5084/4682/130 4736/4682/130 
f 4737/4683/130 4736/4682/130 5084/4682/130 
f 5084/4682/130 5085/4937/130 4737/4683/130 
f 4738/4684/130 4737/4683/130 5085/4937/130 
f 5085/4937/130 5086/4684/130 4738/4684/130 
f 4739/4685/130 4738/4684/130 5086/4684/130 
f 5086/4684/130 5087/4685/130 4739/4685/130 
f 4740/4686/130 4739/4685/130 5087/4685/130 
f 5087/4685/130 5088/4686/130 4740/4686/130 
f 4741/4687/130 4740/4686/130 5088/4686/130 
f 5088/4686/130 4967/4911/130 4741/4687/130 
s 2
f 4390/4938/1738 4968/4688/1738 4967/4911/2361 
f 4967/4911/2361 4391/4911/2361 4390/4938/1738 
f 4392/4939/847 4969/4689/847 4968/4688/1738 
f 4968/4688/1738 4390/4938/1738 4392/4939/847 
f 4393/4690/857 4970/4690/857 4969/4689/847 
f 4969/4689/847 4392/4939/847 4393/4690/857 
f 4394/4912/865 4971/4912/865 4970/4690/857 
f 4970/4690/857 4393/4690/857 4394/4912/865 
f 4395/4913/875 4972/4692/875 4971/4912/865 
f 4971/4912/865 4394/4912/865 4395/4913/875 
f 4396/4940/883 4973/4913/883 4972/4692/875 
f 4972/4692/875 4395/4913/875 4396/4940/883 
f 4397/4694/892 4974/4694/892 4973/4913/883 
f 4973/4913/883 4396/4940/883 4397/4694/892 
f 4398/4695/900 4975/4695/900 4974/4694/892 
f 4974/4694/892 4397/4694/892 4398/4695/900 
f 4399/4696/910 4976/4696/910 4975/4695/900 
f 4975/4695/900 4398/4695/900 4399/4696/910 
f 4400/4941/918 4977/4914/918 4976/4696/910 
f 4976/4696/910 4399/4696/910 4400/4941/918 
f 4401/4914/928 4978/4698/928 4977/4914/918 
f 4977/4914/918 4400/4941/918 4401/4914/928 
f 4402/4915/937 4979/4915/937 4978/4698/928 
f 4978/4698/928 4401/4914/928 4402/4915/937 
f 4403/4700/946 4980/4700/946 4979/4915/937 
f 4979/4915/937 4402/4915/937 4403/4700/946 
f 4404/4942/955 4981/4701/955 4980/4700/946 
f 4980/4700/946 4403/4700/946 4404/4942/955 
f 4405/4943/1719 4982/4702/1719 4981/4701/955 
f 4981/4701/955 4404/4942/955 4405/4943/1719 
f 4406/4944/973 4983/4703/973 4982/4702/1719 
f 4982/4702/1719 4405/4943/1719 4406/4944/973 
f 4407/4945/1715 4984/4704/1715 4983/4703/973 
f 4983/4703/973 4406/4944/973 4407/4945/1715 
f 4408/4946/1713 4985/4705/1713 4984/4704/1715 
f 4984/4704/1715 4407/4945/1715 4408/4946/1713 
f 4409/4706/1973 4986/4706/1973 4985/4705/1713 
f 4985/4705/1713 4408/4946/1713 4409/4706/1973 
f 4410/4916/1709 4987/4916/1709 4986/4706/1973 
f 4986/4706/1973 4409/4706/1973 4410/4916/1709 
f 4411/4917/1707 4988/4708/1707 4987/4916/1709 
f 4987/4916/1709 4410/4916/1709 4411/4917/1707 
f 4412/4947/1705 4989/4917/1705 4988/4708/1707 
f 4988/4708/1707 4411/4917/1707 4412/4947/1705 
f 4413/4710/1940 4990/4710/1940 4989/4917/1705 
f 4989/4917/1705 4412/4947/1705 4413/4710/1940 
f 4414/4711/1701 4991/4711/1701 4990/4710/1940 
f 4990/4710/1940 4413/4710/1940 4414/4711/1701 
f 4415/4712/1922 4992/4712/1922 4991/4711/1701 
f 4991/4711/1701 4414/4711/1701 4415/4712/1922 
f 4416/4948/2362 4993/4718/2362 4992/4712/1922 
f 4992/4712/1922 4415/4712/1922 4416/4948/2362 
f 4417/4322/1719 4998/4949/1719 4997/4950/1715 
f 4997/4950/1715 4418/4323/1715 4417/4322/1719 
f 4421/4718/2363 4994/4718/2363 4993/4718/2362 
f 4993/4718/2362 4416/4948/2362 4421/4718/2363 
f 4422/4951/2364 4995/4718/2364 4994/4718/2363 
f 4994/4718/2363 4421/4718/2363 4422/4951/2364 
f 4424/4951/1973 4996/4722/1973 4995/4718/2364 
f 4995/4718/2364 4422/4951/2364 4424/4951/1973 
f 4418/4951/1715 4997/4722/1715 4996/4722/1973 
f 4996/4722/1973 4424/4951/1973 4418/4951/1715 
f 4391/4911/2361 4967/4911/2361 5088/4686/1742 
f 5088/4686/1742 4489/4952/1742 4391/4911/2361 
f 4489/4952/1742 5088/4686/1742 5087/4685/1100 
f 5087/4685/1100 4490/4953/1100 4489/4952/1742 
f 4490/4953/1100 5087/4685/1100 5086/4684/1092 
f 5086/4684/1092 4491/4684/1092 4490/4953/1100 
f 4491/4684/1092 5086/4684/1092 5085/4937/1082 
f 5085/4937/1082 4492/4937/1082 4491/4684/1092 
f 4492/4937/1082 5085/4937/1082 5084/4682/1074 
f 5084/4682/1074 4493/4936/1074 4492/4937/1082 
f 4493/4936/1074 5084/4682/1074 5083/4936/1064 
f 5083/4936/1064 4494/4954/1064 4493/4936/1074 
f 4494/4954/1064 5083/4936/1064 5082/4680/1055 
f 5082/4680/1055 4495/4680/1055 4494/4954/1064 
f 4495/4680/1055 5082/4680/1055 5081/4679/1047 
f 5081/4679/1047 4496/4679/1047 4495/4680/1055 
f 4496/4679/1047 5081/4679/1047 5080/4678/1039 
f 5080/4678/1039 4497/4678/1039 4496/4679/1047 
f 4497/4678/1039 5080/4678/1039 5079/4935/1029 
f 5079/4935/1029 4498/4955/1029 4497/4678/1039 
f 4498/4955/1029 5079/4935/1029 5078/4676/1021 
f 5078/4676/1021 4499/4935/1021 4498/4955/1029 
f 4499/4935/1021 5078/4676/1021 5077/4934/1011 
f 5077/4934/1011 4500/4934/1011 4499/4935/1021 
f 4500/4934/1011 5077/4934/1011 5076/4674/1001 
f 5076/4674/1001 4501/4674/1001 4500/4934/1011 
f 4501/4674/1001 5076/4674/1001 5075/4673/993 
f 5075/4673/993 4502/4956/993 4501/4674/1001 
f 4502/4956/993 5075/4673/993 5074/4672/1761 
f 5074/4672/1761 4503/4957/1761 4502/4956/993 
f 4503/4957/1761 5074/4672/1761 5073/4933/1277 
f 5073/4933/1277 4504/4933/1277 4503/4957/1761 
f 4504/4933/1277 5073/4933/1277 5072/4670/1765 
f 5072/4670/1765 4505/4958/1765 4504/4933/1277 
f 4505/4958/1765 5072/4670/1765 5071/4669/1767 
f 5071/4669/1767 4506/4959/1767 4505/4958/1765 
f 4506/4959/1767 5071/4669/1767 5070/4668/2018 
f 5070/4668/2018 4507/4668/2018 4506/4959/1767 
f 4507/4668/2018 5070/4668/2018 5069/4932/1771 
f 5069/4932/1771 4508/4932/1771 4507/4668/2018 
f 4508/4932/1771 5069/4932/1771 5068/4666/1773 
f 5068/4666/1773 4509/4931/1773 4508/4932/1771 
f 4509/4931/1773 5068/4666/1773 5067/4931/1775 
f 5067/4931/1775 4510/4960/1775 4509/4931/1773 
f 4510/4960/1775 5067/4931/1775 5066/4664/2052 
f 5066/4664/2052 4511/4664/2052 4510/4960/1775 
f 4511/4664/2052 5066/4664/2052 5065/4663/1779 
f 5065/4663/1779 4512/4663/1779 4511/4664/2052 
f 4512/4663/1779 5065/4663/1779 5064/4662/2068 
f 5064/4662/2068 4513/4662/2068 4512/4663/1779 
f 4513/4662/2068 5064/4662/2068 5063/4715/2365 
f 5063/4715/2365 4514/4961/2365 4513/4662/2068 
f 4514/4961/2365 5063/4715/2365 5062/4715/2366 
f 5062/4715/2366 4519/4715/2366 4514/4961/2365 
f 4519/4715/2366 5062/4715/2366 5061/4715/2367 
f 5061/4715/2367 4520/4962/2367 4519/4715/2366 
f 4520/4962/2367 5061/4715/2367 5060/4717/2018 
f 5060/4717/2018 4522/4962/2018 4520/4962/2367 
f 4522/4962/2018 5060/4717/2018 5059/4717/1765 
f 5059/4717/1765 4516/4962/1765 4522/4962/2018 
f 4516/4429/1765 5059/4963/1765 5058/4964/1761 
f 5058/4964/1761 4517/4430/1761 4516/4429/1765 
f 4592/4511/2368 5028/4965/2368 5027/4966/1687 
f 5027/4966/1687 4591/4510/1687 4592/4511/2368 
f 4591/4967/1687 5027/4753/1687 5026/4752/1689 
f 5026/4752/1689 4593/4968/1689 4591/4967/1687 
f 4593/4968/1689 5026/4752/1689 5025/4751/1890 
f 5025/4751/1890 4594/4751/1890 4593/4968/1689 
f 4594/4751/1890 5025/4751/1890 5024/4923/1693 
f 5024/4923/1693 4595/4923/1693 4594/4751/1890 
f 4595/4923/1693 5024/4923/1693 5023/4749/1695 
f 5023/4749/1695 4596/4922/1695 4595/4923/1693 
f 4596/4922/1695 5023/4749/1695 5022/4922/1697 
f 5022/4922/1697 4597/4969/1697 4596/4922/1695 
f 4597/4969/1697 5022/4922/1697 5021/4747/1922 
f 5021/4747/1922 4598/4747/1922 4597/4969/1697 
f 4598/4747/1922 5021/4747/1922 5020/4746/1701 
f 5020/4746/1701 4599/4746/1701 4598/4747/1922 
f 4599/4746/1701 5020/4746/1701 5019/4745/1940 
f 5019/4745/1940 4600/4745/1940 4599/4746/1701 
f 4600/4745/1940 5019/4745/1940 5018/4921/1705 
f 5018/4921/1705 4601/4970/1705 4600/4745/1940 
f 4601/4970/1705 5018/4921/1705 5017/4743/1707 
f 5017/4743/1707 4602/4921/1707 4601/4970/1705 
f 4602/4921/1707 5017/4743/1707 5016/4920/1709 
f 5016/4920/1709 4603/4920/1709 4602/4921/1707 
f 4603/4920/1709 5016/4920/1709 5015/4741/1973 
f 5015/4741/1973 4604/4741/1973 4603/4920/1709 
f 4604/4741/1973 5015/4741/1973 5014/4740/1713 
f 5014/4740/1713 4605/4971/1713 4604/4741/1973 
f 4605/4971/1713 5014/4740/1713 5013/4739/1715 
f 5013/4739/1715 4606/4972/1715 4605/4971/1713 
f 4606/4972/1715 5013/4739/1715 5012/4738/973 
f 5012/4738/973 4607/4973/973 4606/4972/1715 
f 4607/4973/973 5012/4738/973 5011/4737/1719 
f 5011/4737/1719 4608/4974/1719 4607/4973/973 
f 4608/4974/1719 5011/4737/1719 5010/4736/955 
f 5010/4736/955 4609/4975/955 4608/4974/1719 
f 4609/4975/955 5010/4736/955 5009/4735/946 
f 5009/4735/946 4610/4735/946 4609/4975/955 
f 4610/4735/946 5009/4735/946 5008/4919/937 
f 5008/4919/937 4611/4919/937 4610/4735/946 
f 4611/4919/937 5008/4919/937 5007/4733/928 
f 5007/4733/928 4612/4918/928 4611/4919/937 
f 4612/4918/928 5007/4733/928 5006/4918/918 
f 5006/4918/918 4613/4976/918 4612/4918/928 
f 4613/4976/918 5006/4918/918 5005/4731/910 
f 5005/4731/910 4614/4731/910 4613/4976/918 
f 4614/4731/910 5005/4731/910 5004/4730/900 
f 5004/4730/900 4615/4730/900 4614/4731/910 
f 4615/4730/900 5004/4730/900 5003/4729/892 
f 5003/4729/892 4616/4729/892 4615/4730/900 
f 4616/4729/892 5003/4729/892 5002/4727/2369 
f 5002/4727/2369 4617/4977/2369 4616/4729/892 
f 4617/4977/2369 5002/4727/2369 5001/4727/2370 
f 5001/4727/2370 4618/4727/2370 4617/4977/2369 
f 4618/4727/2370 5001/4727/2370 5000/4727/2371 
f 5000/4727/2371 4619/4978/2371 4618/4727/2370 
f 4619/4978/2371 5000/4727/2371 4999/4723/946 
f 4999/4723/946 4621/4978/946 4619/4978/2371 
f 4621/4978/946 4999/4723/946 4998/4723/1719 
f 4998/4723/1719 4417/4978/1719 4621/4978/946 
f 4687/4631/1683 5029/4979/1683 5028/4965/2368 
f 5028/4965/2368 4592/4511/2368 4687/4631/1683 
f 4688/4980/1791 5030/4756/1791 5029/4755/1683 
f 5029/4755/1683 4687/4981/1683 4688/4980/1791 
f 4689/4757/2099 5031/4757/2099 5030/4756/1791 
f 5030/4756/1791 4688/4980/1791 4689/4757/2099 
f 4690/4924/1787 5032/4924/1787 5031/4757/2099 
f 5031/4757/2099 4689/4757/2099 4690/4924/1787 
f 4691/4925/1785 5033/4759/1785 5032/4924/1787 
f 5032/4924/1787 4690/4924/1787 4691/4925/1785 
f 4692/4982/1783 5034/4925/1783 5033/4759/1785 
f 5033/4759/1785 4691/4925/1785 4692/4982/1783 
f 4693/4761/2068 5035/4761/2068 5034/4925/1783 
f 5034/4925/1783 4692/4982/1783 4693/4761/2068 
f 4694/4762/1779 5036/4762/1779 5035/4761/2068 
f 5035/4761/2068 4693/4761/2068 4694/4762/1779 
f 4695/4763/2052 5037/4763/2052 5036/4762/1779 
f 5036/4762/1779 4694/4762/1779 4695/4763/2052 
f 4696/4983/1775 5038/4926/1775 5037/4763/2052 
f 5037/4763/2052 4695/4763/2052 4696/4983/1775 
f 4697/4926/1773 5039/4765/1773 5038/4926/1775 
f 5038/4926/1775 4696/4983/1775 4697/4926/1773 
f 4698/4927/1771 5040/4927/1771 5039/4765/1773 
f 5039/4765/1773 4697/4926/1773 4698/4927/1771 
f 4699/4767/2018 5041/4767/2018 5040/4927/1771 
f 5040/4927/1771 4698/4927/1771 4699/4767/2018 
f 4700/4984/1767 5042/4768/1767 5041/4767/2018 
f 5041/4767/2018 4699/4767/2018 4700/4984/1767 
f 4701/4985/1765 5043/4769/1765 5042/4768/1767 
f 5042/4768/1767 4700/4984/1767 4701/4985/1765 
f 4702/4928/1277 5044/4928/1277 5043/4769/1765 
f 5043/4769/1765 4701/4985/1765 4702/4928/1277 
f 4703/4986/1761 5045/4771/1761 5044/4928/1277 
f 5044/4928/1277 4702/4928/1277 4703/4986/1761 
f 4704/4987/993 5046/4772/993 5045/4771/1761 
f 5045/4771/1761 4703/4986/1761 4704/4987/993 
f 4705/4773/1001 5047/4773/1001 5046/4772/993 
f 5046/4772/993 4704/4987/993 4705/4773/1001 
f 4706/4929/1011 5048/4929/1011 5047/4773/1001 
f 5047/4773/1001 4705/4773/1001 4706/4929/1011 
f 4707/4930/1021 5049/4775/1021 5048/4929/1011 
f 5048/4929/1011 4706/4929/1011 4707/4930/1021 
f 4708/4988/1029 5050/4930/1029 5049/4775/1021 
f 5049/4775/1021 4707/4930/1021 4708/4988/1029 
f 4709/4659/1039 5051/4659/1039 5050/4930/1029 
f 5050/4930/1029 4708/4988/1029 4709/4659/1039 
f 4710/4660/1047 5052/4660/1047 5051/4659/1039 
f 5051/4659/1039 4709/4659/1039 4710/4660/1047 
f 4711/4661/1055 5053/4661/1055 5052/4660/1047 
f 5052/4660/1047 4710/4660/1047 4711/4661/1055 
f 4712/4989/2372 5054/4724/2372 5053/4661/1055 
f 5053/4661/1055 4711/4661/1055 4712/4989/2372 
f 4517/4990/1761 5058/4720/1761 5057/4720/1001 
f 5057/4720/1001 4837/4990/1001 4517/4990/1761 
f 4837/4990/1001 5057/4720/1001 5056/4724/2373 
f 5056/4724/2373 4836/4990/2373 4837/4990/1001 
f 4836/4990/2373 5056/4724/2373 5055/4724/2374 
f 5055/4724/2374 4835/4724/2374 4836/4990/2373 
f 4835/4724/2374 5055/4724/2374 5054/4724/2372 
f 5054/4724/2372 4712/4989/2372 4835/4724/2374 
f 4841/4785/2375 4325/4991/2375 4324/4992/2376 
f 4324/4992/2376 4842/4786/2376 4841/4785/2375 
f 4840/4784/845 4327/4993/845 4325/4991/2375 
f 4325/4991/2375 4841/4785/2375 4840/4784/845 
f 4839/4783/855 4329/4783/855 4327/4993/845 
f 4327/4993/845 4840/4784/845 4839/4783/855 
f 4902/4846/863 4331/4846/863 4329/4783/855 
f 4329/4783/855 4839/4783/855 4902/4846/863 
f 4901/4845/873 4333/4844/873 4331/4846/863 
f 4331/4846/863 4902/4846/863 4901/4845/873 
f 4900/4844/881 4335/4994/881 4333/4844/873 
f 4333/4844/873 4901/4845/873 4900/4844/881 
f 4899/4843/890 4337/4843/890 4335/4994/881 
f 4335/4994/881 4900/4844/881 4899/4843/890 
f 4898/4842/898 4339/4842/898 4337/4843/890 
f 4337/4843/890 4899/4843/890 4898/4842/898 
f 4897/4841/908 4341/4841/908 4339/4842/898 
f 4339/4842/898 4898/4842/898 4897/4841/908 
f 4896/4840/916 4343/4995/916 4341/4841/908 
f 4341/4841/908 4897/4841/908 4896/4840/916 
f 4895/4839/926 4345/4840/926 4343/4995/916 
f 4343/4995/916 4896/4840/916 4895/4839/926 
f 4894/4838/935 4347/4838/935 4345/4840/926 
f 4345/4840/926 4895/4839/926 4894/4838/935 
f 4893/4837/944 4349/4837/944 4347/4838/935 
f 4347/4838/935 4894/4838/935 4893/4837/944 
f 4892/4836/953 4351/4996/953 4349/4837/944 
f 4349/4837/944 4893/4837/944 4892/4836/953 
f 4891/4835/2377 4353/4997/2377 4351/4996/953 
f 4351/4996/953 4892/4836/953 4891/4835/2377 
f 4890/4834/971 4355/4998/971 4353/4997/2377 
f 4353/4997/2377 4891/4835/2377 4890/4834/971 
f 4889/4833/2378 4357/4999/2378 4355/4998/971 
f 4355/4998/971 4890/4834/971 4889/4833/2378 
f 4888/4832/1980 4359/5000/1980 4357/4999/2378 
f 4357/4999/2378 4889/4833/2378 4888/4832/1980 
f 4887/4831/1971 4361/4831/1971 4359/5000/1980 
f 4359/5000/1980 4888/4832/1980 4887/4831/1971 
f 4886/4830/1963 4363/4830/1963 4361/4831/1971 
f 4361/4831/1971 4887/4831/1971 4886/4830/1963 
f 4885/4829/1955 4365/4828/1955 4363/4830/1963 
f 4363/4830/1963 4886/4830/1963 4885/4829/1955 
f 4884/4828/1946 4367/5001/1946 4365/4828/1955 
f 4365/4828/1955 4885/4829/1955 4884/4828/1946 
f 4883/4827/1938 4369/4827/1938 4367/5001/1946 
f 4367/5001/1946 4884/4828/1946 4883/4827/1938 
f 4882/4826/1929 4371/4826/1929 4369/4827/1938 
f 4369/4827/1938 4883/4827/1938 4882/4826/1929 
f 4881/4825/1920 4373/4825/1920 4371/4826/1929 
f 4371/4826/1929 4882/4826/1929 4881/4825/1920 
f 4880/4824/1912 4375/5002/1912 4373/4825/1920 
f 4373/4825/1920 4881/4825/1920 4880/4824/1912 
f 4879/4823/1905 4425/4824/1905 4375/5002/1912 
f 4375/5002/1912 4880/4824/1912 4879/4823/1905 
f 4878/4822/1896 4381/4822/1896 4425/4824/1905 
f 4425/4824/1905 4879/4823/1905 4878/4822/1896 
f 4877/4821/1888 4382/4821/1888 4381/4822/1896 
f 4381/4822/1896 4878/4822/1896 4877/4821/1888 
f 4876/4820/1880 4384/5003/1880 4382/4821/1888 
f 4382/4821/1888 4877/4821/1888 4876/4820/1880 
f 4875/4819/2379 4386/5004/2379 4384/5003/1880 
f 4384/5003/1880 4876/4820/1880 4875/4819/2379 
f 4874/4818/1864 4388/5005/1864 4386/5004/2379 
f 4386/5004/2379 4875/4819/2379 4874/4818/1864 
f 4842/4786/2376 4324/4992/2376 4426/5006/2380 
f 4426/5006/2380 4843/4787/2380 4842/4786/2376 
f 4843/4787/2380 4426/5006/2380 4428/5007/1098 
f 4428/5007/1098 4844/4788/1098 4843/4787/2380 
f 4844/4788/1098 4428/5007/1098 4430/4789/1090 
f 4430/4789/1090 4845/4789/1090 4844/4788/1098 
f 4845/4789/1090 4430/4789/1090 4432/4790/1080 
f 4432/4790/1080 4846/4790/1080 4845/4789/1090 
f 4846/4790/1080 4432/4790/1080 4434/4792/1072 
f 4434/4792/1072 4847/4791/1072 4846/4790/1080 
f 4847/4791/1072 4434/4792/1072 4436/5008/1062 
f 4436/5008/1062 4848/4792/1062 4847/4791/1072 
f 4848/4792/1062 4436/5008/1062 4438/4793/1053 
f 4438/4793/1053 4849/4793/1053 4848/4792/1062 
f 4849/4793/1053 4438/4793/1053 4440/4794/1045 
f 4440/4794/1045 4850/4794/1045 4849/4793/1053 
f 4850/4794/1045 4440/4794/1045 4442/4795/1037 
f 4442/4795/1037 4851/4795/1037 4850/4794/1045 
f 4851/4795/1037 4442/4795/1037 4444/5009/1027 
f 4444/5009/1027 4852/4796/1027 4851/4795/1037 
f 4852/4796/1027 4444/5009/1027 4446/4796/1019 
f 4446/4796/1019 4853/4797/1019 4852/4796/1027 
f 4853/4797/1019 4446/4796/1019 4448/4798/1009 
f 4448/4798/1009 4854/4798/1009 4853/4797/1019 
f 4854/4798/1009 4448/4798/1009 4450/4799/999 
f 4450/4799/999 4855/4799/999 4854/4798/1009 
f 4855/4799/999 4450/4799/999 4452/5010/991 
f 4452/5010/991 4856/4800/991 4855/4799/999 
f 4856/4800/991 4452/5010/991 4454/5011/2381 
f 4454/5011/2381 4857/4801/2381 4856/4800/991 
f 4857/4801/2381 4454/5011/2381 4456/4802/2382 
f 4456/4802/2382 4858/4802/2382 4857/4801/2381 
f 4858/4802/2382 4456/4802/2382 4458/5012/2383 
f 4458/5012/2383 4859/4803/2383 4858/4802/2382 
f 4859/4803/2383 4458/5012/2383 4460/5013/2009 
f 4460/5013/2009 4860/4804/2009 4859/4803/2383 
f 4860/4804/2009 4460/5013/2009 4462/4805/2016 
f 4462/4805/2016 4861/4805/2016 4860/4804/2009 
f 4861/4805/2016 4462/4805/2016 4464/4806/2026 
f 4464/4806/2026 4862/4806/2026 4861/4805/2016 
f 4862/4806/2026 4464/4806/2026 4466/4808/2035 
f 4466/4808/2035 4863/4807/2035 4862/4806/2026 
f 4863/4807/2035 4466/4808/2035 4468/5014/2042 
f 4468/5014/2042 4864/4808/2042 4863/4807/2035 
f 4864/4808/2042 4468/5014/2042 4470/4809/2050 
f 4470/4809/2050 4865/4809/2050 4864/4808/2042 
f 4865/4809/2050 4470/4809/2050 4472/4810/2059 
f 4472/4810/2059 4866/4810/2059 4865/4809/2050 
f 4866/4810/2059 4472/4810/2059 4474/4811/2066 
f 4474/4811/2066 4867/4811/2066 4866/4810/2059 
f 4867/4811/2066 4474/4811/2066 4476/5015/2074 
f 4476/5015/2074 4868/4812/2074 4867/4811/2066 
f 4870/4814/2089 4482/4814/2089 4481/4815/2097 
f 4481/4815/2097 4871/4815/2097 4870/4814/2089 
f 4871/4815/2097 4481/4815/2097 4485/5016/2105 
f 4485/5016/2105 4872/4816/2105 4871/4815/2097 
f 4872/4816/2105 4485/5016/2105 4487/5017/2384 
f 4487/5017/2384 4873/4817/2384 4872/4816/2105 
f 4873/4817/2384 4487/5017/2384 4388/5005/1864 
f 4388/5005/1864 4874/4818/1864 4873/4817/2384 
f 4868/4812/2074 4476/5015/2074 4523/4812/2082 
f 4523/4812/2082 4869/4813/2082 4868/4812/2074 
f 4869/4813/2082 4523/4812/2082 4482/4814/2089 
f 4482/4814/2089 4870/4814/2089 4869/4813/2082 
f 4905/4849/1864 4525/5018/1864 4524/5019/2379 
f 4524/5019/2379 4906/4850/2379 4905/4849/1864 
f 4906/4850/2379 4524/5019/2379 4528/5020/1880 
f 4528/5020/1880 4907/4851/1880 4906/4850/2379 
f 4907/4851/1880 4528/5020/1880 4530/4852/1888 
f 4530/4852/1888 4908/4852/1888 4907/4851/1880 
f 4908/4852/1888 4530/4852/1888 4532/4853/1896 
f 4532/4853/1896 4909/4853/1896 4908/4852/1888 
f 4909/4853/1896 4532/4853/1896 4534/4855/1905 
f 4534/4855/1905 4910/4854/1905 4909/4853/1896 
f 4910/4854/1905 4534/4855/1905 4536/5021/1912 
f 4536/5021/1912 4911/4855/1912 4910/4854/1905 
f 4911/4855/1912 4536/5021/1912 4538/4856/1920 
f 4538/4856/1920 4912/4856/1920 4911/4855/1912 
f 4912/4856/1920 4538/4856/1920 4540/4857/1929 
f 4540/4857/1929 4913/4857/1929 4912/4856/1920 
f 4913/4857/1929 4540/4857/1929 4542/4858/1938 
f 4542/4858/1938 4914/4858/1938 4913/4857/1929 
f 4914/4858/1938 4542/4858/1938 4544/5022/1946 
f 4544/5022/1946 4915/4859/1946 4914/4858/1938 
f 4915/4859/1946 4544/5022/1946 4546/4859/1955 
f 4546/4859/1955 4916/4860/1955 4915/4859/1946 
f 4916/4860/1955 4546/4859/1955 4548/4861/1963 
f 4548/4861/1963 4917/4861/1963 4916/4860/1955 
f 4917/4861/1963 4548/4861/1963 4550/4862/1971 
f 4550/4862/1971 4918/4862/1971 4917/4861/1963 
f 4918/4862/1971 4550/4862/1971 4552/5023/1980 
f 4552/5023/1980 4919/4863/1980 4918/4862/1971 
f 4919/4863/1980 4552/5023/1980 4554/5024/2378 
f 4554/5024/2378 4920/4864/2378 4919/4863/1980 
f 4920/4864/2378 4554/5024/2378 4556/5025/971 
f 4556/5025/971 4921/4865/971 4920/4864/2378 
f 4921/4865/971 4556/5025/971 4558/5026/2377 
f 4558/5026/2377 4922/4866/2377 4921/4865/971 
f 4922/4866/2377 4558/5026/2377 4560/5027/953 
f 4560/5027/953 4923/4867/953 4922/4866/2377 
f 4923/4867/953 4560/5027/953 4562/4868/944 
f 4562/4868/944 4924/4868/944 4923/4867/953 
f 4924/4868/944 4562/4868/944 4564/4869/935 
f 4564/4869/935 4925/4869/935 4924/4868/944 
f 4925/4869/935 4564/4869/935 4566/4871/926 
f 4566/4871/926 4926/4870/926 4925/4869/935 
f 4926/4870/926 4566/4871/926 4568/5028/916 
f 4568/5028/916 4927/4871/916 4926/4870/926 
f 4927/4871/916 4568/5028/916 4570/4872/908 
f 4570/4872/908 4928/4872/908 4927/4871/916 
f 4928/4872/908 4570/4872/908 4572/4873/898 
f 4572/4873/898 4929/4873/898 4928/4872/908 
f 4929/4873/898 4572/4873/898 4574/4874/890 
f 4574/4874/890 4930/4874/890 4929/4873/898 
f 4930/4874/890 4574/4874/890 4576/5029/881 
f 4576/5029/881 4931/4875/881 4930/4874/890 
f 4933/4877/863 4582/4877/863 4581/4878/855 
f 4581/4878/855 4934/4878/855 4933/4877/863 
f 4934/4878/855 4581/4878/855 4585/5030/845 
f 4585/5030/845 4935/4879/845 4934/4878/855 
f 4935/4879/845 4585/5030/845 4587/5031/2375 
f 4587/5031/2375 4936/4880/2375 4935/4879/845 
f 4936/4880/2375 4587/5031/2375 4589/5032/2376 
f 4589/5032/2376 4937/4881/2376 4936/4880/2375 
f 4931/4875/881 4576/5029/881 4622/4875/873 
f 4622/4875/873 4932/4876/873 4931/4875/881 
f 4932/4876/873 4622/4875/873 4582/4877/863 
f 4582/4877/863 4933/4877/863 4932/4876/873 
f 4904/4848/2384 4623/5033/2384 4525/5018/1864 
f 4525/5018/1864 4905/4849/1864 4904/4848/2384 
f 4903/4847/2105 4625/5034/2105 4623/5033/2384 
f 4623/5033/2384 4904/4848/2384 4903/4847/2105 
f 4966/4910/2097 4627/4910/2097 4625/5034/2105 
f 4625/5034/2105 4903/4847/2105 4966/4910/2097 
f 4965/4909/2089 4629/4909/2089 4627/4910/2097 
f 4627/4910/2097 4966/4910/2097 4965/4909/2089 
f 4964/4908/2082 4631/4907/2082 4629/4909/2089 
f 4629/4909/2089 4965/4909/2089 4964/4908/2082 
f 4963/4907/2074 4633/5035/2074 4631/4907/2082 
f 4631/4907/2082 4964/4908/2082 4963/4907/2074 
f 4962/4906/2066 4635/4906/2066 4633/5035/2074 
f 4633/5035/2074 4963/4907/2074 4962/4906/2066 
f 4961/4905/2059 4637/4905/2059 4635/4906/2066 
f 4635/4906/2066 4962/4906/2066 4961/4905/2059 
f 4960/4904/2050 4639/4904/2050 4637/4905/2059 
f 4637/4905/2059 4961/4905/2059 4960/4904/2050 
f 4959/4903/2042 4641/5036/2042 4639/4904/2050 
f 4639/4904/2050 4960/4904/2050 4959/4903/2042 
f 4958/4902/2035 4643/4903/2035 4641/5036/2042 
f 4641/5036/2042 4959/4903/2042 4958/4902/2035 
f 4957/4901/2026 4645/4901/2026 4643/4903/2035 
f 4643/4903/2035 4958/4902/2035 4957/4901/2026 
f 4956/4900/2016 4647/4900/2016 4645/4901/2026 
f 4645/4901/2026 4957/4901/2026 4956/4900/2016 
f 4955/4899/2009 4649/5037/2009 4647/4900/2016 
f 4647/4900/2016 4956/4900/2016 4955/4899/2009 
f 4954/4898/2383 4651/5038/2383 4649/5037/2009 
f 4649/5037/2009 4955/4899/2009 4954/4898/2383 
f 4953/4897/2382 4653/4897/2382 4651/5038/2383 
f 4651/5038/2383 4954/4898/2383 4953/4897/2382 
f 4952/4896/2381 4655/5039/2381 4653/4897/2382 
f 4653/4897/2382 4953/4897/2382 4952/4896/2381 
f 4951/4895/991 4657/5040/991 4655/5039/2381 
f 4655/5039/2381 4952/4896/2381 4951/4895/991 
f 4950/4894/999 4659/4894/999 4657/5040/991 
f 4657/5040/991 4951/4895/991 4950/4894/999 
f 4949/4893/1009 4661/4893/1009 4659/4894/999 
f 4659/4894/999 4950/4894/999 4949/4893/1009 
f 4948/4892/1019 4663/4891/1019 4661/4893/1009 
f 4661/4893/1009 4949/4893/1009 4948/4892/1019 
f 4947/4891/1027 4665/5041/1027 4663/4891/1019 
f 4663/4891/1019 4948/4892/1019 4947/4891/1027 
f 4946/4890/1037 4667/4890/1037 4665/5041/1027 
f 4665/5041/1027 4947/4891/1027 4946/4890/1037 
f 4945/4889/1045 4669/4889/1045 4667/4890/1037 
f 4667/4890/1037 4946/4890/1037 4945/4889/1045 
f 4944/4888/1053 4671/4888/1053 4669/4889/1045 
f 4669/4889/1045 4945/4889/1045 4944/4888/1053 
f 4943/4887/1062 4673/5042/1062 4671/4888/1053 
f 4671/4888/1053 4944/4888/1053 4943/4887/1062 
f 4940/4884/1090 4684/4884/1090 4683/4885/1080 
f 4683/4885/1080 4941/4885/1080 4940/4884/1090 
f 4939/4883/1098 4685/5043/1098 4684/4884/1090 
f 4684/4884/1090 4940/4884/1090 4939/4883/1098 
f 4938/4882/2380 4686/5044/2380 4685/5043/1098 
f 4685/5043/1098 4939/4883/1098 4938/4882/2380 
f 4937/4881/2376 4589/5032/2376 4686/5044/2380 
f 4686/5044/2380 4938/4882/2380 4937/4881/2376 
f 4942/4886/1072 4838/4887/1072 4673/5042/1062 
f 4673/5042/1062 4943/4887/1062 4942/4886/1072 
f 4941/4885/1080 4683/4885/1080 4838/4887/1072 
f 4838/4887/1072 4942/4886/1072 4941/4885/1080 
s 1
f 5089/5045/65 5090/5046/2111 5091/5047/2111 
f 5091/5047/2111 5092/5048/65 5089/5045/65 
f 5090/5046/2111 5093/5049/2330 5094/5050/2330 
f 5094/5050/2330 5091/5047/2111 5090/5046/2111 
f 5093/5049/2330 5095/3710/1327 5096/4500/1327 
f 5096/4500/1327 5094/5050/2330 5093/5049/2330 
f 5095/3710/1327 5097/5051/1328 5098/4501/1328 
f 5098/4501/1328 5096/4500/1327 5095/3710/1327 
f 5097/5051/1328 5099/5052/1329 5100/5053/1329 
f 5100/5053/1329 5098/4501/1328 5097/5051/1328 
f 5099/5052/1329 5101/3706/1330 5102/4544/1330 
f 5102/4544/1330 5100/5053/1329 5099/5052/1329 
f 5101/3706/1330 5103/3700/1331 5104/4490/1331 
f 5104/4490/1331 5102/4544/1330 5101/3706/1330 
f 5103/3700/1331 5105/3701/2385 5106/4491/2385 
f 5106/4491/2385 5104/4490/1331 5103/3700/1331 
f 5105/2678/2385 5107/2679/2386 5108/4486/2386 
f 5108/4486/2386 5106/4488/2385 5105/2678/2385 
f 5107/2679/2386 5109/2683/2387 5110/4482/2387 
f 5110/4482/2387 5108/4486/2386 5107/2679/2386 
f 5109/2683/2387 5111/5054/2033 5112/5055/2033 
f 5112/5055/2033 5110/4482/2387 5109/2683/2387 
f 5111/5054/2033 5113/5056/2024 5114/4480/2024 
f 5114/4480/2024 5112/5055/2033 5111/5054/2033 
f 5113/5056/2024 5115/2687/2388 5116/4478/2388 
f 5116/4478/2388 5114/4480/2024 5113/5056/2024 
f 5115/2687/2388 5117/5057/2389 5118/5058/2389 
f 5118/5058/2389 5116/4478/2388 5115/2687/2388 
f 5117/5057/2389 5119/5059/2390 5120/5060/2390 
f 5120/5060/2390 5118/5058/2389 5117/5057/2389 
f 5119/5059/2390 5121/5061/2391 5122/5062/2391 
f 5122/5062/2391 5120/5060/2390 5119/5059/2390 
f 5121/5061/2391 5123/5063/2392 5124/5064/2392 
f 5124/5064/2392 5122/5062/2391 5121/5061/2391 
f 5123/5063/2392 5125/5065/990 5126/5066/990 
f 5126/5066/990 5124/5064/2392 5123/5063/2392 
f 5125/5065/990 5127/2699/2393 5128/4466/2393 
f 5128/4466/2393 5126/5066/990 5125/5065/990 
f 5127/2699/2393 5129/5067/1008 5130/4464/1008 
f 5130/4464/1008 5128/4466/2393 5127/2699/2393 
f 5129/5067/1008 5131/5068/1018 5132/5069/1018 
f 5132/5069/1018 5130/4464/1008 5129/5067/1008 
f 5131/5068/1018 5133/2703/2394 5134/4462/2394 
f 5134/4462/2394 5132/5069/1018 5131/5068/1018 
f 5133/2703/2394 5135/2707/1036 5136/4456/1036 
f 5136/4456/1036 5134/4462/2394 5133/2703/2394 
f 5135/2707/1036 5137/2709/2395 5138/4457/2395 
f 5138/4457/2395 5136/4456/1036 5135/2707/1036 
f 5137/3666/2395 5139/3664/1332 5140/4452/1332 
f 5140/4452/1332 5138/4454/2395 5137/3666/2395 
f 5139/3664/1332 5141/3660/1061 5142/4448/1061 
f 5142/4448/1061 5140/4452/1332 5139/3664/1332 
f 5141/3660/1061 5143/5070/1071 5144/5071/1071 
f 5144/5071/1071 5142/4448/1061 5141/3660/1061 
f 5143/5070/1071 5145/5072/1333 5146/4446/1333 
f 5146/4446/1333 5144/5071/1071 5143/5070/1071 
f 5145/5072/1333 5147/3656/1089 5148/4444/1089 
f 5148/4444/1089 5146/4446/1333 5145/5072/1333 
f 5147/3656/1089 5149/5073/1524 5150/5074/1524 
f 5150/5074/1524 5148/4444/1089 5147/3656/1089 
f 5149/5073/1524 5151/5075/1107 5152/5076/1107 
f 5152/5076/1107 5150/5074/1524 5149/5073/1524 
f 5151/5075/1107 5153/5077/2 5154/5078/2 
f 5154/5078/2 5152/5076/1107 5151/5075/1107 
f 5155/5079/4 5156/5080/4 5157/5081/2 
f 5157/5081/2 5158/5082/2 5155/5079/4 
f 5159/5083/6 5160/5084/6 5156/5080/4 
f 5156/5080/4 5155/5079/4 5159/5083/6 
f 5161/5085/8 5162/5086/8 5160/5084/6 
f 5160/5084/6 5159/5083/6 5161/5085/8 
f 5163/5087/10 5164/5088/10 5162/5086/8 
f 5162/5086/8 5161/5085/8 5163/5087/10 
f 5165/5089/12 5166/5090/12 5164/5088/10 
f 5164/5088/10 5163/5087/10 5165/5089/12 
f 5167/5091/14 5168/5092/14 5166/5090/12 
f 5166/5090/12 5165/5089/12 5167/5091/14 
f 5169/5093/16 5170/5094/16 5168/5092/14 
f 5168/5092/14 5167/5091/14 5169/5093/16 
f 5171/5095/18 5172/5096/18 5170/5094/16 
f 5170/5094/16 5169/5093/16 5171/5095/18 
f 5173/5097/20 5174/5098/20 5172/5099/18 
f 5172/5099/18 5171/5100/18 5173/5097/20 
f 5175/5101/22 5176/5102/22 5174/5098/20 
f 5174/5098/20 5173/5097/20 5175/5101/22 
f 5177/5103/24 5178/5104/24 5176/5102/22 
f 5176/5102/22 5175/5101/22 5177/5103/24 
f 5179/5105/26 5180/5106/26 5178/5104/24 
f 5178/5104/24 5177/5103/24 5179/5105/26 
f 5181/5107/28 5182/5108/28 5180/5106/26 
f 5180/5106/26 5179/5105/26 5181/5107/28 
f 5183/5109/30 5184/5110/30 5182/5108/28 
f 5182/5108/28 5181/5107/28 5183/5109/30 
f 5185/5111/32 5186/5112/32 5184/5110/30 
f 5184/5110/30 5183/5109/30 5185/5111/32 
f 5187/5113/139 5188/5114/139 5186/5112/32 
f 5186/5112/32 5185/5111/32 5187/5113/139 
f 5189/5115/36 5190/5116/36 5188/5114/139 
f 5188/5114/139 5187/5113/139 5189/5115/36 
f 5191/5117/38 5192/5118/38 5190/5116/36 
f 5190/5116/36 5189/5115/36 5191/5117/38 
f 5193/5119/40 5194/5120/40 5192/5118/38 
f 5192/5118/38 5191/5117/38 5193/5119/40 
f 5195/5121/42 5196/5122/42 5194/5120/40 
f 5194/5120/40 5193/5119/40 5195/5121/42 
f 5197/5123/44 5198/5124/44 5196/5122/42 
f 5196/5122/42 5195/5121/42 5197/5123/44 
f 5199/5125/46 5200/5126/46 5198/5124/44 
f 5198/5124/44 5197/5123/44 5199/5125/46 
f 5201/5127/48 5202/5128/48 5200/5126/46 
f 5200/5126/46 5199/5125/46 5201/5127/48 
f 5203/5129/50 5204/5130/50 5202/5128/48 
f 5202/5128/48 5201/5127/48 5203/5129/50 
f 5205/5131/52 5206/5132/52 5204/5133/50 
f 5204/5133/50 5203/5134/50 5205/5131/52 
f 5207/5135/54 5208/5136/54 5206/5132/52 
f 5206/5132/52 5205/5131/52 5207/5135/54 
f 5209/5137/56 5210/5138/56 5208/5136/54 
f 5208/5136/54 5207/5135/54 5209/5137/56 
f 5211/5139/58 5212/5140/58 5210/5138/56 
f 5210/5138/56 5209/5137/56 5211/5139/58 
f 5213/5141/60 5214/5142/60 5212/5140/58 
f 5212/5140/58 5211/5139/58 5213/5141/60 
f 5215/5143/62 5216/5144/62 5214/5142/60 
f 5214/5142/60 5213/5141/60 5215/5143/62 
f 5217/5145/64 5218/5146/64 5216/5144/62 
f 5216/5144/62 5215/5143/62 5217/5145/64 
f 5219/5078/65 5220/5077/65 5218/5146/64 
f 5218/5146/64 5217/5145/64 5219/5078/65 
s 2
f 5090/5147/1 5089/5148/1 5221/5148/1 
f 5090/5147/1 5221/5148/1 5222/5148/1 
f 5090/5147/1 5222/5148/1 5223/5148/1 
f 5090/5147/1 5223/5148/1 5157/5149/1 
f 5090/5147/1 5157/5149/1 5156/5150/1 
s 1
f 5224/4818/130 5225/4819/130 5226/4819/130 
f 5224/4818/130 5226/4819/130 5227/4818/130 
f 5227/4818/130 5228/4818/130 5229/4818/130 
f 5227/4818/130 5229/4818/130 5229/4818/130 
f 5224/4818/130 5227/4818/130 5229/4818/130 
s 2
f 5093/5151/1 5090/5147/1 5156/5150/1 
f 5156/5150/1 5160/5152/1 5093/5151/1 
s 1
f 5225/4819/130 5230/4820/130 5231/5153/130 
f 5231/5153/130 5226/4819/130 5225/4819/130 
s 2
f 5095/4193/1 5093/5151/1 5160/5152/1 
f 5160/5152/1 5162/5154/1 5095/4193/1 
s 1
f 5230/4820/130 5232/4821/130 5233/5155/130 
f 5233/5155/130 5231/5153/130 5230/4820/130 
s 2
f 5097/5156/1 5095/4193/1 5162/5154/1 
f 5162/5154/1 5164/5157/1 5097/5156/1 
s 1
f 5232/4821/130 5234/4822/130 5235/5158/130 
f 5235/5158/130 5233/5155/130 5232/4821/130 
s 2
f 5099/5159/1 5097/5156/1 5164/5157/1 
f 5164/5157/1 5166/5160/1 5099/5159/1 
s 1
f 5234/4822/130 4869/4823/130 5236/5161/130 
f 5236/5161/130 5235/5158/130 5234/4822/130 
s 2
f 5101/4195/1 5099/5159/1 5166/5160/1 
f 5166/5160/1 5168/5162/1 5101/4195/1 
s 1
f 4869/4823/130 5237/5163/130 5238/5163/130 
f 5238/5163/130 5236/5161/130 4869/4823/130 
s 2
f 5103/4197/1 5101/4195/1 5168/5162/1 
f 5168/5162/1 5170/5164/1 5103/4197/1 
s 1
f 5237/5163/130 5239/4825/130 5240/5165/130 
f 5240/5165/130 5238/5163/130 5237/5163/130 
s 2
f 5105/4198/1 5103/4197/1 5170/5164/1 
f 5170/5164/1 5172/5166/1 5105/4198/1 
s 1
f 5239/4825/130 4866/4826/130 5241/5167/130 
f 5241/5167/130 5240/5165/130 5239/4825/130 
s 2
f 5107/4199/1 5105/4198/1 5172/5166/1 
f 5172/5166/1 5174/5168/1 5107/4199/1 
s 1
f 4866/4826/130 5242/4827/130 5243/5169/130 
f 5243/5169/130 5241/5167/130 4866/4826/130 
s 2
f 5109/4201/1 5107/4199/1 5174/5168/1 
f 5174/5168/1 5176/5170/1 5109/4201/1 
s 1
f 5242/4827/130 5244/5171/130 5245/5171/130 
f 5245/5171/130 5243/5169/130 5242/4827/130 
s 2
f 5111/5172/1 5109/4201/1 5176/5170/1 
f 5176/5170/1 5178/5173/1 5111/5172/1 
s 1
f 5244/5171/130 4863/4829/130 5246/5174/130 
f 5246/5174/130 5245/5171/130 5244/5171/130 
s 2
f 5113/5175/1 5111/5172/1 5178/5173/1 
f 5178/5173/1 5180/5176/1 5113/5175/1 
s 1
f 4863/4829/130 5247/4830/130 5248/5177/130 
f 5248/5177/130 5246/5174/130 4863/4829/130 
s 2
f 5115/4203/1 5113/5175/1 5180/5176/1 
f 5180/5176/1 5182/5178/1 5115/4203/1 
s 1
f 5247/4830/130 5249/4831/130 5250/5179/130 
f 5250/5179/130 5248/5177/130 5247/4830/130 
s 2
f 5117/5180/1 5115/4203/1 5182/5178/1 
f 5182/5178/1 5184/5181/1 5117/5180/1 
s 1
f 5249/4831/130 5251/4832/130 5252/5182/130 
f 5252/5182/130 5250/5179/130 5249/4831/130 
s 2
f 5119/5183/1 5117/5180/1 5184/5181/1 
f 5184/5181/1 5186/5184/1 5119/5183/1 
s 1
f 5251/4832/130 5253/4833/130 5254/4833/130 
f 5254/4833/130 5252/5182/130 5251/4832/130 
s 2
f 5121/5185/1 5119/5183/1 5186/5184/1 
f 5186/5184/1 5188/5186/1 5121/5185/1 
s 1
f 5253/4833/130 5255/4834/130 5256/4834/130 
f 5256/4834/130 5254/4833/130 5253/4833/130 
s 2
f 5123/5187/1 5121/5185/1 5188/5186/1 
f 5188/5186/1 5190/5188/1 5123/5187/1 
s 1
f 5255/4834/130 5257/4835/130 5258/4835/130 
f 5258/4835/130 5256/4834/130 5255/4834/130 
s 2
f 5125/5189/1 5123/5187/1 5190/5188/1 
f 5190/5188/1 5192/5190/1 5125/5189/1 
s 1
f 5257/4835/130 5259/4836/130 5260/5191/130 
f 5260/5191/130 5258/4835/130 5257/4835/130 
s 2
f 5127/4209/1 5125/5189/1 5192/5190/1 
f 5192/5190/1 5194/5192/1 5127/4209/1 
s 1
f 5259/4836/130 5261/4837/130 5262/5193/130 
f 5262/5193/130 5260/5191/130 5259/4836/130 
s 2
f 5129/5194/1 5127/4209/1 5194/5192/1 
f 5194/5192/1 5196/5195/1 5129/5194/1 
s 1
f 5261/4837/130 5263/4838/130 5264/5196/130 
f 5264/5196/130 5262/5193/130 5261/4837/130 
s 2
f 5131/5197/1 5129/5194/1 5196/5195/1 
f 5196/5195/1 5198/5198/1 5131/5197/1 
s 1
f 5263/4838/130 4853/4839/130 5265/5199/130 
f 5265/5199/130 5264/5196/130 5263/4838/130 
s 2
f 5133/4211/1 5131/5197/1 5198/5198/1 
f 5198/5198/1 5200/5200/1 5133/4211/1 
s 1
f 4853/4839/130 5266/5201/130 5267/5201/130 
f 5267/5201/130 5265/5199/130 4853/4839/130 
s 2
f 5135/4213/1 5133/4211/1 5200/5200/1 
f 5200/5200/1 5202/5202/1 5135/4213/1 
s 1
f 5266/5201/130 5268/4841/130 5269/5203/130 
f 5269/5203/130 5267/5201/130 5266/5201/130 
s 2
f 5137/4214/1 5135/4213/1 5202/5202/1 
f 5202/5202/1 5204/5204/1 5137/4214/1 
s 1
f 5268/4841/130 4850/4842/130 5270/5205/130 
f 5270/5205/130 5269/5203/130 5268/4841/130 
s 2
f 5139/4215/1 5137/4214/1 5204/5204/1 
f 5204/5204/1 5206/5206/1 5139/4215/1 
s 1
f 4850/4842/130 5271/4843/130 5272/5207/130 
f 5272/5207/130 5270/5205/130 4850/4842/130 
s 2
f 5141/4217/1 5139/4215/1 5206/5206/1 
f 5206/5206/1 5208/5208/1 5141/4217/1 
s 1
f 5271/4843/130 5273/5209/130 5274/5209/130 
f 5274/5209/130 5272/5207/130 5271/4843/130 
s 2
f 5143/5210/1 5141/4217/1 5208/5208/1 
f 5208/5208/1 5210/5211/1 5143/5210/1 
s 1
f 5273/5209/130 4847/4845/130 5275/5212/130 
f 5275/5212/130 5274/5209/130 5273/5209/130 
s 2
f 5145/5213/1 5143/5210/1 5210/5211/1 
f 5210/5211/1 5212/5214/1 5145/5213/1 
s 1
f 4847/4845/130 5276/4846/130 5277/5215/130 
f 5277/5215/130 5275/5212/130 4847/4845/130 
s 2
f 5147/4219/1 5145/5213/1 5212/5214/1 
f 5212/5214/1 5214/5216/1 5147/4219/1 
s 1
f 5276/4846/130 5278/4783/130 5279/5217/130 
f 5279/5217/130 5277/5215/130 5276/4846/130 
s 2
f 5149/5218/1 5147/4219/1 5214/5216/1 
f 5214/5216/1 5216/5219/1 5149/5218/1 
s 1
f 5278/4783/130 5280/4784/130 5281/5220/130 
f 5281/5220/130 5279/5217/130 5278/4783/130 
s 2
f 5151/5221/1 5149/5218/1 5216/5219/1 
f 5216/5219/1 5218/5222/1 5151/5221/1 
s 1
f 5280/4784/130 5282/4785/130 5283/4785/130 
f 5283/4785/130 5281/5220/130 5280/4784/130 
s 2
f 5153/5223/1 5151/5221/1 5218/5222/1 
f 5153/5223/1 5218/5222/1 5220/5223/1 
f 5220/5223/1 5284/5223/1 5285/5223/1 
f 5220/5223/1 5285/5223/1 5286/5223/1 
f 5153/5223/1 5220/5223/1 5286/5223/1 
s 1
f 5282/4785/130 5287/4786/130 5288/4786/130 
f 5282/4785/130 5288/4786/130 5288/4786/130 
f 5282/4785/130 5288/4786/130 5289/4786/130 
f 5282/4785/130 5289/4786/130 5290/4786/130 
f 5282/4785/130 5290/4786/130 5283/4785/130 
s 4
f 5291/5224/32 5284/5225/32 5220/5225/139 
f 5220/5225/139 5219/5224/139 5291/5224/32 
f 5223/5226/36 5292/5227/36 5158/5228/34 
f 5158/5228/34 5157/5229/34 5223/5226/36 
s 1
f 5153/5077/2 5286/5077/5 5293/5078/5 
f 5293/5078/5 5154/5078/2 5153/5077/2 
f 5092/5048/65 5294/5048/63 5221/5045/63 
f 5221/5045/63 5089/5045/65 5092/5048/65 
s 8
f 5286/5077/2396 5285/5077/2396 5295/5078/2396 
f 5295/5078/2396 5293/5078/2396 5286/5077/2396 
s 4
f 5285/5225/30 5284/5225/32 5291/5224/32 
f 5291/5224/32 5295/5224/30 5285/5225/30 
s 8
f 5294/5048/2397 5296/5048/2397 5222/5045/2397 
f 5222/5045/2397 5221/5045/2397 5294/5048/2397 
s 4
f 5296/5227/38 5292/5227/36 5223/5226/36 
f 5223/5226/36 5222/5226/38 5296/5227/38 
usemtl Lamp
s 1
f 5297/5077/2398 5298/5230/4 5299/5231/4 
f 5299/5231/4 5300/5078/2398 5297/5077/2398 
f 5298/5230/4 5301/5232/6 5302/5233/6 
f 5302/5233/6 5299/5231/4 5298/5230/4 
f 5301/5232/6 5303/3776/8 5304/4549/8 
f 5304/4549/8 5302/5233/6 5301/5232/6 
f 5303/3776/8 5305/5140/10 5306/5139/10 
f 5306/5139/10 5304/4549/8 5303/3776/8 
f 5305/5140/10 5307/5234/12 5308/5235/12 
f 5308/5235/12 5306/5139/10 5305/5140/10 
f 5307/5234/12 5309/5136/14 5310/5135/14 
f 5310/5135/14 5308/5235/12 5307/5234/12 
f 5309/5136/14 5311/3766/16 5312/4557/16 
f 5312/4557/16 5310/5135/14 5309/5136/14 
f 5311/3766/16 5313/3767/18 5314/4559/18 
f 5314/4559/18 5312/4557/16 5311/3766/16 
f 5313/2610/18 5315/2611/20 5316/4563/20 
f 5316/4563/20 5314/4562/18 5313/2610/18 
f 5315/2611/20 5317/5236/22 5318/5237/22 
f 5318/5237/22 5316/4563/20 5315/2611/20 
f 5317/5236/22 5319/5238/24 5320/5239/24 
f 5320/5239/24 5318/5237/22 5317/5236/22 
f 5319/5238/24 5321/5240/26 5322/5241/26 
f 5322/5241/26 5320/5239/24 5319/5238/24 
f 5321/5240/26 5323/2619/28 5324/4571/28 
f 5324/4571/28 5322/5241/26 5321/5240/26 
f 5323/2619/28 5325/5242/30 5326/5243/30 
f 5326/5243/30 5324/4571/28 5323/2619/28 
f 5325/5242/30 5327/5244/32 5328/5245/32 
f 5328/5245/32 5326/5243/30 5325/5242/30 
f 5327/5244/32 5329/5246/139 5330/5247/34 
f 5330/5247/34 5328/5245/32 5327/5244/32 
f 5329/5246/139 5331/5248/36 5332/5249/36 
f 5332/5249/36 5330/5247/34 5329/5246/139 
f 5331/5248/36 5333/5250/38 5334/5251/38 
f 5334/5251/38 5332/5249/36 5331/5248/36 
f 5333/5250/38 5335/2631/40 5336/4583/40 
f 5336/4583/40 5334/5251/38 5333/5250/38 
f 5335/2631/40 5337/5252/42 5338/5253/42 
f 5338/5253/42 5336/4583/40 5335/2631/40 
f 5337/5252/42 5339/5254/44 5340/5255/44 
f 5340/5255/44 5338/5253/42 5337/5252/42 
f 5339/5254/44 5341/5256/46 5342/5257/46 
f 5342/5257/46 5340/5255/44 5339/5254/44 
f 5341/5256/46 5343/2639/48 5344/4591/48 
f 5344/4591/48 5342/5257/46 5341/5256/46 
f 5343/2639/48 5345/2641/50 5346/4593/50 
f 5346/4593/50 5344/4591/48 5343/2639/48 
f 5345/3732/50 5347/3730/52 5348/4597/52 
f 5348/4597/52 5346/4596/50 5345/3732/50 
f 5347/3730/52 5349/5092/54 5350/5091/54 
f 5350/5091/54 5348/4597/52 5347/3730/52 
f 5349/5092/54 5351/5258/56 5352/5259/56 
f 5352/5259/56 5350/5091/54 5349/5092/54 
f 5351/5258/56 5353/5088/58 5354/5087/58 
f 5354/5087/58 5352/5259/56 5351/5258/56 
f 5353/5088/58 5355/3722/60 5356/4625/60 
f 5356/4625/60 5354/5087/58 5353/5088/58 
f 5355/3722/60 5357/5260/62 5358/5261/62 
f 5358/5261/62 5356/4625/60 5355/3722/60 
f 5357/5260/62 5359/5262/64 5360/5263/64 
f 5360/5263/64 5358/5261/62 5357/5260/62 
f 5359/5262/64 5361/5045/2116 5362/5048/2116 
f 5362/5048/2116 5360/5263/64 5359/5262/64 
f 5363/5264/2111 5364/5265/2111 5365/5266/2116 
f 5365/5266/2116 5366/5267/2116 5363/5264/2111 
f 5367/5264/2330 5368/5265/2330 5364/5265/2111 
f 5364/5265/2111 5363/5264/2111 5367/5264/2330 
f 5369/5268/1327 5370/5269/1327 5368/5265/2330 
f 5368/5265/2330 5367/5264/2330 5369/5268/1327 
f 5371/5270/1328 5372/5271/1328 5370/5269/1327 
f 5370/5269/1327 5369/5268/1327 5371/5270/1328 
f 5373/5272/1329 5374/5273/1329 5372/5271/1328 
f 5372/5271/1328 5371/5270/1328 5373/5272/1329 
f 5375/5274/1330 5376/5275/1330 5374/5273/1329 
f 5374/5273/1329 5373/5272/1329 5375/5274/1330 
f 5377/5276/1331 5378/5277/1331 5376/5275/1330 
f 5376/5275/1330 5375/5274/1330 5377/5276/1331 
f 5379/5278/2385 5380/5279/2385 5378/5277/1331 
f 5378/5277/1331 5377/5276/1331 5379/5278/2385 
f 5381/5280/2386 5382/5281/2386 5380/5282/2385 
f 5380/5282/2385 5379/5283/2385 5381/5280/2386 
f 5383/5284/2387 5384/5285/2387 5382/5281/2386 
f 5382/5281/2386 5381/5280/2386 5383/5284/2387 
f 5385/5286/2033 5386/5287/2033 5384/5285/2387 
f 5384/5285/2387 5383/5284/2387 5385/5286/2033 
f 5387/5288/2024 5388/5289/2024 5386/5287/2033 
f 5386/5287/2033 5385/5286/2033 5387/5288/2024 
f 5389/5290/2388 5390/5291/2388 5388/5289/2024 
f 5388/5289/2024 5387/5288/2024 5389/5290/2388 
f 5391/5292/2389 5392/5293/2389 5390/5291/2388 
f 5390/5291/2388 5389/5290/2388 5391/5292/2389 
f 5393/5292/2390 5394/5293/2390 5392/5293/2389 
f 5392/5293/2389 5391/5292/2389 5393/5292/2390 
f 5395/5294/2399 5396/5295/2399 5394/5293/2390 
f 5394/5293/2390 5393/5292/2390 5395/5294/2399 
f 5397/5296/2392 5398/5297/2392 5396/5295/2399 
f 5396/5295/2399 5395/5294/2399 5397/5296/2392 
f 5399/5296/990 5400/5297/990 5398/5297/2392 
f 5398/5297/2392 5397/5296/2392 5399/5296/990 
f 5401/5298/2393 5402/5299/2393 5400/5297/990 
f 5400/5297/990 5399/5296/990 5401/5298/2393 
f 5403/5300/1008 5404/5301/1008 5402/5299/2393 
f 5402/5299/2393 5401/5298/2393 5403/5300/1008 
f 5405/5302/1018 5406/5303/1018 5404/5301/1008 
f 5404/5301/1008 5403/5300/1008 5405/5302/1018 
f 5407/5304/2394 5408/5305/2394 5406/5303/1018 
f 5406/5303/1018 5405/5302/1018 5407/5304/2394 
f 5409/5306/1036 5410/5307/1036 5408/5305/2394 
f 5408/5305/2394 5407/5304/2394 5409/5306/1036 
f 5411/5308/2395 5412/5309/2395 5410/5307/1036 
f 5410/5307/1036 5409/5306/1036 5411/5308/2395 
f 5413/5310/1332 5414/5311/1332 5412/5312/2395 
f 5412/5312/2395 5411/5313/2395 5413/5310/1332 
f 5415/5314/1061 5416/5315/1061 5414/5311/1332 
f 5414/5311/1332 5413/5310/1332 5415/5314/1061 
f 5417/5316/1071 5418/5317/1071 5416/5315/1061 
f 5416/5315/1061 5415/5314/1061 5417/5316/1071 
f 5419/5318/1333 5420/5319/1333 5418/5317/1071 
f 5418/5317/1071 5417/5316/1071 5419/5318/1333 
f 5421/5320/1089 5422/5321/1089 5420/5319/1333 
f 5420/5319/1333 5419/5318/1333 5421/5320/1089 
f 5423/5322/1524 5424/5323/1524 5422/5321/1089 
f 5422/5321/1089 5421/5320/1089 5423/5322/1524 
f 5425/5322/1107 5426/5323/1107 5424/5323/1524 
f 5424/5323/1524 5423/5322/1524 5425/5322/1107 
f 5427/5324/2398 5428/5325/2398 5426/5323/1107 
f 5426/5323/1107 5425/5322/1107 5427/5324/2398 
s 2
f 5298/5326/1 5297/5223/1 5429/5223/1 
f 5298/5326/1 5429/5223/1 5430/5223/1 
f 5298/5326/1 5430/5223/1 5431/5223/1 
f 5298/5326/1 5431/5223/1 5365/5327/1 
f 5298/5326/1 5365/5327/1 5364/5328/1 
s 1
f 5432/4786/130 5433/4787/130 5434/5329/130 
f 5432/4786/130 5434/5329/130 5435/5330/130 
f 5435/5330/130 5436/4786/1 5437/4786/130 
f 5435/5330/130 5437/4786/130 5437/4786/130 
f 5432/4786/130 5435/5330/130 5437/4786/130 
s 2
f 5301/5331/1 5298/5326/1 5364/5328/1 
f 5364/5328/1 5368/5328/1 5301/5331/1 
s 1
f 5438/4787/130 5439/4788/130 5440/5329/130 
f 5440/5329/130 5441/5329/130 5438/4787/130 
s 2
f 5303/4161/1 5301/5331/1 5368/5328/1 
f 5368/5328/1 5370/5332/1 5303/4161/1 
s 1
f 5439/4788/130 5442/4789/130 5443/5333/130 
f 5443/5333/130 5440/5329/130 5439/4788/130 
s 2
f 5305/5334/1 5303/4161/1 5370/5332/1 
f 5370/5332/1 5372/5335/1 5305/5334/1 
s 1
f 5442/4789/130 5444/5336/130 5445/5337/130 
f 5445/5337/130 5443/5333/130 5442/4789/130 
s 2
f 5307/5338/1 5305/5334/1 5372/5335/1 
f 5372/5335/1 5374/5339/1 5307/5338/1 
s 1
f 5444/5336/130 5446/4791/130 5447/5340/130 
f 5447/5340/130 5445/5337/130 5444/5336/130 
s 2
f 5309/5341/1 5307/5338/1 5374/5339/1 
f 5374/5339/1 5376/5342/1 5309/5341/1 
s 1
f 5446/4791/130 5448/5343/130 5449/5344/130 
f 5449/5344/130 5447/5340/130 5446/4791/130 
s 2
f 5311/4165/1 5309/5341/1 5376/5342/1 
f 5376/5342/1 5378/5345/1 5311/4165/1 
s 1
f 5448/5343/130 5450/4793/130 5451/5346/130 
f 5451/5346/130 5449/5344/130 5448/5343/130 
s 2
f 5313/4166/1 5311/4165/1 5378/5345/1 
f 5378/5345/1 5380/5347/1 5313/4166/1 
s 1
f 5450/4793/130 5452/4794/130 5453/5348/130 
f 5453/5348/130 5451/5346/130 5450/4793/130 
s 2
f 5315/4167/1 5313/4166/1 5380/5347/1 
f 5380/5347/1 5382/5349/1 5315/4167/1 
s 1
f 5452/4794/130 5454/4795/130 5455/5350/130 
f 5455/5350/130 5453/5348/130 5452/4794/130 
s 2
f 5317/5351/1 5315/4167/1 5382/5349/1 
f 5382/5349/1 5384/5352/1 5317/5351/1 
s 1
f 5454/4795/130 5456/5353/130 5457/5354/130 
f 5457/5354/130 5455/5350/130 5454/4795/130 
s 2
f 5319/5355/1 5317/5351/1 5384/5352/1 
f 5384/5352/1 5386/5356/1 5319/5355/1 
s 1
f 5456/5353/130 5458/4797/130 5459/5357/130 
f 5459/5357/130 5457/5354/130 5456/5353/130 
s 2
f 5321/5358/1 5319/5355/1 5386/5356/1 
f 5386/5356/1 5388/5359/1 5321/5358/1 
s 1
f 5458/4797/130 5460/5360/130 5461/5361/130 
f 5461/5361/130 5459/5357/130 5458/4797/130 
s 2
f 5323/4171/1 5321/5358/1 5388/5359/1 
f 5388/5359/1 5390/5362/1 5323/4171/1 
s 1
f 5460/5360/130 5462/4799/130 5463/5363/130 
f 5463/5363/130 5461/5361/130 5460/5360/130 
s 2
f 5325/5364/1 5323/4171/1 5390/5362/1 
f 5390/5362/1 5392/5365/1 5325/5364/1 
s 1
f 5462/4799/130 5464/4800/130 5465/5366/130 
f 5465/5366/130 5463/5363/130 5462/4799/130 
s 2
f 5327/5367/1 5325/5364/1 5392/5365/1 
f 5392/5365/1 5394/5365/1 5327/5367/1 
s 1
f 5464/4800/130 5466/4801/130 5467/5366/130 
f 5467/5366/130 5465/5366/130 5464/4800/130 
s 2
f 5329/5368/1 5327/5367/1 5394/5365/1 
f 5394/5365/1 5396/5369/1 5329/5368/1 
s 1
f 5466/4801/130 5468/5370/130 5469/5371/130 
f 5469/5371/130 5467/5366/130 5466/4801/130 
s 2
f 5331/5372/1 5329/5368/1 5396/5369/1 
f 5396/5369/1 5398/5373/1 5331/5372/1 
s 1
f 5468/5370/130 5470/4803/130 5471/5374/130 
f 5471/5374/130 5469/5371/130 5468/5370/130 
s 2
f 5333/5375/1 5331/5372/1 5398/5373/1 
f 5398/5373/1 5400/5373/1 5333/5375/1 
s 1
f 5470/4803/130 5472/4804/130 5473/5374/130 
f 5473/5374/130 5471/5374/130 5470/4803/130 
s 2
f 5335/4177/1 5333/5375/1 5400/5373/1 
f 5400/5373/1 5402/5376/1 5335/4177/1 
s 1
f 5472/4804/130 5474/4805/130 5475/5377/130 
f 5475/5377/130 5473/5374/130 5472/4804/130 
s 2
f 5337/5378/1 5335/4177/1 5402/5376/1 
f 5402/5376/1 5404/5379/1 5337/5378/1 
s 1
f 5474/4805/130 5476/5380/130 5477/5381/130 
f 5477/5381/130 5475/5377/130 5474/4805/130 
s 2
f 5339/5382/1 5337/5378/1 5404/5379/1 
f 5404/5379/1 5406/5383/1 5339/5382/1 
s 1
f 5476/5380/130 5478/4807/130 5479/5384/130 
f 5479/5384/130 5477/5381/130 5476/5380/130 
s 2
f 5341/5385/1 5339/5382/1 5406/5383/1 
f 5406/5383/1 5408/5386/1 5341/5385/1 
s 1
f 5478/4807/130 5480/5387/130 5481/5388/130 
f 5481/5388/130 5479/5384/130 5478/4807/130 
s 2
f 5343/4181/1 5341/5385/1 5408/5386/1 
f 5408/5386/1 5410/5389/1 5343/4181/1 
s 1
f 5480/5387/130 5482/4809/130 5483/5390/130 
f 5483/5390/130 5481/5388/130 5480/5387/130 
s 2
f 5345/4182/1 5343/4181/1 5410/5389/1 
f 5410/5389/1 5412/5391/1 5345/4182/1 
s 1
f 5482/4809/130 5484/4810/130 5485/5392/130 
f 5485/5392/130 5483/5390/130 5482/4809/130 
s 2
f 5347/4183/1 5345/4182/1 5412/5391/1 
f 5412/5391/1 5414/5393/1 5347/4183/1 
s 1
f 5484/4810/130 5486/4811/130 5487/5394/130 
f 5487/5394/130 5485/5392/130 5484/4810/130 
s 2
f 5349/5395/1 5347/4183/1 5414/5393/1 
f 5414/5393/1 5416/5396/1 5349/5395/1 
s 1
f 5486/4811/130 5488/5397/130 5489/5398/130 
f 5489/5398/130 5487/5394/130 5486/4811/130 
s 2
f 5351/5399/1 5349/5395/1 5416/5396/1 
f 5416/5396/1 5418/5400/1 5351/5399/1 
s 1
f 5488/5397/130 5490/4813/130 5491/5401/130 
f 5491/5401/130 5489/5398/130 5488/5397/130 
s 2
f 5353/5402/1 5351/5399/1 5418/5400/1 
f 5418/5400/1 5420/5403/1 5353/5402/1 
s 1
f 5490/4813/130 5492/5404/130 5493/5405/130 
f 5493/5405/130 5491/5401/130 5490/4813/130 
s 2
f 5355/4187/1 5353/5402/1 5420/5403/1 
f 5420/5403/1 5422/5406/1 5355/4187/1 
s 1
f 5492/5404/130 5494/4815/130 5495/5407/130 
f 5495/5407/130 5493/5405/130 5492/5404/130 
s 2
f 5357/5408/1 5355/4187/1 5422/5406/1 
f 5422/5406/1 5424/5409/1 5357/5408/1 
s 1
f 5494/4815/130 5496/4816/130 5497/5410/130 
f 5497/5410/130 5495/5407/130 5494/4815/130 
s 2
f 5359/5411/1 5357/5408/1 5424/5409/1 
f 5424/5409/1 5426/5409/1 5359/5411/1 
s 1
f 5496/4816/130 5498/4817/130 5499/5410/130 
f 5499/5410/130 5497/5410/130 5496/4816/130 
s 2
f 5361/5148/1 5359/5411/1 5426/5409/1 
f 5361/5148/1 5426/5409/1 5428/5412/1 
f 5428/5412/1 5500/5148/1 5501/5148/1 
f 5428/5412/1 5501/5148/1 5502/5148/1 
f 5361/5148/1 5428/5412/1 5502/5148/1 
s 1
f 5503/5413/130 5499/5410/130 5498/4817/130 
f 5498/4817/130 5504/4818/130 5503/5413/130 
s 4
f 5431/5414/2392 5505/5415/2392 5366/5416/2391 
f 5366/5416/2391 5365/5417/2391 5431/5414/2392 
f 5506/5418/2390 5500/5419/2390 5428/5420/2399 
f 5428/5420/2399 5427/5421/2399 5506/5418/2390 
s 1
f 5300/5078/2398 5507/5078/1102 5429/5077/1102 
f 5429/5077/1102 5297/5077/2398 5300/5078/2398 
f 5361/5045/2116 5502/5045/2400 5508/5048/2400 
f 5508/5048/2400 5362/5048/2116 5361/5045/2116 
s 8
f 5507/5078/2401 5509/5078/2401 5430/5077/2401 
f 5430/5077/2401 5429/5077/2401 5507/5078/2401 
s 4
f 5509/5415/990 5505/5415/2392 5431/5414/2392 
f 5431/5414/2392 5430/5414/990 5509/5415/990 
s 8
f 5502/5045/2402 5501/5045/2402 5510/5048/2402 
f 5510/5048/2402 5508/5048/2402 5502/5045/2402 
s 4
f 5501/5419/2389 5500/5419/2390 5506/5418/2390 
f 5506/5418/2390 5510/5418/2389 5501/5419/2389 
usemtl Base
s 2
f 5224/4818/2403 5092/5005/2404 5091/5004/1683 
f 5091/5004/1683 5225/4819/1683 5224/4818/2403 
f 5225/4819/1683 5091/5004/1683 5094/4820/1791 
f 5094/4820/1791 5230/4820/1791 5225/4819/1683 
f 5230/4820/1791 5094/4820/1791 5096/4821/2099 
f 5096/4821/2099 5232/4821/2099 5230/4820/1791 
f 5232/4821/2099 5096/4821/2099 5098/4822/1787 
f 5098/4822/1787 5234/4822/1787 5232/4821/2099 
f 5234/4822/1787 5098/4822/1787 5100/4823/1785 
f 5100/4823/1785 4869/4823/1785 5234/4822/1787 
f 4869/4823/1785 5100/4823/1785 5102/4824/1783 
f 5102/4824/1783 5237/5163/1783 4869/4823/1785 
f 5237/5163/1783 5102/4824/1783 5104/4825/2068 
f 5104/4825/2068 5239/4825/2068 5237/5163/1783 
f 5239/4825/2068 5104/4825/2068 5106/4826/1779 
f 5106/4826/1779 4866/4826/1779 5239/4825/2068 
f 4866/4826/1779 5106/4826/1779 5108/4827/2052 
f 5108/4827/2052 5242/4827/2052 4866/4826/1779 
f 5242/4827/2052 5108/4827/2052 5110/4828/1775 
f 5110/4828/1775 5244/5171/1775 5242/4827/2052 
f 5244/5171/1775 5110/4828/1775 5112/4829/1773 
f 5112/4829/1773 4863/4829/1773 5244/5171/1775 
f 4863/4829/1773 5112/4829/1773 5114/4830/1771 
f 5114/4830/1771 5247/4830/1771 4863/4829/1773 
f 5247/4830/1771 5114/4830/1771 5116/4831/2018 
f 5116/4831/2018 5249/4831/2018 5247/4830/1771 
f 5249/4831/2018 5116/4831/2018 5118/4832/1767 
f 5118/4832/1767 5251/4832/1767 5249/4831/2018 
f 5251/4832/1767 5118/4832/1767 5120/4999/1765 
f 5120/4999/1765 5253/4833/1765 5251/4832/1767 
f 5253/4833/1765 5120/4999/1765 5122/4998/1277 
f 5122/4998/1277 5255/4834/1277 5253/4833/1765 
f 5255/4834/1277 5122/4998/1277 5124/4997/1761 
f 5124/4997/1761 5257/4835/1761 5255/4834/1277 
f 5257/4835/1761 5124/4997/1761 5126/4836/993 
f 5126/4836/993 5259/4836/993 5257/4835/1761 
f 5259/4836/993 5126/4836/993 5128/4837/1001 
f 5128/4837/1001 5261/4837/1001 5259/4836/993 
f 5261/4837/1001 5128/4837/1001 5130/4838/1011 
f 5130/4838/1011 5263/4838/1011 5261/4837/1001 
f 5263/4838/1011 5130/4838/1011 5132/4839/1021 
f 5132/4839/1021 4853/4839/1021 5263/4838/1011 
f 4853/4839/1021 5132/4839/1021 5134/4840/1029 
f 5134/4840/1029 5266/5201/1029 4853/4839/1021 
f 5266/5201/1029 5134/4840/1029 5136/4841/1039 
f 5136/4841/1039 5268/4841/1039 5266/5201/1029 
f 5268/4841/1039 5136/4841/1039 5138/4842/1047 
f 5138/4842/1047 4850/4842/1047 5268/4841/1039 
f 4850/4842/1047 5138/4842/1047 5140/4843/1055 
f 5140/4843/1055 5271/4843/1055 4850/4842/1047 
f 5271/4843/1055 5140/4843/1055 5142/4844/1064 
f 5142/4844/1064 5273/5209/1064 5271/4843/1055 
f 5273/5209/1064 5142/4844/1064 5144/4845/1074 
f 5144/4845/1074 4847/4845/1074 5273/5209/1064 
f 4847/4845/1074 5144/4845/1074 5146/4846/1082 
f 5146/4846/1082 5276/4846/1082 4847/4845/1074 
f 5276/4846/1082 5146/4846/1082 5148/4783/1092 
f 5148/4783/1092 5278/4783/1092 5276/4846/1082 
f 5278/4783/1092 5148/4783/1092 5150/4784/1100 
f 5150/4784/1100 5280/4784/1100 5278/4783/1092 
f 5280/4784/1100 5150/4784/1100 5152/4991/1742 
f 5152/4991/1742 5282/4785/1742 5280/4784/1100 
f 5282/4785/1742 5152/4991/1742 5154/4992/2405 
f 5154/4992/2405 5287/4786/2406 5282/4785/1742 
s 8
f 5226/4819/1738 5155/5422/1738 5158/5423/832 
f 5158/5423/832 5227/4818/832 5226/4819/1738 
f 5231/5153/847 5159/5153/847 5155/5422/1738 
f 5155/5422/1738 5226/4819/1738 5231/5153/847 
f 5233/5155/857 5161/5155/857 5159/5153/847 
f 5159/5153/847 5231/5153/847 5233/5155/857 
f 5235/5158/865 5163/5158/865 5161/5155/857 
f 5161/5155/857 5233/5155/857 5235/5158/865 
f 5236/5161/875 5165/5161/875 5163/5158/865 
f 5163/5158/865 5235/5158/865 5236/5161/875 
f 5238/5163/883 5167/5163/883 5165/5161/875 
f 5165/5161/875 5236/5161/875 5238/5163/883 
f 5240/5165/892 5169/5165/892 5167/5163/883 
f 5167/5163/883 5238/5163/883 5240/5165/892 
f 5241/5167/900 5171/5167/900 5169/5165/892 
f 5169/5165/892 5240/5165/892 5241/5167/900 
f 5243/5169/910 5173/5169/910 5171/5167/900 
f 5171/5167/900 5241/5167/900 5243/5169/910 
f 5245/5171/918 5175/5171/918 5173/5169/910 
f 5173/5169/910 5243/5169/910 5245/5171/918 
f 5246/5174/928 5177/5174/928 5175/5171/918 
f 5175/5171/918 5245/5171/918 5246/5174/928 
f 5248/5177/937 5179/5177/937 5177/5174/928 
f 5177/5174/928 5246/5174/928 5248/5177/937 
f 5250/5179/946 5181/5179/946 5179/5177/937 
f 5179/5177/937 5248/5177/937 5250/5179/946 
f 5252/5182/955 5183/5182/955 5181/5179/946 
f 5181/5179/946 5250/5179/946 5252/5182/955 
f 5254/4833/1719 5185/5424/1719 5183/5182/955 
f 5183/5182/955 5252/5182/955 5254/4833/1719 
f 5256/4834/973 5187/5425/973 5185/5424/1719 
f 5185/5424/1719 5254/4833/1719 5256/4834/973 
f 5258/4835/1715 5189/5426/1715 5187/5425/973 
f 5187/5425/973 5256/4834/973 5258/4835/1715 
f 5260/5191/1713 5191/5191/1713 5189/5426/1715 
f 5189/5426/1715 5258/4835/1715 5260/5191/1713 
f 5262/5193/1973 5193/5193/1973 5191/5191/1713 
f 5191/5191/1713 5260/5191/1713 5262/5193/1973 
f 5264/5196/1709 5195/5196/1709 5193/5193/1973 
f 5193/5193/1973 5262/5193/1973 5264/5196/1709 
f 5265/5199/1707 5197/5199/1707 5195/5196/1709 
f 5195/5196/1709 5264/5196/1709 5265/5199/1707 
f 5267/5201/1705 5199/5201/1705 5197/5199/1707 
f 5197/5199/1707 5265/5199/1707 5267/5201/1705 
f 5269/5203/1940 5201/5203/1940 5199/5201/1705 
f 5199/5201/1705 5267/5201/1705 5269/5203/1940 
f 5270/5205/1701 5203/5205/1701 5201/5203/1940 
f 5201/5203/1940 5269/5203/1940 5270/5205/1701 
f 5272/5207/1922 5205/5207/1922 5203/5205/1701 
f 5203/5205/1701 5270/5205/1701 5272/5207/1922 
f 5274/5209/1697 5207/5209/1697 5205/5207/1922 
f 5205/5207/1922 5272/5207/1922 5274/5209/1697 
f 5275/5212/1695 5209/5212/1695 5207/5209/1697 
f 5207/5209/1697 5274/5209/1697 5275/5212/1695 
f 5277/5215/1693 5211/5215/1693 5209/5212/1695 
f 5209/5212/1695 5275/5212/1695 5277/5215/1693 
f 5279/5217/1890 5213/5217/1890 5211/5215/1693 
f 5211/5215/1693 5277/5215/1693 5279/5217/1890 
f 5281/5220/1689 5215/5220/1689 5213/5217/1890 
f 5213/5217/1890 5279/5217/1890 5281/5220/1689 
f 5283/4785/1687 5217/5427/1687 5215/5220/1689 
f 5215/5220/1689 5281/5220/1689 5283/4785/1687 
f 5290/4786/1868 5219/5428/1868 5217/5427/1687 
f 5217/5427/1687 5283/4785/1687 5290/4786/1868 
s 2
f 5219/5224/973 5290/5429/973 5289/5430/2407 
f 5289/5430/2407 5291/5224/2408 5219/5224/973 
f 5292/5227/1715 5228/5431/2409 5227/5432/2410 
f 5227/5432/2410 5158/5228/2410 5292/5227/1715 
f 5288/4786/2411 5295/4786/2412 5291/4786/2408 
f 5291/4786/2408 5289/4786/2407 5288/4786/2411 
f 5229/4818/2413 5294/5005/2414 5092/5005/2404 
f 5092/5005/2404 5224/4818/2403 5229/4818/2413 
f 5287/4786/2406 5154/4992/2405 5293/4992/2415 
f 5293/4992/2415 5288/4786/2416 5287/4786/2406 
f 5288/4786/2416 5293/4992/2415 5295/4786/2412 
f 5295/4786/2412 5288/4786/2411 5288/4786/2416 
f 5228/4818/2409 5292/4818/1715 5296/4818/2417 
f 5296/4818/2417 5229/4818/2418 5228/4818/2409 
f 5229/4818/2418 5296/4818/2417 5294/5005/2414 
f 5294/5005/2414 5229/4818/2413 5229/4818/2418 
usemtl Lamp
s 1
f 5439/4788/130 5438/4787/130 5511/4787/130 
f 5511/4787/130 5439/4788/130 5439/4788/130 
f 5442/4789/130 5439/4788/130 5439/4788/130 
f 5439/4788/130 5512/4789/130 5442/4789/130 
f 5444/5336/130 5442/4789/130 5512/4789/130 
f 5512/4789/130 5513/5336/130 5444/5336/130 
f 5446/4791/130 5444/5336/130 5513/5336/130 
f 5513/5336/130 5514/4791/130 5446/4791/130 
f 5448/5343/130 5446/4791/130 5514/4791/130 
f 5514/4791/130 5515/5343/130 5448/5343/130 
f 5450/4793/130 5448/5343/130 5515/5343/130 
f 5515/5343/130 5516/4793/130 5450/4793/130 
f 5452/4794/130 5450/4793/130 5516/4793/130 
f 5516/4793/130 5452/4794/130 5452/4794/130 
f 5454/4795/130 5452/4794/130 5452/4794/130 
f 5452/4794/130 5517/4795/130 5454/4795/130 
f 5456/5353/130 5454/4795/130 5517/4795/130 
f 5517/4795/130 5518/5353/130 5456/5353/130 
f 5458/4797/130 5456/5353/130 5518/5353/130 
f 5518/5353/130 5519/4797/130 5458/4797/130 
f 5460/5360/130 5458/4797/130 5519/4797/130 
f 5519/4797/130 5460/5360/130 5460/5360/130 
f 5462/4799/130 5460/5360/130 5460/5360/130 
f 5460/5360/130 5520/4799/130 5462/4799/130 
f 5464/4800/130 5462/4799/130 5520/4799/130 
f 5520/4799/130 5464/4800/130 5464/4800/130 
f 5466/4801/130 5464/4800/130 5464/4800/130 
f 5464/4800/130 5466/4801/130 5466/4801/130 
f 5468/5370/130 5466/4801/130 5466/4801/130 
f 5466/4801/130 5521/5370/130 5468/5370/130 
f 5470/4803/130 5468/5370/130 5521/5370/130 
f 5521/5370/130 5470/4803/130 5470/4803/130 
f 5472/4804/130 5470/4803/130 5470/4803/130 
f 5470/4803/130 5472/4804/130 5472/4804/130 
f 5474/4805/130 5472/4804/130 5472/4804/130 
f 5472/4804/130 5522/4805/130 5474/4805/130 
f 5476/5380/130 5474/4805/130 5522/4805/130 
f 5522/4805/130 5476/5380/130 5476/5380/130 
f 5478/4807/130 5476/5380/130 5476/5380/130 
f 5476/5380/130 5523/4807/130 5478/4807/130 
f 5480/5387/130 5478/4807/130 5523/4807/130 
f 5523/4807/130 5524/5387/130 5480/5387/130 
f 5482/4809/130 5480/5387/130 5524/5387/130 
f 5524/5387/130 5525/4809/130 5482/4809/130 
f 5484/4810/130 5482/4809/130 5525/4809/130 
f 5525/4809/130 5484/4810/130 5484/4810/130 
f 5486/4811/130 5484/4810/130 5484/4810/130 
f 5484/4810/130 5526/4811/130 5486/4811/130 
f 5488/5397/130 5486/4811/130 5526/4811/130 
f 5526/4811/130 5527/5397/130 5488/5397/130 
f 5490/4813/130 5488/5397/130 5527/5397/130 
f 5527/5397/130 5528/4813/130 5490/4813/130 
f 5492/5404/130 5490/4813/130 5528/4813/130 
f 5528/4813/130 5529/5404/130 5492/5404/130 
f 5494/4815/130 5492/5404/130 5529/5404/130 
f 5529/5404/130 5530/4815/130 5494/4815/130 
f 5496/4816/130 5494/4815/130 5530/4815/130 
f 5530/4815/130 5496/4816/130 5496/4816/130 
f 5498/4817/130 5496/4816/130 5496/4816/130 
f 5496/4816/130 5498/4817/130 5498/4817/130 
f 5504/4818/130 5498/4817/130 5498/4817/130 
f 5498/4817/130 5504/4818/130 5504/4818/130 
f 5504/4818/130 5531/4818/130 5504/4818/130 
f 5531/4818/130 5532/4818/130 5504/4818/130 
f 5532/4818/130 5532/4818/130 5504/4818/130 
f 5503/5413/130 5504/4818/130 5532/4818/130 
f 5532/4818/130 5533/5413/130 5503/5413/130 
f 5499/5410/130 5503/5413/130 5533/5413/130 
f 5533/5413/130 5499/5410/130 5499/5410/130 
f 5497/5410/130 5499/5410/130 5499/5410/130 
f 5499/5410/130 5497/5410/130 5497/5410/130 
f 5495/5407/130 5497/5410/130 5497/5410/130 
f 5497/5410/130 5534/5407/130 5495/5407/130 
f 5493/5405/130 5495/5407/130 5534/5407/130 
f 5534/5407/130 5493/5405/130 5493/5405/130 
f 5491/5401/130 5493/5405/130 5493/5405/130 
f 5493/5405/130 5491/5401/130 5491/5401/130 
f 5489/5398/130 5491/5401/130 5491/5401/130 
f 5491/5401/130 5489/5398/130 5489/5398/130 
f 5487/5394/130 5489/5398/130 5489/5398/130 
f 5489/5398/130 5535/5394/130 5487/5394/130 
f 5485/5392/130 5487/5394/130 5535/5394/130 
f 5535/5394/130 5485/5392/130 5485/5392/130 
f 5483/5390/130 5485/5392/130 5485/5392/130 
f 5485/5392/130 5536/5390/130 5483/5390/130 
f 5481/5388/130 5483/5390/130 5536/5390/130 
f 5536/5390/130 5481/5388/130 5481/5388/130 
f 5479/5384/130 5481/5388/130 5481/5388/130 
f 5481/5388/130 5479/5384/130 5479/5384/130 
f 5477/5381/130 5479/5384/130 5479/5384/130 
f 5479/5384/130 5477/5381/130 5477/5381/130 
f 5475/5377/130 5477/5381/130 5477/5381/130 
f 5477/5381/130 5537/5377/130 5475/5377/130 
f 5473/5374/130 5475/5377/130 5537/5377/130 
f 5537/5377/130 5473/5374/130 5473/5374/130 
f 5471/5374/130 5473/5374/130 5473/5374/130 
f 5473/5374/130 5471/5374/130 5471/5374/130 
f 5469/5371/130 5471/5374/130 5471/5374/130 
f 5471/5374/130 5538/5371/130 5469/5371/130 
f 5467/5366/130 5469/5371/130 5538/5371/130 
f 5538/5371/130 5467/5366/130 5467/5366/130 
f 5465/5366/130 5467/5366/130 5467/5366/130 
f 5467/5366/130 5465/5366/130 5465/5366/130 
f 5463/5363/130 5465/5366/130 5465/5366/130 
f 5465/5366/130 5539/5363/130 5463/5363/130 
f 5461/5361/130 5463/5363/130 5539/5363/130 
f 5539/5363/130 5461/5361/130 5461/5361/130 
f 5459/5357/130 5461/5361/130 5461/5361/130 
f 5461/5361/130 5459/5357/130 5459/5357/130 
f 5457/5354/130 5459/5357/130 5459/5357/130 
f 5459/5357/130 5457/5354/130 5457/5354/130 
f 5455/5350/130 5457/5354/130 5457/5354/130 
f 5457/5354/130 5540/5350/130 5455/5350/130 
f 5453/5348/130 5455/5350/130 5540/5350/130 
f 5540/5350/130 5453/5348/130 5453/5348/130 
f 5451/5346/130 5453/5348/130 5453/5348/130 
f 5453/5348/130 5541/5346/130 5451/5346/130 
f 5449/5344/130 5451/5346/130 5541/5346/130 
f 5541/5346/130 5449/5344/130 5449/5344/130 
f 5447/5340/130 5449/5344/130 5449/5344/130 
f 5449/5344/130 5447/5340/130 5447/5340/130 
f 5445/5337/130 5447/5340/130 5447/5340/130 
f 5447/5340/130 5445/5337/130 5445/5337/130 
f 5443/5333/130 5445/5337/130 5445/5337/130 
f 5445/5337/130 5542/5333/130 5443/5333/130 
f 5440/5329/130 5443/5333/130 5542/5333/130 
f 5542/5333/130 5440/5329/130 5440/5329/130 
f 5441/5329/130 5440/5329/130 5440/5329/130 
f 5440/5329/130 5543/5329/130 5441/5329/130 
f 5434/5329/130 5433/4787/130 5511/4787/130 
f 5434/5329/130 5511/4787/130 5438/4787/130 
f 5434/5329/130 5438/4787/130 5441/5329/130 
f 5434/5329/130 5441/5329/130 5543/5329/130 
s 2
f 5299/4787/2419 5511/4787/2420 5433/4787/2421 
s 8
f 5434/5329/2422 5543/5329/2423 5363/5329/2424 
s 2
f 5432/4786/2425 5300/4786/2426 5299/4787/2419 
f 5299/4787/2419 5433/4787/2421 5432/4786/2425 
f 5302/5233/2427 5439/5233/2428 5511/5231/2420 
f 5511/5231/2420 5299/5231/2419 5302/5233/2427 
f 5304/4549/857 5512/4549/857 5439/5233/2428 
f 5439/5233/2428 5302/5233/2427 5304/4549/857 
f 5306/5139/865 5513/4551/865 5512/4549/857 
f 5512/4549/857 5304/4549/857 5306/5139/865 
f 5308/5235/875 5514/5235/875 5513/5139/865 
f 5513/5139/865 5306/5139/865 5308/5235/875 
f 5310/5135/883 5515/4555/883 5514/5235/875 
f 5514/5235/875 5308/5235/875 5310/5135/883 
f 5312/4557/892 5516/4557/892 5515/5135/883 
f 5515/5135/883 5310/5135/883 5312/4557/892 
f 5314/4559/900 5452/5433/900 5516/4557/892 
f 5516/4557/892 5312/4557/892 5314/4559/900 
f 5316/4563/910 5517/5434/910 5452/4562/900 
f 5452/4562/900 5314/4562/900 5316/4563/910 
f 5318/5237/918 5518/5237/918 5517/4563/910 
f 5517/4563/910 5316/4563/910 5318/5237/918 
f 5320/5239/928 5519/5239/928 5518/5237/918 
f 5518/5237/918 5318/5237/918 5320/5239/928 
f 5322/5241/937 5460/5241/937 5519/5239/928 
f 5519/5239/928 5320/5239/928 5322/5241/937 
f 5324/4571/946 5520/4571/946 5460/5241/937 
f 5460/5241/937 5322/5241/937 5324/4571/946 
f 5326/5243/955 5464/5243/955 5520/4571/946 
f 5520/4571/946 5324/4571/946 5326/5243/955 
f 5328/5245/1719 5466/5245/1719 5464/5243/955 
f 5464/5243/955 5326/5243/955 5328/5245/1719 
f 5330/5247/973 5521/5247/973 5466/5245/1719 
f 5466/5245/1719 5328/5245/1719 5330/5247/973 
f 5332/5249/1715 5470/5249/1715 5521/5247/973 
f 5521/5247/973 5330/5247/973 5332/5249/1715 
f 5334/5251/1713 5472/5251/1713 5470/5249/1715 
f 5470/5249/1715 5332/5249/1715 5334/5251/1713 
f 5336/4583/1973 5522/4583/1973 5472/5251/1713 
f 5472/5251/1713 5334/5251/1713 5336/4583/1973 
f 5338/5253/1709 5476/4585/1709 5522/4583/1973 
f 5522/4583/1973 5336/4583/1973 5338/5253/1709 
f 5340/5255/1707 5523/5255/1707 5476/5253/1709 
f 5476/5253/1709 5338/5253/1709 5340/5255/1707 
f 5342/5257/1705 5524/4589/1705 5523/5255/1707 
f 5523/5255/1707 5340/5255/1707 5342/5257/1705 
f 5344/4591/1940 5525/4591/1940 5524/5257/1705 
f 5524/5257/1705 5342/5257/1705 5344/4591/1940 
f 5346/4593/1701 5484/5435/1701 5525/4591/1940 
f 5525/4591/1940 5344/4591/1940 5346/4593/1701 
f 5348/4597/1922 5526/5093/1922 5484/4596/1701 
f 5484/4596/1701 5346/4596/1701 5348/4597/1922 
f 5350/5091/1697 5527/5091/1697 5526/4597/1922 
f 5526/4597/1922 5348/4597/1922 5350/5091/1697 
f 5352/5259/1695 5528/5259/1695 5527/5091/1697 
f 5527/5091/1697 5350/5091/1697 5352/5259/1695 
f 5354/5087/1693 5529/5087/1693 5528/5259/1695 
f 5528/5259/1695 5352/5259/1695 5354/5087/1693 
f 5356/4625/1890 5530/4625/1890 5529/5087/1693 
f 5529/5087/1693 5354/5087/1693 5356/4625/1890 
f 5358/5261/1689 5496/5261/1689 5530/4625/1890 
f 5530/4625/1890 5356/4625/1890 5358/5261/1689 
f 5360/5263/1687 5498/5263/1687 5496/5261/1689 
f 5496/5261/1689 5358/5261/1689 5360/5263/1687 
f 5362/5048/2120 5504/5048/2429 5498/5263/1687 
f 5498/5263/1687 5360/5263/1687 5362/5048/2120 
s 8
f 5434/5329/2422 5363/5329/2424 5366/5436/2120 
f 5366/5436/2120 5435/5330/2120 5434/5329/2422 
f 5363/5264/2424 5543/5264/2423 5440/5264/1829 
f 5440/5264/1829 5367/5264/1791 5363/5264/2424 
f 5367/5264/1791 5440/5264/1829 5542/5268/2099 
f 5542/5268/2099 5369/5268/2099 5367/5264/1791 
f 5369/5268/2099 5542/5268/2099 5445/5270/1787 
f 5445/5270/1787 5371/5270/1787 5369/5268/2099 
f 5371/5270/1787 5445/5272/1787 5447/5272/1785 
f 5447/5272/1785 5373/5272/1785 5371/5270/1787 
f 5373/5272/1785 5447/5272/1785 5449/5274/1783 
f 5449/5274/1783 5375/5274/1783 5373/5272/1785 
f 5375/5274/1783 5449/5274/1783 5541/5274/2068 
f 5541/5274/2068 5377/5276/2068 5375/5274/1783 
f 5377/5276/2068 5541/5437/2068 5453/5278/1779 
f 5453/5278/1779 5379/5278/1779 5377/5276/2068 
f 5379/5283/1779 5453/5283/1779 5540/5280/2052 
f 5540/5280/2052 5381/5280/2052 5379/5283/1779 
f 5381/5280/2052 5540/5280/2052 5457/5284/1775 
f 5457/5284/1775 5383/5284/1775 5381/5280/2052 
f 5383/5284/1775 5457/5284/1775 5459/5286/1773 
f 5459/5286/1773 5385/5286/1773 5383/5284/1775 
f 5385/5286/1773 5459/5438/1773 5461/5288/1771 
f 5461/5288/1771 5387/5288/1771 5385/5286/1773 
f 5387/5288/1771 5461/5288/1771 5539/5290/2018 
f 5539/5290/2018 5389/5290/2018 5387/5288/1771 
f 5389/5290/2018 5539/5290/2018 5465/5292/1767 
f 5465/5292/1767 5391/5292/1767 5389/5290/2018 
f 5391/5292/1767 5465/5292/1767 5467/5292/1765 
f 5467/5292/1765 5393/5292/1765 5391/5292/1767 
f 5393/5292/1765 5467/5292/1765 5538/5294/2430 
f 5538/5294/2430 5395/5294/2430 5393/5292/1765 
f 5395/5294/2430 5538/5294/2430 5471/5296/1761 
f 5471/5296/1761 5397/5296/1761 5395/5294/2430 
f 5397/5296/1761 5471/5296/1761 5473/5296/993 
f 5473/5296/993 5399/5296/993 5397/5296/1761 
f 5399/5296/993 5473/5296/993 5537/5298/1001 
f 5537/5298/1001 5401/5298/1001 5399/5296/993 
f 5401/5298/1001 5537/5298/1001 5477/5300/1011 
f 5477/5300/1011 5403/5300/1011 5401/5298/1001 
f 5403/5300/1011 5477/5302/1011 5479/5302/1021 
f 5479/5302/1021 5405/5302/1021 5403/5300/1011 
f 5405/5302/1021 5479/5302/1021 5481/5304/1029 
f 5481/5304/1029 5407/5304/1029 5405/5302/1021 
f 5407/5304/1029 5481/5304/1029 5536/5304/1039 
f 5536/5304/1039 5409/5306/1039 5407/5304/1029 
f 5409/5306/1039 5536/5439/1039 5485/5308/1047 
f 5485/5308/1047 5411/5308/1047 5409/5306/1039 
f 5411/5313/1047 5485/5313/1047 5535/5310/1055 
f 5535/5310/1055 5413/5310/1055 5411/5313/1047 
f 5413/5310/1055 5535/5310/1055 5489/5314/1064 
f 5489/5314/1064 5415/5314/1064 5413/5310/1055 
f 5415/5314/1064 5489/5314/1064 5491/5316/1074 
f 5491/5316/1074 5417/5316/1074 5415/5314/1064 
f 5417/5316/1074 5491/5440/1074 5493/5318/1082 
f 5493/5318/1082 5419/5318/1082 5417/5316/1074 
f 5419/5318/1082 5493/5318/1082 5534/5320/1092 
f 5534/5320/1092 5421/5320/1092 5419/5318/1082 
f 5421/5320/1092 5534/5320/1092 5497/5322/1100 
f 5497/5322/1100 5423/5322/1100 5421/5320/1092 
f 5423/5322/1100 5497/5322/1100 5499/5322/2431 
f 5499/5322/2431 5425/5322/2432 5423/5322/1100 
f 5425/5322/2432 5499/5322/2431 5533/5324/2433 
f 5533/5324/2433 5427/5324/2434 5425/5322/2432 
s 2
f 5505/5415/2435 5436/5441/2436 5435/5442/1843 
f 5435/5442/1843 5366/5416/1277 5505/5415/2435 
f 5427/5421/2437 5533/5421/2438 5532/5418/2439 
f 5532/5418/2439 5506/5418/2440 5427/5421/2437 
f 5437/4786/2441 5507/4786/2442 5300/4786/2426 
f 5300/4786/2426 5432/4786/2425 5437/4786/2441 
f 5506/5418/2440 5532/5418/2439 5532/5418/2443 
f 5532/5418/2443 5510/5418/2367 5506/5418/2440 
f 5436/4786/2436 5505/4786/2435 5509/4786/2444 
f 5509/4786/2444 5437/4786/2445 5436/4786/2436 
s 16
f 5437/4786/2446 5509/4786/2446 5507/4786/2446 
f 5507/4786/2446 5437/4786/2446 5437/4786/2446 
s 2
f 5508/5048/2447 5531/5048/2448 5504/5048/2429 
f 5504/5048/2429 5362/5048/2120 5508/5048/2447 
f 5510/5048/2367 5532/5048/2443 5531/5048/2448 
f 5531/5048/2448 5508/5048/2447 5510/5048/2367 
usemtl Base
s 1
f 5544/5045/129 5545/5046/835 5546/5047/835 
f 5546/5047/835 5547/5048/129 5544/5045/129 
f 5545/5046/835 5548/5049/1335 5549/5050/1335 
f 5549/5050/1335 5546/5047/835 5545/5046/835 
f 5548/5049/1335 5550/3710/854 5551/4500/854 
f 5551/4500/854 5549/5050/1335 5548/5049/1335 
f 5550/3710/854 5552/5051/2449 5553/4501/2449 
f 5553/4501/2449 5551/4500/854 5550/3710/854 
f 5552/5051/2449 5554/5052/872 5555/5053/872 
f 5555/5053/872 5553/4501/2449 5552/5051/2449 
f 5554/5052/872 5556/3706/2450 5557/4544/2450 
f 5557/4544/2450 5555/5053/872 5554/5052/872 
f 5556/3706/2450 5558/3700/2451 5559/4490/2451 
f 5559/4490/2451 5557/4544/2450 5556/3706/2450 
f 5558/3700/2451 5560/3701/2452 5561/4491/2452 
f 5561/4491/2452 5559/4490/2451 5558/3700/2451 
f 5560/2678/2452 5562/2679/907 5563/4486/907 
f 5563/4486/907 5561/4488/2452 5560/2678/2452 
f 5562/2679/907 5564/2683/2453 5565/4482/2453 
f 5565/4482/2453 5563/4486/907 5562/2679/907 
f 5564/2683/2453 5566/5054/925 5567/5055/925 
f 5567/5055/925 5565/4482/2453 5564/2683/2453 
f 5566/5054/925 5568/5056/2454 5569/4480/2454 
f 5569/4480/2454 5567/5055/925 5566/5054/925 
f 5568/5056/2454 5570/2687/943 5571/4478/943 
f 5571/4478/943 5569/4480/2454 5568/5056/2454 
f 5570/2687/943 5572/5057/2455 5573/5058/2455 
f 5573/5058/2455 5571/4478/943 5570/2687/943 
f 5572/5057/2455 5574/5059/2456 5575/5060/2456 
f 5575/5060/2456 5573/5058/2455 5572/5057/2455 
f 5574/5059/2456 5576/5061/970 5577/5062/970 
f 5577/5062/970 5575/5060/2456 5574/5059/2456 
f 5576/5061/970 5578/5063/2457 5579/5064/2457 
f 5579/5064/2457 5577/5062/970 5576/5061/970 
f 5578/5063/2457 5580/5065/2458 5581/5066/2458 
f 5581/5066/2458 5579/5064/2457 5578/5063/2457 
f 5580/5065/2458 5582/2699/1969 5583/4466/1969 
f 5583/4466/1969 5581/5066/2458 5580/5065/2458 
f 5582/2699/1969 5584/5067/2459 5585/4464/2459 
f 5585/4464/2459 5583/4466/1969 5582/2699/1969 
f 5584/5067/2459 5586/5068/1953 5587/5069/1953 
f 5587/5069/1953 5585/4464/2459 5584/5067/2459 
f 5586/5068/1953 5588/2703/2460 5589/4462/2460 
f 5589/4462/2460 5587/5069/1953 5586/5068/1953 
f 5588/2703/2460 5590/2707/1936 5591/4456/1936 
f 5591/4456/1936 5589/4462/2460 5588/2703/2460 
f 5590/2707/1936 5592/2709/1927 5593/4457/1927 
f 5593/4457/1927 5591/4456/1936 5590/2707/1936 
f 5592/3666/1927 5594/3664/2461 5595/4452/2461 
f 5595/4452/2461 5593/4454/1927 5592/3666/1927 
f 5594/3664/2461 5596/3660/2462 5597/4448/2462 
f 5597/4448/2462 5595/4452/2461 5594/3664/2461 
f 5596/3660/2462 5598/5070/1903 5599/5071/1903 
f 5599/5071/1903 5597/4448/2462 5596/3660/2462 
f 5598/5070/1903 5600/5072/2463 5601/4446/2463 
f 5601/4446/2463 5599/5071/1903 5598/5070/1903 
f 5600/5072/2463 5602/3656/1336 5603/4444/1336 
f 5603/4444/1336 5601/4446/2463 5600/5072/2463 
f 5602/3656/1336 5604/5073/1337 5605/5074/1337 
f 5605/5074/1337 5603/4444/1336 5602/3656/1336 
f 5604/5073/1337 5606/5075/1338 5607/5076/1338 
f 5607/5076/1338 5605/5074/1337 5604/5073/1337 
f 5606/5075/1338 5608/5077/67 5609/5078/67 
f 5609/5078/67 5607/5076/1338 5606/5075/1338 
f 5610/5079/68 5611/5080/68 5612/5081/67 
f 5612/5081/67 5613/5082/67 5610/5079/68 
f 5614/5083/70 5615/5084/70 5611/5080/68 
f 5611/5080/68 5610/5079/68 5614/5083/70 
f 5616/5085/72 5617/5086/72 5615/5084/70 
f 5615/5084/70 5614/5083/70 5616/5085/72 
f 5618/5087/74 5619/5088/74 5617/5086/72 
f 5617/5086/72 5616/5085/72 5618/5087/74 
f 5620/5089/76 5621/5090/76 5619/5088/74 
f 5619/5088/74 5618/5087/74 5620/5089/76 
f 5622/5091/78 5623/5092/78 5621/5090/76 
f 5621/5090/76 5620/5089/76 5622/5091/78 
f 5624/5093/80 5625/5094/80 5623/5092/78 
f 5623/5092/78 5622/5091/78 5624/5093/80 
f 5626/5095/82 5627/5096/82 5625/5094/80 
f 5625/5094/80 5624/5093/80 5626/5095/82 
f 5628/5097/84 5629/5098/84 5627/5099/82 
f 5627/5099/82 5626/5100/82 5628/5097/84 
f 5630/5101/86 5631/5102/86 5629/5098/84 
f 5629/5098/84 5628/5097/84 5630/5101/86 
f 5632/5103/88 5633/5104/88 5631/5102/86 
f 5631/5102/86 5630/5101/86 5632/5103/88 
f 5634/5105/90 5635/5106/90 5633/5104/88 
f 5633/5104/88 5632/5103/88 5634/5105/90 
f 5636/5107/92 5637/5108/92 5635/5106/90 
f 5635/5106/90 5634/5105/90 5636/5107/92 
f 5638/5109/94 5639/5110/94 5637/5108/92 
f 5637/5108/92 5636/5107/92 5638/5109/94 
f 5640/5111/96 5641/5112/96 5639/5110/94 
f 5639/5110/94 5638/5109/94 5640/5111/96 
f 5642/5113/98 5643/5114/98 5641/5112/96 
f 5641/5112/96 5640/5111/96 5642/5113/98 
f 5644/5115/100 5645/5116/100 5643/5114/98 
f 5643/5114/98 5642/5113/98 5644/5115/100 
f 5646/5117/102 5647/5118/102 5645/5116/100 
f 5645/5116/100 5644/5115/100 5646/5117/102 
f 5648/5119/104 5649/5120/104 5647/5118/102 
f 5647/5118/102 5646/5117/102 5648/5119/104 
f 5650/5121/106 5651/5122/106 5649/5120/104 
f 5649/5120/104 5648/5119/104 5650/5121/106 
f 5652/5123/108 5653/5124/108 5651/5122/106 
f 5651/5122/106 5650/5121/106 5652/5123/108 
f 5654/5125/110 5655/5126/110 5653/5124/108 
f 5653/5124/108 5652/5123/108 5654/5125/110 
f 5656/5127/112 5657/5128/112 5655/5126/110 
f 5655/5126/110 5654/5125/110 5656/5127/112 
f 5658/5129/114 5659/5130/114 5657/5128/112 
f 5657/5128/112 5656/5127/112 5658/5129/114 
f 5660/5131/116 5661/5132/116 5659/5133/114 
f 5659/5133/114 5658/5134/114 5660/5131/116 
f 5662/5135/118 5663/5136/118 5661/5132/116 
f 5661/5132/116 5660/5131/116 5662/5135/118 
f 5664/5137/120 5665/5138/120 5663/5136/118 
f 5663/5136/118 5662/5135/118 5664/5137/120 
f 5666/5139/122 5667/5140/122 5665/5138/120 
f 5665/5138/120 5664/5137/120 5666/5139/122 
f 5668/5141/124 5669/5142/124 5667/5140/122 
f 5667/5140/122 5666/5139/122 5668/5141/124 
f 5670/5143/126 5671/5144/126 5669/5142/124 
f 5669/5142/124 5668/5141/124 5670/5143/126 
f 5672/5145/128 5673/5146/128 5671/5144/126 
f 5671/5144/126 5670/5143/126 5672/5145/128 
f 5674/5078/129 5675/5077/129 5673/5146/128 
f 5673/5146/128 5672/5145/128 5674/5078/129 
s 2
f 5545/5147/1 5544/5148/1 5676/5148/1 
f 5545/5147/1 5676/5148/1 5677/5148/1 
f 5545/5147/1 5677/5148/1 5678/5148/1 
f 5545/5147/1 5678/5148/1 5612/5149/1 
f 5545/5147/1 5612/5149/1 5611/5150/1 
s 1
f 5679/4818/130 5680/4819/130 5681/4819/130 
f 5679/4818/130 5681/4819/130 5682/4818/130 
f 5682/4818/130 5683/4818/130 5684/4818/130 
f 5682/4818/130 5684/4818/130 5684/4818/130 
f 5679/4818/130 5682/4818/130 5684/4818/130 
s 2
f 5548/5151/1 5545/5147/1 5611/5150/1 
f 5611/5150/1 5615/5152/1 5548/5151/1 
s 1
f 5680/4819/130 5685/4820/130 5686/5153/130 
f 5686/5153/130 5681/4819/130 5680/4819/130 
s 2
f 5550/4193/1 5548/5151/1 5615/5152/1 
f 5615/5152/1 5617/5154/1 5550/4193/1 
s 1
f 5685/4820/130 5687/4821/130 5688/5155/130 
f 5688/5155/130 5686/5153/130 5685/4820/130 
s 2
f 5552/5156/1 5550/4193/1 5617/5154/1 
f 5617/5154/1 5619/5157/1 5552/5156/1 
s 1
f 5687/4821/130 5689/4822/130 5690/5158/130 
f 5690/5158/130 5688/5155/130 5687/4821/130 
s 2
f 5554/5159/1 5552/5156/1 5619/5157/1 
f 5619/5157/1 5621/5160/1 5554/5159/1 
s 1
f 5689/4822/130 4932/4823/130 5691/5161/130 
f 5691/5161/130 5690/5158/130 5689/4822/130 
s 2
f 5556/4195/1 5554/5159/1 5621/5160/1 
f 5621/5160/1 5623/5162/1 5556/4195/1 
s 1
f 4932/4823/130 5692/5163/130 5693/5163/130 
f 5693/5163/130 5691/5161/130 4932/4823/130 
s 2
f 5558/4197/1 5556/4195/1 5623/5162/1 
f 5623/5162/1 5625/5164/1 5558/4197/1 
s 1
f 5692/5163/130 5694/4825/130 5695/5165/130 
f 5695/5165/130 5693/5163/130 5692/5163/130 
s 2
f 5560/4198/1 5558/4197/1 5625/5164/1 
f 5625/5164/1 5627/5166/1 5560/4198/1 
s 1
f 5694/4825/130 4929/4826/130 5696/5167/130 
f 5696/5167/130 5695/5165/130 5694/4825/130 
s 2
f 5562/4199/1 5560/4198/1 5627/5166/1 
f 5627/5166/1 5629/5168/1 5562/4199/1 
s 1
f 4929/4826/130 5697/4827/130 5698/5169/130 
f 5698/5169/130 5696/5167/130 4929/4826/130 
s 2
f 5564/4201/1 5562/4199/1 5629/5168/1 
f 5629/5168/1 5631/5170/1 5564/4201/1 
s 1
f 5697/4827/130 5699/5171/130 5700/5171/130 
f 5700/5171/130 5698/5169/130 5697/4827/130 
s 2
f 5566/5172/1 5564/4201/1 5631/5170/1 
f 5631/5170/1 5633/5173/1 5566/5172/1 
s 1
f 5699/5171/130 4926/4829/130 5701/5174/130 
f 5701/5174/130 5700/5171/130 5699/5171/130 
s 2
f 5568/5175/1 5566/5172/1 5633/5173/1 
f 5633/5173/1 5635/5176/1 5568/5175/1 
s 1
f 4926/4829/130 5702/4830/130 5703/5177/130 
f 5703/5177/130 5701/5174/130 4926/4829/130 
s 2
f 5570/4203/1 5568/5175/1 5635/5176/1 
f 5635/5176/1 5637/5178/1 5570/4203/1 
s 1
f 5702/4830/130 5704/4831/130 5705/5179/130 
f 5705/5179/130 5703/5177/130 5702/4830/130 
s 2
f 5572/5180/1 5570/4203/1 5637/5178/1 
f 5637/5178/1 5639/5181/1 5572/5180/1 
s 1
f 5704/4831/130 5706/4832/130 5707/5182/130 
f 5707/5182/130 5705/5179/130 5704/4831/130 
s 2
f 5574/5183/1 5572/5180/1 5639/5181/1 
f 5639/5181/1 5641/5184/1 5574/5183/1 
s 1
f 5706/4832/130 5708/4833/130 5709/4833/130 
f 5709/4833/130 5707/5182/130 5706/4832/130 
s 2
f 5576/5185/1 5574/5183/1 5641/5184/1 
f 5641/5184/1 5643/5186/1 5576/5185/1 
s 1
f 5708/4833/130 5710/4834/130 5711/4834/130 
f 5711/4834/130 5709/4833/130 5708/4833/130 
s 2
f 5578/5187/1 5576/5185/1 5643/5186/1 
f 5643/5186/1 5645/5188/1 5578/5187/1 
s 1
f 5710/4834/130 5712/4835/130 5713/4835/130 
f 5713/4835/130 5711/4834/130 5710/4834/130 
s 2
f 5580/5189/1 5578/5187/1 5645/5188/1 
f 5645/5188/1 5647/5190/1 5580/5189/1 
s 1
f 5712/4835/130 5714/4836/130 5715/5191/130 
f 5715/5191/130 5713/4835/130 5712/4835/130 
s 2
f 5582/4209/1 5580/5189/1 5647/5190/1 
f 5647/5190/1 5649/5192/1 5582/4209/1 
s 1
f 5714/4836/130 5716/4837/130 5717/5193/130 
f 5717/5193/130 5715/5191/130 5714/4836/130 
s 2
f 5584/5194/1 5582/4209/1 5649/5192/1 
f 5649/5192/1 5651/5195/1 5584/5194/1 
s 1
f 5716/4837/130 5718/4838/130 5719/5196/130 
f 5719/5196/130 5717/5193/130 5716/4837/130 
s 2
f 5586/5197/1 5584/5194/1 5651/5195/1 
f 5651/5195/1 5653/5198/1 5586/5197/1 
s 1
f 5718/4838/130 4916/4839/130 5720/5199/130 
f 5720/5199/130 5719/5196/130 5718/4838/130 
s 2
f 5588/4211/1 5586/5197/1 5653/5198/1 
f 5653/5198/1 5655/5200/1 5588/4211/1 
s 1
f 4916/4839/130 5721/5201/130 5722/5201/130 
f 5722/5201/130 5720/5199/130 4916/4839/130 
s 2
f 5590/4213/1 5588/4211/1 5655/5200/1 
f 5655/5200/1 5657/5202/1 5590/4213/1 
s 1
f 5721/5201/130 5723/4841/130 5724/5203/130 
f 5724/5203/130 5722/5201/130 5721/5201/130 
s 2
f 5592/4214/1 5590/4213/1 5657/5202/1 
f 5657/5202/1 5659/5204/1 5592/4214/1 
s 1
f 5723/4841/130 4913/4842/130 5725/5205/130 
f 5725/5205/130 5724/5203/130 5723/4841/130 
s 2
f 5594/4215/1 5592/4214/1 5659/5204/1 
f 5659/5204/1 5661/5206/1 5594/4215/1 
s 1
f 4913/4842/130 5726/4843/130 5727/5207/130 
f 5727/5207/130 5725/5205/130 4913/4842/130 
s 2
f 5596/4217/1 5594/4215/1 5661/5206/1 
f 5661/5206/1 5663/5208/1 5596/4217/1 
s 1
f 5726/4843/130 5728/5209/130 5729/5209/130 
f 5729/5209/130 5727/5207/130 5726/4843/130 
s 2
f 5598/5210/1 5596/4217/1 5663/5208/1 
f 5663/5208/1 5665/5211/1 5598/5210/1 
s 1
f 5728/5209/130 4910/4845/130 5730/5212/130 
f 5730/5212/130 5729/5209/130 5728/5209/130 
s 2
f 5600/5213/1 5598/5210/1 5665/5211/1 
f 5665/5211/1 5667/5214/1 5600/5213/1 
s 1
f 4910/4845/130 5731/4846/130 5732/5215/130 
f 5732/5215/130 5730/5212/130 4910/4845/130 
s 2
f 5602/4219/1 5600/5213/1 5667/5214/1 
f 5667/5214/1 5669/5216/1 5602/4219/1 
s 1
f 5731/4846/130 5733/4783/130 5734/5217/130 
f 5734/5217/130 5732/5215/130 5731/4846/130 
s 2
f 5604/5218/1 5602/4219/1 5669/5216/1 
f 5669/5216/1 5671/5219/1 5604/5218/1 
s 1
f 5733/4783/130 5735/4784/130 5736/5220/130 
f 5736/5220/130 5734/5217/130 5733/4783/130 
s 2
f 5606/5221/1 5604/5218/1 5671/5219/1 
f 5671/5219/1 5673/5222/1 5606/5221/1 
s 1
f 5735/4784/130 5737/4785/130 5738/4785/130 
f 5738/4785/130 5736/5220/130 5735/4784/130 
s 2
f 5608/5223/1 5606/5221/1 5673/5222/1 
f 5608/5223/1 5673/5222/1 5675/5223/1 
f 5675/5223/1 5739/5223/1 5740/5223/1 
f 5675/5223/1 5740/5223/1 5741/5223/1 
f 5608/5223/1 5675/5223/1 5741/5223/1 
s 1
f 5737/4785/130 5742/4786/130 5743/4786/130 
f 5737/4785/130 5743/4786/130 5743/4786/130 
f 5737/4785/130 5743/4786/130 5744/4786/130 
f 5737/4785/130 5744/4786/130 5745/4786/130 
f 5737/4785/130 5745/4786/130 5738/4785/130 
s 4
f 5746/5224/96 5739/5225/96 5675/5225/98 
f 5675/5225/98 5674/5224/98 5746/5224/96 
f 5678/5226/100 5747/5227/100 5613/5228/157 
f 5613/5228/157 5612/5229/157 5678/5226/100 
s 1
f 5608/5077/67 5741/5077/69 5748/5078/69 
f 5748/5078/69 5609/5078/67 5608/5077/67 
f 5547/5048/129 5749/5048/127 5676/5045/127 
f 5676/5045/127 5544/5045/129 5547/5048/129 
s 8
f 5741/5077/2464 5740/5077/2464 5750/5078/2464 
f 5750/5078/2464 5748/5078/2464 5741/5077/2464 
s 4
f 5740/5225/94 5739/5225/96 5746/5224/96 
f 5746/5224/96 5750/5224/94 5740/5225/94 
s 8
f 5749/5048/2465 5751/5048/2465 5677/5045/2465 
f 5677/5045/2465 5676/5045/2465 5749/5048/2465 
s 4
f 5751/5227/102 5747/5227/100 5678/5226/100 
f 5678/5226/100 5677/5226/102 5751/5227/102 
usemtl Lamp
s 1
f 5752/5077/2466 5753/5230/68 5754/5231/68 
f 5754/5231/68 5755/5078/2466 5752/5077/2466 
f 5753/5230/68 5756/5232/70 5757/5233/70 
f 5757/5233/70 5754/5231/68 5753/5230/68 
f 5756/5232/70 5758/3776/72 5759/4549/72 
f 5759/4549/72 5757/5233/70 5756/5232/70 
f 5758/3776/72 5760/5140/74 5761/5139/74 
f 5761/5139/74 5759/4549/72 5758/3776/72 
f 5760/5140/74 5762/5234/76 5763/5235/76 
f 5763/5235/76 5761/5139/74 5760/5140/74 
f 5762/5234/76 5764/5136/78 5765/5135/78 
f 5765/5135/78 5763/5235/76 5762/5234/76 
f 5764/5136/78 5766/3766/80 5767/4557/80 
f 5767/4557/80 5765/5135/78 5764/5136/78 
f 5766/3766/80 5768/3767/82 5769/4559/82 
f 5769/4559/82 5767/4557/80 5766/3766/80 
f 5768/2610/82 5770/2611/84 5771/4563/84 
f 5771/4563/84 5769/4562/82 5768/2610/82 
f 5770/2611/84 5772/5236/86 5773/5237/86 
f 5773/5237/86 5771/4563/84 5770/2611/84 
f 5772/5236/86 5774/5238/88 5775/5239/88 
f 5775/5239/88 5773/5237/86 5772/5236/86 
f 5774/5238/88 5776/5240/90 5777/5241/90 
f 5777/5241/90 5775/5239/88 5774/5238/88 
f 5776/5240/90 5778/2619/92 5779/4571/92 
f 5779/4571/92 5777/5241/90 5776/5240/90 
f 5778/2619/92 5780/5242/94 5781/5243/94 
f 5781/5243/94 5779/4571/92 5778/2619/92 
f 5780/5242/94 5782/5244/96 5783/5245/96 
f 5783/5245/96 5781/5243/94 5780/5242/94 
f 5782/5244/96 5784/5246/98 5785/5247/157 
f 5785/5247/157 5783/5245/96 5782/5244/96 
f 5784/5246/98 5786/5248/100 5787/5249/100 
f 5787/5249/100 5785/5247/157 5784/5246/98 
f 5786/5248/100 5788/5250/102 5789/5251/102 
f 5789/5251/102 5787/5249/100 5786/5248/100 
f 5788/5250/102 5790/2631/104 5791/4583/104 
f 5791/4583/104 5789/5251/102 5788/5250/102 
f 5790/2631/104 5792/5252/106 5793/5253/106 
f 5793/5253/106 5791/4583/104 5790/2631/104 
f 5792/5252/106 5794/5254/108 5795/5255/108 
f 5795/5255/108 5793/5253/106 5792/5252/106 
f 5794/5254/108 5796/5256/110 5797/5257/110 
f 5797/5257/110 5795/5255/108 5794/5254/108 
f 5796/5256/110 5798/2639/112 5799/4591/112 
f 5799/4591/112 5797/5257/110 5796/5256/110 
f 5798/2639/112 5800/2641/114 5801/4593/114 
f 5801/4593/114 5799/4591/112 5798/2639/112 
f 5800/3732/114 5802/3730/116 5803/4597/116 
f 5803/4597/116 5801/4596/114 5800/3732/114 
f 5802/3730/116 5804/5092/118 5805/5091/118 
f 5805/5091/118 5803/4597/116 5802/3730/116 
f 5804/5092/118 5806/5258/120 5807/5259/120 
f 5807/5259/120 5805/5091/118 5804/5092/118 
f 5806/5258/120 5808/5088/122 5809/5087/122 
f 5809/5087/122 5807/5259/120 5806/5258/120 
f 5808/5088/122 5810/3722/124 5811/4625/124 
f 5811/4625/124 5809/5087/122 5808/5088/122 
f 5810/3722/124 5812/5260/126 5813/5261/126 
f 5813/5261/126 5811/4625/124 5810/3722/124 
f 5812/5260/126 5814/5262/128 5815/5263/128 
f 5815/5263/128 5813/5261/126 5812/5260/126 
f 5814/5262/128 5816/5045/2467 5817/5048/2467 
f 5817/5048/2467 5815/5263/128 5814/5262/128 
f 5818/5264/835 5819/5265/835 5820/5266/2467 
f 5820/5266/2467 5821/5267/2467 5818/5264/835 
f 5822/5264/1335 5823/5265/1335 5819/5265/835 
f 5819/5265/835 5818/5264/835 5822/5264/1335 
f 5824/5268/854 5825/5269/854 5823/5265/1335 
f 5823/5265/1335 5822/5264/1335 5824/5268/854 
f 5826/5270/2449 5827/5271/2449 5825/5269/854 
f 5825/5269/854 5824/5268/854 5826/5270/2449 
f 5828/5272/872 5829/5273/872 5827/5271/2449 
f 5827/5271/2449 5826/5270/2449 5828/5272/872 
f 5830/5274/2450 5831/5275/2450 5829/5273/872 
f 5829/5273/872 5828/5272/872 5830/5274/2450 
f 5832/5276/2451 5833/5277/2451 5831/5275/2450 
f 5831/5275/2450 5830/5274/2450 5832/5276/2451 
f 5834/5278/2452 5835/5279/2452 5833/5277/2451 
f 5833/5277/2451 5832/5276/2451 5834/5278/2452 
f 5836/5280/907 5837/5281/907 5835/5282/2452 
f 5835/5282/2452 5834/5283/2452 5836/5280/907 
f 5838/5284/2453 5839/5285/2453 5837/5281/907 
f 5837/5281/907 5836/5280/907 5838/5284/2453 
f 5840/5286/925 5841/5287/925 5839/5285/2453 
f 5839/5285/2453 5838/5284/2453 5840/5286/925 
f 5842/5288/2454 5843/5289/2454 5841/5287/925 
f 5841/5287/925 5840/5286/925 5842/5288/2454 
f 5844/5290/943 5845/5291/943 5843/5289/2454 
f 5843/5289/2454 5842/5288/2454 5844/5290/943 
f 5846/5292/2455 5847/5293/2455 5845/5291/943 
f 5845/5291/943 5844/5290/943 5846/5292/2455 
f 5848/5292/2456 5849/5293/2456 5847/5293/2455 
f 5847/5293/2455 5846/5292/2455 5848/5292/2456 
f 5850/5294/2468 5851/5295/2468 5849/5293/2456 
f 5849/5293/2456 5848/5292/2456 5850/5294/2468 
f 5852/5296/2457 5853/5297/2457 5851/5295/2468 
f 5851/5295/2468 5850/5294/2468 5852/5296/2457 
f 5854/5296/2458 5855/5297/2458 5853/5297/2457 
f 5853/5297/2457 5852/5296/2457 5854/5296/2458 
f 5856/5298/1969 5857/5299/1969 5855/5297/2458 
f 5855/5297/2458 5854/5296/2458 5856/5298/1969 
f 5858/5300/2459 5859/5301/2459 5857/5299/1969 
f 5857/5299/1969 5856/5298/1969 5858/5300/2459 
f 5860/5302/1953 5861/5303/1953 5859/5301/2459 
f 5859/5301/2459 5858/5300/2459 5860/5302/1953 
f 5862/5304/2460 5863/5305/2460 5861/5303/1953 
f 5861/5303/1953 5860/5302/1953 5862/5304/2460 
f 5864/5306/1936 5865/5307/1936 5863/5305/2460 
f 5863/5305/2460 5862/5304/2460 5864/5306/1936 
f 5866/5308/1927 5867/5309/1927 5865/5307/1936 
f 5865/5307/1936 5864/5306/1936 5866/5308/1927 
f 5868/5310/2461 5869/5311/2461 5867/5312/1927 
f 5867/5312/1927 5866/5313/1927 5868/5310/2461 
f 5870/5314/2462 5871/5315/2462 5869/5311/2461 
f 5869/5311/2461 5868/5310/2461 5870/5314/2462 
f 5872/5316/1903 5873/5317/1903 5871/5315/2462 
f 5871/5315/2462 5870/5314/2462 5872/5316/1903 
f 5874/5318/2463 5875/5319/2463 5873/5317/1903 
f 5873/5317/1903 5872/5316/1903 5874/5318/2463 
f 5876/5320/1336 5877/5321/1336 5875/5319/2463 
f 5875/5319/2463 5874/5318/2463 5876/5320/1336 
f 5878/5322/1337 5879/5323/1337 5877/5321/1336 
f 5877/5321/1336 5876/5320/1336 5878/5322/1337 
f 5880/5322/1338 5881/5323/1338 5879/5323/1337 
f 5879/5323/1337 5878/5322/1337 5880/5322/1338 
f 5882/5324/2466 5883/5325/2466 5881/5323/1338 
f 5881/5323/1338 5880/5322/1338 5882/5324/2466 
s 2
f 5753/5326/1 5752/5223/1 5884/5223/1 
f 5753/5326/1 5884/5223/1 5885/5223/1 
f 5753/5326/1 5885/5223/1 5886/5223/1 
f 5753/5326/1 5886/5223/1 5820/5327/1 
f 5753/5326/1 5820/5327/1 5819/5328/1 
s 1
f 5887/4786/130 5888/4787/130 5889/5329/130 
f 5887/4786/130 5889/5329/130 5890/5330/130 
f 5890/5330/130 5891/4786/1 5892/4786/130 
f 5890/5330/130 5892/4786/130 5892/4786/130 
f 5887/4786/130 5890/5330/130 5892/4786/130 
s 2
f 5756/5331/1 5753/5326/1 5819/5328/1 
f 5819/5328/1 5823/5328/1 5756/5331/1 
s 1
f 5893/4787/130 5894/4788/130 5895/5329/130 
f 5895/5329/130 5896/5329/130 5893/4787/130 
s 2
f 5758/4161/1 5756/5331/1 5823/5328/1 
f 5823/5328/1 5825/5332/1 5758/4161/1 
s 1
f 5894/4788/130 5897/4789/130 5898/5333/130 
f 5898/5333/130 5895/5329/130 5894/4788/130 
s 2
f 5760/5334/1 5758/4161/1 5825/5332/1 
f 5825/5332/1 5827/5335/1 5760/5334/1 
s 1
f 5897/4789/130 5899/5336/130 5900/5337/130 
f 5900/5337/130 5898/5333/130 5897/4789/130 
s 2
f 5762/5338/1 5760/5334/1 5827/5335/1 
f 5827/5335/1 5829/5339/1 5762/5338/1 
s 1
f 5899/5336/130 5901/4791/130 5902/5340/130 
f 5902/5340/130 5900/5337/130 5899/5336/130 
s 2
f 5764/5341/1 5762/5338/1 5829/5339/1 
f 5829/5339/1 5831/5342/1 5764/5341/1 
s 1
f 5901/4791/130 5903/5343/130 5904/5344/130 
f 5904/5344/130 5902/5340/130 5901/4791/130 
s 2
f 5766/4165/1 5764/5341/1 5831/5342/1 
f 5831/5342/1 5833/5345/1 5766/4165/1 
s 1
f 5903/5343/130 5905/4793/130 5906/5346/130 
f 5906/5346/130 5904/5344/130 5903/5343/130 
s 2
f 5768/4166/1 5766/4165/1 5833/5345/1 
f 5833/5345/1 5835/5347/1 5768/4166/1 
s 1
f 5905/4793/130 5907/4794/130 5908/5348/130 
f 5908/5348/130 5906/5346/130 5905/4793/130 
s 2
f 5770/4167/1 5768/4166/1 5835/5347/1 
f 5835/5347/1 5837/5349/1 5770/4167/1 
s 1
f 5907/4794/130 5909/4795/130 5910/5350/130 
f 5910/5350/130 5908/5348/130 5907/4794/130 
s 2
f 5772/5351/1 5770/4167/1 5837/5349/1 
f 5837/5349/1 5839/5352/1 5772/5351/1 
s 1
f 5909/4795/130 5911/5353/130 5912/5354/130 
f 5912/5354/130 5910/5350/130 5909/4795/130 
s 2
f 5774/5355/1 5772/5351/1 5839/5352/1 
f 5839/5352/1 5841/5356/1 5774/5355/1 
s 1
f 5911/5353/130 5913/4797/130 5914/5357/130 
f 5914/5357/130 5912/5354/130 5911/5353/130 
s 2
f 5776/5358/1 5774/5355/1 5841/5356/1 
f 5841/5356/1 5843/5359/1 5776/5358/1 
s 1
f 5913/4797/130 5915/5360/130 5916/5361/130 
f 5916/5361/130 5914/5357/130 5913/4797/130 
s 2
f 5778/4171/1 5776/5358/1 5843/5359/1 
f 5843/5359/1 5845/5362/1 5778/4171/1 
s 1
f 5915/5360/130 5917/4799/130 5918/5363/130 
f 5918/5363/130 5916/5361/130 5915/5360/130 
s 2
f 5780/5364/1 5778/4171/1 5845/5362/1 
f 5845/5362/1 5847/5365/1 5780/5364/1 
s 1
f 5917/4799/130 5919/4800/130 5920/5366/130 
f 5920/5366/130 5918/5363/130 5917/4799/130 
s 2
f 5782/5367/1 5780/5364/1 5847/5365/1 
f 5847/5365/1 5849/5365/1 5782/5367/1 
s 1
f 5919/4800/130 5921/4801/130 5922/5366/130 
f 5922/5366/130 5920/5366/130 5919/4800/130 
s 2
f 5784/5368/1 5782/5367/1 5849/5365/1 
f 5849/5365/1 5851/5369/1 5784/5368/1 
s 1
f 5921/4801/130 5923/5370/130 5924/5371/130 
f 5924/5371/130 5922/5366/130 5921/4801/130 
s 2
f 5786/5372/1 5784/5368/1 5851/5369/1 
f 5851/5369/1 5853/5373/1 5786/5372/1 
s 1
f 5923/5370/130 5925/4803/130 5926/5374/130 
f 5926/5374/130 5924/5371/130 5923/5370/130 
s 2
f 5788/5375/1 5786/5372/1 5853/5373/1 
f 5853/5373/1 5855/5373/1 5788/5375/1 
s 1
f 5925/4803/130 5927/4804/130 5928/5374/130 
f 5928/5374/130 5926/5374/130 5925/4803/130 
s 2
f 5790/4177/1 5788/5375/1 5855/5373/1 
f 5855/5373/1 5857/5376/1 5790/4177/1 
s 1
f 5927/4804/130 5929/4805/130 5930/5377/130 
f 5930/5377/130 5928/5374/130 5927/4804/130 
s 2
f 5792/5378/1 5790/4177/1 5857/5376/1 
f 5857/5376/1 5859/5379/1 5792/5378/1 
s 1
f 5929/4805/130 5931/5380/130 5932/5381/130 
f 5932/5381/130 5930/5377/130 5929/4805/130 
s 2
f 5794/5382/1 5792/5378/1 5859/5379/1 
f 5859/5379/1 5861/5383/1 5794/5382/1 
s 1
f 5931/5380/130 5933/4807/130 5934/5384/130 
f 5934/5384/130 5932/5381/130 5931/5380/130 
s 2
f 5796/5385/1 5794/5382/1 5861/5383/1 
f 5861/5383/1 5863/5386/1 5796/5385/1 
s 1
f 5933/4807/130 5935/5387/130 5936/5388/130 
f 5936/5388/130 5934/5384/130 5933/4807/130 
s 2
f 5798/4181/1 5796/5385/1 5863/5386/1 
f 5863/5386/1 5865/5389/1 5798/4181/1 
s 1
f 5935/5387/130 5937/4809/130 5938/5390/130 
f 5938/5390/130 5936/5388/130 5935/5387/130 
s 2
f 5800/4182/1 5798/4181/1 5865/5389/1 
f 5865/5389/1 5867/5391/1 5800/4182/1 
s 1
f 5937/4809/130 5939/4810/130 5940/5392/130 
f 5940/5392/130 5938/5390/130 5937/4809/130 
s 2
f 5802/4183/1 5800/4182/1 5867/5391/1 
f 5867/5391/1 5869/5393/1 5802/4183/1 
s 1
f 5939/4810/130 5941/4811/130 5942/5394/130 
f 5942/5394/130 5940/5392/130 5939/4810/130 
s 2
f 5804/5395/1 5802/4183/1 5869/5393/1 
f 5869/5393/1 5871/5396/1 5804/5395/1 
s 1
f 5941/4811/130 5943/5397/130 5944/5398/130 
f 5944/5398/130 5942/5394/130 5941/4811/130 
s 2
f 5806/5399/1 5804/5395/1 5871/5396/1 
f 5871/5396/1 5873/5400/1 5806/5399/1 
s 1
f 5943/5397/130 5945/4813/130 5946/5401/130 
f 5946/5401/130 5944/5398/130 5943/5397/130 
s 2
f 5808/5402/1 5806/5399/1 5873/5400/1 
f 5873/5400/1 5875/5403/1 5808/5402/1 
s 1
f 5945/4813/130 5947/5404/130 5948/5405/130 
f 5948/5405/130 5946/5401/130 5945/4813/130 
s 2
f 5810/4187/1 5808/5402/1 5875/5403/1 
f 5875/5403/1 5877/5406/1 5810/4187/1 
s 1
f 5947/5404/130 5949/4815/130 5950/5407/130 
f 5950/5407/130 5948/5405/130 5947/5404/130 
s 2
f 5812/5408/1 5810/4187/1 5877/5406/1 
f 5877/5406/1 5879/5409/1 5812/5408/1 
s 1
f 5949/4815/130 5951/4816/130 5952/5410/130 
f 5952/5410/130 5950/5407/130 5949/4815/130 
s 2
f 5814/5411/1 5812/5408/1 5879/5409/1 
f 5879/5409/1 5881/5409/1 5814/5411/1 
s 1
f 5951/4816/130 5953/4817/130 5954/5410/130 
f 5954/5410/130 5952/5410/130 5951/4816/130 
s 2
f 5816/5148/1 5814/5411/1 5881/5409/1 
f 5816/5148/1 5881/5409/1 5883/5412/1 
f 5883/5412/1 5955/5148/1 5956/5148/1 
f 5883/5412/1 5956/5148/1 5957/5148/1 
f 5816/5148/1 5883/5412/1 5957/5148/1 
s 1
f 5958/5413/130 5954/5410/130 5953/4817/130 
f 5953/4817/130 5959/4818/130 5958/5413/130 
s 4
f 5886/5414/2457 5960/5415/2457 5821/5416/970 
f 5821/5416/970 5820/5417/970 5886/5414/2457 
f 5961/5418/2456 5955/5419/2456 5883/5420/2468 
f 5883/5420/2468 5882/5421/2468 5961/5418/2456 
s 1
f 5755/5078/2466 5962/5078/1874 5884/5077/1874 
f 5884/5077/1874 5752/5077/2466 5755/5078/2466 
f 5816/5045/2467 5957/5045/840 5963/5048/840 
f 5963/5048/840 5817/5048/2467 5816/5045/2467 
s 8
f 5962/5078/2469 5964/5078/2469 5885/5077/2469 
f 5885/5077/2469 5884/5077/2469 5962/5078/2469 
s 4
f 5964/5415/2458 5960/5415/2457 5886/5414/2457 
f 5886/5414/2457 5885/5414/2458 5964/5415/2458 
s 8
f 5957/5045/2470 5956/5045/2470 5965/5048/2470 
f 5965/5048/2470 5963/5048/2470 5957/5045/2470 
s 4
f 5956/5419/2455 5955/5419/2456 5961/5418/2456 
f 5961/5418/2456 5965/5418/2455 5956/5419/2455 
usemtl Base
s 2
f 5679/4818/2471 5547/5005/2472 5546/5004/1738 
f 5546/5004/1738 5680/4819/1738 5679/4818/2471 
f 5680/4819/1738 5546/5004/1738 5549/4820/847 
f 5549/4820/847 5685/4820/847 5680/4819/1738 
f 5685/4820/847 5549/4820/847 5551/4821/857 
f 5551/4821/857 5687/4821/857 5685/4820/847 
f 5687/4821/857 5551/4821/857 5553/4822/865 
f 5553/4822/865 5689/4822/865 5687/4821/857 
f 5689/4822/865 5553/4822/865 5555/4823/875 
f 5555/4823/875 4932/4823/875 5689/4822/865 
f 4932/4823/875 5555/4823/875 5557/4824/883 
f 5557/4824/883 5692/5163/883 4932/4823/875 
f 5692/5163/883 5557/4824/883 5559/4825/892 
f 5559/4825/892 5694/4825/892 5692/5163/883 
f 5694/4825/892 5559/4825/892 5561/4826/900 
f 5561/4826/900 4929/4826/900 5694/4825/892 
f 4929/4826/900 5561/4826/900 5563/4827/910 
f 5563/4827/910 5697/4827/910 4929/4826/900 
f 5697/4827/910 5563/4827/910 5565/4828/918 
f 5565/4828/918 5699/5171/918 5697/4827/910 
f 5699/5171/918 5565/4828/918 5567/4829/928 
f 5567/4829/928 4926/4829/928 5699/5171/918 
f 4926/4829/928 5567/4829/928 5569/4830/937 
f 5569/4830/937 5702/4830/937 4926/4829/928 
f 5702/4830/937 5569/4830/937 5571/4831/946 
f 5571/4831/946 5704/4831/946 5702/4830/937 
f 5704/4831/946 5571/4831/946 5573/4832/955 
f 5573/4832/955 5706/4832/955 5704/4831/946 
f 5706/4832/955 5573/4832/955 5575/4999/1719 
f 5575/4999/1719 5708/4833/1719 5706/4832/955 
f 5708/4833/1719 5575/4999/1719 5577/4998/973 
f 5577/4998/973 5710/4834/973 5708/4833/1719 
f 5710/4834/973 5577/4998/973 5579/4997/1715 
f 5579/4997/1715 5712/4835/1715 5710/4834/973 
f 5712/4835/1715 5579/4997/1715 5581/4836/1713 
f 5581/4836/1713 5714/4836/1713 5712/4835/1715 
f 5714/4836/1713 5581/4836/1713 5583/4837/1973 
f 5583/4837/1973 5716/4837/1973 5714/4836/1713 
f 5716/4837/1973 5583/4837/1973 5585/4838/1709 
f 5585/4838/1709 5718/4838/1709 5716/4837/1973 
f 5718/4838/1709 5585/4838/1709 5587/4839/1707 
f 5587/4839/1707 4916/4839/1707 5718/4838/1709 
f 4916/4839/1707 5587/4839/1707 5589/4840/1705 
f 5589/4840/1705 5721/5201/1705 4916/4839/1707 
f 5721/5201/1705 5589/4840/1705 5591/4841/1940 
f 5591/4841/1940 5723/4841/1940 5721/5201/1705 
f 5723/4841/1940 5591/4841/1940 5593/4842/1701 
f 5593/4842/1701 4913/4842/1701 5723/4841/1940 
f 4913/4842/1701 5593/4842/1701 5595/4843/1922 
f 5595/4843/1922 5726/4843/1922 4913/4842/1701 
f 5726/4843/1922 5595/4843/1922 5597/4844/1697 
f 5597/4844/1697 5728/5209/1697 5726/4843/1922 
f 5728/5209/1697 5597/4844/1697 5599/4845/1695 
f 5599/4845/1695 4910/4845/1695 5728/5209/1697 
f 4910/4845/1695 5599/4845/1695 5601/4846/1693 
f 5601/4846/1693 5731/4846/1693 4910/4845/1695 
f 5731/4846/1693 5601/4846/1693 5603/4783/1890 
f 5603/4783/1890 5733/4783/1890 5731/4846/1693 
f 5733/4783/1890 5603/4783/1890 5605/4784/1689 
f 5605/4784/1689 5735/4784/1689 5733/4783/1890 
f 5735/4784/1689 5605/4784/1689 5607/4991/1687 
f 5607/4991/1687 5737/4785/1687 5735/4784/1689 
f 5737/4785/1687 5607/4991/1687 5609/4992/2473 
f 5609/4992/2473 5742/4786/2474 5737/4785/1687 
s 8
f 5681/4819/1683 5610/5422/1683 5613/5423/2120 
f 5613/5423/2120 5682/4818/2120 5681/4819/1683 
f 5686/5153/1791 5614/5153/1791 5610/5422/1683 
f 5610/5422/1683 5681/4819/1683 5686/5153/1791 
f 5688/5155/2099 5616/5155/2099 5614/5153/1791 
f 5614/5153/1791 5686/5153/1791 5688/5155/2099 
f 5690/5158/1787 5618/5158/1787 5616/5155/2099 
f 5616/5155/2099 5688/5155/2099 5690/5158/1787 
f 5691/5161/1785 5620/5161/1785 5618/5158/1787 
f 5618/5158/1787 5690/5158/1787 5691/5161/1785 
f 5693/5163/1783 5622/5163/1783 5620/5161/1785 
f 5620/5161/1785 5691/5161/1785 5693/5163/1783 
f 5695/5165/2068 5624/5165/2068 5622/5163/1783 
f 5622/5163/1783 5693/5163/1783 5695/5165/2068 
f 5696/5167/1779 5626/5167/1779 5624/5165/2068 
f 5624/5165/2068 5695/5165/2068 5696/5167/1779 
f 5698/5169/2052 5628/5169/2052 5626/5167/1779 
f 5626/5167/1779 5696/5167/1779 5698/5169/2052 
f 5700/5171/1775 5630/5171/1775 5628/5169/2052 
f 5628/5169/2052 5698/5169/2052 5700/5171/1775 
f 5701/5174/1773 5632/5174/1773 5630/5171/1775 
f 5630/5171/1775 5700/5171/1775 5701/5174/1773 
f 5703/5177/1771 5634/5177/1771 5632/5174/1773 
f 5632/5174/1773 5701/5174/1773 5703/5177/1771 
f 5705/5179/2018 5636/5179/2018 5634/5177/1771 
f 5634/5177/1771 5703/5177/1771 5705/5179/2018 
f 5707/5182/1767 5638/5182/1767 5636/5179/2018 
f 5636/5179/2018 5705/5179/2018 5707/5182/1767 
f 5709/4833/1765 5640/5424/1765 5638/5182/1767 
f 5638/5182/1767 5707/5182/1767 5709/4833/1765 
f 5711/4834/1277 5642/5425/1277 5640/5424/1765 
f 5640/5424/1765 5709/4833/1765 5711/4834/1277 
f 5713/4835/1761 5644/5426/1761 5642/5425/1277 
f 5642/5425/1277 5711/4834/1277 5713/4835/1761 
f 5715/5191/993 5646/5191/993 5644/5426/1761 
f 5644/5426/1761 5713/4835/1761 5715/5191/993 
f 5717/5193/1001 5648/5193/1001 5646/5191/993 
f 5646/5191/993 5715/5191/993 5717/5193/1001 
f 5719/5196/1011 5650/5196/1011 5648/5193/1001 
f 5648/5193/1001 5717/5193/1001 5719/5196/1011 
f 5720/5199/1021 5652/5199/1021 5650/5196/1011 
f 5650/5196/1011 5719/5196/1011 5720/5199/1021 
f 5722/5201/1029 5654/5201/1029 5652/5199/1021 
f 5652/5199/1021 5720/5199/1021 5722/5201/1029 
f 5724/5203/1039 5656/5203/1039 5654/5201/1029 
f 5654/5201/1029 5722/5201/1029 5724/5203/1039 
f 5725/5205/1047 5658/5205/1047 5656/5203/1039 
f 5656/5203/1039 5724/5203/1039 5725/5205/1047 
f 5727/5207/1055 5660/5207/1055 5658/5205/1047 
f 5658/5205/1047 5725/5205/1047 5727/5207/1055 
f 5729/5209/1064 5662/5209/1064 5660/5207/1055 
f 5660/5207/1055 5727/5207/1055 5729/5209/1064 
f 5730/5212/1074 5664/5212/1074 5662/5209/1064 
f 5662/5209/1064 5729/5209/1064 5730/5212/1074 
f 5732/5215/1082 5666/5215/1082 5664/5212/1074 
f 5664/5212/1074 5730/5212/1074 5732/5215/1082 
f 5734/5217/1092 5668/5217/1092 5666/5215/1082 
f 5666/5215/1082 5732/5215/1082 5734/5217/1092 
f 5736/5220/1100 5670/5220/1100 5668/5217/1092 
f 5668/5217/1092 5734/5217/1092 5736/5220/1100 
f 5738/4785/1742 5672/5427/1742 5670/5220/1100 
f 5670/5220/1100 5736/5220/1100 5738/4785/1742 
f 5745/4786/1114 5674/5428/1114 5672/5427/1742 
f 5672/5427/1742 5738/4785/1742 5745/4786/1114 
s 2
f 5674/5224/1277 5745/5429/1277 5744/5430/2475 
f 5744/5430/2475 5746/5224/2476 5674/5224/1277 
f 5747/5227/1761 5683/5431/2477 5682/5432/2430 
f 5682/5432/2430 5613/5228/2430 5747/5227/1761 
f 5743/4786/2478 5750/4786/2479 5746/4786/2476 
f 5746/4786/2476 5744/4786/2475 5743/4786/2478 
f 5684/4818/2480 5749/5005/2481 5547/5005/2472 
f 5547/5005/2472 5679/4818/2471 5684/4818/2480 
f 5742/4786/2474 5609/4992/2473 5748/4992/2482 
f 5748/4992/2482 5743/4786/2483 5742/4786/2474 
f 5743/4786/2483 5748/4992/2482 5750/4786/2479 
f 5750/4786/2479 5743/4786/2478 5743/4786/2483 
f 5683/4818/2477 5747/4818/1761 5751/4818/2484 
f 5751/4818/2484 5684/4818/2485 5683/4818/2477 
f 5684/4818/2485 5751/4818/2484 5749/5005/2481 
f 5749/5005/2481 5684/4818/2480 5684/4818/2485 
usemtl Lamp
s 1
f 5894/4788/130 5893/4787/130 5966/4787/130 
f 5966/4787/130 5894/4788/130 5894/4788/130 
f 5897/4789/130 5894/4788/130 5894/4788/130 
f 5894/4788/130 5967/4789/130 5897/4789/130 
f 5899/5336/130 5897/4789/130 5967/4789/130 
f 5967/4789/130 5899/5336/130 5899/5336/130 
f 5901/4791/130 5899/5336/130 5899/5336/130 
f 5899/5336/130 5968/4791/130 5901/4791/130 
f 5903/5343/130 5901/4791/130 5968/4791/130 
f 5968/4791/130 5969/5343/130 5903/5343/130 
f 5905/4793/130 5903/5343/130 5969/5343/130 
f 5969/5343/130 5970/4793/130 5905/4793/130 
f 5907/4794/130 5905/4793/130 5970/4793/130 
f 5970/4793/130 5907/4794/130 5907/4794/130 
f 5909/4795/130 5907/4794/130 5907/4794/130 
f 5907/4794/130 5971/4795/130 5909/4795/130 
f 5911/5353/130 5909/4795/130 5971/4795/130 
f 5971/4795/130 5972/5353/130 5911/5353/130 
f 5913/4797/130 5911/5353/130 5972/5353/130 
f 5972/5353/130 5973/4797/130 5913/4797/130 
f 5915/5360/130 5913/4797/130 5973/4797/130 
f 5973/4797/130 5915/5360/130 5915/5360/130 
f 5917/4799/130 5915/5360/130 5915/5360/130 
f 5915/5360/130 5974/4799/130 5917/4799/130 
f 5919/4800/130 5917/4799/130 5974/4799/130 
f 5974/4799/130 5919/4800/130 5919/4800/130 
f 5921/4801/130 5919/4800/130 5919/4800/130 
f 5919/4800/130 5921/4801/130 5921/4801/130 
f 5923/5370/130 5921/4801/130 5921/4801/130 
f 5921/4801/130 5975/5370/130 5923/5370/130 
f 5925/4803/130 5923/5370/130 5975/5370/130 
f 5975/5370/130 5925/4803/130 5925/4803/130 
f 5927/4804/130 5925/4803/130 5925/4803/130 
f 5925/4803/130 5927/4804/130 5927/4804/130 
f 5929/4805/130 5927/4804/130 5927/4804/130 
f 5927/4804/130 5976/4805/130 5929/4805/130 
f 5931/5380/130 5929/4805/130 5976/4805/130 
f 5976/4805/130 5931/5380/130 5931/5380/130 
f 5933/4807/130 5931/5380/130 5931/5380/130 
f 5931/5380/130 5977/4807/130 5933/4807/130 
f 5935/5387/130 5933/4807/130 5977/4807/130 
f 5977/4807/130 5978/5387/130 5935/5387/130 
f 5937/4809/130 5935/5387/130 5978/5387/130 
f 5978/5387/130 5979/4809/130 5937/4809/130 
f 5939/4810/130 5937/4809/130 5979/4809/130 
f 5979/4809/130 5939/4810/130 5939/4810/130 
f 5941/4811/130 5939/4810/130 5939/4810/130 
f 5939/4810/130 5980/4811/130 5941/4811/130 
f 5943/5397/130 5941/4811/130 5980/4811/130 
f 5980/4811/130 5981/5397/130 5943/5397/130 
f 5945/4813/130 5943/5397/130 5981/5397/130 
f 5981/5397/130 5982/4813/130 5945/4813/130 
f 5947/5404/130 5945/4813/130 5982/4813/130 
f 5982/4813/130 5947/5404/130 5947/5404/130 
f 5949/4815/130 5947/5404/130 5947/5404/130 
f 5947/5404/130 5983/4815/130 5949/4815/130 
f 5951/4816/130 5949/4815/130 5983/4815/130 
f 5983/4815/130 5951/4816/130 5951/4816/130 
f 5953/4817/130 5951/4816/130 5951/4816/130 
f 5951/4816/130 5953/4817/130 5953/4817/130 
f 5959/4818/130 5953/4817/130 5953/4817/130 
f 5953/4817/130 5959/4818/130 5959/4818/130 
f 5959/4818/130 5984/4818/130 5959/4818/130 
f 5984/4818/130 5985/4818/130 5959/4818/130 
f 5985/4818/130 5959/4818/130 5959/4818/130 
f 5958/5413/130 5959/4818/130 5959/4818/130 
f 5959/4818/130 5986/5413/130 5958/5413/130 
f 5954/5410/130 5958/5413/130 5986/5413/130 
f 5986/5413/130 5954/5410/130 5954/5410/130 
f 5952/5410/130 5954/5410/130 5954/5410/130 
f 5954/5410/130 5952/5410/130 5952/5410/130 
f 5950/5407/130 5952/5410/130 5952/5410/130 
f 5952/5410/130 5987/5407/130 5950/5407/130 
f 5948/5405/130 5950/5407/130 5987/5407/130 
f 5987/5407/130 5948/5405/130 5948/5405/130 
f 5946/5401/130 5948/5405/130 5948/5405/130 
f 5948/5405/130 5946/5401/130 5946/5401/130 
f 5944/5398/130 5946/5401/130 5946/5401/130 
f 5946/5401/130 5944/5398/130 5944/5398/130 
f 5942/5394/130 5944/5398/130 5944/5398/130 
f 5944/5398/130 5988/5394/130 5942/5394/130 
f 5940/5392/130 5942/5394/130 5988/5394/130 
f 5988/5394/130 5940/5392/130 5940/5392/130 
f 5938/5390/130 5940/5392/130 5940/5392/130 
f 5940/5392/130 5989/5390/130 5938/5390/130 
f 5936/5388/130 5938/5390/130 5989/5390/130 
f 5989/5390/130 5936/5388/130 5936/5388/130 
f 5934/5384/130 5936/5388/130 5936/5388/130 
f 5936/5388/130 5934/5384/130 5934/5384/130 
f 5932/5381/130 5934/5384/130 5934/5384/130 
f 5934/5384/130 5932/5381/130 5932/5381/130 
f 5930/5377/130 5932/5381/130 5932/5381/130 
f 5932/5381/130 5990/5377/130 5930/5377/130 
f 5928/5374/130 5930/5377/130 5990/5377/130 
f 5990/5377/130 5928/5374/130 5928/5374/130 
f 5926/5374/130 5928/5374/130 5928/5374/130 
f 5928/5374/130 5926/5374/130 5926/5374/130 
f 5924/5371/130 5926/5374/130 5926/5374/130 
f 5926/5374/130 5991/5371/130 5924/5371/130 
f 5922/5366/130 5924/5371/130 5991/5371/130 
f 5991/5371/130 5922/5366/130 5922/5366/130 
f 5920/5366/130 5922/5366/130 5922/5366/130 
f 5922/5366/130 5920/5366/130 5920/5366/130 
f 5918/5363/130 5920/5366/130 5920/5366/130 
f 5920/5366/130 5992/5363/130 5918/5363/130 
f 5916/5361/130 5918/5363/130 5992/5363/130 
f 5992/5363/130 5916/5361/130 5916/5361/130 
f 5914/5357/130 5916/5361/130 5916/5361/130 
f 5916/5361/130 5914/5357/130 5914/5357/130 
f 5912/5354/130 5914/5357/130 5914/5357/130 
f 5914/5357/130 5912/5354/130 5912/5354/130 
f 5910/5350/130 5912/5354/130 5912/5354/130 
f 5912/5354/130 5993/5350/130 5910/5350/130 
f 5908/5348/130 5910/5350/130 5993/5350/130 
f 5993/5350/130 5908/5348/130 5908/5348/130 
f 5906/5346/130 5908/5348/130 5908/5348/130 
f 5908/5348/130 5994/5346/130 5906/5346/130 
f 5904/5344/130 5906/5346/130 5994/5346/130 
f 5994/5346/130 5904/5344/130 5904/5344/130 
f 5902/5340/130 5904/5344/130 5904/5344/130 
f 5904/5344/130 5902/5340/130 5902/5340/130 
f 5900/5337/130 5902/5340/130 5902/5340/130 
f 5902/5340/130 5900/5337/130 5900/5337/130 
f 5898/5333/130 5900/5337/130 5900/5337/130 
f 5900/5337/130 5995/5333/130 5898/5333/130 
f 5895/5329/130 5898/5333/130 5995/5333/130 
f 5995/5333/130 5895/5329/130 5895/5329/130 
f 5896/5329/130 5895/5329/130 5895/5329/130 
f 5895/5329/130 5996/5329/130 5896/5329/130 
f 5889/5329/130 5888/4787/130 5966/4787/130 
f 5889/5329/130 5966/4787/130 5893/4787/130 
f 5889/5329/130 5893/4787/130 5896/5329/130 
f 5889/5329/130 5896/5329/130 5996/5329/130 
s 2
f 5754/4787/2486 5966/4787/2487 5888/4787/2488 
s 8
f 5889/5329/2489 5996/5329/2490 5818/5329/2491 
s 2
f 5887/4786/2492 5755/4786/2493 5754/4787/2486 
f 5754/4787/2486 5888/4787/2488 5887/4786/2492 
f 5757/5233/2494 5894/5233/2495 5966/5231/2487 
f 5966/5231/2487 5754/5231/2486 5757/5233/2494 
f 5759/4549/2099 5967/4549/2099 5894/5233/2495 
f 5894/5233/2495 5757/5233/2494 5759/4549/2099 
f 5761/5139/1787 5899/4551/1787 5967/4549/2099 
f 5967/4549/2099 5759/4549/2099 5761/5139/1787 
f 5763/5235/1785 5968/5235/1785 5899/5139/1787 
f 5899/5139/1787 5761/5139/1787 5763/5235/1785 
f 5765/5135/1783 5969/4555/1783 5968/5235/1785 
f 5968/5235/1785 5763/5235/1785 5765/5135/1783 
f 5767/4557/2068 5970/4557/2068 5969/5135/1783 
f 5969/5135/1783 5765/5135/1783 5767/4557/2068 
f 5769/4559/1779 5907/5433/1779 5970/4557/2068 
f 5970/4557/2068 5767/4557/2068 5769/4559/1779 
f 5771/4563/2052 5971/5434/2052 5907/4562/1779 
f 5907/4562/1779 5769/4562/1779 5771/4563/2052 
f 5773/5237/1775 5972/5237/1775 5971/4563/2052 
f 5971/4563/2052 5771/4563/2052 5773/5237/1775 
f 5775/5239/1773 5973/5239/1773 5972/5237/1775 
f 5972/5237/1775 5773/5237/1775 5775/5239/1773 
f 5777/5241/1771 5915/5241/1771 5973/5239/1773 
f 5973/5239/1773 5775/5239/1773 5777/5241/1771 
f 5779/4571/2018 5974/4571/2018 5915/5241/1771 
f 5915/5241/1771 5777/5241/1771 5779/4571/2018 
f 5781/5243/1767 5919/5243/1767 5974/4571/2018 
f 5974/4571/2018 5779/4571/2018 5781/5243/1767 
f 5783/5245/1765 5921/5245/1765 5919/5243/1767 
f 5919/5243/1767 5781/5243/1767 5783/5245/1765 
f 5785/5247/1277 5975/5247/1277 5921/5245/1765 
f 5921/5245/1765 5783/5245/1765 5785/5247/1277 
f 5787/5249/1761 5925/5249/1761 5975/5247/1277 
f 5975/5247/1277 5785/5247/1277 5787/5249/1761 
f 5789/5251/993 5927/5251/993 5925/5249/1761 
f 5925/5249/1761 5787/5249/1761 5789/5251/993 
f 5791/4583/1001 5976/4583/1001 5927/5251/993 
f 5927/5251/993 5789/5251/993 5791/4583/1001 
f 5793/5253/1011 5931/4585/1011 5976/4583/1001 
f 5976/4583/1001 5791/4583/1001 5793/5253/1011 
f 5795/5255/1021 5977/5255/1021 5931/5253/1011 
f 5931/5253/1011 5793/5253/1011 5795/5255/1021 
f 5797/5257/1029 5978/4589/1029 5977/5255/1021 
f 5977/5255/1021 5795/5255/1021 5797/5257/1029 
f 5799/4591/1039 5979/4591/1039 5978/5257/1029 
f 5978/5257/1029 5797/5257/1029 5799/4591/1039 
f 5801/4593/1047 5939/5435/1047 5979/4591/1039 
f 5979/4591/1039 5799/4591/1039 5801/4593/1047 
f 5803/4597/1055 5980/5093/1055 5939/4596/1047 
f 5939/4596/1047 5801/4596/1047 5803/4597/1055 
f 5805/5091/1064 5981/5091/1064 5980/4597/1055 
f 5980/4597/1055 5803/4597/1055 5805/5091/1064 
f 5807/5259/1074 5982/5259/1074 5981/5091/1064 
f 5981/5091/1064 5805/5091/1064 5807/5259/1074 
f 5809/5087/1082 5947/5087/1082 5982/5259/1074 
f 5982/5259/1074 5807/5259/1074 5809/5087/1082 
f 5811/4625/1092 5983/4625/1092 5947/5087/1082 
f 5947/5087/1082 5809/5087/1082 5811/4625/1092 
f 5813/5261/1100 5951/5261/1100 5983/4625/1092 
f 5983/4625/1092 5811/4625/1092 5813/5261/1100 
f 5815/5263/1742 5953/5263/1742 5951/5261/1100 
f 5951/5261/1100 5813/5261/1100 5815/5263/1742 
f 5817/5048/832 5959/5048/2496 5953/5263/1742 
f 5953/5263/1742 5815/5263/1742 5817/5048/832 
s 8
f 5889/5329/2489 5818/5329/2491 5821/5436/832 
f 5821/5436/832 5890/5330/832 5889/5329/2489 
f 5818/5264/2491 5996/5264/2490 5895/5264/1796 
f 5895/5264/1796 5822/5264/847 5818/5264/2491 
f 5822/5264/847 5895/5264/1796 5995/5268/857 
f 5995/5268/857 5824/5268/857 5822/5264/847 
f 5824/5268/857 5995/5268/857 5900/5270/865 
f 5900/5270/865 5826/5270/865 5824/5268/857 
f 5826/5270/865 5900/5272/865 5902/5272/875 
f 5902/5272/875 5828/5272/875 5826/5270/865 
f 5828/5272/875 5902/5272/875 5904/5274/883 
f 5904/5274/883 5830/5274/883 5828/5272/875 
f 5830/5274/883 5904/5274/883 5994/5274/892 
f 5994/5274/892 5832/5276/892 5830/5274/883 
f 5832/5276/892 5994/5437/892 5908/5278/900 
f 5908/5278/900 5834/5278/900 5832/5276/892 
f 5834/5283/900 5908/5283/900 5993/5280/910 
f 5993/5280/910 5836/5280/910 5834/5283/900 
f 5836/5280/910 5993/5280/910 5912/5284/918 
f 5912/5284/918 5838/5284/918 5836/5280/910 
f 5838/5284/918 5912/5284/918 5914/5286/928 
f 5914/5286/928 5840/5286/928 5838/5284/918 
f 5840/5286/928 5914/5438/928 5916/5288/937 
f 5916/5288/937 5842/5288/937 5840/5286/928 
f 5842/5288/937 5916/5288/937 5992/5290/946 
f 5992/5290/946 5844/5290/946 5842/5288/937 
f 5844/5290/946 5992/5290/946 5920/5292/955 
f 5920/5292/955 5846/5292/955 5844/5290/946 
f 5846/5292/955 5920/5292/955 5922/5292/1719 
f 5922/5292/1719 5848/5292/1719 5846/5292/955 
f 5848/5292/1719 5922/5292/1719 5991/5294/2410 
f 5991/5294/2410 5850/5294/2410 5848/5292/1719 
f 5850/5294/2410 5991/5294/2410 5926/5296/1715 
f 5926/5296/1715 5852/5296/1715 5850/5294/2410 
f 5852/5296/1715 5926/5296/1715 5928/5296/1713 
f 5928/5296/1713 5854/5296/1713 5852/5296/1715 
f 5854/5296/1713 5928/5296/1713 5990/5298/1973 
f 5990/5298/1973 5856/5298/1973 5854/5296/1713 
f 5856/5298/1973 5990/5298/1973 5932/5300/1709 
f 5932/5300/1709 5858/5300/1709 5856/5298/1973 
f 5858/5300/1709 5932/5302/1709 5934/5302/1707 
f 5934/5302/1707 5860/5302/1707 5858/5300/1709 
f 5860/5302/1707 5934/5302/1707 5936/5304/1705 
f 5936/5304/1705 5862/5304/1705 5860/5302/1707 
f 5862/5304/1705 5936/5304/1705 5989/5304/1940 
f 5989/5304/1940 5864/5306/1940 5862/5304/1705 
f 5864/5306/1940 5989/5439/1940 5940/5308/1701 
f 5940/5308/1701 5866/5308/1701 5864/5306/1940 
f 5866/5313/1701 5940/5313/1701 5988/5310/1922 
f 5988/5310/1922 5868/5310/1922 5866/5313/1701 
f 5868/5310/1922 5988/5310/1922 5944/5314/1697 
f 5944/5314/1697 5870/5314/1697 5868/5310/1922 
f 5870/5314/1697 5944/5314/1697 5946/5316/1695 
f 5946/5316/1695 5872/5316/1695 5870/5314/1697 
f 5872/5316/1695 5946/5440/1695 5948/5318/1693 
f 5948/5318/1693 5874/5318/1693 5872/5316/1695 
f 5874/5318/1693 5948/5318/1693 5987/5320/1890 
f 5987/5320/1890 5876/5320/1890 5874/5318/1693 
f 5876/5320/1890 5987/5320/1890 5952/5322/1689 
f 5952/5322/1689 5878/5322/1689 5876/5320/1890 
f 5878/5322/1689 5952/5322/1689 5954/5322/2497 
f 5954/5322/2497 5880/5322/2498 5878/5322/1689 
f 5880/5322/2498 5954/5322/2497 5986/5324/2499 
f 5986/5324/2499 5882/5324/2500 5880/5322/2498 
s 2
f 5960/5415/2501 5891/5441/2502 5890/5442/1810 
f 5890/5442/1810 5821/5416/973 5960/5415/2501 
f 5882/5421/2503 5986/5421/2504 5959/5418/2505 
f 5959/5418/2505 5961/5418/2506 5882/5421/2503 
f 5892/4786/2507 5962/4786/2508 5755/4786/2493 
f 5755/4786/2493 5887/4786/2492 5892/4786/2507 
f 5961/5418/2506 5959/5418/2505 5985/5418/2509 
f 5985/5418/2509 5965/5418/2371 5961/5418/2506 
f 5891/4786/2502 5960/4786/2501 5964/4786/2510 
f 5964/4786/2510 5892/4786/2511 5891/4786/2502 
s 16
f 5892/4786/2512 5964/4786/2512 5962/4786/2512 
f 5962/4786/2512 5892/4786/2512 5892/4786/2512 
s 2
f 5963/5048/2513 5984/5048/2514 5959/5048/2496 
f 5959/5048/2496 5817/5048/832 5963/5048/2513 
f 5965/5048/2371 5985/5048/2509 5984/5048/2514 
f 5984/5048/2514 5963/5048/2513 5965/5048/2371 
# 12128 faces

