# 3ds Max Wavefront OBJ Exporter v0.99 - (c)2007 guruware
# File Created: 27.05.2025 14:45:03

mtllib Hanger-040.mtl

#
# object Hanger_040
#

v  4.00 -0.18 0.20
v  3.97 -0.10 0.23
v  -20.23 -0.10 0.23
v  -20.26 -0.18 0.20
v  4.08 -0.33 0.12
v  4.03 -0.26 0.17
v  -20.29 -0.26 0.17
v  -20.34 -0.33 0.12
v  4.29 -0.48 -0.10
v  4.21 -0.44 -0.02
v  -20.47 -0.44 -0.02
v  -20.54 -0.48 -0.10
v  -20.72 -0.51 -0.27
v  -20.73 -0.50 -0.35
v  4.47 -0.50 -0.35
v  4.46 -0.51 -0.27
v  -20.73 -0.26 -0.70
v  -20.73 -0.18 -0.74
v  4.47 -0.18 -0.74
v  4.47 -0.26 -0.70
v  -20.73 -0.10 -0.76
v  -20.73 -0.01 -0.77
v  4.47 -0.01 -0.77
v  4.47 -0.10 -0.76
v  -38.81 -0.01 0.23
v  -38.81 -0.10 0.23
v  -21.28 -0.10 0.23
v  -21.29 -0.01 0.23
v  -38.81 -0.18 0.20
v  -21.26 -0.18 0.20
v  -38.81 -0.26 0.17
v  -21.22 -0.26 0.17
v  -38.81 -0.33 0.12
v  -21.18 -0.33 0.12
v  -38.81 -0.39 0.05
v  -21.12 -0.39 0.05
v  -38.81 -0.44 -0.02
v  -21.05 -0.44 -0.02
v  -38.81 -0.48 -0.10
v  -20.97 -0.48 -0.10
v  -38.81 -0.50 -0.18
v  -20.89 -0.50 -0.18
v  -38.81 -0.51 -0.27
v  -20.79 -0.51 -0.27
v  -38.81 -0.50 -0.35
v  -20.79 -0.50 -0.35
v  -38.81 -0.48 -0.44
v  -20.79 -0.48 -0.44
v  -38.81 -0.44 -0.52
v  -20.79 -0.44 -0.52
v  -38.81 -0.39 -0.59
v  -20.79 -0.39 -0.59
v  -38.81 -0.33 -0.65
v  -20.79 -0.33 -0.65
v  -38.81 -0.26 -0.70
v  -20.79 -0.26 -0.70
v  -38.81 -0.18 -0.74
v  -20.79 -0.18 -0.74
v  -38.81 -0.10 -0.76
v  -20.79 -0.10 -0.76
v  -38.81 -0.01 -0.77
v  -20.79 -0.01 -0.77
v  -19.48 -0.01 3.30
v  -19.49 -0.55 3.30
v  -18.83 -0.56 3.30
v  -18.80 -0.01 3.30
v  -19.52 -1.09 3.30
v  -18.89 -1.10 3.30
v  -19.57 -1.62 3.30
v  -18.98 -1.62 3.30
v  -19.61 -2.15 3.30
v  -19.07 -2.11 3.30
v  -22.69 -0.56 3.30
v  -22.03 -0.55 3.30
v  -22.04 -0.01 3.30
v  -22.71 -0.01 3.30
v  -22.63 -1.10 3.30
v  -21.99 -1.09 3.30
v  -22.54 -1.62 3.30
v  -21.95 -1.62 3.30
v  -22.45 -2.11 3.30
v  -21.91 -2.15 3.30
v  -21.25 -0.10 2.59
v  -21.26 -0.01 2.59
v  -21.26 -0.01 0.26
v  -21.25 -0.10 0.26
v  -21.23 -0.18 2.59
v  -21.23 -0.18 0.23
v  -21.19 -0.26 2.59
v  -21.19 -0.26 0.20
v  -21.14 -0.33 2.59
v  -21.14 -0.33 0.15
v  -21.08 -0.39 2.59
v  -21.08 -0.39 0.09
v  -21.01 -0.44 2.59
v  -21.01 -0.44 0.02
v  -20.93 -0.48 2.59
v  -20.93 -0.48 -0.06
v  -20.84 -0.50 2.59
v  -20.84 -0.50 -0.14
v  -20.76 -0.51 2.59
v  -20.76 -0.51 -0.23
v  -20.67 -0.50 -0.14
v  -20.67 -0.50 2.59
v  -20.59 -0.48 -0.06
v  -20.59 -0.48 2.59
v  -20.51 -0.44 0.02
v  -20.51 -0.44 2.59
v  -20.44 -0.39 0.09
v  -20.44 -0.39 2.59
v  -20.37 -0.33 0.15
v  -20.37 -0.33 2.59
v  -20.32 -0.26 0.20
v  -20.32 -0.26 2.59
v  -20.29 -0.18 0.23
v  -20.29 -0.18 2.59
v  -20.26 -0.10 0.26
v  -20.26 -0.10 2.59
v  -20.26 -0.01 2.59
v  -20.26 -0.01 0.26
v  -20.76 -0.01 3.30
v  -20.76 -0.55 3.30
v  -20.13 -0.55 3.30
v  -20.12 -0.01 3.30
v  -18.12 -0.58 3.30
v  -18.09 -0.01 3.30
v  -20.76 -1.09 3.30
v  -20.14 -1.09 3.30
v  -18.23 -1.13 3.30
v  -20.76 -1.64 3.30
v  -20.16 -1.63 3.30
v  -18.39 -1.65 3.30
v  -20.76 -2.20 3.30
v  -20.18 -2.19 3.30
v  -18.58 -2.11 3.30
v  -20.76 -2.80 3.30
v  -20.18 -2.77 3.30
v  -19.62 -2.69 3.30
v  -19.11 -2.56 3.30
v  -18.74 -2.44 3.30
v  -21.39 -0.55 3.30
v  -21.39 -0.01 3.30
v  -23.43 -0.01 3.30
v  -23.39 -0.58 3.30
v  -21.37 -1.09 3.30
v  -23.29 -1.13 3.30
v  -21.35 -1.63 3.30
v  -23.13 -1.65 3.30
v  -21.34 -2.19 3.30
v  -22.94 -2.11 3.30
v  -21.34 -2.77 3.30
v  -21.90 -2.69 3.30
v  -22.40 -2.56 3.30
v  -22.77 -2.44 3.30
v  -24.21 -0.63 3.25
v  -24.27 -0.01 3.25
v  -24.27 -0.01 2.78
v  -24.21 -0.63 2.78
v  -24.06 -1.21 3.25
v  -24.06 -1.21 2.78
v  -23.80 -1.77 3.25
v  -23.80 -1.77 2.78
v  -23.45 -2.27 3.25
v  -23.45 -2.27 2.78
v  -23.01 -2.70 3.25
v  -23.01 -2.70 2.78
v  -22.51 -3.05 3.25
v  -22.51 -3.05 2.78
v  -21.96 -3.31 3.25
v  -21.96 -3.31 2.78
v  -21.37 -3.47 3.25
v  -21.37 -3.47 2.78
v  -20.76 -3.52 3.25
v  -20.76 -3.52 2.78
v  -20.15 -3.47 3.25
v  -20.15 -3.47 2.78
v  -19.56 -3.31 3.25
v  -19.56 -3.31 2.78
v  -19.00 -3.05 3.25
v  -19.00 -3.05 2.78
v  -18.50 -2.70 3.25
v  -18.50 -2.70 2.78
v  -18.07 -2.27 3.25
v  -18.07 -2.27 2.78
v  -17.72 -1.77 3.25
v  -17.72 -1.77 2.78
v  -17.46 -1.21 3.25
v  -17.46 -1.21 2.78
v  -17.30 -0.63 3.25
v  -17.30 -0.63 2.78
v  -17.24 -0.01 3.25
v  -17.24 -0.01 2.78
v  -17.35 -0.62 3.30
v  -17.29 -0.01 3.30
v  -17.50 -1.19 3.30
v  -17.76 -1.74 3.30
v  -18.11 -2.24 3.30
v  -18.53 -2.66 3.30
v  -19.03 -3.01 3.30
v  -19.57 -3.26 3.30
v  -20.16 -3.42 3.30
v  -20.76 -3.47 3.30
v  -21.36 -3.42 3.30
v  -21.94 -3.26 3.30
v  -22.49 -3.01 3.30
v  -22.98 -2.66 3.30
v  -23.41 -2.24 3.30
v  -23.75 -1.74 3.30
v  -24.01 -1.19 3.30
v  -24.16 -0.62 3.30
v  -24.22 -0.01 3.30
v  -24.16 -0.62 2.73
v  -24.22 -0.01 2.73
v  -21.31 -0.01 2.73
v  -21.30 -0.11 2.73
v  -24.01 -1.19 2.73
v  -21.27 -0.20 2.73
v  -23.75 -1.74 2.73
v  -21.23 -0.29 2.73
v  -23.41 -2.24 2.73
v  -21.18 -0.36 2.73
v  -22.98 -2.66 2.73
v  -21.11 -0.43 2.73
v  -22.49 -3.01 2.73
v  -21.03 -0.49 2.73
v  -21.94 -3.26 2.73
v  -20.95 -0.53 2.73
v  -21.36 -3.42 2.73
v  -20.85 -0.55 2.73
v  -20.76 -3.47 2.73
v  -20.76 -0.56 2.73
v  -20.16 -3.42 2.73
v  -20.66 -0.55 2.73
v  -19.57 -3.26 2.73
v  -20.57 -0.53 2.73
v  -19.03 -3.01 2.73
v  -20.48 -0.49 2.73
v  -18.53 -2.66 2.73
v  -20.40 -0.43 2.73
v  -18.11 -2.24 2.73
v  -20.34 -0.36 2.73
v  -17.76 -1.74 2.73
v  -20.28 -0.29 2.73
v  -17.50 -1.19 2.73
v  -20.24 -0.20 2.73
v  -17.35 -0.62 2.73
v  -20.22 -0.11 2.73
v  -17.29 -0.01 2.73
v  -20.21 -0.01 2.73
v  -24.27 -0.01 3.30
v  -24.21 -0.63 3.30
v  -24.27 -0.01 2.73
v  -24.21 -0.63 2.73
v  -24.06 -1.21 3.30
v  -24.06 -1.21 2.73
v  -23.80 -1.77 3.30
v  -23.80 -1.77 2.73
v  -23.45 -2.27 3.30
v  -23.45 -2.27 2.73
v  -23.01 -2.70 3.30
v  -23.01 -2.70 2.73
v  -22.51 -3.05 3.30
v  -22.51 -3.05 2.73
v  -21.96 -3.31 3.30
v  -21.96 -3.31 2.73
v  -21.37 -3.47 3.30
v  -21.37 -3.47 2.73
v  -20.76 -3.52 3.30
v  -20.76 -3.52 2.73
v  -20.15 -3.47 3.30
v  -20.15 -3.47 2.73
v  -19.56 -3.31 3.30
v  -19.56 -3.31 2.73
v  -19.00 -3.05 3.30
v  -19.00 -3.05 2.73
v  -18.50 -2.70 3.30
v  -18.50 -2.70 2.73
v  -18.07 -2.27 3.30
v  -18.07 -2.27 2.73
v  -17.72 -1.77 3.30
v  -17.72 -1.77 2.73
v  -17.46 -1.21 3.30
v  -17.46 -1.21 2.73
v  -17.30 -0.63 3.30
v  -17.30 -0.63 2.73
v  -17.24 -0.01 3.30
v  -17.24 -0.01 2.73
v  -21.26 -0.01 2.73
v  -21.25 -0.10 2.73
v  -21.23 -0.18 2.73
v  -21.19 -0.26 2.73
v  -21.14 -0.33 2.73
v  -21.08 -0.39 2.73
v  -21.01 -0.44 2.73
v  -20.93 -0.48 2.73
v  -20.84 -0.50 2.73
v  -20.76 -0.51 2.73
v  -20.67 -0.50 2.73
v  -20.59 -0.48 2.73
v  -20.51 -0.44 2.73
v  -20.44 -0.39 2.73
v  -20.37 -0.33 2.73
v  -20.32 -0.26 2.73
v  -20.29 -0.18 2.73
v  -20.26 -0.10 2.73
v  -20.26 -0.01 2.73
v  3.97 -0.01 0.23
v  3.97 0.08 0.23
v  -20.23 0.08 0.23
v  -20.23 -0.01 0.23
v  4.00 0.16 0.20
v  -20.26 0.16 0.20
v  4.21 0.42 -0.02
v  4.29 0.46 -0.10
v  -20.54 0.46 -0.10
v  -20.47 0.42 -0.02
v  4.37 0.48 -0.18
v  4.46 0.49 -0.27
v  -20.72 0.49 -0.27
v  -20.63 0.48 -0.18
v  4.47 0.48 -0.35
v  -20.73 0.48 -0.35
v  4.47 0.46 -0.44
v  -20.73 0.46 -0.44
v  4.47 0.42 -0.52
v  -20.73 0.42 -0.52
v  4.47 0.37 -0.59
v  -20.73 0.37 -0.59
v  4.47 0.08 -0.76
v  -20.73 0.08 -0.76
v  -38.81 0.08 0.23
v  -21.28 0.08 0.23
v  -38.81 0.16 0.20
v  -21.26 0.16 0.20
v  -38.81 0.24 0.17
v  -21.22 0.24 0.17
v  -38.81 0.31 0.12
v  -21.18 0.31 0.12
v  -38.81 0.37 0.05
v  -21.12 0.37 0.05
v  -38.81 0.42 -0.02
v  -21.05 0.42 -0.02
v  -38.81 0.46 -0.10
v  -20.97 0.46 -0.10
v  -38.81 0.48 -0.18
v  -20.89 0.48 -0.18
v  -38.81 0.49 -0.27
v  -20.79 0.49 -0.27
v  -38.81 0.48 -0.35
v  -20.79 0.48 -0.35
v  -38.81 0.46 -0.44
v  -20.79 0.46 -0.44
v  -38.81 0.42 -0.52
v  -20.79 0.42 -0.52
v  -38.81 0.37 -0.59
v  -20.79 0.37 -0.59
v  -38.81 0.31 -0.65
v  -20.79 0.31 -0.65
v  -38.81 0.24 -0.70
v  -20.79 0.24 -0.70
v  -38.81 0.16 -0.74
v  -20.79 0.16 -0.74
v  -38.81 0.08 -0.76
v  -20.79 0.08 -0.76
v  -18.83 0.54 3.30
v  -19.49 0.53 3.30
v  -18.89 1.08 3.30
v  -19.52 1.07 3.30
v  -18.98 1.60 3.30
v  -19.57 1.60 3.30
v  -19.07 2.09 3.30
v  -19.61 2.13 3.30
v  -22.69 0.54 3.30
v  -22.03 0.53 3.30
v  -22.63 1.08 3.30
v  -21.99 1.07 3.30
v  -22.54 1.60 3.30
v  -21.95 1.60 3.30
v  -22.45 2.09 3.30
v  -21.91 2.13 3.30
v  -21.25 0.08 2.59
v  -21.25 0.08 0.26
v  -21.23 0.16 2.59
v  -21.23 0.16 0.23
v  -21.19 0.24 2.59
v  -21.19 0.24 0.20
v  -21.14 0.31 2.59
v  -21.14 0.31 0.15
v  -21.08 0.37 2.59
v  -21.08 0.37 0.09
v  -21.01 0.42 2.59
v  -21.01 0.42 0.02
v  -20.93 0.46 2.59
v  -20.93 0.46 -0.06
v  -20.84 0.48 2.59
v  -20.84 0.48 -0.14
v  -20.76 0.49 2.59
v  -20.76 0.49 -0.23
v  -20.67 0.48 2.59
v  -20.67 0.48 -0.14
v  -20.59 0.46 2.59
v  -20.59 0.46 -0.06
v  -20.51 0.42 2.59
v  -20.51 0.42 0.02
v  -20.44 0.37 2.59
v  -20.44 0.37 0.09
v  -20.37 0.31 2.59
v  -20.37 0.31 0.15
v  -20.32 0.24 2.59
v  -20.32 0.24 0.20
v  -20.29 0.16 2.59
v  -20.29 0.16 0.23
v  -20.26 0.08 2.59
v  -20.26 0.08 0.26
v  -20.13 0.53 3.30
v  -20.76 0.53 3.30
v  -18.12 0.56 3.30
v  -20.14 1.07 3.30
v  -20.76 1.07 3.30
v  -18.23 1.11 3.30
v  -20.16 1.61 3.30
v  -20.76 1.62 3.30
v  -18.38 1.63 3.30
v  -20.18 2.17 3.30
v  -20.76 2.18 3.30
v  -18.58 2.09 3.30
v  -20.18 2.75 3.30
v  -20.76 2.78 3.30
v  -19.62 2.67 3.30
v  -18.74 2.42 3.30
v  -19.11 2.54 3.30
v  -21.39 0.53 3.30
v  -23.39 0.56 3.30
v  -21.37 1.07 3.30
v  -23.29 1.11 3.30
v  -21.35 1.61 3.30
v  -23.13 1.63 3.30
v  -21.34 2.17 3.30
v  -22.94 2.09 3.30
v  -21.34 2.75 3.30
v  -21.90 2.67 3.30
v  -22.40 2.54 3.30
v  -22.77 2.42 3.30
v  -24.21 0.60 3.25
v  -24.21 0.60 2.78
v  -24.06 1.19 3.25
v  -24.06 1.19 2.78
v  -23.80 1.74 3.25
v  -23.80 1.74 2.78
v  -23.45 2.25 3.25
v  -23.45 2.25 2.78
v  -23.01 2.68 3.25
v  -23.01 2.68 2.78
v  -22.51 3.03 3.25
v  -22.51 3.03 2.78
v  -21.96 3.29 3.25
v  -21.96 3.29 2.78
v  -21.37 3.45 3.25
v  -21.37 3.45 2.78
v  -20.76 3.50 3.25
v  -20.76 3.50 2.78
v  -20.15 3.45 3.25
v  -20.15 3.45 2.78
v  -19.56 3.29 3.25
v  -19.56 3.29 2.78
v  -19.00 3.03 3.25
v  -19.00 3.03 2.78
v  -18.50 2.68 3.25
v  -18.50 2.68 2.78
v  -18.07 2.25 3.25
v  -18.07 2.25 2.78
v  -17.72 1.74 3.25
v  -17.72 1.74 2.78
v  -17.46 1.19 3.25
v  -17.46 1.19 2.78
v  -17.30 0.60 3.25
v  -17.30 0.60 2.78
v  -17.35 0.60 3.30
v  -17.50 1.17 3.30
v  -17.76 1.72 3.30
v  -18.11 2.21 3.30
v  -18.53 2.64 3.30
v  -19.03 2.99 3.30
v  -19.57 3.24 3.30
v  -20.16 3.40 3.30
v  -20.76 3.45 3.30
v  -21.36 3.40 3.30
v  -21.94 3.24 3.30
v  -22.49 2.99 3.30
v  -22.98 2.64 3.30
v  -23.41 2.21 3.30
v  -23.75 1.72 3.30
v  -24.01 1.17 3.30
v  -24.16 0.60 3.30
v  -24.16 0.60 2.73
v  -21.30 0.08 2.73
v  -24.01 1.17 2.73
v  -21.27 0.18 2.73
v  -23.75 1.72 2.73
v  -21.23 0.26 2.73
v  -23.41 2.21 2.73
v  -21.18 0.34 2.73
v  -22.98 2.64 2.73
v  -21.11 0.41 2.73
v  -22.49 2.99 2.73
v  -21.03 0.47 2.73
v  -21.94 3.24 2.73
v  -20.95 0.51 2.73
v  -21.36 3.40 2.73
v  -20.85 0.53 2.73
v  -20.76 3.45 2.73
v  -20.76 0.54 2.73
v  -20.16 3.40 2.73
v  -20.66 0.53 2.73
v  -19.57 3.24 2.73
v  -20.57 0.51 2.73
v  -19.03 2.99 2.73
v  -20.48 0.47 2.73
v  -18.53 2.64 2.73
v  -20.40 0.41 2.73
v  -18.11 2.21 2.73
v  -20.34 0.34 2.73
v  -17.76 1.72 2.73
v  -20.28 0.26 2.73
v  -17.50 1.17 2.73
v  -20.24 0.18 2.73
v  -17.35 0.60 2.73
v  -20.22 0.08 2.73
v  -24.21 0.60 3.30
v  -24.21 0.60 2.73
v  -24.06 1.19 3.30
v  -24.06 1.19 2.73
v  -23.80 1.74 3.30
v  -23.80 1.74 2.73
v  -23.45 2.25 3.30
v  -23.45 2.25 2.73
v  -23.01 2.68 3.30
v  -23.01 2.68 2.73
v  -22.51 3.03 3.30
v  -22.51 3.03 2.73
v  -21.96 3.29 3.30
v  -21.96 3.29 2.73
v  -21.37 3.45 3.30
v  -21.37 3.45 2.73
v  -20.76 3.50 3.30
v  -20.76 3.50 2.73
v  -20.15 3.45 3.30
v  -20.15 3.45 2.73
v  -19.56 3.29 3.30
v  -19.56 3.29 2.73
v  -19.00 3.03 3.30
v  -19.00 3.03 2.73
v  -18.50 2.68 3.30
v  -18.50 2.68 2.73
v  -18.07 2.25 3.30
v  -18.07 2.25 2.73
v  -17.72 1.74 3.30
v  -17.72 1.74 2.73
v  -17.46 1.19 3.30
v  -17.46 1.19 2.73
v  -17.30 0.60 3.30
v  -17.30 0.60 2.73
v  -21.25 0.08 2.73
v  -21.23 0.16 2.73
v  -21.19 0.24 2.73
v  -21.14 0.31 2.73
v  -21.08 0.37 2.73
v  -21.01 0.42 2.73
v  -20.93 0.46 2.73
v  -20.84 0.48 2.73
v  -20.76 0.49 2.73
v  -20.67 0.48 2.73
v  -20.59 0.46 2.73
v  -20.51 0.42 2.73
v  -20.44 0.37 2.73
v  -20.37 0.31 2.73
v  -20.32 0.24 2.73
v  -20.29 0.16 2.73
v  -20.26 0.08 2.73
v  -20.40 -0.39 0.05
v  4.14 -0.39 0.05
v  -20.63 -0.50 -0.18
v  4.37 -0.50 -0.18
v  -20.73 -0.48 -0.44
v  4.47 -0.48 -0.44
v  -20.73 -0.44 -0.52
v  4.47 -0.44 -0.52
v  -20.73 -0.39 -0.59
v  4.47 -0.39 -0.59
v  -20.73 -0.33 -0.65
v  4.47 -0.33 -0.65
v  29.24 -0.18 0.20
v  29.22 -0.10 0.23
v  5.02 -0.10 0.23
v  5.00 -0.18 0.20
v  29.32 -0.33 0.12
v  29.27 -0.26 0.17
v  4.96 -0.26 0.17
v  4.92 -0.33 0.12
v  29.53 -0.48 -0.10
v  29.45 -0.44 -0.02
v  4.79 -0.44 -0.02
v  4.71 -0.48 -0.10
v  29.70 -0.51 -0.27
v  29.61 -0.50 -0.18
v  4.63 -0.50 -0.18
v  4.53 -0.51 -0.27
v  29.71 -0.50 -0.35
v  4.53 -0.50 -0.35
v  29.71 -0.48 -0.44
v  4.53 -0.48 -0.44
v  29.71 -0.26 -0.70
v  29.71 -0.33 -0.65
v  4.53 -0.33 -0.65
v  4.53 -0.26 -0.70
v  29.71 -0.18 -0.74
v  4.53 -0.18 -0.74
v  29.71 -0.10 -0.76
v  4.53 -0.10 -0.76
v  29.71 -0.01 -0.77
v  4.53 -0.01 -0.77
v  3.22 -0.01 3.30
v  2.55 -0.01 3.30
v  2.57 -0.55 3.30
v  3.23 -0.54 3.30
v  2.63 -1.09 3.30
v  3.26 -1.08 3.30
v  2.72 -1.61 3.30
v  3.31 -1.61 3.30
v  2.81 -2.10 3.30
v  3.35 -2.14 3.30
v  6.42 -0.55 3.30
v  6.44 -0.01 3.30
v  5.77 -0.01 3.30
v  5.76 -0.54 3.30
v  6.36 -1.09 3.30
v  5.73 -1.08 3.30
v  6.27 -1.61 3.30
v  5.68 -1.61 3.30
v  6.18 -2.10 3.30
v  5.64 -2.14 3.30
v  5.00 -0.01 2.59
v  4.99 -0.10 2.59
v  4.99 -0.10 0.26
v  5.00 -0.01 0.26
v  4.97 -0.18 2.59
v  4.97 -0.18 0.23
v  4.93 -0.26 2.59
v  4.93 -0.26 0.20
v  4.88 -0.33 2.59
v  4.88 -0.33 0.15
v  4.82 -0.39 2.59
v  4.82 -0.39 0.09
v  4.75 -0.44 2.59
v  4.75 -0.44 0.02
v  4.67 -0.48 2.59
v  4.67 -0.48 -0.06
v  4.58 -0.50 2.59
v  4.58 -0.50 -0.14
v  4.50 -0.51 2.59
v  4.50 -0.51 -0.23
v  4.41 -0.50 2.59
v  4.41 -0.50 -0.14
v  4.33 -0.48 2.59
v  4.33 -0.48 -0.06
v  4.25 -0.44 2.59
v  4.25 -0.44 0.02
v  4.18 -0.39 2.59
v  4.18 -0.39 0.09
v  4.11 -0.33 2.59
v  4.11 -0.33 0.15
v  4.06 -0.26 2.59
v  4.06 -0.26 0.20
v  4.03 -0.18 2.59
v  4.03 -0.18 0.23
v  4.00 -0.10 2.59
v  4.00 -0.10 0.26
v  4.00 -0.01 2.59
v  4.00 -0.01 0.26
v  4.49 -0.01 3.30
v  3.86 -0.01 3.30
v  3.87 -0.54 3.30
v  4.49 -0.54 3.30
v  1.86 -0.58 3.30
v  1.83 -0.01 3.30
v  3.88 -1.08 3.30
v  4.49 -1.08 3.30
v  1.97 -1.13 3.30
v  3.90 -1.62 3.30
v  4.49 -1.62 3.30
v  2.13 -1.64 3.30
v  3.92 -2.18 3.30
v  4.50 -2.19 3.30
v  2.32 -2.10 3.30
v  3.92 -2.77 3.30
v  4.50 -2.80 3.30
v  3.36 -2.68 3.30
v  2.48 -2.44 3.30
v  2.85 -2.56 3.30
v  5.12 -0.54 3.30
v  5.13 -0.01 3.30
v  7.13 -0.58 3.30
v  7.16 -0.01 3.30
v  5.11 -1.08 3.30
v  7.03 -1.13 3.30
v  5.09 -1.62 3.30
v  6.87 -1.64 3.30
v  5.07 -2.18 3.30
v  6.68 -2.10 3.30
v  5.08 -2.77 3.30
v  5.63 -2.68 3.30
v  6.14 -2.56 3.30
v  6.51 -2.44 3.30
v  7.95 -0.63 3.25
v  7.95 -0.63 2.78
v  8.01 -0.01 2.78
v  8.01 -0.01 3.25
v  7.80 -1.21 3.25
v  7.80 -1.21 2.78
v  7.54 -1.77 3.25
v  7.54 -1.77 2.78
v  7.19 -2.27 3.25
v  7.19 -2.27 2.78
v  6.75 -2.70 3.25
v  6.75 -2.70 2.78
v  6.25 -3.05 3.25
v  6.25 -3.05 2.78
v  5.70 -3.31 3.25
v  5.70 -3.31 2.78
v  5.11 -3.47 3.25
v  5.11 -3.47 2.78
v  4.50 -3.52 3.25
v  4.50 -3.52 2.78
v  3.89 -3.47 3.25
v  3.89 -3.47 2.78
v  3.30 -3.31 3.25
v  3.30 -3.31 2.78
v  2.74 -3.05 3.25
v  2.74 -3.05 2.78
v  2.24 -2.70 3.25
v  2.24 -2.70 2.78
v  1.81 -2.27 3.25
v  1.81 -2.27 2.78
v  1.46 -1.77 3.25
v  1.46 -1.77 2.78
v  1.20 -1.21 3.25
v  1.20 -1.21 2.78
v  1.04 -0.63 3.25
v  1.04 -0.63 2.78
v  0.98 -0.01 3.25
v  0.98 -0.01 2.78
v  1.03 -0.01 3.30
v  1.09 -0.62 3.30
v  1.24 -1.19 3.30
v  1.50 -1.74 3.30
v  1.85 -2.24 3.30
v  2.27 -2.66 3.30
v  2.77 -3.01 3.30
v  3.31 -3.26 3.30
v  3.90 -3.42 3.30
v  4.50 -3.47 3.30
v  5.10 -3.42 3.30
v  5.68 -3.26 3.30
v  6.23 -3.01 3.30
v  6.72 -2.66 3.30
v  7.15 -2.24 3.30
v  7.49 -1.74 3.30
v  7.75 -1.19 3.30
v  7.90 -0.62 3.30
v  7.96 -0.01 3.30
v  7.90 -0.62 2.73
v  5.04 -0.11 2.73
v  5.05 -0.01 2.73
v  7.96 -0.01 2.73
v  7.75 -1.19 2.73
v  5.01 -0.20 2.73
v  7.49 -1.74 2.73
v  4.97 -0.29 2.73
v  7.15 -2.24 2.73
v  4.92 -0.36 2.73
v  6.72 -2.66 2.73
v  4.85 -0.43 2.73
v  6.23 -3.01 2.73
v  4.77 -0.49 2.73
v  5.68 -3.26 2.73
v  4.69 -0.53 2.73
v  5.10 -3.42 2.73
v  4.59 -0.55 2.73
v  4.50 -3.47 2.73
v  4.50 -0.56 2.73
v  3.90 -3.42 2.73
v  4.40 -0.55 2.73
v  3.31 -3.26 2.73
v  4.31 -0.53 2.73
v  2.77 -3.01 2.73
v  4.22 -0.49 2.73
v  2.27 -2.66 2.73
v  4.14 -0.43 2.73
v  1.85 -2.24 2.73
v  4.08 -0.36 2.73
v  1.50 -1.74 2.73
v  4.02 -0.29 2.73
v  1.24 -1.19 2.73
v  3.98 -0.20 2.73
v  1.09 -0.62 2.73
v  3.96 -0.11 2.73
v  1.03 -0.01 2.73
v  3.95 -0.01 2.73
v  8.01 -0.01 3.30
v  7.95 -0.63 3.30
v  7.95 -0.63 2.73
v  8.01 -0.01 2.73
v  7.80 -1.21 3.30
v  7.80 -1.21 2.73
v  7.54 -1.77 3.30
v  7.54 -1.77 2.73
v  7.19 -2.27 3.30
v  7.19 -2.27 2.73
v  6.75 -2.70 3.30
v  6.75 -2.70 2.73
v  6.25 -3.05 3.30
v  6.25 -3.05 2.73
v  5.70 -3.31 3.30
v  5.70 -3.31 2.73
v  5.11 -3.47 3.30
v  5.11 -3.47 2.73
v  4.50 -3.52 3.30
v  4.50 -3.52 2.73
v  3.89 -3.47 3.30
v  3.89 -3.47 2.73
v  3.30 -3.31 3.30
v  3.30 -3.31 2.73
v  2.74 -3.05 3.30
v  2.74 -3.05 2.73
v  2.24 -2.70 3.30
v  2.24 -2.70 2.73
v  1.81 -2.27 3.30
v  1.81 -2.27 2.73
v  1.46 -1.77 3.30
v  1.46 -1.77 2.73
v  1.20 -1.21 3.30
v  1.20 -1.21 2.73
v  1.04 -0.63 3.30
v  1.04 -0.63 2.73
v  0.98 -0.01 3.30
v  0.98 -0.01 2.73
v  5.00 -0.01 2.73
v  4.99 -0.10 2.73
v  4.97 -0.18 2.73
v  4.93 -0.26 2.73
v  4.88 -0.33 2.73
v  4.82 -0.39 2.73
v  4.75 -0.44 2.73
v  4.67 -0.48 2.73
v  4.58 -0.50 2.73
v  4.50 -0.51 2.73
v  4.41 -0.50 2.73
v  4.33 -0.48 2.73
v  4.25 -0.44 2.73
v  4.18 -0.39 2.73
v  4.11 -0.33 2.73
v  4.06 -0.26 2.73
v  4.03 -0.18 2.73
v  4.00 -0.10 2.73
v  4.00 -0.01 2.73
v  -20.29 0.24 0.17
v  4.03 0.24 0.17
v  -20.34 0.31 0.12
v  4.08 0.31 0.12
v  -20.40 0.37 0.05
v  4.14 0.37 0.05
v  4.47 0.31 -0.65
v  -20.73 0.31 -0.65
v  4.47 0.24 -0.70
v  -20.73 0.24 -0.70
v  4.47 0.16 -0.74
v  -20.73 0.16 -0.74
v  29.21 -0.01 0.23
v  29.22 0.08 0.23
v  5.02 0.08 0.23
v  5.03 -0.01 0.23
v  29.24 0.16 0.20
v  5.00 0.16 0.20
v  29.45 0.42 -0.02
v  29.53 0.46 -0.10
v  4.71 0.46 -0.10
v  4.79 0.42 -0.02
v  29.61 0.48 -0.18
v  29.70 0.49 -0.27
v  4.53 0.49 -0.27
v  4.63 0.48 -0.18
v  29.71 0.48 -0.35
v  4.53 0.48 -0.35
v  4.53 0.46 -0.44
v  29.71 0.46 -0.44
v  4.53 0.42 -0.52
v  29.71 0.42 -0.52
v  4.53 0.37 -0.59
v  29.71 0.37 -0.59
v  4.53 0.08 -0.76
v  29.71 0.08 -0.76
v  3.23 0.53 3.30
v  2.57 0.54 3.30
v  3.26 1.06 3.30
v  2.63 1.07 3.30
v  3.31 1.59 3.30
v  2.72 1.59 3.30
v  3.35 2.12 3.30
v  2.81 2.08 3.30
v  6.42 0.54 3.30
v  5.76 0.53 3.30
v  6.36 1.07 3.30
v  5.73 1.06 3.30
v  6.27 1.59 3.30
v  5.68 1.59 3.30
v  6.18 2.08 3.30
v  5.64 2.12 3.30
v  4.99 0.08 2.59
v  4.99 0.08 0.26
v  4.97 0.16 2.59
v  4.97 0.16 0.23
v  4.93 0.24 2.59
v  4.93 0.24 0.20
v  4.88 0.31 2.59
v  4.88 0.31 0.15
v  4.82 0.37 2.59
v  4.82 0.37 0.09
v  4.75 0.42 2.59
v  4.75 0.42 0.02
v  4.67 0.46 2.59
v  4.67 0.46 -0.06
v  4.58 0.48 2.59
v  4.58 0.48 -0.14
v  4.50 0.49 2.59
v  4.50 0.49 -0.23
v  4.41 0.48 -0.14
v  4.41 0.48 2.59
v  4.33 0.46 -0.06
v  4.33 0.46 2.59
v  4.25 0.42 0.02
v  4.25 0.42 2.59
v  4.18 0.37 0.09
v  4.18 0.37 2.59
v  4.11 0.31 0.15
v  4.11 0.31 2.59
v  4.06 0.24 0.20
v  4.06 0.24 2.59
v  4.03 0.16 0.23
v  4.03 0.16 2.59
v  4.00 0.08 0.26
v  4.00 0.08 2.59
v  4.49 0.53 3.30
v  3.87 0.53 3.30
v  1.86 0.56 3.30
v  4.49 1.06 3.30
v  3.88 1.06 3.30
v  1.97 1.11 3.30
v  4.49 1.61 3.30
v  3.90 1.61 3.30
v  2.13 1.63 3.30
v  4.50 2.18 3.30
v  3.91 2.16 3.30
v  2.32 2.08 3.30
v  4.50 2.78 3.30
v  3.92 2.75 3.30
v  3.36 2.66 3.30
v  2.85 2.54 3.30
v  2.48 2.42 3.30
v  5.12 0.53 3.30
v  7.13 0.56 3.30
v  5.11 1.06 3.30
v  7.03 1.11 3.30
v  5.09 1.61 3.30
v  6.87 1.62 3.30
v  5.08 2.16 3.30
v  6.68 2.08 3.30
v  5.08 2.75 3.30
v  5.63 2.66 3.30
v  6.14 2.54 3.30
v  6.51 2.42 3.30
v  7.95 0.60 3.25
v  7.95 0.60 2.78
v  7.80 1.19 3.25
v  7.80 1.19 2.78
v  7.54 1.74 3.25
v  7.54 1.74 2.78
v  7.19 2.25 3.25
v  7.19 2.25 2.78
v  6.75 2.68 3.25
v  6.75 2.68 2.78
v  6.25 3.03 3.25
v  6.25 3.03 2.78
v  5.70 3.29 3.25
v  5.70 3.29 2.78
v  5.11 3.45 3.25
v  5.11 3.45 2.78
v  4.50 3.50 3.25
v  4.50 3.50 2.78
v  3.89 3.45 3.25
v  3.89 3.45 2.78
v  3.30 3.29 3.25
v  3.30 3.29 2.78
v  2.74 3.03 3.25
v  2.74 3.03 2.78
v  2.24 2.68 3.25
v  2.24 2.68 2.78
v  1.81 2.25 3.25
v  1.81 2.25 2.78
v  1.46 1.74 3.25
v  1.46 1.74 2.78
v  1.20 1.19 3.25
v  1.20 1.19 2.78
v  1.04 0.60 3.25
v  1.04 0.60 2.78
v  1.09 0.60 3.30
v  1.24 1.17 3.30
v  1.50 1.72 3.30
v  1.85 2.21 3.30
v  2.27 2.64 3.30
v  2.77 2.99 3.30
v  3.31 3.24 3.30
v  3.90 3.40 3.30
v  4.50 3.45 3.30
v  5.10 3.40 3.30
v  5.68 3.24 3.30
v  6.23 2.99 3.30
v  6.72 2.64 3.30
v  7.15 2.21 3.30
v  7.49 1.72 3.30
v  7.75 1.17 3.30
v  7.90 0.60 3.30
v  7.90 0.60 2.73
v  5.04 0.08 2.73
v  7.75 1.17 2.73
v  5.01 0.18 2.73
v  7.49 1.72 2.73
v  4.97 0.26 2.73
v  7.15 2.21 2.73
v  4.92 0.34 2.73
v  6.72 2.64 2.73
v  4.85 0.41 2.73
v  6.23 2.99 2.73
v  4.77 0.47 2.73
v  5.68 3.24 2.73
v  4.69 0.51 2.73
v  5.10 3.40 2.73
v  4.59 0.53 2.73
v  4.50 3.45 2.73
v  4.50 0.54 2.73
v  3.90 3.40 2.73
v  4.40 0.53 2.73
v  3.31 3.24 2.73
v  4.31 0.51 2.73
v  2.77 2.99 2.73
v  4.22 0.47 2.73
v  2.27 2.64 2.73
v  4.14 0.41 2.73
v  1.85 2.21 2.73
v  4.08 0.34 2.73
v  1.50 1.72 2.73
v  4.02 0.26 2.73
v  1.24 1.17 2.73
v  3.98 0.18 2.73
v  1.09 0.60 2.73
v  3.96 0.08 2.73
v  7.95 0.60 3.30
v  7.95 0.60 2.73
v  7.80 1.19 3.30
v  7.80 1.19 2.73
v  7.54 1.74 3.30
v  7.54 1.74 2.73
v  7.19 2.25 3.30
v  7.19 2.25 2.73
v  6.75 2.68 3.30
v  6.75 2.68 2.73
v  6.25 3.03 3.30
v  6.25 3.03 2.73
v  5.70 3.29 3.30
v  5.70 3.29 2.73
v  5.11 3.45 3.30
v  5.11 3.45 2.73
v  4.50 3.50 3.30
v  4.50 3.50 2.73
v  3.89 3.45 3.30
v  3.89 3.45 2.73
v  3.30 3.29 3.30
v  3.30 3.29 2.73
v  2.74 3.03 3.30
v  2.74 3.03 2.73
v  2.24 2.68 3.30
v  2.24 2.68 2.73
v  1.81 2.25 3.30
v  1.81 2.25 2.73
v  1.46 1.74 3.30
v  1.46 1.74 2.73
v  1.20 1.19 3.30
v  1.20 1.19 2.73
v  1.04 0.60 3.30
v  1.04 0.60 2.73
v  4.99 0.08 2.73
v  4.97 0.16 2.73
v  4.93 0.24 2.73
v  4.88 0.31 2.73
v  4.82 0.37 2.73
v  4.75 0.42 2.73
v  4.67 0.46 2.73
v  4.58 0.48 2.73
v  4.50 0.49 2.73
v  4.41 0.48 2.73
v  4.33 0.46 2.73
v  4.25 0.42 2.73
v  4.18 0.37 2.73
v  4.11 0.31 2.73
v  4.06 0.24 2.73
v  4.03 0.16 2.73
v  4.00 0.08 2.73
v  30.26 -0.10 0.23
v  30.24 -0.18 0.20
v  54.49 -0.18 0.20
v  54.47 -0.10 0.23
v  30.21 -0.26 0.17
v  30.16 -0.33 0.12
v  54.58 -0.33 0.12
v  54.53 -0.26 0.17
v  30.03 -0.44 -0.02
v  29.95 -0.48 -0.10
v  54.78 -0.48 -0.10
v  54.70 -0.44 -0.02
v  29.78 -0.51 -0.27
v  29.77 -0.50 -0.35
v  54.87 -0.50 -0.35
v  54.95 -0.51 -0.27
v  29.77 -0.26 -0.70
v  29.77 -0.18 -0.74
v  54.49 -0.18 -0.74
v  54.53 -0.26 -0.70
v  29.77 -0.10 -0.76
v  29.77 -0.01 -0.77
v  54.46 -0.01 -0.77
v  54.47 -0.10 -0.76
v  53.74 -0.00 3.30
v  53.06 -0.01 3.30
v  53.08 -0.54 3.30
v  53.75 -0.53 3.30
v  53.15 -1.07 3.30
v  53.78 -1.05 3.30
v  53.23 -1.58 3.30
v  53.82 -1.57 3.30
v  53.32 -2.08 3.30
v  53.86 -2.11 3.30
v  56.91 -0.54 3.30
v  56.93 -0.01 3.30
v  56.26 -0.00 3.30
v  56.25 -0.53 3.30
v  56.85 -1.07 3.30
v  56.21 -1.05 3.30
v  56.76 -1.58 3.30
v  56.17 -1.57 3.30
v  56.67 -2.08 3.30
v  56.13 -2.11 3.30
v  55.49 -0.01 2.59
v  55.49 -0.10 2.59
v  55.49 -0.10 -0.24
v  55.49 -0.01 -0.24
v  55.46 -0.18 2.59
v  55.46 -0.18 -0.24
v  55.43 -0.26 2.59
v  55.43 -0.26 -0.24
v  55.38 -0.33 2.59
v  55.38 -0.33 -0.24
v  55.32 -0.39 2.59
v  55.32 -0.39 -0.24
v  55.24 -0.44 2.59
v  55.24 -0.44 -0.24
v  55.17 -0.48 2.59
v  55.17 -0.48 -0.24
v  55.08 -0.50 2.59
v  55.08 -0.50 -0.24
v  54.99 -0.51 2.59
v  54.99 -0.51 -0.23
v  54.91 -0.50 2.59
v  54.91 -0.50 -0.14
v  54.82 -0.48 2.59
v  54.82 -0.48 -0.06
v  54.74 -0.44 2.59
v  54.74 -0.44 0.02
v  54.67 -0.39 2.59
v  54.67 -0.39 0.09
v  54.61 -0.33 2.59
v  54.61 -0.33 0.15
v  54.56 -0.26 2.59
v  54.56 -0.26 0.20
v  54.52 -0.18 2.59
v  54.52 -0.18 0.23
v  54.50 -0.10 2.59
v  54.50 -0.10 0.26
v  54.49 -0.01 2.59
v  54.49 -0.01 0.26
v  55.00 -0.00 3.30
v  54.37 -0.00 3.30
v  54.38 -0.52 3.30
v  55.00 -0.52 3.30
v  52.37 -0.57 3.30
v  52.34 -0.01 3.30
v  54.39 -1.04 3.30
v  55.00 -1.04 3.30
v  52.47 -1.11 3.30
v  54.41 -1.58 3.30
v  55.00 -1.58 3.30
v  52.63 -1.63 3.30
v  54.42 -2.14 3.30
v  55.00 -2.15 3.30
v  52.82 -2.09 3.30
v  54.42 -2.75 3.30
v  55.00 -2.77 3.30
v  53.86 -2.66 3.30
v  52.98 -2.43 3.30
v  53.36 -2.54 3.30
v  55.61 -0.52 3.30
v  55.62 -0.00 3.30
v  57.62 -0.57 3.30
v  57.65 -0.01 3.30
v  55.60 -1.04 3.30
v  57.52 -1.11 3.30
v  55.58 -1.58 3.30
v  57.36 -1.63 3.30
v  55.57 -2.14 3.30
v  57.17 -2.09 3.30
v  55.57 -2.75 3.30
v  56.13 -2.66 3.30
v  56.63 -2.54 3.30
v  57.01 -2.43 3.30
v  58.45 -0.63 3.25
v  58.45 -0.63 2.78
v  58.51 -0.01 2.78
v  58.51 -0.01 3.25
v  58.29 -1.21 3.25
v  58.29 -1.21 2.78
v  58.04 -1.77 3.25
v  58.04 -1.77 2.78
v  57.68 -2.27 3.25
v  57.68 -2.27 2.78
v  57.25 -2.70 3.25
v  57.25 -2.70 2.78
v  56.75 -3.05 3.25
v  56.75 -3.05 2.78
v  56.20 -3.31 3.25
v  56.20 -3.31 2.78
v  55.60 -3.47 3.25
v  55.60 -3.47 2.78
v  54.99 -3.52 3.25
v  54.99 -3.52 2.78
v  54.38 -3.47 3.25
v  54.38 -3.47 2.78
v  53.79 -3.31 3.25
v  53.79 -3.31 2.78
v  53.24 -3.05 3.25
v  53.24 -3.05 2.78
v  52.74 -2.70 3.25
v  52.74 -2.70 2.78
v  52.30 -2.27 3.25
v  52.30 -2.27 2.78
v  51.95 -1.77 3.25
v  51.95 -1.77 2.78
v  51.69 -1.21 3.25
v  51.69 -1.21 2.78
v  51.54 -0.63 3.25
v  51.54 -0.63 2.78
v  51.48 -0.01 3.25
v  51.48 -0.01 2.78
v  51.53 -0.01 3.30
v  51.59 -0.62 3.30
v  51.74 -1.19 3.30
v  52.00 -1.74 3.30
v  52.34 -2.24 3.30
v  52.77 -2.66 3.30
v  53.26 -3.01 3.30
v  53.81 -3.26 3.30
v  54.39 -3.42 3.30
v  54.99 -3.47 3.30
v  55.60 -3.42 3.30
v  56.18 -3.26 3.30
v  56.73 -3.01 3.30
v  57.22 -2.66 3.30
v  57.65 -2.24 3.30
v  57.99 -1.74 3.30
v  58.25 -1.19 3.30
v  58.40 -0.62 3.30
v  58.46 -0.01 3.30
v  58.40 -0.62 2.73
v  55.54 -0.11 2.73
v  55.55 -0.01 2.73
v  58.46 -0.01 2.73
v  58.25 -1.19 2.73
v  55.51 -0.20 2.73
v  57.99 -1.74 2.73
v  55.47 -0.29 2.73
v  57.65 -2.24 2.73
v  55.42 -0.36 2.73
v  57.22 -2.66 2.73
v  55.35 -0.43 2.73
v  56.73 -3.01 2.73
v  55.27 -0.49 2.73
v  56.18 -3.26 2.73
v  55.18 -0.53 2.73
v  55.60 -3.42 2.73
v  55.09 -0.55 2.73
v  54.99 -3.47 2.73
v  54.99 -0.56 2.73
v  54.39 -3.42 2.73
v  54.90 -0.55 2.73
v  53.81 -3.26 2.73
v  54.81 -0.53 2.73
v  53.26 -3.01 2.73
v  54.72 -0.49 2.73
v  52.77 -2.66 2.73
v  54.64 -0.43 2.73
v  52.34 -2.24 2.73
v  54.57 -0.36 2.73
v  52.00 -1.74 2.73
v  54.52 -0.29 2.73
v  51.74 -1.19 2.73
v  54.48 -0.20 2.73
v  51.59 -0.62 2.73
v  54.45 -0.11 2.73
v  51.53 -0.01 2.73
v  54.44 -0.01 2.73
v  58.51 -0.01 3.30
v  58.45 -0.63 3.30
v  58.45 -0.63 2.73
v  58.51 -0.01 2.73
v  58.29 -1.21 3.30
v  58.29 -1.21 2.73
v  58.04 -1.77 3.30
v  58.04 -1.77 2.73
v  57.68 -2.27 3.30
v  57.68 -2.27 2.73
v  57.25 -2.70 3.30
v  57.25 -2.70 2.73
v  56.75 -3.05 3.30
v  56.75 -3.05 2.73
v  56.20 -3.31 3.30
v  56.20 -3.31 2.73
v  55.60 -3.47 3.30
v  55.60 -3.47 2.73
v  54.99 -3.52 3.30
v  54.99 -3.52 2.73
v  54.38 -3.47 3.30
v  54.38 -3.47 2.73
v  53.79 -3.31 3.30
v  53.79 -3.31 2.73
v  53.24 -3.05 3.30
v  53.24 -3.05 2.73
v  52.74 -2.70 3.30
v  52.74 -2.70 2.73
v  52.30 -2.27 3.30
v  52.30 -2.27 2.73
v  51.95 -1.77 3.30
v  51.95 -1.77 2.73
v  51.69 -1.21 3.30
v  51.69 -1.21 2.73
v  51.54 -0.63 3.30
v  51.54 -0.63 2.73
v  51.48 -0.01 3.30
v  51.48 -0.01 2.73
v  55.49 -0.01 2.73
v  55.49 -0.10 2.73
v  55.46 -0.18 2.73
v  55.43 -0.26 2.73
v  55.38 -0.33 2.73
v  55.32 -0.39 2.73
v  55.24 -0.44 2.73
v  55.17 -0.48 2.73
v  55.08 -0.50 2.73
v  54.99 -0.51 2.73
v  54.91 -0.50 2.73
v  54.82 -0.48 2.73
v  54.74 -0.44 2.73
v  54.67 -0.39 2.73
v  54.61 -0.33 2.73
v  54.56 -0.26 2.73
v  54.52 -0.18 2.73
v  54.50 -0.10 2.73
v  54.49 -0.01 2.73
v  30.26 0.08 0.23
v  30.27 -0.01 0.23
v  54.46 -0.01 0.23
v  54.47 0.08 0.23
v  30.24 0.16 0.20
v  54.49 0.16 0.20
v  29.95 0.46 -0.10
v  30.03 0.42 -0.02
v  54.70 0.42 -0.02
v  54.78 0.46 -0.10
v  29.78 0.49 -0.27
v  29.87 0.48 -0.18
v  54.87 0.48 -0.18
v  54.95 0.49 -0.27
v  29.77 0.48 -0.35
v  54.87 0.48 -0.35
v  29.77 0.46 -0.44
v  54.78 0.46 -0.44
v  29.77 0.42 -0.52
v  54.70 0.42 -0.52
v  29.77 0.37 -0.59
v  54.64 0.37 -0.59
v  29.77 0.08 -0.76
v  54.47 0.08 -0.76
v  53.75 0.52 3.30
v  53.08 0.53 3.30
v  53.78 1.04 3.30
v  53.14 1.06 3.30
v  53.82 1.57 3.30
v  53.23 1.57 3.30
v  53.86 2.10 3.30
v  53.32 2.07 3.30
v  56.91 0.53 3.30
v  56.25 0.52 3.30
v  56.85 1.06 3.30
v  56.22 1.04 3.30
v  56.76 1.57 3.30
v  56.17 1.57 3.30
v  56.67 2.07 3.30
v  56.14 2.10 3.30
v  55.49 0.08 2.59
v  55.49 0.08 -0.24
v  55.46 0.16 2.59
v  55.46 0.16 -0.24
v  55.43 0.24 2.59
v  55.43 0.24 -0.24
v  55.38 0.31 2.59
v  55.38 0.31 -0.24
v  55.32 0.37 2.59
v  55.32 0.37 -0.24
v  55.24 0.42 2.59
v  55.24 0.42 -0.24
v  55.17 0.46 2.59
v  55.17 0.46 -0.24
v  55.08 0.48 2.59
v  55.08 0.48 -0.24
v  54.99 0.49 2.59
v  54.99 0.49 -0.23
v  54.91 0.48 -0.14
v  54.91 0.48 2.59
v  54.82 0.46 -0.06
v  54.82 0.46 2.59
v  54.74 0.42 0.02
v  54.74 0.42 2.59
v  54.67 0.37 0.09
v  54.67 0.37 2.59
v  54.61 0.31 0.15
v  54.61 0.31 2.59
v  54.56 0.24 0.20
v  54.56 0.24 2.59
v  54.52 0.16 0.23
v  54.52 0.16 2.59
v  54.50 0.08 0.26
v  54.50 0.08 2.59
v  55.00 0.51 3.30
v  54.38 0.51 3.30
v  52.37 0.55 3.30
v  55.00 1.04 3.30
v  54.39 1.04 3.30
v  52.47 1.10 3.30
v  55.00 1.58 3.30
v  54.41 1.58 3.30
v  52.63 1.61 3.30
v  55.00 2.15 3.30
v  54.42 2.14 3.30
v  52.82 2.08 3.30
v  55.00 2.76 3.30
v  54.42 2.73 3.30
v  53.86 2.65 3.30
v  53.36 2.53 3.30
v  52.98 2.41 3.30
v  55.62 0.51 3.30
v  57.62 0.55 3.30
v  55.60 1.04 3.30
v  57.52 1.10 3.30
v  55.58 1.57 3.30
v  57.36 1.61 3.30
v  55.57 2.13 3.30
v  57.17 2.07 3.30
v  55.57 2.73 3.30
v  56.13 2.65 3.30
v  56.63 2.53 3.30
v  57.01 2.41 3.30
v  58.45 0.60 3.25
v  58.45 0.60 2.78
v  58.29 1.19 3.25
v  58.29 1.19 2.78
v  58.04 1.74 3.25
v  58.04 1.74 2.78
v  57.68 2.25 3.25
v  57.68 2.25 2.78
v  57.25 2.68 3.25
v  57.25 2.68 2.78
v  56.75 3.03 3.25
v  56.75 3.03 2.78
v  56.20 3.29 3.25
v  56.20 3.29 2.78
v  55.60 3.45 3.25
v  55.60 3.45 2.78
v  54.99 3.50 3.25
v  54.99 3.50 2.78
v  54.38 3.45 3.25
v  54.38 3.45 2.78
v  53.79 3.29 3.25
v  53.79 3.29 2.78
v  53.24 3.03 3.25
v  53.24 3.03 2.78
v  52.74 2.68 3.25
v  52.74 2.68 2.78
v  52.30 2.25 3.25
v  52.30 2.25 2.78
v  51.95 1.74 3.25
v  51.95 1.74 2.78
v  51.69 1.19 3.25
v  51.69 1.19 2.78
v  51.54 0.60 3.25
v  51.54 0.60 2.78
v  51.59 0.60 3.30
v  51.74 1.17 3.30
v  52.00 1.72 3.30
v  52.34 2.21 3.30
v  52.77 2.64 3.30
v  53.26 2.99 3.30
v  53.81 3.24 3.30
v  54.39 3.40 3.30
v  54.99 3.45 3.30
v  55.60 3.40 3.30
v  56.18 3.24 3.30
v  56.73 2.99 3.30
v  57.22 2.64 3.30
v  57.65 2.21 3.30
v  57.99 1.72 3.30
v  58.25 1.17 3.30
v  58.40 0.60 3.30
v  58.40 0.60 2.73
v  55.54 0.08 2.73
v  58.25 1.17 2.73
v  55.51 0.18 2.73
v  57.99 1.72 2.73
v  55.47 0.26 2.73
v  57.65 2.21 2.73
v  55.42 0.34 2.73
v  57.22 2.64 2.73
v  55.35 0.41 2.73
v  56.73 2.99 2.73
v  55.27 0.47 2.73
v  56.18 3.24 2.73
v  55.18 0.51 2.73
v  55.60 3.40 2.73
v  55.09 0.53 2.73
v  54.99 3.45 2.73
v  54.99 0.54 2.73
v  54.39 3.40 2.73
v  54.90 0.53 2.73
v  53.81 3.24 2.73
v  54.81 0.51 2.73
v  53.26 2.99 2.73
v  54.72 0.47 2.73
v  52.77 2.64 2.73
v  54.64 0.41 2.73
v  52.34 2.21 2.73
v  54.57 0.34 2.73
v  52.00 1.72 2.73
v  54.52 0.26 2.73
v  51.74 1.17 2.73
v  54.48 0.18 2.73
v  51.59 0.60 2.73
v  54.45 0.08 2.73
v  58.45 0.60 3.30
v  58.45 0.60 2.73
v  58.29 1.19 3.30
v  58.29 1.19 2.73
v  58.04 1.74 3.30
v  58.04 1.74 2.73
v  57.68 2.25 3.30
v  57.68 2.25 2.73
v  57.25 2.68 3.30
v  57.25 2.68 2.73
v  56.75 3.03 3.30
v  56.75 3.03 2.73
v  56.20 3.29 3.30
v  56.20 3.29 2.73
v  55.60 3.45 3.30
v  55.60 3.45 2.73
v  54.99 3.50 3.30
v  54.99 3.50 2.73
v  54.38 3.45 3.30
v  54.38 3.45 2.73
v  53.79 3.29 3.30
v  53.79 3.29 2.73
v  53.24 3.03 3.30
v  53.24 3.03 2.73
v  52.74 2.68 3.30
v  52.74 2.68 2.73
v  52.30 2.25 3.30
v  52.30 2.25 2.73
v  51.95 1.74 3.30
v  51.95 1.74 2.73
v  51.69 1.19 3.30
v  51.69 1.19 2.73
v  51.54 0.60 3.30
v  51.54 0.60 2.73
v  55.49 0.08 2.73
v  55.46 0.16 2.73
v  55.43 0.24 2.73
v  55.38 0.31 2.73
v  55.32 0.37 2.73
v  55.24 0.42 2.73
v  55.17 0.46 2.73
v  55.08 0.48 2.73
v  54.99 0.49 2.73
v  54.91 0.48 2.73
v  54.82 0.46 2.73
v  54.74 0.42 2.73
v  54.67 0.37 2.73
v  54.61 0.31 2.73
v  54.56 0.24 2.73
v  54.52 0.16 2.73
v  54.50 0.08 2.73
v  54.64 -0.39 0.05
v  30.10 -0.39 0.05
v  54.87 -0.50 -0.18
v  29.87 -0.50 -0.18
v  29.77 -0.48 -0.44
v  54.78 -0.48 -0.44
v  29.77 -0.44 -0.52
v  54.70 -0.44 -0.52
v  29.77 -0.39 -0.59
v  54.64 -0.39 -0.59
v  29.77 -0.33 -0.65
v  54.58 -0.33 -0.65
v  4.86 -0.39 0.05
v  29.38 -0.39 0.05
v  4.53 -0.44 -0.52
v  29.71 -0.44 -0.52
v  4.53 -0.39 -0.59
v  29.71 -0.39 -0.59
v  31.00 -0.01 3.30
v  30.99 -0.53 3.30
v  31.65 -0.54 3.30
v  31.67 -0.01 3.30
v  30.96 -1.05 3.30
v  31.59 -1.07 3.30
v  30.91 -1.58 3.30
v  31.50 -1.59 3.30
v  30.88 -2.11 3.30
v  31.42 -2.08 3.30
v  27.83 -0.54 3.30
v  28.49 -0.53 3.30
v  28.48 -0.01 3.30
v  27.81 -0.01 3.30
v  27.89 -1.07 3.30
v  28.52 -1.05 3.30
v  27.98 -1.59 3.30
v  28.56 -1.58 3.30
v  28.06 -2.08 3.30
v  28.60 -2.11 3.30
v  29.25 -0.10 2.59
v  29.24 -0.01 2.59
v  29.24 -0.01 0.26
v  29.25 -0.10 0.26
v  29.27 -0.18 2.59
v  29.27 -0.18 0.23
v  29.31 -0.26 2.59
v  29.31 -0.26 0.20
v  29.36 -0.33 2.59
v  29.36 -0.33 0.15
v  29.42 -0.39 2.59
v  29.42 -0.39 0.09
v  29.49 -0.44 2.59
v  29.49 -0.44 0.02
v  29.57 -0.48 2.59
v  29.57 -0.48 -0.06
v  29.65 -0.50 2.59
v  29.65 -0.50 -0.14
v  29.74 -0.51 2.59
v  29.74 -0.51 -0.23
v  29.83 -0.50 -0.14
v  29.83 -0.50 2.59
v  29.91 -0.48 -0.06
v  29.91 -0.48 2.59
v  29.99 -0.44 0.02
v  29.99 -0.44 2.59
v  30.06 -0.39 0.09
v  30.06 -0.39 2.59
v  30.12 -0.33 0.15
v  30.12 -0.33 2.59
v  30.17 -0.26 0.20
v  30.17 -0.26 2.59
v  30.21 -0.18 0.23
v  30.21 -0.18 2.59
v  30.23 -0.10 0.26
v  30.23 -0.10 2.59
v  30.24 -0.01 2.59
v  30.24 -0.01 0.26
v  29.74 -0.01 3.30
v  29.74 -0.52 3.30
v  30.36 -0.53 3.30
v  30.36 -0.01 3.30
v  32.36 -0.57 3.30
v  32.40 -0.01 3.30
v  29.74 -1.05 3.30
v  30.34 -1.05 3.30
v  32.26 -1.11 3.30
v  29.74 -1.59 3.30
v  30.33 -1.58 3.30
v  32.10 -1.63 3.30
v  29.74 -2.16 3.30
v  30.31 -2.14 3.30
v  31.91 -2.09 3.30
v  29.74 -2.78 3.30
v  30.32 -2.75 3.30
v  30.87 -2.66 3.30
v  31.38 -2.54 3.30
v  31.75 -2.43 3.30
v  29.12 -0.53 3.30
v  29.12 -0.01 3.30
v  27.08 -0.01 3.30
v  27.12 -0.57 3.30
v  29.14 -1.05 3.30
v  27.22 -1.12 3.30
v  29.15 -1.58 3.30
v  27.38 -1.63 3.30
v  29.16 -2.15 3.30
v  27.57 -2.09 3.30
v  29.16 -2.75 3.30
v  28.61 -2.66 3.30
v  28.10 -2.54 3.30
v  27.73 -2.43 3.30
v  26.28 -0.63 3.25
v  26.23 -0.01 3.25
v  26.23 -0.01 2.78
v  26.28 -0.63 2.78
v  26.44 -1.21 3.25
v  26.44 -1.21 2.78
v  26.70 -1.77 3.25
v  26.70 -1.77 2.78
v  27.05 -2.27 3.25
v  27.05 -2.27 2.78
v  27.48 -2.70 3.25
v  27.48 -2.70 2.78
v  27.98 -3.05 3.25
v  27.98 -3.05 2.78
v  28.54 -3.31 3.25
v  28.54 -3.31 2.78
v  29.13 -3.47 3.25
v  29.13 -3.47 2.78
v  29.74 -3.52 3.25
v  29.74 -3.52 2.78
v  30.35 -3.47 3.25
v  30.35 -3.47 2.78
v  30.94 -3.31 3.25
v  30.94 -3.31 2.78
v  31.50 -3.05 3.25
v  31.50 -3.05 2.78
v  32.00 -2.70 3.25
v  32.00 -2.70 2.78
v  32.43 -2.27 3.25
v  32.43 -2.27 2.78
v  32.78 -1.77 3.25
v  32.78 -1.77 2.78
v  33.04 -1.21 3.25
v  33.04 -1.21 2.78
v  33.20 -0.63 3.25
v  33.20 -0.63 2.78
v  33.25 -0.01 3.25
v  33.25 -0.01 2.78
v  33.15 -0.62 3.30
v  33.20 -0.01 3.30
v  32.99 -1.19 3.30
v  32.74 -1.74 3.30
v  32.39 -2.24 3.30
v  31.97 -2.66 3.30
v  31.47 -3.01 3.30
v  30.92 -3.26 3.30
v  30.34 -3.42 3.30
v  29.74 -3.47 3.30
v  29.14 -3.42 3.30
v  28.56 -3.26 3.30
v  28.01 -3.01 3.30
v  27.52 -2.66 3.30
v  27.09 -2.24 3.30
v  26.74 -1.74 3.30
v  26.49 -1.19 3.30
v  26.33 -0.62 3.30
v  26.28 -0.01 3.30
v  26.33 -0.62 2.73
v  26.28 -0.01 2.73
v  29.19 -0.01 2.73
v  29.20 -0.11 2.73
v  26.49 -1.19 2.73
v  29.22 -0.20 2.73
v  26.74 -1.74 2.73
v  29.26 -0.29 2.73
v  27.09 -2.24 2.73
v  29.32 -0.36 2.73
v  27.52 -2.66 2.73
v  29.39 -0.43 2.73
v  28.01 -3.01 2.73
v  29.47 -0.49 2.73
v  28.56 -3.26 2.73
v  29.55 -0.53 2.73
v  29.14 -3.42 2.73
v  29.64 -0.55 2.73
v  29.74 -3.47 2.73
v  29.74 -0.56 2.73
v  30.34 -3.42 2.73
v  29.84 -0.55 2.73
v  30.92 -3.26 2.73
v  29.93 -0.53 2.73
v  31.47 -3.01 2.73
v  30.02 -0.49 2.73
v  31.97 -2.66 2.73
v  30.09 -0.43 2.73
v  32.39 -2.24 2.73
v  30.16 -0.36 2.73
v  32.74 -1.74 2.73
v  30.22 -0.29 2.73
v  32.99 -1.19 2.73
v  30.26 -0.20 2.73
v  33.15 -0.62 2.73
v  30.28 -0.11 2.73
v  33.20 -0.01 2.73
v  30.29 -0.01 2.73
v  26.23 -0.01 3.30
v  26.28 -0.63 3.30
v  26.23 -0.01 2.73
v  26.28 -0.63 2.73
v  26.44 -1.21 3.30
v  26.44 -1.21 2.73
v  26.70 -1.77 3.30
v  26.70 -1.77 2.73
v  27.05 -2.27 3.30
v  27.05 -2.27 2.73
v  27.48 -2.70 3.30
v  27.48 -2.70 2.73
v  27.98 -3.05 3.30
v  27.98 -3.05 2.73
v  28.54 -3.31 3.30
v  28.54 -3.31 2.73
v  29.13 -3.47 3.30
v  29.13 -3.47 2.73
v  29.74 -3.52 3.30
v  29.74 -3.52 2.73
v  30.35 -3.47 3.30
v  30.35 -3.47 2.73
v  30.94 -3.31 3.30
v  30.94 -3.31 2.73
v  31.50 -3.05 3.30
v  31.50 -3.05 2.73
v  32.00 -2.70 3.30
v  32.00 -2.70 2.73
v  32.43 -2.27 3.30
v  32.43 -2.27 2.73
v  32.78 -1.77 3.30
v  32.78 -1.77 2.73
v  33.04 -1.21 3.30
v  33.04 -1.21 2.73
v  33.20 -0.63 3.30
v  33.20 -0.63 2.73
v  33.25 -0.01 3.30
v  33.25 -0.01 2.73
v  29.24 -0.01 2.73
v  29.25 -0.10 2.73
v  29.27 -0.18 2.73
v  29.31 -0.26 2.73
v  29.36 -0.33 2.73
v  29.42 -0.39 2.73
v  29.49 -0.44 2.73
v  29.57 -0.48 2.73
v  29.65 -0.50 2.73
v  29.74 -0.51 2.73
v  29.83 -0.50 2.73
v  29.91 -0.48 2.73
v  29.99 -0.44 2.73
v  30.06 -0.39 2.73
v  30.12 -0.33 2.73
v  30.17 -0.26 2.73
v  30.21 -0.18 2.73
v  30.23 -0.10 2.73
v  30.24 -0.01 2.73
v  54.53 0.24 0.17
v  30.21 0.24 0.17
v  54.58 0.31 0.12
v  30.16 0.31 0.12
v  54.64 0.37 0.05
v  30.10 0.37 0.05
v  54.58 0.31 -0.65
v  29.77 0.31 -0.65
v  54.53 0.24 -0.70
v  29.77 0.24 -0.70
v  54.49 0.16 -0.74
v  29.77 0.16 -0.74
v  4.96 0.24 0.17
v  29.27 0.24 0.17
v  4.92 0.31 0.12
v  29.32 0.31 0.12
v  4.86 0.37 0.05
v  29.38 0.37 0.05
v  4.53 0.31 -0.65
v  29.71 0.31 -0.65
v  4.53 0.24 -0.70
v  29.71 0.24 -0.70
v  4.53 0.16 -0.74
v  29.71 0.16 -0.74
v  31.65 0.52 3.30
v  30.99 0.51 3.30
v  31.59 1.05 3.30
v  30.96 1.03 3.30
v  31.50 1.57 3.30
v  30.91 1.56 3.30
v  31.42 2.06 3.30
v  30.88 2.09 3.30
v  27.83 0.52 3.30
v  28.49 0.51 3.30
v  27.89 1.05 3.30
v  28.52 1.03 3.30
v  27.98 1.57 3.30
v  28.56 1.56 3.30
v  28.06 2.06 3.30
v  28.60 2.09 3.30
v  29.25 0.08 2.59
v  29.25 0.08 0.26
v  29.27 0.16 2.59
v  29.27 0.16 0.23
v  29.31 0.24 2.59
v  29.31 0.24 0.20
v  29.36 0.31 2.59
v  29.36 0.31 0.15
v  29.42 0.37 2.59
v  29.42 0.37 0.09
v  29.49 0.42 2.59
v  29.49 0.42 0.02
v  29.57 0.46 2.59
v  29.57 0.46 -0.06
v  29.65 0.48 2.59
v  29.65 0.48 -0.14
v  29.74 0.49 2.59
v  29.74 0.49 -0.23
v  29.83 0.48 2.59
v  29.83 0.48 -0.14
v  29.91 0.46 2.59
v  29.91 0.46 -0.06
v  29.99 0.42 2.59
v  29.99 0.42 0.02
v  30.06 0.37 2.59
v  30.06 0.37 0.09
v  30.12 0.31 2.59
v  30.12 0.31 0.15
v  30.17 0.24 2.59
v  30.17 0.24 0.20
v  30.21 0.16 2.59
v  30.21 0.16 0.23
v  30.23 0.08 2.59
v  30.23 0.08 0.26
v  30.36 0.50 3.30
v  29.74 0.50 3.30
v  32.36 0.55 3.30
v  30.34 1.03 3.30
v  29.74 1.03 3.30
v  32.26 1.09 3.30
v  30.33 1.56 3.30
v  29.74 1.57 3.30
v  32.10 1.61 3.30
v  30.31 2.12 3.30
v  29.74 2.14 3.30
v  31.91 2.07 3.30
v  30.32 2.73 3.30
v  29.74 2.76 3.30
v  30.87 2.64 3.30
v  31.75 2.41 3.30
v  31.38 2.52 3.30
v  29.12 0.51 3.30
v  27.12 0.55 3.30
v  29.13 1.03 3.30
v  27.22 1.09 3.30
v  29.15 1.56 3.30
v  27.38 1.61 3.30
v  29.16 2.13 3.30
v  27.57 2.07 3.30
v  29.16 2.73 3.30
v  28.61 2.64 3.30
v  28.10 2.52 3.30
v  27.73 2.41 3.30
v  26.28 0.60 3.25
v  26.28 0.60 2.78
v  26.44 1.19 3.25
v  26.44 1.19 2.78
v  26.70 1.74 3.25
v  26.70 1.74 2.78
v  27.05 2.25 3.25
v  27.05 2.25 2.78
v  27.48 2.68 3.25
v  27.48 2.68 2.78
v  27.98 3.03 3.25
v  27.98 3.03 2.78
v  28.54 3.29 3.25
v  28.54 3.29 2.78
v  29.13 3.45 3.25
v  29.13 3.45 2.78
v  29.74 3.50 3.25
v  29.74 3.50 2.78
v  30.35 3.45 3.25
v  30.35 3.45 2.78
v  30.94 3.29 3.25
v  30.94 3.29 2.78
v  31.50 3.03 3.25
v  31.50 3.03 2.78
v  32.00 2.68 3.25
v  32.00 2.68 2.78
v  32.43 2.25 3.25
v  32.43 2.25 2.78
v  32.78 1.74 3.25
v  32.78 1.74 2.78
v  33.04 1.19 3.25
v  33.04 1.19 2.78
v  33.20 0.60 3.25
v  33.20 0.60 2.78
v  33.15 0.60 3.30
v  32.99 1.17 3.30
v  32.74 1.72 3.30
v  32.39 2.21 3.30
v  31.97 2.64 3.30
v  31.47 2.99 3.30
v  30.92 3.24 3.30
v  30.34 3.40 3.30
v  29.74 3.45 3.30
v  29.14 3.40 3.30
v  28.56 3.24 3.30
v  28.01 2.99 3.30
v  27.52 2.64 3.30
v  27.09 2.21 3.30
v  26.74 1.72 3.30
v  26.49 1.17 3.30
v  26.33 0.60 3.30
v  26.33 0.60 2.73
v  29.20 0.08 2.73
v  26.49 1.17 2.73
v  29.22 0.18 2.73
v  26.74 1.72 2.73
v  29.26 0.26 2.73
v  27.09 2.21 2.73
v  29.32 0.34 2.73
v  27.52 2.64 2.73
v  29.39 0.41 2.73
v  28.01 2.99 2.73
v  29.47 0.47 2.73
v  28.56 3.24 2.73
v  29.55 0.51 2.73
v  29.14 3.40 2.73
v  29.64 0.53 2.73
v  29.74 3.45 2.73
v  29.74 0.54 2.73
v  30.34 3.40 2.73
v  29.84 0.53 2.73
v  30.92 3.24 2.73
v  29.93 0.51 2.73
v  31.47 2.99 2.73
v  30.02 0.47 2.73
v  31.97 2.64 2.73
v  30.09 0.41 2.73
v  32.39 2.21 2.73
v  30.16 0.34 2.73
v  32.74 1.72 2.73
v  30.22 0.26 2.73
v  32.99 1.17 2.73
v  30.26 0.18 2.73
v  33.15 0.60 2.73
v  30.28 0.08 2.73
v  26.28 0.60 3.30
v  26.28 0.60 2.73
v  26.44 1.19 3.30
v  26.44 1.19 2.73
v  26.70 1.74 3.30
v  26.70 1.74 2.73
v  27.05 2.25 3.30
v  27.05 2.25 2.73
v  27.48 2.68 3.30
v  27.48 2.68 2.73
v  27.98 3.03 3.30
v  27.98 3.03 2.73
v  28.54 3.29 3.30
v  28.54 3.29 2.73
v  29.13 3.45 3.30
v  29.13 3.45 2.73
v  29.74 3.50 3.30
v  29.74 3.50 2.73
v  30.35 3.45 3.30
v  30.35 3.45 2.73
v  30.94 3.29 3.30
v  30.94 3.29 2.73
v  31.50 3.03 3.30
v  31.50 3.03 2.73
v  32.00 2.68 3.30
v  32.00 2.68 2.73
v  32.43 2.25 3.30
v  32.43 2.25 2.73
v  32.78 1.74 3.30
v  32.78 1.74 2.73
v  33.04 1.19 3.30
v  33.04 1.19 2.73
v  33.20 0.60 3.30
v  33.20 0.60 2.73
v  29.25 0.08 2.73
v  29.27 0.16 2.73
v  29.31 0.24 2.73
v  29.36 0.31 2.73
v  29.42 0.37 2.73
v  29.49 0.42 2.73
v  29.57 0.46 2.73
v  29.65 0.48 2.73
v  29.74 0.49 2.73
v  29.83 0.48 2.73
v  29.91 0.46 2.73
v  29.99 0.42 2.73
v  30.06 0.37 2.73
v  30.12 0.31 2.73
v  30.17 0.24 2.73
v  30.21 0.16 2.73
v  30.23 0.08 2.73
v  -20.26 -0.10 0.23
v  -20.26 -0.01 0.23
v  -20.29 -0.18 0.20
v  -20.32 -0.26 0.17
v  -20.37 -0.33 0.12
v  -20.44 -0.39 0.05
v  -20.51 -0.44 -0.02
v  -20.59 -0.48 -0.10
v  -20.67 -0.50 -0.18
v  -20.76 -0.51 -0.27
v  -21.26 -0.01 0.23
v  -21.25 -0.10 0.23
v  -21.23 -0.18 0.20
v  -21.19 -0.26 0.17
v  -21.14 -0.33 0.12
v  -21.08 -0.39 0.05
v  -21.01 -0.44 -0.02
v  -20.93 -0.48 -0.10
v  -20.84 -0.50 -0.18
v  -20.26 0.08 0.23
v  -20.29 0.16 0.20
v  -20.32 0.24 0.17
v  -20.37 0.31 0.12
v  -20.44 0.37 0.05
v  -20.51 0.42 -0.02
v  -20.59 0.46 -0.10
v  -20.67 0.48 -0.18
v  -20.76 0.49 -0.27
v  -21.25 0.08 0.23
v  -21.23 0.16 0.20
v  -21.19 0.24 0.17
v  -21.14 0.31 0.12
v  -21.08 0.37 0.05
v  -21.01 0.42 -0.02
v  -20.93 0.46 -0.10
v  -20.84 0.48 -0.18
v  -20.76 -0.50 -0.35
v  -20.76 -0.48 -0.44
v  -20.76 -0.44 -0.52
v  -20.76 -0.39 -0.59
v  -20.76 -0.33 -0.65
v  -20.76 -0.26 -0.70
v  -20.76 -0.18 -0.74
v  -20.76 -0.10 -0.76
v  -20.76 -0.01 -0.77
v  -20.76 0.48 -0.35
v  -20.76 0.46 -0.44
v  -20.76 0.42 -0.52
v  -20.76 0.37 -0.59
v  -20.76 0.31 -0.65
v  -20.76 0.24 -0.70
v  -20.76 0.16 -0.74
v  -20.76 0.08 -0.76
v  54.91 -0.50 -0.40
v  54.91 -0.50 -3.30
v  54.99 -0.51 -3.30
v  54.99 -0.51 -0.30
v  54.82 -0.48 -0.48
v  54.82 -0.48 -3.30
v  54.74 -0.44 -0.56
v  54.74 -0.44 -3.30
v  54.67 -0.39 -0.63
v  54.67 -0.39 -3.30
v  54.61 -0.33 -0.69
v  54.61 -0.33 -3.30
v  54.56 -0.26 -0.73
v  54.56 -0.26 -3.30
v  54.52 -0.18 -0.77
v  54.52 -0.18 -3.30
v  54.50 -0.10 -0.79
v  54.50 -0.10 -3.30
v  54.49 -0.01 -0.80
v  54.49 -0.01 -3.30
v  54.50 0.08 -3.30
v  54.50 0.08 -0.79
v  54.52 0.16 -3.30
v  54.52 0.16 -0.77
v  54.56 0.24 -3.30
v  54.56 0.24 -0.73
v  54.61 0.31 -3.30
v  54.61 0.31 -0.69
v  54.67 0.37 -3.30
v  54.67 0.37 -0.63
v  54.74 0.42 -3.30
v  54.74 0.42 -0.56
v  54.82 0.46 -3.30
v  54.82 0.46 -0.48
v  54.91 0.48 -3.30
v  54.91 0.48 -0.40
v  54.99 0.49 -3.30
v  54.99 0.49 -0.30
v  55.08 0.48 -3.30
v  55.08 0.48 -0.30
v  55.17 0.46 -3.30
v  55.17 0.46 -0.30
v  55.24 0.42 -3.30
v  55.24 0.42 -0.30
v  55.32 0.37 -3.30
v  55.32 0.37 -0.30
v  55.38 0.31 -3.30
v  55.38 0.31 -0.30
v  55.43 0.24 -3.30
v  55.43 0.24 -0.30
v  55.46 0.16 -3.30
v  55.46 0.16 -0.30
v  55.49 0.08 -3.30
v  55.49 0.08 -0.30
v  55.49 -0.01 -3.30
v  55.49 -0.01 -0.30
v  55.49 -0.10 -3.30
v  55.49 -0.10 -0.30
v  55.46 -0.18 -3.30
v  55.46 -0.18 -0.30
v  55.43 -0.26 -3.30
v  55.43 -0.26 -0.30
v  55.38 -0.33 -3.30
v  55.38 -0.33 -0.30
v  55.32 -0.39 -3.30
v  55.32 -0.39 -0.30
v  55.24 -0.44 -3.30
v  55.24 -0.44 -0.30
v  55.17 -0.48 -3.30
v  55.17 -0.48 -0.30
v  55.08 -0.50 -3.30
v  55.08 -0.50 -0.30
v  4.00 -0.10 0.23
v  4.03 -0.18 0.20
v  4.06 -0.26 0.17
v  4.11 -0.33 0.12
v  4.25 -0.44 -0.02
v  4.33 -0.48 -0.10
v  4.50 -0.51 -0.27
v  4.50 -0.50 -0.35
v  4.50 -0.26 -0.70
v  4.50 -0.18 -0.74
v  4.50 -0.10 -0.76
v  4.50 -0.01 -0.77
v  4.00 0.08 0.23
v  4.00 -0.01 0.23
v  4.03 0.16 0.20
v  4.33 0.46 -0.10
v  4.25 0.42 -0.02
v  4.50 0.49 -0.27
v  4.41 0.48 -0.18
v  4.50 0.48 -0.35
v  4.50 0.46 -0.44
v  4.50 0.42 -0.52
v  4.50 0.37 -0.59
v  4.50 0.08 -0.76
v  4.18 -0.39 0.05
v  4.41 -0.50 -0.18
v  4.50 -0.48 -0.44
v  4.50 -0.44 -0.52
v  4.50 -0.39 -0.59
v  4.50 -0.33 -0.65
v  4.97 -0.18 0.20
v  4.99 -0.10 0.23
v  4.88 -0.33 0.12
v  4.93 -0.26 0.17
v  4.67 -0.48 -0.10
v  4.75 -0.44 -0.02
v  4.58 -0.50 -0.18
v  5.00 -0.01 0.23
v  4.82 -0.39 0.05
v  4.06 0.24 0.17
v  4.11 0.31 0.12
v  4.18 0.37 0.05
v  4.50 0.31 -0.65
v  4.50 0.24 -0.70
v  4.50 0.16 -0.74
v  4.99 0.08 0.23
v  4.97 0.16 0.20
v  4.75 0.42 -0.02
v  4.67 0.46 -0.10
v  4.58 0.48 -0.18
v  4.93 0.24 0.17
v  4.88 0.31 0.12
v  4.82 0.37 0.05
v  29.25 -0.10 0.23
v  29.27 -0.18 0.20
v  29.31 -0.26 0.17
v  29.36 -0.33 0.12
v  29.49 -0.44 -0.02
v  29.57 -0.48 -0.10
v  29.65 -0.50 -0.18
v  29.74 -0.51 -0.27
v  29.74 -0.50 -0.35
v  29.74 -0.48 -0.44
v  29.74 -0.33 -0.65
v  29.74 -0.26 -0.70
v  29.74 -0.18 -0.74
v  29.74 -0.10 -0.76
v  29.74 -0.01 -0.77
v  29.25 0.08 0.23
v  29.24 -0.01 0.23
v  29.27 0.16 0.20
v  29.57 0.46 -0.10
v  29.49 0.42 -0.02
v  29.74 0.49 -0.27
v  29.65 0.48 -0.18
v  29.74 0.48 -0.35
v  29.74 0.46 -0.44
v  29.74 0.42 -0.52
v  29.74 0.37 -0.59
v  29.74 0.08 -0.76
v  30.21 -0.18 0.20
v  30.23 -0.10 0.23
v  30.12 -0.33 0.12
v  30.17 -0.26 0.17
v  29.91 -0.48 -0.10
v  29.99 -0.44 -0.02
v  30.24 -0.01 0.23
v  30.23 0.08 0.23
v  30.21 0.16 0.20
v  29.99 0.42 -0.02
v  29.91 0.46 -0.10
v  29.83 0.48 -0.18
v  30.06 -0.39 0.05
v  29.83 -0.50 -0.18
v  29.74 -0.44 -0.52
v  29.74 -0.39 -0.59
v  29.42 -0.39 0.05
v  30.17 0.24 0.17
v  30.12 0.31 0.12
v  30.06 0.37 0.05
v  29.74 0.31 -0.65
v  29.74 0.24 -0.70
v  29.74 0.16 -0.74
v  29.31 0.24 0.17
v  29.36 0.31 0.12
v  29.42 0.37 0.05
v  54.50 -0.10 0.23
v  54.52 -0.18 0.20
v  54.56 -0.26 0.17
v  54.61 -0.33 0.12
v  54.74 -0.44 -0.02
v  54.82 -0.48 -0.10
v  54.99 -0.51 -0.27
v  54.91 -0.50 -0.35
v  54.56 -0.26 -0.70
v  54.52 -0.18 -0.74
v  54.50 -0.10 -0.76
v  54.49 -0.01 -0.77
v  55.49 -0.01 -0.27
v  55.49 -0.10 -0.27
v  55.46 -0.18 -0.27
v  55.43 -0.26 -0.27
v  55.38 -0.33 -0.27
v  55.32 -0.39 -0.27
v  55.24 -0.44 -0.27
v  55.17 -0.48 -0.27
v  55.08 -0.50 -0.27
v  54.91 -0.50 -0.18
v  54.67 -0.39 0.05
v  54.49 -0.01 0.23
v  54.50 0.08 0.23
v  54.52 0.16 0.20
v  54.82 0.46 -0.10
v  54.74 0.42 -0.02
v  54.99 0.49 -0.27
v  54.91 0.48 -0.18
v  54.91 0.48 -0.35
v  54.82 0.46 -0.44
v  54.74 0.42 -0.52
v  54.67 0.37 -0.59
v  54.50 0.08 -0.76
v  55.49 0.08 -0.27
v  55.46 0.16 -0.27
v  55.43 0.24 -0.27
v  55.38 0.31 -0.27
v  55.32 0.37 -0.27
v  55.24 0.42 -0.27
v  55.17 0.46 -0.27
v  55.08 0.48 -0.27
v  54.67 0.37 0.05
v  54.61 0.31 0.12
v  54.56 0.24 0.17
v  54.82 -0.48 -0.44
v  54.74 -0.44 -0.52
v  54.67 -0.39 -0.59
v  54.61 -0.33 -0.65
v  54.61 0.31 -0.65
v  54.56 0.24 -0.70
v  54.52 0.16 -0.74
v  -47.33 7.52 -0.93
v  -46.01 7.64 -0.93
v  -46.01 7.64 -3.09
v  -47.33 7.52 -3.09
v  -48.62 7.18 -0.93
v  -48.62 7.18 -3.09
v  -49.83 6.61 -0.93
v  -49.83 6.61 -3.09
v  -50.92 5.85 -0.93
v  -50.92 5.85 -3.09
v  -51.86 4.91 -0.93
v  -51.86 4.91 -3.09
v  -52.62 3.82 -0.93
v  -52.62 3.82 -3.09
v  -53.18 2.61 -0.93
v  -53.18 2.61 -3.09
v  -53.53 1.33 -0.93
v  -53.53 1.33 -3.09
v  -53.64 0.00 -0.93
v  -53.64 0.00 -3.09
v  -53.53 -1.33 -0.93
v  -53.53 -1.33 -3.09
v  -53.18 -2.61 -0.93
v  -53.18 -2.61 -3.09
v  -52.62 -3.82 -0.93
v  -52.62 -3.82 -3.09
v  -51.86 -4.91 -0.93
v  -51.86 -4.91 -3.09
v  -50.92 -5.85 -0.93
v  -50.92 -5.85 -3.09
v  -49.83 -6.61 -0.93
v  -49.83 -6.61 -3.09
v  -48.62 -7.18 -0.93
v  -48.62 -7.18 -3.09
v  -47.33 -7.52 -0.93
v  -47.33 -7.52 -3.09
v  -46.01 -7.64 -0.93
v  -46.01 -7.64 -3.09
v  -44.68 -7.52 -0.93
v  -44.68 -7.52 -3.09
v  -43.40 -7.18 -0.93
v  -43.40 -7.18 -3.09
v  -42.19 -6.61 -0.93
v  -42.19 -6.61 -3.09
v  -41.10 -5.85 -0.93
v  -41.10 -5.85 -3.09
v  -40.16 -4.91 -0.93
v  -40.16 -4.91 -3.09
v  -39.39 -3.82 -0.93
v  -39.39 -3.82 -3.09
v  -38.83 -2.61 -0.93
v  -38.83 -2.61 -3.09
v  -38.49 -1.33 -0.93
v  -38.49 -1.33 -3.09
v  -38.37 0.00 -0.93
v  -38.37 0.00 -3.09
v  -38.49 1.33 -0.93
v  -38.49 1.33 -3.09
v  -38.83 2.61 -0.93
v  -38.83 2.61 -3.09
v  -39.39 3.82 -0.93
v  -39.39 3.82 -3.09
v  -40.16 4.91 -0.93
v  -40.16 4.91 -3.09
v  -41.10 5.85 -0.93
v  -41.10 5.85 -3.09
v  -42.19 6.61 -0.93
v  -42.19 6.61 -3.09
v  -43.40 7.18 -0.93
v  -43.40 7.18 -3.09
v  -44.68 7.52 -0.93
v  -44.68 7.52 -3.09
v  -48.18 12.31 3.15
v  -46.01 12.50 3.15
v  -46.01 12.50 2.88
v  -48.18 12.31 2.88
v  -50.28 11.75 3.15
v  -50.28 11.75 2.88
v  -52.26 10.83 3.15
v  -52.26 10.83 2.88
v  -54.04 9.58 3.15
v  -54.04 9.58 2.88
v  -55.58 8.03 3.15
v  -55.58 8.03 2.88
v  -56.83 6.25 3.15
v  -56.83 6.25 2.88
v  -57.75 4.28 3.15
v  -57.75 4.28 2.88
v  -58.32 2.17 3.15
v  -58.32 2.17 2.88
v  -58.51 0.00 3.15
v  -58.51 0.00 2.88
v  -58.32 -2.17 3.15
v  -58.32 -2.17 2.88
v  -57.75 -4.28 3.15
v  -57.75 -4.28 2.88
v  -56.83 -6.25 3.15
v  -56.83 -6.25 2.88
v  -55.58 -8.03 3.15
v  -55.58 -8.03 2.88
v  -54.04 -9.58 3.15
v  -54.04 -9.58 2.88
v  -52.26 -10.83 3.15
v  -52.26 -10.83 2.88
v  -50.28 -11.75 3.15
v  -50.28 -11.75 2.88
v  -48.18 -12.31 3.15
v  -48.18 -12.31 2.88
v  -46.01 -12.50 3.15
v  -46.01 -12.50 2.88
v  -43.84 -12.31 3.15
v  -43.84 -12.31 2.88
v  -41.73 -11.75 3.15
v  -41.73 -11.75 2.88
v  -39.76 -10.83 3.15
v  -39.76 -10.83 2.88
v  -37.97 -9.58 3.15
v  -37.97 -9.58 2.88
v  -36.43 -8.03 3.15
v  -36.43 -8.03 2.88
v  -35.18 -6.25 3.15
v  -35.18 -6.25 2.88
v  -34.26 -4.28 3.15
v  -34.26 -4.28 2.88
v  -33.70 -2.17 3.15
v  -33.70 -2.17 2.88
v  -33.51 0.00 3.15
v  -33.51 0.00 2.88
v  -33.70 2.17 3.15
v  -33.70 2.17 2.88
v  -34.26 4.28 3.15
v  -34.26 4.28 2.88
v  -35.18 6.25 3.15
v  -35.18 6.25 2.88
v  -36.43 8.03 3.15
v  -36.43 8.03 2.88
v  -37.97 9.58 3.15
v  -37.97 9.58 2.88
v  -39.76 10.83 3.15
v  -39.76 10.83 2.88
v  -41.73 11.75 3.15
v  -41.73 11.75 2.88
v  -43.84 12.31 3.15
v  -43.84 12.31 2.88
v  -43.91 7.99 3.30
v  -41.85 7.63 3.30
v  -41.74 11.59 3.30
v  -43.84 12.16 3.30
v  -48.07 -3.95 3.30
v  -46.01 -4.01 3.30
v  -46.01 -0.01 3.30
v  -48.06 -0.01 3.30
v  -46.01 3.99 3.30
v  -48.07 3.92 3.30
v  -48.10 -8.00 3.30
v  -46.01 -8.13 3.30
v  -46.01 8.11 3.30
v  -48.10 7.99 3.30
v  -56.70 -6.17 3.30
v  -55.61 -7.76 3.30
v  -55.88 -5.30 3.30
v  -57.55 -4.38 3.30
v  -33.86 -2.20 3.30
v  -33.66 0.00 3.30
v  -35.79 0.00 3.30
v  -35.88 -2.63 3.30
v  -43.94 -3.94 3.30
v  -43.95 -0.01 3.30
v  -56.23 -0.01 3.30
v  -58.36 -0.00 3.30
v  -58.16 -2.20 3.30
v  -56.13 -2.64 3.30
v  -33.86 2.20 3.30
v  -35.88 2.64 3.30
v  -43.94 3.93 3.30
v  -58.16 2.20 3.30
v  -56.13 2.63 3.30
v  -34.46 -4.38 3.30
v  -36.14 -5.29 3.30
v  -43.91 -8.00 3.30
v  -34.46 4.39 3.30
v  -36.14 5.30 3.30
v  -57.55 4.38 3.30
v  -55.88 5.29 3.30
v  -46.01 12.35 3.30
v  -48.18 12.16 3.30
v  -43.84 -12.16 3.30
v  -46.01 -12.35 3.30
v  -41.91 -0.00 3.30
v  -41.90 -3.76 3.30
v  -50.11 -3.77 3.30
v  -50.10 -0.02 3.30
v  -41.90 3.76 3.30
v  -50.11 3.74 3.30
v  -41.85 -7.64 3.30
v  -50.16 -7.64 3.30
v  -50.16 7.62 3.30
v  -39.89 0.00 3.30
v  -39.89 -3.47 3.30
v  -37.87 0.00 3.30
v  -37.91 -3.09 3.30
v  -52.12 -3.48 3.30
v  -52.12 -0.02 3.30
v  -54.11 -3.10 3.30
v  -54.14 -0.01 3.30
v  -39.89 3.47 3.30
v  -37.91 3.09 3.30
v  -52.12 3.45 3.30
v  -54.11 3.07 3.30
v  -39.87 -7.04 3.30
v  -37.97 -6.25 3.30
v  -52.14 -7.05 3.30
v  -54.04 -6.25 3.30
v  -39.87 7.05 3.30
v  -37.97 6.25 3.30
v  -52.14 7.03 3.30
v  -54.04 6.24 3.30
v  -41.74 -11.59 3.30
v  -39.76 -10.65 3.30
v  -37.97 -9.38 3.30
v  -36.40 -7.76 3.30
v  -35.31 -6.17 3.30
v  -48.18 -12.16 3.30
v  -50.28 -11.59 3.30
v  -52.25 -10.65 3.30
v  -54.04 -9.38 3.30
v  -55.61 7.76 3.30
v  -56.70 6.17 3.30
v  -54.04 9.38 3.30
v  -52.25 10.65 3.30
v  -50.28 11.59 3.30
v  -39.76 10.65 3.30
v  -37.97 9.38 3.30
v  -36.40 7.76 3.30
v  -35.31 6.17 3.30
v  -47.36 7.65 -3.12
v  -47.34 7.55 -3.12
v  -46.01 7.67 -3.12
v  -46.01 7.77 -3.12
v  -48.66 7.30 -3.12
v  -48.63 7.20 -3.12
v  -49.89 6.73 -3.12
v  -49.84 6.64 -3.12
v  -51.00 5.95 -3.12
v  -50.94 5.87 -3.12
v  -51.96 4.99 -3.12
v  -51.88 4.93 -3.12
v  -52.73 3.88 -3.12
v  -52.65 3.83 -3.12
v  -53.31 2.66 -3.12
v  -53.21 2.62 -3.12
v  -53.66 1.35 -3.12
v  -53.56 1.33 -3.12
v  -53.77 0.00 -3.12
v  -53.67 0.00 -3.12
v  -53.66 -1.35 -3.12
v  -53.56 -1.33 -3.12
v  -53.31 -2.66 -3.12
v  -53.21 -2.62 -3.12
v  -52.73 -3.88 -3.12
v  -52.65 -3.83 -3.12
v  -51.96 -4.99 -3.12
v  -51.88 -4.93 -3.12
v  -51.00 -5.95 -3.12
v  -50.94 -5.87 -3.12
v  -49.89 -6.73 -3.12
v  -49.84 -6.64 -3.12
v  -48.66 -7.30 -3.12
v  -48.63 -7.20 -3.12
v  -47.36 -7.65 -3.12
v  -47.34 -7.55 -3.12
v  -46.01 -7.77 -3.12
v  -46.01 -7.67 -3.12
v  -44.66 -7.65 -3.12
v  -44.68 -7.55 -3.12
v  -43.35 -7.30 -3.12
v  -43.39 -7.20 -3.12
v  -42.12 -6.73 -3.12
v  -42.17 -6.64 -3.12
v  -41.02 -5.95 -3.12
v  -41.08 -5.87 -3.12
v  -40.06 -4.99 -3.12
v  -40.13 -4.93 -3.12
v  -39.28 -3.88 -3.12
v  -39.37 -3.83 -3.12
v  -38.71 -2.66 -3.12
v  -38.80 -2.62 -3.12
v  -38.36 -1.35 -3.12
v  -38.46 -1.33 -3.12
v  -38.24 0.00 -3.12
v  -38.34 0.00 -3.12
v  -38.36 1.35 -3.12
v  -38.46 1.33 -3.12
v  -38.71 2.66 -3.12
v  -38.80 2.62 -3.12
v  -39.28 3.88 -3.12
v  -39.37 3.83 -3.12
v  -40.06 4.99 -3.12
v  -40.13 4.93 -3.12
v  -41.02 5.95 -3.12
v  -41.08 5.87 -3.12
v  -42.12 6.73 -3.12
v  -42.17 6.64 -3.12
v  -43.35 7.30 -3.12
v  -43.39 7.20 -3.12
v  -44.66 7.65 -3.12
v  -44.68 7.55 -3.12
v  -46.01 7.79 2.73
v  -47.36 7.67 2.73
v  -48.15 12.16 2.73
v  -46.01 12.35 2.73
v  -44.66 7.67 2.73
v  -43.86 12.16 2.73
v  -43.34 7.32 2.73
v  -41.78 11.60 2.73
v  -42.11 6.74 2.73
v  -39.83 10.69 2.73
v  -41.00 5.97 2.73
v  -38.07 9.46 2.73
v  -40.04 5.01 2.73
v  -36.55 7.94 2.73
v  -39.26 3.89 2.73
v  -35.31 6.17 2.73
v  -38.69 2.66 2.73
v  -34.40 4.22 2.73
v  -38.34 1.35 2.73
v  -33.85 2.14 2.73
v  -38.22 0.00 2.73
v  -33.66 0.00 2.73
v  -38.34 -1.35 2.73
v  -33.85 -2.14 2.73
v  -38.69 -2.66 2.73
v  -34.40 -4.22 2.73
v  -39.26 -3.89 2.73
v  -35.31 -6.17 2.73
v  -40.04 -5.01 2.73
v  -36.55 -7.94 2.73
v  -41.00 -5.97 2.73
v  -38.07 -9.46 2.73
v  -42.11 -6.74 2.73
v  -39.83 -10.69 2.73
v  -43.34 -7.32 2.73
v  -41.78 -11.60 2.73
v  -44.66 -7.67 2.73
v  -43.86 -12.16 2.73
v  -46.01 -7.79 2.73
v  -46.01 -12.35 2.73
v  -47.36 -7.67 2.73
v  -48.15 -12.16 2.73
v  -48.67 -7.32 2.73
v  -50.23 -11.60 2.73
v  -49.90 -6.74 2.73
v  -52.18 -10.69 2.73
v  -51.01 -5.97 2.73
v  -53.95 -9.46 2.73
v  -51.97 -5.01 2.73
v  -55.47 -7.94 2.73
v  -52.75 -3.89 2.73
v  -56.70 -6.17 2.73
v  -53.32 -2.66 2.73
v  -57.61 -4.22 2.73
v  -53.68 -1.35 2.73
v  -58.17 -2.14 2.73
v  -53.79 0.00 2.73
v  -58.36 0.00 2.73
v  -53.68 1.35 2.73
v  -58.17 2.14 2.73
v  -53.32 2.66 2.73
v  -57.61 4.22 2.73
v  -52.75 3.89 2.73
v  -56.70 6.17 2.73
v  -51.97 5.01 2.73
v  -55.47 7.94 2.73
v  -51.01 5.97 2.73
v  -53.95 9.46 2.73
v  -49.90 6.74 2.73
v  -52.18 10.69 2.73
v  -48.67 7.32 2.73
v  -50.23 11.60 2.73
v  -46.01 7.77 -3.30
v  -47.36 7.65 -3.30
v  -48.66 7.30 -3.30
v  -49.89 6.73 -3.30
v  -51.00 5.95 -3.30
v  -51.96 4.99 -3.30
v  -52.73 3.88 -3.30
v  -53.31 2.66 -3.30
v  -53.66 1.35 -3.30
v  -53.77 0.00 -3.30
v  -53.66 -1.35 -3.30
v  -53.31 -2.66 -3.30
v  -52.73 -3.88 -3.30
v  -51.96 -4.99 -3.30
v  -51.00 -5.95 -3.30
v  -49.89 -6.73 -3.30
v  -48.66 -7.30 -3.30
v  -47.36 -7.65 -3.30
v  -46.01 -7.77 -3.30
v  -44.66 -7.65 -3.30
v  -43.35 -7.30 -3.30
v  -42.12 -6.73 -3.30
v  -41.02 -5.95 -3.30
v  -40.06 -4.99 -3.30
v  -39.28 -3.88 -3.30
v  -38.71 -2.66 -3.30
v  -38.36 -1.35 -3.30
v  -38.24 0.00 -3.30
v  -38.36 1.35 -3.30
v  -38.71 2.66 -3.30
v  -39.28 3.88 -3.30
v  -40.06 4.99 -3.30
v  -41.02 5.95 -3.30
v  -42.12 6.73 -3.30
v  -43.35 7.30 -3.30
v  -44.66 7.65 -3.30
v  -46.01 7.64 2.73
v  -46.01 7.64 2.58
v  -47.33 7.52 2.58
v  -47.33 7.52 2.73
v  -48.62 7.18 2.58
v  -48.62 7.18 2.73
v  -49.83 6.61 2.58
v  -49.83 6.61 2.73
v  -50.92 5.85 2.58
v  -50.92 5.85 2.73
v  -51.86 4.91 2.58
v  -51.86 4.91 2.73
v  -52.62 3.82 2.58
v  -52.62 3.82 2.73
v  -53.18 2.61 2.58
v  -53.18 2.61 2.73
v  -53.53 1.33 2.58
v  -53.53 1.33 2.73
v  -53.64 0.00 2.58
v  -53.64 0.00 2.73
v  -53.53 -1.33 2.58
v  -53.53 -1.33 2.73
v  -53.18 -2.61 2.58
v  -53.18 -2.61 2.73
v  -52.62 -3.82 2.58
v  -52.62 -3.82 2.73
v  -51.86 -4.91 2.58
v  -51.86 -4.91 2.73
v  -50.92 -5.85 2.58
v  -50.92 -5.85 2.73
v  -49.83 -6.61 2.58
v  -49.83 -6.61 2.73
v  -48.62 -7.18 2.58
v  -48.62 -7.18 2.73
v  -47.33 -7.52 2.58
v  -47.33 -7.52 2.73
v  -46.01 -7.64 2.58
v  -46.01 -7.64 2.73
v  -44.68 -7.52 2.58
v  -44.68 -7.52 2.73
v  -43.40 -7.18 2.58
v  -43.40 -7.18 2.73
v  -42.19 -6.61 2.58
v  -42.19 -6.61 2.73
v  -41.10 -5.85 2.58
v  -41.10 -5.85 2.73
v  -40.16 -4.91 2.58
v  -40.16 -4.91 2.73
v  -39.39 -3.82 2.58
v  -39.39 -3.82 2.73
v  -38.83 -2.61 2.58
v  -38.83 -2.61 2.73
v  -38.49 -1.33 2.58
v  -38.49 -1.33 2.73
v  -38.37 0.00 2.58
v  -38.37 0.00 2.73
v  -38.49 1.33 2.58
v  -38.49 1.33 2.73
v  -38.83 2.61 2.58
v  -38.83 2.61 2.73
v  -39.39 3.82 2.58
v  -39.39 3.82 2.73
v  -40.16 4.91 2.58
v  -40.16 4.91 2.73
v  -41.10 5.85 2.58
v  -41.10 5.85 2.73
v  -42.19 6.61 2.58
v  -42.19 6.61 2.73
v  -43.40 7.18 2.58
v  -43.40 7.18 2.73
v  -44.68 7.52 2.58
v  -44.68 7.52 2.73
v  -48.18 12.31 2.73
v  -46.01 12.50 2.73
v  -50.28 11.75 2.73
v  -52.26 10.83 2.73
v  -54.04 9.58 2.73
v  -55.58 8.03 2.73
v  -56.83 6.25 2.73
v  -57.75 4.28 2.73
v  -58.32 2.17 2.73
v  -58.51 0.00 2.73
v  -58.32 -2.17 2.73
v  -57.75 -4.28 2.73
v  -56.83 -6.25 2.73
v  -55.58 -8.03 2.73
v  -54.04 -9.58 2.73
v  -52.26 -10.83 2.73
v  -50.28 -11.75 2.73
v  -48.18 -12.31 2.73
v  -46.01 -12.50 2.73
v  -43.84 -12.31 2.73
v  -41.73 -11.75 2.73
v  -39.76 -10.83 2.73
v  -37.97 -9.58 2.73
v  -36.43 -8.03 2.73
v  -35.18 -6.25 2.73
v  -34.26 -4.28 2.73
v  -33.70 -2.17 2.73
v  -33.51 0.00 2.73
v  -33.70 2.17 2.73
v  -34.26 4.28 2.73
v  -35.18 6.25 2.73
v  -36.43 8.03 2.73
v  -37.97 9.58 2.73
v  -39.76 10.83 2.73
v  -41.73 11.75 2.73
v  -43.84 12.31 2.73
v  -46.01 12.50 3.30
v  -48.18 12.31 3.30
v  -50.28 11.75 3.30
v  -52.26 10.83 3.30
v  -54.04 9.58 3.30
v  -55.58 8.03 3.30
v  -56.83 6.25 3.30
v  -57.75 4.28 3.30
v  -58.32 2.17 3.30
v  -58.51 0.00 3.30
v  -58.32 -2.17 3.30
v  -57.75 -4.28 3.30
v  -56.83 -6.25 3.30
v  -55.58 -8.03 3.30
v  -54.04 -9.58 3.30
v  -52.26 -10.83 3.30
v  -50.28 -11.75 3.30
v  -48.18 -12.31 3.30
v  -46.01 -12.50 3.30
v  -43.84 -12.31 3.30
v  -41.73 -11.75 3.30
v  -39.76 -10.83 3.30
v  -37.97 -9.58 3.30
v  -36.43 -8.03 3.30
v  -35.18 -6.25 3.30
v  -34.26 -4.28 3.30
v  -33.70 -2.17 3.30
v  -33.51 0.00 3.30
v  -33.70 2.17 3.30
v  -34.26 4.28 3.30
v  -35.18 6.25 3.30
v  -36.43 8.03 3.30
v  -37.97 9.58 3.30
v  -39.76 10.83 3.30
v  -41.73 11.75 3.30
v  -43.84 12.31 3.30
v  -47.33 7.52 -3.12
v  -46.01 7.64 -3.12
v  -48.62 7.18 -3.12
v  -49.83 6.61 -3.12
v  -50.92 5.85 -3.12
v  -51.86 4.91 -3.12
v  -52.62 3.82 -3.12
v  -53.18 2.61 -3.12
v  -53.53 1.33 -3.12
v  -53.64 0.00 -3.12
v  -53.53 -1.33 -3.12
v  -53.18 -2.61 -3.12
v  -52.62 -3.82 -3.12
v  -51.86 -4.91 -3.12
v  -50.92 -5.85 -3.12
v  -49.83 -6.61 -3.12
v  -48.62 -7.18 -3.12
v  -47.33 -7.52 -3.12
v  -46.01 -7.64 -3.12
v  -44.68 -7.52 -3.12
v  -43.40 -7.18 -3.12
v  -42.19 -6.61 -3.12
v  -41.10 -5.85 -3.12
v  -40.16 -4.91 -3.12
v  -39.39 -3.82 -3.12
v  -38.83 -2.61 -3.12
v  -38.49 -1.33 -3.12
v  -38.37 0.00 -3.12
v  -38.49 1.33 -3.12
v  -38.83 2.61 -3.12
v  -39.39 3.82 -3.12
v  -40.16 4.91 -3.12
v  -41.10 5.85 -3.12
v  -42.19 6.61 -3.12
v  -43.40 7.18 -3.12
v  -44.68 7.52 -3.12
v  -46.01 7.64 0.42
v  -47.33 7.52 0.42
v  -48.62 7.18 0.42
v  -49.83 6.61 0.42
v  -50.92 5.85 0.42
v  -51.86 4.91 0.42
v  -52.62 3.82 0.42
v  -53.18 2.61 0.42
v  -53.53 1.33 0.42
v  -53.64 0.00 0.42
v  -53.53 -1.33 0.42
v  -53.18 -2.61 0.42
v  -52.62 -3.82 0.42
v  -51.86 -4.91 0.42
v  -50.92 -5.85 0.42
v  -49.83 -6.61 0.42
v  -48.62 -7.18 0.42
v  -47.33 -7.52 0.42
v  -46.01 -7.64 0.42
v  -44.68 -7.52 0.42
v  -43.40 -7.18 0.42
v  -42.19 -6.61 0.42
v  -41.10 -5.85 0.42
v  -40.16 -4.91 0.42
v  -39.39 -3.82 0.42
v  -38.83 -2.61 0.42
v  -38.49 -1.33 0.42
v  -38.37 0.00 0.42
v  -38.49 1.33 0.42
v  -38.83 2.61 0.42
v  -39.39 3.82 0.42
v  -40.16 4.91 0.42
v  -41.10 5.85 0.42
v  -42.19 6.61 0.42
v  -43.40 7.18 0.42
v  -44.68 7.52 0.42
v  -46.01 7.64 -0.59
v  -47.33 7.52 -0.59
v  -48.62 7.18 -0.59
v  -49.83 6.61 -0.59
v  -50.92 5.85 -0.59
v  -51.86 4.91 -0.59
v  -52.62 3.82 -0.59
v  -53.18 2.61 -0.59
v  -53.53 1.33 -0.59
v  -53.64 0.00 -0.59
v  -53.53 -1.33 -0.59
v  -53.18 -2.61 -0.59
v  -52.62 -3.82 -0.59
v  -51.86 -4.91 -0.59
v  -50.92 -5.85 -0.59
v  -49.83 -6.61 -0.59
v  -48.62 -7.18 -0.59
v  -47.33 -7.52 -0.59
v  -46.01 -7.64 -0.59
v  -44.68 -7.52 -0.59
v  -43.40 -7.18 -0.59
v  -42.19 -6.61 -0.59
v  -41.10 -5.85 -0.59
v  -40.16 -4.91 -0.59
v  -39.39 -3.82 -0.59
v  -38.83 -2.61 -0.59
v  -38.49 -1.33 -0.59
v  -38.49 1.33 -0.59
v  -38.83 2.61 -0.59
v  -39.39 3.82 -0.59
v  -40.16 4.91 -0.59
v  -41.10 5.85 -0.59
v  -42.19 6.61 -0.59
v  -43.40 7.18 -0.59
v  -44.68 7.52 -0.59
v  -46.01 7.64 -0.25
v  -47.33 7.52 -0.25
v  -46.01 7.64 0.08
v  -47.33 7.52 0.08
v  -48.62 7.18 -0.25
v  -48.62 7.18 0.08
v  -49.83 6.61 -0.25
v  -49.83 6.61 0.08
v  -50.92 5.85 -0.25
v  -50.92 5.85 0.08
v  -51.86 4.91 -0.25
v  -51.86 4.91 0.08
v  -52.62 3.82 -0.25
v  -52.62 3.82 0.08
v  -53.18 2.61 -0.25
v  -53.18 2.61 0.08
v  -53.53 1.33 -0.25
v  -53.53 1.33 0.08
v  -53.64 0.00 -0.25
v  -53.64 0.00 0.08
v  -53.53 -1.33 -0.25
v  -53.53 -1.33 0.08
v  -53.18 -2.61 -0.25
v  -53.18 -2.61 0.08
v  -52.62 -3.82 -0.25
v  -52.62 -3.82 0.08
v  -51.86 -4.91 -0.25
v  -51.86 -4.91 0.08
v  -50.92 -5.85 -0.25
v  -50.92 -5.85 0.08
v  -49.83 -6.61 -0.25
v  -49.83 -6.61 0.08
v  -48.62 -7.18 -0.25
v  -48.62 -7.18 0.08
v  -47.33 -7.52 -0.25
v  -47.33 -7.52 0.08
v  -46.01 -7.64 -0.25
v  -46.01 -7.64 0.08
v  -44.68 -7.52 -0.25
v  -44.68 -7.52 0.08
v  -43.40 -7.18 -0.25
v  -43.40 -7.18 0.08
v  -42.19 -6.61 -0.25
v  -42.19 -6.61 0.08
v  -41.10 -5.85 -0.25
v  -41.10 -5.85 0.08
v  -40.16 -4.91 -0.25
v  -40.16 -4.91 0.08
v  -39.39 -3.82 -0.25
v  -39.39 -3.82 0.08
v  -38.83 -2.61 -0.25
v  -38.83 -2.61 0.08
v  -38.49 -1.33 -0.25
v  -38.49 -1.33 0.08
v  -38.49 1.33 -0.25
v  -38.83 2.61 -0.25
v  -38.49 1.33 0.08
v  -38.83 2.61 0.08
v  -39.39 3.82 -0.25
v  -39.39 3.82 0.08
v  -40.16 4.91 -0.25
v  -40.16 4.91 0.08
v  -41.10 5.85 -0.25
v  -41.10 5.85 0.08
v  -42.19 6.61 -0.25
v  -42.19 6.61 0.08
v  -43.40 7.18 -0.25
v  -43.40 7.18 0.08
v  -44.68 7.52 -0.25
v  -44.68 7.52 0.08
v  -38.40 -0.46 -0.78
v  -38.41 0.44 -0.79
v  -38.42 0.59 -0.56
v  -38.42 0.66 -0.28
v  -38.41 0.59 0.01
v  -38.41 0.43 0.23
v  -38.37 -0.00 0.39
v  -38.40 -0.43 0.23
v  -38.39 -0.60 0.02
v  -38.39 -0.67 -0.27
v  -38.40 -0.61 -0.55
v  -38.38 -0.27 -0.73
v  -38.39 -0.30 -0.75
v  -38.38 -0.01 -0.84
v  -38.39 -0.01 -0.80
v  -38.40 0.27 -0.76
v  -38.39 0.25 -0.74
v  -38.41 0.47 -0.56
v  -38.40 0.45 -0.55
v  -38.41 0.56 -0.28
v  -38.40 0.52 -0.28
v  -38.40 0.48 -0.00
v  -38.40 0.45 -0.02
v  -38.39 0.28 0.20
v  -38.39 0.26 0.18
v  -38.38 -0.00 0.29
v  -38.38 -0.00 0.25
v  -38.38 -0.28 0.20
v  -38.37 -0.26 0.18
v  -38.38 -0.49 0.01
v  -38.36 -0.46 -0.01
v  -38.38 -0.57 -0.27
v  -38.36 -0.53 -0.27
v  -38.38 -0.49 -0.55
v  -38.37 -0.47 -0.54
v  -38.69 -0.43 -0.03
v  -38.69 -0.25 0.15
v  -38.69 -0.50 -0.27
v  -38.69 -0.44 -0.51
v  -38.70 -0.26 -0.69
v  -38.71 -0.02 -0.76
v  -38.71 0.22 -0.70
v  -38.72 0.40 -0.52
v  -38.72 0.47 -0.28
v  -38.72 0.41 -0.04
v  -38.71 0.23 0.14
v  -38.70 -0.01 0.21
# 3191 vertices

vn -0.00 -0.34 0.94
vn -0.00 -0.17 0.98
vn -0.00 -0.64 0.77
vn -0.00 -0.50 0.87
vn -0.00 -0.94 0.34
vn -0.00 -0.87 0.50
vn 0.00 -1.00 -0.01
vn -0.00 -0.98 -0.17
vn -0.00 -1.00 -0.00
vn -0.00 -0.50 -0.87
vn 0.00 -0.34 -0.94
vn 0.00 -0.17 -0.98
vn 0.00 -0.00 -1.00
vn -0.00 -0.00 1.00
vn -0.00 -0.77 0.64
vn 0.00 -0.98 0.17
vn -0.00 -0.99 0.17
vn 0.00 -1.00 0.00
vn -0.00 -1.00 -0.01
vn -0.00 -0.94 -0.34
vn -0.00 -0.87 -0.50
vn -0.00 -0.77 -0.64
vn -0.00 -0.64 -0.77
vn -0.00 -0.34 -0.94
vn -0.00 -0.00 -1.00
vn 0.00 0.00 1.00
vn -0.00 0.00 1.00
vn -0.98 -0.18 -0.00
vn -1.00 0.00 -0.00
vn -0.94 -0.34 -0.00
vn -0.87 -0.50 -0.00
vn -0.87 -0.50 0.00
vn -0.77 -0.64 -0.00
vn -0.64 -0.77 0.00
vn -0.50 -0.87 0.00
vn -0.34 -0.94 0.00
vn -0.17 -0.98 0.00
vn -0.00 -1.00 0.00
vn 0.17 -0.98 0.00
vn 0.34 -0.94 0.00
vn 0.50 -0.87 0.00
vn 0.64 -0.77 0.00
vn 0.77 -0.64 0.00
vn 0.87 -0.50 0.00
vn 0.94 -0.34 0.00
vn 0.98 -0.18 0.00
vn 1.00 -0.00 0.00
vn -0.98 -0.18 0.00
vn -1.00 0.00 0.00
vn -0.94 -0.34 0.00
vn -0.50 -0.87 -0.00
vn -0.34 -0.94 -0.00
vn 0.00 -1.00 -0.00
vn 0.34 -0.94 -0.00
vn 0.50 -0.87 -0.00
vn 0.77 -0.64 -0.00
vn -0.64 -0.77 -0.00
vn -0.17 -0.98 -0.00
vn -0.00 0.17 0.98
vn -0.00 0.34 0.94
vn 0.00 0.87 0.50
vn 0.00 0.94 0.34
vn -0.00 0.98 0.17
vn -0.00 1.00 -0.00
vn 0.00 1.00 -0.01
vn -0.00 0.99 0.17
vn 0.00 0.98 -0.17
vn 0.00 0.94 -0.34
vn 0.00 0.87 -0.50
vn 0.00 0.77 -0.64
vn 0.00 0.17 -0.98
vn 0.00 0.50 0.87
vn 0.00 0.64 0.77
vn 0.00 0.77 0.64
vn 0.00 0.98 0.17
vn 0.00 0.99 0.17
vn 0.00 1.00 0.00
vn -0.00 1.00 -0.01
vn -0.00 0.94 -0.34
vn -0.00 0.77 -0.64
vn 0.00 0.64 -0.77
vn 0.00 0.50 -0.87
vn -0.00 0.50 -0.87
vn 0.00 0.34 -0.94
vn -0.00 0.17 -0.98
vn 0.00 -0.00 1.00
vn -0.98 0.18 -0.00
vn -0.94 0.34 -0.00
vn -0.87 0.50 -0.00
vn -0.87 0.50 0.00
vn -0.77 0.64 -0.00
vn -0.77 0.64 0.00
vn -0.64 0.77 0.00
vn -0.50 0.87 0.00
vn -0.34 0.94 0.00
vn -0.17 0.98 0.00
vn 0.17 0.98 0.00
vn 0.34 0.94 0.00
vn 0.50 0.87 0.00
vn 0.64 0.77 0.00
vn 0.77 0.64 0.00
vn 0.87 0.50 0.00
vn 0.94 0.34 0.00
vn 0.98 0.18 0.00
vn -0.98 0.18 0.00
vn -0.94 0.34 0.00
vn -0.50 0.87 -0.00
vn -0.34 0.94 -0.00
vn 0.00 1.00 -0.00
vn 0.34 0.94 -0.00
vn 0.50 0.87 -0.00
vn 0.77 0.64 -0.00
vn 0.00 0.00 -1.00
vn -0.00 0.00 -1.00
vn -0.64 0.77 -0.00
vn -0.17 0.98 -0.00
vn -0.00 -0.98 0.17
vn -0.77 -0.64 0.00
vn 0.00 -0.50 0.87
vn 0.94 -0.34 -0.00
vn 0.00 0.34 0.94
vn 0.94 0.34 -0.00
vn 0.68 -0.26 0.68
vn 0.71 -0.00 0.71
vn 0.62 -0.48 0.62
vn 0.54 -0.65 0.54
vn 0.44 -0.78 0.44
vn 0.34 -0.88 0.34
vn 0.25 -0.94 0.25
vn 0.15 -0.98 0.15
vn 0.07 -1.00 0.06
vn -0.00 -1.00 -0.02
vn -0.71 0.00 0.71
vn -0.68 -0.26 0.68
vn -0.62 -0.48 0.62
vn -0.54 -0.65 0.54
vn -0.44 -0.78 0.44
vn -0.34 -0.88 0.34
vn -0.25 -0.94 0.25
vn -0.15 -0.98 0.15
vn -0.07 -1.00 0.06
vn 0.68 0.26 0.68
vn 0.62 0.48 0.62
vn 0.54 0.65 0.54
vn 0.44 0.78 0.44
vn 0.34 0.88 0.34
vn 0.25 0.94 0.25
vn 0.15 0.98 0.15
vn 0.07 1.00 0.06
vn 0.00 1.00 -0.02
vn -0.68 0.26 0.68
vn -0.62 0.48 0.62
vn -0.54 0.65 0.54
vn -0.44 0.78 0.44
vn -0.34 0.88 0.34
vn -0.25 0.94 0.25
vn -0.15 0.98 0.15
vn -0.07 1.00 0.06
vn -0.00 -0.17 -0.98
vn -0.00 0.34 -0.94
vn 0.17 -0.98 -0.00
vn -0.00 1.00 -0.02
vn -0.07 1.00 0.07
vn -0.07 -1.00 0.07
vn 0.07 -1.00 0.07
vn 0.07 1.00 0.07
vn 0.02 -1.00 0.00
vn -0.07 -1.00 -0.07
vn -0.54 -0.65 -0.54
vn -0.62 -0.48 -0.62
vn -0.68 -0.26 -0.68
vn -0.71 0.00 -0.71
vn 0.02 1.00 0.00
vn -0.07 1.00 -0.07
vn -0.15 0.98 -0.15
vn -0.25 0.94 -0.25
vn -0.34 0.88 -0.34
vn -0.68 0.26 -0.68
vn -0.15 -0.98 -0.15
vn -0.25 -0.94 -0.25
vn -0.34 -0.88 -0.34
vn -0.44 -0.78 -0.44
vn -0.44 0.78 -0.44
vn -0.54 0.65 -0.54
vn -0.62 0.48 -0.62
vn -0.98 0.17 -0.00
vn -0.98 -0.17 -0.00
vn 0.98 -0.18 -0.01
vn 0.98 -0.17 0.00
vn 1.00 -0.00 0.08
vn 1.00 0.00 0.00
vn 0.98 0.17 -0.00
vn 0.98 0.17 0.00
vn 0.98 -0.18 0.01
vn 1.00 0.00 -0.01
vn 0.98 -0.20 -0.00
vn 0.98 0.18 -0.00
vn 0.98 -0.20 0.00
vn 0.19 0.13 -0.97
vn 0.99 -0.09 -0.08
vn 1.00 0.08 -0.01
vn 1.00 0.09 -0.03
vn 0.99 0.10 -0.01
vn 1.00 0.09 0.02
vn 1.00 0.01 -0.03
vn 0.99 -0.08 0.08
vn 0.99 -0.11 0.06
vn 0.99 -0.14 -0.00
vn 0.99 -0.11 -0.07
vn 0.94 -0.16 -0.29
vn 0.98 -0.13 -0.16
vn 0.99 0.04 0.11
vn 0.99 0.05 0.14
vn 0.99 0.08 -0.06
vn 0.99 0.09 -0.11
vn 0.99 0.13 -0.07
vn 0.98 0.18 -0.10
vn 0.99 0.13 -0.01
vn 0.98 0.18 -0.01
vn 0.99 0.13 0.05
vn 0.98 0.19 0.08
vn 0.99 0.10 0.07
vn 0.98 0.13 0.13
vn 1.00 0.01 -0.04
vn 0.96 -0.13 0.24
vn 0.90 -0.18 0.40
vn 0.97 -0.20 0.14
vn 0.93 -0.30 0.20
vn 0.98 -0.22 -0.00
vn 0.95 -0.32 -0.01
vn 0.97 -0.21 -0.13
vn 0.92 -0.32 -0.21
vn 0.11 0.49 -0.86
vn 0.10 0.86 -0.51
vn 0.10 1.00 -0.01
vn 0.10 0.87 0.49
vn 0.12 0.51 0.85
vn 0.14 0.02 0.99
vn 0.15 -0.48 0.86
vn 0.16 -0.85 0.50
vn 0.16 -0.99 0.01
vn 0.16 -0.86 -0.49
vn 0.14 -0.50 -0.85
vn 0.12 -0.01 -0.99
# 244 vertex normals

vt 0.50 0.58 0.50
vt 0.50 0.09 0.50
vt 0.51 0.58 0.50
vt 0.51 0.09 0.50
vt 0.50 0.59 0.49
vt 0.50 0.58 0.49
vt 0.50 0.09 0.49
vt 0.51 0.08 0.49
vt 0.51 0.59 0.49
vt 0.49 0.08 0.49
vt 0.50 0.08 0.49
vt 0.49 0.59 0.49
vt 0.50 0.08 0.48
vt 0.50 0.59 0.48
vt 0.50 -0.28 0.50
vt 0.50 0.07 0.50
vt 0.51 -0.28 0.50
vt 0.51 0.07 0.50
vt 0.50 -0.28 0.49
vt 0.50 0.07 0.49
vt 0.51 -0.28 0.49
vt 0.49 -0.28 0.49
vt 0.50 -0.28 0.48
vt 0.50 0.11 0.57
vt 0.51 0.11 0.57
vt 0.51 0.12 0.57
vt 0.50 0.12 0.57
vt 0.52 0.11 0.57
vt 0.52 0.12 0.57
vt 0.53 0.11 0.57
vt 0.53 0.12 0.57
vt 0.54 0.10 0.57
vt 0.54 0.12 0.57
vt 0.51 0.04 0.57
vt 0.51 0.06 0.57
vt 0.50 0.06 0.57
vt 0.50 0.04 0.57
vt 0.52 0.04 0.57
vt 0.52 0.06 0.57
vt 0.53 0.05 0.57
vt 0.53 0.06 0.57
vt 0.54 0.05 0.57
vt 0.54 0.06 0.57
vt 0.50 0.55 0.07
vt 0.50 0.51 0.07
vt 0.50 0.50 0.07
vt 0.51 0.55 0.07
vt 0.51 0.50 0.07
vt 0.45 0.07 0.49
vt 0.45 0.08 0.49
vt 0.45 0.09 0.49
vt 0.49 0.50 0.09
vt 0.49 0.55 0.09
vt 0.50 0.50 0.09
vt 0.50 0.55 0.09
vt 0.50 0.51 0.09
vt 0.50 0.08 0.57
vt 0.51 0.08 0.57
vt 0.51 0.09 0.57
vt 0.50 0.09 0.57
vt 0.51 0.13 0.57
vt 0.50 0.13 0.57
vt 0.52 0.08 0.57
vt 0.52 0.09 0.57
vt 0.52 0.13 0.57
vt 0.53 0.08 0.57
vt 0.53 0.09 0.57
vt 0.53 0.13 0.57
vt 0.54 0.08 0.57
vt 0.54 0.09 0.57
vt 0.54 0.13 0.57
vt 0.56 0.08 0.57
vt 0.56 0.09 0.57
vt 0.55 0.10 0.57
vt 0.55 0.11 0.57
vt 0.55 0.12 0.57
vt 0.51 0.07 0.57
vt 0.50 0.07 0.57
vt 0.50 0.03 0.57
vt 0.51 0.03 0.57
vt 0.52 0.07 0.57
vt 0.52 0.03 0.57
vt 0.53 0.07 0.57
vt 0.53 0.03 0.57
vt 0.54 0.07 0.57
vt 0.54 0.04 0.57
vt 0.56 0.07 0.57
vt 0.55 0.06 0.57
vt 0.55 0.05 0.57
vt 0.55 0.04 0.57
vt 0.51 0.57 0.01
vt 0.50 0.57 0.01
vt 0.50 0.56 0.01
vt 0.51 0.56 0.01
vt 0.52 0.57 0.01
vt 0.52 0.56 0.01
vt 0.54 0.57 0.02
vt 0.54 0.56 0.02
vt 0.55 0.57 0.03
vt 0.55 0.56 0.03
vt 0.43 0.04 0.45
vt 0.43 0.03 0.45
vt 0.44 0.03 0.45
vt 0.44 0.04 0.45
vt 0.43 0.05 0.44
vt 0.44 0.05 0.44
vt 0.43 0.06 0.43
vt 0.44 0.06 0.43
vt 0.43 0.07 0.43
vt 0.44 0.07 0.43
vt 0.43 0.08 0.43
vt 0.44 0.08 0.43
vt 0.43 0.09 0.43
vt 0.44 0.09 0.43
vt 0.43 0.11 0.43
vt 0.44 0.11 0.43
vt 0.43 0.12 0.44
vt 0.44 0.12 0.44
vt 0.43 0.13 0.45
vt 0.44 0.13 0.45
vt 0.43 0.14 0.45
vt 0.44 0.14 0.45
vt 0.46 0.57 0.14
vt 0.45 0.57 0.14
vt 0.45 0.56 0.14
vt 0.46 0.56 0.14
vt 0.48 0.57 0.15
vt 0.48 0.56 0.15
vt 0.49 0.57 0.15
vt 0.49 0.56 0.15
vt 0.50 0.57 0.15
vt 0.50 0.56 0.15
vt 0.51 0.15 0.57
vt 0.50 0.15 0.57
vt 0.52 0.15 0.57
vt 0.54 0.14 0.57
vt 0.55 0.13 0.57
vt 0.56 0.12 0.57
vt 0.57 0.10 0.57
vt 0.57 0.09 0.57
vt 0.57 0.08 0.57
vt 0.57 0.07 0.57
vt 0.57 0.06 0.57
vt 0.56 0.05 0.57
vt 0.55 0.03 0.57
vt 0.54 0.02 0.57
vt 0.52 0.02 0.57
vt 0.51 0.01 0.57
vt 0.50 0.01 0.57
vt 0.49 0.01 0.56
vt 0.50 0.01 0.56
vt 0.50 0.07 0.56
vt 0.48 0.02 0.56
vt 0.46 0.02 0.56
vt 0.49 0.07 0.56
vt 0.45 0.03 0.56
vt 0.45 0.04 0.56
vt 0.44 0.05 0.56
vt 0.49 0.08 0.56
vt 0.43 0.06 0.56
vt 0.43 0.07 0.56
vt 0.43 0.08 0.56
vt 0.43 0.09 0.56
vt 0.43 0.10 0.56
vt 0.44 0.12 0.56
vt 0.49 0.09 0.56
vt 0.45 0.13 0.56
vt 0.46 0.14 0.56
vt 0.48 0.15 0.56
vt 0.50 0.09 0.56
vt 0.49 0.15 0.56
vt 0.50 0.15 0.56
vt 0.55 0.14 0.57
vt 0.57 0.11 0.57
vt 0.52 0.01 0.57
vt 0.48 0.01 0.56
vt 0.43 0.11 0.56
vt 0.45 0.14 0.56
vt 0.50 0.56 0.07
vt 0.51 0.56 0.07
vt 0.44 0.07 0.49
vt 0.44 0.08 0.49
vt 0.44 0.09 0.49
vt 0.49 0.56 0.09
vt 0.50 0.56 0.09
vt 0.50 0.58 0.51
vt 0.50 0.59 0.51
vt 0.50 0.09 0.51
vt 0.49 0.59 0.51
vt 0.49 0.08 0.51
vt 0.50 0.08 0.51
vt 0.49 -0.28 0.50
vt 0.49 0.07 0.50
vt 0.50 -0.28 0.51
vt 0.50 0.07 0.51
vt 0.49 -0.28 0.51
vt 0.49 0.12 0.57
vt 0.49 0.11 0.57
vt 0.48 0.12 0.57
vt 0.48 0.11 0.57
vt 0.47 0.12 0.57
vt 0.47 0.11 0.57
vt 0.46 0.12 0.57
vt 0.46 0.10 0.57
vt 0.49 0.04 0.57
vt 0.49 0.06 0.57
vt 0.48 0.04 0.57
vt 0.48 0.06 0.57
vt 0.47 0.05 0.57
vt 0.47 0.06 0.57
vt 0.46 0.05 0.57
vt 0.46 0.06 0.57
vt 0.49 0.55 0.07
vt 0.49 0.50 0.07
vt 0.55 0.07 0.51
vt 0.55 0.08 0.51
vt 0.55 0.09 0.51
vt 0.51 0.55 0.09
vt 0.51 0.50 0.09
vt 0.49 0.09 0.57
vt 0.49 0.08 0.57
vt 0.49 0.13 0.57
vt 0.48 0.09 0.57
vt 0.48 0.08 0.57
vt 0.48 0.13 0.57
vt 0.47 0.09 0.57
vt 0.47 0.08 0.57
vt 0.47 0.13 0.57
vt 0.46 0.09 0.57
vt 0.46 0.08 0.57
vt 0.46 0.13 0.57
vt 0.44 0.09 0.57
vt 0.44 0.08 0.57
vt 0.45 0.10 0.57
vt 0.45 0.12 0.57
vt 0.45 0.11 0.57
vt 0.49 0.07 0.57
vt 0.49 0.03 0.57
vt 0.48 0.07 0.57
vt 0.48 0.03 0.57
vt 0.47 0.07 0.57
vt 0.47 0.03 0.57
vt 0.46 0.07 0.57
vt 0.46 0.04 0.57
vt 0.44 0.07 0.57
vt 0.45 0.06 0.57
vt 0.45 0.05 0.57
vt 0.45 0.04 0.57
vt 0.49 0.57 0.01
vt 0.49 0.56 0.01
vt 0.48 0.57 0.01
vt 0.48 0.56 0.01
vt 0.46 0.57 0.02
vt 0.46 0.56 0.02
vt 0.45 0.57 0.03
vt 0.45 0.56 0.03
vt 0.57 0.04 0.55
vt 0.56 0.04 0.55
vt 0.56 0.03 0.55
vt 0.57 0.03 0.55
vt 0.57 0.05 0.56
vt 0.56 0.05 0.56
vt 0.56 0.06 0.57
vt 0.56 0.11 0.57
vt 0.57 0.12 0.56
vt 0.56 0.12 0.56
vt 0.57 0.13 0.55
vt 0.56 0.13 0.55
vt 0.57 0.14 0.55
vt 0.56 0.14 0.55
vt 0.54 0.57 0.14
vt 0.54 0.56 0.14
vt 0.55 0.56 0.14
vt 0.55 0.57 0.14
vt 0.52 0.57 0.15
vt 0.52 0.56 0.15
vt 0.51 0.57 0.15
vt 0.51 0.56 0.15
vt 0.49 0.15 0.57
vt 0.48 0.15 0.57
vt 0.47 0.14 0.57
vt 0.45 0.13 0.57
vt 0.44 0.12 0.57
vt 0.43 0.10 0.57
vt 0.43 0.09 0.57
vt 0.43 0.08 0.57
vt 0.43 0.07 0.57
vt 0.43 0.06 0.57
vt 0.44 0.05 0.57
vt 0.46 0.03 0.57
vt 0.47 0.02 0.57
vt 0.48 0.02 0.57
vt 0.49 0.01 0.57
vt 0.51 0.01 0.56
vt 0.52 0.02 0.56
vt 0.53 0.02 0.56
vt 0.51 0.07 0.56
vt 0.54 0.03 0.56
vt 0.55 0.04 0.56
vt 0.51 0.08 0.56
vt 0.57 0.06 0.56
vt 0.57 0.07 0.56
vt 0.57 0.08 0.56
vt 0.57 0.09 0.56
vt 0.57 0.10 0.56
vt 0.51 0.09 0.56
vt 0.55 0.13 0.56
vt 0.54 0.13 0.56
vt 0.53 0.14 0.56
vt 0.52 0.15 0.56
vt 0.51 0.15 0.56
vt 0.46 0.14 0.57
vt 0.45 0.14 0.57
vt 0.43 0.11 0.57
vt 0.45 0.03 0.57
vt 0.46 0.02 0.57
vt 0.48 0.01 0.57
vt 0.52 0.01 0.56
vt 0.54 0.02 0.56
vt 0.55 0.03 0.56
vt 0.57 0.11 0.56
vt 0.55 0.14 0.56
vt 0.54 0.14 0.56
vt 0.49 0.56 0.07
vt 0.56 0.07 0.51
vt 0.56 0.08 0.51
vt 0.56 0.09 0.51
vt 0.51 0.56 0.09
vt 0.50 1.09 0.50
vt 0.50 0.60 0.50
vt 0.51 1.09 0.50
vt 0.51 0.60 0.50
vt 0.50 1.10 0.49
vt 0.50 1.09 0.49
vt 0.50 0.60 0.49
vt 0.51 1.10 0.49
vt 0.49 1.10 0.49
vt 0.50 1.10 0.48
vt 0.50 0.56 0.57
vt 0.50 0.55 0.57
vt 0.51 0.55 0.57
vt 0.51 0.57 0.57
vt 0.52 0.55 0.57
vt 0.52 0.57 0.57
vt 0.53 0.55 0.57
vt 0.53 0.57 0.57
vt 0.54 0.56 0.57
vt 0.54 0.57 0.57
vt 0.51 0.63 0.57
vt 0.50 0.63 0.57
vt 0.50 0.62 0.57
vt 0.51 0.62 0.57
vt 0.52 0.63 0.57
vt 0.52 0.62 0.57
vt 0.53 0.63 0.57
vt 0.53 0.61 0.57
vt 0.54 0.62 0.57
vt 0.54 0.61 0.57
vt 0.50 0.55 0.60
vt 0.50 0.51 0.60
vt 0.50 0.50 0.60
vt 0.49 0.55 0.60
vt 0.49 0.50 0.60
vt 0.45 0.60 0.49
vt 0.45 0.59 0.49
vt 0.45 0.58 0.49
vt 0.51 0.55 0.58
vt 0.51 0.50 0.58
vt 0.50 0.55 0.58
vt 0.50 0.50 0.58
vt 0.50 0.51 0.58
vt 0.50 0.59 0.57
vt 0.50 0.58 0.57
vt 0.51 0.58 0.57
vt 0.51 0.59 0.57
vt 0.51 0.54 0.57
vt 0.50 0.54 0.57
vt 0.52 0.58 0.57
vt 0.52 0.59 0.57
vt 0.52 0.54 0.57
vt 0.53 0.58 0.57
vt 0.53 0.59 0.57
vt 0.53 0.54 0.57
vt 0.54 0.58 0.57
vt 0.54 0.59 0.57
vt 0.54 0.55 0.57
vt 0.56 0.58 0.57
vt 0.56 0.59 0.57
vt 0.55 0.57 0.57
vt 0.55 0.55 0.57
vt 0.55 0.56 0.57
vt 0.51 0.60 0.57
vt 0.50 0.60 0.57
vt 0.51 0.64 0.57
vt 0.50 0.64 0.57
vt 0.52 0.60 0.57
vt 0.52 0.64 0.57
vt 0.53 0.60 0.57
vt 0.53 0.64 0.57
vt 0.54 0.60 0.57
vt 0.54 0.63 0.57
vt 0.56 0.60 0.57
vt 0.55 0.61 0.57
vt 0.55 0.62 0.57
vt 0.55 0.63 0.57
vt 0.49 0.57 0.66
vt 0.49 0.56 0.66
vt 0.50 0.56 0.66
vt 0.50 0.57 0.66
vt 0.48 0.57 0.66
vt 0.48 0.56 0.66
vt 0.46 0.57 0.65
vt 0.46 0.56 0.65
vt 0.45 0.57 0.65
vt 0.45 0.56 0.65
vt 0.43 0.64 0.45
vt 0.44 0.64 0.45
vt 0.44 0.65 0.45
vt 0.43 0.65 0.45
vt 0.43 0.63 0.44
vt 0.44 0.63 0.44
vt 0.43 0.62 0.43
vt 0.44 0.62 0.43
vt 0.43 0.60 0.43
vt 0.44 0.60 0.43
vt 0.43 0.59 0.43
vt 0.44 0.59 0.43
vt 0.43 0.58 0.43
vt 0.44 0.58 0.43
vt 0.43 0.57 0.43
vt 0.44 0.57 0.43
vt 0.43 0.56 0.44
vt 0.44 0.56 0.44
vt 0.43 0.55 0.45
vt 0.44 0.55 0.45
vt 0.43 0.54 0.45
vt 0.44 0.54 0.45
vt 0.54 0.57 0.53
vt 0.54 0.56 0.53
vt 0.55 0.56 0.54
vt 0.55 0.57 0.54
vt 0.52 0.57 0.52
vt 0.52 0.56 0.52
vt 0.51 0.57 0.52
vt 0.51 0.56 0.52
vt 0.50 0.57 0.52
vt 0.50 0.56 0.52
vt 0.50 0.52 0.57
vt 0.51 0.52 0.57
vt 0.52 0.53 0.57
vt 0.54 0.53 0.57
vt 0.55 0.54 0.57
vt 0.56 0.56 0.57
vt 0.57 0.57 0.57
vt 0.57 0.58 0.57
vt 0.57 0.59 0.57
vt 0.57 0.60 0.57
vt 0.57 0.61 0.57
vt 0.56 0.63 0.57
vt 0.55 0.64 0.57
vt 0.54 0.65 0.57
vt 0.52 0.66 0.57
vt 0.51 0.66 0.57
vt 0.50 0.66 0.57
vt 0.49 0.66 0.56
vt 0.50 0.60 0.56
vt 0.50 0.66 0.56
vt 0.48 0.66 0.56
vt 0.46 0.65 0.56
vt 0.49 0.60 0.56
vt 0.45 0.64 0.56
vt 0.44 0.63 0.56
vt 0.43 0.61 0.56
vt 0.49 0.59 0.56
vt 0.43 0.60 0.56
vt 0.43 0.59 0.56
vt 0.43 0.58 0.56
vt 0.43 0.57 0.56
vt 0.44 0.56 0.56
vt 0.45 0.55 0.56
vt 0.49 0.58 0.56
vt 0.45 0.54 0.56
vt 0.46 0.53 0.56
vt 0.48 0.53 0.56
vt 0.50 0.58 0.56
vt 0.49 0.52 0.56
vt 0.50 0.52 0.56
vt 0.52 0.52 0.57
vt 0.57 0.62 0.57
vt 0.55 0.65 0.57
vt 0.45 0.65 0.56
vt 0.43 0.62 0.56
vt 0.48 0.52 0.56
vt 0.50 0.56 0.60
vt 0.49 0.56 0.60
vt 0.44 0.60 0.49
vt 0.44 0.59 0.49
vt 0.44 0.58 0.49
vt 0.51 0.56 0.58
vt 0.50 0.56 0.58
vt 0.49 0.09 0.50
vt 0.49 0.58 0.50
vt 0.50 1.09 0.51
vt 0.50 1.10 0.51
vt 0.50 0.60 0.51
vt 0.49 1.10 0.51
vt 0.49 0.57 0.57
vt 0.49 0.55 0.57
vt 0.48 0.57 0.57
vt 0.48 0.55 0.57
vt 0.47 0.57 0.57
vt 0.47 0.55 0.57
vt 0.46 0.57 0.57
vt 0.46 0.56 0.57
vt 0.49 0.63 0.57
vt 0.49 0.62 0.57
vt 0.48 0.63 0.57
vt 0.48 0.62 0.57
vt 0.47 0.63 0.57
vt 0.47 0.61 0.57
vt 0.46 0.62 0.57
vt 0.46 0.61 0.57
vt 0.51 0.55 0.60
vt 0.51 0.50 0.60
vt 0.55 0.60 0.51
vt 0.55 0.59 0.51
vt 0.55 0.58 0.51
vt 0.49 0.55 0.58
vt 0.49 0.50 0.58
vt 0.49 0.59 0.57
vt 0.49 0.58 0.57
vt 0.49 0.54 0.57
vt 0.48 0.59 0.57
vt 0.48 0.58 0.57
vt 0.48 0.54 0.57
vt 0.47 0.59 0.57
vt 0.47 0.58 0.57
vt 0.47 0.54 0.57
vt 0.46 0.59 0.57
vt 0.46 0.58 0.57
vt 0.46 0.55 0.57
vt 0.44 0.59 0.57
vt 0.44 0.58 0.57
vt 0.45 0.57 0.57
vt 0.45 0.56 0.57
vt 0.45 0.55 0.57
vt 0.49 0.60 0.57
vt 0.49 0.64 0.57
vt 0.48 0.60 0.57
vt 0.48 0.64 0.57
vt 0.47 0.60 0.57
vt 0.47 0.64 0.57
vt 0.46 0.60 0.57
vt 0.46 0.63 0.57
vt 0.44 0.60 0.57
vt 0.45 0.61 0.57
vt 0.45 0.62 0.57
vt 0.45 0.63 0.57
vt 0.51 0.57 0.66
vt 0.51 0.56 0.66
vt 0.52 0.57 0.66
vt 0.52 0.56 0.66
vt 0.54 0.57 0.65
vt 0.54 0.56 0.65
vt 0.55 0.57 0.65
vt 0.55 0.56 0.65
vt 0.57 0.64 0.55
vt 0.57 0.65 0.55
vt 0.56 0.65 0.55
vt 0.56 0.64 0.55
vt 0.57 0.63 0.56
vt 0.56 0.63 0.56
vt 0.56 0.62 0.57
vt 0.56 0.57 0.57
vt 0.57 0.56 0.56
vt 0.56 0.56 0.56
vt 0.57 0.55 0.55
vt 0.56 0.55 0.55
vt 0.57 0.54 0.55
vt 0.56 0.54 0.55
vt 0.46 0.57 0.53
vt 0.45 0.57 0.54
vt 0.45 0.56 0.54
vt 0.46 0.56 0.53
vt 0.48 0.57 0.52
vt 0.48 0.56 0.52
vt 0.49 0.57 0.52
vt 0.49 0.56 0.52
vt 0.49 0.52 0.57
vt 0.48 0.53 0.57
vt 0.47 0.53 0.57
vt 0.46 0.54 0.57
vt 0.44 0.56 0.57
vt 0.43 0.57 0.57
vt 0.43 0.58 0.57
vt 0.43 0.59 0.57
vt 0.43 0.60 0.57
vt 0.43 0.61 0.57
vt 0.44 0.63 0.57
vt 0.45 0.64 0.57
vt 0.46 0.64 0.57
vt 0.47 0.65 0.57
vt 0.48 0.66 0.57
vt 0.49 0.66 0.57
vt 0.51 0.66 0.56
vt 0.52 0.66 0.56
vt 0.53 0.65 0.56
vt 0.51 0.60 0.56
vt 0.54 0.64 0.56
vt 0.55 0.64 0.56
vt 0.57 0.61 0.56
vt 0.51 0.59 0.56
vt 0.57 0.60 0.56
vt 0.57 0.59 0.56
vt 0.57 0.58 0.56
vt 0.57 0.57 0.56
vt 0.55 0.55 0.56
vt 0.51 0.58 0.56
vt 0.54 0.54 0.56
vt 0.53 0.53 0.56
vt 0.52 0.53 0.56
vt 0.51 0.52 0.56
vt 0.48 0.52 0.57
vt 0.46 0.53 0.57
vt 0.45 0.54 0.57
vt 0.43 0.62 0.57
vt 0.45 0.65 0.57
vt 0.46 0.65 0.57
vt 0.54 0.65 0.56
vt 0.55 0.65 0.56
vt 0.57 0.62 0.56
vt 0.55 0.54 0.56
vt 0.54 0.53 0.56
vt 0.52 0.52 0.56
vt 0.51 0.56 0.60
vt 0.56 0.60 0.51
vt 0.56 0.59 0.51
vt 0.56 0.58 0.51
vt 0.49 0.56 0.58
vt 0.50 1.11 0.50
vt 0.50 1.60 0.50
vt 0.51 1.11 0.50
vt 0.51 1.60 0.50
vt 0.50 1.11 0.49
vt 0.50 1.61 0.49
vt 0.50 1.60 0.49
vt 0.51 1.61 0.49
vt 0.49 1.60 0.49
vt 0.50 1.60 0.48
vt 0.50 1.58 0.57
vt 0.50 1.57 0.57
vt 0.51 1.57 0.57
vt 0.51 1.58 0.57
vt 0.52 1.57 0.57
vt 0.52 1.59 0.57
vt 0.53 1.57 0.57
vt 0.53 1.59 0.57
vt 0.54 1.58 0.57
vt 0.54 1.59 0.57
vt 0.51 1.65 0.57
vt 0.50 1.65 0.57
vt 0.50 1.64 0.57
vt 0.51 1.64 0.57
vt 0.52 1.65 0.57
vt 0.52 1.63 0.57
vt 0.53 1.65 0.57
vt 0.53 1.63 0.57
vt 0.54 1.64 0.57
vt 0.54 1.63 0.57
vt 0.50 0.55 1.62
vt 0.50 0.50 1.62
vt 0.49 0.55 1.62
vt 0.49 0.50 1.62
vt 0.45 1.62 0.49
vt 0.50 1.62 0.49
vt 0.45 1.61 0.49
vt 0.45 1.60 0.49
vt 0.51 0.55 1.60
vt 0.51 0.50 1.60
vt 0.50 0.55 1.60
vt 0.50 0.50 1.60
vt 0.50 0.51 1.60
vt 0.50 1.61 0.57
vt 0.50 1.60 0.57
vt 0.51 1.60 0.57
vt 0.51 1.61 0.57
vt 0.51 1.56 0.57
vt 0.50 1.56 0.57
vt 0.52 1.60 0.57
vt 0.52 1.61 0.57
vt 0.52 1.56 0.57
vt 0.53 1.60 0.57
vt 0.53 1.61 0.57
vt 0.53 1.56 0.57
vt 0.54 1.60 0.57
vt 0.54 1.61 0.57
vt 0.54 1.57 0.57
vt 0.56 1.60 0.57
vt 0.56 1.61 0.57
vt 0.55 1.59 0.57
vt 0.55 1.57 0.57
vt 0.55 1.58 0.57
vt 0.51 1.62 0.57
vt 0.50 1.62 0.57
vt 0.51 1.66 0.57
vt 0.50 1.66 0.57
vt 0.52 1.62 0.57
vt 0.52 1.66 0.57
vt 0.53 1.62 0.57
vt 0.53 1.66 0.57
vt 0.54 1.62 0.57
vt 0.54 1.65 0.57
vt 0.56 1.62 0.57
vt 0.55 1.63 0.57
vt 0.55 1.64 0.57
vt 0.55 1.65 0.57
vt 0.49 0.57 1.68
vt 0.49 0.56 1.68
vt 0.50 0.56 1.68
vt 0.50 0.57 1.68
vt 0.48 0.57 1.68
vt 0.48 0.56 1.68
vt 0.46 0.57 1.67
vt 0.46 0.56 1.67
vt 0.45 0.57 1.66
vt 0.45 0.56 1.66
vt 0.43 1.66 0.45
vt 0.44 1.66 0.45
vt 0.43 1.65 0.44
vt 0.44 1.65 0.44
vt 0.43 1.63 0.43
vt 0.44 1.63 0.43
vt 0.43 1.62 0.43
vt 0.44 1.62 0.43
vt 0.43 1.61 0.43
vt 0.44 1.61 0.43
vt 0.43 1.60 0.43
vt 0.44 1.60 0.43
vt 0.43 1.59 0.43
vt 0.44 1.59 0.43
vt 0.43 1.57 0.44
vt 0.44 1.57 0.44
vt 0.43 1.56 0.45
vt 0.44 1.56 0.45
vt 0.54 0.57 1.55
vt 0.54 0.56 1.55
vt 0.55 0.56 1.56
vt 0.55 0.57 1.56
vt 0.52 0.57 1.54
vt 0.52 0.56 1.54
vt 0.51 0.57 1.54
vt 0.51 0.56 1.54
vt 0.50 0.57 1.54
vt 0.50 0.56 1.54
vt 0.50 1.54 0.57
vt 0.51 1.54 0.57
vt 0.52 1.54 0.57
vt 0.54 1.55 0.57
vt 0.55 1.56 0.57
vt 0.56 1.58 0.57
vt 0.57 1.59 0.57
vt 0.57 1.60 0.57
vt 0.57 1.61 0.57
vt 0.57 1.62 0.57
vt 0.57 1.63 0.57
vt 0.56 1.65 0.57
vt 0.55 1.66 0.57
vt 0.54 1.67 0.57
vt 0.52 1.68 0.57
vt 0.51 1.68 0.57
vt 0.50 1.68 0.57
vt 0.49 1.68 0.56
vt 0.50 1.62 0.56
vt 0.50 1.68 0.56
vt 0.48 1.68 0.56
vt 0.46 1.67 0.56
vt 0.49 1.62 0.56
vt 0.45 1.66 0.56
vt 0.44 1.65 0.56
vt 0.43 1.63 0.56
vt 0.49 1.61 0.56
vt 0.43 1.62 0.56
vt 0.43 1.61 0.56
vt 0.43 1.60 0.56
vt 0.43 1.59 0.56
vt 0.44 1.58 0.56
vt 0.49 1.60 0.56
vt 0.45 1.57 0.56
vt 0.45 1.56 0.56
vt 0.46 1.55 0.56
vt 0.48 1.54 0.56
vt 0.50 1.60 0.56
vt 0.49 1.54 0.56
vt 0.50 1.54 0.56
vt 0.56 1.57 0.57
vt 0.44 1.57 0.56
vt 0.50 0.56 1.62
vt 0.49 0.56 1.62
vt 0.44 1.62 0.49
vt 0.44 1.61 0.49
vt 0.44 1.60 0.49
vt 0.51 0.56 1.60
vt 0.50 0.56 1.60
vt 0.50 1.11 0.51
vt 0.50 1.60 0.51
vt 0.50 1.61 0.51
vt 0.49 1.61 0.51
vt 0.49 1.60 0.51
vt 0.49 1.58 0.57
vt 0.49 1.57 0.57
vt 0.48 1.59 0.57
vt 0.48 1.57 0.57
vt 0.47 1.59 0.57
vt 0.47 1.57 0.57
vt 0.46 1.59 0.57
vt 0.46 1.58 0.57
vt 0.49 1.65 0.57
vt 0.49 1.64 0.57
vt 0.48 1.65 0.57
vt 0.48 1.63 0.57
vt 0.47 1.65 0.57
vt 0.47 1.63 0.57
vt 0.46 1.64 0.57
vt 0.46 1.63 0.57
vt 0.51 0.55 1.62
vt 0.51 0.50 1.62
vt 0.55 1.62 0.51
vt 0.50 1.62 0.51
vt 0.55 1.61 0.51
vt 0.55 1.60 0.51
vt 0.49 0.55 1.60
vt 0.49 0.50 1.60
vt 0.49 1.61 0.57
vt 0.49 1.60 0.57
vt 0.49 1.56 0.57
vt 0.48 1.61 0.57
vt 0.48 1.60 0.57
vt 0.48 1.56 0.57
vt 0.47 1.61 0.57
vt 0.47 1.60 0.57
vt 0.47 1.56 0.57
vt 0.46 1.61 0.57
vt 0.46 1.60 0.57
vt 0.46 1.57 0.57
vt 0.44 1.61 0.57
vt 0.44 1.60 0.57
vt 0.45 1.59 0.57
vt 0.45 1.58 0.57
vt 0.45 1.57 0.57
vt 0.49 1.62 0.57
vt 0.49 1.66 0.57
vt 0.48 1.62 0.57
vt 0.48 1.66 0.57
vt 0.47 1.62 0.57
vt 0.47 1.66 0.57
vt 0.46 1.62 0.57
vt 0.46 1.65 0.57
vt 0.44 1.62 0.57
vt 0.45 1.63 0.57
vt 0.45 1.64 0.57
vt 0.45 1.65 0.57
vt 0.51 0.57 1.68
vt 0.51 0.56 1.68
vt 0.52 0.57 1.68
vt 0.52 0.56 1.68
vt 0.54 0.57 1.67
vt 0.54 0.56 1.67
vt 0.55 0.57 1.66
vt 0.55 0.56 1.66
vt 0.57 1.66 0.55
vt 0.56 1.66 0.55
vt 0.57 1.65 0.56
vt 0.56 1.65 0.56
vt 0.56 1.63 0.57
vt 0.56 1.59 0.57
vt 0.57 1.57 0.56
vt 0.56 1.57 0.56
vt 0.57 1.56 0.55
vt 0.56 1.56 0.55
vt 0.46 0.57 1.55
vt 0.45 0.57 1.56
vt 0.45 0.56 1.56
vt 0.46 0.56 1.55
vt 0.48 0.57 1.54
vt 0.48 0.56 1.54
vt 0.49 0.57 1.54
vt 0.49 0.56 1.54
vt 0.49 1.54 0.57
vt 0.48 1.54 0.57
vt 0.47 1.55 0.57
vt 0.46 1.56 0.57
vt 0.44 1.58 0.57
vt 0.43 1.59 0.57
vt 0.43 1.60 0.57
vt 0.43 1.61 0.57
vt 0.43 1.62 0.57
vt 0.43 1.63 0.57
vt 0.44 1.65 0.57
vt 0.45 1.66 0.57
vt 0.46 1.66 0.57
vt 0.47 1.67 0.57
vt 0.48 1.68 0.57
vt 0.49 1.68 0.57
vt 0.51 1.68 0.56
vt 0.52 1.68 0.56
vt 0.53 1.67 0.56
vt 0.51 1.62 0.56
vt 0.54 1.66 0.56
vt 0.55 1.66 0.56
vt 0.57 1.63 0.56
vt 0.51 1.61 0.56
vt 0.57 1.62 0.56
vt 0.57 1.61 0.56
vt 0.57 1.60 0.56
vt 0.57 1.59 0.56
vt 0.56 1.58 0.56
vt 0.51 1.60 0.56
vt 0.55 1.57 0.56
vt 0.54 1.56 0.56
vt 0.53 1.55 0.56
vt 0.52 1.54 0.56
vt 0.51 1.54 0.56
vt 0.46 1.55 0.57
vt 0.45 1.56 0.57
vt 0.44 1.57 0.57
vt 0.46 1.67 0.57
vt 0.54 1.67 0.56
vt 0.55 1.56 0.56
vt 0.54 1.55 0.56
vt 0.51 0.56 1.62
vt 0.56 1.62 0.51
vt 0.56 1.61 0.51
vt 0.56 1.60 0.51
vt 0.49 0.56 1.60
vt 0.51 1.60 0.49
vt 0.50 1.13 0.57
vt 0.51 1.13 0.57
vt 0.51 1.14 0.57
vt 0.50 1.14 0.57
vt 0.52 1.12 0.57
vt 0.52 1.14 0.57
vt 0.53 1.12 0.57
vt 0.53 1.14 0.57
vt 0.54 1.12 0.57
vt 0.54 1.13 0.57
vt 0.51 1.06 0.57
vt 0.51 1.08 0.57
vt 0.50 1.07 0.57
vt 0.50 1.06 0.57
vt 0.52 1.06 0.57
vt 0.52 1.08 0.57
vt 0.53 1.06 0.57
vt 0.53 1.08 0.57
vt 0.54 1.07 0.57
vt 0.54 1.08 0.57
vt 0.50 0.55 1.09
vt 0.50 0.51 1.09
vt 0.50 0.50 1.09
vt 0.51 0.55 1.09
vt 0.51 0.50 1.09
vt 0.45 1.09 0.49
vt 0.45 1.10 0.49
vt 0.45 1.11 0.49
vt 0.49 0.50 1.11
vt 0.49 0.55 1.11
vt 0.50 0.50 1.11
vt 0.50 0.55 1.11
vt 0.50 0.51 1.11
vt 0.50 1.10 0.57
vt 0.51 1.10 0.57
vt 0.51 1.11 0.57
vt 0.50 1.11 0.57
vt 0.51 1.15 0.57
vt 0.50 1.15 0.57
vt 0.52 1.10 0.57
vt 0.52 1.11 0.57
vt 0.52 1.15 0.57
vt 0.53 1.10 0.57
vt 0.53 1.11 0.57
vt 0.53 1.15 0.57
vt 0.54 1.10 0.57
vt 0.54 1.11 0.57
vt 0.54 1.14 0.57
vt 0.56 1.10 0.57
vt 0.56 1.11 0.57
vt 0.55 1.12 0.57
vt 0.55 1.13 0.57
vt 0.55 1.14 0.57
vt 0.51 1.09 0.57
vt 0.50 1.09 0.57
vt 0.50 1.05 0.57
vt 0.51 1.05 0.57
vt 0.52 1.09 0.57
vt 0.52 1.05 0.57
vt 0.53 1.09 0.57
vt 0.53 1.05 0.57
vt 0.54 1.09 0.57
vt 0.54 1.06 0.57
vt 0.56 1.09 0.57
vt 0.55 1.08 0.57
vt 0.55 1.07 0.57
vt 0.55 1.06 0.57
vt 0.51 0.57 1.03
vt 0.50 0.57 1.03
vt 0.50 0.56 1.03
vt 0.51 0.56 1.03
vt 0.52 0.57 1.03
vt 0.52 0.56 1.03
vt 0.54 0.57 1.04
vt 0.54 0.56 1.04
vt 0.55 0.57 1.05
vt 0.55 0.56 1.05
vt 0.43 1.05 0.45
vt 0.44 1.05 0.45
vt 0.43 1.06 0.44
vt 0.44 1.06 0.44
vt 0.43 1.08 0.43
vt 0.44 1.08 0.43
vt 0.43 1.09 0.43
vt 0.44 1.09 0.43
vt 0.43 1.10 0.43
vt 0.44 1.10 0.43
vt 0.43 1.11 0.43
vt 0.44 1.11 0.43
vt 0.43 1.12 0.43
vt 0.44 1.12 0.43
vt 0.43 1.14 0.44
vt 0.44 1.14 0.44
vt 0.43 1.15 0.45
vt 0.44 1.15 0.45
vt 0.46 0.57 1.16
vt 0.45 0.57 1.15
vt 0.45 0.56 1.15
vt 0.46 0.56 1.16
vt 0.48 0.57 1.17
vt 0.48 0.56 1.17
vt 0.49 0.57 1.17
vt 0.49 0.56 1.17
vt 0.50 0.57 1.17
vt 0.50 0.56 1.17
vt 0.51 1.17 0.57
vt 0.50 1.17 0.57
vt 0.52 1.17 0.57
vt 0.54 1.16 0.57
vt 0.55 1.15 0.57
vt 0.56 1.14 0.57
vt 0.57 1.12 0.57
vt 0.57 1.11 0.57
vt 0.57 1.10 0.57
vt 0.57 1.09 0.57
vt 0.57 1.08 0.57
vt 0.56 1.07 0.57
vt 0.55 1.05 0.57
vt 0.54 1.04 0.57
vt 0.52 1.03 0.57
vt 0.51 1.03 0.57
vt 0.50 1.03 0.57
vt 0.49 1.03 0.56
vt 0.50 1.03 0.56
vt 0.50 1.09 0.56
vt 0.48 1.03 0.56
vt 0.46 1.04 0.56
vt 0.49 1.09 0.56
vt 0.45 1.05 0.56
vt 0.45 1.06 0.56
vt 0.44 1.07 0.56
vt 0.43 1.08 0.56
vt 0.49 1.10 0.56
vt 0.43 1.09 0.56
vt 0.43 1.10 0.56
vt 0.43 1.11 0.56
vt 0.43 1.12 0.56
vt 0.44 1.14 0.56
vt 0.49 1.11 0.56
vt 0.45 1.15 0.56
vt 0.46 1.16 0.56
vt 0.48 1.17 0.56
vt 0.50 1.11 0.56
vt 0.49 1.17 0.56
vt 0.50 1.17 0.56
vt 0.56 1.06 0.57
vt 0.44 1.06 0.56
vt 0.50 0.56 1.09
vt 0.51 0.56 1.09
vt 0.44 1.09 0.49
vt 0.44 1.10 0.49
vt 0.44 1.11 0.49
vt 0.49 0.56 1.11
vt 0.50 0.56 1.11
vt 0.49 1.60 0.50
vt 0.49 1.11 0.50
vt 0.49 0.60 0.50
vt 0.49 1.09 0.50
vt 0.49 1.14 0.57
vt 0.49 1.13 0.57
vt 0.48 1.14 0.57
vt 0.48 1.12 0.57
vt 0.47 1.14 0.57
vt 0.47 1.12 0.57
vt 0.46 1.13 0.57
vt 0.46 1.12 0.57
vt 0.49 1.06 0.57
vt 0.49 1.08 0.57
vt 0.48 1.06 0.57
vt 0.48 1.08 0.57
vt 0.47 1.06 0.57
vt 0.47 1.08 0.57
vt 0.46 1.07 0.57
vt 0.46 1.08 0.57
vt 0.49 0.55 1.09
vt 0.49 0.50 1.09
vt 0.55 1.09 0.51
vt 0.55 1.10 0.51
vt 0.55 1.11 0.51
vt 0.51 0.55 1.11
vt 0.51 0.50 1.11
vt 0.49 1.11 0.57
vt 0.49 1.10 0.57
vt 0.49 1.15 0.57
vt 0.48 1.11 0.57
vt 0.48 1.10 0.57
vt 0.48 1.15 0.57
vt 0.47 1.11 0.57
vt 0.47 1.10 0.57
vt 0.47 1.15 0.57
vt 0.46 1.11 0.57
vt 0.46 1.10 0.57
vt 0.46 1.14 0.57
vt 0.44 1.11 0.57
vt 0.44 1.10 0.57
vt 0.45 1.12 0.57
vt 0.45 1.14 0.57
vt 0.45 1.13 0.57
vt 0.49 1.09 0.57
vt 0.49 1.05 0.57
vt 0.48 1.09 0.57
vt 0.48 1.05 0.57
vt 0.47 1.09 0.57
vt 0.47 1.05 0.57
vt 0.46 1.09 0.57
vt 0.46 1.06 0.57
vt 0.44 1.09 0.57
vt 0.45 1.08 0.57
vt 0.45 1.07 0.57
vt 0.45 1.06 0.57
vt 0.49 0.57 1.03
vt 0.49 0.56 1.03
vt 0.48 0.57 1.03
vt 0.48 0.56 1.03
vt 0.46 0.57 1.04
vt 0.46 0.56 1.04
vt 0.45 0.57 1.05
vt 0.45 0.56 1.05
vt 0.57 1.05 0.55
vt 0.56 1.05 0.55
vt 0.57 1.06 0.56
vt 0.56 1.06 0.56
vt 0.56 1.08 0.57
vt 0.56 1.12 0.57
vt 0.57 1.14 0.56
vt 0.56 1.14 0.56
vt 0.57 1.15 0.55
vt 0.56 1.15 0.55
vt 0.54 0.57 1.16
vt 0.54 0.56 1.16
vt 0.55 0.56 1.15
vt 0.55 0.57 1.15
vt 0.52 0.57 1.17
vt 0.52 0.56 1.17
vt 0.51 0.57 1.17
vt 0.51 0.56 1.17
vt 0.49 1.17 0.57
vt 0.48 1.17 0.57
vt 0.47 1.16 0.57
vt 0.46 1.15 0.57
vt 0.45 1.15 0.57
vt 0.44 1.14 0.57
vt 0.43 1.12 0.57
vt 0.43 1.11 0.57
vt 0.43 1.10 0.57
vt 0.43 1.09 0.57
vt 0.43 1.08 0.57
vt 0.44 1.07 0.57
vt 0.46 1.05 0.57
vt 0.47 1.04 0.57
vt 0.48 1.03 0.57
vt 0.49 1.03 0.57
vt 0.51 1.03 0.56
vt 0.52 1.03 0.56
vt 0.53 1.04 0.56
vt 0.51 1.09 0.56
vt 0.54 1.05 0.56
vt 0.55 1.06 0.56
vt 0.56 1.07 0.56
vt 0.57 1.08 0.56
vt 0.51 1.10 0.56
vt 0.57 1.09 0.56
vt 0.57 1.10 0.56
vt 0.57 1.11 0.56
vt 0.57 1.12 0.56
vt 0.51 1.11 0.56
vt 0.55 1.15 0.56
vt 0.54 1.15 0.56
vt 0.53 1.16 0.56
vt 0.52 1.17 0.56
vt 0.51 1.17 0.56
vt 0.46 1.16 0.57
vt 0.44 1.06 0.57
vt 0.45 1.05 0.57
vt 0.46 1.04 0.57
vt 0.54 1.04 0.56
vt 0.55 1.05 0.56
vt 0.54 1.16 0.56
vt 0.49 0.56 1.09
vt 0.56 1.09 0.51
vt 0.56 1.10 0.51
vt 0.56 1.11 0.51
vt 0.51 0.56 1.11
vt 0.57 1.61 0.49
vt 0.57 1.60 0.49
vt 0.51 0.49 1.60
vt 0.51 0.43 1.60
vt 0.50 0.48 1.60
vt 0.50 0.43 1.60
vt 0.50 0.49 1.60
vt 0.49 0.43 1.60
vt 0.49 0.49 1.60
vt 0.43 1.60 0.51
vt 0.43 1.61 0.51
vt 0.43 1.62 0.51
vt 0.49 1.62 0.51
vt 0.50 0.43 1.62
vt 0.51 0.43 1.62
vt 0.51 0.49 1.62
vt 0.50 0.49 1.62
vt 0.49 0.43 1.62
vt 0.49 0.49 1.62
vt 0.57 1.62 0.49
vt 0.51 1.62 0.49
vt 0.78 -0.13 1.00
vt 0.75 -0.13 1.00
vt 0.75 -0.50 1.00
vt 0.78 -0.50 1.00
vt 0.81 -0.13 1.00
vt 0.81 -0.50 1.00
vt 0.83 -0.13 1.00
vt 0.83 -0.50 1.00
vt 0.86 -0.13 1.00
vt 0.86 -0.50 1.00
vt 0.89 -0.13 1.00
vt 0.89 -0.50 1.00
vt 0.92 -0.13 1.00
vt 0.92 -0.50 1.00
vt 0.94 -0.13 1.00
vt 0.94 -0.50 1.00
vt 0.97 -0.13 1.00
vt 0.97 -0.50 1.00
vt 1.00 -0.13 1.00
vt 1.00 -0.50 1.00
vt 0.03 -0.13 1.00
vt -0.00 -0.13 1.00
vt -0.00 -0.50 1.00
vt 0.03 -0.50 1.00
vt 0.06 -0.13 1.00
vt 0.06 -0.50 1.00
vt 0.08 -0.13 1.00
vt 0.08 -0.50 1.00
vt 0.11 -0.13 1.00
vt 0.11 -0.50 1.00
vt 0.14 -0.13 1.00
vt 0.14 -0.50 1.00
vt 0.17 -0.13 1.00
vt 0.17 -0.50 1.00
vt 0.19 -0.13 1.00
vt 0.19 -0.50 1.00
vt 0.22 -0.13 1.00
vt 0.22 -0.50 1.00
vt 0.25 -0.13 1.00
vt 0.25 -0.50 1.00
vt 0.28 -0.13 1.00
vt 0.28 -0.50 1.00
vt 0.31 -0.13 1.00
vt 0.31 -0.50 1.00
vt 0.33 -0.13 1.00
vt 0.33 -0.50 1.00
vt 0.36 -0.13 1.00
vt 0.36 -0.50 1.00
vt 0.39 -0.13 1.00
vt 0.39 -0.50 1.00
vt 0.42 -0.13 1.00
vt 0.42 -0.50 1.00
vt 0.44 -0.13 1.00
vt 0.44 -0.50 1.00
vt 0.47 -0.13 1.00
vt 0.47 -0.50 1.00
vt 0.50 -0.13 1.00
vt 0.50 -0.50 1.00
vt 0.53 -0.13 1.00
vt 0.53 -0.50 1.00
vt 0.56 -0.13 1.00
vt 0.56 -0.50 1.00
vt 0.58 -0.13 1.00
vt 0.58 -0.50 1.00
vt 0.61 -0.13 1.00
vt 0.61 -0.50 1.00
vt 0.64 -0.13 1.00
vt 0.64 -0.50 1.00
vt 0.67 -0.13 1.00
vt 0.67 -0.50 1.00
vt 0.69 -0.13 1.00
vt 0.69 -0.50 1.00
vt 0.72 -0.13 1.00
vt 0.72 -0.50 1.00
vt 0.56 -0.47 0.75
vt 0.56 -0.43 0.75
vt 0.56 -0.51 0.74
vt 0.56 -0.55 0.72
vt 0.56 -0.59 0.69
vt 0.34 0.56 -0.62
vt 0.31 0.56 -0.59
vt 0.37 0.56 -0.65
vt 0.41 0.56 -0.67
vt 0.46 0.56 -0.68
vt 0.50 0.56 -0.68
vt 0.54 0.56 -0.68
vt 0.59 0.56 -0.67
vt 0.63 0.56 -0.65
vt 0.66 0.56 -0.62
vt 0.44 -0.59 0.31
vt 0.44 -0.62 0.34
vt 0.44 -0.55 0.28
vt 0.44 -0.51 0.26
vt 0.44 -0.47 0.25
vt 0.44 -0.43 0.25
vt 0.44 -0.38 0.25
vt 0.44 -0.34 0.26
vt 0.44 -0.30 0.28
vt 0.44 -0.27 0.31
vt 0.44 -0.24 0.34
vt 0.37 0.56 -0.21
vt 0.34 0.56 -0.24
vt 0.41 0.56 -0.19
vt 0.46 0.56 -0.18
vt 0.50 0.56 -0.18
vt 0.54 0.56 -0.18
vt 0.59 0.56 -0.19
vt 0.63 0.56 -0.21
vt 0.66 0.56 -0.24
vt 0.69 0.56 -0.27
vt 0.56 -0.30 0.72
vt 0.56 -0.27 0.69
vt 0.56 -0.34 0.74
vt 0.56 -0.38 0.75
vt 0.34 -0.39 0.57
vt 0.35 -0.34 0.57
vt 0.27 -0.34 0.57
vt 0.25 -0.38 0.57
vt 0.58 -0.47 0.57
vt 0.58 -0.43 0.57
vt 0.50 -0.43 0.57
vt 0.50 -0.47 0.57
vt 0.42 -0.43 0.57
vt 0.42 -0.47 0.57
vt 0.66 -0.47 0.57
vt 0.66 -0.43 0.57
vt 0.34 -0.43 0.57
vt 0.34 -0.47 0.57
vt 0.62 -0.64 0.57
vt 0.66 -0.62 0.57
vt 0.61 -0.63 0.57
vt 0.59 -0.66 0.57
vt 0.54 -0.18 0.57
vt 0.50 -0.18 0.57
vt 0.50 -0.22 0.57
vt 0.55 -0.22 0.57
vt 0.58 -0.39 0.57
vt 0.50 -0.39 0.57
vt 0.50 -0.63 0.57
vt 0.50 -0.68 0.57
vt 0.54 -0.67 0.57
vt 0.55 -0.63 0.57
vt 0.46 -0.18 0.57
vt 0.45 -0.22 0.57
vt 0.42 -0.39 0.57
vt 0.46 -0.67 0.57
vt 0.45 -0.63 0.57
vt 0.59 -0.20 0.57
vt 0.61 -0.23 0.57
vt 0.66 -0.39 0.57
vt 0.41 -0.20 0.57
vt 0.39 -0.23 0.57
vt 0.41 -0.66 0.57
vt 0.39 -0.63 0.57
vt 0.25 -0.43 0.57
vt 0.25 -0.47 0.57
vt 0.75 -0.38 0.57
vt 0.75 -0.43 0.57
vt 0.50 -0.35 0.57
vt 0.58 -0.35 0.57
vt 0.58 -0.51 0.57
vt 0.50 -0.51 0.57
vt 0.42 -0.35 0.57
vt 0.42 -0.51 0.57
vt 0.65 -0.34 0.57
vt 0.65 -0.51 0.57
vt 0.35 -0.51 0.57
vt 0.50 -0.31 0.57
vt 0.57 -0.31 0.57
vt 0.50 -0.26 0.57
vt 0.56 -0.27 0.57
vt 0.57 -0.55 0.57
vt 0.50 -0.55 0.57
vt 0.56 -0.59 0.57
vt 0.50 -0.59 0.57
vt 0.43 -0.31 0.57
vt 0.44 -0.27 0.57
vt 0.43 -0.55 0.57
vt 0.44 -0.59 0.57
vt 0.64 -0.30 0.57
vt 0.63 -0.27 0.57
vt 0.64 -0.55 0.57
vt 0.63 -0.59 0.57
vt 0.36 -0.30 0.57
vt 0.37 -0.27 0.57
vt 0.36 -0.55 0.57
vt 0.37 -0.59 0.57
vt 0.73 -0.34 0.57
vt 0.72 -0.30 0.57
vt 0.69 -0.27 0.57
vt 0.66 -0.23 0.57
vt 0.62 -0.21 0.57
vt 0.75 -0.47 0.57
vt 0.73 -0.51 0.57
vt 0.72 -0.55 0.57
vt 0.69 -0.59 0.57
vt 0.34 -0.62 0.57
vt 0.38 -0.64 0.57
vt 0.31 -0.59 0.57
vt 0.28 -0.55 0.57
vt 0.27 -0.51 0.57
vt 0.28 -0.30 0.57
vt 0.31 -0.27 0.57
vt 0.34 -0.23 0.57
vt 0.38 -0.21 0.57
vt 0.35 -0.46 0.44
vt 0.35 -0.43 0.44
vt 0.34 -0.43 0.44
vt 0.35 -0.48 0.44
vt 0.36 -0.51 0.44
vt 0.37 -0.51 0.44
vt 0.38 -0.53 0.44
vt 0.40 -0.55 0.44
vt 0.42 -0.56 0.44
vt 0.45 -0.58 0.44
vt 0.45 -0.57 0.44
vt 0.47 -0.58 0.44
vt 0.50 -0.59 0.44
vt 0.50 -0.58 0.44
vt 0.53 -0.58 0.44
vt 0.55 -0.58 0.44
vt 0.55 -0.57 0.44
vt 0.58 -0.56 0.44
vt 0.60 -0.55 0.44
vt 0.62 -0.53 0.44
vt 0.64 -0.51 0.44
vt 0.63 -0.51 0.44
vt 0.65 -0.48 0.44
vt 0.65 -0.46 0.44
vt 0.66 -0.43 0.44
vt 0.65 -0.43 0.44
vt 0.65 -0.40 0.44
vt 0.65 -0.38 0.44
vt 0.64 -0.35 0.44
vt 0.63 -0.35 0.44
vt 0.62 -0.33 0.44
vt 0.60 -0.31 0.44
vt 0.58 -0.29 0.44
vt 0.55 -0.28 0.44
vt 0.53 -0.27 0.44
vt 0.53 -0.28 0.44
vt 0.50 -0.27 0.44
vt 0.47 -0.27 0.44
vt 0.47 -0.28 0.44
vt 0.45 -0.28 0.44
vt 0.42 -0.29 0.44
vt 0.40 -0.31 0.44
vt 0.38 -0.33 0.44
vt 0.36 -0.35 0.44
vt 0.37 -0.35 0.44
vt 0.35 -0.38 0.44
vt 0.35 -0.40 0.44
vt 0.66 -0.43 0.56
vt 0.65 -0.46 0.56
vt 0.75 -0.47 0.56
vt 0.75 -0.43 0.56
vt 0.65 -0.40 0.56
vt 0.75 -0.39 0.56
vt 0.65 -0.37 0.56
vt 0.73 -0.34 0.56
vt 0.64 -0.35 0.56
vt 0.72 -0.30 0.56
vt 0.62 -0.33 0.56
vt 0.69 -0.27 0.56
vt 0.60 -0.31 0.56
vt 0.66 -0.24 0.56
vt 0.58 -0.29 0.56
vt 0.62 -0.21 0.56
vt 0.55 -0.28 0.56
vt 0.59 -0.19 0.56
vt 0.53 -0.27 0.56
vt 0.54 -0.18 0.56
vt 0.50 -0.27 0.56
vt 0.50 -0.18 0.56
vt 0.47 -0.27 0.56
vt 0.46 -0.18 0.56
vt 0.45 -0.28 0.56
vt 0.41 -0.19 0.56
vt 0.42 -0.29 0.56
vt 0.38 -0.21 0.56
vt 0.40 -0.31 0.56
vt 0.34 -0.24 0.56
vt 0.38 -0.33 0.56
vt 0.31 -0.27 0.56
vt 0.36 -0.35 0.56
vt 0.28 -0.30 0.56
vt 0.35 -0.37 0.56
vt 0.27 -0.34 0.56
vt 0.35 -0.40 0.56
vt 0.25 -0.39 0.56
vt 0.34 -0.43 0.56
vt 0.25 -0.43 0.56
vt 0.35 -0.46 0.56
vt 0.25 -0.47 0.56
vt 0.35 -0.48 0.56
vt 0.27 -0.51 0.56
vt 0.36 -0.51 0.56
vt 0.28 -0.55 0.56
vt 0.38 -0.53 0.56
vt 0.31 -0.59 0.56
vt 0.40 -0.55 0.56
vt 0.34 -0.62 0.56
vt 0.42 -0.56 0.56
vt 0.38 -0.64 0.56
vt 0.45 -0.58 0.56
vt 0.41 -0.66 0.56
vt 0.47 -0.58 0.56
vt 0.46 -0.67 0.56
vt 0.50 -0.59 0.56
vt 0.50 -0.68 0.56
vt 0.53 -0.58 0.56
vt 0.54 -0.67 0.56
vt 0.55 -0.58 0.56
vt 0.59 -0.66 0.56
vt 0.58 -0.56 0.56
vt 0.62 -0.64 0.56
vt 0.60 -0.55 0.56
vt 0.66 -0.62 0.56
vt 0.62 -0.53 0.56
vt 0.69 -0.59 0.56
vt 0.64 -0.51 0.56
vt 0.72 -0.55 0.56
vt 0.65 -0.48 0.56
vt 0.73 -0.51 0.56
vt 0.44 -0.46 0.65
vt 0.44 -0.43 0.66
vt 0.43 -0.43 0.66
vt 0.43 -0.46 0.65
vt 0.44 -0.48 0.65
vt 0.43 -0.48 0.65
vt 0.44 -0.51 0.64
vt 0.43 -0.51 0.64
vt 0.44 -0.53 0.62
vt 0.43 -0.53 0.62
vt 0.40 0.44 -0.55
vt 0.38 0.44 -0.53
vt 0.38 0.43 -0.53
vt 0.40 0.43 -0.55
vt 0.42 0.44 -0.56
vt 0.42 0.43 -0.56
vt 0.45 0.44 -0.58
vt 0.45 0.43 -0.58
vt 0.47 0.44 -0.58
vt 0.47 0.43 -0.58
vt 0.50 0.44 -0.59
vt 0.50 0.43 -0.59
vt 0.53 0.44 -0.58
vt 0.53 0.43 -0.58
vt 0.55 0.44 -0.58
vt 0.55 0.43 -0.58
vt 0.58 0.44 -0.56
vt 0.58 0.43 -0.56
vt 0.60 0.44 -0.55
vt 0.60 0.43 -0.55
vt 0.56 -0.53 0.38
vt 0.56 -0.55 0.40
vt 0.57 -0.55 0.40
vt 0.57 -0.53 0.38
vt 0.56 -0.51 0.36
vt 0.57 -0.51 0.36
vt 0.56 -0.48 0.35
vt 0.57 -0.48 0.35
vt 0.56 -0.46 0.35
vt 0.57 -0.46 0.35
vt 0.56 -0.43 0.34
vt 0.57 -0.43 0.34
vt 0.56 -0.40 0.35
vt 0.57 -0.40 0.35
vt 0.56 -0.38 0.35
vt 0.57 -0.38 0.35
vt 0.56 -0.35 0.36
vt 0.57 -0.35 0.36
vt 0.56 -0.33 0.38
vt 0.57 -0.33 0.38
vt 0.56 -0.31 0.40
vt 0.57 -0.31 0.40
vt 0.42 0.44 -0.29
vt 0.40 0.44 -0.31
vt 0.40 0.43 -0.31
vt 0.42 0.43 -0.29
vt 0.45 0.44 -0.28
vt 0.45 0.43 -0.28
vt 0.47 0.44 -0.27
vt 0.47 0.43 -0.27
vt 0.50 0.44 -0.27
vt 0.50 0.43 -0.27
vt 0.53 0.44 -0.27
vt 0.53 0.43 -0.27
vt 0.55 0.44 -0.28
vt 0.55 0.43 -0.28
vt 0.58 0.44 -0.29
vt 0.58 0.43 -0.29
vt 0.60 0.44 -0.31
vt 0.60 0.43 -0.31
vt 0.62 0.44 -0.33
vt 0.62 0.43 -0.33
vt 0.44 -0.35 0.64
vt 0.44 -0.33 0.62
vt 0.43 -0.33 0.62
vt 0.43 -0.35 0.64
vt 0.44 -0.38 0.65
vt 0.43 -0.38 0.65
vt 0.44 -0.40 0.65
vt 0.43 -0.40 0.65
vt 0.75 0.50 1.00
vt 0.75 0.47 1.00
vt 0.78 0.47 1.00
vt 0.78 0.50 1.00
vt 0.81 0.47 1.00
vt 0.81 0.50 1.00
vt 0.83 0.47 1.00
vt 0.83 0.50 1.00
vt 0.86 0.47 1.00
vt 0.86 0.50 1.00
vt 0.89 0.47 1.00
vt 0.89 0.50 1.00
vt 0.92 0.47 1.00
vt 0.92 0.50 1.00
vt 0.94 0.47 1.00
vt 0.94 0.50 1.00
vt 0.97 0.47 1.00
vt 0.97 0.50 1.00
vt 1.00 0.47 1.00
vt 1.00 0.50 1.00
vt -0.00 0.50 1.00
vt -0.00 0.47 1.00
vt 0.03 0.47 1.00
vt 0.03 0.50 1.00
vt 0.06 0.47 1.00
vt 0.06 0.50 1.00
vt 0.08 0.47 1.00
vt 0.08 0.50 1.00
vt 0.11 0.47 1.00
vt 0.11 0.50 1.00
vt 0.14 0.47 1.00
vt 0.14 0.50 1.00
vt 0.17 0.47 1.00
vt 0.17 0.50 1.00
vt 0.19 0.47 1.00
vt 0.19 0.50 1.00
vt 0.22 0.47 1.00
vt 0.22 0.50 1.00
vt 0.25 0.47 1.00
vt 0.25 0.50 1.00
vt 0.28 0.47 1.00
vt 0.28 0.50 1.00
vt 0.31 0.47 1.00
vt 0.31 0.50 1.00
vt 0.33 0.47 1.00
vt 0.33 0.50 1.00
vt 0.36 0.47 1.00
vt 0.36 0.50 1.00
vt 0.39 0.47 1.00
vt 0.39 0.50 1.00
vt 0.42 0.47 1.00
vt 0.42 0.50 1.00
vt 0.44 0.47 1.00
vt 0.44 0.50 1.00
vt 0.47 0.47 1.00
vt 0.47 0.50 1.00
vt 0.50 0.47 1.00
vt 0.50 0.50 1.00
vt 0.53 0.47 1.00
vt 0.53 0.50 1.00
vt 0.56 0.47 1.00
vt 0.56 0.50 1.00
vt 0.58 0.47 1.00
vt 0.58 0.50 1.00
vt 0.61 0.47 1.00
vt 0.61 0.50 1.00
vt 0.64 0.47 1.00
vt 0.64 0.50 1.00
vt 0.67 0.47 1.00
vt 0.67 0.50 1.00
vt 0.69 0.47 1.00
vt 0.69 0.50 1.00
vt 0.72 0.47 1.00
vt 0.72 0.50 1.00
vt 0.65 -0.43 0.56
vt 0.75 -0.38 0.56
vt 0.64 -0.38 0.56
vt 0.74 -0.34 0.56
vt 0.63 -0.35 0.56
vt 0.58 -0.30 0.56
vt 0.63 -0.21 0.56
vt 0.53 -0.28 0.56
vt 0.47 -0.28 0.56
vt 0.42 -0.30 0.56
vt 0.37 -0.21 0.56
vt 0.37 -0.35 0.56
vt 0.36 -0.38 0.56
vt 0.26 -0.34 0.56
vt 0.25 -0.38 0.56
vt 0.35 -0.43 0.56
vt 0.36 -0.48 0.56
vt 0.26 -0.51 0.56
vt 0.37 -0.51 0.56
vt 0.37 -0.65 0.56
vt 0.45 -0.57 0.56
vt 0.41 -0.67 0.56
vt 0.46 -0.68 0.56
vt 0.50 -0.58 0.56
vt 0.54 -0.68 0.56
vt 0.55 -0.57 0.56
vt 0.59 -0.67 0.56
vt 0.63 -0.65 0.56
vt 0.63 -0.51 0.56
vt 0.64 -0.48 0.56
vt 0.74 -0.51 0.56
vt 0.57 -0.43 0.75
vt 0.57 -0.47 0.75
vt 0.57 -0.51 0.74
vt 0.57 -0.55 0.72
vt 0.57 -0.59 0.69
vt 0.31 0.57 -0.59
vt 0.34 0.57 -0.62
vt 0.37 0.57 -0.65
vt 0.41 0.57 -0.67
vt 0.46 0.57 -0.68
vt 0.50 0.57 -0.68
vt 0.54 0.57 -0.68
vt 0.59 0.57 -0.67
vt 0.63 0.57 -0.65
vt 0.66 0.57 -0.62
vt 0.43 -0.62 0.34
vt 0.43 -0.59 0.31
vt 0.43 -0.55 0.28
vt 0.43 -0.51 0.26
vt 0.43 -0.47 0.25
vt 0.43 -0.43 0.25
vt 0.43 -0.38 0.25
vt 0.43 -0.34 0.26
vt 0.43 -0.30 0.28
vt 0.43 -0.27 0.31
vt 0.43 -0.24 0.34
vt 0.34 0.57 -0.24
vt 0.37 0.57 -0.21
vt 0.41 0.57 -0.19
vt 0.46 0.57 -0.18
vt 0.50 0.57 -0.18
vt 0.54 0.57 -0.18
vt 0.59 0.57 -0.19
vt 0.63 0.57 -0.21
vt 0.66 0.57 -0.24
vt 0.69 0.57 -0.27
vt 0.57 -0.27 0.69
vt 0.57 -0.30 0.72
vt 0.57 -0.34 0.74
vt 0.57 -0.38 0.75
vt 0.26 -0.34 0.57
vt 0.63 -0.65 0.57
vt 0.59 -0.67 0.57
vt 0.54 -0.68 0.57
vt 0.46 -0.68 0.57
vt 0.59 -0.19 0.57
vt 0.41 -0.19 0.57
vt 0.41 -0.67 0.57
vt 0.74 -0.34 0.57
vt 0.66 -0.24 0.57
vt 0.63 -0.21 0.57
vt 0.74 -0.51 0.57
vt 0.37 -0.65 0.57
vt 0.26 -0.51 0.57
vt 0.34 -0.24 0.57
vt 0.37 -0.21 0.57
vt 1.03 -0.50 1.00
vt 0.36 -0.48 0.44
vt 0.64 -0.48 0.44
vt 0.64 -0.38 0.44
vt 0.58 -0.30 0.44
vt 0.42 -0.30 0.44
vt 0.36 -0.38 0.44
vt 0.75 0.10 1.00
vt 0.78 0.10 1.00
vt 0.81 0.10 1.00
vt 0.83 0.10 1.00
vt 0.86 0.10 1.00
vt 0.89 0.10 1.00
vt 0.92 0.10 1.00
vt 0.94 0.10 1.00
vt 0.97 0.10 1.00
vt 1.00 0.10 1.00
vt -0.00 0.10 1.00
vt 0.03 0.10 1.00
vt 0.06 0.10 1.00
vt 0.08 0.10 1.00
vt 0.11 0.10 1.00
vt 0.14 0.10 1.00
vt 0.17 0.10 1.00
vt 0.19 0.10 1.00
vt 0.22 0.10 1.00
vt 0.25 0.10 1.00
vt 0.28 0.10 1.00
vt 0.31 0.10 1.00
vt 0.33 0.10 1.00
vt 0.36 0.10 1.00
vt 0.39 0.10 1.00
vt 0.42 0.10 1.00
vt 0.44 0.10 1.00
vt 0.47 0.10 1.00
vt 0.50 0.10 1.00
vt 0.53 0.10 1.00
vt 0.56 0.10 1.00
vt 0.58 0.10 1.00
vt 0.61 0.10 1.00
vt 0.64 0.10 1.00
vt 0.67 0.10 1.00
vt 0.69 0.10 1.00
vt 0.72 0.10 1.00
vt 0.75 -0.07 1.00
vt 0.78 -0.07 1.00
vt 0.81 -0.07 1.00
vt 0.83 -0.07 1.00
vt 0.86 -0.07 1.00
vt 0.89 -0.07 1.00
vt 0.92 -0.07 1.00
vt 0.94 -0.07 1.00
vt 0.97 -0.07 1.00
vt 1.00 -0.07 1.00
vt -0.00 -0.07 1.00
vt 0.03 -0.07 1.00
vt 0.06 -0.07 1.00
vt 0.08 -0.07 1.00
vt 0.11 -0.07 1.00
vt 0.14 -0.07 1.00
vt 0.17 -0.07 1.00
vt 0.19 -0.07 1.00
vt 0.22 -0.07 1.00
vt 0.25 -0.07 1.00
vt 0.28 -0.07 1.00
vt 0.31 -0.07 1.00
vt 0.33 -0.07 1.00
vt 0.36 -0.07 1.00
vt 0.39 -0.07 1.00
vt 0.42 -0.07 1.00
vt 0.44 -0.07 1.00
vt 0.47 -0.07 1.00
vt 0.53 -0.07 1.00
vt 0.56 -0.07 1.00
vt 0.58 -0.07 1.00
vt 0.61 -0.07 1.00
vt 0.64 -0.07 1.00
vt 0.67 -0.07 1.00
vt 0.69 -0.07 1.00
vt 0.72 -0.07 1.00
vt 0.75 -0.01 1.00
vt 0.78 -0.01 1.00
vt 0.75 0.04 1.00
vt 0.78 0.04 1.00
vt 0.81 -0.01 1.00
vt 0.81 0.04 1.00
vt 0.83 -0.01 1.00
vt 0.83 0.04 1.00
vt 0.86 -0.01 1.00
vt 0.86 0.04 1.00
vt 0.89 -0.01 1.00
vt 0.89 0.04 1.00
vt 0.92 -0.01 1.00
vt 0.92 0.04 1.00
vt 0.94 -0.01 1.00
vt 0.94 0.04 1.00
vt 0.97 -0.01 1.00
vt 0.97 0.04 1.00
vt 1.00 -0.01 1.00
vt 1.00 0.04 1.00
vt -0.00 -0.01 1.00
vt 0.03 -0.01 1.00
vt -0.00 0.04 1.00
vt 0.03 0.04 1.00
vt 0.06 -0.01 1.00
vt 0.06 0.04 1.00
vt 0.08 -0.01 1.00
vt 0.08 0.04 1.00
vt 0.11 -0.01 1.00
vt 0.11 0.04 1.00
vt 0.14 -0.01 1.00
vt 0.14 0.04 1.00
vt 0.17 -0.01 1.00
vt 0.17 0.04 1.00
vt 0.19 -0.01 1.00
vt 0.19 0.04 1.00
vt 0.22 -0.01 1.00
vt 0.22 0.04 1.00
vt 0.25 -0.01 1.00
vt 0.25 0.04 1.00
vt 0.28 -0.01 1.00
vt 0.28 0.04 1.00
vt 0.31 -0.01 1.00
vt 0.31 0.04 1.00
vt 0.33 -0.01 1.00
vt 0.33 0.04 1.00
vt 0.36 -0.01 1.00
vt 0.36 0.04 1.00
vt 0.39 -0.01 1.00
vt 0.39 0.04 1.00
vt 0.42 -0.01 1.00
vt 0.42 0.04 1.00
vt 0.44 -0.01 1.00
vt 0.44 0.04 1.00
vt 0.47 -0.01 1.00
vt 0.47 0.04 1.00
vt 0.53 -0.01 1.00
vt 0.56 -0.01 1.00
vt 0.53 0.04 1.00
vt 0.56 0.04 1.00
vt 0.58 -0.01 1.00
vt 0.58 0.04 1.00
vt 0.61 -0.01 1.00
vt 0.61 0.04 1.00
vt 0.64 -0.01 1.00
vt 0.64 0.04 1.00
vt 0.67 -0.01 1.00
vt 0.67 0.04 1.00
vt 0.69 -0.01 1.00
vt 0.69 0.04 1.00
vt 0.72 -0.01 1.00
vt 0.72 0.04 1.00
vt 0.49 -0.07 1.00
vt 0.51 -0.07 1.00
vt 0.51 -0.04 1.00
vt 0.51 -0.01 1.00
vt 0.51 0.02 1.00
vt 0.51 0.05 1.00
vt 0.49 0.05 1.00
vt 0.49 0.02 1.00
vt 0.49 -0.01 1.00
vt 0.49 -0.04 1.00
vt 0.49 -0.06 1.00
vt 0.50 -0.11 1.00
vt 0.51 -0.06 1.00
vt 0.51 0.01 1.00
vt 0.51 0.04 1.00
vt 0.51 0.03 1.00
vt 0.50 0.09 1.00
vt 0.50 0.08 1.00
vt 0.49 0.04 1.00
vt 0.49 0.03 1.00
vt 0.49 0.01 1.00
vt 0.49 -0.27 0.50
vt 0.50 -0.27 0.49
vt 0.49 -0.27 0.49
vt 0.51 -0.27 0.49
vt 0.50 -0.27 0.48
vt 0.51 -0.28 0.51
vt 0.50 -0.27 0.51
vt 0.51 -0.27 0.50
# 1985 texture coords

o Hanger_040
g Hanger_040
usemtl Base
s 1
f 1/1/1 2/1/2 3/2/2 
f 3/2/2 4/2/1 1/1/1 
f 5/3/3 6/3/4 7/4/4 
f 7/4/4 8/4/3 5/3/3 
f 9/5/5 10/6/6 11/7/6 
f 11/7/6 12/7/5 9/5/5 
f 13/8/7 14/8/8 15/9/8 
f 15/9/8 16/9/9 13/8/7 
f 17/10/10 18/11/11 19/5/11 
f 19/5/11 20/12/10 17/10/10 
f 21/13/12 22/13/13 23/14/13 
f 23/14/13 24/14/12 21/13/12 
f 25/15/14 26/15/2 27/16/2 
f 27/16/2 28/16/14 25/15/14 
f 26/15/2 29/15/1 30/16/1 
f 30/16/1 27/16/2 26/15/2 
f 29/15/1 31/17/4 32/18/4 
f 32/18/4 30/16/1 29/15/1 
f 31/17/4 33/17/3 34/18/3 
f 34/18/3 32/18/4 31/17/4 
f 33/17/3 35/17/15 36/18/15 
f 36/18/15 34/18/3 33/17/3 
f 35/19/15 37/19/6 38/11/6 
f 38/11/6 36/20/15 35/19/15 
f 37/19/6 39/19/5 40/11/5 
f 40/11/5 38/11/6 37/19/6 
f 39/19/5 41/19/16 42/11/17 
f 42/11/17 40/11/5 39/19/5 
f 41/19/16 43/21/18 44/8/19 
f 44/8/19 42/11/17 41/19/16 
f 45/21/8 46/8/8 44/8/19 
f 44/8/19 43/21/18 45/21/8 
f 47/21/20 48/8/20 46/8/8 
f 46/8/8 45/21/8 47/21/20 
f 49/21/21 50/8/21 48/8/20 
f 48/8/20 47/21/20 49/21/21 
f 51/21/22 52/8/22 50/8/21 
f 50/8/21 49/21/21 51/21/22 
f 53/21/23 54/8/23 52/8/22 
f 52/8/22 51/21/22 53/21/23 
f 55/22/10 56/10/10 54/10/23 
f 54/10/23 53/22/23 55/22/10 
f 57/19/11 58/11/24 56/10/10 
f 56/10/10 55/22/10 57/19/11 
f 59/23/12 60/13/12 58/11/24 
f 58/11/24 57/19/11 59/23/12 
f 61/23/13 62/13/25 60/13/12 
f 60/13/12 59/23/12 61/23/13 
f 63/24/26 64/25/27 65/26/26 
f 65/26/26 66/27/26 63/24/26 
f 64/25/27 67/28/27 68/29/26 
f 68/29/26 65/26/26 64/25/27 
f 67/28/27 69/30/27 70/31/26 
f 70/31/26 68/29/26 67/28/27 
f 69/30/27 71/32/27 72/33/26 
f 72/33/26 70/31/26 69/30/27 
f 73/34/27 74/35/27 75/36/14 
f 75/36/14 76/37/14 73/34/27 
f 77/38/27 78/39/27 74/35/27 
f 74/35/27 73/34/27 77/38/27 
f 79/40/27 80/41/27 78/39/27 
f 78/39/27 77/38/27 79/40/27 
f 81/42/27 82/43/26 80/41/27 
f 80/41/27 79/40/27 81/42/27 
f 83/44/28 84/44/29 85/45/29 
f 85/45/29 86/45/28 83/44/28 
f 87/44/30 83/44/28 86/45/28 
f 86/45/28 88/46/30 87/44/30 
f 89/47/31 87/44/30 88/46/30 
f 88/46/30 90/48/32 89/47/31 
f 91/47/33 89/47/31 90/48/32 
f 90/48/32 92/48/33 91/47/33 
f 93/49/34 91/49/33 92/20/33 
f 92/20/33 94/20/34 93/49/34 
f 95/50/35 93/49/34 94/20/34 
f 94/20/34 96/11/35 95/50/35 
f 97/50/36 95/50/35 96/11/35 
f 96/11/35 98/11/36 97/50/36 
f 99/50/37 97/50/36 98/11/36 
f 98/11/36 100/11/37 99/50/37 
f 101/50/38 99/50/37 100/11/37 
f 100/11/37 102/11/38 101/50/38 
f 103/11/39 104/50/39 101/50/38 
f 101/50/38 102/11/38 103/11/39 
f 105/11/40 106/50/40 104/50/39 
f 104/50/39 103/11/39 105/11/40 
f 107/7/41 108/51/41 106/50/40 
f 106/50/40 105/11/40 107/7/41 
f 109/7/42 110/51/42 108/51/41 
f 108/51/41 107/7/41 109/7/42 
f 111/7/43 112/51/43 110/51/42 
f 110/51/42 109/7/42 111/7/43 
f 113/52/44 114/53/44 112/53/43 
f 112/53/43 111/52/43 113/52/44 
f 115/54/45 116/55/45 114/53/44 
f 114/53/44 113/52/44 115/54/45 
f 117/56/46 118/55/46 116/55/45 
f 116/55/45 115/54/45 117/56/46 
f 119/55/47 118/55/46 117/56/46 
f 117/56/46 120/56/47 119/55/47 
f 121/57/14 122/58/27 123/59/27 
f 123/59/27 124/60/14 121/57/14 
f 124/60/14 123/59/27 64/25/27 
f 64/25/27 63/24/26 124/60/14 
f 125/61/26 126/62/26 66/27/26 
f 66/27/26 65/26/26 125/61/26 
f 122/58/27 127/63/27 128/64/27 
f 128/64/27 123/59/27 122/58/27 
f 123/59/27 128/64/27 67/28/27 
f 67/28/27 64/25/27 123/59/27 
f 129/65/26 125/61/26 65/26/26 
f 65/26/26 68/29/26 129/65/26 
f 127/63/27 130/66/27 131/67/27 
f 131/67/27 128/64/27 127/63/27 
f 128/64/27 131/67/27 69/30/27 
f 69/30/27 67/28/27 128/64/27 
f 132/68/26 129/65/26 68/29/26 
f 68/29/26 70/31/26 132/68/26 
f 130/66/27 133/69/27 134/70/27 
f 134/70/27 131/67/27 130/66/27 
f 131/67/27 134/70/27 71/32/27 
f 71/32/27 69/30/27 131/67/27 
f 135/71/26 132/68/26 70/31/26 
f 70/31/26 72/33/26 135/71/26 
f 133/69/27 136/72/27 137/73/27 
f 137/73/27 134/70/27 133/69/27 
f 134/70/27 137/73/27 138/74/27 
f 138/74/27 71/32/27 134/70/27 
f 72/33/26 139/75/26 140/76/26 
f 140/76/26 135/71/26 72/33/26 
f 141/77/27 122/58/27 121/57/14 
f 121/57/14 142/78/27 141/77/27 
f 74/35/27 141/77/27 142/78/27 
f 142/78/27 75/36/14 74/35/27 
f 76/37/14 143/79/14 144/80/27 
f 144/80/27 73/34/27 76/37/14 
f 145/81/27 127/63/27 122/58/27 
f 122/58/27 141/77/27 145/81/27 
f 78/39/27 145/81/27 141/77/27 
f 141/77/27 74/35/27 78/39/27 
f 73/34/27 144/80/27 146/82/27 
f 146/82/27 77/38/27 73/34/27 
f 147/83/27 130/66/27 127/63/27 
f 127/63/27 145/81/27 147/83/27 
f 80/41/27 147/83/27 145/81/27 
f 145/81/27 78/39/27 80/41/27 
f 77/38/27 146/82/27 148/84/27 
f 148/84/27 79/40/27 77/38/27 
f 149/85/26 133/69/27 130/66/27 
f 130/66/27 147/83/27 149/85/26 
f 82/43/26 149/85/26 147/83/27 
f 147/83/27 80/41/27 82/43/26 
f 79/40/27 148/84/27 150/86/27 
f 150/86/27 81/42/27 79/40/27 
f 151/87/27 136/72/27 133/69/27 
f 133/69/27 149/85/26 151/87/27 
f 152/88/26 151/87/27 149/85/26 
f 149/85/26 82/43/26 152/88/26 
f 81/42/27 153/89/26 152/88/26 
f 152/88/26 82/43/26 81/42/27 
f 72/33/26 71/32/27 138/74/27 
f 138/74/27 139/75/26 72/33/26 
f 81/42/27 150/86/27 154/90/27 
f 154/90/27 153/89/26 81/42/27 
s 2
f 155/91/48 156/92/29 157/93/49 
f 157/93/49 158/94/48 155/91/48 
f 159/95/30 155/91/48 158/94/48 
f 158/94/48 160/96/50 159/95/30 
f 161/97/32 159/95/30 160/96/50 
f 160/96/50 162/98/32 161/97/32 
f 163/99/33 161/97/32 162/98/32 
f 162/98/32 164/100/33 163/99/33 
f 165/101/34 163/102/33 164/103/33 
f 164/103/33 166/104/34 165/101/34 
f 167/105/51 165/101/34 166/104/34 
f 166/104/34 168/106/35 167/105/51 
f 169/107/52 167/105/51 168/106/35 
f 168/106/35 170/108/52 169/107/52 
f 171/109/37 169/107/52 170/108/52 
f 170/108/52 172/110/37 171/109/37 
f 173/111/9 171/109/37 172/110/37 
f 172/110/37 174/112/53 173/111/9 
f 175/113/39 173/111/9 174/112/53 
f 174/112/53 176/114/39 175/113/39 
f 177/115/54 175/113/39 176/114/39 
f 176/114/39 178/116/40 177/115/54 
f 179/117/55 177/115/54 178/116/40 
f 178/116/40 180/118/41 179/117/55 
f 181/119/42 179/117/55 180/118/41 
f 180/118/41 182/120/42 181/119/42 
f 183/121/43 181/119/42 182/120/42 
f 182/120/42 184/122/56 183/121/43 
f 185/123/44 183/124/43 184/125/56 
f 184/125/56 186/126/44 185/123/44 
f 187/127/45 185/123/44 186/126/44 
f 186/126/44 188/128/45 187/127/45 
f 189/129/46 187/127/45 188/128/45 
f 188/128/45 190/130/46 189/129/46 
f 191/131/47 189/129/46 190/130/46 
f 190/130/46 192/132/47 191/131/47 
s 1
f 125/61/26 193/133/26 194/134/26 
f 194/134/26 126/62/26 125/61/26 
f 129/65/26 195/135/26 193/133/26 
f 193/133/26 125/61/26 129/65/26 
f 132/68/26 196/136/27 195/135/26 
f 195/135/26 129/65/26 132/68/26 
f 135/71/26 197/137/26 196/136/27 
f 196/136/27 132/68/26 135/71/26 
f 140/76/26 198/137/26 197/137/26 
f 197/137/26 135/71/26 140/76/26 
f 139/75/26 199/138/26 198/137/26 
f 198/137/26 140/76/26 139/75/26 
f 138/74/27 200/139/26 199/138/26 
f 199/138/26 139/75/26 138/74/27 
f 137/73/27 201/140/27 200/139/26 
f 200/139/26 138/74/27 137/73/27 
f 136/72/27 202/141/27 201/140/27 
f 201/140/27 137/73/27 136/72/27 
f 151/87/27 203/142/27 202/141/27 
f 202/141/27 136/72/27 151/87/27 
f 152/88/26 204/143/27 203/142/27 
f 203/142/27 151/87/27 152/88/26 
f 153/89/26 205/144/27 204/143/27 
f 204/143/27 152/88/26 153/89/26 
f 154/90/27 206/90/27 205/144/27 
f 205/144/27 153/89/26 154/90/27 
f 150/86/27 207/145/27 206/90/27 
f 206/90/27 154/90/27 150/86/27 
f 148/84/27 208/146/26 207/145/27 
f 207/145/27 150/86/27 148/84/27 
f 146/82/27 209/147/27 208/146/26 
f 208/146/26 148/84/27 146/82/27 
f 144/80/27 210/148/27 209/147/27 
f 209/147/27 146/82/27 144/80/27 
f 143/79/14 211/149/27 210/148/27 
f 210/148/27 144/80/27 143/79/14 
s 4
f 212/150/13 213/151/13 214/152/25 
f 214/152/25 215/152/25 212/150/13 
f 216/153/13 212/150/13 215/152/25 
f 215/152/25 217/152/25 216/153/13 
f 218/154/25 216/153/13 217/152/25 
f 217/152/25 219/155/25 218/154/25 
f 220/156/13 218/154/25 219/155/25 
f 219/155/25 221/155/25 220/156/13 
f 222/157/13 220/156/13 221/155/25 
f 221/155/25 223/155/25 222/157/13 
f 224/158/13 222/157/13 223/155/25 
f 223/155/25 225/159/25 224/158/13 
f 226/160/13 224/158/13 225/159/25 
f 225/159/25 227/159/25 226/160/13 
f 228/161/25 226/160/13 227/159/25 
f 227/159/25 229/159/25 228/161/25 
f 230/162/25 228/161/25 229/159/25 
f 229/159/25 231/159/13 230/162/25 
f 232/163/13 230/162/25 231/159/13 
f 231/159/13 233/159/13 232/163/13 
f 234/164/25 232/163/13 233/159/13 
f 233/159/13 235/159/13 234/164/25 
f 236/165/25 234/164/25 235/159/13 
f 235/159/13 237/166/13 236/165/25 
f 238/167/25 236/165/25 237/166/13 
f 237/166/13 239/166/13 238/167/25 
f 240/167/25 238/167/25 239/166/13 
f 239/166/13 241/166/13 240/167/25 
f 242/168/13 240/167/25 241/166/13 
f 241/166/13 243/166/13 242/168/13 
f 244/169/25 242/168/13 243/166/13 
f 243/166/13 245/170/25 244/169/25 
f 246/171/25 244/169/25 245/170/25 
f 245/170/25 247/170/13 246/171/25 
f 248/172/13 246/171/25 247/170/13 
f 247/170/13 249/170/13 248/172/13 
s 2
f 250/92/49 156/92/29 155/91/48 
f 155/91/48 251/91/48 250/92/49 
f 157/93/49 252/93/29 253/94/48 
f 253/94/48 158/94/48 157/93/49 
f 251/91/48 155/91/48 159/95/30 
f 159/95/30 254/95/30 251/91/48 
f 158/94/48 253/94/48 255/96/50 
f 255/96/50 160/96/50 158/94/48 
f 254/95/30 159/95/30 161/97/32 
f 161/97/32 256/97/32 254/95/30 
f 160/96/50 255/96/50 257/98/32 
f 257/98/32 162/98/32 160/96/50 
f 256/97/32 161/97/32 163/99/33 
f 163/99/33 258/99/33 256/97/32 
f 162/98/32 257/98/32 259/100/33 
f 259/100/33 164/100/33 162/98/32 
f 258/102/33 163/102/33 165/101/34 
f 165/101/34 260/101/34 258/102/33 
f 164/103/33 259/103/33 261/104/34 
f 261/104/34 166/104/34 164/103/33 
f 260/101/34 165/101/34 167/105/51 
f 167/105/51 262/105/51 260/101/34 
f 166/104/34 261/104/34 263/106/35 
f 263/106/35 168/106/35 166/104/34 
f 262/105/51 167/105/51 169/107/52 
f 169/107/52 264/107/52 262/105/51 
f 168/106/35 263/106/35 265/108/52 
f 265/108/52 170/108/52 168/106/35 
f 264/107/52 169/107/52 171/109/37 
f 171/109/37 266/109/37 264/107/52 
f 170/108/52 265/108/52 267/110/37 
f 267/110/37 172/110/37 170/108/52 
f 266/109/37 171/109/37 173/111/9 
f 173/111/9 268/111/53 266/109/37 
f 172/110/37 267/110/37 269/112/9 
f 269/112/9 174/112/53 172/110/37 
f 268/111/53 173/111/9 175/113/39 
f 175/113/39 270/113/39 268/111/53 
f 174/112/53 269/112/9 271/114/39 
f 271/114/39 176/114/39 174/112/53 
f 270/113/39 175/113/39 177/115/54 
f 177/115/54 272/115/54 270/113/39 
f 176/114/39 271/114/39 273/116/40 
f 273/116/40 178/116/40 176/114/39 
f 272/115/54 177/115/54 179/117/55 
f 179/117/55 274/117/55 272/115/54 
f 178/116/40 273/116/40 275/118/41 
f 275/118/41 180/118/41 178/116/40 
f 274/117/55 179/117/55 181/119/42 
f 181/119/42 276/119/42 274/117/55 
f 180/118/41 275/118/41 277/120/42 
f 277/120/42 182/120/42 180/118/41 
f 276/119/42 181/119/42 183/121/43 
f 183/121/43 278/121/43 276/119/42 
f 182/120/42 277/120/42 279/122/56 
f 279/122/56 184/122/56 182/120/42 
f 278/124/43 183/124/43 185/123/44 
f 185/123/44 280/123/44 278/124/43 
f 184/125/56 279/125/56 281/126/44 
f 281/126/44 186/126/44 184/125/56 
f 280/123/44 185/123/44 187/127/45 
f 187/127/45 282/127/45 280/123/44 
f 186/126/44 281/126/44 283/128/45 
f 283/128/45 188/128/45 186/126/44 
f 282/127/45 187/127/45 189/129/46 
f 189/129/46 284/129/46 282/127/45 
f 188/128/45 283/128/45 285/130/46 
f 285/130/46 190/130/46 188/128/45 
f 284/129/46 189/129/46 191/131/47 
f 191/131/47 286/131/47 284/129/46 
f 190/130/46 285/130/46 287/132/47 
f 287/132/47 192/132/47 190/130/46 
s 1
f 286/134/27 194/134/26 193/133/26 
f 193/133/26 284/133/26 286/134/27 
f 284/133/26 193/133/26 195/135/26 
f 195/135/26 282/135/26 284/133/26 
f 282/135/26 195/135/26 196/136/27 
f 196/136/27 280/136/27 282/135/26 
f 280/136/27 196/136/27 197/137/26 
f 197/137/26 278/173/26 280/136/27 
f 278/173/26 197/137/26 198/137/26 
f 198/137/26 276/137/26 278/173/26 
f 276/137/26 198/137/26 199/138/26 
f 199/138/26 274/138/26 276/137/26 
f 274/138/26 199/138/26 200/139/26 
f 200/139/26 272/174/26 274/138/26 
f 272/174/26 200/139/26 201/140/27 
f 201/140/27 270/140/27 272/174/26 
f 270/140/27 201/140/27 202/141/27 
f 202/141/27 268/141/27 270/140/27 
f 268/141/27 202/141/27 203/142/27 
f 203/142/27 266/142/27 268/141/27 
f 266/142/27 203/142/27 204/143/27 
f 204/143/27 264/143/27 266/142/27 
f 264/143/27 204/143/27 205/144/27 
f 205/144/27 262/144/27 264/143/27 
f 262/144/27 205/144/27 206/90/27 
f 206/90/27 260/90/27 262/144/27 
f 260/90/27 206/90/27 207/145/27 
f 207/145/27 258/145/27 260/90/27 
f 258/145/27 207/145/27 208/146/26 
f 208/146/26 256/146/26 258/145/27 
f 256/146/26 208/146/26 209/147/27 
f 209/147/27 254/175/27 256/146/26 
f 254/175/27 209/147/27 210/148/27 
f 210/148/27 251/148/27 254/175/27 
f 251/148/27 210/148/27 211/149/27 
f 211/149/27 250/149/27 251/148/27 
s 4
f 252/151/13 213/151/13 212/150/13 
f 212/150/13 253/150/13 252/151/13 
f 253/150/13 212/150/13 216/153/13 
f 216/153/13 255/176/13 253/150/13 
f 255/176/13 216/153/13 218/154/25 
f 218/154/25 257/154/25 255/176/13 
f 257/154/25 218/154/25 220/156/13 
f 220/156/13 259/156/13 257/154/25 
f 259/156/13 220/156/13 222/157/13 
f 222/157/13 261/157/13 259/156/13 
f 261/157/13 222/157/13 224/158/13 
f 224/158/13 263/158/13 261/157/13 
f 263/158/13 224/158/13 226/160/13 
f 226/160/13 265/160/13 263/158/13 
f 265/160/13 226/160/13 228/161/25 
f 228/161/25 267/161/25 265/160/13 
f 267/161/25 228/161/25 230/162/25 
f 230/162/25 269/162/25 267/161/25 
f 269/162/25 230/162/25 232/163/13 
f 232/163/13 271/163/13 269/162/25 
f 271/163/13 232/163/13 234/164/25 
f 234/164/25 273/177/25 271/163/13 
f 273/177/25 234/164/25 236/165/25 
f 236/165/25 275/165/25 273/177/25 
f 275/165/25 236/165/25 238/167/25 
f 238/167/25 277/167/25 275/165/25 
f 277/167/25 238/167/25 240/167/25 
f 240/167/25 279/178/25 277/167/25 
f 279/178/25 240/167/25 242/168/13 
f 242/168/13 281/168/13 279/178/25 
f 281/168/13 242/168/13 244/169/25 
f 244/169/25 283/169/25 281/168/13 
f 283/169/25 244/169/25 246/171/25 
f 246/171/25 285/171/25 283/169/25 
f 285/171/25 246/171/25 248/172/13 
f 248/172/13 287/172/13 285/171/25 
s 1
f 288/179/29 84/44/29 83/44/28 
f 83/44/28 289/179/28 288/179/29 
f 289/179/28 83/44/28 87/44/30 
f 87/44/30 290/179/30 289/179/28 
f 290/179/30 87/44/30 89/47/31 
f 89/47/31 291/180/31 290/179/30 
f 291/180/31 89/47/31 91/47/33 
f 91/47/33 292/180/33 291/180/31 
f 292/181/33 91/49/33 93/49/34 
f 93/49/34 293/181/57 292/181/33 
f 293/181/57 93/49/34 95/50/35 
f 95/50/35 294/182/51 293/181/57 
f 294/182/51 95/50/35 97/50/36 
f 97/50/36 295/182/52 294/182/51 
f 295/182/52 97/50/36 99/50/37 
f 99/50/37 296/182/58 295/182/52 
f 296/182/58 99/50/37 101/50/38 
f 101/50/38 297/182/9 296/182/58 
f 297/182/9 101/50/38 104/50/39 
f 104/50/39 298/182/39 297/182/9 
f 298/182/39 104/50/39 106/50/40 
f 106/50/40 299/182/40 298/182/39 
f 299/182/40 106/50/40 108/51/41 
f 108/51/41 300/183/41 299/182/40 
f 300/183/41 108/51/41 110/51/42 
f 110/51/42 301/183/42 300/183/41 
f 301/183/42 110/51/42 112/51/43 
f 112/51/43 302/183/43 301/183/42 
f 302/184/43 112/53/43 114/53/44 
f 114/53/44 303/184/44 302/184/43 
f 303/184/44 114/53/44 116/55/45 
f 116/55/45 304/185/45 303/184/44 
f 304/185/45 116/55/45 118/55/46 
f 118/55/46 305/185/46 304/185/45 
f 305/185/46 118/55/46 119/55/47 
f 119/55/47 306/185/47 305/185/46 
s 4
f 289/152/13 215/152/25 214/152/25 
f 214/152/25 288/152/13 289/152/13 
f 290/152/13 217/152/25 215/152/25 
f 215/152/25 289/152/13 290/152/13 
f 291/155/25 219/155/25 217/152/25 
f 217/152/25 290/152/13 291/155/25 
f 292/155/25 221/155/25 219/155/25 
f 219/155/25 291/155/25 292/155/25 
f 293/155/25 223/155/25 221/155/25 
f 221/155/25 292/155/25 293/155/25 
f 294/159/25 225/159/25 223/155/25 
f 223/155/25 293/155/25 294/159/25 
f 295/159/25 227/159/25 225/159/25 
f 225/159/25 294/159/25 295/159/25 
f 296/159/25 229/159/25 227/159/25 
f 227/159/25 295/159/25 296/159/25 
f 297/159/13 231/159/13 229/159/25 
f 229/159/25 296/159/25 297/159/13 
f 298/159/13 233/159/13 231/159/13 
f 231/159/13 297/159/13 298/159/13 
f 299/159/13 235/159/13 233/159/13 
f 233/159/13 298/159/13 299/159/13 
f 300/166/13 237/166/13 235/159/13 
f 235/159/13 299/159/13 300/166/13 
f 301/166/13 239/166/13 237/166/13 
f 237/166/13 300/166/13 301/166/13 
f 302/166/13 241/166/13 239/166/13 
f 239/166/13 301/166/13 302/166/13 
f 303/166/13 243/166/13 241/166/13 
f 241/166/13 302/166/13 303/166/13 
f 304/170/13 245/170/25 243/166/13 
f 243/166/13 303/166/13 304/170/13 
f 305/170/13 247/170/13 245/170/25 
f 245/170/25 304/170/13 305/170/13 
f 306/170/13 249/170/13 247/170/13 
f 247/170/13 305/170/13 306/170/13 
s 1
f 307/1/27 308/1/59 309/2/59 
f 309/2/59 310/2/27 307/1/27 
f 308/1/59 311/1/60 312/2/60 
f 312/2/60 309/2/59 308/1/59 
f 313/186/61 314/187/62 315/188/62 
f 315/188/62 316/188/61 313/186/61 
f 317/187/63 318/189/64 319/190/65 
f 319/190/65 320/191/66 317/187/63 
f 318/189/64 321/189/67 322/190/67 
f 322/190/67 319/190/65 318/189/64 
f 321/189/67 323/189/68 324/190/68 
f 324/190/68 322/190/67 321/189/67 
f 323/189/68 325/189/69 326/190/69 
f 326/190/69 324/190/68 323/189/68 
f 325/189/69 327/189/70 328/190/70 
f 328/190/70 326/190/69 325/189/69 
f 329/14/71 23/14/13 22/13/13 
f 22/13/13 330/13/71 329/14/71 
f 331/15/59 25/15/14 28/16/14 
f 28/16/14 332/16/59 331/15/59 
f 333/15/60 331/15/59 332/16/59 
f 332/16/59 334/16/60 333/15/60 
f 335/15/72 333/15/60 334/16/60 
f 334/16/60 336/16/72 335/15/72 
f 337/192/73 335/15/72 336/16/72 
f 336/16/72 338/193/73 337/192/73 
f 339/192/74 337/192/73 338/193/73 
f 338/193/73 340/193/74 339/192/74 
f 341/194/61 339/194/74 340/195/74 
f 340/195/74 342/191/61 341/194/61 
f 343/194/62 341/194/61 342/191/61 
f 342/191/61 344/191/62 343/194/62 
f 345/194/75 343/194/62 344/191/62 
f 344/191/62 346/191/76 345/194/75 
f 347/196/77 345/194/75 346/191/76 
f 346/191/76 348/190/78 347/196/77 
f 349/196/67 347/196/77 348/190/78 
f 348/190/78 350/190/67 349/196/67 
f 351/196/68 349/196/67 350/190/67 
f 350/190/67 352/190/79 351/196/68 
f 353/196/69 351/196/68 352/190/79 
f 352/190/79 354/190/69 353/196/69 
f 355/196/70 353/196/69 354/190/69 
f 354/190/69 356/190/80 355/196/70 
f 357/196/81 355/196/70 356/190/80 
f 356/190/80 358/190/81 357/196/81 
f 359/19/82 357/21/81 358/8/81 
f 358/8/81 360/11/83 359/19/82 
f 361/19/84 359/19/82 360/11/83 
f 360/11/83 362/11/84 361/19/84 
f 363/23/71 361/19/84 362/11/84 
f 362/11/84 364/13/85 363/23/71 
f 61/23/13 363/23/71 364/13/85 
f 364/13/85 62/13/25 61/23/13 
f 63/24/26 66/27/26 365/197/86 
f 365/197/86 366/198/86 63/24/26 
f 366/198/86 365/197/86 367/199/86 
f 367/199/86 368/200/14 366/198/86 
f 368/200/14 367/199/86 369/201/86 
f 369/201/86 370/202/14 368/200/14 
f 370/202/14 369/201/86 371/203/86 
f 371/203/86 372/204/14 370/202/14 
f 373/205/14 76/37/14 75/36/14 
f 75/36/14 374/206/14 373/205/14 
f 375/207/14 373/205/14 374/206/14 
f 374/206/14 376/208/14 375/207/14 
f 377/209/14 375/207/14 376/208/14 
f 376/208/14 378/210/14 377/209/14 
f 379/211/14 377/209/14 378/210/14 
f 378/210/14 380/212/86 379/211/14 
f 84/44/29 381/44/87 382/45/87 
f 382/45/87 85/45/29 84/44/29 
f 382/45/87 381/44/87 383/44/88 
f 383/44/88 384/46/88 382/45/87 
f 384/46/88 383/44/88 385/44/89 
f 385/44/89 386/46/90 384/46/88 
f 386/46/90 385/44/89 387/213/91 
f 387/213/91 388/214/92 386/46/90 
f 388/195/92 387/215/91 389/215/93 
f 389/215/93 390/195/93 388/195/92 
f 390/195/93 389/215/93 391/216/94 
f 391/216/94 392/191/94 390/195/93 
f 392/191/94 391/216/94 393/216/95 
f 393/216/95 394/191/95 392/191/94 
f 394/191/95 393/216/95 395/216/96 
f 395/216/96 396/191/96 394/191/95 
f 396/191/96 395/216/96 397/216/77 
f 397/216/77 398/191/77 396/191/96 
f 397/216/77 399/216/97 400/191/97 
f 400/191/97 398/191/77 397/216/77 
f 399/216/97 401/216/98 402/191/98 
f 402/191/98 400/191/97 399/216/97 
f 401/216/98 403/217/99 404/188/99 
f 404/188/99 402/191/98 401/216/98 
f 403/217/99 405/217/100 406/188/100 
f 406/188/100 404/188/99 403/217/99 
f 405/217/100 407/217/101 408/188/101 
f 408/188/101 406/188/100 405/217/100 
f 407/218/101 409/55/102 410/54/102 
f 410/54/102 408/219/101 407/218/101 
f 409/55/102 411/55/103 412/54/103 
f 412/54/103 410/54/102 409/55/102 
f 411/55/103 413/55/104 414/56/104 
f 414/56/104 412/54/103 411/55/103 
f 413/55/104 119/55/47 120/56/47 
f 120/56/47 414/56/104 413/55/104 
f 121/57/14 124/60/14 415/220/14 
f 415/220/14 416/221/14 121/57/14 
f 124/60/14 63/24/26 366/198/86 
f 366/198/86 415/220/14 124/60/14 
f 417/222/86 365/197/86 66/27/26 
f 66/27/26 126/62/26 417/222/86 
f 416/221/14 415/220/14 418/223/14 
f 418/223/14 419/224/14 416/221/14 
f 415/220/14 366/198/86 368/200/14 
f 368/200/14 418/223/14 415/220/14 
f 420/225/86 367/199/86 365/197/86 
f 365/197/86 417/222/86 420/225/86 
f 419/224/14 418/223/14 421/226/14 
f 421/226/14 422/227/14 419/224/14 
f 418/223/14 368/200/14 370/202/14 
f 370/202/14 421/226/14 418/223/14 
f 423/228/86 369/201/86 367/199/86 
f 367/199/86 420/225/86 423/228/86 
f 422/227/14 421/226/14 424/229/14 
f 424/229/14 425/230/14 422/227/14 
f 421/226/14 370/202/14 372/204/14 
f 372/204/14 424/229/14 421/226/14 
f 426/231/86 371/203/86 369/201/86 
f 369/201/86 423/228/86 426/231/86 
f 425/230/14 424/229/14 427/232/14 
f 427/232/14 428/233/14 425/230/14 
f 424/229/14 372/204/14 429/234/14 
f 429/234/14 427/232/14 424/229/14 
f 371/203/86 426/231/86 430/235/86 
f 430/235/86 431/236/86 371/203/86 
f 432/237/14 142/78/27 121/57/14 
f 121/57/14 416/221/14 432/237/14 
f 374/206/14 75/36/14 142/78/27 
f 142/78/27 432/237/14 374/206/14 
f 76/37/14 373/205/14 433/238/14 
f 433/238/14 143/79/14 76/37/14 
f 434/239/14 432/237/14 416/221/14 
f 416/221/14 419/224/14 434/239/14 
f 376/208/14 374/206/14 432/237/14 
f 432/237/14 434/239/14 376/208/14 
f 373/205/14 375/207/14 435/240/14 
f 435/240/14 433/238/14 373/205/14 
f 436/241/14 434/239/14 419/224/14 
f 419/224/14 422/227/14 436/241/14 
f 378/210/14 376/208/14 434/239/14 
f 434/239/14 436/241/14 378/210/14 
f 375/207/14 377/209/14 437/242/14 
f 437/242/14 435/240/14 375/207/14 
f 438/243/86 436/241/14 422/227/14 
f 422/227/14 425/230/14 438/243/86 
f 380/212/86 378/210/14 436/241/14 
f 436/241/14 438/243/86 380/212/86 
f 377/209/14 379/211/14 439/244/14 
f 439/244/14 437/242/14 377/209/14 
f 440/245/14 438/243/86 425/230/14 
f 425/230/14 428/233/14 440/245/14 
f 441/246/86 380/212/86 438/243/86 
f 438/243/86 440/245/14 441/246/86 
f 379/211/14 380/212/86 441/246/86 
f 441/246/86 442/247/86 379/211/14 
f 371/203/86 431/236/86 429/234/14 
f 429/234/14 372/204/14 371/203/86 
f 379/211/14 442/247/86 443/248/14 
f 443/248/14 439/244/14 379/211/14 
s 2
f 444/249/105 445/250/105 157/93/49 
f 157/93/49 156/92/29 444/249/105 
f 446/251/88 447/252/106 445/250/105 
f 445/250/105 444/249/105 446/251/88 
f 448/253/90 449/254/90 447/252/106 
f 447/252/106 446/251/88 448/253/90 
f 450/255/91 451/256/91 449/254/90 
f 449/254/90 448/253/90 450/255/91 
f 452/257/93 453/258/93 451/259/91 
f 451/259/91 450/260/91 452/257/93 
f 454/261/107 455/262/94 453/258/93 
f 453/258/93 452/257/93 454/261/107 
f 456/143/108 457/263/108 455/262/94 
f 455/262/94 454/261/107 456/143/108 
f 458/142/96 459/87/96 457/263/108 
f 457/263/108 456/143/108 458/142/96 
f 460/141/64 461/72/109 459/87/96 
f 459/87/96 458/142/96 460/141/64 
f 462/140/97 463/73/97 461/72/109 
f 461/72/109 460/141/64 462/140/97 
f 464/174/110 465/264/98 463/73/97 
f 463/73/97 462/140/97 464/174/110 
f 466/265/111 467/266/99 465/264/98 
f 465/264/98 464/174/110 466/265/111 
f 468/267/100 469/268/100 467/266/99 
f 467/266/99 466/265/111 468/267/100 
f 470/269/101 471/270/112 469/268/100 
f 469/268/100 468/267/100 470/269/101 
f 472/271/102 473/272/102 471/273/112 
f 471/273/112 470/274/101 472/271/102 
f 474/275/103 475/276/103 473/272/102 
f 473/272/102 472/271/102 474/275/103 
f 476/277/104 477/278/104 475/276/103 
f 475/276/103 474/275/103 476/277/104 
f 191/131/47 192/132/47 477/278/104 
f 477/278/104 476/277/104 191/131/47 
s 1
f 417/222/86 126/62/26 194/134/26 
f 194/134/26 478/279/86 417/222/86 
f 420/225/86 417/222/86 478/279/86 
f 478/279/86 479/280/86 420/225/86 
f 423/228/86 420/225/86 479/280/86 
f 479/280/86 480/281/14 423/228/86 
f 426/231/86 423/228/86 480/281/14 
f 480/281/14 481/231/86 426/231/86 
f 430/235/86 426/231/86 481/231/86 
f 481/231/86 482/282/86 430/235/86 
f 431/236/86 430/235/86 482/282/86 
f 482/282/86 483/283/86 431/236/86 
f 429/234/14 431/236/86 483/283/86 
f 483/283/86 484/284/86 429/234/14 
f 427/232/14 429/234/14 484/284/86 
f 484/284/86 485/285/14 427/232/14 
f 428/233/14 427/232/14 485/285/14 
f 485/285/14 486/286/14 428/233/14 
f 440/245/14 428/233/14 486/286/14 
f 486/286/14 487/287/14 440/245/14 
f 441/246/86 440/245/14 487/287/14 
f 487/287/14 488/288/14 441/246/86 
f 442/247/86 441/246/86 488/288/14 
f 488/288/14 489/289/14 442/247/86 
f 443/248/14 442/247/86 489/289/14 
f 489/289/14 490/248/14 443/248/14 
f 439/244/14 443/248/14 490/248/14 
f 490/248/14 491/290/14 439/244/14 
f 437/242/14 439/244/14 491/290/14 
f 491/290/14 492/291/86 437/242/14 
f 435/240/14 437/242/14 492/291/86 
f 492/291/86 493/292/14 435/240/14 
f 433/238/14 435/240/14 493/292/14 
f 493/292/14 494/293/14 433/238/14 
f 143/79/14 433/238/14 494/293/14 
f 494/293/14 211/149/27 143/79/14 
s 4
f 495/294/113 496/152/114 214/152/25 
f 214/152/25 213/151/13 495/294/113 
f 497/295/113 498/152/114 496/152/114 
f 496/152/114 495/294/113 497/295/113 
f 499/296/114 500/297/114 498/152/114 
f 498/152/114 497/295/113 499/296/114 
f 501/298/113 502/297/114 500/297/114 
f 500/297/114 499/296/114 501/298/113 
f 503/299/113 504/297/114 502/297/114 
f 502/297/114 501/298/113 503/299/113 
f 505/262/113 506/300/114 504/297/114 
f 504/297/114 503/299/113 505/262/113 
f 507/301/113 508/300/114 506/300/114 
f 506/300/114 505/262/113 507/301/113 
f 509/302/114 510/300/114 508/300/114 
f 508/300/114 507/301/113 509/302/114 
f 511/303/114 512/300/113 510/300/114 
f 510/300/114 509/302/114 511/303/114 
f 513/304/113 514/300/113 512/300/113 
f 512/300/113 511/303/114 513/304/113 
f 515/305/114 516/300/113 514/300/113 
f 514/300/113 513/304/113 515/305/114 
f 517/266/114 518/306/113 516/300/113 
f 516/300/113 515/305/114 517/266/114 
f 519/307/114 520/306/113 518/306/113 
f 518/306/113 517/266/114 519/307/114 
f 521/308/114 522/306/113 520/306/113 
f 520/306/113 519/307/114 521/308/114 
f 523/309/113 524/306/113 522/306/113 
f 522/306/113 521/308/114 523/309/113 
f 525/310/114 526/170/114 524/306/113 
f 524/306/113 523/309/113 525/310/114 
f 527/311/114 528/170/113 526/170/114 
f 526/170/114 525/310/114 527/311/114 
f 248/172/13 249/170/13 528/170/113 
f 528/170/113 527/311/114 248/172/13 
s 2
f 250/92/49 529/249/105 444/249/105 
f 444/249/105 156/92/29 250/92/49 
f 157/93/49 445/250/105 530/250/105 
f 530/250/105 252/93/29 157/93/49 
f 529/249/105 531/251/88 446/251/88 
f 446/251/88 444/249/105 529/249/105 
f 445/250/105 447/252/106 532/252/106 
f 532/252/106 530/250/105 445/250/105 
f 531/251/88 533/253/90 448/253/90 
f 448/253/90 446/251/88 531/251/88 
f 447/252/106 449/254/90 534/254/90 
f 534/254/90 532/252/106 447/252/106 
f 533/253/90 535/255/91 450/255/91 
f 450/255/91 448/253/90 533/253/90 
f 449/254/90 451/256/91 536/256/91 
f 536/256/91 534/254/90 449/254/90 
f 535/260/91 537/257/93 452/257/93 
f 452/257/93 450/260/91 535/260/91 
f 451/259/91 453/258/93 538/258/93 
f 538/258/93 536/259/91 451/259/91 
f 537/257/93 539/261/107 454/261/107 
f 454/261/107 452/257/93 537/257/93 
f 453/258/93 455/262/94 540/262/94 
f 540/262/94 538/258/93 453/258/93 
f 539/261/107 541/143/108 456/143/108 
f 456/143/108 454/261/107 539/261/107 
f 455/262/94 457/263/108 542/263/108 
f 542/263/108 540/262/94 455/262/94 
f 541/143/108 543/142/96 458/142/96 
f 458/142/96 456/143/108 541/143/108 
f 457/263/108 459/87/96 544/87/96 
f 544/87/96 542/263/108 457/263/108 
f 543/142/96 545/141/109 460/141/64 
f 460/141/64 458/142/96 543/142/96 
f 459/87/96 461/72/109 546/72/64 
f 546/72/64 544/87/96 459/87/96 
f 545/141/109 547/140/97 462/140/97 
f 462/140/97 460/141/64 545/141/109 
f 461/72/109 463/73/97 548/73/97 
f 548/73/97 546/72/64 461/72/109 
f 547/140/97 549/174/110 464/174/110 
f 464/174/110 462/140/97 547/140/97 
f 463/73/97 465/264/98 550/264/98 
f 550/264/98 548/73/97 463/73/97 
f 549/174/110 551/265/111 466/265/111 
f 466/265/111 464/174/110 549/174/110 
f 465/264/98 467/266/99 552/266/99 
f 552/266/99 550/264/98 465/264/98 
f 551/265/111 553/267/100 468/267/100 
f 468/267/100 466/265/111 551/265/111 
f 467/266/99 469/268/100 554/268/100 
f 554/268/100 552/266/99 467/266/99 
f 553/267/100 555/269/101 470/269/101 
f 470/269/101 468/267/100 553/267/100 
f 469/268/100 471/270/112 556/270/112 
f 556/270/112 554/268/100 469/268/100 
f 555/274/101 557/271/102 472/271/102 
f 472/271/102 470/274/101 555/274/101 
f 471/273/112 473/272/102 558/272/102 
f 558/272/102 556/273/112 471/273/112 
f 557/271/102 559/275/103 474/275/103 
f 474/275/103 472/271/102 557/271/102 
f 473/272/102 475/276/103 560/276/103 
f 560/276/103 558/272/102 473/272/102 
f 559/275/103 561/277/104 476/277/104 
f 476/277/104 474/275/103 559/275/103 
f 475/276/103 477/278/104 562/278/104 
f 562/278/104 560/276/103 475/276/103 
f 561/277/104 286/131/47 191/131/47 
f 191/131/47 476/277/104 561/277/104 
f 477/278/104 192/132/47 287/132/47 
f 287/132/47 562/278/104 477/278/104 
s 1
f 286/134/27 561/279/86 478/279/86 
f 478/279/86 194/134/26 286/134/27 
f 561/279/86 559/280/86 479/280/86 
f 479/280/86 478/279/86 561/279/86 
f 559/280/86 557/312/14 480/281/14 
f 480/281/14 479/280/86 559/280/86 
f 557/312/14 555/313/86 481/231/86 
f 481/231/86 480/281/14 557/312/14 
f 555/313/86 553/282/86 482/282/86 
f 482/282/86 481/231/86 555/313/86 
f 553/282/86 551/283/86 483/283/86 
f 483/283/86 482/282/86 553/282/86 
f 551/283/86 549/314/86 484/284/86 
f 484/284/86 483/283/86 551/283/86 
f 549/314/86 547/285/14 485/285/14 
f 485/285/14 484/284/86 549/314/86 
f 547/285/14 545/286/27 486/286/14 
f 486/286/14 485/285/14 547/285/14 
f 545/286/27 543/287/14 487/287/14 
f 487/287/14 486/286/14 545/286/27 
f 543/287/14 541/288/14 488/288/14 
f 488/288/14 487/287/14 543/287/14 
f 541/288/14 539/289/14 489/289/14 
f 489/289/14 488/288/14 541/288/14 
f 539/289/14 537/248/14 490/248/14 
f 490/248/14 489/289/14 539/289/14 
f 537/248/14 535/315/14 491/290/14 
f 491/290/14 490/248/14 537/248/14 
f 535/315/14 533/316/86 492/291/86 
f 492/291/86 491/290/14 535/315/14 
f 533/316/86 531/317/14 493/292/14 
f 493/292/14 492/291/86 533/316/86 
f 531/317/14 529/293/14 494/293/14 
f 494/293/14 493/292/14 531/317/14 
f 529/293/14 250/149/27 211/149/27 
f 211/149/27 494/293/14 529/293/14 
s 4
f 252/151/13 530/294/113 495/294/113 
f 495/294/113 213/151/13 252/151/13 
f 530/294/113 532/318/113 497/295/113 
f 497/295/113 495/294/113 530/294/113 
f 532/318/113 534/319/114 499/296/114 
f 499/296/114 497/295/113 532/318/113 
f 534/319/114 536/320/113 501/298/113 
f 501/298/113 499/296/114 534/319/114 
f 536/320/113 538/299/113 503/299/113 
f 503/299/113 501/298/113 536/320/113 
f 538/299/113 540/262/113 505/262/113 
f 505/262/113 503/299/113 538/299/113 
f 540/262/113 542/301/113 507/301/113 
f 507/301/113 505/262/113 540/262/113 
f 542/301/113 544/302/114 509/302/114 
f 509/302/114 507/301/113 542/301/113 
f 544/302/114 546/303/114 511/303/114 
f 511/303/114 509/302/114 544/302/114 
f 546/303/114 548/304/113 513/304/113 
f 513/304/113 511/303/114 546/303/114 
f 548/304/113 550/321/114 515/305/114 
f 515/305/114 513/304/113 548/304/113 
f 550/321/114 552/266/114 517/266/114 
f 517/266/114 515/305/114 550/321/114 
f 552/266/114 554/307/114 519/307/114 
f 519/307/114 517/266/114 552/266/114 
f 554/307/114 556/322/114 521/308/114 
f 521/308/114 519/307/114 554/307/114 
f 556/322/114 558/323/113 523/309/113 
f 523/309/113 521/308/114 556/322/114 
f 558/323/113 560/310/114 525/310/114 
f 525/310/114 523/309/113 558/323/113 
f 560/310/114 562/311/114 527/311/114 
f 527/311/114 525/310/114 560/310/114 
f 562/311/114 287/172/13 248/172/13 
f 248/172/13 527/311/114 562/311/114 
s 1
f 288/179/29 563/179/87 381/44/87 
f 381/44/87 84/44/29 288/179/29 
f 563/179/87 564/179/88 383/44/88 
f 383/44/88 381/44/87 563/179/87 
f 564/179/88 565/179/89 385/44/89 
f 385/44/89 383/44/88 564/179/88 
f 565/179/89 566/324/91 387/213/91 
f 387/213/91 385/44/89 565/179/89 
f 566/325/91 567/325/115 389/215/93 
f 389/215/93 387/215/91 566/325/91 
f 567/325/115 568/326/107 391/216/94 
f 391/216/94 389/215/93 567/325/115 
f 568/326/107 569/326/108 393/216/95 
f 393/216/95 391/216/94 568/326/107 
f 569/326/108 570/326/116 395/216/96 
f 395/216/96 393/216/95 569/326/108 
f 570/326/116 571/326/109 397/216/77 
f 397/216/77 395/216/96 570/326/116 
f 571/326/109 572/326/97 399/216/97 
f 399/216/97 397/216/77 571/326/109 
f 572/326/97 573/326/98 401/216/98 
f 401/216/98 399/216/97 572/326/97 
f 573/326/98 574/327/99 403/217/99 
f 403/217/99 401/216/98 573/326/98 
f 574/327/99 575/327/100 405/217/100 
f 405/217/100 403/217/99 574/327/99 
f 575/327/100 576/327/101 407/217/101 
f 407/217/101 405/217/100 575/327/100 
f 576/328/101 577/185/102 409/55/102 
f 409/55/102 407/218/101 576/328/101 
f 577/185/102 578/185/103 411/55/103 
f 411/55/103 409/55/102 577/185/102 
f 578/185/103 579/185/104 413/55/104 
f 413/55/104 411/55/103 578/185/103 
f 579/185/104 306/185/47 119/55/47 
f 119/55/47 413/55/104 579/185/104 
s 4
f 563/152/13 288/152/13 214/152/25 
f 214/152/25 496/152/114 563/152/13 
f 564/152/13 563/152/13 496/152/114 
f 496/152/114 498/152/114 564/152/13 
f 565/152/114 564/152/13 498/152/114 
f 498/152/114 500/297/114 565/152/114 
f 566/297/114 565/152/114 500/297/114 
f 500/297/114 502/297/114 566/297/114 
f 567/297/114 566/297/114 502/297/114 
f 502/297/114 504/297/114 567/297/114 
f 568/300/114 567/297/114 504/297/114 
f 504/297/114 506/300/114 568/300/114 
f 569/300/114 568/300/114 506/300/114 
f 506/300/114 508/300/114 569/300/114 
f 570/300/114 569/300/114 508/300/114 
f 508/300/114 510/300/114 570/300/114 
f 571/300/113 570/300/114 510/300/114 
f 510/300/114 512/300/113 571/300/113 
f 572/300/113 571/300/113 512/300/113 
f 512/300/113 514/300/113 572/300/113 
f 573/300/113 572/300/113 514/300/113 
f 514/300/113 516/300/113 573/300/113 
f 574/306/113 573/300/113 516/300/113 
f 516/300/113 518/306/113 574/306/113 
f 575/306/113 574/306/113 518/306/113 
f 518/306/113 520/306/113 575/306/113 
f 576/306/113 575/306/113 520/306/113 
f 520/306/113 522/306/113 576/306/113 
f 577/170/113 576/306/113 522/306/113 
f 522/306/113 524/306/113 577/170/113 
f 578/170/113 577/170/113 524/306/113 
f 524/306/113 526/170/114 578/170/113 
f 579/170/13 578/170/113 526/170/114 
f 526/170/114 528/170/113 579/170/13 
f 306/170/13 579/170/13 528/170/113 
f 528/170/113 249/170/13 306/170/13 
s 1
f 310/2/27 3/2/2 2/1/2 
f 2/1/2 307/1/27 310/2/27 
f 4/2/1 7/4/4 6/3/4 
f 6/3/4 1/1/1 4/2/1 
f 8/4/3 580/4/15 581/3/15 
f 581/3/15 5/3/3 8/4/3 
f 580/7/15 11/7/6 10/6/6 
f 10/6/6 581/6/15 580/7/15 
f 12/7/5 582/11/17 583/5/117 
f 583/5/117 9/5/5 12/7/5 
f 582/11/17 13/8/7 16/9/9 
f 16/9/9 583/5/117 582/11/17 
f 14/8/8 584/8/20 585/9/20 
f 585/9/20 15/9/8 14/8/8 
f 584/8/20 586/8/21 587/9/21 
f 587/9/21 585/9/20 584/8/20 
f 586/8/21 588/8/22 589/9/22 
f 589/9/22 587/9/21 586/8/21 
f 588/8/22 590/8/23 591/9/23 
f 591/9/23 589/9/22 588/8/22 
f 590/10/23 17/10/10 20/12/10 
f 20/12/10 591/12/23 590/10/23 
f 18/11/11 21/13/12 24/14/12 
f 24/14/12 19/5/11 18/11/11 
f 592/329/1 593/329/2 594/330/2 
f 594/330/2 595/330/1 592/329/1 
f 596/331/3 597/331/4 598/332/4 
f 598/332/4 599/332/3 596/331/3 
f 600/333/5 601/334/6 602/335/6 
f 602/335/6 603/335/5 600/333/5 
f 604/336/38 605/333/117 606/5/117 
f 606/5/117 607/9/38 604/336/38 
f 608/336/8 604/336/38 607/9/38 
f 607/9/38 609/9/8 608/336/8 
f 610/336/20 608/336/8 609/9/8 
f 609/9/8 611/9/20 610/336/20 
f 612/337/10 613/337/23 614/12/23 
f 614/12/23 615/12/10 612/337/10 
f 616/333/11 612/337/10 615/12/10 
f 615/12/10 617/5/11 616/333/11 
f 618/338/12 616/333/11 617/5/11 
f 617/5/11 619/14/12 618/338/12 
f 620/338/113 618/338/12 619/14/12 
f 619/14/12 621/14/113 620/338/113 
f 622/339/86 623/340/14 624/341/27 
f 624/341/27 625/342/26 622/339/86 
f 625/342/26 624/341/27 626/343/26 
f 626/343/26 627/344/26 625/342/26 
f 627/344/26 626/343/26 628/345/26 
f 628/345/26 629/346/26 627/344/26 
f 629/346/26 628/345/26 630/347/26 
f 630/347/26 631/348/26 629/346/26 
f 632/349/26 633/350/86 634/351/86 
f 634/351/86 635/352/26 632/349/26 
f 636/353/26 632/349/26 635/352/26 
f 635/352/26 637/354/27 636/353/26 
f 638/355/27 636/353/26 637/354/27 
f 637/354/27 639/356/27 638/355/27 
f 640/357/27 638/355/27 639/356/27 
f 639/356/27 641/358/27 640/357/27 
f 642/359/47 643/359/46 644/360/46 
f 644/360/46 645/360/47 642/359/47 
f 644/360/46 643/359/46 646/359/45 
f 646/359/45 647/361/45 644/360/46 
f 647/361/45 646/359/45 648/362/44 
f 648/362/44 649/363/44 647/361/45 
f 649/363/44 648/362/44 650/362/43 
f 650/362/43 651/363/43 649/363/44 
f 651/335/43 650/364/43 652/364/42 
f 652/364/42 653/335/42 651/335/43 
f 653/335/42 652/364/42 654/364/41 
f 654/364/41 655/335/41 653/335/42 
f 655/335/41 654/364/41 656/365/40 
f 656/365/40 657/5/40 655/335/41 
f 657/5/40 656/365/40 658/365/39 
f 658/365/39 659/5/39 657/5/40 
f 659/5/39 658/365/39 660/365/38 
f 660/365/38 661/5/38 659/5/39 
f 660/365/38 662/365/37 663/5/37 
f 663/5/37 661/5/38 660/365/38 
f 662/365/37 664/365/36 665/5/36 
f 665/5/36 663/5/37 662/365/37 
f 664/365/36 666/365/35 667/5/35 
f 667/5/35 665/5/36 664/365/36 
f 666/365/35 668/366/34 669/6/34 
f 669/6/34 667/5/35 666/365/35 
f 668/366/34 670/366/33 671/6/33 
f 671/6/33 669/6/34 668/366/34 
f 670/367/33 672/367/31 673/368/32 
f 673/368/32 671/368/33 670/367/33 
f 672/367/31 674/369/30 675/370/30 
f 675/370/30 673/368/32 672/367/31 
f 674/369/30 676/369/28 677/371/28 
f 677/371/28 675/370/30 674/369/30 
f 676/369/28 678/369/29 679/371/29 
f 679/371/29 677/371/28 676/369/28 
f 680/372/27 681/373/27 682/374/27 
f 682/374/27 683/375/27 680/372/27 
f 681/373/27 622/339/86 625/342/26 
f 625/342/26 682/374/27 681/373/27 
f 684/376/27 624/341/27 623/340/14 
f 623/340/14 685/377/14 684/376/27 
f 683/375/27 682/374/27 686/378/27 
f 686/378/27 687/379/27 683/375/27 
f 682/374/27 625/342/26 627/344/26 
f 627/344/26 686/378/27 682/374/27 
f 688/380/27 626/343/26 624/341/27 
f 624/341/27 684/376/27 688/380/27 
f 687/379/27 686/378/27 689/381/27 
f 689/381/27 690/382/27 687/379/27 
f 686/378/27 627/344/26 629/346/26 
f 629/346/26 689/381/27 686/378/27 
f 691/383/27 628/345/26 626/343/26 
f 626/343/26 688/380/27 691/383/27 
f 690/382/27 689/381/27 692/384/27 
f 692/384/27 693/385/27 690/382/27 
f 689/381/27 629/346/26 631/348/26 
f 631/348/26 692/384/27 689/381/27 
f 694/386/27 630/347/26 628/345/26 
f 628/345/26 691/383/27 694/386/27 
f 693/385/27 692/384/27 695/387/27 
f 695/387/27 696/388/27 693/385/27 
f 692/384/27 631/348/26 697/389/26 
f 697/389/26 695/387/27 692/384/27 
f 630/347/26 694/386/27 698/390/27 
f 698/390/27 699/391/26 630/347/26 
f 700/392/27 701/393/27 680/372/27 
f 680/372/27 683/375/27 700/392/27 
f 635/352/26 634/351/86 701/393/27 
f 701/393/27 700/392/27 635/352/26 
f 633/350/86 632/349/26 702/394/26 
f 702/394/26 703/395/86 633/350/86 
f 704/396/27 700/392/27 683/375/27 
f 683/375/27 687/379/27 704/396/27 
f 637/354/27 635/352/26 700/392/27 
f 700/392/27 704/396/27 637/354/27 
f 632/349/26 636/353/26 705/397/26 
f 705/397/26 702/394/26 632/349/26 
f 706/398/27 704/396/27 687/379/27 
f 687/379/27 690/382/27 706/398/27 
f 639/356/27 637/354/27 704/396/27 
f 704/396/27 706/398/27 639/356/27 
f 636/353/26 638/355/27 707/399/26 
f 707/399/26 705/397/26 636/353/26 
f 708/400/27 706/398/27 690/382/27 
f 690/382/27 693/385/27 708/400/27 
f 641/358/27 639/356/27 706/398/27 
f 706/398/27 708/400/27 641/358/27 
f 638/355/27 640/357/27 709/401/26 
f 709/401/26 707/399/26 638/355/27 
f 710/402/26 708/400/27 693/385/27 
f 693/385/27 696/388/27 710/402/26 
f 711/403/27 641/358/27 708/400/27 
f 708/400/27 710/402/26 711/403/27 
f 640/357/27 641/358/27 711/403/27 
f 711/403/27 712/404/27 640/357/27 
f 630/347/26 699/391/26 697/389/26 
f 697/389/26 631/348/26 630/347/26 
f 640/357/27 712/404/27 713/405/27 
f 713/405/27 709/401/26 640/357/27 
s 2
f 714/406/46 715/407/46 716/408/47 
f 716/408/47 717/409/47 714/406/46 
f 718/410/45 719/411/45 715/407/46 
f 715/407/46 714/406/46 718/410/45 
f 720/412/44 721/413/44 719/411/45 
f 719/411/45 718/410/45 720/412/44 
f 722/414/43 723/415/56 721/413/44 
f 721/413/44 720/412/44 722/414/43 
f 724/416/42 725/417/42 723/418/56 
f 723/418/56 722/419/43 724/416/42 
f 726/420/41 727/421/41 725/417/42 
f 725/417/42 724/416/42 726/420/41 
f 728/422/54 729/423/54 727/421/41 
f 727/421/41 726/420/41 728/422/54 
f 730/424/39 731/425/39 729/423/54 
f 729/423/54 728/422/54 730/424/39 
f 732/426/53 733/427/9 731/425/39 
f 731/425/39 730/424/39 732/426/53 
f 734/428/37 735/429/37 733/427/9 
f 733/427/9 732/426/53 734/428/37 
f 736/430/52 737/431/36 735/429/37 
f 735/429/37 734/428/37 736/430/52 
f 738/432/51 739/433/35 737/431/36 
f 737/431/36 736/430/52 738/432/51 
f 740/434/34 741/435/34 739/433/35 
f 739/433/35 738/432/51 740/434/34 
f 742/436/118 743/437/33 741/435/34 
f 741/435/34 740/434/34 742/436/118 
f 744/438/32 745/439/32 743/440/33 
f 743/440/33 742/441/118 744/438/32 
f 746/442/50 747/443/50 745/439/32 
f 745/439/32 744/438/32 746/442/50 
f 748/444/48 749/445/48 747/443/50 
f 747/443/50 746/442/50 748/444/48 
f 750/446/49 751/447/29 749/445/48 
f 749/445/48 748/444/48 750/446/49 
s 1
f 684/376/27 685/377/14 752/448/27 
f 752/448/27 753/449/27 684/376/27 
f 688/380/27 684/376/27 753/449/27 
f 753/449/27 754/450/27 688/380/27 
f 691/383/27 688/380/27 754/450/27 
f 754/450/27 755/451/27 691/383/27 
f 694/386/27 691/383/27 755/451/27 
f 755/451/27 756/452/26 694/386/27 
f 698/390/27 694/386/27 756/452/26 
f 756/452/26 757/390/27 698/390/27 
f 699/391/26 698/390/27 757/390/27 
f 757/390/27 758/453/27 699/391/26 
f 697/389/26 699/391/26 758/453/27 
f 758/453/27 759/454/27 697/389/26 
f 695/387/27 697/389/26 759/454/27 
f 759/454/27 760/455/27 695/387/27 
f 696/388/27 695/387/27 760/455/27 
f 760/455/27 761/456/27 696/388/27 
f 710/402/26 696/388/27 761/456/27 
f 761/456/27 762/457/26 710/402/26 
f 711/403/27 710/402/26 762/457/26 
f 762/457/26 763/458/26 711/403/27 
f 712/404/27 711/403/27 763/458/26 
f 763/458/26 764/459/26 712/404/27 
f 713/405/27 712/404/27 764/459/26 
f 764/459/26 765/460/26 713/405/27 
f 709/401/26 713/405/27 765/460/26 
f 765/460/26 766/460/27 709/401/26 
f 707/399/26 709/401/26 766/460/27 
f 766/460/27 767/461/26 707/399/26 
f 705/397/26 707/399/26 767/461/26 
f 767/461/26 768/462/26 705/397/26 
f 702/394/26 705/397/26 768/462/26 
f 768/462/26 769/463/26 702/394/26 
f 703/395/86 702/394/26 769/463/26 
f 769/463/26 770/464/27 703/395/86 
s 4
f 771/465/25 772/466/13 773/466/113 
f 773/466/113 774/467/13 771/465/25 
f 775/468/25 776/466/13 772/466/13 
f 772/466/13 771/465/25 775/468/25 
f 777/469/25 778/470/13 776/466/13 
f 776/466/13 775/468/25 777/469/25 
f 779/471/13 780/470/13 778/470/13 
f 778/470/13 777/469/25 779/471/13 
f 781/471/25 782/470/13 780/470/13 
f 780/470/13 779/471/13 781/471/25 
f 783/472/25 784/470/13 782/470/13 
f 782/470/13 781/471/25 783/472/25 
f 785/473/25 786/474/13 784/470/13 
f 784/470/13 783/472/25 785/473/25 
f 787/475/25 788/474/13 786/474/13 
f 786/474/13 785/473/25 787/475/25 
f 789/476/13 790/474/13 788/474/13 
f 788/474/13 787/475/25 789/476/13 
f 791/477/13 792/474/25 790/474/13 
f 790/474/13 789/476/13 791/477/13 
f 793/478/13 794/474/25 792/474/25 
f 792/474/25 791/477/13 793/478/13 
f 795/479/13 796/474/25 794/474/25 
f 794/474/25 793/478/13 795/479/13 
f 797/480/13 798/481/25 796/474/25 
f 796/474/25 795/479/13 797/480/13 
f 799/482/25 800/481/25 798/481/25 
f 798/481/25 797/480/13 799/482/25 
f 801/483/13 802/481/25 800/481/25 
f 800/481/25 799/482/25 801/483/13 
f 803/484/13 804/485/25 802/481/25 
f 802/481/25 801/483/13 803/484/13 
f 805/486/13 806/485/25 804/485/25 
f 804/485/25 803/484/13 805/486/13 
f 807/487/13 808/485/13 806/485/25 
f 806/485/25 805/486/13 807/487/13 
s 2
f 809/409/47 810/406/46 714/406/46 
f 714/406/46 717/409/47 809/409/47 
f 716/408/47 715/407/46 811/407/46 
f 811/407/46 812/408/47 716/408/47 
f 810/406/46 813/410/45 718/410/45 
f 718/410/45 714/406/46 810/406/46 
f 715/407/46 719/411/45 814/411/45 
f 814/411/45 811/407/46 715/407/46 
f 813/410/45 815/412/44 720/412/44 
f 720/412/44 718/410/45 813/410/45 
f 719/411/45 721/413/44 816/413/44 
f 816/413/44 814/411/45 719/411/45 
f 815/412/44 817/414/43 722/414/43 
f 722/414/43 720/412/44 815/412/44 
f 721/413/44 723/415/56 818/415/56 
f 818/415/56 816/413/44 721/413/44 
f 817/419/43 819/416/42 724/416/42 
f 724/416/42 722/419/43 817/419/43 
f 723/418/56 725/417/42 820/417/42 
f 820/417/42 818/418/56 723/418/56 
f 819/416/42 821/420/41 726/420/41 
f 726/420/41 724/416/42 819/416/42 
f 725/417/42 727/421/41 822/421/41 
f 822/421/41 820/417/42 725/417/42 
f 821/420/41 823/422/54 728/422/54 
f 728/422/54 726/420/41 821/420/41 
f 727/421/41 729/423/54 824/423/54 
f 824/423/54 822/421/41 727/421/41 
f 823/422/54 825/424/39 730/424/39 
f 730/424/39 728/422/54 823/422/54 
f 729/423/54 731/425/39 826/425/39 
f 826/425/39 824/423/54 729/423/54 
f 825/424/39 827/426/9 732/426/53 
f 732/426/53 730/424/39 825/424/39 
f 731/425/39 733/427/9 828/427/53 
f 828/427/53 826/425/39 731/425/39 
f 827/426/9 829/428/37 734/428/37 
f 734/428/37 732/426/53 827/426/9 
f 733/427/9 735/429/37 830/429/37 
f 830/429/37 828/427/53 733/427/9 
f 829/428/37 831/430/52 736/430/52 
f 736/430/52 734/428/37 829/428/37 
f 735/429/37 737/431/36 832/431/36 
f 832/431/36 830/429/37 735/429/37 
f 831/430/52 833/432/51 738/432/51 
f 738/432/51 736/430/52 831/430/52 
f 737/431/36 739/433/35 834/433/35 
f 834/433/35 832/431/36 737/431/36 
f 833/432/51 835/434/34 740/434/34 
f 740/434/34 738/432/51 833/432/51 
f 739/433/35 741/435/34 836/435/34 
f 836/435/34 834/433/35 739/433/35 
f 835/434/34 837/436/118 742/436/118 
f 742/436/118 740/434/34 835/434/34 
f 741/435/34 743/437/33 838/437/33 
f 838/437/33 836/435/34 741/435/34 
f 837/441/118 839/438/32 744/438/32 
f 744/438/32 742/441/118 837/441/118 
f 743/440/33 745/439/32 840/439/32 
f 840/439/32 838/440/33 743/440/33 
f 839/438/32 841/442/50 746/442/50 
f 746/442/50 744/438/32 839/438/32 
f 745/439/32 747/443/50 842/443/50 
f 842/443/50 840/439/32 745/439/32 
f 841/442/50 843/444/48 748/444/48 
f 748/444/48 746/442/50 841/442/50 
f 747/443/50 749/445/48 844/445/48 
f 844/445/48 842/443/50 747/443/50 
f 843/444/48 845/446/29 750/446/49 
f 750/446/49 748/444/48 843/444/48 
f 749/445/48 751/447/29 846/447/49 
f 846/447/49 844/445/48 749/445/48 
s 1
f 845/448/14 843/449/27 753/449/27 
f 753/449/27 752/448/27 845/448/14 
f 843/449/27 841/488/27 754/450/27 
f 754/450/27 753/449/27 843/449/27 
f 841/488/27 839/451/27 755/451/27 
f 755/451/27 754/450/27 841/488/27 
f 839/451/27 837/452/26 756/452/26 
f 756/452/26 755/451/27 839/451/27 
f 837/452/26 835/390/27 757/390/27 
f 757/390/27 756/452/26 837/452/26 
f 835/390/27 833/453/27 758/453/27 
f 758/453/27 757/390/27 835/390/27 
f 833/453/27 831/454/27 759/454/27 
f 759/454/27 758/453/27 833/453/27 
f 831/454/27 829/455/27 760/455/27 
f 760/455/27 759/454/27 831/454/27 
f 829/455/27 827/456/27 761/456/27 
f 761/456/27 760/455/27 829/455/27 
f 827/456/27 825/457/26 762/457/26 
f 762/457/26 761/456/27 827/456/27 
f 825/457/26 823/489/26 763/458/26 
f 763/458/26 762/457/26 825/457/26 
f 823/489/26 821/459/26 764/459/26 
f 764/459/26 763/458/26 823/489/26 
f 821/459/26 819/460/26 765/460/26 
f 765/460/26 764/459/26 821/459/26 
f 819/460/26 817/490/27 766/460/27 
f 766/460/27 765/460/26 819/460/26 
f 817/490/27 815/461/26 767/461/26 
f 767/461/26 766/460/27 817/490/27 
f 815/461/26 813/462/26 768/462/26 
f 768/462/26 767/461/26 815/461/26 
f 813/462/26 810/463/26 769/463/26 
f 769/463/26 768/462/26 813/462/26 
f 810/463/26 809/464/27 770/464/27 
f 770/464/27 769/463/26 810/463/26 
s 4
f 812/467/13 811/465/25 771/465/25 
f 771/465/25 774/467/13 812/467/13 
f 811/465/25 814/468/25 775/468/25 
f 775/468/25 771/465/25 811/465/25 
f 814/468/25 816/469/25 777/469/25 
f 777/469/25 775/468/25 814/468/25 
f 816/469/25 818/491/13 779/471/13 
f 779/471/13 777/469/25 816/469/25 
f 818/491/13 820/471/25 781/471/25 
f 781/471/25 779/471/13 818/491/13 
f 820/471/25 822/472/25 783/472/25 
f 783/472/25 781/471/25 820/471/25 
f 822/472/25 824/492/25 785/473/25 
f 785/473/25 783/472/25 822/472/25 
f 824/492/25 826/475/25 787/475/25 
f 787/475/25 785/473/25 824/492/25 
f 826/475/25 828/476/13 789/476/13 
f 789/476/13 787/475/25 826/475/25 
f 828/476/13 830/477/13 791/477/13 
f 791/477/13 789/476/13 828/476/13 
f 830/477/13 832/478/13 793/478/13 
f 793/478/13 791/477/13 830/477/13 
f 832/478/13 834/479/13 795/479/13 
f 795/479/13 793/478/13 832/478/13 
f 834/479/13 836/480/13 797/480/13 
f 797/480/13 795/479/13 834/479/13 
f 836/480/13 838/482/25 799/482/25 
f 799/482/25 797/480/13 836/480/13 
f 838/482/25 840/483/13 801/483/13 
f 801/483/13 799/482/25 838/482/25 
f 840/483/13 842/493/13 803/484/13 
f 803/484/13 801/483/13 840/483/13 
f 842/493/13 844/486/13 805/486/13 
f 805/486/13 803/484/13 842/493/13 
f 844/486/13 846/487/13 807/487/13 
f 807/487/13 805/486/13 844/486/13 
s 1
f 847/494/47 848/494/46 643/359/46 
f 643/359/46 642/359/47 847/494/47 
f 848/494/46 849/494/45 646/359/45 
f 646/359/45 643/359/46 848/494/46 
f 849/494/45 850/495/44 648/362/44 
f 648/362/44 646/359/45 849/494/45 
f 850/495/44 851/495/43 650/362/43 
f 650/362/43 648/362/44 850/495/44 
f 851/496/43 852/496/42 652/364/42 
f 652/364/42 650/364/43 851/496/43 
f 852/496/42 853/496/41 654/364/41 
f 654/364/41 652/364/42 852/496/42 
f 853/496/41 854/497/40 656/365/40 
f 656/365/40 654/364/41 853/496/41 
f 854/497/40 855/497/39 658/365/39 
f 658/365/39 656/365/40 854/497/40 
f 855/497/39 856/497/38 660/365/38 
f 660/365/38 658/365/39 855/497/39 
f 856/497/38 857/497/58 662/365/37 
f 662/365/37 660/365/38 856/497/38 
f 857/497/58 858/497/52 664/365/36 
f 664/365/36 662/365/37 857/497/58 
f 858/497/52 859/497/51 666/365/35 
f 666/365/35 664/365/36 858/497/52 
f 859/497/51 860/498/57 668/366/34 
f 668/366/34 666/365/35 859/497/51 
f 860/498/57 861/498/33 670/366/33 
f 670/366/33 668/366/34 860/498/57 
f 861/499/33 862/499/31 672/367/31 
f 672/367/31 670/367/33 861/499/33 
f 862/499/31 863/500/30 674/369/30 
f 674/369/30 672/367/31 862/499/31 
f 863/500/30 864/500/28 676/369/28 
f 676/369/28 674/369/30 863/500/30 
f 864/500/28 865/500/29 678/369/29 
f 678/369/29 676/369/28 864/500/28 
s 4
f 848/466/13 847/466/13 773/466/113 
f 773/466/113 772/466/13 848/466/13 
f 849/466/13 848/466/13 772/466/13 
f 772/466/13 776/466/13 849/466/13 
f 850/470/13 849/466/13 776/466/13 
f 776/466/13 778/470/13 850/470/13 
f 851/470/13 850/470/13 778/470/13 
f 778/470/13 780/470/13 851/470/13 
f 852/470/13 851/470/13 780/470/13 
f 780/470/13 782/470/13 852/470/13 
f 853/470/13 852/470/13 782/470/13 
f 782/470/13 784/470/13 853/470/13 
f 854/474/13 853/470/13 784/470/13 
f 784/470/13 786/474/13 854/474/13 
f 855/474/13 854/474/13 786/474/13 
f 786/474/13 788/474/13 855/474/13 
f 856/474/13 855/474/13 788/474/13 
f 788/474/13 790/474/13 856/474/13 
f 857/474/13 856/474/13 790/474/13 
f 790/474/13 792/474/25 857/474/13 
f 858/474/13 857/474/13 792/474/25 
f 792/474/25 794/474/25 858/474/13 
f 859/474/13 858/474/13 794/474/25 
f 794/474/25 796/474/25 859/474/13 
f 860/481/13 859/474/13 796/474/25 
f 796/474/25 798/481/25 860/481/13 
f 861/481/13 860/481/13 798/481/25 
f 798/481/25 800/481/25 861/481/13 
f 862/481/13 861/481/13 800/481/25 
f 800/481/25 802/481/25 862/481/13 
f 863/485/13 862/481/13 802/481/25 
f 802/481/25 804/485/25 863/485/13 
f 864/485/13 863/485/13 804/485/25 
f 804/485/25 806/485/25 864/485/13 
f 865/485/13 864/485/13 806/485/25 
f 806/485/25 808/485/13 865/485/13 
s 1
f 866/2/72 312/2/60 311/1/60 
f 311/1/60 867/1/72 866/2/72 
f 868/501/73 866/2/72 867/1/72 
f 867/1/72 869/502/73 868/501/73 
f 870/501/74 868/501/73 869/502/73 
f 869/502/73 871/502/74 870/501/74 
f 316/188/61 870/188/74 871/186/74 
f 871/186/74 313/186/61 316/188/61 
f 320/191/66 315/188/62 314/187/62 
f 314/187/62 317/187/63 320/191/66 
f 328/190/70 327/189/70 872/189/81 
f 872/189/81 873/190/81 328/190/70 
f 873/8/81 872/9/81 874/5/82 
f 874/5/82 875/11/82 873/8/81 
f 875/11/82 874/5/82 876/5/84 
f 876/5/84 877/11/84 875/11/82 
f 877/11/84 876/5/84 329/14/71 
f 329/14/71 330/13/71 877/11/84 
f 878/329/27 879/329/59 880/330/59 
f 880/330/59 881/330/14 878/329/27 
f 879/329/59 882/329/60 883/330/60 
f 883/330/60 880/330/59 879/329/59 
f 884/503/61 885/504/62 886/505/62 
f 886/505/62 887/505/61 884/503/61 
f 888/504/75 889/506/77 890/189/77 
f 890/189/77 891/187/75 888/504/75 
f 889/506/77 892/506/67 893/189/67 
f 893/189/67 890/189/77 889/506/77 
f 894/189/68 893/189/67 892/506/67 
f 892/506/67 895/506/68 894/189/68 
f 896/189/69 894/189/68 895/506/68 
f 895/506/68 897/506/69 896/189/69 
f 898/189/70 896/189/69 897/506/69 
f 897/506/69 899/506/70 898/189/70 
f 621/14/113 900/14/71 901/338/71 
f 901/338/71 620/338/113 621/14/113 
f 622/339/86 902/507/86 903/508/14 
f 903/508/14 623/340/14 622/339/86 
f 902/507/86 904/509/86 905/510/86 
f 905/510/86 903/508/14 902/507/86 
f 904/509/86 906/511/86 907/512/86 
f 907/512/86 905/510/86 904/509/86 
f 906/511/86 908/513/86 909/514/86 
f 909/514/86 907/512/86 906/511/86 
f 910/515/86 911/516/86 634/351/86 
f 634/351/86 633/350/86 910/515/86 
f 912/517/86 913/518/14 911/516/86 
f 911/516/86 910/515/86 912/517/86 
f 914/519/14 915/520/14 913/518/14 
f 913/518/14 912/517/86 914/519/14 
f 916/521/14 917/522/14 915/520/14 
f 915/520/14 914/519/14 916/521/14 
f 918/359/104 642/359/47 645/360/47 
f 645/360/47 919/360/104 918/359/104 
f 920/359/103 918/359/104 919/360/104 
f 919/360/104 921/361/103 920/359/103 
f 922/359/102 920/359/103 921/361/103 
f 921/361/103 923/361/102 922/359/102 
f 924/523/101 922/359/102 923/361/102 
f 923/361/102 925/524/101 924/523/101 
f 926/525/100 924/525/101 925/505/101 
f 925/505/101 927/505/100 926/525/100 
f 928/525/99 926/525/100 927/505/100 
f 927/505/100 929/505/99 928/525/99 
f 930/526/98 928/525/99 929/505/99 
f 929/505/99 931/187/98 930/526/98 
f 932/526/97 930/526/98 931/187/98 
f 931/187/98 933/187/97 932/526/97 
f 934/526/77 932/526/97 933/187/97 
f 933/187/97 935/187/77 934/526/77 
f 936/187/96 937/526/96 934/526/77 
f 934/526/77 935/187/77 936/187/96 
f 938/187/95 939/526/95 937/526/96 
f 937/526/96 936/187/96 938/187/95 
f 940/187/94 941/526/94 939/526/95 
f 939/526/95 938/187/95 940/187/94 
f 942/186/93 943/527/93 941/526/94 
f 941/526/94 940/187/94 942/186/93 
f 944/186/92 945/527/91 943/527/93 
f 943/527/93 942/186/93 944/186/92 
f 946/370/90 947/369/89 945/528/91 
f 945/528/91 944/529/92 946/370/90 
f 948/370/88 949/369/88 947/369/89 
f 947/369/89 946/370/90 948/370/88 
f 950/371/87 951/369/87 949/369/88 
f 949/369/88 948/370/88 950/371/87 
f 678/369/29 951/369/87 950/371/87 
f 950/371/87 679/371/29 678/369/29 
f 680/372/27 952/530/14 953/531/14 
f 953/531/14 681/373/27 680/372/27 
f 681/373/27 953/531/14 902/507/86 
f 902/507/86 622/339/86 681/373/27 
f 954/532/14 685/377/14 623/340/14 
f 623/340/14 903/508/14 954/532/14 
f 952/530/14 955/533/14 956/534/14 
f 956/534/14 953/531/14 952/530/14 
f 953/531/14 956/534/14 904/509/86 
f 904/509/86 902/507/86 953/531/14 
f 957/535/14 954/532/14 903/508/14 
f 903/508/14 905/510/86 957/535/14 
f 955/533/14 958/536/14 959/537/14 
f 959/537/14 956/534/14 955/533/14 
f 956/534/14 959/537/14 906/511/86 
f 906/511/86 904/509/86 956/534/14 
f 960/538/14 957/535/14 905/510/86 
f 905/510/86 907/512/86 960/538/14 
f 958/536/14 961/539/14 962/540/14 
f 962/540/14 959/537/14 958/536/14 
f 959/537/14 962/540/14 908/513/86 
f 908/513/86 906/511/86 959/537/14 
f 963/541/14 960/538/14 907/512/86 
f 907/512/86 909/514/86 963/541/14 
f 961/539/14 964/542/14 965/543/14 
f 965/543/14 962/540/14 961/539/14 
f 962/540/14 965/543/14 966/544/86 
f 966/544/86 908/513/86 962/540/14 
f 909/514/86 967/545/86 968/546/14 
f 968/546/14 963/541/14 909/514/86 
f 969/547/14 952/530/14 680/372/27 
f 680/372/27 701/393/27 969/547/14 
f 911/516/86 969/547/14 701/393/27 
f 701/393/27 634/351/86 911/516/86 
f 633/350/86 703/395/86 970/548/86 
f 970/548/86 910/515/86 633/350/86 
f 971/549/14 955/533/14 952/530/14 
f 952/530/14 969/547/14 971/549/14 
f 913/518/14 971/549/14 969/547/14 
f 969/547/14 911/516/86 913/518/14 
f 910/515/86 970/548/86 972/550/86 
f 972/550/86 912/517/86 910/515/86 
f 973/551/14 958/536/14 955/533/14 
f 955/533/14 971/549/14 973/551/14 
f 915/520/14 973/551/14 971/549/14 
f 971/549/14 913/518/14 915/520/14 
f 912/517/86 972/550/86 974/552/86 
f 974/552/86 914/519/14 912/517/86 
f 975/553/14 961/539/14 958/536/14 
f 958/536/14 973/551/14 975/553/14 
f 917/522/14 975/553/14 973/551/14 
f 973/551/14 915/520/14 917/522/14 
f 914/519/14 974/552/86 976/554/86 
f 976/554/86 916/521/14 914/519/14 
f 977/555/86 964/542/14 961/539/14 
f 961/539/14 975/553/14 977/555/86 
f 978/556/14 977/555/86 975/553/14 
f 975/553/14 917/522/14 978/556/14 
f 916/521/14 979/557/14 978/556/14 
f 978/556/14 917/522/14 916/521/14 
f 909/514/86 908/513/86 966/544/86 
f 966/544/86 967/545/86 909/514/86 
f 916/521/14 976/554/86 980/558/14 
f 980/558/14 979/557/14 916/521/14 
s 2
f 981/559/104 717/409/47 716/408/47 
f 716/408/47 982/560/104 981/559/104 
f 983/561/103 981/559/104 982/560/104 
f 982/560/104 984/562/103 983/561/103 
f 985/563/102 983/561/103 984/562/103 
f 984/562/103 986/564/102 985/563/102 
f 987/565/101 985/563/102 986/564/102 
f 986/564/102 988/566/112 987/565/101 
f 989/567/100 987/568/101 988/569/112 
f 988/569/112 990/570/100 989/567/100 
f 991/571/99 989/567/100 990/570/100 
f 990/570/100 992/572/99 991/571/99 
f 993/489/110 991/571/99 992/572/99 
f 992/572/99 994/573/110 993/489/110 
f 995/457/97 993/489/110 994/573/110 
f 994/573/110 996/402/97 995/457/97 
f 997/456/109 995/457/97 996/402/97 
f 996/402/97 998/388/64 997/456/109 
f 999/455/96 997/456/109 998/388/64 
f 998/388/64 1000/387/96 999/455/96 
f 1001/454/108 999/455/96 1000/387/96 
f 1000/387/96 1002/574/95 1001/454/108 
f 1003/575/107 1001/454/108 1002/574/95 
f 1002/574/95 1004/576/94 1003/575/107 
f 1005/577/93 1003/575/107 1004/576/94 
f 1004/576/94 1006/578/93 1005/577/93 
f 1007/579/92 1005/577/93 1006/578/93 
f 1006/578/93 1008/580/91 1007/579/92 
f 1009/581/90 1007/582/92 1008/583/91 
f 1008/583/91 1010/584/90 1009/581/90 
f 1011/585/106 1009/581/90 1010/584/90 
f 1010/584/90 1012/586/106 1011/585/106 
f 1013/587/105 1011/585/106 1012/586/106 
f 1012/586/106 1014/588/105 1013/587/105 
f 750/446/49 1013/587/105 1014/588/105 
f 1014/588/105 751/447/29 750/446/49 
s 1
f 954/532/14 1015/589/14 752/448/27 
f 752/448/27 685/377/14 954/532/14 
f 957/535/14 1016/590/14 1015/589/14 
f 1015/589/14 954/532/14 957/535/14 
f 960/538/14 1017/591/14 1016/590/14 
f 1016/590/14 957/535/14 960/538/14 
f 963/541/14 1018/592/86 1017/591/14 
f 1017/591/14 960/538/14 963/541/14 
f 968/546/14 1019/546/14 1018/592/86 
f 1018/592/86 963/541/14 968/546/14 
f 967/545/86 1020/593/14 1019/546/14 
f 1019/546/14 968/546/14 967/545/86 
f 966/544/86 1021/594/14 1020/593/14 
f 1020/593/14 967/545/86 966/544/86 
f 965/543/14 1022/595/14 1021/594/14 
f 1021/594/14 966/544/86 965/543/14 
f 964/542/14 1023/596/14 1022/595/14 
f 1022/595/14 965/543/14 964/542/14 
f 977/555/86 1024/597/86 1023/596/14 
f 1023/596/14 964/542/14 977/555/86 
f 978/556/14 1025/598/86 1024/597/86 
f 1024/597/86 977/555/86 978/556/14 
f 979/557/14 1026/599/86 1025/598/86 
f 1025/598/86 978/556/14 979/557/14 
f 980/558/14 1027/600/86 1026/599/86 
f 1026/599/86 979/557/14 980/558/14 
f 976/554/86 1028/601/14 1027/600/86 
f 1027/600/86 980/558/14 976/554/86 
f 974/552/86 1029/602/86 1028/601/14 
f 1028/601/14 976/554/86 974/552/86 
f 972/550/86 1030/603/86 1029/602/86 
f 1029/602/86 974/552/86 972/550/86 
f 970/548/86 1031/604/86 1030/603/86 
f 1030/603/86 972/550/86 970/548/86 
f 703/395/86 770/464/27 1031/604/86 
f 1031/604/86 970/548/86 703/395/86 
s 4
f 1032/605/114 774/467/13 773/466/113 
f 773/466/113 1033/466/113 1032/605/114 
f 1034/606/114 1032/605/114 1033/466/113 
f 1033/466/113 1035/466/113 1034/606/114 
f 1036/607/114 1034/606/114 1035/466/113 
f 1035/466/113 1037/608/113 1036/607/114 
f 1038/609/113 1036/607/114 1037/608/113 
f 1037/608/113 1039/608/113 1038/609/113 
f 1040/610/114 1038/609/113 1039/608/113 
f 1039/608/113 1041/608/113 1040/610/114 
f 1042/572/114 1040/610/114 1041/608/113 
f 1041/608/113 1043/608/113 1042/572/114 
f 1044/611/114 1042/572/114 1043/608/113 
f 1043/608/113 1045/612/113 1044/611/114 
f 1046/613/114 1044/611/114 1045/612/113 
f 1045/612/113 1047/612/113 1046/613/114 
f 1048/614/113 1046/613/114 1047/612/113 
f 1047/612/113 1049/612/113 1048/614/113 
f 1050/615/113 1048/614/113 1049/612/113 
f 1049/612/113 1051/612/114 1050/615/113 
f 1052/616/113 1050/615/113 1051/612/114 
f 1051/612/114 1053/612/114 1052/616/113 
f 1054/576/113 1052/616/113 1053/612/114 
f 1053/612/114 1055/612/114 1054/576/113 
f 1056/617/113 1054/576/113 1055/612/114 
f 1055/612/114 1057/618/114 1056/617/113 
f 1058/619/114 1056/617/113 1057/618/114 
f 1057/618/114 1059/618/114 1058/619/114 
f 1060/620/113 1058/619/114 1059/618/114 
f 1059/618/114 1061/618/114 1060/620/113 
f 1062/621/113 1060/620/113 1061/618/114 
f 1061/618/114 1063/485/114 1062/621/113 
f 1064/622/113 1062/621/113 1063/485/114 
f 1063/485/114 1065/485/114 1064/622/113 
f 807/487/13 1064/622/113 1065/485/114 
f 1065/485/114 808/485/13 807/487/13 
s 2
f 809/409/47 717/409/47 981/559/104 
f 981/559/104 1066/559/104 809/409/47 
f 716/408/47 812/408/47 1067/560/104 
f 1067/560/104 982/560/104 716/408/47 
f 1066/559/104 981/559/104 983/561/103 
f 983/561/103 1068/561/103 1066/559/104 
f 982/560/104 1067/560/104 1069/562/103 
f 1069/562/103 984/562/103 982/560/104 
f 1068/561/103 983/561/103 985/563/102 
f 985/563/102 1070/563/102 1068/561/103 
f 984/562/103 1069/562/103 1071/564/102 
f 1071/564/102 986/564/102 984/562/103 
f 1070/563/102 985/563/102 987/565/101 
f 987/565/101 1072/565/101 1070/563/102 
f 986/564/102 1071/564/102 1073/566/112 
f 1073/566/112 988/566/112 986/564/102 
f 1072/568/101 987/568/101 989/567/100 
f 989/567/100 1074/567/100 1072/568/101 
f 988/569/112 1073/569/112 1075/570/100 
f 1075/570/100 990/570/100 988/569/112 
f 1074/567/100 989/567/100 991/571/99 
f 991/571/99 1076/571/99 1074/567/100 
f 990/570/100 1075/570/100 1077/572/99 
f 1077/572/99 992/572/99 990/570/100 
f 1076/571/99 991/571/99 993/489/110 
f 993/489/110 1078/489/110 1076/571/99 
f 992/572/99 1077/572/99 1079/573/110 
f 1079/573/110 994/573/110 992/572/99 
f 1078/489/110 993/489/110 995/457/97 
f 995/457/97 1080/457/97 1078/489/110 
f 994/573/110 1079/573/110 1081/402/97 
f 1081/402/97 996/402/97 994/573/110 
f 1080/457/97 995/457/97 997/456/109 
f 997/456/109 1082/456/64 1080/457/97 
f 996/402/97 1081/402/97 1083/388/109 
f 1083/388/109 998/388/64 996/402/97 
f 1082/456/64 997/456/109 999/455/96 
f 999/455/96 1084/455/96 1082/456/64 
f 998/388/64 1083/388/109 1085/387/96 
f 1085/387/96 1000/387/96 998/388/64 
f 1084/455/96 999/455/96 1001/454/108 
f 1001/454/108 1086/454/108 1084/455/96 
f 1000/387/96 1085/387/96 1087/574/95 
f 1087/574/95 1002/574/95 1000/387/96 
f 1086/454/108 1001/454/108 1003/575/107 
f 1003/575/107 1088/575/107 1086/454/108 
f 1002/574/95 1087/574/95 1089/576/94 
f 1089/576/94 1004/576/94 1002/574/95 
f 1088/575/107 1003/575/107 1005/577/93 
f 1005/577/93 1090/577/93 1088/575/107 
f 1004/576/94 1089/576/94 1091/578/93 
f 1091/578/93 1006/578/93 1004/576/94 
f 1090/577/93 1005/577/93 1007/579/92 
f 1007/579/92 1092/579/92 1090/577/93 
f 1006/578/93 1091/578/93 1093/580/91 
f 1093/580/91 1008/580/91 1006/578/93 
f 1092/582/92 1007/582/92 1009/581/90 
f 1009/581/90 1094/581/90 1092/582/92 
f 1008/583/91 1093/583/91 1095/584/90 
f 1095/584/90 1010/584/90 1008/583/91 
f 1094/581/90 1009/581/90 1011/585/106 
f 1011/585/106 1096/585/106 1094/581/90 
f 1010/584/90 1095/584/90 1097/586/106 
f 1097/586/106 1012/586/106 1010/584/90 
f 1096/585/106 1011/585/106 1013/587/105 
f 1013/587/105 1098/587/105 1096/585/106 
f 1012/586/106 1097/586/106 1099/588/105 
f 1099/588/105 1014/588/105 1012/586/106 
f 1098/587/105 1013/587/105 750/446/49 
f 750/446/49 845/446/29 1098/587/105 
f 1014/588/105 1099/588/105 846/447/49 
f 846/447/49 751/447/29 1014/588/105 
s 1
f 845/448/14 752/448/27 1015/589/14 
f 1015/589/14 1098/589/14 845/448/14 
f 1098/589/14 1015/589/14 1016/590/14 
f 1016/590/14 1096/623/14 1098/589/14 
f 1096/623/14 1016/590/14 1017/591/14 
f 1017/591/14 1094/624/14 1096/623/14 
f 1094/624/14 1017/591/14 1018/592/86 
f 1018/592/86 1092/625/86 1094/624/14 
f 1092/625/86 1018/592/86 1019/546/14 
f 1019/546/14 1090/546/14 1092/625/86 
f 1090/546/14 1019/546/14 1020/593/14 
f 1020/593/14 1088/593/14 1090/546/14 
f 1088/593/14 1020/593/14 1021/594/14 
f 1021/594/14 1086/594/14 1088/593/14 
f 1086/594/14 1021/594/14 1022/595/14 
f 1022/595/14 1084/595/14 1086/594/14 
f 1084/595/14 1022/595/14 1023/596/14 
f 1023/596/14 1082/596/27 1084/595/14 
f 1082/596/27 1023/596/14 1024/597/86 
f 1024/597/86 1080/597/86 1082/596/27 
f 1080/597/86 1024/597/86 1025/598/86 
f 1025/598/86 1078/626/86 1080/597/86 
f 1078/626/86 1025/598/86 1026/599/86 
f 1026/599/86 1076/599/86 1078/626/86 
f 1076/599/86 1026/599/86 1027/600/86 
f 1027/600/86 1074/600/86 1076/599/86 
f 1074/600/86 1027/600/86 1028/601/14 
f 1028/601/14 1072/627/14 1074/600/86 
f 1072/627/14 1028/601/14 1029/602/86 
f 1029/602/86 1070/628/86 1072/627/14 
f 1070/628/86 1029/602/86 1030/603/86 
f 1030/603/86 1068/603/86 1070/628/86 
f 1068/603/86 1030/603/86 1031/604/86 
f 1031/604/86 1066/604/86 1068/603/86 
f 1066/604/86 1031/604/86 770/464/27 
f 770/464/27 809/464/27 1066/604/86 
s 4
f 812/467/13 774/467/13 1032/605/114 
f 1032/605/114 1067/605/114 812/467/13 
f 1067/605/114 1032/605/114 1034/606/114 
f 1034/606/114 1069/606/114 1067/605/114 
f 1069/606/114 1034/606/114 1036/607/114 
f 1036/607/114 1071/629/114 1069/606/114 
f 1071/629/114 1036/607/114 1038/609/113 
f 1038/609/113 1073/630/113 1071/629/114 
f 1073/630/113 1038/609/113 1040/610/114 
f 1040/610/114 1075/610/114 1073/630/113 
f 1075/610/114 1040/610/114 1042/572/114 
f 1042/572/114 1077/572/114 1075/610/114 
f 1077/572/114 1042/572/114 1044/611/114 
f 1044/611/114 1079/631/114 1077/572/114 
f 1079/631/114 1044/611/114 1046/613/114 
f 1046/613/114 1081/613/114 1079/631/114 
f 1081/613/114 1046/613/114 1048/614/113 
f 1048/614/113 1083/614/13 1081/613/114 
f 1083/614/13 1048/614/113 1050/615/113 
f 1050/615/113 1085/615/113 1083/614/13 
f 1085/615/113 1050/615/113 1052/616/113 
f 1052/616/113 1087/616/113 1085/615/113 
f 1087/616/113 1052/616/113 1054/576/113 
f 1054/576/113 1089/576/113 1087/616/113 
f 1089/576/113 1054/576/113 1056/617/113 
f 1056/617/113 1091/617/113 1089/576/113 
f 1091/617/113 1056/617/113 1058/619/114 
f 1058/619/114 1093/632/114 1091/617/113 
f 1093/632/114 1058/619/114 1060/620/113 
f 1060/620/113 1095/633/113 1093/632/114 
f 1095/633/113 1060/620/113 1062/621/113 
f 1062/621/113 1097/634/113 1095/633/113 
f 1097/634/113 1062/621/113 1064/622/113 
f 1064/622/113 1099/622/113 1097/634/113 
f 1099/622/113 1064/622/113 807/487/13 
f 807/487/13 846/487/13 1099/622/113 
s 1
f 847/494/47 642/359/47 918/359/104 
f 918/359/104 1100/494/104 847/494/47 
f 1100/494/104 918/359/104 920/359/103 
f 920/359/103 1101/494/103 1100/494/104 
f 1101/494/103 920/359/103 922/359/102 
f 922/359/102 1102/494/102 1101/494/103 
f 1102/494/102 922/359/102 924/523/101 
f 924/523/101 1103/635/101 1102/494/102 
f 1103/636/101 924/525/101 926/525/100 
f 926/525/100 1104/636/100 1103/636/101 
f 1104/636/100 926/525/100 928/525/99 
f 928/525/99 1105/636/99 1104/636/100 
f 1105/636/99 928/525/99 930/526/98 
f 930/526/98 1106/637/98 1105/636/99 
f 1106/637/98 930/526/98 932/526/97 
f 932/526/97 1107/637/97 1106/637/98 
f 1107/637/97 932/526/97 934/526/77 
f 934/526/77 1108/637/77 1107/637/97 
f 1108/637/77 934/526/77 937/526/96 
f 937/526/96 1109/637/116 1108/637/77 
f 1109/637/116 937/526/96 939/526/95 
f 939/526/95 1110/637/108 1109/637/116 
f 1110/637/108 939/526/95 941/526/94 
f 941/526/94 1111/637/107 1110/637/108 
f 1111/637/107 941/526/94 943/527/93 
f 943/527/93 1112/638/115 1111/637/107 
f 1112/638/115 943/527/93 945/527/91 
f 945/527/91 1113/638/91 1112/638/115 
f 1113/639/91 945/528/91 947/369/89 
f 947/369/89 1114/500/89 1113/639/91 
f 1114/500/89 947/369/89 949/369/88 
f 949/369/88 1115/500/88 1114/500/89 
f 1115/500/88 949/369/88 951/369/87 
f 951/369/87 1116/500/87 1115/500/88 
f 1116/500/87 951/369/87 678/369/29 
f 678/369/29 865/500/29 1116/500/87 
s 4
f 1100/466/13 1033/466/113 773/466/113 
f 773/466/113 847/466/13 1100/466/13 
f 1101/466/13 1035/466/113 1033/466/113 
f 1033/466/113 1100/466/13 1101/466/13 
f 1102/466/13 1037/608/113 1035/466/113 
f 1035/466/113 1101/466/13 1102/466/13 
f 1103/608/13 1039/608/113 1037/608/113 
f 1037/608/113 1102/466/13 1103/608/13 
f 1104/608/13 1041/608/113 1039/608/113 
f 1039/608/113 1103/608/13 1104/608/13 
f 1105/608/13 1043/608/113 1041/608/113 
f 1041/608/113 1104/608/13 1105/608/13 
f 1106/612/13 1045/612/113 1043/608/113 
f 1043/608/113 1105/608/13 1106/612/13 
f 1107/612/13 1047/612/113 1045/612/113 
f 1045/612/113 1106/612/13 1107/612/13 
f 1108/612/13 1049/612/113 1047/612/113 
f 1047/612/113 1107/612/13 1108/612/13 
f 1109/612/13 1051/612/114 1049/612/113 
f 1049/612/113 1108/612/13 1109/612/13 
f 1110/612/13 1053/612/114 1051/612/114 
f 1051/612/114 1109/612/13 1110/612/13 
f 1111/612/13 1055/612/114 1053/612/114 
f 1053/612/114 1110/612/13 1111/612/13 
f 1112/618/13 1057/618/114 1055/612/114 
f 1055/612/114 1111/612/13 1112/618/13 
f 1113/618/13 1059/618/114 1057/618/114 
f 1057/618/114 1112/618/13 1113/618/13 
f 1114/485/13 1061/618/114 1059/618/114 
f 1059/618/114 1113/618/13 1114/485/13 
f 1115/485/13 1063/485/114 1061/618/114 
f 1061/618/114 1114/485/13 1115/485/13 
f 1116/485/13 1065/485/114 1063/485/114 
f 1063/485/114 1115/485/13 1116/485/13 
f 865/485/13 808/485/13 1065/485/114 
f 1065/485/114 1116/485/13 865/485/13 
s 1
f 1117/640/2 1118/640/1 1119/641/1 
f 1119/641/1 1120/641/2 1117/640/2 
f 1121/642/4 1122/642/3 1123/643/3 
f 1123/643/3 1124/643/119 1121/642/4 
f 1125/644/6 1126/333/5 1127/645/5 
f 1127/645/5 1128/646/6 1125/644/6 
f 1129/336/38 1130/336/8 1131/647/8 
f 1131/647/8 1132/647/38 1129/336/38 
f 1133/337/10 1134/333/11 1135/646/11 
f 1135/646/11 1136/648/10 1133/337/10 
f 1137/338/12 1138/338/13 1139/649/13 
f 1139/649/13 1140/649/12 1137/338/12 
f 1141/650/14 1142/651/14 1143/652/27 
f 1143/652/27 1144/653/27 1141/650/14 
f 1144/653/27 1143/652/27 1145/654/27 
f 1145/654/27 1146/655/27 1144/653/27 
f 1146/655/27 1145/654/27 1147/656/27 
f 1147/656/27 1148/657/27 1146/655/27 
f 1148/657/27 1147/656/27 1149/658/27 
f 1149/658/27 1150/659/27 1148/657/27 
f 1151/660/26 1152/661/86 1153/662/27 
f 1153/662/27 1154/663/27 1151/660/26 
f 1155/664/27 1151/660/26 1154/663/27 
f 1154/663/27 1156/665/27 1155/664/27 
f 1157/666/27 1155/664/27 1156/665/27 
f 1156/665/27 1158/667/26 1157/666/27 
f 1159/668/26 1157/666/27 1158/667/26 
f 1158/667/26 1160/669/26 1159/668/26 
f 1161/670/47 1162/670/46 1163/671/46 
f 1163/671/46 1164/671/47 1161/670/47 
f 1162/670/46 1165/670/45 1166/671/45 
f 1166/671/45 1163/671/46 1162/670/46 
f 1165/670/45 1167/672/44 1168/673/44 
f 1168/673/44 1166/671/45 1165/670/45 
f 1167/672/44 1169/672/43 1170/673/43 
f 1170/673/43 1168/673/44 1167/672/44 
f 1169/674/43 1171/674/42 1172/675/42 
f 1172/675/42 1170/675/43 1169/674/43 
f 1171/674/42 1173/674/41 1174/675/41 
f 1174/675/41 1172/675/42 1171/674/42 
f 1173/674/41 1175/676/40 1176/645/40 
f 1176/645/40 1174/675/41 1173/674/41 
f 1175/676/40 1177/676/39 1178/645/39 
f 1178/645/39 1176/645/40 1175/676/40 
f 1177/676/39 1179/676/38 1180/645/38 
f 1180/645/38 1178/645/39 1177/676/39 
f 1179/676/38 1181/676/37 1182/645/37 
f 1182/645/37 1180/645/38 1179/676/38 
f 1181/676/37 1183/676/36 1184/645/36 
f 1184/645/36 1182/645/37 1181/676/37 
f 1183/676/36 1185/676/35 1186/645/35 
f 1186/645/35 1184/645/36 1183/676/36 
f 1185/676/35 1187/677/34 1188/646/34 
f 1188/646/34 1186/645/35 1185/676/35 
f 1187/677/34 1189/677/33 1190/646/33 
f 1190/646/33 1188/646/34 1187/677/34 
f 1189/678/33 1191/678/31 1192/679/32 
f 1192/679/32 1190/679/33 1189/678/33 
f 1191/678/31 1193/680/30 1194/681/30 
f 1194/681/30 1192/679/32 1191/678/31 
f 1193/680/30 1195/680/28 1196/682/28 
f 1196/682/28 1194/681/30 1193/680/30 
f 1195/680/28 1197/680/29 1198/682/29 
f 1198/682/29 1196/682/28 1195/680/28 
f 1199/683/27 1200/684/27 1201/685/27 
f 1201/685/27 1202/686/27 1199/683/27 
f 1200/684/27 1141/650/14 1144/653/27 
f 1144/653/27 1201/685/27 1200/684/27 
f 1203/687/27 1143/652/27 1142/651/14 
f 1142/651/14 1204/688/14 1203/687/27 
f 1202/686/27 1201/685/27 1205/689/27 
f 1205/689/27 1206/690/27 1202/686/27 
f 1201/685/27 1144/653/27 1146/655/27 
f 1146/655/27 1205/689/27 1201/685/27 
f 1207/691/27 1145/654/27 1143/652/27 
f 1143/652/27 1203/687/27 1207/691/27 
f 1206/690/27 1205/689/27 1208/692/27 
f 1208/692/27 1209/693/27 1206/690/27 
f 1205/689/27 1146/655/27 1148/657/27 
f 1148/657/27 1208/692/27 1205/689/27 
f 1210/694/27 1147/656/27 1145/654/27 
f 1145/654/27 1207/691/27 1210/694/27 
f 1209/693/27 1208/692/27 1211/695/26 
f 1211/695/26 1212/696/27 1209/693/27 
f 1208/692/27 1148/657/27 1150/659/27 
f 1150/659/27 1211/695/26 1208/692/27 
f 1213/697/26 1149/658/27 1147/656/27 
f 1147/656/27 1210/694/27 1213/697/26 
f 1212/696/27 1211/695/26 1214/698/27 
f 1214/698/27 1215/699/27 1212/696/27 
f 1211/695/26 1150/659/27 1216/700/27 
f 1216/700/27 1214/698/27 1211/695/26 
f 1149/658/27 1213/697/26 1217/701/26 
f 1217/701/26 1218/702/27 1149/658/27 
f 1219/703/27 1220/704/27 1199/683/27 
f 1199/683/27 1202/686/27 1219/703/27 
f 1154/663/27 1153/662/27 1220/704/27 
f 1220/704/27 1219/703/27 1154/663/27 
f 1152/661/86 1151/660/26 1221/705/26 
f 1221/705/26 1222/706/86 1152/661/86 
f 1223/707/26 1219/703/27 1202/686/27 
f 1202/686/27 1206/690/27 1223/707/26 
f 1156/665/27 1154/663/27 1219/703/27 
f 1219/703/27 1223/707/26 1156/665/27 
f 1151/660/26 1155/664/27 1224/708/26 
f 1224/708/26 1221/705/26 1151/660/26 
f 1225/709/26 1223/707/26 1206/690/27 
f 1206/690/27 1209/693/27 1225/709/26 
f 1158/667/26 1156/665/27 1223/707/26 
f 1223/707/26 1225/709/26 1158/667/26 
f 1155/664/27 1157/666/27 1226/710/26 
f 1226/710/26 1224/708/26 1155/664/27 
f 1227/711/27 1225/709/26 1209/693/27 
f 1209/693/27 1212/696/27 1227/711/27 
f 1160/669/26 1158/667/26 1225/709/26 
f 1225/709/26 1227/711/27 1160/669/26 
f 1157/666/27 1159/668/26 1228/712/27 
f 1228/712/27 1226/710/26 1157/666/27 
f 1229/713/27 1227/711/27 1212/696/27 
f 1212/696/27 1215/699/27 1229/713/27 
f 1230/714/26 1160/669/26 1227/711/27 
f 1227/711/27 1229/713/27 1230/714/26 
f 1159/668/26 1160/669/26 1230/714/26 
f 1230/714/26 1231/715/26 1159/668/26 
f 1149/658/27 1218/702/27 1216/700/27 
f 1216/700/27 1150/659/27 1149/658/27 
f 1159/668/26 1231/715/26 1232/716/27 
f 1232/716/27 1228/712/27 1159/668/26 
s 2
f 1233/717/46 1234/718/46 1235/719/47 
f 1235/719/47 1236/720/47 1233/717/46 
f 1237/721/120 1238/722/45 1234/718/46 
f 1234/718/46 1233/717/46 1237/721/120 
f 1239/723/44 1240/724/44 1238/722/45 
f 1238/722/45 1237/721/120 1239/723/44 
f 1241/725/43 1242/726/56 1240/724/44 
f 1240/724/44 1239/723/44 1241/725/43 
f 1243/727/42 1244/728/42 1242/728/56 
f 1242/728/56 1241/727/43 1243/727/42 
f 1245/729/55 1246/730/41 1244/728/42 
f 1244/728/42 1243/727/42 1245/729/55 
f 1247/731/40 1248/732/54 1246/730/41 
f 1246/730/41 1245/729/55 1247/731/40 
f 1249/733/39 1250/734/39 1248/732/54 
f 1248/732/54 1247/731/40 1249/733/39 
f 1251/735/53 1252/736/9 1250/734/39 
f 1250/734/39 1249/733/39 1251/735/53 
f 1253/737/37 1254/738/37 1252/736/9 
f 1252/736/9 1251/735/53 1253/737/37 
f 1255/739/52 1256/740/52 1254/738/37 
f 1254/738/37 1253/737/37 1255/739/52 
f 1257/741/51 1258/742/35 1256/740/52 
f 1256/740/52 1255/739/52 1257/741/51 
f 1259/743/34 1260/744/34 1258/742/35 
f 1258/742/35 1257/741/51 1259/743/34 
f 1261/743/33 1262/744/33 1260/744/34 
f 1260/744/34 1259/743/34 1261/743/33 
f 1263/745/32 1264/746/32 1262/747/33 
f 1262/747/33 1261/748/33 1263/745/32 
f 1265/749/30 1266/750/50 1264/746/32 
f 1264/746/32 1263/745/32 1265/749/30 
f 1267/751/48 1268/752/48 1266/750/50 
f 1266/750/50 1265/749/30 1267/751/48 
f 1269/753/49 1270/754/29 1268/752/48 
f 1268/752/48 1267/751/48 1269/753/49 
s 1
f 1203/687/27 1204/688/14 1271/755/27 
f 1271/755/27 1272/756/27 1203/687/27 
f 1207/691/27 1203/687/27 1272/756/27 
f 1272/756/27 1273/757/27 1207/691/27 
f 1210/694/27 1207/691/27 1273/757/27 
f 1273/757/27 1274/758/27 1210/694/27 
f 1213/697/26 1210/694/27 1274/758/27 
f 1274/758/27 1275/759/27 1213/697/26 
f 1217/701/26 1213/697/26 1275/759/27 
f 1275/759/27 1276/701/27 1217/701/26 
f 1218/702/27 1217/701/26 1276/701/27 
f 1276/701/27 1277/760/27 1218/702/27 
f 1216/700/27 1218/702/27 1277/760/27 
f 1277/760/27 1278/761/27 1216/700/27 
f 1214/698/27 1216/700/27 1278/761/27 
f 1278/761/27 1279/762/27 1214/698/27 
f 1215/699/27 1214/698/27 1279/762/27 
f 1279/762/27 1280/763/27 1215/699/27 
f 1229/713/27 1215/699/27 1280/763/27 
f 1280/763/27 1281/764/26 1229/713/27 
f 1230/714/26 1229/713/27 1281/764/26 
f 1281/764/26 1282/765/26 1230/714/26 
f 1231/715/26 1230/714/26 1282/765/26 
f 1282/765/26 1283/766/27 1231/715/26 
f 1232/716/27 1231/715/26 1283/766/27 
f 1283/766/27 1284/767/26 1232/716/27 
f 1228/712/27 1232/716/27 1284/767/26 
f 1284/767/26 1285/767/26 1228/712/27 
f 1226/710/26 1228/712/27 1285/767/26 
f 1285/767/26 1286/768/26 1226/710/26 
f 1224/708/26 1226/710/26 1286/768/26 
f 1286/768/26 1287/769/26 1224/708/26 
f 1221/705/26 1224/708/26 1287/769/26 
f 1287/769/26 1288/770/26 1221/705/26 
f 1222/706/86 1221/705/26 1288/770/26 
f 1288/770/26 1289/771/26 1222/706/86 
s 4
f 1290/772/25 1291/773/13 1292/773/13 
f 1292/773/13 1293/774/13 1290/772/25 
f 1294/775/25 1295/773/13 1291/773/13 
f 1291/773/13 1290/772/25 1294/775/25 
f 1296/776/25 1297/777/13 1295/773/13 
f 1295/773/13 1294/775/25 1296/776/25 
f 1298/778/25 1299/777/13 1297/777/13 
f 1297/777/13 1296/776/25 1298/778/25 
f 1300/778/25 1301/777/13 1299/777/13 
f 1299/777/13 1298/778/25 1300/778/25 
f 1302/779/25 1303/777/13 1301/777/13 
f 1301/777/13 1300/778/25 1302/779/25 
f 1304/780/25 1305/781/13 1303/777/13 
f 1303/777/13 1302/779/25 1304/780/25 
f 1306/782/13 1307/781/13 1305/781/13 
f 1305/781/13 1304/780/25 1306/782/13 
f 1308/783/25 1309/781/13 1307/781/13 
f 1307/781/13 1306/782/13 1308/783/25 
f 1310/784/13 1311/781/25 1309/781/13 
f 1309/781/13 1308/783/25 1310/784/13 
f 1312/785/13 1313/781/25 1311/781/25 
f 1311/781/25 1310/784/13 1312/785/13 
f 1314/786/13 1315/787/25 1313/781/25 
f 1313/781/25 1312/785/13 1314/786/13 
f 1316/788/13 1317/787/25 1315/787/25 
f 1315/787/25 1314/786/13 1316/788/13 
f 1318/789/13 1319/787/25 1317/787/25 
f 1317/787/25 1316/788/13 1318/789/13 
f 1320/790/13 1321/787/25 1319/787/25 
f 1319/787/25 1318/789/13 1320/790/13 
f 1322/791/13 1323/792/25 1321/787/25 
f 1321/787/25 1320/790/13 1322/791/13 
f 1324/793/13 1325/792/25 1323/792/25 
f 1323/792/25 1322/791/13 1324/793/13 
f 1326/794/113 1327/792/13 1325/792/25 
f 1325/792/25 1324/793/13 1326/794/113 
s 2
f 1328/720/47 1329/717/46 1233/717/46 
f 1233/717/46 1236/720/47 1328/720/47 
f 1235/719/47 1234/718/46 1330/718/46 
f 1330/718/46 1331/719/47 1235/719/47 
f 1329/717/46 1332/721/120 1237/721/120 
f 1237/721/120 1233/717/46 1329/717/46 
f 1234/718/46 1238/722/45 1333/722/45 
f 1333/722/45 1330/718/46 1234/718/46 
f 1332/721/120 1334/723/44 1239/723/44 
f 1239/723/44 1237/721/120 1332/721/120 
f 1238/722/45 1240/724/44 1335/724/44 
f 1335/724/44 1333/722/45 1238/722/45 
f 1334/723/44 1336/725/43 1241/725/43 
f 1241/725/43 1239/723/44 1334/723/44 
f 1240/724/44 1242/726/56 1337/726/56 
f 1337/726/56 1335/724/44 1240/724/44 
f 1336/727/43 1338/727/42 1243/727/42 
f 1243/727/42 1241/727/43 1336/727/43 
f 1242/728/56 1244/728/42 1339/728/42 
f 1339/728/42 1337/728/56 1242/728/56 
f 1338/727/42 1340/729/55 1245/729/55 
f 1245/729/55 1243/727/42 1338/727/42 
f 1244/728/42 1246/730/41 1341/730/41 
f 1341/730/41 1339/728/42 1244/728/42 
f 1340/729/55 1342/731/40 1247/731/40 
f 1247/731/40 1245/729/55 1340/729/55 
f 1246/730/41 1248/732/54 1343/732/54 
f 1343/732/54 1341/730/41 1246/730/41 
f 1342/731/40 1344/733/39 1249/733/39 
f 1249/733/39 1247/731/40 1342/731/40 
f 1248/732/54 1250/734/39 1345/734/39 
f 1345/734/39 1343/732/54 1248/732/54 
f 1344/733/39 1346/735/9 1251/735/53 
f 1251/735/53 1249/733/39 1344/733/39 
f 1250/734/39 1252/736/9 1347/736/53 
f 1347/736/53 1345/734/39 1250/734/39 
f 1346/735/9 1348/737/37 1253/737/37 
f 1253/737/37 1251/735/53 1346/735/9 
f 1252/736/9 1254/738/37 1349/738/37 
f 1349/738/37 1347/736/53 1252/736/9 
f 1348/737/37 1350/739/52 1255/739/52 
f 1255/739/52 1253/737/37 1348/737/37 
f 1254/738/37 1256/740/52 1351/740/52 
f 1351/740/52 1349/738/37 1254/738/37 
f 1350/739/52 1352/741/51 1257/741/51 
f 1257/741/51 1255/739/52 1350/739/52 
f 1256/740/52 1258/742/35 1353/742/35 
f 1353/742/35 1351/740/52 1256/740/52 
f 1352/741/51 1354/743/34 1259/743/34 
f 1259/743/34 1257/741/51 1352/741/51 
f 1258/742/35 1260/744/34 1355/744/34 
f 1355/744/34 1353/742/35 1258/742/35 
f 1354/743/34 1356/743/33 1261/743/33 
f 1261/743/33 1259/743/34 1354/743/34 
f 1260/744/34 1262/744/33 1357/744/33 
f 1357/744/33 1355/744/34 1260/744/34 
f 1356/748/33 1358/745/32 1263/745/32 
f 1263/745/32 1261/748/33 1356/748/33 
f 1262/747/33 1264/746/32 1359/746/32 
f 1359/746/32 1357/747/33 1262/747/33 
f 1358/745/32 1360/749/30 1265/749/30 
f 1265/749/30 1263/745/32 1358/745/32 
f 1264/746/32 1266/750/50 1361/750/50 
f 1361/750/50 1359/746/32 1264/746/32 
f 1360/749/30 1362/751/48 1267/751/48 
f 1267/751/48 1265/749/30 1360/749/30 
f 1266/750/50 1268/752/48 1363/752/48 
f 1363/752/48 1361/750/50 1266/750/50 
f 1362/751/48 1364/753/29 1269/753/49 
f 1269/753/49 1267/751/48 1362/751/48 
f 1268/752/48 1270/754/29 1365/754/49 
f 1365/754/49 1363/752/48 1268/752/48 
s 1
f 1364/755/27 1362/756/27 1272/756/27 
f 1272/756/27 1271/755/27 1364/755/27 
f 1362/756/27 1360/757/27 1273/757/27 
f 1273/757/27 1272/756/27 1362/756/27 
f 1360/757/27 1358/758/27 1274/758/27 
f 1274/758/27 1273/757/27 1360/757/27 
f 1358/758/27 1356/759/27 1275/759/27 
f 1275/759/27 1274/758/27 1358/758/27 
f 1356/759/27 1354/759/27 1276/701/27 
f 1276/701/27 1275/759/27 1356/759/27 
f 1354/759/27 1352/795/27 1277/760/27 
f 1277/760/27 1276/701/27 1354/759/27 
f 1352/795/27 1350/761/27 1278/761/27 
f 1278/761/27 1277/760/27 1352/795/27 
f 1350/761/27 1348/762/27 1279/762/27 
f 1279/762/27 1278/761/27 1350/761/27 
f 1348/762/27 1346/763/27 1280/763/27 
f 1280/763/27 1279/762/27 1348/762/27 
f 1346/763/27 1344/764/26 1281/764/26 
f 1281/764/26 1280/763/27 1346/763/27 
f 1344/764/26 1342/765/26 1282/765/26 
f 1282/765/26 1281/764/26 1344/764/26 
f 1342/765/26 1340/766/26 1283/766/27 
f 1283/766/27 1282/765/26 1342/765/26 
f 1340/766/26 1338/767/26 1284/767/26 
f 1284/767/26 1283/766/27 1340/766/26 
f 1338/767/26 1336/767/26 1285/767/26 
f 1285/767/26 1284/767/26 1338/767/26 
f 1336/767/26 1334/768/26 1286/768/26 
f 1286/768/26 1285/767/26 1336/767/26 
f 1334/768/26 1332/769/26 1287/769/26 
f 1287/769/26 1286/768/26 1334/768/26 
f 1332/769/26 1329/770/26 1288/770/26 
f 1288/770/26 1287/769/26 1332/769/26 
f 1329/770/26 1328/771/27 1289/771/26 
f 1289/771/26 1288/770/26 1329/770/26 
s 4
f 1331/774/13 1330/772/25 1290/772/25 
f 1290/772/25 1293/774/13 1331/774/13 
f 1330/772/25 1333/775/25 1294/775/25 
f 1294/775/25 1290/772/25 1330/772/25 
f 1333/775/25 1335/776/25 1296/776/25 
f 1296/776/25 1294/775/25 1333/775/25 
f 1335/776/25 1337/778/25 1298/778/25 
f 1298/778/25 1296/776/25 1335/776/25 
f 1337/778/25 1339/778/25 1300/778/25 
f 1300/778/25 1298/778/25 1337/778/25 
f 1339/778/25 1341/779/25 1302/779/25 
f 1302/779/25 1300/778/25 1339/778/25 
f 1341/779/25 1343/780/25 1304/780/25 
f 1304/780/25 1302/779/25 1341/779/25 
f 1343/780/25 1345/782/13 1306/782/13 
f 1306/782/13 1304/780/25 1343/780/25 
f 1345/782/13 1347/783/13 1308/783/25 
f 1308/783/25 1306/782/13 1345/782/13 
f 1347/783/13 1349/784/13 1310/784/13 
f 1310/784/13 1308/783/25 1347/783/13 
f 1349/784/13 1351/785/13 1312/785/13 
f 1312/785/13 1310/784/13 1349/784/13 
f 1351/785/13 1353/796/13 1314/786/13 
f 1314/786/13 1312/785/13 1351/785/13 
f 1353/796/13 1355/789/13 1316/788/13 
f 1316/788/13 1314/786/13 1353/796/13 
f 1355/789/13 1357/789/13 1318/789/13 
f 1318/789/13 1316/788/13 1355/789/13 
f 1357/789/13 1359/790/13 1320/790/13 
f 1320/790/13 1318/789/13 1357/789/13 
f 1359/790/13 1361/791/13 1322/791/13 
f 1322/791/13 1320/790/13 1359/790/13 
f 1361/791/13 1363/793/13 1324/793/13 
f 1324/793/13 1322/791/13 1361/791/13 
f 1363/793/13 1365/794/13 1326/794/113 
f 1326/794/113 1324/793/13 1363/793/13 
s 1
f 1366/797/47 1367/797/46 1162/670/46 
f 1162/670/46 1161/670/47 1366/797/47 
f 1367/797/46 1368/797/45 1165/670/45 
f 1165/670/45 1162/670/46 1367/797/46 
f 1368/797/45 1369/798/44 1167/672/44 
f 1167/672/44 1165/670/45 1368/797/45 
f 1369/798/44 1370/798/43 1169/672/43 
f 1169/672/43 1167/672/44 1369/798/44 
f 1370/799/43 1371/799/42 1171/674/42 
f 1171/674/42 1169/674/43 1370/799/43 
f 1371/799/42 1372/799/41 1173/674/41 
f 1173/674/41 1171/674/42 1371/799/42 
f 1372/799/41 1373/800/40 1175/676/40 
f 1175/676/40 1173/674/41 1372/799/41 
f 1373/800/40 1374/800/39 1177/676/39 
f 1177/676/39 1175/676/40 1373/800/40 
f 1374/800/39 1375/800/38 1179/676/38 
f 1179/676/38 1177/676/39 1374/800/39 
f 1375/800/38 1376/800/58 1181/676/37 
f 1181/676/37 1179/676/38 1375/800/38 
f 1376/800/58 1377/800/52 1183/676/36 
f 1183/676/36 1181/676/37 1376/800/58 
f 1377/800/52 1378/800/51 1185/676/35 
f 1185/676/35 1183/676/36 1377/800/52 
f 1378/800/51 1379/801/57 1187/677/34 
f 1187/677/34 1185/676/35 1378/800/51 
f 1379/801/57 1380/801/33 1189/677/33 
f 1189/677/33 1187/677/34 1379/801/57 
f 1380/802/33 1381/802/31 1191/678/31 
f 1191/678/31 1189/678/33 1380/802/33 
f 1381/802/31 1382/803/30 1193/680/30 
f 1193/680/30 1191/678/31 1381/802/31 
f 1382/803/30 1383/803/28 1195/680/28 
f 1195/680/28 1193/680/30 1382/803/30 
f 1383/803/28 1384/803/29 1197/680/29 
f 1197/680/29 1195/680/28 1383/803/28 
s 4
f 1367/773/13 1366/773/13 1292/773/13 
f 1292/773/13 1291/773/13 1367/773/13 
f 1368/773/13 1367/773/13 1291/773/13 
f 1291/773/13 1295/773/13 1368/773/13 
f 1369/777/13 1368/773/13 1295/773/13 
f 1295/773/13 1297/777/13 1369/777/13 
f 1370/777/13 1369/777/13 1297/777/13 
f 1297/777/13 1299/777/13 1370/777/13 
f 1371/777/13 1370/777/13 1299/777/13 
f 1299/777/13 1301/777/13 1371/777/13 
f 1372/777/13 1371/777/13 1301/777/13 
f 1301/777/13 1303/777/13 1372/777/13 
f 1373/781/13 1372/777/13 1303/777/13 
f 1303/777/13 1305/781/13 1373/781/13 
f 1374/781/13 1373/781/13 1305/781/13 
f 1305/781/13 1307/781/13 1374/781/13 
f 1375/781/13 1374/781/13 1307/781/13 
f 1307/781/13 1309/781/13 1375/781/13 
f 1376/781/13 1375/781/13 1309/781/13 
f 1309/781/13 1311/781/25 1376/781/13 
f 1377/781/13 1376/781/13 1311/781/25 
f 1311/781/25 1313/781/25 1377/781/13 
f 1378/781/13 1377/781/13 1313/781/25 
f 1313/781/25 1315/787/25 1378/781/13 
f 1379/787/13 1378/781/13 1315/787/25 
f 1315/787/25 1317/787/25 1379/787/13 
f 1380/787/13 1379/787/13 1317/787/25 
f 1317/787/25 1319/787/25 1380/787/13 
f 1381/787/13 1380/787/13 1319/787/25 
f 1319/787/25 1321/787/25 1381/787/13 
f 1382/792/13 1381/787/13 1321/787/25 
f 1321/787/25 1323/792/25 1382/792/13 
f 1383/792/13 1382/792/13 1323/792/25 
f 1323/792/25 1325/792/25 1383/792/13 
f 1384/792/13 1383/792/13 1325/792/25 
f 1325/792/25 1327/792/13 1384/792/13 
s 1
f 1385/640/59 1386/640/27 1387/641/14 
f 1387/641/14 1388/641/59 1385/640/59 
f 1389/640/60 1385/640/59 1388/641/59 
f 1388/641/59 1390/641/121 1389/640/60 
f 1391/504/62 1392/804/61 1393/805/61 
f 1393/805/61 1394/806/62 1391/504/62 
f 1395/506/77 1396/504/75 1397/806/75 
f 1397/806/75 1398/807/77 1395/506/77 
f 1399/506/67 1395/506/77 1398/807/77 
f 1398/807/77 1400/807/67 1399/506/67 
f 1401/506/68 1399/506/67 1400/807/67 
f 1400/807/67 1402/807/68 1401/506/68 
f 1403/506/69 1401/506/68 1402/807/68 
f 1402/807/68 1404/808/69 1403/506/69 
f 1405/506/70 1403/506/69 1404/808/69 
f 1404/808/69 1406/808/70 1405/506/70 
f 1138/338/13 1407/338/71 1408/649/71 
f 1408/649/71 1139/649/13 1138/338/13 
f 1141/650/14 1409/809/14 1410/810/14 
f 1410/810/14 1142/651/14 1141/650/14 
f 1409/809/14 1411/811/14 1412/812/14 
f 1412/812/14 1410/810/14 1409/809/14 
f 1411/811/14 1413/813/14 1414/814/14 
f 1414/814/14 1412/812/14 1411/811/14 
f 1413/813/14 1415/815/14 1416/816/14 
f 1416/816/14 1414/814/14 1413/813/14 
f 1417/817/86 1418/818/14 1153/662/27 
f 1153/662/27 1152/661/86 1417/817/86 
f 1419/819/86 1420/820/14 1418/818/14 
f 1418/818/14 1417/817/86 1419/819/86 
f 1421/821/86 1422/822/14 1420/820/14 
f 1420/820/14 1419/819/86 1421/821/86 
f 1423/823/86 1424/824/14 1422/822/14 
f 1422/822/14 1421/821/86 1423/823/86 
f 1425/670/104 1161/670/47 1164/671/47 
f 1164/671/47 1426/671/104 1425/670/104 
f 1427/670/103 1425/670/104 1426/671/104 
f 1426/671/104 1428/671/103 1427/670/103 
f 1429/670/102 1427/670/103 1428/671/103 
f 1428/671/103 1430/671/102 1429/670/102 
f 1431/825/101 1429/670/102 1430/671/102 
f 1430/671/102 1432/826/101 1431/825/101 
f 1433/827/100 1431/827/101 1432/828/101 
f 1432/828/101 1434/828/100 1433/827/100 
f 1435/827/99 1433/827/100 1434/828/100 
f 1434/828/100 1436/828/99 1435/827/99 
f 1437/829/98 1435/827/99 1436/828/99 
f 1436/828/99 1438/806/98 1437/829/98 
f 1439/829/97 1437/829/98 1438/806/98 
f 1438/806/98 1440/806/97 1439/829/97 
f 1441/829/77 1439/829/97 1440/806/97 
f 1440/806/97 1442/806/77 1441/829/77 
f 1443/806/96 1444/829/96 1441/829/77 
f 1441/829/77 1442/806/77 1443/806/96 
f 1445/806/95 1446/829/95 1444/829/96 
f 1444/829/96 1443/806/96 1445/806/95 
f 1447/806/94 1448/829/94 1446/829/95 
f 1446/829/95 1445/806/95 1447/806/94 
f 1449/805/93 1450/830/93 1448/829/94 
f 1448/829/94 1447/806/94 1449/805/93 
f 1451/805/92 1452/830/91 1450/830/93 
f 1450/830/93 1449/805/93 1451/805/92 
f 1453/681/90 1454/680/89 1452/831/91 
f 1452/831/91 1451/832/92 1453/681/90 
f 1455/681/88 1456/680/88 1454/680/89 
f 1454/680/89 1453/681/90 1455/681/88 
f 1457/682/87 1458/680/87 1456/680/88 
f 1456/680/88 1455/681/88 1457/682/87 
f 1197/680/29 1458/680/87 1457/682/87 
f 1457/682/87 1198/682/29 1197/680/29 
f 1199/683/27 1459/833/14 1460/834/14 
f 1460/834/14 1200/684/27 1199/683/27 
f 1200/684/27 1460/834/14 1409/809/14 
f 1409/809/14 1141/650/14 1200/684/27 
f 1461/835/14 1204/688/14 1142/651/14 
f 1142/651/14 1410/810/14 1461/835/14 
f 1459/833/14 1462/836/14 1463/837/14 
f 1463/837/14 1460/834/14 1459/833/14 
f 1460/834/14 1463/837/14 1411/811/14 
f 1411/811/14 1409/809/14 1460/834/14 
f 1464/838/14 1461/835/14 1410/810/14 
f 1410/810/14 1412/812/14 1464/838/14 
f 1462/836/14 1465/839/14 1466/840/14 
f 1466/840/14 1463/837/14 1462/836/14 
f 1463/837/14 1466/840/14 1413/813/14 
f 1413/813/14 1411/811/14 1463/837/14 
f 1467/841/14 1464/838/14 1412/812/14 
f 1412/812/14 1414/814/14 1467/841/14 
f 1465/839/14 1468/842/14 1469/843/86 
f 1469/843/86 1466/840/14 1465/839/14 
f 1466/840/14 1469/843/86 1415/815/14 
f 1415/815/14 1413/813/14 1466/840/14 
f 1470/844/14 1467/841/14 1414/814/14 
f 1414/814/14 1416/816/14 1470/844/14 
f 1468/842/14 1471/845/14 1472/846/14 
f 1472/846/14 1469/843/86 1468/842/14 
f 1469/843/86 1472/846/14 1473/847/14 
f 1473/847/14 1415/815/14 1469/843/86 
f 1416/816/14 1474/848/14 1475/849/86 
f 1475/849/86 1470/844/14 1416/816/14 
f 1476/850/14 1459/833/14 1199/683/27 
f 1199/683/27 1220/704/27 1476/850/14 
f 1418/818/14 1476/850/14 1220/704/27 
f 1220/704/27 1153/662/27 1418/818/14 
f 1152/661/86 1222/706/86 1477/851/86 
f 1477/851/86 1417/817/86 1152/661/86 
f 1478/852/14 1462/836/14 1459/833/14 
f 1459/833/14 1476/850/14 1478/852/14 
f 1420/820/14 1478/852/14 1476/850/14 
f 1476/850/14 1418/818/14 1420/820/14 
f 1417/817/86 1477/851/86 1479/853/86 
f 1479/853/86 1419/819/86 1417/817/86 
f 1480/854/14 1465/839/14 1462/836/14 
f 1462/836/14 1478/852/14 1480/854/14 
f 1422/822/14 1480/854/14 1478/852/14 
f 1478/852/14 1420/820/14 1422/822/14 
f 1419/819/86 1479/853/86 1481/855/86 
f 1481/855/86 1421/821/86 1419/819/86 
f 1482/856/14 1468/842/14 1465/839/14 
f 1465/839/14 1480/854/14 1482/856/14 
f 1424/824/14 1482/856/14 1480/854/14 
f 1480/854/14 1422/822/14 1424/824/14 
f 1421/821/86 1481/855/86 1483/857/86 
f 1483/857/86 1423/823/86 1421/821/86 
f 1484/858/14 1471/845/14 1468/842/14 
f 1468/842/14 1482/856/14 1484/858/14 
f 1485/859/86 1484/858/14 1482/856/14 
f 1482/856/14 1424/824/14 1485/859/86 
f 1423/823/86 1486/860/86 1485/859/86 
f 1485/859/86 1424/824/14 1423/823/86 
f 1416/816/14 1415/815/14 1473/847/14 
f 1473/847/14 1474/848/14 1416/816/14 
f 1423/823/86 1483/857/86 1487/861/14 
f 1487/861/14 1486/860/86 1423/823/86 
s 2
f 1488/862/104 1236/720/47 1235/719/47 
f 1235/719/47 1489/863/104 1488/862/104 
f 1490/864/122 1488/862/104 1489/863/104 
f 1489/863/104 1491/865/103 1490/864/122 
f 1492/866/102 1490/864/122 1491/865/103 
f 1491/865/103 1493/867/102 1492/866/102 
f 1494/868/101 1492/866/102 1493/867/102 
f 1493/867/102 1495/869/112 1494/868/101 
f 1496/870/100 1494/870/101 1495/871/112 
f 1495/871/112 1497/871/100 1496/870/100 
f 1498/872/111 1496/870/100 1497/871/100 
f 1497/871/100 1499/873/99 1498/872/111 
f 1500/765/98 1498/872/111 1499/873/99 
f 1499/873/99 1501/874/110 1500/765/98 
f 1502/764/97 1500/765/98 1501/874/110 
f 1501/874/110 1503/713/97 1502/764/97 
f 1504/763/109 1502/764/97 1503/713/97 
f 1503/713/97 1505/699/64 1504/763/109 
f 1506/762/96 1504/763/109 1505/699/64 
f 1505/699/64 1507/698/96 1506/762/96 
f 1508/761/108 1506/762/96 1507/698/96 
f 1507/698/96 1509/875/108 1508/761/108 
f 1510/876/107 1508/761/108 1509/875/108 
f 1509/875/108 1511/877/94 1510/876/107 
f 1512/878/93 1510/876/107 1511/877/94 
f 1511/877/94 1513/879/93 1512/878/93 
f 1514/878/91 1512/878/93 1513/879/93 
f 1513/879/93 1515/879/91 1514/878/91 
f 1516/880/90 1514/881/91 1515/882/91 
f 1515/882/91 1517/883/90 1516/880/90 
f 1518/884/88 1516/880/90 1517/883/90 
f 1517/883/90 1519/885/106 1518/884/88 
f 1520/886/105 1518/884/88 1519/885/106 
f 1519/885/106 1521/887/105 1520/886/105 
f 1269/753/49 1520/886/105 1521/887/105 
f 1521/887/105 1270/754/29 1269/753/49 
s 1
f 1461/835/14 1522/888/14 1271/755/27 
f 1271/755/27 1204/688/14 1461/835/14 
f 1464/838/14 1523/889/14 1522/888/14 
f 1522/888/14 1461/835/14 1464/838/14 
f 1467/841/14 1524/890/14 1523/889/14 
f 1523/889/14 1464/838/14 1467/841/14 
f 1470/844/14 1525/891/14 1524/890/14 
f 1524/890/14 1467/841/14 1470/844/14 
f 1475/849/86 1526/849/14 1525/891/14 
f 1525/891/14 1470/844/14 1475/849/86 
f 1474/848/14 1527/892/14 1526/849/14 
f 1526/849/14 1475/849/86 1474/848/14 
f 1473/847/14 1528/893/14 1527/892/14 
f 1527/892/14 1474/848/14 1473/847/14 
f 1472/846/14 1529/894/14 1528/893/14 
f 1528/893/14 1473/847/14 1472/846/14 
f 1471/845/14 1530/895/14 1529/894/14 
f 1529/894/14 1472/846/14 1471/845/14 
f 1484/858/14 1531/896/86 1530/895/14 
f 1530/895/14 1471/845/14 1484/858/14 
f 1485/859/86 1532/897/86 1531/896/86 
f 1531/896/86 1484/858/14 1485/859/86 
f 1486/860/86 1533/898/14 1532/897/86 
f 1532/897/86 1485/859/86 1486/860/86 
f 1487/861/14 1534/899/86 1533/898/14 
f 1533/898/14 1486/860/86 1487/861/14 
f 1483/857/86 1535/900/86 1534/899/86 
f 1534/899/86 1487/861/14 1483/857/86 
f 1481/855/86 1536/901/86 1535/900/86 
f 1535/900/86 1483/857/86 1481/855/86 
f 1479/853/86 1537/902/86 1536/901/86 
f 1536/901/86 1481/855/86 1479/853/86 
f 1477/851/86 1538/903/86 1537/902/86 
f 1537/902/86 1479/853/86 1477/851/86 
f 1222/706/86 1289/771/26 1538/903/86 
f 1538/903/86 1477/851/86 1222/706/86 
s 4
f 1539/904/114 1293/774/13 1292/773/13 
f 1292/773/13 1540/773/113 1539/904/114 
f 1541/905/114 1539/904/114 1540/773/113 
f 1540/773/113 1542/773/113 1541/905/114 
f 1543/906/114 1541/905/114 1542/773/113 
f 1542/773/113 1544/907/113 1543/906/114 
f 1545/908/114 1543/906/114 1544/907/113 
f 1544/907/113 1546/907/113 1545/908/114 
f 1547/909/114 1545/908/114 1546/907/113 
f 1546/907/113 1548/907/113 1547/909/114 
f 1549/873/114 1547/909/114 1548/907/113 
f 1548/907/113 1550/907/113 1549/873/114 
f 1551/910/114 1549/873/114 1550/907/113 
f 1550/907/113 1552/911/113 1551/910/114 
f 1553/912/113 1551/910/114 1552/911/113 
f 1552/911/113 1554/911/113 1553/912/113 
f 1555/913/114 1553/912/113 1554/911/113 
f 1554/911/113 1556/911/113 1555/913/114 
f 1557/914/113 1555/913/114 1556/911/113 
f 1556/911/113 1558/911/114 1557/914/113 
f 1559/915/113 1557/914/113 1558/911/114 
f 1558/911/114 1560/911/114 1559/915/113 
f 1561/916/113 1559/915/113 1560/911/114 
f 1560/911/114 1562/917/114 1561/916/113 
f 1563/918/113 1561/916/113 1562/917/114 
f 1562/917/114 1564/917/114 1563/918/113 
f 1565/919/113 1563/918/113 1564/917/114 
f 1564/917/114 1566/917/114 1565/919/113 
f 1567/920/113 1565/919/113 1566/917/114 
f 1566/917/114 1568/917/114 1567/920/113 
f 1569/921/113 1567/920/113 1568/917/114 
f 1568/917/114 1570/792/114 1569/921/113 
f 1571/922/113 1569/921/113 1570/792/114 
f 1570/792/114 1572/792/114 1571/922/113 
f 1326/794/113 1571/922/113 1572/792/114 
f 1572/792/114 1327/792/13 1326/794/113 
s 2
f 1328/720/47 1236/720/47 1488/862/104 
f 1488/862/104 1573/862/104 1328/720/47 
f 1235/719/47 1331/719/47 1574/863/104 
f 1574/863/104 1489/863/104 1235/719/47 
f 1573/862/104 1488/862/104 1490/864/122 
f 1490/864/122 1575/864/122 1573/862/104 
f 1489/863/104 1574/863/104 1576/865/103 
f 1576/865/103 1491/865/103 1489/863/104 
f 1575/864/122 1490/864/122 1492/866/102 
f 1492/866/102 1577/866/102 1575/864/122 
f 1491/865/103 1576/865/103 1578/867/102 
f 1578/867/102 1493/867/102 1491/865/103 
f 1577/866/102 1492/866/102 1494/868/101 
f 1494/868/101 1579/868/101 1577/866/102 
f 1493/867/102 1578/867/102 1580/869/112 
f 1580/869/112 1495/869/112 1493/867/102 
f 1579/870/101 1494/870/101 1496/870/100 
f 1496/870/100 1581/870/100 1579/870/101 
f 1495/871/112 1580/871/112 1582/871/100 
f 1582/871/100 1497/871/100 1495/871/112 
f 1581/870/100 1496/870/100 1498/872/111 
f 1498/872/111 1583/872/111 1581/870/100 
f 1497/871/100 1582/871/100 1584/873/99 
f 1584/873/99 1499/873/99 1497/871/100 
f 1583/872/111 1498/872/111 1500/765/98 
f 1500/765/98 1585/765/98 1583/872/111 
f 1499/873/99 1584/873/99 1586/874/110 
f 1586/874/110 1501/874/110 1499/873/99 
f 1585/765/98 1500/765/98 1502/764/97 
f 1502/764/97 1587/764/97 1585/765/98 
f 1501/874/110 1586/874/110 1588/713/97 
f 1588/713/97 1503/713/97 1501/874/110 
f 1587/764/97 1502/764/97 1504/763/109 
f 1504/763/109 1589/763/64 1587/764/97 
f 1503/713/97 1588/713/97 1590/699/109 
f 1590/699/109 1505/699/64 1503/713/97 
f 1589/763/64 1504/763/109 1506/762/96 
f 1506/762/96 1591/762/96 1589/763/64 
f 1505/699/64 1590/699/109 1592/698/96 
f 1592/698/96 1507/698/96 1505/699/64 
f 1591/762/96 1506/762/96 1508/761/108 
f 1508/761/108 1593/761/108 1591/762/96 
f 1507/698/96 1592/698/96 1594/875/108 
f 1594/875/108 1509/875/108 1507/698/96 
f 1593/761/108 1508/761/108 1510/876/107 
f 1510/876/107 1595/876/107 1593/761/108 
f 1509/875/108 1594/875/108 1596/877/94 
f 1596/877/94 1511/877/94 1509/875/108 
f 1595/876/107 1510/876/107 1512/878/93 
f 1512/878/93 1597/878/93 1595/876/107 
f 1511/877/94 1596/877/94 1598/879/93 
f 1598/879/93 1513/879/93 1511/877/94 
f 1597/878/93 1512/878/93 1514/878/91 
f 1514/878/91 1599/878/91 1597/878/93 
f 1513/879/93 1598/879/93 1600/879/91 
f 1600/879/91 1515/879/91 1513/879/93 
f 1599/881/91 1514/881/91 1516/880/90 
f 1516/880/90 1601/880/90 1599/881/91 
f 1515/882/91 1600/882/91 1602/883/90 
f 1602/883/90 1517/883/90 1515/882/91 
f 1601/880/90 1516/880/90 1518/884/88 
f 1518/884/88 1603/884/88 1601/880/90 
f 1517/883/90 1602/883/90 1604/885/106 
f 1604/885/106 1519/885/106 1517/883/90 
f 1603/884/88 1518/884/88 1520/886/105 
f 1520/886/105 1605/886/105 1603/884/88 
f 1519/885/106 1604/885/106 1606/887/105 
f 1606/887/105 1521/887/105 1519/885/106 
f 1605/886/105 1520/886/105 1269/753/49 
f 1269/753/49 1364/753/29 1605/886/105 
f 1521/887/105 1606/887/105 1365/754/49 
f 1365/754/49 1270/754/29 1521/887/105 
s 1
f 1364/755/27 1271/755/27 1522/888/14 
f 1522/888/14 1605/888/14 1364/755/27 
f 1605/888/14 1522/888/14 1523/889/14 
f 1523/889/14 1603/889/14 1605/888/14 
f 1603/889/14 1523/889/14 1524/890/14 
f 1524/890/14 1601/923/14 1603/889/14 
f 1601/923/14 1524/890/14 1525/891/14 
f 1525/891/14 1599/924/14 1601/923/14 
f 1599/924/14 1525/891/14 1526/849/14 
f 1526/849/14 1597/924/14 1599/924/14 
f 1597/924/14 1526/849/14 1527/892/14 
f 1527/892/14 1595/925/14 1597/924/14 
f 1595/925/14 1527/892/14 1528/893/14 
f 1528/893/14 1593/893/14 1595/925/14 
f 1593/893/14 1528/893/14 1529/894/14 
f 1529/894/14 1591/894/14 1593/893/14 
f 1591/894/14 1529/894/14 1530/895/14 
f 1530/895/14 1589/895/27 1591/894/14 
f 1589/895/27 1530/895/14 1531/896/86 
f 1531/896/86 1587/896/86 1589/895/27 
f 1587/896/86 1531/896/86 1532/897/86 
f 1532/897/86 1585/897/86 1587/896/86 
f 1585/897/86 1532/897/86 1533/898/14 
f 1533/898/14 1583/898/86 1585/897/86 
f 1583/898/86 1533/898/14 1534/899/86 
f 1534/899/86 1581/899/86 1583/898/86 
f 1581/899/86 1534/899/86 1535/900/86 
f 1535/900/86 1579/899/86 1581/899/86 
f 1579/899/86 1535/900/86 1536/901/86 
f 1536/901/86 1577/926/86 1579/899/86 
f 1577/926/86 1536/901/86 1537/902/86 
f 1537/902/86 1575/902/86 1577/926/86 
f 1575/902/86 1537/902/86 1538/903/86 
f 1538/903/86 1573/903/86 1575/902/86 
f 1573/903/86 1538/903/86 1289/771/26 
f 1289/771/26 1328/771/27 1573/903/86 
s 4
f 1331/774/13 1293/774/13 1539/904/114 
f 1539/904/114 1574/904/114 1331/774/13 
f 1574/904/114 1539/904/114 1541/905/114 
f 1541/905/114 1576/905/114 1574/904/114 
f 1576/905/114 1541/905/114 1543/906/114 
f 1543/906/114 1578/927/114 1576/905/114 
f 1578/927/114 1543/906/114 1545/908/114 
f 1545/908/114 1580/909/114 1578/927/114 
f 1580/909/114 1545/908/114 1547/909/114 
f 1547/909/114 1582/909/114 1580/909/114 
f 1582/909/114 1547/909/114 1549/873/114 
f 1549/873/114 1584/873/114 1582/909/114 
f 1584/873/114 1549/873/114 1551/910/114 
f 1551/910/114 1586/910/114 1584/873/114 
f 1586/910/114 1551/910/114 1553/912/113 
f 1553/912/113 1588/912/113 1586/910/114 
f 1588/912/113 1553/912/113 1555/913/114 
f 1555/913/114 1590/913/13 1588/912/113 
f 1590/913/13 1555/913/114 1557/914/113 
f 1557/914/113 1592/914/113 1590/913/13 
f 1592/914/113 1557/914/113 1559/915/113 
f 1559/915/113 1594/915/113 1592/914/113 
f 1594/915/113 1559/915/113 1561/916/113 
f 1561/916/113 1596/877/113 1594/915/113 
f 1596/877/113 1561/916/113 1563/918/113 
f 1563/918/113 1598/928/113 1596/877/113 
f 1598/928/113 1563/918/113 1565/919/113 
f 1565/919/113 1600/928/113 1598/928/113 
f 1600/928/113 1565/919/113 1567/920/113 
f 1567/920/113 1602/929/113 1600/928/113 
f 1602/929/113 1567/920/113 1569/921/113 
f 1569/921/113 1604/921/113 1602/929/113 
f 1604/921/113 1569/921/113 1571/922/113 
f 1571/922/113 1606/922/113 1604/921/113 
f 1606/922/113 1571/922/113 1326/794/113 
f 1326/794/113 1365/794/13 1606/922/113 
s 1
f 1366/797/47 1161/670/47 1425/670/104 
f 1425/670/104 1607/797/104 1366/797/47 
f 1607/797/104 1425/670/104 1427/670/103 
f 1427/670/103 1608/797/103 1607/797/104 
f 1608/797/103 1427/670/103 1429/670/102 
f 1429/670/102 1609/797/102 1608/797/103 
f 1609/797/102 1429/670/102 1431/825/101 
f 1431/825/101 1610/930/101 1609/797/102 
f 1610/931/101 1431/827/101 1433/827/100 
f 1433/827/100 1611/931/100 1610/931/101 
f 1611/931/100 1433/827/100 1435/827/99 
f 1435/827/99 1612/931/99 1611/931/100 
f 1612/931/99 1435/827/99 1437/829/98 
f 1437/829/98 1613/932/98 1612/931/99 
f 1613/932/98 1437/829/98 1439/829/97 
f 1439/829/97 1614/932/97 1613/932/98 
f 1614/932/97 1439/829/97 1441/829/77 
f 1441/829/77 1615/932/109 1614/932/97 
f 1615/932/109 1441/829/77 1444/829/96 
f 1444/829/96 1616/932/116 1615/932/109 
f 1616/932/116 1444/829/96 1446/829/95 
f 1446/829/95 1617/932/108 1616/932/116 
f 1617/932/108 1446/829/95 1448/829/94 
f 1448/829/94 1618/932/107 1617/932/108 
f 1618/932/107 1448/829/94 1450/830/93 
f 1450/830/93 1619/933/115 1618/932/107 
f 1619/933/115 1450/830/93 1452/830/91 
f 1452/830/91 1620/933/91 1619/933/115 
f 1620/934/91 1452/831/91 1454/680/89 
f 1454/680/89 1621/803/89 1620/934/91 
f 1621/803/89 1454/680/89 1456/680/88 
f 1456/680/88 1622/803/88 1621/803/89 
f 1622/803/88 1456/680/88 1458/680/87 
f 1458/680/87 1623/803/87 1622/803/88 
f 1623/803/87 1458/680/87 1197/680/29 
f 1197/680/29 1384/803/29 1623/803/87 
s 4
f 1607/773/13 1540/773/113 1292/773/13 
f 1292/773/13 1366/773/13 1607/773/13 
f 1608/773/13 1542/773/113 1540/773/113 
f 1540/773/113 1607/773/13 1608/773/13 
f 1609/773/13 1544/907/113 1542/773/113 
f 1542/773/113 1608/773/13 1609/773/13 
f 1610/907/13 1546/907/113 1544/907/113 
f 1544/907/113 1609/773/13 1610/907/13 
f 1611/907/13 1548/907/113 1546/907/113 
f 1546/907/113 1610/907/13 1611/907/13 
f 1612/907/13 1550/907/113 1548/907/113 
f 1548/907/113 1611/907/13 1612/907/13 
f 1613/911/13 1552/911/113 1550/907/113 
f 1550/907/113 1612/907/13 1613/911/13 
f 1614/911/13 1554/911/113 1552/911/113 
f 1552/911/113 1613/911/13 1614/911/13 
f 1615/911/13 1556/911/113 1554/911/113 
f 1554/911/113 1614/911/13 1615/911/13 
f 1616/911/13 1558/911/114 1556/911/113 
f 1556/911/113 1615/911/13 1616/911/13 
f 1617/911/13 1560/911/114 1558/911/114 
f 1558/911/114 1616/911/13 1617/911/13 
f 1618/911/13 1562/917/114 1560/911/114 
f 1560/911/114 1617/911/13 1618/911/13 
f 1619/917/13 1564/917/114 1562/917/114 
f 1562/917/114 1618/911/13 1619/917/13 
f 1620/917/13 1566/917/114 1564/917/114 
f 1564/917/114 1619/917/13 1620/917/13 
f 1621/792/13 1568/917/114 1566/917/114 
f 1566/917/114 1620/917/13 1621/792/13 
f 1622/792/13 1570/792/114 1568/917/114 
f 1568/917/114 1621/792/13 1622/792/13 
f 1623/792/13 1572/792/114 1570/792/114 
f 1570/792/114 1622/792/13 1623/792/13 
f 1384/792/13 1327/792/13 1572/792/114 
f 1572/792/114 1623/792/13 1384/792/13 
s 1
f 1120/641/2 1387/641/14 1386/640/27 
f 1386/640/27 1117/640/2 1120/641/2 
f 1124/643/119 1119/641/1 1118/640/1 
f 1118/640/1 1121/642/4 1124/643/119 
f 1624/643/15 1123/643/3 1122/642/3 
f 1122/642/3 1625/642/15 1624/643/15 
f 1128/646/6 1624/646/15 1625/644/15 
f 1625/644/15 1125/644/6 1128/646/6 
f 1626/645/117 1127/645/5 1126/333/5 
f 1126/333/5 1627/333/117 1626/645/117 
f 1132/647/38 1626/645/117 1627/333/117 
f 1627/333/117 1129/336/38 1132/647/38 
f 1130/336/8 1628/336/20 1629/647/20 
f 1629/647/20 1131/647/8 1130/336/8 
f 1628/336/20 1630/336/21 1631/935/21 
f 1631/935/21 1629/647/20 1628/336/20 
f 1630/336/21 1632/336/22 1633/935/22 
f 1633/935/22 1631/935/21 1630/336/21 
f 1632/336/22 1634/336/23 1635/935/23 
f 1635/935/23 1633/935/22 1632/336/22 
f 1634/337/23 1133/337/10 1136/648/10 
f 1136/648/10 1635/648/23 1634/337/23 
f 1134/333/11 1137/338/12 1140/649/12 
f 1140/649/12 1135/646/11 1134/333/11 
f 881/330/14 594/330/2 593/329/2 
f 593/329/2 878/329/27 881/330/14 
f 595/330/1 598/332/4 597/331/4 
f 597/331/4 592/329/1 595/330/1 
f 599/332/3 1636/332/15 1637/331/15 
f 1637/331/15 596/331/3 599/332/3 
f 1636/335/15 602/335/6 601/334/6 
f 601/334/6 1637/334/15 1636/335/15 
f 603/335/5 606/5/117 605/333/117 
f 605/333/117 600/333/5 603/335/5 
f 1638/9/21 1639/336/21 610/336/20 
f 610/336/20 611/9/20 1638/9/21 
f 1640/9/22 1641/336/22 1639/336/21 
f 1639/336/21 1638/9/21 1640/9/22 
f 614/9/23 613/336/23 1641/336/22 
f 1641/336/22 1640/9/22 614/9/23 
f 1642/936/86 1643/937/26 1644/938/26 
f 1644/938/26 1645/939/86 1642/936/86 
f 1643/937/26 1646/940/26 1647/941/26 
f 1647/941/26 1644/938/26 1643/937/26 
f 1646/940/26 1648/942/26 1649/943/26 
f 1649/943/26 1647/941/26 1646/940/26 
f 1648/942/26 1650/944/26 1651/945/26 
f 1651/945/26 1649/943/26 1648/942/26 
f 1652/946/27 1653/947/27 1654/948/14 
f 1654/948/14 1655/949/14 1652/946/27 
f 1656/950/27 1657/951/27 1653/947/27 
f 1653/947/27 1652/946/27 1656/950/27 
f 1658/952/27 1659/953/27 1657/951/27 
f 1657/951/27 1656/950/27 1658/952/27 
f 1660/954/27 1661/955/27 1659/953/27 
f 1659/953/27 1658/952/27 1660/954/27 
f 1662/956/28 1663/956/29 1664/957/29 
f 1664/957/29 1665/957/28 1662/956/28 
f 1666/956/30 1662/956/28 1665/957/28 
f 1665/957/28 1667/958/30 1666/956/30 
f 1668/959/31 1666/956/30 1667/958/30 
f 1667/958/30 1669/960/32 1668/959/31 
f 1670/959/33 1668/959/31 1669/960/32 
f 1669/960/32 1671/960/33 1670/959/33 
f 1672/961/34 1670/961/33 1671/334/33 
f 1671/334/33 1673/334/34 1672/961/34 
f 1674/962/35 1672/961/34 1673/334/34 
f 1673/334/34 1675/333/35 1674/962/35 
f 1676/962/36 1674/962/35 1675/333/35 
f 1675/333/35 1677/333/36 1676/962/36 
f 1678/962/37 1676/962/36 1677/333/36 
f 1677/333/36 1679/333/37 1678/962/37 
f 1680/962/38 1678/962/37 1679/333/37 
f 1679/333/37 1681/333/38 1680/962/38 
f 1682/333/39 1683/962/39 1680/962/38 
f 1680/962/38 1681/333/38 1682/333/39 
f 1684/333/40 1685/962/40 1683/962/39 
f 1683/962/39 1682/333/39 1684/333/40 
f 1686/644/41 1687/963/41 1685/962/40 
f 1685/962/40 1684/333/40 1686/644/41 
f 1688/644/42 1689/963/42 1687/963/41 
f 1687/963/41 1686/644/41 1688/644/42 
f 1690/644/43 1691/963/43 1689/963/42 
f 1689/963/42 1688/644/42 1690/644/43 
f 1692/964/44 1693/965/44 1691/965/43 
f 1691/965/43 1690/964/43 1692/964/44 
f 1694/966/45 1695/967/45 1693/965/44 
f 1693/965/44 1692/964/44 1694/966/45 
f 1696/968/46 1697/967/46 1695/967/45 
f 1695/967/45 1694/966/45 1696/968/46 
f 1698/967/47 1697/967/46 1696/968/46 
f 1696/968/46 1699/968/47 1698/967/47 
f 1700/969/27 1701/970/27 1702/971/27 
f 1702/971/27 1703/972/14 1700/969/27 
f 1703/972/14 1702/971/27 1643/937/26 
f 1643/937/26 1642/936/86 1703/972/14 
f 1704/973/26 1705/974/86 1645/939/86 
f 1645/939/86 1644/938/26 1704/973/26 
f 1701/970/27 1706/975/27 1707/976/27 
f 1707/976/27 1702/971/27 1701/970/27 
f 1702/971/27 1707/976/27 1646/940/26 
f 1646/940/26 1643/937/26 1702/971/27 
f 1708/977/26 1704/973/26 1644/938/26 
f 1644/938/26 1647/941/26 1708/977/26 
f 1706/975/27 1709/978/27 1710/979/27 
f 1710/979/27 1707/976/27 1706/975/27 
f 1707/976/27 1710/979/27 1648/942/26 
f 1648/942/26 1646/940/26 1707/976/27 
f 1711/980/26 1708/977/26 1647/941/26 
f 1647/941/26 1649/943/26 1711/980/26 
f 1709/978/27 1712/981/27 1713/982/27 
f 1713/982/27 1710/979/27 1709/978/27 
f 1710/979/27 1713/982/27 1650/944/26 
f 1650/944/26 1648/942/26 1710/979/27 
f 1714/983/27 1711/980/26 1649/943/26 
f 1649/943/26 1651/945/26 1714/983/27 
f 1712/981/27 1715/984/27 1716/985/27 
f 1716/985/27 1713/982/27 1712/981/27 
f 1713/982/27 1716/985/27 1717/986/26 
f 1717/986/26 1650/944/26 1713/982/27 
f 1651/945/26 1718/987/27 1719/988/27 
f 1719/988/27 1714/983/27 1651/945/26 
f 1720/989/27 1701/970/27 1700/969/27 
f 1700/969/27 1721/990/14 1720/989/27 
f 1653/947/27 1720/989/27 1721/990/14 
f 1721/990/14 1654/948/14 1653/947/27 
f 1655/949/14 1722/991/14 1723/992/27 
f 1723/992/27 1652/946/27 1655/949/14 
f 1724/993/27 1706/975/27 1701/970/27 
f 1701/970/27 1720/989/27 1724/993/27 
f 1657/951/27 1724/993/27 1720/989/27 
f 1720/989/27 1653/947/27 1657/951/27 
f 1652/946/27 1723/992/27 1725/994/27 
f 1725/994/27 1656/950/27 1652/946/27 
f 1726/995/27 1709/978/27 1706/975/27 
f 1706/975/27 1724/993/27 1726/995/27 
f 1659/953/27 1726/995/27 1724/993/27 
f 1724/993/27 1657/951/27 1659/953/27 
f 1656/950/27 1725/994/27 1727/996/27 
f 1727/996/27 1658/952/27 1656/950/27 
f 1728/997/26 1712/981/27 1709/978/27 
f 1709/978/27 1726/995/27 1728/997/26 
f 1661/955/27 1728/997/26 1726/995/27 
f 1726/995/27 1659/953/27 1661/955/27 
f 1658/952/27 1727/996/27 1729/998/27 
f 1729/998/27 1660/954/27 1658/952/27 
f 1730/999/27 1715/984/27 1712/981/27 
f 1712/981/27 1728/997/26 1730/999/27 
f 1731/1000/27 1730/999/27 1728/997/26 
f 1728/997/26 1661/955/27 1731/1000/27 
f 1660/954/27 1732/1001/27 1731/1000/27 
f 1731/1000/27 1661/955/27 1660/954/27 
f 1651/945/26 1650/944/26 1717/986/26 
f 1717/986/26 1718/987/27 1651/945/26 
f 1660/954/27 1729/998/27 1733/1002/27 
f 1733/1002/27 1732/1001/27 1660/954/27 
s 2
f 1734/1003/48 1735/1004/29 1736/1005/49 
f 1736/1005/49 1737/1006/48 1734/1003/48 
f 1738/1007/30 1734/1003/48 1737/1006/48 
f 1737/1006/48 1739/1008/50 1738/1007/30 
f 1740/1009/32 1738/1007/30 1739/1008/50 
f 1739/1008/50 1741/1010/32 1740/1009/32 
f 1742/1011/33 1740/1009/32 1741/1010/32 
f 1741/1010/32 1743/1012/33 1742/1011/33 
f 1744/1013/34 1742/1013/33 1743/1014/33 
f 1743/1014/33 1745/1014/34 1744/1013/34 
f 1746/1015/51 1744/1013/34 1745/1014/34 
f 1745/1014/34 1747/1016/35 1746/1015/51 
f 1748/1017/36 1746/1015/51 1747/1016/35 
f 1747/1016/35 1749/1018/52 1748/1017/36 
f 1750/1019/37 1748/1017/36 1749/1018/52 
f 1749/1018/52 1751/1020/37 1750/1019/37 
f 1752/1021/9 1750/1019/37 1751/1020/37 
f 1751/1020/37 1753/1022/53 1752/1021/9 
f 1754/1023/39 1752/1021/9 1753/1022/53 
f 1753/1022/53 1755/1024/39 1754/1023/39 
f 1756/1025/54 1754/1023/39 1755/1024/39 
f 1755/1024/39 1757/1026/54 1756/1025/54 
f 1758/1027/55 1756/1025/54 1757/1026/54 
f 1757/1026/54 1759/1028/41 1758/1027/55 
f 1760/1029/42 1758/1027/55 1759/1028/41 
f 1759/1028/41 1761/1030/42 1760/1029/42 
f 1762/1029/56 1760/1029/42 1761/1030/42 
f 1761/1030/42 1763/1030/56 1762/1029/56 
f 1764/1031/44 1762/1032/56 1763/1033/56 
f 1763/1033/56 1765/1034/44 1764/1031/44 
f 1766/1035/120 1764/1031/44 1765/1034/44 
f 1765/1034/44 1767/1036/45 1766/1035/120 
f 1768/1037/46 1766/1035/120 1767/1036/45 
f 1767/1036/45 1769/1038/46 1768/1037/46 
f 1770/1039/47 1768/1037/46 1769/1038/46 
f 1769/1038/46 1771/1040/47 1770/1039/47 
s 1
f 1704/973/26 1772/1041/26 1773/1042/26 
f 1773/1042/26 1705/974/86 1704/973/26 
f 1708/977/26 1774/1043/26 1772/1041/26 
f 1772/1041/26 1704/973/26 1708/977/26 
f 1711/980/26 1775/1044/27 1774/1043/26 
f 1774/1043/26 1708/977/26 1711/980/26 
f 1714/983/27 1776/1045/26 1775/1044/27 
f 1775/1044/27 1711/980/26 1714/983/27 
f 1719/988/27 1777/1045/26 1776/1045/26 
f 1776/1045/26 1714/983/27 1719/988/27 
f 1718/987/27 1778/1046/26 1777/1045/26 
f 1777/1045/26 1719/988/27 1718/987/27 
f 1717/986/26 1779/1047/26 1778/1046/26 
f 1778/1046/26 1718/987/27 1717/986/26 
f 1716/985/27 1780/1048/26 1779/1047/26 
f 1779/1047/26 1717/986/26 1716/985/27 
f 1715/984/27 1781/1049/27 1780/1048/26 
f 1780/1048/26 1716/985/27 1715/984/27 
f 1730/999/27 1782/1050/26 1781/1049/27 
f 1781/1049/27 1715/984/27 1730/999/27 
f 1731/1000/27 1783/1051/27 1782/1050/26 
f 1782/1050/26 1730/999/27 1731/1000/27 
f 1732/1001/27 1784/1052/27 1783/1051/27 
f 1783/1051/27 1731/1000/27 1732/1001/27 
f 1733/1002/27 1785/1002/27 1784/1052/27 
f 1784/1052/27 1732/1001/27 1733/1002/27 
f 1729/998/27 1786/1053/27 1785/1002/27 
f 1785/1002/27 1733/1002/27 1729/998/27 
f 1727/996/27 1787/1054/26 1786/1053/27 
f 1786/1053/27 1729/998/27 1727/996/27 
f 1725/994/27 1788/1055/27 1787/1054/26 
f 1787/1054/26 1727/996/27 1725/994/27 
f 1723/992/27 1789/1056/27 1788/1055/27 
f 1788/1055/27 1725/994/27 1723/992/27 
f 1722/991/14 1790/1057/27 1789/1056/27 
f 1789/1056/27 1723/992/27 1722/991/14 
s 4
f 1791/1058/13 1792/1059/13 1793/1060/25 
f 1793/1060/25 1794/1060/25 1791/1058/13 
f 1795/1061/13 1791/1058/13 1794/1060/25 
f 1794/1060/25 1796/1060/25 1795/1061/13 
f 1797/1062/25 1795/1061/13 1796/1060/25 
f 1796/1060/25 1798/1063/25 1797/1062/25 
f 1799/1064/13 1797/1062/25 1798/1063/25 
f 1798/1063/25 1800/1063/25 1799/1064/13 
f 1801/1065/13 1799/1064/13 1800/1063/25 
f 1800/1063/25 1802/1063/25 1801/1065/13 
f 1803/1066/13 1801/1065/13 1802/1063/25 
f 1802/1063/25 1804/1063/25 1803/1066/13 
f 1805/1067/13 1803/1066/13 1804/1063/25 
f 1804/1063/25 1806/1068/25 1805/1067/13 
f 1807/1069/25 1805/1067/13 1806/1068/25 
f 1806/1068/25 1808/1068/25 1807/1069/25 
f 1809/1070/13 1807/1069/25 1808/1068/25 
f 1808/1068/25 1810/1068/13 1809/1070/13 
f 1811/1071/25 1809/1070/13 1810/1068/13 
f 1810/1068/13 1812/1068/13 1811/1071/25 
f 1813/1072/25 1811/1071/25 1812/1068/13 
f 1812/1068/13 1814/1068/13 1813/1072/25 
f 1815/1073/25 1813/1072/25 1814/1068/13 
f 1814/1068/13 1816/1074/13 1815/1073/25 
f 1817/1075/25 1815/1073/25 1816/1074/13 
f 1816/1074/13 1818/1074/13 1817/1075/25 
f 1819/1075/25 1817/1075/25 1818/1074/13 
f 1818/1074/13 1820/1074/13 1819/1075/25 
f 1821/1076/13 1819/1075/25 1820/1074/13 
f 1820/1074/13 1822/1074/13 1821/1076/13 
f 1823/1077/25 1821/1076/13 1822/1074/13 
f 1822/1074/13 1824/1078/13 1823/1077/25 
f 1825/1079/25 1823/1077/25 1824/1078/13 
f 1824/1078/13 1826/1078/13 1825/1079/25 
f 1827/1080/113 1825/1079/25 1826/1078/13 
f 1826/1078/13 1828/1078/13 1827/1080/113 
s 2
f 1829/1004/49 1735/1004/29 1734/1003/48 
f 1734/1003/48 1830/1003/48 1829/1004/49 
f 1736/1005/49 1831/1005/29 1832/1006/48 
f 1832/1006/48 1737/1006/48 1736/1005/49 
f 1830/1003/48 1734/1003/48 1738/1007/30 
f 1738/1007/30 1833/1007/30 1830/1003/48 
f 1737/1006/48 1832/1006/48 1834/1008/50 
f 1834/1008/50 1739/1008/50 1737/1006/48 
f 1833/1007/30 1738/1007/30 1740/1009/32 
f 1740/1009/32 1835/1009/32 1833/1007/30 
f 1739/1008/50 1834/1008/50 1836/1010/32 
f 1836/1010/32 1741/1010/32 1739/1008/50 
f 1835/1009/32 1740/1009/32 1742/1011/33 
f 1742/1011/33 1837/1011/33 1835/1009/32 
f 1741/1010/32 1836/1010/32 1838/1012/33 
f 1838/1012/33 1743/1012/33 1741/1010/32 
f 1837/1013/33 1742/1013/33 1744/1013/34 
f 1744/1013/34 1839/1013/34 1837/1013/33 
f 1743/1014/33 1838/1014/33 1840/1014/34 
f 1840/1014/34 1745/1014/34 1743/1014/33 
f 1839/1013/34 1744/1013/34 1746/1015/51 
f 1746/1015/51 1841/1015/51 1839/1013/34 
f 1745/1014/34 1840/1014/34 1842/1016/35 
f 1842/1016/35 1747/1016/35 1745/1014/34 
f 1841/1015/51 1746/1015/51 1748/1017/36 
f 1748/1017/36 1843/1017/36 1841/1015/51 
f 1747/1016/35 1842/1016/35 1844/1018/52 
f 1844/1018/52 1749/1018/52 1747/1016/35 
f 1843/1017/36 1748/1017/36 1750/1019/37 
f 1750/1019/37 1845/1019/37 1843/1017/36 
f 1749/1018/52 1844/1018/52 1846/1020/37 
f 1846/1020/37 1751/1020/37 1749/1018/52 
f 1845/1019/37 1750/1019/37 1752/1021/9 
f 1752/1021/9 1847/1021/53 1845/1019/37 
f 1751/1020/37 1846/1020/37 1848/1022/9 
f 1848/1022/9 1753/1022/53 1751/1020/37 
f 1847/1021/53 1752/1021/9 1754/1023/39 
f 1754/1023/39 1849/1023/39 1847/1021/53 
f 1753/1022/53 1848/1022/9 1850/1024/39 
f 1850/1024/39 1755/1024/39 1753/1022/53 
f 1849/1023/39 1754/1023/39 1756/1025/54 
f 1756/1025/54 1851/1025/54 1849/1023/39 
f 1755/1024/39 1850/1024/39 1852/1026/54 
f 1852/1026/54 1757/1026/54 1755/1024/39 
f 1851/1025/54 1756/1025/54 1758/1027/55 
f 1758/1027/55 1853/1027/55 1851/1025/54 
f 1757/1026/54 1852/1026/54 1854/1028/41 
f 1854/1028/41 1759/1028/41 1757/1026/54 
f 1853/1027/55 1758/1027/55 1760/1029/42 
f 1760/1029/42 1855/1029/42 1853/1027/55 
f 1759/1028/41 1854/1028/41 1856/1030/42 
f 1856/1030/42 1761/1030/42 1759/1028/41 
f 1855/1029/42 1760/1029/42 1762/1029/56 
f 1762/1029/56 1857/1029/56 1855/1029/42 
f 1761/1030/42 1856/1030/42 1858/1030/56 
f 1858/1030/56 1763/1030/56 1761/1030/42 
f 1857/1032/56 1762/1032/56 1764/1031/44 
f 1764/1031/44 1859/1031/44 1857/1032/56 
f 1763/1033/56 1858/1033/56 1860/1034/44 
f 1860/1034/44 1765/1034/44 1763/1033/56 
f 1859/1031/44 1764/1031/44 1766/1035/120 
f 1766/1035/120 1861/1035/120 1859/1031/44 
f 1765/1034/44 1860/1034/44 1862/1036/45 
f 1862/1036/45 1767/1036/45 1765/1034/44 
f 1861/1035/120 1766/1035/120 1768/1037/46 
f 1768/1037/46 1863/1037/46 1861/1035/120 
f 1767/1036/45 1862/1036/45 1864/1038/46 
f 1864/1038/46 1769/1038/46 1767/1036/45 
f 1863/1037/46 1768/1037/46 1770/1039/47 
f 1770/1039/47 1865/1039/47 1863/1037/46 
f 1769/1038/46 1864/1038/46 1866/1040/47 
f 1866/1040/47 1771/1040/47 1769/1038/46 
s 1
f 1865/1042/27 1773/1042/26 1772/1041/26 
f 1772/1041/26 1863/1041/26 1865/1042/27 
f 1863/1041/26 1772/1041/26 1774/1043/26 
f 1774/1043/26 1861/1043/26 1863/1041/26 
f 1861/1043/26 1774/1043/26 1775/1044/27 
f 1775/1044/27 1859/1044/27 1861/1043/26 
f 1859/1044/27 1775/1044/27 1776/1045/26 
f 1776/1045/26 1857/1045/26 1859/1044/27 
f 1857/1045/26 1776/1045/26 1777/1045/26 
f 1777/1045/26 1855/1045/26 1857/1045/26 
f 1855/1045/26 1777/1045/26 1778/1046/26 
f 1778/1046/26 1853/1046/26 1855/1045/26 
f 1853/1046/26 1778/1046/26 1779/1047/26 
f 1779/1047/26 1851/1047/26 1853/1046/26 
f 1851/1047/26 1779/1047/26 1780/1048/26 
f 1780/1048/26 1849/1048/26 1851/1047/26 
f 1849/1048/26 1780/1048/26 1781/1049/27 
f 1781/1049/27 1847/1049/27 1849/1048/26 
f 1847/1049/27 1781/1049/27 1782/1050/26 
f 1782/1050/26 1845/1050/26 1847/1049/27 
f 1845/1050/26 1782/1050/26 1783/1051/27 
f 1783/1051/27 1843/1051/27 1845/1050/26 
f 1843/1051/27 1783/1051/27 1784/1052/27 
f 1784/1052/27 1841/1081/27 1843/1051/27 
f 1841/1081/27 1784/1052/27 1785/1002/27 
f 1785/1002/27 1839/1053/27 1841/1081/27 
f 1839/1053/27 1785/1002/27 1786/1053/27 
f 1786/1053/27 1837/1053/27 1839/1053/27 
f 1837/1053/27 1786/1053/27 1787/1054/26 
f 1787/1054/26 1835/1054/26 1837/1053/27 
f 1835/1054/26 1787/1054/26 1788/1055/27 
f 1788/1055/27 1833/1055/27 1835/1054/26 
f 1833/1055/27 1788/1055/27 1789/1056/27 
f 1789/1056/27 1830/1056/27 1833/1055/27 
f 1830/1056/27 1789/1056/27 1790/1057/27 
f 1790/1057/27 1829/1057/27 1830/1056/27 
s 4
f 1831/1059/13 1792/1059/13 1791/1058/13 
f 1791/1058/13 1832/1058/13 1831/1059/13 
f 1832/1058/13 1791/1058/13 1795/1061/13 
f 1795/1061/13 1834/1061/13 1832/1058/13 
f 1834/1061/13 1795/1061/13 1797/1062/25 
f 1797/1062/25 1836/1062/25 1834/1061/13 
f 1836/1062/25 1797/1062/25 1799/1064/13 
f 1799/1064/13 1838/1064/13 1836/1062/25 
f 1838/1064/13 1799/1064/13 1801/1065/13 
f 1801/1065/13 1840/1064/13 1838/1064/13 
f 1840/1064/13 1801/1065/13 1803/1066/13 
f 1803/1066/13 1842/1082/13 1840/1064/13 
f 1842/1082/13 1803/1066/13 1805/1067/13 
f 1805/1067/13 1844/1067/13 1842/1082/13 
f 1844/1067/13 1805/1067/13 1807/1069/25 
f 1807/1069/25 1846/1069/25 1844/1067/13 
f 1846/1069/25 1807/1069/25 1809/1070/13 
f 1809/1070/13 1848/1070/13 1846/1069/25 
f 1848/1070/13 1809/1070/13 1811/1071/25 
f 1811/1071/25 1850/1071/25 1848/1070/13 
f 1850/1071/25 1811/1071/25 1813/1072/25 
f 1813/1072/25 1852/1072/25 1850/1071/25 
f 1852/1072/25 1813/1072/25 1815/1073/25 
f 1815/1073/25 1854/1073/25 1852/1072/25 
f 1854/1073/25 1815/1073/25 1817/1075/25 
f 1817/1075/25 1856/1075/25 1854/1073/25 
f 1856/1075/25 1817/1075/25 1819/1075/25 
f 1819/1075/25 1858/1075/25 1856/1075/25 
f 1858/1075/25 1819/1075/25 1821/1076/13 
f 1821/1076/13 1860/1076/13 1858/1075/25 
f 1860/1076/13 1821/1076/13 1823/1077/25 
f 1823/1077/25 1862/1077/25 1860/1076/13 
f 1862/1077/25 1823/1077/25 1825/1079/25 
f 1825/1079/25 1864/1079/25 1862/1077/25 
f 1864/1079/25 1825/1079/25 1827/1080/113 
f 1827/1080/113 1866/1080/13 1864/1079/25 
s 1
f 1867/1083/29 1663/956/29 1662/956/28 
f 1662/956/28 1868/1083/28 1867/1083/29 
f 1868/1083/28 1662/956/28 1666/956/30 
f 1666/956/30 1869/1083/30 1868/1083/28 
f 1869/1083/30 1666/956/30 1668/959/31 
f 1668/959/31 1870/1084/31 1869/1083/30 
f 1870/1084/31 1668/959/31 1670/959/33 
f 1670/959/33 1871/1084/33 1870/1084/31 
f 1871/1085/33 1670/961/33 1672/961/34 
f 1672/961/34 1872/1085/57 1871/1085/33 
f 1872/1085/57 1672/961/34 1674/962/35 
f 1674/962/35 1873/1086/51 1872/1085/57 
f 1873/1086/51 1674/962/35 1676/962/36 
f 1676/962/36 1874/1086/52 1873/1086/51 
f 1874/1086/52 1676/962/36 1678/962/37 
f 1678/962/37 1875/1086/58 1874/1086/52 
f 1875/1086/58 1678/962/37 1680/962/38 
f 1680/962/38 1876/1086/9 1875/1086/58 
f 1876/1086/9 1680/962/38 1683/962/39 
f 1683/962/39 1877/1086/39 1876/1086/9 
f 1877/1086/39 1683/962/39 1685/962/40 
f 1685/962/40 1878/1086/40 1877/1086/39 
f 1878/1086/40 1685/962/40 1687/963/41 
f 1687/963/41 1879/1087/41 1878/1086/40 
f 1879/1087/41 1687/963/41 1689/963/42 
f 1689/963/42 1880/1087/42 1879/1087/41 
f 1880/1087/42 1689/963/42 1691/963/43 
f 1691/963/43 1881/1087/43 1880/1087/42 
f 1881/1088/43 1691/965/43 1693/965/44 
f 1693/965/44 1882/1088/44 1881/1088/43 
f 1882/1088/44 1693/965/44 1695/967/45 
f 1695/967/45 1883/1089/45 1882/1088/44 
f 1883/1089/45 1695/967/45 1697/967/46 
f 1697/967/46 1884/1089/46 1883/1089/45 
f 1884/1089/46 1697/967/46 1698/967/47 
f 1698/967/47 1885/1089/47 1884/1089/46 
s 4
f 1868/1060/13 1794/1060/25 1793/1060/25 
f 1793/1060/25 1867/1060/13 1868/1060/13 
f 1869/1060/13 1796/1060/25 1794/1060/25 
f 1794/1060/25 1868/1060/13 1869/1060/13 
f 1870/1063/25 1798/1063/25 1796/1060/25 
f 1796/1060/25 1869/1060/13 1870/1063/25 
f 1871/1063/25 1800/1063/25 1798/1063/25 
f 1798/1063/25 1870/1063/25 1871/1063/25 
f 1872/1063/25 1802/1063/25 1800/1063/25 
f 1800/1063/25 1871/1063/25 1872/1063/25 
f 1873/1068/25 1804/1063/25 1802/1063/25 
f 1802/1063/25 1872/1063/25 1873/1068/25 
f 1874/1068/25 1806/1068/25 1804/1063/25 
f 1804/1063/25 1873/1068/25 1874/1068/25 
f 1875/1068/25 1808/1068/25 1806/1068/25 
f 1806/1068/25 1874/1068/25 1875/1068/25 
f 1876/1068/13 1810/1068/13 1808/1068/25 
f 1808/1068/25 1875/1068/25 1876/1068/13 
f 1877/1068/13 1812/1068/13 1810/1068/13 
f 1810/1068/13 1876/1068/13 1877/1068/13 
f 1878/1068/13 1814/1068/13 1812/1068/13 
f 1812/1068/13 1877/1068/13 1878/1068/13 
f 1879/1074/13 1816/1074/13 1814/1068/13 
f 1814/1068/13 1878/1068/13 1879/1074/13 
f 1880/1074/13 1818/1074/13 1816/1074/13 
f 1816/1074/13 1879/1074/13 1880/1074/13 
f 1881/1074/13 1820/1074/13 1818/1074/13 
f 1818/1074/13 1880/1074/13 1881/1074/13 
f 1882/1074/13 1822/1074/13 1820/1074/13 
f 1820/1074/13 1881/1074/13 1882/1074/13 
f 1883/1078/13 1824/1078/13 1822/1074/13 
f 1822/1074/13 1882/1074/13 1883/1078/13 
f 1884/1078/13 1826/1078/13 1824/1078/13 
f 1824/1078/13 1883/1078/13 1884/1078/13 
f 1885/1078/13 1828/1078/13 1826/1078/13 
f 1826/1078/13 1884/1078/13 1885/1078/13 
s 1
f 1390/641/121 1886/641/72 1887/640/72 
f 1887/640/72 1389/640/60 1390/641/121 
f 1886/641/72 1888/1090/73 1889/1091/73 
f 1889/1091/73 1887/640/72 1886/641/72 
f 1888/1090/73 1890/1090/74 1891/1091/74 
f 1891/1091/74 1889/1091/73 1888/1090/73 
f 1890/805/74 1393/805/61 1392/804/61 
f 1392/804/61 1891/804/74 1890/805/74 
f 1394/806/62 1397/806/75 1396/504/75 
f 1396/504/75 1391/504/62 1394/806/62 
f 1406/808/70 1892/808/81 1893/506/81 
f 1893/506/81 1405/506/70 1406/808/70 
f 1892/935/81 1894/646/82 1895/333/82 
f 1895/333/82 1893/336/81 1892/935/81 
f 1894/646/82 1896/646/84 1897/333/84 
f 1897/333/84 1895/333/82 1894/646/82 
f 1896/646/84 1408/649/71 1407/338/71 
f 1407/338/71 1897/333/84 1896/646/84 
f 1898/330/72 883/330/60 882/329/60 
f 882/329/60 1899/329/72 1898/330/72 
f 1900/1092/73 1898/330/72 1899/329/72 
f 1899/329/72 1901/1093/73 1900/1092/73 
f 1902/1092/74 1900/1092/73 1901/1093/73 
f 1901/1093/73 1903/1093/74 1902/1092/74 
f 887/505/61 1902/505/74 1903/503/74 
f 1903/503/74 884/503/61 887/505/61 
f 891/187/75 886/505/62 885/504/62 
f 885/504/62 888/504/75 891/187/75 
f 1904/9/81 898/9/70 899/336/70 
f 899/336/70 1905/336/81 1904/9/81 
f 1906/5/82 1904/9/81 1905/336/81 
f 1905/336/81 1907/333/82 1906/5/82 
f 1908/5/84 1906/5/82 1907/333/82 
f 1907/333/82 1909/333/84 1908/5/84 
f 900/14/71 1908/5/84 1909/333/84 
f 1909/333/84 901/338/71 900/14/71 
f 1642/936/86 1645/939/86 1910/1094/86 
f 1910/1094/86 1911/1095/86 1642/936/86 
f 1911/1095/86 1910/1094/86 1912/1096/86 
f 1912/1096/86 1913/1097/86 1911/1095/86 
f 1913/1097/86 1912/1096/86 1914/1098/86 
f 1914/1098/86 1915/1099/86 1913/1097/86 
f 1915/1099/86 1914/1098/86 1916/1100/86 
f 1916/1100/86 1917/1101/86 1915/1099/86 
f 1918/1102/14 1655/949/14 1654/948/14 
f 1654/948/14 1919/1103/14 1918/1102/14 
f 1920/1104/14 1918/1102/14 1919/1103/14 
f 1919/1103/14 1921/1105/14 1920/1104/14 
f 1922/1106/14 1920/1104/14 1921/1105/14 
f 1921/1105/14 1923/1107/14 1922/1106/14 
f 1924/1108/14 1922/1106/14 1923/1107/14 
f 1923/1107/14 1925/1109/14 1924/1108/14 
f 1663/956/29 1926/956/87 1927/957/87 
f 1927/957/87 1664/957/29 1663/956/29 
f 1927/957/87 1926/956/87 1928/956/88 
f 1928/956/88 1929/958/88 1927/957/87 
f 1929/958/88 1928/956/88 1930/956/89 
f 1930/956/89 1931/958/90 1929/958/88 
f 1931/958/90 1930/956/89 1932/1110/91 
f 1932/1110/91 1933/1111/92 1931/958/90 
f 1933/503/92 1932/1112/91 1934/1112/93 
f 1934/1112/93 1935/503/93 1933/503/92 
f 1935/503/93 1934/1112/93 1936/1113/94 
f 1936/1113/94 1937/504/94 1935/503/93 
f 1937/504/94 1936/1113/94 1938/1113/95 
f 1938/1113/95 1939/504/95 1937/504/94 
f 1939/504/95 1938/1113/95 1940/1113/96 
f 1940/1113/96 1941/504/96 1939/504/95 
f 1941/504/96 1940/1113/96 1942/1113/77 
f 1942/1113/77 1943/504/77 1941/504/96 
f 1942/1113/77 1944/1113/97 1945/504/97 
f 1945/504/97 1943/504/77 1942/1113/77 
f 1944/1113/97 1946/1113/98 1947/504/98 
f 1947/504/98 1945/504/97 1944/1113/97 
f 1946/1113/98 1948/1114/99 1949/804/99 
f 1949/804/99 1947/504/98 1946/1113/98 
f 1948/1114/99 1950/1114/100 1951/804/100 
f 1951/804/100 1949/804/99 1948/1114/99 
f 1950/1114/100 1952/1114/101 1953/804/101 
f 1953/804/101 1951/804/100 1950/1114/100 
f 1952/1115/101 1954/967/102 1955/966/102 
f 1955/966/102 1953/1116/101 1952/1115/101 
f 1954/967/102 1956/967/103 1957/966/103 
f 1957/966/103 1955/966/102 1954/967/102 
f 1956/967/103 1958/967/104 1959/968/104 
f 1959/968/104 1957/966/103 1956/967/103 
f 1958/967/104 1698/967/47 1699/968/47 
f 1699/968/47 1959/968/104 1958/967/104 
f 1700/969/27 1703/972/14 1960/1117/14 
f 1960/1117/14 1961/1118/14 1700/969/27 
f 1703/972/14 1642/936/86 1911/1095/86 
f 1911/1095/86 1960/1117/14 1703/972/14 
f 1962/1119/86 1910/1094/86 1645/939/86 
f 1645/939/86 1705/974/86 1962/1119/86 
f 1961/1118/14 1960/1117/14 1963/1120/14 
f 1963/1120/14 1964/1121/14 1961/1118/14 
f 1960/1117/14 1911/1095/86 1913/1097/86 
f 1913/1097/86 1963/1120/14 1960/1117/14 
f 1965/1122/86 1912/1096/86 1910/1094/86 
f 1910/1094/86 1962/1119/86 1965/1122/86 
f 1964/1121/14 1963/1120/14 1966/1123/14 
f 1966/1123/14 1967/1124/14 1964/1121/14 
f 1963/1120/14 1913/1097/86 1915/1099/86 
f 1915/1099/86 1966/1123/14 1963/1120/14 
f 1968/1125/86 1914/1098/86 1912/1096/86 
f 1912/1096/86 1965/1122/86 1968/1125/86 
f 1967/1124/14 1966/1123/14 1969/1126/14 
f 1969/1126/14 1970/1127/14 1967/1124/14 
f 1966/1123/14 1915/1099/86 1917/1101/86 
f 1917/1101/86 1969/1126/14 1966/1123/14 
f 1971/1128/14 1916/1100/86 1914/1098/86 
f 1914/1098/86 1968/1125/86 1971/1128/14 
f 1970/1127/14 1969/1126/14 1972/1129/14 
f 1972/1129/14 1973/1130/14 1970/1127/14 
f 1969/1126/14 1917/1101/86 1974/1131/86 
f 1974/1131/86 1972/1129/14 1969/1126/14 
f 1916/1100/86 1971/1128/14 1975/1132/14 
f 1975/1132/14 1976/1133/14 1916/1100/86 
f 1977/1134/14 1721/990/14 1700/969/27 
f 1700/969/27 1961/1118/14 1977/1134/14 
f 1919/1103/14 1654/948/14 1721/990/14 
f 1721/990/14 1977/1134/14 1919/1103/14 
f 1655/949/14 1918/1102/14 1978/1135/14 
f 1978/1135/14 1722/991/14 1655/949/14 
f 1979/1136/14 1977/1134/14 1961/1118/14 
f 1961/1118/14 1964/1121/14 1979/1136/14 
f 1921/1105/14 1919/1103/14 1977/1134/14 
f 1977/1134/14 1979/1136/14 1921/1105/14 
f 1918/1102/14 1920/1104/14 1980/1137/14 
f 1980/1137/14 1978/1135/14 1918/1102/14 
f 1981/1138/14 1979/1136/14 1964/1121/14 
f 1964/1121/14 1967/1124/14 1981/1138/14 
f 1923/1107/14 1921/1105/14 1979/1136/14 
f 1979/1136/14 1981/1138/14 1923/1107/14 
f 1920/1104/14 1922/1106/14 1982/1139/14 
f 1982/1139/14 1980/1137/14 1920/1104/14 
f 1983/1140/86 1981/1138/14 1967/1124/14 
f 1967/1124/14 1970/1127/14 1983/1140/86 
f 1925/1109/14 1923/1107/14 1981/1138/14 
f 1981/1138/14 1983/1140/86 1925/1109/14 
f 1922/1106/14 1924/1108/14 1984/1141/14 
f 1984/1141/14 1982/1139/14 1922/1106/14 
f 1985/1142/14 1983/1140/86 1970/1127/14 
f 1970/1127/14 1973/1130/14 1985/1142/14 
f 1986/1143/14 1925/1109/14 1983/1140/86 
f 1983/1140/86 1985/1142/14 1986/1143/14 
f 1924/1108/14 1925/1109/14 1986/1143/14 
f 1986/1143/14 1987/1144/14 1924/1108/14 
f 1916/1100/86 1976/1133/14 1974/1131/86 
f 1974/1131/86 1917/1101/86 1916/1100/86 
f 1924/1108/14 1987/1144/14 1988/1145/14 
f 1988/1145/14 1984/1141/14 1924/1108/14 
s 2
f 1989/1146/105 1990/1147/105 1736/1005/49 
f 1736/1005/49 1735/1004/29 1989/1146/105 
f 1991/1148/88 1992/1149/106 1990/1147/105 
f 1990/1147/105 1989/1146/105 1991/1148/88 
f 1993/1150/90 1994/1151/90 1992/1149/106 
f 1992/1149/106 1991/1148/88 1993/1150/90 
f 1995/1152/91 1996/1153/91 1994/1151/90 
f 1994/1151/90 1993/1150/90 1995/1152/91 
f 1997/1154/93 1998/1155/93 1996/1155/91 
f 1996/1155/91 1995/1154/91 1997/1154/93 
f 1999/1156/107 2000/1157/94 1998/1155/93 
f 1998/1155/93 1997/1154/93 1999/1156/107 
f 2001/1051/95 2002/1158/108 2000/1157/94 
f 2000/1157/94 1999/1156/107 2001/1051/95 
f 2003/1050/96 2004/999/96 2002/1158/108 
f 2002/1158/108 2001/1051/95 2003/1050/96 
f 2005/1049/64 2006/984/109 2004/999/96 
f 2004/999/96 2003/1050/96 2005/1049/64 
f 2007/1048/97 2008/985/97 2006/984/109 
f 2006/984/109 2005/1049/64 2007/1048/97 
f 2009/1047/110 2010/1159/110 2008/985/97 
f 2008/985/97 2007/1048/97 2009/1047/110 
f 2011/1160/111 2012/1161/99 2010/1159/110 
f 2010/1159/110 2009/1047/110 2011/1160/111 
f 2013/1162/100 2014/1163/100 2012/1161/99 
f 2012/1161/99 2011/1160/111 2013/1162/100 
f 2015/1162/112 2016/1163/112 2014/1163/100 
f 2014/1163/100 2013/1162/100 2015/1162/112 
f 2017/1164/102 2018/1165/102 2016/1166/112 
f 2016/1166/112 2015/1167/112 2017/1164/102 
f 2019/1168/122 2020/1169/103 2018/1165/102 
f 2018/1165/102 2017/1164/102 2019/1168/122 
f 2021/1170/104 2022/1171/104 2020/1169/103 
f 2020/1169/103 2019/1168/122 2021/1170/104 
f 1770/1039/47 1771/1040/47 2022/1171/104 
f 2022/1171/104 2021/1170/104 1770/1039/47 
s 1
f 1962/1119/86 1705/974/86 1773/1042/26 
f 1773/1042/26 2023/1172/86 1962/1119/86 
f 1965/1122/86 1962/1119/86 2023/1172/86 
f 2023/1172/86 2024/1173/86 1965/1122/86 
f 1968/1125/86 1965/1122/86 2024/1173/86 
f 2024/1173/86 2025/1174/14 1968/1125/86 
f 1971/1128/14 1968/1125/86 2025/1174/14 
f 2025/1174/14 2026/1175/86 1971/1128/14 
f 1975/1132/14 1971/1128/14 2026/1175/86 
f 2026/1175/86 2027/1176/86 1975/1132/14 
f 1976/1133/14 1975/1132/14 2027/1176/86 
f 2027/1176/86 2028/1177/86 1976/1133/14 
f 1974/1131/86 1976/1133/14 2028/1177/86 
f 2028/1177/86 2029/1178/86 1974/1131/86 
f 1972/1129/14 1974/1131/86 2029/1178/86 
f 2029/1178/86 2030/1179/86 1972/1129/14 
f 1973/1130/14 1972/1129/14 2030/1179/86 
f 2030/1179/86 2031/1180/14 1973/1130/14 
f 1985/1142/14 1973/1130/14 2031/1180/14 
f 2031/1180/14 2032/1181/86 1985/1142/14 
f 1986/1143/14 1985/1142/14 2032/1181/86 
f 2032/1181/86 2033/1182/14 1986/1143/14 
f 1987/1144/14 1986/1143/14 2033/1182/14 
f 2033/1182/14 2034/1183/14 1987/1144/14 
f 1988/1145/14 1987/1144/14 2034/1183/14 
f 2034/1183/14 2035/1145/14 1988/1145/14 
f 1984/1141/14 1988/1145/14 2035/1145/14 
f 2035/1145/14 2036/1184/14 1984/1141/14 
f 1982/1139/14 1984/1141/14 2036/1184/14 
f 2036/1184/14 2037/1185/86 1982/1139/14 
f 1980/1137/14 1982/1139/14 2037/1185/86 
f 2037/1185/86 2038/1186/14 1980/1137/14 
f 1978/1135/14 1980/1137/14 2038/1186/14 
f 2038/1186/14 2039/1187/14 1978/1135/14 
f 1722/991/14 1978/1135/14 2039/1187/14 
f 2039/1187/14 1790/1057/27 1722/991/14 
s 4
f 2040/1188/113 2041/1060/114 1793/1060/25 
f 1793/1060/25 1792/1059/13 2040/1188/113 
f 2042/1189/113 2043/1060/114 2041/1060/114 
f 2041/1060/114 2040/1188/113 2042/1189/113 
f 2044/1190/114 2045/1191/114 2043/1060/114 
f 2043/1060/114 2042/1189/113 2044/1190/114 
f 2046/1192/113 2047/1191/114 2045/1191/114 
f 2045/1191/114 2044/1190/114 2046/1192/113 
f 2048/1193/113 2049/1191/114 2047/1191/114 
f 2047/1191/114 2046/1192/113 2048/1193/113 
f 2050/1194/113 2051/1191/114 2049/1191/114 
f 2049/1191/114 2048/1193/113 2050/1194/113 
f 2052/1195/113 2053/1196/114 2051/1191/114 
f 2051/1191/114 2050/1194/113 2052/1195/113 
f 2054/1197/114 2055/1196/114 2053/1196/114 
f 2053/1196/114 2052/1195/113 2054/1197/114 
f 2056/1198/113 2057/1196/113 2055/1196/114 
f 2055/1196/114 2054/1197/114 2056/1198/113 
f 2058/1199/114 2059/1196/113 2057/1196/113 
f 2057/1196/113 2056/1198/113 2058/1199/114 
f 2060/1200/114 2061/1196/113 2059/1196/113 
f 2059/1196/113 2058/1199/114 2060/1200/114 
f 2062/1161/114 2063/1201/113 2061/1196/113 
f 2061/1196/113 2060/1200/114 2062/1161/114 
f 2064/1202/114 2065/1201/113 2063/1201/113 
f 2063/1201/113 2062/1161/114 2064/1202/114 
f 2066/1203/114 2067/1201/113 2065/1201/113 
f 2065/1201/113 2064/1202/114 2066/1203/114 
f 2068/1204/113 2069/1201/113 2067/1201/113 
f 2067/1201/113 2066/1203/114 2068/1204/113 
f 2070/1205/114 2071/1078/113 2069/1201/113 
f 2069/1201/113 2068/1204/113 2070/1205/114 
f 2072/1206/114 2073/1078/113 2071/1078/113 
f 2071/1078/113 2070/1205/114 2072/1206/114 
f 1827/1080/113 1828/1078/13 2073/1078/113 
f 2073/1078/113 2072/1206/114 1827/1080/113 
s 2
f 1829/1004/49 2074/1146/105 1989/1146/105 
f 1989/1146/105 1735/1004/29 1829/1004/49 
f 1736/1005/49 1990/1147/105 2075/1147/105 
f 2075/1147/105 1831/1005/29 1736/1005/49 
f 2074/1146/105 2076/1148/88 1991/1148/88 
f 1991/1148/88 1989/1146/105 2074/1146/105 
f 1990/1147/105 1992/1149/106 2077/1149/106 
f 2077/1149/106 2075/1147/105 1990/1147/105 
f 2076/1148/88 2078/1150/90 1993/1150/90 
f 1993/1150/90 1991/1148/88 2076/1148/88 
f 1992/1149/106 1994/1151/90 2079/1151/90 
f 2079/1151/90 2077/1149/106 1992/1149/106 
f 2078/1150/90 2080/1152/91 1995/1152/91 
f 1995/1152/91 1993/1150/90 2078/1150/90 
f 1994/1151/90 1996/1153/91 2081/1153/91 
f 2081/1153/91 2079/1151/90 1994/1151/90 
f 2080/1154/91 2082/1154/93 1997/1154/93 
f 1997/1154/93 1995/1154/91 2080/1154/91 
f 1996/1155/91 1998/1155/93 2083/1155/93 
f 2083/1155/93 2081/1155/91 1996/1155/91 
f 2082/1154/93 2084/1156/107 1999/1156/107 
f 1999/1156/107 1997/1154/93 2082/1154/93 
f 1998/1155/93 2000/1157/94 2085/1157/94 
f 2085/1157/94 2083/1155/93 1998/1155/93 
f 2084/1156/107 2086/1051/95 2001/1051/95 
f 2001/1051/95 1999/1156/107 2084/1156/107 
f 2000/1157/94 2002/1158/108 2087/1158/108 
f 2087/1158/108 2085/1157/94 2000/1157/94 
f 2086/1051/95 2088/1050/96 2003/1050/96 
f 2003/1050/96 2001/1051/95 2086/1051/95 
f 2002/1158/108 2004/999/96 2089/999/96 
f 2089/999/96 2087/1158/108 2002/1158/108 
f 2088/1050/96 2090/1049/109 2005/1049/64 
f 2005/1049/64 2003/1050/96 2088/1050/96 
f 2004/999/96 2006/984/109 2091/984/64 
f 2091/984/64 2089/999/96 2004/999/96 
f 2090/1049/109 2092/1048/97 2007/1048/97 
f 2007/1048/97 2005/1049/64 2090/1049/109 
f 2006/984/109 2008/985/97 2093/985/97 
f 2093/985/97 2091/984/64 2006/984/109 
f 2092/1048/97 2094/1047/110 2009/1047/110 
f 2009/1047/110 2007/1048/97 2092/1048/97 
f 2008/985/97 2010/1159/110 2095/1159/110 
f 2095/1159/110 2093/985/97 2008/985/97 
f 2094/1047/110 2096/1160/111 2011/1160/111 
f 2011/1160/111 2009/1047/110 2094/1047/110 
f 2010/1159/110 2012/1161/99 2097/1161/99 
f 2097/1161/99 2095/1159/110 2010/1159/110 
f 2096/1160/111 2098/1162/100 2013/1162/100 
f 2013/1162/100 2011/1160/111 2096/1160/111 
f 2012/1161/99 2014/1163/100 2099/1163/100 
f 2099/1163/100 2097/1161/99 2012/1161/99 
f 2098/1162/100 2100/1162/112 2015/1162/112 
f 2015/1162/112 2013/1162/100 2098/1162/100 
f 2014/1163/100 2016/1163/112 2101/1163/112 
f 2101/1163/112 2099/1163/100 2014/1163/100 
f 2100/1167/112 2102/1164/102 2017/1164/102 
f 2017/1164/102 2015/1167/112 2100/1167/112 
f 2016/1166/112 2018/1165/102 2103/1165/102 
f 2103/1165/102 2101/1166/112 2016/1166/112 
f 2102/1164/102 2104/1168/122 2019/1168/122 
f 2019/1168/122 2017/1164/102 2102/1164/102 
f 2018/1165/102 2020/1169/103 2105/1169/103 
f 2105/1169/103 2103/1165/102 2018/1165/102 
f 2104/1168/122 2106/1170/104 2021/1170/104 
f 2021/1170/104 2019/1168/122 2104/1168/122 
f 2020/1169/103 2022/1171/104 2107/1171/104 
f 2107/1171/104 2105/1169/103 2020/1169/103 
f 2106/1170/104 1865/1039/47 1770/1039/47 
f 1770/1039/47 2021/1170/104 2106/1170/104 
f 2022/1171/104 1771/1040/47 1866/1040/47 
f 1866/1040/47 2107/1171/104 2022/1171/104 
s 1
f 1865/1042/27 2106/1172/86 2023/1172/86 
f 2023/1172/86 1773/1042/26 1865/1042/27 
f 2106/1172/86 2104/1173/86 2024/1173/86 
f 2024/1173/86 2023/1172/86 2106/1172/86 
f 2104/1173/86 2102/1207/14 2025/1174/14 
f 2025/1174/14 2024/1173/86 2104/1173/86 
f 2102/1207/14 2100/1176/86 2026/1175/86 
f 2026/1175/86 2025/1174/14 2102/1207/14 
f 2100/1176/86 2098/1176/86 2027/1176/86 
f 2027/1176/86 2026/1175/86 2100/1176/86 
f 2098/1176/86 2096/1177/86 2028/1177/86 
f 2028/1177/86 2027/1176/86 2098/1176/86 
f 2096/1177/86 2094/1178/86 2029/1178/86 
f 2029/1178/86 2028/1177/86 2096/1177/86 
f 2094/1178/86 2092/1179/86 2030/1179/86 
f 2030/1179/86 2029/1178/86 2094/1178/86 
f 2092/1179/86 2090/1180/14 2031/1180/14 
f 2031/1180/14 2030/1179/86 2092/1179/86 
f 2090/1180/14 2088/1181/86 2032/1181/86 
f 2032/1181/86 2031/1180/14 2090/1180/14 
f 2088/1181/86 2086/1182/14 2033/1182/14 
f 2033/1182/14 2032/1181/86 2088/1181/86 
f 2086/1182/14 2084/1208/14 2034/1183/14 
f 2034/1183/14 2033/1182/14 2086/1182/14 
f 2084/1208/14 2082/1209/14 2035/1145/14 
f 2035/1145/14 2034/1183/14 2084/1208/14 
f 2082/1209/14 2080/1209/14 2036/1184/14 
f 2036/1184/14 2035/1145/14 2082/1209/14 
f 2080/1209/14 2078/1210/86 2037/1185/86 
f 2037/1185/86 2036/1184/14 2080/1209/14 
f 2078/1210/86 2076/1186/14 2038/1186/14 
f 2038/1186/14 2037/1185/86 2078/1210/86 
f 2076/1186/14 2074/1187/14 2039/1187/14 
f 2039/1187/14 2038/1186/14 2076/1186/14 
f 2074/1187/14 1829/1057/27 1790/1057/27 
f 1790/1057/27 2039/1187/14 2074/1187/14 
s 4
f 1831/1059/13 2075/1188/113 2040/1188/113 
f 2040/1188/113 1792/1059/13 1831/1059/13 
f 2075/1188/113 2077/1189/113 2042/1189/113 
f 2042/1189/113 2040/1188/113 2075/1188/113 
f 2077/1189/113 2079/1211/114 2044/1190/114 
f 2044/1190/114 2042/1189/113 2077/1189/113 
f 2079/1211/114 2081/1212/113 2046/1192/113 
f 2046/1192/113 2044/1190/114 2079/1211/114 
f 2081/1212/113 2083/1212/113 2048/1193/113 
f 2048/1193/113 2046/1192/113 2081/1212/113 
f 2083/1212/113 2085/1157/113 2050/1194/113 
f 2050/1194/113 2048/1193/113 2083/1212/113 
f 2085/1157/113 2087/1195/113 2052/1195/113 
f 2052/1195/113 2050/1194/113 2085/1157/113 
f 2087/1195/113 2089/1197/114 2054/1197/114 
f 2054/1197/114 2052/1195/113 2087/1195/113 
f 2089/1197/114 2091/1198/13 2056/1198/113 
f 2056/1198/113 2054/1197/114 2089/1197/114 
f 2091/1198/13 2093/1199/114 2058/1199/114 
f 2058/1199/114 2056/1198/113 2091/1198/13 
f 2093/1199/114 2095/1200/114 2060/1200/114 
f 2060/1200/114 2058/1199/114 2093/1199/114 
f 2095/1200/114 2097/1161/114 2062/1161/114 
f 2062/1161/114 2060/1200/114 2095/1200/114 
f 2097/1161/114 2099/1202/114 2064/1202/114 
f 2064/1202/114 2062/1161/114 2097/1161/114 
f 2099/1202/114 2101/1202/114 2066/1203/114 
f 2066/1203/114 2064/1202/114 2099/1202/114 
f 2101/1202/114 2103/1213/113 2068/1204/113 
f 2068/1204/113 2066/1203/114 2101/1202/114 
f 2103/1213/113 2105/1205/114 2070/1205/114 
f 2070/1205/114 2068/1204/113 2103/1213/113 
f 2105/1205/114 2107/1206/114 2072/1206/114 
f 2072/1206/114 2070/1205/114 2105/1205/114 
f 2107/1206/114 1866/1080/13 1827/1080/113 
f 1827/1080/113 2072/1206/114 2107/1206/114 
s 1
f 1867/1083/29 2108/1083/87 1926/956/87 
f 1926/956/87 1663/956/29 1867/1083/29 
f 2108/1083/87 2109/1083/88 1928/956/88 
f 1928/956/88 1926/956/87 2108/1083/87 
f 2109/1083/88 2110/1083/89 1930/956/89 
f 1930/956/89 1928/956/88 2109/1083/88 
f 2110/1083/89 2111/1214/91 1932/1110/91 
f 1932/1110/91 1930/956/89 2110/1083/89 
f 2111/1215/91 2112/1215/115 1934/1112/93 
f 1934/1112/93 1932/1112/91 2111/1215/91 
f 2112/1215/115 2113/1216/107 1936/1113/94 
f 1936/1113/94 1934/1112/93 2112/1215/115 
f 2113/1216/107 2114/1216/108 1938/1113/95 
f 1938/1113/95 1936/1113/94 2113/1216/107 
f 2114/1216/108 2115/1216/116 1940/1113/96 
f 1940/1113/96 1938/1113/95 2114/1216/108 
f 2115/1216/116 2116/1216/109 1942/1113/77 
f 1942/1113/77 1940/1113/96 2115/1216/116 
f 2116/1216/109 2117/1216/97 1944/1113/97 
f 1944/1113/97 1942/1113/77 2116/1216/109 
f 2117/1216/97 2118/1216/98 1946/1113/98 
f 1946/1113/98 1944/1113/97 2117/1216/97 
f 2118/1216/98 2119/1217/99 1948/1114/99 
f 1948/1114/99 1946/1113/98 2118/1216/98 
f 2119/1217/99 2120/1217/100 1950/1114/100 
f 1950/1114/100 1948/1114/99 2119/1217/99 
f 2120/1217/100 2121/1217/101 1952/1114/101 
f 1952/1114/101 1950/1114/100 2120/1217/100 
f 2121/1218/101 2122/1089/102 1954/967/102 
f 1954/967/102 1952/1115/101 2121/1218/101 
f 2122/1089/102 2123/1089/103 1956/967/103 
f 1956/967/103 1954/967/102 2122/1089/102 
f 2123/1089/103 2124/1089/104 1958/967/104 
f 1958/967/104 1956/967/103 2123/1089/103 
f 2124/1089/104 1885/1089/47 1698/967/47 
f 1698/967/47 1958/967/104 2124/1089/104 
s 4
f 2108/1060/13 1867/1060/13 1793/1060/25 
f 1793/1060/25 2041/1060/114 2108/1060/13 
f 2109/1060/13 2108/1060/13 2041/1060/114 
f 2041/1060/114 2043/1060/114 2109/1060/13 
f 2110/1060/114 2109/1060/13 2043/1060/114 
f 2043/1060/114 2045/1191/114 2110/1060/114 
f 2111/1191/114 2110/1060/114 2045/1191/114 
f 2045/1191/114 2047/1191/114 2111/1191/114 
f 2112/1191/114 2111/1191/114 2047/1191/114 
f 2047/1191/114 2049/1191/114 2112/1191/114 
f 2113/1196/114 2112/1191/114 2049/1191/114 
f 2049/1191/114 2051/1191/114 2113/1196/114 
f 2114/1196/114 2113/1196/114 2051/1191/114 
f 2051/1191/114 2053/1196/114 2114/1196/114 
f 2115/1196/114 2114/1196/114 2053/1196/114 
f 2053/1196/114 2055/1196/114 2115/1196/114 
f 2116/1196/113 2115/1196/114 2055/1196/114 
f 2055/1196/114 2057/1196/113 2116/1196/113 
f 2117/1196/113 2116/1196/113 2057/1196/113 
f 2057/1196/113 2059/1196/113 2117/1196/113 
f 2118/1196/13 2117/1196/113 2059/1196/113 
f 2059/1196/113 2061/1196/113 2118/1196/13 
f 2119/1201/13 2118/1196/13 2061/1196/113 
f 2061/1196/113 2063/1201/113 2119/1201/13 
f 2120/1201/13 2119/1201/13 2063/1201/113 
f 2063/1201/113 2065/1201/113 2120/1201/13 
f 2121/1201/13 2120/1201/13 2065/1201/113 
f 2065/1201/113 2067/1201/113 2121/1201/13 
f 2122/1078/13 2121/1201/13 2067/1201/113 
f 2067/1201/113 2069/1201/113 2122/1078/13 
f 2123/1078/13 2122/1078/13 2069/1201/113 
f 2069/1201/113 2071/1078/113 2123/1078/13 
f 2124/1078/13 2123/1078/13 2071/1078/113 
f 2071/1078/113 2073/1078/113 2124/1078/13 
f 1885/1078/13 2124/1078/13 2073/1078/113 
f 2073/1078/113 1828/1078/13 1885/1078/13 
s 1
f 2125/2/123 3/2/2 310/2/27 
f 310/2/27 2126/2/124 2125/2/123 
f 2127/2/125 4/2/1 3/2/2 
f 3/2/2 2125/2/123 2127/2/125 
f 2128/4/126 7/4/4 4/2/1 
f 4/2/1 2127/2/125 2128/4/126 
f 2129/4/127 8/4/3 7/4/4 
f 7/4/4 2128/4/126 2129/4/127 
f 2130/4/128 580/4/15 8/4/3 
f 8/4/3 2129/4/127 2130/4/128 
f 2131/7/129 11/7/6 580/7/15 
f 580/7/15 2130/7/128 2131/7/129 
f 2132/11/130 12/7/5 11/7/6 
f 11/7/6 2131/7/129 2132/11/130 
f 2133/11/131 582/11/17 12/7/5 
f 12/7/5 2132/11/130 2133/11/131 
f 2133/11/131 2134/8/132 13/8/7 
f 13/8/7 582/11/17 2133/11/131 
f 2135/16/133 28/16/14 27/16/2 
f 27/16/2 2136/16/134 2135/16/133 
f 2136/16/134 27/16/2 30/16/1 
f 30/16/1 2137/16/135 2136/16/134 
f 2137/16/135 30/16/1 32/18/4 
f 32/18/4 2138/18/136 2137/16/135 
f 2138/18/136 32/18/4 34/18/3 
f 34/18/3 2139/18/137 2138/18/136 
f 2139/18/137 34/18/3 36/18/15 
f 36/18/15 2140/18/138 2139/18/137 
f 2140/20/138 36/20/15 38/11/6 
f 38/11/6 2141/11/139 2140/20/138 
f 2141/11/139 38/11/6 40/11/5 
f 40/11/5 2142/11/140 2141/11/139 
f 2142/11/140 40/11/5 42/11/17 
f 42/11/17 2143/11/141 2142/11/140 
f 44/8/19 2134/8/132 2143/11/141 
f 2143/11/141 42/11/17 44/8/19 
f 2136/46/134 86/45/28 85/45/29 
f 85/45/29 2135/46/133 2136/46/134 
f 2137/46/135 88/46/30 86/45/28 
f 86/45/28 2136/46/134 2137/46/135 
f 2138/48/136 90/48/32 88/46/30 
f 88/46/30 2137/46/135 2138/48/136 
f 2139/48/137 92/48/33 90/48/32 
f 90/48/32 2138/48/136 2139/48/137 
f 2140/20/138 94/20/34 92/20/33 
f 92/20/33 2139/20/137 2140/20/138 
f 2141/11/139 96/11/35 94/20/34 
f 94/20/34 2140/20/138 2141/11/139 
f 2142/11/140 98/11/36 96/11/35 
f 96/11/35 2141/11/139 2142/11/140 
f 2143/11/141 100/11/37 98/11/36 
f 98/11/36 2142/11/140 2143/11/141 
f 2143/11/141 2134/8/132 102/11/38 
f 102/11/38 100/11/37 2143/11/141 
f 102/11/38 2134/8/132 2133/11/131 
f 2133/11/131 103/11/39 102/11/38 
f 2132/11/130 105/11/40 103/11/39 
f 103/11/39 2133/11/131 2132/11/130 
f 2131/7/129 107/7/41 105/11/40 
f 105/11/40 2132/11/130 2131/7/129 
f 2130/7/128 109/7/42 107/7/41 
f 107/7/41 2131/7/129 2130/7/128 
f 2129/7/127 111/7/43 109/7/42 
f 109/7/42 2130/7/128 2129/7/127 
f 2128/52/126 113/52/44 111/52/43 
f 111/52/43 2129/52/127 2128/52/126 
f 2127/54/125 115/54/45 113/52/44 
f 113/52/44 2128/52/126 2127/54/125 
f 2125/54/123 117/56/46 115/54/45 
f 115/54/45 2127/54/125 2125/54/123 
f 2126/54/124 120/56/47 117/56/46 
f 117/56/46 2125/54/123 2126/54/124 
f 2126/2/124 310/2/27 309/2/59 
f 309/2/59 2144/2/142 2126/2/124 
f 2144/2/142 309/2/59 312/2/60 
f 312/2/60 2145/2/143 2144/2/142 
f 2145/2/143 312/2/60 866/2/72 
f 866/2/72 2146/2/144 2145/2/143 
f 2146/2/144 866/2/72 868/501/73 
f 868/501/73 2147/501/145 2146/2/144 
f 2147/501/145 868/501/73 870/501/74 
f 870/501/74 2148/501/146 2147/501/145 
f 2148/188/146 870/188/74 316/188/61 
f 316/188/61 2149/188/147 2148/188/146 
f 2149/188/147 316/188/61 315/188/62 
f 315/188/62 2150/191/148 2149/188/147 
f 2150/191/148 315/188/62 320/191/66 
f 320/191/66 2151/191/149 2150/191/148 
f 319/190/65 2152/190/150 2151/191/149 
f 2151/191/149 320/191/66 319/190/65 
f 2153/16/151 332/16/59 28/16/14 
f 28/16/14 2135/16/133 2153/16/151 
f 2154/16/152 334/16/60 332/16/59 
f 332/16/59 2153/16/151 2154/16/152 
f 2155/16/153 336/16/72 334/16/60 
f 334/16/60 2154/16/152 2155/16/153 
f 2156/193/154 338/193/73 336/16/72 
f 336/16/72 2155/16/153 2156/193/154 
f 2157/193/155 340/193/74 338/193/73 
f 338/193/73 2156/193/154 2157/193/155 
f 2158/191/156 342/191/61 340/195/74 
f 340/195/74 2157/195/155 2158/191/156 
f 2159/191/157 344/191/62 342/191/61 
f 342/191/61 2158/191/156 2159/191/157 
f 2160/191/158 346/191/76 344/191/62 
f 344/191/62 2159/191/157 2160/191/158 
f 2160/191/158 2152/190/150 348/190/78 
f 348/190/78 346/191/76 2160/191/158 
f 2135/46/133 85/45/29 382/45/87 
f 382/45/87 2153/46/151 2135/46/133 
f 2153/46/151 382/45/87 384/46/88 
f 384/46/88 2154/46/152 2153/46/151 
f 2154/46/152 384/46/88 386/46/90 
f 386/46/90 2155/46/153 2154/46/152 
f 2155/46/153 386/46/90 388/214/92 
f 388/214/92 2156/214/154 2155/46/153 
f 2156/195/154 388/195/92 390/195/93 
f 390/195/93 2157/195/155 2156/195/154 
f 2157/195/155 390/195/93 392/191/94 
f 392/191/94 2158/191/156 2157/195/155 
f 2158/191/156 392/191/94 394/191/95 
f 394/191/95 2159/191/157 2158/191/156 
f 2159/191/157 394/191/95 396/191/96 
f 396/191/96 2160/191/158 2159/191/157 
f 398/191/77 2152/190/150 2160/191/158 
f 2160/191/158 396/191/96 398/191/77 
f 2151/191/149 2152/190/150 398/191/77 
f 398/191/77 400/191/97 2151/191/149 
f 2151/191/149 400/191/97 402/191/98 
f 402/191/98 2150/191/148 2151/191/149 
f 2150/191/148 402/191/98 404/188/99 
f 404/188/99 2149/188/147 2150/191/148 
f 2149/188/147 404/188/99 406/188/100 
f 406/188/100 2148/188/146 2149/188/147 
f 2148/188/146 406/188/100 408/188/101 
f 408/188/101 2147/188/145 2148/188/146 
f 2147/219/145 408/219/101 410/54/102 
f 410/54/102 2146/54/144 2147/219/145 
f 2146/54/144 410/54/102 412/54/103 
f 412/54/103 2145/54/143 2146/54/144 
f 2145/54/143 412/54/103 414/56/104 
f 414/56/104 2144/54/142 2145/54/143 
f 2144/54/142 414/56/104 120/56/47 
f 120/56/47 2126/54/124 2144/54/142 
f 13/8/7 2134/8/132 2161/8/8 
f 2161/8/8 14/8/8 13/8/7 
f 2162/8/20 584/8/20 14/8/8 
f 14/8/8 2161/8/8 2162/8/20 
f 2163/8/21 586/8/21 584/8/20 
f 584/8/20 2162/8/20 2163/8/21 
f 2164/8/22 588/8/22 586/8/21 
f 586/8/21 2163/8/21 2164/8/22 
f 2165/8/23 590/8/23 588/8/22 
f 588/8/22 2164/8/22 2165/8/23 
f 2166/10/10 17/10/10 590/10/23 
f 590/10/23 2165/10/23 2166/10/10 
f 2167/11/11 18/11/11 17/10/10 
f 17/10/10 2166/10/10 2167/11/11 
f 2168/13/159 21/13/12 18/11/11 
f 18/11/11 2167/11/11 2168/13/159 
f 2169/13/25 22/13/13 21/13/12 
f 21/13/12 2168/13/159 2169/13/25 
f 2161/8/8 2134/8/132 44/8/19 
f 44/8/19 46/8/8 2161/8/8 
f 2161/8/8 46/8/8 48/8/20 
f 48/8/20 2162/8/20 2161/8/8 
f 2162/8/20 48/8/20 50/8/21 
f 50/8/21 2163/8/21 2162/8/20 
f 2163/8/21 50/8/21 52/8/22 
f 52/8/22 2164/8/22 2163/8/21 
f 2164/8/22 52/8/22 54/8/23 
f 54/8/23 2165/8/23 2164/8/22 
f 2165/10/23 54/10/23 56/10/10 
f 56/10/10 2166/10/10 2165/10/23 
f 2166/10/10 56/10/10 58/11/24 
f 58/11/24 2167/11/11 2166/10/10 
f 2167/11/11 58/11/24 60/13/12 
f 60/13/12 2168/13/159 2167/11/11 
f 2168/13/159 60/13/12 62/13/25 
f 62/13/25 2169/13/25 2168/13/159 
f 2170/190/67 2152/190/150 319/190/65 
f 319/190/65 322/190/67 2170/190/67 
f 2170/190/67 322/190/67 324/190/68 
f 324/190/68 2171/190/79 2170/190/67 
f 2171/190/79 324/190/68 326/190/69 
f 326/190/69 2172/190/69 2171/190/79 
f 2172/190/69 326/190/69 328/190/70 
f 328/190/70 2173/190/80 2172/190/69 
f 2173/190/80 328/190/70 873/190/81 
f 873/190/81 2174/190/81 2173/190/80 
f 2174/8/81 873/8/81 875/11/82 
f 875/11/82 2175/11/83 2174/8/81 
f 2175/11/83 875/11/82 877/11/84 
f 877/11/84 2176/11/160 2175/11/83 
f 2176/11/160 877/11/84 330/13/71 
f 330/13/71 2177/13/71 2176/11/160 
f 2177/13/71 330/13/71 22/13/13 
f 22/13/13 2169/13/25 2177/13/71 
f 348/190/78 2152/190/150 2170/190/67 
f 2170/190/67 350/190/67 348/190/78 
f 2171/190/79 352/190/79 350/190/67 
f 350/190/67 2170/190/67 2171/190/79 
f 2172/190/69 354/190/69 352/190/79 
f 352/190/79 2171/190/79 2172/190/69 
f 2173/190/80 356/190/80 354/190/69 
f 354/190/69 2172/190/69 2173/190/80 
f 2174/190/81 358/190/81 356/190/80 
f 356/190/80 2173/190/80 2174/190/81 
f 2175/11/83 360/11/83 358/8/81 
f 358/8/81 2174/8/81 2175/11/83 
f 2176/11/160 362/11/84 360/11/83 
f 360/11/83 2175/11/83 2176/11/160 
f 2177/13/71 364/13/85 362/11/84 
f 362/11/84 2176/11/160 2177/13/71 
f 2169/13/25 62/13/25 364/13/85 
f 364/13/85 2177/13/71 2169/13/25 
f 2178/647/58 2179/1219/58 2180/1219/9 
f 2180/1219/9 2181/647/9 2178/647/58 
f 2182/647/52 2183/1219/52 2179/1219/58 
f 2179/1219/58 2178/647/58 2182/647/52 
f 2184/647/51 2185/1219/51 2183/1219/52 
f 2183/1219/52 2182/647/52 2184/647/51 
f 2186/935/57 2187/1220/57 2185/1219/51 
f 2185/1219/51 2184/647/51 2186/935/57 
f 2188/935/33 2189/1220/33 2187/1220/57 
f 2187/1220/57 2186/935/57 2188/935/33 
f 2190/1221/31 2191/1222/31 2189/1222/33 
f 2189/1222/33 2188/1221/33 2190/1221/31 
f 2192/1223/30 2193/1224/30 2191/1222/31 
f 2191/1222/31 2190/1221/31 2192/1223/30 
f 2194/1223/28 2195/1224/28 2193/1224/30 
f 2193/1224/30 2192/1223/30 2194/1223/28 
f 2196/1223/29 2197/1224/29 2195/1224/28 
f 2195/1224/28 2194/1223/28 2196/1223/29 
f 2198/1224/87 2197/1224/29 2196/1223/29 
f 2196/1223/29 2199/1223/87 2198/1224/87 
f 2200/1224/88 2198/1224/87 2199/1223/87 
f 2199/1223/87 2201/1223/88 2200/1224/88 
f 2202/1224/89 2200/1224/88 2201/1223/88 
f 2201/1223/88 2203/1225/89 2202/1224/89 
f 2204/1226/91 2202/1224/89 2203/1225/89 
f 2203/1225/89 2205/1227/91 2204/1226/91 
f 2206/1228/115 2204/1228/91 2205/808/91 
f 2205/808/91 2207/808/115 2206/1228/115 
f 2208/1229/94 2206/1228/115 2207/808/115 
f 2207/808/115 2209/807/107 2208/1229/94 
f 2210/1229/95 2208/1229/94 2209/807/107 
f 2209/807/107 2211/807/108 2210/1229/95 
f 2212/1229/96 2210/1229/95 2211/807/108 
f 2211/807/108 2213/807/96 2212/1229/96 
f 2214/1229/77 2212/1229/96 2213/807/96 
f 2213/807/96 2215/807/77 2214/1229/77 
f 2216/1229/97 2214/1229/77 2215/807/77 
f 2215/807/77 2217/807/97 2216/1229/97 
f 2218/1229/98 2216/1229/97 2217/807/97 
f 2217/807/97 2219/807/98 2218/1229/98 
f 2220/1230/99 2218/1229/98 2219/807/98 
f 2219/807/98 2221/1231/99 2220/1230/99 
f 2222/1230/100 2220/1230/99 2221/1231/99 
f 2221/1231/99 2223/1231/100 2222/1230/100 
f 2224/1230/101 2222/1230/100 2223/1231/100 
f 2223/1231/100 2225/1231/101 2224/1230/101 
f 2226/1232/102 2224/1233/101 2225/1234/101 
f 2225/1234/101 2227/1235/102 2226/1232/102 
f 2228/1232/103 2226/1232/102 2227/1235/102 
f 2227/1235/102 2229/1235/103 2228/1232/103 
f 2230/1232/104 2228/1232/103 2229/1235/103 
f 2229/1235/103 2231/1235/104 2230/1232/104 
f 2232/1232/47 2230/1232/104 2231/1235/104 
f 2231/1235/104 2233/1235/47 2232/1232/47 
f 2234/1232/46 2232/1232/47 2233/1235/47 
f 2233/1235/47 2235/1235/46 2234/1232/46 
f 2236/1232/45 2234/1232/46 2235/1235/46 
f 2235/1235/46 2237/1235/45 2236/1232/45 
f 2238/1236/44 2236/1232/45 2237/1235/45 
f 2237/1235/45 2239/1237/44 2238/1236/44 
f 2240/1236/43 2238/1236/44 2239/1237/44 
f 2239/1237/44 2241/1237/43 2240/1236/43 
f 2242/1238/42 2240/1238/43 2241/1239/43 
f 2241/1239/43 2243/1239/42 2242/1238/42 
f 2244/1238/41 2242/1238/42 2243/1239/42 
f 2243/1239/42 2245/1239/41 2244/1238/41 
f 2246/1219/40 2244/1238/41 2245/1239/41 
f 2245/1239/41 2247/647/40 2246/1219/40 
f 2248/1219/161 2246/1219/40 2247/647/40 
f 2247/647/40 2249/647/161 2248/1219/161 
f 2180/1219/9 2248/1219/161 2249/647/161 
f 2249/647/161 2181/647/9 2180/1219/9 
f 2250/1/134 2/1/2 1/1/1 
f 1/1/1 2251/1/135 2250/1/134 
f 2252/3/136 6/3/4 5/3/3 
f 5/3/3 2253/3/137 2252/3/136 
f 2254/5/139 10/6/6 9/5/5 
f 9/5/5 2255/5/140 2254/5/139 
f 2256/9/132 16/9/9 15/9/8 
f 15/9/8 2257/9/8 2256/9/132 
f 2258/12/10 20/12/10 19/5/11 
f 19/5/11 2259/5/11 2258/12/10 
f 2260/14/12 24/14/12 23/14/13 
f 23/14/13 2261/14/13 2260/14/12 
f 2262/1/151 308/1/59 307/1/27 
f 307/1/27 2263/1/133 2262/1/151 
f 2264/1/152 311/1/60 308/1/59 
f 308/1/59 2262/1/151 2264/1/152 
f 2265/187/157 314/187/62 313/186/61 
f 313/186/61 2266/187/156 2265/187/157 
f 2267/189/162 318/189/64 317/187/63 
f 317/187/63 2268/187/163 2267/189/162 
f 2269/189/67 321/189/67 318/189/64 
f 318/189/64 2267/189/162 2269/189/67 
f 2270/189/68 323/189/68 321/189/67 
f 321/189/67 2269/189/67 2270/189/68 
f 2271/189/69 325/189/69 323/189/68 
f 323/189/68 2270/189/68 2271/189/69 
f 2272/189/70 327/189/70 325/189/69 
f 325/189/69 2271/189/69 2272/189/70 
f 2261/14/13 23/14/13 329/14/71 
f 329/14/71 2273/14/71 2261/14/13 
f 2263/1/133 307/1/27 2/1/2 
f 2/1/2 2250/1/134 2263/1/133 
f 2251/1/135 1/1/1 6/3/4 
f 6/3/4 2252/3/136 2251/1/135 
f 2253/3/137 5/3/3 581/3/15 
f 581/3/15 2274/3/138 2253/3/137 
f 2274/6/138 581/6/15 10/6/6 
f 10/6/6 2254/5/139 2274/6/138 
f 2255/5/140 9/5/5 583/5/117 
f 583/5/117 2275/5/164 2255/5/140 
f 2275/5/164 583/5/117 16/9/9 
f 16/9/9 2256/9/132 2275/5/164 
f 2257/9/8 15/9/8 585/9/20 
f 585/9/20 2276/9/20 2257/9/8 
f 2276/9/20 585/9/20 587/9/21 
f 587/9/21 2277/9/21 2276/9/20 
f 2277/9/21 587/9/21 589/9/22 
f 589/9/22 2278/9/22 2277/9/21 
f 2278/9/22 589/9/22 591/9/23 
f 591/9/23 2279/9/23 2278/9/22 
f 2279/12/23 591/12/23 20/12/10 
f 20/12/10 2258/12/10 2279/12/23 
f 2259/5/11 19/5/11 24/14/12 
f 24/14/12 2260/14/12 2259/5/11 
f 2280/330/125 595/330/1 594/330/2 
f 594/330/2 2281/330/123 2280/330/125 
f 2282/332/127 599/332/3 598/332/4 
f 598/332/4 2283/332/126 2282/332/127 
f 2284/5/130 603/335/5 602/335/6 
f 602/335/6 2285/335/129 2284/5/130 
f 2256/9/132 607/9/38 606/5/117 
f 606/5/117 2286/5/165 2256/9/132 
f 2257/9/8 609/9/8 607/9/38 
f 607/9/38 2256/9/132 2257/9/8 
f 2276/9/20 611/9/20 609/9/8 
f 609/9/8 2257/9/8 2276/9/20 
f 2258/12/10 615/12/10 614/12/23 
f 614/12/23 2279/12/23 2258/12/10 
f 2259/5/11 617/5/11 615/12/10 
f 615/12/10 2258/12/10 2259/5/11 
f 2260/14/12 619/14/12 617/5/11 
f 617/5/11 2259/5/11 2260/14/12 
f 2261/14/13 621/14/113 619/14/12 
f 619/14/12 2260/14/12 2261/14/13 
f 2287/361/124 645/360/47 644/360/46 
f 644/360/46 2281/361/123 2287/361/124 
f 2281/361/123 644/360/46 647/361/45 
f 647/361/45 2280/361/125 2281/361/123 
f 2280/361/125 647/361/45 649/363/44 
f 649/363/44 2283/363/126 2280/361/125 
f 2283/363/126 649/363/44 651/363/43 
f 651/363/43 2282/363/127 2283/363/126 
f 2282/335/127 651/335/43 653/335/42 
f 653/335/42 2288/335/128 2282/335/127 
f 2288/335/128 653/335/42 655/335/41 
f 655/335/41 2285/335/129 2288/335/128 
f 2285/335/129 655/335/41 657/5/40 
f 657/5/40 2284/5/130 2285/335/129 
f 2284/5/130 657/5/40 659/5/39 
f 659/5/39 2286/5/165 2284/5/130 
f 2286/5/165 659/5/39 661/5/38 
f 661/5/38 2256/9/132 2286/5/165 
f 2256/9/132 661/5/38 663/5/37 
f 663/5/37 2275/5/164 2256/9/132 
f 2275/5/164 663/5/37 665/5/36 
f 665/5/36 2255/5/140 2275/5/164 
f 2255/5/140 665/5/36 667/5/35 
f 667/5/35 2254/5/139 2255/5/140 
f 2254/5/139 667/5/35 669/6/34 
f 669/6/34 2274/6/138 2254/5/139 
f 2274/6/138 669/6/34 671/6/33 
f 671/6/33 2253/6/137 2274/6/138 
f 2253/368/137 671/368/33 673/368/32 
f 673/368/32 2252/368/136 2253/368/137 
f 2252/368/136 673/368/32 675/370/30 
f 675/370/30 2251/370/135 2252/368/136 
f 2251/370/135 675/370/30 677/371/28 
f 677/371/28 2250/370/134 2251/370/135 
f 2250/370/134 677/371/28 679/371/29 
f 679/371/29 2263/370/133 2250/370/134 
f 2289/1/153 867/1/72 311/1/60 
f 311/1/60 2264/1/152 2289/1/153 
f 2290/502/154 869/502/73 867/1/72 
f 867/1/72 2289/1/153 2290/502/154 
f 2291/502/155 871/502/74 869/502/73 
f 869/502/73 2290/502/154 2291/502/155 
f 2266/187/156 313/186/61 871/186/74 
f 871/186/74 2291/186/155 2266/187/156 
f 2268/187/163 317/187/63 314/187/62 
f 314/187/62 2265/187/157 2268/187/163 
f 2292/189/81 872/189/81 327/189/70 
f 327/189/70 2272/189/70 2292/189/81 
f 2293/5/82 874/5/82 872/9/81 
f 872/9/81 2292/9/81 2293/5/82 
f 2294/5/84 876/5/84 874/5/82 
f 874/5/82 2293/5/82 2294/5/84 
f 2273/14/71 329/14/71 876/5/84 
f 876/5/84 2294/5/84 2273/14/71 
f 2287/330/124 881/330/14 880/330/59 
f 880/330/59 2295/330/142 2287/330/124 
f 2295/330/142 880/330/59 883/330/60 
f 883/330/60 2296/330/143 2295/330/142 
f 2297/505/147 887/505/61 886/505/62 
f 886/505/62 2298/187/148 2297/505/147 
f 2299/187/166 891/187/75 890/189/77 
f 890/189/77 2267/189/162 2299/187/166 
f 2267/189/162 890/189/77 893/189/67 
f 893/189/67 2269/189/67 2267/189/162 
f 2269/189/67 893/189/67 894/189/68 
f 894/189/68 2270/189/68 2269/189/67 
f 2270/189/68 894/189/68 896/189/69 
f 896/189/69 2271/189/69 2270/189/68 
f 2271/189/69 896/189/69 898/189/70 
f 898/189/70 2272/189/70 2271/189/69 
f 2273/14/71 900/14/71 621/14/113 
f 621/14/113 2261/14/13 2273/14/71 
f 2295/361/142 919/360/104 645/360/47 
f 645/360/47 2287/361/124 2295/361/142 
f 2296/361/143 921/361/103 919/360/104 
f 919/360/104 2295/361/142 2296/361/143 
f 2300/361/144 923/361/102 921/361/103 
f 921/361/103 2296/361/143 2300/361/144 
f 2301/524/145 925/524/101 923/361/102 
f 923/361/102 2300/361/144 2301/524/145 
f 2302/505/146 927/505/100 925/505/101 
f 925/505/101 2301/505/145 2302/505/146 
f 2297/505/147 929/505/99 927/505/100 
f 927/505/100 2302/505/146 2297/505/147 
f 2298/187/148 931/187/98 929/505/99 
f 929/505/99 2297/505/147 2298/187/148 
f 2299/187/166 933/187/97 931/187/98 
f 931/187/98 2298/187/148 2299/187/166 
f 2267/189/162 935/187/77 933/187/97 
f 933/187/97 2299/187/166 2267/189/162 
f 2268/187/163 936/187/96 935/187/77 
f 935/187/77 2267/189/162 2268/187/163 
f 2265/187/157 938/187/95 936/187/96 
f 936/187/96 2268/187/163 2265/187/157 
f 2266/187/156 940/187/94 938/187/95 
f 938/187/95 2265/187/157 2266/187/156 
f 2291/186/155 942/186/93 940/187/94 
f 940/187/94 2266/187/156 2291/186/155 
f 2290/186/154 944/186/92 942/186/93 
f 942/186/93 2291/186/155 2290/186/154 
f 2289/370/153 946/370/90 944/529/92 
f 944/529/92 2290/529/154 2289/370/153 
f 2264/370/152 948/370/88 946/370/90 
f 946/370/90 2289/370/153 2264/370/152 
f 2262/370/151 950/371/87 948/370/88 
f 948/370/88 2264/370/152 2262/370/151 
f 2263/370/133 679/371/29 950/371/87 
f 950/371/87 2262/370/151 2263/370/133 
f 2281/330/123 594/330/2 881/330/14 
f 881/330/14 2287/330/124 2281/330/123 
f 2283/332/126 598/332/4 595/330/1 
f 595/330/1 2280/330/125 2283/332/126 
f 2288/332/128 1636/332/15 599/332/3 
f 599/332/3 2282/332/127 2288/332/128 
f 2285/335/129 602/335/6 1636/335/15 
f 1636/335/15 2288/335/128 2285/335/129 
f 2286/5/165 606/5/117 603/335/5 
f 603/335/5 2284/5/130 2286/5/165 
f 2277/9/21 1638/9/21 611/9/20 
f 611/9/20 2276/9/20 2277/9/21 
f 2278/9/22 1640/9/22 1638/9/21 
f 1638/9/21 2277/9/21 2278/9/22 
f 2279/9/23 614/9/23 1640/9/22 
f 1640/9/22 2278/9/22 2279/9/23 
f 2296/330/143 883/330/60 1898/330/72 
f 1898/330/72 2300/330/144 2296/330/143 
f 2300/330/144 1898/330/72 1900/1092/73 
f 1900/1092/73 2301/1092/145 2300/330/144 
f 2301/1092/145 1900/1092/73 1902/1092/74 
f 1902/1092/74 2302/1092/146 2301/1092/145 
f 2302/505/146 1902/505/74 887/505/61 
f 887/505/61 2297/505/147 2302/505/146 
f 2298/187/148 886/505/62 891/187/75 
f 891/187/75 2299/187/166 2298/187/148 
f 2272/189/70 898/189/70 1904/189/81 
f 1904/189/81 2292/189/81 2272/189/70 
f 2292/9/81 1904/9/81 1906/5/82 
f 1906/5/82 2293/5/82 2292/9/81 
f 2293/5/82 1906/5/82 1908/5/84 
f 1908/5/84 2294/5/84 2293/5/82 
f 2294/5/84 1908/5/84 900/14/71 
f 900/14/71 2273/14/71 2294/5/84 
f 2303/329/134 593/329/2 592/329/1 
f 592/329/1 2304/329/135 2303/329/134 
f 2305/331/136 597/331/4 596/331/3 
f 596/331/3 2306/331/137 2305/331/136 
f 2307/333/139 601/334/6 600/333/5 
f 600/333/5 2308/333/140 2307/333/139 
f 2309/333/164 605/333/117 604/336/38 
f 604/336/38 2310/336/132 2309/333/164 
f 2310/336/132 604/336/38 608/336/8 
f 608/336/8 2311/336/8 2310/336/132 
f 2311/336/8 608/336/8 610/336/20 
f 610/336/20 2312/336/20 2311/336/8 
f 2313/337/23 613/337/23 612/337/10 
f 612/337/10 2314/337/10 2313/337/23 
f 2314/337/10 612/337/10 616/333/11 
f 616/333/11 2315/333/11 2314/337/10 
f 2315/333/11 616/333/11 618/338/12 
f 618/338/12 2316/338/12 2315/333/11 
f 2316/338/12 618/338/12 620/338/113 
f 620/338/113 2317/338/13 2316/338/12 
f 2318/329/151 879/329/59 878/329/27 
f 878/329/27 2319/329/133 2318/329/151 
f 2320/329/152 882/329/60 879/329/59 
f 879/329/59 2318/329/151 2320/329/152 
f 2321/504/157 885/504/62 884/503/61 
f 884/503/61 2322/504/156 2321/504/157 
f 2323/506/150 889/506/77 888/504/75 
f 888/504/75 2324/504/163 2323/506/150 
f 2325/506/67 892/506/67 889/506/77 
f 889/506/77 2323/506/150 2325/506/67 
f 2326/506/68 895/506/68 892/506/67 
f 892/506/67 2325/506/67 2326/506/68 
f 2327/506/69 897/506/69 895/506/68 
f 895/506/68 2326/506/68 2327/506/69 
f 2328/506/70 899/506/70 897/506/69 
f 897/506/69 2327/506/69 2328/506/70 
f 2317/338/13 620/338/113 901/338/71 
f 901/338/71 2329/338/71 2317/338/13 
f 2330/640/125 1118/640/1 1117/640/2 
f 1117/640/2 2331/640/123 2330/640/125 
f 2332/642/127 1122/642/3 1121/642/4 
f 1121/642/4 2333/642/126 2332/642/127 
f 2334/333/130 1126/333/5 1125/644/6 
f 1125/644/6 2335/644/129 2334/333/130 
f 2311/336/8 1130/336/8 1129/336/38 
f 1129/336/38 2310/336/132 2311/336/8 
f 2315/333/11 1134/333/11 1133/337/10 
f 1133/337/10 2314/337/10 2315/333/11 
f 2317/338/13 1138/338/13 1137/338/12 
f 1137/338/12 2316/338/12 2317/338/13 
f 2336/640/124 1386/640/27 1385/640/59 
f 1385/640/59 2337/640/142 2336/640/124 
f 2337/640/142 1385/640/59 1389/640/60 
f 1389/640/60 2338/640/143 2337/640/142 
f 2339/804/147 1392/804/61 1391/504/62 
f 1391/504/62 2340/504/148 2339/804/147 
f 2341/504/166 1396/504/75 1395/506/77 
f 1395/506/77 2323/506/150 2341/504/166 
f 2323/506/150 1395/506/77 1399/506/67 
f 1399/506/67 2325/506/67 2323/506/150 
f 2325/506/67 1399/506/67 1401/506/68 
f 1401/506/68 2326/506/68 2325/506/67 
f 2326/506/68 1401/506/68 1403/506/69 
f 1403/506/69 2327/506/69 2326/506/68 
f 2327/506/69 1403/506/69 1405/506/70 
f 1405/506/70 2328/506/70 2327/506/69 
f 2329/338/71 1407/338/71 1138/338/13 
f 1138/338/13 2317/338/13 2329/338/71 
f 2331/640/123 1117/640/2 1386/640/27 
f 1386/640/27 2336/640/124 2331/640/123 
f 2333/642/126 1121/642/4 1118/640/1 
f 1118/640/1 2330/640/125 2333/642/126 
f 2342/642/128 1625/642/15 1122/642/3 
f 1122/642/3 2332/642/127 2342/642/128 
f 2335/644/129 1125/644/6 1625/644/15 
f 1625/644/15 2342/644/128 2335/644/129 
f 2343/333/165 1627/333/117 1126/333/5 
f 1126/333/5 2334/333/130 2343/333/165 
f 2310/336/132 1129/336/38 1627/333/117 
f 1627/333/117 2343/333/165 2310/336/132 
f 2312/336/20 1628/336/20 1130/336/8 
f 1130/336/8 2311/336/8 2312/336/20 
f 2344/336/21 1630/336/21 1628/336/20 
f 1628/336/20 2312/336/20 2344/336/21 
f 2345/336/22 1632/336/22 1630/336/21 
f 1630/336/21 2344/336/21 2345/336/22 
f 2313/337/23 1634/337/23 1632/337/22 
f 1632/337/22 2345/337/22 2313/337/23 
f 2314/337/10 1133/337/10 1634/337/23 
f 1634/337/23 2313/337/23 2314/337/10 
f 2316/338/12 1137/338/12 1134/333/11 
f 1134/333/11 2315/333/11 2316/338/12 
f 2319/329/133 878/329/27 593/329/2 
f 593/329/2 2303/329/134 2319/329/133 
f 2304/329/135 592/329/1 597/331/4 
f 597/331/4 2305/331/136 2304/329/135 
f 2306/331/137 596/331/3 1637/331/15 
f 1637/331/15 2346/331/138 2306/331/137 
f 2346/334/138 1637/334/15 601/334/6 
f 601/334/6 2307/333/139 2346/334/138 
f 2308/333/140 600/333/5 605/333/117 
f 605/333/117 2309/333/164 2308/333/140 
f 2312/336/20 610/336/20 1639/336/21 
f 1639/336/21 2344/336/21 2312/336/20 
f 2344/336/21 1639/336/21 1641/336/22 
f 1641/336/22 2345/336/22 2344/336/21 
f 2345/337/22 1641/337/22 613/337/23 
f 613/337/23 2313/337/23 2345/337/22 
f 2303/958/134 1665/957/28 1664/957/29 
f 1664/957/29 2319/958/133 2303/958/134 
f 2304/958/135 1667/958/30 1665/957/28 
f 1665/957/28 2303/958/134 2304/958/135 
f 2305/960/136 1669/960/32 1667/958/30 
f 1667/958/30 2304/958/135 2305/960/136 
f 2306/960/137 1671/960/33 1669/960/32 
f 1669/960/32 2305/960/136 2306/960/137 
f 2346/334/138 1673/334/34 1671/334/33 
f 1671/334/33 2306/334/137 2346/334/138 
f 2307/333/139 1675/333/35 1673/334/34 
f 1673/334/34 2346/334/138 2307/333/139 
f 2308/333/140 1677/333/36 1675/333/35 
f 1675/333/35 2307/333/139 2308/333/140 
f 2309/333/164 1679/333/37 1677/333/36 
f 1677/333/36 2308/333/140 2309/333/164 
f 2310/336/132 1681/333/38 1679/333/37 
f 1679/333/37 2309/333/164 2310/336/132 
f 2343/333/165 1682/333/39 1681/333/38 
f 1681/333/38 2310/336/132 2343/333/165 
f 2334/333/130 1684/333/40 1682/333/39 
f 1682/333/39 2343/333/165 2334/333/130 
f 2335/644/129 1686/644/41 1684/333/40 
f 1684/333/40 2334/333/130 2335/644/129 
f 2342/644/128 1688/644/42 1686/644/41 
f 1686/644/41 2335/644/129 2342/644/128 
f 2332/644/127 1690/644/43 1688/644/42 
f 1688/644/42 2342/644/128 2332/644/127 
f 2333/964/126 1692/964/44 1690/964/43 
f 1690/964/43 2332/964/127 2333/964/126 
f 2330/966/125 1694/966/45 1692/964/44 
f 1692/964/44 2333/964/126 2330/966/125 
f 2331/966/123 1696/968/46 1694/966/45 
f 1694/966/45 2330/966/125 2331/966/123 
f 2336/966/124 1699/968/47 1696/968/46 
f 1696/968/46 2331/966/123 2336/966/124 
f 2338/640/143 1389/640/60 1887/640/72 
f 1887/640/72 2347/640/144 2338/640/143 
f 2347/640/144 1887/640/72 1889/1091/73 
f 1889/1091/73 2348/1091/145 2347/640/144 
f 2348/1091/145 1889/1091/73 1891/1091/74 
f 1891/1091/74 2349/1091/146 2348/1091/145 
f 2349/804/146 1891/804/74 1392/804/61 
f 1392/804/61 2339/804/147 2349/804/146 
f 2340/504/148 1391/504/62 1396/504/75 
f 1396/504/75 2341/504/166 2340/504/148 
f 2328/336/70 1405/336/70 1893/336/81 
f 1893/336/81 2350/336/81 2328/336/70 
f 2350/336/81 1893/336/81 1895/333/82 
f 1895/333/82 2351/333/82 2350/336/81 
f 2351/333/82 1895/333/82 1897/333/84 
f 1897/333/84 2352/333/84 2351/333/82 
f 2352/333/84 1897/333/84 1407/338/71 
f 1407/338/71 2329/338/71 2352/333/84 
f 2353/329/153 1899/329/72 882/329/60 
f 882/329/60 2320/329/152 2353/329/153 
f 2354/1093/154 1901/1093/73 1899/329/72 
f 1899/329/72 2353/329/153 2354/1093/154 
f 2355/1093/155 1903/1093/74 1901/1093/73 
f 1901/1093/73 2354/1093/154 2355/1093/155 
f 2322/504/156 884/503/61 1903/503/74 
f 1903/503/74 2355/503/155 2322/504/156 
f 2324/504/163 888/504/75 885/504/62 
f 885/504/62 2321/504/157 2324/504/163 
f 2350/336/81 1905/336/81 899/336/70 
f 899/336/70 2328/336/70 2350/336/81 
f 2351/333/82 1907/333/82 1905/336/81 
f 1905/336/81 2350/336/81 2351/333/82 
f 2352/333/84 1909/333/84 1907/333/82 
f 1907/333/82 2351/333/82 2352/333/84 
f 2329/338/71 901/338/71 1909/333/84 
f 1909/333/84 2352/333/84 2329/338/71 
f 2319/958/133 1664/957/29 1927/957/87 
f 1927/957/87 2318/958/151 2319/958/133 
f 2318/958/151 1927/957/87 1929/958/88 
f 1929/958/88 2320/958/152 2318/958/151 
f 2320/958/152 1929/958/88 1931/958/90 
f 1931/958/90 2353/958/153 2320/958/152 
f 2353/958/153 1931/958/90 1933/1111/92 
f 1933/1111/92 2354/1111/154 2353/958/153 
f 2354/503/154 1933/503/92 1935/503/93 
f 1935/503/93 2355/503/155 2354/503/154 
f 2355/503/155 1935/503/93 1937/504/94 
f 1937/504/94 2322/504/156 2355/503/155 
f 2322/504/156 1937/504/94 1939/504/95 
f 1939/504/95 2321/504/157 2322/504/156 
f 2321/504/157 1939/504/95 1941/504/96 
f 1941/504/96 2324/504/163 2321/504/157 
f 2324/504/163 1941/504/96 1943/504/77 
f 1943/504/77 2323/506/150 2324/504/163 
f 2323/506/150 1943/504/77 1945/504/97 
f 1945/504/97 2341/504/166 2323/506/150 
f 2341/504/166 1945/504/97 1947/504/98 
f 1947/504/98 2340/504/148 2341/504/166 
f 2340/504/148 1947/504/98 1949/804/99 
f 1949/804/99 2339/804/147 2340/504/148 
f 2339/804/147 1949/804/99 1951/804/100 
f 1951/804/100 2349/804/146 2339/804/147 
f 2349/804/146 1951/804/100 1953/804/101 
f 1953/804/101 2348/804/145 2349/804/146 
f 2348/1116/145 1953/1116/101 1955/966/102 
f 1955/966/102 2347/966/144 2348/1116/145 
f 2347/966/144 1955/966/102 1957/966/103 
f 1957/966/103 2338/966/143 2347/966/144 
f 2338/966/143 1957/966/103 1959/968/104 
f 1959/968/104 2337/966/142 2338/966/143 
f 2337/966/142 1959/968/104 1699/968/47 
f 1699/968/47 2336/966/124 2337/966/142 
f 2356/641/134 1120/641/2 1119/641/1 
f 1119/641/1 2357/641/135 2356/641/134 
f 2358/643/136 1124/643/119 1123/643/3 
f 1123/643/3 2359/643/137 2358/643/136 
f 2360/645/139 1128/646/6 1127/645/5 
f 1127/645/5 2361/645/140 2360/645/139 
f 2362/647/167 1132/647/38 1131/647/8 
f 1131/647/8 2363/647/168 2362/647/167 
f 2364/648/169 1136/648/10 1135/646/11 
f 1135/646/11 2365/646/170 2364/648/169 
f 2366/649/171 1140/649/12 1139/649/13 
f 1139/649/13 2367/649/172 2366/649/171 
f 2368/1235/47 1164/671/47 1163/671/46 
f 1163/671/46 2369/1235/46 2368/1235/47 
f 2369/1235/46 1163/671/46 1166/671/45 
f 1166/671/45 2370/1235/45 2369/1235/46 
f 2370/1235/45 1166/671/45 1168/673/44 
f 1168/673/44 2371/1237/44 2370/1235/45 
f 2371/1237/44 1168/673/44 1170/673/43 
f 1170/673/43 2372/1237/43 2371/1237/44 
f 2372/1239/43 1170/675/43 1172/675/42 
f 1172/675/42 2373/1239/42 2372/1239/43 
f 2373/1239/42 1172/675/42 1174/675/41 
f 1174/675/41 2374/1239/41 2373/1239/42 
f 2374/1239/41 1174/675/41 1176/645/40 
f 1176/645/40 2375/647/40 2374/1239/41 
f 2375/647/40 1176/645/40 1178/645/39 
f 1178/645/39 2376/647/39 2375/647/40 
f 2376/647/39 1178/645/39 1180/645/38 
f 1180/645/38 2362/647/167 2376/647/39 
f 2362/647/167 1180/645/38 1182/645/37 
f 1182/645/37 2377/645/164 2362/647/167 
f 2377/645/164 1182/645/37 1184/645/36 
f 1184/645/36 2361/645/140 2377/645/164 
f 2361/645/140 1184/645/36 1186/645/35 
f 1186/645/35 2360/645/139 2361/645/140 
f 2360/645/139 1186/645/35 1188/646/34 
f 1188/646/34 2378/646/138 2360/645/139 
f 2378/646/138 1188/646/34 1190/646/33 
f 1190/646/33 2359/646/137 2378/646/138 
f 2359/679/137 1190/679/33 1192/679/32 
f 1192/679/32 2358/679/136 2359/679/137 
f 2358/679/136 1192/679/32 1194/681/30 
f 1194/681/30 2357/681/135 2358/679/136 
f 2357/681/135 1194/681/30 1196/682/28 
f 1196/682/28 2356/681/134 2357/681/135 
f 2356/681/134 1196/682/28 1198/682/29 
f 1198/682/29 2379/681/133 2356/681/134 
f 2380/641/151 1388/641/59 1387/641/14 
f 1387/641/14 2379/641/133 2380/641/151 
f 2381/641/152 1390/641/121 1388/641/59 
f 1388/641/59 2380/641/151 2381/641/152 
f 2382/806/157 1394/806/62 1393/805/61 
f 1393/805/61 2383/806/156 2382/806/157 
f 2384/807/173 1398/807/77 1397/806/75 
f 1397/806/75 2385/806/163 2384/807/173 
f 2386/807/174 1400/807/67 1398/807/77 
f 1398/807/77 2384/807/173 2386/807/174 
f 2387/807/175 1402/807/68 1400/807/67 
f 1400/807/67 2386/807/174 2387/807/175 
f 2388/807/176 1404/808/69 1402/807/68 
f 1402/807/68 2387/807/175 2388/807/176 
f 2389/808/177 1406/808/70 1404/808/69 
f 1404/808/69 2388/807/176 2389/808/177 
f 2367/649/172 1139/649/13 1408/649/71 
f 1408/649/71 2390/649/178 2367/649/172 
f 2391/1235/104 1426/671/104 1164/671/47 
f 1164/671/47 2368/1235/47 2391/1235/104 
f 2392/1235/103 1428/671/103 1426/671/104 
f 1426/671/104 2391/1235/104 2392/1235/103 
f 2393/1235/102 1430/671/102 1428/671/103 
f 1428/671/103 2392/1235/103 2393/1235/102 
f 2394/1234/101 1432/826/101 1430/671/102 
f 1430/671/102 2393/1235/102 2394/1234/101 
f 2395/1231/100 1434/828/100 1432/828/101 
f 1432/828/101 2394/1231/101 2395/1231/100 
f 2396/1231/99 1436/828/99 1434/828/100 
f 1434/828/100 2395/1231/100 2396/1231/99 
f 2397/807/98 1438/806/98 1436/828/99 
f 1436/828/99 2396/1231/99 2397/807/98 
f 2398/807/97 1440/806/97 1438/806/98 
f 1438/806/98 2397/807/98 2398/807/97 
f 2384/807/173 1442/806/77 1440/806/97 
f 1440/806/97 2398/807/97 2384/807/173 
f 2385/806/163 1443/806/96 1442/806/77 
f 1442/806/77 2384/807/173 2385/806/163 
f 2382/806/157 1445/806/95 1443/806/96 
f 1443/806/96 2385/806/163 2382/806/157 
f 2383/806/156 1447/806/94 1445/806/95 
f 1445/806/95 2382/806/157 2383/806/156 
f 2399/805/155 1449/805/93 1447/806/94 
f 1447/806/94 2383/806/156 2399/805/155 
f 2400/805/154 1451/805/92 1449/805/93 
f 1449/805/93 2399/805/155 2400/805/154 
f 2401/681/153 1453/681/90 1451/832/92 
f 1451/832/92 2400/832/154 2401/681/153 
f 2381/681/152 1455/681/88 1453/681/90 
f 1453/681/90 2401/681/153 2381/681/152 
f 2380/681/151 1457/682/87 1455/681/88 
f 1455/681/88 2381/681/152 2380/681/151 
f 2379/681/133 1198/682/29 1457/682/87 
f 1457/682/87 2380/681/151 2379/681/133 
f 2379/641/133 1387/641/14 1120/641/2 
f 1120/641/2 2356/641/134 2379/641/133 
f 2357/641/135 1119/641/1 1124/643/119 
f 1124/643/119 2358/643/136 2357/641/135 
f 2359/643/137 1123/643/3 1624/643/15 
f 1624/643/15 2378/643/138 2359/643/137 
f 2378/646/138 1624/646/15 1128/646/6 
f 1128/646/6 2360/645/139 2378/646/138 
f 2361/645/140 1127/645/5 1626/645/117 
f 1626/645/117 2377/645/164 2361/645/140 
f 2377/645/164 1626/645/117 1132/647/38 
f 1132/647/38 2362/647/167 2377/645/164 
f 2363/647/168 1131/647/8 1629/647/20 
f 1629/647/20 2402/647/179 2363/647/168 
f 2402/647/179 1629/647/20 1631/935/21 
f 1631/935/21 2403/647/180 2402/647/179 
f 2403/647/180 1631/935/21 1633/935/22 
f 1633/935/22 2404/935/181 2403/647/180 
f 2404/935/181 1633/935/22 1635/935/23 
f 1635/935/23 2405/935/182 2404/935/181 
f 2405/648/182 1635/648/23 1136/648/10 
f 1136/648/10 2364/648/169 2405/648/182 
f 2365/646/170 1135/646/11 1140/649/12 
f 1140/649/12 2366/649/171 2365/646/170 
f 2401/641/153 1886/641/72 1390/641/121 
f 1390/641/121 2381/641/152 2401/641/153 
f 2400/1090/154 1888/1090/73 1886/641/72 
f 1886/641/72 2401/641/153 2400/1090/154 
f 2399/1090/155 1890/1090/74 1888/1090/73 
f 1888/1090/73 2400/1090/154 2399/1090/155 
f 2383/806/156 1393/805/61 1890/805/74 
f 1890/805/74 2399/805/155 2383/806/156 
f 2385/806/163 1397/806/75 1394/806/62 
f 1394/806/62 2382/806/157 2385/806/163 
f 2406/808/183 1892/808/81 1406/808/70 
f 1406/808/70 2389/808/177 2406/808/183 
f 2407/646/184 1894/646/82 1892/935/81 
f 1892/935/81 2406/935/183 2407/646/184 
f 2408/646/185 1896/646/84 1894/646/82 
f 1894/646/82 2407/646/184 2408/646/185 
f 2390/649/178 1408/649/71 1896/646/84 
f 1896/646/84 2408/646/185 2390/649/178 
f 2363/647/168 2178/647/58 2181/647/9 
f 2181/647/9 2362/647/167 2363/647/168 
f 2402/647/179 2182/647/52 2178/647/58 
f 2178/647/58 2363/647/168 2402/647/179 
f 2403/647/180 2184/647/51 2182/647/52 
f 2182/647/52 2402/647/179 2403/647/180 
f 2404/935/181 2186/935/57 2184/647/51 
f 2184/647/51 2403/647/180 2404/935/181 
f 2405/935/182 2188/935/33 2186/935/57 
f 2186/935/57 2404/935/181 2405/935/182 
f 2364/1221/169 2190/1221/31 2188/1221/33 
f 2188/1221/33 2405/1221/182 2364/1221/169 
f 2365/1225/170 2192/1223/30 2190/1221/31 
f 2190/1221/31 2364/1221/169 2365/1225/170 
f 2366/1223/171 2194/1223/28 2192/1223/30 
f 2192/1223/30 2365/1225/170 2366/1223/171 
f 2367/1223/172 2196/1223/29 2194/1223/28 
f 2194/1223/28 2366/1223/171 2367/1223/172 
f 2390/1223/178 2199/1223/87 2196/1223/29 
f 2196/1223/29 2367/1223/172 2390/1223/178 
f 2408/1225/185 2201/1223/88 2199/1223/87 
f 2199/1223/87 2390/1223/178 2408/1225/185 
f 2407/1225/184 2203/1225/89 2201/1223/88 
f 2201/1223/88 2408/1225/185 2407/1225/184 
f 2406/1227/183 2205/1227/91 2203/1225/89 
f 2203/1225/89 2407/1225/184 2406/1227/183 
f 2389/808/177 2207/808/115 2205/808/91 
f 2205/808/91 2406/808/183 2389/808/177 
f 2388/807/176 2209/807/107 2207/808/115 
f 2207/808/115 2389/808/177 2388/807/176 
f 2387/807/175 2211/807/108 2209/807/107 
f 2209/807/107 2388/807/176 2387/807/175 
f 2386/807/174 2213/807/96 2211/807/108 
f 2211/807/108 2387/807/175 2386/807/174 
f 2384/807/173 2215/807/77 2213/807/96 
f 2213/807/96 2386/807/174 2384/807/173 
f 2398/807/97 2217/807/97 2215/807/77 
f 2215/807/77 2384/807/173 2398/807/97 
f 2397/807/98 2219/807/98 2217/807/97 
f 2217/807/97 2398/807/97 2397/807/98 
f 2396/1231/99 2221/1231/99 2219/807/98 
f 2219/807/98 2397/807/98 2396/1231/99 
f 2395/1231/100 2223/1231/100 2221/1231/99 
f 2221/1231/99 2396/1231/99 2395/1231/100 
f 2394/1231/101 2225/1231/101 2223/1231/100 
f 2223/1231/100 2395/1231/100 2394/1231/101 
f 2393/1235/102 2227/1235/102 2225/1234/101 
f 2225/1234/101 2394/1234/101 2393/1235/102 
f 2392/1235/103 2229/1235/103 2227/1235/102 
f 2227/1235/102 2393/1235/102 2392/1235/103 
f 2391/1235/104 2231/1235/104 2229/1235/103 
f 2229/1235/103 2392/1235/103 2391/1235/104 
f 2368/1235/47 2233/1235/47 2231/1235/104 
f 2231/1235/104 2391/1235/104 2368/1235/47 
f 2369/1235/46 2235/1235/46 2233/1235/47 
f 2233/1235/47 2368/1235/47 2369/1235/46 
f 2370/1235/45 2237/1235/45 2235/1235/46 
f 2235/1235/46 2369/1235/46 2370/1235/45 
f 2371/1237/44 2239/1237/44 2237/1235/45 
f 2237/1235/45 2370/1235/45 2371/1237/44 
f 2372/1237/43 2241/1237/43 2239/1237/44 
f 2239/1237/44 2371/1237/44 2372/1237/43 
f 2373/1239/42 2243/1239/42 2241/1239/43 
f 2241/1239/43 2372/1239/43 2373/1239/42 
f 2374/1239/41 2245/1239/41 2243/1239/42 
f 2243/1239/42 2373/1239/42 2374/1239/41 
f 2375/647/40 2247/647/40 2245/1239/41 
f 2245/1239/41 2374/1239/41 2375/647/40 
f 2376/647/39 2249/647/161 2247/647/40 
f 2247/647/40 2375/647/40 2376/647/39 
f 2362/647/167 2181/647/9 2249/647/161 
f 2249/647/161 2376/647/39 2362/647/167 
f 2409/1240/116 2410/1241/109 2411/1242/77 
f 2411/1242/77 2412/1243/116 2409/1240/116 
f 2413/1244/108 2409/1240/116 2412/1243/116 
f 2412/1243/116 2414/1245/108 2413/1244/108 
f 2415/1246/107 2413/1244/108 2414/1245/108 
f 2414/1245/108 2416/1247/107 2415/1246/107 
f 2417/1248/115 2415/1246/107 2416/1247/107 
f 2416/1247/107 2418/1249/115 2417/1248/115 
f 2419/1250/91 2417/1248/115 2418/1249/115 
f 2418/1249/115 2420/1251/91 2419/1250/91 
f 2421/1252/89 2419/1250/91 2420/1251/91 
f 2420/1251/91 2422/1253/89 2421/1252/89 
f 2423/1254/88 2421/1252/89 2422/1253/89 
f 2422/1253/89 2424/1255/88 2423/1254/88 
f 2425/1256/186 2423/1254/88 2424/1255/88 
f 2424/1255/88 2426/1257/186 2425/1256/186 
f 2427/1258/29 2425/1256/186 2426/1257/186 
f 2426/1257/186 2428/1259/29 2427/1258/29 
f 2429/1260/187 2427/1261/29 2428/1262/29 
f 2428/1262/29 2430/1263/187 2429/1260/187 
f 2431/1264/30 2429/1260/187 2430/1263/187 
f 2430/1263/187 2432/1265/30 2431/1264/30 
f 2433/1266/31 2431/1264/30 2432/1265/30 
f 2432/1265/30 2434/1267/31 2433/1266/31 
f 2435/1268/33 2433/1266/31 2434/1267/31 
f 2434/1267/31 2436/1269/33 2435/1268/33 
f 2437/1270/57 2435/1268/33 2436/1269/33 
f 2436/1269/33 2438/1271/57 2437/1270/57 
f 2439/1272/51 2437/1270/57 2438/1271/57 
f 2438/1271/57 2440/1273/51 2439/1272/51 
f 2441/1274/52 2439/1272/51 2440/1273/51 
f 2440/1273/51 2442/1275/52 2441/1274/52 
f 2443/1276/58 2441/1274/52 2442/1275/52 
f 2442/1275/52 2444/1277/37 2443/1276/58 
f 2445/1278/18 2443/1276/58 2444/1277/37 
f 2444/1277/37 2446/1279/18 2445/1278/18 
f 2447/1280/39 2445/1278/18 2446/1279/18 
f 2446/1279/18 2448/1281/39 2447/1280/39 
f 2449/1282/40 2447/1280/39 2448/1281/39 
f 2448/1281/39 2450/1283/40 2449/1282/40 
f 2451/1284/41 2449/1282/40 2450/1283/40 
f 2450/1283/40 2452/1285/41 2451/1284/41 
f 2453/1286/42 2451/1284/41 2452/1285/41 
f 2452/1285/41 2454/1287/42 2453/1286/42 
f 2455/1288/43 2453/1286/42 2454/1287/42 
f 2454/1287/42 2456/1289/43 2455/1288/43 
f 2457/1290/44 2455/1288/43 2456/1289/43 
f 2456/1289/43 2458/1291/44 2457/1290/44 
f 2459/1292/45 2457/1290/44 2458/1291/44 
f 2458/1291/44 2460/1293/45 2459/1292/45 
f 2461/1294/188 2459/1292/45 2460/1293/45 
f 2460/1293/45 2462/1295/189 2461/1294/188 
f 2463/1296/190 2461/1294/188 2462/1295/189 
f 2462/1295/189 2464/1297/191 2463/1296/190 
f 2465/1298/192 2463/1296/190 2464/1297/191 
f 2464/1297/191 2466/1299/193 2465/1298/192 
f 2467/1300/103 2465/1298/192 2466/1299/193 
f 2466/1299/193 2468/1301/103 2467/1300/103 
f 2469/1302/102 2467/1300/103 2468/1301/103 
f 2468/1301/103 2470/1303/102 2469/1302/102 
f 2471/1304/101 2469/1302/102 2470/1303/102 
f 2470/1303/102 2472/1305/101 2471/1304/101 
f 2473/1306/100 2471/1304/101 2472/1305/101 
f 2472/1305/101 2474/1307/100 2473/1306/100 
f 2475/1308/99 2473/1306/100 2474/1307/100 
f 2474/1307/100 2476/1309/99 2475/1308/99 
f 2477/1310/98 2475/1308/99 2476/1309/99 
f 2476/1309/99 2478/1311/98 2477/1310/98 
f 2479/1312/97 2477/1310/98 2478/1311/98 
f 2478/1311/98 2480/1313/97 2479/1312/97 
f 2410/1241/109 2479/1312/97 2480/1313/97 
f 2480/1313/97 2411/1242/77 2410/1241/109 
f 2481/1314/116 2482/1315/109 2483/1315/77 
f 2483/1315/77 2484/1314/116 2481/1314/116 
f 2485/1316/108 2481/1314/116 2484/1314/116 
f 2484/1314/116 2486/1316/108 2485/1316/108 
f 2487/1317/107 2485/1316/108 2486/1316/108 
f 2486/1316/108 2488/1317/107 2487/1317/107 
f 2489/1318/115 2487/1317/107 2488/1317/107 
f 2488/1317/107 2490/1318/115 2489/1318/115 
f 2491/1319/91 2489/1320/115 2490/1320/115 
f 2490/1320/115 2492/1319/91 2491/1319/91 
f 2493/1321/89 2491/1319/91 2492/1319/91 
f 2492/1319/91 2494/1321/89 2493/1321/89 
f 2495/1322/88 2493/1321/89 2494/1321/89 
f 2494/1321/89 2496/1322/88 2495/1322/88 
f 2497/1323/186 2495/1322/88 2496/1322/88 
f 2496/1322/88 2498/1323/186 2497/1323/186 
f 2499/1324/29 2497/1323/186 2498/1323/186 
f 2498/1323/186 2500/1324/29 2499/1324/29 
f 2501/1325/187 2499/1324/29 2500/1324/29 
f 2500/1324/29 2502/1325/187 2501/1325/187 
f 2503/1326/30 2501/1325/187 2502/1325/187 
f 2502/1325/187 2504/1326/30 2503/1326/30 
f 2505/1327/31 2503/1326/30 2504/1326/30 
f 2504/1326/30 2506/1327/31 2505/1327/31 
f 2507/1328/33 2505/1327/31 2506/1327/31 
f 2506/1327/31 2508/1328/33 2507/1328/33 
f 2509/1329/57 2507/1330/33 2508/1330/33 
f 2508/1330/33 2510/1329/57 2509/1329/57 
f 2511/1331/51 2509/1329/57 2510/1329/57 
f 2510/1329/57 2512/1331/51 2511/1331/51 
f 2513/1332/52 2511/1331/51 2512/1331/51 
f 2512/1331/51 2514/1332/52 2513/1332/52 
f 2515/1333/58 2513/1332/52 2514/1332/52 
f 2514/1332/52 2516/1333/58 2515/1333/58 
f 2517/1334/38 2515/1333/58 2516/1333/58 
f 2516/1333/58 2518/1334/9 2517/1334/38 
f 2519/1335/39 2517/1334/38 2518/1334/9 
f 2518/1334/9 2520/1335/39 2519/1335/39 
f 2521/1336/40 2519/1335/39 2520/1335/39 
f 2520/1335/39 2522/1336/40 2521/1336/40 
f 2523/1337/41 2521/1336/40 2522/1336/40 
f 2522/1336/40 2524/1337/41 2523/1337/41 
f 2525/1338/42 2523/1337/41 2524/1337/41 
f 2524/1337/41 2526/1338/42 2525/1338/42 
f 2527/1339/43 2525/1338/42 2526/1338/42 
f 2526/1338/42 2528/1339/43 2527/1339/43 
f 2529/1340/44 2527/1341/43 2528/1341/43 
f 2528/1341/43 2530/1340/44 2529/1340/44 
f 2531/1342/45 2529/1340/44 2530/1340/44 
f 2530/1340/44 2532/1342/45 2531/1342/45 
f 2533/1343/189 2531/1342/45 2532/1342/45 
f 2532/1342/45 2534/1343/189 2533/1343/189 
f 2535/1344/47 2533/1343/189 2534/1343/189 
f 2534/1343/189 2536/1344/47 2535/1344/47 
f 2537/1345/193 2535/1344/47 2536/1344/47 
f 2536/1344/47 2538/1345/193 2537/1345/193 
f 2539/1346/103 2537/1345/193 2538/1345/193 
f 2538/1345/193 2540/1346/103 2539/1346/103 
f 2541/1347/102 2539/1346/103 2540/1346/103 
f 2540/1346/103 2542/1347/102 2541/1347/102 
f 2543/1348/101 2541/1347/102 2542/1347/102 
f 2542/1347/102 2544/1348/101 2543/1348/101 
f 2545/1349/100 2543/1348/101 2544/1348/101 
f 2544/1348/101 2546/1349/100 2545/1349/100 
f 2547/1350/99 2545/1351/100 2546/1351/100 
f 2546/1351/100 2548/1350/99 2547/1350/99 
f 2549/1352/98 2547/1350/99 2548/1350/99 
f 2548/1350/99 2550/1352/98 2549/1352/98 
f 2551/1353/97 2549/1352/98 2550/1352/98 
f 2550/1352/98 2552/1353/97 2551/1353/97 
f 2482/1315/109 2551/1353/97 2552/1353/97 
f 2552/1353/97 2483/1315/77 2482/1315/109 
s 2
f 2553/1354/14 2554/1355/14 2555/1356/14 
f 2555/1356/14 2556/1357/14 2553/1354/14 
f 2557/1358/27 2558/1359/26 2559/1360/27 
f 2559/1360/27 2560/1361/27 2557/1358/27 
f 2559/1360/27 2561/1362/14 2562/1363/14 
f 2562/1363/14 2560/1361/27 2559/1360/27 
f 2563/1364/86 2564/1365/27 2558/1359/26 
f 2558/1359/26 2557/1358/27 2563/1364/86 
f 2561/1362/14 2565/1366/27 2566/1367/86 
f 2566/1367/86 2562/1363/14 2561/1362/14 
f 2567/1368/27 2568/1369/14 2569/1370/27 
f 2569/1370/27 2570/1371/27 2567/1368/27 
f 2571/1372/27 2572/1373/27 2573/1374/14 
f 2573/1374/14 2574/1375/27 2571/1372/27 
f 2575/1376/27 2576/1377/27 2559/1360/27 
f 2559/1360/27 2558/1359/26 2575/1376/27 
f 2577/1378/27 2578/1379/14 2579/1380/27 
f 2579/1380/27 2580/1381/27 2577/1378/27 
f 2573/1374/14 2572/1373/27 2581/1382/14 
f 2581/1382/14 2582/1383/14 2573/1374/14 
f 2559/1360/27 2576/1377/27 2583/1384/14 
f 2583/1384/14 2561/1362/14 2559/1360/27 
f 2584/1385/14 2578/1379/14 2577/1378/27 
f 2577/1378/27 2585/1386/14 2584/1385/14 
f 2586/1387/27 2571/1372/27 2574/1375/27 
f 2574/1375/27 2587/1388/27 2586/1387/27 
f 2588/1389/27 2575/1376/27 2558/1359/26 
f 2558/1359/26 2564/1365/27 2588/1389/27 
f 2580/1381/27 2579/1380/27 2570/1371/27 
f 2570/1371/27 2569/1370/27 2580/1381/27 
f 2582/1383/14 2581/1382/14 2589/1390/14 
f 2589/1390/14 2590/1391/14 2582/1383/14 
f 2561/1362/14 2583/1384/14 2553/1354/14 
f 2553/1354/14 2565/1366/27 2561/1362/14 
f 2591/1392/14 2584/1385/14 2585/1386/14 
f 2585/1386/14 2592/1393/14 2591/1392/14 
f 2565/1366/27 2593/1394/14 2594/1395/14 
f 2594/1395/14 2566/1367/86 2565/1366/27 
f 2595/1396/27 2588/1389/27 2564/1365/27 
f 2564/1365/27 2596/1397/27 2595/1396/27 
f 2597/1398/27 2576/1377/27 2575/1376/27 
f 2575/1376/27 2598/1399/27 2597/1398/27 
f 2599/1400/27 2557/1358/27 2560/1361/27 
f 2560/1361/27 2600/1401/27 2599/1400/27 
f 2601/1402/14 2583/1384/14 2576/1377/27 
f 2576/1377/27 2597/1398/27 2601/1402/14 
f 2600/1401/27 2560/1361/27 2562/1363/14 
f 2562/1363/14 2602/1403/14 2600/1401/27 
f 2598/1399/27 2575/1376/27 2588/1389/27 
f 2588/1389/27 2603/1404/27 2598/1399/27 
f 2604/1405/14 2563/1364/86 2557/1358/27 
f 2557/1358/27 2599/1400/27 2604/1405/14 
f 2554/1355/14 2553/1354/14 2583/1384/14 
f 2583/1384/14 2601/1402/14 2554/1355/14 
f 2602/1403/14 2562/1363/14 2566/1367/86 
f 2566/1367/86 2605/1406/14 2602/1403/14 
f 2606/1407/14 2597/1398/27 2598/1399/27 
f 2598/1399/27 2607/1408/14 2606/1407/14 
f 2608/1409/14 2606/1407/14 2607/1408/14 
f 2607/1408/14 2609/1410/27 2608/1409/14 
f 2573/1374/14 2608/1409/14 2609/1410/27 
f 2609/1410/27 2574/1375/27 2573/1374/14 
f 2610/1411/27 2599/1400/27 2600/1401/27 
f 2600/1401/27 2611/1412/27 2610/1411/27 
f 2612/1413/27 2610/1411/27 2611/1412/27 
f 2611/1412/27 2613/1414/27 2612/1413/27 
f 2580/1381/27 2612/1413/27 2613/1414/27 
f 2613/1414/27 2577/1378/27 2580/1381/27 
f 2614/1415/14 2601/1402/14 2597/1398/27 
f 2597/1398/27 2606/1407/14 2614/1415/14 
f 2615/1416/14 2614/1415/14 2606/1407/14 
f 2606/1407/14 2608/1409/14 2615/1416/14 
f 2582/1383/14 2615/1416/14 2608/1409/14 
f 2608/1409/14 2573/1374/14 2582/1383/14 
f 2611/1412/27 2600/1401/27 2602/1403/14 
f 2602/1403/14 2616/1417/14 2611/1412/27 
f 2613/1414/27 2611/1412/27 2616/1417/14 
f 2616/1417/14 2617/1418/14 2613/1414/27 
f 2577/1378/27 2613/1414/27 2617/1418/14 
f 2617/1418/14 2585/1386/14 2577/1378/27 
f 2607/1408/14 2598/1399/27 2603/1404/27 
f 2603/1404/27 2618/1419/27 2607/1408/14 
f 2609/1410/27 2607/1408/14 2618/1419/27 
f 2618/1419/27 2619/1420/27 2609/1410/27 
f 2574/1375/27 2609/1410/27 2619/1420/27 
f 2619/1420/27 2587/1388/27 2574/1375/27 
f 2620/1421/14 2604/1405/14 2599/1400/27 
f 2599/1400/27 2610/1411/27 2620/1421/14 
f 2621/1422/14 2620/1421/14 2610/1411/27 
f 2610/1411/27 2612/1413/27 2621/1422/14 
f 2569/1370/27 2621/1422/14 2612/1413/27 
f 2612/1413/27 2580/1381/27 2569/1370/27 
f 2622/1423/14 2554/1355/14 2601/1402/14 
f 2601/1402/14 2614/1415/14 2622/1423/14 
f 2623/1424/14 2622/1423/14 2614/1415/14 
f 2614/1415/14 2615/1416/14 2623/1424/14 
f 2590/1391/14 2623/1424/14 2615/1416/14 
f 2615/1416/14 2582/1383/14 2590/1391/14 
f 2616/1417/14 2602/1403/14 2605/1406/14 
f 2605/1406/14 2624/1425/14 2616/1417/14 
f 2617/1418/14 2616/1417/14 2624/1425/14 
f 2624/1425/14 2625/1426/14 2617/1418/14 
f 2585/1386/14 2617/1418/14 2625/1426/14 
f 2625/1426/14 2592/1393/14 2585/1386/14 
f 2626/1427/27 2603/1404/27 2588/1389/27 
f 2588/1389/27 2595/1396/27 2626/1427/27 
f 2627/1428/27 2618/1419/27 2603/1404/27 
f 2603/1404/27 2626/1427/27 2627/1428/27 
f 2628/1429/27 2619/1420/27 2618/1419/27 
f 2618/1419/27 2627/1428/27 2628/1429/27 
f 2629/1430/27 2587/1388/27 2619/1420/27 
f 2619/1420/27 2628/1429/27 2629/1430/27 
f 2630/1431/14 2586/1387/27 2587/1388/27 
f 2587/1388/27 2629/1430/27 2630/1431/14 
f 2564/1365/27 2563/1364/86 2631/1432/14 
f 2631/1432/14 2596/1397/27 2564/1365/27 
f 2563/1364/86 2604/1405/14 2632/1433/14 
f 2632/1433/14 2631/1432/14 2563/1364/86 
f 2604/1405/14 2620/1421/14 2633/1434/14 
f 2633/1434/14 2632/1433/14 2604/1405/14 
f 2620/1421/14 2621/1422/14 2634/1435/14 
f 2634/1435/14 2633/1434/14 2620/1421/14 
f 2621/1422/14 2569/1370/27 2568/1369/14 
f 2568/1369/14 2634/1435/14 2621/1422/14 
f 2592/1393/14 2635/1436/14 2636/1437/14 
f 2636/1437/14 2591/1392/14 2592/1393/14 
f 2625/1426/14 2637/1438/14 2635/1436/14 
f 2635/1436/14 2592/1393/14 2625/1426/14 
f 2624/1425/14 2638/1439/14 2637/1438/14 
f 2637/1438/14 2625/1426/14 2624/1425/14 
f 2605/1406/14 2639/1440/14 2638/1439/14 
f 2638/1439/14 2624/1425/14 2605/1406/14 
f 2566/1367/86 2594/1395/14 2639/1440/14 
f 2639/1440/14 2605/1406/14 2566/1367/86 
f 2565/1366/27 2553/1354/14 2556/1357/14 
f 2556/1357/14 2593/1394/14 2565/1366/27 
f 2554/1355/14 2622/1423/14 2640/1441/14 
f 2640/1441/14 2555/1356/14 2554/1355/14 
f 2622/1423/14 2623/1424/14 2641/1442/27 
f 2641/1442/27 2640/1441/14 2622/1423/14 
f 2623/1424/14 2590/1391/14 2642/1443/27 
f 2642/1443/27 2641/1442/27 2623/1424/14 
f 2590/1391/14 2589/1390/14 2643/1444/27 
f 2643/1444/27 2642/1443/27 2590/1391/14 
f 2644/1445/14 2645/1445/14 2646/1446/14 
f 2646/1446/14 2647/1447/27 2644/1445/14 
f 2648/1448/27 2649/1448/27 2645/1445/14 
f 2645/1445/14 2644/1445/14 2648/1448/27 
f 2650/1449/14 2651/1450/14 2649/1448/27 
f 2649/1448/27 2648/1448/27 2650/1449/14 
f 2652/1451/14 2653/1451/14 2651/1450/14 
f 2651/1450/14 2650/1449/14 2652/1451/14 
f 2654/1452/14 2655/1452/14 2653/1451/14 
f 2653/1451/14 2652/1451/14 2654/1452/14 
f 2656/1453/27 2657/1453/27 2655/1452/14 
f 2655/1452/14 2654/1452/14 2656/1453/27 
f 2658/1454/14 2659/1455/14 2657/1453/27 
f 2657/1453/27 2656/1453/27 2658/1454/14 
f 2660/1456/27 2661/1456/27 2659/1455/14 
f 2659/1455/14 2658/1454/14 2660/1456/27 
f 2662/1457/27 2663/1458/27 2661/1456/27 
f 2661/1456/27 2660/1456/27 2662/1457/27 
f 2664/1459/27 2665/1459/27 2663/1458/27 
f 2663/1458/27 2662/1457/27 2664/1459/27 
f 2666/1460/27 2667/1461/27 2665/1459/27 
f 2665/1459/27 2664/1459/27 2666/1460/27 
f 2668/1462/14 2669/1462/14 2667/1461/27 
f 2667/1461/27 2666/1460/27 2668/1462/14 
f 2670/1463/14 2671/1463/27 2669/1462/14 
f 2669/1462/14 2668/1462/14 2670/1463/14 
f 2672/1464/27 2673/1464/27 2671/1463/27 
f 2671/1463/27 2670/1463/14 2672/1464/27 
f 2674/1465/27 2675/1466/27 2673/1464/27 
f 2673/1464/27 2672/1464/27 2674/1465/27 
f 2676/1467/27 2677/1467/27 2675/1466/27 
f 2675/1466/27 2674/1465/27 2676/1467/27 
f 2678/1468/27 2679/1468/27 2677/1467/27 
f 2677/1467/27 2676/1467/27 2678/1468/27 
f 2680/1469/27 2681/1470/14 2679/1468/27 
f 2679/1468/27 2678/1468/27 2680/1469/27 
f 2682/1471/14 2683/1471/14 2681/1470/14 
f 2681/1470/14 2680/1469/27 2682/1471/14 
f 2684/1472/27 2685/1472/27 2683/1471/14 
f 2683/1471/14 2682/1471/14 2684/1472/27 
f 2686/1473/14 2687/1474/14 2685/1472/27 
f 2685/1472/27 2684/1472/27 2686/1473/14 
f 2688/1475/14 2689/1475/14 2687/1474/14 
f 2687/1474/14 2686/1473/14 2688/1475/14 
f 2690/1476/14 2691/1476/14 2689/1475/14 
f 2689/1475/14 2688/1475/14 2690/1476/14 
f 2692/1477/27 2693/1477/27 2691/1476/14 
f 2691/1476/14 2690/1476/14 2692/1477/27 
f 2694/1478/14 2695/1478/14 2693/1477/27 
f 2693/1477/27 2692/1477/27 2694/1478/14 
f 2696/1479/27 2697/1480/27 2695/1478/14 
f 2695/1478/14 2694/1478/14 2696/1479/27 
f 2698/1481/27 2699/1481/27 2697/1480/27 
f 2697/1480/27 2696/1479/27 2698/1481/27 
f 2700/1482/27 2701/1483/27 2699/1481/27 
f 2699/1481/27 2698/1481/27 2700/1482/27 
f 2702/1484/27 2703/1484/27 2701/1483/27 
f 2701/1483/27 2700/1482/27 2702/1484/27 
f 2704/1485/14 2705/1485/14 2703/1484/27 
f 2703/1484/27 2702/1484/27 2704/1485/14 
f 2706/1486/14 2707/1486/27 2705/1485/14 
f 2705/1485/14 2704/1485/14 2706/1486/14 
f 2708/1487/27 2709/1487/27 2707/1486/27 
f 2707/1486/27 2706/1486/14 2708/1487/27 
f 2710/1488/27 2711/1489/27 2709/1487/27 
f 2709/1487/27 2708/1487/27 2710/1488/27 
f 2712/1490/27 2713/1490/27 2711/1489/27 
f 2711/1489/27 2710/1488/27 2712/1490/27 
f 2714/1491/27 2715/1491/27 2713/1490/27 
f 2713/1490/27 2712/1490/27 2714/1491/27 
f 2647/1447/27 2646/1446/14 2715/1491/27 
f 2715/1491/27 2714/1491/27 2647/1447/27 
f 2716/1492/13 2717/1493/13 2718/1494/13 
f 2718/1494/13 2719/1495/13 2716/1492/13 
f 2720/1496/13 2716/1492/13 2719/1495/13 
f 2719/1495/13 2721/1497/13 2720/1496/13 
f 2722/1498/13 2720/1496/13 2721/1497/13 
f 2721/1497/13 2723/1499/13 2722/1498/13 
f 2724/1500/113 2722/1498/13 2723/1499/13 
f 2723/1499/13 2725/1501/13 2724/1500/113 
f 2726/1502/13 2724/1500/113 2725/1501/13 
f 2725/1501/13 2727/1503/113 2726/1502/13 
f 2728/1504/13 2726/1502/13 2727/1503/113 
f 2727/1503/113 2729/1505/13 2728/1504/13 
f 2730/1506/13 2728/1504/13 2729/1505/13 
f 2729/1505/13 2731/1507/13 2730/1506/13 
f 2732/1508/13 2730/1506/13 2731/1507/13 
f 2731/1507/13 2733/1509/13 2732/1508/13 
f 2734/1510/13 2732/1508/13 2733/1509/13 
f 2733/1509/13 2735/1511/13 2734/1510/13 
f 2736/1512/13 2734/1510/13 2735/1511/13 
f 2735/1511/13 2737/1513/13 2736/1512/13 
f 2738/1514/13 2736/1512/13 2737/1513/13 
f 2737/1513/13 2739/1515/13 2738/1514/13 
f 2740/1516/13 2738/1514/13 2739/1515/13 
f 2739/1515/13 2741/1517/13 2740/1516/13 
f 2742/1518/13 2740/1516/13 2741/1517/13 
f 2741/1517/13 2743/1519/13 2742/1518/13 
f 2744/1520/113 2742/1518/13 2743/1519/13 
f 2743/1519/13 2745/1521/13 2744/1520/113 
f 2746/1522/113 2744/1520/113 2745/1521/13 
f 2745/1521/13 2747/1523/13 2746/1522/113 
f 2748/1524/13 2746/1522/113 2747/1523/13 
f 2747/1523/13 2749/1525/113 2748/1524/13 
f 2750/1526/13 2748/1524/13 2749/1525/113 
f 2749/1525/113 2751/1527/113 2750/1526/13 
f 2752/1528/13 2750/1526/13 2751/1527/113 
f 2751/1527/113 2753/1529/13 2752/1528/13 
f 2754/1530/13 2752/1528/13 2753/1529/13 
f 2753/1529/13 2755/1531/13 2754/1530/13 
f 2756/1532/13 2754/1530/13 2755/1531/13 
f 2755/1531/13 2757/1533/13 2756/1532/13 
f 2758/1534/13 2756/1532/13 2757/1533/13 
f 2757/1533/13 2759/1535/13 2758/1534/13 
f 2760/1536/113 2758/1534/13 2759/1535/13 
f 2759/1535/13 2761/1537/13 2760/1536/113 
f 2762/1538/13 2760/1536/113 2761/1537/13 
f 2761/1537/13 2763/1539/113 2762/1538/13 
f 2764/1540/13 2762/1538/13 2763/1539/113 
f 2763/1539/113 2765/1541/13 2764/1540/13 
f 2766/1542/13 2764/1540/13 2765/1541/13 
f 2765/1541/13 2767/1543/13 2766/1542/13 
f 2768/1544/13 2766/1542/13 2767/1543/13 
f 2767/1543/13 2769/1545/13 2768/1544/13 
f 2770/1546/13 2768/1544/13 2769/1545/13 
f 2769/1545/13 2771/1547/13 2770/1546/13 
f 2772/1548/13 2770/1546/13 2771/1547/13 
f 2771/1547/13 2773/1549/13 2772/1548/13 
f 2774/1550/13 2772/1548/13 2773/1549/13 
f 2773/1549/13 2775/1551/13 2774/1550/13 
f 2776/1552/13 2774/1550/13 2775/1551/13 
f 2775/1551/13 2777/1553/13 2776/1552/13 
f 2778/1554/13 2776/1552/13 2777/1553/13 
f 2777/1553/13 2779/1555/13 2778/1554/13 
f 2780/1556/113 2778/1554/13 2779/1555/13 
f 2779/1555/13 2781/1557/13 2780/1556/113 
f 2782/1558/113 2780/1556/113 2781/1557/13 
f 2781/1557/13 2783/1559/13 2782/1558/113 
f 2784/1560/13 2782/1558/113 2783/1559/13 
f 2783/1559/13 2785/1561/113 2784/1560/13 
f 2786/1562/13 2784/1560/13 2785/1561/113 
f 2785/1561/113 2787/1563/113 2786/1562/13 
f 2717/1493/13 2786/1562/13 2787/1563/113 
f 2787/1563/113 2718/1494/13 2717/1493/13 
s 1
f 2644/1564/116 2647/1565/109 2788/1566/77 
f 2788/1566/77 2789/1567/116 2644/1564/116 
f 2648/1568/108 2644/1564/116 2789/1567/116 
f 2789/1567/116 2790/1569/108 2648/1568/108 
f 2650/1570/107 2648/1568/108 2790/1569/108 
f 2790/1569/108 2791/1571/107 2650/1570/107 
f 2652/1572/115 2650/1570/107 2791/1571/107 
f 2791/1571/107 2792/1573/115 2652/1572/115 
f 2654/1574/91 2652/1575/115 2792/1576/115 
f 2792/1576/115 2793/1577/91 2654/1574/91 
f 2656/1578/89 2654/1574/91 2793/1577/91 
f 2793/1577/91 2794/1579/89 2656/1578/89 
f 2658/1580/88 2656/1578/89 2794/1579/89 
f 2794/1579/89 2795/1581/88 2658/1580/88 
f 2660/1582/186 2658/1580/88 2795/1581/88 
f 2795/1581/88 2796/1583/186 2660/1582/186 
f 2662/1584/29 2660/1582/186 2796/1583/186 
f 2796/1583/186 2797/1585/29 2662/1584/29 
f 2664/1586/187 2662/1584/29 2797/1585/29 
f 2797/1585/29 2798/1587/187 2664/1586/187 
f 2666/1588/30 2664/1586/187 2798/1587/187 
f 2798/1587/187 2799/1589/30 2666/1588/30 
f 2668/1590/31 2666/1588/30 2799/1589/30 
f 2799/1589/30 2800/1591/31 2668/1590/31 
f 2670/1592/33 2668/1590/31 2800/1591/31 
f 2800/1591/31 2801/1593/33 2670/1592/33 
f 2672/1594/57 2670/1595/33 2801/1596/33 
f 2801/1596/33 2802/1597/57 2672/1594/57 
f 2674/1598/51 2672/1594/57 2802/1597/57 
f 2802/1597/57 2803/1599/51 2674/1598/51 
f 2676/1600/52 2674/1598/51 2803/1599/51 
f 2803/1599/51 2804/1601/52 2676/1600/52 
f 2678/1602/58 2676/1600/52 2804/1601/52 
f 2804/1601/52 2805/1603/58 2678/1602/58 
f 2680/1604/38 2678/1602/58 2805/1603/58 
f 2805/1603/58 2806/1605/9 2680/1604/38 
f 2682/1606/39 2680/1604/38 2806/1605/9 
f 2806/1605/9 2807/1607/39 2682/1606/39 
f 2684/1608/40 2682/1606/39 2807/1607/39 
f 2807/1607/39 2808/1609/40 2684/1608/40 
f 2686/1610/41 2684/1608/40 2808/1609/40 
f 2808/1609/40 2809/1611/41 2686/1610/41 
f 2688/1612/42 2686/1610/41 2809/1611/41 
f 2809/1611/41 2810/1613/42 2688/1612/42 
f 2690/1614/43 2688/1612/42 2810/1613/42 
f 2810/1613/42 2811/1615/43 2690/1614/43 
f 2692/1616/44 2690/1617/43 2811/1618/43 
f 2811/1618/43 2812/1619/44 2692/1616/44 
f 2694/1620/45 2692/1616/44 2812/1619/44 
f 2812/1619/44 2813/1621/45 2694/1620/45 
f 2696/1622/189 2694/1620/45 2813/1621/45 
f 2813/1621/45 2814/1623/189 2696/1622/189 
f 2698/1624/47 2696/1622/189 2814/1623/189 
f 2814/1623/189 2815/1625/47 2698/1624/47 
f 2700/1626/193 2698/1624/47 2815/1625/47 
f 2815/1625/47 2816/1627/193 2700/1626/193 
f 2702/1628/103 2700/1626/193 2816/1627/193 
f 2816/1627/193 2817/1629/103 2702/1628/103 
f 2704/1630/102 2702/1628/103 2817/1629/103 
f 2817/1629/103 2818/1631/102 2704/1630/102 
f 2706/1632/101 2704/1630/102 2818/1631/102 
f 2818/1631/102 2819/1633/101 2706/1632/101 
f 2708/1634/100 2706/1632/101 2819/1633/101 
f 2819/1633/101 2820/1635/100 2708/1634/100 
f 2710/1636/99 2708/1637/100 2820/1638/100 
f 2820/1638/100 2821/1639/99 2710/1636/99 
f 2712/1640/98 2710/1636/99 2821/1639/99 
f 2821/1639/99 2822/1641/98 2712/1640/98 
f 2714/1642/97 2712/1640/98 2822/1641/98 
f 2822/1641/98 2823/1643/97 2714/1642/97 
f 2647/1565/109 2714/1642/97 2823/1643/97 
f 2823/1643/97 2788/1566/77 2647/1565/109 
f 2824/1644/77 2825/1645/109 2826/1646/116 
f 2826/1646/116 2827/1647/116 2824/1644/77 
f 2827/1647/116 2826/1646/116 2828/1648/108 
f 2828/1648/108 2829/1649/108 2827/1647/116 
f 2829/1649/108 2828/1648/108 2830/1650/107 
f 2830/1650/107 2831/1651/107 2829/1649/108 
f 2831/1651/107 2830/1650/107 2832/1652/115 
f 2832/1652/115 2833/1653/115 2831/1651/107 
f 2833/1653/115 2832/1652/115 2834/1654/91 
f 2834/1654/91 2835/1655/91 2833/1653/115 
f 2835/1655/91 2834/1654/91 2836/1656/89 
f 2836/1656/89 2837/1657/89 2835/1655/91 
f 2837/1657/89 2836/1656/89 2838/1658/88 
f 2838/1658/88 2839/1659/88 2837/1657/89 
f 2839/1659/88 2838/1658/88 2840/1660/186 
f 2840/1660/186 2841/1661/186 2839/1659/88 
f 2841/1661/186 2840/1660/186 2842/1662/29 
f 2842/1662/29 2843/1663/29 2841/1661/186 
f 2843/1664/29 2842/1665/29 2844/1666/187 
f 2844/1666/187 2845/1667/187 2843/1664/29 
f 2845/1667/187 2844/1666/187 2846/1668/30 
f 2846/1668/30 2847/1669/30 2845/1667/187 
f 2847/1669/30 2846/1668/30 2848/1670/31 
f 2848/1670/31 2849/1671/31 2847/1669/30 
f 2849/1671/31 2848/1670/31 2850/1672/33 
f 2850/1672/33 2851/1673/33 2849/1671/31 
f 2851/1673/33 2850/1672/33 2852/1674/57 
f 2852/1674/57 2853/1675/57 2851/1673/33 
f 2853/1675/57 2852/1674/57 2854/1676/51 
f 2854/1676/51 2855/1677/51 2853/1675/57 
f 2855/1677/51 2854/1676/51 2856/1678/52 
f 2856/1678/52 2857/1679/52 2855/1677/51 
f 2857/1679/52 2856/1678/52 2858/1680/58 
f 2858/1680/58 2859/1681/58 2857/1679/52 
f 2859/1681/58 2858/1680/58 2860/1682/18 
f 2860/1682/18 2861/1683/53 2859/1681/58 
f 2861/1683/53 2860/1682/18 2862/1684/39 
f 2862/1684/39 2863/1685/39 2861/1683/53 
f 2863/1685/39 2862/1684/39 2864/1686/40 
f 2864/1686/40 2865/1687/40 2863/1685/39 
f 2865/1687/40 2864/1686/40 2866/1688/41 
f 2866/1688/41 2867/1689/41 2865/1687/40 
f 2867/1689/41 2866/1688/41 2868/1690/42 
f 2868/1690/42 2869/1691/42 2867/1689/41 
f 2869/1691/42 2868/1690/42 2870/1692/43 
f 2870/1692/43 2871/1693/43 2869/1691/42 
f 2871/1693/43 2870/1692/43 2872/1694/44 
f 2872/1694/44 2873/1695/44 2871/1693/43 
f 2873/1695/44 2872/1694/44 2874/1696/45 
f 2874/1696/45 2875/1697/45 2873/1695/44 
f 2875/1697/45 2874/1696/45 2876/1698/189 
f 2876/1698/189 2877/1699/189 2875/1697/45 
f 2877/1699/189 2876/1698/189 2878/1700/191 
f 2878/1700/191 2879/1701/191 2877/1699/189 
f 2879/1701/191 2878/1700/191 2880/1702/193 
f 2880/1702/193 2881/1703/193 2879/1701/191 
f 2881/1703/193 2880/1702/193 2882/1704/103 
f 2882/1704/103 2883/1705/103 2881/1703/193 
f 2883/1705/103 2882/1704/103 2884/1706/102 
f 2884/1706/102 2885/1707/102 2883/1705/103 
f 2885/1707/102 2884/1706/102 2886/1708/101 
f 2886/1708/101 2887/1709/101 2885/1707/102 
f 2887/1709/101 2886/1708/101 2888/1710/100 
f 2888/1710/100 2889/1711/100 2887/1709/101 
f 2889/1711/100 2888/1710/100 2890/1712/99 
f 2890/1712/99 2891/1713/99 2889/1711/100 
f 2891/1713/99 2890/1712/99 2892/1714/98 
f 2892/1714/98 2893/1715/98 2891/1713/99 
f 2893/1715/98 2892/1714/98 2894/1716/97 
f 2894/1716/97 2895/1717/97 2893/1715/98 
f 2895/1717/97 2894/1716/97 2825/1645/109 
f 2825/1645/109 2824/1644/77 2895/1717/97 
f 2896/1314/116 2484/1314/116 2483/1315/77 
f 2483/1315/77 2897/1315/109 2896/1314/116 
f 2898/1316/108 2486/1316/108 2484/1314/116 
f 2484/1314/116 2896/1314/116 2898/1316/108 
f 2899/1317/107 2488/1317/107 2486/1316/108 
f 2486/1316/108 2898/1316/108 2899/1317/107 
f 2900/1318/115 2490/1318/115 2488/1317/107 
f 2488/1317/107 2899/1317/107 2900/1318/115 
f 2901/1319/91 2492/1319/91 2490/1320/115 
f 2490/1320/115 2900/1320/115 2901/1319/91 
f 2902/1321/89 2494/1321/89 2492/1319/91 
f 2492/1319/91 2901/1319/91 2902/1321/89 
f 2903/1322/88 2496/1322/88 2494/1321/89 
f 2494/1321/89 2902/1321/89 2903/1322/88 
f 2904/1323/186 2498/1323/186 2496/1322/88 
f 2496/1322/88 2903/1322/88 2904/1323/186 
f 2905/1324/29 2500/1324/29 2498/1323/186 
f 2498/1323/186 2904/1323/186 2905/1324/29 
f 2906/1325/187 2502/1325/187 2500/1324/29 
f 2500/1324/29 2905/1324/29 2906/1325/187 
f 2907/1326/30 2504/1326/30 2502/1325/187 
f 2502/1325/187 2906/1325/187 2907/1326/30 
f 2908/1327/31 2506/1327/31 2504/1326/30 
f 2504/1326/30 2907/1326/30 2908/1327/31 
f 2909/1328/33 2508/1328/33 2506/1327/31 
f 2506/1327/31 2908/1327/31 2909/1328/33 
f 2910/1329/57 2510/1329/57 2508/1330/33 
f 2508/1330/33 2909/1330/33 2910/1329/57 
f 2911/1331/51 2512/1331/51 2510/1329/57 
f 2510/1329/57 2910/1329/57 2911/1331/51 
f 2912/1332/52 2514/1332/52 2512/1331/51 
f 2512/1331/51 2911/1331/51 2912/1332/52 
f 2913/1333/58 2516/1333/58 2514/1332/52 
f 2514/1332/52 2912/1332/52 2913/1333/58 
f 2914/1334/38 2518/1334/9 2516/1333/58 
f 2516/1333/58 2913/1333/58 2914/1334/38 
f 2915/1335/39 2520/1335/39 2518/1334/9 
f 2518/1334/9 2914/1334/38 2915/1335/39 
f 2916/1336/40 2522/1336/40 2520/1335/39 
f 2520/1335/39 2915/1335/39 2916/1336/40 
f 2917/1337/41 2524/1337/41 2522/1336/40 
f 2522/1336/40 2916/1336/40 2917/1337/41 
f 2918/1338/42 2526/1338/42 2524/1337/41 
f 2524/1337/41 2917/1337/41 2918/1338/42 
f 2919/1339/43 2528/1339/43 2526/1338/42 
f 2526/1338/42 2918/1338/42 2919/1339/43 
f 2920/1340/44 2530/1340/44 2528/1341/43 
f 2528/1341/43 2919/1341/43 2920/1340/44 
f 2921/1342/45 2532/1342/45 2530/1340/44 
f 2530/1340/44 2920/1340/44 2921/1342/45 
f 2922/1343/189 2534/1343/189 2532/1342/45 
f 2532/1342/45 2921/1342/45 2922/1343/189 
f 2923/1344/47 2536/1344/47 2534/1343/189 
f 2534/1343/189 2922/1343/189 2923/1344/47 
f 2924/1345/193 2538/1345/193 2536/1344/47 
f 2536/1344/47 2923/1344/47 2924/1345/193 
f 2925/1346/103 2540/1346/103 2538/1345/193 
f 2538/1345/193 2924/1345/193 2925/1346/103 
f 2926/1347/102 2542/1347/102 2540/1346/103 
f 2540/1346/103 2925/1346/103 2926/1347/102 
f 2927/1348/101 2544/1348/101 2542/1347/102 
f 2542/1347/102 2926/1347/102 2927/1348/101 
f 2928/1349/100 2546/1349/100 2544/1348/101 
f 2544/1348/101 2927/1348/101 2928/1349/100 
f 2929/1350/99 2548/1350/99 2546/1351/100 
f 2546/1351/100 2928/1351/100 2929/1350/99 
f 2930/1352/98 2550/1352/98 2548/1350/99 
f 2548/1350/99 2929/1350/99 2930/1352/98 
f 2931/1353/97 2552/1353/97 2550/1352/98 
f 2550/1352/98 2930/1352/98 2931/1353/97 
f 2897/1315/109 2483/1315/77 2552/1353/97 
f 2552/1353/97 2931/1353/97 2897/1315/109 
s 2
f 2827/1493/13 2717/1493/13 2716/1492/13 
f 2716/1492/13 2824/1718/13 2827/1493/13 
f 2897/1495/13 2719/1495/13 2718/1494/13 
f 2718/1494/13 2896/1494/13 2897/1495/13 
f 2824/1718/13 2716/1492/13 2720/1496/13 
f 2720/1496/13 2895/1496/13 2824/1718/13 
f 2931/1719/13 2721/1497/13 2719/1495/13 
f 2719/1495/13 2897/1495/13 2931/1719/13 
f 2895/1496/13 2720/1496/13 2722/1498/13 
f 2722/1498/13 2893/1720/13 2895/1496/13 
f 2930/1721/13 2723/1499/13 2721/1497/13 
f 2721/1497/13 2931/1719/13 2930/1721/13 
f 2893/1720/13 2722/1498/13 2724/1500/113 
f 2724/1500/113 2891/1722/13 2893/1720/13 
f 2929/1501/13 2725/1501/13 2723/1499/13 
f 2723/1499/13 2930/1721/13 2929/1501/13 
f 2891/1722/13 2724/1500/113 2726/1502/13 
f 2726/1502/13 2889/1502/13 2891/1722/13 
f 2928/1503/13 2727/1503/113 2725/1501/13 
f 2725/1501/13 2929/1501/13 2928/1503/13 
f 2889/1502/13 2726/1502/13 2728/1504/13 
f 2728/1504/13 2887/1504/13 2889/1502/13 
f 2927/1505/13 2729/1505/13 2727/1503/113 
f 2727/1503/113 2928/1503/13 2927/1505/13 
f 2887/1504/13 2728/1504/13 2730/1506/13 
f 2730/1506/13 2885/1723/13 2887/1504/13 
f 2926/1724/13 2731/1507/13 2729/1505/13 
f 2729/1505/13 2927/1505/13 2926/1724/13 
f 2885/1723/13 2730/1506/13 2732/1508/13 
f 2732/1508/13 2883/1508/13 2885/1723/13 
f 2925/1509/13 2733/1509/13 2731/1507/13 
f 2731/1507/13 2926/1724/13 2925/1509/13 
f 2883/1508/13 2732/1508/13 2734/1510/13 
f 2734/1510/13 2881/1725/13 2883/1508/13 
f 2924/1511/13 2735/1511/13 2733/1509/13 
f 2733/1509/13 2925/1509/13 2924/1511/13 
f 2881/1725/13 2734/1510/13 2736/1512/13 
f 2736/1512/13 2879/1512/13 2881/1725/13 
f 2923/1513/13 2737/1513/13 2735/1511/13 
f 2735/1511/13 2924/1511/13 2923/1513/13 
f 2879/1512/13 2736/1512/13 2738/1514/13 
f 2738/1514/13 2877/1726/13 2879/1512/13 
f 2922/1515/13 2739/1515/13 2737/1513/13 
f 2737/1513/13 2923/1513/13 2922/1515/13 
f 2877/1726/13 2738/1514/13 2740/1516/13 
f 2740/1516/13 2875/1516/13 2877/1726/13 
f 2921/1517/13 2741/1517/13 2739/1515/13 
f 2739/1515/13 2922/1515/13 2921/1517/13 
f 2875/1516/13 2740/1516/13 2742/1518/13 
f 2742/1518/13 2873/1727/13 2875/1516/13 
f 2920/1728/13 2743/1519/13 2741/1517/13 
f 2741/1517/13 2921/1517/13 2920/1728/13 
f 2873/1727/13 2742/1518/13 2744/1520/113 
f 2744/1520/113 2871/1520/113 2873/1727/13 
f 2919/1521/13 2745/1521/13 2743/1519/13 
f 2743/1519/13 2920/1728/13 2919/1521/13 
f 2871/1520/113 2744/1520/113 2746/1522/113 
f 2746/1522/113 2869/1522/113 2871/1520/113 
f 2918/1523/13 2747/1523/13 2745/1521/13 
f 2745/1521/13 2919/1521/13 2918/1523/13 
f 2869/1522/113 2746/1522/113 2748/1524/13 
f 2748/1524/13 2867/1729/13 2869/1522/113 
f 2917/1525/113 2749/1525/113 2747/1523/13 
f 2747/1523/13 2918/1523/13 2917/1525/113 
f 2867/1729/13 2748/1524/13 2750/1526/13 
f 2750/1526/13 2865/1730/13 2867/1729/13 
f 2916/1731/113 2751/1527/113 2749/1525/113 
f 2749/1525/113 2917/1525/113 2916/1731/113 
f 2865/1730/13 2750/1526/13 2752/1528/13 
f 2752/1528/13 2863/1528/13 2865/1730/13 
f 2915/1732/13 2753/1529/13 2751/1527/113 
f 2751/1527/113 2916/1731/113 2915/1732/13 
f 2863/1528/13 2752/1528/13 2754/1530/13 
f 2754/1530/13 2861/1733/13 2863/1528/13 
f 2914/1531/13 2755/1531/13 2753/1529/13 
f 2753/1529/13 2915/1732/13 2914/1531/13 
f 2861/1733/13 2754/1530/13 2756/1532/13 
f 2756/1532/13 2859/1532/13 2861/1733/13 
f 2913/1533/13 2757/1533/13 2755/1531/13 
f 2755/1531/13 2914/1531/13 2913/1533/13 
f 2859/1532/13 2756/1532/13 2758/1534/13 
f 2758/1534/13 2857/1734/13 2859/1532/13 
f 2912/1735/13 2759/1535/13 2757/1533/13 
f 2757/1533/13 2913/1533/13 2912/1735/13 
f 2857/1734/13 2758/1534/13 2760/1536/113 
f 2760/1536/113 2855/1736/13 2857/1734/13 
f 2911/1537/13 2761/1537/13 2759/1535/13 
f 2759/1535/13 2912/1735/13 2911/1537/13 
f 2855/1736/13 2760/1536/113 2762/1538/13 
f 2762/1538/13 2853/1538/13 2855/1736/13 
f 2910/1539/13 2763/1539/113 2761/1537/13 
f 2761/1537/13 2911/1537/13 2910/1539/13 
f 2853/1538/13 2762/1538/13 2764/1540/13 
f 2764/1540/13 2851/1540/13 2853/1538/13 
f 2909/1541/13 2765/1541/13 2763/1539/113 
f 2763/1539/113 2910/1539/13 2909/1541/13 
f 2851/1540/13 2764/1540/13 2766/1542/13 
f 2766/1542/13 2849/1542/13 2851/1540/13 
f 2908/1737/13 2767/1543/13 2765/1541/13 
f 2765/1541/13 2909/1541/13 2908/1737/13 
f 2849/1542/13 2766/1542/13 2768/1544/13 
f 2768/1544/13 2847/1738/13 2849/1542/13 
f 2907/1739/13 2769/1545/13 2767/1543/13 
f 2767/1543/13 2908/1737/13 2907/1739/13 
f 2847/1738/13 2768/1544/13 2770/1546/13 
f 2770/1546/13 2845/1546/13 2847/1738/13 
f 2906/1740/13 2771/1547/13 2769/1545/13 
f 2769/1545/13 2907/1739/13 2906/1740/13 
f 2845/1546/13 2770/1546/13 2772/1548/13 
f 2772/1548/13 2843/1741/13 2845/1546/13 
f 2905/1549/13 2773/1549/13 2771/1547/13 
f 2771/1547/13 2906/1740/13 2905/1549/13 
f 2843/1741/13 2772/1548/13 2774/1550/13 
f 2774/1550/13 2841/1550/13 2843/1741/13 
f 2904/1742/13 2775/1551/13 2773/1549/13 
f 2773/1549/13 2905/1549/13 2904/1742/13 
f 2841/1550/13 2774/1550/13 2776/1552/13 
f 2776/1552/13 2839/1743/13 2841/1550/13 
f 2903/1744/13 2777/1553/13 2775/1551/13 
f 2775/1551/13 2904/1742/13 2903/1744/13 
f 2839/1743/13 2776/1552/13 2778/1554/13 
f 2778/1554/13 2837/1554/13 2839/1743/13 
f 2902/1745/13 2779/1555/13 2777/1553/13 
f 2777/1553/13 2903/1744/13 2902/1745/13 
f 2837/1554/13 2778/1554/13 2780/1556/113 
f 2780/1556/113 2835/1556/113 2837/1554/13 
f 2901/1557/13 2781/1557/13 2779/1555/13 
f 2779/1555/13 2902/1745/13 2901/1557/13 
f 2835/1556/113 2780/1556/113 2782/1558/113 
f 2782/1558/113 2833/1558/113 2835/1556/113 
f 2900/1559/13 2783/1559/13 2781/1557/13 
f 2781/1557/13 2901/1557/13 2900/1559/13 
f 2833/1558/113 2782/1558/113 2784/1560/13 
f 2784/1560/13 2831/1746/13 2833/1558/113 
f 2899/1561/113 2785/1561/113 2783/1559/13 
f 2783/1559/13 2900/1559/13 2899/1561/113 
f 2831/1746/13 2784/1560/13 2786/1562/13 
f 2786/1562/13 2829/1747/13 2831/1746/13 
f 2898/1748/113 2787/1563/113 2785/1561/113 
f 2785/1561/113 2899/1561/113 2898/1748/113 
f 2829/1747/13 2786/1562/13 2717/1493/13 
f 2717/1493/13 2827/1493/13 2829/1747/13 
f 2896/1494/13 2718/1494/13 2787/1563/113 
f 2787/1563/113 2898/1748/113 2896/1494/13 
s 1
f 2932/1749/77 2482/1315/109 2481/1314/116 
f 2481/1314/116 2933/1750/116 2932/1749/77 
f 2933/1750/116 2481/1314/116 2485/1316/108 
f 2485/1316/108 2934/1751/108 2933/1750/116 
f 2934/1751/108 2485/1316/108 2487/1317/107 
f 2487/1317/107 2935/1752/107 2934/1751/108 
f 2935/1752/107 2487/1317/107 2489/1318/115 
f 2489/1318/115 2936/1753/115 2935/1752/107 
f 2936/1754/115 2489/1320/115 2491/1319/91 
f 2491/1319/91 2937/1755/91 2936/1754/115 
f 2937/1755/91 2491/1319/91 2493/1321/89 
f 2493/1321/89 2938/1756/89 2937/1755/91 
f 2938/1756/89 2493/1321/89 2495/1322/88 
f 2495/1322/88 2939/1757/88 2938/1756/89 
f 2939/1757/88 2495/1322/88 2497/1323/186 
f 2497/1323/186 2940/1758/186 2939/1757/88 
f 2940/1758/186 2497/1323/186 2499/1324/29 
f 2499/1324/29 2941/1759/29 2940/1758/186 
f 2941/1759/29 2499/1324/29 2501/1325/187 
f 2501/1325/187 2942/1760/187 2941/1759/29 
f 2942/1760/187 2501/1325/187 2503/1326/30 
f 2503/1326/30 2943/1761/30 2942/1760/187 
f 2943/1761/30 2503/1326/30 2505/1327/31 
f 2505/1327/31 2944/1762/31 2943/1761/30 
f 2944/1762/31 2505/1327/31 2507/1328/33 
f 2507/1328/33 2945/1763/33 2944/1762/31 
f 2945/1764/33 2507/1330/33 2509/1329/57 
f 2509/1329/57 2946/1765/57 2945/1764/33 
f 2946/1765/57 2509/1329/57 2511/1331/51 
f 2511/1331/51 2947/1766/51 2946/1765/57 
f 2947/1766/51 2511/1331/51 2513/1332/52 
f 2513/1332/52 2948/1767/52 2947/1766/51 
f 2948/1767/52 2513/1332/52 2515/1333/58 
f 2515/1333/58 2949/1768/58 2948/1767/52 
f 2949/1768/58 2515/1333/58 2517/1334/38 
f 2517/1334/38 2950/1769/9 2949/1768/58 
f 2950/1769/9 2517/1334/38 2519/1335/39 
f 2519/1335/39 2951/1770/39 2950/1769/9 
f 2951/1770/39 2519/1335/39 2521/1336/40 
f 2521/1336/40 2952/1771/40 2951/1770/39 
f 2952/1771/40 2521/1336/40 2523/1337/41 
f 2523/1337/41 2953/1772/41 2952/1771/40 
f 2953/1772/41 2523/1337/41 2525/1338/42 
f 2525/1338/42 2954/1773/42 2953/1772/41 
f 2954/1773/42 2525/1338/42 2527/1339/43 
f 2527/1339/43 2955/1774/43 2954/1773/42 
f 2955/1775/43 2527/1341/43 2529/1340/44 
f 2529/1340/44 2956/1776/44 2955/1775/43 
f 2956/1776/44 2529/1340/44 2531/1342/45 
f 2531/1342/45 2957/1777/45 2956/1776/44 
f 2957/1777/45 2531/1342/45 2533/1343/189 
f 2533/1343/189 2958/1778/189 2957/1777/45 
f 2958/1778/189 2533/1343/189 2535/1344/47 
f 2535/1344/47 2959/1779/47 2958/1778/189 
f 2959/1779/47 2535/1344/47 2537/1345/193 
f 2537/1345/193 2960/1780/193 2959/1779/47 
f 2960/1780/193 2537/1345/193 2539/1346/103 
f 2539/1346/103 2961/1781/103 2960/1780/193 
f 2961/1781/103 2539/1346/103 2541/1347/102 
f 2541/1347/102 2962/1782/102 2961/1781/103 
f 2962/1782/102 2541/1347/102 2543/1348/101 
f 2543/1348/101 2963/1783/101 2962/1782/102 
f 2963/1783/101 2543/1348/101 2545/1349/100 
f 2545/1349/100 2964/1784/100 2963/1783/101 
f 2964/1785/100 2545/1351/100 2547/1350/99 
f 2547/1350/99 2965/1786/99 2964/1785/100 
f 2965/1786/99 2547/1350/99 2549/1352/98 
f 2549/1352/98 2966/1787/98 2965/1786/99 
f 2966/1787/98 2549/1352/98 2551/1353/97 
f 2551/1353/97 2967/1788/97 2966/1787/98 
f 2967/1788/97 2551/1353/97 2482/1315/109 
f 2482/1315/109 2932/1749/77 2967/1788/97 
s 2
f 2967/1357/27 2556/1357/14 2555/1356/14 
f 2555/1356/14 2966/1789/27 2967/1357/27 
f 2567/1368/27 2944/1790/27 2945/1369/27 
f 2945/1369/27 2568/1369/14 2567/1368/27 
f 2567/1368/27 2570/1371/27 2943/1791/27 
f 2943/1791/27 2944/1790/27 2567/1368/27 
f 2959/1373/27 2572/1373/27 2571/1372/27 
f 2571/1372/27 2958/1372/27 2959/1373/27 
f 2942/1792/27 2579/1380/27 2578/1379/14 
f 2578/1379/14 2941/1379/27 2942/1792/27 
f 2960/1382/27 2581/1382/14 2572/1373/27 
f 2572/1373/27 2959/1373/27 2960/1382/27 
f 2941/1379/27 2578/1379/14 2584/1385/14 
f 2584/1385/14 2940/1793/27 2941/1379/27 
f 2958/1372/27 2571/1372/27 2586/1387/27 
f 2586/1387/27 2957/1794/27 2958/1372/27 
f 2943/1791/27 2570/1371/27 2579/1380/27 
f 2579/1380/27 2942/1792/27 2943/1791/27 
f 2961/1795/27 2589/1390/14 2581/1382/14 
f 2581/1382/14 2960/1382/27 2961/1795/27 
f 2940/1793/27 2584/1385/14 2591/1392/14 
f 2591/1392/14 2939/1796/27 2940/1793/27 
f 2933/1395/27 2594/1395/14 2593/1394/14 
f 2593/1394/14 2932/1394/27 2933/1395/27 
f 2951/1396/27 2595/1396/27 2596/1397/27 
f 2596/1397/27 2950/1397/27 2951/1396/27 
f 2952/1797/14 2626/1427/27 2595/1396/27 
f 2595/1396/27 2951/1396/27 2952/1797/14 
f 2953/1428/14 2627/1428/27 2626/1427/27 
f 2626/1427/27 2952/1797/14 2953/1428/14 
f 2954/1429/27 2628/1429/27 2627/1428/27 
f 2627/1428/27 2953/1428/14 2954/1429/27 
f 2955/1798/27 2629/1430/27 2628/1429/27 
f 2628/1429/27 2954/1429/27 2955/1798/27 
f 2630/1431/14 2956/1799/27 2957/1794/27 
f 2957/1794/27 2586/1387/27 2630/1431/14 
f 2630/1431/14 2629/1430/27 2955/1798/27 
f 2955/1798/27 2956/1799/27 2630/1431/14 
f 2950/1397/27 2596/1397/27 2631/1432/14 
f 2631/1432/14 2949/1432/27 2950/1397/27 
f 2949/1432/27 2631/1432/14 2632/1433/14 
f 2632/1433/14 2948/1800/27 2949/1432/27 
f 2948/1800/27 2632/1433/14 2633/1434/14 
f 2633/1434/14 2947/1434/27 2948/1800/27 
f 2947/1434/27 2633/1434/14 2634/1435/14 
f 2634/1435/14 2946/1435/27 2947/1434/27 
f 2946/1435/27 2634/1435/14 2568/1369/14 
f 2568/1369/14 2945/1369/27 2946/1435/27 
f 2636/1437/14 2635/1436/14 2937/1436/27 
f 2937/1436/27 2938/1801/27 2636/1437/14 
f 2636/1437/14 2938/1801/27 2939/1796/27 
f 2939/1796/27 2591/1392/14 2636/1437/14 
f 2937/1436/27 2635/1436/14 2637/1438/14 
f 2637/1438/14 2936/1438/27 2937/1436/27 
f 2936/1438/27 2637/1438/14 2638/1439/14 
f 2638/1439/14 2935/1439/14 2936/1438/27 
f 2935/1439/14 2638/1439/14 2639/1440/14 
f 2639/1440/14 2934/1802/14 2935/1439/14 
f 2934/1802/14 2639/1440/14 2594/1395/14 
f 2594/1395/14 2933/1395/27 2934/1802/14 
f 2932/1394/27 2593/1394/14 2556/1357/14 
f 2556/1357/14 2967/1357/27 2932/1394/27 
f 2966/1789/27 2555/1356/14 2640/1441/14 
f 2640/1441/14 2965/1441/27 2966/1789/27 
f 2965/1441/27 2640/1441/14 2641/1442/27 
f 2641/1442/27 2964/1442/27 2965/1441/27 
f 2964/1442/27 2641/1442/27 2642/1443/27 
f 2642/1443/27 2963/1803/27 2964/1442/27 
f 2962/1804/27 2643/1444/27 2589/1390/14 
f 2589/1390/14 2961/1795/27 2962/1804/27 
f 2963/1803/27 2642/1443/27 2643/1444/27 
f 2643/1444/27 2962/1804/27 2963/1803/27 
s 1
f 2968/1243/116 2412/1243/116 2411/1242/77 
f 2411/1242/77 2969/1242/109 2968/1243/116 
f 2970/1245/108 2414/1245/108 2412/1243/116 
f 2412/1243/116 2968/1243/116 2970/1245/108 
f 2971/1247/107 2416/1247/107 2414/1245/108 
f 2414/1245/108 2970/1245/108 2971/1247/107 
f 2972/1249/115 2418/1249/115 2416/1247/107 
f 2416/1247/107 2971/1247/107 2972/1249/115 
f 2973/1251/91 2420/1251/91 2418/1249/115 
f 2418/1249/115 2972/1249/115 2973/1251/91 
f 2974/1253/89 2422/1253/89 2420/1251/91 
f 2420/1251/91 2973/1251/91 2974/1253/89 
f 2975/1255/88 2424/1255/88 2422/1253/89 
f 2422/1253/89 2974/1253/89 2975/1255/88 
f 2976/1257/186 2426/1257/186 2424/1255/88 
f 2424/1255/88 2975/1255/88 2976/1257/186 
f 2977/1259/29 2428/1259/29 2426/1257/186 
f 2426/1257/186 2976/1257/186 2977/1259/29 
f 2978/1805/187 2430/1805/187 2428/1259/29 
f 2428/1259/29 2977/1259/29 2978/1805/187 
f 2979/1265/30 2432/1265/30 2430/1263/187 
f 2430/1263/187 2978/1263/187 2979/1265/30 
f 2980/1267/31 2434/1267/31 2432/1265/30 
f 2432/1265/30 2979/1265/30 2980/1267/31 
f 2981/1269/33 2436/1269/33 2434/1267/31 
f 2434/1267/31 2980/1267/31 2981/1269/33 
f 2982/1271/57 2438/1271/57 2436/1269/33 
f 2436/1269/33 2981/1269/33 2982/1271/57 
f 2983/1273/51 2440/1273/51 2438/1271/57 
f 2438/1271/57 2982/1271/57 2983/1273/51 
f 2984/1275/52 2442/1275/52 2440/1273/51 
f 2440/1273/51 2983/1273/51 2984/1275/52 
f 2985/1277/58 2444/1277/37 2442/1275/52 
f 2442/1275/52 2984/1275/52 2985/1277/58 
f 2986/1279/18 2446/1279/18 2444/1277/37 
f 2444/1277/37 2985/1277/58 2986/1279/18 
f 2987/1281/39 2448/1281/39 2446/1279/18 
f 2446/1279/18 2986/1279/18 2987/1281/39 
f 2988/1283/40 2450/1283/40 2448/1281/39 
f 2448/1281/39 2987/1281/39 2988/1283/40 
f 2989/1285/41 2452/1285/41 2450/1283/40 
f 2450/1283/40 2988/1283/40 2989/1285/41 
f 2990/1287/42 2454/1287/42 2452/1285/41 
f 2452/1285/41 2989/1285/41 2990/1287/42 
f 2991/1289/43 2456/1289/43 2454/1287/42 
f 2454/1287/42 2990/1287/42 2991/1289/43 
f 2992/1291/44 2458/1291/44 2456/1289/43 
f 2456/1289/43 2991/1289/43 2992/1291/44 
f 2993/1293/45 2460/1293/45 2458/1291/44 
f 2458/1291/44 2992/1291/44 2993/1293/45 
f 2994/1295/189 2462/1295/189 2460/1293/45 
f 2460/1293/45 2993/1293/45 2994/1295/189 
f 2995/1297/191 2464/1297/191 2462/1295/189 
f 2462/1295/189 2994/1295/189 2995/1297/191 
f 2996/1299/193 2466/1299/193 2464/1297/191 
f 2464/1297/191 2995/1297/191 2996/1299/193 
f 2997/1301/103 2468/1301/103 2466/1299/193 
f 2466/1299/193 2996/1299/193 2997/1301/103 
f 2998/1303/102 2470/1303/102 2468/1301/103 
f 2468/1301/103 2997/1301/103 2998/1303/102 
f 2999/1305/101 2472/1305/101 2470/1303/102 
f 2470/1303/102 2998/1303/102 2999/1305/101 
f 3000/1307/100 2474/1307/100 2472/1305/101 
f 2472/1305/101 2999/1305/101 3000/1307/100 
f 3001/1309/99 2476/1309/99 2474/1307/100 
f 2474/1307/100 3000/1307/100 3001/1309/99 
f 3002/1311/98 2478/1311/98 2476/1309/99 
f 2476/1309/99 3001/1309/99 3002/1311/98 
f 3003/1313/97 2480/1313/97 2478/1311/98 
f 2478/1311/98 3002/1311/98 3003/1313/97 
f 2969/1242/109 2411/1242/77 2480/1313/97 
f 2480/1313/97 3003/1313/97 2969/1242/109 
s 2
f 2969/1446/14 2646/1446/14 2645/1445/14 
f 2645/1445/14 2968/1445/14 2969/1446/14 
f 2968/1445/14 2645/1445/14 2649/1448/27 
f 2649/1448/27 2970/1806/27 2968/1445/14 
f 2970/1806/27 2649/1448/27 2651/1450/14 
f 2651/1450/14 2971/1450/14 2970/1806/27 
f 2971/1450/14 2651/1450/14 2653/1451/14 
f 2653/1451/14 2972/1451/14 2971/1450/14 
f 2972/1451/14 2653/1451/14 2655/1452/14 
f 2655/1452/14 2973/1452/27 2972/1451/14 
f 2973/1452/27 2655/1452/14 2657/1453/27 
f 2657/1453/27 2974/1453/14 2973/1452/27 
f 2974/1453/14 2657/1453/27 2659/1455/14 
f 2659/1455/14 2975/1455/14 2974/1453/14 
f 2975/1455/14 2659/1455/14 2661/1456/27 
f 2661/1456/27 2976/1456/27 2975/1455/14 
f 2976/1456/27 2661/1456/27 2663/1458/27 
f 2663/1458/27 2977/1458/27 2976/1456/27 
f 2977/1458/27 2663/1458/27 2665/1459/27 
f 2665/1459/27 2978/1459/27 2977/1458/27 
f 2978/1459/27 2665/1459/27 2667/1461/27 
f 2667/1461/27 2979/1461/27 2978/1459/27 
f 2979/1461/27 2667/1461/27 2669/1462/14 
f 2669/1462/14 2980/1462/27 2979/1461/27 
f 2980/1462/27 2669/1462/14 2671/1463/27 
f 2671/1463/27 2981/1463/27 2980/1462/27 
f 2981/1463/27 2671/1463/27 2673/1464/27 
f 2673/1464/27 2982/1464/27 2981/1463/27 
f 2982/1464/27 2673/1464/27 2675/1466/27 
f 2675/1466/27 2983/1466/27 2982/1464/27 
f 2983/1466/27 2675/1466/27 2677/1467/27 
f 2677/1467/27 2984/1807/27 2983/1466/27 
f 2984/1807/27 2677/1467/27 2679/1468/27 
f 2679/1468/27 2985/1468/27 2984/1807/27 
f 2985/1468/27 2679/1468/27 2681/1470/14 
f 2681/1470/14 2986/1470/14 2985/1468/27 
f 2986/1470/14 2681/1470/14 2683/1471/14 
f 2683/1471/14 2987/1471/14 2986/1470/14 
f 2987/1471/14 2683/1471/14 2685/1472/27 
f 2685/1472/27 2988/1808/27 2987/1471/14 
f 2988/1808/27 2685/1472/27 2687/1474/14 
f 2687/1474/14 2989/1474/14 2988/1808/27 
f 2989/1474/14 2687/1474/14 2689/1475/14 
f 2689/1475/14 2990/1475/14 2989/1474/14 
f 2990/1475/14 2689/1475/14 2691/1476/14 
f 2691/1476/14 2991/1476/27 2990/1475/14 
f 2991/1476/27 2691/1476/14 2693/1477/27 
f 2693/1477/27 2992/1809/14 2991/1476/27 
f 2992/1809/14 2693/1477/27 2695/1478/14 
f 2695/1478/14 2993/1478/14 2992/1809/14 
f 2993/1478/14 2695/1478/14 2697/1480/27 
f 2697/1480/27 2994/1480/27 2993/1478/14 
f 2994/1480/27 2697/1480/27 2699/1481/27 
f 2699/1481/27 2995/1481/27 2994/1480/27 
f 2995/1481/27 2699/1481/27 2701/1483/27 
f 2701/1483/27 2996/1483/27 2995/1481/27 
f 2996/1483/27 2701/1483/27 2703/1484/27 
f 2703/1484/27 2997/1484/27 2996/1483/27 
f 2997/1484/27 2703/1484/27 2705/1485/14 
f 2705/1485/14 2998/1810/27 2997/1484/27 
f 2998/1810/27 2705/1485/14 2707/1486/27 
f 2707/1486/27 2999/1486/27 2998/1810/27 
f 2999/1486/27 2707/1486/27 2709/1487/27 
f 2709/1487/27 3000/1487/27 2999/1486/27 
f 3000/1487/27 2709/1487/27 2711/1489/27 
f 2711/1489/27 3001/1489/27 3000/1487/27 
f 3001/1489/27 2711/1489/27 2713/1490/27 
f 2713/1490/27 3002/1811/27 3001/1489/27 
f 3002/1811/27 2713/1490/27 2715/1491/27 
f 2715/1491/27 3003/1491/27 3002/1811/27 
f 3003/1491/27 2715/1491/27 2646/1446/14 
f 2646/1446/14 2969/1446/14 3003/1491/27 
s 1
f 2826/1646/116 2825/1645/109 3004/1812/109 
f 3004/1812/109 3005/1813/116 2826/1646/116 
f 2828/1648/108 2826/1646/116 3005/1813/116 
f 3005/1813/116 3006/1814/108 2828/1648/108 
f 2830/1650/107 2828/1648/108 3006/1814/108 
f 3006/1814/108 3007/1815/107 2830/1650/107 
f 2832/1652/115 2830/1650/107 3007/1815/107 
f 3007/1815/107 3008/1816/115 2832/1652/115 
f 2834/1654/91 2832/1652/115 3008/1816/115 
f 3008/1816/115 3009/1817/91 2834/1654/91 
f 2836/1656/89 2834/1654/91 3009/1817/91 
f 3009/1817/91 3010/1818/89 2836/1656/89 
f 2838/1658/88 2836/1656/89 3010/1818/89 
f 3010/1818/89 3011/1819/88 2838/1658/88 
f 2840/1660/186 2838/1658/88 3011/1819/88 
f 3011/1819/88 3012/1820/186 2840/1660/186 
f 2842/1662/29 2840/1660/186 3012/1820/186 
f 3012/1820/186 3013/1821/29 2842/1662/29 
f 2844/1666/187 2842/1665/29 3013/1822/29 
f 3013/1822/29 3014/1823/187 2844/1666/187 
f 2846/1668/30 2844/1666/187 3014/1823/187 
f 3014/1823/187 3015/1824/30 2846/1668/30 
f 2848/1670/31 2846/1668/30 3015/1824/30 
f 3015/1824/30 3016/1825/31 2848/1670/31 
f 2850/1672/33 2848/1670/31 3016/1825/31 
f 3016/1825/31 3017/1826/33 2850/1672/33 
f 2852/1674/57 2850/1672/33 3017/1826/33 
f 3017/1826/33 3018/1827/57 2852/1674/57 
f 2854/1676/51 2852/1674/57 3018/1827/57 
f 3018/1827/57 3019/1828/51 2854/1676/51 
f 2856/1678/52 2854/1676/51 3019/1828/51 
f 3019/1828/51 3020/1829/52 2856/1678/52 
f 2858/1680/58 2856/1678/52 3020/1829/52 
f 3020/1829/52 3021/1830/37 2858/1680/58 
f 2860/1682/18 2858/1680/58 3021/1830/37 
f 3021/1830/37 3022/1831/18 2860/1682/18 
f 2862/1684/39 2860/1682/18 3022/1831/18 
f 3022/1831/18 3023/1832/39 2862/1684/39 
f 2864/1686/40 2862/1684/39 3023/1832/39 
f 3023/1832/39 3024/1833/40 2864/1686/40 
f 2866/1688/41 2864/1686/40 3024/1833/40 
f 3024/1833/40 3025/1834/41 2866/1688/41 
f 2868/1690/42 2866/1688/41 3025/1834/41 
f 3025/1834/41 3026/1835/42 2868/1690/42 
f 2870/1692/43 2868/1690/42 3026/1835/42 
f 3026/1835/42 3027/1836/43 2870/1692/43 
f 2872/1694/44 2870/1692/43 3027/1836/43 
f 3027/1836/43 3028/1837/44 2872/1694/44 
f 2874/1696/45 2872/1694/44 3028/1837/44 
f 3028/1837/44 3029/1838/45 2874/1696/45 
f 2876/1698/189 2874/1696/45 3029/1838/45 
f 3029/1838/45 3030/1839/194 2876/1698/189 
f 2878/1700/191 2876/1698/189 3030/1839/194 
f 3030/1839/194 3031/1840/195 2878/1700/191 
f 2880/1702/193 2878/1700/191 3031/1840/195 
f 3031/1840/195 3032/1841/104 2880/1702/193 
f 2882/1704/103 2880/1702/193 3032/1841/104 
f 3032/1841/104 3033/1842/103 2882/1704/103 
f 2884/1706/102 2882/1704/103 3033/1842/103 
f 3033/1842/103 3034/1843/102 2884/1706/102 
f 2886/1708/101 2884/1706/102 3034/1843/102 
f 3034/1843/102 3035/1844/101 2886/1708/101 
f 2888/1710/100 2886/1708/101 3035/1844/101 
f 3035/1844/101 3036/1845/100 2888/1710/100 
f 2890/1712/99 2888/1710/100 3036/1845/100 
f 3036/1845/100 3037/1846/99 2890/1712/99 
f 2892/1714/98 2890/1712/99 3037/1846/99 
f 3037/1846/99 3038/1847/98 2892/1714/98 
f 2894/1716/97 2892/1714/98 3038/1847/98 
f 3038/1847/98 3039/1848/97 2894/1716/97 
f 2825/1645/109 2894/1716/97 3039/1848/97 
f 3039/1848/97 3004/1812/109 2825/1645/109 
f 3040/1849/109 2410/1241/109 2409/1240/116 
f 2409/1240/116 3041/1850/116 3040/1849/109 
f 3041/1850/116 2409/1240/116 2413/1244/108 
f 2413/1244/108 3042/1851/108 3041/1850/116 
f 3042/1851/108 2413/1244/108 2415/1246/107 
f 2415/1246/107 3043/1852/107 3042/1851/108 
f 3043/1852/107 2415/1246/107 2417/1248/115 
f 2417/1248/115 3044/1853/115 3043/1852/107 
f 3044/1853/115 2417/1248/115 2419/1250/91 
f 2419/1250/91 3045/1854/91 3044/1853/115 
f 3045/1854/91 2419/1250/91 2421/1252/89 
f 2421/1252/89 3046/1855/89 3045/1854/91 
f 3046/1855/89 2421/1252/89 2423/1254/88 
f 2423/1254/88 3047/1856/88 3046/1855/89 
f 3047/1856/88 2423/1254/88 2425/1256/186 
f 2425/1256/186 3048/1857/186 3047/1856/88 
f 3048/1857/186 2425/1256/186 2427/1258/29 
f 2427/1258/29 3049/1858/29 3048/1857/186 
f 3049/1859/29 2427/1261/29 2429/1260/187 
f 2429/1260/187 3050/1860/187 3049/1859/29 
f 3050/1860/187 2429/1260/187 2431/1264/30 
f 2431/1264/30 3051/1861/30 3050/1860/187 
f 3051/1861/30 2431/1264/30 2433/1266/31 
f 2433/1266/31 3052/1862/31 3051/1861/30 
f 3052/1862/31 2433/1266/31 2435/1268/33 
f 2435/1268/33 3053/1863/33 3052/1862/31 
f 3053/1863/33 2435/1268/33 2437/1270/57 
f 2437/1270/57 3054/1864/57 3053/1863/33 
f 3054/1864/57 2437/1270/57 2439/1272/51 
f 2439/1272/51 3055/1865/51 3054/1864/57 
f 3055/1865/51 2439/1272/51 2441/1274/52 
f 2441/1274/52 3056/1866/52 3055/1865/51 
f 3056/1866/52 2441/1274/52 2443/1276/58 
f 2443/1276/58 3057/1867/58 3056/1866/52 
f 3057/1867/58 2443/1276/58 2445/1278/18 
f 2445/1278/18 3058/1868/18 3057/1867/58 
f 3058/1868/18 2445/1278/18 2447/1280/39 
f 2447/1280/39 3059/1869/39 3058/1868/18 
f 3059/1869/39 2447/1280/39 2449/1282/40 
f 2449/1282/40 3060/1870/40 3059/1869/39 
f 3060/1870/40 2449/1282/40 2451/1284/41 
f 2451/1284/41 3061/1871/41 3060/1870/40 
f 3061/1871/41 2451/1284/41 2453/1286/42 
f 2453/1286/42 3062/1872/42 3061/1871/41 
f 3062/1872/42 2453/1286/42 2455/1288/43 
f 2455/1288/43 3063/1873/43 3062/1872/42 
f 3063/1873/43 2455/1288/43 2457/1290/44 
f 2457/1290/44 3064/1874/44 3063/1873/43 
f 3064/1874/44 2457/1290/44 2459/1292/45 
f 2459/1292/45 3065/1875/45 3064/1874/44 
f 3065/1875/45 2459/1292/45 2461/1294/188 
f 2461/1294/188 3066/1876/196 3065/1875/45 
f 3067/1877/197 2465/1298/192 2467/1300/103 
f 2467/1300/103 3068/1878/103 3067/1877/197 
f 3068/1878/103 2467/1300/103 2469/1302/102 
f 2469/1302/102 3069/1879/102 3068/1878/103 
f 3069/1879/102 2469/1302/102 2471/1304/101 
f 2471/1304/101 3070/1880/101 3069/1879/102 
f 3070/1880/101 2471/1304/101 2473/1306/100 
f 2473/1306/100 3071/1881/100 3070/1880/101 
f 3071/1881/100 2473/1306/100 2475/1308/99 
f 2475/1308/99 3072/1882/99 3071/1881/100 
f 3072/1882/99 2475/1308/99 2477/1310/98 
f 2477/1310/98 3073/1883/98 3072/1882/99 
f 3073/1883/98 2477/1310/98 2479/1312/97 
f 2479/1312/97 3074/1884/97 3073/1883/98 
f 3074/1884/97 2479/1312/97 2410/1241/109 
f 2410/1241/109 3040/1849/109 3074/1884/97 
f 3075/1885/77 3040/1849/109 3041/1850/116 
f 3041/1850/116 3076/1886/116 3075/1885/77 
f 3077/1887/77 3075/1885/77 3076/1886/116 
f 3076/1886/116 3078/1888/116 3077/1887/77 
f 3004/1812/109 3077/1887/77 3078/1888/116 
f 3078/1888/116 3005/1813/116 3004/1812/109 
f 3076/1886/116 3041/1850/116 3042/1851/108 
f 3042/1851/108 3079/1889/108 3076/1886/116 
f 3078/1888/116 3076/1886/116 3079/1889/108 
f 3079/1889/108 3080/1890/108 3078/1888/116 
f 3005/1813/116 3078/1888/116 3080/1890/108 
f 3080/1890/108 3006/1814/108 3005/1813/116 
f 3079/1889/108 3042/1851/108 3043/1852/107 
f 3043/1852/107 3081/1891/107 3079/1889/108 
f 3080/1890/108 3079/1889/108 3081/1891/107 
f 3081/1891/107 3082/1892/107 3080/1890/108 
f 3006/1814/108 3080/1890/108 3082/1892/107 
f 3082/1892/107 3007/1815/107 3006/1814/108 
f 3081/1891/107 3043/1852/107 3044/1853/115 
f 3044/1853/115 3083/1893/115 3081/1891/107 
f 3082/1892/107 3081/1891/107 3083/1893/115 
f 3083/1893/115 3084/1894/115 3082/1892/107 
f 3007/1815/107 3082/1892/107 3084/1894/115 
f 3084/1894/115 3008/1816/115 3007/1815/107 
f 3083/1893/115 3044/1853/115 3045/1854/91 
f 3045/1854/91 3085/1895/91 3083/1893/115 
f 3084/1894/115 3083/1893/115 3085/1895/91 
f 3085/1895/91 3086/1896/91 3084/1894/115 
f 3008/1816/115 3084/1894/115 3086/1896/91 
f 3086/1896/91 3009/1817/91 3008/1816/115 
f 3085/1895/91 3045/1854/91 3046/1855/89 
f 3046/1855/89 3087/1897/89 3085/1895/91 
f 3086/1896/91 3085/1895/91 3087/1897/89 
f 3087/1897/89 3088/1898/89 3086/1896/91 
f 3009/1817/91 3086/1896/91 3088/1898/89 
f 3088/1898/89 3010/1818/89 3009/1817/91 
f 3087/1897/89 3046/1855/89 3047/1856/88 
f 3047/1856/88 3089/1899/88 3087/1897/89 
f 3088/1898/89 3087/1897/89 3089/1899/88 
f 3089/1899/88 3090/1900/88 3088/1898/89 
f 3010/1818/89 3088/1898/89 3090/1900/88 
f 3090/1900/88 3011/1819/88 3010/1818/89 
f 3089/1899/88 3047/1856/88 3048/1857/186 
f 3048/1857/186 3091/1901/186 3089/1899/88 
f 3090/1900/88 3089/1899/88 3091/1901/186 
f 3091/1901/186 3092/1902/186 3090/1900/88 
f 3011/1819/88 3090/1900/88 3092/1902/186 
f 3092/1902/186 3012/1820/186 3011/1819/88 
f 3091/1901/186 3048/1857/186 3049/1858/29 
f 3049/1858/29 3093/1903/29 3091/1901/186 
f 3092/1902/186 3091/1901/186 3093/1903/29 
f 3093/1903/29 3094/1904/29 3092/1902/186 
f 3012/1820/186 3092/1902/186 3094/1904/29 
f 3094/1904/29 3013/1821/29 3012/1820/186 
f 3093/1905/29 3049/1859/29 3050/1860/187 
f 3050/1860/187 3095/1906/187 3093/1905/29 
f 3094/1907/29 3093/1905/29 3095/1906/187 
f 3095/1906/187 3096/1908/187 3094/1907/29 
f 3013/1822/29 3094/1907/29 3096/1908/187 
f 3096/1908/187 3014/1823/187 3013/1822/29 
f 3095/1906/187 3050/1860/187 3051/1861/30 
f 3051/1861/30 3097/1909/30 3095/1906/187 
f 3096/1908/187 3095/1906/187 3097/1909/30 
f 3097/1909/30 3098/1910/30 3096/1908/187 
f 3014/1823/187 3096/1908/187 3098/1910/30 
f 3098/1910/30 3015/1824/30 3014/1823/187 
f 3097/1909/30 3051/1861/30 3052/1862/31 
f 3052/1862/31 3099/1911/31 3097/1909/30 
f 3098/1910/30 3097/1909/30 3099/1911/31 
f 3099/1911/31 3100/1912/31 3098/1910/30 
f 3015/1824/30 3098/1910/30 3100/1912/31 
f 3100/1912/31 3016/1825/31 3015/1824/30 
f 3099/1911/31 3052/1862/31 3053/1863/33 
f 3053/1863/33 3101/1913/33 3099/1911/31 
f 3100/1912/31 3099/1911/31 3101/1913/33 
f 3101/1913/33 3102/1914/33 3100/1912/31 
f 3016/1825/31 3100/1912/31 3102/1914/33 
f 3102/1914/33 3017/1826/33 3016/1825/31 
f 3101/1913/33 3053/1863/33 3054/1864/57 
f 3054/1864/57 3103/1915/57 3101/1913/33 
f 3102/1914/33 3101/1913/33 3103/1915/57 
f 3103/1915/57 3104/1916/57 3102/1914/33 
f 3017/1826/33 3102/1914/33 3104/1916/57 
f 3104/1916/57 3018/1827/57 3017/1826/33 
f 3103/1915/57 3054/1864/57 3055/1865/51 
f 3055/1865/51 3105/1917/51 3103/1915/57 
f 3104/1916/57 3103/1915/57 3105/1917/51 
f 3105/1917/51 3106/1918/51 3104/1916/57 
f 3018/1827/57 3104/1916/57 3106/1918/51 
f 3106/1918/51 3019/1828/51 3018/1827/57 
f 3105/1917/51 3055/1865/51 3056/1866/52 
f 3056/1866/52 3107/1919/52 3105/1917/51 
f 3106/1918/51 3105/1917/51 3107/1919/52 
f 3107/1919/52 3108/1920/52 3106/1918/51 
f 3019/1828/51 3106/1918/51 3108/1920/52 
f 3108/1920/52 3020/1829/52 3019/1828/51 
f 3107/1919/52 3056/1866/52 3057/1867/58 
f 3057/1867/58 3109/1921/58 3107/1919/52 
f 3108/1920/52 3107/1919/52 3109/1921/58 
f 3109/1921/58 3110/1922/58 3108/1920/52 
f 3020/1829/52 3108/1920/52 3110/1922/58 
f 3110/1922/58 3021/1830/37 3020/1829/52 
f 3109/1921/58 3057/1867/58 3058/1868/18 
f 3058/1868/18 3111/1923/53 3109/1921/58 
f 3110/1922/58 3109/1921/58 3111/1923/53 
f 3111/1923/53 3112/1924/53 3110/1922/58 
f 3021/1830/37 3110/1922/58 3112/1924/53 
f 3112/1924/53 3022/1831/18 3021/1830/37 
f 3111/1923/53 3058/1868/18 3059/1869/39 
f 3059/1869/39 3113/1925/39 3111/1923/53 
f 3112/1924/53 3111/1923/53 3113/1925/39 
f 3113/1925/39 3114/1926/39 3112/1924/53 
f 3022/1831/18 3112/1924/53 3114/1926/39 
f 3114/1926/39 3023/1832/39 3022/1831/18 
f 3113/1925/39 3059/1869/39 3060/1870/40 
f 3060/1870/40 3115/1927/40 3113/1925/39 
f 3114/1926/39 3113/1925/39 3115/1927/40 
f 3115/1927/40 3116/1928/40 3114/1926/39 
f 3023/1832/39 3114/1926/39 3116/1928/40 
f 3116/1928/40 3024/1833/40 3023/1832/39 
f 3115/1927/40 3060/1870/40 3061/1871/41 
f 3061/1871/41 3117/1929/41 3115/1927/40 
f 3116/1928/40 3115/1927/40 3117/1929/41 
f 3117/1929/41 3118/1930/41 3116/1928/40 
f 3024/1833/40 3116/1928/40 3118/1930/41 
f 3118/1930/41 3025/1834/41 3024/1833/40 
f 3117/1929/41 3061/1871/41 3062/1872/42 
f 3062/1872/42 3119/1931/42 3117/1929/41 
f 3118/1930/41 3117/1929/41 3119/1931/42 
f 3119/1931/42 3120/1932/42 3118/1930/41 
f 3025/1834/41 3118/1930/41 3120/1932/42 
f 3120/1932/42 3026/1835/42 3025/1834/41 
f 3119/1931/42 3062/1872/42 3063/1873/43 
f 3063/1873/43 3121/1933/43 3119/1931/42 
f 3120/1932/42 3119/1931/42 3121/1933/43 
f 3121/1933/43 3122/1934/43 3120/1932/42 
f 3026/1835/42 3120/1932/42 3122/1934/43 
f 3122/1934/43 3027/1836/43 3026/1835/42 
f 3121/1933/43 3063/1873/43 3064/1874/44 
f 3064/1874/44 3123/1935/44 3121/1933/43 
f 3122/1934/43 3121/1933/43 3123/1935/44 
f 3123/1935/44 3124/1936/44 3122/1934/43 
f 3027/1836/43 3122/1934/43 3124/1936/44 
f 3124/1936/44 3028/1837/44 3027/1836/43 
f 3123/1935/44 3064/1874/44 3065/1875/45 
f 3065/1875/45 3125/1937/45 3123/1935/44 
f 3124/1936/44 3123/1935/44 3125/1937/45 
f 3125/1937/45 3126/1938/45 3124/1936/44 
f 3028/1837/44 3124/1936/44 3126/1938/45 
f 3126/1938/45 3029/1838/45 3028/1837/44 
f 3125/1937/45 3065/1875/45 3066/1876/196 
f 3066/1876/196 3127/1939/198 3125/1937/45 
f 3126/1938/45 3125/1937/45 3127/1939/198 
f 3127/1939/198 3128/1940/198 3126/1938/45 
f 3029/1838/45 3126/1938/45 3128/1940/198 
f 3128/1940/198 3030/1839/194 3029/1838/45 
f 3129/1941/104 3067/1877/197 3068/1878/103 
f 3068/1878/103 3130/1942/103 3129/1941/104 
f 3131/1943/104 3129/1941/104 3130/1942/103 
f 3130/1942/103 3132/1944/103 3131/1943/104 
f 3032/1841/104 3131/1943/104 3132/1944/103 
f 3132/1944/103 3033/1842/103 3032/1841/104 
f 3130/1942/103 3068/1878/103 3069/1879/102 
f 3069/1879/102 3133/1945/102 3130/1942/103 
f 3132/1944/103 3130/1942/103 3133/1945/102 
f 3133/1945/102 3134/1946/102 3132/1944/103 
f 3033/1842/103 3132/1944/103 3134/1946/102 
f 3134/1946/102 3034/1843/102 3033/1842/103 
f 3133/1945/102 3069/1879/102 3070/1880/101 
f 3070/1880/101 3135/1947/101 3133/1945/102 
f 3134/1946/102 3133/1945/102 3135/1947/101 
f 3135/1947/101 3136/1948/101 3134/1946/102 
f 3034/1843/102 3134/1946/102 3136/1948/101 
f 3136/1948/101 3035/1844/101 3034/1843/102 
f 3135/1947/101 3070/1880/101 3071/1881/100 
f 3071/1881/100 3137/1949/100 3135/1947/101 
f 3136/1948/101 3135/1947/101 3137/1949/100 
f 3137/1949/100 3138/1950/100 3136/1948/101 
f 3035/1844/101 3136/1948/101 3138/1950/100 
f 3138/1950/100 3036/1845/100 3035/1844/101 
f 3137/1949/100 3071/1881/100 3072/1882/99 
f 3072/1882/99 3139/1951/99 3137/1949/100 
f 3138/1950/100 3137/1949/100 3139/1951/99 
f 3139/1951/99 3140/1952/99 3138/1950/100 
f 3036/1845/100 3138/1950/100 3140/1952/99 
f 3140/1952/99 3037/1846/99 3036/1845/100 
f 3139/1951/99 3072/1882/99 3073/1883/98 
f 3073/1883/98 3141/1953/98 3139/1951/99 
f 3140/1952/99 3139/1951/99 3141/1953/98 
f 3141/1953/98 3142/1954/98 3140/1952/99 
f 3037/1846/99 3140/1952/99 3142/1954/98 
f 3142/1954/98 3038/1847/98 3037/1846/99 
f 3141/1953/98 3073/1883/98 3074/1884/97 
f 3074/1884/97 3143/1955/97 3141/1953/98 
f 3142/1954/98 3141/1953/98 3143/1955/97 
f 3143/1955/97 3144/1956/97 3142/1954/98 
f 3038/1847/98 3142/1954/98 3144/1956/97 
f 3144/1956/97 3039/1848/97 3038/1847/98 
f 3143/1955/97 3074/1884/97 3040/1849/109 
f 3040/1849/109 3075/1885/77 3143/1955/97 
f 3144/1956/97 3143/1955/97 3075/1885/77 
f 3075/1885/77 3077/1887/77 3144/1956/97 
f 3039/1848/97 3144/1956/97 3077/1887/77 
f 3077/1887/77 3004/1812/109 3039/1848/97 
f 2463/1296/190 2463/1296/199 3145/1957/200 
f 3145/1957/200 2461/1294/188 2463/1296/190 
f 2463/1296/190 2465/1298/192 3146/1958/201 
f 3146/1958/201 2463/1296/199 2463/1296/190 
f 2465/1298/192 3067/1877/197 3147/1959/202 
f 3147/1959/202 3146/1958/201 2465/1298/192 
f 3067/1877/197 3129/1941/104 3148/1960/203 
f 3148/1960/203 3147/1959/202 3067/1877/197 
f 3131/1943/104 3149/1961/204 3148/1960/203 
f 3148/1960/203 3129/1941/104 3131/1943/104 
f 3032/1841/104 3150/1962/204 3149/1961/204 
f 3149/1961/204 3131/1943/104 3032/1841/104 
f 3031/1840/195 3151/1840/205 3150/1962/204 
f 3150/1962/204 3032/1841/104 3031/1840/195 
f 3031/1840/195 3030/1839/194 3152/1963/206 
f 3152/1963/206 3151/1840/205 3031/1840/195 
f 3030/1839/194 3128/1940/198 3153/1964/207 
f 3153/1964/207 3152/1963/206 3030/1839/194 
f 3128/1940/198 3127/1939/198 3154/1965/208 
f 3154/1965/208 3153/1964/207 3128/1940/198 
f 3066/1876/196 3155/1966/209 3154/1965/208 
f 3154/1965/208 3127/1939/198 3066/1876/196 
f 2461/1294/188 3145/1957/200 3155/1966/209 
f 3155/1966/209 3066/1876/196 2461/1294/188 
f 3156/1967/210 3157/1967/211 3158/1968/212 
f 3158/1968/212 3159/1968/213 3156/1967/210 
f 3159/1968/213 3158/1968/212 3160/1969/214 
f 3160/1969/214 3161/1969/215 3159/1968/213 
f 3161/1969/215 3160/1969/214 3162/1959/216 
f 3162/1959/216 3163/1959/217 3161/1969/215 
f 3163/1959/217 3162/1959/216 3164/1960/218 
f 3164/1960/218 3165/1960/219 3163/1959/217 
f 3165/1960/219 3164/1960/218 3166/1970/220 
f 3166/1970/220 3167/1970/221 3165/1960/219 
f 3167/1970/221 3166/1970/220 3168/1971/222 
f 3168/1971/222 3169/1972/223 3167/1970/221 
f 3169/1972/223 3168/1971/222 3170/1973/224 
f 3170/1973/224 3171/1974/224 3169/1972/223 
f 3171/1974/224 3170/1973/224 3172/1975/225 
f 3172/1975/225 3173/1976/226 3171/1974/224 
f 3173/1976/226 3172/1975/225 3174/1977/227 
f 3174/1977/227 3175/1977/228 3173/1976/226 
f 3175/1977/228 3174/1977/227 3176/1965/229 
f 3176/1965/229 3177/1965/230 3175/1977/228 
f 3177/1965/230 3176/1965/229 3178/1966/231 
f 3178/1966/231 3179/1966/232 3177/1965/230 
f 3179/1966/232 3178/1966/231 3157/1967/211 
f 3157/1967/211 3156/1967/210 3179/1966/232 
s 2
f 3173/1978/233 3175/1978/234 3180/192/234 
f 3180/192/234 3181/192/233 3173/1978/233 
f 3175/1979/234 3177/1980/235 3182/22/235 
f 3182/22/235 3180/19/234 3175/1979/234 
f 3177/1980/235 3179/1980/236 3183/22/236 
f 3183/22/236 3182/22/235 3177/1980/235 
f 3179/1980/236 3156/1980/237 3184/22/237 
f 3184/22/237 3183/22/236 3179/1980/236 
f 3156/1981/237 3159/1982/238 3185/23/238 
f 3185/23/238 3184/21/237 3156/1981/237 
f 3159/1982/238 3161/22/239 3186/19/239 
f 3186/19/239 3185/23/238 3159/1982/238 
f 3161/22/239 3163/22/240 3187/22/240 
f 3187/22/240 3186/19/239 3161/22/239 
f 3163/1983/240 3165/1983/241 3188/1983/241 
f 3188/1983/241 3187/1983/240 3163/1983/240 
f 3165/1983/241 3167/194/242 3189/194/242 
f 3189/194/242 3188/1983/241 3165/1983/241 
f 3167/194/242 3169/1984/243 3190/15/243 
f 3190/15/243 3189/194/242 3167/194/242 
f 3169/1985/243 3171/1984/244 3191/15/244 
f 3191/15/244 3190/15/243 3169/1985/243 
f 3171/1984/244 3173/1978/233 3181/192/233 
f 3181/192/233 3191/15/244 3171/1984/244 
s 1
f 3157/1967/211 3145/1957/200 2463/1296/199 
f 2463/1296/199 3158/1968/212 3157/1967/211 
f 3158/1968/212 2463/1296/199 3146/1958/201 
f 3146/1958/201 3160/1969/214 3158/1968/212 
f 3160/1969/214 3146/1958/201 3147/1959/202 
f 3147/1959/202 3162/1959/216 3160/1969/214 
f 3162/1959/216 3147/1959/202 3148/1960/203 
f 3148/1960/203 3164/1960/218 3162/1959/216 
f 3164/1960/218 3148/1960/203 3149/1961/204 
f 3149/1961/204 3166/1970/220 3164/1960/218 
f 3166/1970/220 3149/1961/204 3150/1962/204 
f 3150/1962/204 3168/1971/222 3166/1970/220 
f 3168/1971/222 3150/1962/204 3151/1840/205 
f 3151/1840/205 3170/1973/224 3168/1971/222 
f 3170/1973/224 3151/1840/205 3152/1963/206 
f 3152/1963/206 3172/1975/225 3170/1973/224 
f 3172/1975/225 3152/1963/206 3153/1964/207 
f 3153/1964/207 3174/1977/227 3172/1975/225 
f 3174/1977/227 3153/1964/207 3154/1965/208 
f 3154/1965/208 3176/1965/229 3174/1977/227 
f 3176/1965/229 3154/1965/208 3155/1966/209 
f 3155/1966/209 3178/1966/231 3176/1965/229 
f 3178/1966/231 3155/1966/209 3145/1957/200 
f 3145/1957/200 3157/1967/211 3178/1966/231 
# 6264 faces

