# Blender 4.3.2
# www.blender.org
mtllib rug.mtl
o Rug
v -81.460884 0.506646 -124.630608
v -81.351837 0.926151 -18.609785
v -81.397110 0.082363 105.327705
v 68.598679 0.925248 -10.601971
v 68.543442 0.563317 -124.716148
v -81.121979 1.031134 105.445213
v 68.470520 1.022295 105.417236
v -2.050483 0.932951 -125.035660
v 68.395050 1.030044 -124.897621
v -81.304512 1.026858 -124.854309
v -81.348228 0.135158 -15.154757
v 68.444855 0.040853 105.408417
v 68.600616 0.142673 -8.103459
v -81.326965 0.922842 105.414040
v -18.763258 0.128818 105.458954
v -7.547036 0.140678 -125.036087
v 68.399925 0.047723 -124.891235
v -81.246353 0.036645 -124.867760
v -81.386520 0.425713 115.053200
v -80.364128 0.818736 115.120865
v -80.439148 0.885828 105.342834
v -81.308037 0.887572 105.353668
v -82.991066 0.517785 114.939339
v -81.977783 0.788681 115.100296
v -80.108047 0.415336 115.234177
v -78.993523 0.403474 115.316841
v -78.448471 0.884236 105.343918
v -79.351624 0.884585 105.352089
v -79.173050 0.686535 114.941841
v -78.197388 1.028906 115.090111
v -77.426865 1.425023 108.840004
v -78.471199 1.019620 105.469086
v -77.430595 0.163000 115.062668
v -76.091324 0.833722 105.717529
v -77.471336 0.383852 105.343735
v -76.996574 0.664648 115.246948
v -75.846191 0.407229 115.317757
v -75.388412 0.841437 105.365364
v -76.311455 1.012729 105.345695
v -75.611908 0.410335 115.298798
v -74.461777 0.408645 115.315117
v -74.481758 0.881385 105.343575
v -75.399139 0.884069 105.353012
v -73.676857 0.766792 115.169441
v -73.486984 1.432112 111.734123
v -73.713882 0.974326 105.284981
v -73.772964 0.416829 115.287407
v -72.678528 0.405741 115.340370
v -72.473717 0.883766 105.345818
v -73.383095 0.883206 105.352684
v -72.351730 1.054862 115.320778
v -71.342781 0.584295 115.288574
v -71.487564 0.966772 105.324928
v -72.534927 0.494456 105.341873
v -71.181290 0.409118 115.385414
v -70.507660 0.882240 105.342064
v -71.426613 0.883603 105.346870
v -68.712173 0.391404 115.077438
v -69.582253 1.146457 105.304573
v -70.579529 0.383877 105.387245
v -70.393761 1.161195 109.940193
v -68.262123 0.529477 115.175735
v -68.154839 0.777354 109.783340
v -68.472595 0.716481 105.337425
v -69.522095 0.536093 105.343063
v -69.518448 0.501437 109.441498
v -68.151001 0.746199 115.296272
v -67.026711 0.708992 115.267426
v -67.512627 0.948353 105.315163
v -68.418068 0.973067 105.335587
v -66.134277 0.412616 115.282455
v -66.533493 0.883789 105.384407
v -67.515892 0.856639 105.341583
v -65.893440 0.403106 115.315674
v -64.911102 0.815340 115.243202
v -65.747429 0.741729 115.258362
v -64.435249 0.959929 105.337921
v -65.446327 0.979397 105.320702
v -64.675026 0.409520 115.297737
v -63.520683 0.408643 115.310760
v -63.555149 0.881324 105.343063
v -64.472694 0.884152 105.352913
v -62.411716 1.281875 115.223000
v -63.539307 0.914672 105.349762
v -61.777073 0.911486 115.318985
v -62.500740 0.872232 105.352608
v -61.553925 0.412996 115.315041
v -60.467339 0.408644 115.312698
v -60.569653 0.881239 105.342377
v -58.986523 0.572233 115.164696
v -59.421627 1.025327 108.400459
v -60.397835 0.911795 105.243362
v -58.973759 0.408928 115.316795
v -58.589870 0.882680 105.342468
v -56.831020 1.060771 115.100365
v -57.622177 0.910960 105.323166
v -57.349937 0.408184 115.312126
v -56.357502 0.817879 115.278587
v -56.068233 0.408933 115.305595
v -54.982861 0.316722 115.236130
v -55.628353 0.882664 105.342049
v -54.207069 0.444358 115.176682
v -54.702351 1.056421 105.291451
v -55.643726 0.650456 105.327545
v -55.760540 1.141520 109.258316
v -54.298882 1.346310 115.232651
v -53.395794 0.699376 115.259483
v -53.611443 0.946375 105.316574
v -52.997482 0.408641 115.320770
v -53.540169 0.848824 105.318451
v -51.556419 1.023248 115.196625
v -52.626415 0.884019 105.349945
v -51.567738 0.799400 105.381882
v -51.496891 1.374828 115.200218
v -50.780552 0.412165 115.296799
v -49.641232 0.408687 115.316559
v -49.657703 0.881807 105.343437
v -50.572861 0.883904 105.352493
v -49.752060 1.021612 115.213303
v -48.579422 0.747747 115.280762
v -48.590801 0.879893 105.341934
v -49.583832 0.980041 105.321144
v -49.068531 0.521640 115.286751
v -47.983013 0.406358 115.331642
v -47.673691 0.881368 105.343239
v -47.774872 0.500379 115.267227
v -46.658264 0.485553 115.304207
v -46.683460 1.013120 105.320763
v -47.689590 0.999020 105.384331
v -46.447010 0.409468 115.292854
v -45.694736 0.883820 105.384239
v -46.486938 0.871357 105.302719
v -44.915970 0.369628 115.252708
v -44.307407 1.157853 112.400230
v -45.479439 0.949353 105.308495
v -45.550579 1.077313 111.502144
v -42.659210 0.678572 115.056862
v -44.699360 0.951995 105.365715
v -43.065598 0.986518 115.257790
v -42.757290 0.839924 105.351700
v -43.612942 0.998248 105.322136
v -41.902943 1.040525 115.131615
v -41.581535 1.422534 109.516937
v -42.768463 0.754388 105.299622
v -42.655266 0.857421 110.590355
v -41.653915 0.517337 115.233635
v -40.703434 0.884484 105.346024
v -41.610977 0.885057 105.346207
v -40.554142 1.093856 115.282127
v -39.551174 0.398379 115.286507
v -39.638760 0.841999 105.346718
v -40.565231 0.979453 105.315460
v -38.458145 0.306514 115.236450
v -38.634892 0.865022 105.361206
v -39.480907 0.911065 105.256187
v -38.203835 0.406937 115.290413
v -37.178890 1.003954 115.245811
v -38.713570 0.869944 105.352463
v -36.677845 0.792231 115.338509
v -36.811878 0.868758 105.343506
v -37.704552 0.885185 105.351677
v -35.927353 1.202319 115.278740
v -35.674973 0.855319 105.356621
v -36.621559 0.977741 105.316345
v -34.809490 1.376309 115.235901
v -34.764641 0.838313 105.328972
v -35.646572 0.990460 105.309158
v -34.402340 0.752551 115.283340
v -33.315689 0.708194 115.232048
v -33.760292 0.942516 105.322075
v -34.767891 0.418153 115.187653
v -33.740326 0.861936 115.295761
v -32.822304 0.907929 105.340584
v -33.708889 0.874006 105.352798
v -33.544079 0.412899 115.238434
v -32.459595 0.408651 115.330826
v -31.947929 0.936810 105.274139
v -32.962708 0.779507 108.458084
v -31.139015 1.047819 115.295090
v -31.760769 1.026213 105.376419
v -31.276312 0.522327 115.285683
v -30.192688 0.408641 115.331169
v -29.836746 0.881853 105.342674
v -29.029373 1.144809 115.257698
v -28.739420 0.887953 105.347496
v -29.802128 0.960658 105.350777
v -27.835701 0.896653 105.330772
v -27.574474 0.401144 115.328552
v -26.536570 0.800558 115.310310
v -26.866575 0.890176 105.342331
v -27.767126 0.883518 105.346214
v -26.806238 1.177285 115.174431
v -25.771700 1.009806 105.332924
v -26.672367 1.090739 105.332619
v -25.401226 0.423734 115.325127
v -24.886637 0.909305 105.278969
v -25.690704 0.856430 105.386009
v -26.248281 0.755028 110.097321
v -24.122883 0.682247 115.253082
v -24.703463 1.005043 105.336403
v -23.622475 0.674953 115.303314
v -22.795155 0.844996 105.378296
v -23.642458 1.032837 105.344902
v -23.642994 0.394156 115.178238
v -21.832233 0.891175 105.348122
v -22.783607 0.885243 105.351341
v -22.132153 1.008493 115.297180
v -21.113178 0.695205 115.216148
v -20.881624 0.857492 105.358803
v -21.019800 0.415207 115.327637
v -19.902174 0.407084 115.352959
v -19.890802 0.883043 105.343910
v -20.801247 0.883834 105.352661
v -20.891989 0.742590 115.155418
v -19.775093 0.737029 115.240509
v -18.903202 0.876662 105.339088
v -19.760725 1.018872 105.328568
v -19.937704 0.458882 115.108322
v -18.979412 1.081880 115.199280
v -18.130800 0.964595 105.221375
v -18.759518 0.729767 115.226891
v -17.590218 0.914585 115.320496
v -16.953737 0.901053 105.339981
v -17.868055 0.858830 105.359962
v -17.432053 0.560276 115.015633
v -16.944220 0.657723 105.328781
v -17.042358 1.126228 109.208290
v -15.611313 1.037521 115.266563
v -15.061153 1.068333 105.349266
v -15.954088 0.822934 105.352364
v -13.929371 0.884146 105.346840
v -14.804639 0.870844 105.361221
v -13.218445 1.139441 115.339081
v -12.825261 0.800892 105.341682
v -13.862278 0.975779 105.323128
v -13.841590 0.417171 115.251930
v -12.732738 0.407106 115.362274
v -11.961234 0.883661 105.344582
v -12.866940 0.884641 105.352676
v -12.695542 0.412680 115.291435
v -11.610580 0.408650 115.384407
v -10.971758 0.900979 105.255333
v -11.942108 0.313285 105.314346
v -11.861932 0.826620 107.669968
v -12.373374 0.818057 114.992973
v -11.376928 0.906054 115.107948
v -9.928450 0.971327 105.324524
v -11.147938 1.051433 105.452583
v -11.642474 0.420828 115.009933
v -10.636870 0.828140 115.188950
v -9.867858 0.882074 105.356216
v -10.166248 0.902477 115.111710
v -9.012913 0.535491 115.214928
v -7.924691 0.965113 105.343018
v -9.005245 0.540432 105.380432
v -7.816197 0.835166 114.992722
v -7.993921 0.716507 105.326332
v -8.549038 0.974113 109.845528
v -7.463434 0.411842 115.323700
v -6.323994 0.408642 115.377586
v -6.006149 0.882418 105.343758
v -6.918595 0.884441 105.352989
v -4.926918 1.659970 115.201172
v -5.072768 0.870873 105.314262
v -6.033236 0.409859 105.354424
v -5.557890 0.612077 115.180473
v -4.486925 0.872451 115.303291
v -3.814576 1.047871 109.605446
v -4.101052 0.955053 105.247658
v -4.718316 1.229361 107.886848
v -4.952930 0.412342 115.268867
v -3.819957 0.408646 115.375496
v -3.021177 0.882537 105.345039
v -3.936247 0.883726 105.352707
v -3.516423 0.572969 115.280708
v -2.422845 0.612844 115.334358
v -1.890795 0.922690 105.348732
v -2.195016 0.409350 115.370560
v -1.086714 0.869659 105.345802
v 0.048891 0.299510 115.220367
v 0.051488 0.945128 105.351906
v 0.656402 0.408992 115.396843
v 1.671543 0.798779 115.324036
v 0.943196 0.889857 105.342850
v 3.298254 0.489140 114.857704
v 1.896697 1.238249 108.898239
v 0.874295 0.878642 105.308136
v 3.158499 1.298587 115.293144
v 3.088014 0.858641 105.228737
v 2.173848 1.211113 108.522476
v 3.091850 0.713119 115.145393
v 3.887764 0.868245 105.345230
v 2.985593 0.884446 105.361946
v 4.610101 0.404037 115.392082
v 5.707306 0.412198 115.305885
v 4.913116 0.881015 105.342522
v 3.989039 0.884333 105.349915
v 6.384261 0.909872 115.156029
v 7.291015 0.769783 114.839722
v 5.842845 0.932143 105.356567
v 4.911417 0.522838 105.343399
v 6.663261 0.572985 115.267700
v 7.151558 1.243526 111.097466
v 5.902962 0.451365 105.350281
v 7.114032 0.820326 115.336784
v 8.057143 1.221748 115.300926
v 7.844112 1.040360 105.337143
v 6.923182 0.813328 105.374222
v 9.107595 0.675916 115.156166
v 8.921700 0.885820 105.339523
v 8.011709 0.930558 105.341415
v 9.113832 0.633167 115.350746
v 10.090963 1.237406 115.303131
v 9.865414 0.909790 105.286392
v 9.080806 0.859631 105.541740
v 9.757578 0.809802 115.363449
v 10.710485 0.779538 115.378609
v 10.891613 0.881383 105.343872
v 11.982080 0.727036 115.356026
v 11.874269 0.903890 105.342606
v 10.974346 0.876267 105.347824
v 11.898700 1.395349 115.296913
v 12.827060 0.760666 115.366547
v 12.893535 0.905540 105.325264
v 14.587812 0.525006 115.112137
v 14.115363 1.445503 109.119934
v 13.937167 0.441095 105.357681
v 12.816009 0.578150 105.340897
v 12.899218 1.290993 109.703926
v 11.793736 0.455540 114.712135
v 12.786777 0.680036 115.004204
v 14.754834 0.940657 109.185501
v 14.987300 0.618084 105.323051
v 13.902855 0.356462 105.353554
v 15.074709 0.409027 115.397743
v 16.066296 0.817820 115.370811
v 16.569302 0.409025 115.391037
v 17.652018 0.412208 115.302628
v 16.823618 0.902230 105.343895
v 16.056482 0.758925 105.394966
v 18.244591 1.160767 115.280861
v 17.787050 1.001450 105.306839
v 16.873302 0.941434 105.354874
v 18.888586 1.009361 105.337990
v 17.740877 0.764893 105.392311
v 18.538319 0.389866 115.271355
v 19.870245 0.880717 105.347473
v 18.929920 0.883775 105.352943
v 19.675251 0.522499 115.362900
v 20.827961 0.881133 105.343803
v 21.016426 0.407628 115.374054
v 22.037922 0.798177 115.356796
v 21.812611 0.889988 105.342834
v 21.784033 1.026836 115.292870
v 22.956009 0.667189 115.317787
v 22.886780 0.932919 105.325302
v 21.886938 0.948819 105.334137
v 22.416203 0.546272 115.306091
v 23.465857 0.351906 115.351646
v 23.840969 0.908301 105.286102
v 22.923351 0.716854 105.515457
v 25.036728 0.962034 115.265900
v 24.742435 0.975224 105.338928
v 23.817198 0.879382 105.363899
v 25.334986 1.407248 115.232857
v 25.732414 0.929867 105.324287
v 24.870251 0.804612 105.365852
v 25.531515 0.728375 115.306854
v 26.780111 0.850275 105.337524
v 25.864670 0.804460 105.374115
v 26.999672 0.935380 115.261658
v 28.055462 0.287180 115.218018
v 27.921673 1.009112 109.299011
v 26.670492 0.912249 105.449135
v 28.303051 0.736077 114.893036
v 29.283436 0.770808 114.953316
v 29.207748 1.382177 109.314301
v 27.765226 0.819972 105.279976
v 25.892767 0.517956 114.256508
v 28.910311 0.693124 109.302254
v 28.766333 0.583987 105.338081
v 29.382956 0.523563 115.194130
v 30.402451 0.540272 115.216347
v 30.577896 0.945125 105.358879
v 29.835346 1.019064 105.375221
v 30.481424 0.422042 115.390121
v 31.739408 0.883652 105.344971
v 30.829735 0.883470 105.346741
v 32.641125 1.273728 115.304512
v 31.689705 0.531912 105.336311
v 31.494480 1.060647 111.715645
v 32.731918 0.828743 115.205177
v 33.649342 0.540073 115.278290
v 33.925484 0.737089 111.340462
v 33.819069 0.631028 105.334320
v 35.184093 0.683098 115.290558
v 34.837978 0.949909 105.352661
v 33.797123 0.877348 105.368965
v 35.003288 0.792758 115.417694
v 35.660332 0.868560 105.344612
v 34.754124 0.884414 105.361801
v 36.218075 0.509755 115.343796
v 37.253796 0.869861 115.287476
v 35.618500 0.930071 105.447418
v 37.764629 0.410527 115.347336
v 37.491810 0.882592 105.360954
v 37.905907 1.364371 115.320770
v 38.900204 0.710149 115.306931
v 38.791100 0.818670 105.343262
v 39.632938 1.162543 115.294838
v 39.719688 0.911240 105.317429
v 38.812492 1.023259 105.322777
v 39.868572 1.046452 115.291130
v 40.690735 0.863035 105.346634
v 39.772774 0.853073 105.359871
v 41.095501 1.026981 115.236343
v 40.731068 1.047118 105.427666
v 42.493252 0.796690 115.336365
v 41.720257 0.847610 105.362633
v 42.327789 0.412778 115.317688
v 43.462688 0.408641 115.361336
v 43.668808 0.882081 105.344322
v 42.752754 0.883838 105.352791
v 43.477230 0.701455 115.315971
v 44.481026 0.282885 115.335609
v 44.737076 0.891532 105.276810
v 43.845928 0.351091 105.522324
v 43.889843 1.028128 108.223251
v 46.129978 0.587736 115.137436
v 44.658611 0.584360 105.339119
v 44.526360 1.041058 109.986595
v 46.198143 0.302873 115.230865
v 47.268257 0.698075 115.130333
v 45.628605 0.976459 105.408989
v 47.434093 0.375863 115.161880
v 48.585304 0.351138 115.086464
v 47.642841 0.882179 105.344772
v 46.745922 0.883873 105.346352
v 47.846821 1.209435 115.313187
v 48.601025 0.965352 105.310860
v 49.198483 0.533307 115.231186
v 50.154022 0.353749 115.131065
v 49.516479 0.999769 105.317307
v 48.494518 0.566713 105.345673
v 48.560692 0.817766 111.024834
v 50.004642 0.827107 115.278091
v 51.152966 0.852726 115.255226
v 50.548569 0.907353 105.335434
v 51.373299 0.388448 115.293396
v 52.428997 0.884066 115.217110
v 50.646519 0.543063 105.472130
v 51.288689 1.085354 108.060303
v 53.205017 0.757395 115.221100
v 52.633228 0.897098 105.322205
v 52.232132 0.521168 115.287880
v 53.316982 0.409633 115.329781
v 53.582748 0.881629 105.343300
v 53.440166 0.411220 115.308395
v 54.584538 0.408644 115.326859
v 54.576817 0.882072 105.343552
v 53.663528 0.884152 105.346024
v 54.499569 1.023604 115.261612
v 55.577045 1.161806 115.260521
v 55.553978 0.910833 105.312279
v 54.657684 0.984712 105.322220
v 55.120884 0.810284 115.291878
v 56.071934 0.782367 115.338356
v 56.555130 0.881092 105.343269
v 56.477421 0.567540 115.288177
v 57.576427 0.208965 115.251732
v 57.479115 1.236928 110.186386
v 56.476974 0.868761 105.345108
v 57.984978 0.468704 115.301834
v 59.033630 0.789846 115.198318
v 57.488655 0.717193 105.355957
v 59.636002 0.992183 115.265236
v 59.554943 0.869402 105.344879
v 58.627636 0.869230 105.347519
v 59.718849 0.757622 115.029266
v 60.675583 1.179369 112.121803
v 59.744595 0.961322 105.313461
v 60.984886 0.409669 115.348015
v 62.079094 0.314131 115.296280
v 61.526894 0.881997 105.342957
v 61.466881 1.027757 115.231491
v 62.649815 0.665840 115.299637
v 62.508137 0.984278 105.312515
v 61.591068 0.939341 105.315498
v 63.722980 0.319458 115.132042
v 63.445137 0.990691 105.338028
v 62.345139 0.814250 105.508675
v 64.363525 0.959575 105.326065
v 64.930977 0.409142 115.363731
v 66.013672 0.412209 115.301270
v 65.495041 0.880846 105.342247
v 66.228149 0.579125 115.299690
v 67.214188 0.975620 115.223007
v 66.435013 0.960813 105.323601
v 65.539658 0.921417 105.353203
v 67.681526 0.789930 115.313286
v 67.425133 0.884215 105.342216
v 66.558517 0.885269 105.349716
v 73.739746 0.811026 112.888687
v 67.875854 0.985649 105.295883
v 70.291054 0.819931 -133.710373
v 69.276482 0.891038 -134.112152
v 67.349182 0.695428 -129.206543
v 68.334419 0.949683 -124.843529
v 71.390388 0.423033 -133.826447
v 67.459740 0.978019 -124.826561
v 68.099937 0.664081 -134.156403
v 66.107689 0.815825 -129.224182
v 66.543411 0.562627 -124.815987
v 67.370628 0.708752 -129.263458
v 66.171257 0.828991 -134.531982
v 65.253654 0.812223 -134.600586
v 64.483902 0.596211 -124.821136
v 65.520660 0.991625 -124.813042
v 64.888161 0.436390 -134.580627
v 63.677620 0.736084 -134.533005
v 64.526115 0.928116 -124.821800
v 62.295658 0.434306 -134.653259
v 63.619144 0.466493 -124.819633
v 62.260342 1.124989 -134.660522
v 61.342506 0.852881 -134.652283
v 62.604015 0.550638 -124.808716
v 61.704922 1.275549 -134.631165
v 61.602974 0.557236 -124.807091
v 60.777584 0.382015 -134.578049
v 59.590626 1.134119 -124.804764
v 60.535873 1.026785 -124.825439
v 59.295242 0.590152 -134.667175
v 58.382931 1.223233 -134.621063
v 58.512310 0.403105 -124.819519
v 59.598804 0.950971 -124.827484
v 58.764366 0.713644 -134.442810
v 57.641380 0.823967 -134.642426
v 58.504532 0.948046 -124.752281
v 57.133896 0.846946 -134.679810
v 56.093121 0.442738 -134.629562
v 56.611626 0.945396 -124.840996
v 57.562351 0.948166 -124.822144
v 55.887779 0.847057 -134.661041
v 54.864967 0.441538 -134.580643
v 55.644550 0.944970 -124.840141
v 56.581516 0.951628 -124.821564
v 54.978100 1.235330 -134.539703
v 53.976536 0.775083 -134.393799
v 54.555328 0.753801 -129.900208
v 55.625240 0.952337 -124.824669
v 54.361389 0.532878 -134.671799
v 53.236504 0.437872 -134.639008
v 54.666386 0.844706 -124.821556
v 52.991188 1.047477 -134.634201
v 52.062237 0.369033 -134.540619
v 52.552399 0.880202 -124.830338
v 53.605942 1.078307 -124.798264
v 51.811890 0.504522 -134.670563
v 50.680183 0.440768 -134.551666
v 51.684429 0.944031 -124.828621
v 50.251965 0.883054 -134.529922
v 49.223083 0.491075 -134.342789
v 50.624516 0.466922 -124.795677
v 51.520966 1.029401 -124.762291
v 48.270027 0.965454 -134.239212
v 49.644123 1.029502 -124.787796
v 50.675377 0.419354 -124.828056
v 49.512890 0.748837 -134.657089
v 48.681671 0.990628 -124.814125
v 49.670071 0.958383 -124.839561
v 47.072044 0.437657 -134.610886
v 48.716789 0.567053 -124.818642
v 48.104195 0.795936 -134.639023
v 46.796566 1.020522 -134.574158
v 45.858807 0.819885 -134.442398
v 47.729019 0.937792 -124.810654
v 45.564770 0.454196 -134.580734
v 45.721298 0.880625 -124.855309
v 46.714615 0.962985 -124.835281
v 43.815727 1.080526 -134.551712
v 45.642365 1.057595 -124.785484
v 44.433376 1.053255 -134.578537
v 43.326431 1.372138 -134.478912
v 43.827648 1.132496 -124.787041
v 44.675728 1.024633 -124.736221
v 43.015331 0.533485 -134.415176
v 42.839252 1.038266 -124.810776
v 41.255711 0.689731 -134.593094
v 41.730522 1.050771 -124.792229
v 42.660618 0.991981 -124.807472
v 42.055069 0.425019 -134.627182
v 40.848461 0.444361 -134.653549
v 40.744453 0.957799 -124.821404
v 41.696842 0.929909 -124.822662
v 40.245354 1.105344 -134.643372
v 39.671753 0.923444 -124.828735
v 40.671658 1.039043 -124.810966
v 39.810829 0.480877 -134.474915
v 38.682659 0.463090 -134.471848
v 39.777691 0.924894 -124.822144
v 38.151619 0.847897 -134.673492
v 37.110844 0.438982 -134.607697
v 37.750191 0.943032 -124.841248
v 38.702213 0.968166 -124.823875
v 37.557106 1.047095 -134.555954
v 36.363174 0.746442 -134.606628
v 36.773403 1.040973 -124.871544
v 37.603794 0.998941 -124.815430
v 37.227051 0.422422 -134.618256
v 36.006836 0.723817 -134.638367
v 35.773876 0.960389 -124.822006
v 36.725941 0.924902 -124.822533
v 35.573597 0.847062 -134.672836
v 34.565514 0.523307 -134.653549
v 34.751129 0.919425 -124.821640
v 35.740368 0.950749 -124.821350
v 34.488091 0.841726 -134.632874
v 33.539742 1.460531 -134.552429
v 34.832840 0.491814 -124.822266
v 32.845318 0.946515 -134.650635
v 32.844826 1.104188 -124.800247
v 33.739647 0.975814 -124.813744
v 32.980907 0.934238 -134.695190
v 32.741577 0.926583 -124.822655
v 30.597210 1.019978 -134.552155
v 30.824032 1.039716 -124.797485
v 31.827850 1.010808 -124.816589
v 30.248518 0.848373 -134.700623
v 29.249441 0.519123 -134.637970
v 29.786598 0.896215 -124.819717
v 30.665855 0.957093 -124.841141
v 29.287258 0.913217 -134.533356
v 28.261463 1.301055 -134.465927
v 29.807898 0.433732 -124.825706
v 28.719877 0.442033 -134.526031
v 27.608269 0.691211 -134.545349
v 28.772942 0.968820 -124.838486
v 26.308662 0.721853 -134.262268
v 26.828529 0.948281 -124.822044
v 27.777031 1.179052 -124.847176
v 26.871889 1.326264 -134.410355
v 25.895643 0.712499 -134.452347
v 25.781677 0.985167 -124.788979
v 25.992567 0.425596 -134.679794
v 24.767700 0.721780 -134.662018
v 24.842651 0.969248 -124.828278
v 25.771149 0.944985 -124.841141
v 23.062443 0.706166 -134.532501
v 23.773962 0.638515 -124.820557
v 24.238827 0.504981 -134.691498
v 23.779593 0.700938 -134.657715
v 22.596781 0.780965 -134.647141
v 22.872726 1.038528 -124.872490
v 23.638546 1.000277 -124.778519
v 22.655062 0.821960 -134.767380
v 21.613194 0.695832 -134.729675
v 22.840672 0.950705 -124.823036
v 20.795406 0.921632 -134.664917
v 21.339003 1.042919 -124.779175
v 21.690649 1.139588 -134.657532
v 21.085974 0.941606 -134.654236
v 19.775778 0.951318 -124.826263
v 20.848763 1.017631 -124.788582
v 19.578966 0.847265 -134.677368
v 18.669497 0.770139 -134.618393
v 19.912479 0.972669 -124.839714
v 17.734016 0.716852 -134.681870
v 17.850395 0.915818 -124.803780
v 18.891312 0.623018 -124.815773
v 17.462347 1.142717 -134.684235
v 16.955982 1.007662 -124.789612
v 17.962568 0.577900 -124.819160
v 17.689354 0.236697 -134.167435
v 15.820602 1.037704 -128.949936
v 16.439854 0.934218 -124.729393
v 16.572069 1.166483 -128.255463
v 16.188251 0.415866 -134.620819
v 14.954374 1.164207 -124.811424
v 15.847021 0.983320 -124.827019
v 14.715385 0.847199 -134.715332
v 13.740684 0.707392 -134.674988
v 14.909489 0.970655 -124.846916
v 13.330623 0.847073 -134.734314
v 12.310309 0.441105 -134.667053
v 12.961055 0.943674 -124.842125
v 13.902505 0.952000 -124.823273
v 10.866521 0.475876 -134.512512
v 11.938344 0.962752 -124.810242
v 12.928595 1.048627 -124.810165
v 11.914763 1.166686 -134.526932
v 10.949029 1.089146 -134.464996
v 11.909281 1.150169 -124.819420
v 10.128985 1.018829 -134.522858
v 9.880982 0.882440 -124.787422
v 9.757104 0.396640 -134.639801
v 8.653736 0.499662 -134.584534
v 9.722672 1.018916 -124.859482
v 7.973995 0.945216 -124.830437
v 8.901588 0.968943 -124.839149
v 6.426009 0.633012 -134.678421
v 6.943704 0.933901 -124.801361
v 7.914141 1.033595 -124.793915
v 7.196795 0.985392 -134.673782
v 6.118299 1.256055 -134.685394
v 5.980837 0.961419 -124.798546
v 6.957054 1.018897 -124.799400
v 6.305762 0.402040 -134.595917
v 4.975522 0.961290 -124.824059
v 5.904379 0.944889 -124.830322
v 5.243366 0.424857 -134.716553
v 4.022739 0.722954 -134.712753
v 3.988828 0.959558 -124.823723
v 4.922443 0.945415 -124.830551
v 2.621624 0.431508 -134.649170
v 3.000717 0.971320 -124.816803
v 3.962316 1.086877 -124.829124
v 2.463549 0.841628 -134.730042
v 1.354940 0.724161 -134.670914
v 2.759799 0.922262 -124.794907
v 1.292178 0.845755 -134.749344
v 0.268544 0.442262 -134.672577
v 1.027330 0.944418 -124.831100
v 1.955444 0.967559 -124.841751
v 1.336587 0.640397 -134.678619
v 0.297905 1.122234 -134.715897
v 1.015582 0.967562 -124.802467
v 0.019983 0.423739 -134.739777
v -1.183577 0.440570 -134.725281
v -0.970055 0.968583 -124.828400
v -0.042701 0.946012 -124.842842
v -0.791282 1.164382 -134.690536
v -1.857777 0.977131 -134.620514
v -0.983351 1.011712 -124.799530
v -3.009135 0.970569 -124.846397
v -1.957712 0.571101 -124.821960
v -4.216890 0.723023 -134.661545
v -3.963120 0.968666 -124.838730
v -2.962035 0.569451 -124.820671
v -3.136777 0.797252 -134.739883
v -4.076622 0.727521 -134.502258
v -5.161761 0.723201 -134.423767
v -4.863960 1.045747 -124.708778
v -4.098126 0.307133 -124.915512
v -3.756886 1.062368 -129.837112
v -4.044697 0.449005 -134.619949
v -5.099261 0.827734 -134.710571
v -6.043322 0.510250 -124.821182
v -4.982337 0.940270 -124.815712
v -5.453600 0.436101 -134.795853
v -7.019966 0.676215 -124.826195
v -6.025438 0.944571 -124.843163
v -6.633145 0.425143 -134.727325
v -7.855911 0.722430 -134.727798
v -7.934348 0.960344 -124.825546
v -7.001922 0.944927 -124.842529
v -9.232863 0.441738 -134.678802
v -8.988596 0.946034 -124.808899
v -7.926729 1.093338 -124.813622
v -10.477451 0.437829 -134.703552
v -8.963993 0.972243 -124.821045
v -9.316969 0.514168 -134.745468
v -9.643113 1.190404 -134.688477
v -10.957322 0.959984 -124.814499
v -9.906551 0.587554 -124.811356
v -10.923059 0.840373 -134.659454
v -11.989792 1.240839 -134.709564
v -11.993035 0.528025 -124.815315
v -11.197417 0.976454 -124.812035
v -11.630925 0.823304 -134.705002
v -12.862340 1.026921 -124.805283
v -11.855241 0.538810 -124.820038
v -13.509660 0.415989 -134.731644
v -14.381988 1.124770 -134.667450
v -13.996368 0.452979 -124.820541
v -12.903538 0.944932 -124.834854
v -14.539202 0.847056 -134.742996
v -15.561221 0.441539 -134.671661
v -14.867613 0.944308 -124.842018
v -13.924213 0.951343 -124.824638
v -14.952795 0.869281 -134.683014
v -15.896492 1.032687 -124.804199
v -14.829234 0.972045 -124.803795
v -13.478360 0.686035 -133.168777
v -16.656366 1.209037 -129.231262
v -16.955528 0.396242 -124.839607
v -15.876473 0.542550 -124.817802
v -15.682359 1.336267 -129.201614
v -15.987818 0.746610 -134.413788
v -17.054064 0.424894 -134.553329
v -18.088285 0.987062 -124.951424
v -16.941195 0.882816 -124.828125
v -18.767153 0.701698 -134.671371
v -17.809797 1.125376 -129.390182
v -19.090860 0.818357 -134.730026
v -19.849764 1.064774 -124.793602
v -18.870134 0.952538 -124.804695
v -20.443388 0.513071 -134.554886
v -20.794044 1.026646 -124.818794
v -19.908833 0.982283 -124.823540
v -21.512037 0.703340 -134.650909
v -21.861456 1.095833 -124.808205
v -20.889091 1.017176 -124.841644
v -23.007895 0.505479 -134.703979
v -24.131392 0.440237 -134.546753
v -22.797173 0.944583 -124.843353
v -22.862488 0.677369 -134.689606
v -23.931458 1.144697 -134.668777
v -22.849047 1.035182 -124.803558
v -24.615759 0.780267 -134.663696
v -24.854748 1.018657 -124.803909
v -23.852648 0.983471 -124.821236
v -25.524935 0.934262 -134.751617
v -25.786594 0.934213 -124.790375
v -25.017487 0.285186 -124.836006
v -27.119244 1.384459 -134.244736
v -25.742802 0.760823 -129.377197
v -26.465017 0.381336 -134.540329
v -27.972002 1.109925 -124.872597
v -26.901049 1.068045 -124.838440
v -28.155165 0.843848 -134.719406
v -29.189638 0.441709 -134.676239
v -28.784935 0.946019 -124.841133
v -27.856611 0.970149 -124.828232
v -29.267427 1.099240 -134.697525
v -30.159147 0.829307 -134.665085
v -29.816463 0.935308 -124.802322
v -28.754929 0.549248 -124.810921
v -30.687422 1.001697 -134.656601
v -31.492352 1.195718 -134.630569
v -32.871204 0.702066 -134.516617
v -32.742443 0.946421 -124.837112
v -31.946274 0.834451 -124.872658
v -33.147896 0.397960 -134.678528
v -34.339790 0.702968 -134.536636
v -33.793739 1.234354 -134.556213
v -34.742886 0.710052 -134.538864
v -33.861729 1.065023 -124.807800
v -35.129433 0.847076 -134.714188
v -36.135178 0.437368 -134.674988
v -34.790844 0.951830 -124.823074
v -36.351440 0.397223 -134.601669
v -37.393051 0.802389 -134.544647
v -36.768372 0.977783 -124.829041
v -35.806625 0.998836 -124.816170
v -36.757244 0.892826 -134.656586
v -37.707142 0.444084 -134.663010
v -38.929390 0.381319 -134.646271
v -38.704750 1.056065 -124.816956
v -37.732395 0.962464 -124.837753
v -39.367867 0.448121 -134.736160
v -40.441685 0.746741 -134.635452
v -39.643929 0.944614 -124.832970
v -38.877998 0.841709 -124.877243
v -41.124989 0.875065 -129.057007
v -40.018391 1.078197 -124.782082
v -41.491653 1.152007 -134.627640
v -42.530876 0.834094 -134.544342
v -41.412746 0.425796 -134.643646
v -42.640591 0.720514 -134.592880
v -42.688820 0.959665 -124.823578
v -41.735882 0.927069 -124.821457
v -43.888103 0.850886 -134.299179
v -43.995510 0.688199 -129.451019
v -42.625446 0.910546 -124.844238
v -43.622467 1.133704 -134.593796
v -44.498833 1.383701 -134.602753
v -44.685555 0.952880 -124.802170
v -43.720943 0.989000 -124.795715
v -45.111298 0.994424 -134.545212
v -45.707829 1.013288 -124.793549
v -44.708954 0.986023 -124.806107
v -44.720638 1.136475 -134.499466
v -46.660519 0.894759 -124.795074
v -45.856949 0.784236 -125.035789
v -46.910648 0.445171 -134.465881
v -47.682640 1.072477 -124.825089
v -46.720078 0.957878 -124.822075
v -45.928280 0.734637 -134.208496
v -48.531601 0.762628 -134.659744
v -48.601093 1.078767 -124.788528
v -47.646919 0.949917 -124.800262
v -48.306732 0.424716 -134.640198
v -49.529549 0.722471 -134.644928
v -49.635914 0.960072 -124.822052
v -48.704720 0.945262 -124.840599
v -50.978703 0.706943 -134.406723
v -49.611034 0.492770 -124.817261
v -49.886112 0.804243 -134.649185
v -50.901390 1.144967 -134.628540
v -51.939915 0.781422 -134.602524
v -51.513733 0.932939 -134.684052
v -51.689049 0.944803 -124.840096
v -52.215855 0.392364 -134.559677
v -53.635578 1.030309 -124.799782
v -52.653542 0.536361 -124.949066
v -52.791443 0.951593 -127.702919
v -53.569649 0.568717 -124.821022
v -56.017044 0.804368 -134.614700
v -55.567089 1.068350 -124.801308
v -55.863743 0.847065 -134.667084
v -56.869335 0.523097 -134.638611
v -56.615391 0.919275 -124.821342
v -55.624458 0.951640 -124.821503
v -58.322998 0.704580 -134.385986
v -56.597313 1.024110 -124.801079
v -58.403923 0.503154 -134.654419
v -59.546928 0.441891 -134.545776
v -58.567921 0.944678 -124.839653
v -59.595284 0.998604 -134.593384
v -59.555229 1.041401 -124.791191
v -58.515804 0.565715 -124.817780
v -59.553383 1.111861 -134.619247
v -60.611786 0.956428 -124.803047
v -59.607952 0.536527 -124.948181
v -59.577930 0.928005 -128.469864
v -60.631691 0.442952 -134.490204
v -61.734192 0.698931 -134.482254
v -60.592819 0.958060 -124.820770
v -62.864376 1.195212 -134.498459
v -61.486099 0.477436 -124.826553
v -61.881336 1.198327 -134.610184
v -64.213257 0.420437 -134.563324
v -63.595821 0.963209 -124.814301
v -62.590832 1.064363 -124.801903
v -63.502277 1.258874 -134.563080
v -64.562675 1.065338 -134.557419
v -64.765053 0.960537 -134.664917
v -65.554840 0.916285 -124.833496
v -64.569069 0.936476 -124.821190
v -65.165649 0.424620 -134.607361
v -66.387878 0.722795 -134.615433
v -66.508575 0.959751 -124.821671
v -65.577133 0.945462 -124.827927
v -66.691658 0.397285 -134.630386
v -66.543503 0.534229 -124.947678
v -66.994896 0.939133 -127.812302
v -67.495529 1.157972 -134.594055
v -68.526581 0.775631 -134.598923
v -68.300903 0.932145 -134.644989
v -68.580353 0.941487 -124.840668
v -69.704132 0.934236 -134.674133
v -69.569023 0.944700 -124.828133
v -70.022461 0.643842 -134.578964
v -71.218819 1.033309 -134.546844
v -71.549904 0.500345 -124.816566
v -70.472626 0.973157 -124.798347
v -71.250839 0.424545 -134.615585
v -72.458458 0.444654 -134.631439
v -72.461380 0.959426 -124.820930
v -71.511185 0.929304 -124.821922
v -72.839264 1.140357 -134.621262
v -73.395569 0.930595 -134.655594
v -73.521469 0.944953 -124.839325
v -74.444435 0.861646 -134.526138
v -75.515617 0.698910 -134.451141
v -74.441658 0.942897 -124.826233
v -75.554153 0.526698 -134.536072
v -76.456024 0.970278 -124.827927
v -75.417786 0.846526 -124.820244
v -78.028900 0.426292 -134.566681
v -77.485382 0.961778 -124.805542
v -76.534477 1.124274 -124.789177
v -77.597153 1.217859 -134.591736
v -78.590919 0.660546 -134.570648
v -78.425858 0.954731 -124.804581
v -77.376053 0.550115 -124.812012
v -78.937050 0.848596 -134.634796
v -79.978210 0.444106 -134.576279
v -79.419922 0.945342 -124.839531
v -78.468933 0.948998 -124.819550
v -79.304909 0.623981 -134.591782
v -80.348946 1.120105 -134.604401
v -79.401985 0.968450 -124.797798
v -79.893806 0.422396 -134.569138
v -81.102501 0.445450 -134.618637
v -81.381088 0.959964 -124.821243
v -80.453102 0.943793 -124.840233
v -80.386314 0.008160 115.124321
v -79.360672 0.459740 105.357964
v -80.478867 0.264757 105.349350
v -80.393707 0.083254 105.354523
v -81.685951 0.151681 114.957626
v -78.309151 0.147369 105.388840
v -79.409660 0.103838 105.337814
v -77.362251 0.832648 111.257118
v -77.390137 0.438162 105.359512
v -78.266861 0.400962 110.207085
v -78.540756 0.365292 114.890884
v -76.470406 0.084003 105.377106
v -76.444336 0.266247 105.346725
v -74.359291 0.147397 105.349220
v -75.457817 0.098673 105.338440
v -72.601700 0.629445 114.879822
v -73.460579 0.617503 111.210205
v -73.421806 0.169425 105.375877
v -74.472649 0.172619 105.373055
v -74.483383 0.449716 111.325645
v -72.329514 0.147378 105.365921
v -73.440865 0.103748 105.338791
v -72.581894 0.250362 115.179329
v -71.434341 0.305138 105.415321
v -70.466393 0.077658 105.351761
v -69.775574 0.318623 115.218124
v -69.426392 0.447089 105.578751
v -67.245110 0.260450 114.971626
v -68.404778 0.032061 109.341743
v -67.372292 0.230292 105.417763
v -68.473732 0.190455 105.370705
v -67.204308 0.241113 115.325668
v -66.423470 0.157220 105.345734
v -64.860001 0.063574 115.239471
v -65.430489 0.487508 105.344414
v -66.521019 0.096272 105.338951
v -64.627518 0.559175 115.290321
v -64.516472 0.144714 105.387810
v -65.509979 0.192804 105.371346
v -63.433270 0.147292 105.348907
v -64.531471 0.098618 105.337769
v -63.323711 0.435493 115.269524
v -62.181652 0.496514 115.262932
v -62.420578 0.557814 105.351273
v -63.511860 0.113356 105.359688
v -61.736500 0.094816 115.281906
v -61.432579 0.466026 105.349602
v -62.544445 0.091008 105.341652
v -60.448471 0.147109 105.360123
v -61.546543 0.098387 105.338257
v -60.117279 0.221548 115.256416
v -59.610107 0.413390 105.371040
v -57.886318 0.311720 115.250603
v -58.418846 0.191509 105.367645
v -59.562962 0.097840 105.338432
v -57.868393 0.686260 115.277733
v -57.600567 0.304687 105.553932
v -58.643772 0.641006 105.348457
v -56.310513 0.063269 115.280525
v -56.495205 0.486013 105.345291
v -57.592098 0.096849 105.338562
v -55.501312 0.166918 105.344276
v -56.599270 0.096373 105.338593
v -54.656513 0.427833 105.668884
v -55.613834 0.428256 110.156944
v -54.474545 0.484079 115.241531
v -53.386520 0.214786 105.579849
v -54.571308 0.191752 105.376991
v -54.069523 0.181303 115.268211
v -52.505287 0.145397 105.430077
v -52.515457 0.052222 115.198044
v -51.585434 0.181404 115.151871
v -51.549381 0.519651 105.345856
v -52.618866 0.122878 105.353470
v -51.481583 0.574664 115.041252
v -50.628254 0.401660 115.253235
v -50.548485 0.582833 105.340385
v -51.581398 0.090853 105.362640
v -49.531239 0.147258 105.351334
v -50.631451 0.099516 105.337753
v -49.642868 0.320279 115.284470
v -48.640194 0.182352 105.402962
v -49.638760 0.166202 105.374519
v -47.552731 0.147587 105.348824
v -48.649261 0.098536 105.337837
v -46.437084 0.382565 105.602341
v -47.593800 0.296782 105.396011
v -45.347561 0.412326 115.234436
v -45.584476 0.157239 105.347481
v -43.989399 0.492462 115.069466
v -44.706482 0.061855 105.378677
v -45.726620 0.145615 105.373871
v -43.849319 0.254797 115.252716
v -42.837585 0.004859 115.145134
v -43.612232 0.644690 105.333382
v -44.703369 0.189186 105.359314
v -42.047298 0.427518 115.114761
v -42.765263 0.098147 105.390434
v -41.856339 0.049467 115.056717
v -40.888641 0.383404 115.012505
v -41.558945 0.720558 109.427422
v -41.643349 0.435576 105.359680
v -40.584965 0.456820 115.224258
v -39.691410 0.116816 105.372154
v -40.684139 0.388175 115.298157
v -39.453365 0.702798 115.281410
v -38.757153 0.180081 105.383751
v -37.072159 0.145396 115.192741
v -38.667896 0.092962 105.344391
v -36.772194 0.087958 105.342888
v -37.764431 0.091087 105.342079
v -35.068794 0.312837 115.207222
v -35.739861 0.107477 105.370605
v -36.140919 0.377855 115.268188
v -35.906246 0.826295 115.263115
v -34.787422 0.693272 115.267830
v -34.818916 0.042410 105.386505
v -33.779026 0.185578 105.391930
v -34.774048 0.182697 105.370041
v -33.676167 0.118371 115.305183
v -32.669586 0.130149 105.382080
v -33.759720 0.093707 105.338577
v -31.670082 0.145090 105.375885
v -32.209095 0.366717 115.231476
v -30.704380 0.456723 105.358727
v -31.777147 0.178217 105.373596
v -29.712587 0.147232 105.364799
v -30.807907 0.099556 105.337738
v -29.975672 0.459453 115.264053
v -28.816669 0.351752 115.294296
v -28.798355 0.147323 105.359535
v -29.784819 0.160964 105.358589
v -28.864243 0.420885 115.156937
v -27.773952 0.361144 115.132309
v -27.847256 0.169610 105.379967
v -28.810053 0.110661 105.358452
v -26.537281 0.012524 115.298584
v -26.657314 0.193025 105.388306
v -26.938940 0.299271 115.161217
v -25.953112 0.379009 115.190331
v -26.917265 0.394942 105.387833
v -26.481115 0.306646 115.262817
v -25.653921 0.120968 105.291473
v -25.230869 0.346181 115.209213
v -23.773874 0.096897 111.056984
v -23.777794 0.722516 105.327103
v -24.882713 0.286614 105.360367
v -23.887257 0.197229 105.347450
v -22.504589 0.420162 115.300652
v -21.703823 0.148832 105.415283
v -22.835983 0.104591 105.339790
v -22.247950 0.159699 115.212265
v -21.216183 0.002894 115.257545
v -20.917313 0.086609 105.345909
v -21.914820 0.200632 105.341736
v -19.754007 0.146995 105.380005
v -20.859686 0.102202 105.338570
v -18.917658 0.116422 105.361923
v -20.071484 0.328383 105.389351
v -18.860682 0.040580 115.237099
v -17.611166 0.424768 105.735168
v -18.439190 0.047512 115.277519
v -17.905758 0.081275 105.341972
v -16.452618 0.420887 115.112000
v -16.010513 0.251164 111.191513
v -15.864974 0.404129 105.350319
v -16.960529 0.303343 109.688011
v -15.273333 0.327401 115.323898
v -14.284295 0.808127 115.233910
v -15.851406 0.011552 105.364738
v -15.997078 0.275425 115.264282
v -14.931963 0.588724 115.397522
v -13.697457 0.123367 105.474861
v -14.894567 0.104106 105.339203
v -14.157490 0.266946 115.295341
v -12.918250 0.201744 105.384476
v -13.921675 0.167108 105.370995
v -11.824656 0.147026 105.385902
v -12.925237 0.103467 105.338463
v -10.828307 0.144748 105.381271
v -10.026245 0.364182 105.494659
v -11.052578 0.371234 105.424202
v -10.597237 0.055755 115.210846
v -8.835195 0.502809 105.357895
v -9.923676 0.105835 105.340813
v -8.035553 0.307180 105.458466
v -10.124890 0.064917 114.993111
v -8.805051 0.320187 114.953590
v -7.774910 0.038079 115.041901
v -6.939188 0.724688 105.356018
v -6.986492 0.148692 105.376831
v -8.418095 0.327715 109.705742
v -5.877678 0.147292 105.370453
v -6.976959 0.100771 105.338547
v -5.583321 0.623975 115.289986
v -4.653701 0.959354 115.148483
v -4.960967 0.090651 105.404480
v -3.946005 0.235382 105.418495
v -4.771546 0.285208 105.401451
v -2.889964 0.147369 105.355972
v -3.993780 0.100531 105.338478
v -1.951987 0.220320 105.413071
v -3.044614 0.166192 109.841171
v -1.141187 0.253968 115.347412
v -1.060590 0.088675 105.346123
v -2.061028 0.090034 105.342972
v -1.045446 0.404001 115.204842
v 0.003739 0.129895 105.357414
v -0.969217 0.181514 105.362526
v 1.648325 0.017288 115.323334
v 1.117138 0.191215 105.364922
v -0.028702 0.097908 105.339874
v 2.215343 0.209515 115.142662
v 2.027859 0.449310 105.370926
v 1.046575 0.093719 105.426468
v 0.859572 0.510611 108.965347
v 2.164278 0.648766 115.332977
v 3.199641 0.567075 115.333847
v 2.956453 0.121793 105.395309
v 2.116155 0.295115 105.458900
v 3.362881 0.029094 115.424438
v 3.930683 0.086887 105.344185
v 2.925943 0.092587 105.341080
v 5.015038 0.141790 105.351418
v 7.201073 -0.075812 114.846916
v 6.110247 0.381989 109.636429
v 5.200920 0.322300 110.941231
v 5.657283 0.697150 115.104851
v 8.341996 0.562534 115.312553
v 7.977797 0.162313 105.350929
v 7.812412 0.380854 115.306076
v 8.836302 0.033216 115.324059
v 8.942269 0.093195 105.352409
v 7.924344 0.142939 105.346924
v 10.173402 0.445695 115.312729
v 10.036383 0.246666 105.405708
v 9.047323 0.329606 108.396660
v 10.191526 -0.061596 115.387886
v 9.914957 0.098511 105.339104
v 10.856012 0.449797 115.362663
v 11.741394 0.605827 115.338394
v 13.549004 0.545036 115.194847
v 14.063054 0.710972 109.475098
v 13.080664 0.597622 109.671486
v 12.830825 -0.044699 115.032112
v 14.649096 0.192944 108.948090
v 13.485250 0.344785 109.643959
v 16.113420 0.063566 115.369667
v 15.971361 0.486063 105.346535
v 14.874712 0.096983 105.339981
v 16.938231 0.170907 105.321136
v 16.130510 0.114828 108.555321
v 17.330317 0.419704 115.334587
v 18.029284 0.390423 105.496605
v 16.897215 0.140149 105.381088
v 17.775223 0.727324 115.337448
v 18.886040 0.516724 115.347000
v 18.885981 0.140336 105.362419
v 17.887226 0.131791 105.359802
v 19.705896 0.420142 115.335052
v 19.989624 0.142090 105.359406
v 18.871748 0.100614 105.338806
v 20.751482 0.411446 115.377289
v 19.850882 0.097996 105.338776
v 22.020288 0.014509 115.349777
v 21.994770 0.192164 105.371155
v 20.844219 0.098549 105.338951
v 21.892323 0.321801 115.328613
v 22.843760 0.170544 105.394142
v 21.848082 0.197934 105.372566
v 23.856087 0.161539 105.345963
v 22.950840 0.069091 108.005890
v 24.089682 0.478748 115.320580
v 25.174719 0.126743 115.315048
v 24.924013 0.261804 105.354576
v 25.530153 0.687809 115.253044
v 26.517128 1.282644 115.207161
v 25.978878 0.318230 105.375832
v 24.904236 0.009518 105.372383
v 26.688894 0.895385 115.319740
v 26.921808 0.088763 105.392998
v 25.820671 0.041690 105.355042
v 26.945345 0.038822 115.217796
v 27.866472 0.474015 105.346199
v 26.812815 0.323766 105.416893
v 28.239126 -0.155783 114.945068
v 29.284180 0.587481 109.894524
v 28.794722 0.396515 105.370956
v 28.062565 1.143861 109.950287
v 24.946978 0.431780 113.717560
v 28.349257 0.097603 109.695061
v 29.875307 0.696346 105.347122
v 27.686970 0.468587 109.176582
v 30.476858 0.090911 108.026093
v 30.621672 0.215314 105.478951
v 31.574389 0.587783 115.428520
v 31.964954 0.124587 105.565285
v 30.771458 0.103701 105.339867
v 31.818825 0.330453 115.272339
v 32.807114 0.437740 115.227516
v 32.814892 0.359145 105.352005
v 33.720127 0.002428 111.664108
v 32.661919 0.540779 105.339203
v 34.081482 0.383162 115.297012
v 34.776756 0.176739 105.349915
v 33.804234 0.080327 105.352867
v 35.699799 0.086851 105.343819
v 34.694687 0.092508 105.341003
v 37.244347 0.019648 115.270500
v 36.897018 0.344931 105.490479
v 35.755535 0.216169 105.367065
v 38.831364 0.416240 115.214195
v 36.682835 0.092122 105.362816
v 37.809349 0.479451 115.257538
v 38.772713 0.125633 105.386124
v 39.767555 0.198171 105.393906
v 38.867050 0.575104 115.243019
v 39.977417 0.210004 115.379654
v 40.882477 0.206133 105.375343
v 39.724327 0.072528 105.339149
v 40.197098 0.044120 115.196419
v 41.244839 0.007476 115.285019
v 41.808060 0.531477 109.683403
v 41.769592 0.483674 105.344574
v 40.772312 0.418421 105.427811
v 41.539791 0.191071 115.325546
v 42.713295 0.095430 105.357712
v 43.797359 0.147332 105.353317
v 42.694508 0.100142 105.338478
v 44.759258 0.159091 105.340004
v 44.876202 0.233052 115.246529
v 45.529839 0.102768 109.897232
v 45.728291 0.699217 105.348267
v 47.048141 0.105018 111.120827
v 46.717255 0.371772 105.334587
v 45.641998 0.174278 105.341805
v 47.786217 0.171816 105.357498
v 46.685410 0.103298 105.338730
v 48.638546 0.302478 115.295364
v 48.629208 0.166741 105.395958
v 47.673149 0.117228 105.374039
v 47.735703 0.434930 115.297501
v 49.668636 0.294964 105.431122
v 48.682030 0.049339 111.012115
v 50.907055 0.074739 115.241310
v 50.672363 0.205653 105.380295
v 49.627186 0.126102 105.356804
v 51.619633 0.183306 105.391220
v 50.937328 0.327384 108.310379
v 52.647953 0.193610 105.383438
v 51.591038 0.172869 105.381096
v 52.092800 0.911282 115.286903
v 53.705971 0.147290 105.349808
v 52.608822 0.098317 105.337776
v 54.702705 0.147610 105.351059
v 53.604984 0.099344 105.338280
v 54.596760 0.316161 115.294952
v 55.622562 0.383156 115.294312
v 55.687405 0.247452 105.418510
v 54.601067 0.170822 105.372513
v 55.554962 -0.060205 115.330666
v 55.579159 0.097450 105.338112
v 57.692009 0.790180 105.337784
v 57.582680 0.157707 105.379486
v 56.623692 0.298138 109.458405
v 58.424786 0.138679 105.314400
v 58.853230 0.041541 115.357841
v 59.811909 0.211426 115.334694
v 59.669350 0.151827 105.349434
v 58.568588 0.093002 105.338966
v 59.950581 0.065426 115.123238
v 60.953430 0.559040 115.166443
v 60.560310 0.157999 105.380333
v 59.522648 0.124904 105.370232
v 61.654938 0.166375 105.346092
v 60.547752 0.097941 105.339050
v 61.583126 0.324358 115.311462
v 62.636799 0.234765 105.407074
v 61.569309 0.182139 105.383339
v 62.653824 0.273065 115.175186
v 63.642166 0.234869 105.348495
v 62.535912 0.128418 105.344498
v 64.119820 0.536728 115.333176
v 65.115891 0.406323 115.262970
v 64.578186 0.137865 105.353645
v 63.604153 0.011425 105.352646
v 65.594246 0.141805 105.351067
v 64.509254 0.093845 105.340744
v 67.304138 0.044422 115.223518
v 68.754150 0.413552 115.197266
v 66.499702 0.094378 105.340363
v 73.968040 0.086579 112.894180
v 74.796806 0.407028 112.210533
v 68.500572 0.154494 105.397316
v 67.451164 0.091507 105.337479
v 69.429962 0.112438 -134.032730
v 66.439034 0.520878 -124.826263
v 67.434006 0.379677 -124.830025
v 68.327538 0.164294 -124.816254
v 70.279633 0.447765 -134.193878
v 67.395393 0.226551 -124.830902
v 69.084236 0.400317 -133.776199
v 67.261902 0.018518 -132.506805
v 65.510437 0.288567 -124.817566
v 65.162697 0.100316 -134.519958
v 63.816898 0.014235 -134.612091
v 63.492001 0.671814 -124.824806
v 64.496826 0.144855 -124.834656
v 63.426311 0.497600 -134.661514
v 62.529606 0.152547 -124.818855
v 62.609188 0.485702 -134.650803
v 61.492126 0.124458 -134.640610
v 61.487942 0.467413 -124.813469
v 62.046261 0.628534 -134.601929
v 61.026577 0.215390 -134.643631
v 60.479496 0.570365 -124.811768
v 59.713226 0.071825 -134.596497
v 59.498264 0.331429 -124.876701
v 58.099937 0.606378 -134.612488
v 59.579193 0.166766 -124.824043
v 58.585888 0.103665 -134.539444
v 57.529819 0.156656 -134.544907
v 57.525700 0.518700 -124.806480
v 57.303692 0.141260 -134.681610
v 56.575390 0.156669 -124.817261
v 57.543476 0.167695 -124.823448
v 56.078350 0.141665 -134.664185
v 55.597458 0.159563 -124.816345
v 56.562706 0.166880 -124.835358
v 54.737228 0.195228 -134.546265
v 54.554279 0.516461 -124.819458
v 53.596085 0.177199 -124.816620
v 54.554016 0.145793 -124.833374
v 52.687431 0.226405 -124.840294
v 53.653664 0.304765 -124.843597
v 51.630066 0.160433 -124.816933
v 50.562656 0.240364 -134.300812
v 49.324078 0.619390 -134.418976
v 49.635590 0.314593 -124.883408
v 48.379951 0.469914 -134.587799
v 48.668198 0.259826 -124.827057
v 47.628548 0.175674 -124.817162
v 48.226608 0.074938 -134.659210
v 47.169842 0.294711 -134.416916
v 46.625298 0.816871 -124.804405
v 44.491619 0.447922 -134.409515
v 45.706474 0.169039 -124.821709
v 46.700211 0.161821 -124.842804
v 44.900265 0.759037 -134.649475
v 44.569580 0.581505 -124.818108
v 45.657467 0.288068 -124.834618
v 43.492374 0.780097 -134.410995
v 43.722656 0.223785 -124.901848
v 42.577393 0.250900 -133.735641
v 42.632015 0.225948 -124.820862
v 43.733372 0.180919 -124.825615
v 44.023060 0.514589 -129.837448
v 42.408691 0.840851 -134.645996
v 41.710991 0.229880 -124.845253
v 40.724785 0.168809 -124.827682
v 41.667961 0.144362 -124.825447
v 41.330177 0.769968 -134.594498
v 40.290619 0.220244 -134.677948
v 40.727692 0.279417 -124.824066
v 38.714512 0.231124 -124.823784
v 39.700977 0.239425 -124.825066
v 38.320358 0.137553 -134.675491
v 37.719830 0.153584 -124.816811
v 38.712658 0.168440 -124.818291
v 37.443676 0.359122 -134.652588
v 36.701546 0.287290 -124.835007
v 36.144131 0.074408 -134.673370
v 35.750870 0.167906 -124.828957
v 36.693275 0.141552 -124.824524
v 35.760216 0.141473 -134.666931
v 34.776711 0.146914 -124.823318
v 35.722473 0.166950 -124.834427
v 33.348953 0.767469 -134.606628
v 33.632675 0.501919 -124.822495
v 33.983135 0.667793 -134.646774
v 32.733616 0.276369 -124.843628
v 33.776382 0.191595 -124.827202
v 33.566593 0.154201 -134.600952
v 32.414848 0.139064 -134.686508
v 31.773552 0.166104 -124.831749
v 32.711388 0.145642 -124.823868
v 30.416117 0.362494 -134.595932
v 29.343897 0.666487 -134.416000
v 30.796902 0.223131 -124.836670
v 31.792543 0.223268 -124.837044
v 30.433765 0.125575 -134.689041
v 29.824326 0.144396 -124.876442
v 28.142385 0.424459 -134.482376
v 28.672802 0.587785 -124.826630
v 27.715830 0.001217 -134.675446
v 27.753750 0.682867 -124.823746
v 27.395346 0.506595 -134.492554
v 26.322872 0.069002 -134.382751
v 26.879848 0.214839 -124.837868
v 27.813665 0.165795 -124.822380
v 27.039724 0.567942 -134.497330
v 25.896292 0.286257 -124.865067
v 26.796434 0.251768 -124.853096
v 24.917768 0.073343 -134.706055
v 24.802097 0.178261 -124.818146
v 25.789139 0.163369 -124.819031
v 23.210762 0.018611 -134.627289
v 22.808105 0.291595 -124.836327
v 23.727144 0.219714 -124.866318
v 21.739290 -0.003722 -134.666397
v 22.822704 0.167102 -124.825233
v 21.999205 0.495407 -134.667419
v 20.863365 0.139516 -124.831642
v 21.825956 0.205746 -124.832733
v 20.056181 0.451424 -134.670212
v 19.870594 0.297184 -124.842155
v 20.952209 0.397815 -124.902275
v 19.825472 0.143652 -134.655884
v 18.713835 -0.002529 -134.622498
v 19.886288 0.177842 -124.826088
v 18.808470 0.410914 -134.617371
v 17.912027 0.075640 -124.845650
v 17.676395 0.442011 -134.622040
v 16.406284 0.788063 -134.602936
v 16.956148 0.236092 -124.847672
v 16.582626 0.467517 -134.422165
v 15.839212 0.342247 -124.854187
v 16.865892 0.150226 -124.867828
v 16.681040 0.408582 -127.889931
v 15.098714 0.092548 -134.655762
v 14.798534 0.351432 -124.885323
v 15.881954 0.237536 -124.828300
v 14.930424 0.142428 -134.702271
v 13.837121 -0.002889 -134.683090
v 14.904102 0.181303 -124.821648
v 13.522486 0.142420 -134.734772
v 12.910503 0.159318 -124.818329
v 13.884818 0.166620 -124.837540
v 12.053616 0.448100 -134.654877
v 11.959911 0.190897 -124.832977
v 12.942107 0.264774 -124.841393
v 12.156182 0.521502 -134.314545
v 10.934416 0.472463 -124.821220
v 11.923098 0.161136 -124.837364
v 10.614789 0.489471 -134.713013
v 10.025340 0.064488 -124.869225
v 10.956153 0.485816 -124.816772
v 11.463808 0.880376 -134.595398
v 8.940248 0.463572 -124.786400
v 8.667916 0.447293 -134.677673
v 7.490865 0.441534 -134.580460
v 7.932869 0.157576 -124.819412
v 7.634277 0.760764 -134.728943
v 7.006258 0.116068 -124.841133
v 7.961465 0.250737 -124.838448
v 5.998579 0.175825 -124.839622
v 6.955213 0.266200 -124.837158
v 5.127763 0.447292 -134.670959
v 4.869424 0.226227 -124.844795
v 5.925003 0.163561 -124.820412
v 4.160733 0.073901 -134.749893
v 3.968823 0.167633 -124.830589
v 4.936190 0.162573 -124.820969
v 3.828570 0.474325 -134.698120
v 3.046457 0.216639 -124.829193
v 4.012161 0.290082 -124.833099
v 2.423814 0.111463 -134.709641
v 1.908731 0.258379 -124.859634
v 2.730121 0.122234 -124.849113
v 1.472237 0.150633 -134.754715
v 0.975744 0.159282 -124.818962
v 2.000545 0.176867 -124.818779
v 0.214458 0.409135 -134.686478
v -0.025067 0.206046 -124.842415
v 0.923803 0.210761 -124.844749
v -1.020696 0.181686 -124.818420
v -0.034190 0.162964 -124.820450
v -0.625215 0.446569 -134.673737
v -1.739071 0.259048 -134.704193
v -2.038747 0.656566 -124.817924
v -0.976506 0.250483 -124.846878
v -2.831300 0.447786 -134.770615
v -3.101597 0.223414 -124.826729
v -1.814805 0.000639 -134.714127
v -4.080316 0.073803 -134.742432
v -4.008054 0.179448 -124.818306
v -2.997982 0.077017 -134.736450
v -4.900218 0.386130 -124.814491
v -5.199741 0.135849 -134.723373
v -5.044237 0.169704 -124.828156
v -6.590879 -0.004985 -134.737305
v -5.999247 0.164714 -124.819916
v -7.711115 0.073887 -134.766830
v -7.954572 0.167220 -124.824409
v -6.984892 0.163084 -124.820488
v -8.050262 0.455362 -134.722214
v -8.864556 0.266037 -124.848373
v -7.944414 0.291025 -124.842796
v -9.965114 0.176227 -124.818794
v -8.978498 0.146307 -124.821075
v -10.626934 0.763082 -134.736633
v -10.973313 0.248118 -124.841492
v -11.245182 0.214507 -134.720917
v -12.314088 0.646728 -134.659241
v -11.156828 0.203018 -124.885971
v -11.586797 0.058110 -134.714111
v -12.734148 0.498648 -134.707291
v -12.920178 0.245415 -124.834023
v -14.682487 0.566595 -134.645233
v -12.918745 0.171542 -124.820351
v -14.349718 0.141934 -134.744949
v -14.916004 0.159251 -124.818527
v -13.942133 0.166907 -124.827034
v -16.073370 0.597507 -134.644958
v -15.858751 0.291734 -124.844742
v -14.908076 0.304564 -124.881065
v -12.779207 0.577407 -132.244186
v -16.217463 0.473734 -130.154114
v -15.582133 0.616003 -129.035492
v -18.092640 0.197691 -124.879440
v -17.578146 0.262009 -134.660690
v -18.565001 0.010034 -134.660278
v -18.916203 0.654750 -124.721619
v -18.018625 0.347260 -124.929634
v -20.181255 0.485995 -134.694397
v -19.905081 0.289285 -124.865540
v -18.948753 0.147644 -124.841743
v -21.542501 0.409580 -134.448380
v -20.826134 0.266421 -124.837120
v -21.658377 0.023343 -134.684235
v -22.744461 0.454913 -134.612991
v -21.888592 0.277964 -124.857071
v -20.890522 0.172006 -124.830582
v -22.854750 0.162568 -124.817772
v -21.868093 0.166925 -124.821899
v -23.977306 0.393601 -134.670746
v -23.900965 0.610343 -124.817825
v -22.862339 0.231672 -124.835526
v -25.782799 0.720600 -134.562378
v -24.838600 0.247120 -124.836182
v -23.841135 0.205890 -124.835350
v -25.010159 0.063580 -134.723755
v -26.072773 0.152515 -134.691605
v -25.877983 0.185269 -124.833488
v -27.187788 0.363019 -134.414337
v -28.171011 0.953941 -134.182587
v -26.857340 0.456090 -124.835106
v -25.811930 0.528990 -124.821823
v -27.593775 0.466450 -134.647034
v -27.899115 0.324201 -124.851044
v -27.977915 0.138706 -134.710938
v -28.827108 0.158904 -124.818047
v -27.838583 0.186154 -124.819878
v -28.912727 0.472993 -134.680786
v -30.041636 0.133805 -134.670074
v -29.811014 0.175760 -124.838417
v -29.647730 1.010448 -134.654785
v -30.565224 0.248916 -134.662338
v -30.864759 0.581350 -124.818748
v -30.285648 0.623889 -134.457687
v -31.241295 0.383726 -134.559006
v -31.951139 0.451504 -128.948166
v -31.828602 0.739809 -124.807915
v -30.826406 0.594636 -124.825256
v -31.668613 0.447294 -134.627380
v -32.715256 0.015790 -134.623978
v -32.788811 0.211661 -124.788124
v -31.943430 0.125608 -127.871162
v -34.177563 0.016190 -134.637970
v -33.849354 0.634148 -124.821526
v -32.816063 0.209382 -124.826340
v -33.415478 0.610269 -134.403641
v -34.784050 0.414145 -124.820679
v -33.709515 0.301006 -124.840096
v -34.937546 0.141805 -134.710434
v -35.783417 0.159909 -124.818687
v -34.808498 0.167009 -124.836670
v -37.596935 0.171023 -134.384003
v -36.772194 0.177790 -124.821632
v -35.815952 0.212473 -124.824913
v -37.896179 0.675895 -134.649017
v -37.758793 0.258128 -124.839027
v -36.800961 0.268124 -124.841499
v -38.749809 0.234621 -124.829941
v -37.747196 0.187645 -124.817497
v -40.308666 -0.003919 -134.575653
v -39.030018 0.116444 -128.126053
v -39.691975 0.762054 -134.570206
v -40.831684 0.720456 -134.619034
v -40.750183 0.170667 -124.849945
v -41.425613 0.383734 -134.640244
v -41.766006 0.541508 -124.817947
v -42.486401 0.073095 -134.683014
v -42.708031 0.165964 -124.822533
v -41.764565 0.145101 -124.833702
v -43.925732 0.006644 -134.179901
v -44.841167 0.460802 -133.934464
v -43.701397 0.778868 -124.816322
v -43.834171 0.354705 -134.649017
v -44.685215 0.145733 -124.841972
v -46.263287 0.871532 -134.492508
v -45.692230 0.253946 -124.840096
v -44.461933 0.428342 -134.454742
v -45.553196 0.196668 -134.620621
v -46.655571 0.163567 -124.838852
v -45.706379 0.115660 -127.485107
v -45.835777 0.044967 -134.329071
v -47.626190 0.420152 -130.012115
v -46.872421 0.144865 -124.824455
v -48.730232 0.289523 -124.868935
v -47.754898 0.097655 -124.847115
v -49.387318 0.074012 -134.682709
v -49.655781 0.167366 -124.829285
v -48.689285 0.163180 -124.818199
v -49.725498 0.163533 -134.605713
v -50.827343 0.001527 -134.557022
v -50.681084 0.786819 -124.821777
v -51.651428 0.252062 -124.836937
v -50.919636 0.152384 -134.591293
v -52.076317 0.139041 -134.671326
v -52.641548 0.167229 -124.822304
v -51.671955 0.163356 -124.817589
v -53.277241 0.072552 -134.608963
v -53.699184 0.239594 -124.876434
v -52.972950 0.204016 -127.374382
v -54.670055 -0.005973 -134.620392
v -54.648785 0.786033 -124.824127
v -53.647316 -0.003906 -134.646057
v -55.012798 0.181497 -134.638184
v -55.615974 0.273493 -124.832870
v -54.576694 0.619734 -124.819733
v -55.672199 0.141687 -134.661377
v -56.587189 0.147275 -124.823021
v -55.642105 0.166783 -124.835403
v -57.238483 0.083664 -134.468430
v -58.163273 -0.005453 -134.361832
v -57.654049 0.693106 -124.818192
v -56.619297 0.292895 -124.837570
v -58.610092 0.158057 -124.816002
v -58.556267 0.473569 -134.636612
v -59.601856 0.221265 -124.838959
v -59.299137 0.237450 -134.588043
v -60.447498 0.458466 -134.646210
v -60.578796 0.230613 -124.851784
v -59.904598 0.212165 -127.376335
v -61.633667 -0.003388 -134.625931
v -61.620380 0.570373 -124.818192
v -61.707596 0.588093 -134.554123
v -62.926495 0.398401 -134.577850
v -62.634544 0.500147 -124.817017
v -62.982681 0.467747 -134.626923
v -63.534500 0.182736 -124.831429
v -62.568623 0.276790 -124.834549
v -64.352905 0.362907 -134.589111
v -64.598152 0.615544 -124.812187
v -64.145340 0.171309 -134.603699
v -65.307800 0.144740 -134.637909
v -65.559158 0.178752 -124.816040
v -64.597260 0.138393 -124.824120
v -66.248283 0.073890 -134.652115
v -66.529022 0.167683 -124.828354
v -65.563660 0.162661 -124.818268
v -67.830978 0.456562 -134.609329
v -67.506561 0.157548 -124.821732
v -66.837669 0.185569 -127.664635
v -68.527588 0.251745 -124.837227
v -67.725594 0.148692 -134.550110
v -68.873207 0.139211 -134.638290
v -69.526779 0.165642 -124.831871
v -68.555351 0.162438 -124.816559
v -69.117218 0.154180 -134.602783
v -70.269829 0.138951 -134.643692
v -70.514168 0.166033 -124.830315
v -69.543533 0.164445 -124.817696
v -71.051582 0.355624 -134.630280
v -70.555077 0.214976 -124.847374
v -72.481125 0.167952 -124.827736
v -71.540405 0.145147 -124.824203
v -73.864578 0.656105 -134.581238
v -73.490410 0.227994 -124.836075
v -72.547119 0.182396 -124.841980
v -72.799919 0.147864 -134.566620
v -73.959068 0.138286 -134.640778
v -74.474030 0.167075 -124.828423
v -73.506485 0.162378 -124.816803
v -74.247154 0.179193 -134.380478
v -75.379570 -0.026424 -134.469040
v -75.494637 0.682383 -124.824287
v -76.661438 0.447293 -134.556961
v -76.551735 0.226738 -124.822853
v -75.529633 0.145846 -124.832024
v -76.775215 0.496687 -134.620773
v -77.415283 0.186134 -124.833916
v -76.443085 0.324246 -124.833008
v -77.267708 0.547720 -134.496628
v -78.361427 0.179036 -124.832298
v -78.767021 0.143041 -134.631348
v -79.453140 0.155694 -124.816025
v -78.487106 0.168379 -124.830368
v -80.427109 0.415142 -134.572815
v -80.436653 0.224615 -124.835815
v -79.502167 0.187391 -124.845169
v -81.402824 0.168316 -124.827248
v -80.445961 0.160371 -124.816475
v -80.487946 1.045287 105.416252
v -81.419968 0.139630 105.337234
v -78.427437 0.150192 105.415916
v -77.531189 0.886202 108.376335
v -75.352661 0.146279 105.351982
v -74.734055 1.126059 110.750977
v -69.931458 0.555657 115.308434
v -71.545143 0.158469 105.340370
v -67.445801 0.113376 105.324951
v -66.622566 0.782359 105.384697
v -62.851631 0.362941 115.277733
v -61.627079 0.794948 105.368050
v -60.449341 0.246315 105.406914
v -60.565811 1.101333 109.647301
v -59.648125 0.784212 105.371201
v -58.482433 0.553924 110.666237
v -57.685257 0.783071 105.376526
v -56.696800 0.782884 105.381187
v -55.300816 0.741866 115.259995
v -54.608150 0.817662 105.337830
v -53.515278 0.121609 105.317589
v -52.632130 0.869199 105.337967
v -52.742176 0.781825 115.225739
v -50.298500 1.050539 111.104050
v -48.741501 0.769726 105.398544
v -46.597942 0.143868 105.331215
v -43.921139 0.332512 105.445724
v -42.104401 1.206318 115.116936
v -40.462906 0.167216 105.475983
v -41.697845 0.146039 105.342125
v -40.752647 0.237198 105.360611
v -39.607342 0.272794 105.442307
v -39.661282 1.124763 109.300438
v -37.596634 0.559702 105.348602
v -36.965706 0.108942 115.062294
v -35.638405 0.271518 115.221794
v -36.894463 0.323206 105.374100
v -35.898453 0.322486 105.371117
v -34.897045 0.845152 105.405022
v -32.612190 0.139520 105.295219
v -30.902689 0.770962 105.403351
v -29.012505 0.779546 105.433456
v -27.881588 0.158539 105.338570
v -25.729904 0.283359 105.420029
v -24.715683 0.154303 105.380966
v -24.803490 0.683184 115.161705
v -22.748716 0.132008 105.361427
v -22.000771 0.882255 105.421402
v -18.580681 0.198533 105.402611
v -19.093821 0.803816 108.082458
v -16.837561 0.125499 105.365433
v -15.827455 1.058467 109.280540
v -14.854127 0.174014 105.356674
v -14.360296 1.041327 115.299118
v -12.153248 0.098816 108.830086
v -6.167828 0.973719 111.568016
v -3.090457 0.756880 105.330627
v -2.209272 0.777304 105.527840
v -1.061618 0.841680 105.397682
v -0.116731 0.783912 105.374924
v 0.934226 1.108111 110.309166
v 4.394515 0.271986 115.372261
v 3.864377 0.158892 105.346046
v 4.909401 0.981623 108.900162
v 5.928628 1.348160 112.361595
v 7.096853 0.399365 105.371338
v 6.967604 0.077679 105.356087
v 9.815853 0.770207 105.376205
v 11.042414 0.169867 105.363838
v 10.833887 0.144810 105.346268
v 12.030844 0.149859 105.353737
v 11.805106 0.497898 105.348846
v 13.006310 0.159285 105.380692
v 13.639819 1.157209 109.287926
v 14.780883 0.783195 105.377914
v 17.113028 1.129274 115.304352
v 19.753880 0.769152 105.407112
v 20.981409 0.170479 105.366516
v 20.762520 0.783932 105.397858
v 22.511332 0.771478 109.810318
v 23.729521 0.175546 105.352974
v 28.040285 1.165205 108.551163
v 29.550508 0.317955 105.404305
v 32.692303 0.032020 115.195824
v 34.754650 0.110458 115.150497
v 36.053288 0.272208 115.382828
v 36.667744 0.936600 105.320915
v 36.566051 0.781497 105.439903
v 37.628361 0.145053 105.317703
v 37.643066 0.551154 105.330910
v 38.436977 0.891315 115.260994
v 38.662361 0.197803 105.366440
v 41.626358 0.123759 105.347458
v 42.767548 0.814478 105.352936
v 47.540577 0.861686 105.347923
v 48.888107 1.054423 115.264748
v 49.486954 0.758652 105.414970
v 51.645153 0.915853 105.301971
v 51.538174 1.013095 105.372635
v 52.521416 0.769677 105.392952
v 55.477253 0.768626 105.409866
v 56.706432 0.170265 105.364777
v 57.341045 0.152355 109.127747
v 58.391121 0.842568 105.447113
v 58.591961 0.766442 115.306366
v 60.462791 0.784261 105.371399
v 63.656403 0.880826 110.365173
v 65.207390 1.149489 115.242661
v 64.396645 0.781314 105.397179
v 65.505928 0.276395 105.368622
v 66.686371 0.384256 105.377045
v 67.439323 0.112099 115.109215
v 67.543312 0.165681 105.343491
v 68.744843 0.914345 -129.616302
v 66.246239 0.077408 -134.411240
v 65.591553 0.302495 -124.835732
v 62.520493 0.927015 -124.836182
v 60.707661 0.920884 -134.642288
v 59.555042 0.812271 -134.595749
v 60.553307 0.302042 -124.837219
v 58.474663 0.164141 -124.818352
v 55.870026 0.624028 -130.468750
v 53.595791 0.944301 -124.846390
v 53.326553 0.371281 -134.588516
v 52.735817 0.467536 -124.824188
v 51.587780 0.189757 -124.845222
v 49.331024 1.384164 -134.354065
v 49.732815 0.255838 -124.828568
v 47.625984 0.945006 -124.832245
v 46.032448 0.154231 -134.417496
v 46.414112 0.479734 -130.039322
v 43.741962 0.300558 -134.567947
v 44.581192 0.158421 -124.864311
v 44.813362 0.761836 -131.295761
v 42.572758 0.641348 -133.383072
v 42.767918 0.266999 -124.833916
v 39.614079 0.274718 -124.829559
v 38.709106 0.993998 -124.838379
v 37.658440 0.224860 -124.786606
v 31.767565 0.940477 -124.825005
v 30.716791 0.184141 -124.766464
v 28.855114 0.243731 -124.824669
v 28.023315 0.530533 -129.688171
v 26.897499 1.014703 -124.794983
v 24.891373 0.511266 -124.820839
v 22.838844 0.130246 -134.537018
v 21.818069 0.567509 -124.818596
v 20.803555 0.227644 -134.677597
v 18.851582 0.381895 -124.819832
v 18.698822 1.169112 -134.567917
v 17.487162 0.642991 -130.502548
v 14.975668 0.858522 -134.600494
v 13.873139 0.568414 -124.819374
v 10.947021 0.404989 -134.458023
v 11.200563 1.615411 -134.561295
v 9.900468 0.161090 -124.838013
v 10.010742 0.281181 -129.986008
v 8.990415 0.245894 -124.825531
v 6.051031 0.599865 -134.697769
v 2.014616 1.053711 -124.772362
v -0.033548 1.008852 -124.828224
v -1.797774 0.764665 -134.723450
v -6.712993 0.756189 -134.805069
v -9.968092 0.945126 -124.849808
v -9.450541 0.485882 -134.683182
v -16.268158 0.108962 -134.378922
v -19.025612 0.089335 -134.712250
v -19.773359 0.212265 -124.844505
v -21.748032 0.858986 -124.842567
v -24.889057 0.810672 -129.491684
v -27.126184 0.726796 -130.545593
v -26.886745 0.347587 -124.860207
v -29.713009 0.574867 -124.821754
v -30.496929 1.404917 -134.490555
v -32.740494 0.952521 -124.820030
v -35.776054 0.922054 -124.832718
v -36.700348 0.974656 -124.796440
v -37.776081 1.005340 -124.821892
v -39.756321 0.258527 -124.791779
v -39.814888 0.388760 -124.876015
v -40.645161 0.551665 -124.820724
v -42.852360 0.316868 -130.432877
v -43.635044 0.265826 -124.847000
v -44.864254 0.696048 -134.661591
v -44.636425 0.267234 -124.837776
v -45.780685 0.929165 -134.598022
v -47.361126 0.545531 -134.625198
v -50.840054 0.371971 -134.635605
v -50.575649 0.608578 -124.820618
v -51.657978 1.008386 -124.804398
v -52.642696 0.941374 -124.825714
v -53.475082 0.778538 -134.582062
v -53.560955 0.739286 -134.712067
v -54.739296 0.754642 -134.706314
v -54.756184 0.886196 -134.661682
v -57.191563 0.866783 -134.559830
v -57.508034 0.468914 -124.821640
v -58.341850 1.146608 -134.508789
v -60.503750 0.243458 -124.859894
v -63.366383 0.485078 -134.574600
v -63.484982 0.614337 -124.811646
v -67.540779 0.941972 -124.810005
v -67.420746 0.384468 -134.593063
v -67.456085 0.588177 -124.816589
v -68.545021 1.006661 -124.821548
v -69.529709 0.941205 -124.824142
v -70.519737 0.939979 -124.823601
v -72.766579 0.361867 -134.630142
v -72.423157 0.950708 -124.802757
v -73.479279 1.015250 -124.802422
v -74.475418 0.941440 -124.823067
v -80.444099 1.007231 -124.804611
vn -0.0000 1.0000 -0.0000
vn 0.0001 1.0000 -0.0000
vn 0.0001 -1.0000 -0.0000
vn -0.0003 -1.0000 0.0002
vn 1.0000 0.0060 0.0011
vn -0.0041 -0.2694 0.9630
vn 0.0002 -0.0090 1.0000
vn -0.0023 0.0163 -0.9999
vn 0.0020 -0.0065 -1.0000
vn -0.4671 0.8842 0.0001
vn 0.5192 0.8547 -0.0001
vn -0.0002 0.8562 -0.5166
vn -0.0005 -0.8368 0.5475
vn -0.9577 0.2878 -0.0002
vn -0.9098 -0.4150 -0.0005
vn 0.9635 -0.2677 -0.0014
vn -1.0000 -0.0000 0.0010
vn 0.9997 -0.0262 0.0013
vn -0.0023 0.0134 -0.9999
vn 0.0019 -0.0126 -0.9999
vn -0.3602 0.9325 0.0264
vn 0.2481 0.9619 0.1154
vn 0.4233 0.9056 0.0286
vn 0.2910 0.9555 0.0479
vn -0.0297 0.9984 0.0487
vn 0.2384 0.9701 -0.0446
vn -0.6780 0.7333 0.0502
vn 0.3032 0.9503 -0.0700
vn 0.3552 0.9343 -0.0295
vn -0.2792 0.9450 0.1705
vn 0.1290 0.9899 0.0580
vn -0.3362 0.9415 0.0220
vn -0.2553 0.9668 0.0058
vn 0.2411 0.9698 -0.0357
vn 0.2653 0.9632 0.0438
vn 0.2542 0.9660 0.0471
vn 0.5822 0.8130 0.0076
vn -0.2097 0.9763 0.0543
vn -0.0234 0.9987 0.0452
vn 0.3199 0.9462 -0.0481
vn 0.1034 0.9934 0.0504
vn 0.0116 0.9987 0.0505
vn -0.0107 0.9985 0.0528
vn -0.0494 0.9986 -0.0212
vn 0.2711 0.9621 -0.0299
vn -0.4713 0.8820 -0.0071
vn 0.3715 0.9270 0.0525
vn 0.4023 0.9144 0.0445
vn 0.0605 0.9969 -0.0500
vn 0.2671 0.9621 -0.0545
vn 0.4480 0.8940 0.0008
vn -0.4482 0.8939 0.0031
vn 0.1709 0.9839 -0.0527
vn -0.3965 0.9180 -0.0001
vn -0.5380 0.8423 0.0319
vn 0.1021 0.9935 0.0507
vn -0.1023 0.9945 0.0212
vn -0.5862 0.8096 0.0307
vn 0.0682 0.9974 -0.0239
vn -0.0074 0.9999 0.0092
vn 0.0895 0.9960 -0.0075
vn 0.0702 0.9962 0.0517
vn -0.0638 0.9979 0.0139
vn 0.2920 0.9563 0.0140
vn 0.0027 0.9994 0.0359
vn 0.2150 0.9760 0.0346
vn -0.0061 0.9988 0.0494
vn 0.0214 0.9997 -0.0125
vn 0.0495 0.9937 0.1002
vn 0.2288 0.9599 -0.1620
vn 0.1706 0.9853 0.0125
vn -0.2848 0.9583 0.0233
vn -0.5183 0.8391 -0.1652
vn -0.3716 0.9281 -0.0240
vn 0.2964 0.9522 0.0741
vn -0.3670 0.9269 -0.0783
vn -0.4628 0.8819 0.0897
vn -0.4340 0.8963 -0.0907
vn 0.0326 0.9956 0.0880
vn 0.1469 0.9872 0.0616
vn -0.1870 0.9557 0.2272
vn 0.0362 0.9926 0.1162
vn -0.1950 0.9799 -0.0426
vn -0.5286 0.8160 -0.2340
vn -0.5439 0.8364 0.0683
vn 0.2169 0.9752 -0.0441
vn 0.3141 0.9485 0.0405
vn 0.0456 0.9882 -0.1461
vn -0.5251 0.8508 0.0214
vn -0.0738 0.9968 -0.0309
vn -0.1029 0.9947 -0.0045
vn 0.5635 0.8260 0.0156
vn 0.0295 0.9909 0.1311
vn -0.0506 0.9865 0.1555
vn 0.1210 0.9576 -0.2614
vn 0.2412 0.9699 -0.0344
vn 0.1857 0.9814 0.0484
vn 0.0035 0.9987 0.0499
vn -0.0999 0.9949 0.0114
vn 0.1801 0.9827 0.0434
vn 0.0969 0.9936 0.0585
vn 0.3311 0.9344 -0.1311
vn -0.1555 0.9838 0.0887
vn 0.3868 0.8843 -0.2615
vn 0.2559 0.9239 0.2844
vn -0.0972 0.9753 -0.1984
vn -0.0778 0.9968 -0.0162
vn -0.2618 0.9635 0.0555
vn -0.0691 0.9972 0.0292
vn -0.3249 0.9439 0.0598
vn -0.0054 1.0000 0.0070
vn 0.5497 0.8354 0.0031
vn -0.2213 0.9752 0.0046
vn 0.1224 0.9922 -0.0239
vn 0.4758 0.8794 -0.0159
vn -0.5360 0.8430 0.0458
vn 0.0316 0.9995 0.0027
vn -0.5473 0.8139 -0.1951
vn -0.2554 0.9529 0.1634
vn 0.2727 0.9621 -0.0002
vn -0.1054 0.9894 -0.1002
vn 0.4819 0.8744 -0.0562
vn 0.1443 0.9880 0.0557
vn -0.3908 0.9198 -0.0361
vn -0.3633 0.9259 -0.1038
vn 0.2964 0.9548 -0.0204
vn 0.1372 0.9905 0.0025
vn 0.1057 0.9944 0.0079
vn 0.1003 0.9937 0.0496
vn 0.0818 0.9963 -0.0253
vn 0.0288 0.9995 0.0113
vn -0.1043 0.9945 -0.0080
vn 0.0638 0.9940 -0.0888
vn -0.3553 0.9346 0.0187
vn -0.1471 0.9865 0.0718
vn -0.1525 0.9883 -0.0060
vn -0.0439 0.9990 0.0020
vn 0.2527 0.9519 -0.1732
vn -0.1528 0.9882 0.0076
vn 0.1395 0.9792 0.1476
vn -0.3563 0.9343 -0.0074
vn -0.0562 0.9972 -0.0488
vn -0.4483 0.8902 0.0804
vn -0.4027 0.9150 0.0237
vn -0.3764 0.9254 0.0432
vn -0.0855 0.9952 -0.0483
vn -0.0609 0.9971 -0.0453
vn -0.5319 0.8430 0.0802
vn -0.3623 0.9309 0.0464
vn -0.3285 0.9440 -0.0304
vn -0.1313 0.9909 -0.0301
vn -0.0159 0.9984 -0.0550
vn -0.0316 0.9987 -0.0396
vn 0.0084 0.9952 0.0980
vn 0.2379 0.9712 -0.0155
vn 0.0143 0.9999 0.0011
vn -0.0699 0.9970 -0.0345
vn 0.1341 0.9887 0.0674
vn -0.0263 0.9991 0.0324
vn 0.1679 0.9858 -0.0054
vn -0.3508 0.9363 0.0194
vn -0.2366 0.9716 0.0011
vn -0.4235 0.9058 -0.0090
vn -0.3186 0.9479 -0.0034
vn 0.2270 0.9677 -0.1093
vn -0.0659 0.9915 -0.1125
vn -0.2187 0.9742 0.0560
vn -0.3614 0.9323 0.0180
vn -0.0863 0.9954 -0.0404
vn -0.4864 0.8737 -0.0002
vn -0.5775 0.8162 0.0199
vn -0.1020 0.9945 -0.0250
vn -0.0587 0.9979 0.0289
vn -0.1710 0.9848 0.0290
vn -0.3191 0.9477 0.0084
vn -0.2904 0.9553 -0.0555
vn -0.0702 0.9973 -0.0231
vn 0.7072 0.6899 0.1549
vn -0.0673 0.9966 -0.0478
vn -0.3969 0.9173 -0.0314
vn -0.4902 0.8693 0.0625
vn -0.2818 0.9579 -0.0548
vn 0.4363 0.8991 0.0358
vn -0.4084 0.9095 0.0780
vn 0.3554 0.9179 0.1768
vn 0.3447 0.9287 -0.1370
vn -0.2926 0.9551 -0.0460
vn 0.1136 0.9934 -0.0160
vn -0.0990 0.9935 -0.0560
vn -0.0639 0.9970 -0.0430
vn 0.0813 0.9956 -0.0461
vn 0.3998 0.9160 -0.0337
vn -0.3746 0.9258 0.0514
vn 0.6451 0.7571 0.1033
vn 0.2736 0.9607 0.0474
vn -0.2615 0.9616 -0.0835
vn 0.1831 0.9826 -0.0302
vn -0.0899 0.9959 -0.0055
vn -0.3307 0.9437 -0.0123
vn 0.4599 0.8811 0.1098
vn 0.0130 0.9999 -0.0033
vn -0.0656 0.9976 -0.0238
vn -0.0326 0.9987 -0.0395
vn -0.2990 0.9543 0.0028
vn -0.0578 0.9973 -0.0458
vn -0.1170 0.9931 -0.0039
vn 0.4166 0.9070 0.0618
vn 0.3966 0.9120 0.1048
vn 0.3857 0.9200 0.0693
vn -0.3475 0.9374 -0.0228
vn 0.3091 0.9509 -0.0178
vn -0.4021 0.9149 0.0364
vn -0.0037 1.0000 -0.0015
vn -0.0705 0.9962 -0.0521
vn -0.3839 -0.9231 -0.0206
vn -0.0548 -0.9985 -0.0003
vn -0.2700 -0.9628 -0.0063
vn -0.1628 -0.9812 -0.1037
vn -0.2199 -0.9752 0.0270
vn -0.0032 -0.9989 0.0465
vn -0.1678 -0.9855 -0.0253
vn 0.1189 -0.9921 0.0412
vn -0.0750 -0.9968 0.0276
vn -0.2443 -0.9679 0.0583
vn -0.3771 -0.9190 0.1149
vn -0.3889 -0.9212 -0.0074
vn 0.3374 -0.9395 -0.0597
vn 0.3771 -0.9261 -0.0148
vn 0.3197 -0.9472 -0.0256
vn 0.1949 -0.9808 -0.0090
vn 0.0814 -0.9967 0.0077
vn -0.0654 -0.9972 0.0373
vn 0.3343 -0.9413 -0.0463
vn 0.0641 -0.9979 0.0118
vn -0.2564 -0.9637 0.0749
vn -0.2054 -0.9777 -0.0437
vn 0.1372 -0.9905 -0.0085
vn 0.3475 -0.9372 -0.0310
vn -0.2106 -0.9762 0.0510
vn 0.4298 -0.9029 -0.0130
vn 0.0718 -0.9973 0.0122
vn 0.3818 -0.9198 -0.0901
vn -0.1963 -0.9794 0.0477
vn -0.0562 -0.9977 0.0377
vn 0.0139 -0.9995 0.0299
vn 0.0093 -0.9996 0.0283
vn -0.1129 -0.9935 0.0159
vn -0.3677 -0.9288 0.0463
vn -0.2216 -0.9743 0.0411
vn 0.3989 -0.9150 -0.0598
vn -0.0591 -0.9979 0.0249
vn -0.1836 -0.9828 0.0194
vn -0.1181 -0.9908 0.0656
vn -0.2515 -0.9666 0.0490
vn -0.0932 -0.9952 0.0282
vn -0.0138 -0.9997 0.0205
vn 0.0289 -0.9994 -0.0186
vn -0.0134 -0.9985 0.0534
vn -0.0577 -0.9974 0.0440
vn 0.0369 -0.9988 0.0324
vn -0.1135 -0.9935 -0.0080
vn -0.2265 -0.9707 -0.0798
vn 0.4374 -0.8993 0.0031
vn 0.0140 -0.9997 0.0188
vn -0.1452 -0.9870 -0.0689
vn -0.3250 -0.9453 -0.0270
vn -0.2275 -0.9709 -0.0745
vn -0.2624 -0.9647 -0.0207
vn -0.4825 -0.8671 -0.1237
vn -0.2866 -0.9575 0.0336
vn -0.0608 -0.9977 0.0285
vn 0.0325 -0.9965 0.0773
vn -0.4168 -0.9018 -0.1139
vn -0.0953 -0.9952 0.0218
vn -0.3633 -0.9301 0.0535
vn -0.2034 -0.9762 0.0756
vn -0.5490 -0.8206 -0.1588
vn -0.1725 -0.9840 0.0446
vn -0.2715 -0.9624 0.0087
vn -0.1221 -0.9901 0.0686
vn -0.4027 -0.9081 -0.1146
vn -0.1833 -0.9787 -0.0930
vn 0.3343 -0.9414 -0.0444
vn -0.5571 -0.8162 -0.1533
vn 0.2141 -0.9767 0.0181
vn -0.1864 -0.9808 0.0565
vn 0.0085 -0.9993 0.0377
vn 0.0365 -0.9989 0.0303
vn -0.3637 -0.9309 0.0349
vn 0.0816 -0.9965 -0.0179
vn -0.5280 -0.8233 -0.2083
vn -0.3082 -0.9505 0.0400
vn 0.0720 -0.9973 -0.0153
vn 0.5173 -0.8540 0.0555
vn 0.2756 -0.9600 0.0484
vn 0.1485 -0.9802 0.1306
vn -0.4129 -0.8849 -0.2157
vn -0.4099 -0.9084 0.0827
vn -0.3438 -0.9141 -0.2149
vn -0.0915 -0.9943 -0.0538
vn 0.0114 -0.9994 0.0320
vn 0.1083 -0.9941 0.0080
vn -0.1515 -0.9883 -0.0181
vn -0.1996 -0.9786 -0.0499
vn 0.2625 -0.9647 0.0221
vn 0.0987 -0.9940 0.0466
vn 0.1160 -0.9926 -0.0371
vn 0.2042 -0.9774 0.0550
vn -0.3525 -0.9358 -0.0009
vn -0.0014 -0.9976 0.0699
vn -0.3146 -0.9490 0.0209
vn -0.0315 -0.9987 -0.0401
vn 0.3292 -0.9427 -0.0551
vn 0.0662 -0.9978 0.0104
vn -0.3831 -0.9234 -0.0243
vn 0.0619 -0.9980 0.0133
vn 0.0510 -0.9982 0.0316
vn -0.1696 -0.9765 0.1328
vn -0.2191 -0.9723 -0.0815
vn -0.6365 -0.7673 0.0784
vn 0.0762 -0.9970 -0.0150
vn -0.3491 -0.9364 -0.0354
vn 0.0194 -0.9971 0.0733
vn 0.2381 -0.9697 -0.0541
vn 0.9611 -0.1509 0.2312
vn -0.5362 -0.8385 -0.0972
vn -0.5247 -0.8386 -0.1461
vn 0.1742 -0.9847 -0.0100
vn 0.0533 -0.9986 0.0052
vn 0.0616 -0.9980 0.0122
vn 0.0439 -0.9989 0.0142
vn 0.0958 -0.9954 0.0078
vn -0.1255 -0.9904 0.0586
vn -0.4409 -0.8956 0.0594
vn 0.0912 -0.9950 -0.0401
vn 0.5930 -0.7908 0.1516
vn -0.1405 -0.9901 -0.0017
vn 0.5555 -0.8169 0.1552
vn 0.2564 -0.9664 0.0159
vn 0.3669 -0.9302 -0.0131
vn 0.3751 -0.9269 0.0102
vn 0.3763 -0.9238 0.0701
vn -0.1847 -0.9825 0.0246
vn -0.2753 -0.9611 0.0247
vn -0.2594 -0.9645 0.0498
vn -0.0714 -0.9928 -0.0957
vn 0.1269 -0.9899 -0.0625
vn 0.0356 -0.9982 -0.0488
vn -0.2689 -0.9629 0.0242
vn 0.0001 -0.9989 -0.0463
vn -0.0510 -0.9957 -0.0768
vn -0.0378 -0.9987 -0.0337
vn -0.1129 -0.9912 0.0691
vn -0.2702 -0.9611 -0.0578
vn -0.1843 -0.9802 -0.0725
vn 0.0951 -0.9954 0.0071
vn -0.3007 -0.9527 -0.0436
vn 0.4198 -0.9075 -0.0140
vn 0.4130 -0.9106 -0.0153
vn -0.3017 -0.9530 -0.0287
vn -0.1165 -0.9805 -0.1585
vn 0.3613 -0.9324 -0.0056
vn -0.2264 -0.9723 -0.0585
vn 0.3025 -0.9528 0.0238
vn 0.2646 -0.9629 0.0540
vn 0.1966 -0.9804 0.0130
vn -0.3607 -0.9307 -0.0606
vn 0.2474 -0.9687 0.0197
vn -0.1062 -0.9941 0.0233
vn -0.4976 -0.8628 0.0891
vn -0.0552 -0.9940 0.0943
vn 0.0701 -0.9963 -0.0496
vn 0.6385 -0.7690 -0.0298
vn -0.1417 -0.9872 0.0729
vn 0.5961 -0.7813 0.1853
vn 0.3809 -0.9242 -0.0285
vn -0.3790 -0.9227 0.0708
vn 0.0509 -0.9984 -0.0258
vn -0.0466 -0.9988 -0.0141
vn 0.5569 -0.8158 0.1561
vn 0.6319 -0.7369 0.2400
vn 0.2086 -0.9780 -0.0066
vn -0.2644 -0.9610 0.0815
vn -0.3497 -0.9360 -0.0404
vn 0.2779 -0.9560 0.0944
vn -0.1970 -0.9772 0.0794
vn -0.5273 -0.8493 -0.0245
vn 0.0977 -0.9951 0.0153
vn 0.3074 -0.9474 0.0890
vn -0.0590 -0.9982 -0.0084
vn 0.4095 -0.9120 -0.0243
vn -0.0197 -0.9997 0.0110
vn 0.3720 -0.9249 0.0784
vn -0.3328 -0.9416 -0.0506
vn 0.2991 -0.9540 0.0210
vn -0.2769 -0.9592 -0.0574
vn 0.2395 -0.9674 0.0822
vn -0.0684 0.0061 0.9976
vn 0.9943 -0.0268 0.1032
vn -0.0072 0.0853 -0.9963
vn -0.0124 0.0238 -0.9996
vn -0.9748 0.1495 -0.1654
vn 0.9113 0.3845 0.1475
vn 0.9800 0.1891 0.0627
vn -0.0090 0.0190 -0.9998
vn -0.6296 -0.7734 -0.0738
vn -0.0701 0.0574 -0.9959
vn 0.9976 0.0504 0.0481
vn 0.9863 0.1646 0.0058
vn -0.0102 0.0193 -0.9998
vn 0.9405 0.3349 -0.0569
vn -0.7260 0.6702 -0.1541
vn 0.9808 0.1929 0.0293
vn -0.0076 0.0184 -0.9998
vn 0.9968 0.0786 -0.0115
vn -0.9615 0.2747 0.0022
vn -0.9864 0.1610 0.0317
vn 0.9791 0.1898 -0.0725
vn 0.9817 0.1856 -0.0435
vn -0.0237 -0.0431 -0.9988
vn 0.9879 0.1514 -0.0326
vn 0.0418 0.0594 -0.9974
vn 0.9865 0.1638 0.0044
vn -0.0107 0.0201 -0.9997
vn 0.0030 0.0517 0.9987
vn 0.9597 0.2801 -0.0214
vn -0.0026 -0.0125 -0.9999
vn -0.0148 -0.0461 0.9988
vn 0.0025 0.0139 -0.9999
vn 0.9867 0.1628 -0.0024
vn -0.9969 0.0671 -0.0409
vn 0.9697 0.2379 -0.0551
vn -0.4013 0.9155 0.0272
vn 0.9967 0.0048 -0.0807
vn 0.0319 0.0046 0.9995
vn 0.9832 0.1743 -0.0542
vn 0.9979 0.0444 -0.0472
vn 0.9571 0.2894 -0.0136
vn 0.9831 0.1779 0.0442
vn -0.0054 -0.0047 -1.0000
vn -0.0348 0.0278 -0.9990
vn -0.9998 0.0190 0.0094
vn 0.9855 0.1697 0.0064
vn -0.0099 0.0195 -0.9998
vn -0.0349 0.0955 0.9948
vn 0.9859 0.1628 0.0383
vn -0.0601 0.0817 -0.9948
vn 0.9287 0.3705 0.0172
vn 0.9881 0.1513 -0.0276
vn -0.9884 0.1513 0.0109
vn 0.1011 0.0656 -0.9927
vn -0.0019 -0.0805 -0.9968
vn 0.1285 0.0953 0.9871
vn -0.0273 0.0085 -0.9996
vn 0.1433 0.0077 0.9897
vn 0.9480 0.3183 0.0024
vn -0.9932 0.1167 -0.0000
vn 0.9973 -0.0728 -0.0120
vn -0.9824 0.1791 -0.0533
vn 0.0738 -0.0524 0.9959
vn -0.0006 0.0104 -0.9999
vn -0.9971 -0.0591 0.0484
vn -0.9307 0.3521 0.0990
vn 0.7193 0.6947 -0.0060
vn 0.9940 -0.0875 -0.0660
vn 0.0014 0.0467 0.9989
vn 0.9995 0.0324 0.0028
vn -0.0760 0.0385 -0.9964
vn 0.9763 0.1965 0.0909
vn -0.0145 0.0192 -0.9997
vn -0.7540 0.6226 -0.2095
vn 0.9389 0.3379 0.0655
vn -0.0148 0.0036 -0.9999
vn 0.9849 0.1678 0.0430
vn -0.0657 0.0879 -0.9940
vn -0.0224 0.0401 0.9989
vn -0.0038 -0.0099 -0.9999
vn -0.0948 0.0826 -0.9921
vn -0.9875 0.1556 0.0266
vn 0.9579 0.2856 -0.0291
vn -0.0066 -0.0768 -0.9970
vn 0.9717 0.2282 0.0608
vn 0.9470 0.3194 0.0342
vn -0.0188 -0.0286 -0.9994
vn 0.9945 0.0628 0.0840
vn -0.0035 0.0150 -0.9999
vn 0.0931 0.0456 0.9946
vn 0.9830 0.1832 0.0098
vn -0.0096 0.0187 -0.9998
vn -0.1096 0.0236 0.9937
vn 0.9867 0.1499 0.0627
vn -0.0230 0.0242 -0.9994
vn 0.9932 0.0362 0.1104
vn 0.0418 0.1001 0.9941
vn -0.9915 -0.1249 0.0370
vn 0.9464 0.3059 0.1034
vn -0.0169 0.0307 -0.9994
vn 0.9789 0.1862 0.0842
vn -0.0089 0.0189 -0.9998
vn -0.9666 0.2391 -0.0927
vn 0.9777 0.1973 0.0713
vn -0.1825 0.0185 0.9830
vn 0.0087 0.0192 -0.9998
vn -0.0695 0.0578 0.9959
vn 0.9841 0.1734 0.0394
vn -0.0101 0.0192 -0.9998
vn -0.8239 0.5374 0.1799
vn 0.1553 -0.0137 0.9878
vn 0.9297 0.3658 -0.0429
vn -0.7134 0.6600 -0.2355
vn 0.9805 0.1763 0.0864
vn -0.0083 0.0188 -0.9998
vn -0.1738 0.2207 -0.9597
vn -0.0454 0.0468 -0.9979
vn 0.9686 0.2390 -0.0685
vn -0.9941 0.1086 0.0069
vn -0.9756 -0.2180 -0.0259
vn -0.0018 -0.1495 -0.9888
vn 0.0036 0.0558 0.9984
vn 0.9984 0.0556 -0.0094
vn -0.0387 0.3643 0.9305
vn -0.0180 0.0277 -0.9995
vn -0.9833 0.1686 0.0689
vn 0.9881 0.1354 -0.0724
vn 0.3256 -0.0266 0.9451
vn 0.0258 0.0288 0.9993
vn -0.9980 -0.0607 0.0192
vn 0.9178 0.3961 -0.0268
vn -0.0456 0.0219 -0.9987
vn 0.0605 0.2283 0.9717
vn 0.0387 0.0161 0.9991
vn 0.9945 0.1034 -0.0158
vn 0.9692 0.2445 -0.0298
vn 0.9780 0.2078 0.0198
vn 0.9791 0.2032 -0.0070
vn 0.9886 0.1501 0.0087
vn -0.2862 0.0195 0.9580
vn 0.9849 0.1567 -0.0742
vn -0.9851 0.1627 0.0562
vn 0.9336 0.3550 -0.0485
vn -0.0502 -0.0342 -0.9982
vn -0.0554 0.0384 -0.9977
vn -0.0058 0.0185 -0.9998
vn 0.9772 0.2116 0.0174
vn -0.0681 0.0913 -0.9935
vn 0.9676 0.2518 -0.0195
vn -0.0601 0.0784 -0.9951
vn -0.0096 -0.0506 -0.9987
vn -0.9277 -0.3637 -0.0844
vn 0.0255 0.0629 0.9977
vn 0.9866 0.1617 -0.0226
vn 0.9689 0.2460 -0.0284
vn -0.9919 0.1231 0.0321
vn -0.0290 0.0191 -0.9994
vn 0.9265 0.3661 -0.0866
vn -0.9979 -0.0422 0.0496
vn 0.9830 0.1835 0.0082
vn -0.0413 0.0274 -0.9988
vn -0.0722 0.0372 -0.9967
vn 0.9956 0.0934 -0.0032
vn -0.9957 0.0746 0.0546
vn -0.0251 -0.0312 -0.9992
vn 0.9564 0.2912 0.0242
vn -0.7421 0.6401 0.1991
vn 0.0539 -0.0810 0.9953
vn -0.9988 0.0496 0.0056
vn -0.0171 0.0200 -0.9997
vn -0.9996 -0.0095 0.0282
vn -0.9425 0.3331 0.0264
vn -0.0184 0.0276 -0.9994
vn 0.0614 -0.0206 0.9979
vn -0.1198 0.0883 -0.9889
vn 0.9744 0.1877 -0.1236
vn 0.9977 0.0677 0.0070
vn -0.0122 -0.0506 -0.9986
vn -0.0914 0.0930 0.9915
vn 0.9864 0.1378 0.0892
vn 0.9564 0.2824 0.0739
vn -0.0147 0.0274 -0.9995
vn -0.7384 0.6738 0.0288
vn -0.0830 0.0354 0.9959
vn -0.0828 -0.0057 -0.9966
vn -0.0086 0.0221 -0.9997
vn 0.9846 0.1726 0.0284
vn -0.0092 0.0189 -0.9998
vn 0.9991 0.0326 0.0274
vn 0.8159 -0.5769 -0.0400
vn -0.0219 0.0831 -0.9963
vn 0.9771 0.1957 -0.0839
vn 0.9779 0.2030 -0.0502
vn 0.0205 -0.0243 0.9995
vn -0.0846 0.0726 -0.9938
vn 0.9982 0.0159 -0.0574
vn 0.9856 0.1657 0.0341
vn -0.0545 0.0747 -0.9957
vn 0.9856 0.1690 0.0073
vn 0.9806 0.1961 -0.0072
vn 0.9766 0.2094 0.0493
vn -0.0713 0.0953 -0.9929
vn 0.9776 0.2091 0.0237
vn 0.0191 0.0929 0.9955
vn 0.9778 0.2041 -0.0476
vn 0.7016 0.7026 -0.1184
vn 0.0120 -0.0709 -0.9974
vn 0.9834 0.1758 -0.0445
vn -0.0239 0.1090 0.9938
vn 0.9857 0.1681 -0.0086
vn 0.9676 0.2521 -0.0102
vn -0.1791 0.1816 -0.9669
vn 0.9902 0.1324 -0.0453
vn 0.0744 0.0077 0.9972
vn -0.9960 0.0538 0.0708
vn 0.9791 0.1608 -0.1244
vn -0.9460 0.3051 0.1095
vn 0.5804 0.1889 0.7921
vn -0.9016 0.2223 -0.3710
vn -0.0128 0.1065 -0.9942
vn 0.8778 0.4790 -0.0027
vn 0.0090 0.0060 -0.9999
vn 0.8828 0.4677 0.0434
vn 0.0160 0.0044 -0.9999
vn 0.0201 -0.0158 0.9997
vn 0.9992 -0.0251 -0.0299
vn 0.0052 0.0043 1.0000
vn -0.0450 -0.0083 -0.9990
vn 0.9713 0.2338 -0.0446
vn -0.0199 0.0310 0.9993
vn -0.0724 -0.0151 -0.9973
vn 0.9629 0.2605 -0.0707
vn -0.0201 0.0315 0.9993
vn -0.0196 0.0388 0.9991
vn 0.8959 0.4405 -0.0574
vn 0.9100 0.3956 -0.1242
vn -0.0349 0.0221 -0.9991
vn 0.9840 0.1687 -0.0575
vn -0.1242 -0.0694 -0.9898
vn -0.9655 -0.2490 0.0767
vn 0.8934 0.4418 -0.0816
vn 0.5561 0.8240 -0.1086
vn -0.0814 0.0284 -0.9963
vn -0.0021 -0.0638 0.9980
vn -0.1312 -0.1492 -0.9801
vn -0.9633 -0.2650 0.0433
vn 0.6857 0.7277 -0.0148
vn 0.4279 -0.8985 -0.0979
vn 0.6902 0.7183 0.0877
vn 0.9887 0.1473 -0.0276
vn 0.0142 -0.0343 0.9993
vn 0.0579 0.0419 -0.9974
vn -0.9965 -0.0483 -0.0682
vn 0.9713 0.2309 -0.0571
vn 0.0073 0.1379 -0.9904
vn -0.0152 -0.0124 -0.9998
vn 0.9666 0.2555 -0.0191
vn -0.0285 0.0857 -0.9959
vn 0.9987 0.0464 0.0233
vn 0.0127 -0.0166 0.9998
vn -0.8111 0.5763 -0.1001
vn 0.7984 0.6018 0.0198
vn 0.9679 0.2474 -0.0437
vn 0.0088 0.0201 0.9998
vn -0.1708 0.1752 -0.9696
vn -0.9959 -0.0709 0.0565
vn -0.0254 0.1084 -0.9938
vn 0.0074 -0.0769 0.9970
vn -0.1144 0.1114 -0.9872
vn -0.1187 0.0583 0.9912
vn 0.9680 0.2501 -0.0213
vn -0.9984 -0.0127 0.0551
vn 0.9015 0.4312 0.0363
vn 0.0053 -0.0608 0.9981
vn -0.0333 -0.0291 0.9990
vn -0.0603 -0.0516 -0.9969
vn 0.9435 0.3294 -0.0362
vn 0.9567 0.2894 -0.0319
vn 0.9660 0.2109 0.1494
vn -0.7094 0.6943 0.1211
vn 0.0101 0.0736 -0.9972
vn 0.9984 0.0467 0.0321
vn 0.0173 -0.0009 0.9998
vn -0.0371 -0.0298 -0.9989
vn 0.9563 0.2914 -0.0225
vn 0.0142 0.0319 0.9994
vn -0.0596 -0.0156 -0.9981
vn 0.9632 0.2623 -0.0584
vn -0.0203 0.0316 0.9993
vn -0.0632 -0.0100 -0.9980
vn -1.0000 0.0029 -0.0013
vn 0.0107 -0.0180 0.9998
vn -0.1508 0.2087 -0.9663
vn 0.0658 0.0386 0.9971
vn 0.0151 0.0173 -0.9997
vn -0.9947 0.1022 -0.0108
vn 0.0038 -0.0501 0.9987
vn 0.0133 -0.0042 0.9999
vn -0.0506 -0.0251 -0.9984
vn 0.9980 -0.0551 -0.0293
vn -0.0706 -0.0106 -0.9974
vn 0.9657 0.2507 -0.0677
vn -0.9929 0.1149 -0.0320
vn -0.0252 -0.0179 0.9995
vn -0.0829 0.1018 -0.9913
vn 0.0035 -0.0620 0.9981
vn -0.0126 0.0279 0.9995
vn 0.9819 0.1892 -0.0130
vn -0.0076 0.0263 0.9996
vn -0.9983 0.0502 0.0289
vn 0.0877 0.0057 -0.9961
vn 0.0089 0.0301 0.9995
vn 0.0187 0.0286 0.9994
vn 0.0095 -0.0365 0.9993
vn 0.0466 0.0052 -0.9989
vn 0.9637 0.2637 0.0418
vn -0.8760 0.4811 0.0344
vn 0.9981 0.0573 0.0243
vn 0.9980 -0.0207 -0.0600
vn 0.0047 0.0187 0.9998
vn -0.0639 -0.0144 -0.9979
vn 0.9638 0.2592 -0.0625
vn -0.0186 0.0311 0.9993
vn -0.0035 -0.0548 0.9985
vn -0.7050 0.3520 -0.6157
vn 0.9855 0.1536 0.0715
vn 0.0034 -0.0150 -0.9999
vn 0.9958 0.0886 -0.0233
vn 0.9953 -0.0969 -0.0072
vn 0.0060 -0.0466 0.9989
vn 0.9827 0.1746 -0.0624
vn 0.0354 0.0130 0.9993
vn -0.0179 0.0037 -0.9998
vn 0.0025 -0.0398 0.9992
vn -0.8195 0.5726 -0.0215
vn 0.9615 -0.0190 -0.2743
vn -0.3656 0.9165 0.1623
vn -0.9345 0.3509 0.0606
vn 0.9694 0.2433 -0.0324
vn -0.0367 0.0010 -0.9993
vn 0.8702 0.4924 -0.0177
vn -0.8762 0.4819 -0.0076
vn -0.0612 0.1407 -0.9882
vn -0.0855 0.1256 -0.9884
vn 0.8535 0.5210 0.0150
vn 0.0139 -0.0395 0.9991
vn -0.0331 -0.0143 -0.9993
vn 0.9644 0.2622 -0.0358
vn -0.9460 0.3195 0.0551
vn 0.0238 0.0257 0.9994
vn -0.7732 0.6107 0.1711
vn 0.0553 -0.1187 0.9914
vn -0.0083 0.1359 -0.9907
vn -0.3119 -0.1193 -0.9426
vn 0.0300 0.0694 -0.9971
vn 0.9930 0.1171 0.0117
vn -0.0040 -0.0712 0.9975
vn 0.9294 0.3474 0.1245
vn -0.6560 0.7479 -0.1012
vn -0.0034 -0.0023 1.0000
vn 0.9913 -0.1275 0.0341
vn 0.0048 -0.0555 0.9984
vn 0.0204 0.0290 0.9994
vn 0.9701 0.2419 -0.0195
vn 0.7949 0.6066 0.0134
vn -0.8130 0.5746 -0.0936
vn 0.0150 0.0291 0.9995
vn 0.0322 0.0471 -0.9984
vn -0.0236 -0.0145 -0.9996
vn 0.9648 0.2618 -0.0262
vn -0.1424 -0.0656 -0.9876
vn -0.0006 -0.0498 0.9988
vn -0.0034 0.0302 0.9995
vn 0.0461 0.1722 -0.9840
vn 0.9600 0.2796 0.0122
vn -0.1126 0.1072 -0.9878
vn -0.9968 0.0748 0.0290
vn 0.9621 0.2722 -0.0188
vn -0.8318 0.5513 -0.0643
vn 0.7870 0.6168 -0.0142
vn 0.9775 0.2092 0.0268
vn -0.0127 -0.0211 0.9997
vn 0.8045 0.5935 0.0224
vn -0.8071 0.5817 -0.1015
vn 0.0174 0.0315 0.9994
vn 0.7995 0.6005 -0.0116
vn -0.8142 0.5766 -0.0678
vn 0.0143 0.1257 -0.9920
vn -0.8124 0.5761 -0.0899
vn 0.7952 0.6062 0.0093
vn 0.0170 0.0291 0.9994
vn -0.0716 0.0112 -0.9974
vn 0.8968 0.4423 0.0099
vn 0.9711 0.2338 -0.0487
vn -0.0211 0.0306 0.9993
vn -0.9939 0.1098 -0.0084
vn 0.0210 0.0305 0.9993
vn 0.0161 -0.0136 -0.9998
vn 0.0483 -0.0517 -0.9975
vn 0.9975 0.0704 -0.0094
vn 0.0101 -0.0060 -0.9999
vn 0.9584 0.1757 -0.2249
vn 0.9996 0.0296 0.0044
vn 0.0253 -0.0223 -0.9994
vn 0.0434 -0.1318 -0.9903
vn 0.0097 -0.0116 -0.9999
vn 0.0471 -0.1323 -0.9901
vn 0.0135 -0.0624 -0.9980
vn 0.0104 -0.0062 -0.9999
vn 0.0208 -0.0207 -0.9996
vn -0.9574 -0.2869 0.0316
vn 0.0279 -0.0295 -0.9992
vn 0.0701 -0.3527 -0.9331
vn 0.0053 -0.0022 -1.0000
vn -0.9907 -0.1181 0.0680
vn -0.0195 0.0143 0.9997
vn 0.1671 -0.2880 -0.9430
vn 0.0526 -0.0216 0.9984
vn 0.0127 -0.0086 -0.9999
vn 0.0298 -0.0892 -0.9956
vn 0.0103 -0.0059 -0.9999
vn 0.1895 -0.3377 -0.9220
vn -0.9212 -0.3798 0.0842
vn -0.9963 0.0045 0.0860
vn 0.9921 0.0467 -0.1162
vn 0.9991 0.0351 -0.0232
vn 0.1091 -0.1417 -0.9839
vn -0.9834 0.1812 0.0040
vn -0.9860 -0.1650 0.0226
vn 0.9839 -0.1766 -0.0276
vn -0.0696 -0.3485 0.9347
vn 0.0008 0.0008 -1.0000
vn -0.9657 0.2492 0.0722
vn 0.9985 -0.0289 -0.0455
vn 0.0413 -0.0451 -0.9981
vn 0.0258 -0.0257 -0.9993
vn 0.9998 -0.0164 -0.0072
vn -0.9570 -0.2901 0.0039
vn 0.0420 -0.0532 -0.9977
vn 0.0158 -0.1181 -0.9929
vn 0.0694 -0.0780 -0.9945
vn -0.9905 0.1366 -0.0149
vn -0.9921 -0.1211 -0.0340
vn 0.0391 -0.0417 -0.9984
vn 0.0232 -0.0293 -0.9993
vn -0.9862 -0.1449 -0.0803
vn -0.9943 -0.1061 -0.0123
vn 0.1137 -0.1311 -0.9848
vn 0.0160 -0.0737 -0.9972
vn 0.0449 -0.0476 -0.9979
vn -0.9827 -0.1324 -0.1295
vn 0.0639 -0.2788 -0.9582
vn 0.9837 -0.1479 0.1020
vn -0.9926 -0.0324 -0.1172
vn 0.0361 -0.1786 -0.9833
vn -0.9804 -0.1829 -0.0726
vn 0.0284 -0.0384 -0.9989
vn 0.0303 -0.0310 -0.9991
vn -0.9558 0.2809 -0.0863
vn 0.0062 -0.2297 -0.9732
vn 0.0164 -0.0119 -0.9998
vn 0.9953 -0.0821 0.0505
vn 0.0031 -0.0003 -1.0000
vn 0.0239 -0.0256 -0.9994
vn 0.0031 0.0015 -1.0000
vn 0.0045 -0.0114 -0.9999
vn 0.2643 -0.9543 -0.1392
vn -0.9623 0.2703 -0.0310
vn 0.9878 0.1497 -0.0421
vn 0.9220 -0.3872 0.0075
vn 0.0046 -0.0161 -0.9999
vn -0.2864 -0.2407 -0.9274
vn -0.8951 -0.4459 -0.0035
vn 0.0234 -0.0231 -0.9995
vn 0.0063 -0.0135 -0.9999
vn 0.0058 -0.0732 -0.9973
vn -0.9635 -0.2558 0.0793
vn 0.9962 -0.0830 -0.0250
vn -0.9475 0.0413 -0.3171
vn 0.0194 0.0485 0.9986
vn 0.0189 -0.0131 -0.9997
vn 0.0262 -0.0263 -0.9993
vn 0.0306 -0.0326 -0.9990
vn 0.9983 -0.0571 -0.0084
vn 0.0191 -0.0910 -0.9957
vn -0.2255 -0.0824 -0.9708
vn -0.8845 -0.4652 -0.0344
vn 0.9990 0.0233 0.0385
vn 0.0372 -0.0657 -0.9971
vn -0.9977 0.0588 0.0333
vn -0.9353 0.2449 -0.2556
vn 0.0535 -0.1590 -0.9858
vn 0.1847 -0.2229 -0.9572
vn 0.9808 0.1948 -0.0008
vn -0.9211 -0.3893 0.0041
vn -0.0818 -0.0076 0.9966
vn -0.1279 -0.3209 0.9384
vn 0.0028 0.0012 -1.0000
vn -0.9941 0.1072 0.0174
vn 0.0248 -0.1050 -0.9942
vn 0.0351 -0.0334 -0.9988
vn -0.9960 -0.0654 -0.0612
vn 0.0093 -0.0073 -0.9999
vn 0.0139 -0.0098 -0.9999
vn -0.2132 -0.0904 -0.9728
vn 0.0179 -0.0143 -0.9997
vn -0.0006 -0.0202 0.9998
vn -0.9845 -0.1749 0.0118
vn -0.9780 -0.1567 0.1377
vn -0.1247 -0.1157 -0.9854
vn 0.0113 -0.0070 -0.9999
vn 0.0120 -0.0082 -0.9999
vn 0.0522 -0.1477 -0.9877
vn -0.8939 -0.4471 -0.0304
vn -0.0482 0.0205 0.9986
vn 0.0252 -0.0249 -0.9994
vn -0.0102 -0.0640 -0.9979
vn 0.0098 -0.0048 -0.9999
vn 0.0066 -0.0032 -1.0000
vn -0.9995 0.0276 -0.0128
vn -0.9623 -0.2714 0.0155
vn 0.9646 0.2491 -0.0869
vn 0.0100 -0.0106 -0.9999
vn 0.0021 -0.2890 0.9573
vn 0.0031 -0.0013 -1.0000
vn -0.7375 -0.2276 0.6359
vn -0.5771 -0.8024 -0.1519
vn -0.8458 -0.5041 -0.1749
vn -0.9821 -0.1873 -0.0200
vn -0.0036 -0.0172 -0.9998
vn 0.0487 -0.0194 -0.9986
vn -0.9107 -0.4116 -0.0358
vn -0.9934 0.1143 -0.0001
vn 0.9591 -0.2827 0.0127
vn 0.9461 -0.2176 -0.2400
vn -0.5953 -0.8002 0.0729
vn 0.9871 -0.1583 -0.0256
vn -0.9774 -0.2028 0.0600
vn -0.1403 0.0850 -0.9864
vn 0.9902 0.0028 -0.1395
vn -0.9896 -0.0074 0.1439
vn 0.4502 -0.8894 -0.0792
vn 0.9968 0.0244 -0.0757
vn -0.9998 -0.0174 0.0061
vn 0.0038 -0.0134 0.9999
vn -0.9987 0.0207 0.0476
vn -0.9996 0.0250 -0.0119
vn 0.9953 0.0723 0.0650
vn 0.9938 -0.1112 0.0085
vn -0.9993 0.0292 -0.0244
vn -0.9911 0.1333 -0.0022
vn 0.9571 -0.2544 -0.1386
vn -0.1184 -0.0806 0.9897
vn -0.9875 -0.1567 0.0146
vn -0.9869 -0.1611 -0.0071
vn -0.0175 -0.1110 0.9937
vn -0.9731 -0.2195 0.0698
vn -0.9843 -0.1758 0.0181
vn -0.9895 -0.1429 -0.0209
vn -0.9982 -0.0574 0.0163
vn -0.0425 -0.1012 -0.9940
vn -0.0028 -0.0750 0.9972
vn -0.9819 0.1890 -0.0080
vn -0.9908 -0.1347 0.0114
vn 0.9957 0.0207 -0.0898
vn 0.9996 0.0135 0.0251
vn 0.9405 0.3339 0.0623
vn 0.9976 0.0620 -0.0298
vn 0.9997 -0.0037 0.0243
vn 0.0024 -0.0522 0.9986
vn -0.0245 -0.0247 0.9994
vn -0.9997 0.0253 -0.0040
vn -0.0100 -0.0084 0.9999
vn 0.9979 0.0625 -0.0174
vn 0.0053 -0.0161 0.9999
vn 0.9993 0.0068 0.0359
vn -0.9868 -0.1604 -0.0235
vn 0.0497 -0.0133 -0.9987
vn -0.9864 -0.1611 -0.0316
vn -0.9996 0.0255 -0.0085
vn -0.0040 0.0015 1.0000
vn -0.9829 -0.1812 0.0336
vn 0.9997 -0.0216 -0.0111
vn -0.0044 -0.0588 0.9983
vn 0.0480 -0.0926 0.9945
vn 0.9932 -0.1160 -0.0112
vn 0.1662 -0.1265 -0.9779
vn -0.9597 -0.2807 -0.0157
vn -0.0245 -0.0266 -0.9993
vn -0.9972 0.0684 0.0294
vn -0.9957 0.0278 0.0879
vn 0.9777 -0.1732 -0.1187
vn 0.9999 -0.0165 -0.0008
vn 0.0097 -0.0587 0.9982
vn 0.9809 -0.1946 0.0051
vn -0.9951 -0.0932 -0.0324
vn -0.0012 -0.0274 -0.9996
vn -0.9752 -0.2212 -0.0029
vn 0.9943 -0.1008 -0.0354
vn -0.9705 -0.2362 0.0473
vn 0.0856 -0.1873 -0.9786
vn 0.9900 -0.1407 -0.0045
vn -0.9983 0.0545 0.0191
vn -0.9837 -0.1695 0.0601
vn -0.9997 0.0242 -0.0055
vn -0.8452 -0.5307 0.0640
vn 0.9652 -0.2607 -0.0220
vn 0.0104 -0.0492 0.9987
vn 0.2795 -0.0555 0.9585
vn -0.9504 -0.2918 -0.1081
vn -0.9960 -0.0014 -0.0894
vn -0.9866 0.1627 -0.0122
vn -0.9996 0.0252 -0.0114
vn -0.0115 -0.0088 0.9999
vn -0.9758 -0.2162 0.0321
vn -0.0048 0.0044 1.0000
vn 0.0982 -0.1038 0.9897
vn 0.9761 -0.1940 0.0978
vn -0.9965 0.0820 -0.0185
vn -0.9959 -0.0896 0.0094
vn 0.9958 -0.0670 -0.0626
vn 0.9978 -0.0270 -0.0603
vn -0.9739 -0.2168 0.0678
vn -0.9984 0.0565 0.0038
vn 0.1177 -0.0612 0.9912
vn -0.9989 -0.0444 -0.0144
vn -0.9896 -0.1436 0.0097
vn 0.9987 0.0299 -0.0416
vn -0.9583 -0.2854 -0.0167
vn -0.9996 0.0259 -0.0129
vn -0.0105 -0.0082 0.9999
vn 0.1331 -0.0090 0.9911
vn -0.0158 -0.0100 0.9998
vn -0.0130 -0.0088 0.9999
vn -0.9712 -0.2340 -0.0459
vn -0.9997 0.0250 -0.0016
vn -0.0121 -0.0069 0.9999
vn -0.9829 -0.1844 0.0018
vn 0.9875 -0.1575 -0.0087
vn -0.0069 -0.0363 0.9993
vn -0.9992 0.0277 -0.0299
vn -0.0113 -0.0073 0.9999
vn 1.0000 0.0009 -0.0005
vn -0.6153 0.7883 0.0005
vn -0.9313 -0.3643 -0.0005
vn 0.4841 -0.8750 -0.0001
vn -0.0000 -0.8465 -0.5323
vn -0.9965 0.0832 0.0002
vn 0.9532 0.3025 -0.0014
vn -0.0020 -0.1020 0.9948
vn -0.7765 -0.0370 -0.6290
vn -1.0000 -0.0064 -0.0004
vn 0.0006 0.0593 0.9982
vn 0.7738 -0.0003 -0.6335
vn 0.4615 0.8870 0.0148
vn 0.0043 0.9988 0.0481
vn -0.3615 0.9323 0.0094
vn 0.2001 0.9785 0.0501
vn 0.4408 0.8648 -0.2406
vn 0.1644 0.9819 0.0940
vn -0.2657 0.9502 -0.1626
vn 0.0020 0.9989 0.0475
vn -0.1252 0.9753 0.1820
vn 0.0042 0.9989 0.0475
vn -0.1909 0.9796 -0.0628
vn -0.0651 0.9970 0.0426
vn -0.4113 0.9105 -0.0436
vn -0.1863 0.9825 0.0040
vn -0.0459 0.9856 0.1627
vn -0.6095 0.7852 -0.1092
vn 0.2647 0.9631 0.0495
vn -0.2080 0.9773 0.0408
vn 0.0310 0.9993 0.0222
vn 0.0017 0.9989 0.0475
vn -0.1553 0.9857 0.0656
vn -0.3822 0.9219 0.0633
vn 0.1595 0.9863 0.0428
vn 0.0188 0.9995 0.0245
vn -0.0376 0.9984 0.0432
vn -0.4554 0.8898 0.0296
vn 0.2270 0.9682 -0.1050
vn 0.0015 0.9989 0.0475
vn -0.0011 0.9989 0.0474
vn -0.3798 0.9239 0.0477
vn 0.1136 0.9912 -0.0687
vn -0.3969 0.9092 -0.1254
vn -0.1289 0.9904 -0.0489
vn -0.1993 0.9799 0.0078
vn 0.0025 0.9989 0.0474
vn 0.1699 0.9854 0.0058
vn -0.0087 0.9988 0.0472
vn -0.1029 0.9945 0.0215
vn -0.1656 0.9591 0.2297
vn -0.0348 0.9993 -0.0159
vn -0.3202 0.9427 0.0940
vn 0.0311 0.9987 0.0401
vn -0.4369 0.8988 0.0361
vn 0.2767 0.9340 -0.2259
vn 0.3961 0.9181 0.0132
vn -0.0228 0.9996 0.0176
vn -0.5001 0.8635 0.0659
vn 0.0185 0.9998 0.0074
vn 0.1295 0.9911 -0.0314
vn 0.0059 0.9986 0.0534
vn -0.0382 0.9993 0.0011
vn -0.0227 0.9987 0.0460
vn 0.4739 0.8800 -0.0316
vn 0.0040 0.9989 0.0473
vn -0.3579 0.9323 0.0520
vn -0.1121 0.9904 0.0809
vn -0.2917 0.9553 0.0482
vn -0.0277 0.9986 0.0454
vn 0.2954 0.9551 0.0227
vn 0.0732 0.9969 0.0285
vn 0.0031 0.9989 0.0476
vn -0.5433 0.8392 -0.0241
vn -0.2606 0.9649 -0.0335
vn -0.1560 0.9878 -0.0012
vn -0.0462 0.9989 -0.0043
vn 0.1281 0.9843 0.1214
vn 0.0623 0.9910 -0.1181
vn -0.2650 0.9642 -0.0117
vn -0.0147 0.9995 0.0279
vn -0.0852 0.9963 -0.0108
vn 0.1667 0.9856 -0.0268
vn 0.0270 0.9982 0.0532
vn -0.0035 0.9999 0.0150
vn 0.1141 0.9934 -0.0143
vn 0.3445 0.9382 0.0321
vn 0.0015 0.9989 0.0473
vn 0.0001 0.9989 0.0473
vn -0.3158 0.9462 -0.0709
vn -0.2365 0.9716 0.0020
vn 0.2657 0.9633 -0.0380
vn -0.0899 0.9957 0.0203
vn 0.0012 0.9985 0.0550
vn -0.0759 0.9964 0.0374
vn -0.0002 0.9989 0.0474
vn -0.3539 0.9332 0.0622
vn -0.0990 0.9950 0.0163
vn 0.3515 0.9163 -0.1919
vn 0.0183 0.9997 0.0173
vn 0.0961 0.9954 -0.0030
vn 0.1997 0.9582 0.2051
vn -0.3981 0.9098 -0.1176
vn -0.3196 0.9476 -0.0025
vn -0.0461 0.9909 -0.1266
vn -0.1101 0.9932 0.0381
vn -0.0111 0.9966 0.0815
vn 0.0316 0.9994 0.0107
vn -0.2387 0.9703 0.0385
vn -0.0306 0.9994 0.0180
vn -0.3511 0.9328 -0.0809
vn -0.1972 0.9681 -0.1544
vn -0.0290 0.9891 -0.1443
vn -0.0753 0.9961 0.0470
vn -0.3797 0.9240 0.0456
vn -0.0452 0.9989 -0.0158
vn 0.1703 0.9853 0.0096
vn -0.2081 0.9781 0.0044
vn -0.0284 0.9986 0.0456
vn 0.1019 0.9937 0.0473
vn -0.1023 0.9945 0.0238
vn -0.3561 0.9334 0.0443
vn -0.2943 0.9553 0.0283
vn -0.2120 0.9767 -0.0328
vn -0.0019 0.9988 -0.0482
vn -0.1021 0.9948 -0.0006
vn 0.1714 0.9844 0.0387
vn -0.0832 0.9959 0.0354
vn -0.0418 0.9932 0.1082
vn -0.2314 0.9714 -0.0526
vn -0.0823 0.9965 -0.0149
vn 0.4065 0.9082 0.0999
vn -0.0173 0.9990 0.0407
vn 0.1001 0.9935 0.0547
vn 0.1170 0.9895 -0.0848
vn -0.0483 0.9977 0.0485
vn 0.2945 0.9532 0.0683
vn -0.0173 0.9994 -0.0290
vn 0.4448 0.8949 0.0358
vn 0.0177 0.9998 0.0087
vn -0.2429 0.9699 -0.0165
vn -0.2256 0.9715 -0.0731
vn 0.0021 0.9989 0.0473
vn 0.3797 0.9228 0.0651
vn 0.0148 0.9985 0.0518
vn -0.3383 0.9373 0.0839
vn 0.0235 0.9995 -0.0226
vn -0.0785 0.9969 0.0038
vn 0.1884 0.9814 0.0378
vn 0.0019 0.9989 0.0474
vn -0.4177 0.9039 0.0920
vn -0.1039 0.9943 0.0219
vn -0.2228 0.9745 0.0278
vn -0.1272 0.9919 -0.0059
vn 0.3104 0.9328 0.1833
vn -0.4569 0.8891 0.0270
vn -0.1139 0.9935 -0.0007
vn 0.0007 0.9989 0.0472
vn 0.1359 0.9731 0.1859
vn 0.1489 0.9888 0.0113
vn -0.0446 0.9980 0.0445
vn -0.0410 0.9975 0.0572
vn -0.4815 0.8701 0.1052
vn 0.1913 0.9815 0.0044
vn -0.3686 0.9278 0.0574
vn -0.0612 0.9980 -0.0124
vn 0.0349 0.9983 -0.0463
vn 0.1606 0.9869 0.0149
vn -0.0713 0.9954 0.0642
vn 0.0189 0.9996 -0.0214
vn -0.0169 0.9997 -0.0179
vn -0.1718 0.9838 0.0522
vn 0.3866 0.9222 -0.0047
vn -0.1592 0.9859 0.0509
vn 0.2404 0.9696 -0.0454
vn -0.2005 0.9795 -0.0204
vn 0.5678 0.8218 -0.0477
vn 0.1015 0.9946 -0.0213
vn -0.2062 0.9784 -0.0149
vn -0.4044 0.9146 -0.0025
vn -0.4100 0.9103 0.0571
vn -0.4272 0.9025 0.0547
vn 0.0934 0.9950 -0.0344
vn -0.1169 0.9925 -0.0343
vn 0.4127 0.9102 -0.0353
vn -0.3508 0.9359 0.0316
vn 0.5096 0.8603 0.0152
vn -0.1544 0.9878 0.0179
vn 0.3274 0.9449 0.0016
vn -0.0460 0.9980 -0.0430
vn -0.0710 0.9974 0.0156
vn 0.2134 0.9770 0.0053
vn 0.0224 0.9984 -0.0512
vn 0.2310 0.9718 -0.0468
vn 0.0628 0.9979 -0.0169
vn 0.1048 0.9945 0.0022
vn -0.2132 0.9768 -0.0182
vn 0.0652 0.9968 -0.0456
vn -0.1262 0.9920 -0.0096
vn 0.1535 0.9877 -0.0315
vn -0.1423 0.9898 0.0013
vn -0.3059 0.9521 -0.0048
vn 0.5471 0.8370 0.0106
vn 0.1416 0.9895 -0.0275
vn -0.0172 0.9995 -0.0265
vn -0.3128 0.9498 0.0028
vn 0.3551 0.9344 0.0271
vn 0.1466 0.9885 -0.0374
vn 0.1783 0.9811 -0.0755
vn -0.2366 0.9715 -0.0103
vn -0.5311 0.8468 -0.0302
vn 0.0618 0.9977 -0.0287
vn 0.1131 0.9935 -0.0081
vn -0.2549 0.9663 -0.0349
vn -0.1206 0.9927 -0.0106
vn -0.0670 0.9975 0.0201
vn -0.0851 0.9963 -0.0098
vn -0.4854 0.8732 0.0436
vn 0.2832 0.9583 -0.0375
vn 0.3933 0.9188 0.0327
vn -0.2070 0.9782 -0.0173
vn -0.1424 0.9898 -0.0096
vn -0.0166 0.9985 -0.0517
vn 0.0159 0.9979 -0.0623
vn -0.0799 0.9968 0.0017
vn -0.5701 0.8199 0.0516
vn 0.3465 0.9308 0.1166
vn 0.0897 0.9940 -0.0629
vn 0.0309 0.9981 -0.0529
vn -0.1061 0.9941 -0.0243
vn 0.2434 0.9699 0.0026
vn 0.1432 0.9891 -0.0353
vn -0.0743 0.9956 -0.0563
vn 0.0066 0.9998 -0.0210
vn -0.2142 0.9767 -0.0154
vn 0.2431 0.9700 -0.0025
vn 0.0177 0.9984 -0.0531
vn -0.1065 0.9935 -0.0408
vn 0.3546 0.9347 0.0240
vn 0.3701 0.9289 0.0148
vn 0.0229 0.9995 -0.0205
vn 0.3391 0.9406 -0.0147
vn -0.3756 0.9268 -0.0061
vn 0.1432 0.9891 -0.0346
vn -0.0726 0.9958 -0.0562
vn -0.2058 0.9784 -0.0164
vn -0.0257 0.9986 -0.0452
vn 0.3332 0.9405 0.0663
vn 0.3516 0.9361 -0.0031
vn 0.6250 0.7765 -0.0798
vn -0.0965 0.9950 -0.0257
vn 0.0619 0.9899 -0.1278
vn -0.1343 0.9760 0.1711
vn -0.0923 0.9947 -0.0458
vn -0.0781 0.9960 -0.0425
vn -0.3972 0.9177 -0.0016
vn 0.0497 0.9975 -0.0508
vn -0.0126 0.9996 -0.0245
vn 0.0614 0.9948 0.0818
vn 0.1576 0.9875 0.0041
vn 0.0617 0.9959 -0.0654
vn -0.2125 0.9769 -0.0237
vn 0.0598 0.9980 0.0198
vn -0.0010 0.9991 0.0435
vn -0.0359 0.9973 0.0636
vn 0.1782 0.9835 -0.0306
vn -0.0073 0.9997 -0.0245
vn -0.5317 0.8468 0.0173
vn -0.2158 0.9762 -0.0215
vn 0.1870 0.9811 -0.0503
vn -0.0836 0.9963 -0.0201
vn 0.0130 0.9981 -0.0607
vn 0.2098 0.9768 -0.0431
vn -0.0462 0.9984 -0.0325
vn -0.1477 0.9874 0.0573
vn 0.1476 0.9884 -0.0346
vn -0.2980 0.9542 0.0254
vn -0.0446 0.9990 -0.0047
vn -0.1218 0.9925 -0.0117
vn -0.0375 0.9992 0.0144
vn -0.0507 0.9986 0.0147
vn 0.1433 0.9891 -0.0345
vn 0.1183 0.9929 -0.0136
vn 0.1333 0.9904 -0.0369
vn 0.1619 0.9860 -0.0409
vn 0.2648 0.9640 0.0231
vn 0.3468 0.9371 0.0397
vn -0.0036 1.0000 -0.0013
vn -0.3465 0.9378 -0.0225
vn 0.1973 0.9802 0.0171
vn 0.4128 0.9107 0.0171
vn -0.3067 0.9518 -0.0027
vn -0.1402 0.9901 0.0110
vn 0.4098 0.9116 -0.0342
vn 0.0133 0.9973 0.0721
vn 0.2255 0.9728 -0.0527
vn -0.3529 0.9355 0.0166
vn -0.0674 0.9962 -0.0545
vn -0.0879 0.9946 0.0557
vn 0.1435 0.9890 -0.0344
vn -0.0205 0.9998 0.0029
vn -0.0738 0.9954 -0.0616
vn 0.0236 0.9984 -0.0516
vn 0.3580 0.9322 0.0529
vn -0.0003 1.0000 -0.0010
vn -0.0050 1.0000 -0.0010
vn -0.1977 0.9803 -0.0004
vn -0.1955 0.9807 -0.0030
vn -0.1058 0.9929 -0.0547
vn 0.1185 0.9924 -0.0343
vn -0.2010 0.9794 -0.0196
vn -0.4893 0.8719 -0.0180
vn 0.3594 0.9315 0.0555
vn 0.2484 0.9686 -0.0090
vn 0.0191 0.9985 -0.0522
vn 0.0125 -0.9995 0.0295
vn 0.1719 -0.9847 -0.0275
vn 0.3136 -0.9424 0.1167
vn -0.6298 -0.7766 -0.0150
vn 0.3973 -0.9170 0.0347
vn 0.2701 -0.9608 0.0630
vn 0.0206 -0.9994 0.0290
vn -0.1093 -0.9938 0.0206
vn 0.0220 -0.9990 0.0389
vn 0.0137 -0.9995 0.0291
vn 0.1698 -0.9825 0.0766
vn 0.0615 -0.9980 -0.0111
vn 0.2581 -0.9658 0.0249
vn 0.0008 -0.9986 0.0522
vn 0.1661 -0.9715 -0.1689
vn 0.1025 -0.9946 0.0164
vn -0.1094 -0.9929 0.0464
vn -0.3085 -0.9500 0.0486
vn 0.0209 -0.9994 0.0289
vn 0.0200 -0.9994 0.0289
vn 0.0535 -0.9981 0.0314
vn -0.2338 -0.9721 0.0194
vn 0.1009 -0.9941 0.0391
vn 0.2960 -0.9552 -0.0034
vn -0.0868 -0.9956 0.0362
vn 0.3462 -0.9370 0.0463
vn -0.3057 -0.9521 -0.0063
vn -0.3137 -0.9488 0.0372
vn -0.0823 -0.9960 0.0356
vn 0.0063 -1.0000 0.0014
vn 0.1180 -0.9928 0.0224
vn 0.0193 -0.9994 0.0290
vn 0.2098 -0.9771 0.0349
vn -0.0312 -0.9990 0.0328
vn 0.0082 -0.9996 0.0261
vn -0.0139 -0.9997 0.0204
vn 0.0230 -0.9992 0.0316
vn 0.0264 -0.9928 -0.1170
vn -0.2370 -0.9711 0.0269
vn -0.4681 -0.8781 0.0993
vn -0.1795 -0.9828 0.0445
vn 0.0683 -0.9977 0.0035
vn -0.1073 -0.9941 0.0160
vn -0.0191 -0.9982 0.0560
vn -0.1201 -0.9928 0.0035
vn -0.0016 -0.9996 0.0268
vn -0.0314 -0.9990 0.0328
vn 0.5324 -0.8433 0.0735
vn 0.2516 -0.9674 0.0295
vn -0.0003 -0.9997 0.0257
vn -0.0146 -0.9999 -0.0002
vn -0.3498 -0.9362 0.0335
vn 0.0722 -0.9970 0.0283
vn 0.0156 -0.9995 0.0289
vn 0.2811 -0.9470 0.1555
vn -0.1686 -0.9857 -0.0000
vn 0.3624 -0.9265 -0.1014
vn 0.0197 -0.9994 0.0290
vn -0.1497 -0.9886 -0.0129
vn -0.0964 -0.9944 0.0441
vn -0.0893 -0.9958 -0.0185
vn -0.1260 -0.9915 0.0333
vn 0.7076 -0.6982 0.1088
vn 0.0414 -0.9991 -0.0012
vn 0.0130 -0.9995 0.0300
vn -0.0130 -0.9996 -0.0265
vn 0.1610 -0.9855 0.0540
vn 0.2722 -0.9590 0.0788
vn 0.6757 -0.7317 0.0893
vn 0.0343 -0.9994 0.0109
vn 0.0743 -0.9964 0.0409
vn 0.0348 -0.9978 0.0563
vn 0.0182 -0.9994 0.0295
vn 0.3423 -0.9394 0.0186
vn 0.3789 -0.9235 0.0596
vn 0.0799 -0.9948 -0.0636
vn 0.9465 -0.0663 0.3158
vn 0.0176 -0.9994 0.0304
vn 0.3482 -0.9346 0.0723
vn 0.2274 -0.9709 0.0750
vn -0.0758 -0.9968 0.0233
vn 0.2512 -0.9666 0.0502
vn 0.4000 -0.9008 -0.1688
vn -0.0529 -0.9984 0.0174
vn 0.0816 -0.9964 -0.0218
vn 0.4740 -0.8642 0.1688
vn 0.1157 -0.9933 0.0008
vn -0.0786 -0.9963 0.0361
vn -0.1982 -0.9789 0.0487
vn -0.0030 -0.9997 0.0260
vn 0.1896 -0.9782 -0.0850
vn -0.0463 -0.9959 -0.0778
vn -0.0813 -0.9965 0.0185
vn -0.1911 -0.9815 0.0067
vn 0.0836 -0.9958 0.0370
vn 0.1205 -0.9917 0.0439
vn -0.0222 -0.9995 0.0204
vn 0.0635 -0.9978 -0.0176
vn 0.0426 -0.9988 -0.0251
vn 0.1393 -0.9883 0.0620
vn 0.0777 -0.9966 0.0264
vn 0.1141 -0.9935 -0.0025
vn -0.1389 -0.9902 -0.0162
vn 0.2311 -0.9686 -0.0920
vn -0.3145 -0.9486 0.0357
vn -0.0181 -0.9993 0.0328
vn 0.6307 -0.7746 0.0471
vn 0.0244 -0.9993 0.0285
vn 0.1524 -0.9879 0.0296
vn 0.0924 -0.9927 0.0770
vn -0.1840 -0.9816 0.0507
vn 0.1756 -0.9841 0.0256
vn 0.4803 -0.8747 -0.0642
vn -0.1082 -0.9868 -0.1205
vn 0.6633 -0.7478 0.0272
vn -0.3856 -0.9184 0.0882
vn 0.0294 -0.9938 0.1074
vn -0.1554 -0.9872 0.0359
vn 0.0667 -0.9977 0.0088
vn 0.1479 -0.9876 0.0522
vn 0.4549 -0.8795 0.1397
vn 0.0770 -0.9923 -0.0973
vn 0.0314 -0.9992 0.0260
vn -0.4278 -0.9027 0.0464
vn 0.2716 -0.9615 0.0412
vn 0.2175 -0.9712 0.0976
vn 0.1143 -0.9934 0.0107
vn 0.0185 -0.9994 0.0293
vn -0.0170 -0.9998 -0.0079
vn -0.3851 -0.9227 0.0185
vn -0.2045 -0.9788 0.0064
vn 0.2764 -0.9594 0.0571
vn 0.1070 -0.9864 -0.1247
vn 0.3537 -0.9279 0.1178
vn -0.0295 -0.9990 0.0332
vn -0.0196 -0.9994 0.0292
vn -0.1451 -0.9893 0.0137
vn 0.2156 -0.9765 -0.0049
vn 0.4265 -0.9040 0.0293
vn -0.1358 -0.9906 0.0171
vn -0.1330 -0.9890 0.0642
vn 0.0200 -0.9994 0.0290
vn 0.0675 -0.9976 0.0144
vn 0.2174 -0.9752 0.0418
vn 0.0648 -0.9978 -0.0156
vn -0.3089 -0.9504 0.0362
vn 0.2498 -0.9683 0.0064
vn 0.1814 -0.9830 0.0282
vn -0.0853 -0.9957 0.0347
vn 0.0242 -0.9993 0.0283
vn 0.1287 -0.9915 0.0199
vn 0.1563 -0.9877 -0.0038
vn 0.1586 -0.9795 -0.1245
vn -0.0355 -0.9987 -0.0376
vn -0.1441 -0.9892 0.0270
vn -0.0890 -0.9114 -0.4019
vn 0.3242 -0.9274 0.1865
vn 0.1674 -0.9857 -0.0193
vn -0.4636 -0.8849 0.0441
vn 0.1952 -0.9805 0.0204
vn 0.1310 -0.9913 0.0121
vn -0.0118 -0.9993 0.0354
vn -0.1116 -0.9934 -0.0277
vn -0.1991 -0.9798 0.0201
vn -0.1324 -0.9912 -0.0082
vn -0.1333 -0.9911 -0.0047
vn 0.0297 -0.9990 -0.0337
vn 0.2361 -0.9710 0.0365
vn 0.0358 -0.9993 -0.0125
vn 0.1617 -0.9863 -0.0315
vn -0.1161 -0.9928 -0.0279
vn 0.1228 -0.9917 -0.0388
vn 0.1158 -0.9914 0.0604
vn -0.3000 -0.9539 -0.0085
vn 0.3383 -0.9406 0.0302
vn -0.0032 -0.9996 -0.0292
vn 0.1211 -0.9924 -0.0235
vn 0.3626 -0.9291 -0.0726
vn 0.2580 -0.9593 -0.1150
vn 0.1303 -0.9896 -0.0610
vn -0.0200 -0.9994 -0.0288
vn 0.0123 -0.9996 -0.0245
vn 0.4684 -0.8834 -0.0155
vn 0.0042 -1.0000 0.0058
vn -0.1292 -0.9916 -0.0063
vn -0.2155 -0.9762 -0.0234
vn 0.1569 -0.9876 -0.0020
vn -0.1668 -0.9859 -0.0161
vn 0.0270 -0.9991 -0.0322
vn -0.1636 -0.9847 -0.0602
vn -0.0026 -1.0000 0.0007
vn -0.1677 -0.9858 -0.0085
vn 0.2954 -0.9553 -0.0131
vn 0.3893 -0.9187 -0.0663
vn -0.1345 -0.9906 0.0241
vn 0.4049 -0.9140 -0.0243
vn -0.3695 -0.9269 0.0656
vn 0.1615 -0.9869 -0.0053
vn -0.1269 -0.9909 -0.0440
vn -0.0729 -0.9961 -0.0487
vn 0.4261 -0.9043 -0.0276
vn 0.1530 -0.9881 -0.0181
vn 0.1205 -0.9927 0.0040
vn -0.3693 -0.9276 0.0568
vn 0.2688 -0.9627 -0.0299
vn -0.0018 -0.9998 -0.0212
vn 0.1305 -0.9915 0.0026
vn -0.1931 -0.9803 0.0412
vn 0.4875 -0.8730 0.0148
vn -0.0948 -0.9955 -0.0076
vn 0.0956 -0.9954 0.0071
vn -0.1323 -0.9912 -0.0065
vn 0.1318 -0.9913 0.0043
vn -0.3509 -0.9348 0.0554
vn 0.0194 -0.9995 -0.0260
vn -0.1422 -0.9898 -0.0051
vn 0.0408 -0.9988 -0.0263
vn 0.1190 -0.9913 -0.0571
vn 0.2211 -0.9738 -0.0532
vn -0.0471 -0.9986 -0.0249
vn 0.1665 -0.9860 -0.0042
vn 0.0529 -0.9984 -0.0219
vn -0.3684 -0.9297 -0.0054
vn -0.1222 -0.9925 -0.0052
vn 0.1132 -0.9932 -0.0282
vn -0.0164 -0.9995 -0.0261
vn 0.2687 -0.9631 -0.0111
vn 0.1664 -0.9860 -0.0137
vn -0.3563 -0.9340 0.0268
vn -0.4010 -0.9155 -0.0316
vn 0.2901 -0.9552 0.0593
vn 0.0029 -0.9999 0.0106
vn 0.3491 -0.9360 0.0452
vn -0.0129 -0.9999 0.0036
vn 0.1672 -0.9859 -0.0034
vn -0.4478 -0.8931 0.0420
vn 0.0180 -0.9997 -0.0177
vn 0.0209 -0.9992 -0.0327
vn -0.3693 -0.9293 0.0015
vn -0.1887 -0.9820 -0.0056
vn -0.3584 -0.9330 -0.0307
vn -0.1326 -0.9911 -0.0058
vn 0.1344 -0.9899 -0.0457
vn 0.0287 -0.9996 -0.0023
vn -0.2470 -0.9690 -0.0024
vn 0.1345 -0.9909 -0.0079
vn 0.5051 -0.8567 0.1050
vn -0.3132 -0.9483 0.0505
vn 0.0216 -0.9995 -0.0245
vn 0.0303 -0.9989 -0.0351
vn -0.3684 -0.9296 0.0155
vn -0.0442 -0.9990 -0.0114
vn 0.0060 -0.9985 -0.0540
vn 0.0059 -0.9999 0.0128
vn -0.0284 -0.9995 -0.0101
vn 0.0671 -0.9965 -0.0504
vn -0.1245 -0.9922 -0.0087
vn 0.3101 -0.9507 -0.0004
vn 0.1517 -0.9883 0.0149
vn -0.0055 -0.9994 0.0336
vn -0.0867 -0.9957 -0.0328
vn -0.0300 -0.9994 0.0197
vn 0.3465 -0.9376 -0.0296
vn -0.1318 -0.9912 -0.0095
vn 0.1159 -0.9931 -0.0173
vn 0.1072 -0.9928 -0.0532
vn 0.1246 -0.9911 -0.0467
vn 0.4228 -0.9037 -0.0670
vn -0.0574 -0.9979 0.0300
vn -0.1936 -0.9810 0.0090
vn 0.1624 -0.9867 -0.0047
vn 0.0499 -0.9947 0.0894
vn -0.1056 -0.9939 -0.0303
vn 0.0598 -0.9956 -0.0724
vn -0.2713 -0.9621 -0.0289
vn -0.0870 -0.9961 -0.0132
vn -0.1857 -0.9812 -0.0518
vn 0.1670 -0.9860 -0.0029
vn 0.0044 -1.0000 0.0023
vn 0.1468 -0.9887 0.0315
vn 0.3143 -0.9492 0.0144
vn 0.1713 -0.9852 0.0107
vn -0.1668 -0.9859 -0.0150
vn 0.0035 -0.9983 0.0582
vn 0.3156 -0.9485 0.0283
vn 0.1619 -0.9863 -0.0312
vn -0.3579 -0.9297 0.0871
vn -0.0850 -0.9958 -0.0347
vn 0.0634 -0.9977 -0.0255
vn -0.1877 -0.9819 -0.0254
vn -0.2786 -0.9587 0.0565
vn 0.1540 -0.9880 -0.0147
vn 0.0574 -0.9981 0.0206
vn -0.0065 -1.0000 -0.0002
vn 0.1665 -0.9860 -0.0027
vn -0.0643 -0.9975 -0.0297
vn 0.0029 -1.0000 0.0023
vn 0.0064 -1.0000 0.0021
vn -0.0197 -0.9994 -0.0287
vn 0.2683 -0.9629 0.0278
vn -0.1648 -0.9860 -0.0257
vn 0.0022 -1.0000 0.0024
vn -0.0005 -0.9995 -0.0309
vn 0.1725 -0.9822 0.0742
vn 0.0926 -0.9954 -0.0255
vn 0.1122 -0.9934 -0.0252
vn -0.1315 -0.9913 -0.0079
vn 0.0827 -0.9961 -0.0312
vn -0.0135 -0.9995 -0.0282
vn 0.0135 0.0077 -0.9999
vn -0.9945 0.0752 -0.0726
vn 0.7642 0.6309 0.1342
vn 0.1362 0.3517 -0.9262
vn -0.9827 0.1748 -0.0618
vn 0.8980 0.4241 -0.1172
vn -0.9970 0.0748 -0.0178
vn -0.9610 -0.1727 0.2159
vn 0.0023 -0.1114 -0.9938
vn -0.9966 0.0745 -0.0356
vn -0.0052 0.0098 -0.9999
vn -0.9970 0.0722 0.0284
vn 0.0735 -0.0000 0.9973
vn 0.9962 0.0680 -0.0545
vn -0.0179 0.0639 -0.9978
vn 0.0157 -0.0655 -0.9977
vn -0.9965 0.0788 -0.0283
vn -0.9970 0.0749 -0.0167
vn -0.9992 -0.0340 0.0201
vn 0.9983 0.0481 0.0323
vn -0.9979 0.0563 -0.0324
vn -0.0274 0.0395 -0.9988
vn -0.0312 0.0438 -0.9986
vn 0.9979 0.0621 -0.0159
vn -0.0129 0.0535 -0.9985
vn -0.0418 0.0560 -0.9976
vn -0.0131 -0.0632 -0.9979
vn 0.0355 -0.0543 0.9979
vn -0.9999 -0.0100 -0.0118
vn 0.7318 0.6620 0.1617
vn -0.9997 -0.0208 0.0084
vn -0.9970 0.0748 -0.0173
vn 0.0142 -0.0664 -0.9977
vn -0.9977 0.0662 -0.0172
vn -0.0627 -0.0251 -0.9977
vn -0.0336 -0.1070 -0.9937
vn -0.9561 0.2926 -0.0170
vn -0.9027 0.4272 0.0502
vn 0.9977 -0.0142 -0.0662
vn 0.0149 -0.0505 -0.9986
vn 0.5489 0.8313 0.0880
vn -0.0002 0.0055 -1.0000
vn 0.0101 0.0208 0.9997
vn -0.9696 0.2447 -0.0017
vn 0.0089 -0.0532 -0.9985
vn 0.9909 0.1261 -0.0475
vn -0.0089 0.0128 -0.9999
vn -0.9939 0.0740 0.0815
vn -0.9198 0.3884 0.0553
vn -0.0000 -0.0813 -0.9967
vn -0.9361 0.3513 -0.0186
vn 0.9977 -0.0679 0.0013
vn 0.8600 0.5080 0.0483
vn -0.1061 0.0034 0.9943
vn 0.9911 0.0868 0.1006
vn -0.9924 0.0665 -0.1038
vn 0.0855 -0.0974 -0.9916
vn -0.9988 0.0194 -0.0441
vn 0.9654 0.2599 0.0215
vn -0.9996 -0.0218 -0.0186
vn -0.0044 0.0112 -0.9999
vn 0.0246 0.0061 -0.9997
vn -0.9436 0.3308 -0.0157
vn -0.1387 0.1194 -0.9831
vn 0.0983 -0.1113 -0.9889
vn -0.9699 0.2408 -0.0357
vn -0.9546 0.2794 -0.1030
vn -0.0234 0.0628 -0.9978
vn 0.9815 0.1765 0.0747
vn -0.9942 0.0679 -0.0835
vn 0.9987 -0.0466 0.0227
vn -0.0178 -0.0536 -0.9984
vn -0.9970 0.0749 -0.0183
vn -0.9110 0.4017 -0.0936
vn 0.9960 -0.0163 0.0875
vn -0.0033 -0.0122 -0.9999
vn -0.8577 0.4413 -0.2639
vn 0.9840 0.1171 0.1341
vn 0.6950 0.7172 0.0507
vn -0.0851 0.0339 0.9958
vn -0.9947 0.0503 -0.0892
vn 0.9507 -0.0824 0.2990
vn 0.9719 0.2244 -0.0705
vn -0.9866 0.1189 -0.1116
vn -0.9963 0.0702 -0.0502
vn 0.0078 -0.0597 -0.9982
vn -0.9927 0.0758 -0.0942
vn -0.1026 0.0271 -0.9943
vn 0.9824 0.0555 0.1782
vn -0.9814 0.0741 -0.1769
vn 0.9943 0.0570 0.0898
vn -0.9959 0.0751 -0.0509
vn -0.9924 0.0747 -0.0982
vn -0.0349 0.0465 -0.9983
vn -0.9971 0.0748 0.0121
vn -0.0080 0.0067 -0.9999
vn 0.9827 -0.1058 -0.1519
vn 0.9239 -0.3796 0.0471
vn -0.0024 -0.0067 -1.0000
vn -0.9938 0.1101 -0.0138
vn -0.9957 0.0925 0.0055
vn -0.0351 0.0499 -0.9981
vn -0.9820 0.1886 -0.0036
vn -0.0059 0.0033 -1.0000
vn -0.9808 0.1950 -0.0084
vn -0.0343 0.0593 0.9977
vn -0.0100 -0.0432 -0.9990
vn 0.9841 -0.1623 0.0728
vn 0.0271 0.0002 0.9996
vn 0.9980 0.0624 -0.0115
vn -0.0130 0.0534 -0.9985
vn -0.0701 0.0200 -0.9973
vn -0.9993 -0.0290 0.0246
vn 0.9869 0.1599 0.0236
vn -0.9966 0.0747 -0.0356
vn -0.0060 0.0497 0.9987
vn -0.9986 0.0511 -0.0107
vn 0.0254 0.0349 0.9991
vn -0.0718 0.0712 -0.9949
vn -0.9977 0.0584 -0.0330
vn -0.0634 0.0627 0.9960
vn 0.9940 0.0166 -0.1083
vn 0.9958 0.0696 0.0600
vn 0.9973 -0.0717 0.0148
vn -0.9265 0.3754 -0.0237
vn -0.0020 0.0090 -1.0000
vn -0.9967 0.0748 -0.0311
vn -0.9972 0.0747 0.0060
vn 0.9993 -0.0104 -0.0358
vn 0.9361 0.3477 -0.0527
vn 0.9956 -0.0831 -0.0430
vn 0.9996 -0.0272 -0.0112
vn 0.0253 -0.0624 -0.9977
vn -0.9836 0.1771 -0.0348
vn -0.9939 0.0641 -0.0893
vn 0.9823 0.1493 0.1127
vn 0.4952 0.8686 -0.0140
vn -0.9916 0.1288 -0.0095
vn -0.9964 0.0748 -0.0390
vn 0.9983 0.0118 -0.0565
vn -0.0018 0.0099 -0.9999
vn -0.9944 0.0764 0.0737
vn 0.0500 0.0241 0.9985
vn -0.0244 -0.0462 -0.9986
vn -0.8838 0.4509 0.1248
vn -0.8993 0.4342 0.0524
vn 0.9959 -0.0443 -0.0789
vn -0.0036 0.0448 0.9990
vn -0.0027 0.0101 -0.9999
vn -0.9970 0.0746 -0.0188
vn 0.9818 0.1896 -0.0128
vn 0.9983 0.0586 0.0057
vn -0.0160 -0.0606 -0.9980
vn -0.9975 0.0684 -0.0161
vn -0.8128 0.5800 0.0550
vn 0.0728 0.1881 -0.9794
vn -0.0061 -0.0574 -0.9983
vn -0.0029 0.0112 -0.9999
vn -0.9971 0.0759 -0.0028
vn -0.0934 0.1032 0.9903
vn -0.9665 0.2566 0.0028
vn -0.0307 0.0433 -0.9986
vn 0.0727 0.0183 0.9972
vn -0.7780 0.6203 -0.0995
vn -0.0564 0.0725 -0.9958
vn 0.9936 0.0959 -0.0590
vn 0.9167 0.3929 -0.0727
vn 0.0020 0.0148 0.9999
vn -0.0086 0.0125 -0.9999
vn -0.9928 0.0727 0.0954
vn 0.6590 0.4191 -0.6245
vn 0.0613 -0.0754 -0.9953
vn -0.7300 0.3734 0.5724
vn 0.3667 -0.0226 -0.9300
vn -0.9059 -0.2158 -0.3645
vn 0.0870 -0.1367 -0.9868
vn 0.9468 0.0029 0.3219
vn -0.9529 0.0833 -0.2916
vn 0.9924 0.1049 0.0650
vn 0.0921 -0.0216 -0.9955
vn -0.9902 0.1180 -0.0753
vn -0.0057 0.0223 0.9997
vn -0.0040 -0.0168 -0.9999
vn -0.9795 -0.2011 0.0066
vn 0.9995 0.0237 0.0232
vn -0.0456 0.0070 -0.9989
vn -0.9077 0.4171 0.0469
vn 0.9988 -0.0404 0.0278
vn -0.0088 -0.0398 0.9992
vn -0.9864 0.1640 -0.0065
vn -0.9976 0.0474 0.0504
vn -0.9951 0.0620 0.0764
vn 0.6216 0.7831 -0.0186
vn -0.0376 -0.0859 -0.9956
vn 0.0131 -0.0009 0.9999
vn 0.9974 0.0635 -0.0330
vn -0.9926 0.0703 0.0989
vn 0.0025 0.0147 0.9999
vn 0.9902 0.0894 -0.1069
vn 0.9959 0.0887 -0.0178
vn -0.9994 0.0179 0.0299
vn -0.0104 -0.0099 0.9999
vn -0.0057 0.0196 0.9998
vn -0.0241 0.0477 0.9986
vn -0.9924 0.0922 0.0816
vn 0.9934 -0.1122 0.0253
vn -0.9934 0.1109 0.0305
vn -0.0742 -0.1166 0.9904
vn 0.1254 0.9909 -0.0498
vn -0.9688 0.2469 0.0187
vn -0.9945 0.0885 -0.0565
vn -0.0070 0.0084 0.9999
vn -0.0085 0.0190 0.9998
vn -0.0587 -0.0111 -0.9982
vn -0.9972 0.0403 0.0632
vn -0.0558 0.0433 0.9975
vn 0.9991 0.0128 -0.0398
vn -0.9945 0.0967 0.0390
vn 0.9975 0.0702 -0.0044
vn 0.0092 -0.0375 0.9993
vn 0.0314 0.0604 -0.9977
vn -0.9642 0.2627 0.0351
vn 0.0748 -0.0641 -0.9951
vn -0.1361 0.1031 -0.9853
vn -0.9882 0.0256 0.1511
vn 0.0046 0.0054 1.0000
vn 0.9913 -0.0412 -0.1253
vn -0.0528 -0.0295 -0.9982
vn 0.9976 0.0630 -0.0288
vn 0.0175 0.0973 0.9951
vn -0.0557 0.0263 -0.9981
vn -0.9897 0.1335 0.0521
vn 0.9936 0.1124 -0.0116
vn 0.5773 0.8127 -0.0795
vn 0.9983 0.0372 0.0458
vn 0.0076 0.0204 0.9998
vn 0.0020 0.0682 -0.9977
vn -0.9987 0.0513 0.0063
vn 0.0043 0.0179 -0.9998
vn 0.9995 0.0236 0.0212
vn -0.9958 0.0874 0.0258
vn 0.9937 0.1116 0.0108
vn 0.9438 0.3300 0.0171
vn -0.8850 0.4654 0.0095
vn 0.8648 0.5011 0.0300
vn 0.9868 0.1606 0.0225
vn 0.9994 -0.0330 -0.0061
vn 0.0094 0.0168 0.9998
vn -0.9948 -0.0763 0.0671
vn -0.0026 -0.0500 0.9987
vn 0.0070 -0.0345 0.9994
vn 1.0000 -0.0067 0.0027
vn -0.9959 0.0661 0.0626
vn -0.9933 -0.0310 0.1113
vn 0.0065 0.0165 0.9998
vn 0.9365 0.3508 0.0011
vn -0.9849 -0.1711 -0.0275
vn -0.0102 -0.1013 0.9948
vn 0.9787 0.2035 0.0257
vn 0.8357 0.5483 -0.0319
vn 0.9922 0.1213 -0.0300
vn -0.9975 0.0527 0.0467
vn 0.0011 -0.0525 0.9986
vn -0.9954 -0.0788 0.0546
vn 0.0049 0.0223 0.9997
vn -0.9894 0.1435 -0.0228
vn 0.0070 0.0129 0.9999
vn 0.9989 0.0269 0.0396
vn 0.0114 0.0595 -0.9982
vn 0.0075 0.0124 0.9999
vn 0.9993 0.0179 0.0315
vn 0.9989 -0.0350 -0.0310
vn -0.9951 0.0665 0.0733
vn 0.0090 0.0204 0.9998
vn 0.9971 0.0553 -0.0532
vn -0.9978 0.0644 0.0181
vn -0.0352 0.0494 -0.9982
vn 0.9999 0.0110 0.0058
vn 0.9739 0.2258 0.0224
vn -0.9922 0.1222 -0.0242
vn -0.0133 0.0195 0.9997
vn -0.9981 0.0575 0.0243
vn -0.9854 0.1448 -0.0894
vn 0.9978 0.0352 0.0555
vn 0.0158 0.0636 -0.9979
vn 0.9991 0.0228 0.0361
vn 0.0050 -0.0253 0.9997
vn 0.9992 -0.0175 -0.0347
vn -0.9991 0.0237 -0.0337
vn -0.0163 -0.0375 0.9992
vn 0.0699 0.0618 -0.9956
vn 0.9984 0.0498 0.0271
vn -0.0014 0.0118 -0.9999
vn -0.9971 0.0744 -0.0169
vn -0.0031 -0.0365 0.9993
vn -0.0735 -0.0001 -0.9973
vn -0.8774 0.4750 0.0668
vn -0.9957 0.0634 0.0670
vn -0.9984 -0.0520 0.0202
vn 0.7310 0.2483 0.6356
vn -0.9943 -0.0043 -0.1068
vn 0.9131 -0.3962 0.0964
vn -0.0983 0.0909 0.9910
vn -0.9964 0.0403 0.0749
vn 0.0029 0.0310 0.9995
vn -0.0424 0.0580 -0.9974
vn 0.9980 -0.0025 -0.0633
vn 0.0071 -0.0298 0.9995
vn -0.9883 0.0771 0.1319
vn -0.9981 0.0609 0.0064
vn -0.0120 -0.0008 0.9999
vn 0.9969 0.0162 -0.0776
vn 0.8584 0.5046 -0.0919
vn -0.0346 -0.0524 -0.9980
vn -0.9926 0.1200 0.0192
vn -0.1276 0.1708 -0.9770
vn 0.9989 0.0185 0.0436
vn -0.0063 0.0201 0.9998
vn -0.0338 -0.0205 -0.9992
vn -0.9959 -0.0850 0.0296
vn 0.9996 0.0228 -0.0142
vn -0.9978 0.0546 0.0383
vn -0.0050 -0.0008 1.0000
vn -0.0092 -0.0475 0.9988
vn 0.0017 0.0079 -1.0000
vn -0.9868 -0.1600 -0.0246
vn -0.9460 -0.3027 -0.1160
vn 0.0533 0.0631 0.9966
vn 0.9898 -0.1385 0.0337
vn -0.9979 0.0638 0.0117
vn 0.0011 -0.0086 1.0000
vn 0.9804 0.1938 0.0364
vn -0.0103 0.0185 0.9998
vn -0.9963 0.0055 0.0859
vn -0.0117 -0.0421 0.9990
vn 0.9984 -0.0112 -0.0549
vn 0.0046 -0.0526 0.9986
vn 0.9998 -0.0190 0.0036
vn 0.0642 0.0493 0.9967
vn -0.9832 0.1657 0.0767
vn 0.9986 0.0158 -0.0502
vn 0.9597 0.2801 0.0230
vn -0.0827 0.0092 -0.9965
vn 0.9930 0.0867 -0.0804
vn 0.9599 -0.0807 -0.2683
vn 0.7284 0.6776 -0.1016
vn -0.8832 0.4690 0.0038
vn 0.9939 0.1021 -0.0410
vn 0.1171 0.0243 -0.9928
vn -0.1368 0.0468 -0.9895
vn 0.9277 -0.3417 0.1503
vn 0.1947 0.1942 -0.9614
vn 0.9791 -0.1837 0.0870
vn 0.0190 0.0623 -0.9979
vn 0.9990 0.0208 0.0395
vn -0.0016 -0.0318 0.9995
vn -0.0275 0.0070 -0.9996
vn 0.9964 0.0793 -0.0288
vn -0.0009 -0.0430 0.9991
vn 0.0696 -0.0653 -0.9954
vn 0.9968 0.0240 0.0767
vn 0.9582 -0.2718 -0.0890
vn -0.9972 0.0596 0.0441
vn 0.0006 -0.0397 0.9992
vn -0.9937 0.0562 0.0973
vn 0.8812 -0.4706 -0.0448
vn 0.0463 -0.0222 -0.9987
vn 0.9922 0.1243 -0.0106
vn -0.9945 -0.0796 0.0674
vn -0.0018 -0.0460 0.9989
vn -0.0078 0.0135 -0.9999
vn 0.9849 0.1728 0.0097
vn 0.0306 -0.0534 -0.9981
vn -0.0129 0.0237 0.9996
vn 0.0215 0.0610 -0.9979
vn 0.0069 0.0125 0.9999
vn 0.9990 0.0177 0.0411
vn 0.9755 0.1784 -0.1285
vn 0.0050 -0.0008 -1.0000
vn 0.9954 0.0962 0.0016
vn 0.0770 -0.0640 -0.9950
vn 0.9958 0.0346 0.0848
vn 0.0362 -0.0640 -0.9973
vn 0.9985 0.0332 0.0435
vn 0.0047 0.0135 0.9999
vn -0.1416 0.9899 0.0003
vn -0.0425 0.0074 -0.9991
vn 0.9948 0.0934 -0.0404
vn -0.0023 -0.0427 0.9991
vn 0.0642 -0.0643 -0.9959
vn 0.9972 0.0212 0.0722
vn 0.9608 0.2772 -0.0026
vn -0.9917 0.1277 0.0141
vn -0.0065 0.0077 0.9999
vn 0.0698 -0.0553 -0.9960
vn 0.9928 0.1152 -0.0317
vn -0.9939 -0.0920 0.0604
vn -0.0496 -0.0168 -0.9986
vn -0.9975 0.0436 0.0550
vn -0.0080 -0.0399 0.9992
vn 0.9983 0.0108 0.0568
vn -0.9957 -0.0036 -0.0931
vn 0.9895 0.0580 0.1327
vn -0.0849 -0.2547 0.9633
vn -0.9980 -0.0524 0.0362
vn 0.8716 -0.4817 0.0903
vn -0.9414 -0.3370 0.0140
vn -0.0436 -0.1609 0.9860
vn 0.9972 0.0505 -0.0560
vn -0.9714 -0.2244 0.0779
vn 0.1723 -0.3260 -0.9295
vn 0.9593 -0.2097 -0.1891
vn 0.9570 -0.2827 -0.0645
vn -0.9952 -0.0944 0.0252
vn 0.0193 0.0242 -0.9995
vn -0.9864 -0.1504 0.0667
vn 0.9951 -0.0982 0.0153
vn -0.9934 -0.1150 0.0029
vn 0.9979 0.0078 -0.0637
vn 0.0061 -0.2391 -0.9710
vn -0.9901 -0.1258 0.0624
vn -0.9903 -0.1360 0.0283
vn -0.9879 -0.1439 0.0571
vn -0.9786 -0.2056 -0.0034
vn 0.1816 -0.4965 -0.8489
vn -0.9796 0.1998 0.0199
vn -0.9982 -0.0581 0.0115
vn -0.9979 -0.0341 -0.0554
vn 0.0141 -0.1583 -0.9873
vn -0.9548 -0.2970 0.0079
vn 0.9994 -0.0346 0.0025
vn -0.2731 -0.1925 0.9425
vn 0.8882 -0.4594 -0.0012
vn 0.9975 -0.0708 -0.0021
vn -0.9881 -0.1536 0.0020
vn -0.9905 -0.1329 -0.0361
vn -0.9907 -0.1354 -0.0154
vn 0.0166 -0.0417 -0.9990
vn 0.9594 -0.2662 -0.0931
vn 0.9944 0.0731 -0.0759
vn -0.9845 -0.0588 0.1655
vn 0.0703 -0.0719 0.9949
vn -0.0020 -0.0721 -0.9974
vn 0.9921 0.0505 -0.1148
vn 0.0551 -0.0271 0.9981
vn -0.9816 -0.1848 0.0474
vn 0.0222 -0.0924 -0.9955
vn -0.9912 -0.0970 -0.0902
vn -0.9899 -0.1357 -0.0408
vn 0.9968 -0.0793 0.0035
vn 0.0007 -0.0163 -0.9999
vn 0.0265 -0.0679 -0.9973
vn 0.0233 -0.0149 0.9996
vn 0.9999 -0.0007 -0.0121
vn -0.9888 0.1495 -0.0007
vn -0.0287 -0.0107 0.9995
vn -0.9387 -0.3373 -0.0716
vn -0.9924 -0.0344 -0.1182
vn -0.0575 -0.0916 0.9941
vn 0.9890 -0.1454 0.0286
vn -0.9600 -0.2492 -0.1275
vn 0.3805 -0.4186 -0.8246
vn -0.9026 -0.4275 -0.0499
vn 0.9842 -0.1760 0.0199
vn -0.9030 -0.4245 0.0659
vn -0.0338 -0.0137 0.9993
vn 0.9877 -0.1502 0.0439
vn -0.9672 -0.2532 -0.0204
vn -0.9469 0.3194 -0.0374
vn 0.0354 -0.1576 -0.9869
vn 0.9825 -0.1177 0.1447
vn -0.1340 -0.1454 0.9803
vn -0.9785 -0.1744 -0.1103
vn -0.7179 -0.6945 0.0475
vn 0.9896 0.1368 -0.0434
vn 0.0127 -0.1131 -0.9935
vn 0.8302 -0.5516 0.0810
vn 0.9785 0.1946 -0.0685
vn -0.9037 -0.4256 -0.0466
vn 0.0280 -0.0936 -0.9952
vn -0.9779 -0.2092 -0.0064
vn 0.9994 0.0334 0.0075
vn -0.9904 -0.1384 -0.0045
vn 0.9983 -0.0585 -0.0036
vn -0.0056 -0.0064 -1.0000
vn 0.0727 -0.0031 0.9973
vn 0.9981 -0.0296 -0.0538
vn -0.9889 -0.1305 0.0714
vn -0.9318 -0.3096 0.1894
vn -0.9986 0.0530 0.0030
vn 0.9837 -0.1793 -0.0160
vn -0.1148 -0.1995 -0.9732
vn -0.9342 -0.3546 0.0383
vn 0.9974 0.0548 -0.0471
vn -0.6916 -0.6630 0.2866
vn -0.9341 0.2786 0.2234
vn -0.9525 -0.3022 0.0384
vn -0.0037 -0.0163 -0.9999
vn 0.9995 0.0256 -0.0184
vn -0.0152 0.0204 0.9997
vn 0.8498 -0.5237 0.0600
vn -0.9888 -0.1473 0.0249
vn 0.9885 -0.1168 -0.0959
vn -0.9650 -0.2553 0.0601
vn -0.9847 0.1455 -0.0955
vn -0.9903 -0.1367 0.0239
vn -0.9556 -0.2905 0.0497
vn 0.1506 -0.2383 -0.9595
vn -0.9743 -0.2253 0.0025
vn 1.0000 -0.0030 0.0001
vn 0.0029 -0.0281 -0.9996
vn -0.9898 -0.1419 -0.0113
vn 0.0205 -0.0094 0.9997
vn 0.9997 -0.0225 -0.0030
vn -0.9925 -0.1201 0.0207
vn -0.9884 -0.1515 0.0063
vn 0.0029 -0.0212 -0.9998
vn -0.9627 -0.2589 0.0788
vn 0.0109 -0.0495 0.9987
vn -0.9719 -0.2354 0.0063
vn 0.7776 -0.4302 0.4584
vn -0.8557 -0.0298 -0.5166
vn 0.7738 -0.6048 0.1883
vn 0.9677 -0.2460 0.0555
vn 0.9616 -0.2742 -0.0122
vn 0.9962 -0.0788 -0.0368
vn -0.0034 0.0038 -1.0000
vn 0.9981 0.0504 -0.0361
vn -0.9797 -0.1938 0.0511
vn 0.1299 -0.2263 -0.9654
vn -0.9777 -0.1781 0.1116
vn -0.0308 -0.0679 0.9972
vn 0.9968 -0.0750 0.0273
vn -0.9690 0.2431 -0.0452
vn -0.9357 -0.3528 0.0080
vn -0.9982 -0.0214 0.0564
vn -0.9896 0.1415 0.0255
vn 0.9491 -0.3149 0.0034
vn 0.9991 0.0322 -0.0291
vn 0.0156 -0.1061 -0.9942
vn -0.9875 -0.1562 0.0184
vn 0.0368 -0.1516 -0.9878
vn -0.9739 -0.2208 0.0526
vn 0.0269 -0.0590 -0.9979
vn -0.9965 -0.0621 0.0551
vn -0.9915 -0.1264 -0.0322
vn -0.9907 -0.1360 0.0016
vn 0.8488 -0.5216 0.0860
vn -0.9887 -0.1496 -0.0048
vn -0.9500 -0.3121 -0.0094
vn 0.9961 0.0600 -0.0653
vn 0.0109 0.0747 0.9971
vn -0.9410 -0.3374 0.0250
vn -0.9491 -0.3124 0.0397
vn -0.9910 -0.1249 0.0472
vn -0.9867 -0.1626 0.0037
vn -0.0007 -0.0057 1.0000
vn 0.0048 -0.0126 -0.9999
vn -0.9443 -0.3224 0.0658
vn 0.9911 -0.1234 -0.0504
vn 0.0052 -0.0322 -0.9995
vn -0.9852 -0.1652 0.0466
vn 0.7619 0.5868 0.2742
vn 0.0046 -0.0324 0.9995
vn 0.0012 -0.0165 0.9999
vn 0.9985 -0.0380 0.0390
vn -0.9997 -0.0112 0.0235
vn -0.9778 -0.2089 -0.0160
vn -0.0396 -0.0847 0.9956
vn -0.0186 -0.0833 0.9964
vn 0.0064 -0.0018 1.0000
vn 0.9994 -0.0241 -0.0242
vn 0.0198 -0.0180 0.9996
vn 0.9985 -0.0231 -0.0491
vn -0.1639 0.0442 -0.9855
vn -0.9738 -0.2272 -0.0108
vn -0.9993 0.0010 0.0366
vn 0.0168 -0.0196 0.9997
vn -0.0364 -0.3511 -0.9356
vn 0.0235 -0.0964 0.9951
vn -0.0394 -0.1320 0.9905
vn -0.9984 -0.0022 0.0567
vn 0.0251 -0.1993 -0.9796
vn -0.9916 0.0266 0.1264
vn 0.9983 -0.0174 -0.0560
vn 0.0212 -0.0098 0.9997
vn -0.0539 -0.1403 0.9886
vn -0.8468 0.3509 -0.3998
vn -0.0085 -0.0643 0.9979
vn 0.9986 -0.0368 0.0384
vn -0.0023 -0.0056 1.0000
vn -1.0000 -0.0070 0.0031
vn 0.9869 -0.1594 -0.0237
vn -0.9781 -0.2048 -0.0371
vn 0.9977 -0.0417 0.0532
vn 0.0058 -0.0095 0.9999
vn -0.9992 -0.0331 0.0202
vn -0.0054 -0.0050 1.0000
vn 0.9997 -0.0229 0.0039
vn -0.0198 -0.0497 0.9986
vn -0.9979 -0.0072 -0.0649
vn 0.9955 -0.0386 0.0870
vn 0.0653 -0.1921 -0.9792
vn -0.9969 -0.0543 0.0566
vn 0.0605 0.1940 -0.9791
vn -0.9977 -0.0326 0.0587
vn 0.9765 0.2156 0.0044
vn 0.9909 -0.1328 0.0206
vn -0.9743 -0.2249 -0.0090
vn 0.0239 -0.1091 0.9937
vn -0.0073 -0.0877 0.9961
vn 0.0054 -0.0029 1.0000
vn 0.9997 -0.0229 0.0017
vn 0.0704 -0.1686 0.9832
vn -0.0305 0.0036 -0.9995
vn 0.0815 0.0766 -0.9937
vn -0.5238 -0.8506 -0.0460
vn 0.9895 0.1439 -0.0115
vn -0.9984 -0.0044 0.0560
vn -0.8830 -0.4634 -0.0747
vn -0.0216 -0.1852 0.9825
vn -0.9873 -0.1567 -0.0262
vn -0.0607 -0.0788 0.9950
vn -0.0187 0.0089 -0.9998
vn 0.0198 -0.0186 0.9996
vn 0.9991 -0.0218 -0.0365
vn 0.1386 -0.2625 -0.9549
vn 0.0997 0.0817 -0.9917
vn -0.7478 -0.6599 -0.0733
vn -0.9997 -0.0223 -0.0063
vn -0.9782 -0.2070 -0.0170
vn -0.9973 -0.0611 0.0418
vn -0.9902 0.1250 0.0618
vn 0.1290 -0.0276 -0.9913
vn 0.0158 -0.0431 -0.9989
vn -0.9996 -0.0101 -0.0245
vn 0.9918 -0.1223 0.0363
vn 0.0027 -0.0561 0.9984
vn 0.0301 -0.0164 -0.9994
vn 0.9996 -0.0221 0.0157
vn -0.9783 -0.2070 0.0093
vn 0.1075 -0.1631 0.9807
vn 0.9918 -0.0813 0.0989
vn 0.0014 -0.0163 0.9999
vn -0.0159 -0.0912 -0.9957
vn -0.9760 -0.2166 -0.0219
vn -0.9987 -0.0018 0.0517
vn -0.0750 -0.0434 -0.9962
vn 0.8895 -0.4569 -0.0085
vn 0.0088 -0.0033 1.0000
vn 0.9989 -0.0227 -0.0410
vn 0.0395 -0.1195 0.9920
vn -0.9155 -0.3799 -0.1327
vn 0.9989 -0.0085 0.0453
vn -0.0380 -0.0896 0.9952
vn 0.9757 -0.2064 -0.0729
vn -0.0327 -0.0585 0.9978
vn -0.9951 -0.0248 0.0954
vn 0.0046 -0.0072 1.0000
vn 0.9633 0.2629 0.0549
vn -0.9993 0.0103 0.0360
vn 0.9997 -0.0223 -0.0130
vn 0.0186 -0.0177 0.9997
vn -0.1325 -0.2040 -0.9700
vn -0.9996 -0.0234 0.0130
vn -0.0131 -0.0151 0.9998
vn -0.1204 -0.1000 -0.9877
vn -0.8088 -0.5875 -0.0263
vn -0.9732 -0.2290 -0.0197
vn -0.0148 -0.1003 -0.9948
vn 0.9987 -0.0372 0.0348
vn -0.4142 -0.9017 0.1239
vn 0.0327 0.0618 -0.9976
vn -0.9998 -0.0013 0.0182
vn -0.9981 -0.0240 0.0575
vn 0.9878 0.1139 0.1065
vn -0.7511 -0.6560 0.0743
vn -0.0409 -0.0946 0.9947
vn -0.9768 -0.2128 -0.0246
vn -0.9995 -0.0099 0.0290
vn -0.9984 -0.0017 -0.0573
vn -0.9626 -0.2683 -0.0371
vn 0.0067 -0.0100 0.9999
vn 0.9933 -0.1155 -0.0011
vn -0.0360 -0.0202 -0.9991
vn 0.9390 -0.3428 -0.0264
vn -0.9990 -0.0365 0.0273
vn 0.9997 -0.0224 -0.0030
vn -0.0015 -0.0057 1.0000
vn -0.1034 -0.1092 -0.9886
vn 0.9529 -0.3034 -0.0011
vn -0.0010 -0.0581 0.9983
vn 0.9467 -0.3123 0.0784
vn 0.0407 0.2059 -0.9777
vn 0.0221 -0.0519 0.9984
vn 0.0322 -0.0823 -0.9961
vn 0.0088 0.0477 -0.9988
vn -0.9997 0.0053 -0.0256
vn 0.9983 -0.0354 0.0460
vn 0.0082 -0.0040 1.0000
vn -0.9776 -0.2088 -0.0259
vn -0.9985 -0.0440 0.0318
vn -0.9997 -0.0231 -0.0013
vn -0.9978 -0.0031 -0.0665
vn -0.9997 -0.0070 -0.0249
vn 0.9926 -0.1112 0.0494
vn 0.0120 -0.0658 0.9978
vn 0.9989 -0.0373 0.0285
vn -0.9992 0.0125 0.0389
vn 0.9871 -0.1580 -0.0250
vn 0.0038 -0.0516 0.9987
vn -0.9986 -0.0014 -0.0524
vn 0.1087 -0.1773 -0.9781
vn 0.0075 -0.0180 0.9998
vn 0.0454 -0.1185 -0.9919
vn -0.9963 -0.0834 0.0194
vn 0.0150 -0.0142 0.9998
vn 0.9993 -0.0228 -0.0285
vn -0.0087 -0.0438 -0.9990
vn -1.0000 -0.0095 -0.0012
vn 0.9917 -0.1281 0.0143
vn 0.0076 -0.0615 0.9981
vt 0.855552 1.275164
vt -0.376047 1.040220
vt 0.854086 0.406085
vt -0.482596 0.405715
vt -0.482698 0.381540
vt -0.482220 -0.487561
vt 0.854275 -0.488374
vt 0.854442 0.380928
vt -0.118185 0.402157
vt 0.190865 0.403019
vt -0.487034 1.008513
vt -0.481969 1.275416
vt -0.487384 0.641779
vt 0.859329 1.016039
vt 0.860885 0.816122
vt 0.859036 0.552954
vt 0.237730 1.278268
vt 0.858181 0.019065
vt 0.855254 1.277411
vt -0.414908 0.384324
vt 0.154564 0.384201
vt 0.192061 -0.486637
vt -0.409545 -0.490538
vt -0.226299 0.385722
vt 0.626839 -0.491476
vt -0.486977 0.180066
vt -0.484798 -0.046585
vt -0.487391 -0.156681
vt -0.038811 1.352769
vt 0.018069 1.358159
vt -0.039856 1.358942
vt 1.091503 0.034265
vt 1.069896 0.037764
vt 1.035244 0.039949
vt 1.192297 0.334139
vt 1.250792 0.328927
vt 1.251684 0.334446
vt 1.035654 0.529677
vt 1.064483 0.523275
vt 1.094728 0.530745
vt 1.014888 -0.216287
vt 1.015725 -0.211230
vt 0.956096 -0.216542
vt 0.964458 0.417752
vt 0.957211 0.410727
vt 1.015693 0.416088
vt 1.329337 -0.185774
vt 1.270982 -0.191030
vt 1.329343 -0.190828
vt 1.270928 -0.185875
vt 1.113716 0.545696
vt 1.172475 0.551053
vt 1.124880 0.552777
vt 1.251918 -0.128645
vt 1.218307 -0.135307
vt 1.251562 -0.134083
vt 1.215390 -0.125983
vt 1.250886 0.739788
vt 1.250706 0.745398
vt 1.192092 0.739395
vt 1.192189 0.744825
vt 0.886055 0.282456
vt 0.878938 0.275360
vt 0.937358 0.280754
vt 1.085032 -0.051150
vt 1.094745 -0.043003
vt 1.058698 -0.051615
vt 1.035738 -0.043633
vt 1.113908 1.201212
vt 1.172729 1.195927
vt 1.173246 1.202217
vt 1.017063 -0.317779
vt 0.957523 -0.323212
vt 1.016830 -0.324255
vt 0.958285 -0.318223
vt 0.937014 1.095042
vt 0.878926 1.089711
vt 0.927879 1.088286
vt 1.094780 0.713666
vt 1.094668 0.720584
vt 1.035343 0.719561
vt 0.938332 -0.215976
vt 0.938130 -0.209186
vt 0.879385 -0.215539
vt 0.878626 -0.210290
vt 1.234476 -0.293204
vt 1.192265 -0.297346
vt 1.228467 -0.299782
vt 1.035109 0.284249
vt 1.035656 0.278541
vt 1.093619 0.283997
vt 0.903967 1.013919
vt 0.878134 1.008809
vt 0.907813 1.008440
vt 1.251982 -0.161089
vt 1.252452 -0.154833
vt 1.216573 -0.161940
vt 1.193710 -0.155254
vt 1.192586 -0.159928
vt 1.113727 0.871710
vt 1.172289 0.876951
vt 1.113511 0.877606
vt 0.956955 0.824451
vt 1.015590 0.819080
vt 1.016362 0.825055
vt 1.172578 0.821535
vt 1.114179 0.816229
vt 1.172569 0.816389
vt 1.113694 0.821311
vt 0.588015 1.298545
vt 0.646835 1.303796
vt 0.587856 1.304535
vt 0.878639 0.790909
vt 0.937031 0.796552
vt 0.878653 0.796299
vt 0.878021 0.552444
vt 0.878126 0.545529
vt 0.937482 0.546601
vt 0.937081 0.551863
vt 1.172575 0.984745
vt 1.114199 0.979478
vt 1.172788 0.979568
vt 1.114084 0.984621
vt 1.192280 0.115621
vt 1.192382 0.110405
vt 1.251379 0.116001
vt 0.795361 1.324177
vt 0.795234 1.329332
vt 0.737254 1.328665
vt 0.987177 -0.045195
vt 0.956121 -0.052382
vt 1.015538 -0.050970
vt 1.015561 -0.046272
vt 1.251552 0.137882
vt 1.250807 0.143437
vt 1.192201 0.137733
vt 1.191479 0.384298
vt 1.250793 0.390205
vt 1.192624 0.390161
vt 1.250962 0.385124
vt 1.094173 1.151547
vt 1.094067 1.156787
vt 1.035261 1.157678
vt 1.172502 1.142509
vt 1.171734 1.147684
vt 1.113972 1.147582
vt 0.662399 1.324357
vt 0.659715 1.331802
vt 0.627398 1.331871
vt 0.685892 1.325977
vt 0.686271 1.331999
vt 1.192449 0.581979
vt 1.250523 0.576714
vt 1.251791 0.583288
vt 1.035651 -0.241716
vt 1.094814 -0.236334
vt 1.035131 -0.235858
vt 1.016042 -0.345563
vt 1.001475 -0.345511
vt 1.016101 -0.350248
vt 0.141043 1.298871
vt 0.199443 1.304123
vt 0.140792 1.304869
vt 1.015498 0.493202
vt 0.957299 0.498511
vt 0.956367 0.492827
vt 1.015864 0.499411
vt 1.349420 -0.271901
vt 1.379435 -0.265142
vt 1.348540 -0.265941
vt 1.172532 0.381117
vt 1.173321 0.387284
vt 1.135431 0.389740
vt 0.905177 -0.452939
vt 0.894624 -0.460371
vt 0.939051 -0.462616
vt 1.113765 0.632469
vt 1.173490 0.626273
vt 1.173118 0.632827
vt 1.016224 -0.453445
vt 0.986380 -0.462291
vt 1.015814 -0.459440
vt 0.980579 -0.456157
vt 0.956989 -0.459261
vt 1.193436 -0.382283
vt 1.211573 -0.380116
vt 1.193332 -0.375929
vt 1.252373 -0.375348
vt 1.252193 -0.380167
vt 1.035371 -0.182103
vt 1.092906 -0.187553
vt 1.095342 -0.181546
vt 1.048547 -0.453803
vt 1.035339 -0.463112
vt 1.069884 -0.454868
vt 1.017217 -0.401221
vt 0.958938 -0.407737
vt 1.017800 -0.407468
vt 0.958259 -0.401794
vt 1.172849 0.762465
vt 1.172696 0.767738
vt 1.113673 0.767891
vt 1.114007 0.060927
vt 1.173212 0.055615
vt 1.173606 0.061926
vt 1.251200 0.603665
vt 1.251422 0.609592
vt 1.217838 0.602061
vt 1.215910 0.610015
vt 1.191561 0.603065
vt 1.191336 0.610164
vt 1.121506 -0.264131
vt 1.114233 -0.271229
vt 1.173168 -0.265826
vt 0.937507 0.492565
vt 0.878394 0.497855
vt 0.877813 0.491623
vt 1.094286 0.989328
vt 1.094389 0.994579
vt 1.034809 0.995781
vt 1.035412 0.228893
vt 1.035965 0.223637
vt 1.094900 0.229052
vt 0.956419 -0.483993
vt 0.956593 -0.490956
vt 0.989273 -0.482446
vt 1.016121 -0.488819
vt 1.250095 0.034420
vt 1.227298 0.028325
vt 1.251037 0.029546
vt 1.294877 0.386354
vt 1.295548 0.380151
vt 1.328152 0.380417
vt 1.270436 0.385319
vt 1.270352 0.379851
vt 1.226090 0.518833
vt 1.227750 0.528090
vt 1.191645 0.527936
vt 1.250222 0.522953
vt 1.249235 0.529135
vt 1.035119 1.266151
vt 1.034888 1.259563
vt 1.070894 1.266974
vt 1.095460 0.011270
vt 1.035660 0.005118
vt 1.094160 0.005091
vt 1.035715 0.010193
vt 1.173555 0.218112
vt 1.172637 0.224074
vt 1.114365 0.218723
vt 1.113787 0.223922
vt 0.937363 -0.079750
vt 0.938494 -0.073838
vt 0.878501 -0.074737
vt 1.113257 0.245946
vt 1.172541 0.251391
vt 1.114156 0.251498
vt 1.172686 0.246213
vt 1.250281 0.636068
vt 1.192711 0.632529
vt 1.251180 0.630846
vt 1.016457 0.144952
vt 0.957075 0.138674
vt 1.016177 0.138791
vt 0.957070 0.143968
vt 1.172956 -0.373090
vt 1.156664 -0.375071
vt 1.173302 -0.379085
vt 1.329257 0.494770
vt 1.298755 0.486529
vt 1.329140 0.489361
vt 1.270780 0.494714
vt 1.270037 0.488289
vt 1.035877 -0.154133
vt 1.035967 -0.159367
vt 1.093910 -0.153824
vt 1.114343 0.089153
vt 1.150468 0.082134
vt 1.173254 0.090079
vt 1.113052 0.083085
vt 1.259184 -0.427390
vt 1.243290 -0.430677
vt 1.259289 -0.433438
vt 1.200413 -0.435462
vt 1.251200 1.040409
vt 1.251614 1.046894
vt 1.192799 1.040569
vt 1.192323 1.045820
vt 1.173192 0.789195
vt 1.173081 0.796113
vt 1.113775 0.795095
vt 0.956964 -0.019258
vt 0.957256 -0.024463
vt 1.015794 -0.019080
vt 1.035270 0.420138
vt 1.035430 0.414591
vt 1.094415 0.414787
vt 1.093927 0.420080
vt 1.173345 -0.103099
vt 1.144123 -0.108827
vt 1.172474 -0.109093
vt 1.171641 0.898033
vt 1.154296 0.903509
vt 1.114054 0.898747
vt 1.172059 1.223385
vt 1.170965 1.228658
vt 1.112662 1.222286
vt 0.956814 0.525936
vt 0.986620 0.519522
vt 1.015795 0.526173
vt -0.203836 1.303938
vt -0.203881 1.298854
vt -0.145141 1.303981
vt 0.150434 1.407777
vt 0.205784 1.405778
vt 0.207571 1.411619
vt 0.501271 1.463751
vt 0.533460 1.457985
vt 0.528420 1.466916
vt 0.503070 1.457860
vt 1.406545 0.574205
vt 1.349380 0.568630
vt 1.407381 0.567889
vt 0.175791 1.353154
vt 0.117517 1.358935
vt 0.117038 1.352334
vt 0.591536 1.384069
vt 0.533555 1.378931
vt 0.591454 1.379024
vt 1.171915 1.010470
vt 1.114030 1.006179
vt 1.171002 1.004909
vt 1.438520 -0.463365
vt 1.438200 -0.457016
vt 1.407825 -0.463939
vt 1.333293 -0.429415
vt 1.332715 -0.435858
vt 1.391379 -0.435044
vt 1.406995 0.866553
vt 1.348917 0.872280
vt 1.348376 0.865686
vt 1.271195 0.462776
vt 1.329266 0.467485
vt 1.271689 0.469008
vt 1.358727 1.447434
vt 1.302219 1.452607
vt 1.301662 1.446540
vt 1.271101 0.275826
vt 1.270565 0.269813
vt 1.328845 0.270784
vt -0.427852 1.324994
vt -0.485946 1.330166
vt -0.486049 1.324124
vt -0.282911 1.438407
vt -0.282439 1.431802
vt -0.224898 1.432695
vt 1.015593 1.316057
vt 0.957104 1.309625
vt 1.015642 1.310091
vt 0.403438 1.325302
vt 0.404201 1.331673
vt 0.346115 1.325219
vt 1.276101 -0.401855
vt 1.270854 -0.409660
vt 1.329127 -0.408471
vt 1.329300 0.684402
vt 1.271138 0.681478
vt 1.329322 0.678721
vt 1.250944 0.087853
vt 1.192461 0.082527
vt 1.250303 0.082366
vt 1.406629 1.055662
vt 1.407787 1.062139
vt 1.349832 1.055699
vt 0.308634 1.458043
vt 0.308266 1.463503
vt 0.251830 1.463375
vt -0.125753 1.304555
vt -0.124181 1.298851
vt -0.066905 1.298895
vt 1.015897 0.743783
vt 0.956978 0.737544
vt 1.016441 0.737241
vt 1.407430 0.056471
vt 1.349570 0.059157
vt 1.349156 0.054096
vt 1.270859 1.012771
vt 1.270042 1.007002
vt 1.294979 1.003545
vt 0.157145 1.330985
vt 0.156598 1.325230
vt 0.215283 1.325758
vt 1.407333 -0.355330
vt 1.407175 -0.348490
vt 1.370478 -0.352589
vt 1.373771 -0.346375
vt 1.349720 -0.351870
vt 1.172342 1.066133
vt 1.114181 1.060343
vt 1.173219 1.059974
vt 1.336798 -0.461717
vt 1.336741 -0.456442
vt 1.278438 -0.462466
vt 0.956623 0.633675
vt 1.014906 0.628574
vt 1.013971 0.633808
vt 0.958093 0.657811
vt 1.015833 0.663038
vt 0.957782 0.663586
vt 1.015783 1.147891
vt 1.015484 1.153200
vt 0.956371 1.147404
vt 0.458467 1.379095
vt 0.458260 1.384396
vt 0.400085 1.379368
vt 1.328928 -0.082012
vt 1.328404 -0.077025
vt 1.270280 -0.076894
vt 1.270985 -0.082347
vt 0.936984 1.035547
vt 0.937575 1.041074
vt 0.878663 1.040876
vt 0.878887 0.524773
vt 0.879692 0.519620
vt 0.937322 0.519751
vt 0.582735 1.326400
vt 0.582645 1.332551
vt 0.553292 1.332662
vt 0.878184 0.742392
vt 0.878412 0.735782
vt 0.937116 0.736760
vt 0.957326 0.470677
vt 0.957323 0.465302
vt 1.016013 0.465651
vt 0.879560 0.167498
vt 0.938151 0.171785
vt 0.879174 0.172780
vt 1.329186 0.026146
vt 1.271006 0.031364
vt 1.270332 0.025637
vt 1.329953 0.032328
vt 1.329103 0.189199
vt 1.329218 0.194358
vt 1.270829 0.189211
vt 1.172827 -0.243593
vt 1.172010 -0.236221
vt 1.145332 -0.237933
vt 1.114136 -0.243336
vt 1.114363 -0.238346
vt 1.093886 0.604750
vt 1.035669 0.610172
vt 1.035047 0.604418
vt 1.094332 0.610130
vt -0.256017 1.351671
vt -0.313827 1.357677
vt -0.314443 1.351439
vt 1.407130 -0.489006
vt 1.348868 -0.483344
vt 1.369244 -0.490808
vt 1.407447 -0.483842
vt 1.341333 1.391586
vt 1.399536 1.396645
vt 1.340765 1.397440
vt 1.391648 1.389992
vt 1.172238 0.192329
vt 1.172092 0.197972
vt 1.144595 0.197853
vt 1.328359 0.705841
vt 1.328437 0.710643
vt 1.270434 0.710675
vt 1.411917 -0.430494
vt 1.467802 -0.435760
vt 1.469730 -0.429921
vt -0.258793 1.331285
vt -0.200913 1.325925
vt -0.200037 1.332020
vt 1.349335 -0.184915
vt 1.350504 -0.190230
vt 1.407295 -0.190276
vt 0.470965 1.437149
vt 0.470041 1.431249
vt 0.528401 1.431930
vt 1.093502 1.016781
vt 1.093323 1.023026
vt 1.076262 1.020668
vt 0.957168 0.116794
vt 0.958406 0.111462
vt 1.016318 0.111268
vt 1.036018 1.320097
vt 1.034675 1.314293
vt 1.093682 1.315002
vt 1.407571 1.224200
vt 1.348626 1.218026
vt 1.407232 1.218258
vt 1.124241 1.466623
vt 1.123931 1.471947
vt 1.067099 1.471930
vt 1.406880 0.893635
vt 1.348955 0.899373
vt 1.348754 0.893096
vt 1.349136 0.763509
vt 1.406149 0.758487
vt 1.407727 0.764702
vt 1.348714 0.757511
vt 1.193090 -0.210599
vt 1.193130 -0.216869
vt 1.214754 -0.215787
vt -0.224281 1.299527
vt -0.224282 1.305753
vt -0.241796 1.302954
vt 1.349441 -0.076137
vt 1.348469 -0.082039
vt 1.406892 -0.081281
vt -0.203263 1.431769
vt -0.145899 1.437196
vt -0.204578 1.437847
vt -0.145129 1.430651
vt 0.729526 1.387921
vt 0.787197 1.390631
vt 0.729527 1.393270
vt 1.406726 -0.001170
vt 1.407537 0.004677
vt 1.349169 0.004501
vt 1.192504 0.992462
vt 1.191933 0.987016
vt 1.250257 0.987297
vt 0.880270 0.987000
vt 0.936707 0.981503
vt 0.936934 0.986493
vt 0.877889 0.980959
vt 1.309335 1.370564
vt 1.309279 1.363452
vt 1.342429 1.363630
vt 1.192148 0.772799
vt 1.219287 0.764842
vt 1.251028 0.767620
vt 0.967676 1.422079
vt 0.967415 1.427579
vt 0.932501 1.420776
vt 1.329453 -0.271880
vt 1.328493 -0.266337
vt 1.271142 -0.271537
vt 1.122049 -0.427900
vt 1.121537 -0.434364
vt 1.181127 -0.428986
vt 1.181314 -0.434448
vt 1.015522 -0.136120
vt 1.015687 -0.130065
vt 0.981446 -0.125920
vt 0.981234 -0.133764
vt 0.956860 -0.130306
vt 0.956941 0.253115
vt 0.956570 0.247053
vt 1.015995 0.247242
vt 1.035378 1.292788
vt 1.034698 1.286528
vt 1.093976 1.287239
vt 1.251074 1.312242
vt 1.251246 1.318121
vt 1.192264 1.317596
vt 0.936752 -0.186458
vt 0.936225 -0.180980
vt 0.877993 -0.187494
vt 1.192247 0.225156
vt 1.192747 0.219721
vt 1.251583 0.218860
vt 0.958249 0.983012
vt 1.016126 0.988944
vt 0.987989 0.991575
vt 1.035548 0.093572
vt 1.035030 0.087463
vt 1.094534 0.087670
vt 1.192279 0.280587
vt 1.192602 0.275178
vt 1.251238 0.274718
vt 0.936940 0.844348
vt 0.937726 0.850461
vt 0.906903 0.850680
vt 0.878581 0.849900
vt 0.880554 0.844608
vt 0.936624 1.254461
vt 0.878770 1.260121
vt 0.878537 1.254834
vt 0.937309 1.260429
vt 1.035725 0.393219
vt 1.093860 0.387435
vt 1.093295 0.392869
vt 1.034575 0.387040
vt 0.450272 1.297736
vt 0.448990 1.303292
vt 0.391984 1.303115
vt 1.172714 0.274011
vt 1.172277 0.279297
vt 1.113414 0.279743
vt 0.957467 0.442496
vt 0.957178 0.437086
vt 1.015080 0.437377
vt 0.956550 -0.155372
vt 0.956306 -0.162176
vt 1.015772 -0.161986
vt 1.014863 -0.156405
vt 0.937376 0.415460
vt 0.878693 0.410236
vt 0.937303 0.409734
vt 0.878320 0.415793
vt 1.251663 -0.243924
vt 1.252379 -0.237584
vt 1.193226 -0.238664
vt 0.878638 1.288171
vt 0.937114 1.282732
vt 0.919100 1.289451
vt 0.891197 1.280717
vt 1.093834 1.210495
vt 1.035632 1.205184
vt 1.094197 1.204787
vt 1.035401 1.210440
vt 1.251234 1.072403
vt 1.192354 1.066885
vt 1.250688 1.066681
vt 1.192472 1.072155
vt 1.172523 1.169336
vt 1.173305 1.175709
vt 1.114095 1.174778
vt 1.113713 1.169511
vt 0.878705 0.036691
vt 0.879151 0.031193
vt 0.937620 0.031072
vt -0.439515 1.298378
vt -0.380660 1.304408
vt -0.439224 1.304266
vt -0.380425 1.298966
vt 1.172580 0.735051
vt 1.172134 0.740426
vt 1.126416 0.733630
vt 1.172456 0.465069
vt 1.172084 0.470490
vt 1.113780 0.464969
vt 1.407386 0.351428
vt 1.407270 0.357690
vt 1.380984 0.351569
vt 0.878823 0.660722
vt 0.927263 0.654457
vt 0.937167 0.660843
vt 0.938044 -0.297343
vt 0.937321 -0.291943
vt 0.878023 -0.297894
vt 1.036331 -0.344909
vt 1.036689 -0.350684
vt 1.057239 -0.344439
vt 1.093663 0.934789
vt 1.034792 0.940747
vt 1.053046 0.933415
vt 1.328751 -0.163979
vt 1.328287 -0.158491
vt 1.271081 -0.163509
vt 0.548069 1.436435
vt 0.548226 1.429385
vt 0.580202 1.429340
vt 0.606497 1.430239
vt 0.606393 1.435584
vt 0.957407 1.256178
vt 1.015316 1.261276
vt 0.957313 1.261158
vt 1.171732 -0.347427
vt 1.113702 -0.353021
vt 1.172262 -0.352342
vt 1.067603 0.469308
vt 1.035048 0.473990
vt 1.035600 0.468723
vt 1.094005 0.473982
vt 1.093919 0.468875
vt 1.250593 1.012607
vt 1.191233 1.018835
vt 1.191547 1.011709
vt 1.191917 0.061465
vt 1.192156 0.056140
vt 1.251524 0.055932
vt 1.114295 -0.291961
vt 1.173154 -0.297467
vt 1.172822 -0.292241
vt 0.880374 -0.242243
vt 0.897124 -0.236869
vt 0.879538 -0.236981
vt 0.938480 -0.242812
vt 0.938468 -0.237472
vt 0.969591 0.554598
vt 0.957338 0.547915
vt 1.016207 0.553240
vt 0.651126 1.382261
vt 0.650829 1.376867
vt 0.675581 1.376594
vt 1.113677 1.256917
vt 1.113107 1.250413
vt 1.145931 1.250591
vt 1.150781 1.258201
vt 0.878687 -0.318695
vt 0.878158 -0.324817
vt 0.938170 -0.324608
vt 0.879212 -0.428203
vt 0.879640 -0.433720
vt 0.898036 -0.427833
vt 0.509950 1.304277
vt 0.510808 1.298725
vt 0.568608 1.304166
vt 1.113978 0.849478
vt 1.173244 0.843654
vt 1.173597 0.850433
vt 1.113716 0.844097
vt 1.251353 0.657412
vt 1.250984 0.662776
vt 1.192401 0.657360
vt 0.956657 0.035240
vt 0.956872 0.029910
vt 1.016036 0.029693
vt 1.015759 0.035170
vt 1.258956 -0.462309
vt 1.259329 -0.456955
vt 1.243630 -0.461104
vt 0.878643 0.253369
vt 0.937485 0.247718
vt 0.938302 0.254047
vt 0.878600 0.247923
vt 1.239549 0.792620
vt 1.250865 0.800280
vt 1.192343 0.794920
vt 1.192329 0.800328
vt 1.250060 0.411111
vt 1.251307 0.416817
vt 1.225037 0.417903
vt 1.015404 1.464062
vt 1.045604 1.471543
vt 1.010586 1.473844
vt 0.988105 1.465688
vt -0.187582 1.458221
vt -0.189009 1.464130
vt -0.220556 1.457926
vt 1.234918 -0.402272
vt 1.249738 -0.406994
vt 1.250534 -0.401887
vt 0.938112 -0.406989
vt 0.936845 -0.401372
vt 0.897825 -0.408198
vt 1.015898 0.007682
vt 0.957408 0.001902
vt 1.015615 0.002236
vt 0.956859 0.007352
vt 0.966665 -0.072210
vt 0.994561 -0.079343
vt 1.015561 -0.074007
vt 1.251027 -0.189395
vt 1.192230 -0.183890
vt 1.192051 -0.189893
vt 1.251307 -0.184095
vt 1.250860 1.258036
vt 1.250005 1.263441
vt 1.192078 1.263391
vt 0.937058 1.149594
vt 0.878717 1.144276
vt 0.937263 1.144346
vt 0.888296 1.151453
vt 1.329590 -0.055243
vt 1.328884 -0.049703
vt 1.270397 -0.055455
vt 1.016023 0.193407
vt 0.956897 0.198912
vt 0.956295 0.192843
vt 1.015247 0.165562
vt 0.956608 0.170737
vt 0.957028 0.165041
vt 0.989554 0.172849
vt 1.016073 0.171567
vt 1.015797 -0.376953
vt 0.987885 -0.373378
vt 0.956448 -0.377568
vt 0.878391 1.314895
vt 0.879016 1.309469
vt 0.937489 1.308918
vt 1.035806 0.066250
vt 1.035735 0.061100
vt 1.094380 0.066097
vt 1.295488 -0.218236
vt 1.270085 -0.211899
vt 1.270331 -0.217890
vt 1.328405 -0.212352
vt 1.328797 -0.217452
vt 1.192596 0.881783
vt 1.251053 0.876191
vt 1.251111 0.881581
vt 1.192404 0.876469
vt 1.093692 -0.483268
vt 1.076885 -0.488906
vt 1.094515 -0.488475
vt 0.878441 0.632592
vt 0.878684 0.627302
vt 0.937480 0.632755
vt 1.304811 1.250452
vt 1.329981 1.256925
vt 1.270510 1.255464
vt 1.328852 1.255358
vt 1.328905 1.250028
vt 1.115047 -0.483025
vt 1.114732 -0.488388
vt 1.137148 -0.481751
vt 1.035385 -0.263313
vt 1.035088 -0.268697
vt 1.094453 -0.269080
vt 1.094251 -0.263589
vt 1.172773 0.435900
vt 1.172517 0.441378
vt 1.113357 0.441686
vt 1.328820 0.897217
vt 1.269464 0.903747
vt 1.269901 0.896688
vt 1.329004 0.902668
vt 0.878733 0.714938
vt 0.937563 0.709688
vt 0.937726 0.715596
vt 1.250782 0.711270
vt 1.191905 0.716621
vt 1.192533 0.711365
vt 1.250835 0.716647
vt 0.330595 1.465983
vt 0.386200 1.460316
vt 0.386040 1.465493
vt 0.329521 1.460633
vt 1.448607 1.392026
vt 1.419500 1.385150
vt 1.465515 1.383981
vt 1.420140 1.390730
vt 0.957190 1.097615
vt 1.015140 1.091766
vt 1.015878 1.097794
vt 1.349249 0.709380
vt 1.406993 0.704112
vt 1.406517 0.709251
vt 1.080595 -0.107022
vt 1.092852 -0.097636
vt 1.060084 -0.107316
vt 1.272364 0.108571
vt 1.327612 0.115105
vt 1.271241 0.113872
vt 1.328446 0.109376
vt 1.407552 0.433209
vt 1.407057 0.438644
vt 1.349628 0.438620
vt 1.349677 1.033700
vt 1.350131 1.028516
vt 1.387527 1.037422
vt 0.317083 1.404748
vt 0.264743 1.411573
vt 0.258196 1.404345
vt 0.317108 1.410209
vt 0.238747 1.379333
vt 0.180507 1.385427
vt 0.180709 1.379519
vt 0.238282 1.384598
vt 1.328239 0.871511
vt 1.327395 0.876958
vt 1.299968 0.867118
vt 0.306169 1.437121
vt 0.306091 1.431870
vt 0.363221 1.436858
vt 1.321303 0.161033
vt 1.329800 0.168508
vt 1.270970 0.167916
vt 0.650971 1.431123
vt 0.709015 1.436313
vt 0.651215 1.436292
vt 1.271738 1.474765
vt 1.291297 1.479684
vt 1.271566 1.480410
vt 1.420344 1.423095
vt 1.364554 1.416968
vt 1.421527 1.417880
vt 1.364485 1.422905
vt 1.203374 1.364181
vt 1.145218 1.359097
vt 1.203008 1.359108
vt 1.144932 1.365050
vt 0.879250 0.116467
vt 0.889835 0.110587
vt 0.910110 0.119493
vt 1.271732 0.329931
vt 1.271824 0.324538
vt 1.304367 0.333046
vt 1.094582 -0.133358
vt 1.036132 -0.127837
vt 1.035032 -0.133519
vt 0.858321 1.302723
vt 0.799909 1.297407
vt 0.858774 1.296644
vt 0.800075 1.302854
vt 1.023158 1.367404
vt 1.023324 1.372642
vt 0.965316 1.367411
vt 1.218759 1.479154
vt 1.192543 1.477180
vt 1.223130 1.472098
vt 1.272025 1.168605
vt 1.328573 1.173743
vt 1.270385 1.173934
vt 1.113988 0.170128
vt 1.113744 0.164839
vt 1.171696 0.164731
vt -0.075130 1.411315
vt -0.133045 1.406242
vt -0.074972 1.405943
vt 0.916899 1.456364
vt 0.910246 1.449535
vt 0.932604 1.454563
vt 0.941711 1.446885
vt 0.967786 1.448539
vt 0.967311 1.455299
vt 1.279179 0.930860
vt 1.328457 0.923641
vt 1.329818 0.929868
vt 0.573007 1.359174
vt 0.572656 1.353043
vt 0.596646 1.350693
vt 1.134084 0.032974
vt 1.114717 0.033667
vt 1.114983 0.028066
vt 1.173471 0.027303
vt 1.173791 0.033527
vt 1.407262 -0.136225
vt 1.407960 -0.129956
vt 1.348816 -0.130704
vt 1.328940 1.195990
vt 1.276323 1.202910
vt 1.271015 1.196365
vt 1.329116 1.201438
vt 1.073304 0.115322
vt 1.093962 0.114777
vt 1.093648 0.120516
vt 0.896266 0.578335
vt 0.879896 0.579921
vt 0.879652 0.574549
vt 0.937295 0.573701
vt 0.937306 0.578843
vt 1.407055 0.514196
vt 1.407118 0.519628
vt 1.348702 0.519901
vt 1.445806 1.277968
vt 1.388271 1.272509
vt 1.445920 1.272578
vt 0.920673 1.228245
vt 0.936124 1.225974
vt 0.936028 1.231169
vt 1.113572 -0.020394
vt 1.113701 -0.026397
vt 1.171371 -0.026353
vt 0.096873 1.411910
vt 0.039277 1.406697
vt 0.097087 1.406858
vt 1.476626 1.472877
vt 1.420071 1.478042
vt 1.420001 1.473233
vt 1.130595 0.304802
vt 1.115024 0.307243
vt 1.114864 0.302017
vt 1.172491 0.305872
vt 0.580126 1.461904
vt 0.580393 1.456584
vt 0.637880 1.456893
vt 1.407183 0.731478
vt 1.407201 0.736782
vt 1.349643 0.736419
vt 0.997554 0.956388
vt 1.014933 0.954882
vt 1.014800 0.960163
vt 1.406676 1.115932
vt 1.348965 1.110477
vt 1.406813 1.110533
vt 1.357843 1.117292
vt 1.066710 1.444790
vt 1.066716 1.439545
vt 1.124314 1.444905
vt 1.440758 1.443426
vt 1.453901 1.452789
vt 1.397189 1.446315
vt -0.039926 1.351030
vt 0.019252 1.352341
vt 0.020172 1.359854
vt 1.192231 1.236774
vt 1.191589 1.230186
vt 1.192603 1.231895
vt 1.251471 1.231083
vt 1.250842 1.237562
vt 1.223780 1.239642
vt 0.878109 0.762542
vt 0.921621 0.760671
vt 0.937367 0.763635
vt 0.938515 0.770502
vt 0.937391 0.768823
vt 1.270942 0.766379
vt 1.327819 0.766130
vt 1.286612 0.769196
vt 1.329142 0.760599
vt 1.329758 0.767770
vt 1.113029 0.925359
vt 1.173741 0.924699
vt 1.172514 0.926246
vt 1.330107 0.059918
vt 1.284415 0.061970
vt 1.270655 0.058992
vt 1.269337 0.052082
vt 1.270478 0.053750
vt 1.035551 -0.372741
vt 1.074044 -0.372617
vt 1.034310 -0.370091
vt 1.034044 -0.378530
vt 1.067006 -0.379223
vt 1.016865 0.361897
vt 0.973351 0.364475
vt 0.957044 0.360817
vt 0.956368 0.353862
vt 0.957442 0.355599
vt 1.209395 0.337352
vt 1.191411 0.327902
vt 1.224992 0.326473
vt 1.034345 -0.407497
vt 1.095630 -0.406512
vt 1.035400 -0.405798
vt 1.058304 0.531545
vt 1.094866 0.175748
vt 1.051922 0.177933
vt 1.035438 0.174612
vt 1.034379 0.167688
vt 1.035586 0.169393
vt 1.016230 -0.218067
vt 1.330103 0.249818
vt 1.284326 0.251885
vt 1.270653 0.248893
vt 1.269337 0.241984
vt 1.270481 0.243652
vt 1.330512 -0.184068
vt 1.269782 -0.192724
vt 1.172680 0.545640
vt 1.173676 0.552926
vt 1.112560 0.544030
vt 1.173334 0.007279
vt 1.127703 0.009432
vt 1.113853 0.006118
vt 1.192956 -0.135662
vt 1.192617 -0.133117
vt 0.937397 0.471000
vt 0.904825 0.473794
vt 0.878548 0.470692
vt 1.223471 0.736540
vt 1.225071 0.747667
vt 0.938158 0.274608
vt 0.938314 0.282570
vt 1.251582 0.445542
vt 1.205424 0.447395
vt 1.192267 0.444149
vt 1.056873 -0.042075
vt 1.138472 1.204731
vt 0.972905 -0.315700
vt 0.938260 1.096696
vt 1.192294 0.361411
vt 1.191108 0.354700
vt 1.192554 0.356266
vt 1.217841 0.353475
vt 1.191748 0.000685
vt 1.236852 -0.001561
vt 1.251249 0.001857
vt 1.252045 0.008790
vt 1.250941 0.007071
vt 0.938817 0.191916
vt 0.937891 0.199801
vt 0.937038 0.193556
vt 1.049025 0.722391
vt 1.034103 0.712660
vt 1.035672 0.714271
vt 0.902673 -0.206868
vt 1.095005 -0.426099
vt 1.043746 -0.425447
vt 1.044921 -0.427330
vt 1.070247 -0.436270
vt 1.104123 -0.433782
vt 1.043629 -0.432093
vt 1.190959 -0.291374
vt 1.190906 -0.299822
vt 1.094922 0.277934
vt 1.095301 0.285486
vt 1.034044 0.276852
vt 1.035939 -0.022707
vt 1.034974 -0.017012
vt 1.034483 -0.024590
vt 1.172894 -0.075260
vt 1.143760 -0.072829
vt 1.113897 -0.075949
vt 1.112895 -0.082920
vt 1.173449 -0.081743
vt 1.113955 -0.081206
vt 1.094719 0.639025
vt 1.034093 0.639402
vt 1.035297 0.637900
vt 1.193152 -0.162726
vt 1.172997 0.871004
vt 1.173568 0.878828
vt 1.112473 0.870180
vt 0.989043 0.816385
vt 0.956904 0.819338
vt 0.279505 1.305366
vt 0.219705 1.303490
vt 0.278323 1.298949
vt 0.218404 1.304982
vt 1.173511 0.823332
vt 0.878600 0.877926
vt 0.877273 0.871124
vt 0.878948 0.872720
vt 0.631913 1.295431
vt 0.647037 1.298574
vt 0.647940 1.305492
vt 1.173183 -0.128781
vt 1.153881 -0.129745
vt 1.172302 -0.134786
vt 1.112960 -0.136390
vt 1.173348 -0.137401
vt 0.925870 0.788756
vt 0.938440 0.798260
vt 0.923401 0.543683
vt 0.938659 0.553486
vt 1.173824 0.986540
vt 1.112998 0.977782
vt 1.093520 0.740025
vt 1.095273 0.746860
vt 1.093362 0.745484
vt 1.191350 0.108693
vt 1.252006 0.109573
vt 1.219576 0.118811
vt 0.796516 1.331083
vt 1.016399 -0.053389
vt 1.216844 0.134987
vt 1.252146 0.145212
vt 1.252336 0.383611
vt 1.095155 1.158490
vt 1.112473 1.140810
vt 1.114044 1.142392
vt 1.252224 0.171017
vt 1.207891 0.173477
vt 1.192315 0.169929
vt 1.191556 0.162986
vt 1.192642 0.164717
vt 1.016114 0.307543
vt 1.016833 0.301632
vt 1.017684 0.309390
vt 1.081282 0.765580
vt 1.094355 0.768695
vt 1.034991 0.768165
vt 1.095256 0.775580
vt 1.094089 0.773884
vt 0.626554 1.325510
vt 0.642675 1.322412
vt 1.252389 0.575090
vt 1.192203 0.576905
vt 1.190912 0.575366
vt 1.066333 -0.244551
vt 1.094968 -0.241576
vt 1.095946 -0.234636
vt 1.034532 0.961394
vt 1.078625 0.959251
vt 1.094364 0.962374
vt 1.095330 0.969272
vt 1.094237 0.967572
vt 0.988465 -0.342985
vt 0.956228 -0.344888
vt 0.956092 -0.351996
vt 1.016777 -0.352742
vt 0.139962 1.297087
vt 0.189663 1.296975
vt 0.200504 1.305840
vt 1.347859 -0.273575
vt 0.956112 0.899926
vt 1.001255 0.897870
vt 1.015944 0.900887
vt 1.017103 0.907800
vt 1.015985 0.906115
vt 1.112473 0.388046
vt 1.114105 0.381696
vt 1.112698 0.379274
vt 1.159016 0.379053
vt 0.879752 -0.463410
vt 0.879620 -0.457154
vt 1.191414 0.547926
vt 1.236373 0.545878
vt 1.251358 0.548908
vt 1.252307 0.555842
vt 1.251208 0.554144
vt 1.112488 0.625546
vt 1.114840 0.627061
vt 1.231632 1.290637
vt 1.230468 1.283688
vt 1.231982 1.285357
vt 0.982803 0.283161
vt 0.956967 0.279937
vt 1.016444 0.280094
vt 0.978168 -0.464530
vt 0.955612 -0.460602
vt 0.957483 -0.453948
vt 1.253508 -0.373666
vt 1.096035 -0.189076
vt 1.034516 -0.189068
vt 1.035678 -0.187358
vt 1.034351 0.358261
vt 1.095187 0.359023
vt 1.035385 0.359967
vt 1.095301 0.366218
vt 1.049484 0.368401
vt 1.035387 0.365179
vt 1.014952 1.120725
vt 1.016046 1.127526
vt 1.015022 1.125835
vt 1.015781 0.689699
vt 1.016058 0.684112
vt 1.016675 0.691570
vt 0.955788 0.683064
vt 0.957098 0.684612
vt 0.957144 0.689459
vt 1.173801 -0.190576
vt 1.174335 -0.182916
vt 1.172023 -0.184299
vt 1.018421 -0.399566
vt 0.980892 -0.398405
vt 1.113459 0.762355
vt 1.149566 0.759566
vt 1.079350 -0.217335
vt 1.094784 -0.213318
vt 1.034865 -0.214087
vt 1.135669 0.063444
vt 0.877931 -0.481586
vt 0.877781 -0.489186
vt 0.879014 -0.487638
vt 1.174474 -0.454470
vt 1.114165 -0.454775
vt 1.115007 -0.456637
vt 1.133365 -0.463619
vt 1.174878 -0.461596
vt 1.114836 -0.462168
vt 0.937986 0.824003
vt 0.903853 0.826184
vt 0.878554 0.823388
vt 0.877394 0.816606
vt 0.878746 0.818271
vt 0.938577 0.499402
vt 0.937016 0.497766
vt 1.095507 0.996270
vt 1.113446 0.952384
vt 1.148398 0.949604
vt 1.172816 0.952464
vt 1.174109 0.959382
vt 1.172524 0.957763
vt 1.062151 0.232152
vt 1.034518 0.221958
vt 0.878858 -0.127711
vt 0.877672 -0.134708
vt 0.878855 -0.132998
vt 1.003596 -0.481912
vt 1.015177 -0.483733
vt 1.172574 1.088262
vt 1.173771 1.094996
vt 1.172637 1.093300
vt 1.129933 1.096228
vt 1.113823 1.093277
vt 1.114027 1.088148
vt 1.112916 1.086457
vt 1.015924 0.771734
vt 0.955919 0.772843
vt 0.957075 0.771061
vt 0.957018 0.765978
vt 0.955612 0.764450
vt 1.015537 0.765796
vt 1.192213 0.197852
vt 1.251575 0.198714
vt 1.206181 0.200711
vt 1.190979 0.190912
vt 1.192294 0.192573
vt 1.252127 0.036082
vt 1.328759 0.386326
vt 1.297552 0.388785
vt 1.329574 0.378721
vt 1.014349 0.580063
vt 1.015227 0.576247
vt 1.014989 0.582094
vt 0.878723 -0.379007
vt 0.909344 -0.382053
vt 0.938260 -0.378767
vt 0.916500 -0.271235
vt 0.939042 -0.270614
vt 0.937214 -0.264087
vt 0.938466 -0.261788
vt 1.094009 1.260278
vt 1.077768 1.257156
vt 1.034379 0.003522
vt 0.912022 0.000763
vt 0.937783 0.003898
vt 0.878396 0.004173
vt 0.878623 0.009416
vt 0.877179 0.002524
vt 1.173951 0.225930
vt 1.112566 0.217078
vt 1.095770 -0.290508
vt 1.067315 -0.287972
vt 1.036293 -0.291662
vt 1.155328 0.243047
vt 1.173989 0.253112
vt 1.053642 0.585237
vt 1.034379 0.576488
vt 1.035515 0.578204
vt 1.075145 0.575063
vt 1.094298 0.578309
vt 1.095227 0.585240
vt 1.094097 0.583536
vt 1.191240 0.637623
vt 1.190906 0.628884
vt 1.252326 0.637788
vt 0.955963 0.136977
vt 0.956095 1.227986
vt 1.001276 1.225901
vt 1.015813 1.228895
vt 1.017045 1.235826
vt 1.015918 1.234147
vt 1.113299 -0.381654
vt 1.173933 -0.381104
vt 1.301620 0.496953
vt 1.034044 -0.160980
vt 1.329676 -0.102812
vt 1.286381 -0.100827
vt 1.270735 -0.104198
vt 1.135474 0.090441
vt 1.251397 -0.271730
vt 1.252331 -0.263924
vt 1.251237 -0.265565
vt 1.192318 -0.265184
vt 1.190906 -0.271842
vt 1.192608 -0.270377
vt 1.191200 1.047379
vt 1.127635 0.797946
vt 1.112518 0.788198
vt 1.114047 0.789812
vt 1.191806 -0.108009
vt 1.236958 -0.110159
vt 1.251331 -0.106825
vt 0.972918 -0.015965
vt 1.070587 0.412013
vt 1.095566 0.421692
vt 1.113115 -0.110681
vt 1.015698 0.328829
vt 1.017006 0.335476
vt 1.015880 0.333776
vt 1.172951 0.904694
vt 1.112578 0.904651
vt 1.112823 0.896174
vt 1.173704 0.714659
vt 1.127261 0.716788
vt 1.113851 0.713417
vt 1.252543 0.491604
vt 1.252159 0.499668
vt 1.250755 0.493295
vt 1.208131 0.501828
vt 1.192258 0.498567
vt 1.156070 1.220834
vt 1.173187 1.230210
vt 1.173632 0.524473
vt 1.128267 0.526627
vt 1.113829 0.523418
vt -0.144820 1.298369
vt -0.143688 1.305816
vt -0.204976 1.297181
vt 1.094260 1.048564
vt 1.048180 1.051485
vt 1.035388 1.048119
vt 1.067911 1.040154
vt 1.094053 1.042938
vt 1.035205 1.043314
vt 0.208044 1.404104
vt 0.370247 1.386768
vt 0.346270 1.386148
vt 0.378616 1.384035
vt 1.213314 1.183086
vt 1.191727 1.174984
vt 1.193957 1.175979
vt 1.367821 -0.154761
vt 1.349355 -0.157619
vt 1.408049 -0.156499
vt 0.267236 1.326032
vt 0.267130 1.331216
vt 0.265415 1.324550
vt 0.283261 1.333863
vt 0.325773 1.332301
vt 1.349915 -0.299397
vt 1.348418 -0.293531
vt 1.347934 -0.300952
vt 1.407119 -0.299329
vt 1.408013 -0.292300
vt 1.407003 -0.294090
vt 0.592589 1.385843
vt 0.532904 1.384717
vt -0.103018 1.386313
vt -0.102199 1.379212
vt -0.101539 1.384907
vt -0.043489 1.385451
vt -0.042410 1.378096
vt -0.043849 1.379762
vt 1.347968 0.548273
vt 1.348730 0.541169
vt 1.349410 0.546872
vt 1.407411 0.547377
vt 1.408371 0.540074
vt 1.406955 0.541753
vt 1.392878 -0.436692
vt 1.391872 -0.429113
vt 1.348318 1.338513
vt 1.349491 1.337060
vt 1.406932 1.337060
vt 1.306235 0.458983
vt 1.328902 0.461855
vt 1.269424 0.277120
vt 1.329583 0.276959
vt 0.831717 1.449604
vt 0.830882 1.443148
vt 0.831928 1.444570
vt 0.889433 1.444158
vt 0.889268 1.450070
vt 0.850916 1.452828
vt 1.305610 1.398729
vt 1.274604 1.401993
vt 1.246617 1.398911
vt 1.270971 0.630344
vt 1.269710 0.623899
vt 1.270933 0.625280
vt 1.328825 0.630511
vt 1.329221 0.624547
vt 1.330045 0.632342
vt 0.879241 0.925798
vt 0.877835 0.931533
vt 0.877721 0.924124
vt 0.905905 0.924091
vt 0.935696 0.925293
vt 0.936277 0.930099
vt 0.898275 0.934933
vt 0.812655 1.369690
vt 0.786680 1.368240
vt 0.784970 1.363356
vt 0.843167 1.369420
vt 0.841974 1.362760
vt -0.426666 1.332005
vt -0.427745 1.330247
vt -0.122667 1.378979
vt -0.121342 1.385416
vt -0.122689 1.384030
vt -0.181552 1.385726
vt 1.329138 0.004724
vt 1.269488 0.005791
vt 1.270990 0.004499
vt 0.877179 0.335838
vt 0.878424 0.328583
vt 0.879504 0.334693
vt 0.955794 1.316676
vt 0.957291 1.315395
vt 0.344781 1.330872
vt 0.344755 1.323587
vt 1.330091 -0.401634
vt 1.329105 -0.403417
vt 1.270207 0.677337
vt 1.269466 0.685287
vt 1.191162 0.089548
vt 1.192566 0.088268
vt 1.407099 -0.381132
vt 1.407965 -0.373903
vt 1.406925 -0.375705
vt 0.831867 1.476330
vt 0.830723 1.470052
vt 0.832765 1.471449
vt 0.889609 1.469736
vt 0.888596 1.471426
vt 0.249730 1.464550
vt 0.251144 1.457390
vt 0.309771 1.465284
vt -0.126089 1.297366
vt 1.172861 0.134799
vt 1.172606 0.141186
vt 1.171396 0.136710
vt 0.972079 0.746412
vt 0.957365 0.743371
vt 1.347987 0.052583
vt 1.347995 0.060579
vt 1.408586 0.052210
vt 1.408534 0.060974
vt 1.330358 0.813182
vt 1.329100 0.820382
vt 1.328804 0.814842
vt 1.269697 0.957606
vt 1.271212 0.950929
vt 1.271052 0.956351
vt 1.329232 0.956506
vt 0.180567 1.333875
vt 0.215830 1.332138
vt 1.369953 -0.355007
vt 1.349149 -0.346838
vt -0.014756 1.325887
vt -0.015789 1.331720
vt -0.016939 1.324424
vt 0.042594 1.330989
vt 0.043594 1.332784
vt 0.042606 1.325981
vt 1.112731 1.067147
vt 1.114168 1.065874
vt 1.173500 1.067924
vt 0.877370 1.069457
vt 0.878811 1.062431
vt 0.878856 1.068177
vt 0.937573 1.068821
vt 0.938528 1.061446
vt 0.937126 1.063140
vt 0.080566 1.459893
vt 0.082138 1.466297
vt 0.080813 1.464982
vt 0.023495 1.465096
vt 0.023835 1.459858
vt 0.022277 1.458050
vt 1.016490 0.634960
vt 0.957896 0.655287
vt 0.399485 1.385221
vt 0.398986 1.377840
vt 0.459747 1.386184
vt 1.328955 0.657470
vt 1.329100 0.652162
vt 1.330426 0.659278
vt 1.191147 -0.320226
vt 1.192567 -0.327322
vt 1.192605 -0.321479
vt 1.251166 -0.322266
vt 0.877360 0.905741
vt 0.878807 0.898714
vt 0.878853 0.904459
vt 0.937372 0.904694
vt 1.270535 -0.353383
vt 1.280308 -0.356454
vt 1.329055 -0.353367
vt 1.330570 -0.355000
vt 1.328967 -0.347830
vt 1.330057 -0.075654
vt 1.269686 -0.084190
vt 0.877258 1.042522
vt 0.878194 1.034495
vt 0.877342 0.526059
vt 0.937900 0.525979
vt 0.938724 0.518076
vt 0.525113 1.324555
vt 0.583458 1.323578
vt -0.035019 1.324888
vt -0.034448 1.332274
vt -0.035593 1.330728
vt 0.878345 -0.046448
vt 0.877786 -0.053752
vt 0.878869 -0.051934
vt 1.035209 1.102601
vt 1.034617 1.095276
vt 1.035701 1.097094
vt 1.329018 1.317816
vt 1.329428 1.312459
vt 1.330436 1.319642
vt 0.955778 0.471955
vt 1.016321 0.471918
vt 0.919942 0.174576
vt 1.269661 0.032732
vt 1.330262 0.196136
vt 1.270112 0.195039
vt 1.269529 1.040067
vt 1.270294 1.032965
vt 1.270974 1.038670
vt 1.329422 1.039209
vt 1.330417 1.031840
vt 1.329005 1.033523
vt -0.175588 1.350940
vt -0.176861 1.358138
vt -0.176974 1.352621
vt 1.060403 0.913433
vt 1.089883 0.908396
vt 1.066653 0.916460
vt 1.036759 0.901763
vt 1.062155 0.905637
vt 1.062914 0.908295
vt 1.112473 -0.244546
vt 1.050266 0.613381
vt 1.095381 0.611744
vt -0.254557 1.358762
vt -0.255561 1.357008
vt 1.270652 0.575399
vt 1.269337 0.568360
vt 1.270545 0.570134
vt 1.340148 1.390034
vt 1.400949 1.398432
vt 1.112730 0.189868
vt 1.113962 0.193940
vt 1.194089 0.250539
vt 1.224154 0.254957
vt 1.190976 0.251714
vt 1.192998 0.244966
vt 1.218149 0.245738
vt 1.250025 0.245765
vt 0.089774 1.304260
vt 0.030329 1.305527
vt 0.031755 1.304123
vt 0.392493 1.357683
vt 0.391078 1.350999
vt 0.392241 1.352538
vt 0.451390 1.358785
vt 0.410457 1.360441
vt 1.329048 0.520101
vt 1.296815 0.524035
vt 1.270349 0.520621
vt 1.191946 -0.020565
vt 1.191031 -0.027112
vt 1.193418 -0.026199
vt 0.015173 1.385662
vt 0.014436 1.378276
vt 0.016454 1.379664
vt 1.169816 1.455117
vt 1.145299 1.452196
vt 1.202704 1.451995
vt 1.202763 1.446779
vt 1.204123 1.453792
vt 1.347959 -0.048015
vt 1.348389 -0.055388
vt 1.349408 -0.049408
vt 1.407838 -0.048954
vt 1.361060 0.105122
vt 1.406955 0.108263
vt 1.348927 0.108186
vt -0.122044 1.325632
vt -0.120923 1.332564
vt -0.122073 1.330798
vt 1.225536 1.201806
vt 1.251476 1.203298
vt 1.249980 1.209469
vt 1.250952 1.212037
vt 1.034756 1.184406
vt 1.034688 1.176950
vt 1.036624 1.178434
vt 0.602670 1.489420
vt 0.604363 1.482721
vt 0.603965 1.488128
vt 1.329705 0.712024
vt 1.269888 0.703497
vt 1.270958 0.705374
vt 0.958984 0.790944
vt 1.016979 0.791459
vt 1.015960 0.792790
vt 1.444940 -0.427408
vt 1.411216 -0.437522
vt 1.412222 -0.435734
vt -0.259051 1.325932
vt -0.260074 1.324310
vt 1.348909 0.844888
vt 1.347922 0.837628
vt 1.349040 0.839410
vt 1.347915 -0.183370
vt 1.407669 -0.183444
vt 1.349206 0.677120
vt 1.408324 0.675797
vt 1.407035 0.679719
vt 1.408329 0.683788
vt 1.349155 0.682479
vt 1.348099 0.675330
vt 1.036399 1.015895
vt 1.034680 1.021772
vt 1.034225 1.014350
vt 1.347958 1.225149
vt 1.349409 1.223758
vt 1.065415 1.465452
vt 1.066896 1.466705
vt 1.125256 1.473782
vt 1.408298 0.891950
vt 1.407728 0.899907
vt 1.408289 0.757198
vt 1.252555 -0.216003
vt 1.251277 -0.214740
vt 0.471130 1.410847
vt 0.469415 1.404495
vt 0.470890 1.405728
vt 0.529320 1.404787
vt 0.494625 1.413079
vt 0.529106 1.412099
vt -0.103025 1.431951
vt -0.044187 1.433344
vt -0.101746 1.436030
vt -0.043800 1.438824
vt -0.103050 1.439939
vt -0.241671 1.305364
vt -0.282905 1.304382
vt 1.408410 -0.082906
vt 1.407331 -0.075143
vt 0.470763 1.352710
vt 0.530070 1.351605
vt 0.528404 1.355422
vt 0.529346 1.359562
vt 0.470492 1.358177
vt 0.469648 1.350926
vt 1.160747 1.420003
vt 1.219882 1.418656
vt 1.218579 1.422581
vt 1.219868 1.426647
vt 1.160693 1.425483
vt -0.205172 1.430348
vt 0.788143 1.394775
vt 0.788839 1.386823
vt 0.728399 1.386142
vt -0.140679 1.465624
vt -0.142428 1.459248
vt -0.140777 1.460514
vt 1.371944 1.253830
vt 1.349357 1.251080
vt 1.407718 1.251970
vt 1.407228 0.628916
vt 1.347987 0.629784
vt 1.349429 0.628377
vt 1.408295 0.621576
vt 1.406850 0.623240
vt 0.752882 1.441780
vt 0.762561 1.438742
vt 0.810662 1.441747
vt 1.348945 0.031902
vt 1.348452 0.024672
vt 1.349549 0.026485
vt 0.938566 0.988004
vt 0.937444 0.438198
vt 0.938855 0.445000
vt 0.936981 0.443515
vt 0.900381 -0.017383
vt 0.937071 -0.019555
vt 0.914697 -0.015303
vt -0.302268 1.303566
vt -0.301814 1.298215
vt -0.300599 1.305096
vt 0.909831 1.427764
vt 0.932497 1.427220
vt 0.930216 1.429881
vt 0.937254 0.225482
vt 0.937291 0.219994
vt 0.939074 0.226900
vt 1.330332 -0.264768
vt 1.182744 -0.427458
vt 1.114001 0.360443
vt 1.112473 0.353650
vt 1.114447 0.355085
vt 1.035817 1.075979
vt 1.034182 1.069218
vt 1.035709 1.070701
vt 0.011446 1.303920
vt 0.011901 1.298568
vt 0.013120 1.305450
vt 0.957219 -0.100627
vt 0.955612 -0.107568
vt 0.957383 -0.106114
vt 0.908721 -0.190540
vt 1.190906 0.218230
vt 0.956243 0.989247
vt 0.955612 0.981498
vt 1.190906 0.273692
vt 0.896664 0.853139
vt 1.250964 0.827408
vt 1.250985 0.822105
vt 1.252251 0.829122
vt 1.192646 0.827668
vt 1.190906 0.820944
vt 1.193874 0.822201
vt 0.877523 1.253148
vt 1.094183 -0.072225
vt 1.094261 -0.077699
vt 1.095907 -0.070770
vt 1.192496 0.471800
vt 1.191073 0.464964
vt 1.192588 0.466469
vt 0.937277 0.362119
vt 0.937598 0.356778
vt 0.938925 0.363650
vt 0.452258 1.304464
vt 1.015527 1.283980
vt 0.957180 1.284052
vt 0.997611 1.280279
vt 1.113153 0.273295
vt 1.155372 0.270399
vt 1.406972 0.974830
vt 1.373565 0.974647
vt 1.373023 0.972095
vt 1.349159 0.974174
vt 1.017370 -0.154988
vt 0.913892 0.419366
vt 1.221879 -0.234991
vt 1.193620 -0.243731
vt 1.192414 -0.245525
vt 1.113123 0.578551
vt 1.112681 0.570694
vt 1.115893 0.572229
vt 1.172683 0.577590
vt 1.172954 0.572255
vt 1.174227 0.579120
vt 1.094990 1.212186
vt 1.015615 1.201309
vt 0.956997 1.201815
vt 0.955691 1.200287
vt 1.172449 1.114746
vt 1.174040 1.121558
vt 1.172215 1.120085
vt 1.094474 0.251116
vt 1.095815 0.257962
vt 1.094079 0.256441
vt 1.113223 1.312293
vt 1.171865 1.311104
vt 1.173142 1.312708
vt 1.112753 1.304975
vt 1.144098 1.302460
vt 1.172073 1.305898
vt 0.877179 0.029732
vt 0.135824 1.331038
vt 0.136403 1.325675
vt 0.137695 1.332620
vt 1.174144 0.741876
vt 1.112494 0.463310
vt 1.150455 0.460657
vt 1.015871 0.056591
vt 1.017560 0.063510
vt 1.015661 0.062088
vt 0.937485 0.682062
vt 0.938968 0.688846
vt 0.937270 0.687325
vt 1.348495 0.351071
vt 1.381414 0.348985
vt 0.939609 -0.290494
vt 1.250897 1.127257
vt 1.251196 1.121979
vt 1.252265 1.128817
vt 1.094339 0.496289
vt 1.095886 0.503090
vt 1.094039 0.501615
vt 1.226088 1.393475
vt 1.168507 1.393396
vt 1.204127 1.389990
vt 1.225887 1.398775
vt 1.227924 1.400334
vt 1.270187 -0.157622
vt 1.330173 -0.156991
vt 1.269617 -0.165194
vt 0.584616 1.426801
vt 0.607414 1.437164
vt 1.094496 0.550839
vt 1.095850 0.557698
vt 1.094079 0.556187
vt 1.157521 -0.355134
vt 1.173150 -0.345576
vt 0.937451 0.307723
vt 0.937553 0.302383
vt 0.939117 0.309228
vt 1.095294 0.475518
vt 1.094354 0.338486
vt 1.094602 0.333143
vt 1.095891 0.340066
vt 1.251034 0.061408
vt 1.252850 0.062908
vt 1.016349 -0.237797
vt 1.016300 -0.243133
vt 1.017911 -0.236288
vt 1.094528 0.196359
vt 1.095932 0.203342
vt 1.094239 0.201834
vt 1.328250 -0.028867
vt 1.296413 -0.028217
vt 1.270894 -0.029638
vt 1.114053 0.108376
vt 1.138137 0.107114
vt 1.171995 0.108695
vt 1.113698 -0.297265
vt 1.112473 -0.298708
vt 1.251310 -0.047608
vt 1.217034 -0.044416
vt 1.191652 -0.047154
vt 1.251375 -0.053139
vt 1.252919 -0.046086
vt 0.878592 -0.243589
vt 1.113635 0.412002
vt 1.112473 0.407726
vt 1.144817 0.406469
vt 1.172595 0.414681
vt 1.173040 0.409333
vt 1.174315 0.416218
vt 0.957342 -0.269717
vt 0.957351 -0.264344
vt 0.955612 -0.271188
vt 0.955612 0.546418
vt 0.710019 1.383274
vt 0.674662 1.385200
vt 0.676290 1.382626
vt 0.673291 1.374034
vt 1.149933 1.248085
vt 0.568960 1.298841
vt 0.569653 1.305912
vt 1.252700 0.664296
vt 0.937252 0.605866
vt 0.937741 0.600514
vt 0.938991 0.607404
vt 1.017591 0.036640
vt 1.173096 -0.053957
vt 1.114151 -0.053369
vt 1.112768 -0.054888
vt 1.114177 -0.048084
vt 1.261484 -0.457774
vt 1.199855 -0.461540
vt 1.232293 -0.464514
vt 1.200023 -0.455694
vt 1.035379 1.129885
vt 1.034044 1.123036
vt 1.035879 1.124558
vt 1.191871 0.411392
vt 1.190906 0.409760
vt 1.227792 0.409063
vt -0.163140 1.458799
vt -0.183675 1.455705
vt 1.252899 -0.404572
vt 0.939796 -0.400036
vt 0.999623 -0.000410
vt 0.989679 0.010981
vt 1.015925 -0.079727
vt 1.017067 -0.072328
vt 1.252088 -0.080915
vt 1.252981 -0.073006
vt 1.249920 -0.074472
vt 1.192433 -0.079929
vt 1.192025 -0.074606
vt 1.190916 -0.081514
vt 0.938227 1.151288
vt 1.330590 -0.048136
vt 1.015730 0.198759
vt 1.017518 0.200254
vt 0.994945 0.163020
vt 0.956822 1.043325
vt 0.955779 1.036421
vt 0.957183 1.038021
vt 1.094082 0.854888
vt 1.094452 0.849525
vt 1.095766 0.856410
vt 1.193230 -0.489203
vt 1.193619 -0.483853
vt 1.190906 -0.489350
vt 0.877179 1.307974
vt 1.094367 0.060788
vt 1.095776 0.067780
vt 1.034914 0.067996
vt 1.286355 -0.220958
vt 1.095319 -0.481548
vt 1.094104 0.447519
vt 1.094457 0.442182
vt 1.095759 0.449050
vt 0.937403 -0.155238
vt 0.937479 -0.160695
vt 0.939122 -0.153778
vt 1.035730 0.311227
vt 1.034044 0.304476
vt 1.036005 0.305849
vt 0.878559 0.142213
vt 0.877179 0.137978
vt 0.910709 0.136461
vt 0.877664 0.146746
vt 0.937310 0.144810
vt 0.937649 0.139478
vt 0.939022 0.146340
vt 1.095949 -0.262096
vt 1.174227 0.442852
vt 1.035900 0.828354
vt 1.060807 0.830983
vt 1.034686 0.830092
vt 1.302086 0.894599
vt 0.878399 0.709854
vt 0.877179 0.708368
vt 0.908695 0.706466
vt 1.172775 0.327329
vt 1.174256 0.334292
vt 1.172566 0.332800
vt 1.094889 0.794718
vt 1.095615 0.802732
vt 1.092849 0.801196
vt 1.035749 0.796013
vt 1.035196 0.801085
vt 1.034044 0.794516
vt 1.406772 0.167831
vt 1.384368 0.170267
vt 1.348822 0.166621
vt 0.355503 1.456606
vt 1.444891 1.382501
vt 0.956098 1.091232
vt 1.005956 1.089539
vt 1.406593 0.790411
vt 1.406953 0.785246
vt 1.408364 0.791784
vt 1.408338 0.710594
vt 1.348965 0.703980
vt 1.386096 0.701171
vt 1.406675 0.816910
vt 1.408083 0.818508
vt 1.370576 0.820479
vt 0.956482 1.174659
vt 0.973482 1.171440
vt 1.014874 1.175530
vt 1.035820 -0.102926
vt 1.034044 -0.104118
vt 1.067756 -0.097255
vt 1.036257 -0.097821
vt 1.245433 1.337278
vt 1.298352 1.337259
vt 1.297317 1.339069
vt -0.023605 1.432725
vt 0.000707 1.430227
vt 0.033970 1.432972
vt 1.280350 1.446702
vt 1.281776 1.453347
vt 1.280316 1.452073
vt 1.223752 1.452384
vt 1.223974 1.447164
vt 1.222674 1.445539
vt 1.349381 -0.325693
vt 1.376608 -0.329306
vt 1.407276 -0.325727
vt 1.348433 0.432766
vt 1.391747 0.430284
vt 0.935699 1.206468
vt 0.885036 1.205688
vt 0.883846 1.199195
vt 0.936396 1.200916
vt 0.937010 1.208244
vt 0.318229 1.411864
vt 0.097539 1.357809
vt 0.098894 1.359512
vt 0.049331 1.359421
vt 1.270392 1.092420
vt 1.329437 1.093004
vt 1.286273 1.096124
vt 1.046273 1.438951
vt 0.987840 1.439052
vt 1.030446 1.435984
vt 1.113842 1.332377
vt 1.112473 1.330680
vt 1.154451 1.329616
vt 1.270465 1.142236
vt 1.269337 1.140600
vt 1.328223 1.142055
vt 0.203932 1.376391
vt 0.937456 0.058841
vt 0.937587 0.065920
vt 0.936246 0.064000
vt 1.149086 1.392153
vt 1.089776 1.392664
vt 1.090462 1.391056
vt 0.362767 1.431341
vt 0.304780 1.430198
vt 1.288117 0.170428
vt 1.172698 0.604839
vt 1.112899 0.606592
vt 1.114451 0.604628
vt 1.324158 -0.490075
vt 1.270604 -0.488530
vt 1.286349 -0.492188
vt 1.271453 1.229285
vt 1.329383 1.229965
vt 1.270276 1.230920
vt 1.406157 0.411378
vt 1.395593 0.404236
vt 1.408233 0.412748
vt 1.349126 0.406135
vt 1.349113 0.411400
vt 1.347768 0.404458
vt 0.957103 1.012067
vt 0.955612 1.010518
vt 0.992513 1.007969
vt 1.251057 0.908697
vt 1.191793 0.910266
vt 1.192922 0.908646
vt -0.349512 1.379944
vt -0.408425 1.379304
vt -0.365147 1.376592
vt 1.380074 1.426790
vt 1.204759 1.365471
vt 1.270422 0.847165
vt 1.329334 0.847861
vt 1.286304 0.850330
vt 0.729205 1.419682
vt 0.787265 1.419606
vt 0.746268 1.423017
vt 0.729492 1.414350
vt 0.728213 1.412620
vt 1.172186 1.277599
vt 1.173716 1.284742
vt 1.172176 1.283123
vt 1.250847 1.154136
vt 1.252249 1.155782
vt 1.209263 1.157327
vt 1.250797 1.148642
vt 1.329081 0.597741
vt 1.270282 0.596989
vt 1.313083 0.594184
vt 1.328632 0.603083
vt 1.329906 0.604834
vt 0.878859 1.177149
vt 0.936721 1.176955
vt 0.894615 1.180098
vt 0.877708 1.170855
vt 0.910761 1.169214
vt 0.936619 1.171722
vt 0.956288 0.879333
vt 0.955830 0.872042
vt 0.957465 0.873468
vt 1.095589 -0.126830
vt 1.034778 -0.126545
vt 1.250984 0.963087
vt 1.252347 0.964732
vt 1.209716 0.966296
vt 1.250884 0.957586
vt 1.329021 0.548323
vt 1.330303 0.550018
vt 1.271162 0.548359
vt 1.329034 0.543028
vt 1.270016 0.542564
vt 1.313224 0.540092
vt 1.193397 0.302207
vt 1.193620 0.307822
vt 1.190906 0.304692
vt 0.874074 1.341075
vt 0.815194 1.342809
vt 0.816278 1.340984
vt 1.269966 1.166948
vt 1.173286 0.168816
vt 1.143778 0.172190
vt 1.271354 0.080356
vt 1.278129 0.087485
vt 1.269521 0.078972
vt 1.328857 0.085618
vt 1.330132 0.087288
vt -0.073875 1.412962
vt -0.123709 1.413116
vt -0.480543 1.404120
vt -0.450088 1.403182
vt -0.427700 1.405992
vt -0.486455 1.383772
vt -0.433357 1.385223
vt -0.470466 1.387238
vt 0.958251 0.220682
vt 0.958339 0.226249
vt 0.955612 0.222440
vt 1.016133 0.225639
vt 0.994444 0.228788
vt 1.402066 -0.109817
vt 1.349247 -0.107905
vt 1.373457 -0.111934
vt 0.865936 1.390196
vt 0.867426 1.396740
vt 0.865527 1.395442
vt 1.162303 0.024865
vt 1.349215 -0.136291
vt 1.389562 -0.138871
vt 1.366845 -0.127793
vt 1.406808 0.215373
vt 1.407876 0.222342
vt 1.405146 0.221169
vt 1.329010 1.066253
vt 1.287255 1.068556
vt 1.270849 1.066274
vt 1.330244 1.203068
vt 1.035677 0.120520
vt 1.034051 0.122450
vt 0.937018 1.122727
vt 0.938381 1.124374
vt 0.896547 1.125705
vt 0.221240 1.467253
vt 0.193002 1.466268
vt 0.164584 1.460331
vt 0.011087 1.411209
vt 0.012326 1.412516
vt -0.046873 1.411294
vt -0.046944 1.405996
vt -0.048310 1.404310
vt 0.878179 0.573081
vt 0.917671 0.571041
vt 1.043342 1.412879
vt 1.042053 1.411210
vt 1.101023 1.412947
vt 1.407111 0.248944
vt 1.408498 0.250630
vt 1.366691 0.252002
vt 1.407432 0.243480
vt 1.361022 0.522688
vt 1.407169 0.140227
vt 1.407294 0.134760
vt 1.408416 0.141906
vt 0.937660 1.232726
vt 0.878472 1.226867
vt 0.904455 1.224694
vt 0.901068 1.235345
vt 1.172885 -0.027709
vt 1.418669 1.471868
vt 1.461171 1.470248
vt 1.477405 1.479149
vt 1.444521 1.480956
vt 1.348871 0.596283
vt 1.347768 0.594664
vt 1.407445 0.595870
vt 1.113379 0.300512
vt 1.167936 0.299266
vt 0.638600 1.463059
vt 0.579272 1.463418
vt 1.407086 0.650693
vt 1.348417 0.650045
vt 1.391570 0.647364
vt 1.407701 0.087018
vt 1.348714 0.087797
vt 1.349693 0.086179
vt -0.059498 1.357287
vt -0.058075 1.358910
vt -0.100318 1.360537
vt -0.059613 1.351814
vt 1.016196 0.961699
vt -0.431418 1.357547
vt -0.432589 1.350421
vt -0.431215 1.352096
vt 1.407248 1.164524
vt 1.408265 1.171677
vt 1.406907 1.169990
vt 1.106424 1.436545
vt 1.124569 1.439579
vt 0.277469 1.436981
vt 0.278845 1.438676
vt 0.229522 1.438723
vt 1.309707 1.283063
vt 1.308660 1.275919
vt 1.309937 1.277609
vt 1.423609 1.453929
vt 1.396330 1.451508
vt 0.382455 1.403914
vt 0.435267 1.403821
vt 0.434243 1.405639
vt 1.349182 1.304191
vt 1.348847 1.309530
vt 1.347876 1.302464
vt -0.200794 1.409805
vt -0.199371 1.411422
vt -0.248853 1.411757
vt -0.200968 1.404388
vt 0.616648 0.402236
vt 0.853657 0.404456
vt -0.387781 1.278446
vt 0.858733 0.250365
vt -0.484437 0.383296
vt 0.652613 0.385874
vt 0.859695 -0.186594
vt -0.483784 -0.489382
vt -0.482112 -0.489883
vt 0.878094 0.769527
vt 1.270697 0.760214
vt 1.307100 0.759680
vt 1.172459 0.931334
vt 1.113678 0.931901
vt 1.034783 0.033431
vt 1.093606 0.040707
vt 1.329642 0.052954
vt 1.094737 -0.377264
vt 1.093492 -0.371162
vt 1.016423 0.354932
vt 1.081824 -0.399129
vt 1.035397 -0.400575
vt 0.956359 0.847047
vt 0.981700 0.844849
vt 0.984134 0.852629
vt 0.957402 0.853451
vt 1.094233 0.524271
vt 1.035045 0.523985
vt 1.015323 0.853239
vt 1.016054 0.847174
vt 1.094847 0.168774
vt 1.329600 0.242852
vt 0.956785 -0.210179
vt 1.016482 0.409946
vt 1.094936 0.692506
vt 1.035560 0.691884
vt 1.094698 0.685962
vt 1.035789 0.686658
vt 1.114284 0.000875
vt 1.173587 0.000134
vt 1.193302 -0.127864
vt 0.938079 0.464692
vt 0.878712 0.465491
vt 1.251734 0.438184
vt 1.192529 0.438969
vt 1.250458 0.356632
vt 1.226474 0.363160
vt 1.034791 -0.049467
vt 1.114131 1.196000
vt 0.878781 1.095132
vt 1.191840 0.007660
vt 0.878597 0.198799
vt 0.878740 0.193507
vt 1.252079 -0.299041
vt 1.250742 -0.291679
vt 1.094095 -0.022244
vt 1.093815 -0.017076
vt 0.936896 1.009972
vt 0.878701 1.014478
vt 1.094109 0.632699
vt 1.035470 0.632673
vt 0.937947 0.871992
vt 0.937729 0.879140
vt 0.219780 1.298279
vt 1.113119 -0.129281
vt 1.034745 0.745777
vt 1.034992 0.739529
vt 1.251760 0.164053
vt 0.956842 -0.046238
vt 1.191728 0.143796
vt 1.034651 1.151120
vt 1.329069 0.983848
vt 1.269948 0.984850
vt 1.270352 0.977916
vt 1.329333 0.978782
vt 1.034891 0.968358
vt 0.974416 0.302116
vt 0.957937 0.306587
vt 1.035593 0.773914
vt 0.957076 0.083809
vt 1.015818 0.083845
vt 1.016379 0.089251
vt 0.957192 0.089051
vt 1.327556 0.412653
vt 1.270162 0.413237
vt 1.270329 0.406984
vt 1.328906 0.407421
vt 1.407189 -0.266180
vt 1.406544 -0.271976
vt 0.956557 0.906893
vt 1.191850 0.554893
vt 0.939195 -0.455659
vt 1.016344 1.070528
vt 0.956524 1.070504
vt 0.956352 1.064029
vt 1.015683 1.064664
vt 1.290388 1.285043
vt 1.291267 1.291839
vt 0.957133 0.274702
vt 1.016765 0.273844
vt 0.956829 1.126932
vt 0.977455 1.118331
vt 1.077289 -0.460581
vt 1.094038 -0.462073
vt 1.095196 -0.456345
vt 0.956143 1.119915
vt 1.113851 -0.184611
vt 1.114045 -0.189880
vt 0.915082 -0.489448
vt 0.913134 -0.483008
vt 1.094273 -0.208108
vt 1.035728 -0.208439
vt 1.113384 0.054947
vt 0.938407 -0.487531
vt 0.937708 -0.480278
vt 1.173951 -0.271970
vt 0.937342 0.818171
vt 0.937562 -0.132956
vt 0.938293 -0.126568
vt 1.034646 0.988940
vt 1.113295 0.958443
vt 1.095219 0.222809
vt 1.251712 0.191830
vt 1.192339 0.034582
vt 1.191411 0.028647
vt 0.938004 -0.373528
vt 0.878123 -0.373026
vt 1.191552 0.521407
vt 0.956273 0.573770
vt 0.956462 0.580320
vt 0.877798 -0.262961
vt 0.877831 -0.270142
vt 1.096089 -0.296790
vt 1.037190 -0.296445
vt 1.094444 1.266281
vt 0.938115 0.009965
vt 0.878345 -0.080779
vt 0.956541 1.234951
vt 1.113120 -0.374279
vt 1.270545 -0.109343
vt 1.329514 -0.110185
vt 1.095479 -0.160302
vt 0.937723 0.085256
vt 0.937379 0.090631
vt 0.878502 0.090519
vt 0.878807 0.085159
vt 1.173119 0.082925
vt 1.251088 -0.101625
vt 1.191868 -0.101032
vt 1.199484 -0.428897
vt 1.113208 -0.402107
vt 1.113798 -0.409056
vt 1.172663 -0.406766
vt 1.172083 -0.400710
vt 1.015842 -0.024383
vt 1.113306 -0.103457
vt 0.957362 0.328375
vt 0.957045 0.333593
vt 1.173407 0.707308
vt 1.114132 0.708180
vt 1.192438 0.493187
vt 1.173488 0.517322
vt 1.114312 0.518157
vt 1.113099 1.229375
vt 1.015853 0.520778
vt 0.559090 1.457273
vt 0.558984 1.462994
vt 0.810664 1.473926
vt 0.753046 1.473217
vt 0.754099 1.468908
vt 0.810966 1.467688
vt 0.351662 1.379016
vt 0.379297 1.378347
vt 0.321727 1.377470
vt 0.321442 1.383566
vt 1.250909 1.176113
vt 1.250755 1.181879
vt 1.349035 0.573628
vt 1.349059 -0.162744
vt 1.408057 -0.164013
vt 0.176321 1.359480
vt 0.325908 1.325026
vt 1.115105 1.011521
vt 1.348346 1.331213
vt 1.406860 1.331748
vt 1.380609 -0.463142
vt 1.380998 -0.457657
vt 0.886122 1.396686
vt 0.886005 1.390241
vt 0.944425 1.390680
vt 0.944276 1.395925
vt 1.407706 0.872813
vt 1.360071 1.453836
vt 1.247619 1.392838
vt 1.304465 1.393148
vt -0.329007 1.378369
vt -0.270863 1.378815
vt -0.270707 1.384525
vt -0.329930 1.384936
vt -0.180489 1.384055
vt -0.180315 1.378857
vt 1.271111 -0.001262
vt 1.328899 -0.000523
vt -0.224557 1.438034
vt 0.935932 0.328993
vt 0.936984 0.334015
vt 0.205012 1.352010
vt 0.262512 1.351812
vt 0.262613 1.357525
vt 0.203388 1.357926
vt 1.051930 1.363475
vt 1.051234 1.357685
vt 1.109023 1.358324
vt 1.109459 1.363549
vt 1.348297 -0.375227
vt 1.349016 -0.381744
vt 1.349025 1.061141
vt 1.114789 1.033880
vt 1.172422 1.033984
vt 1.172233 1.039263
vt 1.113179 1.039815
vt 0.888472 1.476593
vt 1.113787 0.136141
vt 1.113721 0.142737
vt -0.066283 1.305253
vt 1.269987 0.820771
vt 1.270223 0.814173
vt 1.328872 1.007447
vt 1.329089 1.013630
vt 1.328923 0.951147
vt 0.878270 0.958999
vt 0.885703 0.952081
vt 0.937196 0.953789
vt 0.937268 0.959088
vt 1.278875 -0.456631
vt 0.956750 0.627736
vt 1.016770 0.656641
vt 1.329724 -0.294023
vt 1.270509 -0.293988
vt 1.270987 -0.299496
vt 1.329512 -0.300269
vt 0.957632 1.153133
vt 0.725046 1.303397
vt 0.666574 1.303631
vt 0.666988 1.298132
vt 0.725984 1.297405
vt 1.269960 0.651683
vt 1.271223 0.657516
vt 1.250733 -0.326616
vt 0.937264 0.899421
vt 1.269975 -0.347298
vt 1.114092 0.490416
vt 1.172700 0.491153
vt 1.172563 0.496432
vt 1.113193 0.496981
vt 0.525043 1.331106
vt 0.937036 -0.046499
vt 0.917068 -0.053290
vt -0.094105 1.325402
vt -0.094841 1.331912
vt 1.093753 1.102367
vt 1.094705 1.096374
vt 1.270453 1.311942
vt 1.271043 1.317651
vt 0.937430 0.742020
vt 0.937261 0.166474
vt -0.235661 1.358591
vt -0.235702 1.352237
vt 1.087984 0.902924
vt 1.034408 0.908882
vt 1.328710 -0.382083
vt 1.329359 -0.375961
vt 1.271271 -0.376488
vt 1.270788 -0.382553
vt 1.328536 0.570272
vt 1.329125 0.576115
vt 1.349005 0.384861
vt 1.348638 0.378710
vt 1.407051 0.379120
vt 1.407282 0.384374
vt 1.250701 0.251135
vt 1.270030 0.739743
vt 1.270271 0.733191
vt 1.328261 0.733906
vt 1.328308 0.739207
vt 0.031218 1.298395
vt 0.089713 1.298986
vt 0.450778 1.352327
vt 0.356415 1.299124
vt 0.356029 1.304260
vt 0.306302 1.305662
vt 0.297428 1.298167
vt 1.328128 0.514866
vt 1.270705 0.514534
vt 1.250346 -0.024933
vt 1.250218 -0.019191
vt 0.073938 1.379655
vt 0.073872 1.385004
vt 1.144782 1.446247
vt 1.407190 -0.054620
vt 1.407247 0.113526
vt 1.348353 0.114276
vt 0.893544 1.342554
vt 0.893941 1.336039
vt 0.952290 1.336746
vt 0.952329 1.341990
vt -0.180987 1.331465
vt -0.180430 1.324766
vt 1.040257 0.148848
vt 1.035094 0.141693
vt 1.093556 0.143091
vt 1.093520 0.148800
vt 1.192197 1.204550
vt 1.192430 1.209893
vt 0.447483 1.330327
vt 0.447224 1.324526
vt 0.506049 1.324308
vt 0.506100 1.331509
vt 1.094063 1.178360
vt 1.093855 1.184094
vt 0.660027 1.488719
vt 0.631275 1.482263
vt 0.101908 1.439218
vt 0.101662 1.432700
vt 0.159640 1.433212
vt 0.159732 1.438461
vt 0.659678 1.483144
vt 1.015146 0.797874
vt 0.957642 0.797002
vt 1.407756 0.838595
vt 1.406785 0.844583
vt 0.529183 1.437927
vt 1.251524 -0.208811
vt 1.016542 0.118010
vt 1.093763 1.320671
vt -0.486694 1.456790
vt -0.428265 1.462693
vt -0.486644 1.463136
vt -0.428585 1.456775
vt 0.282125 1.352142
vt 0.340589 1.353032
vt 0.340438 1.358312
vt 0.282743 1.358120
vt 0.831803 1.422631
vt 0.832292 1.417477
vt 0.889781 1.417508
vt 0.889940 1.423667
vt -0.279420 1.411343
vt -0.337337 1.411553
vt -0.336868 1.406080
vt -0.278484 1.405347
vt -0.276386 1.296894
vt 0.442551 1.438986
vt 0.384198 1.438692
vt 0.384039 1.432994
vt 0.442824 1.432388
vt 0.965129 1.399620
vt 0.965032 1.393988
vt 1.022729 1.394498
vt 1.023371 1.400174
vt -0.083699 1.460364
vt -0.083701 1.465956
vt 0.971918 1.340731
vt 1.030914 1.341350
vt 1.030679 1.346631
vt 0.973310 1.346578
vt 1.348924 -0.001433
vt 1.348908 0.622650
vt 1.348408 1.245080
vt 1.406874 1.245566
vt 0.810961 1.447189
vt 0.752252 1.447896
vt 1.407682 0.025730
vt 1.407447 0.032329
vt 0.878405 0.444016
vt 0.895648 0.436555
vt 1.236816 0.993093
vt 0.878007 -0.020101
vt 0.879238 -0.025055
vt 0.907861 -0.023687
vt 1.367810 1.364059
vt 1.367715 1.369839
vt 0.936520 -0.025698
vt -0.361228 1.303927
vt -0.340964 1.296560
vt 1.250644 0.773048
vt 0.909924 1.421968
vt 0.878015 0.225934
vt 0.897453 0.218871
vt 1.270227 0.358422
vt 1.270114 0.352215
vt 1.328305 0.352479
vt 1.327412 0.358016
vt 1.270530 -0.266243
vt 1.172851 0.354575
vt 1.153578 0.361906
vt 0.957437 -0.136180
vt 1.173741 -0.210933
vt 1.114384 -0.212244
vt 1.115049 -0.217918
vt 1.173842 -0.217095
vt 1.094852 1.069878
vt 1.074556 1.077397
vt 1.016006 0.252873
vt -0.047503 1.304276
vt -0.027810 1.296914
vt 1.016302 -0.106638
vt 1.016259 -0.100919
vt 1.094563 1.293296
vt 1.191630 1.311321
vt 0.878624 -0.181752
vt 1.251335 0.224911
vt 1.015157 0.982624
vt 1.094542 0.093293
vt 1.251266 0.280340
vt 1.252045 -0.353213
vt 1.252219 -0.347218
vt 1.192953 -0.348105
vt 1.193942 -0.353334
vt 1.035211 -0.071686
vt 1.055685 -0.079046
vt 1.251225 0.465847
vt 1.251153 0.471611
vt 0.878419 0.362583
vt 0.878423 0.356864
vt 1.023417 -0.426912
vt 0.964633 -0.426894
vt 0.964311 -0.433309
vt 1.024108 -0.432586
vt 0.392092 1.297685
vt 1.015151 1.289492
vt 0.966769 1.290609
vt 1.406748 0.980212
vt 1.371302 0.981256
vt 1.015356 0.442819
vt 1.349403 0.979752
vt 1.015609 1.207029
vt 0.957048 1.207064
vt 1.113267 1.120531
vt 1.131677 1.113212
vt 1.173990 -0.162645
vt 1.173559 -0.156965
vt 1.114687 -0.157385
vt 1.115028 -0.162701
vt 1.035296 0.256925
vt 1.035296 0.251215
vt 1.270739 -0.245398
vt 1.329366 -0.245175
vt 1.329919 -0.239052
vt 1.270600 -0.239694
vt 0.078456 1.325533
vt 0.078364 1.330888
vt 0.937922 0.036596
vt 0.938595 -0.105929
vt 0.938727 -0.100053
vt 0.879367 -0.101040
vt 0.879758 -0.106181
vt 0.956445 0.062529
vt 0.975850 0.055365
vt 1.137610 0.660771
vt 1.113199 0.659991
vt 1.112983 0.653301
vt 1.172470 0.654175
vt 1.172614 0.659642
vt 1.112841 0.741480
vt 1.113689 0.470220
vt 1.192027 0.931401
vt 1.250163 0.931524
vt 1.250546 0.936995
vt 1.210335 0.937995
vt 0.878160 -0.347688
vt 0.878856 -0.352884
vt 0.936414 -0.352457
vt 0.934631 -0.347261
vt 1.347960 0.358127
vt 1.372238 0.358032
vt 0.877877 0.688105
vt 0.878552 0.681972
vt 1.034860 0.502021
vt 1.054080 0.494748
vt 0.878304 0.655566
vt 0.877881 -0.290716
vt 1.192144 1.127335
vt 1.192321 1.122044
vt 1.095983 -0.350928
vt 1.095586 -0.345242
vt 1.168246 1.399228
vt 1.034849 0.556569
vt 1.053471 0.549211
vt 1.094395 0.940704
vt 0.877996 0.308140
vt 0.895940 0.300774
vt 1.015587 1.256089
vt 1.113687 -0.347405
vt 1.035318 0.333192
vt 1.034811 0.339306
vt 1.250201 1.093638
vt 1.250978 1.099403
vt 1.213800 1.102355
vt 1.217515 1.093799
vt 1.250983 1.017974
vt 1.192592 1.099033
vt 1.192457 1.093495
vt 0.956264 -0.236844
vt 0.957218 -0.243156
vt 1.017367 -0.292473
vt 0.958000 -0.292610
vt 1.016724 -0.298206
vt 0.958398 -0.297674
vt 1.035130 0.196355
vt 1.034821 0.202293
vt 1.303351 -0.022183
vt 1.270761 -0.023741
vt 1.114179 0.114318
vt 1.172361 0.114436
vt 1.191405 -0.053782
vt 1.016534 -0.269803
vt 1.016872 -0.263723
vt 0.709083 1.376819
vt 1.016238 0.547842
vt 0.938913 -0.434596
vt 0.938976 -0.428857
vt 1.171875 1.251119
vt 1.172382 1.256373
vt 0.938182 -0.318988
vt 0.877675 0.606815
vt 0.878399 0.600538
vt 1.191271 0.663812
vt 1.173030 -0.048237
vt 1.084880 1.122697
vt 1.079955 1.131398
vt 1.192201 0.416785
vt -0.162375 1.464140
vt 1.045755 1.465849
vt 0.988317 1.471119
vt -0.220387 1.465081
vt 1.192110 -0.406378
vt 1.191856 -0.400597
vt 0.877822 -0.400178
vt 0.957327 -0.079727
vt 1.172580 -0.321174
vt 1.113035 -0.319246
vt 1.113710 -0.325491
vt 1.172612 -0.326227
vt 1.192018 1.257915
vt 1.015993 1.038027
vt 1.016256 1.043686
vt 1.270542 -0.049653
vt 1.034858 0.855246
vt 1.054720 0.847933
vt 1.071033 -0.324643
vt 1.095109 -0.318799
vt 1.035311 -0.319554
vt 1.035717 -0.325425
vt 1.252320 -0.484943
vt 1.252122 -0.490705
vt 0.957409 -0.371572
vt 1.015620 -0.370849
vt 1.094419 -0.325225
vt 1.035268 0.447978
vt 1.035279 0.442256
vt 0.923150 1.316278
vt 1.035385 -0.482068
vt 1.035104 -0.487611
vt 0.937203 0.626729
vt 0.878369 -0.154682
vt 0.898229 -0.162080
vt 1.094506 0.305332
vt 1.094413 0.311098
vt 1.173474 -0.490050
vt 1.173657 -0.484685
vt 1.270490 1.250049
vt 1.014886 0.934496
vt 0.956739 0.934025
vt 0.957084 0.928525
vt 1.014994 0.929091
vt 1.094766 0.822680
vt 1.094341 0.828377
vt 1.035921 0.823115
vt 1.113755 0.436099
vt 1.113258 0.333272
vt 1.113704 0.327541
vt 1.352301 0.163329
vt 1.407935 0.161342
vt 0.659719 1.462724
vt 0.658897 1.458190
vt 0.716962 1.456947
vt 0.715864 1.462915
vt 1.406835 0.459765
vt 1.407230 0.465694
vt 1.349712 0.465682
vt 1.357461 0.458582
vt 1.476994 1.385026
vt 1.477599 1.391242
vt 0.764241 1.355688
vt 0.706064 1.355664
vt 0.706148 1.350230
vt 0.756098 1.349136
vt 1.349123 0.790534
vt 1.349067 0.785119
vt 1.349239 0.816887
vt 1.349047 0.811541
vt 1.406463 0.811449
vt 1.406901 0.487658
vt 1.406633 0.492980
vt 1.348988 0.493120
vt 1.348750 0.487411
vt 0.956891 1.180608
vt 1.014474 1.181604
vt 0.921088 1.368767
vt 0.872687 1.370580
vt 0.863241 1.363461
vt 0.920983 1.363398
vt 1.407182 -0.022411
vt 1.358310 -0.020632
vt 1.349526 -0.027694
vt 1.407104 -0.027719
vt 1.239330 1.344407
vt 1.297557 1.344432
vt 0.033589 1.438100
vt -0.023588 1.438147
vt 1.407144 0.275960
vt 1.349143 0.275925
vt 1.354767 0.268830
vt 1.397804 0.269402
vt -0.335119 1.324185
vt -0.326120 1.331667
vt -0.383963 1.331759
vt -0.384208 1.326234
vt -0.414588 1.437208
vt -0.414354 1.431918
vt -0.370665 1.429058
vt -0.357972 1.437319
vt 1.270625 -0.136911
vt 1.329022 -0.131442
vt 1.271272 -0.131357
vt 1.329072 -0.136799
vt 1.406741 -0.320437
vt 1.349214 -0.319696
vt 0.911012 1.197375
vt 1.406833 1.034257
vt 1.406368 1.029260
vt 0.039709 1.352653
vt 0.097753 1.352569
vt 1.045966 1.444662
vt 0.988181 1.445221
vt 1.328270 1.087170
vt 1.270660 1.086929
vt 1.329115 -0.321102
vt 1.281113 -0.319386
vt 1.271052 -0.326281
vt 1.329147 -0.326439
vt 0.958278 0.709912
vt 1.015717 0.710203
vt 1.015676 0.715850
vt 0.957390 0.715327
vt 1.171587 1.332278
vt 1.171737 1.337524
vt 1.113670 1.337613
vt 1.093829 1.238271
vt 1.036009 1.238504
vt 1.035801 1.233196
vt 1.093701 1.233011
vt 0.670288 1.409538
vt 0.612062 1.409269
vt 0.612191 1.403748
vt 0.669981 1.403504
vt 1.329399 1.147993
vt 1.270681 1.147653
vt 1.328480 0.216324
vt 1.328780 0.221611
vt 1.270656 0.221694
vt 1.270722 0.216487
vt 0.879189 0.063750
vt 0.879003 0.058456
vt 1.271331 0.876679
vt 1.270022 0.870943
vt 1.349149 1.142542
vt 1.349276 1.136993
vt 1.406434 1.136766
vt 1.406795 1.142823
vt 1.089782 1.385635
vt 1.148316 1.385293
vt 1.192692 0.854134
vt 1.192591 0.848888
vt 1.250878 0.848477
vt 1.251056 0.854176
vt 1.036719 0.659078
vt 1.094300 0.659127
vt 1.084346 0.666484
vt 1.036215 0.664707
vt 1.270734 0.162305
vt 0.152267 1.379876
vt 0.152125 1.385079
vt 0.094252 1.385235
vt 0.094073 1.379796
vt 1.115521 0.599409
vt 1.172502 0.599504
vt 1.328822 -0.483418
vt 1.271661 -0.483087
vt 1.271296 1.224149
vt 1.329419 1.223862
vt 0.709148 1.431074
vt 1.323171 1.473609
vt 1.327561 1.481104
vt 1.015220 1.012094
vt 1.014587 1.017352
vt 0.957287 1.017517
vt 1.094191 0.882250
vt 1.044631 0.883886
vt 1.035809 0.877049
vt 1.094100 0.876880
vt 1.192749 0.903519
vt 1.251011 0.903107
vt -0.349861 1.385227
vt -0.407169 1.385154
vt 0.937097 0.111134
vt 0.937273 0.116593
vt 1.251056 0.690344
vt 1.193189 0.690989
vt 1.191543 0.684626
vt 1.251216 0.684530
vt 1.270525 0.841765
vt 1.328681 0.842039
vt 0.787456 1.414441
vt 1.112957 1.283872
vt 1.114401 1.277790
vt 1.192099 1.154178
vt 1.192637 1.148948
vt 1.270956 0.602811
vt 1.011285 -0.190192
vt 1.016160 -0.183531
vt 0.958102 -0.183344
vt 0.958505 -0.188640
vt 1.172696 0.686597
vt 1.123215 0.688241
vt 1.114226 0.681391
vt 1.172811 0.681125
vt 1.328788 0.298237
vt 1.328899 0.303537
vt 1.270958 0.303516
vt 1.270504 0.298070
vt 0.966928 0.390304
vt 0.957330 0.383473
vt 1.015999 0.382877
vt 1.015964 0.388658
vt 1.328694 0.324405
vt 1.328381 0.329856
vt 1.015761 0.878720
vt 1.015832 0.872725
vt 0.878920 0.383942
vt 0.937510 0.389136
vt 0.878983 0.389192
vt 0.937438 0.383594
vt 1.329077 0.788076
vt 1.328756 0.793371
vt 1.270791 0.793396
vt 1.276872 0.786893
vt 1.192102 0.963128
vt 1.192637 0.957900
vt 0.957549 0.607014
vt 0.957275 0.601726
vt 1.015821 0.601575
vt 1.015819 0.606918
vt 1.251180 0.302385
vt 1.251287 0.307530
vt 1.329313 1.120511
vt 1.270778 1.120125
vt 1.271097 1.114806
vt 1.329178 1.114687
vt 0.975132 1.374422
vt 1.329231 0.140388
vt 1.279720 0.142133
vt 1.271089 0.135076
vt 1.329180 0.135018
vt 0.874747 1.334846
vt 0.815802 1.335712
vt 1.242453 1.475074
vt 1.244793 1.483406
vt 1.328969 0.080536
vt 1.193749 1.482348
vt 1.329029 1.167253
vt 1.348193 1.089386
vt 1.348823 1.083099
vt 1.406931 1.083383
vt 1.406695 1.088791
vt -0.427954 1.411233
vt -0.486705 1.411800
vt -0.427856 1.378369
vt -0.486597 1.377632
vt 1.282243 1.366200
vt 1.268904 1.373842
vt 1.223353 1.372429
vt 1.223598 1.366990
vt 1.016307 0.220390
vt 1.406860 -0.102512
vt 1.349585 -0.102607
vt 1.329153 0.439845
vt 1.280070 0.441619
vt 1.271105 0.434543
vt 1.329234 0.434068
vt 0.807788 1.395571
vt 0.807867 1.390156
vt 0.630090 1.352967
vt 0.629801 1.358040
vt 1.270076 0.923121
vt 1.348769 0.215122
vt 1.348916 0.221073
vt 1.349496 -0.245065
vt 1.407506 -0.245052
vt 1.407343 -0.239689
vt 1.348647 -0.239395
vt 1.407081 0.925673
vt 1.350389 0.925876
vt 1.348658 0.919852
vt 1.407260 0.920304
vt 1.323587 1.059241
vt 1.270615 1.060893
vt 1.445978 1.364006
vt 1.387834 1.364839
vt 1.387672 1.358205
vt 1.445846 1.358776
vt 1.035208 0.114959
vt 1.400870 -0.401577
vt 1.349259 -0.402265
vt 1.349172 -0.408091
vt 1.399353 -0.409395
vt 0.878969 1.122903
vt 0.878884 1.117653
vt 0.936764 1.117469
vt 0.187978 1.456597
vt 0.208639 1.456786
vt 0.010826 1.406032
vt 1.401292 0.946632
vt 1.406428 0.953910
vt 1.349119 0.954007
vt 1.349132 0.948493
vt 1.406353 -0.216397
vt 1.405959 -0.210932
vt 1.349704 -0.211762
vt 1.379464 -0.220064
vt 1.076618 1.419619
vt 1.043319 1.417876
vt 1.348958 0.248931
vt 1.349468 0.243698
vt 1.349109 0.140263
vt 1.349481 0.134988
vt 1.348659 0.513802
vt 1.397769 1.279609
vt 0.878727 1.232195
vt 1.406978 1.197041
vt 1.349102 1.197063
vt 1.349498 1.191767
vt 1.407241 1.191803
vt 1.172092 -0.021481
vt 0.038765 1.413014
vt 1.407106 0.329922
vt 1.358400 0.331692
vt 1.354802 0.322814
vt 1.398418 0.323397
vt 1.406757 0.601558
vt 1.349154 0.601689
vt 1.406863 0.655929
vt 1.349685 0.655898
vt 1.350151 0.731487
vt 1.349213 0.080964
vt 1.398377 0.079335
vt 1.286389 1.425992
vt 1.286682 1.420696
vt 1.344298 1.420727
vt 1.344260 1.426046
vt -0.117700 1.357354
vt -0.117145 1.352124
vt 0.956579 0.962028
vt 0.956998 0.955990
vt -0.373758 1.351920
vt -0.373431 1.357208
vt 1.349134 1.170003
vt 1.349463 1.164727
vt 0.220057 1.431713
vt 0.277699 1.431757
vt 1.407013 0.303379
vt 1.349187 0.303995
vt 1.349254 0.298047
vt 1.407336 0.298039
vt 1.367439 1.277447
vt 1.367679 1.282737
vt 0.375708 1.411676
vt 0.434500 1.411034
vt 1.406788 1.007760
vt 1.349412 1.007590
vt 1.348752 1.001728
vt 1.407115 1.002340
vt 1.405750 1.309589
vt 1.406405 1.304411
vt 1.349525 0.188900
vt 1.406931 0.188840
vt 1.407064 0.194194
vt 1.359154 0.196000
vt -0.360885 1.457841
vt -0.303481 1.458072
vt -0.303342 1.463358
vt -0.360923 1.463225
vt -0.258341 1.404678
vt 1.173886 0.933106
vt 1.286786 0.758186
vt 1.095104 0.033242
vt 1.077873 -0.381978
vt 1.016621 0.417908
vt 0.955836 0.409068
vt 1.034693 0.684932
vt 1.112992 -0.000812
vt 0.877418 0.463820
vt 0.877583 0.273690
vt 1.191170 0.437306
vt 1.112921 1.194296
vt 0.877714 1.087878
vt 1.252045 0.362749
vt 0.877639 0.191796
vt 0.877855 -0.217262
vt 1.095377 -0.023738
vt 1.094650 -0.015302
vt 1.034080 0.630944
vt 0.937980 1.015810
vt 1.095543 0.631020
vt 0.218535 1.296532
vt 0.955784 0.817648
vt 1.112473 0.822772
vt 1.112987 0.814455
vt 0.736003 1.322376
vt 0.776119 1.320810
vt 0.587034 1.296753
vt 1.252202 0.392002
vt 1.017930 -0.048206
vt 1.173762 1.140956
vt 1.173843 1.149350
vt 1.077040 1.148343
vt 1.330545 0.977224
vt 1.330091 0.985613
vt 1.190906 0.583752
vt 0.958178 0.300523
vt 0.979696 0.309930
vt 1.034044 0.775590
vt 0.917113 -0.491961
vt 0.956018 0.082086
vt 1.329884 0.414278
vt 0.955849 0.273018
vt 1.112978 -0.191612
vt 0.975796 -0.408620
vt 1.174095 0.769382
vt 1.095199 -0.206337
vt 1.174347 0.053996
vt 1.174101 -0.264008
vt 1.112890 -0.272910
vt 1.078721 0.986267
vt 0.939128 -0.134614
vt 1.017090 0.764204
vt 1.034044 -0.293674
vt 1.035925 -0.298354
vt 1.000053 0.572330
vt 1.015507 0.573368
vt 0.939066 -0.371800
vt 1.138733 0.226790
vt 1.213944 -0.263080
vt 0.877278 -0.073285
vt 1.224411 0.627718
vt 1.070406 -0.152014
vt 1.269428 -0.111048
vt 0.938585 0.092426
vt 1.190906 1.038956
vt 1.237972 -0.427844
vt 1.238925 -0.437640
vt 1.016936 -0.017266
vt 1.017390 -0.026044
vt 1.252162 -0.099910
vt 0.971172 0.337327
vt 0.956127 -0.026174
vt 1.148344 -0.398696
vt 1.175194 -0.405838
vt -0.204809 1.305685
vt 0.956322 0.326632
vt 1.173556 0.896478
vt 1.112845 0.706494
vt 1.016953 0.527972
vt 0.955612 0.519580
vt 1.112855 0.516492
vt 0.752989 1.467080
vt 0.751680 1.474793
vt 1.034106 1.041628
vt 0.151245 1.412011
vt 0.147767 1.405714
vt 0.560192 1.464495
vt 1.347835 0.574985
vt 1.348575 0.567014
vt 1.390554 0.576746
vt 1.112473 1.012552
vt 1.113248 1.004563
vt 0.177235 1.351506
vt 1.347932 -0.164301
vt 0.532508 1.377340
vt 1.172041 1.012866
vt 1.408149 1.330122
vt 1.408276 1.338870
vt 1.400796 -0.454275
vt 0.945412 1.397710
vt 0.945802 1.388996
vt 1.408328 0.864862
vt 1.271109 0.460236
vt -0.181637 1.377018
vt 1.330250 0.269110
vt 1.305918 1.391390
vt 0.936867 0.932728
vt 0.936999 0.923378
vt 0.805052 1.360040
vt 0.826163 1.359054
vt -0.223419 1.430978
vt -0.223314 1.439770
vt 1.330326 -0.002206
vt 1.330163 0.006514
vt 0.937436 0.327100
vt 0.937878 0.335964
vt 1.110581 1.365308
vt 1.110326 1.356594
vt 0.203391 1.350464
vt 1.049730 1.364662
vt 0.890134 1.478382
vt 1.251768 0.089784
vt 1.348466 1.054095
vt 0.860180 1.479554
vt 1.173340 1.041066
vt 1.173781 1.032320
vt 1.113110 1.032360
vt 1.172148 0.144061
vt 1.350346 -0.356056
vt 1.312216 0.823189
vt 1.330401 0.958254
vt 1.329959 1.005854
vt 1.337830 -0.463378
vt 1.338092 -0.454638
vt 0.938312 0.960886
vt 0.938533 0.952082
vt 0.060350 1.457217
vt 0.955612 0.635254
vt 0.987255 0.654290
vt 1.016812 1.146258
vt 1.016749 1.155044
vt 0.938489 0.906480
vt 0.938593 0.897720
vt 1.291265 -0.290816
vt 1.269978 -0.301322
vt 0.726721 1.304850
vt 0.665968 1.296316
vt 1.250896 -0.319167
vt 1.173680 0.498232
vt 1.174040 0.489476
vt 0.877842 0.518122
vt 1.313946 -0.085204
vt 0.938602 0.735084
vt 0.938410 0.743818
vt 1.095448 1.103818
vt -0.254700 1.349920
vt 1.017127 0.464005
vt 0.939339 0.165176
vt 0.879995 0.164216
vt 1.330479 0.024414
vt 1.269789 0.187622
vt 1.269693 -0.374878
vt 1.302968 -0.383448
vt 1.408509 -0.490716
vt 1.408597 -0.482078
vt 1.330381 0.569056
vt 1.408403 0.386160
vt 1.408479 0.377434
vt 1.329272 0.741042
vt 1.330129 0.732298
vt 1.112473 0.197812
vt 1.172869 0.189768
vt 0.091143 1.297318
vt 0.090800 1.306064
vt 0.451725 1.350675
vt 1.408340 0.106576
vt 1.408253 0.115332
vt 0.357158 1.305876
vt 1.320093 0.523716
vt 1.251430 -0.027003
vt 1.231255 -0.018415
vt 0.074924 1.386800
vt 1.408544 -0.056338
vt 0.953780 1.335084
vt 0.953440 1.343774
vt 0.160794 1.440250
vt 0.161080 1.431554
vt 1.094533 0.141096
vt 1.073311 0.149616
vt 0.445856 1.331608
vt 0.623031 1.492184
vt 1.017034 0.799450
vt 1.347768 -0.191036
vt 0.973641 0.790782
vt 1.469820 -0.437168
vt 1.408463 0.846044
vt 0.341717 1.351402
vt 0.341760 1.360142
vt 0.469385 1.438543
vt 0.529767 1.430224
vt 1.077703 1.022952
vt 1.095114 1.313364
vt 1.208783 -0.217312
vt -0.447583 1.465328
vt 1.032010 1.339734
vt 1.031925 1.348480
vt 0.830165 1.423915
vt -0.042774 1.431658
vt -0.277739 1.412796
vt -0.337894 1.404268
vt 1.347867 -0.074733
vt 1.159699 1.418222
vt 0.963505 1.400892
vt 1.024123 1.392784
vt -0.122317 1.468308
vt 1.347855 0.006153
vt 1.192051 -0.355042
vt 1.190906 -0.348492
vt 0.812048 1.440052
vt 1.225800 0.982502
vt 0.877834 0.988432
vt 0.911161 -0.026060
vt 1.349131 1.372626
vt 0.948435 1.418627
vt 1.269452 -0.273180
vt 1.286521 0.349596
vt 1.330070 0.359336
vt 0.982074 -0.136239
vt 1.134735 -0.208931
vt 1.112473 -0.212000
vt 0.982069 0.255819
vt 0.982822 -0.098073
vt 0.914570 -0.179409
vt 0.938932 -0.186336
vt 1.216087 0.227745
vt 1.059973 0.096189
vt 1.217642 0.283274
vt 0.877538 0.843084
vt 1.221084 0.829830
vt 1.208451 -0.345361
vt 1.190906 -0.239650
vt 0.894802 1.262582
vt 1.095117 0.394440
vt 1.049756 0.384180
vt 1.217535 0.474472
vt 0.911914 0.353825
vt 0.430202 1.295836
vt 1.026201 -0.431826
vt 1.134471 0.281729
vt 0.981879 0.435952
vt 1.407926 0.981930
vt 1.034044 0.059622
vt 0.981544 1.209974
vt 1.142543 -0.154410
vt 1.065757 0.248110
vt 1.112718 1.167997
vt 0.938688 0.029272
vt 0.077377 1.323830
vt 0.908296 -0.097798
vt 0.878953 -0.098910
vt 1.146605 0.471668
vt 0.908032 -0.354322
vt 0.938311 -0.347177
vt 0.907763 0.679247
vt 1.387590 0.360217
vt 0.908731 0.663326
vt 1.191375 1.120322
vt 1.049335 -0.343534
vt 1.034044 -0.347748
vt 0.991791 1.264125
vt 0.956037 1.254600
vt 1.147634 -0.344926
vt 1.067882 0.329964
vt 1.220377 1.010314
vt 1.252102 1.019499
vt 1.190906 0.063246
vt 1.226011 0.053475
vt 1.234535 1.103550
vt 0.976049 -0.289620
vt 0.957006 -0.298746
vt 0.982171 -0.245843
vt 1.329746 -0.022431
vt 1.292008 -0.019965
vt 1.112524 0.416498
vt 0.904204 -0.316070
vt 0.508552 1.297396
vt 1.139585 0.852038
vt 1.112584 0.842577
vt 0.910688 0.597673
vt 0.955612 0.037016
vt 0.991769 0.027297
vt 1.139761 -0.045460
vt 0.877179 0.246436
vt 1.231410 0.802747
vt -0.185005 1.466508
vt 0.996347 -0.081995
vt 1.252276 -0.182612
vt 1.228396 1.255555
vt 1.252336 1.264816
vt 1.148134 -0.328467
vt 1.209510 -0.481761
vt 0.988359 -0.381880
vt 1.055843 -0.314990
vt 1.057999 0.057778
vt 1.034044 0.821684
vt 1.330097 -0.210792
vt 1.213042 0.884009
vt 1.190906 0.875026
vt 0.903771 0.635873
vt 1.069691 0.439258
vt 1.060551 0.313927
vt 1.114875 -0.490613
vt 1.034209 -0.270335
vt 0.983917 0.936542
vt 1.149150 0.433501
vt 0.098819 1.350802
vt 1.330359 0.904156
vt 0.909229 0.717606
vt 1.147448 0.324760
vt 0.361626 1.467539
vt 1.348516 0.467466
vt 0.956093 1.099420
vt 0.748352 1.359108
vt 1.016779 1.175398
vt 0.922000 1.361600
vt 1.408197 -0.029510
vt 1.281686 1.347864
vt 1.269337 0.107544
vt 1.330300 0.109596
vt 1.313154 -0.128182
vt -0.416938 1.430914
vt 1.378626 -0.318331
vt 1.408478 -0.327446
vt 1.347768 1.033484
vt 0.877179 1.207090
vt 1.112617 1.339388
vt 1.030178 1.447260
vt 0.997299 0.719152
vt 1.094795 1.231218
vt 1.095142 1.239938
vt 1.269370 0.214799
vt 1.269634 0.223478
vt 1.112473 0.598438
vt 1.295081 0.877536
vt 0.354208 1.440536
vt 0.327649 1.440223
vt 1.209560 0.856940
vt 1.034044 0.663276
vt 0.955612 -0.185784
vt 0.957637 -0.190574
vt 1.173526 0.597706
vt 1.270231 -0.481288
vt 0.650169 1.429807
vt 0.672770 1.438798
vt 1.296556 1.472017
vt 1.269337 1.478756
vt 1.095210 0.875094
vt 1.422966 1.424298
vt 1.176700 1.356658
vt 0.631713 1.351594
vt 0.631181 1.359486
vt 1.330378 0.296810
vt 1.286577 0.294814
vt 1.270082 0.305336
vt 0.938497 1.178118
vt 0.895691 0.391954
vt 1.269337 0.327342
vt 1.269818 0.795212
vt 0.999690 0.610170
vt 1.252934 0.300948
vt 1.231206 0.310436
vt 1.330209 0.133220
vt 1.207716 1.471460
vt 1.137389 0.161213
vt -0.110403 1.403411
vt 1.239353 1.363382
vt 0.937838 1.115664
vt 1.391589 -0.236784
vt 1.408617 -0.246822
vt 1.347768 0.926710
vt 1.286426 1.057390
vt 1.419533 1.366701
vt 1.174242 -0.020164
vt 0.164936 1.466636
vt 1.364532 0.944610
vt 1.374477 -0.209878
vt 1.347768 -0.217878
vt 1.403795 1.269594
vt 1.408364 1.190038
vt 1.408264 1.198755
vt 0.098062 1.413343
vt 0.278747 1.429982
vt 1.386648 0.604146
vt 1.146836 0.308432
vt 0.639214 1.455148
vt 1.348098 0.730196
vt 1.328743 1.429052
vt 1.345341 1.418946
vt 1.364726 1.107276
vt 1.065765 1.446571
vt 1.391488 0.306132
vt 1.408292 0.296276
vt 1.395057 1.445042
vt 1.407824 1.310850
vt 1.408000 0.187044
vt -0.301884 1.456640
vt -0.345348 1.454956
vt -0.361861 1.465001
s 0
usemtl Rug_Fabric
f 10/1/1 6/2/1 9/3/1
f 7/4/2 9/3/2 6/2/2
f 18/5/3 17/6/3 12/7/3
f 18/5/4 12/7/4 3/8/4
f 13/9/5 4/10/5 7/4/5
f 15/11/6 6/2/6 14/12/6
f 12/13/7 7/4/7 6/2/7
f 16/14/8 10/1/8 8/15/8
f 17/16/9 8/15/9 9/3/9
f 6/2/10 2/17/10 14/12/10
f 9/3/11 7/4/11 4/10/11
f 9/3/12 8/15/12 10/1/12
f 3/8/13 12/7/13 15/18/13
f 2/17/14 10/1/14 1/19/14
f 1/20/15 18/5/15 11/21/15
f 13/22/16 17/6/16 5/23/16
f 11/21/17 2/24/17 1/20/17
f 13/22/18 7/25/18 12/7/18
f 18/5/19 10/26/19 16/27/19
f 16/27/20 8/28/20 17/6/20
f 20/29/21 1782/30/21 19/31/21
f 34/32/22 1785/33/22 988/34/22
f 53/35/23 51/36/23 52/37/23
f 59/38/24 61/39/24 58/40/24
f 72/41/25 73/42/25 71/43/25
f 1012/44/26 1791/45/26 75/46/26
f 83/47/27 84/48/27 1019/49/27
f 84/48/28 83/47/28 1021/50/28
f 86/51/29 85/52/29 1024/53/29
f 90/54/30 1795/55/30 1028/56/30
f 91/57/31 1795/55/31 90/54/31
f 1033/58/32 95/59/32 1035/60/32
f 96/61/33 1035/60/33 95/59/33
f 1037/62/34 1798/63/34 98/64/34
f 1800/65/35 102/66/35 105/67/35
f 103/68/36 105/67/36 102/66/36
f 108/69/37 106/70/37 107/71/37
f 109/72/38 110/73/38 1046/74/38
f 110/73/39 109/72/39 1803/75/39
f 112/76/40 111/77/40 1050/78/40
f 123/79/41 124/80/41 125/81/41
f 126/82/42 127/83/42 129/84/42
f 129/84/43 127/83/43 128/85/43
f 134/86/44 135/87/44 136/88/44
f 1072/89/45 138/90/45 137/91/45
f 143/92/46 144/93/46 145/94/46
f 1083/95/47 153/96/47 1814/97/47
f 154/98/48 1814/97/48 153/96/48
f 154/98/49 155/99/49 1814/97/49
f 158/100/50 157/101/50 1815/102/50
f 160/103/51 159/104/51 1817/105/51
f 165/106/52 167/107/52 1092/108/52
f 166/109/53 167/107/53 165/106/53
f 172/110/54 174/111/54 171/112/54
f 179/113/55 180/114/55 1101/115/55
f 181/116/56 182/117/56 183/118/56
f 183/118/57 1822/119/57 181/116/57
f 184/120/58 186/121/58 1106/122/58
f 186/121/59 184/120/59 185/123/59
f 190/124/60 191/125/60 189/126/60
f 193/127/61 194/128/61 192/129/61
f 198/130/62 195/131/62 196/132/62
f 196/132/63 197/133/63 198/130/63
f 1123/134/64 200/135/64 199/136/64
f 201/137/65 203/138/65 1827/139/65
f 203/138/66 201/137/66 202/140/66
f 205/141/67 206/142/67 204/143/67
f 209/144/68 1829/145/68 207/146/68
f 1833/147/69 227/148/69 225/149/69
f 1143/150/70 226/151/70 1833/147/70
f 229/152/71 228/153/71 1146/154/71
f 1149/155/72 232/156/72 1148/157/72
f 243/158/73 244/159/73 242/160/73
f 250/161/74 251/162/74 249/163/74
f 254/164/75 252/165/75 253/166/75
f 254/164/76 255/167/76 252/165/76
f 256/168/77 258/169/77 1165/170/77
f 264/171/78 265/172/78 1837/173/78
f 268/174/79 270/175/79 266/176/79
f 279/177/80 278/178/80 1181/179/80
f 285/180/81 1842/181/81 1190/182/81
f 286/183/82 1842/181/82 285/180/82
f 286/183/83 287/184/83 1842/181/83
f 1197/185/84 290/186/84 289/187/84
f 288/188/85 290/186/85 1194/189/85
f 290/186/86 288/188/86 289/187/86
f 292/190/87 291/191/87 1843/192/87
f 1847/193/88 304/194/88 303/195/88
f 313/196/89 315/197/89 312/198/89
f 315/197/90 313/196/90 314/199/90
f 318/200/91 1849/201/91 316/202/91
f 324/203/92 322/204/92 323/205/92
f 1219/206/93 325/207/93 329/208/93
f 326/209/94 329/208/94 325/207/94
f 328/210/95 326/209/95 327/211/95
f 1226/212/96 1856/213/96 336/214/96
f 344/215/97 1233/216/97 1234/217/97
f 347/218/98 348/219/98 346/220/98
f 353/221/99 1860/222/99 352/223/99
f 358/224/100 359/225/100 1861/226/100
f 360/227/101 1861/226/101 359/225/101
f 374/228/102 373/229/102 1261/230/102
f 377/231/103 1266/232/103 375/233/103
f 1265/234/104 378/235/104 377/231/104
f 380/236/105 1863/237/105 1267/238/105
f 1269/239/106 381/240/106 1863/237/106
f 395/241/107 1280/242/107 394/243/107
f 396/244/108 398/245/108 1281/246/108
f 397/247/109 398/245/109 396/244/109
f 402/248/110 403/249/110 404/250/110
f 1868/251/111 404/250/111 403/249/111
f 407/252/112 408/253/112 409/254/112
f 410/255/113 412/256/113 1872/257/113
f 411/258/114 412/256/114 410/255/114
f 417/259/115 416/260/115 1301/261/115
f 418/262/116 419/263/116 1303/264/116
f 419/263/117 418/262/117 1875/265/117
f 427/266/118 428/267/118 426/268/118
f 429/269/119 431/270/119 1308/271/119
f 431/270/120 429/269/120 1310/272/120
f 1310/272/121 430/273/121 431/270/121
f 1312/274/122 434/275/122 433/276/122
f 443/277/123 445/278/123 442/279/123
f 443/277/124 444/280/124 445/278/124
f 451/281/125 452/282/125 1879/283/125
f 452/282/126 450/284/126 1879/283/126
f 1329/285/127 453/286/127 1880/287/127
f 454/288/128 1880/287/128 453/286/128
f 455/289/129 456/290/129 457/291/129
f 464/292/130 465/293/130 463/294/130
f 466/295/131 467/296/131 468/297/131
f 468/297/132 1882/298/132 466/295/132
f 472/299/133 471/300/133 1340/301/133
f 479/302/134 480/303/134 481/304/134
f 490/305/135 491/306/135 489/307/135
f 492/308/136 1888/309/136 1889/310/136
f 498/311/137 499/312/137 497/313/137
f 504/314/138 503/315/138 1370/316/138
f 1374/317/139 1895/318/139 507/319/139
f 1374/317/140 1375/320/140 1895/318/140
f 518/321/141 516/322/141 517/323/141
f 1898/324/142 1386/325/142 522/326/142
f 535/327/143 533/328/143 534/329/143
f 538/330/144 537/331/144 1400/332/144
f 1408/333/145 550/334/145 549/335/145
f 551/336/146 552/337/146 1904/338/146
f 560/339/147 558/340/147 559/341/147
f 564/342/148 562/343/148 563/344/148
f 566/345/149 1908/346/149 565/347/149
f 573/348/150 571/349/150 1910/350/150
f 589/351/151 1435/352/151 588/353/151
f 598/354/152 599/355/152 1919/356/152
f 616/357/153 614/358/153 615/359/153
f 1456/360/154 619/361/154 618/362/154
f 1457/363/155 620/364/155 621/365/155
f 624/366/156 623/367/156 1921/368/156
f 631/369/157 629/370/157 630/371/157
f 1471/372/158 634/373/158 633/374/158
f 643/375/159 1925/376/159 641/377/159
f 650/378/160 648/379/160 649/380/160
f 657/381/161 656/382/161 1928/383/161
f 659/384/162 660/385/162 658/386/162
f 1931/387/163 667/388/163 1932/389/163
f 670/390/164 1501/391/164 671/392/164
f 673/393/165 1503/394/165 676/395/165
f 674/396/166 676/395/166 1503/394/166
f 675/397/167 676/395/167 674/396/167
f 682/398/168 681/399/168 1934/400/168
f 688/401/169 689/402/169 687/403/169
f 694/404/170 1936/405/170 693/406/170
f 697/407/171 696/408/171 1526/409/171
f 701/410/172 702/411/172 700/412/172
f 705/413/173 706/414/173 704/415/173
f 731/416/174 732/417/174 1557/418/174
f 1557/418/175 733/419/175 731/416/175
f 1943/420/176 1559/421/176 734/422/176
f 739/423/177 736/424/177 737/425/177
f 742/426/178 743/427/178 744/428/178
f 761/429/179 759/430/179 1945/431/179
f 762/432/180 1578/433/180 763/434/180
f 768/435/181 766/436/181 767/437/181
f 770/438/182 769/439/182 1584/440/182
f 770/438/183 771/441/183 769/439/183
f 774/442/184 775/443/184 773/444/184
f 1600/445/185 1601/446/185 793/447/185
f 792/448/186 793/447/186 1598/449/186
f 795/450/187 794/451/187 1602/452/187
f 795/450/188 796/453/188 794/451/188
f 798/454/189 797/455/189 1605/456/189
f 805/457/190 803/458/190 804/459/190
f 803/458/191 805/457/191 1950/460/191
f 807/461/192 808/462/192 806/463/192
f 1614/464/193 808/462/193 807/461/193
f 813/465/194 814/466/194 1951/467/194
f 865/468/195 866/469/195 867/470/195
f 876/471/196 878/472/196 875/473/196
f 880/474/197 1968/475/197 879/476/197
f 888/477/198 886/478/198 1694/479/198
f 889/480/199 890/481/199 1971/482/199
f 894/483/200 895/484/200 896/485/200
f 1974/486/201 1975/487/201 1704/488/201
f 1976/489/202 898/490/202 899/491/202
f 903/492/203 901/493/203 902/494/203
f 1714/495/204 905/496/204 1977/497/204
f 908/498/205 906/499/205 907/500/205
f 910/501/206 1979/502/206 909/503/206
f 910/501/207 911/504/207 1979/502/207
f 913/505/208 914/506/208 915/507/208
f 1983/508/209 935/509/209 936/510/209
f 937/511/210 938/512/210 1986/513/210
f 944/514/211 946/515/211 943/516/211
f 946/515/212 944/514/212 945/517/212
f 953/518/213 952/519/213 1992/520/213
f 957/521/214 1766/522/214 958/523/214
f 978/524/215 19/525/215 980/526/215
f 982/527/216 1783/528/216 981/529/216
f 982/527/217 23/530/217 1783/528/217
f 33/531/218 988/532/218 1785/533/218
f 37/534/219 36/535/219 990/536/219
f 996/537/220 995/538/220 997/539/220
f 54/540/221 1001/541/221 1000/542/221
f 1788/543/222 55/544/222 1002/545/222
f 1002/545/223 55/544/223 1789/546/223
f 1005/547/224 62/548/224 66/549/224
f 66/549/225 1006/550/225 1005/547/225
f 65/551/226 1006/550/226 66/549/226
f 1013/552/227 1012/553/227 1011/554/227
f 1022/555/228 1021/556/228 1020/557/228
f 1025/558/229 1024/559/229 1023/560/229
f 1794/561/230 1029/562/230 1028/563/230
f 1032/564/231 1031/565/231 1030/566/231
f 1034/567/232 1033/568/232 1797/569/232
f 1038/570/233 1037/571/233 1036/572/233
f 1040/573/234 1039/574/234 100/575/234
f 102/576/235 1800/577/235 1042/578/235
f 104/579/236 1041/580/236 1042/578/236
f 1051/581/237 1049/582/237 1048/583/237
f 1051/581/238 1050/584/238 1049/582/238
f 1055/585/239 1053/586/239 1052/587/239
f 1055/585/240 1054/588/240 1053/586/240
f 1064/589/241 1063/590/241 127/591/241
f 1073/592/242 1072/593/242 1071/594/242
f 1808/595/243 1075/596/243 1074/597/243
f 1080/598/244 146/599/244 1811/600/244
f 1811/600/245 1810/601/245 1080/598/245
f 1082/602/246 1081/603/246 150/604/246
f 1812/605/247 1081/603/247 1082/602/247
f 153/606/248 1083/607/248 1813/608/248
f 1086/609/249 1085/610/249 156/611/249
f 1086/609/250 1815/612/250 1085/610/250
f 1091/613/251 1090/614/251 1089/615/251
f 1818/616/252 1090/614/252 1091/613/252
f 1092/617/253 1094/618/253 1093/619/253
f 1819/620/254 1094/618/254 1092/617/254
f 1107/621/255 1106/622/255 1109/623/255
f 1109/623/256 1108/624/256 1107/621/256
f 1824/625/257 1115/626/257 1114/627/257
f 1827/628/258 1828/629/258 201/630/258
f 1125/631/259 1828/629/259 1827/628/259
f 1128/632/260 1127/633/260 204/634/260
f 1132/635/261 1131/636/261 1129/637/261
f 226/638/262 1143/639/262 1144/640/262
f 1147/641/263 1146/642/263 1145/643/263
f 1151/644/264 1150/645/264 1148/646/264
f 243/647/265 1157/648/265 1836/649/265
f 1162/650/266 1160/651/266 249/652/266
f 255/653/267 1163/654/267 1164/655/267
f 1166/656/268 1165/657/268 1169/658/268
f 257/659/269 1168/660/269 1169/658/269
f 1174/661/270 1172/662/270 265/663/270
f 1175/664/271 266/665/271 1176/666/271
f 1180/667/272 276/668/272 275/669/272
f 1179/670/273 1180/667/273 1838/671/273
f 1186/672/274 280/673/274 1184/674/274
f 1187/675/275 282/676/275 1189/677/275
f 1848/678/276 1206/679/276 305/680/276
f 1213/681/277 1214/682/277 315/683/277
f 1212/684/278 312/685/278 1214/682/278
f 1853/686/279 1854/687/279 1218/688/279
f 328/689/280 327/690/280 1220/691/280
f 1222/692/281 330/693/281 1224/694/281
f 1224/694/282 1223/695/282 1222/692/282
f 1227/696/283 1226/697/283 1225/698/283
f 340/699/284 1228/700/284 1229/701/284
f 1232/702/285 1231/703/285 1230/704/285
f 1236/705/286 1234/706/286 1233/707/286
f 1236/705/287 1235/708/287 1234/706/287
f 1239/709/288 1238/710/288 346/711/288
f 1242/712/289 351/713/289 1244/714/289
f 1244/714/290 1243/715/290 1242/712/290
f 361/716/291 1248/717/291 1249/718/291
f 1862/719/292 1251/720/292 1250/721/292
f 1862/719/293 1252/722/293 1251/720/293
f 1254/723/294 1253/724/294 1255/725/294
f 1256/726/295 1255/725/295 1253/724/295
f 1262/727/296 1261/728/296 373/729/296
f 1264/730/297 1263/731/297 1266/732/297
f 1266/732/298 1265/733/298 1264/730/298
f 1270/734/299 1268/735/299 1267/736/299
f 1271/737/300 1864/738/300 1272/739/300
f 1275/740/301 1274/741/301 386/742/301
f 1276/743/302 1278/744/302 1277/745/302
f 390/746/303 1278/744/303 1276/743/303
f 1280/747/304 1279/748/304 1865/749/304
f 1283/750/305 396/751/305 1281/752/305
f 1283/750/306 1282/753/306 396/751/306
f 1288/754/307 1287/755/307 1286/756/307
f 1291/757/308 1292/758/308 408/759/308
f 1871/760/309 1292/758/309 1291/757/309
f 1873/761/310 1293/762/310 1872/763/310
f 1297/764/311 1295/765/311 1294/766/311
f 1302/767/312 1299/768/312 1298/769/312
f 1302/767/313 1300/770/313 1299/768/313
f 1302/767/314 1301/771/314 1300/770/314
f 430/772/315 1309/773/315 1308/774/315
f 1315/775/316 1314/776/316 436/777/316
f 1318/778/317 1317/779/317 1319/780/317
f 1321/781/318 442/782/318 441/783/318
f 1320/784/319 1321/781/319 444/785/319
f 1324/786/320 1322/787/320 446/788/320
f 1324/786/321 1323/789/321 1322/787/321
f 1325/790/322 1326/791/322 451/792/322
f 1328/793/323 1327/794/323 1329/795/323
f 1342/796/324 1340/797/324 470/798/324
f 1342/796/325 1341/799/325 1340/797/325
f 1341/799/326 1342/796/326 472/800/326
f 475/801/327 1343/802/327 1884/803/327
f 1345/804/328 1344/805/328 1347/806/328
f 1347/806/329 1346/807/329 1345/804/329
f 1353/808/330 1352/809/330 483/810/330
f 1359/811/331 489/812/331 1357/813/331
f 1359/811/332 1358/814/332 489/812/332
f 1363/815/333 1361/816/333 1360/817/333
f 1891/818/334 1366/819/334 496/820/334
f 1891/818/335 1892/821/335 1366/819/335
f 1375/822/336 1373/823/336 505/824/336
f 1375/822/337 1374/825/337 1373/823/337
f 514/826/338 1381/827/338 1380/828/338
f 513/829/339 1381/827/339 514/826/339
f 1385/830/340 1383/831/340 519/832/340
f 528/833/341 1392/834/341 1391/835/341
f 550/836/342 1408/837/342 1903/838/342
f 1414/839/343 563/840/343 562/841/343
f 563/840/344 1414/839/344 1907/842/344
f 1428/843/345 1427/844/345 1913/845/345
f 1914/846/346 1430/847/346 1915/848/346
f 1917/849/347 588/850/347 1435/851/347
f 1917/849/348 1436/852/348 588/850/348
f 1467/853/349 1465/854/349 1464/855/349
f 1467/853/350 1466/856/350 1465/854/350
f 1477/857/351 1476/858/351 1924/859/351
f 1480/860/352 1479/861/352 1478/862/352
f 1926/863/353 649/864/353 1484/865/353
f 1498/866/354 1499/867/354 667/868/354
f 1504/869/355 1506/870/355 1505/871/355
f 1519/872/356 1520/873/356 1935/874/356
f 1521/875/357 1520/873/357 1519/872/357
f 1525/876/358 1523/877/358 1522/878/358
f 1524/879/359 1523/877/359 1525/876/359
f 1937/880/360 1526/881/360 1938/882/360
f 743/883/361 1565/884/361 744/885/361
f 1569/886/362 1568/887/362 749/888/362
f 1946/889/363 1579/890/363 1578/891/363
f 764/892/364 1579/890/364 1946/889/364
f 771/893/365 1585/894/365 1583/895/365
f 1596/896/366 785/897/366 1595/898/366
f 1947/899/367 1597/900/367 789/901/367
f 1599/902/368 1598/903/368 1601/904/368
f 1609/905/369 1607/906/369 1610/907/369
f 1623/908/370 1622/909/370 1952/910/370
f 1952/910/371 1622/909/371 816/911/371
f 1625/912/372 1624/913/372 816/911/372
f 1954/914/373 1635/915/373 1634/916/373
f 1641/917/374 1640/918/374 1639/919/374
f 1645/920/375 832/921/375 1644/922/375
f 1643/923/376 1642/924/376 1645/920/376
f 1648/925/377 1647/926/377 1646/927/377
f 1662/928/378 847/929/378 846/930/378
f 1662/928/379 1661/931/379 847/929/379
f 1664/932/380 853/933/380 1960/934/380
f 1683/935/381 874/936/381 1682/937/381
f 1683/935/382 1681/938/382 1680/939/382
f 887/940/383 1694/941/383 1693/942/383
f 1969/943/384 1695/944/384 890/945/384
f 1702/946/385 895/947/385 1701/948/385
f 897/949/386 1704/950/386 1703/951/386
f 1706/952/387 1707/953/387 898/954/387
f 1715/955/388 1713/956/388 1712/957/388
f 1722/958/389 914/959/389 1721/960/389
f 1722/958/390 1721/960/390 1719/961/390
f 1723/962/391 916/963/391 1980/964/391
f 920/965/392 1727/966/392 1726/967/392
f 1742/968/393 935/969/393 1741/970/393
f 1984/971/394 1743/972/394 938/973/394
f 1985/974/395 1743/972/395 1984/971/395
f 1753/975/396 945/976/396 943/977/396
f 956/978/397 1765/979/397 1763/980/397
f 19/31/398 978/981/398 20/29/398
f 20/29/399 978/981/399 979/982/399
f 1782/30/400 979/982/400 980/983/400
f 21/984/401 1783/985/401 22/986/401
f 1783/985/402 23/987/402 22/986/402
f 24/988/403 982/989/403 21/984/403
f 26/990/404 983/991/404 27/992/404
f 27/992/405 984/993/405 28/994/405
f 29/995/406 32/996/406 987/997/406
f 986/998/407 1784/999/407 32/996/407
f 37/1000/408 1786/1001/408 38/1002/408
f 41/1003/409 991/1004/409 42/1005/409
f 42/1005/410 992/1006/410 43/1007/410
f 46/1008/411 45/1009/411 995/1010/411
f 996/1011/412 1787/1012/412 46/1008/412
f 48/1013/413 998/1014/413 49/1015/413
f 49/1015/414 999/1016/414 50/1017/414
f 52/37/415 1001/1018/415 53/35/415
f 54/1019/416 1000/1020/416 51/36/416
f 1789/1021/417 55/1022/417 57/1023/417
f 58/40/418 1004/1024/418 59/38/418
f 68/1025/419 1007/1026/419 69/1027/419
f 69/1027/420 1008/1028/420 70/1029/420
f 71/43/421 1010/1030/421 72/41/421
f 1010/1030/422 73/42/422 72/41/422
f 80/1031/423 1017/1032/423 81/1033/423
f 81/1033/424 1018/1034/424 82/1035/424
f 1019/49/425 1020/1036/425 83/47/425
f 83/47/426 1020/1036/426 1021/50/426
f 1021/50/427 1022/1037/427 84/48/427
f 85/52/428 1792/1038/428 1023/1039/428
f 1024/53/429 1025/1040/429 86/51/429
f 88/1041/430 1026/1042/430 89/1043/430
f 1794/1044/431 1795/55/431 92/1045/431
f 1030/1046/432 1031/1047/432 94/1048/432
f 1797/1049/433 1033/58/433 1035/60/433
f 1034/1050/434 96/61/434 95/59/434
f 97/1051/435 1036/1052/435 98/64/435
f 100/1053/436 1039/1054/436 101/1055/436
f 102/66/437 1041/1056/437 103/68/437
f 107/71/438 1044/1057/438 108/69/438
f 109/72/439 1047/1058/439 1803/75/439
f 1050/78/440 1051/1059/440 112/76/440
f 1054/1060/441 1055/1061/441 113/1062/441
f 113/1062/442 1055/1061/442 1052/1063/442
f 116/1064/443 1056/1065/443 117/1066/443
f 117/1066/444 1057/1067/444 118/1068/444
f 1058/1069/445 120/1070/445 119/1071/445
f 124/80/446 1061/1072/446 125/81/446
f 125/81/447 1062/1073/447 1806/1074/447
f 127/83/448 1063/1075/448 128/85/448
f 1065/1076/449 1066/1077/449 131/1078/449
f 1807/1079/450 130/1080/450 132/1081/450
f 1066/1077/451 132/1081/451 131/1078/451
f 135/87/452 1068/1082/452 1069/1083/452
f 1070/1084/453 1071/1085/453 137/91/453
f 138/90/454 1072/89/454 1073/1086/454
f 1809/1087/455 139/1088/455 1074/1089/455
f 1080/1090/456 1810/1091/456 147/1092/456
f 1811/1093/457 146/1094/457 148/1095/457
f 150/1096/458 1081/1097/458 151/1098/458
f 1813/1099/459 1814/97/459 155/99/459
f 157/101/460 156/1100/460 1085/1101/460
f 1815/102/461 1086/1102/461 158/100/461
f 158/100/462 1086/1102/462 156/1100/462
f 1816/1103/463 159/104/463 161/1104/463
f 1089/1105/464 163/1106/464 162/1107/464
f 163/1106/465 1089/1105/465 1090/1108/465
f 1092/108/466 1093/1109/466 165/106/466
f 165/106/467 1093/1109/467 166/109/467
f 170/1110/468 1096/1111/468 1820/1112/468
f 1098/1113/469 173/1114/469 172/110/469
f 173/1114/470 1099/1115/470 174/111/470
f 1821/1116/471 178/1117/471 177/1118/471
f 176/1119/472 1100/1120/472 177/1118/472
f 1102/1121/473 1103/1122/473 180/114/473
f 182/117/474 1104/1123/474 183/118/474
f 183/118/475 1105/1124/475 1822/119/475
f 1106/122/476 1107/1125/476 184/120/476
f 185/123/477 1109/1126/477 186/121/477
f 187/1127/478 1113/1128/478 1823/1129/478
f 1824/1130/479 188/1131/479 191/125/479
f 1115/1132/480 190/124/480 189/126/480
f 194/128/481 193/127/481 1118/1133/481
f 195/131/482 1826/1134/482 196/132/482
f 1122/1135/483 1123/134/483 199/136/483
f 200/135/484 1123/134/484 1124/1136/484
f 201/137/485 1828/1137/485 202/140/485
f 205/141/486 1128/1138/486 206/142/486
f 207/146/487 1130/1139/487 208/1140/487
f 211/1141/488 1133/1142/488 212/1143/488
f 212/1143/489 1134/1144/489 213/1145/489
f 219/1146/490 218/1147/490 1137/1148/490
f 1832/1149/491 223/1150/491 222/1151/491
f 223/1150/492 1140/1152/492 224/1153/492
f 1833/147/493 1141/1154/493 1142/1155/493
f 1145/1156/494 1146/154/494 228/153/494
f 230/1157/495 1147/1158/495 228/153/495
f 1149/155/496 1150/1159/496 231/1160/496
f 231/1160/497 1151/1161/497 232/156/497
f 237/1162/498 1155/1163/498 238/1164/498
f 238/1164/499 1156/1165/499 239/1166/499
f 1836/1167/500 240/1168/500 244/159/500
f 241/1169/501 1157/1170/501 242/160/501
f 249/163/502 1160/1171/502 250/161/502
f 1161/1172/503 1162/1173/503 251/162/503
f 1165/170/504 1166/1174/504 256/168/504
f 260/1175/505 1170/1176/505 261/1177/505
f 261/1177/506 1171/1178/506 262/1179/506
f 1837/173/507 1172/1180/507 263/1181/507
f 263/1181/508 1172/1180/508 1173/1182/508
f 264/171/509 263/1181/509 1173/1183/509
f 1176/1184/510 270/175/510 269/1185/510
f 272/1186/511 1177/1187/511 273/1188/511
f 273/1188/512 1178/1189/512 274/1190/512
f 279/177/513 1183/1191/513 1839/1192/513
f 281/1193/514 1186/1194/514 1840/1195/514
f 1188/1196/515 284/1197/515 283/1198/515
f 287/184/516 1193/1199/516 1842/181/516
f 287/184/517 1192/1200/517 1193/1199/517
f 1191/1201/518 1192/1200/518 287/184/518
f 1194/189/519 1195/1202/519 288/188/519
f 288/188/520 1195/1202/520 289/187/520
f 1198/1203/521 1843/192/521 291/191/521
f 292/190/522 1200/1204/522 293/1205/522
f 1844/1206/523 294/1207/523 297/1208/523
f 295/1209/524 1201/1210/524 296/1211/524
f 298/1212/525 1202/1213/525 299/1214/525
f 306/1215/526 305/1216/526 1206/1217/526
f 1848/1218/527 305/1216/527 308/1219/527
f 306/1215/528 1206/1217/528 307/1220/528
f 307/1220/529 1848/1218/529 308/1219/529
f 1208/1221/530 1209/1222/530 309/1223/530
f 312/198/531 1212/1224/531 313/196/531
f 313/196/532 1212/1224/532 1213/1225/532
f 1213/1225/533 314/199/533 313/196/533
f 317/1226/534 1850/1227/534 318/200/534
f 1852/1228/535 320/1229/535 319/1230/535
f 323/205/536 1854/1231/536 324/203/536
f 330/1232/537 1222/1233/537 331/1234/537
f 338/1235/538 1228/1236/538 339/1237/538
f 1229/1238/539 337/1239/539 340/1240/539
f 341/1241/540 1231/1242/540 342/1243/540
f 342/1243/541 1232/1244/541 343/1245/541
f 344/215/542 1236/1246/542 345/1247/542
f 347/218/543 1239/1248/543 348/219/543
f 1240/1249/544 1859/1250/544 350/1251/544
f 350/1251/545 1241/1252/545 1858/1253/545
f 1243/1254/546 353/221/546 352/223/546
f 353/221/547 1244/1255/547 1860/222/547
f 356/1256/548 1247/1257/548 357/1258/548
f 1249/1259/549 1861/226/549 361/1260/549
f 1250/1261/550 1251/1262/550 362/1263/550
f 362/1263/551 1251/1262/551 1252/1264/551
f 362/1263/552 1252/1264/552 363/1265/552
f 364/1266/553 1862/1267/553 1250/1261/553
f 363/1265/554 1862/1267/554 364/1266/554
f 1254/1268/555 1255/1269/555 366/1270/555
f 367/1271/556 1256/1272/556 365/1273/556
f 369/1274/557 1257/1275/557 1258/1276/557
f 369/1274/558 1259/1277/558 370/1278/558
f 1261/230/559 1262/1279/559 374/228/559
f 377/231/560 376/1280/560 1264/1281/560
f 375/233/561 1266/232/561 1263/1282/561
f 385/1283/562 384/1284/562 1864/1285/562
f 1273/1286/563 1274/1287/563 387/1288/563
f 391/1289/564 1276/1290/564 389/1291/564
f 389/1291/565 1276/1290/565 1277/1292/565
f 392/1293/566 1280/242/566 1865/1294/566
f 397/247/567 1283/1295/567 398/245/567
f 398/245/568 1283/1295/568 1281/246/568
f 1866/1296/569 399/1297/569 401/1298/569
f 400/1299/570 1285/1300/570 401/1298/570
f 403/249/571 402/248/571 1286/1301/571
f 1868/251/572 1288/1302/572 404/250/572
f 1289/1303/573 1870/1304/573 406/1305/573
f 410/255/574 1293/1306/574 411/258/574
f 412/256/575 411/258/575 1873/1307/575
f 1294/1308/576 1295/1309/576 413/1310/576
f 413/1310/577 1295/1309/577 1296/1311/577
f 413/1310/578 1296/1311/578 414/1312/578
f 414/1312/579 1297/1313/579 415/1314/579
f 417/259/580 1298/1315/580 416/260/580
f 416/260/581 1298/1315/581 1299/1316/581
f 417/259/582 1301/261/582 1302/1317/582
f 1875/265/583 1874/1318/583 419/263/583
f 421/1319/584 1305/1320/584 422/1321/584
f 422/1321/585 1306/1322/585 423/1323/585
f 425/1324/586 1307/1325/586 426/268/586
f 1309/1326/587 1310/272/587 429/269/587
f 434/275/588 1312/274/588 1313/1327/588
f 436/1328/589 1314/1329/589 437/1330/589
f 442/279/590 1320/1331/590 443/277/590
f 446/1332/591 1322/1333/591 447/1334/591
f 448/1335/592 1324/1336/592 1878/1337/592
f 453/286/593 1327/1338/593 454/288/593
f 456/290/594 1330/1339/594 457/291/594
f 457/291/595 1331/1340/595 1881/1341/595
f 459/1342/596 1332/1343/596 460/1344/596
f 1336/1345/597 464/292/597 463/294/597
f 467/296/598 1883/1346/598 468/297/598
f 468/297/599 1339/1347/599 1882/298/599
f 470/1348/600 1340/301/600 471/300/600
f 1886/1349/601 1345/1350/601 476/1351/601
f 480/303/602 1349/1352/602 1350/1353/602
f 480/303/603 1350/1353/603 481/304/603
f 481/304/604 1350/1353/604 1351/1354/604
f 483/1355/605 1352/1356/605 484/1357/605
f 1354/1358/606 486/1359/606 485/1360/606
f 486/1359/607 1355/1361/607 487/1362/607
f 489/307/608 1358/1363/608 490/305/608
f 490/305/609 1359/1364/609 491/306/609
f 494/1365/610 1364/1366/610 495/1367/610
f 497/313/611 496/1368/611 1366/1369/611
f 1891/1370/612 496/1368/612 499/312/612
f 1367/1371/613 1894/1372/613 501/1373/613
f 1893/1374/614 500/1375/614 502/1376/614
f 1369/1377/615 1370/316/615 503/315/615
f 1380/1378/616 512/1379/616 511/1380/616
f 519/1381/617 1383/1382/617 520/1383/617
f 1388/1384/618 524/1385/618 526/1386/618
f 1899/1387/619 527/1388/619 1392/1389/619
f 1391/1390/620 527/1388/620 528/1391/620
f 1900/1392/621 529/1393/621 1394/1394/621
f 530/1395/622 1901/1396/622 531/1397/622
f 535/327/623 1397/1398/623 532/1399/623
f 534/329/624 1397/1398/624 535/327/624
f 1401/1400/625 540/1401/625 539/1402/625
f 542/1403/626 1401/1400/626 539/1402/626
f 1402/1404/627 542/1403/627 541/1405/627
f 1404/1406/628 544/1407/628 543/1408/628
f 546/1409/629 1404/1406/629 543/1408/629
f 1405/1410/630 546/1409/630 545/1411/630
f 1409/1412/631 553/1413/631 1904/338/631
f 1905/1414/632 554/1415/632 557/1416/632
f 1414/1417/633 561/1418/633 564/342/633
f 1420/1419/634 571/349/634 573/348/634
f 1420/1419/635 573/348/635 572/1420/635
f 574/1421/636 1911/1422/636 575/1423/636
f 575/1423/637 1911/1422/637 1422/1424/637
f 576/1425/638 1421/1426/638 574/1421/638
f 579/1427/639 1912/1428/639 577/1429/639
f 1426/1430/640 1913/1431/640 580/1432/640
f 581/1433/641 1427/1434/641 1428/1435/641
f 583/1436/642 582/1437/642 1429/1438/642
f 583/1436/643 1429/1439/643 584/1440/643
f 585/1441/644 1915/1442/644 582/1437/644
f 1434/1443/645 1431/1444/645 586/1445/645
f 1433/1446/646 1434/1443/646 587/1447/646
f 1917/1448/647 1435/352/647 590/1449/647
f 589/351/648 1917/1448/648 590/1449/648
f 1439/1450/649 1440/1451/649 595/1452/649
f 595/1452/650 1440/1451/650 1918/1453/650
f 604/1454/651 1444/1455/651 601/1456/651
f 1447/1457/652 606/1458/652 605/1459/652
f 1452/1460/653 614/358/653 613/1461/653
f 616/357/654 1452/1460/654 613/1461/654
f 617/1462/655 1455/1463/655 618/362/655
f 1459/1464/656 1457/363/656 622/1465/656
f 621/365/657 1459/1464/657 622/1465/657
f 1461/1466/658 1921/368/658 623/367/658
f 624/366/659 1460/1467/659 623/367/659
f 631/369/660 1468/1468/660 628/1469/660
f 1473/1470/661 1923/1471/661 637/1472/661
f 1474/1473/662 1475/1474/662 638/1475/662
f 638/1475/663 1476/1476/663 639/1477/663
f 1478/1478/664 642/1479/664 641/377/664
f 1925/376/665 643/375/665 1480/1480/665
f 650/378/666 1484/1481/666 648/379/666
f 1485/1482/667 654/1483/667 653/1484/667
f 657/381/668 1927/1485/668 655/1486/668
f 658/386/669 1929/1487/669 659/384/669
f 1489/1488/670 660/385/670 659/384/670
f 659/384/671 1490/1489/671 1491/1490/671
f 1493/1491/672 663/1492/672 662/1493/672
f 1495/1494/673 665/1495/673 664/1496/673
f 666/1497/674 1495/1494/674 664/1496/674
f 1500/1498/675 670/390/675 672/1499/675
f 676/395/676 1506/1500/676 673/393/676
f 674/396/677 1504/1501/677 675/397/677
f 1933/1502/678 677/1503/678 1507/1504/678
f 679/1505/679 1509/1506/679 677/1503/679
f 678/1507/680 1509/1506/680 679/1505/680
f 1510/1508/681 681/399/681 680/1509/681
f 682/398/682 1510/1508/682 680/1509/682
f 1934/400/683 1512/1510/683 682/398/683
f 1513/1511/684 684/1512/684 683/1513/684
f 686/1514/685 1513/1511/685 683/1513/685
f 1514/1515/686 686/1514/686 685/1516/686
f 690/1517/687 1935/1518/687 691/1519/687
f 691/1519/688 1935/1518/688 1520/1520/688
f 692/1521/689 1520/1520/689 1521/1522/689
f 1936/405/690 1522/1523/690 693/406/690
f 697/407/691 1526/409/691 1937/1524/691
f 703/1525/692 1940/1526/692 704/415/692
f 704/415/693 1940/1526/693 705/413/693
f 706/414/694 705/413/694 1534/1527/694
f 716/1528/695 715/1529/695 1543/1530/695
f 1544/1531/696 718/1532/696 717/1533/696
f 1544/1531/697 717/1533/697 719/1534/697
f 1547/1535/698 721/1536/698 720/1537/698
f 723/1538/699 1547/1535/699 720/1537/699
f 725/1539/700 1550/1540/700 1942/1541/700
f 1551/1542/701 726/1543/701 1942/1541/701
f 731/416/702 1556/1544/702 732/417/702
f 733/419/703 1557/418/703 1558/1545/703
f 1560/1546/704 735/1547/704 734/422/704
f 1564/1548/705 739/423/705 738/1549/705
f 1563/1550/706 738/1549/706 737/425/706
f 741/1551/707 1565/1552/707 742/426/707
f 745/1553/708 1566/1554/708 746/1555/708
f 750/1556/709 1569/1557/709 751/1558/709
f 754/1559/710 1572/1560/710 755/1561/710
f 758/1562/711 757/1563/711 1575/1564/711
f 1946/1565/712 1578/433/712 762/432/712
f 1946/1565/713 762/432/713 764/1566/713
f 766/436/714 1581/1567/714 767/437/714
f 1583/1568/715 769/439/715 771/441/715
f 775/443/716 1587/1569/716 772/1570/716
f 774/442/717 1587/1569/717 775/443/717
f 1588/1571/718 777/1572/718 776/1573/718
f 779/1574/719 1588/1571/719 776/1573/719
f 1589/1575/720 779/1574/720 778/1576/720
f 1592/1577/721 782/1578/721 781/1579/721
f 784/1580/722 783/1581/722 1595/1582/722
f 786/1583/723 1596/1584/723 787/1585/723
f 1598/449/724 1599/1586/724 792/448/724
f 1948/1587/725 794/451/725 796/453/725
f 796/453/726 1604/1588/726 1948/1587/726
f 795/450/727 1604/1588/727 796/453/727
f 1949/1589/728 797/455/728 799/1590/728
f 801/1591/729 1610/1592/729 802/1593/729
f 806/463/730 1613/1594/730 807/461/730
f 808/462/731 1614/464/731 1615/1595/731
f 1620/1596/732 813/465/732 812/1597/732
f 815/1598/733 816/1599/733 1622/1600/733
f 1623/1601/734 1952/1602/734 815/1598/734
f 815/1598/735 1952/1602/735 1624/1603/735
f 823/1604/736 1628/1605/736 820/1606/736
f 824/1607/737 1632/1608/737 825/1609/737
f 827/1610/738 1631/1611/738 824/1607/738
f 829/1612/739 1639/1613/739 1640/1614/739
f 1642/1615/740 1643/1616/740 830/1617/740
f 833/1618/741 1646/1619/741 834/1620/741
f 1649/1621/742 835/1622/742 837/1623/742
f 837/1623/743 1650/1624/743 1651/1625/743
f 1652/1626/744 839/1627/744 838/1628/744
f 840/1629/745 1652/1626/745 838/1628/745
f 1655/1630/746 843/1631/746 842/1632/746
f 848/1633/747 1662/1634/747 849/1635/747
f 854/1636/748 1667/1637/748 855/1638/748
f 855/1638/749 1667/1637/749 1961/1639/749
f 858/1640/750 1670/1641/750 859/1642/750
f 1673/1643/751 1674/1644/751 862/1645/751
f 865/468/752 1965/1646/752 866/469/752
f 1964/1647/753 865/468/753 868/1648/753
f 868/1648/754 867/470/754 1964/1647/754
f 874/1649/755 1680/1650/755 872/1651/755
f 875/473/756 1685/1652/756 876/471/756
f 876/471/757 1686/1653/757 877/1654/757
f 881/1655/758 1688/1656/758 1968/475/758
f 880/474/759 1688/1656/759 881/1655/759
f 884/1657/760 1691/1658/760 885/1659/760
f 1692/1660/761 888/477/761 887/1661/761
f 892/1662/762 1696/1663/762 891/1664/762
f 1697/1665/763 1972/1666/763 891/1664/763
f 1972/1666/764 1699/1667/764 892/1662/764
f 1973/1668/765 893/1669/765 1700/1670/765
f 1709/1671/766 901/493/766 900/1672/766
f 903/492/767 1709/1671/767 900/1672/767
f 1977/497/768 1713/1673/768 904/1674/768
f 905/496/769 1714/495/769 1715/1675/769
f 1716/1676/770 1978/1677/770 908/498/770
f 1717/1678/771 909/503/771 1979/502/771
f 915/507/772 1719/1679/772 912/1680/772
f 921/1681/773 1726/1682/773 919/1683/773
f 919/1683/774 1726/1682/774 1727/1684/774
f 1725/1685/775 921/1681/775 920/1686/775
f 1734/1687/776 928/1688/776 927/1689/776
f 929/1690/777 1733/1691/777 927/1689/777
f 1742/1692/778 934/1693/778 936/510/778
f 1743/1694/779 1985/1695/779 1986/513/779
f 940/1696/780 1744/1697/780 939/1698/780
f 1745/1699/781 1987/1700/781 939/1698/781
f 1987/1700/782 1747/1701/782 940/1696/782
f 942/1702/783 1748/1703/783 941/1704/783
f 1749/1705/784 1988/1706/784 941/1704/784
f 943/516/785 1752/1707/785 944/514/785
f 1760/1708/786 1992/520/786 952/519/786
f 953/518/787 1759/1709/787 952/519/787
f 1992/520/788 1762/1710/788 953/518/788
f 954/1711/789 1764/1712/789 955/1713/789
f 1772/1714/790 963/1715/790 966/1716/790
f 970/1717/791 1774/1718/791 967/1719/791
f 1775/1720/792 970/1717/792 969/1721/792
f 972/1722/793 1777/1723/793 1993/1724/793
f 976/1725/794 1781/1726/794 977/1727/794
f 1783/528/795 21/1728/795 981/529/795
f 984/1729/796 27/1730/796 983/1731/796
f 985/1732/797 986/1733/797 31/1734/797
f 991/1735/798 992/1736/798 42/1737/798
f 993/1738/799 994/1739/799 45/1740/799
f 994/1739/800 995/538/800 45/1740/800
f 998/1741/801 999/1742/801 49/1743/801
f 1001/541/802 54/540/802 53/1744/802
f 1789/546/803 56/1745/803 1002/545/803
f 1008/1746/804 69/1747/804 1007/1748/804
f 1016/1749/805 77/1750/805 1015/1751/805
f 1017/1752/806 1018/1753/806 81/1754/806
f 1027/1755/807 89/1756/807 1026/1757/807
f 1028/563/808 1795/1758/808 1794/561/808
f 1031/565/809 1032/564/809 94/1759/809
f 1035/1760/810 96/1761/810 1034/567/810
f 1039/574/811 1040/573/811 101/1762/811
f 1042/578/812 1800/577/812 105/1763/812
f 1043/1764/813 107/1765/813 106/1766/813
f 1045/1767/814 108/1768/814 1044/1769/814
f 1048/583/815 1049/582/815 1804/1770/815
f 1056/1771/816 1057/1772/816 117/1773/816
f 1060/1774/817 121/1775/817 1059/1776/817
f 1061/1777/818 1062/1778/818 125/1779/818
f 1064/589/819 128/1780/819 1063/590/819
f 1069/1781/820 133/1782/820 136/1783/820
f 1073/592/821 1070/1784/821 138/1785/821
f 1077/1786/822 1078/1787/822 143/1788/822
f 1079/1789/823 143/1788/823 1078/1787/823
f 1810/601/824 1811/600/824 147/1790/824
f 1812/605/825 1082/602/825 149/1791/825
f 1083/607/826 1814/1792/826 1813/608/826
f 153/606/827 1084/1793/827 154/1794/827
f 1817/1795/828 159/1796/828 1816/1797/828
f 1087/1798/829 1088/1799/829 160/1800/829
f 1091/613/830 162/1801/830 1818/616/830
f 169/1802/831 1095/1803/831 170/1804/831
f 1099/1805/832 173/1806/832 1098/1807/832
f 1105/1808/833 183/1809/833 1104/1810/833
f 1111/1811/834 1112/1812/834 187/1813/834
f 1110/1814/835 1823/1815/835 1113/1816/835
f 1115/626/836 1824/625/836 190/1817/836
f 1825/1818/837 1118/1819/837 193/1820/837
f 1128/632/838 205/1821/838 1127/633/838
f 1129/637/839 207/1822/839 1829/1823/839
f 1129/637/840 1829/1823/840 1132/635/840
f 1134/1824/841 212/1825/841 1133/1826/841
f 1140/1827/842 223/1828/842 1832/1829/842
f 1144/640/843 225/1830/843 227/1831/843
f 226/638/844 1144/640/844 227/1831/844
f 1150/645/845 1151/644/845 231/1832/845
f 1153/1833/846 1154/1834/846 234/1835/846
f 1156/1836/847 238/1837/847 1155/1838/847
f 1159/1839/848 245/1840/848 248/1841/848
f 1158/1842/849 1159/1839/849 247/1843/849
f 253/1844/850 1163/654/850 254/1845/850
f 255/653/851 1164/655/851 252/1846/851
f 1163/654/852 255/653/852 254/1845/852
f 1169/658/853 1165/657/853 258/1847/853
f 1168/660/854 257/659/854 1167/1848/854
f 1171/1849/855 261/1850/855 1170/1851/855
f 1176/666/856 266/665/856 270/1852/856
f 1175/664/857 1176/666/857 269/1853/857
f 1177/1854/858 1178/1855/858 273/1856/858
f 1179/670/859 277/1857/859 276/668/859
f 1182/1858/860 1183/1859/860 279/1860/860
f 1188/1861/861 1189/677/861 284/1862/861
f 1199/1863/862 1200/1864/862 292/1865/862
f 1844/1866/863 296/1867/863 1201/1868/863
f 1202/1869/864 1203/1870/864 300/1871/864
f 1205/1872/865 1846/1873/865 304/1874/865
f 1207/1875/866 307/1876/866 1206/679/866
f 1210/1877/867 309/1878/867 1209/1879/867
f 1210/1877/868 1211/1880/868 310/1881/868
f 1213/681/869 315/683/869 314/1882/869
f 1215/1883/870 316/1884/870 1849/1885/870
f 1850/1886/871 1216/1887/871 318/1888/871
f 1852/1889/872 1851/1890/872 320/1891/872
f 1854/687/873 1853/686/873 324/1892/873
f 1219/1893/874 329/1894/874 1221/1895/874
f 1220/691/875 327/690/875 326/1896/875
f 1224/694/876 330/693/876 1855/1897/876
f 1230/704/877 341/1898/877 1857/1899/877
f 1238/710/878 1239/709/878 347/1900/878
f 1859/1901/879 1241/1902/879 350/1903/879
f 1243/715/880 1244/714/880 353/1904/880
f 355/1905/881 1246/1906/881 356/1907/881
f 1247/1908/882 356/1907/882 1246/1906/882
f 1248/717/883 361/716/883 360/1909/883
f 1249/718/884 358/1910/884 1861/1911/884
f 359/1912/885 1248/717/885 360/1909/885
f 1259/1913/886 369/1914/886 1258/1915/886
f 1260/1916/887 371/1917/887 374/1918/887
f 381/1919/888 1270/734/888 1863/1920/888
f 1272/739/889 1864/738/889 384/1921/889
f 1275/740/890 387/1922/890 1274/741/890
f 1277/745/891 1278/744/891 389/1923/891
f 1276/743/892 391/1924/892 390/746/892
f 1865/749/893 393/1925/893 392/1926/893
f 1867/1927/894 399/1928/894 1866/1929/894
f 1284/1930/895 1285/1931/895 400/1932/895
f 1291/757/896 407/1933/896 1871/760/896
f 1293/762/897 1873/761/897 411/1934/897
f 1296/1935/898 1297/764/898 414/1936/898
f 1302/767/899 1298/769/899 417/1937/899
f 1874/1938/900 1875/1939/900 1304/1940/900
f 1305/1941/901 1306/1942/901 422/1943/901
f 1307/1944/902 427/1945/902 426/1946/902
f 1314/776/903 1315/775/903 437/1947/903
f 1319/780/904 1316/1948/904 439/1949/904
f 1319/780/905 1876/1950/905 1318/778/905
f 1321/781/906 441/783/906 445/1951/906
f 1325/790/907 451/792/907 1879/1952/907
f 1330/1953/908 1331/1954/908 457/1955/908
f 1332/1956/909 1333/1957/909 460/1958/909
f 1337/1959/910 464/1960/910 1336/1961/910
f 1338/1962/911 466/1963/911 1882/1964/911
f 1338/1962/912 467/1965/912 466/1963/912
f 1883/1966/913 1339/1967/913 468/1968/913
f 472/800/914 1340/797/914 1341/799/914
f 1346/807/915 1347/806/915 477/1969/915
f 1352/809/916 1353/808/916 484/1970/916
f 1356/1971/917 485/1972/917 488/1973/917
f 1357/813/918 491/1974/918 1359/811/918
f 1362/1975/919 492/1976/919 1889/1977/919
f 1365/1978/920 495/1979/920 1364/1980/920
f 1367/1981/921 500/1982/921 1893/1983/921
f 1894/1984/922 1368/1985/922 501/1986/922
f 1369/1987/923 503/1988/923 1372/1989/923
f 1374/825/924 507/1990/924 1373/823/924
f 1381/827/925 512/1991/925 1380/828/925
f 1384/1992/926 520/1993/926 1383/831/926
f 1388/1994/927 1389/1995/927 524/1996/927
f 1391/835/928 1392/834/928 527/1997/928
f 1393/1998/929 1899/1999/929 1392/834/929
f 1395/2000/930 530/2001/930 1900/2002/930
f 1398/2003/931 536/2004/931 1902/2005/931
f 1407/2006/932 547/2007/932 1903/838/932
f 1407/2006/933 549/2008/933 548/2009/933
f 551/2010/934 553/2011/934 1410/2012/934
f 1411/2013/935 556/2014/935 555/2015/935
f 565/2016/936 1908/2017/936 1415/2018/936
f 567/2019/937 1415/2018/937 1908/2017/937
f 565/2016/938 1416/2020/938 566/2021/938
f 577/2022/939 1912/2023/939 1425/2024/939
f 1428/843/940 1426/2025/940 581/2026/940
f 1432/2027/941 1916/2028/941 1431/2029/941
f 1432/2027/942 1433/2030/942 587/2031/942
f 1436/852/943 589/2032/943 588/850/943
f 1437/2033/944 593/2034/944 592/2035/944
f 1441/2036/945 1439/2037/945 597/2038/945
f 1443/2039/946 598/2040/946 600/2041/946
f 1450/2042/947 611/2043/947 610/2044/947
f 1458/2045/948 621/2046/948 620/2047/948
f 1464/855/949 625/2048/949 1467/853/949
f 1922/2049/950 630/2050/950 1469/2051/950
f 1473/2052/951 636/2053/951 1472/2054/951
f 642/2055/952 1479/861/952 643/2056/952
f 1479/861/953 1480/860/953 643/2056/953
f 649/864/954 648/2057/954 1484/865/954
f 1928/2058/955 656/2059/955 1487/2060/955
f 1492/2061/956 1493/2062/956 662/2063/956
f 1496/2064/957 1930/2065/957 665/2066/957
f 1500/2067/958 1501/2068/958 670/2069/958
f 1502/2070/959 672/2071/959 671/2072/959
f 1508/2073/960 678/2074/960 1933/2075/960
f 1934/2076/961 681/2077/961 1511/2078/961
f 1518/2079/962 1516/2080/962 689/2081/962
f 1521/875/963 1519/872/963 692/2082/963
f 1524/879/964 1525/876/964 1936/2083/964
f 1532/2084/965 1530/2085/965 702/2086/965
f 1534/2087/966 703/2088/966 706/2089/966
f 1533/2090/967 1534/2087/967 705/2091/967
f 1537/2092/968 708/2093/968 1536/2094/968
f 1539/2095/969 712/2096/969 711/2097/969
f 1540/2098/970 712/2096/970 1539/2095/970
f 1543/2099/971 1541/2100/971 716/2101/971
f 1542/2102/972 1543/2099/972 715/2103/972
f 1558/2104/973 1555/2105/973 733/2106/973
f 1557/2107/974 732/2108/974 1556/2109/974
f 1559/2110/975 1943/2111/975 1561/2112/975
f 750/2113/976 1944/2114/976 1568/887/976
f 1571/2115/977 754/2116/977 753/2117/977
f 1571/2115/978 1572/2118/978 754/2116/978
f 1574/2119/979 757/2120/979 756/2121/979
f 1575/2122/980 1573/2123/980 758/2124/980
f 1574/2119/981 1575/2122/981 757/2120/981
f 767/2125/982 1582/2126/982 768/2127/982
f 780/2128/983 782/2129/983 1593/2130/983
f 1947/899/984 789/901/984 788/2131/984
f 1600/2132/985 792/2133/985 1599/902/985
f 1948/2134/986 1602/2135/986 794/2136/986
f 1603/2137/987 795/2138/987 1602/2135/987
f 1609/905/988 801/2139/988 1608/2140/988
f 803/2141/989 1950/2142/989 1612/2143/989
f 1615/2144/990 806/2145/990 808/2146/990
f 1621/2147/991 814/2148/991 813/2149/991
f 1619/2150/992 1951/2151/992 814/2148/992
f 1626/2152/993 1627/2153/993 818/2154/993
f 1632/2155/994 824/2156/994 1631/2157/994
f 1644/922/995 830/2158/995 1643/923/995
f 1648/925/996 833/2159/996 1956/2160/996
f 1647/926/997 834/2161/997 1646/927/997
f 836/2162/998 835/2163/998 1649/2164/998
f 845/2165/999 1958/2166/999 1660/2167/999
f 1661/931/1000 848/2168/1000 847/929/1000
f 1663/2169/1001 1960/934/1001 851/2170/1001
f 1671/2171/1002 860/2172/1002 859/2173/1002
f 1675/2174/1003 863/2175/1003 1673/2176/1003
f 1676/2177/1004 865/2178/1004 1964/2179/1004
f 1677/2180/1005 1964/2179/1005 867/2181/1005
f 1682/937/1006 874/936/1006 873/2182/1006
f 1682/937/1007 1967/2183/1007 1681/938/1007
f 1682/937/1008 873/2182/1008 1967/2183/1008
f 1687/2184/1009 880/2185/1009 879/2186/1009
f 1690/2187/1010 884/2188/1010 883/2189/1010
f 1691/2190/1011 884/2188/1011 1690/2187/1011
f 1693/942/1012 1694/941/1012 886/2191/1012
f 1698/2192/1013 1699/2193/1013 1972/2194/1013
f 1701/948/1014 895/947/1014 894/2195/1014
f 1702/946/1015 893/2196/1015 896/2197/1015
f 1701/948/1016 894/2195/1016 1973/2198/1016
f 1703/951/1017 1704/950/1017 1975/2199/1017
f 1712/957/1018 1977/2200/1018 1715/955/1018
f 1715/955/1019 1977/2200/1019 905/2201/1019
f 1714/2202/1020 904/2203/1020 1713/956/1020
f 1718/2204/1021 910/2205/1021 909/2206/1021
f 1721/960/1022 914/959/1022 913/2207/1022
f 1720/2208/1023 1721/960/1023 913/2207/1023
f 1724/2209/1024 917/2210/1024 1723/962/1024
f 1730/2211/1025 1728/2212/1025 924/2213/1025
f 1732/2214/1026 926/2215/1026 1731/2216/1026
f 1738/2217/1027 932/2218/1027 931/2219/1027
f 1739/2220/1028 932/2218/1028 1738/2217/1028
f 1741/970/1029 935/969/1029 1983/2221/1029
f 1747/2222/1030 1987/2223/1030 1746/2224/1030
f 1751/2225/1031 1988/2226/1031 1750/2227/1031
f 945/976/1032 944/2228/1032 1752/2229/1032
f 1754/2230/1033 949/2231/1033 948/2232/1033
f 1762/2233/1034 1992/2234/1034 1761/2235/1034
f 1765/979/1035 955/2236/1035 1764/2237/1035
f 957/2238/1036 959/2239/1036 1768/2240/1036
f 1773/2241/1037 966/2242/1037 965/2243/1037
f 1780/2244/1038 976/2245/1038 975/2246/1038
f 1781/2247/1039 976/2245/1039 1780/2244/1039
f 4/10/1040 13/2248/1040 5/2249/1040
f 6/2/1041 10/1/1041 2/17/1041
f 18/5/1042 3/8/1042 11/21/1042
f 12/7/1043 17/6/1043 13/22/1043
f 17/6/1044 18/5/1044 16/27/1044
f 2/17/1045 3/2250/1045 14/12/1045
f 4/10/1046 5/2249/1046 9/3/1046
f 15/18/1047 14/2251/1047 3/8/1047
f 10/2252/1048 18/5/1048 1/20/1048
f 3/8/1049 2/2253/1049 11/21/1049
f 12/7/1050 6/2254/1050 15/18/1050
f 17/6/1051 9/2255/1051 5/2256/1051
f 20/29/1052 979/982/1052 1782/30/1052
f 28/994/1053 25/2257/1053 26/990/1053 27/992/1053
f 32/996/1054 29/995/1054 30/2258/1054 31/2259/1054
f 39/2260/1055 36/2261/1055 37/1000/1055 38/1002/1055
f 31/2259/1056 986/998/1056 32/996/1056
f 33/2262/1057 34/32/1057 988/34/1057
f 34/32/1058 35/2263/1058 1785/33/1058
f 43/1007/1059 40/2264/1059 41/1003/1059 42/1005/1059
f 45/1009/1060 1787/1012/1060 44/2265/1060 993/2266/1060
f 48/1013/1061 49/1015/1061 50/1017/1061 47/2267/1061
f 45/1009/1062 46/1008/1062 1787/1012/1062
f 55/1022/1063 1788/2268/1063 56/2269/1063 57/1023/1063
f 53/35/1064 54/1019/1064 51/36/1064
f 65/2270/1065 66/2271/1065 63/2272/1065 64/2273/1065
f 58/40/1066 61/39/1066 1003/2274/1066
f 60/2275/1067 61/39/1067 59/38/1067
f 1005/2276/1068 63/2272/1068 62/2277/1068
f 66/2271/1069 62/2277/1069 63/2272/1069
f 68/1025/1070 69/1027/1070 70/1029/1070 67/2278/1070
f 80/1031/1071 81/1033/1071 82/1035/1071 79/2279/1071
f 71/43/1072 73/42/1072 1009/2280/1072
f 75/46/1073 1791/45/1073 74/2281/1073
f 1014/2282/1074 77/2283/1074 76/2284/1074
f 78/2285/1075 76/2284/1075 77/2283/1075
f 88/1041/1076 89/1043/1076 1793/2286/1076 87/2287/1076
f 86/51/1077 1792/1038/1077 85/52/1077
f 92/1045/1078 1795/55/1078 91/57/1078 1029/2288/1078
f 93/2289/1079 1030/1046/1079 94/1048/1079 1796/2290/1079
f 99/2291/1080 100/1053/1080 101/1055/1080 1799/2292/1080
f 98/64/1081 1798/63/1081 97/1051/1081
f 114/2293/1082 1805/2294/1082 1054/1060/1082 113/1062/1082
f 103/68/1083 104/2295/1083 105/67/1083
f 108/69/1084 1801/2296/1084 106/70/1084
f 111/77/1085 112/76/1085 1804/2297/1085
f 116/1064/1086 117/1066/1086 118/1068/1086 115/2298/1086
f 120/1070/1087 121/2299/1087 122/2300/1087 119/1071/1087
f 130/1080/1088 1065/1076/1088 131/1078/1088 132/1081/1088
f 1806/1074/1089 123/79/1089 125/81/1089
f 134/86/1090 136/88/1090 133/2301/1090 1067/2302/1090
f 1809/1087/1091 140/2303/1091 141/2304/1091 139/1088/1091
f 137/91/1092 138/90/1092 1070/1084/1092
f 1080/1090/1093 147/1092/1093 148/1095/1093 146/1094/1093
f 142/2305/1094 143/92/1094 145/94/1094
f 143/92/1095 1079/2306/1095 144/93/1095
f 149/2307/1096 150/1096/1096 151/1098/1096 152/2308/1096
f 168/2309/1097 169/2310/1097 170/1110/1097 1820/1112/1097
f 157/101/1098 158/100/1098 156/1100/1098
f 160/103/1099 161/1104/1099 159/104/1099
f 164/2311/1100 162/1107/1100 163/1106/1100
f 178/1117/1101 175/2312/1101 176/1119/1101 177/1118/1101
f 172/110/1102 173/1114/1102 174/111/1102
f 1110/2313/1103 1111/2314/1103 187/1127/1103 1823/1129/1103
f 179/113/1104 1102/1121/1104 180/114/1104
f 213/1145/1105 210/2315/1105 211/1141/1105 212/1143/1105
f 189/126/1106 191/125/1106 188/1131/1106
f 195/131/1107 198/130/1107 1119/2316/1107
f 200/135/1108 1121/2317/1108 199/136/1108
f 1126/2318/1109 205/141/1109 204/143/1109
f 208/1140/1110 209/144/1110 207/146/1110
f 217/2319/1111 214/2320/1111 215/2321/1111 216/2322/1111
f 239/1166/1112 236/2323/1112 237/1162/1112 238/1164/1112
f 219/1146/1113 1831/2324/1113 218/1147/1113
f 219/1146/1114 220/2325/1114 1831/2324/1114
f 224/1153/1115 221/2326/1115 222/1151/1115
f 222/1151/1116 223/1150/1116 224/1153/1116
f 1141/1154/1117 1833/147/1117 225/149/1117
f 1833/147/1118 226/151/1118 227/148/1118
f 229/152/1119 230/1157/1119 228/153/1119
f 1149/155/1120 231/1160/1120 232/156/1120
f 235/2327/1121 1835/2328/1121 233/2329/1121
f 233/2329/1122 234/2330/1122 235/2327/1122
f 244/159/1123 240/1168/1123 241/1169/1123 242/160/1123
f 248/2331/1124 245/2332/1124 246/2333/1124 247/2334/1124
f 257/2335/1125 258/169/1125 256/168/1125 1167/2336/1125
f 250/161/1126 1161/1172/1126 251/162/1126
f 262/1179/1127 259/2337/1127 260/1175/1127 261/1177/1127
f 274/1190/1128 271/2338/1128 272/1186/1128 273/1188/1128
f 263/1181/1129 264/171/1129 1837/173/1129
f 267/2339/1130 268/174/1130 266/176/1130
f 268/174/1131 269/1185/1131 270/175/1131
f 1838/2340/1132 275/2341/1132 276/2342/1132 277/2343/1132
f 1184/2344/1133 280/2345/1133 281/1193/1133 1840/1195/1133
f 279/177/1134 1839/1192/1134 278/178/1134
f 294/1207/1135 295/1209/1135 296/1211/1135 297/1208/1135
f 283/1198/1136 1841/2346/1136 282/2347/1136
f 1841/2346/1137 283/1198/1137 284/1197/1137
f 286/183/1138 1191/1201/1138 287/184/1138
f 292/190/1139 293/1205/1139 291/191/1139
f 298/1212/1140 299/1214/1140 300/2348/1140 1845/2349/1140
f 1846/2350/1141 1205/2351/1141 302/2352/1141 303/195/1141
f 301/2353/1142 1845/2349/1142 300/2348/1142
f 305/1216/1143 306/1215/1143 307/1220/1143 308/1219/1143
f 303/195/1144 304/194/1144 1846/2350/1144
f 309/1223/1145 310/2354/1145 311/2355/1145 1208/1221/1145
f 331/1234/1146 332/2356/1146 1855/2357/1146 330/1232/1146
f 317/1226/1147 318/200/1147 316/202/1147
f 321/2358/1148 1217/2359/1148 319/1230/1148
f 319/1230/1149 320/1229/1149 321/2358/1149
f 324/203/1150 1853/2360/1150 322/204/1150
f 328/210/1151 329/208/1151 326/209/1151
f 1855/2357/1152 332/2356/1152 333/2361/1152 334/2362/1152
f 337/1239/1153 338/1235/1153 339/1237/1153 340/1240/1153
f 336/214/1154 1856/213/1154 335/2363/1154
f 341/1241/1155 342/1243/1155 343/1245/1155 1857/2364/1155
f 354/2365/1156 355/2366/1156 356/1256/1156 357/1258/1156
f 345/1247/1157 1233/216/1157 344/215/1157
f 1237/2367/1158 347/218/1158 346/220/1158
f 1240/1249/1159 350/1251/1159 349/2368/1159
f 1858/1253/1160 349/2368/1160 350/1251/1160
f 352/223/1161 1860/222/1161 351/2369/1161
f 1250/1261/1162 362/1263/1162 363/1265/1162 364/1266/1162
f 361/1260/1163 1861/226/1163 360/227/1163
f 365/1273/1164 1254/1268/1164 366/1270/1164 367/1271/1164
f 1257/1275/1165 369/1274/1165 370/1278/1165 368/2370/1165
f 371/2371/1166 372/2372/1166 373/229/1166 374/228/1166
f 1273/1286/1167 387/1288/1167 388/2373/1167 386/2374/1167
f 376/1280/1168 377/231/1168 375/233/1168
f 377/231/1169 378/235/1169 1266/232/1169
f 379/2375/1170 380/236/1170 1267/238/1170
f 380/236/1171 1269/239/1171 1863/237/1171
f 383/2376/1172 384/1284/1172 382/2377/1172
f 385/1283/1173 382/2377/1173 384/1284/1173
f 389/1291/1174 1278/2378/1174 390/2379/1174 391/1289/1174
f 405/2380/1175 1289/1303/1175 406/1305/1175 1869/2381/1175
f 393/2382/1176 394/243/1176 392/1293/1176
f 394/243/1177 1280/242/1177 392/1293/1177
f 399/1297/1178 1867/2383/1178 400/1299/1178
f 400/1299/1179 401/1298/1179 399/1297/1179
f 415/1314/1180 1294/1308/1180 413/1310/1180 414/1312/1180
f 409/254/1181 1871/2384/1181 407/252/1181
f 421/1319/1182 422/1321/1182 423/1323/1182 420/2385/1182
f 424/2386/1183 425/1324/1183 426/268/1183 428/267/1183
f 436/1328/1184 437/1330/1184 438/2387/1184 435/2388/1184
f 434/275/1185 432/2389/1185 433/276/1185
f 439/2390/1186 1877/2391/1186 440/2392/1186 1876/2393/1186
f 446/1332/1187 447/1334/1187 448/1335/1187 1878/1337/1187
f 442/279/1188 445/278/1188 441/2394/1188
f 461/2395/1189 458/2396/1189 459/1342/1189 460/1344/1189
f 452/282/1190 449/2397/1190 450/284/1190
f 1881/1341/1191 455/289/1191 457/291/1191
f 473/2398/1192 474/2399/1192 1885/2400/1192 475/2401/1192
f 465/293/1193 462/2402/1193 463/294/1193
f 469/2403/1194 470/1348/1194 471/300/1194
f 472/299/1195 469/2403/1195 471/300/1195
f 478/2404/1196 1886/1349/1196 476/1351/1196 477/2405/1196
f 482/2406/1197 483/1355/1197 484/1357/1197 1887/2407/1197
f 479/302/1198 1349/1352/1198 480/303/1198
f 485/1360/1199 486/1359/1199 487/1362/1199 488/2408/1199
f 493/2409/1200 494/1365/1200 495/1367/1200 1890/2410/1200
f 489/307/1201 491/306/1201 1357/2411/1201
f 1889/310/1202 1888/309/1202 1360/2412/1202
f 500/1375/1203 1367/1371/1203 501/1373/1203 502/1376/1203
f 497/313/1204 499/312/1204 496/1368/1204
f 505/2413/1205 506/2414/1205 507/319/1205 1895/318/1205
f 1377/2415/1206 510/2416/1206 508/2417/1206 509/2418/1206
f 511/1380/1207 512/1379/1207 514/2419/1207 1379/2420/1207
f 513/2421/1208 514/2419/1208 512/1379/1208 1381/2422/1208
f 520/1383/1209 1384/2423/1209 521/2424/1209 519/1381/1209
f 516/322/1210 518/321/1210 515/2425/1210
f 524/1385/1211 525/2426/1211 1390/2427/1211 526/1386/1211
f 1898/324/1212 523/2428/1212 1386/325/1212
f 527/1388/1213 1899/1387/1213 1393/2429/1213 528/1391/1213
f 529/1393/1214 1900/1392/1214 530/1395/1214 531/1397/1214
f 539/1402/1215 540/1401/1215 541/1405/1215 542/1403/1215
f 533/328/1216 535/327/1216 532/1399/1216
f 537/331/1217 538/330/1217 536/2430/1217
f 543/1408/1218 544/1407/1218 545/1411/1218 546/1409/1218
f 554/1415/1219 555/2431/1219 556/2432/1219 557/1416/1219
f 548/2433/1220 549/335/1220 547/2434/1220
f 549/335/1221 550/334/1221 547/2434/1221
f 1904/338/1222 553/1413/1222 551/336/1222
f 568/2435/1223 1417/2436/1223 569/2437/1223 570/2438/1223
f 560/339/1224 1906/2439/1224 558/340/1224
f 564/342/1225 561/1418/1225 562/343/1225
f 566/345/1226 567/2440/1226 1908/346/1226
f 575/1423/1227 1422/1424/1227 576/1425/1227 574/1421/1227
f 1910/350/1228 572/1420/1228 573/348/1228
f 577/1429/1229 1423/2441/1229 578/2442/1229 579/1427/1229
f 580/1432/1230 1427/1434/1230 581/1433/1230 1426/1430/1230
f 582/1437/1231 583/1436/1231 584/1440/1231 585/1441/1231
f 592/2443/1232 593/2444/1232 594/2445/1232 591/2446/1232
f 587/1447/1233 1434/1443/1233 586/1445/1233
f 590/1449/1234 1435/352/1234 589/351/1234
f 595/1452/1235 596/2447/1235 597/2448/1235 1439/1450/1235
f 601/1456/1236 602/2449/1236 603/2450/1236 604/1454/1236
f 600/2451/1237 598/354/1237 1919/356/1237
f 605/1459/1238 606/1458/1238 607/2452/1238 608/2453/1238
f 610/2454/1239 611/2455/1239 612/2456/1239 609/2457/1239
f 625/2458/1240 1465/2459/1240 626/2460/1240 627/2461/1240
f 614/358/1241 616/357/1241 613/1461/1241
f 619/361/1242 617/1462/1242 618/362/1242
f 622/1465/1243 1457/363/1243 621/365/1243
f 635/2462/1244 636/2463/1244 1473/1470/1244 637/1472/1244
f 629/370/1245 631/369/1245 628/1469/1245
f 633/374/1246 634/373/1246 632/2464/1246
f 645/2465/1247 646/2466/1247 647/2467/1247 644/2468/1247
f 640/2469/1248 1474/1473/1248 638/1475/1248
f 638/1475/1249 639/1477/1249 640/2469/1249
f 642/1479/1250 643/375/1250 641/377/1250
f 652/2470/1251 653/1484/1251 654/1483/1251 651/2471/1251
f 649/380/1252 1926/2472/1252 650/378/1252
f 661/2473/1253 1492/2474/1253 662/1493/1253 663/1492/1253
f 656/382/1254 657/381/1254 655/1486/1254
f 1931/387/1255 1932/389/1255 668/2475/1255 669/2476/1255
f 665/1495/1256 666/1497/1256 664/1496/1256
f 665/1495/1257 1930/2477/1257 666/1497/1257
f 677/1503/1258 1933/1502/1258 678/1507/1258 679/1505/1258
f 672/1499/1259 670/390/1259 671/392/1259
f 683/1513/1260 684/1512/1260 685/1516/1260 686/1514/1260
f 681/399/1261 682/398/1261 680/1509/1261
f 1527/2478/1262 1528/2479/1262 698/2480/1262 699/2481/1262
f 689/402/1263 1516/2482/1263 687/403/1263
f 692/1521/1264 690/1517/1264 691/1519/1264
f 691/1519/1265 1520/1520/1265 692/1521/1265
f 694/404/1266 1524/2483/1266 1936/405/1266
f 697/407/1267 695/2484/1267 696/408/1267
f 1535/2485/1268 708/2486/1268 709/2487/1268 707/2488/1268
f 702/411/1269 1530/2489/1269 700/412/1269
f 706/414/1270 703/1525/1270 704/415/1270
f 711/2490/1271 712/2491/1271 713/2492/1271 710/2493/1271
f 714/2494/1272 715/1529/1272 716/1528/1272 1541/2495/1272
f 717/1533/1273 718/1532/1273 1941/2496/1273 719/1534/1273
f 720/1537/1274 721/1536/1274 722/2497/1274 723/1538/1274
f 725/1539/1275 1942/1541/1275 726/1543/1275 724/2498/1275
f 728/2499/1276 729/2500/1276 730/2501/1276 727/2502/1276
f 740/2503/1277 741/1551/1277 742/426/1277 744/428/1277
f 734/422/1278 735/1547/1278 1943/420/1278
f 737/425/1279 738/1549/1279 739/423/1279
f 1944/2504/1280 750/1556/1280 751/1558/1280 749/2505/1280
f 746/1555/1281 748/2506/1281 745/1553/1281
f 746/1555/1282 747/2507/1282 748/2506/1282
f 753/2508/1283 754/1559/1283 755/1561/1283 752/2509/1283
f 756/2510/1284 757/1563/1284 758/1562/1284 1573/2511/1284
f 776/1573/1285 777/1572/1285 778/1576/1285 779/1574/1285
f 1945/431/1286 760/2512/1286 761/429/1286
f 763/434/1287 764/1566/1287 762/432/1287
f 768/435/1288 765/2513/1288 766/436/1288
f 773/444/1289 775/443/1289 772/1570/1289
f 780/2514/1290 1591/2515/1290 781/1579/1290 782/1578/1290
f 1594/2516/1291 783/1581/1291 784/1580/1291 787/1585/1291
f 787/1585/1292 784/1580/1292 785/2517/1292 786/1583/1292
f 788/2518/1293 789/2519/1293 790/2520/1293 791/2521/1293
f 800/2522/1294 1608/2523/1294 801/1591/1294 802/1593/1294
f 792/448/1295 1600/445/1295 793/447/1295
f 799/1590/1296 797/455/1296 798/454/1296
f 809/2524/1297 1616/2525/1297 810/2526/1297 811/2527/1297
f 815/1598/1298 1624/1603/1298 1625/2528/1298 816/1599/1298
f 813/465/1299 1951/467/1299 812/1597/1299
f 817/2529/1300 1626/2530/1300 818/2531/1300 819/2532/1300
f 820/1606/1301 821/2533/1301 822/2534/1301 823/1604/1301
f 824/1607/1302 825/1609/1302 826/2535/1302 827/1610/1302
f 1634/2536/1303 828/2537/1303 1636/2538/1303 1954/2539/1303
f 1955/2540/1304 829/1612/1304 1640/1614/1304 1641/2541/1304
f 1642/1615/1305 830/1617/1305 831/2542/1305 832/2543/1305
f 834/1620/1306 1647/2544/1306 1956/2545/1306 833/1618/1306
f 837/1623/1307 835/1622/1307 836/2546/1307 1650/1624/1307
f 838/1628/1308 839/1627/1308 1957/2547/1308 840/1629/1308
f 842/1632/1309 843/1631/1309 844/2548/1309 841/2549/1309
f 845/2550/1310 1658/2551/1310 1959/2552/1310 1958/2553/1310
f 846/2554/1311 847/2555/1311 848/1633/1311 849/1635/1311
f 850/2556/1312 851/2557/1312 852/2558/1312 853/2559/1312
f 1666/2560/1313 854/1636/1313 855/1638/1313 1665/2561/1313
f 856/2562/1314 857/2563/1314 1669/2564/1314 1962/2565/1314
f 859/1642/1315 860/2566/1315 861/2567/1315 858/1640/1315
f 864/2568/1316 862/1645/1316 1674/1644/1316 863/2569/1316
f 869/2570/1317 1678/2571/1317 870/2572/1317 871/2573/1317
f 863/2569/1318 1675/2574/1318 864/2568/1318
f 867/470/1319 868/1648/1319 865/468/1319
f 872/1651/1320 1967/2575/1320 873/2576/1320 874/1649/1320
f 885/1659/1321 882/2577/1321 883/2578/1321 884/1657/1321
f 876/471/1322 877/1654/1322 878/472/1322
f 881/1655/1323 1968/475/1323 880/474/1323
f 893/1669/1324 1973/1668/1324 894/483/1324 896/485/1324
f 1694/479/1325 887/1661/1325 888/477/1325
f 1971/482/1326 1970/2579/1326 889/480/1326
f 891/1664/1327 1972/1666/1327 892/1662/1327
f 912/1680/1328 1720/2580/1328 913/505/1328 915/507/1328
f 1704/488/1329 897/2581/1329 1974/486/1329
f 1708/2582/1330 1976/489/1330 899/491/1330
f 901/493/1331 903/492/1331 900/1672/1331
f 904/1674/1332 1714/495/1332 1977/497/1332
f 908/498/1333 1978/1677/1333 906/499/1333
f 921/1681/1334 919/1683/1334 1727/1684/1334 920/1686/1334
f 917/2583/1335 918/2584/1335 916/2585/1335
f 917/2583/1336 1724/2586/1336 918/2584/1336
f 922/2587/1337 923/2588/1337 924/2589/1337 1728/2590/1337
f 925/2591/1338 926/2592/1338 1732/2593/1338 1982/2594/1338
f 931/2595/1339 932/2596/1339 933/2597/1339 930/2598/1339
f 928/1688/1340 929/1690/1340 927/1689/1340
f 1740/2599/1341 1983/508/1341 936/510/1341 934/1693/1341
f 948/2600/1342 949/2601/1342 950/2602/1342 947/2603/1342
f 1986/513/1343 1985/1695/1343 937/511/1343
f 939/1698/1344 1987/1700/1344 940/1696/1344
f 941/1704/1345 1988/1706/1345 942/1702/1345
f 951/2604/1346 1756/2605/1346 1991/2606/1346 1990/2607/1346
f 955/1713/1347 1765/2608/1347 956/2609/1347 954/1711/1347
f 960/2610/1348 961/2611/1348 962/2612/1348 1769/2613/1348
f 958/523/1349 959/2614/1349 957/521/1349
f 967/1719/1350 968/2615/1350 969/1721/1350 970/1717/1350
f 964/2616/1351 965/2617/1351 963/1715/1351
f 965/2617/1352 966/1716/1352 963/1715/1352
f 973/2618/1353 971/2619/1353 972/1722/1353 1993/1724/1353
f 977/1727/1354 974/2620/1354 975/2621/1354 976/1725/1354
f 26/2622/1355 25/2623/1355 984/1729/1355 983/1731/1355
f 980/526/1356 979/2624/1356 978/524/1356
f 30/2625/1357 29/2626/1357 987/2627/1357 985/1732/1357
f 1785/533/1358 35/2628/1358 989/2629/1358 33/531/1358
f 987/2627/1359 1784/2630/1359 985/1732/1359
f 986/1733/1360 985/1732/1360 1784/2630/1360
f 41/2631/1361 40/2632/1361 992/1736/1361 991/1735/1361
f 1786/2633/1362 37/534/1362 990/536/1362
f 997/539/1363 994/1739/1363 993/1738/1363 44/2634/1363
f 48/2635/1364 47/2636/1364 999/1742/1364 998/1741/1364
f 995/538/1365 994/1739/1365 997/539/1365
f 58/2637/1366 1003/2638/1366 60/2639/1366 1004/2640/1366
f 1001/541/1367 52/2641/1367 1000/542/1367
f 68/2642/1368 67/2643/1368 1008/1746/1368 1007/1748/1368
f 65/551/1369 64/2644/1369 1006/550/1369
f 1009/2645/1370 1790/2646/1370 1010/2647/1370 71/2648/1370
f 1014/2649/1371 76/2650/1371 1016/1749/1371 1015/1751/1371
f 74/2651/1372 1013/552/1372 1011/554/1372
f 80/2652/1373 79/2653/1373 1018/1753/1373 1017/1752/1373
f 88/2654/1374 87/2655/1374 1027/1755/1374 1026/1757/1374
f 1019/2656/1375 1022/555/1375 1020/557/1375
f 1792/2657/1376 1025/558/1376 1023/560/1376
f 107/1765/1377 1043/1764/1377 1045/1767/1377 1044/1769/1377
f 1029/562/1378 90/2658/1378 1028/563/1378
f 93/2659/1379 1032/564/1379 1030/566/1379
f 1034/567/1380 95/2660/1380 1033/568/1380
f 1797/569/1381 1035/1760/1381 1034/567/1381
f 97/2661/1382 1038/570/1382 1036/572/1382
f 99/2662/1383 1040/573/1383 100/575/1383
f 1042/578/1384 1041/580/1384 102/576/1384
f 109/2663/1385 1046/2664/1385 1802/2665/1385 1047/2666/1385
f 116/2667/1386 115/2668/1386 1057/1772/1386 1056/1771/1386
f 1059/1776/1387 120/2669/1387 1058/2670/1387 1060/1774/1387
f 124/2671/1388 123/2672/1388 1062/1778/1388 1061/1777/1388
f 1066/2673/1389 1065/2674/1389 130/2675/1389 1807/2676/1389
f 127/591/1390 126/2677/1390 1064/589/1390
f 133/1782/1391 1069/1781/1391 1068/2678/1391 1067/2679/1391
f 1078/1787/1392 1077/1786/1392 1076/2680/1392 145/2681/1392
f 1070/1784/1393 1073/592/1393 1071/594/1393
f 1074/597/1394 139/2682/1394 1808/595/1394
f 145/2681/1395 144/2683/1395 1079/1789/1395 1078/1787/1395
f 1087/1798/1396 1817/1795/1396 1816/1797/1396 1088/1799/1396
f 1813/608/1397 1084/1793/1397 153/606/1397
f 169/1802/1398 168/2684/1398 1096/2685/1398 1095/1803/1398
f 1097/2686/1399 171/2687/1399 1099/1805/1399 1098/1807/1399
f 176/2688/1400 175/2689/1400 1821/2690/1400 1100/2691/1400
f 182/2692/1401 181/2693/1401 1105/1808/1401 1104/1810/1401
f 1102/2694/1402 179/2695/1402 1101/2696/1402
f 1101/2696/1403 1103/2697/1403 1102/2694/1403
f 1111/1811/1404 1110/1814/1404 1113/1816/1404 1112/1812/1404
f 1116/2698/1405 1118/1819/1405 1825/1818/1405 1117/2699/1405
f 188/2700/1406 1824/625/1406 1114/627/1406
f 195/2701/1407 1119/2702/1407 1120/2703/1407 1826/2704/1407
f 211/2705/1408 210/2706/1408 1134/1824/1408 1133/1826/1408
f 1122/2707/1409 199/2708/1409 1121/2709/1409
f 1121/2709/1410 1124/2710/1410 1122/2707/1410
f 1124/2710/1411 1123/2711/1411 1122/2707/1411
f 204/634/1412 1127/633/1412 1126/2712/1412
f 1131/636/1413 1130/2713/1413 1129/637/1413
f 214/2714/1414 1136/2715/1414 1135/2716/1414 215/2717/1414
f 1137/2718/1415 218/2719/1415 1830/2720/1415 1138/2721/1415
f 1141/2722/1416 225/1830/1416 1144/640/1416 1142/2723/1416
f 1832/1829/1417 222/2724/1417 1139/2725/1417
f 1139/2725/1418 1140/1827/1418 1832/1829/1418
f 237/2726/1419 236/2727/1419 1156/1836/1419 1155/1838/1419
f 1144/640/1420 1143/639/1420 1142/2723/1420
f 1834/2728/1421 1146/642/1421 1147/641/1421
f 1148/646/1422 1150/645/1422 1149/2729/1422
f 1153/1833/1423 233/2730/1423 1152/2731/1423
f 1152/2731/1424 1154/1834/1424 1153/1833/1424
f 241/2732/1425 240/2733/1425 1836/649/1425 1157/648/1425
f 245/1840/1426 1159/1839/1426 1158/1842/1426 246/2734/1426
f 260/2735/1427 259/2736/1427 1171/1849/1427 1170/1851/1427
f 1162/650/1428 1161/2737/1428 1160/651/1428
f 1163/654/1429 253/1844/1429 1164/655/1429
f 1167/1848/1430 1166/656/1430 1169/658/1430
f 1169/658/1431 1168/660/1431 1167/1848/1431
f 272/2738/1432 271/2739/1432 1178/1855/1432 1177/1854/1432
f 1172/662/1433 1174/661/1433 1173/2740/1433
f 1175/664/1434 267/2741/1434 266/665/1434
f 278/2742/1435 1183/1859/1435 1182/1858/1435 1181/2743/1435
f 1179/670/1436 276/668/1436 1180/667/1436
f 285/2744/1437 1190/2745/1437 1193/2746/1437 286/2747/1437
f 1185/2748/1438 280/673/1438 1186/672/1438
f 1188/1861/1439 1187/675/1439 1189/677/1439
f 286/2747/1440 1193/2746/1440 1192/2749/1440 1191/2750/1440
f 1199/1863/1441 1843/2751/1441 1198/2752/1441 1200/1864/1441
f 1194/2753/1442 1197/2754/1442 1195/2755/1442
f 1197/2754/1443 1196/2756/1443 1195/2755/1443
f 294/2757/1444 1844/1866/1444 1201/1868/1444 295/2758/1444
f 1203/1870/1445 1204/2759/1445 301/2760/1445 300/1871/1445
f 1204/2759/1446 1203/1870/1446 1202/1869/1446
f 302/2761/1447 1205/1872/1447 304/1874/1447 1847/2762/1447
f 1210/1877/1448 1209/1879/1448 1208/2763/1448 1211/1880/1448
f 1207/1875/1449 1206/679/1449 1848/678/1449
f 1852/1889/1450 319/2764/1450 1217/2765/1450 1851/1890/1450
f 1214/682/1451 1213/681/1451 1212/684/1451
f 1216/1887/1452 1850/1886/1452 1215/1883/1452
f 1221/1895/1453 1220/691/1453 325/2766/1453 1219/1893/1453
f 1218/688/1454 1854/687/1454 323/2767/1454
f 1228/700/1455 338/2768/1455 337/2769/1455 1229/701/1455
f 1221/1895/1456 328/689/1456 1220/691/1456
f 1224/694/1457 334/2770/1457 1223/695/1457
f 334/2770/1458 333/2771/1458 1223/695/1458
f 335/2772/1459 1227/696/1459 1225/698/1459
f 1240/2773/1460 349/2774/1460 1241/1902/1460 1859/1901/1460
f 1230/704/1461 1231/703/1461 341/1898/1461
f 346/711/1462 1238/710/1462 1237/2775/1462
f 355/1905/1463 1245/2776/1463 1247/1908/1463 1246/1906/1463
f 1258/1915/1464 1257/2777/1464 368/2778/1464 1259/1913/1464
f 359/1912/1465 358/1910/1465 1249/718/1465
f 1249/718/1466 1248/717/1466 359/1912/1466
f 372/2779/1467 1260/1916/1467 1262/727/1467 373/729/1467
f 1268/735/1468 1270/734/1468 381/1919/1468 1269/2780/1468
f 1264/730/1469 376/2781/1469 1263/731/1469
f 1266/732/1470 378/2782/1470 1265/733/1470
f 1268/735/1471 379/2783/1471 1267/736/1471
f 382/2784/1472 1864/738/1472 1271/737/1472 383/2785/1472
f 1284/1930/1473 1867/1927/1473 1866/1929/1473 1285/1931/1473
f 386/742/1474 1274/741/1474 1273/2786/1474
f 1279/748/1475 393/1925/1475 1865/749/1475
f 1280/747/1476 395/2787/1476 1279/748/1476
f 1870/2788/1477 1289/2789/1477 405/2790/1477 1290/2791/1477
f 1286/756/1478 402/2792/1478 1288/754/1478
f 1304/1940/1479 418/2793/1479 1303/2794/1479 1874/1938/1479
f 1293/762/1480 410/2795/1480 1872/763/1480
f 1297/764/1481 1296/1935/1481 1295/765/1481
f 421/2796/1482 420/2797/1482 1306/1942/1482 1305/1941/1482
f 1311/2798/1483 432/2799/1483 1313/2800/1483 1312/2801/1483
f 424/2802/1484 427/1945/1484 425/2803/1484
f 427/1945/1485 1307/1944/1485 425/2803/1485
f 1309/773/1486 429/2804/1486 1308/774/1486
f 430/772/1487 1310/2805/1487 1309/773/1487
f 1311/2798/1488 433/2806/1488 432/2799/1488
f 456/2807/1489 455/2808/1489 1331/1954/1489 1330/1953/1489
f 435/2809/1490 1315/775/1490 436/777/1490
f 1319/780/1491 1317/779/1491 1316/1948/1491
f 1321/781/1492 1320/784/1492 442/782/1492
f 1325/790/1493 450/2810/1493 449/2811/1493
f 449/2811/1494 1326/791/1494 1325/790/1494
f 1329/795/1495 1327/794/1495 453/2812/1495
f 459/2813/1496 458/2814/1496 1333/1957/1496 1332/1956/1496
f 1336/1961/1497 1335/2815/1497 1334/2816/1497 1337/1959/1497
f 1343/802/1498 474/2817/1498 473/2818/1498 1884/803/1498
f 1339/1967/1499 1883/1966/1499 1338/1962/1499
f 470/798/1500 469/2819/1500 1342/796/1500
f 1348/2820/1501 1351/2821/1501 1350/2822/1501 1349/2823/1501
f 486/2824/1502 1354/2825/1502 1356/1971/1502 1355/2826/1502
f 482/2827/1503 1353/808/1503 483/810/1503
f 1364/1980/1504 494/2828/1504 493/2829/1504 1365/1978/1504
f 1362/1975/1505 1361/816/1505 1363/815/1505
f 1894/1984/1506 1367/1981/1506 1893/1983/1506 1368/1985/1506
f 1371/2830/1507 1370/2831/1507 1369/1987/1507 1372/1989/1507
f 1376/2832/1508 1378/2833/1508 1377/2834/1508 509/2835/1508
f 1382/2836/1509 1896/2837/1509 1897/2838/1509 517/2839/1509
f 1380/828/1510 511/2840/1510 1379/2841/1510
f 1379/2841/1511 514/826/1511 1380/828/1511
f 1387/2842/1512 522/2843/1512 1386/2844/1512 523/2845/1512
f 1385/830/1513 1384/1992/1513 1383/831/1513
f 1389/1995/1514 1388/1994/1514 526/2846/1514 1390/2847/1514
f 1395/2000/1515 1394/2848/1515 529/2849/1515 1901/2850/1515
f 528/833/1516 1393/1998/1516 1392/834/1516
f 1396/2851/1517 532/2852/1517 1397/2853/1517 534/2854/1517
f 1399/2855/1518 1398/2003/1518 1902/2005/1518 1400/2856/1518
f 1402/2857/1519 540/2858/1519 1401/2859/1519 1403/2860/1519
f 1405/2861/1520 544/2862/1520 1404/2863/1520 1406/2864/1520
f 552/2865/1521 551/2010/1521 1410/2012/1521 1409/2866/1521
f 1903/838/1522 1408/837/1522 1407/2006/1522
f 555/2015/1523 1905/2867/1523 1412/2868/1523 1411/2013/1523
f 1413/2869/1524 559/2870/1524 558/2871/1524 1906/2872/1524
f 565/2016/1525 1415/2018/1525 567/2019/1525 1416/2020/1525
f 1417/2873/1526 568/2874/1526 1909/2875/1526 1418/2876/1526
f 1911/2877/1527 1421/2878/1527 576/2879/1527 1422/2880/1527
f 1420/2881/1528 1419/2882/1528 571/2883/1528
f 1420/2881/1529 572/2884/1529 1419/2882/1529
f 1424/2885/1530 1423/2886/1530 577/2022/1530 1425/2024/1530
f 1432/2027/1531 1431/2029/1531 1434/2887/1531 1433/2030/1531
f 1426/2025/1532 1428/843/1532 1913/845/1532
f 582/2888/1533 1915/848/1533 1429/2889/1533
f 1915/848/1534 1430/847/1534 1429/2889/1534
f 592/2035/1535 591/2890/1535 1438/2891/1535 1437/2033/1535
f 1442/2892/1536 599/2893/1536 598/2040/1536 1443/2039/1536
f 1439/2037/1537 1441/2036/1537 1440/2894/1537
f 1441/2036/1538 1918/2895/1538 1440/2894/1538
f 1445/2896/1539 602/2897/1539 1444/2898/1539 1446/2899/1539
f 1448/2900/1540 606/2901/1540 1447/2902/1540 1920/2903/1540
f 1449/2904/1541 609/2905/1541 1451/2906/1541 1450/2042/1541
f 1453/2907/1542 614/2908/1542 1452/2909/1542 1454/2910/1542
f 1456/2911/1543 1455/2912/1543 617/2913/1543 619/2914/1543
f 1458/2045/1544 620/2047/1544 1457/2915/1544 1459/2916/1544
f 1461/2917/1545 1460/2918/1545 1463/2919/1545 1462/2920/1545
f 1469/2051/1546 629/2921/1546 1468/2922/1546 1922/2049/1546
f 1476/858/1547 1475/2923/1547 1474/2924/1547 1924/859/1547
f 1470/2925/1548 632/2926/1548 634/2927/1548
f 634/2927/1549 1471/2928/1549 1470/2925/1549
f 635/2929/1550 1923/2930/1550 1472/2054/1550
f 1923/2930/1551 1473/2052/1551 1472/2054/1551
f 1481/2931/1552 644/2932/1552 1483/2933/1552 1482/2934/1552
f 1478/862/1553 1479/861/1553 642/2055/1553
f 1485/2935/1554 652/2936/1554 651/2937/1554 1486/2938/1554
f 650/2939/1555 1926/863/1555 1484/865/1555
f 1929/2940/1556 1489/2941/1556 1491/2942/1556 1490/2943/1556
f 1927/2944/1557 1488/2945/1557 1487/2060/1557
f 1488/2945/1558 1928/2058/1558 1487/2060/1558
f 1492/2061/1559 661/2946/1559 1494/2947/1559 1493/2062/1559
f 1502/2070/1560 1501/2068/1560 1500/2067/1560 672/2071/1560
f 1495/2948/1561 1497/2949/1561 1496/2064/1561
f 1497/2949/1562 1930/2065/1562 1496/2064/1562
f 1498/866/1563 669/2950/1563 1499/867/1563
f 1504/869/1564 1503/2951/1564 673/2952/1564 1506/870/1564
f 1507/2953/1565 677/2954/1565 1509/2955/1565 1508/2073/1565
f 1514/2956/1566 684/2957/1566 1513/2958/1566 1515/2959/1566
f 1510/2960/1567 1512/2961/1567 1511/2078/1567
f 1512/2961/1568 1934/2076/1568 1511/2078/1568
f 1517/2962/1569 687/2963/1569 1516/2080/1569 1518/2079/1569
f 1526/881/1570 696/2964/1570 695/2965/1570 1938/882/1570
f 1529/2966/1571 1528/2967/1571 1527/2968/1571 1939/2969/1571
f 1531/2970/1572 700/2971/1572 1530/2085/1572 1532/2084/1572
f 1533/2090/1573 1940/2972/1573 703/2088/1573 1534/2087/1573
f 1535/2973/1574 707/2974/1574 1537/2092/1574 1536/2094/1574
f 1538/2975/1575 710/2976/1575 1540/2098/1575 1539/2095/1575
f 1542/2102/1576 714/2977/1576 1541/2100/1576 1543/2099/1576
f 718/2978/1577 1544/2979/1577 1546/2980/1577 1545/2981/1577
f 1548/2982/1578 721/2983/1578 1547/2984/1578 1549/2985/1578
f 1550/2986/1579 724/2987/1579 1552/2988/1579 1551/2989/1579
f 728/2990/1580 727/2991/1580 1554/2992/1580 1553/2993/1580
f 1565/884/1581 741/2994/1581 740/2995/1581 744/885/1581
f 1555/2105/1582 1558/2104/1582 1556/2109/1582
f 1558/2104/1583 1557/2107/1583 1556/2109/1583
f 1561/2112/1584 1560/2996/1584 1559/2110/1584
f 1561/2112/1585 735/2997/1585 1560/2996/1585
f 1564/2998/1586 1563/2999/1586 1562/3000/1586
f 1564/2998/1587 738/3001/1587 1563/2999/1587
f 1566/3002/1588 745/3003/1588 1567/3004/1588 747/3005/1588
f 1570/3006/1589 752/3007/1589 1572/2118/1589 1571/2115/1589
f 1569/886/1590 750/2113/1590 1568/887/1590
f 1574/2119/1591 756/2121/1591 1573/2123/1591 1575/2122/1591
f 759/3008/1592 761/3009/1592 1577/3010/1592 1576/3011/1592
f 767/2125/1593 1581/3012/1593 1580/3013/1593 1582/2126/1593
f 774/3014/1594 1586/3015/1594 772/3016/1594 1587/3017/1594
f 1583/895/1595 1585/894/1595 1584/3018/1595
f 1589/3019/1596 777/3020/1596 1588/3021/1596 1590/3022/1596
f 1591/3023/1597 780/2128/1597 1593/2130/1597 1592/3024/1597
f 1595/898/1598 783/3025/1598 1594/3026/1598 1596/896/1598
f 1602/2135/1599 1948/2134/1599 1604/3027/1599 1603/2137/1599
f 1596/896/1600 786/3028/1600 785/897/1600
f 1947/899/1601 791/3029/1601 1597/900/1601
f 1601/904/1602 1600/2132/1602 1599/902/1602
f 1605/3030/1603 797/3031/1603 1949/3032/1603 1606/3033/1603
f 803/2141/1604 1612/2143/1604 1611/3034/1604 804/3035/1604
f 1607/906/1605 1609/905/1605 1608/2140/1605
f 1613/3036/1606 806/2145/1606 1615/2144/1606 1614/3037/1606
f 1616/3038/1607 809/3039/1607 1618/3040/1607 1617/3041/1607
f 1619/2150/1608 814/2148/1608 1621/2147/1608 1620/3042/1608
f 1627/2153/1609 1626/2152/1609 817/3043/1609 1953/3044/1609
f 816/911/1610 1624/913/1610 1952/910/1610
f 1629/3045/1611 821/3046/1611 1628/3047/1611 1630/3048/1611
f 1632/2155/1612 1631/2157/1612 827/3049/1612 1633/3050/1612
f 1638/3051/1613 1637/3052/1613 1641/917/1613 1639/919/1613
f 1954/914/1614 1636/3053/1614 1635/915/1614
f 1650/3054/1615 836/2162/1615 1649/2164/1615 1651/3055/1615
f 1645/920/1616 1644/922/1616 1643/923/1616
f 833/2159/1617 1648/925/1617 1646/927/1617
f 1652/3056/1618 1654/3057/1618 1653/3058/1618 839/3059/1618
f 1656/3060/1619 1655/3061/1619 841/3062/1619 1657/3063/1619
f 1658/3064/1620 845/2165/1620 1660/2167/1620 1659/3065/1620
f 1667/3066/1621 1666/3067/1621 1665/3068/1621 1961/3069/1621
f 850/3070/1622 1664/932/1622 1663/2169/1622
f 1664/932/1623 1960/934/1623 1663/2169/1623
f 1669/3071/1624 857/3072/1624 1668/3073/1624 1962/3074/1624
f 1670/3075/1625 858/3076/1625 1672/3077/1625 1671/2171/1625
f 1673/2176/1626 1963/3078/1626 864/3079/1626 1675/2174/1626
f 1677/2180/1627 1965/3080/1627 1676/2177/1627 1964/2179/1627
f 1678/3081/1628 869/3082/1628 1966/3083/1628 1679/3084/1628
f 875/3085/1629 1684/3086/1629 1686/3087/1629 1685/3088/1629
f 1683/935/1630 1682/937/1630 1681/938/1630
f 879/2186/1631 1968/3089/1631 1688/3090/1631 1687/2184/1631
f 1689/3091/1632 882/3092/1632 1691/2190/1632 1690/2187/1632
f 1697/3093/1633 1696/3094/1633 1699/2193/1633 1698/2192/1633
f 1692/3095/1634 887/940/1634 1693/942/1634
f 1969/943/1635 1970/3096/1635 1695/944/1635
f 1701/948/1636 1700/3097/1636 893/2196/1636 1702/946/1636
f 1710/3098/1637 901/3099/1637 1709/3100/1637 1711/3101/1637
f 1705/3102/1638 897/949/1638 1703/951/1638
f 1706/952/1639 1708/3103/1639 1707/953/1639
f 1716/3104/1640 907/3105/1640 906/3106/1640 1978/3107/1640
f 1715/955/1641 1714/2202/1641 1713/956/1641
f 1717/3108/1642 911/3109/1642 1718/2204/1642 909/2206/1642
f 1729/3110/1643 922/3111/1643 1728/2212/1643 1730/2211/1643
f 1719/961/1644 1721/960/1644 1720/2208/1644
f 1980/964/1645 1724/2209/1645 1723/962/1645
f 1725/3112/1646 920/965/1646 1726/967/1646
f 1731/2216/1647 1981/3113/1647 1982/3114/1647 1732/2214/1647
f 1734/3115/1648 1733/3116/1648 1736/3117/1648 1735/3118/1648
f 1737/3119/1649 930/3120/1649 1739/2220/1649 1738/2217/1649
f 1741/970/1650 1740/3121/1650 934/3122/1650 1742/968/1650
f 1745/3123/1651 1744/3124/1651 1747/2222/1651 1746/2224/1651
f 1749/3125/1652 1748/3126/1652 1751/2225/1652 1750/2227/1652
f 948/2232/1653 947/3127/1653 1755/3128/1653 1754/2230/1653
f 943/977/1654 945/976/1654 1752/2229/1654
f 1757/3129/1655 1756/3130/1655 1989/3131/1655 1758/3132/1655
f 1760/3133/1656 1759/3134/1656 1762/2233/1656 1761/2235/1656
f 1766/3135/1657 957/2238/1657 1768/2240/1657 1767/3136/1657
f 1763/980/1658 1765/979/1658 1764/2237/1658
f 1770/3137/1659 960/3138/1659 1769/3139/1659 1771/3140/1659
f 1772/3141/1660 966/2242/1660 1773/2241/1660 964/3142/1660
f 1774/3143/1661 1776/3144/1661 1775/3145/1661 968/3146/1661
f 1778/3147/1662 1777/3148/1662 971/3149/1662 1779/3150/1662
f 975/2246/1663 974/3151/1663 1781/2247/1663 1780/2244/1663
f 1786/1001/1664 990/3152/1664 39/2260/1664 38/1002/1664
f 984/993/1665 25/2257/1665 28/994/1665
f 30/2258/1666 985/3153/1666 31/2259/1666
f 35/2263/1667 34/32/1667 989/3154/1667
f 39/2260/1668 990/3152/1668 36/2261/1668
f 1068/1082/1669 135/87/1669 134/86/1669 1067/2302/1669
f 992/1006/1670 40/2264/1670 43/1007/1670
f 1787/1012/1671 997/3155/1671 44/2265/1671
f 46/1008/1672 995/1010/1672 996/1011/1672
f 999/1016/1673 47/2267/1673 50/1017/1673
f 56/2269/1674 1789/1021/1674 57/1023/1674
f 1008/1028/1675 67/2278/1675 70/1029/1675
f 74/2281/1676 1011/3156/1676 75/46/1676
f 75/46/1677 1011/3156/1677 1012/44/1677
f 1012/44/1678 1013/3157/1678 1791/45/1678
f 77/2283/1679 1016/3158/1679 78/2285/1679
f 1016/3158/1680 76/2284/1680 78/2285/1680
f 1018/1034/1681 79/2279/1681 82/1035/1681
f 1022/1037/1682 1019/49/1682 84/48/1682
f 85/52/1683 1023/1039/1683 1024/53/1683
f 1025/1040/1684 1792/1038/1684 86/51/1684
f 89/1043/1685 1027/3159/1685 1793/2286/1685
f 94/1048/1686 1032/3160/1686 1796/2290/1686
f 98/64/1687 1036/1052/1687 1037/62/1687
f 1037/62/1688 1038/3161/1688 1798/63/1688
f 101/1055/1689 1040/3162/1689 1799/2292/1689
f 108/69/1690 1045/3163/1690 1801/2296/1690
f 1804/2297/1691 1049/3164/1691 111/77/1691
f 1051/1059/1692 1804/2297/1692 112/76/1692
f 1805/2294/1693 114/2293/1693 1053/3165/1693
f 113/1062/1694 1052/1063/1694 114/2293/1694
f 1057/1067/1695 115/2298/1695 118/1068/1695
f 121/2299/1696 1060/3166/1696 122/2300/1696
f 1060/3166/1697 119/1071/1697 122/2300/1697
f 128/85/1698 1064/3167/1698 129/84/1698
f 1075/3168/1699 1808/3169/1699 141/2304/1699 140/2303/1699
f 1069/1083/1700 136/88/1700 135/87/1700
f 139/1088/1701 141/2304/1701 1808/3169/1701
f 140/2303/1702 1809/1087/1702 1075/3168/1702
f 1081/1097/1703 1812/3170/1703 152/2308/1703 151/1098/1703
f 143/92/1704 142/2305/1704 1077/3171/1704
f 147/1092/1705 1811/1093/1705 148/1095/1705
f 149/2307/1706 1082/3172/1706 150/1096/1706
f 152/2308/1707 1812/3170/1707 149/2307/1707
f 1090/1108/1708 1818/3173/1708 164/2311/1708 163/1106/1708
f 157/101/1709 1085/1101/1709 1815/102/1709
f 160/103/1710 1088/3174/1710 161/1104/1710
f 1088/3174/1711 1816/1103/1711 161/1104/1711
f 162/1107/1712 164/2311/1712 1818/3173/1712
f 1094/3175/1713 1819/3176/1713 167/107/1713 166/109/1713
f 1092/108/1714 167/107/1714 1819/3176/1714
f 166/109/1715 1093/1109/1715 1094/3175/1715
f 1117/3177/1716 1825/3178/1716 193/127/1716 192/129/1716
f 171/112/1717 1097/3179/1717 172/110/1717
f 1097/3179/1718 1098/1113/1718 172/110/1718
f 1099/1115/1719 171/112/1719 174/111/1719
f 177/1118/1720 1100/1120/1720 1821/1116/1720
f 1103/1122/1721 1101/115/1721 180/114/1721
f 1107/1125/1722 185/123/1722 184/120/1722
f 1109/1126/1723 1106/122/1723 186/121/1723
f 190/124/1724 1824/1130/1724 191/125/1724
f 1828/1137/1725 1125/3180/1725 203/138/1725 202/140/1725
f 192/129/1726 194/128/1726 1118/1133/1726
f 196/132/1727 1120/3181/1727 197/133/1727
f 196/132/1728 1826/1134/1728 1120/3181/1728
f 1121/2317/1729 200/135/1729 1124/1136/1729
f 1125/3180/1730 1827/139/1730 203/138/1730
f 1131/3182/1731 1132/3183/1731 1829/145/1731 209/144/1731
f 1126/2318/1732 1127/3184/1732 205/141/1732
f 1128/1138/1733 204/143/1733 206/142/1733
f 209/144/1734 208/1140/1734 1131/3182/1734
f 1135/3185/1735 1136/3186/1735 217/2319/1735 216/2322/1735
f 1134/1144/1736 210/2315/1736 213/1145/1736
f 214/2320/1737 217/2319/1737 1136/3186/1737
f 216/2322/1738 215/2321/1738 1135/3185/1738
f 1147/1158/1739 230/1157/1739 229/152/1739 1834/3187/1739
f 1831/2324/1740 220/2325/1740 1830/3188/1740
f 219/1146/1741 1137/1148/1741 1138/3189/1741
f 220/2325/1742 219/1146/1742 1138/3189/1742
f 221/2326/1743 1139/3190/1743 222/1151/1743
f 1140/1152/1744 221/2326/1744 224/1153/1744
f 332/2356/1745 331/1234/1745 1222/1233/1745 1223/3191/1745
f 229/152/1746 1146/154/1746 1834/3187/1746
f 1151/1161/1747 1148/157/1747 232/156/1747
f 1154/3192/1748 1835/2328/1748 235/2327/1748
f 234/2330/1749 1154/3192/1749 235/2327/1749
f 1156/1165/1750 236/2323/1750 239/1166/1750
f 247/2334/1751 1159/3193/1751 248/2331/1751
f 250/161/1752 1160/1171/1752 1161/1172/1752
f 1162/1173/1753 249/163/1753 251/162/1753
f 256/168/1754 1166/1174/1754 1167/2336/1754
f 1171/1178/1755 259/2337/1755 262/1179/1755
f 1178/1189/1756 271/2338/1756 274/1190/1756
f 284/1197/1757 1189/3194/1757 1841/2346/1757
f 1200/1204/1758 291/191/1758 293/1205/1758
f 296/1211/1759 1844/1206/1759 297/1208/1759
f 299/1214/1760 1202/1213/1760 300/2348/1760
f 303/195/1761 302/2352/1761 1847/193/1761
f 310/2354/1762 1211/3195/1762 311/2355/1762
f 1211/3195/1763 1208/1221/1763 311/2355/1763
f 312/198/1764 315/197/1764 1214/3196/1764
f 318/200/1765 1216/3197/1765 1849/201/1765
f 1217/2359/1766 321/2358/1766 1851/3198/1766
f 320/1229/1767 1851/3198/1767 321/2358/1767
f 322/204/1768 1853/2360/1768 1218/3199/1768
f 323/205/1769 322/204/1769 1218/3199/1769
f 1256/1272/1770 367/1271/1770 366/1270/1770 1255/1269/1770
f 332/2356/1771 1223/3191/1771 333/2361/1771
f 335/2363/1772 1225/3200/1772 336/214/1772
f 336/214/1773 1225/3200/1773 1226/212/1773
f 1226/212/1774 1227/3201/1774 1856/213/1774
f 339/1237/1775 1228/1236/1775 340/1240/1775
f 1232/1244/1776 1857/2364/1776 343/1245/1776
f 1237/2367/1777 1238/3202/1777 347/218/1777
f 1239/1248/1778 346/220/1778 348/219/1778
f 354/2365/1779 1245/3203/1779 355/2366/1779
f 1247/1257/1780 354/2365/1780 357/1258/1780
f 1254/1268/1781 365/1273/1781 1253/3204/1781
f 1869/2381/1782 406/1305/1782 1870/3205/1782 1290/3206/1782
f 1259/1277/1783 368/2370/1783 370/1278/1783
f 375/233/1784 1263/1282/1784 376/1280/1784
f 377/231/1785 1264/1281/1785 1265/234/1785
f 384/1284/1786 1271/3207/1786 1272/3208/1786
f 383/2376/1787 1271/3207/1787 384/1284/1787
f 382/2377/1788 385/1283/1788 1864/1285/1788
f 387/1288/1789 1275/3209/1789 388/2373/1789
f 1275/3209/1790 386/2374/1790 388/2373/1790
f 1285/1300/1791 1866/1296/1791 401/1298/1791
f 403/249/1792 1286/1301/1792 1287/3210/1792
f 1868/251/1793 403/249/1793 1287/3210/1793
f 1323/3211/1794 448/1335/1794 447/1334/1794 1322/1333/1794
f 409/254/1795 408/253/1795 1292/3212/1795
f 1871/2384/1796 409/254/1796 1292/3212/1796
f 412/256/1797 1873/1307/1797 1872/257/1797
f 1297/1313/1798 1294/1308/1798 415/1314/1798
f 416/260/1799 1299/1316/1799 1300/3213/1799
f 1301/261/1800 416/260/1800 1300/3213/1800
f 1303/264/1801 419/263/1801 1874/1318/1801
f 1306/1322/1802 420/2385/1802 423/1323/1802
f 433/276/1803 1311/3214/1803 1312/274/1803
f 437/1330/1804 1315/3215/1804 438/2387/1804
f 1315/3215/1805 435/2388/1805 438/2387/1805
f 439/2390/1806 1316/3216/1806 1877/2391/1806
f 1327/1338/1807 1328/3217/1807 1880/287/1807 454/288/1807
f 451/281/1808 1326/3218/1808 452/282/1808
f 449/2397/1809 452/282/1809 1326/3218/1809
f 1879/283/1810 450/284/1810 1325/3219/1810
f 1335/3220/1811 463/294/1811 462/2402/1811 1334/3221/1811
f 460/1344/1812 1333/3222/1812 461/2395/1812
f 1333/3222/1813 458/2396/1813 461/2395/1813
f 477/2405/1814 476/1351/1814 1345/1350/1814 1346/3223/1814
f 463/294/1815 1335/3220/1815 1336/1345/1815
f 464/292/1816 1337/3224/1816 465/293/1816
f 1337/3224/1817 462/2402/1817 465/293/1817
f 473/2398/1818 475/2401/1818 1884/3225/1818
f 1885/2400/1819 1343/3226/1819 475/2401/1819
f 1891/1370/1820 499/312/1820 498/311/1820 1892/3227/1820
f 477/2405/1821 1347/3228/1821 478/2404/1821
f 1347/3228/1822 1886/1349/1822 478/2404/1822
f 1349/1352/1823 479/302/1823 1348/3229/1823
f 1351/1354/1824 479/302/1824 481/304/1824
f 484/1357/1825 1353/3230/1825 1887/2407/1825
f 1360/2412/1826 1361/3231/1826 1889/310/1826
f 1888/309/1827 492/308/1827 1363/3232/1827
f 495/1367/1828 1365/3233/1828 1890/2410/1828
f 497/313/1829 1366/1369/1829 1892/3227/1829
f 498/311/1830 497/313/1830 1892/3227/1830
f 1376/3234/1831 508/2417/1831 510/2416/1831 1378/3235/1831
f 501/1373/1832 1368/3236/1832 502/1376/1832
f 1368/3236/1833 1893/1374/1833 502/1376/1833
f 1370/316/1834 1371/3237/1834 504/314/1834
f 1371/3237/1835 1372/3238/1835 504/314/1835
f 1372/3238/1836 503/315/1836 504/314/1836
f 505/2413/1837 1373/3239/1837 506/2414/1837
f 506/2414/1838 1373/3239/1838 507/319/1838
f 516/322/1839 515/2425/1839 1896/3240/1839 1382/3241/1839
f 1376/3234/1840 509/2418/1840 508/2417/1840
f 1377/2415/1841 1378/3235/1841 510/2416/1841
f 515/2425/1842 518/321/1842 1897/3242/1842 1896/3240/1842
f 537/331/1843 536/2430/1843 1398/3243/1843 1399/3244/1843
f 516/322/1844 1382/3241/1844 517/323/1844
f 1898/324/1845 1387/3245/1845 523/2428/1845
f 524/1385/1846 1389/3246/1846 525/2426/1846
f 525/2426/1847 1389/3246/1847 1390/2427/1847
f 529/1393/1848 531/1397/1848 1901/1396/1848
f 532/1399/1849 1396/3247/1849 533/328/1849
f 534/329/1850 533/328/1850 1396/3247/1850
f 1902/3248/1851 536/2430/1851 538/330/1851
f 1411/3249/1852 1412/3250/1852 557/1416/1852 556/2432/1852
f 537/331/1853 1399/3244/1853 1400/332/1853
f 541/1405/1854 540/1401/1854 1402/1404/1854
f 545/1411/1855 544/1407/1855 1405/1410/1855
f 547/2434/1856 550/334/1856 1903/3251/1856
f 554/1415/1857 1905/1414/1857 555/2431/1857
f 1909/3252/1858 570/2438/1858 569/2437/1858 1418/3253/1858
f 557/1416/1859 1412/3250/1859 1905/1414/1859
f 560/339/1860 559/341/1860 1413/3254/1860
f 560/339/1861 1413/3254/1861 1906/2439/1861
f 1907/3255/1862 1414/1417/1862 564/342/1862
f 570/2438/1863 1909/3252/1863 568/2435/1863
f 1417/2436/1864 1418/3253/1864 569/2437/1864
f 1918/1453/1865 1441/3256/1865 597/2448/1865 596/2447/1865
f 1910/350/1866 1419/3257/1866 572/1420/1866
f 578/2442/1867 1424/3258/1867 579/1427/1867
f 1427/1434/1868 580/1432/1868 1913/1431/1868
f 1914/3259/1869 1915/1442/1869 585/1441/1869
f 1429/1439/1870 1430/3260/1870 584/1440/1870
f 584/1440/1871 1430/3260/1871 585/1441/1871
f 587/1447/1872 586/1445/1872 1916/3261/1872
f 587/1447/1873 1916/3261/1873 1432/3262/1873
f 596/2447/1874 595/1452/1874 1918/1453/1874
f 600/2451/1875 1919/356/1875 1442/3263/1875 1443/3264/1875
f 604/1454/1876 603/2450/1876 1445/3265/1876 1446/3266/1876
f 601/1456/1877 1444/1455/1877 602/2449/1877
f 603/2450/1878 602/2449/1878 1445/3265/1878
f 608/2453/1879 607/2452/1879 1448/3267/1879 1920/3268/1879
f 604/1454/1880 1446/3266/1880 1444/1455/1880
f 607/2452/1881 606/1458/1881 1448/3267/1881
f 1920/3268/1882 605/1459/1882 608/2453/1882
f 1467/3269/1883 627/2461/1883 626/2460/1883 1466/3270/1883
f 609/2457/1884 1449/3271/1884 610/2454/1884
f 618/362/1885 1455/1463/1885 1456/360/1885
f 1460/1467/1886 1461/1466/1886 623/367/1886
f 625/2458/1887 1464/3272/1887 1465/2459/1887
f 1465/2459/1888 1466/3270/1888 626/2460/1888
f 1476/1476/1889 1477/3273/1889 640/2469/1889 639/1477/1889
f 627/2461/1890 1467/3269/1890 625/2458/1890
f 628/1469/1891 1468/1468/1891 629/370/1891
f 1922/3274/1892 1468/1468/1892 631/369/1892
f 630/371/1893 1922/3274/1893 631/369/1893
f 632/2464/1894 1470/3275/1894 633/374/1894
f 633/374/1895 1470/3275/1895 1471/372/1895
f 637/1472/1896 1923/1471/1896 635/2462/1896
f 1474/1473/1897 640/2469/1897 1924/3276/1897
f 640/2469/1898 1477/3273/1898 1924/3276/1898
f 1483/3277/1899 647/2467/1899 646/2466/1899 1482/3278/1899
f 644/2468/1900 1481/3279/1900 645/2465/1900
f 646/2466/1901 645/2465/1901 1482/3278/1901
f 1929/1487/1902 658/386/1902 660/385/1902 1489/1488/1902
f 1483/3277/1903 644/2468/1903 647/2467/1903
f 653/1484/1904 652/2470/1904 1485/1482/1904
f 1486/3280/1905 651/2471/1905 654/1483/1905
f 676/395/1906 675/397/1906 1505/3281/1906 1506/1500/1906
f 659/384/1907 1929/1487/1907 1490/1489/1907
f 659/384/1908 1491/1490/1908 1489/1488/1908
f 663/1492/1909 1494/3282/1909 661/2473/1909
f 1497/3283/1910 1495/1494/1910 666/1497/1910
f 1930/2477/1911 1497/3283/1911 666/1497/1911
f 668/2475/1912 1932/389/1912 1499/3284/1912
f 669/2476/1913 668/2475/1913 1499/3284/1913
f 1517/3285/1914 1518/3286/1914 689/402/1914 688/401/1914
f 1512/1510/1915 1510/1508/1915 682/398/1915
f 685/1516/1916 684/1512/1916 1514/1515/1916
f 688/401/1917 687/403/1917 1517/3285/1917
f 1939/3287/1918 699/2481/1918 698/2480/1918 1529/3288/1918
f 690/1517/1919 692/1521/1919 1519/3289/1919
f 694/404/1920 693/406/1920 1523/3290/1920
f 1524/2483/1921 694/404/1921 1523/3290/1921
f 1937/1524/1922 1938/3291/1922 697/407/1922
f 695/2484/1923 697/407/1923 1938/3291/1923
f 699/2481/1924 1939/3287/1924 1527/2478/1924
f 698/2480/1925 1528/2479/1925 1529/3288/1925
f 1531/3292/1926 1532/3293/1926 702/411/1926 701/410/1926
f 701/410/1927 700/412/1927 1531/3292/1927
f 1549/3294/1928 723/1538/1928 722/2497/1928 1548/3295/1928
f 1535/2485/1929 1536/3296/1929 708/2486/1929
f 708/2486/1930 1537/3297/1930 709/2487/1930
f 1537/3297/1931 707/2488/1931 709/2487/1931
f 710/2493/1932 1538/3298/1932 711/2490/1932
f 712/2491/1933 1540/3299/1933 713/2492/1933
f 1540/3299/1934 710/2493/1934 713/2492/1934
f 1546/3300/1935 1544/1531/1935 719/1534/1935
f 722/2497/1936 721/1536/1936 1548/3295/1936
f 1554/3301/1937 730/2501/1937 729/2500/1937 1553/3302/1937
f 1549/3294/1938 1547/1535/1938 723/1538/1938
f 729/2500/1939 728/2499/1939 1553/3302/1939
f 1562/3303/1940 736/424/1940 739/423/1940 1564/1548/1940
f 1554/3301/1941 727/2502/1941 730/2501/1941
f 733/419/1942 1555/3304/1942 731/416/1942
f 1559/421/1943 1560/1546/1943 734/422/1943
f 760/2512/1944 1945/431/1944 1576/3305/1944 1577/3306/1944
f 737/425/1945 736/424/1945 1563/1550/1945
f 746/1555/1946 1566/1554/1946 747/2507/1946
f 1569/1557/1947 749/2505/1947 751/1558/1947
f 752/2509/1948 1570/3307/1948 753/2508/1948
f 1572/1560/1949 752/2509/1949 755/1561/1949
f 1949/1589/1950 799/1590/1950 798/454/1950 1606/3308/1950
f 760/2512/1951 1577/3306/1951 761/429/1951
f 1578/433/1952 1579/3309/1952 763/434/1952
f 764/1566/1953 763/434/1953 1579/3309/1953
f 765/2513/1954 1580/3310/1954 766/436/1954
f 1582/3311/1955 765/2513/1955 768/435/1955
f 1584/440/1956 769/439/1956 1583/1568/1956
f 1584/440/1957 1585/3312/1957 770/438/1957
f 770/438/1958 1585/3312/1958 771/441/1958
f 772/1570/1959 1586/3313/1959 773/444/1959
f 774/442/1960 773/444/1960 1586/3313/1960
f 778/1576/1961 777/1572/1961 1589/1575/1961
f 1591/2515/1962 1592/1577/1962 781/1579/1962
f 1594/2516/1963 787/1585/1963 1596/1584/1963
f 789/2519/1964 1597/3314/1964 790/2520/1964
f 788/2518/1965 791/2521/1965 1947/3315/1965
f 791/2521/1966 790/2520/1966 1597/3314/1966
f 1605/456/1967 1606/3308/1967 798/454/1967
f 1950/460/1968 805/457/1968 1611/3316/1968 1612/3317/1968
f 1608/2523/1969 800/2522/1969 1607/3318/1969
f 1610/1592/1970 800/2522/1970 802/1593/1970
f 1618/3319/1971 811/2527/1971 810/2526/1971 1617/3320/1971
f 805/457/1972 804/459/1972 1611/3316/1972
f 807/461/1973 1613/1594/1973 1614/464/1973
f 1953/3321/1974 819/2532/1974 818/2531/1974 1627/3322/1974
f 1618/3319/1975 809/2524/1975 811/2527/1975
f 812/1597/1976 1951/467/1976 1619/3323/1976
f 812/1597/1977 1619/3323/1977 1620/1596/1977
f 813/465/1978 1620/1596/1978 1621/3324/1978
f 1623/1601/1979 815/1598/1979 1622/1600/1979
f 817/2529/1980 819/2532/1980 1953/3321/1980
f 823/1604/1981 822/2534/1981 1629/3325/1981 1630/3326/1981
f 820/1606/1982 1628/1605/1982 821/2533/1982
f 1633/3327/1983 826/2535/1983 825/1609/1983 1632/1608/1983
f 1630/3326/1984 1628/1605/1984 823/1604/1984
f 822/2534/1985 821/2533/1985 1629/3325/1985
f 844/2548/1986 843/1631/1986 1656/3328/1986 1657/3329/1986
f 827/1610/1987 826/2535/1987 1633/3327/1987
f 1634/2536/1988 1635/3330/1988 828/2537/1988
f 828/2537/1989 1635/3330/1989 1636/2538/1989
f 829/1612/1990 1638/3331/1990 1639/1613/1990
f 831/2542/1991 1644/3332/1991 832/2543/1991
f 832/2543/1992 1645/3333/1992 1642/1615/1992
f 831/2542/1993 830/1617/1993 1644/3332/1993
f 1647/2544/1994 1648/3334/1994 1956/2545/1994
f 837/1623/1995 1651/1625/1995 1649/1621/1995
f 1957/2547/1996 1653/3335/1996 840/1629/1996
f 843/1631/1997 1655/1630/1997 1656/3328/1997
f 1958/2553/1998 1959/2552/1998 1659/3336/1998 1660/3337/1998
f 844/2548/1999 1657/3329/1999 841/2549/1999
f 1966/3338/2000 871/2573/2000 870/2572/2000 1679/3339/2000
f 1662/1634/2001 846/2554/2001 849/1635/2001
f 852/2558/2002 1960/3340/2002 853/2559/2002
f 851/2557/2003 1960/3340/2003 852/2558/2003
f 853/2559/2004 1664/3341/2004 850/2556/2004
f 1665/2561/2005 855/1638/2005 1961/1639/2005
f 856/2562/2006 1668/3342/2006 857/2563/2006
f 1962/2565/2007 1668/3342/2007 856/2562/2007
f 862/1645/2008 1963/3343/2008 1673/1643/2008
f 862/1645/2009 864/2568/2009 1963/3343/2009
f 867/470/2010 866/469/2010 1965/1646/2010
f 871/2573/2011 1966/3338/2011 869/2570/2011
f 1680/1650/2012 1681/3344/2012 1967/2575/2012 872/1651/2012
f 1693/3345/2013 886/478/2013 888/477/2013 1692/1660/2013
f 1683/3346/2014 1680/1650/2014 874/1649/2014
f 875/473/2015 878/472/2015 1684/3347/2015
f 1686/1653/2016 878/472/2016 877/1654/2016
f 882/2577/2017 1689/3348/2017 883/2578/2017
f 1691/1658/2018 882/2577/2018 885/1659/2018
f 1729/3349/2019 1730/3350/2019 924/2589/2019 923/2588/2019
f 889/480/2020 1969/3351/2020 890/481/2020
f 1970/2579/2021 1969/3351/2021 889/480/2021
f 1971/482/2022 1695/3352/2022 1970/2579/2022
f 891/1664/2023 1696/1663/2023 1697/1665/2023
f 1699/1667/2024 1696/1663/2024 892/1662/2024
f 895/484/2025 1702/3353/2025 896/485/2025
f 898/490/2026 1707/3354/2026 899/491/2026
f 899/491/2027 1707/3354/2027 1708/2582/2027
f 908/498/2028 907/500/2028 1716/1676/2028
f 914/506/2029 1722/3355/2029 915/507/2029
f 1720/2580/2030 912/1680/2030 1719/1679/2030
f 918/2584/2031 1980/3356/2031 916/2585/2031
f 923/2588/2032 922/2587/2032 1729/3349/2032
f 1770/3357/2033 1771/3358/2033 962/2612/2033 961/2611/2033
f 925/2591/2034 1981/3359/2034 926/2592/2034
f 1982/2594/2035 1981/3359/2035 925/2591/2035
f 1733/1691/2036 1734/1687/2036 927/1689/2036
f 928/1688/2037 1735/3360/2037 929/1690/2037
f 930/2598/2038 1737/3361/2038 931/2595/2038
f 932/2596/2039 1739/3362/2039 933/2597/2039
f 1739/3362/2040 930/2598/2040 933/2597/2040
f 935/509/2041 1742/1692/2041 936/510/2041
f 937/511/2042 1984/3363/2042 938/512/2042
f 1985/1695/2043 1984/3363/2043 937/511/2043
f 1744/1697/2044 1745/1699/2044 939/1698/2044
f 1747/1701/2045 1744/1697/2045 940/1696/2045
f 1748/1703/2046 1749/1705/2046 941/1704/2046
f 1751/3364/2047 1748/1703/2047 942/1702/2047
f 1988/1706/2048 1751/3364/2048 942/1702/2048
f 22/986/2049 23/987/2049 24/988/2049 21/984/2049
f 951/2604/2050 1989/3365/2050 1756/2605/2050
f 1990/2607/2051 1989/3365/2051 951/2604/2051
f 1991/2606/2052 1757/3366/2052 1990/2607/2052
f 952/519/2053 1759/1709/2053 1760/1708/2053
f 1762/1710/2054 1759/1709/2054 953/518/2054
f 954/1711/2055 956/2609/2055 1763/3367/2055
f 1766/522/2056 1767/3368/2056 958/523/2056
f 958/523/2057 1767/3368/2057 959/2614/2057
f 1803/3369/2058 1047/2666/2058 1802/2665/2058 110/3370/2058
f 962/2612/2059 1771/3358/2059 1769/2613/2059
f 961/2611/2060 960/2610/2060 1770/3357/2060
f 967/1719/2061 1774/1718/2061 968/2615/2061
f 969/1721/2062 968/2615/2062 1775/1720/2062
f 1993/1724/2063 1778/3371/2063 973/2618/2063
f 1781/1726/2064 974/2620/2064 977/1727/2064
f 980/526/2065 19/525/2065 1782/3372/2065
f 981/529/2066 21/1728/2066 982/527/2066
f 23/530/2067 982/527/2067 24/3373/2067
f 1784/2630/2068 987/2627/2068 32/3374/2068
f 33/531/2069 989/2629/2069 34/3375/2069
f 996/537/2070 997/539/2070 1787/3376/2070
f 51/3377/2071 1000/542/2071 52/2641/2071
f 1002/545/2072 56/1745/2072 1788/543/2072
f 1003/2638/2073 61/3378/2073 60/2639/2073
f 59/3379/2074 1004/2640/2074 60/2639/2074
f 1005/547/2075 1006/550/2075 63/3380/2075
f 1006/550/2076 64/2644/2076 63/3380/2076
f 1790/2646/2077 1009/2645/2077 73/3381/2077
f 1790/2646/2078 73/3382/2078 1010/2647/2078
f 1013/552/2079 74/2651/2079 1791/3383/2079
f 1015/1751/2080 77/1750/2080 1014/2649/2080
f 1027/1755/2081 87/2655/2081 1793/3384/2081
f 90/2658/2082 1029/562/2082 91/3385/2082
f 1794/561/2083 92/3386/2083 1029/562/2083
f 1032/564/2084 93/2659/2084 1796/3387/2084
f 1038/570/2085 97/2661/2085 1798/3388/2085
f 1040/573/2086 99/2662/2086 1799/3389/2086
f 104/579/2087 1042/578/2087 105/1763/2087
f 103/3390/2088 1041/580/2088 104/579/2088
f 1043/1764/2089 106/1766/2089 1801/3391/2089
f 1045/1767/2090 1043/1764/2090 1801/3391/2090
f 1802/2665/2091 1046/2664/2091 110/3392/2091
f 155/3393/2092 154/1794/2092 1084/1793/2092 1813/608/2092
f 1804/1770/2093 1051/581/2093 1048/583/2093
f 1049/582/2094 1050/584/2094 111/3394/2094
f 114/3395/2095 1052/587/2095 1053/586/2095
f 1805/3396/2096 1053/586/2096 1054/588/2096
f 1059/1776/2097 121/1775/2097 120/2669/2097
f 1060/1774/2098 1058/2670/2098 119/3397/2098
f 1062/1778/2099 123/2672/2099 1806/3398/2099
f 129/3399/2100 1064/589/2100 126/2677/2100
f 1807/2676/2101 132/3400/2101 1066/2673/2101
f 137/3401/2102 1071/594/2102 1072/593/2102
f 1074/597/2103 1075/596/2103 1809/3402/2103
f 1076/2680/2104 142/3403/2104 145/2681/2104
f 142/3403/2105 1076/2680/2105 1077/1786/2105
f 440/3404/2106 1317/779/2106 1318/778/2106 1876/1950/2106
f 1087/1798/2107 160/1800/2107 1817/1795/2107
f 162/1801/2108 1091/613/2108 1089/615/2108
f 1096/2685/2109 168/2684/2109 1820/3405/2109
f 170/1804/2110 1095/1803/2110 1096/2685/2110
f 1821/2690/2111 175/2689/2111 178/3406/2111
f 1105/1808/2112 181/2693/2112 1822/3407/2112
f 1107/621/2113 1108/624/2113 185/3408/2113
f 185/3408/2114 1108/624/2114 1109/623/2114
f 187/1813/2115 1112/1812/2115 1113/1816/2115
f 188/2700/2116 1114/627/2116 189/3409/2116
f 1114/627/2117 1115/626/2117 189/3409/2117
f 1116/2698/2118 192/3410/2118 1118/1819/2118
f 192/3410/2119 1116/2698/2119 1117/2699/2119
f 1120/2703/2120 1119/2702/2120 198/3411/2120
f 1120/2703/2121 198/3411/2121 197/3412/2121
f 207/1822/2122 1129/637/2122 1130/2713/2122
f 1130/2713/2123 1131/636/2123 208/3413/2123
f 1831/3414/2124 1830/2720/2124 218/2719/2124
f 220/3415/2125 1138/2721/2125 1830/2720/2125
f 1140/1827/2126 1139/2725/2126 221/3416/2126
f 1142/2723/2127 1143/639/2127 1833/3417/2127
f 228/3418/2128 1147/641/2128 1145/643/2128
f 1835/3419/2129 1152/2731/2129 233/2730/2129
f 233/2730/2130 1153/1833/2130 234/1835/2130
f 1154/1834/2131 1152/2731/2131 1835/3419/2131
f 243/647/2132 1836/649/2132 244/3420/2132
f 1157/648/2133 243/647/2133 242/3421/2133
f 1158/1842/2134 247/1843/2134 246/2734/2134
f 252/1846/2135 1164/655/2135 253/1844/2135
f 257/659/2136 1169/658/2136 258/1847/2136
f 265/663/2137 1172/662/2137 1837/3422/2137
f 1174/661/2138 264/3423/2138 1173/2740/2138
f 264/3423/2139 1174/661/2139 265/663/2139
f 267/2741/2140 1175/664/2140 268/3424/2140
f 1175/664/2141 269/1853/2141 268/3424/2141
f 1838/671/2142 1180/667/2142 275/669/2142
f 277/1857/2143 1179/670/2143 1838/671/2143
f 1183/1859/2144 278/2742/2144 1839/3425/2144
f 1182/1858/2145 279/1860/2145 1181/2743/2145
f 1186/672/2146 1184/674/2146 1840/3426/2146
f 280/673/2147 1185/2748/2147 281/3427/2147
f 281/3427/2148 1185/2748/2148 1186/672/2148
f 1187/675/2149 283/3428/2149 282/676/2149
f 1187/675/2150 1188/1861/2150 283/3428/2150
f 1189/677/2151 282/676/2151 1841/3429/2151
f 1190/2745/2152 1842/3430/2152 1193/2746/2152
f 1197/2754/2153 1194/2753/2153 290/3431/2153
f 1195/2755/2154 1196/2756/2154 289/3432/2154
f 1196/2756/2155 1197/2754/2155 289/3432/2155
f 1200/1864/2156 1198/2752/2156 291/3433/2156
f 1199/1863/2157 292/1865/2157 1843/2751/2157
f 1204/2759/2158 1202/1869/2158 298/3434/2158
f 1204/2759/2159 298/3434/2159 1845/3435/2159
f 301/2760/2160 1204/2759/2160 1845/3435/2160
f 307/1876/2161 1207/1875/2161 1848/678/2161
f 1210/1877/2162 310/1881/2162 309/1878/2162
f 1215/1883/2163 317/3436/2163 316/1884/2163
f 1215/1883/2164 1850/1886/2164 317/3436/2164
f 1216/1887/2165 1215/1883/2165 1849/1885/2165
f 325/2766/2166 1220/691/2166 326/1896/2166
f 329/1894/2167 328/689/2167 1221/1895/2167
f 1855/1897/2168 334/2770/2168 1224/694/2168
f 1227/696/2169 335/2772/2169 1856/3437/2169
f 1232/702/2170 1230/704/2170 1857/1899/2170
f 342/3438/2171 1231/703/2171 1232/702/2171
f 1236/705/2172 1233/707/2172 345/3439/2172
f 1234/706/2173 1235/708/2173 344/3440/2173
f 344/3440/2174 1235/708/2174 1236/705/2174
f 1241/1902/2175 349/2774/2175 1858/3441/2175
f 351/713/2176 1242/712/2176 352/3442/2176
f 1242/712/2177 1243/715/2177 352/3442/2177
f 1244/714/2178 351/713/2178 1860/3443/2178
f 1247/1908/2179 1245/2776/2179 354/3444/2179
f 363/3445/2180 1252/722/2180 1862/719/2180
f 365/3446/2181 1256/726/2181 1253/724/2181
f 371/1917/2182 1260/1916/2182 372/2779/2182
f 374/1918/2183 1262/727/2183 1260/1916/2183
f 1268/735/2184 380/3447/2184 379/2783/2184
f 1270/734/2185 1267/736/2185 1863/1920/2185
f 380/3447/2186 1268/735/2186 1269/2780/2186
f 1279/748/2187 394/3448/2187 393/1925/2187
f 394/3448/2188 1279/748/2188 395/2787/2188
f 396/751/2189 1282/753/2189 397/3449/2189
f 397/3449/2190 1282/753/2190 1283/750/2190
f 1284/1930/2191 400/1932/2191 1867/1927/2191
f 404/3450/2192 1288/754/2192 402/2792/2192
f 1868/3451/2193 1287/755/2193 1288/754/2193
f 1290/2791/2194 405/2790/2194 1869/3452/2194
f 407/1933/2195 1291/757/2195 408/759/2195
f 418/2793/2196 1304/1940/2196 1875/1939/2196
f 427/1945/2197 424/2802/2197 428/3453/2197
f 431/3454/2198 430/772/2198 1308/774/2198
f 434/3455/2199 1313/2800/2199 432/2799/2199
f 1319/780/2200 439/1949/2200 1876/1950/2200
f 1877/3456/2201 1316/1948/2201 1317/779/2201
f 1317/779/2202 440/3404/2202 1877/3456/2202
f 487/3457/2203 1355/2826/2203 1356/1971/2203 488/1973/2203
f 1321/781/2204 445/1951/2204 444/785/2204
f 443/3458/2205 1320/784/2205 444/785/2205
f 1878/3459/2206 1324/786/2206 446/788/2206
f 448/3460/2207 1323/789/2207 1324/786/2207
f 1880/3461/2208 1328/793/2208 1329/795/2208
f 1331/1954/2209 455/2808/2209 1881/3462/2209
f 1337/1959/2210 1334/2816/2210 462/3463/2210
f 1338/1962/2211 1883/1966/2211 467/1965/2211
f 1339/1967/2212 1338/1962/2212 1882/1964/2212
f 472/800/2213 1342/796/2213 469/2819/2213
f 474/2817/2214 1343/802/2214 1885/3464/2214
f 1886/3465/2215 1344/805/2215 1345/804/2215
f 1347/806/2216 1344/805/2216 1886/3465/2216
f 1351/2821/2217 1348/2820/2217 479/3466/2217
f 1353/808/2218 482/2827/2218 1887/3467/2218
f 1356/1971/2219 1354/2825/2219 485/1972/2219
f 593/2034/2220 1437/2033/2220 1438/2891/2220 594/3468/2220
f 490/3469/2221 1358/814/2221 1359/811/2221
f 1888/3470/2222 1363/815/2222 1360/817/2222
f 1361/816/2223 1362/1975/2223 1889/1977/2223
f 492/1976/2224 1362/1975/2224 1363/815/2224
f 1365/1978/2225 493/2829/2225 1890/3471/2225
f 1895/3472/2226 1375/822/2226 505/824/2226
f 1897/2838/2227 518/3473/2227 517/2839/2227
f 1384/1992/2228 1385/830/2228 521/3474/2228
f 1385/830/2229 519/832/2229 521/3474/2229
f 1387/2842/2230 1898/3475/2230 522/2843/2230
f 1900/2002/2231 1394/2848/2231 1395/2000/2231
f 530/2001/2232 1395/2000/2232 1901/2850/2232
f 1902/2005/2233 538/3476/2233 1400/2856/2233
f 1403/2860/2234 542/3477/2234 1402/2857/2234
f 1403/2860/2235 1401/2859/2235 542/3477/2235
f 1405/2861/2236 1406/2864/2236 546/3478/2236
f 1406/2864/2237 1404/2863/2237 546/3478/2237
f 547/2007/2238 1407/2006/2238 548/2009/2238
f 549/2008/2239 1407/2006/2239 1408/837/2239
f 1409/2866/2240 1904/3479/2240 552/2865/2240
f 1409/2866/2241 1410/2012/2241 553/2011/2241
f 561/3480/2242 1414/839/2242 562/841/2242
f 1907/842/2243 564/3481/2243 563/840/2243
f 566/2021/2244 1416/2020/2244 567/2019/2244
f 1419/2882/2245 1910/3482/2245 571/2883/2245
f 574/3483/2246 1421/2878/2246 1911/2877/2246
f 1423/2886/2247 1424/2885/2247 578/3484/2247
f 1425/2024/2248 1912/2023/2248 579/3485/2248
f 1425/2024/2249 579/3485/2249 1424/2885/2249
f 1914/846/2250 585/3486/2250 1430/847/2250
f 1431/2029/2251 1916/2028/2251 586/3487/2251
f 589/2032/2252 1436/852/2252 1917/849/2252
f 1438/2891/2253 591/2890/2253 594/3468/2253
f 611/2043/2254 1450/2042/2254 1451/2906/2254 612/3488/2254
f 1442/2892/2255 1919/3489/2255 599/2893/2255
f 1920/2903/2256 1447/2902/2256 605/3490/2256
f 1449/2904/2257 1450/2042/2257 610/2044/2257
f 1451/2906/2258 609/2905/2258 612/3488/2258
f 616/3491/2259 615/3492/2259 1453/2907/2259 1454/2910/2259
f 1453/2907/2260 615/3492/2260 614/2908/2260
f 1921/3493/2261 1462/2920/2261 1463/2919/2261 624/3494/2261
f 1454/2910/2262 1452/2909/2262 616/3491/2262
f 621/2046/2263 1458/2045/2263 1459/2916/2263
f 1462/2920/2264 1921/3493/2264 1461/2917/2264
f 1463/2919/2265 1460/2918/2265 624/3494/2265
f 655/3495/2266 1927/2944/2266 1487/2060/2266 656/2059/2266
f 1469/2051/2267 630/2050/2267 629/2921/2267
f 1472/2054/2268 636/2053/2268 635/2929/2268
f 1475/2923/2269 1476/858/2269 638/3496/2269
f 1478/862/2270 641/3497/2270 1925/3498/2270
f 1925/3498/2271 1480/860/2271 1478/862/2271
f 1481/2931/2272 1482/2934/2272 645/3499/2272
f 1486/2938/2273 654/3500/2273 1485/2935/2273
f 1546/2980/2274 719/3501/2274 1941/3502/2274 1545/2981/2274
f 1488/2945/2275 657/3503/2275 1928/2058/2275
f 1488/2945/2276 1927/2944/2276 657/3503/2276
f 1493/2062/2277 1494/2947/2277 663/3504/2277
f 1496/2064/2278 665/2066/2278 1495/2948/2278
f 1931/3505/2279 1498/866/2279 667/868/2279
f 667/868/2280 1499/867/2280 1932/3506/2280
f 669/2950/2281 1498/866/2281 1931/3505/2281
f 1502/2070/2282 671/2072/2282 1501/2068/2282
f 1503/2951/2283 1504/869/2283 674/3507/2283
f 1505/871/2284 675/3508/2284 1504/869/2284
f 1933/2075/2285 1507/2953/2285 1508/2073/2285
f 678/2074/2286 1508/2073/2286 1509/2955/2286
f 1511/2078/2287 681/2077/2287 1510/2960/2287
f 1514/2956/2288 1515/2959/2288 686/3509/2288
f 1515/2959/2289 1513/2958/2289 686/3509/2289
f 690/3510/2290 1519/872/2290 1935/874/2290
f 1936/2083/2291 1525/876/2291 1522/878/2291
f 1522/878/2292 1523/877/2292 693/3511/2292
f 1533/2090/2293 705/2091/2293 1940/2972/2293
f 1538/2975/2294 1539/2095/2294 711/2097/2294
f 1542/2102/2295 715/2103/2295 714/2977/2295
f 1545/2981/2296 1941/3502/2296 718/2978/2296
f 829/3512/2297 1955/3513/2297 1637/3052/2297 1638/3051/2297
f 724/2987/2298 1550/2986/2298 725/3514/2298
f 1551/2989/2299 1942/3515/2299 1550/2986/2299
f 1552/2988/2300 724/2987/2300 726/3516/2300
f 1552/2988/2301 726/3516/2301 1551/2989/2301
f 731/3517/2302 1555/2105/2302 1556/2109/2302
f 1561/2112/2303 1943/2111/2303 735/2997/2303
f 1562/3000/2304 1563/2999/2304 736/3518/2304
f 1565/884/2305 743/883/2305 742/3519/2305
f 1567/3004/2306 745/3003/2306 748/3520/2306
f 1567/3004/2307 748/3520/2307 747/3005/2307
f 749/888/2308 1568/887/2308 1944/2114/2308
f 1570/3006/2309 1571/2115/2309 753/2117/2309
f 1576/3011/2310 1945/3521/2310 759/3008/2310
f 1581/3012/2311 766/3522/2311 1580/3013/2311
f 1582/2126/2312 1580/3013/2312 765/3523/2312
f 1590/3022/2313 779/3524/2313 1589/3019/2313
f 1590/3022/2314 1588/3021/2314 779/3524/2314
f 1592/3024/2315 1593/2130/2315 782/2129/2315
f 1595/898/2316 785/897/2316 784/3525/2316
f 1601/904/2317 1598/903/2317 793/3526/2317
f 795/2138/2318 1603/2137/2318 1604/3027/2318
f 1610/907/2319 1607/906/2319 800/3527/2319
f 801/2139/2320 1609/905/2320 1610/907/2320
f 1617/3041/2321 810/3528/2321 1616/3038/2321
f 861/3529/2322 860/2172/2322 1671/2171/2322 1672/3077/2322
f 1955/3513/2323 1641/917/2323 1637/3052/2323
f 1653/3058/2324 1957/3530/2324 839/3059/2324
f 1654/3057/2325 1652/3056/2325 840/3531/2325
f 1653/3058/2326 1654/3057/2326 840/3531/2326
f 841/3062/2327 1655/3061/2327 842/3532/2327
f 1659/3065/2328 1959/3533/2328 1658/3064/2328
f 848/2168/2329 1661/931/2329 1662/928/2329
f 1663/2169/2330 851/2170/2330 850/3070/2330
f 1666/3067/2331 1667/3066/2331 854/3534/2331
f 1670/3075/2332 1671/2171/2332 859/2173/2332
f 1975/2199/2333 1974/3535/2333 1705/3102/2333 1703/951/2333
f 1672/3077/2334 858/3076/2334 861/3529/2334
f 1674/3536/2335 1673/2176/2335 863/2175/2335
f 865/2178/2336 1676/2177/2336 1965/3080/2336
f 1677/2180/2337 867/2181/2337 1965/3080/2337
f 1679/3084/2338 870/3537/2338 1678/3081/2338
f 878/3538/2339 1686/3087/2339 1684/3086/2339
f 1685/3088/2340 1686/3087/2340 876/3539/2340
f 880/2185/2341 1687/2184/2341 1688/3090/2341
f 1689/3091/2342 1690/2187/2342 883/2189/2342
f 1695/944/2343 1971/3540/2343 890/945/2343
f 1698/2192/2344 1972/2194/2344 1697/3093/2344
f 1973/2198/2345 1700/3097/2345 1701/948/2345
f 903/3541/2346 902/3542/2346 1710/3098/2346 1711/3101/2346
f 1705/3102/2347 1974/3535/2347 897/949/2347
f 1976/3543/2348 1706/952/2348 898/954/2348
f 1708/3103/2349 1706/952/2349 1976/3543/2349
f 1710/3098/2350 902/3542/2350 901/3099/2350
f 1711/3101/2351 1709/3100/2351 903/3541/2351
f 949/2231/2352 1754/2230/2352 1755/3128/2352 950/3544/2352
f 1977/2200/2353 1712/957/2353 1713/956/2353
f 911/3109/2354 1717/3108/2354 1979/3545/2354
f 910/2205/2355 1718/2204/2355 911/3109/2355
f 1722/958/2356 1719/961/2356 915/3546/2356
f 916/963/2357 1723/962/2357 917/2210/2357
f 1724/2209/2358 1980/964/2358 918/3547/2358
f 921/3548/2359 1725/3112/2359 1726/967/2359
f 1731/2216/2360 926/2215/2360 1981/3113/2360
f 1735/3118/2361 928/3549/2361 1734/3115/2361
f 1736/3117/2362 1733/3116/2362 929/3550/2362
f 1736/3117/2363 929/3550/2363 1735/3118/2363
f 1737/3119/2364 1738/2217/2364 931/2219/2364
f 1741/970/2365 1983/2221/2365 1740/3121/2365
f 1743/972/2366 1986/3551/2366 938/973/2366
f 1746/2224/2367 1987/2223/2367 1745/3123/2367
f 1750/2227/2368 1988/2226/2368 1749/3125/2368
f 1753/975/2369 943/977/2369 946/3552/2369
f 945/976/2370 1753/975/2370 946/3552/2370
f 1755/3128/2371 947/3127/2371 950/3544/2371
f 1757/3129/2372 1991/3553/2372 1756/3130/2372
f 1758/3132/2373 1989/3131/2373 1990/3554/2373
f 1758/3132/2374 1990/3554/2374 1757/3129/2374
f 1761/2235/2375 1992/2234/2375 1760/3133/2375
f 954/3555/2376 1763/980/2376 1764/2237/2376
f 1767/3136/2377 1768/2240/2377 959/2239/2377
f 963/3556/2378 1772/3141/2378 964/3142/2378
f 1773/2241/2379 965/2243/2379 964/3142/2379
f 1775/3145/2380 1776/3144/2380 970/3557/2380
f 1776/3144/2381 1774/3143/2381 970/3557/2381
f 971/3149/2382 1777/3148/2382 972/3558/2382
f 1778/3147/2383 1993/3559/2383 1777/3148/2383
f 1779/3150/2384 971/3149/2384 973/3560/2384
f 1778/3147/2385 1779/3150/2385 973/3560/2385
