# 3ds Max Wavefront OBJ Exporter v0.99 - (c)2007 guruware
# File Created: 11.05.2025 15:24:17

mtllib Kitchenware_26.mtl

#
# object Kitchenware_26
#

v  -0.8567 -0.7917 3.4859
v  0.8567 -0.7917 3.4859
v  0.8567 -0.7917 5.2289
v  -0.8567 -0.7917 5.2289
v  -0.8567 0.7917 3.4859
v  -0.8567 0.7917 5.2289
v  0.8567 0.7917 5.2289
v  0.8567 0.7917 3.4859
v  -12.5184 -0.1728 12.2008
v  -12.5184 -0.1728 13.9438
v  -12.5184 0.1728 13.9438
v  -12.5184 0.1728 12.2008
v  -2.5702 0.1728 18.8104
v  -4.2838 0.1728 18.8104
v  -4.2838 -0.1728 18.8104
v  -2.5702 -0.1728 18.8104
v  12.5184 0.1728 -12.2008
v  12.5184 -0.1728 -12.2008
v  12.5184 -0.1728 -13.9438
v  12.5184 0.1728 -13.9438
v  2.5702 0.1728 -18.8104
v  4.2838 0.1728 -18.8104
v  4.2838 -0.1728 -18.8104
v  2.5702 -0.1728 -18.8104
v  -12.5184 -0.5183 -17.4297
v  -12.4321 -0.6304 -17.6940
v  -12.4321 -0.6379 -17.4297
v  -11.1377 -0.7917 17.4297
v  -11.7040 -0.7746 17.6940
v  -11.7418 -0.7746 17.4297
v  11.1377 -0.5183 -18.8104
v  11.4020 -0.6304 -18.7241
v  11.1377 -0.6379 -18.7241
v  11.1377 -0.7917 17.4297
v  11.4020 -0.7746 17.9960
v  11.1377 -0.7746 18.0338
v  -12.5184 0.5183 -17.4297
v  -12.4321 0.5706 -17.9960
v  -12.4321 0.5183 -18.0338
v  -11.1377 0.5183 18.8104
v  -11.7040 0.5706 18.7241
v  -11.7418 0.5183 18.7241
v  11.1377 0.5183 -18.8104
v  11.7040 0.5706 -18.7241
v  11.7418 0.5183 -18.7241
v  12.5184 0.5183 17.4297
v  12.4321 0.5706 17.9960
v  12.4321 0.5183 18.0338
v  7.7107 -0.7917 -17.4297
v  7.7107 -0.7746 -18.0338
v  9.4243 -0.7746 -18.0338
v  9.4243 -0.7917 -17.4297
v  11.1377 -0.7917 13.9438
v  11.7418 -0.7746 13.9438
v  11.7418 -0.7746 15.6867
v  11.1377 -0.7917 15.6867
v  -7.7107 -0.7917 17.4297
v  -7.7107 -0.7746 18.0338
v  -9.4243 -0.7746 18.0338
v  -9.4243 -0.7917 17.4297
v  -11.1377 -0.7917 -13.9438
v  -11.7418 -0.7746 -13.9438
v  -11.7418 -0.7746 -15.6867
v  -11.1377 -0.7917 -15.6867
v  -11.7418 0.7746 13.9438
v  -11.7418 0.7746 15.6867
v  -11.1377 0.7917 15.6867
v  -11.1377 0.7917 13.9438
v  7.7107 0.7917 17.4297
v  7.7107 0.7746 18.0338
v  9.4243 0.7746 18.0338
v  9.4243 0.7917 17.4297
v  11.7418 0.7746 -13.9438
v  11.7418 0.7746 -15.6867
v  11.1377 0.7917 -15.6867
v  11.1377 0.7917 -13.9438
v  -7.7107 0.7917 -17.4297
v  -7.7107 0.7746 -18.0338
v  -9.4243 0.7746 -18.0338
v  -9.4243 0.7917 -17.4297
v  -12.4321 -0.1728 18.0337
v  -12.4321 0.1728 18.0338
v  -12.5184 0.1728 17.4297
v  -12.5184 -0.1728 17.4297
v  -12.5184 0.1728 -17.4297
v  -12.4321 0.1728 -18.0338
v  -12.4321 -0.1728 -18.0338
v  -12.5184 -0.1728 -17.4297
v  11.7418 -0.1728 18.7241
v  11.7418 0.1728 18.7241
v  11.1377 0.1728 18.8104
v  11.1377 -0.1728 18.8104
v  12.5184 -0.1728 -17.4297
v  12.4321 -0.1728 -18.0338
v  12.4321 0.1728 -18.0338
v  12.5184 0.1728 -17.4297
v  -12.4321 -0.5183 -18.0338
v  -12.4321 -0.5706 -17.9960
v  -12.1732 -0.6080 -18.4005
v  -12.1732 -0.5183 -18.4652
v  -11.7418 -0.6304 -18.6432
v  -11.7418 -0.5183 -18.7241
v  -11.1377 -0.6379 -18.7241
v  -11.1377 -0.5183 -18.8104
v  -12.4321 -0.6080 -17.8827
v  -12.1732 -0.6721 -18.2063
v  -11.7418 -0.7105 -18.4005
v  -11.1377 -0.7233 -18.4652
v  -12.1732 -0.7105 -17.8827
v  -11.7418 -0.7586 -17.9960
v  -11.1377 -0.7746 -18.0338
v  -12.1732 -0.7233 -17.4297
v  -11.7418 -0.7746 -17.4297
v  -11.1377 -0.7917 -17.4297
v  -11.1377 -0.7746 18.0338
v  -11.4020 -0.7746 17.9960
v  -11.1377 -0.7233 18.4652
v  -11.5908 -0.7233 18.4005
v  -11.1377 -0.6379 18.7241
v  -11.7040 -0.6379 18.6432
v  -11.1377 -0.5183 18.8104
v  -11.7418 -0.5183 18.7241
v  -11.5908 -0.7746 17.8827
v  -11.9143 -0.7233 18.2063
v  -12.1085 -0.6379 18.4005
v  -12.1732 -0.5183 18.4652
v  -12.1085 -0.7233 17.8827
v  -12.3512 -0.6379 17.9960
v  -12.4321 -0.5183 18.0337
v  -12.1732 -0.7233 17.4297
v  -12.4321 -0.6379 17.4297
v  -12.5184 -0.5183 17.4297
v  11.7418 -0.5183 -18.7241
v  11.7040 -0.5706 -18.7241
v  12.1085 -0.6080 -18.4652
v  12.1732 -0.5183 -18.4652
v  12.3512 -0.6304 -18.0338
v  12.4321 -0.5183 -18.0338
v  12.4321 -0.6379 -17.4297
v  12.5184 -0.5183 -17.4297
v  11.5908 -0.6080 -18.7241
v  11.9143 -0.6721 -18.4652
v  12.1085 -0.7105 -18.0338
v  12.1732 -0.7233 -17.4297
v  11.5908 -0.7105 -18.4652
v  11.7040 -0.7586 -18.0338
v  11.7418 -0.7746 -17.4297
v  11.1377 -0.7233 -18.4652
v  11.1377 -0.7746 -18.0338
v  11.1377 -0.7917 -17.4297
v  11.7418 -0.7746 17.4297
v  11.7040 -0.7746 17.6940
v  12.1732 -0.7233 17.4297
v  12.1085 -0.7233 17.8827
v  12.4321 -0.6379 17.4297
v  12.3512 -0.6379 17.9960
v  12.5184 -0.5183 17.4297
v  12.4321 -0.5183 18.0338
v  11.5908 -0.7746 17.8827
v  11.9143 -0.7233 18.2063
v  12.1085 -0.6379 18.4005
v  12.1732 -0.5183 18.4652
v  11.5908 -0.7233 18.4005
v  11.7040 -0.6379 18.6432
v  11.7418 -0.5183 18.7241
v  11.1377 -0.7233 18.4652
v  11.1377 -0.6379 18.7241
v  11.1377 -0.5183 18.8104
v  -12.4321 0.6379 -17.4297
v  -12.4321 0.6304 -17.6940
v  -12.1732 0.7233 -17.4297
v  -12.1732 0.7105 -17.8827
v  -11.7418 0.7746 -17.4297
v  -11.7418 0.7586 -17.9960
v  -11.1377 0.7917 -17.4297
v  -11.1377 0.7746 -18.0338
v  -12.4321 0.6080 -17.8827
v  -12.1732 0.6721 -18.2063
v  -11.7418 0.7105 -18.4005
v  -11.1377 0.7233 -18.4652
v  -12.1732 0.6080 -18.4005
v  -11.7418 0.6304 -18.6432
v  -11.1377 0.6379 -18.7241
v  -12.1732 0.5183 -18.4652
v  -11.7418 0.5183 -18.7241
v  -11.1377 0.5183 -18.8104
v  -11.1377 0.6379 18.7241
v  -11.4020 0.6304 18.7241
v  -11.1377 0.7233 18.4652
v  -11.5908 0.7105 18.4652
v  -11.1377 0.7746 18.0338
v  -11.7040 0.7586 18.0338
v  -11.1377 0.7917 17.4297
v  -11.7418 0.7746 17.4297
v  -11.5908 0.6080 18.7241
v  -11.9143 0.6721 18.4652
v  -12.1085 0.7105 18.0338
v  -12.1732 0.7233 17.4297
v  -12.1085 0.6080 18.4652
v  -12.3512 0.6304 18.0338
v  -12.4321 0.6379 17.4297
v  -12.1732 0.5183 18.4652
v  -12.4321 0.5183 18.0338
v  -12.5184 0.5183 17.4297
v  11.1377 0.6379 -18.7241
v  11.4020 0.6304 -18.7241
v  11.1377 0.7233 -18.4652
v  11.5908 0.7105 -18.4652
v  11.1377 0.7746 -18.0338
v  11.7040 0.7586 -18.0338
v  11.1377 0.7917 -17.4297
v  11.7418 0.7746 -17.4297
v  11.5908 0.6080 -18.7241
v  11.9143 0.6721 -18.4652
v  12.1085 0.7105 -18.0338
v  12.1732 0.7233 -17.4297
v  12.1085 0.6080 -18.4652
v  12.3512 0.6304 -18.0338
v  12.4321 0.6379 -17.4297
v  12.1732 0.5183 -18.4652
v  12.4321 0.5183 -18.0338
v  12.5184 0.5183 -17.4297
v  12.4321 0.6379 17.4297
v  12.4321 0.6304 17.6940
v  12.1732 0.7233 17.4297
v  12.1732 0.7105 17.8827
v  11.7418 0.7746 17.4297
v  11.7418 0.7586 17.9960
v  11.1377 0.7917 17.4297
v  11.1377 0.7746 18.0338
v  12.4321 0.6080 17.8827
v  12.1732 0.6721 18.2063
v  11.7418 0.7105 18.4005
v  11.1377 0.7233 18.4652
v  12.1732 0.6080 18.4005
v  11.7418 0.6304 18.6432
v  11.1377 0.6379 18.7241
v  12.1732 0.5183 18.4652
v  11.7418 0.5183 18.7241
v  11.1377 0.5183 18.8104
v  7.7107 -0.7233 -18.4652
v  9.4243 -0.7233 -18.4652
v  7.7107 -0.6379 -18.7241
v  9.4243 -0.6379 -18.7241
v  7.7107 -0.5183 -18.8104
v  9.4243 -0.5183 -18.8104
v  12.1732 -0.7233 13.9438
v  12.1732 -0.7233 15.6867
v  12.4321 -0.6379 13.9438
v  12.4321 -0.6379 15.6867
v  12.5184 -0.5183 13.9438
v  12.5184 -0.5183 15.6867
v  -7.7107 -0.7233 18.4652
v  -9.4243 -0.7233 18.4652
v  -7.7107 -0.6379 18.7241
v  -9.4243 -0.6379 18.7241
v  -7.7107 -0.5183 18.8104
v  -9.4243 -0.5183 18.8104
v  -12.1732 -0.7233 -13.9438
v  -12.1732 -0.7233 -15.6867
v  -12.4321 -0.6379 -13.9438
v  -12.4321 -0.6379 -15.6867
v  -12.5184 -0.5183 -13.9438
v  -12.5184 -0.5183 -15.6867
v  -12.1732 0.7233 13.9438
v  -12.1732 0.7233 15.6867
v  -12.4321 0.6379 13.9438
v  -12.4321 0.6379 15.6867
v  -12.5184 0.5183 13.9438
v  -12.5184 0.5183 15.6867
v  7.7107 0.7233 18.4652
v  9.4243 0.7233 18.4652
v  7.7107 0.6379 18.7241
v  9.4243 0.6379 18.7241
v  7.7107 0.5183 18.8104
v  9.4243 0.5183 18.8104
v  12.1732 0.7233 -13.9438
v  12.1732 0.7233 -15.6867
v  12.4321 0.6379 -13.9438
v  12.4321 0.6379 -15.6867
v  12.5184 0.5183 -13.9438
v  12.5184 0.5183 -15.6867
v  -7.7107 0.7233 -18.4652
v  -9.4243 0.7233 -18.4652
v  -7.7107 0.6379 -18.7241
v  -9.4243 0.6379 -18.7241
v  -7.7107 0.5183 -18.8104
v  -9.4243 0.5183 -18.8104
v  -12.1732 -0.1728 18.4652
v  -12.1732 0.1728 18.4652
v  -11.7418 -0.1728 18.7241
v  -11.7418 0.1728 18.7241
v  -11.1377 0.1728 18.8104
v  -11.1377 -0.1728 18.8104
v  -12.1732 0.1728 -18.4652
v  -12.1732 -0.1728 -18.4652
v  -11.7418 0.1728 -18.7241
v  -11.7418 -0.1728 -18.7241
v  -11.1377 0.1728 -18.8104
v  -11.1377 -0.1728 -18.8104
v  12.1732 -0.1728 18.4652
v  12.1732 0.1728 18.4652
v  12.4321 -0.1728 18.0338
v  12.4321 0.1728 18.0338
v  12.5184 -0.1728 17.4297
v  12.5184 0.1728 17.4297
v  12.1732 -0.1728 -18.4652
v  12.1732 0.1728 -18.4652
v  11.7418 -0.1728 -18.7241
v  11.7418 0.1728 -18.7241
v  11.1377 0.1728 -18.8104
v  11.1377 -0.1728 -18.8104
v  11.1377 -0.7917 -15.6867
v  9.4243 -0.7917 -15.6867
v  -11.1377 -0.7917 15.6867
v  -9.4243 -0.7917 15.6867
v  -11.1377 -0.7917 13.9438
v  -9.4243 -0.7917 13.9438
v  -9.4243 -0.7917 -15.6867
v  -9.4243 -0.7917 -17.4297
v  -7.7107 -0.7917 -17.4297
v  -7.7107 -0.7917 -15.6867
v  -5.9972 -0.7917 -17.4297
v  -5.9972 -0.7917 -15.6867
v  -4.2838 -0.7917 -17.4297
v  -4.2838 -0.7917 -15.6867
v  -2.5702 -0.7917 -17.4297
v  -2.5702 -0.7917 -15.6867
v  -0.8567 -0.7917 -17.4297
v  -0.8567 -0.7917 -15.6867
v  0.8567 -0.7917 -17.4297
v  0.8567 -0.7917 -15.6867
v  2.5702 -0.7917 -17.4297
v  2.5702 -0.7917 -15.6867
v  4.2838 -0.7917 -17.4297
v  4.2838 -0.7917 -15.6867
v  5.9972 -0.7917 -17.4297
v  5.9972 -0.7917 -15.6867
v  7.7107 -0.7917 -15.6867
v  11.1377 -0.7917 -13.9438
v  9.4243 -0.7917 -13.9438
v  9.4243 -0.7917 15.6867
v  9.4243 -0.7917 17.4297
v  7.7107 -0.7917 15.6867
v  7.7107 -0.7917 17.4297
v  5.9972 -0.7917 17.4297
v  5.9972 -0.7917 15.6867
v  4.2838 -0.7917 15.6867
v  4.2838 -0.7917 17.4297
v  2.5702 -0.7917 15.6867
v  2.5702 -0.7917 17.4297
v  0.8567 -0.7917 15.6867
v  0.8567 -0.7917 17.4297
v  -0.8567 -0.7917 15.6867
v  -0.8567 -0.7917 17.4297
v  -2.5702 -0.7917 15.6867
v  -2.5702 -0.7917 17.4297
v  -4.2838 -0.7917 15.6867
v  -4.2838 -0.7917 17.4297
v  -5.9972 -0.7917 15.6867
v  -5.9972 -0.7917 17.4297
v  -7.7107 -0.7917 15.6867
v  -11.1377 -0.7917 12.2008
v  -9.4243 -0.7917 12.2008
v  -9.4243 -0.7917 10.4578
v  -11.1377 -0.7917 10.4578
v  -11.1377 -0.7917 8.7149
v  -9.4243 -0.7917 8.7149
v  -11.1377 -0.7917 6.9719
v  -9.4243 -0.7917 6.9719
v  -11.1377 -0.7917 5.2289
v  -9.4243 -0.7917 5.2289
v  -9.4243 -0.7917 3.4859
v  -11.1377 -0.7917 3.4859
v  -9.4243 -0.7917 1.7430
v  -11.1377 -0.7917 1.7430
v  -9.4243 -0.7917 0.0000
v  -11.1377 -0.7917 0.0000
v  -9.4243 -0.7917 -1.7430
v  -11.1377 -0.7917 -1.7430
v  -11.1377 -0.7917 -3.4859
v  -9.4243 -0.7917 -3.4859
v  -9.4243 -0.7917 -5.2289
v  -11.1377 -0.7917 -5.2289
v  -9.4243 -0.7917 -6.9719
v  -11.1377 -0.7917 -6.9719
v  -11.1377 -0.7917 -8.7149
v  -9.4243 -0.7917 -8.7149
v  -11.1377 -0.7917 -10.4578
v  -9.4243 -0.7917 -10.4578
v  -11.1377 -0.7917 -12.2008
v  -9.4243 -0.7917 -12.2008
v  -9.4243 -0.7917 -13.9438
v  11.1377 -0.7917 -12.2008
v  9.4243 -0.7917 -12.2008
v  9.4243 -0.7917 -10.4578
v  11.1377 -0.7917 -10.4578
v  11.1377 -0.7917 -8.7149
v  9.4243 -0.7917 -8.7149
v  11.1377 -0.7917 -6.9719
v  9.4243 -0.7917 -6.9719
v  11.1377 -0.7917 -5.2289
v  9.4243 -0.7917 -5.2289
v  9.4243 -0.7917 -3.4859
v  11.1377 -0.7917 -3.4859
v  9.4243 -0.7917 -1.7430
v  11.1377 -0.7917 -1.7430
v  9.4243 -0.7917 -0.0000
v  11.1377 -0.7917 0.0000
v  9.4243 -0.7917 1.7430
v  11.1377 -0.7917 1.7430
v  11.1377 -0.7917 3.4859
v  9.4243 -0.7917 3.4859
v  9.4243 -0.7917 5.2289
v  11.1377 -0.7917 5.2289
v  9.4243 -0.7917 6.9719
v  11.1377 -0.7917 6.9719
v  11.1377 -0.7917 8.7149
v  9.4243 -0.7917 8.7149
v  11.1377 -0.7917 10.4578
v  9.4243 -0.7917 10.4578
v  11.1377 -0.7917 12.2008
v  9.4243 -0.7917 12.2008
v  9.4243 -0.7917 13.9438
v  -7.7107 -0.7917 13.9438
v  7.7107 -0.7917 -13.9438
v  -5.9972 -0.7917 13.9438
v  -7.7107 -0.7917 12.2008
v  -7.7107 -0.7917 10.4578
v  -7.7107 -0.7917 -13.9438
v  -5.9972 -0.7917 -13.9438
v  -4.2838 -0.7917 -13.9438
v  -2.5702 -0.7917 -13.9438
v  -0.8567 -0.7917 -13.9438
v  0.8567 -0.7917 -13.9438
v  2.5702 -0.7917 -13.9438
v  4.2838 -0.7917 -13.9438
v  5.9972 -0.7917 -13.9438
v  7.7107 -0.7917 -12.2008
v  7.7107 -0.7917 -10.4578
v  7.7107 -0.7917 13.9438
v  5.9972 -0.7917 13.9438
v  4.2838 -0.7917 13.9438
v  2.5702 -0.7917 13.9438
v  0.8567 -0.7917 13.9438
v  -0.8567 -0.7917 13.9438
v  -2.5702 -0.7917 13.9438
v  -4.2838 -0.7917 13.9438
v  -7.7107 -0.7917 8.7149
v  -7.7107 -0.7917 6.9719
v  -7.7107 -0.7917 5.2289
v  -7.7107 -0.7917 3.4859
v  -7.7107 -0.7917 1.7430
v  -7.7107 -0.7917 0.0000
v  -7.7107 -0.7917 -1.7430
v  -7.7107 -0.7917 -3.4859
v  -7.7107 -0.7917 -5.2289
v  -7.7107 -0.7917 -6.9719
v  -7.7107 -0.7917 -8.7149
v  -7.7107 -0.7917 -10.4578
v  -7.7107 -0.7917 -12.2008
v  7.7107 -0.7917 -8.7149
v  7.7107 -0.7917 -6.9719
v  7.7107 -0.7917 -5.2289
v  7.7107 -0.7917 -3.4859
v  7.7107 -0.7917 -1.7430
v  7.7107 -0.7917 -0.0000
v  7.7107 -0.7917 1.7430
v  7.7107 -0.7917 3.4859
v  7.7107 -0.7917 5.2289
v  7.7107 -0.7917 6.9719
v  7.7107 -0.7917 8.7149
v  7.7107 -0.7917 10.4578
v  7.7107 -0.7917 12.2008
v  -5.9972 -0.7917 12.2008
v  5.9972 -0.7917 -12.2008
v  -4.2838 -0.7917 12.2008
v  -5.9972 -0.7917 10.4578
v  -5.9972 -0.7917 -12.2008
v  -4.2838 -0.7917 -12.2008
v  -2.5702 -0.7917 -12.2008
v  -0.8567 -0.7917 -12.2008
v  0.8567 -0.7917 -12.2008
v  2.5702 -0.7917 -12.2008
v  4.2838 -0.7917 -12.2008
v  5.9972 -0.7917 -10.4578
v  5.9972 -0.7917 12.2008
v  4.2838 -0.7917 12.2008
v  2.5702 -0.7917 12.2008
v  0.8567 -0.7917 12.2008
v  -0.8567 -0.7917 12.2008
v  -2.5702 -0.7917 12.2008
v  -5.9972 -0.7917 -10.4578
v  5.9972 -0.7917 10.4578
v  -5.9972 -0.7917 8.7149
v  -5.9972 -0.7917 6.9719
v  -5.9972 -0.7917 5.2289
v  -5.9972 -0.7917 3.4859
v  -5.9972 -0.7917 1.7430
v  -5.9972 -0.7917 0.0000
v  -5.9972 -0.7917 -1.7430
v  -5.9972 -0.7917 -3.4859
v  -5.9972 -0.7917 -5.2289
v  -5.9972 -0.7917 -6.9719
v  -5.9972 -0.7917 -8.7149
v  5.9972 -0.7917 -8.7149
v  5.9972 -0.7917 -6.9719
v  5.9972 -0.7917 -5.2289
v  5.9972 -0.7917 -3.4859
v  5.9972 -0.7917 -1.7430
v  5.9972 -0.7917 -0.0000
v  5.9972 -0.7917 1.7430
v  5.9972 -0.7917 3.4859
v  5.9972 -0.7917 5.2289
v  5.9972 -0.7917 6.9719
v  5.9972 -0.7917 8.7149
v  -4.2838 -0.7917 10.4578
v  4.2838 -0.7917 -10.4578
v  -2.5702 -0.7917 10.4578
v  -4.2838 -0.7917 8.7149
v  -4.2838 -0.7917 -10.4578
v  -2.5702 -0.7917 -10.4578
v  -0.8567 -0.7917 -10.4578
v  0.8567 -0.7917 -10.4578
v  2.5702 -0.7917 -10.4578
v  4.2838 -0.7917 -8.7149
v  4.2838 -0.7917 10.4578
v  2.5702 -0.7917 10.4578
v  0.8567 -0.7917 10.4578
v  -0.8567 -0.7917 10.4578
v  -4.2838 -0.7917 6.9719
v  -4.2838 -0.7917 5.2289
v  -4.2838 -0.7917 3.4859
v  -4.2838 -0.7917 1.7430
v  -4.2838 -0.7917 0.0000
v  -4.2838 -0.7917 -1.7430
v  -4.2838 -0.7917 -3.4859
v  -4.2838 -0.7917 -5.2289
v  -4.2838 -0.7917 -6.9719
v  -4.2838 -0.7917 -8.7149
v  4.2838 -0.7917 -6.9719
v  4.2838 -0.7917 -5.2289
v  4.2838 -0.7917 -3.4859
v  4.2838 -0.7917 -1.7430
v  4.2838 -0.7917 -0.0000
v  4.2838 -0.7917 1.7430
v  4.2838 -0.7917 3.4859
v  4.2838 -0.7917 5.2289
v  4.2838 -0.7917 6.9719
v  4.2838 -0.7917 8.7149
v  -2.5702 -0.7917 8.7149
v  2.5702 -0.7917 -8.7149
v  2.5702 -0.7917 -6.9719
v  2.5702 -0.7917 8.7149
v  0.8567 -0.7917 8.7149
v  -0.8567 -0.7917 8.7149
v  -2.5702 -0.7917 6.9719
v  -2.5702 -0.7917 -8.7149
v  -0.8567 -0.7917 -8.7149
v  0.8567 -0.7917 -8.7149
v  2.5702 -0.7917 6.9719
v  -2.5702 -0.7917 -6.9719
v  2.5702 -0.7917 -5.2289
v  2.5702 -0.7917 -3.4859
v  2.5702 -0.7917 -1.7430
v  2.5702 -0.7917 -0.0000
v  2.5702 -0.7917 1.7430
v  2.5702 -0.7917 3.4859
v  2.5702 -0.7917 5.2289
v  -2.5702 -0.7917 5.2289
v  -2.5702 -0.7917 3.4859
v  -2.5702 -0.7917 1.7430
v  -2.5702 -0.7917 0.0000
v  -2.5702 -0.7917 -1.7430
v  -2.5702 -0.7917 -3.4859
v  -2.5702 -0.7917 -5.2289
v  0.8567 -0.7917 -6.9719
v  -0.8567 -0.7917 6.9719
v  -0.8567 -0.7917 -6.9719
v  0.8567 -0.7917 -5.2289
v  0.8567 -0.7917 6.9719
v  -0.8567 -0.7917 1.7430
v  -0.8567 -0.7917 0.0000
v  -0.8567 -0.7917 -1.7430
v  -0.8567 -0.7917 -3.4859
v  -0.8567 -0.7917 -5.2289
v  0.8567 -0.7917 -3.4859
v  0.8567 -0.7917 -1.7430
v  0.8567 -0.7917 -0.0000
v  0.8567 -0.7917 1.7430
v  -9.4243 0.7917 17.4297
v  -9.4243 0.7917 15.6867
v  9.4243 0.7917 -17.4297
v  9.4243 0.7917 -15.6867
v  7.7107 0.7917 -17.4297
v  7.7107 0.7917 -15.6867
v  5.9972 0.7917 -17.4297
v  5.9972 0.7917 -15.6867
v  4.2838 0.7917 -17.4297
v  4.2838 0.7917 -15.6867
v  2.5702 0.7917 -17.4297
v  2.5702 0.7917 -15.6867
v  0.8567 0.7917 -15.6867
v  0.8567 0.7917 -17.4297
v  -0.8567 0.7917 -15.6867
v  -0.8567 0.7917 -17.4297
v  -2.5702 0.7917 -15.6867
v  -2.5702 0.7917 -17.4297
v  -4.2838 0.7917 -17.4297
v  -4.2838 0.7917 -15.6867
v  -5.9972 0.7917 -17.4297
v  -5.9972 0.7917 -15.6867
v  -7.7107 0.7917 -15.6867
v  -9.4243 0.7917 -15.6867
v  -11.1377 0.7917 -15.6867
v  -9.4243 0.7917 13.9438
v  -7.7107 0.7917 15.6867
v  -7.7107 0.7917 17.4297
v  -5.9972 0.7917 17.4297
v  -5.9972 0.7917 15.6867
v  -4.2838 0.7917 17.4297
v  -4.2838 0.7917 15.6867
v  -2.5702 0.7917 15.6867
v  -2.5702 0.7917 17.4297
v  -0.8567 0.7917 15.6867
v  -0.8567 0.7917 17.4297
v  0.8567 0.7917 15.6867
v  0.8567 0.7917 17.4297
v  2.5702 0.7917 15.6867
v  2.5702 0.7917 17.4297
v  4.2838 0.7917 15.6867
v  4.2838 0.7917 17.4297
v  5.9972 0.7917 15.6867
v  5.9972 0.7917 17.4297
v  7.7107 0.7917 15.6867
v  9.4243 0.7917 15.6867
v  11.1377 0.7917 15.6867
v  9.4243 0.7917 -13.9438
v  -9.4243 0.7917 -13.9438
v  -11.1377 0.7917 -13.9438
v  -11.1377 0.7917 -12.2008
v  -9.4243 0.7917 -12.2008
v  -9.4243 0.7917 -10.4578
v  -11.1377 0.7917 -10.4578
v  -9.4243 0.7917 -8.7149
v  -11.1377 0.7917 -8.7149
v  -9.4243 0.7917 -6.9719
v  -11.1377 0.7917 -6.9719
v  -9.4243 0.7917 -5.2289
v  -11.1377 0.7917 -5.2289
v  -11.1377 0.7917 -3.4859
v  -9.4243 0.7917 -3.4859
v  -9.4243 0.7917 -1.7430
v  -11.1377 0.7917 -1.7430
v  -9.4243 0.7917 -0.0000
v  -11.1377 0.7917 -0.0000
v  -9.4243 0.7917 1.7430
v  -11.1377 0.7917 1.7430
v  -11.1377 0.7917 3.4859
v  -9.4243 0.7917 3.4859
v  -11.1377 0.7917 5.2289
v  -9.4243 0.7917 5.2289
v  -9.4243 0.7917 6.9719
v  -11.1377 0.7917 6.9719
v  -9.4243 0.7917 8.7149
v  -11.1377 0.7917 8.7149
v  -9.4243 0.7917 10.4578
v  -11.1377 0.7917 10.4578
v  -9.4243 0.7917 12.2008
v  -11.1377 0.7917 12.2008
v  9.4243 0.7917 13.9438
v  11.1377 0.7917 13.9438
v  11.1377 0.7917 12.2008
v  9.4243 0.7917 12.2008
v  9.4243 0.7917 10.4578
v  11.1377 0.7917 10.4578
v  9.4243 0.7917 8.7149
v  11.1377 0.7917 8.7149
v  9.4243 0.7917 6.9719
v  11.1377 0.7917 6.9719
v  9.4243 0.7917 5.2289
v  11.1377 0.7917 5.2289
v  11.1377 0.7917 3.4859
v  9.4243 0.7917 3.4859
v  9.4243 0.7917 1.7430
v  11.1377 0.7917 1.7430
v  9.4243 0.7917 -0.0000
v  11.1377 0.7917 -0.0000
v  9.4243 0.7917 -1.7430
v  11.1377 0.7917 -1.7430
v  11.1377 0.7917 -3.4859
v  9.4243 0.7917 -3.4859
v  11.1377 0.7917 -5.2289
v  9.4243 0.7917 -5.2289
v  9.4243 0.7917 -6.9719
v  11.1377 0.7917 -6.9719
v  9.4243 0.7917 -8.7149
v  11.1377 0.7917 -8.7149
v  9.4243 0.7917 -10.4578
v  11.1377 0.7917 -10.4578
v  9.4243 0.7917 -12.2008
v  11.1377 0.7917 -12.2008
v  7.7107 0.7917 -13.9438
v  -7.7107 0.7917 13.9438
v  -5.9972 0.7917 13.9438
v  -4.2838 0.7917 13.9438
v  -2.5702 0.7917 13.9438
v  -0.8567 0.7917 13.9438
v  0.8567 0.7917 13.9438
v  2.5702 0.7917 13.9438
v  4.2838 0.7917 13.9438
v  5.9972 0.7917 13.9438
v  7.7107 0.7917 13.9438
v  7.7107 0.7917 -12.2008
v  5.9972 0.7917 -13.9438
v  4.2838 0.7917 -13.9438
v  2.5702 0.7917 -13.9438
v  0.8567 0.7917 -13.9438
v  -0.8567 0.7917 -13.9438
v  -2.5702 0.7917 -13.9438
v  -4.2838 0.7917 -13.9438
v  -5.9972 0.7917 -13.9438
v  -7.7107 0.7917 -13.9438
v  -7.7107 0.7917 12.2008
v  7.7107 0.7917 12.2008
v  7.7107 0.7917 10.4578
v  7.7107 0.7917 8.7149
v  7.7107 0.7917 6.9719
v  7.7107 0.7917 5.2289
v  7.7107 0.7917 3.4859
v  7.7107 0.7917 1.7430
v  7.7107 0.7917 -0.0000
v  7.7107 0.7917 -1.7430
v  7.7107 0.7917 -3.4859
v  7.7107 0.7917 -5.2289
v  7.7107 0.7917 -6.9719
v  7.7107 0.7917 -8.7149
v  7.7107 0.7917 -10.4578
v  -7.7107 0.7917 -12.2008
v  -7.7107 0.7917 -10.4578
v  -7.7107 0.7917 -8.7149
v  -7.7107 0.7917 -6.9719
v  -7.7107 0.7917 -5.2289
v  -7.7107 0.7917 -3.4859
v  -7.7107 0.7917 -1.7430
v  -7.7107 0.7917 0.0000
v  -7.7107 0.7917 1.7430
v  -7.7107 0.7917 3.4859
v  -7.7107 0.7917 5.2289
v  -7.7107 0.7917 6.9719
v  -7.7107 0.7917 8.7149
v  -7.7107 0.7917 10.4578
v  -5.9972 0.7917 12.2008
v  5.9972 0.7917 -12.2008
v  4.2838 0.7917 -12.2008
v  2.5702 0.7917 -12.2008
v  0.8567 0.7917 -12.2008
v  -0.8567 0.7917 -12.2008
v  -2.5702 0.7917 -12.2008
v  -4.2838 0.7917 -12.2008
v  -5.9972 0.7917 -12.2008
v  -5.9972 0.7917 10.4578
v  -4.2838 0.7917 12.2008
v  -2.5702 0.7917 12.2008
v  -0.8567 0.7917 12.2008
v  0.8567 0.7917 12.2008
v  2.5702 0.7917 12.2008
v  4.2838 0.7917 12.2008
v  5.9972 0.7917 12.2008
v  5.9972 0.7917 -10.4578
v  -5.9972 0.7917 -10.4578
v  -5.9972 0.7917 -8.7149
v  -5.9972 0.7917 -6.9719
v  -5.9972 0.7917 -5.2289
v  -5.9972 0.7917 -3.4859
v  -5.9972 0.7917 -1.7430
v  -5.9972 0.7917 0.0000
v  -5.9972 0.7917 1.7430
v  -5.9972 0.7917 3.4859
v  -5.9972 0.7917 5.2289
v  -5.9972 0.7917 6.9719
v  -5.9972 0.7917 8.7149
v  5.9972 0.7917 10.4578
v  5.9972 0.7917 8.7149
v  5.9972 0.7917 6.9719
v  5.9972 0.7917 5.2289
v  5.9972 0.7917 3.4859
v  5.9972 0.7917 1.7430
v  5.9972 0.7917 -0.0000
v  5.9972 0.7917 -1.7430
v  5.9972 0.7917 -3.4859
v  5.9972 0.7917 -5.2289
v  5.9972 0.7917 -6.9719
v  5.9972 0.7917 -8.7149
v  4.2838 0.7917 -10.4578
v  -4.2838 0.7917 10.4578
v  -2.5702 0.7917 10.4578
v  -0.8567 0.7917 10.4578
v  0.8567 0.7917 10.4578
v  2.5702 0.7917 10.4578
v  4.2838 0.7917 10.4578
v  4.2838 0.7917 -8.7149
v  2.5702 0.7917 -10.4578
v  0.8567 0.7917 -10.4578
v  -0.8567 0.7917 -10.4578
v  -2.5702 0.7917 -10.4578
v  -4.2838 0.7917 -10.4578
v  -4.2838 0.7917 8.7149
v  4.2838 0.7917 8.7149
v  4.2838 0.7917 6.9719
v  4.2838 0.7917 5.2289
v  4.2838 0.7917 3.4859
v  4.2838 0.7917 1.7430
v  4.2838 0.7917 -0.0000
v  4.2838 0.7917 -1.7430
v  4.2838 0.7917 -3.4859
v  4.2838 0.7917 -5.2289
v  4.2838 0.7917 -6.9719
v  -4.2838 0.7917 -8.7149
v  -4.2838 0.7917 -6.9719
v  -4.2838 0.7917 -5.2289
v  -4.2838 0.7917 -3.4859
v  -4.2838 0.7917 -1.7430
v  -4.2838 0.7917 0.0000
v  -4.2838 0.7917 1.7430
v  -4.2838 0.7917 3.4859
v  -4.2838 0.7917 5.2289
v  -4.2838 0.7917 6.9719
v  -2.5702 0.7917 8.7149
v  2.5702 0.7917 -8.7149
v  0.8567 0.7917 -8.7149
v  -0.8567 0.7917 -8.7149
v  -2.5702 0.7917 -8.7149
v  -2.5702 0.7917 6.9719
v  -0.8567 0.7917 8.7149
v  0.8567 0.7917 8.7149
v  2.5702 0.7917 8.7149
v  2.5702 0.7917 -6.9719
v  -2.5702 0.7917 -6.9719
v  -2.5702 0.7917 -5.2289
v  -2.5702 0.7917 -3.4859
v  -2.5702 0.7917 -1.7430
v  -2.5702 0.7917 0.0000
v  -2.5702 0.7917 1.7430
v  -2.5702 0.7917 3.4859
v  -2.5702 0.7917 5.2289
v  2.5702 0.7917 6.9719
v  2.5702 0.7917 5.2289
v  2.5702 0.7917 3.4859
v  2.5702 0.7917 1.7430
v  2.5702 0.7917 -0.0000
v  2.5702 0.7917 -1.7430
v  2.5702 0.7917 -3.4859
v  2.5702 0.7917 -5.2289
v  0.8567 0.7917 -6.9719
v  -0.8567 0.7917 6.9719
v  0.8567 0.7917 6.9719
v  0.8567 0.7917 -5.2289
v  -0.8567 0.7917 -6.9719
v  0.8567 0.7917 1.7430
v  0.8567 0.7917 -0.0000
v  0.8567 0.7917 -1.7430
v  0.8567 0.7917 -3.4859
v  -0.8567 0.7917 -5.2289
v  -0.8567 0.7917 -3.4859
v  -0.8567 0.7917 -1.7430
v  -0.8567 0.7917 0.0000
v  -0.8567 0.7917 1.7430
v  -12.5184 -0.5183 15.6867
v  -12.5184 -0.1728 15.6867
v  -12.5184 0.5183 -15.6867
v  -12.5184 0.1728 -15.6867
v  -12.5184 -0.1728 -15.6867
v  -12.5184 0.1728 15.6867
v  -12.5184 0.1728 -13.9438
v  -12.5184 0.5183 -13.9438
v  -12.5184 -0.5183 13.9438
v  -12.5184 0.1728 -12.2008
v  -12.5184 0.5183 -12.2008
v  -12.5184 -0.5183 12.2008
v  -12.5184 0.5183 12.2008
v  -12.5184 0.5183 10.4578
v  -12.5184 0.1728 10.4578
v  -12.5184 0.5183 8.7149
v  -12.5184 0.1728 8.7149
v  -12.5184 0.5183 6.9719
v  -12.5184 0.1728 6.9719
v  -12.5184 0.5183 5.2289
v  -12.5184 0.1728 5.2289
v  -12.5184 0.5183 3.4859
v  -12.5184 0.1728 3.4859
v  -12.5184 0.1728 1.7430
v  -12.5184 0.5183 1.7430
v  -12.5184 0.1728 -0.0000
v  -12.5184 0.5183 -0.0000
v  -12.5184 0.1728 -1.7430
v  -12.5184 0.5183 -1.7430
v  -12.5184 0.5183 -3.4859
v  -12.5184 0.1728 -3.4859
v  -12.5184 0.1728 -5.2289
v  -12.5184 0.5183 -5.2289
v  -12.5184 0.5183 -6.9719
v  -12.5184 0.1728 -6.9719
v  -12.5184 0.1728 -8.7149
v  -12.5184 0.5183 -8.7149
v  -12.5184 0.5183 -10.4578
v  -12.5184 0.1728 -10.4578
v  -12.5184 -0.1728 -13.9438
v  -12.5184 -0.5183 -12.2008
v  -12.5184 -0.1728 -12.2008
v  -12.5184 -0.1728 -10.4578
v  -12.5184 -0.5183 -10.4578
v  -12.5184 -0.5183 -8.7149
v  -12.5184 -0.1728 -8.7149
v  -12.5184 -0.5183 -6.9719
v  -12.5184 -0.1728 -6.9719
v  -12.5184 -0.5183 -5.2289
v  -12.5184 -0.1728 -5.2289
v  -12.5184 -0.1728 -3.4859
v  -12.5184 -0.5183 -3.4859
v  -12.5184 -0.1728 -1.7430
v  -12.5184 -0.5183 -1.7430
v  -12.5184 -0.1728 0.0000
v  -12.5184 -0.5183 0.0000
v  -12.5184 -0.1728 1.7430
v  -12.5184 -0.5183 1.7430
v  -12.5184 -0.5183 3.4859
v  -12.5184 -0.1728 3.4859
v  -12.5184 -0.5183 5.2289
v  -12.5184 -0.1728 5.2289
v  -12.5184 -0.5183 6.9719
v  -12.5184 -0.1728 6.9719
v  -12.5184 -0.1728 8.7149
v  -12.5184 -0.5183 8.7149
v  -12.5184 -0.1728 10.4578
v  -12.5184 -0.5183 10.4578
v  9.4243 -0.1728 18.8104
v  9.4243 -0.5183 18.8104
v  9.4243 0.1728 18.8104
v  -9.4243 0.1728 18.8104
v  -9.4243 0.5183 18.8104
v  -9.4243 -0.1728 18.8104
v  -7.7107 -0.1728 18.8104
v  7.7107 0.1728 18.8104
v  5.9972 0.1728 18.8104
v  5.9972 0.5183 18.8104
v  4.2838 0.1728 18.8104
v  4.2838 0.5183 18.8104
v  2.5702 0.5183 18.8104
v  2.5702 0.1728 18.8104
v  0.8567 0.5183 18.8104
v  0.8567 0.1728 18.8104
v  -0.8567 0.1728 18.8104
v  -0.8567 0.5183 18.8104
v  -2.5702 0.5183 18.8104
v  -4.2838 0.5183 18.8104
v  -5.9972 0.1728 18.8104
v  -5.9972 0.5183 18.8104
v  -7.7107 0.1728 18.8104
v  -7.7107 0.5183 18.8104
v  -5.9972 -0.1728 18.8104
v  -5.9972 -0.5183 18.8104
v  -4.2838 -0.5183 18.8104
v  -2.5702 -0.5183 18.8104
v  -0.8567 -0.5183 18.8104
v  -0.8567 -0.1728 18.8104
v  0.8567 -0.1728 18.8104
v  0.8567 -0.5183 18.8104
v  2.5702 -0.5183 18.8104
v  2.5702 -0.1728 18.8104
v  4.2838 -0.1728 18.8104
v  4.2838 -0.5183 18.8104
v  5.9972 -0.1728 18.8104
v  5.9972 -0.5183 18.8104
v  7.7107 -0.1728 18.8104
v  7.7107 -0.5183 18.8104
v  12.5184 0.1728 -15.6867
v  12.5184 -0.1728 15.6867
v  12.5184 -0.1728 -15.6867
v  12.5184 -0.5183 -15.6867
v  12.5184 0.1728 15.6867
v  12.5184 0.5183 15.6867
v  12.5184 -0.1728 13.9438
v  12.5184 -0.1728 12.2008
v  12.5184 -0.5183 12.2008
v  12.5184 0.5183 -12.2008
v  12.5184 0.5183 -10.4578
v  12.5184 0.1728 -10.4578
v  12.5184 0.5183 -8.7149
v  12.5184 0.1728 -8.7149
v  12.5184 0.5183 -6.9719
v  12.5184 0.1728 -6.9719
v  12.5184 0.5183 -5.2289
v  12.5184 0.1728 -5.2289
v  12.5184 0.1728 -3.4859
v  12.5184 0.5183 -3.4859
v  12.5184 0.1728 -1.7430
v  12.5184 0.5183 -1.7430
v  12.5184 0.1728 -0.0000
v  12.5184 0.5183 -0.0000
v  12.5184 0.1728 1.7430
v  12.5184 0.5183 1.7430
v  12.5184 0.1728 3.4859
v  12.5184 0.5183 3.4859
v  12.5184 0.1728 5.2289
v  12.5184 0.5183 5.2289
v  12.5184 0.1728 6.9719
v  12.5184 0.5183 6.9719
v  12.5184 0.5183 8.7149
v  12.5184 0.1728 8.7149
v  12.5184 0.1728 10.4578
v  12.5184 0.5183 10.4578
v  12.5184 0.1728 12.2008
v  12.5184 0.5183 12.2008
v  12.5184 0.5183 13.9438
v  12.5184 0.1728 13.9438
v  12.5184 -0.5183 10.4578
v  12.5184 -0.1728 10.4578
v  12.5184 -0.5183 8.7149
v  12.5184 -0.1728 8.7149
v  12.5184 -0.5183 6.9719
v  12.5184 -0.1728 6.9719
v  12.5184 -0.5183 5.2289
v  12.5184 -0.1728 5.2289
v  12.5184 -0.1728 3.4859
v  12.5184 -0.5183 3.4859
v  12.5184 -0.1728 1.7430
v  12.5184 -0.5183 1.7430
v  12.5184 -0.1728 0.0000
v  12.5184 -0.5183 0.0000
v  12.5184 -0.1728 -1.7430
v  12.5184 -0.5183 -1.7430
v  12.5184 -0.1728 -3.4859
v  12.5184 -0.5183 -3.4859
v  12.5184 -0.1728 -5.2289
v  12.5184 -0.5183 -5.2289
v  12.5184 -0.1728 -6.9719
v  12.5184 -0.5183 -6.9719
v  12.5184 -0.5183 -8.7149
v  12.5184 -0.1728 -8.7149
v  12.5184 -0.1728 -10.4578
v  12.5184 -0.5183 -10.4578
v  12.5184 -0.5183 -12.2008
v  12.5184 -0.5183 -13.9438
v  -9.4243 -0.1728 -18.8104
v  -9.4243 -0.5183 -18.8104
v  -9.4243 0.1728 -18.8104
v  9.4243 0.1728 -18.8104
v  9.4243 0.5183 -18.8104
v  9.4243 -0.1728 -18.8104
v  7.7107 -0.1728 -18.8104
v  -7.7107 0.1728 -18.8104
v  -5.9972 0.1728 -18.8104
v  -5.9972 0.5183 -18.8104
v  -4.2838 0.1728 -18.8104
v  -4.2838 0.5183 -18.8104
v  -2.5702 0.1728 -18.8104
v  -2.5702 0.5183 -18.8104
v  -0.8567 0.1728 -18.8104
v  -0.8567 0.5183 -18.8104
v  0.8567 0.5183 -18.8104
v  0.8567 0.1728 -18.8104
v  2.5702 0.5183 -18.8104
v  4.2838 0.5183 -18.8104
v  5.9972 0.1728 -18.8104
v  5.9972 0.5183 -18.8104
v  7.7107 0.1728 -18.8104
v  7.7107 0.5183 -18.8104
v  5.9972 -0.1728 -18.8104
v  5.9972 -0.5183 -18.8104
v  4.2838 -0.5183 -18.8104
v  2.5702 -0.5183 -18.8104
v  0.8567 -0.1728 -18.8104
v  0.8567 -0.5183 -18.8104
v  -0.8567 -0.5183 -18.8104
v  -0.8567 -0.1728 -18.8104
v  -2.5702 -0.1728 -18.8104
v  -2.5702 -0.5183 -18.8104
v  -4.2838 -0.1728 -18.8104
v  -4.2838 -0.5183 -18.8104
v  -5.9972 -0.1728 -18.8104
v  -5.9972 -0.5183 -18.8104
v  -7.7107 -0.1728 -18.8104
v  -7.7107 -0.5183 -18.8104
v  -9.4243 -0.7746 -18.0338
v  -7.7107 -0.7746 -18.0338
v  -5.9972 -0.7746 -18.0338
v  -4.2838 -0.7746 -18.0338
v  -2.5702 -0.7746 -18.0338
v  -0.8567 -0.7746 -18.0338
v  0.8567 -0.7746 -18.0338
v  2.5702 -0.7746 -18.0338
v  4.2838 -0.7746 -18.0338
v  5.9972 -0.7746 -18.0338
v  11.7418 -0.7746 -15.6867
v  11.7418 -0.7746 -13.9438
v  11.7418 -0.7746 -12.2008
v  11.7418 -0.7746 -10.4578
v  11.7418 -0.7746 -8.7149
v  11.7418 -0.7746 -6.9719
v  11.7418 -0.7746 -5.2289
v  11.7418 -0.7746 -3.4859
v  11.7418 -0.7746 -1.7430
v  11.7418 -0.7746 0.0000
v  11.7418 -0.7746 1.7430
v  11.7418 -0.7746 3.4859
v  11.7418 -0.7746 5.2289
v  11.7418 -0.7746 6.9719
v  11.7418 -0.7746 8.7149
v  11.7418 -0.7746 10.4578
v  11.7418 -0.7746 12.2008
v  9.4243 -0.7746 18.0338
v  7.7107 -0.7746 18.0338
v  5.9972 -0.7746 18.0338
v  4.2838 -0.7746 18.0338
v  2.5702 -0.7746 18.0338
v  0.8567 -0.7746 18.0338
v  -0.8567 -0.7746 18.0338
v  -2.5702 -0.7746 18.0338
v  -4.2838 -0.7746 18.0338
v  -5.9972 -0.7746 18.0338
v  -11.7418 -0.7746 15.6867
v  -11.7418 -0.7746 13.9438
v  -11.7418 -0.7746 12.2008
v  -11.7418 -0.7746 10.4578
v  -11.7418 -0.7746 8.7149
v  -11.7418 -0.7746 6.9719
v  -11.7418 -0.7746 5.2289
v  -11.7418 -0.7746 3.4859
v  -11.7418 -0.7746 1.7430
v  -11.7418 -0.7746 0.0000
v  -11.7418 -0.7746 -1.7430
v  -11.7418 -0.7746 -3.4859
v  -11.7418 -0.7746 -5.2289
v  -11.7418 -0.7746 -6.9719
v  -11.7418 -0.7746 -8.7149
v  -11.7418 -0.7746 -10.4578
v  -11.7418 -0.7746 -12.2008
v  -11.7418 0.7746 -15.6867
v  -11.7418 0.7746 -13.9438
v  -11.7418 0.7746 12.2008
v  -11.7418 0.7746 -12.2008
v  -11.7418 0.7746 10.4578
v  -11.7418 0.7746 -10.4578
v  -11.7418 0.7746 8.7149
v  -11.7418 0.7746 -8.7149
v  -11.7418 0.7746 6.9719
v  -11.7418 0.7746 -6.9719
v  -11.7418 0.7746 5.2289
v  -11.7418 0.7746 -5.2289
v  -11.7418 0.7746 3.4859
v  -11.7418 0.7746 -3.4859
v  -11.7418 0.7746 1.7430
v  -11.7418 0.7746 -1.7430
v  -11.7418 0.7746 -0.0000
v  -9.4243 0.7746 18.0338
v  -7.7107 0.7746 18.0338
v  -5.9972 0.7746 18.0338
v  -4.2838 0.7746 18.0338
v  -2.5702 0.7746 18.0338
v  -0.8567 0.7746 18.0338
v  0.8567 0.7746 18.0338
v  2.5702 0.7746 18.0338
v  4.2838 0.7746 18.0338
v  5.9972 0.7746 18.0338
v  11.7418 0.7746 15.6867
v  11.7418 0.7746 13.9438
v  11.7418 0.7746 -12.2008
v  11.7418 0.7746 12.2008
v  11.7418 0.7746 -10.4578
v  11.7418 0.7746 10.4578
v  11.7418 0.7746 -8.7149
v  11.7418 0.7746 8.7149
v  11.7418 0.7746 -6.9719
v  11.7418 0.7746 6.9719
v  11.7418 0.7746 -5.2289
v  11.7418 0.7746 5.2289
v  11.7418 0.7746 -3.4859
v  11.7418 0.7746 3.4859
v  11.7418 0.7746 -1.7430
v  11.7418 0.7746 1.7430
v  11.7418 0.7746 -0.0000
v  9.4243 0.7746 -18.0338
v  7.7107 0.7746 -18.0338
v  5.9972 0.7746 -18.0338
v  4.2838 0.7746 -18.0338
v  2.5702 0.7746 -18.0338
v  0.8567 0.7746 -18.0338
v  -0.8567 0.7746 -18.0338
v  -2.5702 0.7746 -18.0338
v  -4.2838 0.7746 -18.0338
v  -5.9972 0.7746 -18.0338
v  -9.4243 -0.7233 -18.4652
v  -7.7107 -0.7233 -18.4652
v  -5.9972 -0.7233 -18.4652
v  -4.2838 -0.7233 -18.4652
v  -2.5702 -0.7233 -18.4652
v  -0.8567 -0.7233 -18.4652
v  0.8567 -0.7233 -18.4652
v  2.5702 -0.7233 -18.4652
v  4.2838 -0.7233 -18.4652
v  5.9972 -0.7233 -18.4652
v  -9.4243 -0.6379 -18.7241
v  -7.7107 -0.6379 -18.7241
v  -5.9972 -0.6379 -18.7241
v  -4.2838 -0.6379 -18.7241
v  -2.5702 -0.6379 -18.7241
v  -0.8567 -0.6379 -18.7241
v  0.8567 -0.6379 -18.7241
v  2.5702 -0.6379 -18.7241
v  4.2838 -0.6379 -18.7241
v  5.9972 -0.6379 -18.7241
v  12.1732 -0.7233 -15.6867
v  12.1732 -0.7233 -13.9438
v  12.1732 -0.7233 -12.2008
v  12.1732 -0.7233 -10.4578
v  12.1732 -0.7233 -8.7149
v  12.1732 -0.7233 -6.9719
v  12.1732 -0.7233 -5.2289
v  12.1732 -0.7233 -3.4859
v  12.1732 -0.7233 -1.7430
v  12.1732 -0.7233 0.0000
v  12.1732 -0.7233 1.7430
v  12.1732 -0.7233 3.4859
v  12.1732 -0.7233 5.2289
v  12.1732 -0.7233 6.9719
v  12.1732 -0.7233 8.7149
v  12.1732 -0.7233 10.4578
v  12.1732 -0.7233 12.2008
v  12.4321 -0.6379 -15.6867
v  12.4321 -0.6379 -13.9438
v  12.4321 -0.6379 -12.2008
v  12.4321 -0.6379 -10.4578
v  12.4321 -0.6379 -8.7149
v  12.4321 -0.6379 -6.9719
v  12.4321 -0.6379 -5.2289
v  12.4321 -0.6379 -3.4859
v  12.4321 -0.6379 -1.7430
v  12.4321 -0.6379 0.0000
v  12.4321 -0.6379 1.7430
v  12.4321 -0.6379 3.4859
v  12.4321 -0.6379 5.2289
v  12.4321 -0.6379 6.9719
v  12.4321 -0.6379 8.7149
v  12.4321 -0.6379 10.4578
v  12.4321 -0.6379 12.2008
v  9.4243 -0.7233 18.4652
v  7.7107 -0.7233 18.4652
v  5.9972 -0.7233 18.4652
v  4.2838 -0.7233 18.4652
v  2.5702 -0.7233 18.4652
v  0.8567 -0.7233 18.4652
v  -0.8567 -0.7233 18.4652
v  -2.5702 -0.7233 18.4652
v  -4.2838 -0.7233 18.4652
v  -5.9972 -0.7233 18.4652
v  9.4243 -0.6379 18.7241
v  7.7107 -0.6379 18.7241
v  5.9972 -0.6379 18.7241
v  4.2838 -0.6379 18.7241
v  2.5702 -0.6379 18.7241
v  0.8567 -0.6379 18.7241
v  -0.8567 -0.6379 18.7241
v  -2.5702 -0.6379 18.7241
v  -4.2838 -0.6379 18.7241
v  -5.9972 -0.6379 18.7241
v  -12.1732 -0.7233 15.6867
v  -12.1732 -0.7233 13.9438
v  -12.1732 -0.7233 12.2008
v  -12.1732 -0.7233 10.4578
v  -12.1732 -0.7233 8.7149
v  -12.1732 -0.7233 6.9719
v  -12.1732 -0.7233 5.2289
v  -12.1732 -0.7233 3.4859
v  -12.1732 -0.7233 1.7430
v  -12.1732 -0.7233 0.0000
v  -12.1732 -0.7233 -1.7430
v  -12.1732 -0.7233 -3.4859
v  -12.1732 -0.7233 -5.2289
v  -12.1732 -0.7233 -6.9719
v  -12.1732 -0.7233 -8.7149
v  -12.1732 -0.7233 -10.4578
v  -12.1732 -0.7233 -12.2008
v  -12.4321 -0.6379 15.6867
v  -12.4321 -0.6379 13.9438
v  -12.4321 -0.6379 12.2008
v  -12.4321 -0.6379 10.4578
v  -12.4321 -0.6379 8.7149
v  -12.4321 -0.6379 6.9719
v  -12.4321 -0.6379 5.2289
v  -12.4321 -0.6379 3.4859
v  -12.4321 -0.6379 1.7430
v  -12.4321 -0.6379 0.0000
v  -12.4321 -0.6379 -1.7430
v  -12.4321 -0.6379 -3.4859
v  -12.4321 -0.6379 -5.2289
v  -12.4321 -0.6379 -6.9719
v  -12.4321 -0.6379 -8.7149
v  -12.4321 -0.6379 -10.4578
v  -12.4321 -0.6379 -12.2008
v  -12.1732 0.7233 -15.6867
v  -12.1732 0.7233 -13.9438
v  -12.1732 0.7233 12.2008
v  -12.1732 0.7233 -12.2008
v  -12.1732 0.7233 10.4578
v  -12.1732 0.7233 -10.4578
v  -12.1732 0.7233 8.7149
v  -12.1732 0.7233 -8.7149
v  -12.1732 0.7233 6.9719
v  -12.1732 0.7233 -6.9719
v  -12.1732 0.7233 5.2289
v  -12.1732 0.7233 -5.2289
v  -12.1732 0.7233 3.4859
v  -12.1732 0.7233 -3.4859
v  -12.1732 0.7233 1.7430
v  -12.1732 0.7233 -1.7430
v  -12.1732 0.7233 -0.0000
v  -12.4321 0.6379 -15.6867
v  -12.4321 0.6379 -13.9438
v  -12.4321 0.6379 12.2008
v  -12.4321 0.6379 -12.2008
v  -12.4321 0.6379 10.4578
v  -12.4321 0.6379 -10.4578
v  -12.4321 0.6379 8.7149
v  -12.4321 0.6379 -8.7149
v  -12.4321 0.6379 6.9719
v  -12.4321 0.6379 -6.9719
v  -12.4321 0.6379 5.2289
v  -12.4321 0.6379 -5.2289
v  -12.4321 0.6379 3.4859
v  -12.4321 0.6379 -3.4859
v  -12.4321 0.6379 1.7430
v  -12.4321 0.6379 -1.7430
v  -12.4321 0.6379 -0.0000
v  -9.4243 0.7233 18.4652
v  -7.7107 0.7233 18.4652
v  -5.9972 0.7233 18.4652
v  -4.2838 0.7233 18.4652
v  -2.5702 0.7233 18.4652
v  -0.8567 0.7233 18.4652
v  0.8567 0.7233 18.4652
v  2.5702 0.7233 18.4652
v  4.2838 0.7233 18.4652
v  5.9972 0.7233 18.4652
v  -9.4243 0.6379 18.7241
v  -7.7107 0.6379 18.7241
v  -5.9972 0.6379 18.7241
v  -4.2838 0.6379 18.7241
v  -2.5702 0.6379 18.7241
v  -0.8567 0.6379 18.7241
v  0.8567 0.6379 18.7241
v  2.5702 0.6379 18.7241
v  4.2838 0.6379 18.7241
v  5.9972 0.6379 18.7241
v  12.1732 0.7233 15.6867
v  12.1732 0.7233 13.9438
v  12.1732 0.7233 -12.2008
v  12.1732 0.7233 12.2008
v  12.1732 0.7233 -10.4578
v  12.1732 0.7233 10.4578
v  12.1732 0.7233 -8.7149
v  12.1732 0.7233 8.7149
v  12.1732 0.7233 -6.9719
v  12.1732 0.7233 6.9719
v  12.1732 0.7233 -5.2289
v  12.1732 0.7233 5.2289
v  12.1732 0.7233 -3.4859
v  12.1732 0.7233 3.4859
v  12.1732 0.7233 -1.7430
v  12.1732 0.7233 1.7430
v  12.1732 0.7233 -0.0000
v  12.4321 0.6379 15.6867
v  12.4321 0.6379 13.9438
v  12.4321 0.6379 -12.2008
v  12.4321 0.6379 12.2008
v  12.4321 0.6379 -10.4578
v  12.4321 0.6379 10.4578
v  12.4321 0.6379 -8.7149
v  12.4321 0.6379 8.7149
v  12.4321 0.6379 -6.9719
v  12.4321 0.6379 6.9719
v  12.4321 0.6379 -5.2289
v  12.4321 0.6379 5.2289
v  12.4321 0.6379 -3.4859
v  12.4321 0.6379 3.4859
v  12.4321 0.6379 -1.7430
v  12.4321 0.6379 1.7430
v  12.4321 0.6379 -0.0000
v  9.4243 0.7233 -18.4652
v  7.7107 0.7233 -18.4652
v  5.9972 0.7233 -18.4652
v  4.2838 0.7233 -18.4652
v  2.5702 0.7233 -18.4652
v  0.8567 0.7233 -18.4652
v  -0.8567 0.7233 -18.4652
v  -2.5702 0.7233 -18.4652
v  -4.2838 0.7233 -18.4652
v  -5.9972 0.7233 -18.4652
v  9.4243 0.6379 -18.7241
v  7.7107 0.6379 -18.7241
v  5.9972 0.6379 -18.7241
v  4.2838 0.6379 -18.7241
v  2.5702 0.6379 -18.7241
v  0.8567 0.6379 -18.7241
v  -0.8567 0.6379 -18.7241
v  -2.5702 0.6379 -18.7241
v  -4.2838 0.6379 -18.7241
v  -5.9972 0.6379 -18.7241
# 1408 vertices

vt 0.5927 0.4658 0.0000
vt 0.5927 0.5342 0.0000
vt 0.6390 0.5342 0.0000
vt 0.6390 0.4658 0.0000
vt 0.5927 0.4658 1.0000
vt 0.6390 0.4658 1.0000
vt 0.6390 0.5342 1.0000
vt 0.5927 0.5342 1.0000
vt 0.8243 0.0000 0.3909
vt 0.8706 0.0000 0.3909
vt 0.8706 0.0000 0.6091
vt 0.8243 0.0000 0.6091
vt 1.0000 0.3973 0.6091
vt 1.0000 0.3289 0.6091
vt 1.0000 0.3289 0.3909
vt 1.0000 0.3973 0.3909
vt 0.1757 1.0000 0.6091
vt 0.1757 1.0000 0.3909
vt 0.1294 1.0000 0.3909
vt 0.1294 1.0000 0.6091
vt 0.0000 0.6027 0.6091
vt 0.0000 0.6711 0.6091
vt 0.0000 0.6711 0.3909
vt 0.0000 0.6027 0.3909
vt 0.0367 0.0000 0.1727
vt 0.0297 0.0034 0.1018
vt 0.0367 0.0034 0.0971
vt 0.9633 0.0551 0.0000
vt 0.9703 0.0325 0.0108
vt 0.9633 0.0310 0.0108
vt 0.0000 0.9449 0.1727
vt 0.0023 0.9554 0.1018
vt 0.0023 0.9449 0.0971
vt 0.9633 0.9449 0.0000
vt 0.9784 0.9554 0.0108
vt 0.9794 0.9449 0.0108
vt 0.0367 0.0000 0.8273
vt 0.0216 0.0034 0.8604
vt 0.0206 0.0034 0.8273
vt 1.0000 0.0551 0.8273
vt 0.9977 0.0325 0.8604
vt 0.9977 0.0310 0.8273
vt 0.0000 0.9449 0.8273
vt 0.0023 0.9675 0.8604
vt 0.0023 0.9690 0.8273
vt 0.9633 1.0000 0.8273
vt 0.9784 0.9966 0.8604
vt 0.9794 0.9966 0.8273
vt 0.0367 0.8080 0.0000
vt 0.0206 0.8080 0.0108
vt 0.0206 0.8764 0.0108
vt 0.0367 0.8764 0.0000
vt 0.8706 0.9449 0.0000
vt 0.8706 0.9690 0.0108
vt 0.9170 0.9690 0.0108
vt 0.9170 0.9449 0.0000
vt 0.9633 0.1920 0.0000
vt 0.9794 0.1920 0.0108
vt 0.9794 0.1236 0.0108
vt 0.9633 0.1236 0.0000
vt 0.1294 0.0551 0.0000
vt 0.1294 0.0310 0.0108
vt 0.0830 0.0310 0.0108
vt 0.0830 0.0551 0.0000
vt 0.8706 0.0310 0.9892
vt 0.9170 0.0310 0.9892
vt 0.9170 0.0551 1.0000
vt 0.8706 0.0551 1.0000
vt 0.9633 0.8080 1.0000
vt 0.9794 0.8080 0.9892
vt 0.9794 0.8764 0.9892
vt 0.9633 0.8764 1.0000
vt 0.1294 0.9690 0.9892
vt 0.0830 0.9690 0.9892
vt 0.0830 0.9449 1.0000
vt 0.1294 0.9449 1.0000
vt 0.0367 0.1920 1.0000
vt 0.0206 0.1920 0.9892
vt 0.0206 0.1236 0.9892
vt 0.0367 0.1236 1.0000
vt 0.9794 0.0034 0.3909
vt 0.9794 0.0034 0.6091
vt 0.9633 0.0000 0.6091
vt 0.9633 0.0000 0.3909
vt 0.0367 0.0000 0.6091
vt 0.0206 0.0034 0.6091
vt 0.0206 0.0034 0.3909
vt 0.0367 0.0000 0.3909
vt 0.9977 0.9690 0.3909
vt 0.9977 0.9690 0.6091
vt 1.0000 0.9449 0.6091
vt 1.0000 0.9449 0.3909
vt 0.0367 1.0000 0.3909
vt 0.0206 0.9966 0.3909
vt 0.0206 0.9966 0.6091
vt 0.0367 1.0000 0.6091
vt 0.0206 0.0034 0.1727
vt 0.0216 0.0034 0.1396
vt 0.0109 0.0138 0.1160
vt 0.0092 0.0138 0.1727
vt 0.0044 0.0310 0.1018
vt 0.0023 0.0310 0.1727
vt 0.0023 0.0551 0.0971
vt 0.0000 0.0551 0.1727
vt 0.0247 0.0034 0.1160
vt 0.0161 0.0138 0.0755
vt 0.0109 0.0310 0.0513
vt 0.0092 0.0551 0.0432
vt 0.0247 0.0138 0.0513
vt 0.0216 0.0310 0.0209
vt 0.0206 0.0551 0.0108
vt 0.0367 0.0138 0.0432
vt 0.0367 0.0310 0.0108
vt 0.0367 0.0551 0.0000
vt 0.9794 0.0551 0.0108
vt 0.9784 0.0446 0.0108
vt 0.9908 0.0551 0.0432
vt 0.9891 0.0371 0.0432
vt 0.9977 0.0551 0.0971
vt 0.9956 0.0325 0.0971
vt 1.0000 0.0551 0.1727
vt 0.9977 0.0310 0.1727
vt 0.9753 0.0371 0.0108
vt 0.9839 0.0241 0.0432
vt 0.9891 0.0164 0.0971
vt 0.9908 0.0138 0.1727
vt 0.9753 0.0164 0.0432
vt 0.9784 0.0067 0.0971
vt 0.9794 0.0034 0.1727
vt 0.9633 0.0138 0.0432
vt 0.9633 0.0034 0.0971
vt 0.9633 0.0000 0.1727
vt 0.0023 0.9690 0.1727
vt 0.0023 0.9675 0.1396
vt 0.0092 0.9836 0.1160
vt 0.0092 0.9862 0.1727
vt 0.0206 0.9933 0.1018
vt 0.0206 0.9966 0.1727
vt 0.0367 0.9966 0.0971
vt 0.0367 1.0000 0.1727
vt 0.0023 0.9629 0.1160
vt 0.0092 0.9759 0.0755
vt 0.0206 0.9836 0.0513
vt 0.0367 0.9862 0.0432
vt 0.0092 0.9629 0.0513
vt 0.0206 0.9675 0.0209
vt 0.0367 0.9690 0.0108
vt 0.0092 0.9449 0.0432
vt 0.0206 0.9449 0.0108
vt 0.0367 0.9449 0.0000
vt 0.9633 0.9690 0.0108
vt 0.9703 0.9675 0.0108
vt 0.9633 0.9862 0.0432
vt 0.9753 0.9836 0.0432
vt 0.9633 0.9966 0.0971
vt 0.9784 0.9933 0.0971
vt 0.9633 1.0000 0.1727
vt 0.9794 0.9966 0.1727
vt 0.9753 0.9629 0.0108
vt 0.9839 0.9759 0.0432
vt 0.9891 0.9836 0.0971
vt 0.9908 0.9862 0.1727
vt 0.9891 0.9629 0.0432
vt 0.9956 0.9675 0.0971
vt 0.9977 0.9690 0.1727
vt 0.9908 0.9449 0.0432
vt 0.9977 0.9449 0.0971
vt 1.0000 0.9449 0.1727
vt 0.0367 0.0034 0.9029
vt 0.0297 0.0034 0.8982
vt 0.0367 0.0138 0.9568
vt 0.0247 0.0138 0.9487
vt 0.0367 0.0310 0.9892
vt 0.0216 0.0310 0.9791
vt 0.0367 0.0551 1.0000
vt 0.0206 0.0551 0.9892
vt 0.0247 0.0034 0.8840
vt 0.0161 0.0138 0.9245
vt 0.0109 0.0310 0.9487
vt 0.0092 0.0551 0.9568
vt 0.0109 0.0138 0.8840
vt 0.0044 0.0310 0.8982
vt 0.0023 0.0551 0.9029
vt 0.0092 0.0138 0.8273
vt 0.0023 0.0310 0.8273
vt 0.0000 0.0551 0.8273
vt 0.9977 0.0551 0.9029
vt 0.9977 0.0446 0.8982
vt 0.9908 0.0551 0.9568
vt 0.9908 0.0371 0.9487
vt 0.9794 0.0551 0.9892
vt 0.9794 0.0325 0.9791
vt 0.9633 0.0551 1.0000
vt 0.9633 0.0310 0.9892
vt 0.9977 0.0371 0.8840
vt 0.9908 0.0241 0.9245
vt 0.9794 0.0164 0.9487
vt 0.9633 0.0138 0.9568
vt 0.9908 0.0164 0.8840
vt 0.9794 0.0067 0.8982
vt 0.9633 0.0034 0.9029
vt 0.9908 0.0138 0.8273
vt 0.9794 0.0034 0.8273
vt 0.9633 0.0000 0.8273
vt 0.0023 0.9449 0.9029
vt 0.0023 0.9554 0.8982
vt 0.0092 0.9449 0.9568
vt 0.0092 0.9629 0.9487
vt 0.0206 0.9449 0.9892
vt 0.0206 0.9675 0.9791
vt 0.0367 0.9449 1.0000
vt 0.0367 0.9690 0.9892
vt 0.0023 0.9629 0.8840
vt 0.0092 0.9759 0.9245
vt 0.0206 0.9836 0.9487
vt 0.0367 0.9862 0.9568
vt 0.0092 0.9836 0.8840
vt 0.0206 0.9933 0.8982
vt 0.0367 0.9966 0.9029
vt 0.0092 0.9862 0.8273
vt 0.0206 0.9966 0.8273
vt 0.0367 1.0000 0.8273
vt 0.9633 0.9966 0.9029
vt 0.9703 0.9966 0.8982
vt 0.9633 0.9862 0.9568
vt 0.9753 0.9862 0.9487
vt 0.9633 0.9690 0.9892
vt 0.9784 0.9690 0.9791
vt 0.9633 0.9449 1.0000
vt 0.9794 0.9449 0.9892
vt 0.9753 0.9966 0.8840
vt 0.9839 0.9862 0.9245
vt 0.9891 0.9690 0.9487
vt 0.9908 0.9449 0.9568
vt 0.9891 0.9862 0.8840
vt 0.9956 0.9690 0.8982
vt 0.9977 0.9449 0.9029
vt 0.9908 0.9862 0.8273
vt 0.9977 0.9690 0.8273
vt 1.0000 0.9449 0.8273
vt 0.0092 0.8080 0.0432
vt 0.0092 0.8764 0.0432
vt 0.0023 0.8080 0.0971
vt 0.0023 0.8764 0.0971
vt 0.0000 0.8080 0.1727
vt 0.0000 0.8764 0.1727
vt 0.8706 0.9862 0.0432
vt 0.9170 0.9862 0.0432
vt 0.8706 0.9966 0.0971
vt 0.9170 0.9966 0.0971
vt 0.8706 1.0000 0.1727
vt 0.9170 1.0000 0.1727
vt 0.9908 0.1920 0.0432
vt 0.9908 0.1236 0.0432
vt 0.9977 0.1920 0.0971
vt 0.9977 0.1236 0.0971
vt 1.0000 0.1920 0.1727
vt 1.0000 0.1236 0.1727
vt 0.1294 0.0138 0.0432
vt 0.0830 0.0138 0.0432
vt 0.1294 0.0034 0.0971
vt 0.0830 0.0034 0.0971
vt 0.1294 0.0000 0.1727
vt 0.0830 0.0000 0.1727
vt 0.8706 0.0138 0.9568
vt 0.9170 0.0138 0.9568
vt 0.8706 0.0034 0.9029
vt 0.9170 0.0034 0.9029
vt 0.8706 0.0000 0.8273
vt 0.9170 0.0000 0.8273
vt 0.9908 0.8080 0.9568
vt 0.9908 0.8764 0.9568
vt 0.9977 0.8080 0.9029
vt 0.9977 0.8764 0.9029
vt 1.0000 0.8080 0.8273
vt 1.0000 0.8764 0.8273
vt 0.1294 0.9862 0.9568
vt 0.0830 0.9862 0.9568
vt 0.1294 0.9966 0.9029
vt 0.0830 0.9966 0.9029
vt 0.1294 1.0000 0.8273
vt 0.0830 1.0000 0.8273
vt 0.0092 0.1920 0.9568
vt 0.0092 0.1236 0.9568
vt 0.0023 0.1920 0.9029
vt 0.0023 0.1236 0.9029
vt 0.0000 0.1920 0.8273
vt 0.0000 0.1236 0.8273
vt 0.9908 0.0138 0.3909
vt 0.9908 0.0138 0.6091
vt 0.9977 0.0310 0.3909
vt 0.9977 0.0310 0.6091
vt 1.0000 0.0551 0.6091
vt 1.0000 0.0551 0.3909
vt 0.0092 0.0138 0.6091
vt 0.0092 0.0138 0.3909
vt 0.0023 0.0310 0.6091
vt 0.0023 0.0310 0.3909
vt 0.0000 0.0551 0.6091
vt 0.0000 0.0551 0.3909
vt 0.9908 0.9862 0.3909
vt 0.9908 0.9862 0.6091
vt 0.9794 0.9966 0.3909
vt 0.9794 0.9966 0.6091
vt 0.9633 1.0000 0.3909
vt 0.9633 1.0000 0.6091
vt 0.0092 0.9862 0.3909
vt 0.0092 0.9862 0.6091
vt 0.0023 0.9690 0.3909
vt 0.0023 0.9690 0.6091
vt 0.0000 0.9449 0.6091
vt 0.0000 0.9449 0.3909
vt 0.0830 0.9449 0.0000
vt 0.0830 0.8764 0.0000
vt 0.9170 0.0551 0.0000
vt 0.9170 0.1236 0.0000
vt 0.8706 0.0551 0.0000
vt 0.8706 0.1236 0.0000
vt 0.0830 0.1236 0.0000
vt 0.0367 0.1236 0.0000
vt 0.0367 0.1920 0.0000
vt 0.0830 0.1920 0.0000
vt 0.0367 0.2605 0.0000
vt 0.0830 0.2605 0.0000
vt 0.0367 0.3289 0.0000
vt 0.0830 0.3289 0.0000
vt 0.0367 0.3973 0.0000
vt 0.0830 0.3973 0.0000
vt 0.0367 0.4658 0.0000
vt 0.0830 0.4658 0.0000
vt 0.0367 0.5342 0.0000
vt 0.0830 0.5342 0.0000
vt 0.0367 0.6027 0.0000
vt 0.0830 0.6027 0.0000
vt 0.0367 0.6711 0.0000
vt 0.0830 0.6711 0.0000
vt 0.0367 0.7395 0.0000
vt 0.0830 0.7395 0.0000
vt 0.0830 0.8080 0.0000
vt 0.1294 0.9449 0.0000
vt 0.1294 0.8764 0.0000
vt 0.9170 0.8764 0.0000
vt 0.9633 0.8764 0.0000
vt 0.9170 0.8080 0.0000
vt 0.9633 0.8080 0.0000
vt 0.9633 0.7395 0.0000
vt 0.9170 0.7395 0.0000
vt 0.9170 0.6711 0.0000
vt 0.9633 0.6711 0.0000
vt 0.9170 0.6027 0.0000
vt 0.9633 0.6027 0.0000
vt 0.9170 0.5342 0.0000
vt 0.9633 0.5342 0.0000
vt 0.9170 0.4658 0.0000
vt 0.9633 0.4658 0.0000
vt 0.9170 0.3973 0.0000
vt 0.9633 0.3973 0.0000
vt 0.9170 0.3289 0.0000
vt 0.9633 0.3289 0.0000
vt 0.9170 0.2605 0.0000
vt 0.9633 0.2605 0.0000
vt 0.9170 0.1920 0.0000
vt 0.8243 0.0551 0.0000
vt 0.8243 0.1236 0.0000
vt 0.7780 0.1236 0.0000
vt 0.7780 0.0551 0.0000
vt 0.7317 0.0551 0.0000
vt 0.7317 0.1236 0.0000
vt 0.6853 0.0551 0.0000
vt 0.6853 0.1236 0.0000
vt 0.6390 0.0551 0.0000
vt 0.6390 0.1236 0.0000
vt 0.5927 0.1236 0.0000
vt 0.5927 0.0551 0.0000
vt 0.5463 0.1236 0.0000
vt 0.5463 0.0551 0.0000
vt 0.5000 0.1236 0.0000
vt 0.5000 0.0551 0.0000
vt 0.4537 0.1236 0.0000
vt 0.4537 0.0551 0.0000
vt 0.4073 0.0551 0.0000
vt 0.4073 0.1236 0.0000
vt 0.3610 0.1236 0.0000
vt 0.3610 0.0551 0.0000
vt 0.3147 0.1236 0.0000
vt 0.3147 0.0551 0.0000
vt 0.2683 0.0551 0.0000
vt 0.2683 0.1236 0.0000
vt 0.2220 0.0551 0.0000
vt 0.2220 0.1236 0.0000
vt 0.1757 0.0551 0.0000
vt 0.1757 0.1236 0.0000
vt 0.1294 0.1236 0.0000
vt 0.1757 0.9449 0.0000
vt 0.1757 0.8764 0.0000
vt 0.2220 0.8764 0.0000
vt 0.2220 0.9449 0.0000
vt 0.2683 0.9449 0.0000
vt 0.2683 0.8764 0.0000
vt 0.3147 0.9449 0.0000
vt 0.3147 0.8764 0.0000
vt 0.3610 0.9449 0.0000
vt 0.3610 0.8764 0.0000
vt 0.4073 0.8764 0.0000
vt 0.4073 0.9449 0.0000
vt 0.4537 0.8764 0.0000
vt 0.4537 0.9449 0.0000
vt 0.5000 0.8764 0.0000
vt 0.5000 0.9449 0.0000
vt 0.5463 0.8764 0.0000
vt 0.5463 0.9449 0.0000
vt 0.5927 0.9449 0.0000
vt 0.5927 0.8764 0.0000
vt 0.6390 0.8764 0.0000
vt 0.6390 0.9449 0.0000
vt 0.6853 0.8764 0.0000
vt 0.6853 0.9449 0.0000
vt 0.7317 0.9449 0.0000
vt 0.7317 0.8764 0.0000
vt 0.7780 0.9449 0.0000
vt 0.7780 0.8764 0.0000
vt 0.8243 0.9449 0.0000
vt 0.8243 0.8764 0.0000
vt 0.8706 0.8764 0.0000
vt 0.8706 0.1920 0.0000
vt 0.1294 0.8080 0.0000
vt 0.8706 0.2605 0.0000
vt 0.8243 0.1920 0.0000
vt 0.7780 0.1920 0.0000
vt 0.1294 0.1920 0.0000
vt 0.1294 0.2605 0.0000
vt 0.1294 0.3289 0.0000
vt 0.1294 0.3973 0.0000
vt 0.1294 0.4658 0.0000
vt 0.1294 0.5342 0.0000
vt 0.1294 0.6027 0.0000
vt 0.1294 0.6711 0.0000
vt 0.1294 0.7395 0.0000
vt 0.1757 0.8080 0.0000
vt 0.2220 0.8080 0.0000
vt 0.8706 0.8080 0.0000
vt 0.8706 0.7395 0.0000
vt 0.8706 0.6711 0.0000
vt 0.8706 0.6027 0.0000
vt 0.8706 0.5342 0.0000
vt 0.8706 0.4658 0.0000
vt 0.8706 0.3973 0.0000
vt 0.8706 0.3289 0.0000
vt 0.7317 0.1920 0.0000
vt 0.6853 0.1920 0.0000
vt 0.6390 0.1920 0.0000
vt 0.5927 0.1920 0.0000
vt 0.5463 0.1920 0.0000
vt 0.5000 0.1920 0.0000
vt 0.4537 0.1920 0.0000
vt 0.4073 0.1920 0.0000
vt 0.3610 0.1920 0.0000
vt 0.3147 0.1920 0.0000
vt 0.2683 0.1920 0.0000
vt 0.2220 0.1920 0.0000
vt 0.1757 0.1920 0.0000
vt 0.2683 0.8080 0.0000
vt 0.3147 0.8080 0.0000
vt 0.3610 0.8080 0.0000
vt 0.4073 0.8080 0.0000
vt 0.4537 0.8080 0.0000
vt 0.5000 0.8080 0.0000
vt 0.5463 0.8080 0.0000
vt 0.5927 0.8080 0.0000
vt 0.6390 0.8080 0.0000
vt 0.6853 0.8080 0.0000
vt 0.7317 0.8080 0.0000
vt 0.7780 0.8080 0.0000
vt 0.8243 0.8080 0.0000
vt 0.8243 0.2605 0.0000
vt 0.1757 0.7395 0.0000
vt 0.8243 0.3289 0.0000
vt 0.7780 0.2605 0.0000
vt 0.1757 0.2605 0.0000
vt 0.1757 0.3289 0.0000
vt 0.1757 0.3973 0.0000
vt 0.1757 0.4658 0.0000
vt 0.1757 0.5342 0.0000
vt 0.1757 0.6027 0.0000
vt 0.1757 0.6711 0.0000
vt 0.2220 0.7395 0.0000
vt 0.8243 0.7395 0.0000
vt 0.8243 0.6711 0.0000
vt 0.8243 0.6027 0.0000
vt 0.8243 0.5342 0.0000
vt 0.8243 0.4658 0.0000
vt 0.8243 0.3973 0.0000
vt 0.2220 0.2605 0.0000
vt 0.7780 0.7395 0.0000
vt 0.7317 0.2605 0.0000
vt 0.6853 0.2605 0.0000
vt 0.6390 0.2605 0.0000
vt 0.5927 0.2605 0.0000
vt 0.5463 0.2605 0.0000
vt 0.5000 0.2605 0.0000
vt 0.4537 0.2605 0.0000
vt 0.4073 0.2605 0.0000
vt 0.3610 0.2605 0.0000
vt 0.3147 0.2605 0.0000
vt 0.2683 0.2605 0.0000
vt 0.2683 0.7395 0.0000
vt 0.3147 0.7395 0.0000
vt 0.3610 0.7395 0.0000
vt 0.4073 0.7395 0.0000
vt 0.4537 0.7395 0.0000
vt 0.5000 0.7395 0.0000
vt 0.5463 0.7395 0.0000
vt 0.5927 0.7395 0.0000
vt 0.6390 0.7395 0.0000
vt 0.6853 0.7395 0.0000
vt 0.7317 0.7395 0.0000
vt 0.7780 0.3289 0.0000
vt 0.2220 0.6711 0.0000
vt 0.7780 0.3973 0.0000
vt 0.7317 0.3289 0.0000
vt 0.2220 0.3289 0.0000
vt 0.2220 0.3973 0.0000
vt 0.2220 0.4658 0.0000
vt 0.2220 0.5342 0.0000
vt 0.2220 0.6027 0.0000
vt 0.2683 0.6711 0.0000
vt 0.7780 0.6711 0.0000
vt 0.7780 0.6027 0.0000
vt 0.7780 0.5342 0.0000
vt 0.7780 0.4658 0.0000
vt 0.6853 0.3289 0.0000
vt 0.6390 0.3289 0.0000
vt 0.5927 0.3289 0.0000
vt 0.5463 0.3289 0.0000
vt 0.5000 0.3289 0.0000
vt 0.4537 0.3289 0.0000
vt 0.4073 0.3289 0.0000
vt 0.3610 0.3289 0.0000
vt 0.3147 0.3289 0.0000
vt 0.2683 0.3289 0.0000
vt 0.3147 0.6711 0.0000
vt 0.3610 0.6711 0.0000
vt 0.4073 0.6711 0.0000
vt 0.4537 0.6711 0.0000
vt 0.5000 0.6711 0.0000
vt 0.5463 0.6711 0.0000
vt 0.5927 0.6711 0.0000
vt 0.6390 0.6711 0.0000
vt 0.6853 0.6711 0.0000
vt 0.7317 0.6711 0.0000
vt 0.7317 0.3973 0.0000
vt 0.2683 0.6027 0.0000
vt 0.3147 0.6027 0.0000
vt 0.7317 0.6027 0.0000
vt 0.7317 0.5342 0.0000
vt 0.7317 0.4658 0.0000
vt 0.6853 0.3973 0.0000
vt 0.2683 0.3973 0.0000
vt 0.2683 0.4658 0.0000
vt 0.2683 0.5342 0.0000
vt 0.6853 0.6027 0.0000
vt 0.3147 0.3973 0.0000
vt 0.3610 0.6027 0.0000
vt 0.4073 0.6027 0.0000
vt 0.4537 0.6027 0.0000
vt 0.5000 0.6027 0.0000
vt 0.5463 0.6027 0.0000
vt 0.5927 0.6027 0.0000
vt 0.6390 0.6027 0.0000
vt 0.6390 0.3973 0.0000
vt 0.5927 0.3973 0.0000
vt 0.5463 0.3973 0.0000
vt 0.5000 0.3973 0.0000
vt 0.4537 0.3973 0.0000
vt 0.4073 0.3973 0.0000
vt 0.3610 0.3973 0.0000
vt 0.3147 0.5342 0.0000
vt 0.6853 0.4658 0.0000
vt 0.3147 0.4658 0.0000
vt 0.3610 0.5342 0.0000
vt 0.6853 0.5342 0.0000
vt 0.5463 0.4658 0.0000
vt 0.5000 0.4658 0.0000
vt 0.4537 0.4658 0.0000
vt 0.4073 0.4658 0.0000
vt 0.3610 0.4658 0.0000
vt 0.4073 0.5342 0.0000
vt 0.4537 0.5342 0.0000
vt 0.5000 0.5342 0.0000
vt 0.5463 0.5342 0.0000
vt 0.9633 0.1236 1.0000
vt 0.9170 0.1236 1.0000
vt 0.0367 0.8764 1.0000
vt 0.0830 0.8764 1.0000
vt 0.0367 0.8080 1.0000
vt 0.0830 0.8080 1.0000
vt 0.0367 0.7395 1.0000
vt 0.0830 0.7395 1.0000
vt 0.0367 0.6711 1.0000
vt 0.0830 0.6711 1.0000
vt 0.0367 0.6027 1.0000
vt 0.0830 0.6027 1.0000
vt 0.0830 0.5342 1.0000
vt 0.0367 0.5342 1.0000
vt 0.0830 0.4658 1.0000
vt 0.0367 0.4658 1.0000
vt 0.0830 0.3973 1.0000
vt 0.0367 0.3973 1.0000
vt 0.0367 0.3289 1.0000
vt 0.0830 0.3289 1.0000
vt 0.0367 0.2605 1.0000
vt 0.0830 0.2605 1.0000
vt 0.0830 0.1920 1.0000
vt 0.0830 0.1236 1.0000
vt 0.0830 0.0551 1.0000
vt 0.8706 0.1236 1.0000
vt 0.9170 0.1920 1.0000
vt 0.9633 0.1920 1.0000
vt 0.9633 0.2605 1.0000
vt 0.9170 0.2605 1.0000
vt 0.9633 0.3289 1.0000
vt 0.9170 0.3289 1.0000
vt 0.9170 0.3973 1.0000
vt 0.9633 0.3973 1.0000
vt 0.9170 0.4658 1.0000
vt 0.9633 0.4658 1.0000
vt 0.9170 0.5342 1.0000
vt 0.9633 0.5342 1.0000
vt 0.9170 0.6027 1.0000
vt 0.9633 0.6027 1.0000
vt 0.9170 0.6711 1.0000
vt 0.9633 0.6711 1.0000
vt 0.9170 0.7395 1.0000
vt 0.9633 0.7395 1.0000
vt 0.9170 0.8080 1.0000
vt 0.9170 0.8764 1.0000
vt 0.9170 0.9449 1.0000
vt 0.1294 0.8764 1.0000
vt 0.1294 0.1236 1.0000
vt 0.1294 0.0551 1.0000
vt 0.1757 0.0551 1.0000
vt 0.1757 0.1236 1.0000
vt 0.2220 0.1236 1.0000
vt 0.2220 0.0551 1.0000
vt 0.2683 0.1236 1.0000
vt 0.2683 0.0551 1.0000
vt 0.3147 0.1236 1.0000
vt 0.3147 0.0551 1.0000
vt 0.3610 0.1236 1.0000
vt 0.3610 0.0551 1.0000
vt 0.4073 0.0551 1.0000
vt 0.4073 0.1236 1.0000
vt 0.4537 0.1236 1.0000
vt 0.4537 0.0551 1.0000
vt 0.5000 0.1236 1.0000
vt 0.5000 0.0551 1.0000
vt 0.5463 0.1236 1.0000
vt 0.5463 0.0551 1.0000
vt 0.5927 0.0551 1.0000
vt 0.5927 0.1236 1.0000
vt 0.6390 0.0551 1.0000
vt 0.6390 0.1236 1.0000
vt 0.6853 0.1236 1.0000
vt 0.6853 0.0551 1.0000
vt 0.7317 0.1236 1.0000
vt 0.7317 0.0551 1.0000
vt 0.7780 0.1236 1.0000
vt 0.7780 0.0551 1.0000
vt 0.8243 0.1236 1.0000
vt 0.8243 0.0551 1.0000
vt 0.8706 0.8764 1.0000
vt 0.8706 0.9449 1.0000
vt 0.8243 0.9449 1.0000
vt 0.8243 0.8764 1.0000
vt 0.7780 0.8764 1.0000
vt 0.7780 0.9449 1.0000
vt 0.7317 0.8764 1.0000
vt 0.7317 0.9449 1.0000
vt 0.6853 0.8764 1.0000
vt 0.6853 0.9449 1.0000
vt 0.6390 0.8764 1.0000
vt 0.6390 0.9449 1.0000
vt 0.5927 0.9449 1.0000
vt 0.5927 0.8764 1.0000
vt 0.5463 0.8764 1.0000
vt 0.5463 0.9449 1.0000
vt 0.5000 0.8764 1.0000
vt 0.5000 0.9449 1.0000
vt 0.4537 0.8764 1.0000
vt 0.4537 0.9449 1.0000
vt 0.4073 0.9449 1.0000
vt 0.4073 0.8764 1.0000
vt 0.3610 0.9449 1.0000
vt 0.3610 0.8764 1.0000
vt 0.3147 0.8764 1.0000
vt 0.3147 0.9449 1.0000
vt 0.2683 0.8764 1.0000
vt 0.2683 0.9449 1.0000
vt 0.2220 0.8764 1.0000
vt 0.2220 0.9449 1.0000
vt 0.1757 0.8764 1.0000
vt 0.1757 0.9449 1.0000
vt 0.1294 0.8080 1.0000
vt 0.8706 0.1920 1.0000
vt 0.8706 0.2605 1.0000
vt 0.8706 0.3289 1.0000
vt 0.8706 0.3973 1.0000
vt 0.8706 0.4658 1.0000
vt 0.8706 0.5342 1.0000
vt 0.8706 0.6027 1.0000
vt 0.8706 0.6711 1.0000
vt 0.8706 0.7395 1.0000
vt 0.8706 0.8080 1.0000
vt 0.1757 0.8080 1.0000
vt 0.1294 0.7395 1.0000
vt 0.1294 0.6711 1.0000
vt 0.1294 0.6027 1.0000
vt 0.1294 0.5342 1.0000
vt 0.1294 0.4658 1.0000
vt 0.1294 0.3973 1.0000
vt 0.1294 0.3289 1.0000
vt 0.1294 0.2605 1.0000
vt 0.1294 0.1920 1.0000
vt 0.8243 0.1920 1.0000
vt 0.8243 0.8080 1.0000
vt 0.7780 0.8080 1.0000
vt 0.7317 0.8080 1.0000
vt 0.6853 0.8080 1.0000
vt 0.6390 0.8080 1.0000
vt 0.5927 0.8080 1.0000
vt 0.5463 0.8080 1.0000
vt 0.5000 0.8080 1.0000
vt 0.4537 0.8080 1.0000
vt 0.4073 0.8080 1.0000
vt 0.3610 0.8080 1.0000
vt 0.3147 0.8080 1.0000
vt 0.2683 0.8080 1.0000
vt 0.2220 0.8080 1.0000
vt 0.1757 0.1920 1.0000
vt 0.2220 0.1920 1.0000
vt 0.2683 0.1920 1.0000
vt 0.3147 0.1920 1.0000
vt 0.3610 0.1920 1.0000
vt 0.4073 0.1920 1.0000
vt 0.4537 0.1920 1.0000
vt 0.5000 0.1920 1.0000
vt 0.5463 0.1920 1.0000
vt 0.5927 0.1920 1.0000
vt 0.6390 0.1920 1.0000
vt 0.6853 0.1920 1.0000
vt 0.7317 0.1920 1.0000
vt 0.7780 0.1920 1.0000
vt 0.8243 0.2605 1.0000
vt 0.1757 0.7395 1.0000
vt 0.1757 0.6711 1.0000
vt 0.1757 0.6027 1.0000
vt 0.1757 0.5342 1.0000
vt 0.1757 0.4658 1.0000
vt 0.1757 0.3973 1.0000
vt 0.1757 0.3289 1.0000
vt 0.1757 0.2605 1.0000
vt 0.7780 0.2605 1.0000
vt 0.8243 0.3289 1.0000
vt 0.8243 0.3973 1.0000
vt 0.8243 0.4658 1.0000
vt 0.8243 0.5342 1.0000
vt 0.8243 0.6027 1.0000
vt 0.8243 0.6711 1.0000
vt 0.8243 0.7395 1.0000
vt 0.2220 0.7395 1.0000
vt 0.2220 0.2605 1.0000
vt 0.2683 0.2605 1.0000
vt 0.3147 0.2605 1.0000
vt 0.3610 0.2605 1.0000
vt 0.4073 0.2605 1.0000
vt 0.4537 0.2605 1.0000
vt 0.5000 0.2605 1.0000
vt 0.5463 0.2605 1.0000
vt 0.5927 0.2605 1.0000
vt 0.6390 0.2605 1.0000
vt 0.6853 0.2605 1.0000
vt 0.7317 0.2605 1.0000
vt 0.7780 0.7395 1.0000
vt 0.7317 0.7395 1.0000
vt 0.6853 0.7395 1.0000
vt 0.6390 0.7395 1.0000
vt 0.5927 0.7395 1.0000
vt 0.5463 0.7395 1.0000
vt 0.5000 0.7395 1.0000
vt 0.4537 0.7395 1.0000
vt 0.4073 0.7395 1.0000
vt 0.3610 0.7395 1.0000
vt 0.3147 0.7395 1.0000
vt 0.2683 0.7395 1.0000
vt 0.2220 0.6711 1.0000
vt 0.7780 0.3289 1.0000
vt 0.7780 0.3973 1.0000
vt 0.7780 0.4658 1.0000
vt 0.7780 0.5342 1.0000
vt 0.7780 0.6027 1.0000
vt 0.7780 0.6711 1.0000
vt 0.2683 0.6711 1.0000
vt 0.2220 0.6027 1.0000
vt 0.2220 0.5342 1.0000
vt 0.2220 0.4658 1.0000
vt 0.2220 0.3973 1.0000
vt 0.2220 0.3289 1.0000
vt 0.7317 0.3289 1.0000
vt 0.7317 0.6711 1.0000
vt 0.6853 0.6711 1.0000
vt 0.6390 0.6711 1.0000
vt 0.5927 0.6711 1.0000
vt 0.5463 0.6711 1.0000
vt 0.5000 0.6711 1.0000
vt 0.4537 0.6711 1.0000
vt 0.4073 0.6711 1.0000
vt 0.3610 0.6711 1.0000
vt 0.3147 0.6711 1.0000
vt 0.2683 0.3289 1.0000
vt 0.3147 0.3289 1.0000
vt 0.3610 0.3289 1.0000
vt 0.4073 0.3289 1.0000
vt 0.4537 0.3289 1.0000
vt 0.5000 0.3289 1.0000
vt 0.5463 0.3289 1.0000
vt 0.5927 0.3289 1.0000
vt 0.6390 0.3289 1.0000
vt 0.6853 0.3289 1.0000
vt 0.7317 0.3973 1.0000
vt 0.2683 0.6027 1.0000
vt 0.2683 0.5342 1.0000
vt 0.2683 0.4658 1.0000
vt 0.2683 0.3973 1.0000
vt 0.6853 0.3973 1.0000
vt 0.7317 0.4658 1.0000
vt 0.7317 0.5342 1.0000
vt 0.7317 0.6027 1.0000
vt 0.3147 0.6027 1.0000
vt 0.3147 0.3973 1.0000
vt 0.3610 0.3973 1.0000
vt 0.4073 0.3973 1.0000
vt 0.4537 0.3973 1.0000
vt 0.5000 0.3973 1.0000
vt 0.5463 0.3973 1.0000
vt 0.5927 0.3973 1.0000
vt 0.6390 0.3973 1.0000
vt 0.6853 0.6027 1.0000
vt 0.6390 0.6027 1.0000
vt 0.5927 0.6027 1.0000
vt 0.5463 0.6027 1.0000
vt 0.5000 0.6027 1.0000
vt 0.4537 0.6027 1.0000
vt 0.4073 0.6027 1.0000
vt 0.3610 0.6027 1.0000
vt 0.3147 0.5342 1.0000
vt 0.6853 0.4658 1.0000
vt 0.6853 0.5342 1.0000
vt 0.3610 0.5342 1.0000
vt 0.3147 0.4658 1.0000
vt 0.5463 0.5342 1.0000
vt 0.5000 0.5342 1.0000
vt 0.4537 0.5342 1.0000
vt 0.4073 0.5342 1.0000
vt 0.3610 0.4658 1.0000
vt 0.4073 0.4658 1.0000
vt 0.4537 0.4658 1.0000
vt 0.5000 0.4658 1.0000
vt 0.5463 0.4658 1.0000
vt 0.9170 0.0000 0.1727
vt 0.9170 0.0000 0.3909
vt 0.0830 0.0000 0.8273
vt 0.0830 0.0000 0.6091
vt 0.0830 0.0000 0.3909
vt 0.9170 0.0000 0.6091
vt 0.1294 0.0000 0.6091
vt 0.1294 0.0000 0.8273
vt 0.8706 0.0000 0.1727
vt 0.1757 0.0000 0.6091
vt 0.1757 0.0000 0.8273
vt 0.8243 0.0000 0.1727
vt 0.8243 0.0000 0.8273
vt 0.7780 0.0000 0.8273
vt 0.7780 0.0000 0.6091
vt 0.7317 0.0000 0.8273
vt 0.7317 0.0000 0.6091
vt 0.6853 0.0000 0.8273
vt 0.6853 0.0000 0.6091
vt 0.6390 0.0000 0.8273
vt 0.6390 0.0000 0.6091
vt 0.5927 0.0000 0.8273
vt 0.5927 0.0000 0.6091
vt 0.5463 0.0000 0.6091
vt 0.5463 0.0000 0.8273
vt 0.5000 0.0000 0.6091
vt 0.5000 0.0000 0.8273
vt 0.4537 0.0000 0.6091
vt 0.4537 0.0000 0.8273
vt 0.4073 0.0000 0.8273
vt 0.4073 0.0000 0.6091
vt 0.3610 0.0000 0.6091
vt 0.3610 0.0000 0.8273
vt 0.3147 0.0000 0.8273
vt 0.3147 0.0000 0.6091
vt 0.2683 0.0000 0.6091
vt 0.2683 0.0000 0.8273
vt 0.2220 0.0000 0.8273
vt 0.2220 0.0000 0.6091
vt 0.1294 0.0000 0.3909
vt 0.1757 0.0000 0.1727
vt 0.1757 0.0000 0.3909
vt 0.2220 0.0000 0.3909
vt 0.2220 0.0000 0.1727
vt 0.2683 0.0000 0.1727
vt 0.2683 0.0000 0.3909
vt 0.3147 0.0000 0.1727
vt 0.3147 0.0000 0.3909
vt 0.3610 0.0000 0.1727
vt 0.3610 0.0000 0.3909
vt 0.4073 0.0000 0.3909
vt 0.4073 0.0000 0.1727
vt 0.4537 0.0000 0.3909
vt 0.4537 0.0000 0.1727
vt 0.5000 0.0000 0.3909
vt 0.5000 0.0000 0.1727
vt 0.5463 0.0000 0.3909
vt 0.5463 0.0000 0.1727
vt 0.5927 0.0000 0.1727
vt 0.5927 0.0000 0.3909
vt 0.6390 0.0000 0.1727
vt 0.6390 0.0000 0.3909
vt 0.6853 0.0000 0.1727
vt 0.6853 0.0000 0.3909
vt 0.7317 0.0000 0.3909
vt 0.7317 0.0000 0.1727
vt 0.7780 0.0000 0.3909
vt 0.7780 0.0000 0.1727
vt 1.0000 0.8764 0.3909
vt 1.0000 0.8764 0.1727
vt 1.0000 0.8764 0.6091
vt 1.0000 0.1236 0.6091
vt 1.0000 0.1236 0.8273
vt 1.0000 0.1236 0.3909
vt 1.0000 0.1920 0.3909
vt 1.0000 0.8080 0.6091
vt 1.0000 0.7395 0.6091
vt 1.0000 0.7395 0.8273
vt 1.0000 0.6711 0.6091
vt 1.0000 0.6711 0.8273
vt 1.0000 0.6027 0.8273
vt 1.0000 0.6027 0.6091
vt 1.0000 0.5342 0.8273
vt 1.0000 0.5342 0.6091
vt 1.0000 0.4658 0.6091
vt 1.0000 0.4658 0.8273
vt 1.0000 0.3973 0.8273
vt 1.0000 0.3289 0.8273
vt 1.0000 0.2605 0.6091
vt 1.0000 0.2605 0.8273
vt 1.0000 0.1920 0.6091
vt 1.0000 0.1920 0.8273
vt 1.0000 0.2605 0.3909
vt 1.0000 0.2605 0.1727
vt 1.0000 0.3289 0.1727
vt 1.0000 0.3973 0.1727
vt 1.0000 0.4658 0.1727
vt 1.0000 0.4658 0.3909
vt 1.0000 0.5342 0.3909
vt 1.0000 0.5342 0.1727
vt 1.0000 0.6027 0.1727
vt 1.0000 0.6027 0.3909
vt 1.0000 0.6711 0.3909
vt 1.0000 0.6711 0.1727
vt 1.0000 0.7395 0.3909
vt 1.0000 0.7395 0.1727
vt 1.0000 0.8080 0.3909
vt 1.0000 0.8080 0.1727
vt 0.0830 1.0000 0.6091
vt 0.9170 1.0000 0.3909
vt 0.0830 1.0000 0.3909
vt 0.0830 1.0000 0.1727
vt 0.9170 1.0000 0.6091
vt 0.9170 1.0000 0.8273
vt 0.8706 1.0000 0.3909
vt 0.8243 1.0000 0.3909
vt 0.8243 1.0000 0.1727
vt 0.1757 1.0000 0.8273
vt 0.2220 1.0000 0.8273
vt 0.2220 1.0000 0.6091
vt 0.2683 1.0000 0.8273
vt 0.2683 1.0000 0.6091
vt 0.3147 1.0000 0.8273
vt 0.3147 1.0000 0.6091
vt 0.3610 1.0000 0.8273
vt 0.3610 1.0000 0.6091
vt 0.4073 1.0000 0.6091
vt 0.4073 1.0000 0.8273
vt 0.4537 1.0000 0.6091
vt 0.4537 1.0000 0.8273
vt 0.5000 1.0000 0.6091
vt 0.5000 1.0000 0.8273
vt 0.5463 1.0000 0.6091
vt 0.5463 1.0000 0.8273
vt 0.5927 1.0000 0.6091
vt 0.5927 1.0000 0.8273
vt 0.6390 1.0000 0.6091
vt 0.6390 1.0000 0.8273
vt 0.6853 1.0000 0.6091
vt 0.6853 1.0000 0.8273
vt 0.7317 1.0000 0.8273
vt 0.7317 1.0000 0.6091
vt 0.7780 1.0000 0.6091
vt 0.7780 1.0000 0.8273
vt 0.8243 1.0000 0.6091
vt 0.8243 1.0000 0.8273
vt 0.8706 1.0000 0.8273
vt 0.8706 1.0000 0.6091
vt 0.7780 1.0000 0.1727
vt 0.7780 1.0000 0.3909
vt 0.7317 1.0000 0.1727
vt 0.7317 1.0000 0.3909
vt 0.6853 1.0000 0.1727
vt 0.6853 1.0000 0.3909
vt 0.6390 1.0000 0.1727
vt 0.6390 1.0000 0.3909
vt 0.5927 1.0000 0.3909
vt 0.5927 1.0000 0.1727
vt 0.5463 1.0000 0.3909
vt 0.5463 1.0000 0.1727
vt 0.5000 1.0000 0.3909
vt 0.5000 1.0000 0.1727
vt 0.4537 1.0000 0.3909
vt 0.4537 1.0000 0.1727
vt 0.4073 1.0000 0.3909
vt 0.4073 1.0000 0.1727
vt 0.3610 1.0000 0.3909
vt 0.3610 1.0000 0.1727
vt 0.3147 1.0000 0.3909
vt 0.3147 1.0000 0.1727
vt 0.2683 1.0000 0.1727
vt 0.2683 1.0000 0.3909
vt 0.2220 1.0000 0.3909
vt 0.2220 1.0000 0.1727
vt 0.1757 1.0000 0.1727
vt 0.1294 1.0000 0.1727
vt 0.0000 0.1236 0.3909
vt 0.0000 0.1236 0.1727
vt 0.0000 0.1236 0.6091
vt 0.0000 0.8764 0.6091
vt 0.0000 0.8764 0.8273
vt 0.0000 0.8764 0.3909
vt 0.0000 0.8080 0.3909
vt 0.0000 0.1920 0.6091
vt 0.0000 0.2605 0.6091
vt 0.0000 0.2605 0.8273
vt 0.0000 0.3289 0.6091
vt 0.0000 0.3289 0.8273
vt 0.0000 0.3973 0.6091
vt 0.0000 0.3973 0.8273
vt 0.0000 0.4658 0.6091
vt 0.0000 0.4658 0.8273
vt 0.0000 0.5342 0.8273
vt 0.0000 0.5342 0.6091
vt 0.0000 0.6027 0.8273
vt 0.0000 0.6711 0.8273
vt 0.0000 0.7395 0.6091
vt 0.0000 0.7395 0.8273
vt 0.0000 0.8080 0.6091
vt 0.0000 0.8080 0.8273
vt 0.0000 0.7395 0.3909
vt 0.0000 0.7395 0.1727
vt 0.0000 0.6711 0.1727
vt 0.0000 0.6027 0.1727
vt 0.0000 0.5342 0.3909
vt 0.0000 0.5342 0.1727
vt 0.0000 0.4658 0.1727
vt 0.0000 0.4658 0.3909
vt 0.0000 0.3973 0.3909
vt 0.0000 0.3973 0.1727
vt 0.0000 0.3289 0.3909
vt 0.0000 0.3289 0.1727
vt 0.0000 0.2605 0.3909
vt 0.0000 0.2605 0.1727
vt 0.0000 0.1920 0.3909
vt 0.0000 0.1920 0.1727
vt 0.0206 0.1236 0.0108
vt 0.0206 0.1920 0.0108
vt 0.0206 0.2605 0.0108
vt 0.0206 0.3289 0.0108
vt 0.0206 0.3973 0.0108
vt 0.0206 0.4658 0.0108
vt 0.0206 0.5342 0.0108
vt 0.0206 0.6027 0.0108
vt 0.0206 0.6711 0.0108
vt 0.0206 0.7395 0.0108
vt 0.0830 0.9690 0.0108
vt 0.1294 0.9690 0.0108
vt 0.1757 0.9690 0.0108
vt 0.2220 0.9690 0.0108
vt 0.2683 0.9690 0.0108
vt 0.2684 0.9449 0.0000
vt 0.3147 0.9690 0.0108
vt 0.3610 0.9690 0.0108
vt 0.4073 0.9690 0.0108
vt 0.4537 0.9690 0.0108
vt 0.5000 0.9690 0.0108
vt 0.5463 0.9690 0.0108
vt 0.5927 0.9690 0.0108
vt 0.6390 0.9690 0.0108
vt 0.6853 0.9690 0.0108
vt 0.7317 0.9690 0.0108
vt 0.7780 0.9690 0.0108
vt 0.8243 0.9690 0.0108
vt 0.9794 0.8764 0.0108
vt 0.9794 0.8080 0.0108
vt 0.9794 0.7395 0.0108
vt 0.9794 0.6711 0.0108
vt 0.9794 0.6027 0.0108
vt 0.9794 0.5342 0.0108
vt 0.9794 0.4658 0.0108
vt 0.9794 0.3973 0.0108
vt 0.9794 0.3289 0.0108
vt 0.9794 0.2605 0.0108
vt 0.9170 0.0310 0.0108
vt 0.8706 0.0310 0.0108
vt 0.8243 0.0310 0.0108
vt 0.7780 0.0310 0.0108
vt 0.7317 0.0310 0.0108
vt 0.7316 0.0551 0.0000
vt 0.6853 0.0310 0.0108
vt 0.6390 0.0310 0.0108
vt 0.5927 0.0310 0.0108
vt 0.5463 0.0310 0.0108
vt 0.5000 0.0310 0.0108
vt 0.4537 0.0310 0.0108
vt 0.4073 0.0310 0.0108
vt 0.3610 0.0310 0.0108
vt 0.3147 0.0310 0.0108
vt 0.2683 0.0310 0.0108
vt 0.2220 0.0310 0.0108
vt 0.1757 0.0310 0.0108
vt 0.0830 0.0310 0.9892
vt 0.1294 0.0310 0.9892
vt 0.8243 0.0310 0.9892
vt 0.1757 0.0310 0.9892
vt 0.7780 0.0310 0.9892
vt 0.2220 0.0310 0.9892
vt 0.7317 0.0310 0.9892
vt 0.2683 0.0310 0.9892
vt 0.6853 0.0310 0.9892
vt 0.3147 0.0310 0.9892
vt 0.6390 0.0310 0.9892
vt 0.3610 0.0310 0.9892
vt 0.5927 0.0310 0.9892
vt 0.4073 0.0310 0.9892
vt 0.5463 0.0310 0.9892
vt 0.4537 0.0310 0.9892
vt 0.5000 0.0310 0.9892
vt 0.9794 0.1236 0.9892
vt 0.9794 0.1920 0.9892
vt 0.9794 0.2605 0.9892
vt 0.9794 0.3289 0.9892
vt 0.9794 0.3973 0.9892
vt 0.9794 0.4658 0.9892
vt 0.9794 0.5342 0.9892
vt 0.9794 0.6027 0.9892
vt 0.9794 0.6711 0.9892
vt 0.9794 0.7395 0.9892
vt 0.9170 0.9690 0.9892
vt 0.8706 0.9690 0.9892
vt 0.1757 0.9690 0.9892
vt 0.8243 0.9690 0.9892
vt 0.2220 0.9690 0.9892
vt 0.7780 0.9690 0.9892
vt 0.2683 0.9690 0.9892
vt 0.7317 0.9690 0.9892
vt 0.3147 0.9690 0.9892
vt 0.6853 0.9690 0.9892
vt 0.3610 0.9690 0.9892
vt 0.6390 0.9690 0.9892
vt 0.4073 0.9690 0.9892
vt 0.5927 0.9690 0.9892
vt 0.4537 0.9690 0.9892
vt 0.5463 0.9690 0.9892
vt 0.5000 0.9690 0.9892
vt 0.0206 0.8764 0.9892
vt 0.0206 0.8080 0.9892
vt 0.0206 0.7395 0.9892
vt 0.0206 0.6711 0.9892
vt 0.0206 0.6027 0.9892
vt 0.0206 0.5342 0.9892
vt 0.0206 0.4658 0.9892
vt 0.0206 0.3973 0.9892
vt 0.0206 0.3289 0.9892
vt 0.0206 0.2605 0.9892
vt 0.0092 0.1236 0.0432
vt 0.0092 0.1920 0.0432
vt 0.0092 0.2605 0.0432
vt 0.0092 0.3289 0.0432
vt 0.0092 0.3973 0.0432
vt 0.0092 0.4658 0.0432
vt 0.0092 0.5342 0.0432
vt 0.0092 0.6027 0.0432
vt 0.0092 0.6711 0.0432
vt 0.0092 0.7395 0.0432
vt 0.0023 0.1236 0.0971
vt 0.0023 0.1920 0.0971
vt 0.0023 0.2605 0.0971
vt 0.0023 0.3289 0.0971
vt 0.0023 0.3973 0.0971
vt 0.0023 0.4658 0.0971
vt 0.0023 0.5342 0.0971
vt 0.0023 0.6027 0.0971
vt 0.0023 0.6711 0.0971
vt 0.0023 0.7395 0.0971
vt 0.0830 0.9862 0.0432
vt 0.1294 0.9862 0.0432
vt 0.1757 0.9862 0.0432
vt 0.2220 0.9862 0.0432
vt 0.2683 0.9862 0.0432
vt 0.3147 0.9862 0.0432
vt 0.3610 0.9862 0.0432
vt 0.4073 0.9862 0.0432
vt 0.4537 0.9862 0.0432
vt 0.5000 0.9862 0.0432
vt 0.5463 0.9862 0.0432
vt 0.5927 0.9862 0.0432
vt 0.6390 0.9862 0.0432
vt 0.6853 0.9862 0.0432
vt 0.7316 0.9862 0.0432
vt 0.7780 0.9862 0.0432
vt 0.8243 0.9862 0.0432
vt 0.0830 0.9966 0.0971
vt 0.1294 0.9966 0.0971
vt 0.1757 0.9966 0.0971
vt 0.2220 0.9966 0.0971
vt 0.2683 0.9966 0.0971
vt 0.3147 0.9966 0.0971
vt 0.3610 0.9966 0.0971
vt 0.4073 0.9966 0.0971
vt 0.4537 0.9966 0.0971
vt 0.5000 0.9966 0.0971
vt 0.5463 0.9966 0.0971
vt 0.5927 0.9966 0.0971
vt 0.6390 0.9966 0.0971
vt 0.6853 0.9966 0.0971
vt 0.7317 0.9966 0.0971
vt 0.7317 0.9862 0.0432
vt 0.7780 0.9966 0.0971
vt 0.8243 0.9966 0.0971
vt 0.9908 0.8764 0.0432
vt 0.9908 0.8080 0.0432
vt 0.9908 0.7395 0.0432
vt 0.9908 0.6711 0.0432
vt 0.9908 0.6027 0.0432
vt 0.9908 0.5342 0.0432
vt 0.9908 0.4658 0.0432
vt 0.9908 0.3973 0.0432
vt 0.9908 0.3289 0.0432
vt 0.9908 0.2605 0.0432
vt 0.9977 0.8764 0.0971
vt 0.9977 0.8080 0.0971
vt 0.9977 0.7395 0.0971
vt 0.9977 0.6711 0.0971
vt 0.9977 0.6027 0.0971
vt 0.9977 0.5342 0.0971
vt 0.9977 0.4658 0.0971
vt 0.9977 0.3973 0.0971
vt 0.9977 0.3289 0.0971
vt 0.9977 0.2605 0.0971
vt 0.9170 0.0138 0.0432
vt 0.8706 0.0138 0.0432
vt 0.8243 0.0138 0.0432
vt 0.7780 0.0138 0.0432
vt 0.7317 0.0138 0.0432
vt 0.6853 0.0138 0.0432
vt 0.6390 0.0138 0.0432
vt 0.5927 0.0138 0.0432
vt 0.5463 0.0138 0.0432
vt 0.5000 0.0138 0.0432
vt 0.4537 0.0138 0.0432
vt 0.4073 0.0138 0.0432
vt 0.3610 0.0138 0.0432
vt 0.3147 0.0138 0.0432
vt 0.2684 0.0138 0.0432
vt 0.2220 0.0138 0.0432
vt 0.1757 0.0138 0.0432
vt 0.9170 0.0034 0.0971
vt 0.8706 0.0034 0.0971
vt 0.8243 0.0034 0.0971
vt 0.7780 0.0034 0.0971
vt 0.7317 0.0034 0.0971
vt 0.7316 0.0138 0.0432
vt 0.6853 0.0034 0.0971
vt 0.6390 0.0034 0.0971
vt 0.5927 0.0034 0.0971
vt 0.5463 0.0034 0.0971
vt 0.5000 0.0034 0.0971
vt 0.4537 0.0034 0.0971
vt 0.4073 0.0034 0.0971
vt 0.3610 0.0034 0.0971
vt 0.3147 0.0034 0.0971
vt 0.2683 0.0034 0.0971
vt 0.2683 0.0138 0.0432
vt 0.2220 0.0034 0.0971
vt 0.1757 0.0034 0.0971
vt 0.0830 0.0138 0.9568
vt 0.1294 0.0138 0.9568
vt 0.8243 0.0138 0.9568
vt 0.1757 0.0138 0.9568
vt 0.7780 0.0138 0.9568
vt 0.2220 0.0138 0.9568
vt 0.7317 0.0138 0.9568
vt 0.2683 0.0138 0.9568
vt 0.6853 0.0138 0.9568
vt 0.3147 0.0138 0.9568
vt 0.6390 0.0138 0.9568
vt 0.3610 0.0138 0.9568
vt 0.5927 0.0138 0.9568
vt 0.4073 0.0138 0.9568
vt 0.5463 0.0138 0.9568
vt 0.4537 0.0138 0.9568
vt 0.5000 0.0138 0.9568
vt 0.0830 0.0034 0.9029
vt 0.1294 0.0034 0.9029
vt 0.8243 0.0034 0.9029
vt 0.1757 0.0034 0.9029
vt 0.7780 0.0034 0.9029
vt 0.2220 0.0034 0.9029
vt 0.7317 0.0034 0.9029
vt 0.2683 0.0034 0.9029
vt 0.6853 0.0034 0.9029
vt 0.3147 0.0034 0.9029
vt 0.6390 0.0034 0.9029
vt 0.3610 0.0034 0.9029
vt 0.5927 0.0034 0.9029
vt 0.4073 0.0034 0.9029
vt 0.5463 0.0034 0.9029
vt 0.4537 0.0034 0.9029
vt 0.5000 0.0034 0.9029
vt 0.7316 0.0000 0.8273
vt 0.9908 0.1236 0.9568
vt 0.9908 0.1920 0.9568
vt 0.9908 0.2605 0.9568
vt 0.9908 0.3289 0.9568
vt 0.9908 0.3973 0.9568
vt 0.9908 0.4658 0.9568
vt 0.9908 0.5342 0.9568
vt 0.9908 0.6027 0.9568
vt 0.9908 0.6711 0.9568
vt 0.9908 0.7395 0.9568
vt 0.9977 0.1236 0.9029
vt 0.9977 0.1920 0.9029
vt 0.9977 0.2605 0.9029
vt 0.9977 0.3289 0.9029
vt 0.9977 0.3973 0.9029
vt 0.9977 0.4658 0.9029
vt 0.9977 0.5342 0.9029
vt 0.9977 0.6027 0.9029
vt 0.9977 0.6711 0.9029
vt 0.9977 0.7395 0.9029
vt 0.9170 0.9862 0.9568
vt 0.8706 0.9862 0.9568
vt 0.1757 0.9862 0.9568
vt 0.8243 0.9862 0.9568
vt 0.2220 0.9862 0.9568
vt 0.7780 0.9862 0.9568
vt 0.2683 0.9862 0.9568
vt 0.7317 0.9862 0.9568
vt 0.3147 0.9862 0.9568
vt 0.6853 0.9862 0.9568
vt 0.3610 0.9862 0.9568
vt 0.6390 0.9862 0.9568
vt 0.4073 0.9862 0.9568
vt 0.5927 0.9862 0.9568
vt 0.4537 0.9862 0.9568
vt 0.5463 0.9862 0.9568
vt 0.5000 0.9862 0.9568
vt 0.9170 0.9966 0.9029
vt 0.8706 0.9966 0.9029
vt 0.1757 0.9966 0.9029
vt 0.8243 0.9966 0.9029
vt 0.2220 0.9966 0.9029
vt 0.7780 0.9966 0.9029
vt 0.2683 0.9966 0.9029
vt 0.7317 0.9966 0.9029
vt 0.3147 0.9966 0.9029
vt 0.6853 0.9966 0.9029
vt 0.3610 0.9966 0.9029
vt 0.6390 0.9966 0.9029
vt 0.4073 0.9966 0.9029
vt 0.5927 0.9966 0.9029
vt 0.4537 0.9966 0.9029
vt 0.5463 0.9966 0.9029
vt 0.5000 0.9966 0.9029
vt 0.0092 0.8764 0.9568
vt 0.0092 0.8080 0.9568
vt 0.0092 0.7395 0.9568
vt 0.0092 0.6711 0.9568
vt 0.0092 0.6027 0.9568
vt 0.0092 0.5342 0.9568
vt 0.0092 0.4658 0.9568
vt 0.0092 0.3973 0.9568
vt 0.0092 0.3289 0.9568
vt 0.0092 0.2605 0.9568
vt 0.0023 0.8764 0.9029
vt 0.0023 0.8080 0.9029
vt 0.0023 0.7395 0.9029
vt 0.0023 0.6711 0.9029
vt 0.0023 0.6027 0.9029
vt 0.0023 0.5342 0.9029
vt 0.0023 0.4658 0.9029
vt 0.0023 0.3973 0.9029
vt 0.0023 0.3289 0.9029
vt 0.0023 0.2605 0.9029
# 1414 texture coords

o Kitchenware_26
g Kitchenware_26
usemtl Wood
s 1
f 1/1 2/2 3/3 4/4 
f 5/5 6/6 7/7 8/8 
f 9/9 10/10 11/11 12/12 
f 13/13 14/14 15/15 16/16 
f 17/17 18/18 19/19 20/20 
f 21/21 22/22 23/23 24/24 
f 25/25 26/26 27/27 
f 28/28 29/29 30/30 
f 31/31 32/32 33/33 
f 34/34 35/35 36/36 
f 37/37 38/38 39/39 
f 40/40 41/41 42/42 
f 43/43 44/44 45/45 
f 46/46 47/47 48/48 
f 49/49 50/50 51/51 52/52 
f 53/53 54/54 55/55 56/56 
f 57/57 58/58 59/59 60/60 
f 61/61 62/62 63/63 64/64 
f 65/65 66/66 67/67 68/68 
f 69/69 70/70 71/71 72/72 
f 73/73 74/74 75/75 76/76 
f 77/77 78/78 79/79 80/80 
f 81/81 82/82 83/83 84/84 
f 85/85 86/86 87/87 88/88 
f 89/89 90/90 91/91 92/92 
f 93/93 94/94 95/95 96/96 
f 25/25 97/97 98/98 
f 99/99 98/98 97/97 100/100 
f 101/101 99/99 100/100 102/102 
f 103/103 101/101 102/102 104/104 
f 25/25 98/98 105/105 
f 106/106 105/105 98/98 99/99 
f 107/107 106/106 99/99 101/101 
f 108/108 107/107 101/101 103/103 
f 25/25 105/105 26/26 
f 109/109 26/26 105/105 106/106 
f 110/110 109/109 106/106 107/107 
f 111/111 110/110 107/107 108/108 
f 112/112 27/27 26/26 109/109 
f 113/113 112/112 109/109 110/110 
f 114/114 113/113 110/110 111/111 
f 28/28 115/115 116/116 
f 116/116 115/115 117/117 118/118 
f 118/118 117/117 119/119 120/120 
f 120/120 119/119 121/121 122/122 
f 28/28 116/116 123/123 
f 123/123 116/116 118/118 124/124 
f 124/124 118/118 120/120 125/125 
f 125/125 120/120 122/122 126/126 
f 28/28 123/123 29/29 
f 127/127 29/29 123/123 124/124 
f 128/128 127/127 124/124 125/125 
f 129/129 128/128 125/125 126/126 
f 130/130 30/30 29/29 127/127 
f 131/131 130/130 127/127 128/128 
f 132/132 131/131 128/128 129/129 
f 31/31 133/133 134/134 
f 135/135 134/134 133/133 136/136 
f 137/137 135/135 136/136 138/138 
f 139/139 137/137 138/138 140/140 
f 31/31 134/134 141/141 
f 142/142 141/141 134/134 135/135 
f 143/143 142/142 135/135 137/137 
f 144/144 143/143 137/137 139/139 
f 31/31 141/141 32/32 
f 145/145 32/32 141/141 142/142 
f 146/146 145/145 142/142 143/143 
f 147/147 146/146 143/143 144/144 
f 148/148 33/33 32/32 145/145 
f 149/149 148/148 145/145 146/146 
f 150/150 149/149 146/146 147/147 
f 34/34 151/151 152/152 
f 152/152 151/151 153/153 154/154 
f 154/154 153/153 155/155 156/156 
f 156/156 155/155 157/157 158/158 
f 34/34 152/152 159/159 
f 159/159 152/152 154/154 160/160 
f 160/160 154/154 156/156 161/161 
f 161/161 156/156 158/158 162/162 
f 34/34 159/159 35/35 
f 163/163 35/35 159/159 160/160 
f 164/164 163/163 160/160 161/161 
f 165/165 164/164 161/161 162/162 
f 166/166 36/36 35/35 163/163 
f 167/167 166/166 163/163 164/164 
f 168/168 167/167 164/164 165/165 
f 37/37 169/169 170/170 
f 170/170 169/169 171/171 172/172 
f 172/172 171/171 173/173 174/174 
f 174/174 173/173 175/175 176/176 
f 37/37 170/170 177/177 
f 177/177 170/170 172/172 178/178 
f 178/178 172/172 174/174 179/179 
f 179/179 174/174 176/176 180/180 
f 37/37 177/177 38/38 
f 38/38 177/177 178/178 181/181 
f 181/181 178/178 179/179 182/182 
f 182/182 179/179 180/180 183/183 
f 39/39 38/38 181/181 184/184 
f 184/184 181/181 182/182 185/185 
f 185/185 182/182 183/183 186/186 
f 40/40 187/187 188/188 
f 188/188 187/187 189/189 190/190 
f 190/190 189/189 191/191 192/192 
f 192/192 191/191 193/193 194/194 
f 40/40 188/188 195/195 
f 195/195 188/188 190/190 196/196 
f 196/196 190/190 192/192 197/197 
f 197/197 192/192 194/194 198/198 
f 40/40 195/195 41/41 
f 41/41 195/195 196/196 199/199 
f 199/199 196/196 197/197 200/200 
f 200/200 197/197 198/198 201/201 
f 42/42 41/41 199/199 202/202 
f 202/202 199/199 200/200 203/203 
f 203/203 200/200 201/201 204/204 
f 43/43 205/205 206/206 
f 206/206 205/205 207/207 208/208 
f 208/208 207/207 209/209 210/210 
f 210/210 209/209 211/211 212/212 
f 43/43 206/206 213/213 
f 213/213 206/206 208/208 214/214 
f 214/214 208/208 210/210 215/215 
f 215/215 210/210 212/212 216/216 
f 43/43 213/213 44/44 
f 44/44 213/213 214/214 217/217 
f 217/217 214/214 215/215 218/218 
f 218/218 215/215 216/216 219/219 
f 45/45 44/44 217/217 220/220 
f 220/220 217/217 218/218 221/221 
f 221/221 218/218 219/219 222/222 
f 46/46 223/223 224/224 
f 224/224 223/223 225/225 226/226 
f 226/226 225/225 227/227 228/228 
f 228/228 227/227 229/229 230/230 
f 46/46 224/224 231/231 
f 231/231 224/224 226/226 232/232 
f 232/232 226/226 228/228 233/233 
f 233/233 228/228 230/230 234/234 
f 46/46 231/231 47/47 
f 47/47 231/231 232/232 235/235 
f 235/235 232/232 233/233 236/236 
f 236/236 233/233 234/234 237/237 
f 48/48 47/47 235/235 238/238 
f 238/238 235/235 236/236 239/239 
f 239/239 236/236 237/237 240/240 
f 50/50 241/241 242/242 51/51 
f 241/241 243/243 244/244 242/242 
f 245/245 246/246 244/244 243/243 
f 54/54 247/247 248/248 55/55 
f 247/247 249/249 250/250 248/248 
f 249/249 251/251 252/252 250/250 
f 58/58 253/253 254/254 59/59 
f 253/253 255/255 256/256 254/254 
f 257/257 258/258 256/256 255/255 
f 62/62 259/259 260/260 63/63 
f 259/259 261/261 262/262 260/260 
f 263/263 264/264 262/262 261/261 
f 265/265 266/266 66/66 65/65 
f 267/267 268/268 266/266 265/265 
f 269/269 270/270 268/268 267/267 
f 70/70 271/271 272/272 71/71 
f 271/271 273/273 274/274 272/272 
f 273/273 275/275 276/276 274/274 
f 277/277 278/278 74/74 73/73 
f 279/279 280/280 278/278 277/277 
f 279/279 281/281 282/282 280/280 
f 78/78 283/283 284/284 79/79 
f 283/283 285/285 286/286 284/284 
f 285/285 287/287 288/288 286/286 
f 289/289 290/290 82/82 81/81 
f 291/291 292/292 290/290 289/289 
f 293/293 292/292 291/291 294/294 
f 295/295 296/296 87/87 86/86 
f 295/295 297/297 298/298 296/296 
f 297/297 299/299 300/300 298/298 
f 301/301 302/302 90/90 89/89 
f 303/303 304/304 302/302 301/301 
f 304/304 303/303 305/305 306/306 
f 94/94 307/307 308/308 95/95 
f 307/307 309/309 310/310 308/308 
f 311/311 310/310 309/309 312/312 
f 313/313 314/314 52/52 150/150 
f 315/315 316/316 60/60 28/28 
f 316/316 315/315 317/317 318/318 
f 319/319 64/64 114/114 320/320 
f 319/319 320/320 321/321 322/322 
f 322/322 321/321 323/323 324/324 
f 324/324 323/323 325/325 326/326 
f 326/326 325/325 327/327 328/328 
f 328/328 327/327 329/329 330/330 
f 330/330 329/329 331/331 332/332 
f 332/332 331/331 333/333 334/334 
f 334/334 333/333 335/335 336/336 
f 336/336 335/335 337/337 338/338 
f 338/338 337/337 49/49 339/339 
f 314/314 339/339 49/49 52/52 
f 314/314 313/313 340/340 341/341 
f 342/342 56/56 34/34 343/343 
f 344/344 342/342 343/343 345/345 
f 344/344 345/345 346/346 347/347 
f 348/348 347/347 346/346 349/349 
f 350/350 348/348 349/349 351/351 
f 352/352 350/350 351/351 353/353 
f 354/354 352/352 353/353 355/355 
f 356/356 354/354 355/355 357/357 
f 358/358 356/356 357/357 359/359 
f 360/360 358/358 359/359 361/361 
f 362/362 360/360 361/361 57/57 
f 362/362 57/57 60/60 316/316 
f 318/318 317/317 363/363 364/364 
f 365/365 364/364 363/363 366/366 
f 365/365 366/366 367/367 368/368 
f 368/368 367/367 369/369 370/370 
f 370/370 369/369 371/371 372/372 
f 373/373 372/372 371/371 374/374 
f 375/375 373/373 374/374 376/376 
f 377/377 375/375 376/376 378/378 
f 379/379 377/377 378/378 380/380 
f 379/379 380/380 381/381 382/382 
f 383/383 382/382 381/381 384/384 
f 385/385 383/383 384/384 386/386 
f 385/385 386/386 387/387 388/388 
f 388/388 387/387 389/389 390/390 
f 390/390 389/389 391/391 392/392 
f 392/392 391/391 61/61 393/393 
f 393/393 61/61 64/64 319/319 
f 341/341 340/340 394/394 395/395 
f 396/396 395/395 394/394 397/397 
f 396/396 397/397 398/398 399/399 
f 399/399 398/398 400/400 401/401 
f 401/401 400/400 402/402 403/403 
f 404/404 403/403 402/402 405/405 
f 406/406 404/404 405/405 407/407 
f 408/408 406/406 407/407 409/409 
f 410/410 408/408 409/409 411/411 
f 410/410 411/411 412/412 413/413 
f 414/414 413/413 412/412 415/415 
f 416/416 414/414 415/415 417/417 
f 416/416 417/417 418/418 419/419 
f 419/419 418/418 420/420 421/421 
f 421/421 420/420 422/422 423/423 
f 423/423 422/422 53/53 424/424 
f 424/424 53/53 56/56 342/342 
f 318/318 425/425 362/362 316/316 
f 341/341 426/426 339/339 314/314 
f 425/425 427/427 360/360 362/362 
f 425/425 318/318 364/364 428/428 
f 428/428 364/364 365/365 429/429 
f 430/430 393/393 319/319 322/322 
f 431/431 430/430 322/322 324/324 
f 432/432 431/431 324/324 326/326 
f 433/433 432/432 326/326 328/328 
f 434/434 433/433 328/328 330/330 
f 435/435 434/434 330/330 332/332 
f 436/436 435/435 332/332 334/334 
f 437/437 436/436 334/334 336/336 
f 438/438 437/437 336/336 338/338 
f 426/426 438/438 338/338 339/339 
f 426/426 341/341 395/395 439/439 
f 439/439 395/395 396/396 440/440 
f 441/441 424/424 342/342 344/344 
f 442/442 441/441 344/344 347/347 
f 443/443 442/442 347/347 348/348 
f 444/444 443/443 348/348 350/350 
f 445/445 444/444 350/350 352/352 
f 445/445 352/352 354/354 446/446 
f 446/446 354/354 356/356 447/447 
f 448/448 447/447 356/356 358/358 
f 427/427 448/448 358/358 360/360 
f 429/429 365/365 368/368 449/449 
f 449/449 368/368 370/370 450/450 
f 450/450 370/370 372/372 451/451 
f 451/451 372/372 373/373 452/452 
f 452/452 373/373 375/375 453/453 
f 453/453 375/375 377/377 454/454 
f 454/454 377/377 379/379 455/455 
f 455/455 379/379 382/382 456/456 
f 456/456 382/382 383/383 457/457 
f 457/457 383/383 385/385 458/458 
f 458/458 385/385 388/388 459/459 
f 459/459 388/388 390/390 460/460 
f 460/460 390/390 392/392 461/461 
f 461/461 392/392 393/393 430/430 
f 440/440 396/396 399/399 462/462 
f 462/462 399/399 401/401 463/463 
f 463/463 401/401 403/403 464/464 
f 464/464 403/403 404/404 465/465 
f 465/465 404/404 406/406 466/466 
f 466/466 406/406 408/408 467/467 
f 467/467 408/408 410/410 468/468 
f 468/468 410/410 413/413 469/469 
f 469/469 413/413 414/414 470/470 
f 470/470 414/414 416/416 471/471 
f 471/471 416/416 419/419 472/472 
f 472/472 419/419 421/421 473/473 
f 473/473 421/421 423/423 474/474 
f 474/474 423/423 424/424 441/441 
f 428/428 475/475 427/427 425/425 
f 439/439 476/476 438/438 426/426 
f 475/475 477/477 448/448 427/427 
f 475/475 428/428 429/429 478/478 
f 479/479 461/461 430/430 431/431 
f 480/480 479/479 431/431 432/432 
f 481/481 480/480 432/432 433/433 
f 482/482 481/481 433/433 434/434 
f 483/483 482/482 434/434 435/435 
f 484/484 483/483 435/435 436/436 
f 485/485 484/484 436/436 437/437 
f 476/476 485/485 437/437 438/438 
f 476/476 439/439 440/440 486/486 
f 487/487 474/474 441/441 442/442 
f 488/488 487/487 442/442 443/443 
f 489/489 488/488 443/443 444/444 
f 490/490 489/489 444/444 445/445 
f 491/491 490/490 445/445 446/446 
f 492/492 491/491 446/446 447/447 
f 477/477 492/492 447/447 448/448 
f 493/493 460/460 461/461 479/479 
f 494/494 473/473 474/474 487/487 
f 478/478 429/429 449/449 495/495 
f 495/495 449/449 450/450 496/496 
f 496/496 450/450 451/451 497/497 
f 497/497 451/451 452/452 498/498 
f 498/498 452/452 453/453 499/499 
f 499/499 453/453 454/454 500/500 
f 500/500 454/454 455/455 501/501 
f 501/501 455/455 456/456 502/502 
f 502/502 456/456 457/457 503/503 
f 503/503 457/457 458/458 504/504 
f 504/504 458/458 459/459 505/505 
f 505/505 459/459 460/460 493/493 
f 486/486 440/440 462/462 506/506 
f 506/506 462/462 463/463 507/507 
f 507/507 463/463 464/464 508/508 
f 508/508 464/464 465/465 509/509 
f 509/509 465/465 466/466 510/510 
f 510/510 466/466 467/467 511/511 
f 511/511 467/467 468/468 512/512 
f 512/512 468/468 469/469 513/513 
f 513/513 469/469 470/470 514/514 
f 514/514 470/470 471/471 515/515 
f 515/515 471/471 472/472 516/516 
f 516/516 472/472 473/473 494/494 
f 478/478 517/517 477/477 475/475 
f 486/486 518/518 485/485 476/476 
f 517/517 519/519 492/492 477/477 
f 517/517 478/478 495/495 520/520 
f 521/521 493/493 479/479 480/480 
f 522/522 521/521 480/480 481/481 
f 523/523 522/522 481/481 482/482 
f 524/524 523/523 482/482 483/483 
f 525/525 524/524 483/483 484/484 
f 518/518 525/525 484/484 485/485 
f 518/518 486/486 506/506 526/526 
f 527/527 494/494 487/487 488/488 
f 528/528 527/527 488/488 489/489 
f 529/529 528/528 489/489 490/490 
f 530/530 529/529 490/490 491/491 
f 519/519 530/530 491/491 492/492 
f 520/520 495/495 496/496 531/531 
f 531/531 496/496 497/497 532/532 
f 532/532 497/497 498/498 533/533 
f 533/533 498/498 499/499 534/534 
f 534/534 499/499 500/500 535/535 
f 535/535 500/500 501/501 536/536 
f 536/536 501/501 502/502 537/537 
f 537/537 502/502 503/503 538/538 
f 538/538 503/503 504/504 539/539 
f 539/539 504/504 505/505 540/540 
f 540/540 505/505 493/493 521/521 
f 526/526 506/506 507/507 541/541 
f 541/541 507/507 508/508 542/542 
f 542/542 508/508 509/509 543/543 
f 543/543 509/509 510/510 544/544 
f 544/544 510/510 511/511 545/545 
f 545/545 511/511 512/512 546/546 
f 546/546 512/512 513/513 547/547 
f 547/547 513/513 514/514 548/548 
f 548/548 514/514 515/515 549/549 
f 549/549 515/515 516/516 550/550 
f 550/550 516/516 494/494 527/527 
f 520/520 551/551 519/519 517/517 
f 526/526 552/552 525/525 518/518 
f 552/552 526/526 541/541 553/553 
f 554/554 550/550 527/527 528/528 
f 555/555 554/554 528/528 529/529 
f 556/556 555/555 529/529 530/530 
f 551/551 556/556 530/530 519/519 
f 551/551 520/520 531/531 557/557 
f 558/558 540/540 521/521 522/522 
f 559/559 558/558 522/522 523/523 
f 560/560 559/559 523/523 524/524 
f 552/552 560/560 524/524 525/525 
f 561/561 549/549 550/550 554/554 
f 562/562 539/539 540/540 558/558 
f 553/553 541/541 542/542 563/563 
f 563/563 542/542 543/543 564/564 
f 564/564 543/543 544/544 565/565 
f 565/565 544/544 545/545 566/566 
f 566/566 545/545 546/546 567/567 
f 567/567 546/546 547/547 568/568 
f 568/568 547/547 548/548 569/569 
f 569/569 548/548 549/549 561/561 
f 557/557 531/531 532/532 570/570 
f 570/570 532/532 533/533 571/571 
f 571/571 533/533 534/534 572/572 
f 572/572 534/534 535/535 573/573 
f 573/573 535/535 536/536 574/574 
f 574/574 536/536 537/537 575/575 
f 575/575 537/537 538/538 576/576 
f 576/576 538/538 539/539 562/562 
f 553/553 577/577 560/560 552/552 
f 557/557 578/578 556/556 551/551 
f 4/4 578/578 557/557 570/570 
f 579/579 562/562 558/558 559/559 
f 577/577 579/579 559/559 560/560 
f 577/577 553/553 563/563 580/580 
f 581/581 561/561 554/554 555/555 
f 578/578 581/581 555/555 556/556 
f 3/3 569/569 561/561 581/581 
f 1/1 4/4 570/570 571/571 
f 1/1 571/571 572/572 582/582 
f 582/582 572/572 573/573 583/583 
f 583/583 573/573 574/574 584/584 
f 584/584 574/574 575/575 585/585 
f 585/585 575/575 576/576 586/586 
f 586/586 576/576 562/562 579/579 
f 580/580 563/563 564/564 587/587 
f 587/587 564/564 565/565 588/588 
f 588/588 565/565 566/566 589/589 
f 589/589 566/566 567/567 590/590 
f 2/2 590/590 567/567 568/568 
f 2/2 568/568 569/569 3/3 
f 4/4 3/3 581/581 578/578 
f 580/580 586/586 579/579 577/577 
f 587/587 585/585 586/586 580/580 
f 588/588 584/584 585/585 587/587 
f 589/589 583/583 584/584 588/588 
f 590/590 582/582 583/583 589/589 
f 2/2 1/1 582/582 590/590 
f 67/67 193/193 591/591 592/592 
f 75/75 211/211 593/593 594/594 
f 594/594 593/593 595/595 596/596 
f 596/596 595/595 597/597 598/598 
f 598/598 597/597 599/599 600/600 
f 600/600 599/599 601/601 602/602 
f 603/603 602/602 601/601 604/604 
f 605/605 603/603 604/604 606/606 
f 607/607 605/605 606/606 608/608 
f 607/607 608/608 609/609 610/610 
f 610/610 609/609 611/611 612/612 
f 612/612 611/611 77/77 613/613 
f 613/613 77/77 80/80 614/614 
f 614/614 80/80 175/175 615/615 
f 592/592 616/616 68/68 67/67 
f 617/617 592/592 591/591 618/618 
f 617/617 618/618 619/619 620/620 
f 620/620 619/619 621/621 622/622 
f 623/623 622/622 621/621 624/624 
f 625/625 623/623 624/624 626/626 
f 627/627 625/625 626/626 628/628 
f 629/629 627/627 628/628 630/630 
f 631/631 629/629 630/630 632/632 
f 633/633 631/631 632/632 634/634 
f 635/635 633/633 634/634 69/69 
f 636/636 635/635 69/69 72/72 
f 636/636 72/72 229/229 637/637 
f 594/594 638/638 76/76 75/75 
f 639/639 614/614 615/615 640/640 
f 639/639 640/640 641/641 642/642 
f 643/643 642/642 641/641 644/644 
f 645/645 643/643 644/644 646/646 
f 647/647 645/645 646/646 648/648 
f 649/649 647/647 648/648 650/650 
f 649/649 650/650 651/651 652/652 
f 653/653 652/652 651/651 654/654 
f 655/655 653/653 654/654 656/656 
f 657/657 655/655 656/656 658/658 
f 657/657 658/658 659/659 660/660 
f 660/660 659/659 661/661 662/662 
f 663/663 662/662 661/661 664/664 
f 665/665 663/663 664/664 666/666 
f 667/667 665/665 666/666 668/668 
f 669/669 667/667 668/668 670/670 
f 616/616 669/669 670/670 68/68 
f 671/671 636/636 637/637 672/672 
f 671/671 672/672 673/673 674/674 
f 675/675 674/674 673/673 676/676 
f 677/677 675/675 676/676 678/678 
f 679/679 677/677 678/678 680/680 
f 681/681 679/679 680/680 682/682 
f 681/681 682/682 683/683 684/684 
f 685/685 684/684 683/683 686/686 
f 687/687 685/685 686/686 688/688 
f 689/689 687/687 688/688 690/690 
f 689/689 690/690 691/691 692/692 
f 692/692 691/691 693/693 694/694 
f 695/695 694/694 693/693 696/696 
f 697/697 695/695 696/696 698/698 
f 699/699 697/697 698/698 700/700 
f 701/701 699/699 700/700 702/702 
f 638/638 701/701 702/702 76/76 
f 638/638 594/594 596/596 703/703 
f 616/616 592/592 617/617 704/704 
f 704/704 617/617 620/620 705/705 
f 705/705 620/620 622/622 706/706 
f 706/706 622/622 623/623 707/707 
f 707/707 623/623 625/625 708/708 
f 708/708 625/625 627/627 709/709 
f 709/709 627/627 629/629 710/710 
f 710/710 629/629 631/631 711/711 
f 711/711 631/631 633/633 712/712 
f 712/712 633/633 635/635 713/713 
f 713/713 635/635 636/636 671/671 
f 703/703 714/714 701/701 638/638 
f 703/703 596/596 598/598 715/715 
f 715/715 598/598 600/600 716/716 
f 716/716 600/600 602/602 717/717 
f 717/717 602/602 603/603 718/718 
f 718/718 603/603 605/605 719/719 
f 719/719 605/605 607/607 720/720 
f 720/720 607/607 610/610 721/721 
f 721/721 610/610 612/612 722/722 
f 722/722 612/612 613/613 723/723 
f 723/723 613/613 614/614 639/639 
f 704/704 724/724 669/669 616/616 
f 725/725 713/713 671/671 674/674 
f 726/726 725/725 674/674 675/675 
f 727/727 726/726 675/675 677/677 
f 728/728 727/727 677/677 679/679 
f 729/729 728/728 679/679 681/681 
f 730/730 729/729 681/681 684/684 
f 731/731 730/730 684/684 685/685 
f 732/732 731/731 685/685 687/687 
f 733/733 732/732 687/687 689/689 
f 734/734 733/733 689/689 692/692 
f 735/735 734/734 692/692 694/694 
f 736/736 735/735 694/694 695/695 
f 737/737 736/736 695/695 697/697 
f 738/738 737/737 697/697 699/699 
f 714/714 738/738 699/699 701/701 
f 739/739 723/723 639/639 642/642 
f 740/740 739/739 642/642 643/643 
f 741/741 740/740 643/643 645/645 
f 742/742 741/741 645/645 647/647 
f 743/743 742/742 647/647 649/649 
f 744/744 743/743 649/649 652/652 
f 745/745 744/744 652/652 653/653 
f 746/746 745/745 653/653 655/655 
f 747/747 746/746 655/655 657/657 
f 748/748 747/747 657/657 660/660 
f 749/749 748/748 660/660 662/662 
f 750/750 749/749 662/662 663/663 
f 751/751 750/750 663/663 665/665 
f 752/752 751/751 665/665 667/667 
f 724/724 752/752 667/667 669/669 
f 724/724 704/704 705/705 753/753 
f 714/714 703/703 715/715 754/754 
f 754/754 715/715 716/716 755/755 
f 755/755 716/716 717/717 756/756 
f 756/756 717/717 718/718 757/757 
f 757/757 718/718 719/719 758/758 
f 758/758 719/719 720/720 759/759 
f 759/759 720/720 721/721 760/760 
f 760/760 721/721 722/722 761/761 
f 761/761 722/722 723/723 739/739 
f 753/753 762/762 752/752 724/724 
f 753/753 705/705 706/706 763/763 
f 763/763 706/706 707/707 764/764 
f 764/764 707/707 708/708 765/765 
f 765/765 708/708 709/709 766/766 
f 766/766 709/709 710/710 767/767 
f 767/767 710/710 711/711 768/768 
f 768/768 711/711 712/712 769/769 
f 769/769 712/712 713/713 725/725 
f 754/754 770/770 738/738 714/714 
f 771/771 761/761 739/739 740/740 
f 772/772 771/771 740/740 741/741 
f 773/773 772/772 741/741 742/742 
f 774/774 773/773 742/742 743/743 
f 775/775 774/774 743/743 744/744 
f 776/776 775/775 744/744 745/745 
f 777/777 776/776 745/745 746/746 
f 778/778 777/777 746/746 747/747 
f 779/779 778/778 747/747 748/748 
f 780/780 779/779 748/748 749/749 
f 781/781 780/780 749/749 750/750 
f 782/782 781/781 750/750 751/751 
f 762/762 782/782 751/751 752/752 
f 783/783 769/769 725/725 726/726 
f 784/784 783/783 726/726 727/727 
f 785/785 784/784 727/727 728/728 
f 786/786 785/785 728/728 729/729 
f 787/787 786/786 729/729 730/730 
f 788/788 787/787 730/730 731/731 
f 789/789 788/788 731/731 732/732 
f 790/790 789/789 732/732 733/733 
f 791/791 790/790 733/733 734/734 
f 792/792 791/791 734/734 735/735 
f 793/793 792/792 735/735 736/736 
f 794/794 793/793 736/736 737/737 
f 770/770 794/794 737/737 738/738 
f 770/770 754/754 755/755 795/795 
f 762/762 753/753 763/763 796/796 
f 796/796 763/763 764/764 797/797 
f 797/797 764/764 765/765 798/798 
f 798/798 765/765 766/766 799/799 
f 799/799 766/766 767/767 800/800 
f 800/800 767/767 768/768 801/801 
f 801/801 768/768 769/769 783/783 
f 795/795 802/802 794/794 770/770 
f 795/795 755/755 756/756 803/803 
f 803/803 756/756 757/757 804/804 
f 804/804 757/757 758/758 805/805 
f 805/805 758/758 759/759 806/806 
f 806/806 759/759 760/760 807/807 
f 807/807 760/760 761/761 771/771 
f 796/796 808/808 782/782 762/762 
f 809/809 801/801 783/783 784/784 
f 810/810 809/809 784/784 785/785 
f 811/811 810/810 785/785 786/786 
f 812/812 811/811 786/786 787/787 
f 813/813 812/812 787/787 788/788 
f 814/814 813/813 788/788 789/789 
f 815/815 814/814 789/789 790/790 
f 816/816 815/815 790/790 791/791 
f 817/817 816/816 791/791 792/792 
f 818/818 817/817 792/792 793/793 
f 802/802 818/818 793/793 794/794 
f 819/819 807/807 771/771 772/772 
f 820/820 819/819 772/772 773/773 
f 821/821 820/820 773/773 774/774 
f 822/822 821/821 774/774 775/775 
f 823/823 822/822 775/775 776/776 
f 824/824 823/823 776/776 777/777 
f 825/825 824/824 777/777 778/778 
f 826/826 825/825 778/778 779/779 
f 827/827 826/826 779/779 780/780 
f 828/828 827/827 780/780 781/781 
f 808/808 828/828 781/781 782/782 
f 808/808 796/796 797/797 829/829 
f 802/802 795/795 803/803 830/830 
f 830/830 803/803 804/804 831/831 
f 831/831 804/804 805/805 832/832 
f 832/832 805/805 806/806 833/833 
f 833/833 806/806 807/807 819/819 
f 829/829 834/834 828/828 808/808 
f 829/829 797/797 798/798 835/835 
f 835/835 798/798 799/799 836/836 
f 836/836 799/799 800/800 837/837 
f 837/837 800/800 801/801 809/809 
f 830/830 838/838 818/818 802/802 
f 839/839 833/833 819/819 820/820 
f 840/840 839/839 820/820 821/821 
f 841/841 840/840 821/821 822/822 
f 842/842 841/841 822/822 823/823 
f 843/843 842/842 823/823 824/824 
f 844/844 843/843 824/824 825/825 
f 845/845 844/844 825/825 826/826 
f 846/846 845/845 826/826 827/827 
f 834/834 846/846 827/827 828/828 
f 847/847 837/837 809/809 810/810 
f 848/848 847/847 810/810 811/811 
f 849/849 848/848 811/811 812/812 
f 850/850 849/849 812/812 813/813 
f 851/851 850/850 813/813 814/814 
f 852/852 851/851 814/814 815/815 
f 853/853 852/852 815/815 816/816 
f 854/854 853/853 816/816 817/817 
f 838/838 854/854 817/817 818/818 
f 838/838 830/830 831/831 855/855 
f 834/834 829/829 835/835 856/856 
f 856/856 835/835 836/836 857/857 
f 857/857 836/836 837/837 847/847 
f 855/855 858/858 854/854 838/838 
f 855/855 831/831 832/832 859/859 
f 859/859 832/832 833/833 839/839 
f 856/856 6/6 846/846 834/834 
f 7/7 857/857 847/847 848/848 
f 7/7 848/848 849/849 8/8 
f 860/860 8/8 849/849 850/850 
f 861/861 860/860 850/850 851/851 
f 862/862 861/861 851/851 852/852 
f 863/863 862/862 852/852 853/853 
f 858/858 863/863 853/853 854/854 
f 864/864 859/859 839/839 840/840 
f 865/865 864/864 840/840 841/841 
f 866/866 865/865 841/841 842/842 
f 867/867 866/866 842/842 843/843 
f 868/868 867/867 843/843 844/844 
f 5/5 868/868 844/844 845/845 
f 6/6 5/5 845/845 846/846 
f 6/6 856/856 857/857 7/7 
f 858/858 855/855 859/859 864/864 
f 863/863 858/858 864/864 865/865 
f 868/868 5/5 8/8 860/860 
f 862/862 863/863 865/865 866/866 
f 867/867 868/868 860/860 861/861 
f 861/861 862/862 866/866 867/867 
f 869/869 132/132 84/84 870/870 
f 871/871 37/37 85/85 872/872 
f 873/873 872/872 85/85 88/88 
f 873/873 88/88 25/25 264/264 
f 874/874 870/870 84/84 83/83 
f 874/874 83/83 204/204 270/270 
f 872/872 875/875 876/876 871/871 
f 870/870 10/10 877/877 869/869 
f 878/878 879/879 876/876 875/875 
f 9/9 880/880 877/877 10/10 
f 11/11 874/874 270/270 269/269 
f 11/11 269/269 881/881 12/12 
f 12/12 881/881 882/882 883/883 
f 883/883 882/882 884/884 885/885 
f 885/885 884/884 886/886 887/887 
f 887/887 886/886 888/888 889/889 
f 889/889 888/888 890/890 891/891 
f 892/892 891/891 890/890 893/893 
f 894/894 892/892 893/893 895/895 
f 896/896 894/894 895/895 897/897 
f 896/896 897/897 898/898 899/899 
f 900/900 899/899 898/898 901/901 
f 900/900 901/901 902/902 903/903 
f 904/904 903/903 902/902 905/905 
f 904/904 905/905 906/906 907/907 
f 878/878 907/907 906/906 879/879 
f 908/908 873/873 264/264 263/263 
f 908/908 263/263 909/909 910/910 
f 911/911 910/910 909/909 912/912 
f 911/911 912/912 913/913 914/914 
f 914/914 913/913 915/915 916/916 
f 916/916 915/915 917/917 918/918 
f 919/919 918/918 917/917 920/920 
f 921/921 919/919 920/920 922/922 
f 923/923 921/921 922/922 924/924 
f 925/925 923/923 924/924 926/926 
f 925/925 926/926 927/927 928/928 
f 928/928 927/927 929/929 930/930 
f 930/930 929/929 931/931 932/932 
f 933/933 932/932 931/931 934/934 
f 935/935 933/933 934/934 936/936 
f 9/9 935/935 936/936 880/880 
f 10/10 870/870 874/874 11/11 
f 875/875 872/872 873/873 908/908 
f 878/878 875/875 908/908 910/910 
f 935/935 9/9 12/12 883/883 
f 907/907 878/878 910/910 911/911 
f 933/933 935/935 883/883 885/885 
f 904/904 907/907 911/911 914/914 
f 932/932 933/933 885/885 887/887 
f 903/903 904/904 914/914 916/916 
f 930/930 932/932 887/887 889/889 
f 900/900 903/903 916/916 918/918 
f 928/928 930/930 889/889 891/891 
f 899/899 900/900 918/918 919/919 
f 925/925 928/928 891/891 892/892 
f 896/896 899/899 919/919 921/921 
f 923/923 925/925 892/892 894/894 
f 894/894 896/896 921/921 923/923 
f 937/937 938/938 168/168 92/92 
f 939/939 937/937 92/92 91/91 
f 276/276 939/939 91/91 240/240 
f 940/940 941/941 40/40 293/293 
f 942/942 940/940 293/293 294/294 
f 258/258 942/942 294/294 121/121 
f 942/942 258/258 257/257 943/943 
f 939/939 276/276 275/275 944/944 
f 945/945 944/944 275/275 946/946 
f 947/947 945/945 946/946 948/948 
f 947/947 948/948 949/949 950/950 
f 950/950 949/949 951/951 952/952 
f 953/953 952/952 951/951 954/954 
f 953/953 954/954 955/955 13/13 
f 14/14 13/13 955/955 956/956 
f 957/957 14/14 956/956 958/958 
f 959/959 957/957 958/958 960/960 
f 940/940 959/959 960/960 941/941 
f 961/961 943/943 257/257 962/962 
f 15/15 961/961 962/962 963/963 
f 15/15 963/963 964/964 16/16 
f 16/16 964/964 965/965 966/966 
f 967/967 966/966 965/965 968/968 
f 967/967 968/968 969/969 970/970 
f 971/971 970/970 969/969 972/972 
f 973/973 971/971 972/972 974/974 
f 975/975 973/973 974/974 976/976 
f 937/937 975/975 976/976 938/938 
f 944/944 975/975 937/937 939/939 
f 943/943 959/959 940/940 942/942 
f 961/961 957/957 959/959 943/943 
f 14/14 957/957 961/961 15/15 
f 945/945 973/973 975/975 944/944 
f 971/971 973/973 945/945 947/947 
f 970/970 971/971 947/947 950/950 
f 953/953 13/13 16/16 966/966 
f 967/967 970/970 950/950 952/952 
f 952/952 953/953 966/966 967/967 
f 282/282 977/977 96/96 222/222 
f 252/252 978/978 305/305 157/157 
f 979/979 980/980 140/140 93/93 
f 979/979 93/93 96/96 977/977 
f 981/981 982/982 46/46 306/306 
f 981/981 306/306 305/305 978/978 
f 978/978 252/252 251/251 983/983 
f 984/984 983/983 251/251 985/985 
f 977/977 282/282 281/281 20/20 
f 17/17 20/20 281/281 986/986 
f 17/17 986/986 987/987 988/988 
f 988/988 987/987 989/989 990/990 
f 990/990 989/989 991/991 992/992 
f 992/992 991/991 993/993 994/994 
f 995/995 994/994 993/993 996/996 
f 997/997 995/995 996/996 998/998 
f 999/999 997/997 998/998 1000/1000 
f 1001/1001 999/999 1000/1000 1002/1002 
f 1003/1003 1001/1001 1002/1002 1004/1004 
f 1005/1005 1003/1003 1004/1004 1006/1006 
f 1007/1007 1005/1005 1006/1006 1008/1008 
f 1007/1007 1008/1008 1009/1009 1010/1010 
f 1011/1011 1010/1010 1009/1009 1012/1012 
f 1013/1013 1011/1011 1012/1012 1014/1014 
f 1013/1013 1014/1014 1015/1015 1016/1016 
f 1016/1016 1015/1015 982/982 981/981 
f 984/984 985/985 1017/1017 1018/1018 
f 1018/1018 1017/1017 1019/1019 1020/1020 
f 1020/1020 1019/1019 1021/1021 1022/1022 
f 1022/1022 1021/1021 1023/1023 1024/1024 
f 1025/1025 1024/1024 1023/1023 1026/1026 
f 1027/1027 1025/1025 1026/1026 1028/1028 
f 1029/1029 1027/1027 1028/1028 1030/1030 
f 1031/1031 1029/1029 1030/1030 1032/1032 
f 1033/1033 1031/1031 1032/1032 1034/1034 
f 1035/1035 1033/1033 1034/1034 1036/1036 
f 1037/1037 1035/1035 1036/1036 1038/1038 
f 1037/1037 1038/1038 1039/1039 1040/1040 
f 1041/1041 1040/1040 1039/1039 1042/1042 
f 18/18 1041/1041 1042/1042 1043/1043 
f 18/18 1043/1043 1044/1044 19/19 
f 19/19 1044/1044 980/980 979/979 
f 20/20 19/19 979/979 977/977 
f 983/983 1016/1016 981/981 978/978 
f 984/984 1013/1013 1016/1016 983/983 
f 1018/1018 1011/1011 1013/1013 984/984 
f 1020/1020 1010/1010 1011/1011 1018/1018 
f 1022/1022 1007/1007 1010/1010 1020/1020 
f 1024/1024 1005/1005 1007/1007 1022/1022 
f 1025/1025 1003/1003 1005/1005 1024/1024 
f 1027/1027 1001/1001 1003/1003 1025/1025 
f 1029/1029 999/999 1001/1001 1027/1027 
f 1031/1031 997/997 999/999 1029/1029 
f 1033/1033 995/995 997/997 1031/1031 
f 1035/1035 994/994 995/995 1033/1033 
f 1037/1037 992/992 994/994 1035/1035 
f 1040/1040 990/990 992/992 1037/1037 
f 1041/1041 988/988 990/990 1040/1040 
f 18/18 17/17 988/988 1041/1041 
f 1045/1045 1046/1046 104/104 300/300 
f 1047/1047 1045/1045 300/300 299/299 
f 288/288 1047/1047 299/299 186/186 
f 1048/1048 1049/1049 43/43 311/311 
f 1050/1050 1048/1048 311/311 312/312 
f 246/246 1050/1050 312/312 31/31 
f 1050/1050 246/246 245/245 1051/1051 
f 1047/1047 288/288 287/287 1052/1052 
f 1053/1053 1052/1052 287/287 1054/1054 
f 1055/1055 1053/1053 1054/1054 1056/1056 
f 1057/1057 1055/1055 1056/1056 1058/1058 
f 1059/1059 1057/1057 1058/1058 1060/1060 
f 1059/1059 1060/1060 1061/1061 1062/1062 
f 21/21 1062/1062 1061/1061 1063/1063 
f 22/22 21/21 1063/1063 1064/1064 
f 1065/1065 22/22 1064/1064 1066/1066 
f 1067/1067 1065/1065 1066/1066 1068/1068 
f 1048/1048 1067/1067 1068/1068 1049/1049 
f 1069/1069 1051/1051 245/245 1070/1070 
f 23/23 1069/1069 1070/1070 1071/1071 
f 24/24 23/23 1071/1071 1072/1072 
f 1073/1073 24/24 1072/1072 1074/1074 
f 1073/1073 1074/1074 1075/1075 1076/1076 
f 1077/1077 1076/1076 1075/1075 1078/1078 
f 1079/1079 1077/1077 1078/1078 1080/1080 
f 1081/1081 1079/1079 1080/1080 1082/1082 
f 1083/1083 1081/1081 1082/1082 1084/1084 
f 1045/1045 1083/1083 1084/1084 1046/1046 
f 1052/1052 1083/1083 1045/1045 1047/1047 
f 1051/1051 1067/1067 1048/1048 1050/1050 
f 1069/1069 1065/1065 1067/1067 1051/1051 
f 22/22 1065/1065 1069/1069 23/23 
f 1053/1053 1081/1081 1083/1083 1052/1052 
f 1079/1079 1081/1081 1053/1053 1055/1055 
f 1077/1077 1079/1079 1055/1055 1057/1057 
f 1062/1062 21/21 24/24 1073/1073 
f 1076/1076 1077/1077 1057/1057 1059/1059 
f 1059/1059 1062/1062 1073/1073 1076/1076 
f 52/52 51/51 149/149 150/150 
f 1085/1085 320/320 114/114 111/111 
f 1086/1086 321/321 320/320 1085/1085 
f 1087/1087 323/323 321/321 1086/1086 
f 1088/1088 325/325 323/323 1087/1087 
f 1089/1089 327/327 325/325 1088/1088 
f 1090/1090 329/329 327/327 1089/1089 
f 1091/1091 331/331 329/329 1090/1090 
f 1092/1092 333/333 331/331 1091/1091 
f 1093/1093 335/335 333/333 1092/1092 
f 1094/1094 337/337 335/335 1093/1093 
f 50/50 49/49 337/337 1094/1094 
f 56/56 55/55 151/151 34/34 
f 1095/1095 313/313 150/150 147/147 
f 1096/1096 340/340 313/313 1095/1095 
f 1097/1097 394/394 340/340 1096/1096 
f 1098/1098 397/397 394/394 1097/1097 
f 1099/1099 398/1100 397/397 1098/1098 
f 1100/1101 400/400 398/1100 1099/1099 
f 1101/1102 402/402 400/400 1100/1101 
f 1102/1103 405/405 402/402 1101/1102 
f 1103/1104 407/407 405/405 1102/1103 
f 1104/1105 409/409 407/407 1103/1104 
f 1105/1106 411/411 409/409 1104/1105 
f 1106/1107 412/412 411/411 1105/1106 
f 1107/1108 415/415 412/412 1106/1107 
f 1108/1109 417/417 415/415 1107/1108 
f 1109/1110 418/418 417/417 1108/1109 
f 1110/1111 420/420 418/418 1109/1110 
f 1111/1112 422/422 420/420 1110/1111 
f 54/54 53/53 422/422 1111/1112 
f 60/60 59/59 115/115 28/28 
f 1112/1113 343/343 34/34 36/36 
f 1113/1114 345/345 343/343 1112/1113 
f 1114/1115 346/346 345/345 1113/1114 
f 1115/1116 349/349 346/346 1114/1115 
f 1116/1117 351/351 349/349 1115/1116 
f 1117/1118 353/353 351/351 1116/1117 
f 1118/1119 355/355 353/353 1117/1118 
f 1119/1120 357/357 355/355 1118/1119 
f 1120/1121 359/359 357/357 1119/1120 
f 1121/1122 361/361 359/359 1120/1121 
f 58/58 57/57 361/361 1121/1122 
f 64/64 63/63 113/113 114/114 
f 1122/1123 315/315 28/28 30/30 
f 1123/1124 317/317 315/315 1122/1123 
f 1124/1125 363/363 317/317 1123/1124 
f 1125/1126 366/366 363/363 1124/1125 
f 1126/1127 367/1128 366/366 1125/1126 
f 1127/1129 369/369 367/1128 1126/1127 
f 1128/1130 371/371 369/369 1127/1129 
f 1129/1131 374/374 371/371 1128/1130 
f 1130/1132 376/376 374/374 1129/1131 
f 1131/1133 378/378 376/376 1130/1132 
f 1132/1134 380/380 378/378 1131/1133 
f 1133/1135 381/381 380/380 1132/1134 
f 1134/1136 384/384 381/381 1133/1135 
f 1135/1137 386/386 384/384 1134/1136 
f 1136/1138 387/387 386/386 1135/1137 
f 1137/1139 389/389 387/387 1136/1138 
f 1138/1140 391/391 389/389 1137/1139 
f 62/62 61/61 391/391 1138/1140 
f 66/66 194/194 193/193 67/67 
f 615/615 175/175 173/173 1139/1141 
f 640/640 615/615 1139/1141 1140/1142 
f 1141/1143 65/65 68/68 670/670 
f 641/641 640/640 1140/1142 1142/1144 
f 1143/1145 1141/1143 670/670 668/668 
f 644/644 641/641 1142/1144 1144/1146 
f 1145/1147 1143/1145 668/668 666/666 
f 646/646 644/644 1144/1146 1146/1148 
f 1147/1149 1145/1147 666/666 664/664 
f 648/648 646/646 1146/1148 1148/1150 
f 1149/1151 1147/1149 664/664 661/661 
f 650/650 648/648 1148/1150 1150/1152 
f 1151/1153 1149/1151 661/661 659/659 
f 651/651 650/650 1150/1152 1152/1154 
f 1153/1155 1151/1153 659/659 658/658 
f 654/654 651/651 1152/1154 1154/1156 
f 1155/1157 1153/1155 658/658 656/656 
f 656/656 654/654 1154/1156 1155/1157 
f 1156/1158 591/591 193/193 191/191 
f 72/72 71/71 230/230 229/229 
f 1157/1159 618/618 591/591 1156/1158 
f 1158/1160 619/619 618/618 1157/1159 
f 1159/1161 621/621 619/619 1158/1160 
f 1160/1162 624/624 621/621 1159/1161 
f 1161/1163 626/626 624/624 1160/1162 
f 1162/1164 628/628 626/626 1161/1163 
f 1163/1165 630/630 628/628 1162/1164 
f 1164/1166 632/632 630/630 1163/1165 
f 1165/1167 634/634 632/632 1164/1166 
f 70/70 69/69 634/634 1165/1167 
f 74/74 212/212 211/211 75/75 
f 637/637 229/229 227/227 1166/1168 
f 672/672 637/637 1166/1168 1167/1169 
f 1168/1170 73/73 76/76 702/702 
f 673/673 672/672 1167/1169 1169/1171 
f 1170/1172 1168/1170 702/702 700/700 
f 676/676 673/673 1169/1171 1171/1173 
f 1172/1174 1170/1172 700/700 698/698 
f 678/678 676/676 1171/1173 1173/1175 
f 1174/1176 1172/1174 698/698 696/696 
f 680/680 678/678 1173/1175 1175/1177 
f 1176/1178 1174/1176 696/696 693/693 
f 682/682 680/680 1175/1177 1177/1179 
f 1178/1180 1176/1178 693/693 691/691 
f 683/683 682/682 1177/1179 1179/1181 
f 1180/1182 1178/1180 691/691 690/690 
f 686/686 683/683 1179/1181 1181/1183 
f 1182/1184 1180/1182 690/690 688/688 
f 688/688 686/686 1181/1183 1182/1184 
f 1183/1185 593/593 211/211 209/209 
f 80/80 79/79 176/176 175/175 
f 1184/1186 595/595 593/593 1183/1185 
f 1185/1187 597/597 595/595 1184/1186 
f 1186/1188 599/599 597/597 1185/1187 
f 1187/1189 601/601 599/599 1186/1188 
f 1188/1190 604/604 601/601 1187/1189 
f 1189/1191 606/606 604/604 1188/1190 
f 1190/1192 608/608 606/606 1189/1191 
f 1191/1193 609/609 608/608 1190/1192 
f 1192/1194 611/611 609/609 1191/1193 
f 78/78 77/77 611/611 1192/1194 
f 82/82 203/203 204/204 83/83 
f 84/84 132/132 129/129 81/81 
f 88/88 87/87 97/97 25/25 
f 86/86 85/85 37/37 39/39 
f 90/90 239/239 240/240 91/91 
f 92/92 168/168 165/165 89/89 
f 96/96 95/95 221/221 222/222 
f 94/94 93/93 140/140 138/138 
f 51/51 242/242 148/148 149/149 
f 1193/1195 1085/1085 111/111 108/108 
f 1194/1196 1086/1086 1085/1085 1193/1195 
f 1195/1197 1087/1087 1086/1086 1194/1196 
f 1196/1198 1088/1088 1087/1087 1195/1197 
f 1197/1199 1089/1089 1088/1088 1196/1198 
f 1198/1200 1090/1090 1089/1089 1197/1199 
f 1091/1091 1090/1090 1198/1200 1199/1201 
f 1200/1202 1092/1092 1091/1091 1199/1201 
f 1201/1203 1093/1093 1092/1092 1200/1202 
f 1202/1204 1094/1094 1093/1093 1201/1203 
f 241/241 50/50 1094/1094 1202/1204 
f 242/242 244/244 33/33 148/148 
f 1203/1205 1193/1195 108/108 103/103 
f 1204/1206 1194/1196 1193/1195 1203/1205 
f 1195/1197 1194/1196 1204/1206 1205/1207 
f 1196/1198 1195/1197 1205/1207 1206/1208 
f 1207/1209 1197/1199 1196/1198 1206/1208 
f 1208/1210 1198/1200 1197/1199 1207/1209 
f 1209/1211 1199/1201 1198/1200 1208/1210 
f 1210/1212 1200/1202 1199/1201 1209/1211 
f 1211/1213 1201/1203 1200/1202 1210/1212 
f 1212/1214 1202/1204 1201/1203 1211/1213 
f 243/243 241/241 1202/1204 1212/1214 
f 246/246 31/31 33/33 244/244 
f 1203/1205 103/103 104/104 1046/1046 
f 1204/1206 1203/1205 1046/1046 1084/1084 
f 1070/1070 245/245 243/243 1212/1214 
f 1205/1207 1204/1206 1084/1084 1082/1082 
f 1211/1213 1071/1071 1070/1070 1212/1214 
f 1080/1080 1206/1208 1205/1207 1082/1082 
f 1210/1212 1072/1072 1071/1071 1211/1213 
f 1209/1211 1074/1074 1072/1072 1210/1212 
f 1208/1210 1075/1075 1074/1074 1209/1211 
f 1207/1209 1078/1078 1075/1075 1208/1210 
f 1206/1208 1080/1080 1078/1078 1207/1209 
f 55/55 248/248 153/153 151/151 
f 1213/1215 1095/1095 147/147 144/144 
f 1214/1216 1096/1096 1095/1095 1213/1215 
f 1215/1217 1097/1097 1096/1096 1214/1216 
f 1216/1218 1098/1098 1097/1097 1215/1217 
f 1217/1219 1099/1099 1098/1098 1216/1218 
f 1218/1220 1100/1101 1099/1099 1217/1219 
f 1219/1221 1101/1102 1100/1101 1218/1220 
f 1220/1222 1102/1103 1101/1102 1219/1221 
f 1221/1223 1103/1104 1102/1103 1220/1222 
f 1222/1224 1104/1105 1103/1104 1221/1223 
f 1223/1225 1105/1106 1104/1105 1222/1224 
f 1224/1226 1106/1107 1105/1106 1223/1225 
f 1225/1227 1107/1108 1106/1107 1224/1226 
f 1226/1228 1108/1109 1107/1108 1225/1227 
f 1227/1229 1109/1110 1108/1109 1226/1228 
f 1228/1230 1110/1111 1109/1110 1227/1229 
f 1229/1231 1111/1112 1110/1111 1228/1230 
f 247/247 54/54 1111/1112 1229/1231 
f 248/248 250/250 155/155 153/153 
f 1230/1232 1213/1215 144/144 139/139 
f 1231/1233 1214/1216 1213/1215 1230/1232 
f 1232/1234 1215/1217 1214/1216 1231/1233 
f 1233/1235 1216/1218 1215/1217 1232/1234 
f 1234/1236 1217/1219 1216/1218 1233/1235 
f 1235/1237 1218/1220 1217/1219 1234/1236 
f 1236/1238 1219/1221 1218/1220 1235/1237 
f 1237/1239 1220/1222 1219/1221 1236/1238 
f 1238/1240 1221/1223 1220/1222 1237/1239 
f 1239/1241 1222/1224 1221/1223 1238/1240 
f 1240/1242 1223/1225 1222/1224 1239/1241 
f 1241/1243 1224/1226 1223/1225 1240/1242 
f 1242/1244 1225/1227 1224/1226 1241/1243 
f 1243/1245 1226/1228 1225/1227 1242/1244 
f 1244/1246 1227/1247 1226/1228 1243/1245 
f 1245/1248 1228/1230 1227/1247 1244/1246 
f 1246/1249 1229/1231 1228/1230 1245/1248 
f 249/249 247/247 1229/1231 1246/1249 
f 250/250 252/252 157/157 155/155 
f 980/980 1230/1232 139/139 140/140 
f 1044/1044 1231/1233 1230/1232 980/980 
f 1043/1043 1232/1234 1231/1233 1044/1044 
f 1042/1042 1233/1235 1232/1234 1043/1043 
f 1039/1039 1234/1236 1233/1235 1042/1042 
f 1038/1038 1235/1237 1234/1236 1039/1039 
f 1036/1036 1236/1238 1235/1237 1038/1038 
f 1034/1034 1237/1239 1236/1238 1036/1036 
f 1032/1032 1238/1240 1237/1239 1034/1034 
f 1030/1030 1239/1241 1238/1240 1032/1032 
f 1028/1028 1240/1242 1239/1241 1030/1030 
f 1026/1026 1241/1243 1240/1242 1028/1028 
f 1023/1023 1242/1244 1241/1243 1026/1026 
f 1021/1021 1243/1245 1242/1244 1023/1023 
f 1019/1019 1244/1246 1243/1245 1021/1021 
f 1017/1017 1245/1248 1244/1246 1019/1019 
f 985/985 1246/1249 1245/1248 1017/1017 
f 251/251 249/249 1246/1249 985/985 
f 254/254 117/117 115/115 59/59 
f 1247/1250 1112/1113 36/36 166/166 
f 1248/1251 1113/1114 1112/1113 1247/1250 
f 1249/1252 1114/1115 1113/1114 1248/1251 
f 1250/1253 1115/1116 1114/1115 1249/1252 
f 1251/1254 1116/1117 1115/1116 1250/1253 
f 1252/1255 1117/1118 1116/1117 1251/1254 
f 1253/1256 1118/1119 1117/1118 1252/1255 
f 1254/1257 1119/1120 1118/1119 1253/1256 
f 1255/1258 1120/1121 1119/1120 1254/1257 
f 1256/1259 1121/1122 1120/1121 1255/1258 
f 253/253 58/58 1121/1122 1256/1259 
f 254/254 256/256 119/119 117/117 
f 1257/1260 1247/1250 166/166 167/167 
f 1258/1261 1248/1251 1247/1250 1257/1260 
f 1259/1262 1249/1252 1248/1251 1258/1261 
f 1260/1263 1250/1253 1249/1252 1259/1262 
f 1261/1264 1251/1254 1250/1253 1260/1263 
f 1262/1265 1252/1255 1251/1254 1261/1264 
f 1263/1266 1253/1256 1252/1255 1262/1265 
f 1264/1267 1254/1257 1253/1256 1263/1266 
f 1265/1268 1255/1258 1254/1257 1264/1267 
f 1266/1269 1256/1259 1255/1258 1265/1268 
f 255/255 253/253 1256/1259 1266/1269 
f 258/258 121/121 119/119 256/256 
f 1257/1260 167/167 168/168 938/938 
f 1258/1261 1257/1260 938/938 976/976 
f 962/962 257/257 255/255 1266/1269 
f 1259/1262 1258/1261 976/976 974/974 
f 1265/1268 963/963 962/962 1266/1269 
f 972/972 1260/1263 1259/1262 974/974 
f 1264/1267 964/964 963/963 1265/1268 
f 1263/1266 965/965 964/964 1264/1267 
f 1262/1265 968/968 965/965 1263/1266 
f 1261/1264 969/969 968/968 1262/1265 
f 1260/1263 972/972 969/969 1261/1264 
f 63/63 260/260 112/112 113/113 
f 1267/1270 1122/1123 30/30 130/130 
f 1268/1271 1123/1124 1122/1123 1267/1270 
f 1269/1272 1124/1125 1123/1124 1268/1271 
f 1270/1273 1125/1126 1124/1125 1269/1272 
f 1271/1274 1126/1127 1125/1126 1270/1273 
f 1272/1275 1127/1129 1126/1127 1271/1274 
f 1273/1276 1128/1130 1127/1129 1272/1275 
f 1274/1277 1129/1131 1128/1130 1273/1276 
f 1275/1278 1130/1132 1129/1131 1274/1277 
f 1276/1279 1131/1133 1130/1132 1275/1278 
f 1277/1280 1132/1134 1131/1133 1276/1279 
f 1278/1281 1133/1135 1132/1134 1277/1280 
f 1279/1282 1134/1136 1133/1135 1278/1281 
f 1280/1283 1135/1137 1134/1136 1279/1282 
f 1281/1284 1136/1138 1135/1137 1280/1283 
f 1282/1285 1137/1139 1136/1138 1281/1284 
f 1283/1286 1138/1140 1137/1139 1282/1285 
f 259/259 62/62 1138/1140 1283/1286 
f 260/260 262/262 27/27 112/112 
f 1284/1287 1267/1270 130/130 131/131 
f 1285/1288 1268/1271 1267/1270 1284/1287 
f 1286/1289 1269/1272 1268/1271 1285/1288 
f 1287/1290 1270/1273 1269/1272 1286/1289 
f 1288/1291 1271/1292 1270/1273 1287/1290 
f 1289/1293 1272/1275 1271/1292 1288/1291 
f 1290/1294 1273/1276 1272/1275 1289/1293 
f 1291/1295 1274/1277 1273/1276 1290/1294 
f 1292/1296 1275/1278 1274/1277 1291/1295 
f 1293/1297 1276/1279 1275/1278 1292/1296 
f 1294/1298 1277/1280 1276/1279 1293/1297 
f 1295/1299 1278/1281 1277/1280 1294/1298 
f 1296/1300 1279/1282 1278/1281 1295/1299 
f 1297/1301 1280/1283 1279/1282 1296/1300 
f 1298/1302 1281/1303 1280/1283 1297/1301 
f 1299/1304 1282/1285 1281/1303 1298/1302 
f 1300/1305 1283/1286 1282/1285 1299/1304 
f 261/261 259/259 1283/1286 1300/1305 
f 264/264 25/25 27/27 262/262 
f 1284/1287 131/131 132/132 869/869 
f 1285/1288 1284/1287 869/869 877/877 
f 909/909 263/263 261/261 1300/1305 
f 1286/1289 1285/1288 877/877 880/880 
f 912/912 909/909 1300/1305 1299/1304 
f 1287/1290 1286/1289 880/880 936/936 
f 913/913 912/912 1299/1304 1298/1302 
f 1288/1291 1287/1290 936/936 934/934 
f 915/915 913/913 1298/1302 1297/1301 
f 1289/1293 1288/1291 934/934 931/931 
f 917/917 915/915 1297/1301 1296/1300 
f 1290/1294 1289/1293 931/931 929/929 
f 920/920 917/917 1296/1300 1295/1299 
f 1291/1295 1290/1294 929/929 927/927 
f 922/922 920/920 1295/1299 1294/1298 
f 1292/1296 1291/1295 927/927 926/926 
f 924/924 922/922 1294/1298 1293/1297 
f 1293/1297 1292/1296 926/926 924/924 
f 266/266 198/198 194/194 66/66 
f 1139/1141 173/173 171/171 1301/1306 
f 1140/1142 1139/1141 1301/1306 1302/1307 
f 1303/1308 265/265 65/65 1141/1143 
f 1142/1144 1140/1142 1302/1307 1304/1309 
f 1305/1310 1303/1308 1141/1143 1143/1145 
f 1144/1146 1142/1144 1304/1309 1306/1311 
f 1307/1312 1305/1310 1143/1145 1145/1147 
f 1146/1148 1144/1146 1306/1311 1308/1313 
f 1309/1314 1307/1312 1145/1147 1147/1149 
f 1148/1150 1146/1148 1308/1313 1310/1315 
f 1311/1316 1309/1314 1147/1149 1149/1151 
f 1150/1152 1148/1150 1310/1315 1312/1317 
f 1313/1318 1311/1316 1149/1151 1151/1153 
f 1152/1154 1150/1152 1312/1317 1314/1319 
f 1315/1320 1313/1318 1151/1153 1153/1155 
f 1154/1156 1152/1154 1314/1319 1316/1321 
f 1317/1322 1315/1320 1153/1155 1155/1157 
f 1155/1157 1154/1156 1316/1321 1317/1322 
f 268/268 201/201 198/198 266/266 
f 1301/1306 171/171 169/169 1318/1323 
f 1302/1307 1301/1306 1318/1323 1319/1324 
f 1320/1325 267/267 265/265 1303/1308 
f 1304/1309 1302/1307 1319/1324 1321/1326 
f 1322/1327 1320/1325 1303/1308 1305/1310 
f 1306/1311 1304/1309 1321/1326 1323/1328 
f 1324/1329 1322/1327 1305/1310 1307/1312 
f 1308/1313 1306/1311 1323/1328 1325/1330 
f 1326/1331 1324/1329 1307/1312 1309/1314 
f 1310/1315 1308/1313 1325/1330 1327/1332 
f 1328/1333 1326/1331 1309/1314 1311/1316 
f 1312/1317 1310/1315 1327/1332 1329/1334 
f 1330/1335 1328/1333 1311/1316 1313/1318 
f 1314/1319 1312/1317 1329/1334 1331/1336 
f 1332/1337 1330/1335 1313/1318 1315/1320 
f 1316/1321 1314/1319 1331/1336 1333/1338 
f 1334/1339 1332/1337 1315/1320 1317/1322 
f 1317/1322 1316/1321 1333/1338 1334/1339 
f 270/270 204/204 201/201 268/268 
f 1318/1323 169/169 37/37 871/871 
f 1319/1324 1318/1323 871/871 876/876 
f 881/881 269/269 267/267 1320/1325 
f 1321/1326 1319/1324 876/876 879/879 
f 882/882 881/881 1320/1325 1322/1327 
f 1323/1328 1321/1326 879/879 906/906 
f 884/1340 882/882 1322/1327 1324/1329 
f 1325/1330 1323/1328 906/906 905/905 
f 886/886 884/1340 1324/1329 1326/1331 
f 1327/1332 1325/1330 905/905 902/902 
f 888/888 886/886 1326/1331 1328/1333 
f 1329/1334 1327/1332 902/902 901/901 
f 890/890 888/888 1328/1333 1330/1335 
f 1331/1336 1329/1334 901/901 898/898 
f 893/893 890/890 1330/1335 1332/1337 
f 1333/1338 1331/1336 898/898 897/897 
f 895/895 893/893 1332/1337 1334/1339 
f 1334/1339 1333/1338 897/897 895/895 
f 71/71 272/272 234/234 230/230 
f 1335/1341 1156/1158 191/191 189/189 
f 1336/1342 1157/1159 1156/1158 1335/1341 
f 1337/1343 1158/1160 1157/1159 1336/1342 
f 1338/1344 1159/1161 1158/1160 1337/1343 
f 1339/1345 1160/1162 1159/1161 1338/1344 
f 1340/1346 1161/1163 1160/1162 1339/1345 
f 1341/1347 1162/1164 1161/1163 1340/1346 
f 1342/1348 1163/1165 1162/1164 1341/1347 
f 1343/1349 1164/1166 1163/1165 1342/1348 
f 1344/1350 1165/1167 1164/1166 1343/1349 
f 271/271 70/70 1165/1167 1344/1350 
f 272/272 274/274 237/237 234/234 
f 1345/1351 1335/1341 189/189 187/187 
f 1346/1352 1336/1342 1335/1341 1345/1351 
f 1347/1353 1337/1343 1336/1342 1346/1352 
f 1348/1354 1338/1344 1337/1343 1347/1353 
f 1349/1355 1339/1345 1338/1344 1348/1354 
f 1350/1356 1340/1346 1339/1345 1349/1355 
f 1351/1357 1341/1347 1340/1346 1350/1356 
f 1352/1358 1342/1348 1341/1347 1351/1357 
f 1353/1359 1343/1349 1342/1348 1352/1358 
f 1354/1360 1344/1350 1343/1349 1353/1359 
f 273/273 271/271 1344/1350 1354/1360 
f 274/274 276/276 240/240 237/237 
f 941/941 1345/1351 187/187 40/40 
f 960/960 1346/1352 1345/1351 941/941 
f 1354/1360 946/946 275/275 273/273 
f 1353/1359 948/948 946/946 1354/1360 
f 1352/1358 949/949 948/948 1353/1359 
f 1351/1357 951/951 949/949 1352/1358 
f 1350/1356 954/954 951/951 1351/1357 
f 1349/1355 955/955 954/954 1350/1356 
f 1348/1354 956/956 955/955 1349/1355 
f 1347/1353 958/958 956/956 1348/1354 
f 1346/1352 960/960 958/958 1347/1353 
f 278/278 216/216 212/212 74/74 
f 1166/1168 227/227 225/225 1355/1361 
f 1167/1169 1166/1168 1355/1361 1356/1362 
f 1357/1363 277/277 73/73 1168/1170 
f 1169/1171 1167/1169 1356/1362 1358/1364 
f 1359/1365 1357/1363 1168/1170 1170/1172 
f 1171/1173 1169/1171 1358/1364 1360/1366 
f 1361/1367 1359/1365 1170/1172 1172/1174 
f 1173/1175 1171/1173 1360/1366 1362/1368 
f 1363/1369 1361/1367 1172/1174 1174/1176 
f 1175/1177 1173/1175 1362/1368 1364/1370 
f 1365/1371 1363/1369 1174/1176 1176/1178 
f 1177/1179 1175/1177 1364/1370 1366/1372 
f 1367/1373 1365/1371 1176/1178 1178/1180 
f 1179/1181 1177/1179 1366/1372 1368/1374 
f 1369/1375 1367/1373 1178/1180 1180/1182 
f 1181/1183 1179/1181 1368/1374 1370/1376 
f 1371/1377 1369/1375 1180/1182 1182/1184 
f 1182/1184 1181/1183 1370/1376 1371/1377 
f 280/280 219/219 216/216 278/278 
f 1355/1361 225/225 223/223 1372/1378 
f 1356/1362 1355/1361 1372/1378 1373/1379 
f 1374/1380 279/279 277/277 1357/1363 
f 1358/1364 1356/1362 1373/1379 1375/1381 
f 1376/1382 1374/1380 1357/1363 1359/1365 
f 1360/1366 1358/1364 1375/1381 1377/1383 
f 1378/1384 1376/1382 1359/1365 1361/1367 
f 1362/1368 1360/1366 1377/1383 1379/1385 
f 1380/1386 1378/1384 1361/1367 1363/1369 
f 1364/1370 1362/1368 1379/1385 1381/1387 
f 1382/1388 1380/1386 1363/1369 1365/1371 
f 1366/1372 1364/1370 1381/1387 1383/1389 
f 1384/1390 1382/1388 1365/1371 1367/1373 
f 1368/1374 1366/1372 1383/1389 1385/1391 
f 1386/1392 1384/1390 1367/1373 1369/1375 
f 1370/1376 1368/1374 1385/1391 1387/1393 
f 1388/1394 1386/1392 1369/1375 1371/1377 
f 1371/1377 1370/1376 1387/1393 1388/1394 
f 280/280 282/282 222/222 219/219 
f 982/982 1372/1378 223/223 46/46 
f 1015/1015 1373/1379 1372/1378 982/982 
f 1014/1014 1375/1381 1373/1379 1015/1015 
f 1012/1012 1377/1383 1375/1381 1014/1014 
f 1009/1009 1379/1385 1377/1383 1012/1012 
f 1008/1008 1381/1387 1379/1385 1009/1009 
f 1006/1006 1383/1389 1381/1387 1008/1008 
f 1004/1004 1385/1391 1383/1389 1006/1006 
f 1002/1002 1387/1393 1385/1391 1004/1004 
f 1000/1000 1388/1394 1387/1393 1002/1002 
f 998/998 1386/1392 1388/1394 1000/1000 
f 996/996 1384/1390 1386/1392 998/998 
f 993/993 1382/1388 1384/1390 996/996 
f 991/991 1380/1386 1382/1388 993/993 
f 989/989 1378/1384 1380/1386 991/991 
f 987/987 1376/1382 1378/1384 989/989 
f 986/986 1374/1380 1376/1382 987/987 
f 281/281 279/279 1374/1380 986/986 
f 79/79 284/284 180/180 176/176 
f 1389/1395 1183/1185 209/209 207/207 
f 1390/1396 1184/1186 1183/1185 1389/1395 
f 1391/1397 1185/1187 1184/1186 1390/1396 
f 1392/1398 1186/1188 1185/1187 1391/1397 
f 1393/1399 1187/1189 1186/1188 1392/1398 
f 1394/1400 1188/1190 1187/1189 1393/1399 
f 1395/1401 1189/1191 1188/1190 1394/1400 
f 1396/1402 1190/1192 1189/1191 1395/1401 
f 1397/1403 1191/1193 1190/1192 1396/1402 
f 1398/1404 1192/1194 1191/1193 1397/1403 
f 283/283 78/78 1192/1194 1398/1404 
f 284/284 286/286 183/183 180/180 
f 1399/1405 1389/1395 207/207 205/205 
f 1400/1406 1390/1396 1389/1395 1399/1405 
f 1401/1407 1391/1397 1390/1396 1400/1406 
f 1402/1408 1392/1398 1391/1397 1401/1407 
f 1403/1409 1393/1399 1392/1398 1402/1408 
f 1404/1410 1394/1400 1393/1399 1403/1409 
f 1405/1411 1395/1401 1394/1400 1404/1410 
f 1406/1412 1396/1402 1395/1401 1405/1411 
f 1407/1413 1397/1403 1396/1402 1406/1412 
f 1408/1414 1398/1404 1397/1403 1407/1413 
f 285/285 283/283 1398/1404 1408/1414 
f 286/286 288/288 186/186 183/183 
f 1049/1049 1399/1405 205/205 43/43 
f 1068/1068 1400/1406 1399/1405 1049/1049 
f 1408/1414 1054/1054 287/287 285/285 
f 1407/1413 1056/1056 1054/1054 1408/1414 
f 1406/1412 1058/1058 1056/1056 1407/1413 
f 1405/1411 1060/1060 1058/1058 1406/1412 
f 1404/1410 1061/1061 1060/1060 1405/1411 
f 1403/1409 1063/1063 1061/1061 1404/1410 
f 1402/1408 1064/1064 1063/1063 1403/1409 
f 1401/1407 1066/1066 1064/1064 1402/1408 
f 1400/1406 1068/1068 1066/1066 1401/1407 
f 290/290 202/202 203/203 82/82 
f 81/81 129/129 126/126 289/289 
f 292/292 42/42 202/202 290/290 
f 289/289 126/126 122/122 291/291 
f 294/294 291/291 122/122 121/121 
f 293/293 40/40 42/42 292/292 
f 296/296 100/100 97/97 87/87 
f 86/86 39/39 184/184 295/295 
f 296/296 298/298 102/102 100/100 
f 297/297 295/295 184/184 185/185 
f 298/298 300/300 104/104 102/102 
f 299/299 297/297 185/185 186/186 
f 302/302 238/238 239/239 90/90 
f 89/89 165/165 162/162 301/301 
f 304/304 48/48 238/238 302/302 
f 301/301 162/162 158/158 303/303 
f 303/303 158/158 157/157 305/305 
f 306/306 46/46 48/48 304/304 
f 308/308 220/220 221/221 95/95 
f 307/307 94/94 138/138 136/136 
f 308/308 310/310 45/45 220/220 
f 309/309 307/307 136/136 133/133 
f 312/312 309/309 133/133 31/31 
f 310/310 311/311 43/43 45/45 
# 1390 polygons - 32 triangles

