# 3ds Max Wavefront OBJ Exporter v0.99 - (c)2007 guruware
# File Created: 22.06.2025 22:11:33

mtllib Lifestyle-053.mtl

#
# object Lifestyle_053
#

v  1317.7811 0.0908 -722.6489
v  1317.7811 0.0908 -752.3489
v  1317.9385 0.2782 -752.3489
v  1317.9385 0.2782 -722.6489
v  1317.4440 0.0613 -752.3489
v  1317.4440 0.0613 -722.6489
v  1317.0063 0.4285 -722.6489
v  1317.0063 0.4285 -752.3489
v  1317.7108 0.0260 -752.3489
v  1317.7108 0.0260 -722.6489
v  1317.6198 -0.0075 -752.3489
v  1317.6198 -0.0075 -722.6489
v  1317.5244 0.0097 -722.6489
v  1317.5244 0.0097 -752.3489
v  1316.9355 0.6531 -722.6489
v  1316.9806 0.7234 -722.6489
v  1316.9806 0.7234 -752.3489
v  1316.9355 0.6531 -752.3489
v  1316.9204 0.5696 -722.6489
v  1316.9204 0.5696 -752.3489
v  1316.9498 0.4899 -752.3489
v  1316.9498 0.4899 -722.6489
v  1300.4418 0.0460 -722.6897
v  1299.7839 0.0437 -722.6905
v  1299.8330 0.0447 -752.3845
v  1300.4811 0.0474 -752.3822
v  1299.1846 0.0440 -752.3868
v  1299.1263 0.0428 -722.6912
v  1301.1288 0.0525 -752.3799
v  1301.0997 0.0495 -722.6888
v  1301.7760 0.0678 -752.3778
v  1301.7579 0.0641 -722.6876
v  1302.4225 0.0923 -752.3759
v  1302.4160 0.0889 -722.6863
v  1303.0676 0.1307 -752.3741
v  1303.0745 0.1259 -722.6850
v  1303.7095 0.1963 -752.3724
v  1303.7313 0.1897 -722.6837
v  1304.3495 0.2781 -752.3707
v  1304.3860 0.2704 -722.6823
v  1304.9875 0.3868 -752.3689
v  1305.0378 0.3723 -722.6810
v  1305.6218 0.5160 -752.3673
v  1305.6833 0.5063 -722.6798
v  1306.2531 0.6633 -752.3658
v  1306.3225 0.6637 -722.6788
v  1306.8743 0.8544 -752.3640
v  1306.9523 0.8538 -722.6779
v  1307.4888 1.0700 -752.3620
v  1307.5742 1.0688 -722.6769
v  1308.0990 1.3014 -752.3600
v  1308.1914 1.2980 -722.6760
v  1308.7010 1.5542 -752.3580
v  1308.8016 1.5470 -722.6749
v  1309.2957 1.8218 -752.3558
v  1309.4061 1.8115 -722.6738
v  1309.8853 2.0995 -752.3537
v  1310.0083 2.0816 -722.6725
v  1310.4719 2.3822 -752.3519
v  1310.6082 2.3564 -722.6710
v  1311.0599 2.6620 -752.3501
v  1311.2081 2.6295 -722.6695
v  1311.6494 2.9394 -752.3485
v  1311.8093 2.8983 -722.6679
v  1312.2504 3.1927 -752.3477
v  1312.4142 3.1565 -722.6661
v  1312.8602 3.4250 -752.3475
v  1313.0243 3.3955 -722.6641
v  1313.4792 3.6329 -752.3482
v  1313.6405 3.6094 -722.6622
v  1314.1199 3.7568 -752.3502
v  1314.2725 3.7576 -722.6616
v  1314.7672 3.8082 -752.3528
v  1314.8990 3.8120 -722.6594
v  1315.4296 3.7693 -752.3563
v  1315.5135 3.8026 -722.6566
v  1316.0692 3.5418 -752.3555
v  1316.0867 3.6067 -722.6544
v  1316.6494 3.2125 -752.3552
v  1316.5826 3.2806 -722.6519
v  1317.1462 2.7910 -752.3555
v  1317.0057 2.8145 -722.6491
v  1317.3065 2.1849 -752.3572
v  1317.1948 2.2055 -722.6459
v  1317.3143 1.5730 -752.3550
v  1317.2491 1.5814 -722.6458
v  1317.1720 0.9507 -752.3489
v  1317.1725 0.9519 -722.6489
v  1317.1555 0.9319 -722.6489
v  1317.1552 0.9316 -752.3489
v  1321.0364 1.0866 -752.3464
v  1321.0665 1.0911 -722.6539
v  1320.4125 1.0931 -722.6520
v  1320.3763 1.0791 -752.3477
v  1321.6945 1.0438 -752.3452
v  1321.7186 1.0507 -722.6562
v  1319.7175 1.0254 -752.3489
v  1319.7571 1.0589 -722.6502
v  1319.1244 0.8738 -722.6488
v  1319.0790 0.8645 -752.3497
v  1318.4922 0.6124 -752.3497
v  1318.5226 0.6183 -722.6484
v  1317.9531 0.2963 -722.6489
v  1317.9532 0.2963 -752.3489
v  1324.2877 0.6533 -752.3415
v  1324.3018 0.6679 -722.6607
v  1323.6576 0.7797 -722.6600
v  1323.6422 0.7636 -752.3419
v  1323.0131 0.8838 -722.6592
v  1322.9957 0.8690 -752.3427
v  1322.3666 0.9735 -722.6579
v  1322.3466 0.9622 -752.3438
v  1337.3743 0.0440 -752.3529
v  1338.0312 0.0440 -752.3535
v  1338.0377 0.0440 -722.6558
v  1337.3812 0.0440 -722.6560
v  1338.6942 0.0440 -722.6555
v  1338.6882 0.0440 -752.3541
v  1336.7246 0.0440 -722.6564
v  1336.7173 0.0440 -752.3523
v  1336.0681 0.0440 -722.6568
v  1336.0603 0.0440 -752.3516
v  1335.4117 0.0440 -722.6572
v  1335.4033 0.0440 -752.3510
v  1334.7552 0.0440 -722.6577
v  1334.7466 0.0440 -752.3502
v  1334.0989 0.0440 -722.6581
v  1334.0897 0.0440 -752.3495
v  1333.4426 0.0440 -722.6585
v  1333.4330 0.0440 -752.3488
v  1332.7863 0.0440 -722.6589
v  1332.7762 0.0440 -752.3480
v  1332.1302 0.0440 -722.6595
v  1332.1195 0.0440 -752.3471
v  1331.4744 0.0460 -722.6601
v  1331.4630 0.0452 -752.3461
v  1330.8186 0.0519 -722.6605
v  1330.8068 0.0488 -752.3453
v  1330.1506 0.0584 -752.3445
v  1330.1628 0.0660 -722.6608
v  1329.5074 0.0861 -722.6611
v  1329.4946 0.0726 -752.3438
v  1328.8524 0.1168 -722.6612
v  1328.8389 0.0945 -752.3431
v  1328.1843 0.1352 -752.3425
v  1328.1982 0.1599 -722.6613
v  1327.5447 0.2118 -722.6613
v  1327.5306 0.1882 -752.3421
v  1326.8927 0.2796 -722.6614
v  1326.8790 0.2622 -752.3418
v  1326.2426 0.3622 -722.6614
v  1326.2291 0.3472 -752.3415
v  1325.5936 0.4538 -722.6613
v  1325.5804 0.4396 -752.3414
v  1324.9470 0.5582 -722.6611
v  1324.9336 0.5444 -752.3413
v  1317.1627 0.9390 -752.3489
v  1317.1633 0.9392 -722.6489
v  1317.1707 0.9457 -722.6489
v  1317.1689 0.9446 -752.3489
v  1317.9480 0.2921 -752.3489
v  1317.9475 0.2916 -722.6489
v  1317.9435 0.2853 -722.6489
v  1317.9438 0.2858 -752.3489
v  1317.9305 0.2843 -752.3489
v  1317.7739 0.0977 -752.3489
v  1317.7739 0.0977 -722.6489
v  1317.9305 0.2843 -722.6489
v  1317.0132 0.4357 -722.6489
v  1317.4498 0.0693 -722.6489
v  1317.4498 0.0693 -752.3489
v  1317.0132 0.4357 -752.3489
v  1317.7056 0.0346 -752.3489
v  1317.7056 0.0346 -722.6489
v  1317.5282 0.0190 -722.6489
v  1317.6189 0.0025 -722.6489
v  1317.6189 0.0025 -752.3489
v  1317.5282 0.0190 -752.3489
v  1316.9885 0.7175 -752.3489
v  1316.9885 0.7175 -722.6489
v  1316.9448 0.6494 -722.6489
v  1316.9448 0.6494 -752.3489
v  1316.9584 0.4951 -752.3489
v  1316.9305 0.5704 -752.3489
v  1316.9305 0.5704 -722.6489
v  1316.9584 0.4951 -722.6489
v  1299.8330 0.0547 -752.3845
v  1299.7839 0.0537 -722.6905
v  1300.4417 0.0560 -722.6897
v  1300.4811 0.0574 -752.3822
v  1299.1846 0.0540 -752.3868
v  1299.1263 0.0528 -722.6912
v  1301.1287 0.0625 -752.3799
v  1301.0996 0.0595 -722.6888
v  1301.7758 0.0778 -752.3778
v  1301.7576 0.0741 -722.6876
v  1302.4220 0.1023 -752.3759
v  1302.4155 0.0989 -722.6863
v  1303.0669 0.1407 -752.3741
v  1303.0737 0.1359 -722.6850
v  1303.7083 0.2063 -752.3724
v  1303.7302 0.1996 -722.6837
v  1304.3481 0.2880 -752.3707
v  1304.3848 0.2803 -722.6823
v  1304.9857 0.3967 -752.3688
v  1305.0360 0.3822 -722.6810
v  1305.6196 0.5258 -752.3673
v  1305.6812 0.5160 -722.6798
v  1306.2505 0.6730 -752.3658
v  1306.3198 0.6733 -722.6788
v  1306.8712 0.8639 -752.3640
v  1306.9492 0.8633 -722.6779
v  1307.4854 1.0794 -752.3620
v  1307.5709 1.0782 -722.6769
v  1308.0952 1.3107 -752.3600
v  1308.1877 1.3073 -722.6760
v  1308.6970 1.5634 -752.3580
v  1308.7977 1.5562 -722.6749
v  1309.2915 1.8308 -752.3558
v  1309.4021 1.8207 -722.6738
v  1309.8810 2.1086 -752.3537
v  1310.0043 2.0907 -722.6725
v  1310.4677 2.3912 -752.3518
v  1310.6040 2.3655 -722.6710
v  1311.0558 2.6711 -752.3501
v  1311.2041 2.6386 -722.6694
v  1311.6453 2.9485 -752.3484
v  1311.8053 2.9075 -722.6678
v  1312.2466 3.2020 -752.3477
v  1312.4104 3.1658 -722.6661
v  1312.8568 3.4344 -752.3475
v  1313.0209 3.4049 -722.6640
v  1313.4767 3.6425 -752.3482
v  1313.6377 3.6190 -722.6622
v  1314.1185 3.7667 -752.3502
v  1314.2709 3.7675 -722.6616
v  1314.7671 3.8182 -752.3528
v  1314.8988 3.8220 -722.6594
v  1315.4315 3.7791 -752.3563
v  1315.5153 3.8125 -722.6566
v  1316.0734 3.5509 -752.3555
v  1316.0911 3.6157 -722.6544
v  1316.6553 3.2207 -752.3552
v  1316.5891 3.2882 -722.6519
v  1317.1548 2.7963 -752.3555
v  1317.0144 2.8195 -722.6490
v  1317.3164 2.1863 -752.3572
v  1317.2046 2.2075 -722.6459
v  1317.3243 1.5720 -752.3549
v  1317.2590 1.5812 -722.6458
v  1317.1814 0.9473 -752.3489
v  1317.1814 0.9473 -722.6489
v  1317.1626 0.9249 -752.3489
v  1317.1626 0.9249 -722.6489
v  1320.4122 1.1031 -722.6520
v  1321.0669 1.1011 -722.6539
v  1321.0367 1.0966 -752.3464
v  1320.3760 1.0891 -752.3477
v  1321.6954 1.0538 -752.3452
v  1321.7195 1.0606 -722.6562
v  1319.7158 1.0352 -752.3489
v  1319.7554 1.0687 -722.6503
v  1319.1211 0.8832 -722.6488
v  1319.0758 0.8740 -752.3497
v  1318.4875 0.6213 -752.3497
v  1318.5182 0.6273 -722.6484
v  1317.9475 0.3045 -722.6489
v  1317.9475 0.3045 -752.3489
v  1323.6592 0.7896 -722.6600
v  1324.3036 0.6778 -722.6607
v  1324.2894 0.6631 -752.3415
v  1323.6438 0.7735 -752.3419
v  1323.0146 0.8937 -722.6592
v  1322.9973 0.8788 -752.3427
v  1322.3679 0.9834 -722.6579
v  1322.3479 0.9721 -752.3438
v  1338.0377 0.0540 -722.6558
v  1338.0312 0.0540 -752.3535
v  1337.3743 0.0540 -752.3529
v  1337.3812 0.0540 -722.6560
v  1338.6942 0.0540 -722.6555
v  1338.6882 0.0540 -752.3541
v  1336.7246 0.0540 -722.6564
v  1336.7173 0.0540 -752.3523
v  1336.0681 0.0540 -722.6568
v  1336.0603 0.0540 -752.3516
v  1335.4117 0.0540 -722.6572
v  1335.4033 0.0540 -752.3510
v  1334.7552 0.0540 -722.6577
v  1334.7466 0.0540 -752.3502
v  1334.0989 0.0540 -722.6581
v  1334.0897 0.0540 -752.3495
v  1333.4426 0.0540 -722.6585
v  1333.4330 0.0540 -752.3488
v  1332.7863 0.0540 -722.6589
v  1332.7762 0.0540 -752.3480
v  1332.1304 0.0540 -722.6595
v  1332.1195 0.0540 -752.3471
v  1331.4745 0.0560 -722.6601
v  1331.4631 0.0552 -752.3461
v  1330.8186 0.0619 -722.6605
v  1330.8069 0.0588 -752.3453
v  1330.1508 0.0684 -752.3445
v  1330.1631 0.0760 -722.6608
v  1329.5078 0.0961 -722.6611
v  1329.4950 0.0826 -752.3438
v  1328.8529 0.1268 -722.6612
v  1328.8395 0.1045 -752.3431
v  1328.1851 0.1452 -752.3425
v  1328.1989 0.1699 -722.6613
v  1327.5455 0.2217 -722.6614
v  1327.5316 0.1982 -752.3421
v  1326.8938 0.2895 -722.6614
v  1326.8802 0.2721 -752.3418
v  1326.2439 0.3721 -722.6614
v  1326.2305 0.3571 -752.3416
v  1325.5952 0.4637 -722.6613
v  1325.5818 0.4495 -752.3414
v  1324.9487 0.5680 -722.6611
v  1324.9353 0.5542 -752.3413
v  1317.1772 0.9383 -722.6489
v  1317.1698 0.9317 -722.6489
v  1317.1697 0.9318 -752.3489
v  1317.1769 0.9385 -752.3489
v  1317.9357 0.2916 -722.6489
v  1317.9407 0.2989 -722.6489
v  1317.9407 0.2988 -752.3489
v  1317.9357 0.2915 -752.3489
v  1312.1428 3.3347 -722.6293
v  1311.9012 3.2284 -752.3243
v  1311.3268 2.9467 -752.3206
v  1311.5470 3.0442 -722.6251
v  1312.7437 3.6084 -722.6335
v  1312.4900 3.4888 -752.3288
v  1313.3486 3.8540 -722.6359
v  1313.0957 3.7149 -752.3338
v  1313.9580 4.0621 -722.6376
v  1313.7157 3.9105 -752.3393
v  1314.5872 4.1639 -722.6395
v  1314.3665 3.9960 -752.3452
v  1315.2178 4.1495 -722.6392
v  1315.0178 3.9931 -752.3513
v  1315.8397 4.0493 -722.6376
v  1315.6741 3.9014 -752.3574
v  1316.4020 3.7398 -722.6354
v  1316.2864 3.6172 -752.3575
v  1316.8729 3.3245 -722.6362
v  1316.8219 3.2363 -752.3576
v  1317.2677 2.8227 -722.6390
v  1317.2607 2.7738 -752.3578
v  1317.3826 2.1905 -722.6409
v  1317.3793 2.1618 -752.3583
v  1317.3503 1.5652 -722.6442
v  1317.3464 1.5548 -752.3552
v  1300.2775 0.0715 -722.5552
v  1300.9298 0.0770 -722.5591
v  1300.7733 0.0740 -752.2527
v  1300.1093 0.0699 -752.2482
v  1299.4448 0.0686 -752.2437
v  1299.6250 0.0687 -722.5513
v  1301.5824 0.0854 -722.5629
v  1301.4373 0.0808 -752.2573
v  1302.2346 0.1104 -722.5668
v  1302.1006 0.1018 -752.2619
v  1302.8866 0.1469 -722.5707
v  1302.7625 0.1357 -752.2665
v  1303.5382 0.1987 -722.5746
v  1303.4232 0.1832 -752.2711
v  1304.1881 0.2789 -722.5785
v  1304.0782 0.2661 -752.2755
v  1304.8358 0.3777 -722.5824
v  1304.7299 0.3666 -752.2799
v  1305.4801 0.5032 -722.5862
v  1305.3776 0.4863 -752.2841
v  1306.1177 0.6622 -722.5901
v  1306.0148 0.6465 -752.2883
v  1306.7484 0.8457 -722.5941
v  1306.6431 0.8294 -752.2922
v  1307.3666 1.0673 -722.5981
v  1307.2605 1.0395 -752.2961
v  1307.9763 1.3125 -722.6021
v  1307.8624 1.2803 -752.2997
v  1308.5808 1.5719 -722.6059
v  1308.4579 1.5325 -752.3032
v  1309.1777 1.8523 -722.6097
v  1309.0443 1.7989 -752.3066
v  1309.7706 2.1459 -722.6134
v  1309.6183 2.0823 -752.3100
v  1310.3625 2.4448 -722.6171
v  1310.1885 2.3704 -752.3134
v  1310.9534 2.7468 -722.6210
v  1310.7562 2.6607 -752.3169
v  1316.5991 3.8154 -722.6474
v  1316.0375 4.1008 -722.6496
v  1316.0935 4.0048 -752.3599
v  1316.6652 3.7223 -752.3583
v  1317.0764 3.3765 -722.6426
v  1317.1350 3.3232 -752.3583
v  1317.4091 2.7815 -752.3571
v  1317.3473 2.7848 -722.6390
v  1317.4463 2.1546 -722.6412
v  1317.4994 2.1788 -752.3541
v  1300.5739 0.0873 -722.6191
v  1300.5074 0.0884 -752.3127
v  1301.1675 0.0974 -752.3146
v  1301.2321 0.0952 -722.6207
v  1299.9158 0.0835 -722.6175
v  1299.8469 0.0840 -752.3109
v  1301.8905 0.1105 -722.6224
v  1301.8269 0.1110 -752.3164
v  1302.5490 0.1361 -722.6241
v  1302.4856 0.1408 -752.3182
v  1303.2070 0.1816 -722.6257
v  1303.1431 0.1843 -752.3201
v  1303.7994 0.2415 -752.3220
v  1303.8629 0.2494 -722.6274
v  1304.5160 0.3394 -722.6290
v  1304.4535 0.3381 -752.3236
v  1305.1654 0.4516 -722.6307
v  1305.1040 0.4608 -752.3251
v  1305.8069 0.5958 -722.6324
v  1305.7505 0.6072 -752.3267
v  1306.4368 0.7711 -722.6343
v  1306.3867 0.7873 -752.3281
v  1307.0568 0.9719 -722.6361
v  1307.0127 0.9871 -752.3295
v  1307.6273 1.2030 -752.3309
v  1307.6671 1.1951 -722.6379
v  1308.2644 1.4519 -722.6398
v  1308.2236 1.4505 -752.3323
v  1308.8538 1.7254 -722.6415
v  1308.8098 1.7113 -752.3338
v  1309.4363 2.0135 -722.6431
v  1309.3878 1.9828 -752.3354
v  1310.0117 2.3147 -722.6447
v  1309.9563 2.2685 -752.3375
v  1310.5812 2.6253 -722.6459
v  1310.5229 2.5570 -752.3398
v  1311.0879 2.8489 -752.3423
v  1311.1511 2.9320 -722.6469
v  1311.7239 3.2315 -722.6476
v  1311.6510 3.1375 -752.3453
v  1312.3027 3.5184 -722.6481
v  1312.2198 3.4169 -752.3486
v  1312.8964 3.7803 -722.6479
v  1312.8011 3.6824 -752.3527
v  1313.5115 4.0007 -722.6487
v  1313.4271 3.8951 -752.3557
v  1314.1453 4.1725 -722.6501
v  1314.0779 4.0679 -752.3583
v  1314.7899 4.2869 -722.6508
v  1314.7520 4.1892 -752.3604
v  1315.4274 4.2551 -722.6505
v  1315.4393 4.1603 -752.3615
v  1317.3838 1.5320 -722.6455
v  1317.4183 1.5512 -752.3506
v  1306.2894 0.8012 -722.5930
v  1306.9128 1.0004 -722.5968
v  1306.8898 1.0178 -752.2950
v  1306.2625 0.8223 -752.2912
v  1305.6206 0.6561 -752.2875
v  1305.6565 0.6300 -722.5893
v  1307.5270 1.2236 -722.6006
v  1307.4979 1.2383 -752.2988
v  1308.1317 1.4671 -722.6045
v  1308.0927 1.4725 -752.3026
v  1308.7233 1.7395 -722.6082
v  1308.6729 1.7266 -752.3065
v  1309.3077 2.0260 -722.6119
v  1309.2429 1.9942 -752.3105
v  1309.8853 2.3261 -722.6155
v  1309.8065 2.2709 -752.3145
v  1310.4551 2.6405 -722.6191
v  1310.3617 2.5629 -752.3190
v  1311.0200 2.9624 -722.6226
v  1310.9158 2.8577 -752.3236
v  1311.5854 3.2824 -722.6258
v  1311.4691 3.1558 -752.3284
v  1312.1550 3.5949 -722.6287
v  1312.0256 3.4475 -752.3337
v  1312.7357 3.8897 -722.6310
v  1312.5935 3.7236 -752.3393
v  1313.3496 4.1316 -722.6331
v  1313.1824 3.9748 -752.3455
v  1313.9868 4.3229 -722.6362
v  1313.8300 4.1624 -752.3506
v  1314.6356 4.4541 -722.6398
v  1314.4991 4.2958 -752.3549
v  1315.2859 4.5173 -722.6421
v  1315.1814 4.3670 -752.3585
v  1315.9139 4.4046 -722.6432
v  1315.8633 4.2655 -752.3606
v  1316.4927 4.1748 -722.6437
v  1316.5006 4.0407 -752.3591
v  1317.0051 3.8301 -722.6431
v  1317.0392 3.6959 -752.3577
v  1317.4192 3.3442 -722.6400
v  1317.4596 3.2462 -752.3575
v  1317.6228 2.7276 -722.6398
v  1317.6699 2.6819 -752.3561
v  1317.6321 2.0859 -722.6461
v  1317.6733 2.0797 -752.3500
v  1317.5056 1.4531 -722.6516
v  1317.5377 1.4593 -752.3456
v  1317.3091 0.8402 -722.6489
v  1317.3091 0.8402 -752.3489
v  1301.1135 0.1597 -722.5644
v  1301.7649 0.1750 -722.5678
v  1301.6357 0.1735 -752.2621
v  1300.9648 0.1581 -752.2577
v  1300.2938 0.1487 -752.2531
v  1300.4620 0.1509 -722.5610
v  1302.4164 0.1999 -722.5713
v  1302.3065 0.1959 -752.2665
v  1303.0681 0.2384 -722.5748
v  1302.9761 0.2407 -752.2709
v  1303.7185 0.3007 -722.5783
v  1303.6440 0.3059 -752.2752
v  1304.3674 0.3868 -722.5820
v  1304.3097 0.3902 -752.2795
v  1305.0137 0.4966 -722.5857
v  1304.9692 0.5098 -752.2837
v  1317.1484 0.6487 -752.3489
v  1317.1484 0.6487 -722.6489
v  1331.6345 0.4425 -752.3535
v  1331.5795 0.4335 -722.6581
v  1330.9210 0.4399 -722.6580
v  1330.9801 0.4460 -752.3530
v  1332.2379 0.4302 -722.6582
v  1332.2888 0.4409 -752.3539
v  1330.3257 0.4516 -752.3525
v  1330.2627 0.4517 -722.6578
v  1329.6715 0.4698 -752.3519
v  1329.6049 0.4787 -722.6575
v  1329.0177 0.5019 -752.3514
v  1328.9476 0.5202 -722.6573
v  1328.3647 0.5497 -752.3509
v  1328.2919 0.5792 -722.6570
v  1327.7145 0.6289 -752.3504
v  1327.6382 0.6579 -722.6568
v  1327.0656 0.7201 -752.3499
v  1326.9873 0.7569 -722.6565
v  1326.4182 0.8241 -752.3493
v  1326.3387 0.8696 -722.6561
v  1325.7736 0.9466 -752.3489
v  1325.6927 0.9945 -722.6556
v  1325.0494 1.1302 -722.6550
v  1325.1299 1.0756 -752.3486
v  1324.4871 1.2113 -752.3484
v  1324.4073 1.2700 -722.6544
v  1323.7661 1.4081 -722.6534
v  1323.8435 1.3487 -752.3484
v  1323.1975 1.4781 -752.3486
v  1323.1248 1.5382 -722.6524
v  1322.5479 1.5981 -752.3489
v  1322.4832 1.6546 -722.6511
v  1321.8923 1.6840 -752.3490
v  1321.8372 1.7321 -722.6496
v  1321.2338 1.7427 -752.3500
v  1321.1917 1.7757 -722.6476
v  1320.5753 1.7573 -752.3511
v  1320.5472 1.7716 -722.6459
v  1319.9216 1.7118 -752.3519
v  1319.9055 1.7067 -722.6447
v  1319.2859 1.5485 -752.3530
v  1319.2750 1.5365 -722.6435
v  1318.6948 1.2806 -752.3533
v  1318.6840 1.2676 -722.6434
v  1318.1604 0.9294 -752.3520
v  1318.1525 0.9201 -722.6451
v  1317.6921 0.5188 -722.6489
v  1317.6921 0.5188 -752.3489
v  1337.5229 0.4427 -752.3550
v  1337.5027 0.4212 -722.6570
v  1336.8447 0.4230 -722.6575
v  1336.8687 0.4427 -752.3552
v  1335.5602 0.4420 -752.3552
v  1336.2145 0.4426 -752.3552
v  1336.1868 0.4244 -722.6578
v  1335.5288 0.4252 -722.6580
v  1334.9060 0.4413 -752.3550
v  1334.8707 0.4251 -722.6581
v  1334.2517 0.4405 -752.3549
v  1334.2126 0.4254 -722.6583
v  1333.5974 0.4402 -752.3546
v  1333.5544 0.4262 -722.6583
v  1332.9431 0.4403 -752.3543
v  1332.8961 0.4277 -722.6583
v  1338.1771 0.4427 -752.3547
v  1338.1605 0.4194 -722.6565
v  1322.3475 1.8941 -752.3487
v  1321.6921 1.9711 -752.3489
v  1321.6057 2.0165 -722.6483
v  1322.2521 1.9462 -722.6497
v  1322.8942 1.8314 -722.6509
v  1322.9956 1.7768 -752.3484
v  1323.5355 1.6982 -722.6521
v  1323.6394 1.6459 -752.3483
v  1324.1763 1.5527 -722.6531
v  1324.2804 1.5037 -752.3482
v  1321.0334 2.0189 -752.3499
v  1320.9607 2.0483 -722.6467
v  1320.3760 2.0211 -752.3511
v  1320.3186 2.0289 -722.6452
v  1319.7230 1.9606 -752.3522
v  1319.6813 1.9461 -722.6442
v  1318.5197 1.4634 -752.3537
v  1318.0073 1.0728 -752.3522
v  1317.9943 1.0628 -722.6450
v  1318.4955 1.4469 -722.6429
v  1317.5645 0.6259 -752.3489
v  1317.5645 0.6259 -722.6489
v  1319.0612 1.7518 -722.6427
v  1319.0953 1.7678 -752.3536
v  1337.2893 0.5658 -752.3541
v  1336.6353 0.5652 -752.3542
v  1336.6056 0.5486 -722.6555
v  1337.2638 0.5471 -722.6550
v  1337.9220 0.5455 -722.6544
v  1337.9434 0.5667 -752.3538
v  1335.9813 0.5647 -752.3543
v  1335.9473 0.5497 -722.6559
v  1335.3271 0.5650 -752.3543
v  1335.2888 0.5504 -722.6563
v  1334.6731 0.5651 -752.3542
v  1334.6304 0.5505 -722.6566
v  1334.0190 0.5649 -752.3541
v  1333.9719 0.5510 -722.6568
v  1333.3650 0.5649 -752.3538
v  1333.3132 0.5520 -722.6569
v  1332.7108 0.5652 -752.3535
v  1332.6545 0.5533 -722.6570
v  1332.0568 0.5659 -752.3532
v  1331.9957 0.5556 -722.6570
v  1331.4027 0.5692 -752.3529
v  1331.3369 0.5601 -722.6569
v  1330.7487 0.5795 -752.3525
v  1330.6780 0.5705 -722.6568
v  1330.0948 0.5977 -752.3522
v  1330.0192 0.5904 -722.6566
v  1329.4419 0.6378 -752.3517
v  1329.3612 0.6314 -722.6564
v  1328.7899 0.6912 -752.3513
v  1328.7045 0.6888 -722.6562
v  1328.1392 0.7593 -752.3507
v  1328.0497 0.7652 -722.6560
v  1327.4917 0.8565 -752.3502
v  1327.3975 0.8623 -722.6558
v  1326.8461 0.9646 -752.3497
v  1326.7484 0.9795 -722.6555
v  1326.2019 1.0843 -752.3491
v  1326.1022 1.1101 -722.6550
v  1325.5607 1.2197 -752.3487
v  1325.4584 1.2515 -722.6545
v  1324.9202 1.3594 -752.3484
v  1324.8170 1.4018 -722.6539
v  1317.4037 0.4344 -722.6489
v  1317.5314 0.3273 -722.6489
v  1317.5314 0.3273 -752.3489
v  1317.4037 0.4344 -752.3489
v  1317.2430 0.2429 -722.6489
v  1317.3707 0.1357 -722.6489
v  1317.3707 0.1357 -752.3489
v  1317.2430 0.2429 -752.3489
v  1312.1550 3.5951 -722.6287
v  1312.7357 3.8955 -722.6310
v  1312.5935 3.7270 -752.3393
v  1313.3496 4.1492 -722.6331
v  1313.1824 3.9879 -752.3455
v  1313.9868 4.3565 -722.6362
v  1313.8300 4.1908 -752.3506
v  1314.6356 4.5056 -722.6398
v  1314.4991 4.3425 -752.3549
v  1315.2859 4.5863 -722.6421
v  1315.1814 4.4325 -752.3585
v  1315.9139 4.4894 -722.6432
v  1315.8633 4.3486 -752.3606
v  1316.4927 4.2706 -722.6437
v  1316.5006 4.1363 -752.3591
v  1317.0051 3.9301 -722.6431
v  1317.0392 3.7959 -752.3577
v  1317.4192 3.4397 -722.6400
v  1317.4596 3.3420 -752.3575
v  1317.6228 2.8116 -722.6398
v  1301.5125 0.2962 -722.5644
v  1302.1647 0.3168 -722.5676
v  1302.0293 0.3093 -752.2626
v  1301.3590 0.2890 -752.2578
v  1302.8164 0.3486 -722.5709
v  1302.6997 0.3403 -752.2673
v  1303.4674 0.3956 -722.5744
v  1303.3698 0.3937 -752.2719
v  1304.1156 0.4699 -722.5778
v  1304.0385 0.4709 -752.2763
v  1304.7604 0.5703 -722.5814
v  1304.7057 0.5696 -752.2806
v  1305.4011 0.6958 -722.5850
v  1305.3687 0.7028 -752.2850
v  1306.0375 0.8459 -722.5886
v  1306.0229 0.8625 -752.2891
v  1306.6631 1.0316 -722.5923
v  1306.6661 1.0423 -752.2931
v  1307.2780 1.2436 -722.5960
v  1307.2894 1.2502 -752.2970
v  1307.8827 1.4785 -722.5998
v  1307.8947 1.4825 -752.3009
v  1308.4774 1.7334 -722.6034
v  1308.4885 1.7287 -752.3048
v  1309.0604 2.0121 -722.6069
v  1309.0667 1.9950 -752.3090
v  1300.6886 0.2793 -752.2527
v  1300.8599 0.2833 -722.5612
v  1309.6365 2.3045 -722.6105
v  1309.6353 2.2739 -752.3132
v  1310.2062 2.6089 -722.6139
v  1310.1992 2.5598 -752.3176
v  1310.7694 2.9235 -722.6172
v  1310.7577 2.8527 -752.3223
v  1311.3323 3.2373 -722.6203
v  1311.3160 3.1463 -752.3271
v  1311.8975 3.5455 -722.6232
v  1311.8754 3.4405 -752.3321
v  1312.4695 3.8436 -722.6259
v  1312.4426 3.7210 -752.3373
v  1313.0632 4.1184 -722.6284
v  1313.0349 3.9767 -752.3432
v  1313.6987 4.3432 -722.6310
v  1313.6564 4.2067 -752.3496
v  1314.3519 4.5058 -722.6334
v  1314.3165 4.3408 -752.3544
v  1315.0067 4.6227 -722.6355
v  1314.9823 4.4374 -752.3583
v  1315.6577 4.6189 -722.6373
v  1315.6508 4.4327 -752.3613
v  1316.2761 4.4238 -722.6367
v  1316.3080 4.2512 -752.3635
v  1316.8402 4.1408 -722.6359
v  1316.9017 3.9621 -752.3613
v  1317.3258 3.7383 -722.6342
v  1317.3787 3.5634 -752.3598
v  1317.6978 3.1954 -722.6304
v  1317.7274 3.0737 -752.3594
v  1317.7698 2.5283 -722.6324
v  1317.8092 2.4906 -752.3575
v  1317.7850 2.0907 -722.6412
v  1317.7942 2.0315 -752.3515
v  1317.6421 1.3353 -722.6478
v  1317.6875 1.3677 -752.3472
v  1317.4368 0.7329 -722.6489
v  1317.4368 0.7311 -752.3489
v  1317.2761 0.5415 -752.3489
v  1317.1475 0.6494 -752.3489
v  1317.1475 0.6494 -722.6489
v  1317.2761 0.5415 -722.6489
v  1317.1154 0.3500 -752.3489
v  1317.1154 0.3500 -722.6489
v  1326.7034 1.1110 -722.6521
v  1326.7057 1.0848 -752.3459
v  1327.3549 0.9696 -752.3461
v  1327.3501 0.9898 -722.6522
v  1326.0579 1.2102 -752.3457
v  1326.0588 1.2431 -722.6519
v  1328.0056 0.8647 -752.3464
v  1327.9998 0.8877 -722.6523
v  1324.7686 1.4945 -752.3459
v  1325.4130 1.3509 -752.3458
v  1325.4165 1.3847 -722.6516
v  1324.7761 1.5346 -722.6512
v  1328.6516 0.8051 -722.6524
v  1328.6597 0.7901 -752.3467
v  1329.3146 0.7294 -752.3470
v  1329.3051 0.7386 -722.6525
v  1324.1248 1.6407 -752.3461
v  1324.1357 1.6832 -722.6506
v  1329.9595 0.6858 -722.6526
v  1329.9703 0.6828 -752.3474
v  1330.6149 0.6521 -722.6528
v  1330.6268 0.6565 -752.3477
v  1331.2703 0.6280 -722.6529
v  1331.2832 0.6363 -752.3480
v  1331.9259 0.6105 -722.6530
v  1331.9397 0.6221 -752.3481
v  1332.5815 0.5970 -722.6530
v  1332.5961 0.6109 -752.3483
v  1333.2371 0.5864 -722.6530
v  1333.2526 0.6009 -752.3484
v  1333.8927 0.5769 -722.6529
v  1333.9088 0.5921 -752.3486
v  1334.5483 0.5685 -722.6528
v  1334.5652 0.5843 -752.3486
v  1335.2039 0.5613 -722.6526
v  1335.2214 0.5776 -752.3486
v  1335.8594 0.5552 -722.6523
v  1335.8778 0.5722 -752.3484
v  1336.5150 0.5504 -722.6520
v  1336.5342 0.5686 -752.3482
v  1337.1707 0.5471 -722.6516
v  1337.1903 0.5668 -752.3480
v  1317.9399 1.1149 -722.6437
v  1317.9543 1.1169 -752.3536
v  1318.4233 1.5345 -752.3557
v  1318.4095 1.5350 -722.6411
v  1318.9664 1.8618 -722.6407
v  1318.9691 1.8611 -752.3554
v  1319.5875 2.0696 -722.6418
v  1319.5861 2.0657 -752.3536
v  1320.2343 2.1489 -722.6428
v  1320.2294 2.1356 -752.3522
v  1320.8898 2.1648 -722.6448
v  1320.8795 2.1410 -752.3505
v  1321.5479 2.1322 -722.6469
v  1321.5328 2.0977 -752.3489
v  1322.2036 2.0670 -722.6481
v  1322.1857 2.0237 -752.3481
v  1322.8510 1.9547 -722.6490
v  1322.8342 1.9106 -752.3474
v  1323.4944 1.8249 -722.6499
v  1323.4806 1.7829 -752.3467
v  1317.8394 1.2080 -722.6445
v  1318.3160 1.6282 -722.6420
v  1318.3176 1.6208 -752.3539
v  1317.8435 1.2034 -752.3519
v  1317.4368 0.7330 -752.3489
v  1317.4368 0.7330 -722.6489
v  1318.8673 1.9662 -722.6412
v  1318.8618 1.9604 -752.3546
v  1319.4823 2.1895 -722.6424
v  1319.4742 2.1826 -752.3536
v  1320.1287 2.2822 -722.6435
v  1320.1122 2.2660 -752.3527
v  1320.7849 2.3059 -722.6454
v  1320.7565 2.2821 -752.3511
v  1321.4431 2.2791 -722.6473
v  1321.4053 2.2476 -752.3495
v  1322.0975 2.2204 -722.6487
v  1322.0570 2.1816 -752.3489
v  1322.7446 2.1155 -722.6499
v  1322.7074 2.0753 -752.3482
v  1323.3878 1.9903 -722.6509
v  1323.3558 1.9521 -752.3475
v  1324.0288 1.8512 -722.6517
v  1324.0023 1.8117 -752.3467
v  1324.6686 1.7037 -722.6523
v  1324.6478 1.6652 -752.3463
v  1325.3080 1.5530 -722.6528
v  1325.2936 1.5204 -752.3460
v  1325.9493 1.4098 -722.6531
v  1325.9399 1.3781 -752.3458
v  1326.5928 1.2754 -722.6533
v  1326.5884 1.2497 -752.3458
v  1327.2385 1.1511 -722.6533
v  1327.2383 1.1310 -752.3459
v  1327.8873 1.0454 -722.6534
v  1327.8895 1.0227 -752.3460
v  1328.5386 0.9593 -722.6534
v  1328.5439 0.9441 -752.3462
v  1329.1917 0.8897 -722.6535
v  1329.1995 0.8798 -752.3464
v  1329.8457 0.8342 -722.6535
v  1329.8558 0.8300 -752.3466
v  1330.5007 0.7978 -722.6536
v  1330.5127 0.8016 -752.3467
v  1331.1561 0.7718 -722.6536
v  1331.1696 0.7797 -752.3469
v  1331.8116 0.7531 -722.6536
v  1331.8264 0.7645 -752.3470
v  1332.4672 0.7389 -722.6535
v  1332.4832 0.7528 -752.3471
v  1333.1228 0.7282 -722.6534
v  1333.1399 0.7424 -752.3471
v  1333.7783 0.7185 -722.6533
v  1333.7966 0.7335 -752.3471
v  1334.4341 0.7099 -722.6531
v  1334.4532 0.7254 -752.3470
v  1335.0897 0.7024 -722.6528
v  1335.1099 0.7184 -752.3469
v  1335.7452 0.6961 -722.6525
v  1335.7664 0.7127 -752.3466
v  1336.4009 0.6911 -722.6522
v  1336.4230 0.7089 -752.3463
v  1337.0564 0.6876 -722.6517
v  1337.0795 0.7067 -752.3459
v  1337.6121 0.6859 -722.6511
v  1337.6361 0.7063 -752.3455
v  1325.2878 0.7914 -722.6538
v  1325.2947 0.7511 -752.3478
v  1325.9452 0.6416 -752.3480
v  1325.9354 0.6754 -722.6544
v  1324.6458 0.8711 -752.3477
v  1324.6427 0.9186 -722.6531
v  1326.5858 0.5762 -722.6547
v  1326.5974 0.5441 -752.3484
v  1327.2383 0.4926 -722.6551
v  1327.2523 0.4704 -752.3489
v  1327.8925 0.4234 -722.6555
v  1327.9081 0.4077 -752.3493
v  1328.5479 0.3711 -722.6559
v  1328.5647 0.3563 -752.3498
v  1329.2040 0.3333 -722.6562
v  1329.2222 0.3272 -752.3503
v  1329.8606 0.3076 -722.6566
v  1329.8796 0.3068 -752.3507
v  1330.5175 0.2912 -722.6570
v  1330.5374 0.2952 -752.3511
v  1331.1743 0.2839 -722.6573
v  1331.1948 0.2908 -752.3516
v  1331.8312 0.2799 -722.6576
v  1331.8521 0.2878 -752.3519
v  1332.4879 0.2776 -722.6578
v  1332.5093 0.2864 -752.3522
v  1333.1663 0.2870 -752.3525
v  1333.1445 0.2755 -722.6580
v  1333.8011 0.2740 -722.6581
v  1333.8231 0.2884 -752.3526
v  1334.4576 0.2736 -722.6581
v  1334.4799 0.2904 -752.3527
v  1335.1141 0.2741 -722.6581
v  1335.1366 0.2923 -752.3527
v  1335.7705 0.2751 -722.6580
v  1335.7933 0.2950 -752.3526
v  1336.4269 0.2739 -722.6577
v  1336.4500 0.2985 -752.3524
v  1337.7395 0.2700 -722.6569
v  1337.7632 0.2945 -752.3519
v  1338.4198 0.2934 -752.3515
v  1338.3958 0.2689 -722.6564
v  1337.1066 0.2962 -752.3522
v  1337.0833 0.2719 -722.6574
v  1318.3219 0.7918 -722.6459
v  1318.3260 0.7969 -752.3513
v  1318.8876 1.1028 -752.3521
v  1318.8824 1.1032 -722.6444
v  1317.8198 0.4116 -752.3489
v  1317.8198 0.4116 -722.6489
v  1319.4921 1.3320 -722.6442
v  1319.4901 1.3215 -752.3517
v  1320.1309 1.4661 -722.6448
v  1320.1194 1.4438 -752.3509
v  1320.7739 1.4872 -722.6458
v  1320.7574 1.4589 -752.3503
v  1321.4193 1.4584 -722.6475
v  1321.4026 1.4231 -752.3494
v  1322.0658 1.3918 -722.6493
v  1322.0522 1.3477 -752.3486
v  1322.7126 1.3006 -722.6504
v  1322.7028 1.2485 -752.3483
v  1323.3557 1.1784 -722.6514
v  1323.3510 1.1262 -752.3480
v  1323.9988 1.0494 -722.6523
v  1323.9987 1.0001 -752.3478
v  1318.2109 0.8884 -752.3506
v  1318.2115 0.8677 -722.6465
v  1319.3784 1.4168 -722.6448
v  1319.3561 1.4244 -752.3514
v  1318.7672 1.1915 -752.3513
v  1318.7750 1.1726 -722.6451
v  1320.6586 1.6354 -722.6466
v  1320.6107 1.6186 -752.3505
v  1319.9760 1.5725 -752.3511
v  1320.0118 1.5801 -722.6452
v  1321.3082 1.6323 -722.6487
v  1321.2537 1.6067 -752.3495
v  1321.9587 1.5844 -722.6509
v  1321.9022 1.5473 -752.3486
v  1330.4062 0.4431 -722.6598
v  1331.0627 0.4348 -722.6603
v  1331.0535 0.4419 -752.3550
v  1330.3945 0.4470 -752.3545
v  1329.7352 0.4608 -752.3539
v  1329.7500 0.4613 -722.6593
v  1331.7190 0.4303 -722.6607
v  1331.7124 0.4388 -752.3557
v  1332.3751 0.4278 -722.6611
v  1332.3710 0.4375 -752.3561
v  1333.0312 0.4259 -722.6614
v  1333.0294 0.4376 -752.3565
v  1333.6873 0.4247 -722.6616
v  1333.6876 0.4382 -752.3569
v  1334.3431 0.4243 -722.6618
v  1334.3458 0.4394 -752.3572
v  1334.9990 0.4246 -722.6619
v  1335.0039 0.4409 -752.3574
v  1335.6548 0.4253 -722.6619
v  1335.6619 0.4424 -752.3574
v  1336.3104 0.4245 -722.6619
v  1336.3198 0.4440 -752.3575
v  1336.9662 0.4230 -722.6617
v  1336.9779 0.4437 -752.3574
v  1337.6217 0.4212 -722.6614
v  1337.6357 0.4433 -752.3573
v  1338.1605 0.4194 -722.6609
v  1338.1769 0.4427 -752.3571
v  1322.6089 1.5062 -722.6522
v  1322.5527 1.4575 -752.3486
v  1323.2535 1.3904 -722.6532
v  1323.2014 1.3423 -752.3486
v  1323.8977 1.2652 -722.6542
v  1323.8495 1.2196 -752.3486
v  1324.5419 1.1350 -722.6550
v  1324.4971 1.0905 -752.3489
v  1325.1864 1.0041 -722.6557
v  1325.1460 0.9650 -752.3493
v  1325.8323 0.8793 -722.6563
v  1325.7964 0.8467 -752.3497
v  1326.4806 0.7687 -722.6568
v  1326.4482 0.7381 -752.3504
v  1327.1312 0.6726 -722.6572
v  1327.1033 0.6513 -752.3511
v  1327.7837 0.5908 -722.6577
v  1327.7594 0.5774 -752.3517
v  1328.4382 0.5314 -722.6582
v  1328.4170 0.5179 -752.3525
v  1329.0938 0.4895 -722.6588
v  1329.0760 0.4845 -752.3532
v  1317.6591 0.2201 -722.6489
v  1317.6591 0.2201 -752.3489
v  1324.1154 0.9228 -752.3475
v  1324.0981 0.9458 -722.6557
v  1324.7449 0.8384 -722.6556
v  1324.7618 0.8143 -752.3477
v  1325.3916 0.7270 -722.6555
v  1325.4087 0.7075 -752.3479
v  1323.4691 1.0308 -752.3475
v  1323.4517 1.0506 -722.6557
v  1322.8217 1.1286 -752.3478
v  1322.8059 1.1515 -722.6553
v  1322.1724 1.2138 -752.3483
v  1322.1588 1.2375 -722.6542
v  1321.5212 1.2874 -752.3489
v  1321.5112 1.3099 -722.6526
v  1320.8655 1.3238 -752.3499
v  1320.8635 1.3402 -722.6508
v  1320.2079 1.3009 -752.3510
v  1320.2189 1.3262 -722.6495
v  1319.5496 1.2238 -752.3520
v  1319.5746 1.2740 -722.6485
v  1318.9164 1.0325 -752.3513
v  1318.9539 1.0577 -722.6470
v  1318.3413 0.7518 -752.3502
v  1318.3688 0.7684 -722.6472
v  1326.0408 0.6297 -722.6555
v  1326.0570 0.6096 -752.3481
v  1326.6914 0.5421 -722.6555
v  1326.7065 0.5204 -752.3483
v  1337.8456 0.2924 -752.3522
v  1337.1897 0.2937 -752.3520
v  1337.1881 0.2698 -722.6572
v  1337.8446 0.2689 -722.6567
v  1338.4763 0.2689 -722.6564
v  1338.4766 0.2934 -752.3522
v  1336.5337 0.2973 -752.3517
v  1336.5314 0.2719 -722.6575
v  1335.8777 0.2925 -752.3515
v  1335.8748 0.2731 -722.6577
v  1335.2219 0.2883 -752.3513
v  1335.2181 0.2730 -722.6578
v  1334.5662 0.2858 -752.3510
v  1334.5614 0.2711 -722.6578
v  1333.9103 0.2822 -752.3507
v  1333.9048 0.2718 -722.6578
v  1333.2545 0.2793 -752.3504
v  1333.2480 0.2687 -722.6579
v  1332.5988 0.2780 -752.3502
v  1332.5913 0.2593 -722.6581
v  1331.9431 0.2789 -752.3500
v  1331.9346 0.2565 -722.6581
v  1331.2874 0.2816 -752.3497
v  1331.2778 0.2575 -722.6580
v  1330.6316 0.2871 -752.3495
v  1330.6211 0.2635 -722.6577
v  1329.9761 0.2973 -752.3494
v  1329.9645 0.2837 -722.6572
v  1329.3207 0.3138 -752.3493
v  1329.3082 0.3126 -722.6566
v  1328.6655 0.3437 -752.3492
v  1328.6527 0.3548 -722.6562
v  1328.0115 0.3904 -752.3490
v  1327.9983 0.4093 -722.6559
v  1327.3582 0.4475 -752.3487
v  1327.3444 0.4707 -722.6556
v  1301.5125 0.3001 -722.5644
v  1302.1647 0.3235 -722.5676
v  1302.0293 0.3208 -752.2626
v  1301.3590 0.2966 -752.2578
v  1302.8164 0.3583 -722.5709
v  1302.6997 0.3561 -752.2673
v  1303.4674 0.4085 -722.5744
v  1303.3698 0.4141 -752.2719
v  1304.1156 0.4861 -722.5778
v  1304.0385 0.4961 -752.2763
v  1304.7604 0.5901 -722.5814
v  1304.7057 0.5999 -752.2806
v  1305.4011 0.7192 -722.5850
v  1305.3687 0.7383 -752.2850
v  1306.0375 0.8730 -722.5886
v  1306.0229 0.9034 -752.2891
v  1306.6631 1.0624 -722.5923
v  1306.6661 1.0885 -752.2931
v  1307.2780 1.2782 -722.5960
v  1307.2894 1.3017 -752.2970
v  1307.8827 1.5168 -722.5998
v  1307.8947 1.5391 -752.3009
v  1308.4774 1.7754 -722.6034
v  1308.4885 1.7903 -752.3048
v  1309.0604 2.0576 -722.6069
v  1309.0667 2.0614 -752.3090
v  1300.6886 0.2833 -752.2527
v  1300.8599 0.2847 -722.5612
v  1309.6365 2.3535 -722.6105
v  1309.6353 2.3450 -752.3132
v  1310.2062 2.6610 -722.6139
v  1310.1992 2.6352 -752.3176
v  1310.7694 2.9786 -722.6172
v  1310.7577 2.9323 -752.3223
v  1311.3323 3.2953 -722.6203
v  1311.3160 3.2297 -752.3271
v  1311.8975 3.6060 -722.6232
v  1311.8754 3.5273 -752.3321
v  1312.4695 3.9064 -722.6259
v  1312.4426 3.8109 -752.3373
v  1313.0632 4.1832 -722.6284
v  1313.0349 4.0694 -752.3432
v  1313.6987 4.4097 -722.6310
v  1313.6564 4.3018 -752.3496
v  1314.3519 4.5736 -722.6334
v  1314.3165 4.4378 -752.3544
v  1315.0067 4.6613 -722.6355
v  1314.9823 4.5056 -752.3583
v  1315.6577 4.6578 -722.6373
v  1315.6508 4.5016 -752.3613
v  1316.2761 4.4926 -722.6367
v  1316.3080 4.3500 -752.3635
v  1316.8402 4.2090 -722.6359
v  1316.9017 4.0602 -752.3613
v  1317.3258 3.8053 -722.6342
v  1317.3787 3.6603 -752.3598
v  1317.6978 3.2611 -722.6304
v  1317.7274 3.1691 -752.3594
v  1317.8197 2.5925 -722.6324
v  1317.8591 2.5844 -752.3575
v  1317.8240 1.9504 -722.6412
v  1317.8833 1.9841 -752.3515
v  1317.6731 1.3347 -722.6478
v  1317.7185 1.3671 -752.3472
v  1317.4368 0.7324 -722.6489
v  1317.4368 0.7324 -752.3489
v  1323.2249 2.1740 -722.6660
v  1323.8671 2.0137 -722.6660
v  1323.8883 1.9736 -752.3613
v  1323.2489 2.1361 -752.3628
v  1322.6061 2.2836 -752.3647
v  1322.5806 2.3235 -722.6655
v  1321.9594 2.4158 -752.3669
v  1321.9327 2.4553 -722.6649
v  1324.5085 1.8489 -722.6659
v  1324.5272 1.8085 -752.3604
v  1325.1504 1.6860 -722.6655
v  1325.1676 1.6478 -752.3597
v  1317.8165 1.2511 -722.6703
v  1318.2367 1.7259 -722.6747
v  1318.1835 1.7841 -752.3836
v  1317.7513 1.3138 -752.3766
v  1317.4368 0.7311 -722.6489
v  1318.7175 2.1396 -722.6670
v  1318.7150 2.1444 -752.3771
v  1319.3013 2.4061 -722.6636
v  1319.3190 2.4004 -752.3757
v  1319.9421 2.5398 -722.6624
v  1319.9761 2.5108 -752.3748
v  1320.6056 2.5789 -722.6627
v  1320.6400 2.5371 -752.3725
v  1321.2734 2.5413 -722.6639
v  1321.3027 2.4997 -752.3695
v  1325.7941 1.5318 -722.6649
v  1325.8093 1.4921 -752.3593
v  1326.4398 1.3871 -722.6642
v  1326.4553 1.3540 -752.3590
v  1327.0876 1.2528 -722.6633
v  1327.1029 1.2256 -752.3587
v  1327.7380 1.1363 -722.6625
v  1327.7524 1.1077 -752.3585
v  1328.3907 1.0387 -722.6616
v  1328.4058 1.0182 -752.3583
v  1329.0455 0.9582 -722.6608
v  1329.0603 0.9430 -752.3580
v  1329.7013 0.8929 -722.6600
v  1329.7163 0.8828 -752.3577
v  1330.3582 0.8471 -722.6594
v  1330.3733 0.8445 -752.3574
v  1331.0153 0.8128 -722.6587
v  1331.0305 0.8141 -752.3571
v  1331.6726 0.7872 -722.6580
v  1331.6879 0.7918 -752.3567
v  1332.3301 0.7675 -722.6574
v  1332.3452 0.7747 -752.3563
v  1332.9874 0.7522 -722.6568
v  1333.0027 0.7595 -752.3560
v  1333.6448 0.7387 -722.6561
v  1333.6602 0.7465 -752.3557
v  1334.3021 0.7268 -722.6556
v  1334.3176 0.7349 -752.3553
v  1334.9595 0.7166 -722.6550
v  1334.9752 0.7251 -752.3550
v  1335.6168 0.7081 -722.6545
v  1335.6328 0.7170 -752.3546
v  1336.2743 0.7016 -722.6541
v  1336.2904 0.7115 -752.3542
v  1336.9316 0.6975 -722.6536
v  1336.9479 0.7086 -752.3538
v  1337.5890 0.6959 -722.6531
v  1337.6055 0.7083 -752.3535
v  1326.8252 1.4054 -752.3320
v  1326.8312 1.4125 -722.6405
v  1327.4725 1.2702 -722.6400
v  1327.4683 1.2571 -752.3312
v  1328.1178 1.1503 -722.6396
v  1328.1169 1.1408 -752.3302
v  1328.7659 1.0484 -722.6391
v  1328.7675 1.0401 -752.3293
v  1329.4158 0.9625 -722.6385
v  1329.4200 0.9553 -752.3284
v  1330.0680 0.9014 -722.6380
v  1330.0748 0.8999 -752.3275
v  1330.7209 0.8567 -722.6374
v  1330.7302 0.8569 -752.3265
v  1331.3746 0.8239 -722.6368
v  1331.3862 0.8268 -752.3256
v  1332.0286 0.7992 -722.6362
v  1332.0424 0.8054 -752.3247
v  1332.6827 0.7805 -722.6356
v  1332.6989 0.7862 -752.3238
v  1333.3372 0.7636 -722.6349
v  1333.3552 0.7696 -752.3230
v  1333.9916 0.7480 -722.6343
v  1334.0118 0.7546 -752.3222
v  1334.6461 0.7338 -722.6337
v  1334.6686 0.7413 -752.3214
v  1335.3008 0.7214 -722.6331
v  1335.3252 0.7299 -752.3206
v  1335.9554 0.7114 -722.6326
v  1335.9819 0.7209 -752.3196
v  1336.6102 0.7042 -722.6320
v  1336.6388 0.7144 -752.3188
v  1337.2650 0.6997 -722.6313
v  1337.2955 0.7106 -752.3180
v  1325.5454 1.7328 -752.3339
v  1325.5596 1.7454 -722.6410
v  1326.1938 1.5736 -722.6408
v  1326.1842 1.5640 -752.3329
v  1324.9100 1.9160 -752.3349
v  1324.9277 1.9265 -722.6411
v  1317.7606 1.3633 -722.6537
v  1318.1234 1.8969 -722.6500
v  1318.0739 1.8922 -752.3260
v  1317.7240 1.3699 -752.3293
v  1317.4368 0.8115 -752.3489
v  1317.4368 0.8115 -722.6489
v  1318.5591 2.3729 -722.6420
v  1318.5175 2.3650 -752.3362
v  1319.1135 2.7176 -722.6375
v  1319.0884 2.6997 -752.3425
v  1319.7463 2.8877 -722.6353
v  1319.7263 2.8584 -752.3458
v  1320.4061 2.9381 -722.6357
v  1320.3790 2.9000 -752.3457
v  1321.0782 2.8970 -722.6375
v  1321.0417 2.8566 -752.3436
v  1321.7462 2.7991 -722.6389
v  1321.7058 2.7699 -752.3421
v  1322.3951 2.6514 -722.6397
v  1322.3579 2.6280 -752.3404
v  1323.0331 2.4832 -722.6403
v  1323.0026 2.4667 -752.3387
v  1323.6666 2.3030 -722.6406
v  1323.6404 2.2871 -752.3372
v  1324.2979 2.1159 -722.6409
v  1324.2751 2.1009 -752.3360
v  1301.0823 0.2915 -723.8798
v  1301.7345 0.3462 -723.8249
v  1303.8641 0.7917 -753.4037
v  1303.2466 0.5750 -753.4515
v  1302.3864 0.4051 -723.7701
v  1304.4797 1.0136 -753.3550
v  1303.0370 0.4743 -723.7157
v  1305.0876 1.2545 -753.3058
v  1303.6854 0.5599 -723.6614
v  1305.6917 1.5041 -753.2562
v  1304.3323 0.6550 -723.6074
v  1306.2853 1.7778 -753.2060
v  1304.9752 0.7765 -723.5538
v  1306.8632 2.0823 -753.1545
v  1305.6124 0.9271 -723.5006
v  1307.4343 2.3999 -753.1024
v  1306.2428 1.1038 -723.4477
v  1307.9910 2.7426 -753.0492
v  1306.8691 1.2985 -723.3950
v  1308.5319 3.1088 -752.9950
v  1307.4851 1.5284 -723.3428
v  1309.0679 3.4822 -752.9405
v  1308.0917 1.7854 -723.2913
v  1309.5914 3.8725 -752.8854
v  1308.6896 2.0640 -723.2404
v  1310.1110 4.2679 -752.8303
v  1309.2830 2.3559 -723.1894
v  1310.6298 4.6635 -752.7751
v  1309.8705 2.6634 -723.1391
v  1311.1501 5.0565 -752.7206
v  1310.4528 2.9830 -723.0899
v  1311.6833 5.4312 -752.6673
v  1311.0334 3.3076 -723.0417
v  1312.2238 5.7926 -752.6132
v  1311.6165 3.6320 -722.9938
v  1312.7814 6.1285 -752.5637
v  1312.2029 3.9518 -722.9484
v  1313.3759 6.3815 -752.5193
v  1312.8002 4.2529 -722.9046
v  1313.9874 6.6023 -752.4740
v  1313.4192 4.5057 -722.8633
v  1314.6384 6.6680 -752.4434
v  1314.0543 4.7133 -722.8251
v  1315.2723 6.5305 -752.4236
v  1314.7081 4.8567 -722.7924
v  1315.8864 6.3405 -752.4042
v  1315.3737 4.9350 -722.7627
v  1316.4393 5.9983 -752.3916
v  1316.0334 4.8958 -722.7349
v  1316.9017 5.5519 -752.3826
v  1316.6705 4.7412 -722.7113
v  1317.3097 5.0518 -752.3777
v  1317.2537 4.4183 -722.6924
v  1317.6567 4.5006 -752.3729
v  1317.7054 3.9292 -722.6755
v  1317.9310 3.9111 -752.3718
v  1317.9733 3.3403 -722.6649
v  1318.0823 3.2867 -752.3702
v  1318.1285 2.6988 -722.6548
v  1318.1508 2.6419 -752.3677
v  1317.9685 2.0504 -722.6625
v  1317.9432 2.0291 -752.3488
v  1317.6771 1.4395 -722.6576
v  1317.6422 1.4455 -752.3419
v  1317.4368 0.8034 -722.6489
v  1317.4368 0.8112 -752.3489
# 1343 vertices

vt 0.4871 0.0001 0.0000
vt 0.4869 0.9997 0.0000
vt 0.4813 0.9997 0.0000
vt 0.4815 0.0001 0.0000
vt 0.4958 0.9997 0.0000
vt 0.4960 0.0001 0.0000
vt 0.5091 0.0001 0.0000
vt 0.5089 0.9997 0.0000
vt 0.4891 0.9997 0.0000
vt 0.4893 0.0001 0.0000
vt 0.4914 0.9997 0.0000
vt 0.4916 0.0001 0.0000
vt 0.4938 0.0001 0.0000
vt 0.4936 0.9997 0.0000
vt 0.5149 0.0001 0.0000
vt 0.5168 0.0001 0.0000
vt 0.5166 0.9997 0.0000
vt 0.5147 0.9997 0.0000
vt 0.5129 0.0001 0.0000
vt 0.5127 0.9997 0.0000
vt 0.5108 0.9997 0.0000
vt 0.5110 0.0001 0.0000
vt 0.9697 0.0001 0.0000
vt 0.9847 0.0001 0.0000
vt 0.9851 0.9995 0.0000
vt 0.9703 0.9994 0.0000
vt 1.0000 0.9995 0.0000
vt 0.9998 0.0000 0.0000
vt 0.9554 0.9994 0.0000
vt 0.9546 0.0001 0.0000
vt 0.9406 0.9994 0.0000
vt 0.9395 0.0001 0.0000
vt 0.9257 0.9994 0.0000
vt 0.9244 0.0001 0.0000
vt 0.9109 0.9994 0.0000
vt 0.9092 0.0001 0.0000
vt 0.8961 0.9994 0.0000
vt 0.8941 0.0001 0.0000
vt 0.8813 0.9994 0.0000
vt 0.8790 0.0001 0.0000
vt 0.8665 0.9993 0.0000
vt 0.8638 0.0001 0.0000
vt 0.8516 0.9993 0.0000
vt 0.8487 0.0001 0.0000
vt 0.8368 0.9993 0.0000
vt 0.8336 0.0002 0.0000
vt 0.8218 0.9993 0.0000
vt 0.8185 0.0002 0.0000
vt 0.8069 0.9993 0.0000
vt 0.8034 0.0002 0.0000
vt 0.7919 0.9993 0.0000
vt 0.7884 0.0002 0.0000
vt 0.7770 0.9993 0.0000
vt 0.7732 0.0002 0.0000
vt 0.7620 0.9993 0.0000
vt 0.7581 0.0003 0.0000
vt 0.7471 0.9992 0.0000
vt 0.7430 0.0003 0.0000
vt 0.7321 0.9992 0.0000
vt 0.7278 0.0003 0.0000
vt 0.7172 0.9992 0.0000
vt 0.7127 0.0003 0.0000
vt 0.7023 0.9992 0.0000
vt 0.6976 0.0003 0.0000
vt 0.6873 0.9993 0.0000
vt 0.6825 0.0003 0.0000
vt 0.6723 0.9993 0.0000
vt 0.6675 0.0003 0.0000
vt 0.6574 0.9994 0.0000
vt 0.6525 0.0002 0.0000
vt 0.6424 0.9995 0.0000
vt 0.6377 0.0003 0.0000
vt 0.6275 0.9996 0.0000
vt 0.6232 0.0002 0.0000
vt 0.6123 0.9998 0.0000
vt 0.6091 0.0002 0.0000
vt 0.5967 0.9998 0.0000
vt 0.5952 0.0001 0.0000
vt 0.5814 0.9998 0.0000
vt 0.5816 0.0001 0.0000
vt 0.5665 0.9999 0.0000
vt 0.5672 0.0001 0.0000
vt 0.5521 1.0000 0.0000
vt 0.5526 -0.0000 0.0000
vt 0.5381 0.9999 0.0000
vt 0.5382 0.0000 0.0000
vt 0.5234 0.9997 0.0000
vt 0.5237 0.0001 0.0000
vt 0.5230 0.0001 0.0000
vt 0.5228 0.9997 0.0000
vt 0.4064 0.9996 0.0000
vt 0.4058 0.0002 0.0000
vt 0.4208 0.0002 0.0000
vt 0.4215 0.9996 0.0000
vt 0.3913 0.9995 0.0000
vt 0.3908 0.0003 0.0000
vt 0.4367 0.9997 0.0000
vt 0.4359 0.0001 0.0000
vt 0.4510 0.0001 0.0000
vt 0.4518 0.9997 0.0000
vt 0.4665 0.9997 0.0000
vt 0.4660 0.0001 0.0000
vt 0.4810 0.0001 0.0000
vt 0.4808 0.9997 0.0000
vt 0.3311 0.9994 0.0000
vt 0.3309 0.0004 0.0000
vt 0.3459 0.0004 0.0000
vt 0.3462 0.9994 0.0000
vt 0.3609 0.0004 0.0000
vt 0.3612 0.9994 0.0000
vt 0.3759 0.0003 0.0000
vt 0.3762 0.9995 0.0000
vt 0.0301 0.9997 0.0000
vt 0.0151 0.9997 0.0000
vt 0.0151 0.0002 0.0000
vt 0.0301 0.0002 0.0000
vt 0.0000 0.0002 0.0000
vt 0.0000 0.9997 0.0000
vt 0.0452 0.0002 0.0000
vt 0.0452 0.9997 0.0000
vt 0.0602 0.0002 0.0000
vt 0.0603 0.9997 0.0000
vt 0.0753 0.0003 0.0000
vt 0.0753 0.9997 0.0000
vt 0.0903 0.0003 0.0000
vt 0.0904 0.9996 0.0000
vt 0.1054 0.0003 0.0000
vt 0.1055 0.9996 0.0000
vt 0.1204 0.0003 0.0000
vt 0.1205 0.9996 0.0000
vt 0.1355 0.0003 0.0000
vt 0.1356 0.9996 0.0000
vt 0.1505 0.0004 0.0000
vt 0.1506 0.9995 0.0000
vt 0.1656 0.0004 0.0000
vt 0.1657 0.9995 0.0000
vt 0.1806 0.0004 0.0000
vt 0.1808 0.9995 0.0000
vt 0.1958 0.9995 0.0000
vt 0.1957 0.0004 0.0000
vt 0.2107 0.0004 0.0000
vt 0.2109 0.9995 0.0000
vt 0.2257 0.0004 0.0000
vt 0.2259 0.9994 0.0000
vt 0.2409 0.9994 0.0000
vt 0.2408 0.0004 0.0000
vt 0.2558 0.0004 0.0000
vt 0.2560 0.9994 0.0000
vt 0.2708 0.0004 0.0000
vt 0.2710 0.9994 0.0000
vt 0.2859 0.0004 0.0000
vt 0.2861 0.9994 0.0000
vt 0.3009 0.0004 0.0000
vt 0.3011 0.9994 0.0000
vt 0.3159 0.0004 0.0000
vt 0.3161 0.9994 0.0000
vt 0.5231 0.9997 0.0000
vt 0.5233 0.0001 0.0000
vt 0.5235 0.0001 0.0000
vt 0.5233 0.9997 0.0000
vt 0.4809 0.9997 0.0000
vt 0.4812 0.0001 0.0000
vt 0.4813 0.0001 0.0000
vt 0.4811 0.9997 0.0000
vt 0.5185 0.9997 0.0000
vt 0.5129 0.9997 0.0000
vt 0.5126 0.0001 0.0000
vt 0.5182 0.0001 0.0000
vt 0.4910 0.0001 0.0000
vt 0.5041 0.0001 0.0000
vt 0.5044 0.9997 0.0000
vt 0.4913 0.9997 0.0000
vt 0.5107 0.9997 0.0000
vt 0.5105 0.0001 0.0000
vt 0.5062 0.0001 0.0000
vt 0.5083 0.0001 0.0000
vt 0.5086 0.9997 0.0000
vt 0.5065 0.9997 0.0000
vt 0.4839 0.9997 0.0000
vt 0.4836 0.0001 0.0000
vt 0.4855 0.0001 0.0000
vt 0.4858 0.9997 0.0000
vt 0.4894 0.9997 0.0000
vt 0.4876 0.9997 0.0000
vt 0.4873 0.0001 0.0000
vt 0.4892 0.0001 0.0000
vt 0.0149 0.9995 0.0000
vt 0.0152 0.0001 0.0000
vt 0.0303 0.0001 0.0000
vt 0.0297 0.9995 0.0000
vt 0.0000 0.9996 0.0000
vt 0.0001 0.0001 0.0000
vt 0.0446 0.9995 0.0000
vt 0.0454 0.0002 0.0000
vt 0.0594 0.9995 0.0000
vt 0.0605 0.0002 0.0000
vt 0.0743 0.9994 0.0000
vt 0.0756 0.0002 0.0000
vt 0.0891 0.9994 0.0000
vt 0.0907 0.0002 0.0000
vt 0.1039 0.9994 0.0000
vt 0.1058 0.0002 0.0000
vt 0.1187 0.9994 0.0000
vt 0.1209 0.0002 0.0000
vt 0.1335 0.9994 0.0000
vt 0.1360 0.0002 0.0000
vt 0.1483 0.9994 0.0000
vt 0.1512 0.0002 0.0000
vt 0.1632 0.9994 0.0000
vt 0.1662 0.0002 0.0000
vt 0.1781 0.9994 0.0000
vt 0.1813 0.0002 0.0000
vt 0.1930 0.9993 0.0000
vt 0.1964 0.0002 0.0000
vt 0.2080 0.9993 0.0000
vt 0.2115 0.0003 0.0000
vt 0.2229 0.9993 0.0000
vt 0.2266 0.0003 0.0000
vt 0.2379 0.9993 0.0000
vt 0.2417 0.0003 0.0000
vt 0.2528 0.9993 0.0000
vt 0.2569 0.0003 0.0000
vt 0.2678 0.9993 0.0000
vt 0.2720 0.0003 0.0000
vt 0.2827 0.9993 0.0000
vt 0.2871 0.0003 0.0000
vt 0.2976 0.9993 0.0000
vt 0.3022 0.0003 0.0000
vt 0.3126 0.9993 0.0000
vt 0.3173 0.0003 0.0000
vt 0.3276 0.9993 0.0000
vt 0.3323 0.0003 0.0000
vt 0.3426 0.9994 0.0000
vt 0.3473 0.0003 0.0000
vt 0.3576 0.9995 0.0000
vt 0.3622 0.0003 0.0000
vt 0.3725 0.9996 0.0000
vt 0.3767 0.0002 0.0000
vt 0.3878 0.9998 0.0000
vt 0.3908 0.0002 0.0000
vt 0.4034 0.9998 0.0000
vt 0.4048 0.0002 0.0000
vt 0.4187 0.9999 0.0000
vt 0.4185 0.0001 0.0000
vt 0.4338 0.9999 0.0000
vt 0.4330 0.0001 0.0000
vt 0.4482 1.0000 0.0000
vt 0.4477 0.0000 0.0000
vt 0.4623 0.9999 0.0000
vt 0.4621 0.0000 0.0000
vt 0.4770 0.9997 0.0000
vt 0.4767 0.0001 0.0000
vt 0.4777 0.9997 0.0000
vt 0.4774 0.0001 0.0000
vt 0.5791 0.0001 0.0000
vt 0.5941 0.0002 0.0000
vt 0.5936 0.9996 0.0000
vt 0.5784 0.9996 0.0000
vt 0.6087 0.9995 0.0000
vt 0.6091 0.0003 0.0000
vt 0.5633 0.9997 0.0000
vt 0.5640 0.0001 0.0000
vt 0.5489 0.0000 0.0000
vt 0.5481 0.9997 0.0000
vt 0.5334 0.9997 0.0000
vt 0.5338 0.0000 0.0000
vt 0.5188 0.0001 0.0000
vt 0.5191 0.9997 0.0000
vt 0.6540 0.0004 0.0000
vt 0.6690 0.0004 0.0000
vt 0.6689 0.9994 0.0000
vt 0.6539 0.9994 0.0000
vt 0.6391 0.0004 0.0000
vt 0.6389 0.9994 0.0000
vt 0.6241 0.0003 0.0000
vt 0.6238 0.9995 0.0000
vt 0.9849 0.0001 0.0000
vt 0.9849 0.9996 0.0000
vt 0.9699 0.9996 0.0000
vt 0.9698 0.0001 0.0000
vt 0.9999 0.0001 0.0000
vt 1.0000 0.9997 0.0000
vt 0.9548 0.0001 0.0000
vt 0.9548 0.9996 0.0000
vt 0.9397 0.0002 0.0000
vt 0.9397 0.9996 0.0000
vt 0.9246 0.0002 0.0000
vt 0.9247 0.9996 0.0000
vt 0.9096 0.0002 0.0000
vt 0.9096 0.9996 0.0000
vt 0.8945 0.0002 0.0000
vt 0.8945 0.9995 0.0000
vt 0.8795 0.0002 0.0000
vt 0.8795 0.9995 0.0000
vt 0.8644 0.0003 0.0000
vt 0.8644 0.9995 0.0000
vt 0.8494 0.0003 0.0000
vt 0.8494 0.9995 0.0000
vt 0.8343 0.0003 0.0000
vt 0.8343 0.9995 0.0000
vt 0.8193 0.0003 0.0000
vt 0.8192 0.9994 0.0000
vt 0.8042 0.9994 0.0000
vt 0.8043 0.0004 0.0000
vt 0.7892 0.0004 0.0000
vt 0.7892 0.9994 0.0000
vt 0.7742 0.0004 0.0000
vt 0.7741 0.9994 0.0000
vt 0.7591 0.9994 0.0000
vt 0.7592 0.0004 0.0000
vt 0.7441 0.0004 0.0000
vt 0.7440 0.9994 0.0000
vt 0.7291 0.0004 0.0000
vt 0.7290 0.9994 0.0000
vt 0.7141 0.0004 0.0000
vt 0.7140 0.9994 0.0000
vt 0.6991 0.0004 0.0000
vt 0.6990 0.9994 0.0000
vt 0.6840 0.0004 0.0000
vt 0.6839 0.9994 0.0000
vt 0.4770 0.0001 0.0000
vt 0.4772 0.0001 0.0000
vt 0.4775 0.9997 0.0000
vt 0.4772 0.9997 0.0000
vt 0.5184 0.0001 0.0000
vt 0.5186 0.0001 0.0000
vt 0.5189 0.9997 0.0000
vt 0.5187 0.9997 0.0000
vt 0.5410 0.4754 0.0000
vt 0.5458 0.4715 0.0000
vt 0.5459 0.4716 0.0000
vt 0.5412 0.4756 0.0000
vt 0.0159 0.0186 0.0000
vt 0.0213 0.0156 0.0000
vt 0.0214 0.0158 0.0000
vt 0.0160 0.0189 0.0000
vt 0.0008 0.0039 0.0000
vt 0.0079 0.0165 0.0000
vt 0.0077 0.0166 0.0000
vt 0.0006 0.0040 0.0000
vt 0.5466 0.4633 0.0000
vt 0.5374 0.4522 0.0000
vt 0.5376 0.4520 0.0000
vt 0.5468 0.4631 0.0000
vt 0.5474 0.4698 0.0000
vt 0.5476 0.4699 0.0000
vt 0.0137 0.0195 0.0000
vt 0.0138 0.0198 0.0000
vt 0.0094 0.0184 0.0000
vt 0.0114 0.0195 0.0000
vt 0.0113 0.0198 0.0000
vt 0.0092 0.0185 0.0000
vt 0.5482 0.4676 0.0000
vt 0.5478 0.4653 0.0000
vt 0.5480 0.4652 0.0000
vt 0.5485 0.4676 0.0000
vt 0.0027 -0.0030 0.0000
vt 0.0010 -0.0017 0.0000
vt 0.0009 -0.0019 0.0000
vt 0.0025 -0.0032 0.0000
vt 0.5320 0.4504 0.0000
vt 0.5303 0.4515 0.0000
vt 0.5301 0.4513 0.0000
vt 0.5319 0.4502 0.0000
vt 0.5359 0.4508 0.0000
vt 0.5340 0.4501 0.0000
vt 0.5340 0.4498 0.0000
vt 0.5360 0.4506 0.0000
vt 0.0000 0.0000 0.0000
vt 0.0000 0.0020 0.0000
vt -0.0002 0.0021 0.0000
vt -0.0002 -0.0001 0.0000
vt -0.4093 -0.1434 0.0000
vt -0.3939 -0.1376 0.0000
vt -0.3940 -0.1373 0.0000
vt -0.4094 -0.1432 0.0000
vt 0.5444 0.0332 0.0000
vt 0.5444 0.0166 0.0000
vt 0.5446 0.0166 0.0000
vt 0.5447 0.0332 0.0000
vt 0.5443 0.0000 0.0000
vt 0.5445 -0.0000 0.0000
vt 0.5002 1.0000 0.0000
vt 0.4995 0.0000 0.0000
vt 0.4998 0.0000 0.0000
vt 0.5005 1.0000 0.0000
vt -0.4246 -0.1493 0.0000
vt -0.4247 -0.1491 0.0000
vt 0.5445 0.0499 0.0000
vt 0.5447 0.0499 0.0000
vt -0.3786 -0.1318 0.0000
vt -0.3787 -0.1316 0.0000
vt 0.5442 0.0665 0.0000
vt 0.5445 0.0665 0.0000
vt -0.3631 -0.1263 0.0000
vt -0.3632 -0.1260 0.0000
vt 0.5437 0.0831 0.0000
vt 0.5439 0.0831 0.0000
vt -0.3476 -0.1209 0.0000
vt -0.3477 -0.1207 0.0000
vt 0.5429 0.0997 0.0000
vt 0.5431 0.0998 0.0000
vt -0.3320 -0.1160 0.0000
vt -0.3321 -0.1157 0.0000
vt 0.5414 0.1163 0.0000
vt 0.5416 0.1164 0.0000
vt -0.3163 -0.1117 0.0000
vt -0.3163 -0.1114 0.0000
vt 0.5394 0.1329 0.0000
vt 0.5397 0.1329 0.0000
vt -0.3004 -0.1078 0.0000
vt -0.3004 -0.1075 0.0000
vt 0.5370 0.1494 0.0000
vt 0.5372 0.1494 0.0000
vt -0.2843 -0.1045 0.0000
vt -0.2844 -0.1043 0.0000
vt 0.5337 0.1657 0.0000
vt 0.5339 0.1657 0.0000
vt -0.2682 -0.1018 0.0000
vt -0.2682 -0.1016 0.0000
vt 0.5298 0.1818 0.0000
vt 0.5301 0.1819 0.0000
vt -0.2519 -0.0996 0.0000
vt -0.2519 -0.0993 0.0000
vt 0.5251 0.1978 0.0000
vt 0.5254 0.1978 0.0000
vt -0.2355 -0.0984 0.0000
vt -0.2355 -0.0982 0.0000
vt 0.5198 0.2135 0.0000
vt 0.5200 0.2136 0.0000
vt -0.2190 -0.0979 0.0000
vt -0.2190 -0.0977 0.0000
vt 0.5141 0.2291 0.0000
vt 0.5143 0.2292 0.0000
vt -0.2025 -0.0979 0.0000
vt -0.2025 -0.0976 0.0000
vt 0.5079 0.2446 0.0000
vt 0.5081 0.2447 0.0000
vt -0.1859 -0.0984 0.0000
vt -0.1859 -0.0981 0.0000
vt 0.5013 0.2599 0.0000
vt 0.5016 0.2600 0.0000
vt -0.1694 -0.0993 0.0000
vt -0.1694 -0.0990 0.0000
vt 0.4946 0.2751 0.0000
vt 0.4948 0.2752 0.0000
vt -0.1530 -0.1005 0.0000
vt -0.1529 -0.1002 0.0000
vt 0.4877 0.2903 0.0000
vt 0.4880 0.2904 0.0000
vt -0.1365 -0.1018 0.0000
vt -0.1365 -0.1016 0.0000
vt 0.4809 0.3055 0.0000
vt 0.4812 0.3056 0.0000
vt -0.1201 -0.1031 0.0000
vt -0.1200 -0.1029 0.0000
vt 0.4742 0.3208 0.0000
vt 0.4745 0.3209 0.0000
vt -0.1036 -0.1043 0.0000
vt -0.1036 -0.1041 0.0000
vt 0.4678 0.3361 0.0000
vt 0.4680 0.3362 0.0000
vt -0.0871 -0.1048 0.0000
vt -0.0871 -0.1046 0.0000
vt 0.4618 0.3515 0.0000
vt 0.4621 0.3516 0.0000
vt -0.0705 -0.1048 0.0000
vt -0.0705 -0.1046 0.0000
vt 0.4565 0.3672 0.0000
vt 0.4567 0.3672 0.0000
vt -0.0540 -0.1041 0.0000
vt -0.0540 -0.1039 0.0000
vt 0.4528 0.3832 0.0000
vt 0.4531 0.3832 0.0000
vt -0.0377 -0.1012 0.0000
vt -0.0377 -0.1010 0.0000
vt 0.4515 0.3990 0.0000
vt 0.4518 0.3991 0.0000
vt -0.0218 -0.0966 0.0000
vt -0.0219 -0.0963 0.0000
vt 0.4519 0.4146 0.0000
vt 0.4521 0.4146 0.0000
vt -0.0065 -0.0896 0.0000
vt -0.0066 -0.0894 0.0000
vt 0.4569 0.4291 0.0000
vt 0.4571 0.4290 0.0000
vt 0.0067 -0.0784 0.0000
vt 0.0065 -0.0782 0.0000
vt 0.4652 0.4417 0.0000
vt 0.4654 0.4415 0.0000
vt 0.0174 -0.0653 0.0000
vt 0.0172 -0.0652 0.0000
vt 0.4771 0.4524 0.0000
vt 0.4773 0.4522 0.0000
vt 0.0254 -0.0507 0.0000
vt 0.0252 -0.0507 0.0000
vt 0.4926 0.4571 0.0000
vt 0.4927 0.4569 0.0000
vt 0.0237 -0.0348 0.0000
vt 0.0235 -0.0349 0.0000
vt 0.5084 0.4584 0.0000
vt 0.5084 0.4582 0.0000
vt 0.0183 -0.0202 0.0000
vt 0.0181 -0.0203 0.0000
vt 0.5244 0.4564 0.0000
vt 0.5243 0.4562 0.0000
vt 0.0093 -0.0067 0.0000
vt 0.0091 -0.0069 0.0000
vt 0.5250 0.4559 0.0000
vt 0.5248 0.4557 0.0000
vt 0.0087 -0.0064 0.0000
vt 0.0085 -0.0066 0.0000
vt 0.0865 0.0173 0.0000
vt 0.1023 0.0228 0.0000
vt 0.1022 0.0230 0.0000
vt 0.0864 0.0175 0.0000
vt 0.5191 0.5543 0.0000
vt 0.5193 0.5377 0.0000
vt 0.5195 0.5377 0.0000
vt 0.5193 0.5543 0.0000
vt 0.5198 0.5708 0.0000
vt 0.5201 0.5707 0.0000
vt 0.1176 0.0294 0.0000
vt 0.1175 0.0297 0.0000
vt 0.5204 0.5211 0.0000
vt 0.5207 0.5212 0.0000
vt 0.0703 0.0129 0.0000
vt 0.0702 0.0132 0.0000
vt 0.0536 0.0113 0.0000
vt 0.0536 0.0116 0.0000
vt 0.5254 0.5052 0.0000
vt 0.5256 0.5053 0.0000
vt 0.5321 0.4901 0.0000
vt 0.5323 0.4902 0.0000
vt 0.0374 0.0123 0.0000
vt 0.0375 0.0125 0.0000
vt 0.0218 0.0152 0.0000
vt 0.0219 0.0155 0.0000
vt 0.5405 0.4758 0.0000
vt 0.5407 0.4759 0.0000
vt 0.1617 0.0528 0.0000
vt 0.1762 0.0609 0.0000
vt 0.1761 0.0612 0.0000
vt 0.1616 0.0530 0.0000
vt 0.5284 0.6362 0.0000
vt 0.5258 0.6199 0.0000
vt 0.5261 0.6198 0.0000
vt 0.5286 0.6362 0.0000
vt 0.1472 0.0447 0.0000
vt 0.1471 0.0450 0.0000
vt 0.5235 0.6036 0.0000
vt 0.5237 0.6035 0.0000
vt 0.1325 0.0370 0.0000
vt 0.1324 0.0372 0.0000
vt 0.5215 0.5872 0.0000
vt 0.5217 0.5871 0.0000
vt 0.5380 0.9834 0.0000
vt 0.5383 0.9668 0.0000
vt 0.5386 0.9668 0.0000
vt 0.5383 0.9834 0.0000
vt 0.4831 0.1873 0.0000
vt 0.4988 0.1929 0.0000
vt 0.4987 0.1932 0.0000
vt 0.4830 0.1876 0.0000
vt 0.5145 0.1986 0.0000
vt 0.5144 0.1988 0.0000
vt 0.5001 1.0000 0.0000
vt 0.4996 0.0000 0.0000
vt 0.4999 0.0000 0.0000
vt 0.5004 1.0000 0.0000
vt 0.5377 1.0000 0.0000
vt 0.5380 1.0000 0.0000
vt 0.4675 0.1817 0.0000
vt 0.4674 0.1819 0.0000
vt 0.5386 0.9502 0.0000
vt 0.5388 0.9502 0.0000
vt 0.4518 0.1761 0.0000
vt 0.4517 0.1763 0.0000
vt 0.5389 0.9337 0.0000
vt 0.5391 0.9337 0.0000
vt 0.4361 0.1705 0.0000
vt 0.4360 0.1707 0.0000
vt 0.5392 0.9171 0.0000
vt 0.5394 0.9171 0.0000
vt 0.4204 0.1649 0.0000
vt 0.4204 0.1651 0.0000
vt 0.5395 0.9005 0.0000
vt 0.5397 0.9005 0.0000
vt 0.4048 0.1592 0.0000
vt 0.4047 0.1595 0.0000
vt 0.5398 0.8839 0.0000
vt 0.5400 0.8839 0.0000
vt 0.3891 0.1536 0.0000
vt 0.3890 0.1539 0.0000
vt 0.5401 0.8673 0.0000
vt 0.5403 0.8673 0.0000
vt 0.3734 0.1480 0.0000
vt 0.3734 0.1483 0.0000
vt 0.5404 0.8508 0.0000
vt 0.5406 0.8508 0.0000
vt 0.3578 0.1424 0.0000
vt 0.3577 0.1426 0.0000
vt 0.5406 0.8342 0.0000
vt 0.5409 0.8342 0.0000
vt 0.3421 0.1368 0.0000
vt 0.3420 0.1370 0.0000
vt 0.5409 0.8176 0.0000
vt 0.5411 0.8176 0.0000
vt 0.3265 0.1311 0.0000
vt 0.3264 0.1313 0.0000
vt 0.5410 0.8011 0.0000
vt 0.5413 0.8011 0.0000
vt 0.5410 0.7845 0.0000
vt 0.5412 0.7845 0.0000
vt 0.3109 0.1252 0.0000
vt 0.3108 0.1255 0.0000
vt 0.2954 0.1193 0.0000
vt 0.2953 0.1195 0.0000
vt 0.5408 0.7679 0.0000
vt 0.5410 0.7679 0.0000
vt 0.2799 0.1132 0.0000
vt 0.2799 0.1134 0.0000
vt 0.5403 0.7514 0.0000
vt 0.5405 0.7514 0.0000
vt 0.5395 0.7348 0.0000
vt 0.5397 0.7348 0.0000
vt 0.2647 0.1066 0.0000
vt 0.2646 0.1068 0.0000
vt 0.2496 0.0997 0.0000
vt 0.2494 0.1000 0.0000
vt 0.5385 0.7183 0.0000
vt 0.5387 0.7183 0.0000
vt 0.2346 0.0924 0.0000
vt 0.2345 0.0926 0.0000
vt 0.5370 0.7018 0.0000
vt 0.5373 0.7018 0.0000
vt 0.2199 0.0848 0.0000
vt 0.2198 0.0851 0.0000
vt 0.5352 0.6854 0.0000
vt 0.5355 0.6853 0.0000
vt 0.2052 0.0771 0.0000
vt 0.2051 0.0773 0.0000
vt 0.5332 0.6689 0.0000
vt 0.5334 0.6689 0.0000
vt 0.1907 0.0691 0.0000
vt 0.1905 0.0693 0.0000
vt 0.5308 0.6525 0.0000
vt 0.5311 0.6525 0.0000
vt 0.0091 -0.0066 0.0000
vt 0.0089 -0.0065 0.0000
vt 0.0088 -0.0067 0.0000
vt 0.0090 -0.0068 0.0000
vt 0.5248 0.4561 0.0000
vt 0.5247 0.4563 0.0000
vt 0.5245 0.4561 0.0000
vt 0.5246 0.4559 0.0000
vt 0.0214 0.0154 0.0000
vt 0.0216 0.0153 0.0000
vt 0.0217 0.0155 0.0000
vt 0.0216 0.0156 0.0000
vt 0.5406 0.4756 0.0000
vt 0.5408 0.4755 0.0000
vt 0.5410 0.4757 0.0000
vt 0.5408 0.4758 0.0000
vt 0.3157 0.0022 0.0000
vt 0.3136 0.9979 0.0000
vt 0.2983 0.9979 0.0000
vt 0.2999 0.0022 0.0000
vt 0.3315 0.0022 0.0000
vt 0.3290 0.9979 0.0000
vt 0.3472 0.0021 0.0000
vt 0.3445 0.9979 0.0000
vt 0.3626 0.0021 0.0000
vt 0.3601 0.9980 0.0000
vt 0.3778 0.0020 0.0000
vt 0.3758 0.9981 0.0000
vt 0.3929 0.0019 0.0000
vt 0.3914 0.9982 0.0000
vt 0.4080 0.0018 0.0000
vt 0.4072 0.9983 0.0000
vt 0.4234 0.0017 0.0000
vt 0.4234 0.9983 0.0000
vt 0.4384 0.0017 0.0000
vt 0.4391 0.9983 0.0000
vt 0.4537 0.0018 0.0000
vt 0.4544 0.9983 0.0000
vt 0.4691 0.0019 0.0000
vt 0.4693 0.9983 0.0000
vt 0.4841 0.0020 0.0000
vt 0.4838 0.9982 0.0000
vt 0.4994 0.0022 0.0000
vt 0.4989 0.9980 0.0000
vt 0.0168 0.0022 0.0000
vt 0.0324 0.0022 0.0000
vt 0.0329 0.9978 0.0000
vt 0.0170 0.9978 0.0000
vt 0.0011 0.9978 0.0000
vt 0.0011 0.0022 0.0000
vt 0.0480 0.0022 0.0000
vt 0.0488 0.9978 0.0000
vt 0.0636 0.0022 0.0000
vt 0.0647 0.9979 0.0000
vt 0.0792 0.0022 0.0000
vt 0.0805 0.9979 0.0000
vt 0.0949 0.0022 0.0000
vt 0.0964 0.9979 0.0000
vt 0.1106 0.0022 0.0000
vt 0.1122 0.9979 0.0000
vt 0.1262 0.0022 0.0000
vt 0.1280 0.9979 0.0000
vt 0.1420 0.0022 0.0000
vt 0.1437 0.9979 0.0000
vt 0.1577 0.0022 0.0000
vt 0.1595 0.9979 0.0000
vt 0.1734 0.0022 0.0000
vt 0.1751 0.9979 0.0000
vt 0.1891 0.0022 0.0000
vt 0.1907 0.9979 0.0000
vt 0.2049 0.0022 0.0000
vt 0.2062 0.9979 0.0000
vt 0.2206 0.0022 0.0000
vt 0.2217 0.9979 0.0000
vt 0.2364 0.0022 0.0000
vt 0.2371 0.9979 0.0000
vt 0.2522 0.0022 0.0000
vt 0.2525 0.9979 0.0000
vt 0.2681 0.0022 0.0000
vt 0.2678 0.9979 0.0000
vt 0.2840 0.0022 0.0000
vt 0.2830 0.9979 0.0000
vt 0.9216 0.9983 0.0000
vt 0.9065 0.9983 0.0000
vt 0.9099 0.0017 0.0000
vt 0.9252 0.0017 0.0000
vt 0.9372 0.9983 0.0000
vt 0.9400 0.0017 0.0000
vt 0.9545 0.0017 0.0000
vt 0.9528 0.9983 0.0000
vt 0.9681 0.9983 0.0000
vt 0.9691 0.0017 0.0000
vt 0.5157 0.9983 0.0000
vt 0.5172 0.0017 0.0000
vt 0.5330 0.0017 0.0000
vt 0.5315 0.9983 0.0000
vt 0.5006 0.9983 0.0000
vt 0.5006 0.0017 0.0000
vt 0.5473 0.9983 0.0000
vt 0.5488 0.0017 0.0000
vt 0.5631 0.9983 0.0000
vt 0.5647 0.0017 0.0000
vt 0.5789 0.9983 0.0000
vt 0.5805 0.0017 0.0000
vt 0.5963 0.0017 0.0000
vt 0.5947 0.9983 0.0000
vt 0.6105 0.9983 0.0000
vt 0.6121 0.0017 0.0000
vt 0.6263 0.9983 0.0000
vt 0.6280 0.0017 0.0000
vt 0.6421 0.9983 0.0000
vt 0.6439 0.0017 0.0000
vt 0.6578 0.9983 0.0000
vt 0.6598 0.0017 0.0000
vt 0.6734 0.9983 0.0000
vt 0.6755 0.0017 0.0000
vt 0.6911 0.0017 0.0000
vt 0.6890 0.9983 0.0000
vt 0.7046 0.9983 0.0000
vt 0.7066 0.0017 0.0000
vt 0.7202 0.9983 0.0000
vt 0.7220 0.0017 0.0000
vt 0.7358 0.9983 0.0000
vt 0.7373 0.0017 0.0000
vt 0.7514 0.9983 0.0000
vt 0.7526 0.0017 0.0000
vt 0.7669 0.9983 0.0000
vt 0.7679 0.0017 0.0000
vt 0.7831 0.0017 0.0000
vt 0.7824 0.9983 0.0000
vt 0.7979 0.9983 0.0000
vt 0.7983 0.0017 0.0000
vt 0.8134 0.9983 0.0000
vt 0.8135 0.0017 0.0000
vt 0.8290 0.9983 0.0000
vt 0.8288 0.0017 0.0000
vt 0.8447 0.9983 0.0000
vt 0.8447 0.0017 0.0000
vt 0.8604 0.9983 0.0000
vt 0.8608 0.0017 0.0000
vt 0.8761 0.9983 0.0000
vt 0.8773 0.0017 0.0000
vt 0.8914 0.9983 0.0000
vt 0.8938 0.0017 0.0000
vt 0.9831 0.9983 0.0000
vt 0.9843 0.0017 0.0000
vt 0.9989 0.0017 0.0000
vt 0.9989 0.9983 0.0000
vt 0.6410 0.0017 0.0000
vt 0.6566 0.0017 0.0000
vt 0.6614 0.9983 0.0000
vt 0.6457 0.9983 0.0000
vt 0.6298 0.9983 0.0000
vt 0.6252 0.0017 0.0000
vt 0.6723 0.0017 0.0000
vt 0.6769 0.9983 0.0000
vt 0.6879 0.0017 0.0000
vt 0.6922 0.9983 0.0000
vt 0.7035 0.0017 0.0000
vt 0.7074 0.9983 0.0000
vt 0.7191 0.0017 0.0000
vt 0.7225 0.9983 0.0000
vt 0.7347 0.0017 0.0000
vt 0.7376 0.9983 0.0000
vt 0.7503 0.0017 0.0000
vt 0.7526 0.9983 0.0000
vt 0.7659 0.0017 0.0000
vt 0.7676 0.9983 0.0000
vt 0.7814 0.0017 0.0000
vt 0.7827 0.9983 0.0000
vt 0.7970 0.0017 0.0000
vt 0.7977 0.9983 0.0000
vt 0.8126 0.0017 0.0000
vt 0.8129 0.9983 0.0000
vt 0.8284 0.0017 0.0000
vt 0.8282 0.9983 0.0000
vt 0.8444 0.0017 0.0000
vt 0.8444 0.9983 0.0000
vt 0.8602 0.0017 0.0000
vt 0.8607 0.9983 0.0000
vt 0.8759 0.0017 0.0000
vt 0.8772 0.9983 0.0000
vt 0.8912 0.0017 0.0000
vt 0.8937 0.9983 0.0000
vt 0.9061 0.0017 0.0000
vt 0.9099 0.9983 0.0000
vt 0.9209 0.0017 0.0000
vt 0.9252 0.9983 0.0000
vt 0.9362 0.0017 0.0000
vt 0.9399 0.9983 0.0000
vt 0.9518 0.0017 0.0000
vt 0.9544 0.9983 0.0000
vt 0.9671 0.0017 0.0000
vt 0.9688 0.9983 0.0000
vt 0.9826 0.0017 0.0000
vt 0.9840 0.9983 0.0000
vt 0.5156 0.0017 0.0000
vt 0.5312 0.0017 0.0000
vt 0.5334 0.9983 0.0000
vt 0.5173 0.9983 0.0000
vt 0.5468 0.0017 0.0000
vt 0.5495 0.9983 0.0000
vt 0.5625 0.0017 0.0000
vt 0.5656 0.9983 0.0000
vt 0.5781 0.0017 0.0000
vt 0.5817 0.9983 0.0000
vt 0.5938 0.0017 0.0000
vt 0.5977 0.9983 0.0000
vt 0.6095 0.0017 0.0000
vt 0.6138 0.9983 0.0000
vt 0.0689 1.4663 0.0000
vt 0.0491 1.4663 0.0000
vt 0.0491 1.5285 0.0000
vt 0.0689 1.5285 0.0000
vt 0.0974 1.4663 0.0000
vt 0.0974 1.5285 0.0000
vt 0.1249 1.4663 0.0000
vt 0.1249 1.5285 0.0000
vt 0.1515 1.4663 0.0000
vt 0.1515 1.5285 0.0000
vt 0.1784 1.4663 0.0000
vt 0.1784 1.5285 0.0000
vt 0.2060 1.4663 0.0000
vt 0.2060 1.5285 0.0000
vt 0.2350 1.4663 0.0000
vt 0.2350 1.5285 0.0000
vt 0.2650 1.4663 0.0000
vt 0.2650 1.5285 0.0000
vt 0.2953 1.4663 0.0000
vt 0.2953 1.5285 0.0000
vt 0.3253 1.4663 0.0000
vt 0.3253 1.5285 0.0000
vt 0.3549 1.4663 0.0000
vt 0.3549 1.5285 0.0000
vt 0.3839 1.4663 0.0000
vt 0.3839 1.5285 0.0000
vt 0.4119 1.4663 0.0000
vt 0.4119 1.5285 0.0000
vt 0.4398 1.4663 0.0000
vt 0.4398 1.5285 0.0000
vt 0.4677 1.4663 0.0000
vt 0.4677 1.5285 0.0000
vt 0.4956 1.4663 0.0000
vt 0.4956 1.5285 0.0000
vt 0.5234 1.4663 0.0000
vt 0.5234 1.5285 0.0000
vt 0.5513 1.4663 0.0000
vt 0.5513 1.5285 0.0000
vt 0.5793 1.4663 0.0000
vt 0.5793 1.5285 0.0000
vt 0.6074 1.4663 0.0000
vt 0.6074 1.5285 0.0000
vt 0.6358 1.4663 0.0000
vt 0.6358 1.5285 0.0000
vt 0.6643 1.4663 0.0000
vt 0.6643 1.5285 0.0000
vt 0.6932 1.4663 0.0000
vt 0.6932 1.5285 0.0000
vt 0.7223 1.4663 0.0000
vt 0.7223 1.5285 0.0000
vt 0.7515 1.4663 0.0000
vt 0.7515 1.5285 0.0000
vt 0.7808 1.4663 0.0000
vt 0.7808 1.5285 0.0000
vt 0.8101 1.4663 0.0000
vt 0.8101 1.5285 0.0000
vt 0.8394 1.4663 0.0000
vt 0.8394 1.5285 0.0000
vt 0.8687 1.4663 0.0000
vt 0.8687 1.5285 0.0000
vt 0.8981 1.4663 0.0000
vt 0.8981 1.5285 0.0000
vt 0.9274 1.4663 0.0000
vt 0.9274 1.5285 0.0000
vt 0.9568 1.4663 0.0000
vt 0.9568 1.5285 0.0000
vt 0.9732 -1.1361 0.0000
vt 0.9732 -1.0514 0.0000
vt 0.0250 -1.0514 0.0000
vt 0.0250 -1.1361 0.0000
vt 0.9568 1.6201 0.0000
vt 0.9568 1.7044 0.0000
vt 0.9278 1.7044 0.0000
vt 0.9278 1.6201 0.0000
vt 0.8990 1.7044 0.0000
vt 0.8990 1.6201 0.0000
vt 0.8701 1.7044 0.0000
vt 0.8701 1.6201 0.0000
vt 0.8413 1.7044 0.0000
vt 0.8413 1.6201 0.0000
vt 0.8124 1.7044 0.0000
vt 0.8124 1.6201 0.0000
vt 0.7834 1.7044 0.0000
vt 0.7834 1.6201 0.0000
vt 0.7545 1.7044 0.0000
vt 0.7545 1.6201 0.0000
vt 0.7255 1.7044 0.0000
vt 0.7255 1.6201 0.0000
vt 0.6966 1.7044 0.0000
vt 0.6966 1.6201 0.0000
vt 0.6677 1.7044 0.0000
vt 0.6677 1.6201 0.0000
vt 0.6390 1.7044 0.0000
vt 0.6390 1.6201 0.0000
vt 0.6103 1.7044 0.0000
vt 0.6103 1.6201 0.0000
vt 0.5816 1.7044 0.0000
vt 0.5816 1.6201 0.0000
vt 0.5529 1.7044 0.0000
vt 0.5529 1.6201 0.0000
vt 0.5243 1.7044 0.0000
vt 0.5243 1.6201 0.0000
vt 0.4956 1.7044 0.0000
vt 0.4956 1.6201 0.0000
vt 0.4670 1.7044 0.0000
vt 0.4670 1.6201 0.0000
vt 0.4384 1.7044 0.0000
vt 0.4384 1.6201 0.0000
vt 0.4099 1.7044 0.0000
vt 0.4099 1.6201 0.0000
vt 0.3814 1.7044 0.0000
vt 0.3814 1.6201 0.0000
vt 0.3527 1.7044 0.0000
vt 0.3527 1.6201 0.0000
vt 0.3238 1.7044 0.0000
vt 0.3238 1.6201 0.0000
vt 0.2947 1.7044 0.0000
vt 0.2947 1.6201 0.0000
vt 0.2657 1.7044 0.0000
vt 0.2657 1.6201 0.0000
vt 0.2372 1.7044 0.0000
vt 0.2372 1.6201 0.0000
vt 0.2093 1.7044 0.0000
vt 0.2093 1.6201 0.0000
vt 0.1817 1.7044 0.0000
vt 0.1817 1.6201 0.0000
vt 0.1538 1.7044 0.0000
vt 0.1538 1.6201 0.0000
vt 0.1254 1.7044 0.0000
vt 0.1254 1.6201 0.0000
vt 0.0971 1.7044 0.0000
vt 0.0971 1.6201 0.0000
vt 0.0692 1.7044 0.0000
vt 0.0692 1.6201 0.0000
vt 0.0413 1.7044 0.0000
vt 0.0413 1.6201 0.0000
vt 0.0208 1.4691 0.0000
vt 0.0208 1.5257 0.0000
vt 0.0238 1.6989 0.0000
vt 0.0238 1.6256 0.0000
vt 0.0068 1.4835 0.0000
vt 0.0087 1.5053 0.0000
vt 0.0119 1.5216 0.0000
vt 0.0184 1.6982 0.0000
vt 0.0130 1.6917 0.0000
vt 0.0163 1.5269 0.0000
vt 0.0091 1.6719 0.0000
vt 0.0068 1.6454 0.0000
vt 0.1574 0.9983 0.0000
vt 0.1573 0.0017 0.0000
vt 0.1729 0.0017 0.0000
vt 0.1730 0.9983 0.0000
vt 0.1416 0.0017 0.0000
vt 0.1418 0.9983 0.0000
vt 0.1886 0.9983 0.0000
vt 0.1886 0.0017 0.0000
vt 0.2042 0.9983 0.0000
vt 0.2043 0.0017 0.0000
vt 0.2198 0.9983 0.0000
vt 0.2200 0.0017 0.0000
vt 0.2353 0.9983 0.0000
vt 0.2357 0.0017 0.0000
vt 0.2509 0.9983 0.0000
vt 0.2513 0.0017 0.0000
vt 0.2665 0.9983 0.0000
vt 0.2670 0.0017 0.0000
vt 0.2822 0.9983 0.0000
vt 0.2827 0.0017 0.0000
vt 0.2978 0.9983 0.0000
vt 0.2984 0.0017 0.0000
vt 0.3140 0.0017 0.0000
vt 0.3134 0.9983 0.0000
vt 0.3291 0.9983 0.0000
vt 0.3297 0.0017 0.0000
vt 0.3453 0.0017 0.0000
vt 0.3447 0.9983 0.0000
vt 0.3604 0.9983 0.0000
vt 0.3609 0.0017 0.0000
vt 0.3762 0.9983 0.0000
vt 0.3764 0.0017 0.0000
vt 0.3919 0.9983 0.0000
vt 0.3919 0.0017 0.0000
vt 0.4076 0.9983 0.0000
vt 0.4073 0.0017 0.0000
vt 0.4233 0.9983 0.0000
vt 0.4227 0.0017 0.0000
vt 0.4389 0.9983 0.0000
vt 0.4380 0.0017 0.0000
vt 0.4546 0.9983 0.0000
vt 0.4536 0.0017 0.0000
vt 0.4700 0.9983 0.0000
vt 0.4690 0.0017 0.0000
vt 0.4852 0.9983 0.0000
vt 0.4841 0.0017 0.0000
vt 0.4994 0.0017 0.0000
vt 0.4994 0.9983 0.0000
vt 0.0172 0.9983 0.0000
vt 0.0162 0.0017 0.0000
vt 0.0319 0.0017 0.0000
vt 0.0328 0.9983 0.0000
vt 0.0639 0.9983 0.0000
vt 0.0483 0.9983 0.0000
vt 0.0476 0.0017 0.0000
vt 0.0632 0.0017 0.0000
vt 0.0795 0.9983 0.0000
vt 0.0789 0.0017 0.0000
vt 0.0951 0.9983 0.0000
vt 0.0946 0.0017 0.0000
vt 0.1107 0.9983 0.0000
vt 0.1102 0.0017 0.0000
vt 0.1262 0.9983 0.0000
vt 0.1259 0.0017 0.0000
vt 0.0011 0.9983 0.0000
vt 0.0011 0.0017 0.0000
vt 0.1253 0.9983 0.0000
vt 0.1096 0.9983 0.0000
vt 0.1074 0.0017 0.0000
vt 0.1229 0.0017 0.0000
vt 0.1384 0.0017 0.0000
vt 0.1410 0.9983 0.0000
vt 0.1540 0.0017 0.0000
vt 0.1567 0.9983 0.0000
vt 0.1697 0.0017 0.0000
vt 0.1723 0.9983 0.0000
vt 0.0939 0.9983 0.0000
vt 0.0920 0.0017 0.0000
vt 0.0782 0.9983 0.0000
vt 0.0767 0.0017 0.0000
vt 0.0626 0.9983 0.0000
vt 0.0614 0.0017 0.0000
vt 0.0315 0.9983 0.0000
vt 0.0161 0.9983 0.0000
vt 0.0156 0.0017 0.0000
vt 0.0306 0.0017 0.0000
vt 0.0459 0.0017 0.0000
vt 0.0470 0.9983 0.0000
vt 0.4840 0.9983 0.0000
vt 0.4684 0.9983 0.0000
vt 0.4678 0.0017 0.0000
vt 0.4835 0.0017 0.0000
vt 0.4529 0.9983 0.0000
vt 0.4521 0.0017 0.0000
vt 0.4373 0.9983 0.0000
vt 0.4365 0.0017 0.0000
vt 0.4217 0.9983 0.0000
vt 0.4208 0.0017 0.0000
vt 0.4061 0.9983 0.0000
vt 0.4051 0.0017 0.0000
vt 0.3906 0.9983 0.0000
vt 0.3894 0.0017 0.0000
vt 0.3750 0.9983 0.0000
vt 0.3737 0.0017 0.0000
vt 0.3594 0.9983 0.0000
vt 0.3580 0.0017 0.0000
vt 0.3438 0.9983 0.0000
vt 0.3423 0.0017 0.0000
vt 0.3283 0.9983 0.0000
vt 0.3266 0.0017 0.0000
vt 0.3127 0.9983 0.0000
vt 0.3110 0.0017 0.0000
vt 0.2971 0.9983 0.0000
vt 0.2953 0.0017 0.0000
vt 0.2815 0.9983 0.0000
vt 0.2796 0.0017 0.0000
vt 0.2659 0.9983 0.0000
vt 0.2639 0.0017 0.0000
vt 0.2503 0.9983 0.0000
vt 0.2481 0.0017 0.0000
vt 0.2347 0.9983 0.0000
vt 0.2324 0.0017 0.0000
vt 0.2191 0.9983 0.0000
vt 0.2167 0.0017 0.0000
vt 0.2035 0.9983 0.0000
vt 0.2010 0.0017 0.0000
vt 0.1879 0.9983 0.0000
vt 0.1854 0.0017 0.0000
vt 0.0503 -0.2492 0.0000
vt 0.0309 -0.2492 0.0000
vt 0.0309 -0.3006 0.0000
vt 0.0503 -0.3006 0.0000
vt 0.0781 -0.2492 0.0000
vt 0.0781 -0.3006 0.0000
vt 0.1067 -0.2492 0.0000
vt 0.1067 -0.3006 0.0000
vt 0.1358 -0.2492 0.0000
vt 0.1358 -0.3006 0.0000
vt 0.1648 -0.2492 0.0000
vt 0.1648 -0.3006 0.0000
vt 0.1936 -0.2492 0.0000
vt 0.1936 -0.3006 0.0000
vt 0.2225 -0.2492 0.0000
vt 0.2225 -0.3006 0.0000
vt 0.2515 -0.2492 0.0000
vt 0.2515 -0.3006 0.0000
vt 0.2807 -0.2492 0.0000
vt 0.2807 -0.3006 0.0000
vt 0.3100 -0.2492 0.0000
vt 0.3100 -0.3006 0.0000
vt 0.3393 -0.2492 0.0000
vt 0.3393 -0.3006 0.0000
vt 0.3688 -0.2492 0.0000
vt 0.3688 -0.3006 0.0000
vt 0.3982 -0.2492 0.0000
vt 0.3982 -0.3006 0.0000
vt 0.4277 -0.2492 0.0000
vt 0.4277 -0.3006 0.0000
vt 0.4572 -0.2492 0.0000
vt 0.4572 -0.3006 0.0000
vt 0.4867 -0.2492 0.0000
vt 0.4867 -0.3006 0.0000
vt 0.5162 -0.2492 0.0000
vt 0.5162 -0.3006 0.0000
vt 0.5457 -0.2492 0.0000
vt 0.5457 -0.3006 0.0000
vt 0.5752 -0.2492 0.0000
vt 0.5752 -0.3006 0.0000
vt 0.6047 -0.2492 0.0000
vt 0.6047 -0.3006 0.0000
vt 0.6342 -0.2492 0.0000
vt 0.6342 -0.3006 0.0000
vt 0.6637 -0.2492 0.0000
vt 0.6637 -0.3006 0.0000
vt 0.6932 -0.2492 0.0000
vt 0.6932 -0.3006 0.0000
vt 0.7227 -0.2492 0.0000
vt 0.7227 -0.3006 0.0000
vt 0.7522 -0.2492 0.0000
vt 0.7522 -0.3006 0.0000
vt 0.7817 -0.2492 0.0000
vt 0.7817 -0.3006 0.0000
vt 0.8112 -0.2492 0.0000
vt 0.8112 -0.3006 0.0000
vt 0.8407 -0.2492 0.0000
vt 0.8407 -0.3006 0.0000
vt 0.8701 -0.2492 0.0000
vt 0.8701 -0.3006 0.0000
vt 0.8996 -0.2492 0.0000
vt 0.8996 -0.3006 0.0000
vt 0.9291 -0.2492 0.0000
vt 0.9291 -0.3006 0.0000
vt 0.9585 -0.2492 0.0000
vt 0.9585 -0.3006 0.0000
vt 0.9735 -0.7623 0.0000
vt 0.9735 -0.7174 0.0000
vt 0.0251 -0.7174 0.0000
vt 0.0251 -0.7623 0.0000
vt 0.9582 0.6306 0.0000
vt 0.9582 0.5808 0.0000
vt 0.9294 0.5808 0.0000
vt 0.9294 0.6306 0.0000
vt 0.9007 0.5808 0.0000
vt 0.9007 0.6306 0.0000
vt 0.8720 0.5808 0.0000
vt 0.8720 0.6306 0.0000
vt 0.8433 0.5808 0.0000
vt 0.8433 0.6306 0.0000
vt 0.8145 0.5808 0.0000
vt 0.8145 0.6306 0.0000
vt 0.7858 0.5808 0.0000
vt 0.7858 0.6306 0.0000
vt 0.7571 0.5808 0.0000
vt 0.7571 0.6306 0.0000
vt 0.7284 0.5808 0.0000
vt 0.7284 0.6306 0.0000
vt 0.6996 0.5808 0.0000
vt 0.6996 0.6306 0.0000
vt 0.6709 0.5808 0.0000
vt 0.6709 0.6306 0.0000
vt 0.6422 0.5808 0.0000
vt 0.6422 0.6306 0.0000
vt 0.6134 0.5808 0.0000
vt 0.6134 0.6306 0.0000
vt 0.5847 0.5808 0.0000
vt 0.5847 0.6306 0.0000
vt 0.5560 0.5808 0.0000
vt 0.5560 0.6306 0.0000
vt 0.5272 0.5808 0.0000
vt 0.5272 0.6306 0.0000
vt 0.4985 0.5808 0.0000
vt 0.4985 0.6306 0.0000
vt 0.4697 0.5808 0.0000
vt 0.4697 0.6306 0.0000
vt 0.4410 0.5808 0.0000
vt 0.4410 0.6306 0.0000
vt 0.4122 0.5808 0.0000
vt 0.4122 0.6306 0.0000
vt 0.3834 0.5808 0.0000
vt 0.3834 0.6306 0.0000
vt 0.3546 0.5808 0.0000
vt 0.3546 0.6306 0.0000
vt 0.3257 0.5808 0.0000
vt 0.3257 0.6306 0.0000
vt 0.2968 0.5808 0.0000
vt 0.2968 0.6306 0.0000
vt 0.2679 0.5808 0.0000
vt 0.2679 0.6306 0.0000
vt 0.2389 0.5808 0.0000
vt 0.2389 0.6306 0.0000
vt 0.2099 0.5808 0.0000
vt 0.2099 0.6306 0.0000
vt 0.1809 0.5808 0.0000
vt 0.1809 0.6306 0.0000
vt 0.1521 0.5808 0.0000
vt 0.1521 0.6306 0.0000
vt 0.1233 0.5808 0.0000
vt 0.1233 0.6306 0.0000
vt 0.0946 0.5808 0.0000
vt 0.0946 0.6306 0.0000
vt 0.0662 0.5808 0.0000
vt 0.0662 0.6306 0.0000
vt 0.0383 0.5808 0.0000
vt 0.0383 0.6306 0.0000
vt 0.0197 -0.2492 0.0000
vt 0.0197 -0.3006 0.0000
vt 0.0191 0.5808 0.0000
vt 0.0191 0.6306 0.0000
vt 0.0085 -0.2492 0.0000
vt 0.0085 -0.3006 0.0000
vt 0.0082 0.5808 0.0000
vt 0.0082 0.6306 0.0000
vt 0.6409 0.9983 0.0000
vt 0.6444 0.0017 0.0000
vt 0.6600 0.0017 0.0000
vt 0.6565 0.9983 0.0000
vt 0.6285 0.0017 0.0000
vt 0.6252 0.9983 0.0000
vt 0.6720 0.9983 0.0000
vt 0.6754 0.0017 0.0000
vt 0.6876 0.9983 0.0000
vt 0.6907 0.0017 0.0000
vt 0.7031 0.9983 0.0000
vt 0.7058 0.0017 0.0000
vt 0.7208 0.0017 0.0000
vt 0.7186 0.9983 0.0000
vt 0.7342 0.9983 0.0000
vt 0.7358 0.0017 0.0000
vt 0.7497 0.9983 0.0000
vt 0.7507 0.0017 0.0000
vt 0.7657 0.0017 0.0000
vt 0.7652 0.9983 0.0000
vt 0.7807 0.9983 0.0000
vt 0.7807 0.0017 0.0000
vt 0.7962 0.9983 0.0000
vt 0.7957 0.0017 0.0000
vt 0.8117 0.9983 0.0000
vt 0.8107 0.0017 0.0000
vt 0.8276 0.9983 0.0000
vt 0.8261 0.0017 0.0000
vt 0.8436 0.9983 0.0000
vt 0.8423 0.0017 0.0000
vt 0.8594 0.9983 0.0000
vt 0.8586 0.0017 0.0000
vt 0.8751 0.9983 0.0000
vt 0.8751 0.0017 0.0000
vt 0.8902 0.9983 0.0000
vt 0.8914 0.0017 0.0000
vt 0.9050 0.9983 0.0000
vt 0.9074 0.0017 0.0000
vt 0.9196 0.9983 0.0000
vt 0.9226 0.0017 0.0000
vt 0.9349 0.9983 0.0000
vt 0.9374 0.0017 0.0000
vt 0.9507 0.9983 0.0000
vt 0.9539 0.0017 0.0000
vt 0.9680 0.9983 0.0000
vt 0.9683 0.0017 0.0000
vt 0.9834 0.9983 0.0000
vt 0.9834 0.0017 0.0000
vt 0.5161 0.9983 0.0000
vt 0.5166 0.0017 0.0000
vt 0.5326 0.0017 0.0000
vt 0.5317 0.9983 0.0000
vt 0.5472 0.9983 0.0000
vt 0.5486 0.0017 0.0000
vt 0.5628 0.9983 0.0000
vt 0.5646 0.0017 0.0000
vt 0.5783 0.9983 0.0000
vt 0.5806 0.0017 0.0000
vt 0.5939 0.9983 0.0000
vt 0.5966 0.0017 0.0000
vt 0.6126 0.0017 0.0000
vt 0.6096 0.9983 0.0000
vt 0.5167 0.0017 0.0000
vt 0.5324 0.0017 0.0000
vt 0.5324 0.9983 0.0000
vt 0.5163 0.9983 0.0000
vt 0.5481 0.0017 0.0000
vt 0.5486 0.9983 0.0000
vt 0.5638 0.0017 0.0000
vt 0.5647 0.9983 0.0000
vt 0.5795 0.0017 0.0000
vt 0.5809 0.9983 0.0000
vt 0.5952 0.0017 0.0000
vt 0.5971 0.9983 0.0000
vt 0.6109 0.0017 0.0000
vt 0.6134 0.9983 0.0000
vt 0.6266 0.0017 0.0000
vt 0.6296 0.9983 0.0000
vt 0.6423 0.0017 0.0000
vt 0.6456 0.9983 0.0000
vt 0.6579 0.0017 0.0000
vt 0.6735 0.0017 0.0000
vt 0.6770 0.9983 0.0000
vt 0.6891 0.0017 0.0000
vt 0.6925 0.9983 0.0000
vt 0.7046 0.0017 0.0000
vt 0.7078 0.9983 0.0000
vt 0.7201 0.0017 0.0000
vt 0.7230 0.9983 0.0000
vt 0.7357 0.0017 0.0000
vt 0.7382 0.9983 0.0000
vt 0.7512 0.0017 0.0000
vt 0.7533 0.9983 0.0000
vt 0.7667 0.0017 0.0000
vt 0.7685 0.9983 0.0000
vt 0.7821 0.0017 0.0000
vt 0.7837 0.9983 0.0000
vt 0.7976 0.0017 0.0000
vt 0.7989 0.9983 0.0000
vt 0.8134 0.0017 0.0000
vt 0.8144 0.9983 0.0000
vt 0.8296 0.0017 0.0000
vt 0.8304 0.9983 0.0000
vt 0.8458 0.0017 0.0000
vt 0.8466 0.9983 0.0000
vt 0.8617 0.0017 0.0000
vt 0.8627 0.9983 0.0000
vt 0.8774 0.0017 0.0000
vt 0.8788 0.9983 0.0000
vt 0.8930 0.0017 0.0000
vt 0.8952 0.9983 0.0000
vt 0.9082 0.0017 0.0000
vt 0.9111 0.9983 0.0000
vt 0.9233 0.0017 0.0000
vt 0.9260 0.9983 0.0000
vt 0.9391 0.0017 0.0000
vt 0.9405 0.9983 0.0000
vt 0.9553 0.0017 0.0000
vt 0.9546 0.9983 0.0000
vt 0.9658 0.0017 0.0000
vt 0.9657 0.9983 0.0000
vt 0.9818 0.9983 0.0000
vt 0.0517 0.9132 0.0000
vt 0.0307 0.9132 0.0000
vt 0.0307 0.9783 0.0000
vt 0.0517 0.9783 0.0000
vt 0.0817 0.9132 0.0000
vt 0.0817 0.9783 0.0000
vt 0.1063 0.9132 0.0000
vt 0.1063 0.9783 0.0000
vt 0.1332 0.9132 0.0000
vt 0.1332 0.9783 0.0000
vt 0.1623 0.9132 0.0000
vt 0.1623 0.9783 0.0000
vt 0.1902 0.9783 0.0000
vt 0.1902 0.9132 0.0000
vt 0.2194 0.9783 0.0000
vt 0.2194 0.9132 0.0000
vt 0.2499 0.9783 0.0000
vt 0.2499 0.9132 0.0000
vt 0.2804 0.9132 0.0000
vt 0.2804 0.9783 0.0000
vt 0.3110 0.9783 0.0000
vt 0.3110 0.9132 0.0000
vt 0.3416 0.9783 0.0000
vt 0.3416 0.9132 0.0000
vt 0.3718 0.9132 0.0000
vt 0.3718 0.9783 0.0000
vt 0.4008 0.9132 0.0000
vt 0.4008 0.9783 0.0000
vt 0.4293 0.9132 0.0000
vt 0.4293 0.9783 0.0000
vt 0.4577 0.9132 0.0000
vt 0.4577 0.9783 0.0000
vt 0.4860 0.9132 0.0000
vt 0.4860 0.9783 0.0000
vt 0.5144 0.9132 0.0000
vt 0.5144 0.9783 0.0000
vt 0.5427 0.9132 0.0000
vt 0.5427 0.9783 0.0000
vt 0.5711 0.9132 0.0000
vt 0.5711 0.9783 0.0000
vt 0.5996 0.9132 0.0000
vt 0.5996 0.9783 0.0000
vt 0.6283 0.9132 0.0000
vt 0.6283 0.9783 0.0000
vt 0.6573 0.9132 0.0000
vt 0.6573 0.9783 0.0000
vt 0.6866 0.9132 0.0000
vt 0.6866 0.9783 0.0000
vt 0.7165 0.9132 0.0000
vt 0.7165 0.9783 0.0000
vt 0.7466 0.9132 0.0000
vt 0.7466 0.9783 0.0000
vt 0.7768 0.9132 0.0000
vt 0.7768 0.9783 0.0000
vt 0.8071 0.9132 0.0000
vt 0.8071 0.9783 0.0000
vt 0.8373 0.9132 0.0000
vt 0.8373 0.9783 0.0000
vt 0.8676 0.9132 0.0000
vt 0.8676 0.9783 0.0000
vt 0.8978 0.9132 0.0000
vt 0.8978 0.9783 0.0000
vt 0.9280 0.9132 0.0000
vt 0.9280 0.9783 0.0000
vt 0.9582 0.9132 0.0000
vt 0.9582 0.9783 0.0000
vt 0.9734 -1.0311 0.0000
vt 0.9734 -0.9609 0.0000
vt 0.0252 -0.9609 0.0000
vt 0.0252 -1.0311 0.0000
vt 0.9585 -0.6058 0.0000
vt 0.9585 -0.5416 0.0000
vt 0.9297 -0.5416 0.0000
vt 0.9297 -0.6058 0.0000
vt 0.9009 -0.5416 0.0000
vt 0.9009 -0.6058 0.0000
vt 0.8722 -0.5416 0.0000
vt 0.8722 -0.6058 0.0000
vt 0.8434 -0.5416 0.0000
vt 0.8434 -0.6058 0.0000
vt 0.8145 -0.5416 0.0000
vt 0.8145 -0.6058 0.0000
vt 0.7857 -0.5416 0.0000
vt 0.7857 -0.6058 0.0000
vt 0.7568 -0.5416 0.0000
vt 0.7568 -0.6058 0.0000
vt 0.7279 -0.5416 0.0000
vt 0.7279 -0.6058 0.0000
vt 0.6990 -0.5416 0.0000
vt 0.6990 -0.6058 0.0000
vt 0.6702 -0.5416 0.0000
vt 0.6702 -0.6058 0.0000
vt 0.6414 -0.5416 0.0000
vt 0.6414 -0.6058 0.0000
vt 0.6127 -0.5416 0.0000
vt 0.6127 -0.6058 0.0000
vt 0.5841 -0.5416 0.0000
vt 0.5841 -0.6058 0.0000
vt 0.5554 -0.5416 0.0000
vt 0.5554 -0.6058 0.0000
vt 0.5268 -0.5416 0.0000
vt 0.5268 -0.6058 0.0000
vt 0.4982 -0.5416 0.0000
vt 0.4982 -0.6058 0.0000
vt 0.4696 -0.5416 0.0000
vt 0.4696 -0.6058 0.0000
vt 0.4411 -0.5416 0.0000
vt 0.4411 -0.6058 0.0000
vt 0.4125 -0.5416 0.0000
vt 0.4125 -0.6058 0.0000
vt 0.3837 -0.5416 0.0000
vt 0.3837 -0.6058 0.0000
vt 0.3544 -0.5416 0.0000
vt 0.3544 -0.6058 0.0000
vt 0.3249 -0.5416 0.0000
vt 0.3249 -0.6058 0.0000
vt 0.2954 -0.5416 0.0000
vt 0.2954 -0.6058 0.0000
vt 0.2663 -0.5416 0.0000
vt 0.2663 -0.6058 0.0000
vt 0.2375 -0.5416 0.0000
vt 0.2375 -0.6058 0.0000
vt 0.2096 -0.5416 0.0000
vt 0.2096 -0.6058 0.0000
vt 0.1820 -0.5416 0.0000
vt 0.1820 -0.6058 0.0000
vt 0.1539 -0.5416 0.0000
vt 0.1539 -0.6058 0.0000
vt 0.1249 -0.5416 0.0000
vt 0.1249 -0.6058 0.0000
vt 0.1007 -0.5416 0.0000
vt 0.1007 -0.6058 0.0000
vt 0.0677 -0.5416 0.0000
vt 0.0677 -0.6058 0.0000
vt 0.0394 -0.5416 0.0000
vt 0.0394 -0.6058 0.0000
vt 0.0194 0.9132 0.0000
vt 0.0194 0.9783 0.0000
vt 0.0197 -0.5416 0.0000
vt 0.0197 -0.6058 0.0000
vt 0.0082 0.9132 0.0000
vt 0.0082 0.9783 0.0000
vt 0.0085 -0.5416 0.0000
vt 0.0085 -0.6058 0.0000
vt 0.2389 0.9983 0.0000
vt 0.2387 0.0017 0.0000
vt 0.2540 0.0017 0.0000
vt 0.2541 0.9983 0.0000
vt 0.2235 0.0017 0.0000
vt 0.2236 0.9983 0.0000
vt 0.2693 0.0017 0.0000
vt 0.2693 0.9983 0.0000
vt 0.1929 0.0017 0.0000
vt 0.2082 0.0017 0.0000
vt 0.2084 0.9983 0.0000
vt 0.1932 0.9983 0.0000
vt 0.2845 0.9983 0.0000
vt 0.2845 0.0017 0.0000
vt 0.2997 0.0017 0.0000
vt 0.2997 0.9983 0.0000
vt 0.1776 0.0017 0.0000
vt 0.1780 0.9983 0.0000
vt 0.3149 0.9983 0.0000
vt 0.3149 0.0017 0.0000
vt 0.3301 0.9983 0.0000
vt 0.3301 0.0017 0.0000
vt 0.3453 0.9983 0.0000
vt 0.3605 0.9983 0.0000
vt 0.3605 0.0017 0.0000
vt 0.3756 0.9983 0.0000
vt 0.3757 0.0017 0.0000
vt 0.3908 0.9983 0.0000
vt 0.3909 0.0017 0.0000
vt 0.4060 0.9983 0.0000
vt 0.4061 0.0017 0.0000
vt 0.4212 0.9983 0.0000
vt 0.4213 0.0017 0.0000
vt 0.4363 0.9983 0.0000
vt 0.4515 0.9983 0.0000
vt 0.4517 0.0017 0.0000
vt 0.4667 0.9983 0.0000
vt 0.4669 0.0017 0.0000
vt 0.4819 0.9983 0.0000
vt 0.4821 0.0017 0.0000
vt 0.0269 0.9983 0.0000
vt 0.0272 0.0017 0.0000
vt 0.0417 0.0017 0.0000
vt 0.0415 0.9983 0.0000
vt 0.0127 0.0017 0.0000
vt 0.0126 0.9983 0.0000
vt 0.0564 0.9983 0.0000
vt 0.0564 0.0017 0.0000
vt 0.0716 0.9983 0.0000
vt 0.0715 0.0017 0.0000
vt 0.0867 0.9983 0.0000
vt 0.0865 0.0017 0.0000
vt 0.1019 0.9983 0.0000
vt 0.1015 0.0017 0.0000
vt 0.1171 0.9983 0.0000
vt 0.1167 0.0017 0.0000
vt 0.1324 0.9983 0.0000
vt 0.1319 0.0017 0.0000
vt 0.1476 0.9983 0.0000
vt 0.1471 0.0017 0.0000
vt 0.1628 0.9983 0.0000
vt 0.1624 0.0017 0.0000
vt 0.0420 0.0017 0.0000
vt 0.0421 0.9983 0.0000
vt 0.0274 0.9983 0.0000
vt 0.0129 0.9983 0.0000
vt 0.0571 0.0017 0.0000
vt 0.0571 0.9983 0.0000
vt 0.0724 0.0017 0.0000
vt 0.0723 0.9983 0.0000
vt 0.0877 0.0017 0.0000
vt 0.0873 0.9983 0.0000
vt 0.1030 0.0017 0.0000
vt 0.1024 0.9983 0.0000
vt 0.1184 0.0017 0.0000
vt 0.1176 0.9983 0.0000
vt 0.1337 0.0017 0.0000
vt 0.1329 0.9983 0.0000
vt 0.1490 0.0017 0.0000
vt 0.1483 0.9983 0.0000
vt 0.1643 0.0017 0.0000
vt 0.1637 0.9983 0.0000
vt 0.1796 0.0017 0.0000
vt 0.1791 0.9983 0.0000
vt 0.1950 0.0017 0.0000
vt 0.1946 0.9983 0.0000
vt 0.2103 0.0017 0.0000
vt 0.2100 0.9983 0.0000
vt 0.2257 0.0017 0.0000
vt 0.2255 0.9983 0.0000
vt 0.2410 0.0017 0.0000
vt 0.2409 0.9983 0.0000
vt 0.2564 0.0017 0.0000
vt 0.2563 0.9983 0.0000
vt 0.2717 0.0017 0.0000
vt 0.2718 0.9983 0.0000
vt 0.2871 0.0017 0.0000
vt 0.2872 0.9983 0.0000
vt 0.3024 0.0017 0.0000
vt 0.3025 0.9983 0.0000
vt 0.3177 0.0017 0.0000
vt 0.3179 0.9983 0.0000
vt 0.3330 0.0017 0.0000
vt 0.3333 0.9983 0.0000
vt 0.3484 0.0017 0.0000
vt 0.3486 0.9983 0.0000
vt 0.3637 0.0017 0.0000
vt 0.3640 0.9983 0.0000
vt 0.3790 0.0017 0.0000
vt 0.3793 0.9983 0.0000
vt 0.3943 0.0017 0.0000
vt 0.3946 0.9983 0.0000
vt 0.4096 0.0017 0.0000
vt 0.4100 0.9983 0.0000
vt 0.4249 0.0017 0.0000
vt 0.4253 0.9983 0.0000
vt 0.4402 0.0017 0.0000
vt 0.4406 0.9983 0.0000
vt 0.4555 0.0017 0.0000
vt 0.4560 0.9983 0.0000
vt 0.4709 0.0017 0.0000
vt 0.4713 0.9983 0.0000
vt 0.4862 0.0017 0.0000
vt 0.4866 0.9983 0.0000
vt 0.0309 0.1568 0.0000
vt 0.0309 0.0971 0.0000
vt 0.0505 0.0971 0.0000
vt 0.0505 0.1568 0.0000
vt 0.0785 0.1568 0.0000
vt 0.0785 0.0971 0.0000
vt 0.1070 0.1568 0.0000
vt 0.1070 0.0971 0.0000
vt 0.1361 0.1568 0.0000
vt 0.1361 0.0971 0.0000
vt 0.1654 0.1568 0.0000
vt 0.1654 0.0971 0.0000
vt 0.1947 0.1568 0.0000
vt 0.1947 0.0971 0.0000
vt 0.2241 0.1568 0.0000
vt 0.2241 0.0971 0.0000
vt 0.2535 0.1568 0.0000
vt 0.2535 0.0971 0.0000
vt 0.2830 0.1568 0.0000
vt 0.2830 0.0971 0.0000
vt 0.3123 0.1568 0.0000
vt 0.3123 0.0971 0.0000
vt 0.3417 0.1568 0.0000
vt 0.3417 0.0971 0.0000
vt 0.3711 0.1568 0.0000
vt 0.3711 0.0971 0.0000
vt 0.4005 0.1568 0.0000
vt 0.4005 0.0971 0.0000
vt 0.4299 0.1568 0.0000
vt 0.4299 0.0971 0.0000
vt 0.4593 0.1568 0.0000
vt 0.4593 0.0971 0.0000
vt 0.4888 0.1568 0.0000
vt 0.4888 0.0971 0.0000
vt 0.5182 0.1568 0.0000
vt 0.5182 0.0971 0.0000
vt 0.5476 0.1568 0.0000
vt 0.5476 0.0971 0.0000
vt 0.5770 0.1568 0.0000
vt 0.5770 0.0971 0.0000
vt 0.6064 0.1568 0.0000
vt 0.6064 0.0971 0.0000
vt 0.6358 0.1568 0.0000
vt 0.6358 0.0971 0.0000
vt 0.6652 0.1568 0.0000
vt 0.6652 0.0971 0.0000
vt 0.6945 0.1568 0.0000
vt 0.6945 0.0971 0.0000
vt 0.7239 0.1568 0.0000
vt 0.7239 0.0971 0.0000
vt 0.7532 0.1568 0.0000
vt 0.7532 0.0971 0.0000
vt 0.7825 0.1568 0.0000
vt 0.7825 0.0971 0.0000
vt 0.8119 0.1568 0.0000
vt 0.8119 0.0971 0.0000
vt 0.8412 0.1568 0.0000
vt 0.8412 0.0971 0.0000
vt 0.8706 0.1568 0.0000
vt 0.8706 0.0971 0.0000
vt 0.8999 0.1568 0.0000
vt 0.8999 0.0971 0.0000
vt 0.9293 0.1568 0.0000
vt 0.9293 0.0971 0.0000
vt 0.9585 0.1568 0.0000
vt 0.9585 0.0971 0.0000
vt 0.9734 -0.9311 0.0000
vt 0.9734 -0.8741 0.0000
vt 0.0251 -0.8741 0.0000
vt 0.0251 -0.9311 0.0000
vt 0.9582 0.3469 0.0000
vt 0.9582 0.2875 0.0000
vt 0.9289 0.2875 0.0000
vt 0.9289 0.3469 0.0000
vt 0.8995 0.2875 0.0000
vt 0.8995 0.3469 0.0000
vt 0.8701 0.2875 0.0000
vt 0.8701 0.3469 0.0000
vt 0.8408 0.2875 0.0000
vt 0.8408 0.3469 0.0000
vt 0.8114 0.2875 0.0000
vt 0.8114 0.3469 0.0000
vt 0.7820 0.2875 0.0000
vt 0.7820 0.3469 0.0000
vt 0.7526 0.2875 0.0000
vt 0.7526 0.3469 0.0000
vt 0.7233 0.2875 0.0000
vt 0.7233 0.3469 0.0000
vt 0.6939 0.2875 0.0000
vt 0.6939 0.3469 0.0000
vt 0.6645 0.2875 0.0000
vt 0.6645 0.3469 0.0000
vt 0.6351 0.2875 0.0000
vt 0.6351 0.3469 0.0000
vt 0.6057 0.2875 0.0000
vt 0.6057 0.3469 0.0000
vt 0.5763 0.2875 0.0000
vt 0.5763 0.3469 0.0000
vt 0.5468 0.2875 0.0000
vt 0.5468 0.3469 0.0000
vt 0.5173 0.2875 0.0000
vt 0.5173 0.3469 0.0000
vt 0.4878 0.2875 0.0000
vt 0.4878 0.3469 0.0000
vt 0.4583 0.2875 0.0000
vt 0.4583 0.3469 0.0000
vt 0.4287 0.2875 0.0000
vt 0.4287 0.3469 0.0000
vt 0.3991 0.2875 0.0000
vt 0.3991 0.3469 0.0000
vt 0.3696 0.2875 0.0000
vt 0.3696 0.3469 0.0000
vt 0.3400 0.2875 0.0000
vt 0.3400 0.3469 0.0000
vt 0.3105 0.2875 0.0000
vt 0.3105 0.3469 0.0000
vt 0.2810 0.2875 0.0000
vt 0.2810 0.3469 0.0000
vt 0.2516 0.2875 0.0000
vt 0.2516 0.3469 0.0000
vt 0.2224 0.2875 0.0000
vt 0.2224 0.3469 0.0000
vt 0.1933 0.2875 0.0000
vt 0.1933 0.3469 0.0000
vt 0.1644 0.2875 0.0000
vt 0.1644 0.3469 0.0000
vt 0.1354 0.2875 0.0000
vt 0.1354 0.3469 0.0000
vt 0.1065 0.2875 0.0000
vt 0.1065 0.3469 0.0000
vt 0.0781 0.2875 0.0000
vt 0.0781 0.3469 0.0000
vt 0.0502 0.2875 0.0000
vt 0.0502 0.3469 0.0000
vt 0.0305 0.2875 0.0000
vt 0.0305 0.3469 0.0000
vt 0.0068 0.9983 0.0000
vt 0.0069 0.0017 0.0000
vt 0.0197 0.1568 0.0000
vt 0.0197 0.0971 0.0000
vt 0.0070 0.9983 0.0000
vt 0.0068 0.0017 0.0000
vt 0.0194 0.2875 0.0000
vt 0.0194 0.3469 0.0000
vt 0.0085 0.1568 0.0000
vt 0.0085 0.0971 0.0000
vt 0.0082 0.2875 0.0000
vt 0.0082 0.3469 0.0000
vt 0.3137 0.0005 0.0000
vt 0.3140 0.9997 0.0000
vt 0.2982 0.9997 0.0000
vt 0.2980 0.0005 0.0000
vt 0.3297 0.9997 0.0000
vt 0.3294 0.0005 0.0000
vt 0.2823 0.0005 0.0000
vt 0.2825 0.9997 0.0000
vt 0.2666 0.0005 0.0000
vt 0.2667 0.9997 0.0000
vt 0.2509 0.0005 0.0000
vt 0.2510 0.9997 0.0000
vt 0.2352 0.0005 0.0000
vt 0.2353 0.9997 0.0000
vt 0.2195 0.0005 0.0000
vt 0.2196 0.9997 0.0000
vt 0.2038 0.0005 0.0000
vt 0.2039 0.9997 0.0000
vt 0.1881 0.0005 0.0000
vt 0.1882 0.9997 0.0000
vt 0.1724 0.0005 0.0000
vt 0.1725 0.9997 0.0000
vt 0.1568 0.0005 0.0000
vt 0.1568 0.9997 0.0000
vt 0.1411 0.0005 0.0000
vt 0.1411 0.9997 0.0000
vt 0.1254 0.9997 0.0000
vt 0.1254 0.0005 0.0000
vt 0.1097 0.0005 0.0000
vt 0.1097 0.9997 0.0000
vt 0.0941 0.0005 0.0000
vt 0.0941 0.9997 0.0000
vt 0.0784 0.0005 0.0000
vt 0.0784 0.9997 0.0000
vt 0.0627 0.0005 0.0000
vt 0.0627 0.9997 0.0000
vt 0.0471 0.0005 0.0000
vt 0.0470 0.9997 0.0000
vt 0.0157 0.0005 0.0000
vt 0.0157 0.9997 0.0000
vt 0.0001 0.0005 0.0000
vt 0.0313 0.9997 0.0000
vt 0.0314 0.0005 0.0000
vt 0.4847 0.0005 0.0000
vt 0.4848 0.9997 0.0000
vt 0.4695 0.9997 0.0000
vt 0.4694 0.0005 0.0000
vt 0.5000 0.9997 0.0000
vt 0.4997 0.0005 0.0000
vt 0.4538 0.0005 0.0000
vt 0.4542 0.9997 0.0000
vt 0.4383 0.0005 0.0000
vt 0.4389 0.9997 0.0000
vt 0.4229 0.0005 0.0000
vt 0.4237 0.9997 0.0000
vt 0.4075 0.0005 0.0000
vt 0.4083 0.9997 0.0000
vt 0.3920 0.0005 0.0000
vt 0.3927 0.9997 0.0000
vt 0.3764 0.0005 0.0000
vt 0.3770 0.9997 0.0000
vt 0.3607 0.0005 0.0000
vt 0.3612 0.9997 0.0000
vt 0.3451 0.0005 0.0000
vt 0.3455 0.9997 0.0000
vt 0.5153 0.9998 0.0000
vt 0.5000 0.9998 0.0000
vt 0.5001 0.0004 0.0000
vt 0.5151 0.0004 0.0000
vt 0.5461 0.0004 0.0000
vt 0.5457 0.9998 0.0000
vt 0.5305 0.9998 0.0000
vt 0.5304 0.0004 0.0000
vt 0.5774 0.0004 0.0000
vt 0.5763 0.9998 0.0000
vt 0.5610 0.9998 0.0000
vt 0.5618 0.0004 0.0000
vt 0.5929 0.0004 0.0000
vt 0.5917 0.9998 0.0000
vt 0.6086 0.0004 0.0000
vt 0.6073 0.9998 0.0000
vt 0.8135 0.0004 0.0000
vt 0.8293 0.0004 0.0000
vt 0.8290 0.9998 0.0000
vt 0.8132 0.9998 0.0000
vt 0.7974 0.9998 0.0000
vt 0.7978 0.0004 0.0000
vt 0.8450 0.0004 0.0000
vt 0.8448 0.9998 0.0000
vt 0.8608 0.0004 0.0000
vt 0.8607 0.9998 0.0000
vt 0.8765 0.0004 0.0000
vt 0.8765 0.9998 0.0000
vt 0.8923 0.0004 0.0000
vt 0.8923 0.9998 0.0000
vt 0.9080 0.0004 0.0000
vt 0.9081 0.9998 0.0000
vt 0.9238 0.0004 0.0000
vt 0.9238 0.9998 0.0000
vt 0.9395 0.0004 0.0000
vt 0.9396 0.9998 0.0000
vt 0.9552 0.0004 0.0000
vt 0.9554 0.9998 0.0000
vt 0.9710 0.0004 0.0000
vt 0.9712 0.9998 0.0000
vt 0.9867 0.0004 0.0000
vt 0.9870 0.9998 0.0000
vt 0.9997 0.0004 0.0000
vt 1.0000 0.9998 0.0000
vt 0.6243 0.0004 0.0000
vt 0.6231 0.9998 0.0000
vt 0.6400 0.0004 0.0000
vt 0.6389 0.9998 0.0000
vt 0.6558 0.0004 0.0000
vt 0.6547 0.9998 0.0000
vt 0.6716 0.0004 0.0000
vt 0.6706 0.9998 0.0000
vt 0.6873 0.0004 0.0000
vt 0.6864 0.9998 0.0000
vt 0.7031 0.0004 0.0000
vt 0.7023 0.9998 0.0000
vt 0.7189 0.0004 0.0000
vt 0.7182 0.9998 0.0000
vt 0.7347 0.0004 0.0000
vt 0.7340 0.9998 0.0000
vt 0.7505 0.0004 0.0000
vt 0.7499 0.9998 0.0000
vt 0.7663 0.0004 0.0000
vt 0.7657 0.9998 0.0000
vt 0.7820 0.0004 0.0000
vt 0.7816 0.9998 0.0000
vt 0.0508 0.0774 0.0000
vt 0.0311 0.0774 0.0000
vt 0.0311 0.0323 0.0000
vt 0.0508 0.0323 0.0000
vt 0.0792 0.0774 0.0000
vt 0.0792 0.0323 0.0000
vt 0.1082 0.0774 0.0000
vt 0.1082 0.0323 0.0000
vt 0.1374 0.0774 0.0000
vt 0.1374 0.0323 0.0000
vt 0.1666 0.0774 0.0000
vt 0.1666 0.0323 0.0000
vt 0.1956 0.0774 0.0000
vt 0.1956 0.0323 0.0000
vt 0.2247 0.0774 0.0000
vt 0.2247 0.0323 0.0000
vt 0.2539 0.0774 0.0000
vt 0.2539 0.0323 0.0000
vt 0.2833 0.0774 0.0000
vt 0.2833 0.0323 0.0000
vt 0.3126 0.0774 0.0000
vt 0.3126 0.0323 0.0000
vt 0.3421 0.0774 0.0000
vt 0.3421 0.0323 0.0000
vt 0.3715 0.0774 0.0000
vt 0.3715 0.0323 0.0000
vt 0.4010 0.0774 0.0000
vt 0.4010 0.0323 0.0000
vt 0.4305 0.0774 0.0000
vt 0.4305 0.0323 0.0000
vt 0.4600 0.0774 0.0000
vt 0.4600 0.0323 0.0000
vt 0.4895 0.0774 0.0000
vt 0.4895 0.0323 0.0000
vt 0.5189 0.0774 0.0000
vt 0.5189 0.0323 0.0000
vt 0.5484 0.0774 0.0000
vt 0.5484 0.0323 0.0000
vt 0.5778 0.0774 0.0000
vt 0.5778 0.0323 0.0000
vt 0.6073 0.0774 0.0000
vt 0.6073 0.0323 0.0000
vt 0.6367 0.0774 0.0000
vt 0.6367 0.0323 0.0000
vt 0.6662 0.0774 0.0000
vt 0.6662 0.0323 0.0000
vt 0.6956 0.0774 0.0000
vt 0.6956 0.0323 0.0000
vt 0.7250 0.0774 0.0000
vt 0.7250 0.0323 0.0000
vt 0.7544 0.0774 0.0000
vt 0.7544 0.0323 0.0000
vt 0.7838 0.0774 0.0000
vt 0.7838 0.0323 0.0000
vt 0.8133 0.0774 0.0000
vt 0.8133 0.0323 0.0000
vt 0.8427 0.0774 0.0000
vt 0.8427 0.0323 0.0000
vt 0.8721 0.0774 0.0000
vt 0.8721 0.0323 0.0000
vt 0.9015 0.0774 0.0000
vt 0.9015 0.0323 0.0000
vt 0.9309 0.0774 0.0000
vt 0.9309 0.0323 0.0000
vt 0.9585 0.0774 0.0000
vt 0.9585 0.0323 0.0000
vt 0.9734 -0.8136 0.0000
vt 0.9734 -0.7662 0.0000
vt 0.0251 -0.7662 0.0000
vt 0.0251 -0.8136 0.0000
vt 0.9582 0.8656 0.0000
vt 0.9582 0.8198 0.0000
vt 0.9305 0.8198 0.0000
vt 0.9305 0.8656 0.0000
vt 0.9010 0.8198 0.0000
vt 0.9010 0.8656 0.0000
vt 0.8716 0.8198 0.0000
vt 0.8716 0.8656 0.0000
vt 0.8422 0.8198 0.0000
vt 0.8422 0.8656 0.0000
vt 0.8127 0.8198 0.0000
vt 0.8127 0.8656 0.0000
vt 0.7833 0.8198 0.0000
vt 0.7833 0.8656 0.0000
vt 0.7539 0.8198 0.0000
vt 0.7539 0.8656 0.0000
vt 0.7244 0.8198 0.0000
vt 0.7244 0.8656 0.0000
vt 0.6950 0.8198 0.0000
vt 0.6950 0.8656 0.0000
vt 0.6655 0.8198 0.0000
vt 0.6655 0.8656 0.0000
vt 0.6360 0.8198 0.0000
vt 0.6360 0.8656 0.0000
vt 0.6065 0.8198 0.0000
vt 0.6065 0.8656 0.0000
vt 0.5771 0.8198 0.0000
vt 0.5771 0.8656 0.0000
vt 0.5476 0.8198 0.0000
vt 0.5476 0.8656 0.0000
vt 0.5180 0.8198 0.0000
vt 0.5180 0.8656 0.0000
vt 0.4885 0.8198 0.0000
vt 0.4885 0.8656 0.0000
vt 0.4590 0.8198 0.0000
vt 0.4590 0.8656 0.0000
vt 0.4294 0.8198 0.0000
vt 0.4294 0.8656 0.0000
vt 0.3999 0.8198 0.0000
vt 0.3999 0.8656 0.0000
vt 0.3703 0.8198 0.0000
vt 0.3703 0.8656 0.0000
vt 0.3407 0.8198 0.0000
vt 0.3407 0.8656 0.0000
vt 0.3112 0.8198 0.0000
vt 0.3112 0.8656 0.0000
vt 0.2817 0.8198 0.0000
vt 0.2817 0.8656 0.0000
vt 0.2522 0.8198 0.0000
vt 0.2522 0.8656 0.0000
vt 0.2229 0.8198 0.0000
vt 0.2229 0.8656 0.0000
vt 0.1938 0.8198 0.0000
vt 0.1938 0.8656 0.0000
vt 0.1651 0.8198 0.0000
vt 0.1651 0.8656 0.0000
vt 0.1366 0.8198 0.0000
vt 0.1366 0.8656 0.0000
vt 0.1080 0.8198 0.0000
vt 0.1080 0.8656 0.0000
vt 0.0795 0.8198 0.0000
vt 0.0795 0.8656 0.0000
vt 0.0509 0.8198 0.0000
vt 0.0509 0.8656 0.0000
vt 0.0311 0.8198 0.0000
vt 0.0311 0.8656 0.0000
vt 0.0198 0.0774 0.0000
vt 0.0198 0.0323 0.0000
vt 0.0197 0.8198 0.0000
vt 0.0197 0.8656 0.0000
vt 0.0085 0.0774 0.0000
vt 0.0085 0.0323 0.0000
vt 0.0082 0.8198 0.0000
vt 0.0082 0.8656 0.0000
vt 0.6561 0.9983 0.0000
vt 0.6557 0.0017 0.0000
vt 0.6713 0.0017 0.0000
vt 0.6717 0.9983 0.0000
vt 0.6869 0.0017 0.0000
vt 0.6873 0.9983 0.0000
vt 0.6405 0.9983 0.0000
vt 0.6401 0.0017 0.0000
vt 0.6250 0.9983 0.0000
vt 0.6246 0.0017 0.0000
vt 0.6094 0.9983 0.0000
vt 0.6090 0.0017 0.0000
vt 0.5938 0.9983 0.0000
vt 0.5935 0.0017 0.0000
vt 0.5782 0.9983 0.0000
vt 0.5625 0.9983 0.0000
vt 0.5628 0.0017 0.0000
vt 0.5467 0.9983 0.0000
vt 0.5474 0.0017 0.0000
vt 0.5310 0.9983 0.0000
vt 0.5317 0.0017 0.0000
vt 0.5158 0.9983 0.0000
vt 0.5162 0.0017 0.0000
vt 0.5009 0.9983 0.0000
vt 0.7026 0.0017 0.0000
vt 0.7029 0.9983 0.0000
vt 0.7182 0.0017 0.0000
vt 0.9839 0.9983 0.0000
vt 0.9683 0.9983 0.0000
vt 0.9839 0.0017 0.0000
vt 0.9526 0.9983 0.0000
vt 0.9526 0.0017 0.0000
vt 0.9370 0.9983 0.0000
vt 0.9370 0.0017 0.0000
vt 0.9214 0.9983 0.0000
vt 0.9214 0.0017 0.0000
vt 0.9058 0.9983 0.0000
vt 0.9058 0.0017 0.0000
vt 0.8901 0.0017 0.0000
vt 0.8746 0.9983 0.0000
vt 0.8745 0.0017 0.0000
vt 0.8590 0.9983 0.0000
vt 0.8589 0.0017 0.0000
vt 0.8434 0.9983 0.0000
vt 0.8432 0.0017 0.0000
vt 0.8278 0.9983 0.0000
vt 0.8276 0.0017 0.0000
vt 0.8122 0.9983 0.0000
vt 0.8120 0.0017 0.0000
vt 0.7966 0.9983 0.0000
vt 0.7963 0.0017 0.0000
vt 0.7810 0.9983 0.0000
vt 0.7654 0.9983 0.0000
vt 0.7651 0.0017 0.0000
vt 0.7498 0.9983 0.0000
vt 0.7494 0.0017 0.0000
vt 0.7338 0.0017 0.0000
vt 0.4370 0.0017 0.0000
vt 0.4376 0.9983 0.0000
vt 0.4219 0.9983 0.0000
vt 0.4214 0.0017 0.0000
vt 0.4062 0.9983 0.0000
vt 0.4059 0.0017 0.0000
vt 0.4526 0.0017 0.0000
vt 0.4533 0.9983 0.0000
vt 0.4683 0.0017 0.0000
vt 0.4690 0.9983 0.0000
vt 0.4838 0.0017 0.0000
vt 0.4842 0.9983 0.0000
vt 0.4990 0.9983 0.0000
vt 0.3594 0.0017 0.0000
vt 0.3439 0.9983 0.0000
vt 0.3438 0.0017 0.0000
vt 0.3749 0.0017 0.0000
vt 0.3904 0.0017 0.0000
vt 0.0168 0.0017 0.0000
vt 0.0324 0.0017 0.0000
vt 0.0323 0.9983 0.0000
vt 0.0167 0.9983 0.0000
vt 0.0012 0.0017 0.0000
vt 0.0480 0.0017 0.0000
vt 0.0479 0.9983 0.0000
vt 0.0636 0.0017 0.0000
vt 0.0635 0.9983 0.0000
vt 0.0792 0.0017 0.0000
vt 0.0791 0.9983 0.0000
vt 0.0948 0.0017 0.0000
vt 0.0947 0.9983 0.0000
vt 0.1103 0.0017 0.0000
vt 0.1103 0.9983 0.0000
vt 0.1259 0.9983 0.0000
vt 0.1415 0.0017 0.0000
vt 0.1415 0.9983 0.0000
vt 0.1571 0.0017 0.0000
vt 0.1571 0.9983 0.0000
vt 0.1727 0.0017 0.0000
vt 0.1726 0.9983 0.0000
vt 0.1882 0.0017 0.0000
vt 0.1882 0.9983 0.0000
vt 0.2038 0.0017 0.0000
vt 0.2038 0.9983 0.0000
vt 0.2194 0.0017 0.0000
vt 0.2194 0.9983 0.0000
vt 0.2349 0.0017 0.0000
vt 0.2350 0.9983 0.0000
vt 0.2505 0.0017 0.0000
vt 0.2505 0.9983 0.0000
vt 0.2661 0.0017 0.0000
vt 0.2661 0.9983 0.0000
vt 0.2816 0.0017 0.0000
vt 0.2817 0.9983 0.0000
vt 0.2972 0.0017 0.0000
vt 0.2972 0.9983 0.0000
vt 0.3127 0.0017 0.0000
vt 0.3128 0.9983 0.0000
vt 0.3283 0.0017 0.0000
vt 0.0324 1.3329 0.0000
vt 0.0324 1.3901 0.0000
vt 0.0519 1.3901 0.0000
vt 0.0519 1.3329 0.0000
vt 0.0800 1.3901 0.0000
vt 0.0800 1.3329 0.0000
vt 0.1090 1.3901 0.0000
vt 0.1090 1.3329 0.0000
vt 0.1385 1.3901 0.0000
vt 0.1385 1.3329 0.0000
vt 0.1680 1.3901 0.0000
vt 0.1680 1.3329 0.0000
vt 0.1974 1.3901 0.0000
vt 0.1974 1.3329 0.0000
vt 0.2267 1.3901 0.0000
vt 0.2267 1.3329 0.0000
vt 0.2559 1.3901 0.0000
vt 0.2559 1.3329 0.0000
vt 0.2851 1.3901 0.0000
vt 0.2851 1.3329 0.0000
vt 0.3143 1.3901 0.0000
vt 0.3143 1.3329 0.0000
vt 0.3435 1.3901 0.0000
vt 0.3435 1.3329 0.0000
vt 0.3727 1.3901 0.0000
vt 0.3727 1.3329 0.0000
vt 0.4019 1.3901 0.0000
vt 0.4019 1.3329 0.0000
vt 0.4311 1.3901 0.0000
vt 0.4311 1.3329 0.0000
vt 0.4604 1.3901 0.0000
vt 0.4604 1.3329 0.0000
vt 0.4896 1.3901 0.0000
vt 0.4896 1.3329 0.0000
vt 0.5188 1.3901 0.0000
vt 0.5188 1.3329 0.0000
vt 0.5481 1.3901 0.0000
vt 0.5481 1.3329 0.0000
vt 0.5773 1.3901 0.0000
vt 0.5773 1.3329 0.0000
vt 0.6065 1.3901 0.0000
vt 0.6065 1.3329 0.0000
vt 0.6358 1.3901 0.0000
vt 0.6358 1.3329 0.0000
vt 0.6650 1.3901 0.0000
vt 0.6650 1.3329 0.0000
vt 0.6943 1.3901 0.0000
vt 0.6943 1.3329 0.0000
vt 0.7235 1.3901 0.0000
vt 0.7235 1.3329 0.0000
vt 0.7528 1.3901 0.0000
vt 0.7528 1.3329 0.0000
vt 0.7820 1.3901 0.0000
vt 0.7820 1.3329 0.0000
vt 0.8113 1.3901 0.0000
vt 0.8113 1.3329 0.0000
vt 0.8405 1.3901 0.0000
vt 0.8405 1.3329 0.0000
vt 0.8698 1.3901 0.0000
vt 0.8698 1.3329 0.0000
vt 0.8991 1.3901 0.0000
vt 0.8991 1.3329 0.0000
vt 0.9283 1.3901 0.0000
vt 0.9283 1.3329 0.0000
vt 0.9568 1.3901 0.0000
vt 0.9568 1.3329 0.0000
vt 0.9734 -0.8693 0.0000
vt 0.9734 -0.8167 0.0000
vt 0.0251 -0.8167 0.0000
vt 0.0251 -0.8693 0.0000
vt 0.9280 1.2094 0.0000
vt 0.9568 1.2094 0.0000
vt 0.9568 1.2649 0.0000
vt 0.9280 1.2649 0.0000
vt 0.8987 1.2094 0.0000
vt 0.8987 1.2649 0.0000
vt 0.8695 1.2094 0.0000
vt 0.8695 1.2649 0.0000
vt 0.8403 1.2094 0.0000
vt 0.8403 1.2649 0.0000
vt 0.8110 1.2094 0.0000
vt 0.8110 1.2649 0.0000
vt 0.7818 1.2094 0.0000
vt 0.7818 1.2649 0.0000
vt 0.7526 1.2094 0.0000
vt 0.7526 1.2649 0.0000
vt 0.7234 1.2094 0.0000
vt 0.7234 1.2649 0.0000
vt 0.6941 1.2094 0.0000
vt 0.6941 1.2649 0.0000
vt 0.6649 1.2094 0.0000
vt 0.6649 1.2649 0.0000
vt 0.6357 1.2094 0.0000
vt 0.6357 1.2649 0.0000
vt 0.6065 1.2094 0.0000
vt 0.6065 1.2649 0.0000
vt 0.5772 1.2094 0.0000
vt 0.5772 1.2649 0.0000
vt 0.5480 1.2094 0.0000
vt 0.5480 1.2649 0.0000
vt 0.5188 1.2094 0.0000
vt 0.5188 1.2649 0.0000
vt 0.4896 1.2094 0.0000
vt 0.4896 1.2649 0.0000
vt 0.4604 1.2094 0.0000
vt 0.4604 1.2649 0.0000
vt 0.4312 1.2094 0.0000
vt 0.4312 1.2649 0.0000
vt 0.4020 1.2094 0.0000
vt 0.4020 1.2649 0.0000
vt 0.3728 1.2094 0.0000
vt 0.3728 1.2649 0.0000
vt 0.3436 1.2094 0.0000
vt 0.3436 1.2649 0.0000
vt 0.3145 1.2094 0.0000
vt 0.3145 1.2649 0.0000
vt 0.2854 1.2094 0.0000
vt 0.2854 1.2649 0.0000
vt 0.2563 1.2094 0.0000
vt 0.2563 1.2649 0.0000
vt 0.2273 1.2094 0.0000
vt 0.2273 1.2649 0.0000
vt 0.1983 1.2094 0.0000
vt 0.1983 1.2649 0.0000
vt 0.1694 1.2094 0.0000
vt 0.1694 1.2649 0.0000
vt 0.1404 1.2094 0.0000
vt 0.1404 1.2649 0.0000
vt 0.1111 1.2094 0.0000
vt 0.1111 1.2649 0.0000
vt 0.0819 1.2094 0.0000
vt 0.0819 1.2649 0.0000
vt 0.0527 1.2094 0.0000
vt 0.0527 1.2649 0.0000
vt 0.0326 1.2094 0.0000
vt 0.0326 1.2649 0.0000
vt 0.0206 1.2629 0.0000
vt 0.0206 1.2114 0.0000
vt 0.0068 1.2702 0.0000
vt 0.0081 1.2447 0.0000
vt 0.0110 1.2238 0.0000
vt 0.0203 1.3355 0.0000
vt 0.0154 1.3384 0.0000
vt 0.0109 1.3483 0.0000
vt 0.0203 1.3874 0.0000
vt 0.0080 1.3689 0.0000
vt 0.0068 1.3940 0.0000
vt 0.0156 1.2136 0.0000
vt 0.0184 0.0000 0.0000
vt 0.0340 0.0000 0.0000
vt 0.0330 1.0000 0.0000
vt 0.0171 1.0000 0.0000
vt 0.0495 0.0000 0.0000
vt 0.0490 1.0000 0.0000
vt 0.0651 0.0000 0.0000
vt 0.0651 1.0000 0.0000
vt 0.0806 0.0000 0.0000
vt 0.0811 1.0000 0.0000
vt 0.0962 0.0000 0.0000
vt 0.0972 1.0000 0.0000
vt 0.1118 0.0000 0.0000
vt 0.1134 1.0000 0.0000
vt 0.1274 0.0000 0.0000
vt 0.1294 1.0000 0.0000
vt 0.1430 0.0000 0.0000
vt 0.1454 1.0000 0.0000
vt 0.1585 0.0000 0.0000
vt 0.1611 1.0000 0.0000
vt 0.1740 0.0000 0.0000
vt 0.1766 1.0000 0.0000
vt 0.1894 0.0000 0.0000
vt 0.1919 1.0000 0.0000
vt 0.2049 0.0000 0.0000
vt 0.2072 1.0000 0.0000
vt 0.0011 1.0000 0.0000
vt 0.0029 0.0000 0.0000
vt 0.2203 0.0000 0.0000
vt 0.2223 1.0000 0.0000
vt 0.2357 0.0000 0.0000
vt 0.2374 1.0000 0.0000
vt 0.2512 0.0000 0.0000
vt 0.2525 1.0000 0.0000
vt 0.2665 0.0000 0.0000
vt 0.2676 1.0000 0.0000
vt 0.2819 0.0000 0.0000
vt 0.2827 1.0000 0.0000
vt 0.2973 0.0000 0.0000
vt 0.2978 1.0000 0.0000
vt 0.3129 0.0000 0.0000
vt 0.3132 1.0000 0.0000
vt 0.3290 0.0000 0.0000
vt 0.3290 1.0000 0.0000
vt 0.3450 0.0000 0.0000
vt 0.3451 1.0000 0.0000
vt 0.3608 0.0000 0.0000
vt 0.3610 1.0000 0.0000
vt 0.3763 0.0000 0.0000
vt 0.3769 1.0000 0.0000
vt 0.3916 0.0000 0.0000
vt 0.3930 1.0000 0.0000
vt 0.4066 0.0000 0.0000
vt 0.4088 1.0000 0.0000
vt 0.4217 0.0000 0.0000
vt 0.4236 1.0000 0.0000
vt 0.4374 0.0000 0.0000
vt 0.4379 1.0000 0.0000
vt 0.4536 0.0000 0.0000
vt 0.4522 1.0000 0.0000
vt 0.4689 0.0000 0.0000
vt 0.4665 1.0000 0.0000
vt 0.4840 0.0000 0.0000
vt 0.4818 1.0000 0.0000
vt 0.4994 0.0000 0.0000
vt 0.4983 1.0000 0.0000
vt 0.6456 0.0000 0.0000
vt 0.6612 0.0000 0.0000
vt 0.6617 1.0000 0.0000
vt 0.6462 1.0000 0.0000
vt 0.6306 1.0000 0.0000
vt 0.6300 0.0000 0.0000
vt 0.6149 1.0000 0.0000
vt 0.6142 0.0000 0.0000
vt 0.6768 0.0000 0.0000
vt 0.6773 1.0000 0.0000
vt 0.6924 0.0000 0.0000
vt 0.6928 1.0000 0.0000
vt 0.5142 0.0000 0.0000
vt 0.5244 0.0000 0.0000
vt 0.5231 1.0000 0.0000
vt 0.5126 1.0000 0.0000
vt 0.5050 1.0000 0.0000
vt 0.5050 0.0000 0.0000
vt 0.5361 0.0000 0.0000
vt 0.5361 1.0000 0.0000
vt 0.5503 0.0000 0.0000
vt 0.5507 1.0000 0.0000
vt 0.5659 0.0000 0.0000
vt 0.5667 1.0000 0.0000
vt 0.5820 0.0000 0.0000
vt 0.5828 1.0000 0.0000
vt 0.5982 0.0000 0.0000
vt 0.5989 1.0000 0.0000
vt 0.7080 0.0000 0.0000
vt 0.7084 1.0000 0.0000
vt 0.7237 0.0000 0.0000
vt 0.7241 1.0000 0.0000
vt 0.7395 0.0000 0.0000
vt 0.7398 1.0000 0.0000
vt 0.7553 0.0000 0.0000
vt 0.7556 1.0000 0.0000
vt 0.7711 0.0000 0.0000
vt 0.7715 1.0000 0.0000
vt 0.7870 0.0000 0.0000
vt 0.7874 1.0000 0.0000
vt 0.8030 0.0000 0.0000
vt 0.8033 1.0000 0.0000
vt 0.8189 0.0000 0.0000
vt 0.8193 1.0000 0.0000
vt 0.8349 0.0000 0.0000
vt 0.8353 1.0000 0.0000
vt 0.8509 0.0000 0.0000
vt 0.8512 1.0000 0.0000
vt 0.8668 0.0000 0.0000
vt 0.8672 1.0000 0.0000
vt 0.8828 0.0000 0.0000
vt 0.8832 1.0000 0.0000
vt 0.8988 0.0000 0.0000
vt 0.8991 1.0000 0.0000
vt 0.9147 0.0000 0.0000
vt 0.9151 1.0000 0.0000
vt 0.9307 0.0000 0.0000
vt 0.9311 1.0000 0.0000
vt 0.9467 0.0000 0.0000
vt 0.9471 1.0000 0.0000
vt 0.9627 0.0000 0.0000
vt 0.9630 1.0000 0.0000
vt 0.9786 0.0000 0.0000
vt 0.9790 1.0000 0.0000
vt 0.9946 0.0000 0.0000
vt 0.9950 1.0000 0.0000
vt 0.7505 1.0000 0.0000
vt 0.7505 -0.0000 0.0000
vt 0.7661 -0.0000 0.0000
vt 0.7661 1.0000 0.0000
vt 0.7817 -0.0000 0.0000
vt 0.7817 1.0000 0.0000
vt 0.7973 -0.0000 0.0000
vt 0.7973 1.0000 0.0000
vt 0.8129 -0.0000 0.0000
vt 0.8129 1.0000 0.0000
vt 0.8285 -0.0000 0.0000
vt 0.8285 1.0000 0.0000
vt 0.8441 -0.0000 0.0000
vt 0.8441 1.0000 0.0000
vt 0.8597 -0.0000 0.0000
vt 0.8597 1.0000 0.0000
vt 0.8753 -0.0000 0.0000
vt 0.8753 1.0000 0.0000
vt 0.8909 -0.0000 0.0000
vt 0.8909 1.0000 0.0000
vt 0.9065 -0.0000 0.0000
vt 0.9065 1.0000 0.0000
vt 0.9221 -0.0000 0.0000
vt 0.9221 1.0000 0.0000
vt 0.9376 -0.0000 0.0000
vt 0.9376 1.0000 0.0000
vt 0.9532 -0.0000 0.0000
vt 0.9532 1.0000 0.0000
vt 0.9688 -0.0000 0.0000
vt 0.9688 1.0000 0.0000
vt 0.9844 -0.0000 0.0000
vt 0.9844 1.0000 0.0000
vt 1.0000 -0.0000 0.0000
vt 1.0000 1.0000 0.0000
vt 0.7192 1.0000 0.0000
vt 0.7192 -0.0000 0.0000
vt 0.7348 -0.0000 0.0000
vt 0.7348 1.0000 0.0000
vt 0.7035 1.0000 0.0000
vt 0.7035 -0.0000 0.0000
vt 0.5152 -0.0000 0.0000
vt 0.5306 -0.0000 0.0000
vt 0.5306 1.0000 0.0000
vt 0.5152 1.0000 0.0000
vt 0.5001 -0.0000 0.0000
vt 0.5461 -0.0000 0.0000
vt 0.5461 1.0000 0.0000
vt 0.5617 -0.0000 0.0000
vt 0.5617 1.0000 0.0000
vt 0.5773 -0.0000 0.0000
vt 0.5773 1.0000 0.0000
vt 0.5931 -0.0000 0.0000
vt 0.5931 1.0000 0.0000
vt 0.6090 -0.0000 0.0000
vt 0.6090 1.0000 0.0000
vt 0.6250 -0.0000 0.0000
vt 0.6250 1.0000 0.0000
vt 0.6408 -0.0000 0.0000
vt 0.6408 1.0000 0.0000
vt 0.6565 -0.0000 0.0000
vt 0.6565 1.0000 0.0000
vt 0.6722 -0.0000 0.0000
vt 0.6722 1.0000 0.0000
vt 0.6879 -0.0000 0.0000
vt 0.6879 1.0000 0.0000
vt -0.0000 -0.0000 0.0000
vt 0.0156 -0.0000 0.0000
vt 0.0156 1.0000 0.0000
vt -0.0000 1.0000 0.0000
vt 0.0312 -0.0000 0.0000
vt 0.0312 1.0000 0.0000
vt 0.0468 -0.0000 0.0000
vt 0.0468 1.0000 0.0000
vt 0.0624 -0.0000 0.0000
vt 0.0624 1.0000 0.0000
vt 0.0780 -0.0000 0.0000
vt 0.0780 1.0000 0.0000
vt 0.0935 -0.0000 0.0000
vt 0.0935 1.0000 0.0000
vt 0.1091 -0.0000 0.0000
vt 0.1091 1.0000 0.0000
vt 0.1247 -0.0000 0.0000
vt 0.1247 1.0000 0.0000
vt 0.1403 -0.0000 0.0000
vt 0.1403 1.0000 0.0000
vt 0.1559 -0.0000 0.0000
vt 0.1559 1.0000 0.0000
vt 0.1715 -0.0000 0.0000
vt 0.1715 1.0000 0.0000
vt 0.1871 -0.0000 0.0000
vt 0.1871 1.0000 0.0000
vt 0.2028 -0.0000 0.0000
vt 0.2028 1.0000 0.0000
vt 0.2184 -0.0000 0.0000
vt 0.2184 1.0000 0.0000
vt 0.2341 -0.0000 0.0000
vt 0.2341 1.0000 0.0000
vt 0.2497 -0.0000 0.0000
vt 0.2497 1.0000 0.0000
vt 0.2654 -0.0000 0.0000
vt 0.2654 1.0000 0.0000
vt 0.2811 -0.0000 0.0000
vt 0.2811 1.0000 0.0000
vt 0.2967 -0.0000 0.0000
vt 0.2967 1.0000 0.0000
vt 0.3125 -0.0000 0.0000
vt 0.3125 1.0000 0.0000
vt 0.3282 -0.0000 0.0000
vt 0.3282 1.0000 0.0000
vt 0.3438 -0.0000 0.0000
vt 0.3438 1.0000 0.0000
vt 0.3594 -0.0000 0.0000
vt 0.3594 1.0000 0.0000
vt 0.3748 -0.0000 0.0000
vt 0.3748 1.0000 0.0000
vt 0.3904 -0.0000 0.0000
vt 0.3904 1.0000 0.0000
vt 0.4061 -0.0000 0.0000
vt 0.4061 1.0000 0.0000
vt 0.4215 -0.0000 0.0000
vt 0.4215 1.0000 0.0000
vt 0.4370 -0.0000 0.0000
vt 0.4370 1.0000 0.0000
vt 0.4527 -0.0000 0.0000
vt 0.4527 1.0000 0.0000
vt 0.4684 -0.0000 0.0000
vt 0.4684 1.0000 0.0000
vt 0.4842 -0.0000 0.0000
vt 0.4842 1.0000 0.0000
# 2616 texture coords

o Lifestyle_053
g Lifestyle_053
usemtl Pages
s 1
f 1/1 2/2 3/3 4/4 
f 5/5 6/6 7/7 8/8 
f 9/9 2/2 1/1 10/10 
f 11/11 12/12 13/13 14/14 
f 9/9 10/10 12/12 11/11 
f 5/5 14/14 13/13 6/6 
f 15/15 16/16 17/17 18/18 
f 19/19 20/20 21/21 22/22 
f 15/15 18/18 20/20 19/19 
f 7/7 22/22 21/21 8/8 
s 2
f 23/23 24/24 25/25 26/26 
f 27/27 25/25 24/24 28/28 
f 23/23 26/26 29/29 30/30 
f 30/30 29/29 31/31 32/32 
f 32/32 31/31 33/33 34/34 
f 34/34 33/33 35/35 36/36 
f 36/36 35/35 37/37 38/38 
f 38/38 37/37 39/39 40/40 
f 40/40 39/39 41/41 42/42 
f 42/42 41/41 43/43 44/44 
f 44/44 43/43 45/45 46/46 
f 46/46 45/45 47/47 48/48 
f 48/48 47/47 49/49 50/50 
f 50/50 49/49 51/51 52/52 
f 52/52 51/51 53/53 54/54 
f 54/54 53/53 55/55 56/56 
f 56/56 55/55 57/57 58/58 
f 58/58 57/57 59/59 60/60 
f 60/60 59/59 61/61 62/62 
f 62/62 61/61 63/63 64/64 
f 64/64 63/63 65/65 66/66 
f 66/66 65/65 67/67 68/68 
f 68/68 67/67 69/69 70/70 
f 70/70 69/69 71/71 72/72 
f 72/72 71/71 73/73 74/74 
f 74/74 73/73 75/75 76/76 
f 76/76 75/75 77/77 78/78 
f 78/78 77/77 79/79 80/80 
f 80/80 79/79 81/81 82/82 
f 82/82 81/81 83/83 84/84 
f 84/84 83/83 85/85 86/86 
f 86/86 85/85 87/87 88/88 
s 1
f 89/89 90/90 17/17 16/16 
s 2
f 91/91 92/92 93/93 94/94 
f 92/92 91/91 95/95 96/96 
f 97/97 94/94 93/93 98/98 
f 97/97 98/98 99/99 100/100 
f 101/101 100/100 99/99 102/102 
f 101/101 102/102 103/103 104/104 
f 105/105 106/106 107/107 108/108 
f 108/108 107/107 109/109 110/110 
f 110/110 109/109 111/111 112/112 
f 112/112 111/111 96/96 95/95 
f 113/113 114/114 115/115 116/116 
f 117/117 115/115 114/114 118/118 
f 113/113 116/116 119/119 120/120 
f 120/120 119/119 121/121 122/122 
f 122/122 121/121 123/123 124/124 
f 124/124 123/123 125/125 126/126 
f 126/126 125/125 127/127 128/128 
f 128/128 127/127 129/129 130/130 
f 130/130 129/129 131/131 132/132 
f 132/132 131/131 133/133 134/134 
f 134/134 133/133 135/135 136/136 
f 136/136 135/135 137/137 138/138 
f 139/139 138/138 137/137 140/140 
f 139/139 140/140 141/141 142/142 
f 142/142 141/141 143/143 144/144 
f 145/145 144/144 143/143 146/146 
f 145/145 146/146 147/147 148/148 
f 148/148 147/147 149/149 150/150 
f 150/150 149/149 151/151 152/152 
f 152/152 151/151 153/153 154/154 
f 154/154 153/153 155/155 156/156 
f 105/105 156/156 155/155 106/106 
s 1
f 157/157 158/158 159/159 160/160 
f 157/157 90/90 89/89 158/158 
f 88/88 87/87 160/160 159/159 
f 161/161 162/162 163/163 164/164 
f 161/161 104/104 103/103 162/162 
f 4/4 3/3 164/164 163/163 
f 165/165 166/166 167/167 168/168 
f 169/169 170/170 171/171 172/172 
f 167/167 166/166 173/173 174/174 
f 175/175 176/176 177/177 178/178 
f 176/176 174/174 173/173 177/177 
f 175/175 178/178 171/171 170/170 
f 179/179 180/180 181/181 182/182 
f 183/183 184/184 185/185 186/186 
f 184/184 182/182 181/181 185/185 
f 183/183 186/186 169/169 172/172 
s 2
f 187/187 188/188 189/189 190/190 
f 188/188 187/187 191/191 192/192 
f 193/193 190/190 189/189 194/194 
f 195/195 193/193 194/194 196/196 
f 197/197 195/195 196/196 198/198 
f 199/199 197/197 198/198 200/200 
f 201/201 199/199 200/200 202/202 
f 203/203 201/201 202/202 204/204 
f 205/205 203/203 204/204 206/206 
f 207/207 205/205 206/206 208/208 
f 209/209 207/207 208/208 210/210 
f 211/211 209/209 210/210 212/212 
f 213/213 211/211 212/212 214/214 
f 215/215 213/213 214/214 216/216 
f 217/217 215/215 216/216 218/218 
f 219/219 217/217 218/218 220/220 
f 221/221 219/219 220/220 222/222 
f 223/223 221/221 222/222 224/224 
f 225/225 223/223 224/224 226/226 
f 227/227 225/225 226/226 228/228 
f 229/229 227/227 228/228 230/230 
f 231/231 229/229 230/230 232/232 
f 233/233 231/231 232/232 234/234 
f 235/235 233/233 234/234 236/236 
f 237/237 235/235 236/236 238/238 
f 239/239 237/237 238/238 240/240 
f 241/241 239/239 240/240 242/242 
f 243/243 241/241 242/242 244/244 
f 245/245 243/243 244/244 246/246 
f 247/247 245/245 246/246 248/248 
f 249/249 247/247 248/248 250/250 
f 251/251 249/249 250/250 252/252 
s 1
f 179/179 253/253 254/254 180/180 
s 2
f 255/255 256/256 257/257 258/258 
f 259/259 257/257 256/256 260/260 
f 255/255 258/258 261/261 262/262 
f 263/263 262/262 261/261 264/264 
f 263/263 264/264 265/265 266/266 
f 267/267 266/266 265/265 268/268 
f 269/269 270/270 271/271 272/272 
f 273/273 269/269 272/272 274/274 
f 275/275 273/273 274/274 276/276 
f 260/260 275/275 276/276 259/259 
f 277/277 278/278 279/279 280/280 
f 278/278 277/277 281/281 282/282 
f 283/283 280/280 279/279 284/284 
f 285/285 283/283 284/284 286/286 
f 287/287 285/285 286/286 288/288 
f 289/289 287/287 288/288 290/290 
f 291/291 289/289 290/290 292/292 
f 293/293 291/291 292/292 294/294 
f 295/295 293/293 294/294 296/296 
f 297/297 295/295 296/296 298/298 
f 299/299 297/297 298/298 300/300 
f 301/301 299/299 300/300 302/302 
f 301/301 302/302 303/303 304/304 
f 305/305 304/304 303/303 306/306 
f 307/307 305/305 306/306 308/308 
f 307/307 308/308 309/309 310/310 
f 311/311 310/310 309/309 312/312 
f 313/313 311/311 312/312 314/314 
f 315/315 313/313 314/314 316/316 
f 317/317 315/315 316/316 318/318 
f 319/319 317/317 318/318 320/320 
f 319/319 320/320 271/271 270/270 
s 1
f 321/321 322/322 323/323 324/324 
f 254/254 253/253 323/323 322/322 
f 324/324 251/251 252/252 321/321 
f 325/325 326/326 327/327 328/328 
f 267/267 268/268 327/327 326/326 
f 328/328 165/165 168/168 325/325 
s 4
f 168/329 167/330 1/331 4/332 
f 166/333 165/334 3/335 2/336 
f 172/337 171/338 5/339 8/340 
f 170/341 169/342 7/343 6/344 
f 167/330 174/345 10/346 1/331 
f 173/347 166/333 2/336 9/348 
f 178/349 177/350 11/351 14/352 
f 176/353 175/354 13/355 12/356 
f 177/350 173/347 9/348 11/351 
f 174/345 176/353 12/356 10/346 
f 175/354 170/341 6/344 13/355 
f 171/338 178/349 14/352 5/339 
f 179/357 182/358 18/359 17/360 
f 181/361 180/362 16/363 15/364 
f 186/365 185/366 19/367 22/368 
f 184/369 183/370 21/371 20/372 
f 185/366 181/361 15/364 19/367 
f 182/358 184/369 20/372 18/359 
f 183/370 172/337 8/340 21/371 
f 169/342 186/365 22/368 7/343 
f 187/373 190/374 26/375 25/376 
f 189/377 188/378 24/379 23/380 
f 188/378 192/381 28/382 24/379 
s 1
f 192/383 191/384 27/385 28/386 
s 4
f 191/387 187/373 25/376 27/388 
f 194/389 189/377 23/380 30/390 
f 190/374 193/391 29/392 26/375 
f 196/393 194/389 30/390 32/394 
f 193/391 195/395 31/396 29/392 
f 198/397 196/393 32/394 34/398 
f 195/395 197/399 33/400 31/396 
f 200/401 198/397 34/398 36/402 
f 197/399 199/403 35/404 33/400 
f 202/405 200/401 36/402 38/406 
f 199/403 201/407 37/408 35/404 
f 204/409 202/405 38/406 40/410 
f 201/407 203/411 39/412 37/408 
f 206/413 204/409 40/410 42/414 
f 203/411 205/415 41/416 39/412 
f 208/417 206/413 42/414 44/418 
f 205/415 207/419 43/420 41/416 
f 210/421 208/417 44/418 46/422 
f 207/419 209/423 45/424 43/420 
f 212/425 210/421 46/422 48/426 
f 209/423 211/427 47/428 45/424 
f 214/429 212/425 48/426 50/430 
f 211/427 213/431 49/432 47/428 
f 216/433 214/429 50/430 52/434 
f 213/431 215/435 51/436 49/432 
f 218/437 216/433 52/434 54/438 
f 215/435 217/439 53/440 51/436 
f 220/441 218/437 54/438 56/442 
f 217/439 219/443 55/444 53/440 
f 222/445 220/441 56/442 58/446 
f 219/443 221/447 57/448 55/444 
f 224/449 222/445 58/446 60/450 
f 221/447 223/451 59/452 57/448 
f 226/453 224/449 60/450 62/454 
f 223/451 225/455 61/456 59/452 
f 228/457 226/453 62/454 64/458 
f 225/455 227/459 63/460 61/456 
f 230/461 228/457 64/458 66/462 
f 227/459 229/463 65/464 63/460 
f 232/465 230/461 66/462 68/466 
f 229/463 231/467 67/468 65/464 
f 234/469 232/465 68/466 70/470 
f 231/467 233/471 69/472 67/468 
f 236/473 234/469 70/470 72/474 
f 233/471 235/475 71/476 69/472 
f 238/477 236/473 72/474 74/478 
f 235/475 237/479 73/480 71/476 
f 240/481 238/477 74/478 76/482 
f 237/479 239/483 75/484 73/480 
f 242/485 240/481 76/482 78/486 
f 239/483 241/487 77/488 75/484 
f 244/489 242/485 78/486 80/490 
f 241/487 243/491 79/492 77/488 
f 246/493 244/489 80/490 82/494 
f 243/491 245/495 81/496 79/492 
f 248/497 246/493 82/494 84/498 
f 245/495 247/499 83/500 81/496 
f 250/501 248/497 84/498 86/502 
f 247/499 249/503 85/504 83/500 
f 252/505 250/501 86/502 88/506 
f 249/503 251/507 87/508 85/504 
f 180/362 254/509 89/510 16/363 
f 253/511 179/357 17/360 90/512 
f 258/513 257/514 91/515 94/516 
f 256/517 255/518 93/519 92/520 
f 260/521 256/517 92/520 96/522 
f 257/514 259/523 95/524 91/515 
f 255/518 262/525 98/526 93/519 
f 261/527 258/513 94/516 97/528 
f 264/529 261/527 97/528 100/530 
f 262/525 263/531 99/532 98/526 
f 263/531 266/533 102/534 99/532 
f 265/535 264/529 100/530 101/536 
f 268/537 265/535 101/536 104/538 
f 266/533 267/539 103/540 102/534 
f 272/541 271/542 105/543 108/544 
f 270/545 269/546 107/547 106/548 
f 274/549 272/541 108/544 110/550 
f 269/546 273/551 109/552 107/547 
f 276/553 274/549 110/550 112/554 
f 273/551 275/555 111/556 109/552 
f 259/523 276/553 112/554 95/524 
f 275/555 260/521 96/522 111/556 
f 277/557 280/558 116/559 115/560 
f 279/561 278/562 114/563 113/564 
f 278/562 282/565 118/566 114/563 
s 1
f 282/567 281/568 117/569 118/570 
s 4
f 281/571 277/557 115/560 117/572 
f 284/573 279/561 113/564 120/574 
f 280/558 283/575 119/576 116/559 
f 286/577 284/573 120/574 122/578 
f 283/575 285/579 121/580 119/576 
f 288/581 286/577 122/578 124/582 
f 285/579 287/583 123/584 121/580 
f 290/585 288/581 124/582 126/586 
f 287/583 289/587 125/588 123/584 
f 292/589 290/585 126/586 128/590 
f 289/587 291/591 127/592 125/588 
f 294/593 292/589 128/590 130/594 
f 291/591 293/595 129/596 127/592 
f 296/597 294/593 130/594 132/598 
f 293/595 295/599 131/600 129/596 
f 298/601 296/597 132/598 134/602 
f 295/599 297/603 133/604 131/600 
f 300/605 298/601 134/602 136/606 
f 297/603 299/607 135/608 133/604 
f 302/609 300/605 136/606 138/610 
f 299/607 301/611 137/612 135/608 
f 301/611 304/613 140/614 137/612 
f 303/615 302/609 138/610 139/616 
f 306/617 303/615 139/616 142/618 
f 304/613 305/619 141/620 140/614 
f 308/621 306/617 142/618 144/622 
f 305/619 307/623 143/624 141/620 
f 307/623 310/625 146/626 143/624 
f 309/627 308/621 144/622 145/628 
f 312/629 309/627 145/628 148/630 
f 310/625 311/631 147/632 146/626 
f 314/633 312/629 148/630 150/634 
f 311/631 313/635 149/636 147/632 
f 316/637 314/633 150/634 152/638 
f 313/635 315/639 151/640 149/636 
f 318/641 316/637 152/638 154/642 
f 315/639 317/643 153/644 151/640 
f 320/645 318/641 154/642 156/646 
f 317/643 319/647 155/648 153/644 
f 319/647 270/545 106/548 155/648 
f 271/542 320/645 156/646 105/543 
f 324/649 323/650 157/651 160/652 
f 322/653 321/654 159/655 158/656 
f 254/509 322/653 158/656 89/510 
f 323/650 253/511 90/512 157/651 
f 321/654 252/505 88/506 159/655 
f 251/507 324/649 160/652 87/508 
f 328/657 327/658 161/659 164/660 
f 326/661 325/662 163/663 162/664 
f 267/539 326/661 162/664 103/540 
f 327/658 268/537 104/538 161/659 
f 325/662 168/329 4/332 163/663 
f 165/334 328/657 164/660 3/335 
s 1
f 329/665 330/666 331/667 332/668 
f 333/669 334/670 330/666 329/665 
f 333/669 335/671 336/672 334/670 
f 335/671 337/673 338/674 336/672 
f 339/675 340/676 338/674 337/673 
f 341/677 342/678 340/676 339/675 
f 343/679 344/680 342/678 341/677 
f 345/681 346/682 344/680 343/679 
f 347/683 348/684 346/682 345/681 
f 349/685 350/686 348/684 347/683 
f 351/687 352/688 350/686 349/685 
f 353/689 354/690 352/688 351/687 
f 252/691 251/692 354/690 353/689 
f 355/693 356/694 357/695 358/696 
f 358/696 359/697 360/698 355/693 
f 361/699 362/700 357/695 356/694 
f 363/701 364/702 362/700 361/699 
f 365/703 366/704 364/702 363/701 
f 367/705 368/706 366/704 365/703 
f 369/707 370/708 368/706 367/705 
f 371/709 372/710 370/708 369/707 
f 373/711 374/712 372/710 371/709 
f 375/713 376/714 374/712 373/711 
f 377/715 378/716 376/714 375/713 
f 379/717 380/718 378/716 377/715 
f 381/719 382/720 380/718 379/717 
f 383/721 384/722 382/720 381/719 
f 385/723 386/724 384/722 383/721 
f 387/725 388/726 386/724 385/723 
f 389/727 390/728 388/726 387/725 
f 391/729 392/730 390/728 389/727 
f 332/668 331/667 392/730 391/729 
f 393/731 394/732 395/733 396/734 
f 397/735 393/731 396/734 398/736 
f 397/735 398/736 399/737 400/738 
f 401/739 400/738 399/737 402/740 
f 403/741 404/742 405/743 406/744 
f 404/742 403/741 407/745 408/746 
f 409/747 406/744 405/743 410/748 
f 411/749 409/747 410/748 412/750 
f 413/751 411/749 412/750 414/752 
f 413/751 414/752 415/753 416/754 
f 417/755 416/754 415/753 418/756 
f 419/757 417/755 418/756 420/758 
f 421/759 419/757 420/758 422/760 
f 423/761 421/759 422/760 424/762 
f 425/763 423/761 424/762 426/764 
f 425/763 426/764 427/765 428/766 
f 429/767 428/766 427/765 430/768 
f 431/769 429/767 430/768 432/770 
f 433/771 431/769 432/770 434/772 
f 435/773 433/771 434/772 436/774 
f 437/775 435/773 436/774 438/776 
f 437/775 438/776 439/777 440/778 
f 441/779 440/778 439/777 442/780 
f 443/781 441/779 442/780 444/782 
f 445/783 443/781 444/782 446/784 
f 447/785 445/783 446/784 448/786 
f 449/787 447/785 448/786 450/788 
f 451/789 449/787 450/788 452/790 
f 453/791 451/789 452/790 454/792 
f 394/732 453/791 454/792 395/733 
f 455/793 401/739 402/740 456/794 
f 455/793 456/794 251/795 252/796 
f 457/797 458/798 459/799 460/800 
f 461/801 462/802 457/797 460/800 
f 463/803 464/804 459/799 458/798 
f 465/805 466/806 464/804 463/803 
f 467/807 468/808 466/806 465/805 
f 467/807 469/809 470/810 468/808 
f 471/811 472/812 470/810 469/809 
f 473/813 474/814 472/812 471/811 
f 473/813 475/815 476/816 474/814 
f 477/817 478/818 476/816 475/815 
f 479/819 480/820 478/818 477/817 
f 481/821 482/822 480/820 479/819 
f 483/823 484/824 482/822 481/821 
f 485/825 486/826 484/824 483/823 
f 487/827 488/828 486/826 485/825 
f 489/829 490/830 488/828 487/827 
f 491/831 492/832 490/830 489/829 
f 493/833 494/834 492/832 491/831 
f 495/835 496/836 494/834 493/833 
f 497/837 498/838 496/836 495/835 
f 499/839 500/840 498/838 497/837 
f 501/841 502/842 500/840 499/839 
f 503/843 504/844 502/842 501/841 
f 503/843 505/795 506/796 504/844 
f 507/845 508/846 509/847 510/848 
f 511/745 512/746 507/845 510/848 
f 513/849 514/850 509/847 508/846 
f 515/851 516/852 514/850 513/849 
f 517/853 518/854 516/852 515/851 
f 519/855 520/856 518/854 517/853 
f 519/855 521/857 522/858 520/856 
f 462/802 461/801 522/858 521/857 
s 4
f 504/859 506/860 251/861 456/862 
f 502/863 504/859 456/862 402/864 
f 500/865 502/863 402/864 399/866 
f 498/867 500/865 399/866 398/868 
f 496/869 498/867 398/868 396/870 
f 494/871 496/869 396/870 395/872 
f 492/873 494/871 395/872 454/874 
f 490/875 492/873 454/874 452/876 
f 488/877 490/875 452/876 450/878 
f 486/879 488/877 450/878 448/880 
f 484/881 486/879 448/880 446/882 
f 482/883 484/881 446/882 444/884 
f 480/885 482/883 444/884 442/886 
f 478/887 480/885 442/886 439/888 
f 476/889 478/887 439/888 438/890 
f 474/891 476/889 438/890 436/892 
f 472/893 474/891 436/892 434/894 
f 470/895 472/893 434/894 432/896 
f 468/897 470/895 432/896 430/898 
f 466/899 468/897 430/898 427/900 
f 464/901 466/899 427/900 426/902 
f 459/903 464/901 426/902 424/904 
f 460/905 459/903 424/904 422/906 
f 461/907 460/905 422/906 420/908 
f 522/909 461/907 420/908 418/910 
f 520/911 522/909 418/910 415/912 
f 518/913 520/911 415/912 414/914 
f 516/915 518/913 414/914 412/916 
f 514/917 516/915 412/916 410/918 
f 509/919 514/917 410/918 405/920 
f 510/921 509/919 405/920 404/922 
f 511/923 510/921 404/922 408/924 
s 8
f 511/925 408/926 407/927 512/928 
s 4
f 512/929 407/930 403/931 507/932 
f 507/932 403/931 406/933 508/934 
f 508/934 406/933 409/935 513/936 
f 513/936 409/935 411/937 515/938 
f 515/938 411/937 413/939 517/940 
f 517/940 413/939 416/941 519/942 
f 519/942 416/941 417/943 521/944 
f 521/944 417/943 419/945 462/946 
f 462/946 419/945 421/947 457/948 
f 457/948 421/947 423/949 458/950 
f 458/950 423/949 425/951 463/952 
f 463/952 425/951 428/953 465/954 
f 465/954 428/953 429/955 467/956 
f 467/956 429/955 431/957 469/958 
f 469/958 431/957 433/959 471/960 
f 471/960 433/959 435/961 473/962 
f 473/962 435/961 437/963 475/964 
f 475/964 437/963 440/965 477/966 
f 477/966 440/965 441/967 479/968 
f 479/968 441/967 443/969 481/970 
f 481/970 443/969 445/971 483/972 
f 483/972 445/971 447/973 485/974 
f 485/974 447/973 449/975 487/976 
f 487/976 449/975 451/977 489/978 
f 489/978 451/977 453/979 491/980 
f 491/980 453/979 394/981 493/982 
f 493/982 394/981 393/983 495/984 
f 495/984 393/983 397/985 497/986 
f 497/986 397/985 400/987 499/988 
f 499/988 400/987 401/989 501/990 
f 501/990 401/989 455/991 503/992 
f 503/992 455/991 252/993 505/994 
s off
f 506/860 523/995 179/996 251/861 
f 252/993 180/997 524/998 505/994 
f 172/999 183/1000 184/1001 523/995 
f 180/997 181/1002 185/1003 524/998 
f 184/1001 182/1004 179/996 523/995 
f 185/1003 186/1005 169/1006 524/998 
s 1
f 525/1007 526/1008 527/1009 528/1010 
f 529/1011 526/1008 525/1007 530/1012 
f 531/1013 528/1010 527/1009 532/1014 
f 533/1015 531/1013 532/1014 534/1016 
f 535/1017 533/1015 534/1016 536/1018 
f 537/1019 535/1017 536/1018 538/1020 
f 539/1021 537/1019 538/1020 540/1022 
f 541/1023 539/1021 540/1022 542/1024 
f 543/1025 541/1023 542/1024 544/1026 
f 545/1027 543/1025 544/1026 546/1028 
f 545/1027 546/1028 547/1029 548/1030 
f 549/1031 548/1030 547/1029 550/1032 
f 549/1031 550/1032 551/1033 552/1034 
f 553/1035 552/1034 551/1033 554/1036 
f 555/1037 553/1035 554/1036 556/1038 
f 557/1039 555/1037 556/1038 558/1040 
f 559/1041 557/1039 558/1040 560/1042 
f 561/1043 559/1041 560/1042 562/1044 
f 563/1045 561/1043 562/1044 564/1046 
f 565/1047 563/1045 564/1046 566/1048 
f 567/1049 565/1047 566/1048 568/1050 
f 569/1051 567/1049 568/1050 570/1052 
f 569/1051 570/1052 571/1053 572/1054 
f 573/1055 574/1056 575/1057 576/1058 
f 577/1059 578/1060 579/1061 580/1062 
f 581/1063 577/1059 580/1062 582/1064 
f 583/1065 581/1063 582/1064 584/1066 
f 585/1067 583/1065 584/1066 586/1068 
f 587/1069 585/1067 586/1068 588/1070 
f 530/1012 587/1069 588/1070 529/1011 
f 574/1056 573/1055 589/1071 590/1072 
f 578/1060 576/1058 575/1057 579/1061 
f 591/1073 592/1074 593/1075 594/1076 
f 594/1076 595/1077 596/1078 591/1073 
f 597/1079 598/1080 596/1078 595/1077 
f 599/1081 600/1082 598/1080 597/1079 
f 601/1083 602/1084 593/1075 592/1074 
f 601/1083 603/1085 604/1086 602/1084 
f 603/1085 605/1087 606/1088 604/1086 
f 607/1089 608/1090 609/1091 610/1092 
f 608/1090 611/1071 612/1072 609/1091 
f 610/1092 613/1093 614/1094 607/1089 
f 613/1093 606/1088 605/1087 614/1094 
f 615/1095 616/1096 617/1097 618/1098 
f 619/1053 620/1054 615/1095 618/1098 
f 621/1099 622/1100 617/1097 616/1096 
f 623/1101 624/1102 622/1100 621/1099 
f 625/1103 626/1104 624/1102 623/1101 
f 627/1105 628/1106 626/1104 625/1103 
f 629/1107 630/1108 628/1106 627/1105 
f 631/1109 632/1110 630/1108 629/1107 
f 633/1111 634/1112 632/1110 631/1109 
f 635/1113 636/1114 634/1112 633/1111 
f 637/1115 638/1116 636/1114 635/1113 
f 639/1117 640/1118 638/1116 637/1115 
f 641/1119 642/1120 640/1118 639/1117 
f 643/1121 644/1122 642/1120 641/1119 
f 645/1123 646/1124 644/1122 643/1121 
f 647/1125 648/1126 646/1124 645/1123 
f 649/1127 650/1128 648/1126 647/1125 
f 651/1129 652/1130 650/1128 649/1127 
f 653/1131 654/1132 652/1130 651/1129 
f 655/1133 656/1134 654/1132 653/1131 
f 600/1082 599/1081 656/1134 655/1133 
s 4
f 609/1135 612/1136 571/1137 570/1138 
f 610/1139 609/1135 570/1138 568/1140 
f 613/1141 610/1139 568/1140 566/1142 
f 606/1143 613/1141 566/1142 564/1144 
f 604/1145 606/1143 564/1144 562/1146 
f 602/1147 604/1145 562/1146 560/1148 
f 593/1149 602/1147 560/1148 558/1150 
f 594/1151 593/1149 558/1150 556/1152 
f 595/1153 594/1151 556/1152 554/1154 
f 597/1155 595/1153 554/1154 551/1156 
f 599/1157 597/1155 551/1156 550/1158 
f 656/1159 599/1157 550/1158 547/1160 
f 654/1161 656/1159 547/1160 546/1162 
f 652/1163 654/1161 546/1162 544/1164 
f 650/1165 652/1163 544/1164 542/1166 
f 648/1167 650/1165 542/1166 540/1168 
f 646/1169 648/1167 540/1168 538/1170 
f 644/1171 646/1169 538/1170 536/1172 
f 642/1173 644/1171 536/1172 534/1174 
f 640/1175 642/1173 534/1174 532/1176 
f 638/1177 640/1175 532/1176 527/1178 
f 636/1179 638/1177 527/1178 526/1180 
f 634/1181 636/1179 526/1180 529/1182 
f 632/1183 634/1181 529/1182 588/1184 
f 630/1185 632/1183 588/1184 586/1186 
f 628/1187 630/1185 586/1186 584/1188 
f 626/1189 628/1187 584/1188 582/1190 
f 624/1191 626/1189 582/1190 580/1192 
f 622/1193 624/1191 580/1192 579/1194 
f 617/1195 622/1193 579/1194 575/1196 
f 618/1197 617/1195 575/1196 574/1198 
f 619/1199 618/1197 574/1198 590/1200 
s 8
f 619/1201 590/1202 589/1203 620/1204 
s 4
f 620/1205 589/1206 573/1207 615/1208 
f 615/1208 573/1207 576/1209 616/1210 
f 616/1210 576/1209 578/1211 621/1212 
f 621/1212 578/1211 577/1213 623/1214 
f 623/1214 577/1213 581/1215 625/1216 
f 625/1216 581/1215 583/1217 627/1218 
f 627/1218 583/1217 585/1219 629/1220 
f 629/1220 585/1219 587/1221 631/1222 
f 631/1222 587/1221 530/1223 633/1224 
f 633/1224 530/1223 525/1225 635/1226 
f 635/1226 525/1225 528/1227 637/1228 
f 637/1228 528/1227 531/1229 639/1230 
f 639/1230 531/1229 533/1231 641/1232 
f 641/1232 533/1231 535/1233 643/1234 
f 643/1234 535/1233 537/1235 645/1236 
f 645/1236 537/1235 539/1237 647/1238 
f 647/1238 539/1237 541/1239 649/1240 
f 649/1240 541/1239 543/1241 651/1242 
f 651/1242 543/1241 545/1243 653/1244 
f 653/1244 545/1243 548/1245 655/1246 
f 655/1246 548/1245 549/1247 600/1248 
f 600/1248 549/1247 552/1249 598/1250 
f 598/1250 552/1249 553/1251 596/1252 
f 596/1252 553/1251 555/1253 591/1254 
f 591/1254 555/1253 557/1255 592/1256 
f 592/1256 557/1255 559/1257 601/1258 
f 601/1258 559/1257 561/1259 603/1260 
f 603/1260 561/1259 563/1261 605/1262 
f 605/1262 563/1261 565/1263 614/1264 
f 614/1264 565/1263 567/1265 607/1266 
f 607/1266 567/1265 569/1267 608/1268 
f 608/1268 569/1267 572/1269 611/1270 
s off
f 571/1137 612/1136 657/1271 658/1272 
f 611/1270 572/1269 659/1273 660/1274 
f 658/1272 657/1271 661/1275 662/1276 
f 660/1274 659/1273 663/1277 664/1278 
s 1
f 457/1279 460/1280 459/1281 458/1282 
f 461/1283 460/1280 457/1279 462/1284 
f 463/1285 458/1282 459/1281 464/1286 
f 465/1287 463/1285 464/1286 466/1288 
f 467/1289 465/1287 466/1288 468/1290 
f 467/1289 468/1290 470/1291 469/1292 
f 471/1293 469/1292 470/1291 472/1294 
f 473/1295 471/1293 472/1294 474/1296 
f 473/1295 474/1296 476/1297 475/1298 
f 477/1299 475/1298 476/1297 478/1300 
f 665/1301 477/1299 478/1300 480/1302 
f 666/1303 665/1301 480/1302 667/1304 
f 668/1305 666/1303 667/1304 669/1306 
f 670/1307 668/1305 669/1306 671/1308 
f 672/1309 670/1307 671/1308 673/1310 
f 674/1311 672/1309 673/1310 675/1312 
f 676/1313 674/1311 675/1312 677/1314 
f 678/1315 676/1313 677/1314 679/1316 
f 680/1317 678/1315 679/1316 681/1318 
f 682/1319 680/1317 681/1318 683/1320 
f 684/1321 682/1319 683/1320 500/1322 
f 501/1323 684/1321 500/1322 502/1324 
f 503/1325 501/1323 502/1324 504/1326 
f 503/1325 504/1326 506/795 505/796 
f 507/1327 510/1328 509/1329 508/1330 
f 511/746 510/1328 507/1327 512/745 
f 513/1331 508/1330 509/1329 514/1332 
f 515/1333 513/1331 514/1332 516/1334 
f 517/1335 515/1333 516/1334 518/1336 
f 519/1337 517/1335 518/1336 520/1338 
f 519/1337 520/1338 522/1339 521/1340 
f 462/1284 521/1340 522/1339 461/1283 
f 685/1341 686/1342 687/1343 688/1344 
f 686/1342 689/1345 690/1346 687/1343 
f 691/1347 692/1348 690/1346 689/1345 
f 691/1347 693/1349 694/1350 692/1348 
f 695/1351 696/1352 694/1350 693/1349 
f 695/1351 697/1353 698/1354 696/1352 
f 697/1353 699/1355 700/1356 698/1354 
f 701/1357 702/1358 700/1356 699/1355 
f 701/1357 703/1359 704/799 702/1358 
f 703/1359 705/1360 706/1361 704/799 
f 707/1362 708/1363 706/1361 705/1360 
f 709/1364 710/1365 708/1363 707/1362 
f 688/1344 711/745 712/746 685/1341 
f 713/1366 714/1367 710/1365 709/1364 
f 715/1368 716/1369 714/1367 713/1366 
f 717/1370 718/1371 716/1369 715/1368 
f 719/1372 720/1373 718/1371 717/1370 
f 721/1374 722/1375 720/1373 719/1372 
f 723/1376 724/1377 722/1375 721/1374 
f 725/1378 726/1379 724/1377 723/1376 
f 727/1380 728/1381 726/1379 725/1378 
f 729/1382 730/1383 728/1381 727/1380 
f 731/1384 732/1385 730/1383 729/1382 
f 733/1386 734/1387 732/1385 731/1384 
f 735/1388 736/1389 734/1387 733/1386 
f 737/1390 738/1391 736/1389 735/1388 
f 739/1392 740/1393 738/1391 737/1390 
f 741/1394 742/1395 740/1393 739/1392 
f 743/1396 744/1397 742/1395 741/1394 
f 745/1398 746/1399 744/1397 743/1396 
f 747/794 748/1400 746/1399 745/1398 
f 747/794 749/795 750/796 748/1400 
s 4
f 748/1401 750/1402 506/1403 504/1404 
f 746/1405 748/1401 504/1404 502/1406 
f 744/1407 746/1405 502/1406 500/1408 
f 742/1409 744/1407 500/1408 683/1410 
f 740/1411 742/1409 683/1410 681/1412 
f 681/1412 679/1413 738/1414 740/1411 
f 679/1413 677/1415 736/1416 738/1414 
f 677/1415 675/1417 734/1418 736/1416 
f 732/1419 734/1418 675/1417 673/1420 
f 673/1420 671/1421 730/1422 732/1419 
f 671/1421 669/1423 728/1424 730/1422 
f 726/1425 728/1424 669/1423 667/1426 
f 724/1427 726/1425 667/1426 480/1428 
f 722/1429 724/1427 480/1428 478/1430 
f 720/1431 722/1429 478/1430 476/1432 
f 718/1433 720/1431 476/1432 474/1434 
f 716/1435 718/1433 474/1434 472/1436 
f 714/1437 716/1435 472/1436 470/1438 
f 710/1439 714/1437 470/1438 468/1440 
f 708/1441 710/1439 468/1440 466/1442 
f 706/1443 708/1441 466/1442 464/1444 
f 704/1445 706/1443 464/1444 459/1446 
f 702/1447 704/1445 459/1446 460/1448 
f 700/1449 702/1447 460/1448 461/1450 
f 698/1451 700/1449 461/1450 522/1452 
f 696/1453 698/1451 522/1452 520/1454 
f 694/1455 696/1453 520/1454 518/1456 
f 692/1457 694/1455 518/1456 516/1458 
f 690/1459 692/1457 516/1458 514/1460 
f 687/1461 690/1459 514/1460 509/1462 
f 688/1463 687/1461 509/1462 510/1464 
f 711/1465 688/1463 510/1464 511/1466 
s 8
f 711/1467 511/1468 512/1469 712/1470 
s 4
f 712/1471 512/1472 507/1473 685/1474 
f 685/1474 507/1473 508/1475 686/1476 
f 686/1476 508/1475 513/1477 689/1478 
f 689/1478 513/1477 515/1479 691/1480 
f 691/1480 515/1479 517/1481 693/1482 
f 693/1482 517/1481 519/1483 695/1484 
f 695/1484 519/1483 521/1485 697/1486 
f 697/1486 521/1485 462/1487 699/1488 
f 699/1488 462/1487 457/1489 701/1490 
f 701/1490 457/1489 458/1491 703/1492 
f 703/1492 458/1491 463/1493 705/1494 
f 705/1494 463/1493 465/1495 707/1496 
f 707/1496 465/1495 467/1497 709/1498 
f 709/1498 467/1497 469/1499 713/1500 
f 713/1500 469/1499 471/1501 715/1502 
f 715/1502 471/1501 473/1503 717/1504 
f 717/1504 473/1503 475/1505 719/1506 
f 719/1506 475/1505 477/1507 721/1508 
f 721/1508 477/1507 665/1509 723/1510 
f 723/1510 665/1509 666/1511 725/1512 
f 725/1512 666/1511 668/1513 727/1514 
f 727/1514 668/1513 670/1515 729/1516 
f 729/1516 670/1515 672/1517 731/1518 
f 674/1519 733/1520 731/1518 672/1517 
f 676/1521 735/1522 733/1520 674/1519 
f 735/1522 676/1521 678/1523 737/1524 
f 737/1524 678/1523 680/1525 739/1526 
f 739/1526 680/1525 682/1527 741/1528 
f 741/1528 682/1527 684/1529 743/1530 
f 743/1530 684/1529 501/1531 745/1532 
f 745/1532 501/1531 503/1533 747/1534 
f 747/1534 503/1533 505/1535 749/1536 
s off
f 506/1403 750/1402 751/1537 752/1538 
f 749/1536 505/1535 753/1539 754/1540 
f 752/1538 751/1537 755/1541 172/1542 
f 754/1540 753/1539 169/1543 756/1544 
s 1
f 757/1545 758/1546 759/1547 760/1548 
f 761/1549 758/1546 757/1545 762/1550 
f 760/1548 759/1547 763/1551 764/1552 
f 765/1553 766/1554 767/1555 768/1556 
f 762/1550 767/1555 766/1554 761/1549 
f 769/1557 764/1552 763/1551 770/1558 
f 769/1557 770/1558 771/1559 772/1560 
f 773/1561 765/1553 768/1556 774/1562 
f 775/1563 772/1560 771/1559 776/1564 
f 777/1565 775/1563 776/1564 778/1566 
f 779/1567 777/1565 778/1566 780/1033 
f 781/1568 779/1567 780/1033 782/1569 
f 783/1570 781/1568 782/1569 784/1571 
f 785/1572 783/1570 784/1571 786/1573 
f 787/1574 785/1572 786/1573 788/1575 
f 789/1576 787/1574 788/1575 790/1577 
f 791/1578 789/1576 790/1577 792/1102 
f 793/1579 791/1578 792/1102 794/1580 
f 795/1581 793/1579 794/1580 796/1582 
f 797/1583 795/1581 796/1582 798/1584 
f 797/1583 798/1584 620/1053 619/1054 
f 799/1585 800/1586 801/1587 802/1588 
f 611/1589 800/1586 799/1585 612/1590 
f 803/1591 802/1588 801/1587 804/1592 
f 805/1593 803/1591 804/1592 806/1594 
f 807/1595 805/1593 806/1594 808/1596 
f 809/1597 807/1595 808/1596 810/1598 
f 811/1599 809/1597 810/1598 812/1600 
f 813/1601 811/1599 812/1600 814/1602 
f 815/1603 813/1601 814/1602 816/1604 
f 817/1605 815/1603 816/1604 818/1606 
f 774/1562 817/1605 818/1606 773/1561 
f 819/1586 820/1607 821/1608 822/1609 
f 823/1610 824/1589 819/1586 822/1609 
f 825/1611 826/1612 821/1608 820/1607 
f 827/1613 828/1614 826/1612 825/1611 
f 829/1615 830/1616 828/1614 827/1613 
f 831/1617 832/1618 830/1616 829/1615 
f 833/1619 834/1620 832/1618 831/1617 
f 835/1621 836/1622 834/1620 833/1619 
f 837/1623 838/1624 836/1622 835/1621 
f 839/1625 840/1626 838/1624 837/1623 
f 841/1627 842/1628 840/1626 839/1625 
f 843/1629 844/1630 842/1628 841/1627 
f 845/1631 846/1632 844/1630 843/1629 
f 847/1633 848/1634 846/1632 845/1631 
f 849/1635 850/1636 848/1634 847/1633 
f 849/1635 851/1637 852/1638 850/1636 
f 853/1639 854/1640 852/1638 851/1637 
f 855/1641 856/1642 854/1640 853/1639 
f 855/1641 857/1643 858/1644 856/1642 
f 859/1645 860/1646 858/1644 857/1643 
f 859/1645 861/1647 862/1648 860/1646 
f 863/1649 864/1650 862/1648 861/1647 
f 863/1649 865/1651 866/1652 864/1650 
f 867/1653 868/1654 866/1652 865/1651 
f 867/1653 869/1655 870/1656 868/1654 
f 871/1657 872/1658 870/1656 869/1655 
f 871/1657 873/1659 874/1660 872/1658 
f 875/1661 876/1662 874/1660 873/1659 
f 875/1661 877/1663 878/1664 876/1662 
f 879/1665 880/1666 878/1664 877/1663 
f 879/1665 881/1667 882/1668 880/1666 
f 881/1667 883/1053 884/1054 882/1668 
s 4
f 824/1669 612/1670 799/1671 819/1672 
f 820/1673 819/1672 799/1671 802/1674 
f 825/1675 820/1673 802/1674 803/1676 
f 827/1677 825/1675 803/1676 805/1678 
f 829/1679 827/1677 805/1678 807/1680 
f 831/1681 829/1679 807/1680 809/1682 
f 833/1683 831/1681 809/1682 811/1684 
f 835/1685 833/1683 811/1684 813/1686 
f 837/1687 835/1685 813/1686 815/1688 
f 839/1689 837/1687 815/1688 817/1690 
f 841/1691 839/1689 817/1690 774/1692 
f 843/1693 841/1691 774/1692 768/1694 
f 845/1695 843/1693 768/1694 767/1696 
f 847/1697 845/1695 767/1696 762/1698 
f 849/1699 847/1697 762/1698 757/1700 
f 851/1701 849/1699 757/1700 760/1702 
f 853/1703 851/1701 760/1702 764/1704 
f 855/1705 853/1703 764/1704 769/1706 
f 857/1707 855/1705 769/1706 772/1708 
f 859/1709 857/1707 772/1708 775/1710 
f 861/1711 859/1709 775/1710 777/1712 
f 863/1713 861/1711 777/1712 779/1714 
f 865/1715 863/1713 779/1714 781/1716 
f 867/1717 865/1715 781/1716 783/1718 
f 869/1719 867/1717 783/1718 785/1720 
f 871/1721 869/1719 785/1720 787/1722 
f 873/1723 871/1721 787/1722 789/1724 
f 875/1725 873/1723 789/1724 791/1726 
f 877/1727 875/1725 791/1726 793/1728 
f 879/1729 877/1727 793/1728 795/1730 
f 881/1731 879/1729 795/1730 797/1732 
f 883/1733 881/1731 797/1732 619/1734 
s 8
f 883/1735 619/1736 620/1737 884/1738 
s 4
f 884/1739 620/1740 798/1741 882/1742 
f 882/1742 798/1741 796/1743 880/1744 
f 880/1744 796/1743 794/1745 878/1746 
f 878/1746 794/1745 792/1747 876/1748 
f 876/1748 792/1747 790/1749 874/1750 
f 874/1750 790/1749 788/1751 872/1752 
f 872/1752 788/1751 786/1753 870/1754 
f 870/1754 786/1753 784/1755 868/1756 
f 868/1756 784/1755 782/1757 866/1758 
f 866/1758 782/1757 780/1759 864/1760 
f 864/1760 780/1759 778/1761 862/1762 
f 862/1762 778/1761 776/1763 860/1764 
f 860/1764 776/1763 771/1765 858/1766 
f 858/1766 771/1765 770/1767 856/1768 
f 856/1768 770/1767 763/1769 854/1770 
f 854/1770 763/1769 759/1771 852/1772 
f 852/1772 759/1771 758/1773 850/1774 
f 850/1774 758/1773 761/1775 848/1776 
f 848/1776 761/1775 766/1777 846/1778 
f 846/1778 766/1777 765/1779 844/1780 
f 844/1780 765/1779 773/1781 842/1782 
f 842/1782 773/1781 818/1783 840/1784 
f 840/1784 818/1783 816/1785 838/1786 
f 838/1786 816/1785 814/1787 836/1788 
f 836/1788 814/1787 812/1789 834/1790 
f 834/1790 812/1789 810/1791 832/1792 
f 832/1792 810/1791 808/1793 830/1794 
f 830/1794 808/1793 806/1795 828/1796 
f 828/1796 806/1795 804/1797 826/1798 
f 826/1798 804/1797 801/1799 821/1800 
f 821/1800 801/1799 800/1801 822/1802 
f 822/1802 800/1801 611/1803 823/1804 
s off
f 611/1589 612/1590 657/1805 660/1806 
f 612/1670 824/1669 754/1807 657/1808 
f 824/1589 823/1610 751/1809 754/1810 
f 823/1804 611/1803 660/1811 751/1812 
f 660/1806 657/1805 661/1071 664/1072 
f 657/1808 754/1807 756/1813 661/1814 
f 754/1810 751/1809 755/1071 756/1072 
f 751/1812 660/1811 664/1815 755/1816 
s 1
f 885/1817 886/1818 887/1819 888/1820 
f 889/1821 886/1818 885/1817 890/1822 
f 891/1823 888/1820 887/1819 892/1824 
f 893/1825 891/1823 892/1824 894/1826 
f 895/1827 893/1825 894/1826 896/1828 
f 897/1829 895/1827 896/1828 898/1830 
f 899/1831 897/1829 898/1830 900/1832 
f 901/1833 899/1831 900/1832 902/1834 
f 903/1835 901/1833 902/1834 904/1836 
f 905/1837 903/1835 904/1836 906/1838 
f 907/1839 905/1837 906/1838 908/1840 
f 909/1841 907/1839 908/1840 910/1842 
f 909/1841 910/1842 911/1843 912/1844 
f 913/1845 912/1844 911/1843 914/1846 
f 915/1847 913/1845 914/1846 916/1848 
f 917/1849 915/1847 916/1848 918/1850 
f 919/1851 917/1849 918/1850 920/1852 
f 921/1853 919/1851 920/1852 922/1854 
f 923/1855 924/1856 925/118 926/1857 
f 927/1858 924/1856 923/1855 928/1859 
f 922/1854 927/1858 928/1859 921/1853 
f 929/1860 930/1861 931/1862 932/1863 
f 933/1864 930/1861 929/1860 934/1865 
f 935/1866 932/1863 931/1862 936/1867 
f 937/1868 935/1866 936/1867 938/1869 
f 939/1870 937/1868 938/1869 940/1871 
f 941/1872 939/1870 940/1871 942/1873 
f 943/1874 941/1872 942/1873 944/1875 
f 945/1876 943/1874 944/1875 946/1877 
f 947/1878 945/1876 946/1877 948/1879 
f 949/1880 947/1878 948/1879 950/1881 
f 890/1822 949/1880 950/1881 889/1821 
f 951/1882 572/1883 571/1884 952/1885 
f 953/1886 954/1887 955/1888 956/1889 
f 957/1890 958/1891 959/1892 960/1893 
f 961/1894 962/1895 958/1891 957/1890 
f 963/1896 964/1897 962/1895 961/1894 
f 965/1898 966/1899 967/1900 968/1901 
f 969/1902 970/1903 965/1898 968/1901 
f 971/1904 972/1905 967/1900 966/1899 
f 973/1906 974/1907 972/1905 971/1904 
f 973/1906 975/1908 976/1909 974/1907 
f 977/1910 978/1911 976/1909 975/1908 
f 979/1912 980/1913 978/1911 977/1910 
f 981/1914 982/1915 980/1913 979/1912 
f 981/1914 983/1916 984/1917 982/1915 
f 985/1918 986/1919 984/1917 983/1916 
f 987/1920 988/1921 986/1919 985/1918 
f 987/1920 989/1922 990/1923 988/1921 
f 952/1885 956/1889 955/1888 951/1882 
f 960/1893 959/1892 954/1887 953/1886 
f 991/1924 992/1925 990/1923 989/1922 
f 993/1926 994/1927 964/1897 963/1896 
f 995/1928 996/1929 994/1927 993/1926 
f 997/1930 998/1931 996/1929 995/1928 
f 999/1932 1000/1933 998/1931 997/1930 
f 1001/1934 1002/1935 1000/1933 999/1932 
f 1003/1936 1004/1937 1002/1935 1001/1934 
f 1005/1938 1006/1939 1004/1937 1003/1936 
f 1007/1940 1008/1941 1006/1939 1005/1938 
f 1009/1942 1010/1943 1008/1941 1007/1940 
f 1011/1944 1012/1945 1010/1943 1009/1942 
f 1013/1946 1014/1947 1012/1945 1011/1944 
f 970/1903 969/1902 1014/1947 1013/1946 
s 4
f 952/1948 571/1949 934/1950 929/1951 
f 956/1952 952/1948 929/1951 932/1953 
f 953/1954 956/1952 932/1953 935/1955 
f 960/1956 953/1954 935/1955 937/1957 
f 957/1958 960/1956 937/1957 939/1959 
f 961/1960 957/1958 939/1959 941/1961 
f 963/1962 961/1960 941/1961 943/1963 
f 993/1964 963/1962 943/1963 945/1965 
f 995/1966 993/1964 945/1965 947/1967 
f 997/1968 995/1966 947/1967 949/1969 
f 999/1970 997/1968 949/1969 890/1971 
f 1001/1972 999/1970 890/1971 885/1973 
f 1003/1974 1001/1972 885/1973 888/1975 
f 1005/1976 1003/1974 888/1975 891/1977 
f 1007/1978 1005/1976 891/1977 893/1979 
f 1009/1980 1007/1978 893/1979 895/1981 
f 1011/1982 1009/1980 895/1981 897/1983 
f 1013/1984 1011/1982 897/1983 899/1985 
f 970/1986 1013/1984 899/1985 901/1987 
f 965/1988 970/1986 901/1987 903/1989 
f 966/1990 965/1988 903/1989 905/1991 
f 971/1992 966/1990 905/1991 907/1993 
f 973/1994 971/1992 907/1993 909/1995 
f 975/1996 973/1994 909/1995 912/1997 
f 977/1998 975/1996 912/1997 913/1999 
f 979/2000 977/1998 913/1999 915/2001 
f 981/2002 979/2000 915/2001 917/2003 
f 983/2004 981/2002 917/2003 919/2005 
f 985/2006 983/2004 919/2005 921/2007 
f 987/2008 985/2006 921/2007 928/2009 
f 989/2010 987/2008 928/2009 923/2011 
f 991/2012 989/2010 923/2011 926/2013 
s 8
f 991/2014 926/2015 925/2016 992/2017 
s 4
f 992/2018 925/2019 924/2020 990/2021 
f 990/2021 924/2020 927/2022 988/2023 
f 988/2023 927/2022 922/2024 986/2025 
f 986/2025 922/2024 920/2026 984/2027 
f 984/2027 920/2026 918/2028 982/2029 
f 982/2029 918/2028 916/2030 980/2031 
f 980/2031 916/2030 914/2032 978/2033 
f 978/2033 914/2032 911/2034 976/2035 
f 976/2035 911/2034 910/2036 974/2037 
f 974/2037 910/2036 908/2038 972/2039 
f 972/2039 908/2038 906/2040 967/2041 
f 967/2041 906/2040 904/2042 968/2043 
f 968/2043 904/2042 902/2044 969/2045 
f 969/2045 902/2044 900/2046 1014/2047 
f 1014/2047 900/2046 898/2048 1012/2049 
f 1012/2049 898/2048 896/2050 1010/2051 
f 1010/2051 896/2050 894/2052 1008/2053 
f 1008/2053 894/2052 892/2054 1006/2055 
f 1006/2055 892/2054 887/2056 1004/2057 
f 1004/2057 887/2056 886/2058 1002/2059 
f 1002/2059 886/2058 889/2060 1000/2061 
f 1000/2061 889/2060 950/2062 998/2063 
f 998/2063 950/2062 948/2064 996/2065 
f 996/2065 948/2064 946/2066 994/2067 
f 994/2067 946/2066 944/2068 964/2069 
f 964/2069 944/2068 942/2070 962/2071 
f 962/2071 942/2070 940/2072 958/2073 
f 958/2073 940/2072 938/2074 959/2075 
f 959/2075 938/2074 936/2076 954/2077 
f 954/2077 936/2076 931/2078 955/2079 
f 955/2079 931/2078 930/2080 951/2081 
f 951/2081 930/2080 933/2082 572/2083 
s off
f 934/1950 571/1949 658/2084 1015/2085 
f 572/2083 933/2082 1016/2086 659/2087 
f 1015/2085 658/2084 662/2088 170/2089 
f 659/2087 1016/2086 171/2090 663/2091 
s 1
f 1017/2092 1018/2093 1019/2094 1020/2095 
f 1021/2096 1022/2097 1020/2095 1019/2094 
f 1023/2098 1024/2099 1018/2093 1017/2092 
f 1025/2100 1026/2101 1024/2099 1023/2098 
f 1027/2102 1028/2103 1026/2101 1025/2100 
f 1029/2104 1030/2105 1028/2103 1027/2102 
f 1031/2106 1032/853 1030/2105 1029/2104 
f 1033/2107 1034/2108 1032/853 1031/2106 
f 1035/2109 1036/2110 1034/2108 1033/2107 
f 1037/2111 1038/2112 1036/2110 1035/2109 
f 1037/2111 1039/2113 1040/2114 1038/2112 
f 933/2115 934/746 1040/2114 1039/2113 
f 1022/2097 1021/2096 1041/2116 1042/2117 
f 1041/2116 1043/2118 1044/1292 1042/2117 
f 1045/2119 1046/2120 1047/1324 1048/2121 
f 1048/2121 1049/795 1050/796 1045/2119 
f 1051/2122 1052/2123 1047/1324 1046/2120 
f 1053/2124 1054/2125 1052/2123 1051/2122 
f 1055/2126 1056/2127 1054/2125 1053/2124 
f 1057/2128 1058/2129 1056/2127 1055/2126 
f 1059/1313 1060/2130 1058/2129 1057/2128 
f 1061/2131 1062/2132 1060/2130 1059/1313 
f 1063/2133 1064/2134 1062/2132 1061/2131 
f 1065/2135 1066/2136 1064/2134 1063/2133 
f 1067/2137 1068/2138 1066/2136 1065/2135 
f 1069/2139 1070/2140 1068/2138 1067/2137 
f 1071/2141 1072/2142 1070/2140 1069/2139 
f 1073/2143 1074/1300 1072/2142 1071/2141 
f 1075/2144 1076/2145 1074/1300 1073/2143 
f 1077/2146 1078/2147 1076/2145 1075/2144 
f 1079/1293 1080/2148 1078/2147 1077/2146 
f 1044/1292 1043/2118 1080/2148 1079/1293 
s 2
f 255/2149 258/2150 257/2151 256/2152 
f 259/2153 260/2154 256/2152 257/2151 
f 255/2149 262/2155 261/2156 258/2150 
f 263/2157 264/2158 261/2156 262/2155 
f 263/2157 266/2159 265/2160 264/2158 
f 267/1053 268/2161 265/2160 266/2159 
f 269/2162 272/1111 271/2163 270/2164 
f 273/2165 274/1109 272/1111 269/2162 
f 275/2166 276/1107 274/1109 273/2165 
f 260/2154 259/2153 276/1107 275/2166 
f 277/2167 280/2168 279/2169 278/2170 
f 278/2170 282/1071 281/2171 277/2167 
f 283/2172 284/2173 279/2169 280/2168 
f 285/2174 286/2175 284/2173 283/2172 
f 287/2176 288/2177 286/2175 285/2174 
f 289/2178 290/2179 288/2177 287/2176 
f 291/2180 292/2181 290/2179 289/2178 
f 293/1070 294/2182 292/2181 291/2180 
f 295/2183 296/2184 294/2182 293/1070 
f 297/2185 298/2186 296/2184 295/2183 
f 299/2187 300/2188 298/2186 297/2185 
f 301/2189 302/2190 300/2188 299/2187 
f 301/2189 304/2191 303/2192 302/2190 
f 305/2193 306/2194 303/2192 304/2191 
f 307/2195 308/2196 306/2194 305/2193 
f 307/2195 310/2197 309/2198 308/2196 
f 311/2199 312/2200 309/2198 310/2197 
f 313/2201 314/2202 312/2200 311/2199 
f 315/2203 316/2204 314/2202 313/2201 
f 317/2205 318/2206 316/2204 315/2203 
f 319/2207 320/1115 318/2206 317/2205 
f 319/2207 270/2164 271/2163 320/1115 
s 8
f 268/2208 933/2209 1039/2210 265/2211 
f 265/2211 1039/2210 1037/2212 264/2213 
f 264/2213 1037/2212 1035/2214 261/2215 
f 261/2215 1035/2214 1033/2216 258/2217 
f 258/2217 1033/2216 1031/2218 257/2219 
f 257/2219 1031/2218 1029/2220 259/2221 
f 259/2221 1029/2220 1027/2222 276/2223 
f 276/2223 1027/2222 1025/2224 274/2225 
f 274/2225 1025/2224 1023/2226 272/2227 
f 272/2227 1023/2226 1017/2228 271/2229 
f 271/2229 1017/2228 1020/2230 320/2231 
f 320/2231 1020/2230 1022/2232 318/2233 
f 318/2233 1022/2232 1042/2234 316/2235 
f 316/2235 1042/2234 1044/2236 314/2237 
f 314/2237 1044/2236 1079/2238 312/2239 
f 312/2239 1079/2238 1077/2240 309/2241 
f 309/2241 1077/2240 1075/2242 308/2243 
f 308/2243 1075/2242 1073/2244 306/2245 
f 306/2245 1073/2244 1071/2246 303/2247 
f 303/2247 1071/2246 1069/2248 302/2249 
f 302/2249 1069/2248 1067/2250 300/2251 
f 300/2251 1067/2250 1065/2252 298/2253 
f 298/2253 1065/2252 1063/2254 296/2255 
f 296/2255 1063/2254 1061/2256 294/2257 
f 294/2257 1061/2256 1059/2258 292/2259 
f 292/2259 1059/2258 1057/2260 290/2261 
f 290/2261 1057/2260 1055/2262 288/2263 
f 288/2263 1055/2262 1053/2264 286/2265 
f 286/2265 1053/2264 1051/2266 284/2267 
f 284/2267 1051/2266 1046/2268 279/2269 
f 279/2269 1046/2268 1045/2270 278/2271 
f 278/2271 1045/2270 1050/2272 282/2273 
s 16
f 282/2274 1050/2275 1049/2276 281/2277 
s 8
f 277/2278 281/2279 1049/2280 1048/2281 
f 280/2282 277/2278 1048/2281 1047/2283 
f 283/2284 280/2282 1047/2283 1052/2285 
f 285/2286 283/2284 1052/2285 1054/2287 
f 287/2288 285/2286 1054/2287 1056/2289 
f 289/2290 287/2288 1056/2289 1058/2291 
f 291/2292 289/2290 1058/2291 1060/2293 
f 293/2294 291/2292 1060/2293 1062/2295 
f 295/2296 293/2294 1062/2295 1064/2297 
f 297/2298 295/2296 1064/2297 1066/2299 
f 299/2300 297/2298 1066/2299 1068/2301 
f 301/2302 299/2300 1068/2301 1070/2303 
f 304/2304 301/2302 1070/2303 1072/2305 
f 305/2306 304/2304 1072/2305 1074/2307 
f 307/2308 305/2306 1074/2307 1076/2309 
f 310/2310 307/2308 1076/2309 1078/2311 
f 311/2312 310/2310 1078/2311 1080/2313 
f 313/2314 311/2312 1080/2313 1043/2315 
f 315/2316 313/2314 1043/2315 1041/2317 
f 317/2318 315/2316 1041/2317 1021/2319 
f 319/2320 317/2318 1021/2319 1019/2321 
f 270/2322 319/2320 1019/2321 1018/2323 
f 269/2324 270/2322 1018/2323 1024/2325 
f 273/2326 269/2324 1024/2325 1026/2327 
f 275/2328 273/2326 1026/2327 1028/2329 
f 260/2330 275/2328 1028/2329 1030/2331 
f 256/2332 260/2330 1030/2331 1032/2333 
f 255/2334 256/2332 1032/2333 1034/2335 
f 262/2336 255/2334 1034/2335 1036/2337 
f 263/2338 262/2336 1036/2337 1038/2339 
f 266/2340 263/2338 1038/2339 1040/2341 
f 267/2342 266/2340 1040/2341 934/2343 
s off
f 267/2342 934/2343 1015/2344 167/2345 
f 170/2346 175/2347 176/2348 1015/2344 
f 166/2349 173/2350 177/2351 1016/2352 
f 177/2351 178/2353 171/2354 1016/2352 
f 176/2348 174/2355 167/2345 1015/2344 
s 4
f 1016/2352 933/2209 268/2208 166/2349 
s 1
f 1081/2356 1082/2357 1083/2358 1084/2359 
f 1082/2357 1085/2360 1086/2361 1083/2358 
f 1087/2362 1088/2363 1086/2361 1085/2360 
f 1087/2362 1089/2364 1090/2365 1088/2363 
f 1091/2366 1092/2367 1090/2365 1089/2364 
f 1091/2366 1093/2368 1094/2369 1092/2367 
f 1093/2368 1095/2370 1096/2371 1094/2369 
f 1097/2372 1098/2373 1096/2371 1095/2370 
f 1097/2372 1099/2374 1100/2375 1098/2373 
f 1099/2374 1101/2376 1102/2377 1100/2375 
f 1103/2378 1104/2379 1102/2377 1101/2376 
f 1105/2380 1106/2381 1104/2379 1103/2378 
f 1084/2359 1107/2382 1108/2383 1081/2356 
f 1109/2384 1110/2385 1106/2381 1105/2380 
f 1111/2386 1112/2387 1110/2385 1109/2384 
f 1113/2388 1114/2389 1112/2387 1111/2386 
f 1115/2390 1116/2391 1114/2389 1113/2388 
f 1117/2392 1118/2393 1116/2391 1115/2390 
f 1119/2394 1120/2395 1118/2393 1117/2392 
f 1121/2396 1122/2397 1120/2395 1119/2394 
f 1123/2398 1124/2399 1122/2397 1121/2396 
f 1125/2400 1126/2401 1124/2399 1123/2398 
f 1127/2402 1128/2403 1126/2401 1125/2400 
f 1129/2404 1130/2405 1128/2403 1127/2402 
f 1131/2406 1132/2407 1130/2405 1129/2404 
f 1133/2408 1134/2409 1132/2407 1131/2406 
f 1135/2410 1136/2411 1134/2409 1133/2408 
f 1137/2412 1138/2413 1136/2411 1135/2410 
f 1139/2414 1140/2415 1138/2413 1137/2412 
f 1141/2416 1142/2417 1140/2415 1139/2414 
f 1143/2418 1144/2419 1142/2417 1141/2416 
f 1143/2418 1145/2420 1146/2421 1144/2419 
f 1147/2422 1148/2423 1149/2424 1150/2425 
f 1150/2425 1151/2426 1152/2427 1147/2422 
f 1153/2428 1154/2429 1152/2427 1151/2426 
f 1148/2423 1155/2430 1156/2431 1149/2424 
f 1155/2430 1157/2432 1158/2433 1156/2431 
f 1159/2434 1160/2435 1161/2436 1162/2437 
f 750/2438 1163/2439 1159/2434 1162/2437 
f 1164/2440 1165/2441 1161/2436 1160/2435 
f 1166/2442 1167/2443 1165/2441 1164/2440 
f 1168/2444 1169/2445 1167/2443 1166/2442 
f 1170/2446 1171/2447 1169/2445 1168/2444 
f 1172/2448 1173/2449 1171/2447 1170/2446 
f 1154/2429 1153/2428 1173/2449 1172/2448 
f 1174/2450 1175/2451 1158/2433 1157/2432 
f 1176/2452 1177/2453 1175/2451 1174/2450 
f 1178/2454 1179/2455 1177/2453 1176/2452 
f 1180/2456 1181/2457 1179/2455 1178/2454 
f 1182/2458 1183/2459 1181/2457 1180/2456 
f 1184/2460 1185/2461 1183/2459 1182/2458 
f 1184/2460 1186/2462 1187/2463 1185/2461 
f 1188/2464 1189/2465 1187/2463 1186/2462 
f 1190/2466 1191/2467 1189/2465 1188/2464 
f 1192/2468 1193/2469 1191/2467 1190/2466 
f 1194/2470 1195/2471 1193/2469 1192/2468 
f 1196/2472 1197/2473 1195/2471 1194/2470 
f 1196/2472 1198/2474 1199/2475 1197/2473 
f 1200/2476 1201/2477 1199/2475 1198/2474 
f 1202/2478 1203/2479 1201/2477 1200/2476 
f 1204/2480 1205/2481 1203/2479 1202/2478 
f 1206/2482 1207/2483 1205/2481 1204/2480 
f 1208/2484 1209/2485 1207/2483 1206/2482 
f 1208/2484 1210/2486 1211/2487 1209/2485 
f 1212/2488 1213/2489 1214/2490 1215/2491 
f 1214/2490 1216/2492 1217/2493 1215/2491 
f 1218/2494 1219/2495 1217/2493 1216/2492 
f 1220/2496 1221/2497 1219/2495 1218/2494 
f 1222/2498 1223/2499 1221/2497 1220/2496 
f 1224/2500 1225/2501 1223/2499 1222/2498 
f 1224/2500 1226/2502 1227/2503 1225/2501 
f 1228/2504 1229/2505 1227/2503 1226/2502 
f 1230/2506 1231/2507 1229/2505 1228/2504 
f 1232/2508 1233/2509 1231/2507 1230/2506 
f 1234/2510 1235/2511 1233/2509 1232/2508 
f 1236/2512 1237/2513 1235/2511 1234/2510 
f 1238/2514 1239/2515 1237/2513 1236/2512 
f 1240/2516 1241/2517 1239/2515 1238/2514 
f 1242/2518 1243/2519 1241/2517 1240/2516 
f 1242/2518 1244/2520 1245/2521 1243/2519 
f 1246/2522 1247/2523 1248/2524 1249/2525 
f 1248/2524 1213/2489 1212/2488 1249/2525 
f 1250/2526 1251/2527 1247/2523 1246/2522 
f 1252/2528 1253/2529 1254/2530 1255/2531 
f 1256/567 1257/2532 1252/2528 1255/2531 
f 1258/2533 1259/2534 1254/2530 1253/2529 
f 1260/2535 1261/2536 1259/2534 1258/2533 
f 1262/2537 1263/2538 1261/2536 1260/2535 
f 1264/2539 1265/2540 1263/2538 1262/2537 
f 1266/2541 1267/2542 1265/2540 1264/2539 
f 1268/2543 1269/2544 1267/2542 1266/2541 
f 1270/2545 1271/2546 1269/2544 1268/2543 
f 1272/2547 1273/2548 1271/2546 1270/2545 
f 1274/2549 1275/2550 1273/2548 1272/2547 
f 1276/2551 1277/2552 1275/2550 1274/2549 
f 1251/2527 1250/2526 1277/2552 1276/2551 
f 1278/2553 1279/2554 1280/2555 1281/2556 
f 1279/2554 1282/2557 1283/2558 1280/2555 
f 1282/2557 1284/2559 1285/2560 1283/2558 
f 1284/2559 1286/2561 1287/2562 1285/2560 
f 1286/2561 1288/2563 1289/2564 1287/2562 
f 1288/2563 1290/2565 1291/2566 1289/2564 
f 1290/2565 1292/2567 1293/2568 1291/2566 
f 1292/2567 1294/2569 1295/2570 1293/2568 
f 1294/2569 1296/2571 1297/2572 1295/2570 
f 1296/2571 1298/2573 1299/2574 1297/2572 
f 1298/2573 1300/2575 1301/2576 1299/2574 
f 1300/2575 1302/2577 1303/2578 1301/2576 
f 1302/2577 1304/2579 1305/2580 1303/2578 
f 1304/2579 1306/2581 1307/2582 1305/2580 
f 1306/2581 1308/2583 1309/2584 1307/2582 
f 1308/2583 1310/2585 1311/2586 1309/2584 
f 1310/2585 1312/2587 1313/2588 1311/2586 
f 1312/2587 1314/2589 1315/2590 1313/2588 
f 1314/2589 1316/2591 1317/2592 1315/2590 
f 1316/2591 1318/2593 1319/2594 1317/2592 
f 1318/2593 1320/2595 1321/2596 1319/2594 
f 1320/2595 1322/2597 1323/2598 1321/2596 
f 1322/2597 1324/2599 1325/2600 1323/2598 
f 1324/2599 1326/2601 1327/2602 1325/2600 
f 1326/2601 1328/2603 1329/2604 1327/2602 
f 1328/2603 1330/2605 1331/2606 1329/2604 
f 1330/2605 1332/2607 1333/2608 1331/2606 
f 1332/2607 1334/2609 1335/2610 1333/2608 
f 1334/2609 1336/2611 1337/2612 1335/2610 
f 1336/2611 1338/2613 1339/2614 1337/2612 
f 1338/2613 1340/2615 1341/2616 1339/2614 
f 1340/2615 1342/2532 1343/567 1341/2616 
# 1292 polygons

